symbol,snapshot_date,spot,expiry,right,strike,bid,ask,last_price,volume,open_interest,implied_vol,in_the_money,last_trade_date,contract_symbol
NVDA,2026-09-21,222.27000427246094,2026-09-21,C,95.0,0.0,0.0,118.9,,0.0,1.0000000000000003e-05,True,2026-09-16 19:52:30+00:00,NVDA260921C00095000
NVDA,2026-09-21,222.27000427246094,2026-09-21,C,110.0,0.0,0.0,112.18,10.0,0.0,1.0000000000000003e-05,True,2026-09-18 19:59:25+00:00,NVDA260921C00110000
NVDA,2026-09-21,222.27000427246094,2026-09-21,C,125.0,0.0,0.0,94.7,1.0,0.0,1.0000000000000003e-05,True,2026-09-18 16:33:16+00:00,NVDA260921C00125000
NVDA,2026-09-21,222.27000427246094,2026-09-21,C,145.0,0.0,0.0,74.65,1.0,0.0,1.0000000000000003e-05,True,2026-09-18 18:57:47+00:00,NVDA260921C00145000
NVDA,2026-09-21,222.27000427246094,2026-09-21,C,150.0,0.0,0.0,63.95,,0.0,1.0000000000000003e-05,True,2026-09-16 19:52:30+00:00,NVDA260921C00150000
NVDA,2026-09-21,222.27000427246094,2026-09-21,C,155.0,0.0,0.0,64.8,,0.0,1.0000000000000003e-05,True,2026-09-17 19:13:51+00:00,NVDA260921C00155000
NVDA,2026-09-21,222.27000427246094,2026-09-21,C,160.0,0.0,0.0,59.8,,0.0,1.0000000000000003e-05,True,2026-09-17 19:13:51+00:00,NVDA260921C00160000
NVDA,2026-09-21,222.27000427246094,2026-09-21,C,170.0,0.0,0.0,49.86,2.0,0.0,1.0000000000000003e-05,True,2026-09-18 17:38:23+00:00,NVDA260921C00170000
NVDA,2026-09-21,222.27000427246094,2026-09-21,C,175.0,0.0,0.0,44.46,802.0,0.0,1.0000000000000003e-05,True,2026-09-18 18:36:19+00:00,NVDA260921C00175000
NVDA,2026-09-21,222.27000427246094,2026-09-21,C,180.0,0.0,0.0,39.6,47.0,0.0,1.0000000000000003e-05,True,2026-09-18 19:04:49+00:00,NVDA260921C00180000
NVDA,2026-09-21,222.27000427246094,2026-09-21,C,185.0,0.0,0.0,34.68,6.0,0.0,1.0000000000000003e-05,True,2026-09-18 15:51:23+00:00,NVDA260921C00185000
NVDA,2026-09-21,222.27000427246094,2026-09-21,C,190.0,0.0,0.0,29.75,13.0,0.0,1.0000000000000003e-05,True,2026-09-18 19:52:50+00:00,NVDA260921C00190000
NVDA,2026-09-21,222.27000427246094,2026-09-21,C,192.5,0.0,0.0,27.25,62.0,0.0,1.0000000000000003e-05,True,2026-09-17 19:07:41+00:00,NVDA260921C00192500
NVDA,2026-09-21,222.27000427246094,2026-09-21,C,195.0,0.0,0.0,24.73,28.0,0.0,1.0000000000000003e-05,True,2026-09-18 19:19:16+00:00,NVDA260921C00195000
NVDA,2026-09-21,222.27000427246094,2026-09-21,C,197.5,0.0,0.0,22.23,6.0,0.0,1.0000000000000003e-05,True,2026-09-18 15:25:19+00:00,NVDA260921C00197500
NVDA,2026-09-21,222.27000427246094,2026-09-21,C,200.0,0.0,0.0,21.9,623.0,0.0,1.0000000000000003e-05,True,2026-09-18 19:56:45+00:00,NVDA260921C00200000
NVDA,2026-09-21,222.27000427246094,2026-09-21,C,202.5,0.0,0.0,16.85,204.0,0.0,1.0000000000000003e-05,True,2026-09-18 15:04:17+00:00,NVDA260921C00202500
NVDA,2026-09-21,222.27000427246094,2026-09-21,C,205.0,0.0,0.0,17.25,358.0,0.0,1.0000000000000003e-05,True,2026-09-18 19:59:44+00:00,NVDA260921C00205000
NVDA,2026-09-21,222.27000427246094,2026-09-21,C,207.5,0.0,0.0,14.45,289.0,0.0,1.0000000000000003e-05,True,2026-09-18 19:59:11+00:00,NVDA260921C00207500
NVDA,2026-09-21,222.27000427246094,2026-09-21,C,210.0,0.0,0.0,12.0,3046.0,0.0,1.0000000000000003e-05,True,2026-09-18 19:59:57+00:00,NVDA260921C00210000
NVDA,2026-09-21,222.27000427246094,2026-09-21,C,212.5,0.0,0.0,10.0,1071.0,0.0,1.0000000000000003e-05,True,2026-09-18 19:57:30+00:00,NVDA260921C00212500
NVDA,2026-09-21,222.27000427246094,2026-09-21,C,215.0,0.0,0.0,7.15,1854.0,0.0,1.0000000000000003e-05,True,2026-09-18 19:59:57+00:00,NVDA260921C00215000
NVDA,2026-09-21,222.27000427246094,2026-09-21,C,217.5,0.0,0.0,5.0,11020.0,0.0,1.0000000000000003e-05,True,2026-09-18 19:59:59+00:00,NVDA260921C00217500
NVDA,2026-09-21,222.27000427246094,2026-09-21,C,220.0,0.0,0.0,3.0,68536.0,0.0,1.0000000000000003e-05,True,2026-09-18 19:59:56+00:00,NVDA260921C00220000
NVDA,2026-09-21,222.27000427246094,2026-09-21,C,222.5,0.0,0.0,1.52,40809.0,0.0,0.007822421875,False,2026-09-18 19:59:59+00:00,NVDA260921C00222500
NVDA,2026-09-21,222.27000427246094,2026-09-21,C,225.0,0.0,0.0,0.66,35633.0,0.0,0.062509375,False,2026-09-18 19:59:59+00:00,NVDA260921C00225000
NVDA,2026-09-21,222.27000427246094,2026-09-21,C,227.5,0.0,0.0,0.25,10469.0,0.0,0.12500875,False,2026-09-18 19:59:59+00:00,NVDA260921C00227500
NVDA,2026-09-21,222.27000427246094,2026-09-21,C,230.0,0.0,0.0,0.1,8681.0,0.0,0.12500875,False,2026-09-18 19:59:58+00:00,NVDA260921C00230000
NVDA,2026-09-21,222.27000427246094,2026-09-21,C,232.5,0.0,0.0,0.06,2203.0,0.0,0.2500075,False,2026-09-18 19:59:52+00:00,NVDA260921C00232500
NVDA,2026-09-21,222.27000427246094,2026-09-21,C,235.0,0.0,0.0,0.03,1411.0,0.0,0.2500075,False,2026-09-18 19:59:52+00:00,NVDA260921C00235000
NVDA,2026-09-21,222.27000427246094,2026-09-21,C,237.5,0.0,0.0,0.02,294.0,0.0,0.2500075,False,2026-09-18 19:59:25+00:00,NVDA260921C00237500
NVDA,2026-09-21,222.27000427246094,2026-09-21,C,240.0,0.0,0.0,0.01,1296.0,0.0,0.2500075,False,2026-09-18 19:57:32+00:00,NVDA260921C00240000
NVDA,2026-09-21,222.27000427246094,2026-09-21,C,242.5,0.0,0.0,0.01,16.0,0.0,0.500005,False,2026-09-18 16:42:04+00:00,NVDA260921C00242500
NVDA,2026-09-21,222.27000427246094,2026-09-21,C,245.0,0.0,0.0,0.01,5.0,0.0,0.500005,False,2026-09-18 19:38:20+00:00,NVDA260921C00245000
NVDA,2026-09-21,222.27000427246094,2026-09-21,C,247.5,0.0,0.0,0.01,31.0,0.0,0.500005,False,2026-09-18 13:31:12+00:00,NVDA260921C00247500
NVDA,2026-09-21,222.27000427246094,2026-09-21,C,250.0,0.0,0.0,0.01,2.0,0.0,0.500005,False,2026-09-18 15:58:53+00:00,NVDA260921C00250000
NVDA,2026-09-21,222.27000427246094,2026-09-21,C,252.5,0.0,0.0,0.01,13.0,0.0,0.500005,False,2026-09-18 13:35:53+00:00,NVDA260921C00252500
NVDA,2026-09-21,222.27000427246094,2026-09-21,C,255.0,0.0,0.0,0.01,15.0,0.0,0.500005,False,2026-09-17 17:07:39+00:00,NVDA260921C00255000
NVDA,2026-09-21,222.27000427246094,2026-09-21,C,260.0,0.0,0.0,0.01,2.0,0.0,0.500005,False,2026-09-17 13:58:32+00:00,NVDA260921C00260000
NVDA,2026-09-21,222.27000427246094,2026-09-21,C,265.0,0.0,0.0,0.01,28.0,0.0,0.500005,False,2026-09-15 14:49:56+00:00,NVDA260921C00265000
NVDA,2026-09-21,222.27000427246094,2026-09-21,C,270.0,0.0,0.0,0.07,,0.0,0.500005,False,2026-09-09 15:14:51+00:00,NVDA260921C00270000
NVDA,2026-09-21,222.27000427246094,2026-09-21,C,275.0,0.0,0.0,0.07,,0.0,0.500005,False,2026-09-08 17:05:19+00:00,NVDA260921C00275000
NVDA,2026-09-21,222.27000427246094,2026-09-21,C,285.0,0.0,0.0,0.01,,0.0,0.500005,False,2026-09-08 17:25:35+00:00,NVDA260921C00285000
NVDA,2026-09-21,222.27000427246094,2026-09-21,C,290.0,0.0,0.0,0.01,1.0,0.0,0.500005,False,2026-09-17 14:00:46+00:00,NVDA260921C00290000
NVDA,2026-09-21,222.27000427246094,2026-09-21,C,295.0,0.0,0.0,0.01,,0.0,0.500005,False,2026-09-08 16:39:07+00:00,NVDA260921C00295000
NVDA,2026-09-21,222.27000427246094,2026-09-21,C,300.0,0.0,0.0,0.01,41.0,0.0,0.500005,False,2026-09-14 18:51:57+00:00,NVDA260921C00300000
NVDA,2026-09-21,222.27000427246094,2026-09-21,C,305.0,0.0,0.0,0.02,1.0,0.0,0.500005,False,2026-09-18 18:28:26+00:00,NVDA260921C00305000
NVDA,2026-09-21,222.27000427246094,2026-09-21,P,50.0,0.0,0.0,0.06,,0.0,0.500005,False,2026-09-16 19:27:35+00:00,NVDA260921P00050000
NVDA,2026-09-21,222.27000427246094,2026-09-21,P,65.0,0.0,0.0,0.01,,0.0,0.500005,False,2026-09-10 17:20:59+00:00,NVDA260921P00065000
NVDA,2026-09-21,222.27000427246094,2026-09-21,P,100.0,0.0,0.0,0.01,1.0,0.0,0.500005,False,2026-09-15 15:20:50+00:00,NVDA260921P00100000
NVDA,2026-09-21,222.27000427246094,2026-09-21,P,110.0,0.0,0.0,0.01,6.0,0.0,0.500005,False,2026-09-18 18:00:48+00:00,NVDA260921P00110000
NVDA,2026-09-21,222.27000427246094,2026-09-21,P,130.0,0.0,0.0,0.02,,0.0,0.500005,False,2026-09-14 14:21:59+00:00,NVDA260921P00130000
NVDA,2026-09-21,222.27000427246094,2026-09-21,P,135.0,0.0,0.0,0.02,,0.0,0.500005,False,2026-09-14 14:21:48+00:00,NVDA260921P00135000
NVDA,2026-09-21,222.27000427246094,2026-09-21,P,140.0,0.0,0.0,0.01,1.0,0.0,0.500005,False,2026-09-18 15:10:36+00:00,NVDA260921P00140000
NVDA,2026-09-21,222.27000427246094,2026-09-21,P,145.0,0.0,0.0,0.01,,0.0,0.500005,False,2026-09-17 14:22:33+00:00,NVDA260921P00145000
NVDA,2026-09-21,222.27000427246094,2026-09-21,P,150.0,0.0,0.0,0.01,22.0,0.0,0.500005,False,2026-09-16 19:35:30+00:00,NVDA260921P00150000
NVDA,2026-09-21,222.27000427246094,2026-09-21,P,155.0,0.0,0.0,0.01,10.0,0.0,0.500005,False,2026-09-17 16:53:25+00:00,NVDA260921P00155000
NVDA,2026-09-21,222.27000427246094,2026-09-21,P,160.0,0.0,0.0,0.01,64.0,0.0,0.500005,False,2026-09-18 19:43:34+00:00,NVDA260921P00160000
NVDA,2026-09-21,222.27000427246094,2026-09-21,P,165.0,0.0,0.0,0.01,10.0,0.0,0.500005,False,2026-09-17 19:35:51+00:00,NVDA260921P00165000
NVDA,2026-09-21,222.27000427246094,2026-09-21,P,170.0,0.0,0.0,0.01,334.0,0.0,0.500005,False,2026-09-18 19:43:07+00:00,NVDA260921P00170000
NVDA,2026-09-21,222.27000427246094,2026-09-21,P,175.0,0.0,0.0,0.01,465.0,0.0,0.500005,False,2026-09-18 19:43:05+00:00,NVDA260921P00175000
NVDA,2026-09-21,222.27000427246094,2026-09-21,P,180.0,0.0,0.0,0.01,1346.0,0.0,0.500005,False,2026-09-18 19:59:48+00:00,NVDA260921P00180000
NVDA,2026-09-21,222.27000427246094,2026-09-21,P,185.0,0.0,0.0,0.01,319.0,0.0,0.500005,False,2026-09-18 19:49:42+00:00,NVDA260921P00185000
NVDA,2026-09-21,222.27000427246094,2026-09-21,P,190.0,0.0,0.0,0.05,3050.0,0.0,0.500005,False,2026-09-18 19:08:33+00:00,NVDA260921P00190000
NVDA,2026-09-21,222.27000427246094,2026-09-21,P,192.5,0.0,0.0,0.01,5872.0,0.0,0.500005,False,2026-09-18 19:57:30+00:00,NVDA260921P00192500
NVDA,2026-09-21,222.27000427246094,2026-09-21,P,195.0,0.0,0.0,0.02,4013.0,0.0,0.500005,False,2026-09-18 19:56:15+00:00,NVDA260921P00195000
NVDA,2026-09-21,222.27000427246094,2026-09-21,P,197.5,0.0,0.0,0.02,2324.0,0.0,0.500005,False,2026-09-18 19:58:29+00:00,NVDA260921P00197500
NVDA,2026-09-21,222.27000427246094,2026-09-21,P,200.0,0.0,0.0,0.03,2224.0,0.0,0.500005,False,2026-09-18 19:57:17+00:00,NVDA260921P00200000
NVDA,2026-09-21,222.27000427246094,2026-09-21,P,202.5,0.0,0.0,0.03,1082.0,0.0,0.500005,False,2026-09-18 19:54:35+00:00,NVDA260921P00202500
NVDA,2026-09-21,222.27000427246094,2026-09-21,P,205.0,0.0,0.0,0.04,2872.0,0.0,0.2500075,False,2026-09-18 19:58:35+00:00,NVDA260921P00205000
NVDA,2026-09-21,222.27000427246094,2026-09-21,P,207.5,0.0,0.0,0.05,2513.0,0.0,0.2500075,False,2026-09-18 19:59:50+00:00,NVDA260921P00207500
NVDA,2026-09-21,222.27000427246094,2026-09-21,P,210.0,0.0,0.0,0.05,6160.0,0.0,0.2500075,False,2026-09-18 19:59:54+00:00,NVDA260921P00210000
NVDA,2026-09-21,222.27000427246094,2026-09-21,P,212.5,0.0,0.0,0.09,7231.0,0.0,0.2500075,False,2026-09-18 19:59:58+00:00,NVDA260921P00212500
NVDA,2026-09-21,222.27000427246094,2026-09-21,P,215.0,0.0,0.0,0.2,10505.0,0.0,0.12500875,False,2026-09-18 19:59:57+00:00,NVDA260921P00215000
NVDA,2026-09-21,222.27000427246094,2026-09-21,P,217.5,0.0,0.0,0.42,21762.0,0.0,0.12500875,False,2026-09-18 19:59:59+00:00,NVDA260921P00217500
NVDA,2026-09-21,222.27000427246094,2026-09-21,P,220.0,0.0,0.0,0.95,23759.0,0.0,0.062509375,False,2026-09-18 19:59:58+00:00,NVDA260921P00220000
NVDA,2026-09-21,222.27000427246094,2026-09-21,P,222.5,0.0,0.0,1.96,2387.0,0.0,1.0000000000000003e-05,True,2026-09-18 19:59:58+00:00,NVDA260921P00222500
NVDA,2026-09-21,222.27000427246094,2026-09-21,P,225.0,0.0,0.0,3.6,2402.0,0.0,1.0000000000000003e-05,True,2026-09-18 19:59:58+00:00,NVDA260921P00225000
NVDA,2026-09-21,222.27000427246094,2026-09-21,P,227.5,0.0,0.0,6.0,392.0,0.0,1.0000000000000003e-05,True,2026-09-18 19:55:03+00:00,NVDA260921P00227500
NVDA,2026-09-21,222.27000427246094,2026-09-21,P,230.0,0.0,0.0,8.14,792.0,0.0,1.0000000000000003e-05,True,2026-09-18 19:58:30+00:00,NVDA260921P00230000
NVDA,2026-09-21,222.27000427246094,2026-09-21,P,232.5,0.0,0.0,12.68,780.0,0.0,1.0000000000000003e-05,True,2026-09-18 15:24:11+00:00,NVDA260921P00232500
NVDA,2026-09-21,222.27000427246094,2026-09-21,P,235.0,0.0,0.0,12.52,421.0,0.0,1.0000000000000003e-05,True,2026-09-18 19:57:42+00:00,NVDA260921P00235000
NVDA,2026-09-21,222.27000427246094,2026-09-21,P,237.5,0.0,0.0,15.02,1.0,0.0,1.0000000000000003e-05,True,2026-09-18 19:57:42+00:00,NVDA260921P00237500
NVDA,2026-09-21,222.27000427246094,2026-09-21,P,240.0,0.0,0.0,20.71,307.0,0.0,1.0000000000000003e-05,True,2026-09-18 16:02:44+00:00,NVDA260921P00240000
NVDA,2026-09-21,222.27000427246094,2026-09-21,P,242.5,0.0,0.0,23.0,1.0,0.0,1.0000000000000003e-05,True,2026-09-18 13:51:17+00:00,NVDA260921P00242500
NVDA,2026-09-21,222.27000427246094,2026-09-21,P,245.0,0.0,0.0,27.05,,0.0,1.0000000000000003e-05,True,2026-09-10 13:51:41+00:00,NVDA260921P00245000
NVDA,2026-09-21,222.27000427246094,2026-09-21,P,250.0,0.0,0.0,27.93,1.0,0.0,1.0000000000000003e-05,True,2026-09-18 19:59:28+00:00,NVDA260921P00250000
NVDA,2026-09-21,222.27000427246094,2026-09-21,P,252.5,0.0,0.0,33.0,2.0,0.0,1.0000000000000003e-05,True,2026-09-18 15:09:45+00:00,NVDA260921P00252500
NVDA,2026-09-21,222.27000427246094,2026-09-21,P,265.0,0.0,0.0,51.15,,0.0,1.0000000000000003e-05,True,2026-09-16 19:59:33+00:00,NVDA260921P00265000
NVDA,2026-09-21,222.27000427246094,2026-09-21,P,275.0,0.0,0.0,62.7,,0.0,1.0000000000000003e-05,True,2026-09-15 15:55:53+00:00,NVDA260921P00275000
NVDA,2026-09-21,222.27000427246094,2026-09-21,P,280.0,0.0,0.0,63.65,,0.0,1.0000000000000003e-05,True,2026-09-16 15:47:10+00:00,NVDA260921P00280000
NVDA,2026-09-21,222.27000427246094,2026-09-23,C,85.0,0.0,0.0,128.9,,0.0,1.0000000000000003e-05,True,2026-09-16 19:53:19+00:00,NVDA260923C00085000
NVDA,2026-09-21,222.27000427246094,2026-09-23,C,100.0,0.0,0.0,119.22,1.0,0.0,1.0000000000000003e-05,True,2026-09-18 15:01:05+00:00,NVDA260923C00100000
NVDA,2026-09-21,222.27000427246094,2026-09-23,C,115.0,0.0,0.0,104.8,3.0,0.0,1.0000000000000003e-05,True,2026-09-18 13:44:59+00:00,NVDA260923C00115000
NVDA,2026-09-21,222.27000427246094,2026-09-23,C,120.0,0.0,0.0,92.45,,0.0,1.0000000000000003e-05,True,2026-09-14 19:49:59+00:00,NVDA260923C00120000
NVDA,2026-09-21,222.27000427246094,2026-09-23,C,125.0,0.0,0.0,86.0,,0.0,1.0000000000000003e-05,True,2026-09-14 15:05:40+00:00,NVDA260923C00125000
NVDA,2026-09-21,222.27000427246094,2026-09-23,C,140.0,0.0,0.0,75.15,,0.0,1.0000000000000003e-05,True,2026-09-16 14:17:51+00:00,NVDA260923C00140000
NVDA,2026-09-21,222.27000427246094,2026-09-23,C,145.0,0.0,0.0,74.5,12.0,0.0,1.0000000000000003e-05,True,2026-09-18 19:25:33+00:00,NVDA260923C00145000
NVDA,2026-09-21,222.27000427246094,2026-09-23,C,150.0,0.0,0.0,61.05,,0.0,1.0000000000000003e-05,True,2026-09-14 15:05:40+00:00,NVDA260923C00150000
NVDA,2026-09-21,222.27000427246094,2026-09-23,C,170.0,0.0,0.0,49.89,2.0,0.0,1.0000000000000003e-05,True,2026-09-18 17:38:23+00:00,NVDA260923C00170000
NVDA,2026-09-21,222.27000427246094,2026-09-23,C,175.0,0.0,0.0,44.3,1.0,0.0,1.0000000000000003e-05,True,2026-09-18 15:01:05+00:00,NVDA260923C00175000
NVDA,2026-09-21,222.27000427246094,2026-09-23,C,180.0,0.0,0.0,39.77,11.0,0.0,1.0000000000000003e-05,True,2026-09-18 13:56:35+00:00,NVDA260923C00180000
NVDA,2026-09-21,222.27000427246094,2026-09-23,C,185.0,0.0,0.0,27.45,2.0,0.0,1.0000000000000003e-05,True,2026-09-15 18:38:53+00:00,NVDA260923C00185000
NVDA,2026-09-21,222.27000427246094,2026-09-23,C,190.0,0.0,0.0,29.6,7.0,0.0,1.0000000000000003e-05,True,2026-09-18 15:41:58+00:00,NVDA260923C00190000
NVDA,2026-09-21,222.27000427246094,2026-09-23,C,192.5,0.0,0.0,23.45,,0.0,1.0000000000000003e-05,True,2026-09-16 18:14:06+00:00,NVDA260923C00192500
NVDA,2026-09-21,222.27000427246094,2026-09-23,C,195.0,0.0,0.0,24.75,3.0,0.0,1.0000000000000003e-05,True,2026-09-18 15:40:07+00:00,NVDA260923C00195000
NVDA,2026-09-21,222.27000427246094,2026-09-23,C,197.5,0.0,0.0,22.6,,0.0,1.0000000000000003e-05,True,2026-09-17 18:26:36+00:00,NVDA260923C00197500
NVDA,2026-09-21,222.27000427246094,2026-09-23,C,200.0,0.0,0.0,22.15,438.0,0.0,1.0000000000000003e-05,True,2026-09-18 19:59:15+00:00,NVDA260923C00200000
NVDA,2026-09-21,222.27000427246094,2026-09-23,C,202.5,0.0,0.0,17.35,104.0,0.0,1.0000000000000003e-05,True,2026-09-18 19:53:32+00:00,NVDA260923C00202500
NVDA,2026-09-21,222.27000427246094,2026-09-23,C,205.0,0.0,0.0,14.83,202.0,0.0,1.0000000000000003e-05,True,2026-09-18 19:34:52+00:00,NVDA260923C00205000
NVDA,2026-09-21,222.27000427246094,2026-09-23,C,207.5,0.0,0.0,14.6,615.0,0.0,1.0000000000000003e-05,True,2026-09-18 19:58:21+00:00,NVDA260923C00207500
NVDA,2026-09-21,222.27000427246094,2026-09-23,C,210.0,0.0,0.0,12.3,743.0,0.0,1.0000000000000003e-05,True,2026-09-18 19:59:15+00:00,NVDA260923C00210000
NVDA,2026-09-21,222.27000427246094,2026-09-23,C,212.5,0.0,0.0,10.03,745.0,0.0,1.0000000000000003e-05,True,2026-09-18 19:55:48+00:00,NVDA260923C00212500
NVDA,2026-09-21,222.27000427246094,2026-09-23,C,215.0,0.0,0.0,8.0,510.0,0.0,1.0000000000000003e-05,True,2026-09-18 19:57:26+00:00,NVDA260923C00215000
NVDA,2026-09-21,222.27000427246094,2026-09-23,C,217.5,0.0,0.0,5.86,4056.0,0.0,1.0000000000000003e-05,True,2026-09-18 19:59:45+00:00,NVDA260923C00217500
NVDA,2026-09-21,222.27000427246094,2026-09-23,C,220.0,0.0,0.0,4.05,16417.0,0.0,1.0000000000000003e-05,True,2026-09-18 19:59:57+00:00,NVDA260923C00220000
NVDA,2026-09-21,222.27000427246094,2026-09-23,C,222.5,0.0,0.0,2.57,10485.0,0.0,0.0039162109375,False,2026-09-18 19:59:58+00:00,NVDA260923C00222500
NVDA,2026-09-21,222.27000427246094,2026-09-23,C,225.0,0.0,0.0,1.6,10276.0,0.0,0.0312596875,False,2026-09-18 19:59:59+00:00,NVDA260923C00225000
NVDA,2026-09-21,222.27000427246094,2026-09-23,C,227.5,0.0,0.0,0.88,5856.0,0.0,0.062509375,False,2026-09-18 19:59:58+00:00,NVDA260923C00227500
NVDA,2026-09-21,222.27000427246094,2026-09-23,C,230.0,0.0,0.0,0.48,4790.0,0.0,0.12500875,False,2026-09-18 19:59:59+00:00,NVDA260923C00230000
NVDA,2026-09-21,222.27000427246094,2026-09-23,C,232.5,0.0,0.0,0.25,884.0,0.0,0.12500875,False,2026-09-18 19:59:57+00:00,NVDA260923C00232500
NVDA,2026-09-21,222.27000427246094,2026-09-23,C,235.0,0.0,0.0,0.15,1737.0,0.0,0.12500875,False,2026-09-18 19:59:55+00:00,NVDA260923C00235000
NVDA,2026-09-21,222.27000427246094,2026-09-23,C,237.5,0.0,0.0,0.08,87.0,0.0,0.12500875,False,2026-09-18 19:57:53+00:00,NVDA260923C00237500
NVDA,2026-09-21,222.27000427246094,2026-09-23,C,240.0,0.0,0.0,0.05,2492.0,0.0,0.2500075,False,2026-09-18 19:59:54+00:00,NVDA260923C00240000
NVDA,2026-09-21,222.27000427246094,2026-09-23,C,242.5,0.0,0.0,0.02,114.0,0.0,0.2500075,False,2026-09-18 19:59:36+00:00,NVDA260923C00242500
NVDA,2026-09-21,222.27000427246094,2026-09-23,C,245.0,0.0,0.0,0.01,29.0,0.0,0.2500075,False,2026-09-18 19:59:54+00:00,NVDA260923C00245000
NVDA,2026-09-21,222.27000427246094,2026-09-23,C,247.5,0.0,0.0,0.01,24.0,0.0,0.2500075,False,2026-09-18 19:46:20+00:00,NVDA260923C00247500
NVDA,2026-09-21,222.27000427246094,2026-09-23,C,250.0,0.0,0.0,0.02,240.0,0.0,0.2500075,False,2026-09-18 19:59:52+00:00,NVDA260923C00250000
NVDA,2026-09-21,222.27000427246094,2026-09-23,C,252.5,0.0,0.0,0.01,350.0,0.0,0.2500075,False,2026-09-18 19:56:40+00:00,NVDA260923C00252500
NVDA,2026-09-21,222.27000427246094,2026-09-23,C,255.0,0.0,0.0,0.01,10.0,0.0,0.2500075,False,2026-09-17 19:14:47+00:00,NVDA260923C00255000
NVDA,2026-09-21,222.27000427246094,2026-09-23,C,260.0,0.0,0.0,0.01,5.0,0.0,0.500005,False,2026-09-18 17:15:52+00:00,NVDA260923C00260000
NVDA,2026-09-21,222.27000427246094,2026-09-23,C,265.0,0.0,0.0,0.02,1.0,0.0,0.500005,False,2026-09-17 13:57:25+00:00,NVDA260923C00265000
NVDA,2026-09-21,222.27000427246094,2026-09-23,C,270.0,0.0,0.0,0.01,1.0,0.0,0.500005,False,2026-09-15 14:37:39+00:00,NVDA260923C00270000
NVDA,2026-09-21,222.27000427246094,2026-09-23,C,275.0,0.0,0.0,0.01,1.0,0.0,0.500005,False,2026-09-17 13:42:26+00:00,NVDA260923C00275000
NVDA,2026-09-21,222.27000427246094,2026-09-23,C,290.0,0.0,0.0,0.04,,0.0,0.500005,False,2026-09-11 13:54:19+00:00,NVDA260923C00290000
NVDA,2026-09-21,222.27000427246094,2026-09-23,C,295.0,0.0,0.0,0.06,,0.0,0.500005,False,2026-09-09 13:40:28+00:00,NVDA260923C00295000
NVDA,2026-09-21,222.27000427246094,2026-09-23,C,305.0,0.0,0.0,0.01,1.0,0.0,0.500005,False,2026-09-18 18:28:26+00:00,NVDA260923C00305000
NVDA,2026-09-21,222.27000427246094,2026-09-23,P,110.0,0.0,0.0,0.02,,0.0,0.500005,False,2026-09-16 14:07:38+00:00,NVDA260923P00110000
NVDA,2026-09-21,222.27000427246094,2026-09-23,P,125.0,0.0,0.0,0.02,,0.0,0.500005,False,2026-09-14 14:26:43+00:00,NVDA260923P00125000
NVDA,2026-09-21,222.27000427246094,2026-09-23,P,130.0,0.0,0.0,0.02,1.0,0.0,0.500005,False,2026-09-16 14:20:36+00:00,NVDA260923P00130000
NVDA,2026-09-21,222.27000427246094,2026-09-23,P,140.0,0.0,0.0,0.04,6.0,0.0,0.500005,False,2026-09-14 13:30:01+00:00,NVDA260923P00140000
NVDA,2026-09-21,222.27000427246094,2026-09-23,P,145.0,0.0,0.0,0.01,504.0,0.0,0.500005,False,2026-09-18 19:43:04+00:00,NVDA260923P00145000
NVDA,2026-09-21,222.27000427246094,2026-09-23,P,150.0,0.0,0.0,0.01,219.0,0.0,0.500005,False,2026-09-18 19:43:01+00:00,NVDA260923P00150000
NVDA,2026-09-21,222.27000427246094,2026-09-23,P,155.0,0.0,0.0,0.02,3.0,0.0,0.500005,False,2026-09-18 19:51:48+00:00,NVDA260923P00155000
NVDA,2026-09-21,222.27000427246094,2026-09-23,P,160.0,0.0,0.0,0.02,524.0,0.0,0.500005,False,2026-09-18 19:43:35+00:00,NVDA260923P00160000
NVDA,2026-09-21,222.27000427246094,2026-09-23,P,165.0,0.0,0.0,0.02,295.0,0.0,0.500005,False,2026-09-18 19:43:34+00:00,NVDA260923P00165000
NVDA,2026-09-21,222.27000427246094,2026-09-23,P,170.0,0.0,0.0,0.01,5.0,0.0,0.500005,False,2026-09-18 18:49:09+00:00,NVDA260923P00170000
NVDA,2026-09-21,222.27000427246094,2026-09-23,P,175.0,0.0,0.0,0.03,35.0,0.0,0.500005,False,2026-09-18 19:59:56+00:00,NVDA260923P00175000
NVDA,2026-09-21,222.27000427246094,2026-09-23,P,180.0,0.0,0.0,0.03,54.0,0.0,0.500005,False,2026-09-18 17:11:54+00:00,NVDA260923P00180000
NVDA,2026-09-21,222.27000427246094,2026-09-23,P,185.0,0.0,0.0,0.04,17.0,0.0,0.500005,False,2026-09-18 19:38:25+00:00,NVDA260923P00185000
NVDA,2026-09-21,222.27000427246094,2026-09-23,P,190.0,0.0,0.0,0.05,6110.0,0.0,0.500005,False,2026-09-18 19:18:58+00:00,NVDA260923P00190000
NVDA,2026-09-21,222.27000427246094,2026-09-23,P,192.5,0.0,0.0,0.07,256.0,0.0,0.2500075,False,2026-09-18 19:19:02+00:00,NVDA260923P00192500
NVDA,2026-09-21,222.27000427246094,2026-09-23,P,195.0,0.0,0.0,0.06,1864.0,0.0,0.2500075,False,2026-09-18 19:46:26+00:00,NVDA260923P00195000
NVDA,2026-09-21,222.27000427246094,2026-09-23,P,197.5,0.0,0.0,0.07,196.0,0.0,0.2500075,False,2026-09-18 19:58:11+00:00,NVDA260923P00197500
NVDA,2026-09-21,222.27000427246094,2026-09-23,P,200.0,0.0,0.0,0.07,570.0,0.0,0.2500075,False,2026-09-18 19:59:09+00:00,NVDA260923P00200000
NVDA,2026-09-21,222.27000427246094,2026-09-23,P,202.5,0.0,0.0,0.1,381.0,0.0,0.2500075,False,2026-09-18 19:55:07+00:00,NVDA260923P00202500
NVDA,2026-09-21,222.27000427246094,2026-09-23,P,205.0,0.0,0.0,0.14,2001.0,0.0,0.2500075,False,2026-09-18 19:58:39+00:00,NVDA260923P00205000
NVDA,2026-09-21,222.27000427246094,2026-09-23,P,207.5,0.0,0.0,0.18,425.0,0.0,0.12500875,False,2026-09-18 19:59:00+00:00,NVDA260923P00207500
NVDA,2026-09-21,222.27000427246094,2026-09-23,P,210.0,0.0,0.0,0.28,1685.0,0.0,0.12500875,False,2026-09-18 19:59:20+00:00,NVDA260923P00210000
NVDA,2026-09-21,222.27000427246094,2026-09-23,P,212.5,0.0,0.0,0.44,1991.0,0.0,0.12500875,False,2026-09-18 19:59:32+00:00,NVDA260923P00212500
NVDA,2026-09-21,222.27000427246094,2026-09-23,P,215.0,0.0,0.0,0.73,3642.0,0.0,0.062509375,False,2026-09-18 19:59:56+00:00,NVDA260923P00215000
NVDA,2026-09-21,222.27000427246094,2026-09-23,P,217.5,0.0,0.0,1.21,6673.0,0.0,0.062509375,False,2026-09-18 19:59:57+00:00,NVDA260923P00217500
NVDA,2026-09-21,222.27000427246094,2026-09-23,P,220.0,0.0,0.0,1.94,3696.0,0.0,0.0312596875,False,2026-09-18 19:59:59+00:00,NVDA260923P00220000
NVDA,2026-09-21,222.27000427246094,2026-09-23,P,222.5,0.0,0.0,3.07,845.0,0.0,1.0000000000000003e-05,True,2026-09-18 19:59:57+00:00,NVDA260923P00222500
NVDA,2026-09-21,222.27000427246094,2026-09-23,P,225.0,0.0,0.0,4.45,755.0,0.0,1.0000000000000003e-05,True,2026-09-18 19:59:59+00:00,NVDA260923P00225000
NVDA,2026-09-21,222.27000427246094,2026-09-23,P,227.5,0.0,0.0,6.34,519.0,0.0,1.0000000000000003e-05,True,2026-09-18 19:56:37+00:00,NVDA260923P00227500
NVDA,2026-09-21,222.27000427246094,2026-09-23,P,230.0,0.0,0.0,8.43,339.0,0.0,1.0000000000000003e-05,True,2026-09-18 19:58:27+00:00,NVDA260923P00230000
NVDA,2026-09-21,222.27000427246094,2026-09-23,P,232.5,0.0,0.0,11.65,326.0,0.0,1.0000000000000003e-05,True,2026-09-18 19:55:00+00:00,NVDA260923P00232500
NVDA,2026-09-21,222.27000427246094,2026-09-23,P,235.0,0.0,0.0,13.58,129.0,0.0,1.0000000000000003e-05,True,2026-09-18 19:55:02+00:00,NVDA260923P00235000
NVDA,2026-09-21,222.27000427246094,2026-09-23,P,237.5,0.0,0.0,16.45,3.0,0.0,1.0000000000000003e-05,True,2026-09-18 19:55:00+00:00,NVDA260923P00237500
NVDA,2026-09-21,222.27000427246094,2026-09-23,P,240.0,0.0,0.0,20.2,1.0,0.0,1.0000000000000003e-05,True,2026-09-17 19:18:39+00:00,NVDA260923P00240000
NVDA,2026-09-21,222.27000427246094,2026-09-23,P,242.5,0.0,0.0,23.6,,0.0,1.0000000000000003e-05,True,2026-09-17 14:07:26+00:00,NVDA260923P00242500
NVDA,2026-09-21,222.27000427246094,2026-09-23,P,245.0,0.0,0.0,31.2,1.0,0.0,1.0000000000000003e-05,True,2026-09-16 13:36:30+00:00,NVDA260923P00245000
NVDA,2026-09-21,222.27000427246094,2026-09-23,P,247.5,0.0,0.0,31.45,,0.0,1.0000000000000003e-05,True,2026-09-16 15:07:51+00:00,NVDA260923P00247500
NVDA,2026-09-21,222.27000427246094,2026-09-23,P,250.0,0.0,0.0,35.0,,0.0,1.0000000000000003e-05,True,2026-09-16 17:40:14+00:00,NVDA260923P00250000
NVDA,2026-09-21,222.27000427246094,2026-09-23,P,252.5,0.0,0.0,30.7,1.0,0.0,1.0000000000000003e-05,True,2026-09-18 19:58:39+00:00,NVDA260923P00252500
NVDA,2026-09-21,222.27000427246094,2026-09-25,C,55.0,0.0,0.0,164.67,4.0,0.0,1.0000000000000003e-05,True,2026-09-18 18:51:34+00:00,NVDA260925C00055000
NVDA,2026-09-21,222.27000427246094,2026-09-25,C,60.0,0.0,0.0,159.27,1.0,0.0,1.0000000000000003e-05,True,2026-09-18 15:01:05+00:00,NVDA260925C00060000
NVDA,2026-09-21,222.27000427246094,2026-09-25,C,70.0,0.0,0.0,149.22,10.0,0.0,1.0000000000000003e-05,True,2026-09-18 14:45:43+00:00,NVDA260925C00070000
NVDA,2026-09-21,222.27000427246094,2026-09-25,C,75.0,0.0,0.0,136.94,3.0,0.0,1.0000000000000003e-05,True,2026-09-15 16:41:12+00:00,NVDA260925C00075000
NVDA,2026-09-21,222.27000427246094,2026-09-25,C,80.0,0.0,0.0,143.11,,0.0,1.0000000000000003e-05,True,2026-08-12 19:03:16+00:00,NVDA260925C00080000
NVDA,2026-09-21,222.27000427246094,2026-09-25,C,85.0,0.0,0.0,134.28,10.0,0.0,1.0000000000000003e-05,True,2026-09-18 14:04:39+00:00,NVDA260925C00085000
NVDA,2026-09-21,222.27000427246094,2026-09-25,C,90.0,0.0,0.0,129.15,10.0,0.0,1.0000000000000003e-05,True,2026-09-18 14:05:20+00:00,NVDA260925C00090000
NVDA,2026-09-21,222.27000427246094,2026-09-25,C,95.0,0.0,0.0,121.08,1.0,0.0,1.0000000000000003e-05,True,2026-08-21 18:10:21+00:00,NVDA260925C00095000
NVDA,2026-09-21,222.27000427246094,2026-09-25,C,100.0,0.0,0.0,112.02,3.0,0.0,1.0000000000000003e-05,True,2026-09-15 16:41:12+00:00,NVDA260925C00100000
NVDA,2026-09-21,222.27000427246094,2026-09-25,C,105.0,0.0,0.0,114.55,1.0,0.0,1.0000000000000003e-05,True,2026-09-18 19:10:54+00:00,NVDA260925C00105000
NVDA,2026-09-21,222.27000427246094,2026-09-25,C,110.0,0.0,0.0,109.3,5.0,0.0,1.0000000000000003e-05,True,2026-08-28 18:35:13+00:00,NVDA260925C00110000
NVDA,2026-09-21,222.27000427246094,2026-09-25,C,115.0,0.0,0.0,98.95,,0.0,1.0000000000000003e-05,True,2026-09-16 19:54:00+00:00,NVDA260925C00115000
NVDA,2026-09-21,222.27000427246094,2026-09-25,C,120.0,0.0,0.0,99.6,60.0,0.0,1.0000000000000003e-05,True,2026-09-18 19:10:19+00:00,NVDA260925C00120000
NVDA,2026-09-21,222.27000427246094,2026-09-25,C,125.0,0.0,0.0,88.55,2.0,0.0,1.0000000000000003e-05,True,2026-09-16 19:36:31+00:00,NVDA260925C00125000
NVDA,2026-09-21,222.27000427246094,2026-09-25,C,130.0,0.0,0.0,88.95,3.0,0.0,1.0000000000000003e-05,True,2026-09-17 16:17:51+00:00,NVDA260925C00130000
NVDA,2026-09-21,222.27000427246094,2026-09-25,C,135.0,0.0,0.0,84.35,1.0,0.0,1.0000000000000003e-05,True,2026-09-18 15:01:05+00:00,NVDA260925C00135000
NVDA,2026-09-21,222.27000427246094,2026-09-25,C,140.0,0.0,0.0,79.57,1.0,0.0,1.0000000000000003e-05,True,2026-09-18 16:49:09+00:00,NVDA260925C00140000
NVDA,2026-09-21,222.27000427246094,2026-09-25,C,145.0,0.0,0.0,66.57,5.0,0.0,1.0000000000000003e-05,True,2026-09-15 17:27:34+00:00,NVDA260925C00145000
NVDA,2026-09-21,222.27000427246094,2026-09-25,C,150.0,0.0,0.0,69.7,10.0,0.0,1.0000000000000003e-05,True,2026-09-18 18:50:40+00:00,NVDA260925C00150000
NVDA,2026-09-21,222.27000427246094,2026-09-25,C,155.0,0.0,0.0,57.71,1.0,0.0,1.0000000000000003e-05,True,2026-09-14 17:31:48+00:00,NVDA260925C00155000
NVDA,2026-09-21,222.27000427246094,2026-09-25,C,160.0,0.0,0.0,59.6,3.0,0.0,1.0000000000000003e-05,True,2026-09-17 18:42:29+00:00,NVDA260925C00160000
NVDA,2026-09-21,222.27000427246094,2026-09-25,C,165.0,0.0,0.0,54.8,1.0,0.0,1.0000000000000003e-05,True,2026-09-18 13:42:12+00:00,NVDA260925C00165000
NVDA,2026-09-21,222.27000427246094,2026-09-25,C,170.0,0.0,0.0,49.95,29.0,0.0,1.0000000000000003e-05,True,2026-09-18 19:51:58+00:00,NVDA260925C00170000
NVDA,2026-09-21,222.27000427246094,2026-09-25,C,175.0,0.0,0.0,44.76,10.0,0.0,1.0000000000000003e-05,True,2026-09-18 18:49:53+00:00,NVDA260925C00175000
NVDA,2026-09-21,222.27000427246094,2026-09-25,C,180.0,0.0,0.0,42.15,75.0,0.0,1.0000000000000003e-05,True,2026-09-18 19:55:55+00:00,NVDA260925C00180000
NVDA,2026-09-21,222.27000427246094,2026-09-25,C,185.0,0.0,0.0,34.92,30.0,0.0,1.0000000000000003e-05,True,2026-09-18 17:56:31+00:00,NVDA260925C00185000
NVDA,2026-09-21,222.27000427246094,2026-09-25,C,187.5,0.0,0.0,32.21,4.0,0.0,1.0000000000000003e-05,True,2026-09-18 17:05:50+00:00,NVDA260925C00187500
NVDA,2026-09-21,222.27000427246094,2026-09-25,C,190.0,0.0,0.0,29.92,132.0,0.0,1.0000000000000003e-05,True,2026-09-18 19:48:22+00:00,NVDA260925C00190000
NVDA,2026-09-21,222.27000427246094,2026-09-25,C,192.5,0.0,0.0,27.35,1.0,0.0,1.0000000000000003e-05,True,2026-09-18 14:00:52+00:00,NVDA260925C00192500
NVDA,2026-09-21,222.27000427246094,2026-09-25,C,195.0,0.0,0.0,25.07,88.0,0.0,1.0000000000000003e-05,True,2026-09-18 19:39:27+00:00,NVDA260925C00195000
NVDA,2026-09-21,222.27000427246094,2026-09-25,C,197.5,0.0,0.0,22.35,5.0,0.0,1.0000000000000003e-05,True,2026-09-18 16:28:04+00:00,NVDA260925C00197500
NVDA,2026-09-21,222.27000427246094,2026-09-25,C,200.0,0.0,0.0,22.4,281.0,0.0,1.0000000000000003e-05,True,2026-09-18 19:59:29+00:00,NVDA260925C00200000
NVDA,2026-09-21,222.27000427246094,2026-09-25,C,202.5,0.0,0.0,17.55,189.0,0.0,1.0000000000000003e-05,True,2026-09-18 19:29:16+00:00,NVDA260925C00202500
NVDA,2026-09-21,222.27000427246094,2026-09-25,C,205.0,0.0,0.0,17.46,715.0,0.0,1.0000000000000003e-05,True,2026-09-18 19:58:29+00:00,NVDA260925C00205000
NVDA,2026-09-21,222.27000427246094,2026-09-25,C,207.5,0.0,0.0,12.9,603.0,0.0,1.0000000000000003e-05,True,2026-09-18 19:45:01+00:00,NVDA260925C00207500
NVDA,2026-09-21,222.27000427246094,2026-09-25,C,210.0,0.0,0.0,12.7,2081.0,0.0,1.0000000000000003e-05,True,2026-09-18 19:59:57+00:00,NVDA260925C00210000
NVDA,2026-09-21,222.27000427246094,2026-09-25,C,212.5,0.0,0.0,10.46,942.0,0.0,1.0000000000000003e-05,True,2026-09-18 19:59:47+00:00,NVDA260925C00212500
NVDA,2026-09-21,222.27000427246094,2026-09-25,C,215.0,0.0,0.0,8.3,2625.0,0.0,1.0000000000000003e-05,True,2026-09-18 19:59:57+00:00,NVDA260925C00215000
NVDA,2026-09-21,222.27000427246094,2026-09-25,C,217.5,0.0,0.0,6.35,5681.0,0.0,1.0000000000000003e-05,True,2026-09-18 19:59:57+00:00,NVDA260925C00217500
NVDA,2026-09-21,222.27000427246094,2026-09-25,C,220.0,0.0,0.0,4.75,29345.0,0.0,1.0000000000000003e-05,True,2026-09-18 19:59:59+00:00,NVDA260925C00220000
NVDA,2026-09-21,222.27000427246094,2026-09-25,C,222.5,0.0,0.0,3.25,57954.0,0.0,0.0039162109375,False,2026-09-18 19:59:59+00:00,NVDA260925C00222500
NVDA,2026-09-21,222.27000427246094,2026-09-25,C,225.0,0.0,0.0,2.2,24389.0,0.0,0.0312596875,False,2026-09-18 19:59:58+00:00,NVDA260925C00225000
NVDA,2026-09-21,222.27000427246094,2026-09-25,C,227.5,0.0,0.0,1.4,21915.0,0.0,0.062509375,False,2026-09-18 19:59:59+00:00,NVDA260925C00227500
NVDA,2026-09-21,222.27000427246094,2026-09-25,C,230.0,0.0,0.0,0.88,57529.0,0.0,0.062509375,False,2026-09-18 19:59:59+00:00,NVDA260925C00230000
NVDA,2026-09-21,222.27000427246094,2026-09-25,C,232.5,0.0,0.0,0.5,5092.0,0.0,0.12500875,False,2026-09-18 19:59:59+00:00,NVDA260925C00232500
NVDA,2026-09-21,222.27000427246094,2026-09-25,C,235.0,0.0,0.0,0.3,5842.0,0.0,0.12500875,False,2026-09-18 19:59:59+00:00,NVDA260925C00235000
NVDA,2026-09-21,222.27000427246094,2026-09-25,C,237.5,0.0,0.0,0.18,2672.0,0.0,0.12500875,False,2026-09-18 19:59:58+00:00,NVDA260925C00237500
NVDA,2026-09-21,222.27000427246094,2026-09-25,C,240.0,0.0,0.0,0.12,15557.0,0.0,0.12500875,False,2026-09-18 19:59:57+00:00,NVDA260925C00240000
NVDA,2026-09-21,222.27000427246094,2026-09-25,C,242.5,0.0,0.0,0.07,2684.0,0.0,0.12500875,False,2026-09-18 19:59:39+00:00,NVDA260925C00242500
NVDA,2026-09-21,222.27000427246094,2026-09-25,C,245.0,0.0,0.0,0.06,3353.0,0.0,0.2500075,False,2026-09-18 19:59:35+00:00,NVDA260925C00245000
NVDA,2026-09-21,222.27000427246094,2026-09-25,C,247.5,0.0,0.0,0.03,353.0,0.0,0.2500075,False,2026-09-18 19:38:51+00:00,NVDA260925C00247500
NVDA,2026-09-21,222.27000427246094,2026-09-25,C,250.0,0.0,0.0,0.03,1511.0,0.0,0.2500075,False,2026-09-18 19:59:54+00:00,NVDA260925C00250000
NVDA,2026-09-21,222.27000427246094,2026-09-25,C,252.5,0.0,0.0,0.02,231.0,0.0,0.2500075,False,2026-09-18 19:07:13+00:00,NVDA260925C00252500
NVDA,2026-09-21,222.27000427246094,2026-09-25,C,255.0,0.0,0.0,0.01,938.0,0.0,0.2500075,False,2026-09-18 19:58:23+00:00,NVDA260925C00255000
NVDA,2026-09-21,222.27000427246094,2026-09-25,C,257.5,0.0,0.0,0.02,8.0,0.0,0.2500075,False,2026-09-17 18:18:14+00:00,NVDA260925C00257500
NVDA,2026-09-21,222.27000427246094,2026-09-25,C,260.0,0.0,0.0,0.03,738.0,0.0,0.2500075,False,2026-09-18 19:54:52+00:00,NVDA260925C00260000
NVDA,2026-09-21,222.27000427246094,2026-09-25,C,265.0,0.0,0.0,0.01,1475.0,0.0,0.2500075,False,2026-09-18 19:59:41+00:00,NVDA260925C00265000
NVDA,2026-09-21,222.27000427246094,2026-09-25,C,270.0,0.0,0.0,0.01,705.0,0.0,0.2500075,False,2026-09-18 19:59:47+00:00,NVDA260925C00270000
NVDA,2026-09-21,222.27000427246094,2026-09-25,C,275.0,0.0,0.0,0.01,4455.0,0.0,0.500005,False,2026-09-18 19:59:57+00:00,NVDA260925C00275000
NVDA,2026-09-21,222.27000427246094,2026-09-25,C,280.0,0.0,0.0,0.01,17.0,0.0,0.500005,False,2026-09-18 18:54:03+00:00,NVDA260925C00280000
NVDA,2026-09-21,222.27000427246094,2026-09-25,C,285.0,0.0,0.0,0.01,208.0,0.0,0.500005,False,2026-09-17 18:31:27+00:00,NVDA260925C00285000
NVDA,2026-09-21,222.27000427246094,2026-09-25,C,290.0,0.0,0.0,0.01,9.0,0.0,0.500005,False,2026-09-17 14:05:22+00:00,NVDA260925C00290000
NVDA,2026-09-21,222.27000427246094,2026-09-25,C,295.0,0.0,0.0,0.01,41.0,0.0,0.500005,False,2026-09-17 14:55:38+00:00,NVDA260925C00295000
NVDA,2026-09-21,222.27000427246094,2026-09-25,C,300.0,0.0,0.0,0.01,5.0,0.0,0.500005,False,2026-09-18 13:46:03+00:00,NVDA260925C00300000
NVDA,2026-09-21,222.27000427246094,2026-09-25,C,305.0,0.0,0.0,0.01,38.0,0.0,0.500005,False,2026-09-14 15:03:18+00:00,NVDA260925C00305000
NVDA,2026-09-21,222.27000427246094,2026-09-25,C,310.0,0.0,0.0,0.04,1.0,0.0,0.500005,False,2026-09-15 19:50:29+00:00,NVDA260925C00310000
NVDA,2026-09-21,222.27000427246094,2026-09-25,C,315.0,0.0,0.0,0.02,40.0,0.0,0.500005,False,2026-09-14 14:57:04+00:00,NVDA260925C00315000
NVDA,2026-09-21,222.27000427246094,2026-09-25,C,320.0,0.0,0.0,0.01,5.0,0.0,0.500005,False,2026-09-11 14:44:51+00:00,NVDA260925C00320000
NVDA,2026-09-21,222.27000427246094,2026-09-25,C,325.0,0.0,0.0,0.01,12.0,0.0,0.500005,False,2026-09-15 16:11:41+00:00,NVDA260925C00325000
NVDA,2026-09-21,222.27000427246094,2026-09-25,C,330.0,0.0,0.0,0.01,1.0,0.0,0.500005,False,2026-09-11 16:51:44+00:00,NVDA260925C00330000
NVDA,2026-09-21,222.27000427246094,2026-09-25,C,335.0,0.0,0.0,0.02,21.0,0.0,0.500005,False,2026-09-04 13:59:56+00:00,NVDA260925C00335000
NVDA,2026-09-21,222.27000427246094,2026-09-25,C,340.0,0.0,0.0,0.02,98.0,0.0,0.500005,False,2026-09-11 13:56:18+00:00,NVDA260925C00340000
NVDA,2026-09-21,222.27000427246094,2026-09-25,C,345.0,0.0,0.0,0.01,261.0,0.0,0.500005,False,2026-09-11 15:50:51+00:00,NVDA260925C00345000
NVDA,2026-09-21,222.27000427246094,2026-09-25,C,350.0,0.0,0.0,0.01,220.0,0.0,0.500005,False,2026-09-11 13:58:51+00:00,NVDA260925C00350000
NVDA,2026-09-21,222.27000427246094,2026-09-25,C,360.0,0.0,0.0,0.01,57.0,0.0,0.500005,False,2026-09-11 13:43:08+00:00,NVDA260925C00360000
NVDA,2026-09-21,222.27000427246094,2026-09-25,C,370.0,0.0,0.0,0.01,1.0,0.0,0.500005,False,2026-09-04 16:28:45+00:00,NVDA260925C00370000
NVDA,2026-09-21,222.27000427246094,2026-09-25,C,380.0,0.0,0.0,0.01,1.0,0.0,0.500005,False,2026-09-08 14:30:40+00:00,NVDA260925C00380000
NVDA,2026-09-21,222.27000427246094,2026-09-25,C,390.0,0.0,0.0,0.01,200.0,0.0,0.500005,False,2026-09-11 14:02:27+00:00,NVDA260925C00390000
NVDA,2026-09-21,222.27000427246094,2026-09-25,P,50.0,0.0,0.0,0.03,1.0,0.0,0.500005,False,2026-09-14 13:30:11+00:00,NVDA260925P00050000
NVDA,2026-09-21,222.27000427246094,2026-09-25,P,55.0,0.0,0.0,0.01,1.0,0.0,0.500005,False,2026-08-27 18:55:51+00:00,NVDA260925P00055000
NVDA,2026-09-21,222.27000427246094,2026-09-25,P,60.0,0.0,0.0,0.01,620.0,0.0,0.500005,False,2026-09-04 16:28:45+00:00,NVDA260925P00060000
NVDA,2026-09-21,222.27000427246094,2026-09-25,P,65.0,0.0,0.0,0.01,766.0,0.0,0.500005,False,2026-09-04 14:57:07+00:00,NVDA260925P00065000
NVDA,2026-09-21,222.27000427246094,2026-09-25,P,70.0,0.0,0.0,0.02,325.0,0.0,0.500005,False,2026-09-10 19:25:54+00:00,NVDA260925P00070000
NVDA,2026-09-21,222.27000427246094,2026-09-25,P,75.0,0.0,0.0,0.01,,0.0,0.500005,False,2026-09-10 19:54:07+00:00,NVDA260925P00075000
NVDA,2026-09-21,222.27000427246094,2026-09-25,P,80.0,0.0,0.0,0.01,187.0,0.0,0.500005,False,2026-09-11 15:14:30+00:00,NVDA260925P00080000
NVDA,2026-09-21,222.27000427246094,2026-09-25,P,85.0,0.0,0.0,0.02,90.0,0.0,0.500005,False,2026-09-10 17:22:59+00:00,NVDA260925P00085000
NVDA,2026-09-21,222.27000427246094,2026-09-25,P,90.0,0.0,0.0,0.01,1.0,0.0,0.500005,False,2026-09-16 19:20:12+00:00,NVDA260925P00090000
NVDA,2026-09-21,222.27000427246094,2026-09-25,P,95.0,0.0,0.0,0.01,1.0,0.0,0.500005,False,2026-09-18 15:11:27+00:00,NVDA260925P00095000
NVDA,2026-09-21,222.27000427246094,2026-09-25,P,100.0,0.0,0.0,0.01,18.0,0.0,0.500005,False,2026-09-16 19:59:49+00:00,NVDA260925P00100000
NVDA,2026-09-21,222.27000427246094,2026-09-25,P,105.0,0.0,0.0,0.01,26811.0,0.0,0.500005,False,2026-09-18 19:55:58+00:00,NVDA260925P00105000
NVDA,2026-09-21,222.27000427246094,2026-09-25,P,110.0,0.0,0.0,0.01,4425.0,0.0,0.500005,False,2026-09-18 19:58:57+00:00,NVDA260925P00110000
NVDA,2026-09-21,222.27000427246094,2026-09-25,P,115.0,0.0,0.0,0.02,430.0,0.0,0.500005,False,2026-09-18 16:53:57+00:00,NVDA260925P00115000
NVDA,2026-09-21,222.27000427246094,2026-09-25,P,120.0,0.0,0.0,0.01,1297.0,0.0,0.500005,False,2026-09-18 19:47:31+00:00,NVDA260925P00120000
NVDA,2026-09-21,222.27000427246094,2026-09-25,P,125.0,0.0,0.0,0.02,93.0,0.0,0.500005,False,2026-09-17 16:00:07+00:00,NVDA260925P00125000
NVDA,2026-09-21,222.27000427246094,2026-09-25,P,130.0,0.0,0.0,0.02,2.0,0.0,0.500005,False,2026-09-18 18:48:55+00:00,NVDA260925P00130000
NVDA,2026-09-21,222.27000427246094,2026-09-25,P,135.0,0.0,0.0,0.01,8.0,0.0,0.500005,False,2026-09-17 15:12:26+00:00,NVDA260925P00135000
NVDA,2026-09-21,222.27000427246094,2026-09-25,P,140.0,0.0,0.0,0.01,5.0,0.0,0.500005,False,2026-09-18 13:45:54+00:00,NVDA260925P00140000
NVDA,2026-09-21,222.27000427246094,2026-09-25,P,145.0,0.0,0.0,0.01,11.0,0.0,0.500005,False,2026-09-18 19:57:46+00:00,NVDA260925P00145000
NVDA,2026-09-21,222.27000427246094,2026-09-25,P,150.0,0.0,0.0,0.02,351.0,0.0,0.500005,False,2026-09-18 19:59:25+00:00,NVDA260925P00150000
NVDA,2026-09-21,222.27000427246094,2026-09-25,P,155.0,0.0,0.0,0.02,22.0,0.0,0.500005,False,2026-09-18 18:10:25+00:00,NVDA260925P00155000
NVDA,2026-09-21,222.27000427246094,2026-09-25,P,160.0,0.0,0.0,0.02,14.0,0.0,0.500005,False,2026-09-18 18:56:57+00:00,NVDA260925P00160000
NVDA,2026-09-21,222.27000427246094,2026-09-25,P,165.0,0.0,0.0,0.03,10419.0,0.0,0.500005,False,2026-09-18 19:43:35+00:00,NVDA260925P00165000
NVDA,2026-09-21,222.27000427246094,2026-09-25,P,170.0,0.0,0.0,0.03,1067.0,0.0,0.500005,False,2026-09-18 19:59:59+00:00,NVDA260925P00170000
NVDA,2026-09-21,222.27000427246094,2026-09-25,P,175.0,0.0,0.0,0.03,293.0,0.0,0.500005,False,2026-09-18 19:42:08+00:00,NVDA260925P00175000
NVDA,2026-09-21,222.27000427246094,2026-09-25,P,180.0,0.0,0.0,0.05,1444.0,0.0,0.500005,False,2026-09-18 19:58:34+00:00,NVDA260925P00180000
NVDA,2026-09-21,222.27000427246094,2026-09-25,P,185.0,0.0,0.0,0.06,5696.0,0.0,0.2500075,False,2026-09-18 19:59:43+00:00,NVDA260925P00185000
NVDA,2026-09-21,222.27000427246094,2026-09-25,P,187.5,0.0,0.0,0.06,3134.0,0.0,0.2500075,False,2026-09-18 19:40:59+00:00,NVDA260925P00187500
NVDA,2026-09-21,222.27000427246094,2026-09-25,P,190.0,0.0,0.0,0.07,10708.0,0.0,0.2500075,False,2026-09-18 19:55:09+00:00,NVDA260925P00190000
NVDA,2026-09-21,222.27000427246094,2026-09-25,P,192.5,0.0,0.0,0.1,374.0,0.0,0.2500075,False,2026-09-18 19:51:47+00:00,NVDA260925P00192500
NVDA,2026-09-21,222.27000427246094,2026-09-25,P,195.0,0.0,0.0,0.09,1102.0,0.0,0.2500075,False,2026-09-18 19:59:59+00:00,NVDA260925P00195000
NVDA,2026-09-21,222.27000427246094,2026-09-25,P,197.5,0.0,0.0,0.1,1010.0,0.0,0.2500075,False,2026-09-18 19:58:20+00:00,NVDA260925P00197500
NVDA,2026-09-21,222.27000427246094,2026-09-25,P,200.0,0.0,0.0,0.12,3904.0,0.0,0.2500075,False,2026-09-18 19:59:28+00:00,NVDA260925P00200000
NVDA,2026-09-21,222.27000427246094,2026-09-25,P,202.5,0.0,0.0,0.16,4321.0,0.0,0.12500875,False,2026-09-18 19:57:36+00:00,NVDA260925P00202500
NVDA,2026-09-21,222.27000427246094,2026-09-25,P,205.0,0.0,0.0,0.22,6373.0,0.0,0.12500875,False,2026-09-18 19:59:35+00:00,NVDA260925P00205000
NVDA,2026-09-21,222.27000427246094,2026-09-25,P,207.5,0.0,0.0,0.32,3527.0,0.0,0.12500875,False,2026-09-18 19:58:44+00:00,NVDA260925P00207500
NVDA,2026-09-21,222.27000427246094,2026-09-25,P,210.0,0.0,0.0,0.46,9960.0,0.0,0.12500875,False,2026-09-18 19:59:58+00:00,NVDA260925P00210000
NVDA,2026-09-21,222.27000427246094,2026-09-25,P,212.5,0.0,0.0,0.71,7960.0,0.0,0.12500875,False,2026-09-18 19:59:58+00:00,NVDA260925P00212500
NVDA,2026-09-21,222.27000427246094,2026-09-25,P,215.0,0.0,0.0,1.1,8496.0,0.0,0.062509375,False,2026-09-18 19:59:57+00:00,NVDA260925P00215000
NVDA,2026-09-21,222.27000427246094,2026-09-25,P,217.5,0.0,0.0,1.7,10566.0,0.0,0.062509375,False,2026-09-18 19:59:58+00:00,NVDA260925P00217500
NVDA,2026-09-21,222.27000427246094,2026-09-25,P,220.0,0.0,0.0,2.48,9994.0,0.0,0.0312596875,False,2026-09-18 19:59:59+00:00,NVDA260925P00220000
NVDA,2026-09-21,222.27000427246094,2026-09-25,P,222.5,0.0,0.0,3.62,2296.0,0.0,1.0000000000000003e-05,True,2026-09-18 19:59:56+00:00,NVDA260925P00222500
NVDA,2026-09-21,222.27000427246094,2026-09-25,P,225.0,0.0,0.0,4.9,1275.0,0.0,1.0000000000000003e-05,True,2026-09-18 19:59:39+00:00,NVDA260925P00225000
NVDA,2026-09-21,222.27000427246094,2026-09-25,P,227.5,0.0,0.0,6.6,461.0,0.0,1.0000000000000003e-05,True,2026-09-18 19:57:24+00:00,NVDA260925P00227500
NVDA,2026-09-21,222.27000427246094,2026-09-25,P,230.0,0.0,0.0,8.65,1082.0,0.0,1.0000000000000003e-05,True,2026-09-18 19:59:18+00:00,NVDA260925P00230000
NVDA,2026-09-21,222.27000427246094,2026-09-25,P,232.5,0.0,0.0,11.7,909.0,0.0,1.0000000000000003e-05,True,2026-09-18 19:55:00+00:00,NVDA260925P00232500
NVDA,2026-09-21,222.27000427246094,2026-09-25,P,235.0,0.0,0.0,14.4,266.0,0.0,1.0000000000000003e-05,True,2026-09-18 19:55:00+00:00,NVDA260925P00235000
NVDA,2026-09-21,222.27000427246094,2026-09-25,P,237.5,0.0,0.0,17.76,70.0,0.0,1.0000000000000003e-05,True,2026-09-18 19:52:44+00:00,NVDA260925P00237500
NVDA,2026-09-21,222.27000427246094,2026-09-25,P,240.0,0.0,0.0,18.13,122.0,0.0,1.0000000000000003e-05,True,2026-09-18 19:57:10+00:00,NVDA260925P00240000
NVDA,2026-09-21,222.27000427246094,2026-09-25,P,242.5,0.0,0.0,22.78,91.0,0.0,1.0000000000000003e-05,True,2026-09-18 17:54:36+00:00,NVDA260925P00242500
NVDA,2026-09-21,222.27000427246094,2026-09-25,P,245.0,0.0,0.0,25.17,8.0,0.0,1.0000000000000003e-05,True,2026-09-18 19:54:29+00:00,NVDA260925P00245000
NVDA,2026-09-21,222.27000427246094,2026-09-25,P,250.0,0.0,0.0,33.5,1.0,0.0,1.0000000000000003e-05,True,2026-09-17 13:30:05+00:00,NVDA260925P00250000
NVDA,2026-09-21,222.27000427246094,2026-09-25,P,252.5,0.0,0.0,33.1,1.0,0.0,1.0000000000000003e-05,True,2026-09-18 14:39:11+00:00,NVDA260925P00252500
NVDA,2026-09-21,222.27000427246094,2026-09-25,P,255.0,0.0,0.0,35.65,2.0,0.0,1.0000000000000003e-05,True,2026-09-18 14:48:46+00:00,NVDA260925P00255000
NVDA,2026-09-21,222.27000427246094,2026-09-25,P,257.5,0.0,0.0,46.0,,0.0,1.0000000000000003e-05,True,2026-09-14 19:55:00+00:00,NVDA260925P00257500
NVDA,2026-09-21,222.27000427246094,2026-09-25,P,260.0,0.0,0.0,40.08,1.0,0.0,1.0000000000000003e-05,True,2026-09-18 17:22:13+00:00,NVDA260925P00260000
NVDA,2026-09-21,222.27000427246094,2026-09-25,P,265.0,0.0,0.0,45.17,2.0,0.0,1.0000000000000003e-05,True,2026-09-18 17:35:59+00:00,NVDA260925P00265000
NVDA,2026-09-21,222.27000427246094,2026-09-25,P,270.0,0.0,0.0,57.25,1.0,0.0,1.0000000000000003e-05,True,2026-09-15 14:00:34+00:00,NVDA260925P00270000
NVDA,2026-09-21,222.27000427246094,2026-09-25,P,275.0,0.0,0.0,49.5,,0.0,1.0000000000000003e-05,True,2026-08-28 15:08:34+00:00,NVDA260925P00275000
NVDA,2026-09-21,222.27000427246094,2026-09-25,P,280.0,0.0,0.0,66.25,1.0,0.0,1.0000000000000003e-05,True,2026-09-16 13:39:59+00:00,NVDA260925P00280000
NVDA,2026-09-21,222.27000427246094,2026-09-25,P,285.0,0.0,0.0,71.25,1.0,0.0,1.0000000000000003e-05,True,2026-09-16 13:39:59+00:00,NVDA260925P00285000
NVDA,2026-09-21,222.27000427246094,2026-09-25,P,290.0,0.0,0.0,64.9,,0.0,1.0000000000000003e-05,True,2026-08-17 19:53:30+00:00,NVDA260925P00290000
NVDA,2026-09-21,222.27000427246094,2026-09-25,P,300.0,0.0,0.0,85.0,1.0,0.0,1.0000000000000003e-05,True,2026-09-16 13:53:27+00:00,NVDA260925P00300000
NVDA,2026-09-21,222.27000427246094,2026-09-25,P,325.0,0.0,0.0,93.0,1.0,0.0,1.0000000000000003e-05,True,2026-09-04 15:33:47+00:00,NVDA260925P00325000
NVDA,2026-09-21,222.27000427246094,2026-09-25,P,330.0,0.0,0.0,110.25,5.0,0.0,1.0000000000000003e-05,True,2026-09-18 15:30:57+00:00,NVDA260925P00330000
NVDA,2026-09-21,222.27000427246094,2026-09-25,P,350.0,0.0,0.0,118.95,2.0,0.0,1.0000000000000003e-05,True,2026-09-04 17:08:31+00:00,NVDA260925P00350000
NVDA,2026-09-21,222.27000427246094,2026-09-25,P,360.0,0.0,0.0,146.15,,0.0,1.0000000000000003e-05,True,2026-09-16 19:59:33+00:00,NVDA260925P00360000
NVDA,2026-09-21,222.27000427246094,2026-09-28,C,165.0,0.0,0.0,55.25,1.0,0.0,1.0000000000000003e-05,True,2026-09-18 14:10:48+00:00,NVDA260928C00165000
NVDA,2026-09-21,222.27000427246094,2026-09-28,C,170.0,0.0,0.0,52.1,5.0,0.0,1.0000000000000003e-05,True,2026-09-18 19:55:04+00:00,NVDA260928C00170000
NVDA,2026-09-21,222.27000427246094,2026-09-28,C,175.0,0.0,0.0,44.36,1.0,0.0,1.0000000000000003e-05,True,2026-09-18 13:38:53+00:00,NVDA260928C00175000
NVDA,2026-09-21,222.27000427246094,2026-09-28,C,180.0,0.0,0.0,35.48,,0.0,1.0000000000000003e-05,True,2026-09-16 14:24:08+00:00,NVDA260928C00180000
NVDA,2026-09-21,222.27000427246094,2026-09-28,C,185.0,0.0,0.0,34.79,2.0,0.0,1.0000000000000003e-05,True,2026-09-18 13:57:50+00:00,NVDA260928C00185000
NVDA,2026-09-21,222.27000427246094,2026-09-28,C,190.0,0.0,0.0,29.9,1.0,0.0,1.0000000000000003e-05,True,2026-09-18 14:01:09+00:00,NVDA260928C00190000
NVDA,2026-09-21,222.27000427246094,2026-09-28,C,195.0,0.0,0.0,25.33,2.0,0.0,1.0000000000000003e-05,True,2026-09-18 17:25:21+00:00,NVDA260928C00195000
NVDA,2026-09-21,222.27000427246094,2026-09-28,C,200.0,0.0,0.0,19.93,82.0,0.0,1.0000000000000003e-05,True,2026-09-18 19:12:23+00:00,NVDA260928C00200000
NVDA,2026-09-21,222.27000427246094,2026-09-28,C,202.5,0.0,0.0,17.75,4.0,0.0,1.0000000000000003e-05,True,2026-09-18 17:50:40+00:00,NVDA260928C00202500
NVDA,2026-09-21,222.27000427246094,2026-09-28,C,205.0,0.0,0.0,17.1,421.0,0.0,1.0000000000000003e-05,True,2026-09-18 19:55:02+00:00,NVDA260928C00205000
NVDA,2026-09-21,222.27000427246094,2026-09-28,C,207.5,0.0,0.0,15.6,246.0,0.0,1.0000000000000003e-05,True,2026-09-18 19:57:31+00:00,NVDA260928C00207500
NVDA,2026-09-21,222.27000427246094,2026-09-28,C,210.0,0.0,0.0,13.0,559.0,0.0,1.0000000000000003e-05,True,2026-09-18 19:59:52+00:00,NVDA260928C00210000
NVDA,2026-09-21,222.27000427246094,2026-09-28,C,212.5,0.0,0.0,10.92,372.0,0.0,1.0000000000000003e-05,True,2026-09-18 19:55:18+00:00,NVDA260928C00212500
NVDA,2026-09-21,222.27000427246094,2026-09-28,C,215.0,0.0,0.0,8.65,289.0,0.0,1.0000000000000003e-05,True,2026-09-18 19:59:54+00:00,NVDA260928C00215000
NVDA,2026-09-21,222.27000427246094,2026-09-28,C,217.5,0.0,0.0,6.85,460.0,0.0,1.0000000000000003e-05,True,2026-09-18 19:59:59+00:00,NVDA260928C00217500
NVDA,2026-09-21,222.27000427246094,2026-09-28,C,220.0,0.0,0.0,5.2,3446.0,0.0,1.0000000000000003e-05,True,2026-09-18 19:59:59+00:00,NVDA260928C00220000
NVDA,2026-09-21,222.27000427246094,2026-09-28,C,222.5,0.0,0.0,3.78,1291.0,0.0,0.00196310546875,False,2026-09-18 19:59:53+00:00,NVDA260928C00222500
NVDA,2026-09-21,222.27000427246094,2026-09-28,C,225.0,0.0,0.0,2.63,10296.0,0.0,0.015634843750000002,False,2026-09-18 19:59:49+00:00,NVDA260928C00225000
NVDA,2026-09-21,222.27000427246094,2026-09-28,C,227.5,0.0,0.0,1.8,794.0,0.0,0.0312596875,False,2026-09-18 19:59:47+00:00,NVDA260928C00227500
NVDA,2026-09-21,222.27000427246094,2026-09-28,C,230.0,0.0,0.0,1.17,3391.0,0.0,0.062509375,False,2026-09-18 19:59:56+00:00,NVDA260928C00230000
NVDA,2026-09-21,222.27000427246094,2026-09-28,C,232.5,0.0,0.0,0.78,388.0,0.0,0.062509375,False,2026-09-18 19:59:59+00:00,NVDA260928C00232500
NVDA,2026-09-21,222.27000427246094,2026-09-28,C,235.0,0.0,0.0,0.49,191.0,0.0,0.062509375,False,2026-09-18 19:59:46+00:00,NVDA260928C00235000
NVDA,2026-09-21,222.27000427246094,2026-09-28,C,237.5,0.0,0.0,0.29,77.0,0.0,0.12500875,False,2026-09-18 19:59:24+00:00,NVDA260928C00237500
NVDA,2026-09-21,222.27000427246094,2026-09-28,C,240.0,0.0,0.0,0.19,201.0,0.0,0.12500875,False,2026-09-18 19:59:59+00:00,NVDA260928C00240000
NVDA,2026-09-21,222.27000427246094,2026-09-28,C,242.5,0.0,0.0,0.09,59.0,0.0,0.12500875,False,2026-09-18 19:05:41+00:00,NVDA260928C00242500
NVDA,2026-09-21,222.27000427246094,2026-09-28,C,245.0,0.0,0.0,0.09,26.0,0.0,0.12500875,False,2026-09-18 19:59:27+00:00,NVDA260928C00245000
NVDA,2026-09-21,222.27000427246094,2026-09-28,C,247.5,0.0,0.0,0.07,6.0,0.0,0.12500875,False,2026-09-18 19:57:18+00:00,NVDA260928C00247500
NVDA,2026-09-21,222.27000427246094,2026-09-28,C,250.0,0.0,0.0,0.03,40.0,0.0,0.12500875,False,2026-09-18 17:56:28+00:00,NVDA260928C00250000
NVDA,2026-09-21,222.27000427246094,2026-09-28,C,255.0,0.0,0.0,0.03,3.0,0.0,0.2500075,False,2026-09-18 19:19:41+00:00,NVDA260928C00255000
NVDA,2026-09-21,222.27000427246094,2026-09-28,C,260.0,0.0,0.0,0.02,1.0,0.0,0.2500075,False,2026-09-18 13:33:36+00:00,NVDA260928C00260000
NVDA,2026-09-21,222.27000427246094,2026-09-28,C,265.0,0.0,0.0,0.02,1.0,0.0,0.2500075,False,2026-09-18 14:24:00+00:00,NVDA260928C00265000
NVDA,2026-09-21,222.27000427246094,2026-09-28,C,275.0,0.0,0.0,0.01,415.0,0.0,0.2500075,False,2026-09-18 19:10:19+00:00,NVDA260928C00275000
NVDA,2026-09-21,222.27000427246094,2026-09-28,C,280.0,0.0,0.0,0.01,,0.0,0.2500075,False,2026-09-17 16:01:26+00:00,NVDA260928C00280000
NVDA,2026-09-21,222.27000427246094,2026-09-28,C,295.0,0.0,0.0,0.02,,0.0,0.500005,False,2026-09-14 16:09:29+00:00,NVDA260928C00295000
NVDA,2026-09-21,222.27000427246094,2026-09-28,P,100.0,0.0,0.0,0.01,120.0,0.0,0.500005,False,2026-09-18 19:26:46+00:00,NVDA260928P00100000
NVDA,2026-09-21,222.27000427246094,2026-09-28,P,105.0,0.0,0.0,0.01,19.0,0.0,0.500005,False,2026-09-18 18:46:06+00:00,NVDA260928P00105000
NVDA,2026-09-21,222.27000427246094,2026-09-28,P,110.0,0.0,0.0,0.02,,0.0,0.500005,False,2026-09-17 17:47:24+00:00,NVDA260928P00110000
NVDA,2026-09-21,222.27000427246094,2026-09-28,P,140.0,0.0,0.0,0.03,3.0,0.0,0.500005,False,2026-09-18 15:50:57+00:00,NVDA260928P00140000
NVDA,2026-09-21,222.27000427246094,2026-09-28,P,150.0,0.0,0.0,0.02,,0.0,0.500005,False,2026-09-17 17:51:41+00:00,NVDA260928P00150000
NVDA,2026-09-21,222.27000427246094,2026-09-28,P,155.0,0.0,0.0,0.03,65.0,0.0,0.500005,False,2026-09-18 19:10:44+00:00,NVDA260928P00155000
NVDA,2026-09-21,222.27000427246094,2026-09-28,P,160.0,0.0,0.0,0.03,65.0,0.0,0.500005,False,2026-09-18 19:10:42+00:00,NVDA260928P00160000
NVDA,2026-09-21,222.27000427246094,2026-09-28,P,165.0,0.0,0.0,0.04,,0.0,0.500005,False,2026-09-17 17:47:43+00:00,NVDA260928P00165000
NVDA,2026-09-21,222.27000427246094,2026-09-28,P,170.0,0.0,0.0,0.05,,0.0,0.500005,False,2026-09-17 19:31:16+00:00,NVDA260928P00170000
NVDA,2026-09-21,222.27000427246094,2026-09-28,P,175.0,0.0,0.0,0.07,40.0,0.0,0.2500075,False,2026-09-18 15:42:02+00:00,NVDA260928P00175000
NVDA,2026-09-21,222.27000427246094,2026-09-28,P,180.0,0.0,0.0,0.07,12.0,0.0,0.2500075,False,2026-09-18 19:24:16+00:00,NVDA260928P00180000
NVDA,2026-09-21,222.27000427246094,2026-09-28,P,185.0,0.0,0.0,0.09,74.0,0.0,0.2500075,False,2026-09-18 19:01:47+00:00,NVDA260928P00185000
NVDA,2026-09-21,222.27000427246094,2026-09-28,P,190.0,0.0,0.0,0.1,36.0,0.0,0.2500075,False,2026-09-18 19:54:49+00:00,NVDA260928P00190000
NVDA,2026-09-21,222.27000427246094,2026-09-28,P,195.0,0.0,0.0,0.18,14.0,0.0,0.2500075,False,2026-09-18 16:17:28+00:00,NVDA260928P00195000
NVDA,2026-09-21,222.27000427246094,2026-09-28,P,197.5,0.0,0.0,0.21,2.0,,0.12500875,False,2026-09-18 19:03:50+00:00,NVDA260928P00197500
NVDA,2026-09-21,222.27000427246094,2026-09-28,P,200.0,0.0,0.0,0.16,113.0,0.0,0.12500875,False,2026-09-18 19:55:12+00:00,NVDA260928P00200000
NVDA,2026-09-21,222.27000427246094,2026-09-28,P,202.5,0.0,0.0,0.22,76.0,0.0,0.12500875,False,2026-09-18 19:55:12+00:00,NVDA260928P00202500
NVDA,2026-09-21,222.27000427246094,2026-09-28,P,205.0,0.0,0.0,0.34,265.0,0.0,0.12500875,False,2026-09-18 19:59:08+00:00,NVDA260928P00205000
NVDA,2026-09-21,222.27000427246094,2026-09-28,P,207.5,0.0,0.0,0.43,87.0,0.0,0.12500875,False,2026-09-18 19:57:47+00:00,NVDA260928P00207500
NVDA,2026-09-21,222.27000427246094,2026-09-28,P,210.0,0.0,0.0,0.66,1211.0,0.0,0.062509375,False,2026-09-18 19:59:28+00:00,NVDA260928P00210000
NVDA,2026-09-21,222.27000427246094,2026-09-28,P,212.5,0.0,0.0,0.96,253.0,0.0,0.062509375,False,2026-09-18 19:59:44+00:00,NVDA260928P00212500
NVDA,2026-09-21,222.27000427246094,2026-09-28,P,215.0,0.0,0.0,1.4,479.0,0.0,0.062509375,False,2026-09-18 19:59:30+00:00,NVDA260928P00215000
NVDA,2026-09-21,222.27000427246094,2026-09-28,P,217.5,0.0,0.0,2.05,591.0,0.0,0.0312596875,False,2026-09-18 19:59:45+00:00,NVDA260928P00217500
NVDA,2026-09-21,222.27000427246094,2026-09-28,P,220.0,0.0,0.0,2.85,690.0,0.0,0.015634843750000002,False,2026-09-18 19:59:40+00:00,NVDA260928P00220000
NVDA,2026-09-21,222.27000427246094,2026-09-28,P,222.5,0.0,0.0,4.05,167.0,0.0,1.0000000000000003e-05,True,2026-09-18 19:59:50+00:00,NVDA260928P00222500
NVDA,2026-09-21,222.27000427246094,2026-09-28,P,225.0,0.0,0.0,5.41,243.0,0.0,1.0000000000000003e-05,True,2026-09-18 19:59:57+00:00,NVDA260928P00225000
NVDA,2026-09-21,222.27000427246094,2026-09-28,P,227.5,0.0,0.0,6.9,273.0,0.0,1.0000000000000003e-05,True,2026-09-18 19:55:16+00:00,NVDA260928P00227500
NVDA,2026-09-21,222.27000427246094,2026-09-28,P,230.0,0.0,0.0,10.75,46.0,0.0,1.0000000000000003e-05,True,2026-09-18 19:54:29+00:00,NVDA260928P00230000
NVDA,2026-09-21,222.27000427246094,2026-09-28,P,232.5,0.0,0.0,13.1,60.0,0.0,1.0000000000000003e-05,True,2026-09-18 19:42:59+00:00,NVDA260928P00232500
NVDA,2026-09-21,222.27000427246094,2026-09-28,P,235.0,0.0,0.0,15.65,80.0,0.0,1.0000000000000003e-05,True,2026-09-18 16:38:35+00:00,NVDA260928P00235000
NVDA,2026-09-21,222.27000427246094,2026-09-28,P,237.5,0.0,0.0,17.9,,0.0,1.0000000000000003e-05,True,2026-09-17 19:54:40+00:00,NVDA260928P00237500
NVDA,2026-09-21,222.27000427246094,2026-09-28,P,240.0,0.0,0.0,26.2,,0.0,1.0000000000000003e-05,True,2026-09-16 19:55:00+00:00,NVDA260928P00240000
NVDA,2026-09-21,222.27000427246094,2026-09-28,P,247.5,0.0,0.0,27.6,2.0,0.0,1.0000000000000003e-05,True,2026-09-18 14:26:42+00:00,NVDA260928P00247500
NVDA,2026-09-21,222.27000427246094,2026-09-28,P,250.0,0.0,0.0,35.6,,0.0,1.0000000000000003e-05,True,2026-09-16 19:49:59+00:00,NVDA260928P00250000
NVDA,2026-09-21,222.27000427246094,2026-09-30,C,150.0,0.0,0.0,69.25,,0.0,1.0000000000000003e-05,True,2026-09-17 16:40:30+00:00,NVDA260930C00150000
NVDA,2026-09-21,222.27000427246094,2026-09-30,C,185.0,0.0,0.0,32.45,,0.0,1.0000000000000003e-05,True,2026-09-17 13:36:22+00:00,NVDA260930C00185000
NVDA,2026-09-21,222.27000427246094,2026-09-30,C,190.0,0.0,0.0,29.58,,0.0,1.0000000000000003e-05,True,2026-09-17 13:59:21+00:00,NVDA260930C00190000
NVDA,2026-09-21,222.27000427246094,2026-09-30,C,195.0,0.0,0.0,24.84,,0.0,1.0000000000000003e-05,True,2026-09-17 15:01:15+00:00,NVDA260930C00195000
NVDA,2026-09-21,222.27000427246094,2026-09-30,C,200.0,0.0,0.0,22.66,4.0,0.0,1.0000000000000003e-05,True,2026-09-18 19:59:28+00:00,NVDA260930C00200000
NVDA,2026-09-21,222.27000427246094,2026-09-30,C,202.5,0.0,0.0,18.7,15.0,0.0,1.0000000000000003e-05,True,2026-09-18 14:20:08+00:00,NVDA260930C00202500
NVDA,2026-09-21,222.27000427246094,2026-09-30,C,205.0,0.0,0.0,15.73,197.0,0.0,1.0000000000000003e-05,True,2026-09-18 19:53:20+00:00,NVDA260930C00205000
NVDA,2026-09-21,222.27000427246094,2026-09-30,C,207.5,0.0,0.0,13.47,155.0,0.0,1.0000000000000003e-05,True,2026-09-18 19:38:55+00:00,NVDA260930C00207500
NVDA,2026-09-21,222.27000427246094,2026-09-30,C,210.0,0.0,0.0,13.3,704.0,0.0,1.0000000000000003e-05,True,2026-09-18 19:58:21+00:00,NVDA260930C00210000
NVDA,2026-09-21,222.27000427246094,2026-09-30,C,212.5,0.0,0.0,11.1,536.0,0.0,1.0000000000000003e-05,True,2026-09-18 19:56:36+00:00,NVDA260930C00212500
NVDA,2026-09-21,222.27000427246094,2026-09-30,C,215.0,0.0,0.0,9.25,285.0,0.0,1.0000000000000003e-05,True,2026-09-18 19:59:44+00:00,NVDA260930C00215000
NVDA,2026-09-21,222.27000427246094,2026-09-30,C,217.5,0.0,0.0,7.45,1568.0,0.0,1.0000000000000003e-05,True,2026-09-18 19:59:15+00:00,NVDA260930C00217500
NVDA,2026-09-21,222.27000427246094,2026-09-30,C,220.0,0.0,0.0,5.81,1838.0,0.0,1.0000000000000003e-05,True,2026-09-18 19:59:57+00:00,NVDA260930C00220000
NVDA,2026-09-21,222.27000427246094,2026-09-30,C,222.5,0.0,0.0,4.44,492.0,0.0,0.00196310546875,False,2026-09-18 19:59:57+00:00,NVDA260930C00222500
NVDA,2026-09-21,222.27000427246094,2026-09-30,C,225.0,0.0,0.0,3.35,1357.0,0.0,0.015634843750000002,False,2026-09-18 19:59:44+00:00,NVDA260930C00225000
NVDA,2026-09-21,222.27000427246094,2026-09-30,C,227.5,0.0,0.0,2.4,346.0,0.0,0.0312596875,False,2026-09-18 19:59:57+00:00,NVDA260930C00227500
NVDA,2026-09-21,222.27000427246094,2026-09-30,C,230.0,0.0,0.0,1.65,765.0,0.0,0.062509375,False,2026-09-18 19:59:59+00:00,NVDA260930C00230000
NVDA,2026-09-21,222.27000427246094,2026-09-30,C,232.5,0.0,0.0,1.14,78.0,0.0,0.062509375,False,2026-09-18 19:59:02+00:00,NVDA260930C00232500
NVDA,2026-09-21,222.27000427246094,2026-09-30,C,235.0,0.0,0.0,0.8,501.0,0.0,0.062509375,False,2026-09-18 19:59:52+00:00,NVDA260930C00235000
NVDA,2026-09-21,222.27000427246094,2026-09-30,C,237.5,0.0,0.0,0.55,258.0,0.0,0.12500875,False,2026-09-18 19:58:16+00:00,NVDA260930C00237500
NVDA,2026-09-21,222.27000427246094,2026-09-30,C,240.0,0.0,0.0,0.36,472.0,0.0,0.12500875,False,2026-09-18 19:59:10+00:00,NVDA260930C00240000
NVDA,2026-09-21,222.27000427246094,2026-09-30,C,242.5,0.0,0.0,0.26,9.0,0.0,0.12500875,False,2026-09-18 19:55:10+00:00,NVDA260930C00242500
NVDA,2026-09-21,222.27000427246094,2026-09-30,C,245.0,0.0,0.0,0.19,23.0,0.0,0.12500875,False,2026-09-18 19:58:57+00:00,NVDA260930C00245000
NVDA,2026-09-21,222.27000427246094,2026-09-30,C,247.5,0.0,0.0,0.09,4.0,0.0,0.12500875,False,2026-09-18 18:23:40+00:00,NVDA260930C00247500
NVDA,2026-09-21,222.27000427246094,2026-09-30,C,250.0,0.0,0.0,0.11,18.0,0.0,0.12500875,False,2026-09-18 19:58:07+00:00,NVDA260930C00250000
NVDA,2026-09-21,222.27000427246094,2026-09-30,C,255.0,0.0,0.0,0.06,1.0,0.0,0.12500875,False,2026-09-18 19:58:00+00:00,NVDA260930C00255000
NVDA,2026-09-21,222.27000427246094,2026-09-30,C,260.0,0.0,0.0,0.05,,0.0,0.2500075,False,2026-09-17 13:48:41+00:00,NVDA260930C00260000
NVDA,2026-09-21,222.27000427246094,2026-09-30,C,265.0,0.0,0.0,0.04,5.0,0.0,0.2500075,False,2026-09-18 19:39:07+00:00,NVDA260930C00265000
NVDA,2026-09-21,222.27000427246094,2026-09-30,C,280.0,0.0,0.0,0.02,21.0,0.0,0.2500075,False,2026-09-18 17:44:14+00:00,NVDA260930C00280000
NVDA,2026-09-21,222.27000427246094,2026-09-30,C,285.0,0.0,0.0,0.04,,0.0,0.2500075,False,2026-09-17 13:38:30+00:00,NVDA260930C00285000
NVDA,2026-09-21,222.27000427246094,2026-09-30,P,125.0,0.0,0.0,0.04,,0.0,0.500005,False,2026-09-16 17:06:50+00:00,NVDA260930P00125000
NVDA,2026-09-21,222.27000427246094,2026-09-30,P,130.0,0.0,0.0,0.05,,0.0,0.500005,False,2026-09-16 18:33:48+00:00,NVDA260930P00130000
NVDA,2026-09-21,222.27000427246094,2026-09-30,P,135.0,0.0,0.0,0.03,8.0,0.0,0.500005,False,2026-09-18 14:44:34+00:00,NVDA260930P00135000
NVDA,2026-09-21,222.27000427246094,2026-09-30,P,140.0,0.0,0.0,0.02,1.0,0.0,0.500005,False,2026-09-18 17:07:32+00:00,NVDA260930P00140000
NVDA,2026-09-21,222.27000427246094,2026-09-30,P,145.0,0.0,0.0,0.05,,0.0,0.500005,False,2026-09-17 14:49:48+00:00,NVDA260930P00145000
NVDA,2026-09-21,222.27000427246094,2026-09-30,P,150.0,0.0,0.0,0.1,,0.0,0.500005,False,2026-09-15 19:55:41+00:00,NVDA260930P00150000
NVDA,2026-09-21,222.27000427246094,2026-09-30,P,155.0,0.0,0.0,0.04,,0.0,0.500005,False,2026-09-17 19:32:17+00:00,NVDA260930P00155000
NVDA,2026-09-21,222.27000427246094,2026-09-30,P,160.0,0.0,0.0,0.06,200.0,0.0,0.500005,False,2026-09-18 19:33:10+00:00,NVDA260930P00160000
NVDA,2026-09-21,222.27000427246094,2026-09-30,P,165.0,0.0,0.0,0.1,,0.0,0.500005,False,2026-09-16 13:54:11+00:00,NVDA260930P00165000
NVDA,2026-09-21,222.27000427246094,2026-09-30,P,170.0,0.0,0.0,0.08,3.0,0.0,0.2500075,False,2026-09-18 15:50:57+00:00,NVDA260930P00170000
NVDA,2026-09-21,222.27000427246094,2026-09-30,P,175.0,0.0,0.0,0.09,2.0,0.0,0.2500075,False,2026-09-18 18:22:17+00:00,NVDA260930P00175000
NVDA,2026-09-21,222.27000427246094,2026-09-30,P,180.0,0.0,0.0,0.09,148.0,0.0,0.2500075,False,2026-09-18 19:55:06+00:00,NVDA260930P00180000
NVDA,2026-09-21,222.27000427246094,2026-09-30,P,185.0,0.0,0.0,0.16,22.0,0.0,0.2500075,False,2026-09-18 18:57:04+00:00,NVDA260930P00185000
NVDA,2026-09-21,222.27000427246094,2026-09-30,P,187.5,0.0,0.0,0.17,30.0,,0.2500075,False,2026-09-18 19:34:48+00:00,NVDA260930P00187500
NVDA,2026-09-21,222.27000427246094,2026-09-30,P,190.0,0.0,0.0,0.19,44.0,0.0,0.2500075,False,2026-09-18 19:11:25+00:00,NVDA260930P00190000
NVDA,2026-09-21,222.27000427246094,2026-09-30,P,192.5,0.0,0.0,0.2,9.0,,0.2500075,False,2026-09-18 19:54:32+00:00,NVDA260930P00192500
NVDA,2026-09-21,222.27000427246094,2026-09-30,P,195.0,0.0,0.0,0.26,48.0,0.0,0.12500875,False,2026-09-18 19:10:19+00:00,NVDA260930P00195000
NVDA,2026-09-21,222.27000427246094,2026-09-30,P,197.5,0.0,0.0,0.25,16.0,,0.12500875,False,2026-09-18 19:55:36+00:00,NVDA260930P00197500
NVDA,2026-09-21,222.27000427246094,2026-09-30,P,200.0,0.0,0.0,0.32,81.0,0.0,0.12500875,False,2026-09-18 19:59:13+00:00,NVDA260930P00200000
NVDA,2026-09-21,222.27000427246094,2026-09-30,P,202.5,0.0,0.0,0.4,65.0,0.0,0.12500875,False,2026-09-18 19:59:13+00:00,NVDA260930P00202500
NVDA,2026-09-21,222.27000427246094,2026-09-30,P,205.0,0.0,0.0,0.57,193.0,0.0,0.12500875,False,2026-09-18 19:58:34+00:00,NVDA260930P00205000
NVDA,2026-09-21,222.27000427246094,2026-09-30,P,207.5,0.0,0.0,0.95,117.0,0.0,0.12500875,False,2026-09-18 19:39:50+00:00,NVDA260930P00207500
NVDA,2026-09-21,222.27000427246094,2026-09-30,P,210.0,0.0,0.0,1.0,251.0,0.0,0.062509375,False,2026-09-18 19:59:42+00:00,NVDA260930P00210000
NVDA,2026-09-21,222.27000427246094,2026-09-30,P,212.5,0.0,0.0,1.43,3701.0,0.0,0.062509375,False,2026-09-18 19:58:35+00:00,NVDA260930P00212500
NVDA,2026-09-21,222.27000427246094,2026-09-30,P,215.0,0.0,0.0,2.0,432.0,0.0,0.062509375,False,2026-09-18 19:56:54+00:00,NVDA260930P00215000
NVDA,2026-09-21,222.27000427246094,2026-09-30,P,217.5,0.0,0.0,2.58,125.0,0.0,0.0312596875,False,2026-09-18 19:57:53+00:00,NVDA260930P00217500
NVDA,2026-09-21,222.27000427246094,2026-09-30,P,220.0,0.0,0.0,3.6,358.0,0.0,0.015634843750000002,False,2026-09-18 19:59:15+00:00,NVDA260930P00220000
NVDA,2026-09-21,222.27000427246094,2026-09-30,P,222.5,0.0,0.0,5.05,217.0,0.0,1.0000000000000003e-05,True,2026-09-18 19:55:00+00:00,NVDA260930P00222500
NVDA,2026-09-21,222.27000427246094,2026-09-30,P,225.0,0.0,0.0,6.11,99.0,0.0,1.0000000000000003e-05,True,2026-09-18 19:58:26+00:00,NVDA260930P00225000
NVDA,2026-09-21,222.27000427246094,2026-09-30,P,227.5,0.0,0.0,9.35,138.0,0.0,1.0000000000000003e-05,True,2026-09-18 19:30:34+00:00,NVDA260930P00227500
NVDA,2026-09-21,222.27000427246094,2026-09-30,P,230.0,0.0,0.0,11.34,117.0,0.0,1.0000000000000003e-05,True,2026-09-18 18:58:54+00:00,NVDA260930P00230000
NVDA,2026-09-21,222.27000427246094,2026-09-30,P,232.5,0.0,0.0,13.52,,0.0,1.0000000000000003e-05,True,2026-09-17 19:37:02+00:00,NVDA260930P00232500
NVDA,2026-09-21,222.27000427246094,2026-09-30,P,240.0,0.0,0.0,20.5,,0.0,1.0000000000000003e-05,True,2026-09-17 14:23:05+00:00,NVDA260930P00240000
NVDA,2026-09-21,222.27000427246094,2026-10-02,C,60.0,0.0,0.0,164.85,,0.0,1.0000000000000003e-05,True,2026-08-27 14:23:42+00:00,NVDA261002C00060000
NVDA,2026-09-21,222.27000427246094,2026-10-02,C,80.0,0.0,0.0,139.25,10.0,0.0,1.0000000000000003e-05,True,2026-09-18 14:45:43+00:00,NVDA261002C00080000
NVDA,2026-09-21,222.27000427246094,2026-10-02,C,85.0,0.0,0.0,134.59,2.0,0.0,1.0000000000000003e-05,True,2026-09-18 16:00:35+00:00,NVDA261002C00085000
NVDA,2026-09-21,222.27000427246094,2026-10-02,C,90.0,0.0,0.0,129.68,3.0,0.0,1.0000000000000003e-05,True,2026-09-18 18:03:44+00:00,NVDA261002C00090000
NVDA,2026-09-21,222.27000427246094,2026-10-02,C,100.0,0.0,0.0,119.8,11.0,0.0,1.0000000000000003e-05,True,2026-09-18 18:20:06+00:00,NVDA261002C00100000
NVDA,2026-09-21,222.27000427246094,2026-10-02,C,105.0,0.0,0.0,108.12,,0.0,1.0000000000000003e-05,True,2026-09-15 14:03:53+00:00,NVDA261002C00105000
NVDA,2026-09-21,222.27000427246094,2026-10-02,C,110.0,0.0,0.0,102.03,1.0,0.0,1.0000000000000003e-05,True,2026-08-26 17:54:54+00:00,NVDA261002C00110000
NVDA,2026-09-21,222.27000427246094,2026-10-02,C,115.0,0.0,0.0,96.9,1.0,0.0,1.0000000000000003e-05,True,2026-09-14 19:52:31+00:00,NVDA261002C00115000
NVDA,2026-09-21,222.27000427246094,2026-10-02,C,120.0,0.0,0.0,97.77,2.0,0.0,1.0000000000000003e-05,True,2026-09-10 17:24:30+00:00,NVDA261002C00120000
NVDA,2026-09-21,222.27000427246094,2026-10-02,C,125.0,0.0,0.0,94.36,2.0,0.0,1.0000000000000003e-05,True,2026-09-11 19:02:04+00:00,NVDA261002C00125000
NVDA,2026-09-21,222.27000427246094,2026-10-02,C,130.0,0.0,0.0,89.7,4.0,0.0,1.0000000000000003e-05,True,2026-09-17 18:11:06+00:00,NVDA261002C00130000
NVDA,2026-09-21,222.27000427246094,2026-10-02,C,135.0,0.0,0.0,84.9,1.0,0.0,1.0000000000000003e-05,True,2026-09-17 19:04:01+00:00,NVDA261002C00135000
NVDA,2026-09-21,222.27000427246094,2026-10-02,C,140.0,0.0,0.0,80.19,100.0,0.0,1.0000000000000003e-05,True,2026-09-18 17:21:52+00:00,NVDA261002C00140000
NVDA,2026-09-21,222.27000427246094,2026-10-02,C,145.0,0.0,0.0,74.8,4.0,0.0,1.0000000000000003e-05,True,2026-09-18 18:03:44+00:00,NVDA261002C00145000
NVDA,2026-09-21,222.27000427246094,2026-10-02,C,150.0,0.0,0.0,69.9,3.0,0.0,1.0000000000000003e-05,True,2026-09-17 19:03:32+00:00,NVDA261002C00150000
NVDA,2026-09-21,222.27000427246094,2026-10-02,C,155.0,0.0,0.0,65.21,75.0,0.0,1.0000000000000003e-05,True,2026-09-18 15:30:29+00:00,NVDA261002C00155000
NVDA,2026-09-21,222.27000427246094,2026-10-02,C,160.0,0.0,0.0,60.06,1.0,0.0,1.0000000000000003e-05,True,2026-09-18 19:38:09+00:00,NVDA261002C00160000
NVDA,2026-09-21,222.27000427246094,2026-10-02,C,165.0,0.0,0.0,47.76,1.0,0.0,1.0000000000000003e-05,True,2026-09-15 14:56:27+00:00,NVDA261002C00165000
NVDA,2026-09-21,222.27000427246094,2026-10-02,C,170.0,0.0,0.0,50.23,5.0,0.0,1.0000000000000003e-05,True,2026-09-18 17:45:17+00:00,NVDA261002C00170000
NVDA,2026-09-21,222.27000427246094,2026-10-02,C,175.0,0.0,0.0,45.2,5.0,0.0,1.0000000000000003e-05,True,2026-09-18 19:47:57+00:00,NVDA261002C00175000
NVDA,2026-09-21,222.27000427246094,2026-10-02,C,180.0,0.0,0.0,42.24,138.0,0.0,1.0000000000000003e-05,True,2026-09-18 19:56:42+00:00,NVDA261002C00180000
NVDA,2026-09-21,222.27000427246094,2026-10-02,C,185.0,0.0,0.0,35.3,13.0,0.0,1.0000000000000003e-05,True,2026-09-18 19:38:47+00:00,NVDA261002C00185000
NVDA,2026-09-21,222.27000427246094,2026-10-02,C,190.0,0.0,0.0,32.6,48.0,0.0,1.0000000000000003e-05,True,2026-09-18 19:58:18+00:00,NVDA261002C00190000
NVDA,2026-09-21,222.27000427246094,2026-10-02,C,192.5,0.0,0.0,27.9,10.0,0.0,1.0000000000000003e-05,True,2026-09-18 19:50:08+00:00,NVDA261002C00192500
NVDA,2026-09-21,222.27000427246094,2026-10-02,C,195.0,0.0,0.0,25.08,1.0,0.0,1.0000000000000003e-05,True,2026-09-18 16:02:04+00:00,NVDA261002C00195000
NVDA,2026-09-21,222.27000427246094,2026-10-02,C,197.5,0.0,0.0,25.4,25.0,0.0,1.0000000000000003e-05,True,2026-09-18 19:57:25+00:00,NVDA261002C00197500
NVDA,2026-09-21,222.27000427246094,2026-10-02,C,200.0,0.0,0.0,23.0,173.0,0.0,1.0000000000000003e-05,True,2026-09-18 19:57:25+00:00,NVDA261002C00200000
NVDA,2026-09-21,222.27000427246094,2026-10-02,C,202.5,0.0,0.0,18.42,350.0,0.0,1.0000000000000003e-05,True,2026-09-18 19:47:04+00:00,NVDA261002C00202500
NVDA,2026-09-21,222.27000427246094,2026-10-02,C,205.0,0.0,0.0,18.41,448.0,0.0,1.0000000000000003e-05,True,2026-09-18 19:58:05+00:00,NVDA261002C00205000
NVDA,2026-09-21,222.27000427246094,2026-10-02,C,207.5,0.0,0.0,15.61,667.0,0.0,1.0000000000000003e-05,True,2026-09-18 19:58:45+00:00,NVDA261002C00207500
NVDA,2026-09-21,222.27000427246094,2026-10-02,C,210.0,0.0,0.0,13.73,317.0,0.0,1.0000000000000003e-05,True,2026-09-18 19:59:54+00:00,NVDA261002C00210000
NVDA,2026-09-21,222.27000427246094,2026-10-02,C,212.5,0.0,0.0,11.75,736.0,0.0,1.0000000000000003e-05,True,2026-09-18 19:59:29+00:00,NVDA261002C00212500
NVDA,2026-09-21,222.27000427246094,2026-10-02,C,215.0,0.0,0.0,9.8,994.0,0.0,1.0000000000000003e-05,True,2026-09-18 19:59:57+00:00,NVDA261002C00215000
NVDA,2026-09-21,222.27000427246094,2026-10-02,C,217.5,0.0,0.0,8.25,1028.0,0.0,1.0000000000000003e-05,True,2026-09-18 19:59:40+00:00,NVDA261002C00217500
NVDA,2026-09-21,222.27000427246094,2026-10-02,C,220.0,0.0,0.0,6.5,3935.0,0.0,1.0000000000000003e-05,True,2026-09-18 19:59:50+00:00,NVDA261002C00220000
NVDA,2026-09-21,222.27000427246094,2026-10-02,C,222.5,0.0,0.0,5.3,1465.0,0.0,0.00196310546875,False,2026-09-18 19:59:43+00:00,NVDA261002C00222500
NVDA,2026-09-21,222.27000427246094,2026-10-02,C,225.0,0.0,0.0,3.9,5329.0,0.0,0.015634843750000002,False,2026-09-18 19:59:58+00:00,NVDA261002C00225000
NVDA,2026-09-21,222.27000427246094,2026-10-02,C,227.5,0.0,0.0,2.98,1622.0,0.0,0.0312596875,False,2026-09-18 19:59:58+00:00,NVDA261002C00227500
NVDA,2026-09-21,222.27000427246094,2026-10-02,C,230.0,0.0,0.0,2.17,4909.0,0.0,0.062509375,False,2026-09-18 19:59:58+00:00,NVDA261002C00230000
NVDA,2026-09-21,222.27000427246094,2026-10-02,C,232.5,0.0,0.0,1.59,1357.0,0.0,0.062509375,False,2026-09-18 19:59:55+00:00,NVDA261002C00232500
NVDA,2026-09-21,222.27000427246094,2026-10-02,C,235.0,0.0,0.0,1.13,5900.0,0.0,0.062509375,False,2026-09-18 19:59:58+00:00,NVDA261002C00235000
NVDA,2026-09-21,222.27000427246094,2026-10-02,C,237.5,0.0,0.0,0.85,797.0,0.0,0.062509375,False,2026-09-18 19:59:40+00:00,NVDA261002C00237500
NVDA,2026-09-21,222.27000427246094,2026-10-02,C,240.0,0.0,0.0,0.59,1817.0,0.0,0.12500875,False,2026-09-18 19:59:58+00:00,NVDA261002C00240000
NVDA,2026-09-21,222.27000427246094,2026-10-02,C,242.5,0.0,0.0,0.42,239.0,0.0,0.12500875,False,2026-09-18 19:59:01+00:00,NVDA261002C00242500
NVDA,2026-09-21,222.27000427246094,2026-10-02,C,245.0,0.0,0.0,0.31,871.0,0.0,0.12500875,False,2026-09-18 19:59:50+00:00,NVDA261002C00245000
NVDA,2026-09-21,222.27000427246094,2026-10-02,C,247.5,0.0,0.0,0.18,183.0,,0.12500875,False,2026-09-18 19:54:49+00:00,NVDA261002C00247500
NVDA,2026-09-21,222.27000427246094,2026-10-02,C,250.0,0.0,0.0,0.18,1454.0,0.0,0.12500875,False,2026-09-18 19:59:54+00:00,NVDA261002C00250000
NVDA,2026-09-21,222.27000427246094,2026-10-02,C,255.0,0.0,0.0,0.12,316.0,0.0,0.12500875,False,2026-09-18 19:59:22+00:00,NVDA261002C00255000
NVDA,2026-09-21,222.27000427246094,2026-10-02,C,260.0,0.0,0.0,0.07,322.0,0.0,0.2500075,False,2026-09-18 19:58:35+00:00,NVDA261002C00260000
NVDA,2026-09-21,222.27000427246094,2026-10-02,C,265.0,0.0,0.0,0.05,145.0,0.0,0.2500075,False,2026-09-18 19:58:42+00:00,NVDA261002C00265000
NVDA,2026-09-21,222.27000427246094,2026-10-02,C,270.0,0.0,0.0,0.03,48.0,0.0,0.2500075,False,2026-09-18 18:54:16+00:00,NVDA261002C00270000
NVDA,2026-09-21,222.27000427246094,2026-10-02,C,275.0,0.0,0.0,0.02,66.0,0.0,0.2500075,False,2026-09-18 17:18:03+00:00,NVDA261002C00275000
NVDA,2026-09-21,222.27000427246094,2026-10-02,C,280.0,0.0,0.0,0.03,98.0,0.0,0.2500075,False,2026-09-18 19:59:37+00:00,NVDA261002C00280000
NVDA,2026-09-21,222.27000427246094,2026-10-02,C,285.0,0.0,0.0,0.01,20.0,0.0,0.2500075,False,2026-09-18 15:53:29+00:00,NVDA261002C00285000
NVDA,2026-09-21,222.27000427246094,2026-10-02,C,290.0,0.0,0.0,0.02,62.0,0.0,0.2500075,False,2026-09-18 17:39:26+00:00,NVDA261002C00290000
NVDA,2026-09-21,222.27000427246094,2026-10-02,C,295.0,0.0,0.0,0.01,20.0,0.0,0.2500075,False,2026-09-18 19:11:16+00:00,NVDA261002C00295000
NVDA,2026-09-21,222.27000427246094,2026-10-02,C,300.0,0.0,0.0,0.01,2.0,0.0,0.2500075,False,2026-09-18 17:15:35+00:00,NVDA261002C00300000
NVDA,2026-09-21,222.27000427246094,2026-10-02,C,305.0,0.0,0.0,0.03,5.0,0.0,0.2500075,False,2026-09-18 13:37:18+00:00,NVDA261002C00305000
NVDA,2026-09-21,222.27000427246094,2026-10-02,C,310.0,0.0,0.0,0.01,2.0,0.0,0.500005,False,2026-09-18 13:50:47+00:00,NVDA261002C00310000
NVDA,2026-09-21,222.27000427246094,2026-10-02,C,315.0,0.0,0.0,0.02,3.0,0.0,0.500005,False,2026-09-17 14:50:49+00:00,NVDA261002C00315000
NVDA,2026-09-21,222.27000427246094,2026-10-02,C,320.0,0.0,0.0,0.01,3.0,0.0,0.500005,False,2026-09-17 13:41:31+00:00,NVDA261002C00320000
NVDA,2026-09-21,222.27000427246094,2026-10-02,C,325.0,0.0,0.0,0.02,4.0,0.0,0.500005,False,2026-09-14 16:33:52+00:00,NVDA261002C00325000
NVDA,2026-09-21,222.27000427246094,2026-10-02,C,330.0,0.0,0.0,0.01,10.0,0.0,0.500005,False,2026-09-10 14:56:00+00:00,NVDA261002C00330000
NVDA,2026-09-21,222.27000427246094,2026-10-02,C,335.0,0.0,0.0,0.02,12.0,0.0,0.500005,False,2026-09-09 18:04:04+00:00,NVDA261002C00335000
NVDA,2026-09-21,222.27000427246094,2026-10-02,C,340.0,0.0,0.0,0.01,141.0,0.0,0.500005,False,2026-09-11 19:50:54+00:00,NVDA261002C00340000
NVDA,2026-09-21,222.27000427246094,2026-10-02,C,345.0,0.0,0.0,0.05,2.0,0.0,0.500005,False,2026-08-27 13:30:30+00:00,NVDA261002C00345000
NVDA,2026-09-21,222.27000427246094,2026-10-02,C,350.0,0.0,0.0,0.01,30.0,0.0,0.500005,False,2026-09-11 19:50:55+00:00,NVDA261002C00350000
NVDA,2026-09-21,222.27000427246094,2026-10-02,C,360.0,0.0,0.0,0.01,20.0,0.0,0.500005,False,2026-09-04 16:17:16+00:00,NVDA261002C00360000
NVDA,2026-09-21,222.27000427246094,2026-10-02,C,370.0,0.0,0.0,0.02,4.0,0.0,0.500005,False,2026-09-04 18:41:33+00:00,NVDA261002C00370000
NVDA,2026-09-21,222.27000427246094,2026-10-02,C,380.0,0.0,0.0,0.03,18.0,0.0,0.500005,False,2026-08-25 15:42:31+00:00,NVDA261002C00380000
NVDA,2026-09-21,222.27000427246094,2026-10-02,C,390.0,0.0,0.0,0.02,4.0,0.0,0.500005,False,2026-09-02 15:40:24+00:00,NVDA261002C00390000
NVDA,2026-09-21,222.27000427246094,2026-10-02,P,50.0,0.0,0.0,0.01,12.0,0.0,1.000005,False,2026-09-04 15:46:25+00:00,NVDA261002P00050000
NVDA,2026-09-21,222.27000427246094,2026-10-02,P,55.0,0.0,0.0,0.02,2.0,0.0,0.500005,False,2026-08-24 14:27:40+00:00,NVDA261002P00055000
NVDA,2026-09-21,222.27000427246094,2026-10-02,P,60.0,0.0,0.0,0.02,1.0,0.0,0.500005,False,2026-09-10 16:34:14+00:00,NVDA261002P00060000
NVDA,2026-09-21,222.27000427246094,2026-10-02,P,65.0,0.0,0.0,0.01,,0.0,0.500005,False,2026-09-17 15:22:47+00:00,NVDA261002P00065000
NVDA,2026-09-21,222.27000427246094,2026-10-02,P,70.0,0.0,0.0,0.04,,0.0,0.500005,False,2026-08-25 13:30:04+00:00,NVDA261002P00070000
NVDA,2026-09-21,222.27000427246094,2026-10-02,P,75.0,0.0,0.0,0.01,225.0,0.0,0.500005,False,2026-09-18 18:27:16+00:00,NVDA261002P00075000
NVDA,2026-09-21,222.27000427246094,2026-10-02,P,80.0,0.0,0.0,0.01,23.0,0.0,0.500005,False,2026-09-18 18:36:21+00:00,NVDA261002P00080000
NVDA,2026-09-21,222.27000427246094,2026-10-02,P,85.0,0.0,0.0,0.01,84.0,0.0,0.500005,False,2026-09-18 19:50:08+00:00,NVDA261002P00085000
NVDA,2026-09-21,222.27000427246094,2026-10-02,P,90.0,0.0,0.0,0.02,6.0,0.0,0.500005,False,2026-09-17 15:22:50+00:00,NVDA261002P00090000
NVDA,2026-09-21,222.27000427246094,2026-10-02,P,95.0,0.0,0.0,0.02,10.0,0.0,0.500005,False,2026-09-18 14:49:31+00:00,NVDA261002P00095000
NVDA,2026-09-21,222.27000427246094,2026-10-02,P,100.0,0.0,0.0,0.02,2.0,0.0,0.500005,False,2026-09-18 17:07:42+00:00,NVDA261002P00100000
NVDA,2026-09-21,222.27000427246094,2026-10-02,P,105.0,0.0,0.0,0.02,30.0,0.0,0.500005,False,2026-09-18 19:33:39+00:00,NVDA261002P00105000
NVDA,2026-09-21,222.27000427246094,2026-10-02,P,110.0,0.0,0.0,0.03,375.0,0.0,0.500005,False,2026-09-17 14:46:47+00:00,NVDA261002P00110000
NVDA,2026-09-21,222.27000427246094,2026-10-02,P,115.0,0.0,0.0,0.03,140.0,0.0,0.500005,False,2026-09-18 14:53:22+00:00,NVDA261002P00115000
NVDA,2026-09-21,222.27000427246094,2026-10-02,P,120.0,0.0,0.0,0.02,84.0,0.0,0.500005,False,2026-09-18 18:16:59+00:00,NVDA261002P00120000
NVDA,2026-09-21,222.27000427246094,2026-10-02,P,125.0,0.0,0.0,0.04,1035.0,0.0,0.500005,False,2026-09-18 18:00:04+00:00,NVDA261002P00125000
NVDA,2026-09-21,222.27000427246094,2026-10-02,P,130.0,0.0,0.0,0.05,7000.0,0.0,0.500005,False,2026-09-18 14:53:53+00:00,NVDA261002P00130000
NVDA,2026-09-21,222.27000427246094,2026-10-02,P,135.0,0.0,0.0,0.04,30.0,0.0,0.500005,False,2026-09-18 18:25:47+00:00,NVDA261002P00135000
NVDA,2026-09-21,222.27000427246094,2026-10-02,P,140.0,0.0,0.0,0.05,1064.0,0.0,0.500005,False,2026-09-18 19:59:14+00:00,NVDA261002P00140000
NVDA,2026-09-21,222.27000427246094,2026-10-02,P,145.0,0.0,0.0,0.06,38.0,0.0,0.500005,False,2026-09-18 19:59:45+00:00,NVDA261002P00145000
NVDA,2026-09-21,222.27000427246094,2026-10-02,P,150.0,0.0,0.0,0.05,91.0,0.0,0.500005,False,2026-09-18 19:32:34+00:00,NVDA261002P00150000
NVDA,2026-09-21,222.27000427246094,2026-10-02,P,155.0,0.0,0.0,0.06,11.0,0.0,0.500005,False,2026-09-18 15:03:36+00:00,NVDA261002P00155000
NVDA,2026-09-21,222.27000427246094,2026-10-02,P,160.0,0.0,0.0,0.08,59.0,0.0,0.500005,False,2026-09-18 19:47:50+00:00,NVDA261002P00160000
NVDA,2026-09-21,222.27000427246094,2026-10-02,P,165.0,0.0,0.0,0.09,596.0,0.0,0.2500075,False,2026-09-18 19:55:03+00:00,NVDA261002P00165000
NVDA,2026-09-21,222.27000427246094,2026-10-02,P,170.0,0.0,0.0,0.11,3146.0,0.0,0.2500075,False,2026-09-18 19:06:02+00:00,NVDA261002P00170000
NVDA,2026-09-21,222.27000427246094,2026-10-02,P,175.0,0.0,0.0,0.12,115.0,0.0,0.2500075,False,2026-09-18 19:57:41+00:00,NVDA261002P00175000
NVDA,2026-09-21,222.27000427246094,2026-10-02,P,180.0,0.0,0.0,0.15,211.0,0.0,0.2500075,False,2026-09-18 19:47:14+00:00,NVDA261002P00180000
NVDA,2026-09-21,222.27000427246094,2026-10-02,P,182.5,0.0,0.0,0.17,224.0,,0.2500075,False,2026-09-18 19:46:39+00:00,NVDA261002P00182500
NVDA,2026-09-21,222.27000427246094,2026-10-02,P,185.0,0.0,0.0,0.16,223.0,0.0,0.2500075,False,2026-09-18 19:55:03+00:00,NVDA261002P00185000
NVDA,2026-09-21,222.27000427246094,2026-10-02,P,187.5,0.0,0.0,0.24,12.0,,0.2500075,False,2026-09-18 18:43:42+00:00,NVDA261002P00187500
NVDA,2026-09-21,222.27000427246094,2026-10-02,P,190.0,0.0,0.0,0.22,339.0,0.0,0.2500075,False,2026-09-18 19:57:33+00:00,NVDA261002P00190000
NVDA,2026-09-21,222.27000427246094,2026-10-02,P,192.5,0.0,0.0,0.33,45.0,0.0,0.12500875,False,2026-09-18 19:20:39+00:00,NVDA261002P00192500
NVDA,2026-09-21,222.27000427246094,2026-10-02,P,195.0,0.0,0.0,0.3,473.0,0.0,0.12500875,False,2026-09-18 19:58:29+00:00,NVDA261002P00195000
NVDA,2026-09-21,222.27000427246094,2026-10-02,P,197.5,0.0,0.0,0.37,163.0,0.0,0.12500875,False,2026-09-18 19:59:30+00:00,NVDA261002P00197500
NVDA,2026-09-21,222.27000427246094,2026-10-02,P,200.0,0.0,0.0,0.45,1053.0,0.0,0.12500875,False,2026-09-18 19:59:19+00:00,NVDA261002P00200000
NVDA,2026-09-21,222.27000427246094,2026-10-02,P,202.5,0.0,0.0,0.59,1685.0,0.0,0.12500875,False,2026-09-18 19:58:20+00:00,NVDA261002P00202500
NVDA,2026-09-21,222.27000427246094,2026-10-02,P,205.0,0.0,0.0,0.77,3704.0,0.0,0.12500875,False,2026-09-18 19:59:00+00:00,NVDA261002P00205000
NVDA,2026-09-21,222.27000427246094,2026-10-02,P,207.5,0.0,0.0,1.01,1103.0,0.0,0.062509375,False,2026-09-18 19:57:55+00:00,NVDA261002P00207500
NVDA,2026-09-21,222.27000427246094,2026-10-02,P,210.0,0.0,0.0,1.34,2362.0,0.0,0.062509375,False,2026-09-18 19:59:44+00:00,NVDA261002P00210000
NVDA,2026-09-21,222.27000427246094,2026-10-02,P,212.5,0.0,0.0,1.78,1164.0,0.0,0.062509375,False,2026-09-18 19:59:48+00:00,NVDA261002P00212500
NVDA,2026-09-21,222.27000427246094,2026-10-02,P,215.0,0.0,0.0,2.38,2840.0,0.0,0.0312596875,False,2026-09-18 19:59:57+00:00,NVDA261002P00215000
NVDA,2026-09-21,222.27000427246094,2026-10-02,P,217.5,0.0,0.0,3.15,877.0,0.0,0.0312596875,False,2026-09-18 19:59:52+00:00,NVDA261002P00217500
NVDA,2026-09-21,222.27000427246094,2026-10-02,P,220.0,0.0,0.0,4.05,3437.0,0.0,0.015634843750000002,False,2026-09-18 19:59:59+00:00,NVDA261002P00220000
NVDA,2026-09-21,222.27000427246094,2026-10-02,P,222.5,0.0,0.0,5.25,196.0,0.0,1.0000000000000003e-05,True,2026-09-18 19:59:58+00:00,NVDA261002P00222500
NVDA,2026-09-21,222.27000427246094,2026-10-02,P,225.0,0.0,0.0,6.5,224.0,0.0,1.0000000000000003e-05,True,2026-09-18 19:59:44+00:00,NVDA261002P00225000
NVDA,2026-09-21,222.27000427246094,2026-10-02,P,227.5,0.0,0.0,8.1,723.0,0.0,1.0000000000000003e-05,True,2026-09-18 19:59:47+00:00,NVDA261002P00227500
NVDA,2026-09-21,222.27000427246094,2026-10-02,P,230.0,0.0,0.0,9.95,384.0,0.0,1.0000000000000003e-05,True,2026-09-18 19:58:30+00:00,NVDA261002P00230000
NVDA,2026-09-21,222.27000427246094,2026-10-02,P,232.5,0.0,0.0,13.85,421.0,0.0,1.0000000000000003e-05,True,2026-09-18 16:04:49+00:00,NVDA261002P00232500
NVDA,2026-09-21,222.27000427246094,2026-10-02,P,235.0,0.0,0.0,15.76,146.0,0.0,1.0000000000000003e-05,True,2026-09-18 19:52:44+00:00,NVDA261002P00235000
NVDA,2026-09-21,222.27000427246094,2026-10-02,P,237.5,0.0,0.0,23.8,,0.0,1.0000000000000003e-05,True,2026-09-16 19:50:56+00:00,NVDA261002P00237500
NVDA,2026-09-21,222.27000427246094,2026-10-02,P,240.0,0.0,0.0,20.71,46.0,0.0,1.0000000000000003e-05,True,2026-09-18 19:14:10+00:00,NVDA261002P00240000
NVDA,2026-09-21,222.27000427246094,2026-10-02,P,242.5,0.0,0.0,23.4,,0.0,1.0000000000000003e-05,True,2026-09-17 14:45:34+00:00,NVDA261002P00242500
NVDA,2026-09-21,222.27000427246094,2026-10-02,P,245.0,0.0,0.0,25.58,32.0,0.0,1.0000000000000003e-05,True,2026-09-18 14:30:47+00:00,NVDA261002P00245000
NVDA,2026-09-21,222.27000427246094,2026-10-02,P,250.0,0.0,0.0,30.45,6.0,0.0,1.0000000000000003e-05,True,2026-09-18 16:38:24+00:00,NVDA261002P00250000
NVDA,2026-09-21,222.27000427246094,2026-10-02,P,255.0,0.0,0.0,33.77,1.0,0.0,1.0000000000000003e-05,True,2026-09-11 14:14:43+00:00,NVDA261002P00255000
NVDA,2026-09-21,222.27000427246094,2026-10-02,P,260.0,0.0,0.0,29.2,1.0,0.0,1.0000000000000003e-05,True,2026-09-08 13:35:00+00:00,NVDA261002P00260000
NVDA,2026-09-21,222.27000427246094,2026-10-02,P,265.0,0.0,0.0,52.9,1.0,0.0,1.0000000000000003e-05,True,2026-09-14 17:14:52+00:00,NVDA261002P00265000
NVDA,2026-09-21,222.27000427246094,2026-10-02,P,270.0,0.0,0.0,50.48,1.0,0.0,1.0000000000000003e-05,True,2026-09-17 19:55:43+00:00,NVDA261002P00270000
NVDA,2026-09-21,222.27000427246094,2026-10-02,P,275.0,0.0,0.0,50.4,,0.0,1.0000000000000003e-05,True,2026-08-17 19:53:34+00:00,NVDA261002P00275000
NVDA,2026-09-21,222.27000427246094,2026-10-02,P,300.0,0.0,0.0,87.7,40.0,0.0,1.0000000000000003e-05,True,2026-09-14 18:19:42+00:00,NVDA261002P00300000
NVDA,2026-09-21,222.27000427246094,2026-10-02,P,310.0,0.0,0.0,97.75,,0.0,1.0000000000000003e-05,True,2026-09-14 19:49:59+00:00,NVDA261002P00310000
NVDA,2026-09-21,222.27000427246094,2026-10-02,P,390.0,0.0,0.0,172.1,1.0,0.0,1.0000000000000003e-05,True,2026-09-10 14:50:19+00:00,NVDA261002P00390000
NVDA,2026-09-21,222.27000427246094,2026-10-09,C,75.0,0.0,0.0,137.13,,0.0,1.0000000000000003e-05,True,2026-09-15 16:41:12+00:00,NVDA261009C00075000
NVDA,2026-09-21,222.27000427246094,2026-10-09,C,85.0,0.0,0.0,134.71,2.0,0.0,1.0000000000000003e-05,True,2026-09-18 16:00:35+00:00,NVDA261009C00085000
NVDA,2026-09-21,222.27000427246094,2026-10-09,C,90.0,0.0,0.0,129.8,3.0,0.0,1.0000000000000003e-05,True,2026-09-18 18:03:44+00:00,NVDA261009C00090000
NVDA,2026-09-21,222.27000427246094,2026-10-09,C,100.0,0.0,0.0,119.76,2.0,0.0,1.0000000000000003e-05,True,2026-09-18 16:00:35+00:00,NVDA261009C00100000
NVDA,2026-09-21,222.27000427246094,2026-10-09,C,105.0,0.0,0.0,114.67,,0.0,1.0000000000000003e-05,True,2026-09-11 18:03:11+00:00,NVDA261009C00105000
NVDA,2026-09-21,222.27000427246094,2026-10-09,C,110.0,0.0,0.0,121.4,2.0,0.0,1.0000000000000003e-05,True,2026-09-04 17:34:36+00:00,NVDA261009C00110000
NVDA,2026-09-21,222.27000427246094,2026-10-09,C,120.0,0.0,0.0,99.63,1.0,0.0,1.0000000000000003e-05,True,2026-09-18 15:00:50+00:00,NVDA261009C00120000
NVDA,2026-09-21,222.27000427246094,2026-10-09,C,130.0,0.0,0.0,102.3,1.0,0.0,1.0000000000000003e-05,True,2026-09-04 17:33:52+00:00,NVDA261009C00130000
NVDA,2026-09-21,222.27000427246094,2026-10-09,C,140.0,0.0,0.0,82.35,12.0,0.0,1.0000000000000003e-05,True,2026-09-18 19:55:42+00:00,NVDA261009C00140000
NVDA,2026-09-21,222.27000427246094,2026-10-09,C,145.0,0.0,0.0,75.02,4.0,0.0,1.0000000000000003e-05,True,2026-09-18 18:03:44+00:00,NVDA261009C00145000
NVDA,2026-09-21,222.27000427246094,2026-10-09,C,150.0,0.0,0.0,70.03,1.0,0.0,1.0000000000000003e-05,True,2026-09-18 13:55:19+00:00,NVDA261009C00150000
NVDA,2026-09-21,222.27000427246094,2026-10-09,C,155.0,0.0,0.0,63.82,142.0,0.0,1.0000000000000003e-05,True,2026-09-10 18:32:30+00:00,NVDA261009C00155000
NVDA,2026-09-21,222.27000427246094,2026-10-09,C,160.0,0.0,0.0,60.25,,0.0,1.0000000000000003e-05,True,2026-09-11 18:58:30+00:00,NVDA261009C00160000
NVDA,2026-09-21,222.27000427246094,2026-10-09,C,165.0,0.0,0.0,55.32,166.0,0.0,1.0000000000000003e-05,True,2026-09-11 18:58:30+00:00,NVDA261009C00165000
NVDA,2026-09-21,222.27000427246094,2026-10-09,C,170.0,0.0,0.0,50.41,4.0,0.0,1.0000000000000003e-05,True,2026-09-18 19:51:58+00:00,NVDA261009C00170000
NVDA,2026-09-21,222.27000427246094,2026-10-09,C,175.0,0.0,0.0,45.15,3.0,0.0,1.0000000000000003e-05,True,2026-09-18 18:04:13+00:00,NVDA261009C00175000
NVDA,2026-09-21,222.27000427246094,2026-10-09,C,180.0,0.0,0.0,40.1,14.0,0.0,1.0000000000000003e-05,True,2026-09-18 15:11:23+00:00,NVDA261009C00180000
NVDA,2026-09-21,222.27000427246094,2026-10-09,C,185.0,0.0,0.0,35.66,1.0,0.0,1.0000000000000003e-05,True,2026-09-18 17:39:26+00:00,NVDA261009C00185000
NVDA,2026-09-21,222.27000427246094,2026-10-09,C,190.0,0.0,0.0,30.49,8.0,0.0,1.0000000000000003e-05,True,2026-09-18 18:36:02+00:00,NVDA261009C00190000
NVDA,2026-09-21,222.27000427246094,2026-10-09,C,195.0,0.0,0.0,28.8,113.0,0.0,1.0000000000000003e-05,True,2026-09-18 19:57:40+00:00,NVDA261009C00195000
NVDA,2026-09-21,222.27000427246094,2026-10-09,C,200.0,0.0,0.0,23.66,53.0,0.0,1.0000000000000003e-05,True,2026-09-18 19:59:34+00:00,NVDA261009C00200000
NVDA,2026-09-21,222.27000427246094,2026-10-09,C,205.0,0.0,0.0,18.9,81.0,0.0,1.0000000000000003e-05,True,2026-09-18 19:57:09+00:00,NVDA261009C00205000
NVDA,2026-09-21,222.27000427246094,2026-10-09,C,210.0,0.0,0.0,14.63,313.0,0.0,1.0000000000000003e-05,True,2026-09-18 19:59:17+00:00,NVDA261009C00210000
NVDA,2026-09-21,222.27000427246094,2026-10-09,C,215.0,0.0,0.0,10.95,458.0,0.0,1.0000000000000003e-05,True,2026-09-18 19:59:59+00:00,NVDA261009C00215000
NVDA,2026-09-21,222.27000427246094,2026-10-09,C,220.0,0.0,0.0,7.84,2309.0,0.0,1.0000000000000003e-05,True,2026-09-18 19:59:52+00:00,NVDA261009C00220000
NVDA,2026-09-21,222.27000427246094,2026-10-09,C,225.0,0.0,0.0,5.3,1054.0,0.0,0.015634843750000002,False,2026-09-18 19:59:32+00:00,NVDA261009C00225000
NVDA,2026-09-21,222.27000427246094,2026-10-09,C,230.0,0.0,0.0,3.35,2390.0,0.0,0.0312596875,False,2026-09-18 19:59:40+00:00,NVDA261009C00230000
NVDA,2026-09-21,222.27000427246094,2026-10-09,C,235.0,0.0,0.0,2.06,1165.0,0.0,0.062509375,False,2026-09-18 19:59:45+00:00,NVDA261009C00235000
NVDA,2026-09-21,222.27000427246094,2026-10-09,C,240.0,0.0,0.0,1.18,1298.0,0.0,0.062509375,False,2026-09-18 19:59:55+00:00,NVDA261009C00240000
NVDA,2026-09-21,222.27000427246094,2026-10-09,C,245.0,0.0,0.0,0.74,291.0,0.0,0.12500875,False,2026-09-18 19:57:32+00:00,NVDA261009C00245000
NVDA,2026-09-21,222.27000427246094,2026-10-09,C,250.0,0.0,0.0,0.44,1585.0,0.0,0.12500875,False,2026-09-18 19:59:56+00:00,NVDA261009C00250000
NVDA,2026-09-21,222.27000427246094,2026-10-09,C,255.0,0.0,0.0,0.25,295.0,0.0,0.12500875,False,2026-09-18 19:55:07+00:00,NVDA261009C00255000
NVDA,2026-09-21,222.27000427246094,2026-10-09,C,260.0,0.0,0.0,0.17,102.0,0.0,0.12500875,False,2026-09-18 19:59:52+00:00,NVDA261009C00260000
NVDA,2026-09-21,222.27000427246094,2026-10-09,C,265.0,0.0,0.0,0.1,112.0,0.0,0.12500875,False,2026-09-18 19:17:24+00:00,NVDA261009C00265000
NVDA,2026-09-21,222.27000427246094,2026-10-09,C,270.0,0.0,0.0,0.08,119.0,0.0,0.12500875,False,2026-09-18 19:55:11+00:00,NVDA261009C00270000
NVDA,2026-09-21,222.27000427246094,2026-10-09,C,275.0,0.0,0.0,0.05,34.0,0.0,0.2500075,False,2026-09-18 19:54:07+00:00,NVDA261009C00275000
NVDA,2026-09-21,222.27000427246094,2026-10-09,C,280.0,0.0,0.0,0.03,11.0,0.0,0.2500075,False,2026-09-18 19:11:11+00:00,NVDA261009C00280000
NVDA,2026-09-21,222.27000427246094,2026-10-09,C,285.0,0.0,0.0,0.02,27.0,0.0,0.2500075,False,2026-09-18 19:57:37+00:00,NVDA261009C00285000
NVDA,2026-09-21,222.27000427246094,2026-10-09,C,290.0,0.0,0.0,0.03,2.0,0.0,0.2500075,False,2026-09-18 14:17:19+00:00,NVDA261009C00290000
NVDA,2026-09-21,222.27000427246094,2026-10-09,C,295.0,0.0,0.0,0.02,1.0,0.0,0.2500075,False,2026-09-18 14:15:36+00:00,NVDA261009C00295000
NVDA,2026-09-21,222.27000427246094,2026-10-09,C,300.0,0.0,0.0,0.02,1.0,0.0,0.2500075,False,2026-09-18 14:09:19+00:00,NVDA261009C00300000
NVDA,2026-09-21,222.27000427246094,2026-10-09,C,305.0,0.0,0.0,0.01,14.0,0.0,0.2500075,False,2026-09-17 15:17:57+00:00,NVDA261009C00305000
NVDA,2026-09-21,222.27000427246094,2026-10-09,C,310.0,0.0,0.0,0.02,4.0,0.0,0.2500075,False,2026-09-18 18:18:50+00:00,NVDA261009C00310000
NVDA,2026-09-21,222.27000427246094,2026-10-09,C,315.0,0.0,0.0,0.03,8.0,0.0,0.2500075,False,2026-09-16 15:47:57+00:00,NVDA261009C00315000
NVDA,2026-09-21,222.27000427246094,2026-10-09,C,320.0,0.0,0.0,0.01,14.0,0.0,0.2500075,False,2026-09-11 15:09:04+00:00,NVDA261009C00320000
NVDA,2026-09-21,222.27000427246094,2026-10-09,C,325.0,0.0,0.0,0.04,15.0,0.0,0.2500075,False,2026-09-09 18:56:29+00:00,NVDA261009C00325000
NVDA,2026-09-21,222.27000427246094,2026-10-09,C,330.0,0.0,0.0,0.01,3.0,0.0,0.2500075,False,2026-09-16 18:52:08+00:00,NVDA261009C00330000
NVDA,2026-09-21,222.27000427246094,2026-10-09,C,335.0,0.0,0.0,0.01,2.0,0.0,0.2500075,False,2026-09-11 19:52:26+00:00,NVDA261009C00335000
NVDA,2026-09-21,222.27000427246094,2026-10-09,C,345.0,0.0,0.0,0.03,,0.0,0.500005,False,2026-09-09 13:30:01+00:00,NVDA261009C00345000
NVDA,2026-09-21,222.27000427246094,2026-10-09,C,350.0,0.0,0.0,0.02,15.0,0.0,0.500005,False,2026-09-09 17:33:07+00:00,NVDA261009C00350000
NVDA,2026-09-21,222.27000427246094,2026-10-09,C,360.0,0.0,0.0,0.02,10.0,0.0,0.500005,False,2026-09-04 19:00:15+00:00,NVDA261009C00360000
NVDA,2026-09-21,222.27000427246094,2026-10-09,C,390.0,0.0,0.0,0.02,3.0,0.0,0.500005,False,2026-09-14 13:40:56+00:00,NVDA261009C00390000
NVDA,2026-09-21,222.27000427246094,2026-10-09,P,50.0,0.0,0.0,0.01,4.0,0.0,0.500005,False,2026-09-18 17:15:07+00:00,NVDA261009P00050000
NVDA,2026-09-21,222.27000427246094,2026-10-09,P,55.0,0.0,0.0,0.02,4.0,0.0,0.500005,False,2026-09-04 14:36:47+00:00,NVDA261009P00055000
NVDA,2026-09-21,222.27000427246094,2026-10-09,P,60.0,0.0,0.0,0.01,2.0,0.0,0.500005,False,2026-09-14 16:54:10+00:00,NVDA261009P00060000
NVDA,2026-09-21,222.27000427246094,2026-10-09,P,65.0,0.0,0.0,0.02,10.0,0.0,0.500005,False,2026-09-04 14:45:08+00:00,NVDA261009P00065000
NVDA,2026-09-21,222.27000427246094,2026-10-09,P,85.0,0.0,0.0,0.03,10.0,0.0,0.500005,False,2026-09-17 15:42:53+00:00,NVDA261009P00085000
NVDA,2026-09-21,222.27000427246094,2026-10-09,P,90.0,0.0,0.0,0.03,10.0,0.0,0.500005,False,2026-09-18 15:38:35+00:00,NVDA261009P00090000
NVDA,2026-09-21,222.27000427246094,2026-10-09,P,95.0,0.0,0.0,0.04,1.0,0.0,0.500005,False,2026-09-14 19:50:04+00:00,NVDA261009P00095000
NVDA,2026-09-21,222.27000427246094,2026-10-09,P,100.0,0.0,0.0,0.03,60.0,0.0,0.500005,False,2026-09-18 19:59:07+00:00,NVDA261009P00100000
NVDA,2026-09-21,222.27000427246094,2026-10-09,P,105.0,0.0,0.0,0.03,100.0,0.0,0.500005,False,2026-09-18 19:59:21+00:00,NVDA261009P00105000
NVDA,2026-09-21,222.27000427246094,2026-10-09,P,110.0,0.0,0.0,0.04,45.0,0.0,0.500005,False,2026-09-18 19:34:12+00:00,NVDA261009P00110000
NVDA,2026-09-21,222.27000427246094,2026-10-09,P,115.0,0.0,0.0,0.04,746.0,0.0,0.500005,False,2026-09-18 19:58:07+00:00,NVDA261009P00115000
NVDA,2026-09-21,222.27000427246094,2026-10-09,P,120.0,0.0,0.0,0.06,2500.0,0.0,0.500005,False,2026-09-18 13:38:38+00:00,NVDA261009P00120000
NVDA,2026-09-21,222.27000427246094,2026-10-09,P,125.0,0.0,0.0,0.07,54.0,0.0,0.500005,False,2026-09-18 14:45:00+00:00,NVDA261009P00125000
NVDA,2026-09-21,222.27000427246094,2026-10-09,P,130.0,0.0,0.0,0.07,51.0,0.0,0.500005,False,2026-09-18 16:45:53+00:00,NVDA261009P00130000
NVDA,2026-09-21,222.27000427246094,2026-10-09,P,135.0,0.0,0.0,0.08,325.0,0.0,0.500005,False,2026-09-18 17:50:21+00:00,NVDA261009P00135000
NVDA,2026-09-21,222.27000427246094,2026-10-09,P,140.0,0.0,0.0,0.1,683.0,0.0,0.500005,False,2026-09-18 19:56:07+00:00,NVDA261009P00140000
NVDA,2026-09-21,222.27000427246094,2026-10-09,P,145.0,0.0,0.0,0.1,10.0,0.0,0.500005,False,2026-09-18 17:27:48+00:00,NVDA261009P00145000
NVDA,2026-09-21,222.27000427246094,2026-10-09,P,150.0,0.0,0.0,0.1,206.0,0.0,0.2500075,False,2026-09-18 19:59:28+00:00,NVDA261009P00150000
NVDA,2026-09-21,222.27000427246094,2026-10-09,P,155.0,0.0,0.0,0.12,90.0,0.0,0.2500075,False,2026-09-18 16:13:51+00:00,NVDA261009P00155000
NVDA,2026-09-21,222.27000427246094,2026-10-09,P,160.0,0.0,0.0,0.14,70.0,0.0,0.2500075,False,2026-09-18 19:55:01+00:00,NVDA261009P00160000
NVDA,2026-09-21,222.27000427246094,2026-10-09,P,165.0,0.0,0.0,0.15,2.0,0.0,0.2500075,False,2026-09-18 18:57:10+00:00,NVDA261009P00165000
NVDA,2026-09-21,222.27000427246094,2026-10-09,P,170.0,0.0,0.0,0.17,316.0,0.0,0.2500075,False,2026-09-18 19:58:38+00:00,NVDA261009P00170000
NVDA,2026-09-21,222.27000427246094,2026-10-09,P,175.0,0.0,0.0,0.19,169.0,0.0,0.2500075,False,2026-09-18 19:59:39+00:00,NVDA261009P00175000
NVDA,2026-09-21,222.27000427246094,2026-10-09,P,180.0,0.0,0.0,0.24,265.0,0.0,0.2500075,False,2026-09-18 19:59:37+00:00,NVDA261009P00180000
NVDA,2026-09-21,222.27000427246094,2026-10-09,P,185.0,0.0,0.0,0.32,367.0,0.0,0.12500875,False,2026-09-18 19:55:00+00:00,NVDA261009P00185000
NVDA,2026-09-21,222.27000427246094,2026-10-09,P,190.0,0.0,0.0,0.41,460.0,0.0,0.12500875,False,2026-09-18 19:57:33+00:00,NVDA261009P00190000
NVDA,2026-09-21,222.27000427246094,2026-10-09,P,195.0,0.0,0.0,0.6,450.0,0.0,0.12500875,False,2026-09-18 19:56:16+00:00,NVDA261009P00195000
NVDA,2026-09-21,222.27000427246094,2026-10-09,P,200.0,0.0,0.0,0.86,885.0,0.0,0.12500875,False,2026-09-18 19:59:59+00:00,NVDA261009P00200000
NVDA,2026-09-21,222.27000427246094,2026-10-09,P,205.0,0.0,0.0,1.35,520.0,0.0,0.062509375,False,2026-09-18 19:59:19+00:00,NVDA261009P00205000
NVDA,2026-09-21,222.27000427246094,2026-10-09,P,210.0,0.0,0.0,2.17,573.0,0.0,0.062509375,False,2026-09-18 19:59:55+00:00,NVDA261009P00210000
NVDA,2026-09-21,222.27000427246094,2026-10-09,P,215.0,0.0,0.0,3.5,859.0,0.0,0.0312596875,False,2026-09-18 19:56:28+00:00,NVDA261009P00215000
NVDA,2026-09-21,222.27000427246094,2026-10-09,P,220.0,0.0,0.0,5.15,1058.0,0.0,0.015634843750000002,False,2026-09-18 19:59:30+00:00,NVDA261009P00220000
NVDA,2026-09-21,222.27000427246094,2026-10-09,P,225.0,0.0,0.0,7.68,182.0,0.0,1.0000000000000003e-05,True,2026-09-18 19:59:55+00:00,NVDA261009P00225000
NVDA,2026-09-21,222.27000427246094,2026-10-09,P,230.0,0.0,0.0,10.83,272.0,0.0,1.0000000000000003e-05,True,2026-09-18 19:58:42+00:00,NVDA261009P00230000
NVDA,2026-09-21,222.27000427246094,2026-10-09,P,235.0,0.0,0.0,14.45,112.0,0.0,1.0000000000000003e-05,True,2026-09-18 19:59:19+00:00,NVDA261009P00235000
NVDA,2026-09-21,222.27000427246094,2026-10-09,P,240.0,0.0,0.0,18.55,101.0,0.0,1.0000000000000003e-05,True,2026-09-18 19:58:07+00:00,NVDA261009P00240000
NVDA,2026-09-21,222.27000427246094,2026-10-09,P,245.0,0.0,0.0,33.42,22.0,0.0,1.0000000000000003e-05,True,2026-09-14 16:43:17+00:00,NVDA261009P00245000
NVDA,2026-09-21,222.27000427246094,2026-10-09,P,250.0,0.0,0.0,30.93,1.0,0.0,1.0000000000000003e-05,True,2026-09-11 13:32:08+00:00,NVDA261009P00250000
NVDA,2026-09-21,222.27000427246094,2026-10-09,P,255.0,0.0,0.0,36.6,40.0,0.0,1.0000000000000003e-05,True,2026-09-10 17:25:07+00:00,NVDA261009P00255000
NVDA,2026-09-21,222.27000427246094,2026-10-09,P,260.0,0.0,0.0,36.39,1.0,0.0,1.0000000000000003e-05,True,2026-09-09 18:14:09+00:00,NVDA261009P00260000
NVDA,2026-09-21,222.27000427246094,2026-10-09,P,265.0,0.0,0.0,45.3,2.0,0.0,1.0000000000000003e-05,True,2026-09-18 16:55:53+00:00,NVDA261009P00265000
NVDA,2026-09-21,222.27000427246094,2026-10-09,P,280.0,0.0,0.0,50.15,6.0,0.0,1.0000000000000003e-05,True,2026-09-04 19:28:06+00:00,NVDA261009P00280000
NVDA,2026-09-21,222.27000427246094,2026-10-09,P,300.0,0.0,0.0,88.43,,0.0,1.0000000000000003e-05,True,2026-09-14 19:52:29+00:00,NVDA261009P00300000
NVDA,2026-09-21,222.27000427246094,2026-10-16,C,5.0,0.0,0.0,211.1,1.0,0.0,1.0000000000000003e-05,True,2026-09-16 16:56:45+00:00,NVDA261016C00005000
NVDA,2026-09-21,222.27000427246094,2026-10-16,C,10.0,0.0,0.0,215.0,1.0,0.0,1.0000000000000003e-05,True,2026-08-13 15:17:59+00:00,NVDA261016C00010000
NVDA,2026-09-21,222.27000427246094,2026-10-16,C,15.0,0.0,0.0,214.66,2.0,0.0,1.0000000000000003e-05,True,2026-08-27 16:41:07+00:00,NVDA261016C00015000
NVDA,2026-09-21,222.27000427246094,2026-10-16,C,20.0,184.45,192.45,193.45,20.0,30.0,1.0000000000000003e-05,True,2026-07-22 16:00:54+00:00,NVDA261016C00020000
NVDA,2026-09-21,222.27000427246094,2026-10-16,C,25.0,179.5,187.5,183.0,1.0,2.0,1.0000000000000003e-05,True,2026-07-23 19:00:26+00:00,NVDA261016C00025000
NVDA,2026-09-21,222.27000427246094,2026-10-16,C,30.0,174.5,182.5,173.5,19.0,33.0,1.0000000000000003e-05,True,2026-07-09 19:00:14+00:00,NVDA261016C00030000
NVDA,2026-09-21,222.27000427246094,2026-10-16,C,35.0,0.0,0.0,194.67,30.0,0.0,1.0000000000000003e-05,True,2026-08-27 19:59:39+00:00,NVDA261016C00035000
NVDA,2026-09-21,222.27000427246094,2026-10-16,C,40.0,0.0,0.0,179.38,1.0,0.0,1.0000000000000003e-05,True,2026-08-31 16:08:28+00:00,NVDA261016C00040000
NVDA,2026-09-21,222.27000427246094,2026-10-16,C,45.0,0.0,0.0,173.9,1.0,0.0,1.0000000000000003e-05,True,2026-09-10 13:35:14+00:00,NVDA261016C00045000
NVDA,2026-09-21,222.27000427246094,2026-10-16,C,50.0,0.0,0.0,162.37,2.0,0.0,1.0000000000000003e-05,True,2026-09-14 18:28:22+00:00,NVDA261016C00050000
NVDA,2026-09-21,222.27000427246094,2026-10-16,C,55.0,0.0,0.0,172.39,1.0,0.0,1.0000000000000003e-05,True,2026-09-03 14:31:54+00:00,NVDA261016C00055000
NVDA,2026-09-21,222.27000427246094,2026-10-16,C,60.0,0.0,0.0,172.57,1.0,0.0,1.0000000000000003e-05,True,2026-09-04 13:39:35+00:00,NVDA261016C00060000
NVDA,2026-09-21,222.27000427246094,2026-10-16,C,65.0,0.0,0.0,160.75,3.0,0.0,1.0000000000000003e-05,True,2026-08-28 14:50:01+00:00,NVDA261016C00065000
NVDA,2026-09-21,222.27000427246094,2026-10-16,C,70.0,0.0,0.0,144.14,2.0,0.0,1.0000000000000003e-05,True,2026-09-16 19:40:54+00:00,NVDA261016C00070000
NVDA,2026-09-21,222.27000427246094,2026-10-16,C,75.0,0.0,0.0,142.97,10.0,0.0,1.0000000000000003e-05,True,2026-09-10 13:52:16+00:00,NVDA261016C00075000
NVDA,2026-09-21,222.27000427246094,2026-10-16,C,80.0,0.0,0.0,139.93,1.0,0.0,1.0000000000000003e-05,True,2026-09-18 15:32:53+00:00,NVDA261016C00080000
NVDA,2026-09-21,222.27000427246094,2026-10-16,C,85.0,0.0,0.0,133.17,10.0,0.0,1.0000000000000003e-05,True,2026-09-10 13:53:34+00:00,NVDA261016C00085000
NVDA,2026-09-21,222.27000427246094,2026-10-16,C,90.0,0.0,0.0,129.69,1.0,0.0,1.0000000000000003e-05,True,2026-09-18 18:27:01+00:00,NVDA261016C00090000
NVDA,2026-09-21,222.27000427246094,2026-10-16,C,95.0,0.0,0.0,116.75,1.0,0.0,1.0000000000000003e-05,True,2026-09-14 14:13:06+00:00,NVDA261016C00095000
NVDA,2026-09-21,222.27000427246094,2026-10-16,C,100.0,0.0,0.0,119.27,1.0,0.0,1.0000000000000003e-05,True,2026-09-17 15:13:08+00:00,NVDA261016C00100000
NVDA,2026-09-21,222.27000427246094,2026-10-16,C,105.0,0.0,0.0,115.02,1.0,0.0,1.0000000000000003e-05,True,2026-09-18 14:08:03+00:00,NVDA261016C00105000
NVDA,2026-09-21,222.27000427246094,2026-10-16,C,110.0,0.0,0.0,110.55,2.0,0.0,1.0000000000000003e-05,True,2026-09-18 17:16:10+00:00,NVDA261016C00110000
NVDA,2026-09-21,222.27000427246094,2026-10-16,C,115.0,0.0,0.0,98.54,1.0,0.0,1.0000000000000003e-05,True,2026-09-15 14:04:23+00:00,NVDA261016C00115000
NVDA,2026-09-21,222.27000427246094,2026-10-16,C,120.0,0.0,0.0,99.9,4.0,0.0,1.0000000000000003e-05,True,2026-09-17 19:02:35+00:00,NVDA261016C00120000
NVDA,2026-09-21,222.27000427246094,2026-10-16,C,125.0,0.0,0.0,97.65,30.0,0.0,1.0000000000000003e-05,True,2026-09-18 19:59:37+00:00,NVDA261016C00125000
NVDA,2026-09-21,222.27000427246094,2026-10-16,C,130.0,0.0,0.0,90.93,1.0,0.0,1.0000000000000003e-05,True,2026-09-18 14:13:35+00:00,NVDA261016C00130000
NVDA,2026-09-21,222.27000427246094,2026-10-16,C,135.0,0.0,0.0,84.79,1.0,0.0,1.0000000000000003e-05,True,2026-09-17 17:07:37+00:00,NVDA261016C00135000
NVDA,2026-09-21,222.27000427246094,2026-10-16,C,140.0,0.0,0.0,82.7,19.0,0.0,1.0000000000000003e-05,True,2026-09-18 19:55:41+00:00,NVDA261016C00140000
NVDA,2026-09-21,222.27000427246094,2026-10-16,C,145.0,0.0,0.0,77.4,57.0,0.0,1.0000000000000003e-05,True,2026-09-18 19:56:17+00:00,NVDA261016C00145000
NVDA,2026-09-21,222.27000427246094,2026-10-16,C,150.0,0.0,0.0,70.52,219.0,0.0,1.0000000000000003e-05,True,2026-09-18 17:40:12+00:00,NVDA261016C00150000
NVDA,2026-09-21,222.27000427246094,2026-10-16,C,155.0,0.0,0.0,65.16,11.0,0.0,1.0000000000000003e-05,True,2026-09-18 16:24:56+00:00,NVDA261016C00155000
NVDA,2026-09-21,222.27000427246094,2026-10-16,C,160.0,0.0,0.0,60.25,12.0,0.0,1.0000000000000003e-05,True,2026-09-18 19:12:03+00:00,NVDA261016C00160000
NVDA,2026-09-21,222.27000427246094,2026-10-16,C,165.0,0.0,0.0,55.3,1.0,0.0,1.0000000000000003e-05,True,2026-09-18 18:37:33+00:00,NVDA261016C00165000
NVDA,2026-09-21,222.27000427246094,2026-10-16,C,170.0,0.0,0.0,50.43,20.0,0.0,1.0000000000000003e-05,True,2026-09-18 18:24:40+00:00,NVDA261016C00170000
NVDA,2026-09-21,222.27000427246094,2026-10-16,C,175.0,0.0,0.0,45.73,425.0,0.0,1.0000000000000003e-05,True,2026-09-18 19:46:36+00:00,NVDA261016C00175000
NVDA,2026-09-21,222.27000427246094,2026-10-16,C,180.0,0.0,0.0,42.5,78.0,0.0,1.0000000000000003e-05,True,2026-09-18 19:55:01+00:00,NVDA261016C00180000
NVDA,2026-09-21,222.27000427246094,2026-10-16,C,185.0,0.0,0.0,37.5,95.0,0.0,1.0000000000000003e-05,True,2026-09-18 19:55:00+00:00,NVDA261016C00185000
NVDA,2026-09-21,222.27000427246094,2026-10-16,C,190.0,0.0,0.0,33.35,841.0,0.0,1.0000000000000003e-05,True,2026-09-18 19:59:50+00:00,NVDA261016C00190000
NVDA,2026-09-21,222.27000427246094,2026-10-16,C,195.0,0.0,0.0,28.6,325.0,0.0,1.0000000000000003e-05,True,2026-09-18 19:59:57+00:00,NVDA261016C00195000
NVDA,2026-09-21,222.27000427246094,2026-10-16,C,200.0,0.0,0.0,24.0,1081.0,0.0,1.0000000000000003e-05,True,2026-09-18 19:59:57+00:00,NVDA261016C00200000
NVDA,2026-09-21,222.27000427246094,2026-10-16,C,205.0,0.0,0.0,19.9,594.0,0.0,1.0000000000000003e-05,True,2026-09-18 19:59:32+00:00,NVDA261016C00205000
NVDA,2026-09-21,222.27000427246094,2026-10-16,C,210.0,0.0,0.0,15.7,5624.0,0.0,1.0000000000000003e-05,True,2026-09-18 19:59:58+00:00,NVDA261016C00210000
NVDA,2026-09-21,222.27000427246094,2026-10-16,C,215.0,0.0,0.0,12.15,3119.0,0.0,1.0000000000000003e-05,True,2026-09-18 19:59:59+00:00,NVDA261016C00215000
NVDA,2026-09-21,222.27000427246094,2026-10-16,C,220.0,0.0,0.0,9.03,10956.0,0.0,1.0000000000000003e-05,True,2026-09-18 19:59:59+00:00,NVDA261016C00220000
NVDA,2026-09-21,222.27000427246094,2026-10-16,C,225.0,0.0,0.0,6.45,7318.0,0.0,0.015634843750000002,False,2026-09-18 19:59:51+00:00,NVDA261016C00225000
NVDA,2026-09-21,222.27000427246094,2026-10-16,C,230.0,0.0,0.0,4.4,15579.0,0.0,0.0312596875,False,2026-09-18 19:59:59+00:00,NVDA261016C00230000
NVDA,2026-09-21,222.27000427246094,2026-10-16,C,235.0,0.0,0.0,2.9,25992.0,0.0,0.062509375,False,2026-09-18 19:59:57+00:00,NVDA261016C00235000
NVDA,2026-09-21,222.27000427246094,2026-10-16,C,240.0,0.0,0.0,1.88,7185.0,0.0,0.062509375,False,2026-09-18 19:59:57+00:00,NVDA261016C00240000
NVDA,2026-09-21,222.27000427246094,2026-10-16,C,245.0,0.0,0.0,1.2,4245.0,0.0,0.062509375,False,2026-09-18 19:59:57+00:00,NVDA261016C00245000
NVDA,2026-09-21,222.27000427246094,2026-10-16,C,250.0,0.0,0.0,0.76,9429.0,0.0,0.12500875,False,2026-09-18 19:59:56+00:00,NVDA261016C00250000
NVDA,2026-09-21,222.27000427246094,2026-10-16,C,255.0,0.0,0.0,0.52,2896.0,0.0,0.12500875,False,2026-09-18 19:59:56+00:00,NVDA261016C00255000
NVDA,2026-09-21,222.27000427246094,2026-10-16,C,260.0,0.0,0.0,0.34,1647.0,0.0,0.12500875,False,2026-09-18 19:59:56+00:00,NVDA261016C00260000
NVDA,2026-09-21,222.27000427246094,2026-10-16,C,265.0,0.0,0.0,0.25,441.0,0.0,0.12500875,False,2026-09-18 19:59:06+00:00,NVDA261016C00265000
NVDA,2026-09-21,222.27000427246094,2026-10-16,C,270.0,0.0,0.0,0.18,309.0,0.0,0.12500875,False,2026-09-18 19:56:32+00:00,NVDA261016C00270000
NVDA,2026-09-21,222.27000427246094,2026-10-16,C,275.0,0.0,0.0,0.11,112.0,0.0,0.12500875,False,2026-09-18 19:55:02+00:00,NVDA261016C00275000
NVDA,2026-09-21,222.27000427246094,2026-10-16,C,280.0,0.0,0.0,0.07,190.0,0.0,0.12500875,False,2026-09-18 19:41:49+00:00,NVDA261016C00280000
NVDA,2026-09-21,222.27000427246094,2026-10-16,C,285.0,0.0,0.0,0.06,159.0,0.0,0.2500075,False,2026-09-18 17:40:38+00:00,NVDA261016C00285000
NVDA,2026-09-21,222.27000427246094,2026-10-16,C,290.0,0.0,0.0,0.04,1528.0,0.0,0.2500075,False,2026-09-18 19:59:23+00:00,NVDA261016C00290000
NVDA,2026-09-21,222.27000427246094,2026-10-16,C,295.0,0.0,0.0,0.03,1002.0,0.0,0.2500075,False,2026-09-18 16:58:55+00:00,NVDA261016C00295000
NVDA,2026-09-21,222.27000427246094,2026-10-16,C,300.0,0.0,0.0,0.03,431.0,0.0,0.2500075,False,2026-09-18 19:58:29+00:00,NVDA261016C00300000
NVDA,2026-09-21,222.27000427246094,2026-10-16,C,305.0,0.0,0.0,0.02,16.0,0.0,0.2500075,False,2026-09-18 18:50:33+00:00,NVDA261016C00305000
NVDA,2026-09-21,222.27000427246094,2026-10-16,C,310.0,0.0,0.0,0.02,21.0,0.0,0.2500075,False,2026-09-18 19:42:10+00:00,NVDA261016C00310000
NVDA,2026-09-21,222.27000427246094,2026-10-16,C,315.0,0.0,0.0,0.01,24.0,0.0,0.2500075,False,2026-09-17 15:18:48+00:00,NVDA261016C00315000
NVDA,2026-09-21,222.27000427246094,2026-10-16,C,320.0,0.0,0.0,0.01,1.0,0.0,0.2500075,False,2026-09-18 18:37:07+00:00,NVDA261016C00320000
NVDA,2026-09-21,222.27000427246094,2026-10-16,C,325.0,0.0,0.0,0.01,1.0,0.0,0.2500075,False,2026-09-18 15:13:06+00:00,NVDA261016C00325000
NVDA,2026-09-21,222.27000427246094,2026-10-16,C,330.0,0.0,0.0,0.01,15.0,0.0,0.2500075,False,2026-09-18 14:27:15+00:00,NVDA261016C00330000
NVDA,2026-09-21,222.27000427246094,2026-10-16,C,335.0,0.0,0.0,0.01,10.0,0.0,0.2500075,False,2026-09-18 14:22:39+00:00,NVDA261016C00335000
NVDA,2026-09-21,222.27000427246094,2026-10-16,C,340.0,0.0,0.0,0.01,40.0,0.0,0.2500075,False,2026-09-18 15:28:55+00:00,NVDA261016C00340000
NVDA,2026-09-21,222.27000427246094,2026-10-16,C,345.0,0.0,0.0,0.01,257.0,0.0,0.2500075,False,2026-09-18 15:06:57+00:00,NVDA261016C00345000
NVDA,2026-09-21,222.27000427246094,2026-10-16,C,350.0,0.0,0.0,0.02,2450.0,0.0,0.2500075,False,2026-09-18 15:28:56+00:00,NVDA261016C00350000
NVDA,2026-09-21,222.27000427246094,2026-10-16,C,355.0,0.0,0.0,0.01,3.0,0.0,0.2500075,False,2026-09-18 19:16:32+00:00,NVDA261016C00355000
NVDA,2026-09-21,222.27000427246094,2026-10-16,C,360.0,0.0,0.0,0.01,2370.0,0.0,0.2500075,False,2026-09-18 19:10:05+00:00,NVDA261016C00360000
NVDA,2026-09-21,222.27000427246094,2026-10-16,C,365.0,0.0,0.0,0.01,1025.0,0.0,0.500005,False,2026-09-18 19:09:11+00:00,NVDA261016C00365000
NVDA,2026-09-21,222.27000427246094,2026-10-16,C,370.0,0.0,0.0,0.01,604.0,0.0,0.500005,False,2026-09-18 13:37:55+00:00,NVDA261016C00370000
NVDA,2026-09-21,222.27000427246094,2026-10-16,C,375.0,0.0,0.0,0.01,487.0,0.0,0.500005,False,2026-09-18 13:37:52+00:00,NVDA261016C00375000
NVDA,2026-09-21,222.27000427246094,2026-10-16,C,380.0,0.0,0.0,0.01,2531.0,0.0,0.500005,False,2026-09-17 16:37:02+00:00,NVDA261016C00380000
NVDA,2026-09-21,222.27000427246094,2026-10-16,C,385.0,0.0,0.0,0.01,7.0,0.0,0.500005,False,2026-09-17 16:41:49+00:00,NVDA261016C00385000
NVDA,2026-09-21,222.27000427246094,2026-10-16,C,390.0,0.0,0.0,0.01,2133.0,0.0,0.500005,False,2026-09-16 19:58:27+00:00,NVDA261016C00390000
NVDA,2026-09-21,222.27000427246094,2026-10-16,C,395.0,0.0,0.0,0.01,1.0,0.0,0.500005,False,2026-09-03 16:46:58+00:00,NVDA261016C00395000
NVDA,2026-09-21,222.27000427246094,2026-10-16,C,400.0,0.0,0.0,0.01,5.0,0.0,0.500005,False,2026-09-18 15:21:05+00:00,NVDA261016C00400000
NVDA,2026-09-21,222.27000427246094,2026-10-16,C,405.0,0.0,0.0,0.01,1.0,0.0,0.500005,False,2026-09-03 18:32:52+00:00,NVDA261016C00405000
NVDA,2026-09-21,222.27000427246094,2026-10-16,C,410.0,0.0,0.0,0.01,12.0,0.0,0.500005,False,2026-09-16 16:17:00+00:00,NVDA261016C00410000
NVDA,2026-09-21,222.27000427246094,2026-10-16,C,415.0,0.0,0.0,0.02,42.0,0.0,0.500005,False,2026-09-11 13:35:56+00:00,NVDA261016C00415000
NVDA,2026-09-21,222.27000427246094,2026-10-16,C,420.0,0.0,0.0,0.02,51.0,0.0,0.500005,False,2026-09-11 13:36:03+00:00,NVDA261016C00420000
NVDA,2026-09-21,222.27000427246094,2026-10-16,C,430.0,0.0,0.0,0.02,1.0,0.0,0.500005,False,2026-09-04 19:51:10+00:00,NVDA261016C00430000
NVDA,2026-09-21,222.27000427246094,2026-10-16,C,435.0,0.0,0.0,0.04,,0.0,0.500005,False,2026-09-11 13:32:16+00:00,NVDA261016C00435000
NVDA,2026-09-21,222.27000427246094,2026-10-16,C,440.0,0.0,0.0,0.01,1.0,0.0,0.500005,False,2026-09-18 19:58:46+00:00,NVDA261016C00440000
NVDA,2026-09-21,222.27000427246094,2026-10-16,C,450.0,0.0,0.0,0.01,6.0,0.0,0.500005,False,2026-09-16 16:15:11+00:00,NVDA261016C00450000
NVDA,2026-09-21,222.27000427246094,2026-10-16,C,455.0,0.0,0.0,0.03,85.0,0.0,0.500005,False,2026-09-11 13:32:16+00:00,NVDA261016C00455000
NVDA,2026-09-21,222.27000427246094,2026-10-16,C,460.0,0.0,0.0,0.01,21.0,0.0,0.500005,False,2026-09-18 15:06:56+00:00,NVDA261016C00460000
NVDA,2026-09-21,222.27000427246094,2026-10-16,P,5.0,0.0,0.01,0.02,1.0,4024.0,4.375004531249999,False,2026-07-08 15:59:47+00:00,NVDA261016P00005000
NVDA,2026-09-21,222.27000427246094,2026-10-16,P,10.0,0.0,0.01,0.01,,10.0,3.50000125,False,2026-07-28 17:46:06+00:00,NVDA261016P00010000
NVDA,2026-09-21,222.27000427246094,2026-10-16,P,20.0,0.0,0.0,0.01,1.0,0.0,0.500005,False,2026-08-26 17:09:10+00:00,NVDA261016P00020000
NVDA,2026-09-21,222.27000427246094,2026-10-16,P,25.0,0.0,0.03,0.03,10.0,30.0,2.6562533593750004,False,2026-07-29 15:24:12+00:00,NVDA261016P00025000
NVDA,2026-09-21,222.27000427246094,2026-10-16,P,30.0,0.0,0.0,0.02,1.0,0.0,0.500005,False,2026-05-22 15:19:22+00:00,NVDA261016P00030000
NVDA,2026-09-21,222.27000427246094,2026-10-16,P,35.0,0.0,0.0,0.02,7.0,0.0,0.500005,False,2026-09-16 19:58:25+00:00,NVDA261016P00035000
NVDA,2026-09-21,222.27000427246094,2026-10-16,P,40.0,0.0,0.0,0.01,2.0,0.0,0.500005,False,2026-08-26 18:22:31+00:00,NVDA261016P00040000
NVDA,2026-09-21,222.27000427246094,2026-10-16,P,45.0,0.0,0.0,0.01,12.0,0.0,0.500005,False,2026-09-16 19:57:22+00:00,NVDA261016P00045000
NVDA,2026-09-21,222.27000427246094,2026-10-16,P,50.0,0.0,0.0,0.01,501.0,0.0,0.500005,False,2026-09-15 17:18:50+00:00,NVDA261016P00050000
NVDA,2026-09-21,222.27000427246094,2026-10-16,P,55.0,0.0,0.0,0.01,72.0,0.0,0.500005,False,2026-09-16 15:47:13+00:00,NVDA261016P00055000
NVDA,2026-09-21,222.27000427246094,2026-10-16,P,60.0,0.0,0.0,0.01,230.0,0.0,0.500005,False,2026-09-17 19:24:53+00:00,NVDA261016P00060000
NVDA,2026-09-21,222.27000427246094,2026-10-16,P,65.0,0.0,0.0,0.01,2.0,0.0,0.500005,False,2026-09-18 19:48:13+00:00,NVDA261016P00065000
NVDA,2026-09-21,222.27000427246094,2026-10-16,P,70.0,0.0,0.0,0.01,2.0,0.0,0.500005,False,2026-09-17 15:06:02+00:00,NVDA261016P00070000
NVDA,2026-09-21,222.27000427246094,2026-10-16,P,75.0,0.0,0.0,0.02,30.0,0.0,0.500005,False,2026-09-17 17:50:46+00:00,NVDA261016P00075000
NVDA,2026-09-21,222.27000427246094,2026-10-16,P,80.0,0.0,0.0,0.03,15.0,0.0,0.500005,False,2026-09-18 14:02:48+00:00,NVDA261016P00080000
NVDA,2026-09-21,222.27000427246094,2026-10-16,P,85.0,0.0,0.0,0.03,10.0,0.0,0.500005,False,2026-09-18 16:04:39+00:00,NVDA261016P00085000
NVDA,2026-09-21,222.27000427246094,2026-10-16,P,90.0,0.0,0.0,0.03,18.0,0.0,0.500005,False,2026-09-18 17:18:10+00:00,NVDA261016P00090000
NVDA,2026-09-21,222.27000427246094,2026-10-16,P,95.0,0.0,0.0,0.03,12.0,0.0,0.500005,False,2026-09-18 19:57:16+00:00,NVDA261016P00095000
NVDA,2026-09-21,222.27000427246094,2026-10-16,P,100.0,0.0,0.0,0.04,43.0,0.0,0.500005,False,2026-09-18 19:59:26+00:00,NVDA261016P00100000
NVDA,2026-09-21,222.27000427246094,2026-10-16,P,105.0,0.0,0.0,0.05,100.0,0.0,0.500005,False,2026-09-18 19:06:05+00:00,NVDA261016P00105000
NVDA,2026-09-21,222.27000427246094,2026-10-16,P,110.0,0.0,0.0,0.05,32.0,0.0,0.500005,False,2026-09-18 18:37:54+00:00,NVDA261016P00110000
NVDA,2026-09-21,222.27000427246094,2026-10-16,P,115.0,0.0,0.0,0.07,15.0,0.0,0.500005,False,2026-09-18 15:50:31+00:00,NVDA261016P00115000
NVDA,2026-09-21,222.27000427246094,2026-10-16,P,120.0,0.0,0.0,0.07,1014.0,0.0,0.500005,False,2026-09-18 18:23:48+00:00,NVDA261016P00120000
NVDA,2026-09-21,222.27000427246094,2026-10-16,P,125.0,0.0,0.0,0.09,5.0,0.0,0.500005,False,2026-09-18 17:40:24+00:00,NVDA261016P00125000
NVDA,2026-09-21,222.27000427246094,2026-10-16,P,130.0,0.0,0.0,0.1,9.0,0.0,0.500005,False,2026-09-18 19:30:28+00:00,NVDA261016P00130000
NVDA,2026-09-21,222.27000427246094,2026-10-16,P,135.0,0.0,0.0,0.11,1340.0,0.0,0.500005,False,2026-09-18 19:29:56+00:00,NVDA261016P00135000
NVDA,2026-09-21,222.27000427246094,2026-10-16,P,140.0,0.0,0.0,0.12,1243.0,0.0,0.2500075,False,2026-09-18 19:10:07+00:00,NVDA261016P00140000
NVDA,2026-09-21,222.27000427246094,2026-10-16,P,145.0,0.0,0.0,0.11,232.0,0.0,0.2500075,False,2026-09-18 19:54:49+00:00,NVDA261016P00145000
NVDA,2026-09-21,222.27000427246094,2026-10-16,P,150.0,0.0,0.0,0.15,2420.0,0.0,0.2500075,False,2026-09-18 19:49:38+00:00,NVDA261016P00150000
NVDA,2026-09-21,222.27000427246094,2026-10-16,P,155.0,0.0,0.0,0.17,382.0,0.0,0.2500075,False,2026-09-18 19:54:50+00:00,NVDA261016P00155000
NVDA,2026-09-21,222.27000427246094,2026-10-16,P,160.0,0.0,0.0,0.2,305.0,0.0,0.2500075,False,2026-09-18 19:55:43+00:00,NVDA261016P00160000
NVDA,2026-09-21,222.27000427246094,2026-10-16,P,165.0,0.0,0.0,0.23,1128.0,0.0,0.2500075,False,2026-09-18 19:54:49+00:00,NVDA261016P00165000
NVDA,2026-09-21,222.27000427246094,2026-10-16,P,170.0,0.0,0.0,0.22,402.0,0.0,0.2500075,False,2026-09-18 19:55:05+00:00,NVDA261016P00170000
NVDA,2026-09-21,222.27000427246094,2026-10-16,P,175.0,0.0,0.0,0.31,700.0,0.0,0.2500075,False,2026-09-18 19:59:57+00:00,NVDA261016P00175000
NVDA,2026-09-21,222.27000427246094,2026-10-16,P,180.0,0.0,0.0,0.37,817.0,0.0,0.12500875,False,2026-09-18 19:57:30+00:00,NVDA261016P00180000
NVDA,2026-09-21,222.27000427246094,2026-10-16,P,185.0,0.0,0.0,0.49,1688.0,0.0,0.12500875,False,2026-09-18 19:59:33+00:00,NVDA261016P00185000
NVDA,2026-09-21,222.27000427246094,2026-10-16,P,190.0,0.0,0.0,0.66,1523.0,0.0,0.12500875,False,2026-09-18 19:59:57+00:00,NVDA261016P00190000
NVDA,2026-09-21,222.27000427246094,2026-10-16,P,195.0,0.0,0.0,0.93,2035.0,0.0,0.12500875,False,2026-09-18 19:59:58+00:00,NVDA261016P00195000
NVDA,2026-09-21,222.27000427246094,2026-10-16,P,200.0,0.0,0.0,1.34,3310.0,0.0,0.062509375,False,2026-09-18 19:59:58+00:00,NVDA261016P00200000
NVDA,2026-09-21,222.27000427246094,2026-10-16,P,205.0,0.0,0.0,1.97,2321.0,0.0,0.062509375,False,2026-09-18 19:59:48+00:00,NVDA261016P00205000
NVDA,2026-09-21,222.27000427246094,2026-10-16,P,210.0,0.0,0.0,2.98,2965.0,0.0,0.062509375,False,2026-09-18 19:59:58+00:00,NVDA261016P00210000
NVDA,2026-09-21,222.27000427246094,2026-10-16,P,215.0,0.0,0.0,4.35,5058.0,0.0,0.0312596875,False,2026-09-18 19:59:50+00:00,NVDA261016P00215000
NVDA,2026-09-21,222.27000427246094,2026-10-16,P,220.0,0.0,0.0,6.3,4875.0,0.0,0.007822421875,False,2026-09-18 19:59:00+00:00,NVDA261016P00220000
NVDA,2026-09-21,222.27000427246094,2026-10-16,P,225.0,0.0,0.0,8.67,2080.0,0.0,1.0000000000000003e-05,True,2026-09-18 19:59:50+00:00,NVDA261016P00225000
NVDA,2026-09-21,222.27000427246094,2026-10-16,P,230.0,0.0,0.0,11.7,316.0,0.0,1.0000000000000003e-05,True,2026-09-18 19:59:15+00:00,NVDA261016P00230000
NVDA,2026-09-21,222.27000427246094,2026-10-16,P,235.0,0.0,0.0,16.93,100.0,0.0,1.0000000000000003e-05,True,2026-09-18 18:55:45+00:00,NVDA261016P00235000
NVDA,2026-09-21,222.27000427246094,2026-10-16,P,240.0,0.0,0.0,19.26,115.0,0.0,1.0000000000000003e-05,True,2026-09-18 19:59:56+00:00,NVDA261016P00240000
NVDA,2026-09-21,222.27000427246094,2026-10-16,P,245.0,0.0,0.0,26.23,1.0,0.0,1.0000000000000003e-05,True,2026-09-18 14:03:49+00:00,NVDA261016P00245000
NVDA,2026-09-21,222.27000427246094,2026-10-16,P,250.0,0.0,0.0,30.68,91.0,0.0,1.0000000000000003e-05,True,2026-09-18 18:01:25+00:00,NVDA261016P00250000
NVDA,2026-09-21,222.27000427246094,2026-10-16,P,255.0,0.0,0.0,35.9,1.0,0.0,1.0000000000000003e-05,True,2026-09-18 15:11:43+00:00,NVDA261016P00255000
NVDA,2026-09-21,222.27000427246094,2026-10-16,P,260.0,0.0,0.0,40.8,1.0,0.0,1.0000000000000003e-05,True,2026-09-18 14:35:22+00:00,NVDA261016P00260000
NVDA,2026-09-21,222.27000427246094,2026-10-16,P,265.0,0.0,0.0,46.1,3.0,0.0,1.0000000000000003e-05,True,2026-09-10 13:36:20+00:00,NVDA261016P00265000
NVDA,2026-09-21,222.27000427246094,2026-10-16,P,270.0,0.0,0.0,50.72,46.0,0.0,1.0000000000000003e-05,True,2026-09-17 18:42:35+00:00,NVDA261016P00270000
NVDA,2026-09-21,222.27000427246094,2026-10-16,P,275.0,0.0,0.0,55.15,51.0,0.0,1.0000000000000003e-05,True,2026-09-10 18:50:10+00:00,NVDA261016P00275000
NVDA,2026-09-21,222.27000427246094,2026-10-16,P,280.0,0.0,0.0,60.21,36.0,0.0,1.0000000000000003e-05,True,2026-09-10 18:34:04+00:00,NVDA261016P00280000
NVDA,2026-09-21,222.27000427246094,2026-10-16,P,285.0,0.0,0.0,65.58,2.0,0.0,1.0000000000000003e-05,True,2026-08-10 15:57:30+00:00,NVDA261016P00285000
NVDA,2026-09-21,222.27000427246094,2026-10-16,P,290.0,0.0,0.0,74.6,2.0,0.0,1.0000000000000003e-05,True,2026-09-01 19:58:28+00:00,NVDA261016P00290000
NVDA,2026-09-21,222.27000427246094,2026-10-16,P,295.0,0.0,0.0,79.62,5.0,0.0,1.0000000000000003e-05,True,2026-08-21 14:36:24+00:00,NVDA261016P00295000
NVDA,2026-09-21,222.27000427246094,2026-10-16,P,300.0,0.0,0.0,80.11,2.0,0.0,1.0000000000000003e-05,True,2026-09-18 19:47:10+00:00,NVDA261016P00300000
NVDA,2026-09-21,222.27000427246094,2026-10-16,P,305.0,0.0,0.0,85.13,1.0,0.0,1.0000000000000003e-05,True,2026-09-18 19:47:10+00:00,NVDA261016P00305000
NVDA,2026-09-21,222.27000427246094,2026-10-16,P,310.0,0.0,0.0,87.0,22.0,0.0,1.0000000000000003e-05,True,2026-08-07 19:21:26+00:00,NVDA261016P00310000
NVDA,2026-09-21,222.27000427246094,2026-10-16,P,360.0,0.0,0.0,142.25,1.0,0.0,1.0000000000000003e-05,True,2026-05-29 17:06:51+00:00,NVDA261016P00360000
NVDA,2026-09-21,222.27000427246094,2026-10-16,P,370.0,0.0,0.0,146.03,32.0,0.0,1.0000000000000003e-05,True,2026-08-27 13:34:17+00:00,NVDA261016P00370000
NVDA,2026-09-21,222.27000427246094,2026-10-16,P,380.0,0.0,0.0,158.2,30.0,0.0,1.0000000000000003e-05,True,2026-05-21 18:10:39+00:00,NVDA261016P00380000
NVDA,2026-09-21,222.27000427246094,2026-10-16,P,390.0,155.0,163.75,183.33,1.0,0.0,1.0000000000000003e-05,True,2026-08-03 19:53:36+00:00,NVDA261016P00390000
NVDA,2026-09-21,222.27000427246094,2026-10-16,P,400.0,0.0,0.0,180.55,1.0,0.0,1.0000000000000003e-05,True,2026-09-18 16:00:19+00:00,NVDA261016P00400000
NVDA,2026-09-21,222.27000427246094,2026-10-16,P,405.0,0.0,0.0,193.5,,0.0,1.0000000000000003e-05,True,2026-09-14 19:55:00+00:00,NVDA261016P00405000
NVDA,2026-09-21,222.27000427246094,2026-10-16,P,410.0,0.0,0.0,182.97,1.0,0.0,1.0000000000000003e-05,True,2026-08-13 19:50:27+00:00,NVDA261016P00410000
NVDA,2026-09-21,222.27000427246094,2026-10-16,P,440.0,229.7,231.95,212.53,,0.0,2.3369182202148426,True,2026-05-13 16:30:55+00:00,NVDA261016P00440000
NVDA,2026-09-21,222.27000427246094,2026-10-16,P,455.0,0.0,0.0,229.4,2.0,0.0,1.0000000000000003e-05,True,2026-08-13 19:51:57+00:00,NVDA261016P00455000
NVDA,2026-09-21,222.27000427246094,2026-10-16,P,460.0,0.0,0.0,234.38,4.0,0.0,1.0000000000000003e-05,True,2026-08-13 19:51:57+00:00,NVDA261016P00460000
