symbol,snapshot_date,spot,expiry,right,strike,bid,ask,last_price,volume,open_interest,implied_vol,in_the_money,last_trade_date,contract_symbol
NVDA,2026-10-06,238.89999389648438,2026-10-07,C,115.0,121.5,126.2,124.73,8.0,7,6.573243970947267,True,2026-10-05 19:46:04+00:00,NVDA261007C00115000
NVDA,2026-10-06,238.89999389648438,2026-10-07,C,120.0,116.5,121.05,119.43,9.0,7,6.146486691894531,True,2026-10-05 19:37:38+00:00,NVDA261007C00120000
NVDA,2026-10-06,238.89999389648438,2026-10-07,C,125.0,112.75,115.35,114.07,9.0,18,3.72656318359375,True,2026-10-05 19:01:37+00:00,NVDA261007C00125000
NVDA,2026-10-06,238.89999389648438,2026-10-07,C,130.0,106.6,111.05,108.14,11.0,11,5.531253085937499,True,2026-10-05 18:34:49+00:00,NVDA261007C00130000
NVDA,2026-10-06,238.89999389648438,2026-10-07,C,135.0,101.5,106.0,104.32,19.0,15,5.21191754760742,True,2026-10-05 19:17:24+00:00,NVDA261007C00135000
NVDA,2026-10-06,238.89999389648438,2026-10-07,C,140.0,96.65,101.05,99.89,28.0,12,4.9599647375488285,True,2026-10-05 19:41:33+00:00,NVDA261007C00140000
NVDA,2026-10-06,238.89999389648438,2026-10-07,C,145.0,91.65,96.05,94.8,50.0,36,4.688480701904297,True,2026-10-05 19:38:37+00:00,NVDA261007C00145000
NVDA,2026-10-06,238.89999389648438,2026-10-07,C,150.0,86.7,91.1,89.86,70.0,38,0.500005,True,2026-10-05 19:52:25+00:00,NVDA261007C00150000
NVDA,2026-10-06,238.89999389648438,2026-10-07,C,155.0,81.65,86.1,84.58,25.0,23,4.1923875720214845,True,2026-10-05 19:45:19+00:00,NVDA261007C00155000
NVDA,2026-10-06,238.89999389648438,2026-10-07,C,160.0,76.65,81.05,78.0,30.0,29,3.9199220751953128,True,2026-10-05 18:22:48+00:00,NVDA261007C00160000
NVDA,2026-10-06,238.89999389648438,2026-10-07,C,165.0,71.65,76.05,74.75,101.0,30,3.6767586206054688,True,2026-10-05 19:52:34+00:00,NVDA261007C00165000
NVDA,2026-10-06,238.89999389648438,2026-10-07,C,170.0,66.65,71.1,70.1,80.0,24,3.4604505676269532,True,2026-10-05 19:49:31+00:00,NVDA261007C00170000
NVDA,2026-10-06,238.89999389648438,2026-10-07,C,175.0,61.65,66.05,64.12,13.0,27,3.2080097924804685,True,2026-10-05 19:02:56+00:00,NVDA261007C00175000
NVDA,2026-10-06,238.89999389648438,2026-10-07,C,180.0,56.65,61.05,60.21,35.0,32,2.9804712988281246,True,2026-10-05 19:46:38+00:00,NVDA261007C00180000
NVDA,2026-10-06,238.89999389648438,2026-10-07,C,185.0,51.7,56.1,55.12,32.0,23,0.500005,True,2026-10-05 19:49:09+00:00,NVDA261007C00185000
NVDA,2026-10-06,238.89999389648438,2026-10-07,C,190.0,46.7,51.25,49.69,70.0,20,1.3398470507812497,True,2026-10-05 19:52:19+00:00,NVDA261007C00190000
NVDA,2026-10-06,238.89999389648438,2026-10-07,C,195.0,41.7,46.1,44.8,64.0,15,0.500005,True,2026-10-05 19:52:34+00:00,NVDA261007C00195000
NVDA,2026-10-06,238.89999389648438,2026-10-07,C,197.5,39.2,43.65,42.35,72.0,28,0.992187578125,True,2026-10-05 19:32:32+00:00,NVDA261007C00197500
NVDA,2026-10-06,238.89999389648438,2026-10-07,C,200.0,37.15,40.2,38.8,111.0,51,1.8251961865234374,True,2026-10-05 19:59:09+00:00,NVDA261007C00200000
NVDA,2026-10-06,238.89999389648438,2026-10-07,C,202.5,34.15,38.65,37.03,47.0,23,0.500005,True,2026-10-05 19:20:59+00:00,NVDA261007C00202500
NVDA,2026-10-06,238.89999389648438,2026-10-07,C,205.0,32.0,36.15,34.1,38.0,31,1.0664109179687502,True,2026-10-05 19:27:01+00:00,NVDA261007C00205000
NVDA,2026-10-06,238.89999389648438,2026-10-07,C,207.5,29.45,33.65,32.25,23.0,34,0.9707034179687499,True,2026-10-05 19:27:29+00:00,NVDA261007C00207500
NVDA,2026-10-06,238.89999389648438,2026-10-07,C,210.0,28.0,31.35,31.22,35.0,42,1.2519568652343749,True,2026-10-05 19:59:28+00:00,NVDA261007C00210000
NVDA,2026-10-06,238.89999389648438,2026-10-07,C,212.5,24.2,28.85,28.75,141.0,94,0.804689453125,True,2026-10-05 19:59:28+00:00,NVDA261007C00212500
NVDA,2026-10-06,238.89999389648438,2026-10-07,C,215.0,23.3,25.4,24.66,342.0,227,0.9414068359375,True,2026-10-05 19:51:36+00:00,NVDA261007C00215000
NVDA,2026-10-06,238.89999389648438,2026-10-07,C,217.5,20.9,21.95,20.6,146.0,459,0.5312546875,True,2026-10-05 19:58:47+00:00,NVDA261007C00217500
NVDA,2026-10-06,238.89999389648438,2026-10-07,C,220.0,17.55,19.5,18.7,336.0,504,0.8349625878906248,True,2026-10-05 19:59:43+00:00,NVDA261007C00220000
NVDA,2026-10-06,238.89999389648438,2026-10-07,C,222.5,14.25,17.35,17.2,478.0,402,0.8535170898437501,True,2026-10-05 19:48:40+00:00,NVDA261007C00222500
NVDA,2026-10-06,238.89999389648438,2026-10-07,C,225.0,13.65,14.4,13.91,1461.0,508,0.6274451318359376,True,2026-10-05 19:57:04+00:00,NVDA261007C00225000
NVDA,2026-10-06,238.89999389648438,2026-10-07,C,227.5,11.4,12.05,11.3,1389.0,887,0.5839885351562499,True,2026-10-05 19:57:13+00:00,NVDA261007C00227500
NVDA,2026-10-06,238.89999389648438,2026-10-07,C,230.0,9.15,9.35,9.0,1920.0,2038,0.437505625,True,2026-10-05 19:58:29+00:00,NVDA261007C00230000
NVDA,2026-10-06,238.89999389648438,2026-10-07,C,232.5,6.75,7.25,6.58,1616.0,2321,0.43604079589843747,True,2026-10-05 19:59:27+00:00,NVDA261007C00232500
NVDA,2026-10-06,238.89999389648438,2026-10-07,C,235.0,4.75,4.85,4.65,13919.0,4649,0.3452213916015625,True,2026-10-05 19:59:58+00:00,NVDA261007C00235000
NVDA,2026-10-06,238.89999389648438,2026-10-07,C,237.5,2.98,3.05,2.86,47895.0,3475,0.3244696459960937,True,2026-10-05 19:59:47+00:00,NVDA261007C00237500
NVDA,2026-10-06,238.89999389648438,2026-10-07,C,240.0,1.68,1.72,1.59,73465.0,7290,0.3149482568359374,False,2026-10-05 19:59:58+00:00,NVDA261007C00240000
NVDA,2026-10-06,238.89999389648438,2026-10-07,C,242.5,0.84,0.88,0.85,35125.0,6548,0.3142158422851562,False,2026-10-05 19:59:59+00:00,NVDA261007C00242500
NVDA,2026-10-06,238.89999389648438,2026-10-07,C,245.0,0.39,0.4,0.4,32950.0,5810,0.31445998046874996,False,2026-10-05 19:59:59+00:00,NVDA261007C00245000
NVDA,2026-10-06,238.89999389648438,2026-10-07,C,247.5,0.17,0.18,0.16,12062.0,9900,0.3232489550781249,False,2026-10-05 19:59:56+00:00,NVDA261007C00247500
NVDA,2026-10-06,238.89999389648438,2026-10-07,C,250.0,0.08,0.09,0.08,31834.0,7360,0.34180345703125,False,2026-10-05 19:59:52+00:00,NVDA261007C00250000
NVDA,2026-10-06,238.89999389648438,2026-10-07,C,252.5,0.04,0.05,0.04,16251.0,2523,0.36524072265625,False,2026-10-05 19:59:49+00:00,NVDA261007C00252500
NVDA,2026-10-06,238.89999389648438,2026-10-07,C,255.0,0.02,0.03,0.03,5004.0,2935,0.39063109375,False,2026-10-05 19:59:52+00:00,NVDA261007C00255000
NVDA,2026-10-06,238.89999389648438,2026-10-07,C,260.0,0.0,0.01,0.02,1044.0,639,0.42969320312500003,False,2026-10-05 19:59:57+00:00,NVDA261007C00260000
NVDA,2026-10-06,238.89999389648438,2026-10-07,C,265.0,0.0,0.01,0.01,209.0,87,0.51562984375,False,2026-10-05 19:18:30+00:00,NVDA261007C00265000
NVDA,2026-10-06,238.89999389648438,2026-10-07,C,270.0,0.0,0.01,0.01,1.0,64,0.5625043750000001,False,2026-10-01 19:09:17+00:00,NVDA261007C00270000
NVDA,2026-10-06,238.89999389648438,2026-10-07,C,275.0,0.0,0.01,0.01,8.0,33,0.64062859375,False,2026-10-05 17:36:43+00:00,NVDA261007C00275000
NVDA,2026-10-06,238.89999389648438,2026-10-07,C,280.0,0.0,0.01,0.01,103.0,133,0.7187528125,False,2026-10-02 13:57:03+00:00,NVDA261007C00280000
NVDA,2026-10-06,238.89999389648438,2026-10-07,C,285.0,0.0,0.01,0.02,1.0,2,0.7812521875,False,2026-09-30 19:21:54+00:00,NVDA261007C00285000
NVDA,2026-10-06,238.89999389648438,2026-10-07,C,295.0,0.0,0.01,0.01,2.0,1,0.9062509375,False,2026-10-05 17:10:23+00:00,NVDA261007C00295000
NVDA,2026-10-06,238.89999389648438,2026-10-07,P,130.0,0.0,0.01,0.04,,1,2.50000375,False,2026-09-29 14:07:58+00:00,NVDA261007P00130000
NVDA,2026-10-06,238.89999389648438,2026-10-07,P,140.0,0.0,0.01,0.02,,9,2.2500043749999996,False,2026-09-30 16:24:19+00:00,NVDA261007P00140000
NVDA,2026-10-06,238.89999389648438,2026-10-07,P,145.0,0.0,0.01,0.01,5000.0,25,2.1250046874999997,False,2026-10-05 18:05:08+00:00,NVDA261007P00145000
NVDA,2026-10-06,238.89999389648438,2026-10-07,P,150.0,0.0,0.01,0.01,3581.0,20,1.9375003125,False,2026-10-05 18:02:50+00:00,NVDA261007P00150000
NVDA,2026-10-06,238.89999389648438,2026-10-07,P,155.0,0.0,0.01,0.01,246.0,62,1.8125009374999999,False,2026-10-05 17:52:04+00:00,NVDA261007P00155000
NVDA,2026-10-06,238.89999389648438,2026-10-07,P,160.0,0.0,0.01,0.02,77.0,3,1.6875015625,False,2026-10-05 17:50:47+00:00,NVDA261007P00160000
NVDA,2026-10-06,238.89999389648438,2026-10-07,P,165.0,0.0,0.01,0.01,1588.0,609,1.5625021874999998,False,2026-10-05 17:38:11+00:00,NVDA261007P00165000
NVDA,2026-10-06,238.89999389648438,2026-10-07,P,170.0,0.0,0.01,0.01,620.0,193,1.4375028125,False,2026-10-05 19:40:18+00:00,NVDA261007P00170000
NVDA,2026-10-06,238.89999389648438,2026-10-07,P,175.0,0.0,0.01,0.01,937.0,99,1.3437532812499997,False,2026-10-05 19:29:22+00:00,NVDA261007P00175000
NVDA,2026-10-06,238.89999389648438,2026-10-07,P,180.0,0.0,0.02,0.01,845.0,1042,1.3125034374999998,False,2026-10-05 19:58:27+00:00,NVDA261007P00180000
NVDA,2026-10-06,238.89999389648438,2026-10-07,P,185.0,0.0,0.01,0.01,1064.0,1138,1.125004375,False,2026-10-05 19:50:46+00:00,NVDA261007P00185000
NVDA,2026-10-06,238.89999389648438,2026-10-07,P,190.0,0.01,0.02,0.01,1173.0,109,1.125004375,False,2026-10-05 19:54:14+00:00,NVDA261007P00190000
NVDA,2026-10-06,238.89999389648438,2026-10-07,P,195.0,0.01,0.02,0.02,723.0,1088,1.000005,False,2026-10-05 19:58:14+00:00,NVDA261007P00195000
NVDA,2026-10-06,238.89999389648438,2026-10-07,P,197.5,0.01,0.03,0.02,1000.0,102,0.9687503125,False,2026-10-05 19:46:58+00:00,NVDA261007P00197500
NVDA,2026-10-06,238.89999389648438,2026-10-07,P,200.0,0.01,0.03,0.03,2351.0,460,0.914063359375,False,2026-10-05 19:57:12+00:00,NVDA261007P00200000
NVDA,2026-10-06,238.89999389648438,2026-10-07,P,202.5,0.01,0.03,0.02,8183.0,1244,0.85937640625,False,2026-10-05 19:57:09+00:00,NVDA261007P00202500
NVDA,2026-10-06,238.89999389648438,2026-10-07,P,205.0,0.01,0.03,0.02,9126.0,421,0.79687703125,False,2026-10-05 19:56:11+00:00,NVDA261007P00205000
NVDA,2026-10-06,238.89999389648438,2026-10-07,P,207.5,0.01,0.03,0.02,9243.0,68,0.7421900781249999,False,2026-10-05 19:53:57+00:00,NVDA261007P00207500
NVDA,2026-10-06,238.89999389648438,2026-10-07,P,210.0,0.01,0.03,0.01,9450.0,2438,0.6875031250000001,False,2026-10-05 19:42:00+00:00,NVDA261007P00210000
NVDA,2026-10-06,238.89999389648438,2026-10-07,P,212.5,0.02,0.03,0.02,29334.0,694,0.6445348046875,False,2026-10-05 19:58:03+00:00,NVDA261007P00212500
NVDA,2026-10-06,238.89999389648438,2026-10-07,P,215.0,0.02,0.03,0.02,5355.0,1775,0.585941640625,False,2026-10-05 19:58:28+00:00,NVDA261007P00215000
NVDA,2026-10-06,238.89999389648438,2026-10-07,P,217.5,0.03,0.04,0.03,3898.0,1489,0.5546919531250001,False,2026-10-05 19:59:55+00:00,NVDA261007P00217500
NVDA,2026-10-06,238.89999389648438,2026-10-07,P,220.0,0.04,0.05,0.05,3496.0,1899,0.5117236328125,False,2026-10-05 19:59:36+00:00,NVDA261007P00220000
NVDA,2026-10-06,238.89999389648438,2026-10-07,P,222.5,0.05,0.06,0.06,3413.0,3774,0.4687553125,False,2026-10-05 19:59:54+00:00,NVDA261007P00222500
NVDA,2026-10-06,238.89999389648438,2026-10-07,P,225.0,0.07,0.08,0.07,6160.0,3555,0.42578699218750005,False,2026-10-05 19:59:53+00:00,NVDA261007P00225000
NVDA,2026-10-06,238.89999389648438,2026-10-07,P,227.5,0.11,0.12,0.12,5531.0,3390,0.38672488281249995,False,2026-10-05 19:59:52+00:00,NVDA261007P00227500
NVDA,2026-10-06,238.89999389648438,2026-10-07,P,230.0,0.18,0.19,0.17,11964.0,10164,0.348639326171875,False,2026-10-05 19:59:58+00:00,NVDA261007P00230000
NVDA,2026-10-06,238.89999389648438,2026-10-07,P,232.5,0.33,0.35,0.35,19197.0,1611,0.32031929687499994,False,2026-10-05 19:59:59+00:00,NVDA261007P00232500
NVDA,2026-10-06,238.89999389648438,2026-10-07,P,235.0,0.68,0.71,0.71,73178.0,2761,0.301764794921875,False,2026-10-05 19:59:59+00:00,NVDA261007P00235000
NVDA,2026-10-06,238.89999389648438,2026-10-07,P,237.5,1.37,1.41,1.38,42817.0,460,0.2890696093749999,False,2026-10-05 19:59:59+00:00,NVDA261007P00237500
NVDA,2026-10-06,238.89999389648438,2026-10-07,P,240.0,2.54,2.6,2.69,19158.0,267,0.28321029296874994,True,2026-10-05 19:59:58+00:00,NVDA261007P00240000
NVDA,2026-10-06,238.89999389648438,2026-10-07,P,242.5,4.15,4.35,4.55,2276.0,153,0.2915109912109374,True,2026-10-05 19:59:33+00:00,NVDA261007P00242500
NVDA,2026-10-06,238.89999389648438,2026-10-07,P,245.0,6.15,6.35,6.7,765.0,290,0.273444765625,True,2026-10-05 19:59:40+00:00,NVDA261007P00245000
NVDA,2026-10-06,238.89999389648438,2026-10-07,P,247.5,8.25,8.85,8.2,453.0,125,0.3505924316406249,True,2026-10-05 19:50:54+00:00,NVDA261007P00247500
NVDA,2026-10-06,238.89999389648438,2026-10-07,P,250.0,10.7,11.05,11.35,339.0,5,1.0000000000000003e-05,True,2026-10-05 19:59:53+00:00,NVDA261007P00250000
NVDA,2026-10-06,238.89999389648438,2026-10-07,P,252.5,13.1,15.0,13.18,82.0,1,0.5668988623046876,True,2026-10-05 19:42:00+00:00,NVDA261007P00252500
NVDA,2026-10-06,238.89999389648438,2026-10-07,P,255.0,14.6,16.85,16.2,23.0,0,0.7334011035156249,True,2026-10-05 19:53:33+00:00,NVDA261007P00255000
NVDA,2026-10-06,238.89999389648438,2026-10-07,P,260.0,20.0,23.1,20.6,173.0,0,0.7778342529296876,True,2026-10-05 19:40:10+00:00,NVDA261007P00260000
NVDA,2026-10-06,238.89999389648438,2026-10-07,P,265.0,24.6,28.7,25.73,13.0,0,0.9501958105468749,True,2026-10-05 19:04:25+00:00,NVDA261007P00265000
NVDA,2026-10-06,238.89999389648438,2026-10-07,P,270.0,29.65,32.55,29.58,2.0,1,1.376956240234375,True,2026-10-05 19:37:14+00:00,NVDA261007P00270000
NVDA,2026-10-06,238.89999389648438,2026-10-07,P,275.0,34.95,37.4,34.6,40.0,0,0.8554701953125,True,2026-10-05 19:37:14+00:00,NVDA261007P00275000
NVDA,2026-10-06,238.89999389648438,2026-10-07,P,280.0,39.9,43.35,49.41,,0,1.3056675341796873,True,2026-09-30 19:43:42+00:00,NVDA261007P00280000
NVDA,2026-10-06,238.89999389648438,2026-10-07,P,285.0,44.6,48.1,50.5,10.0,0,1.2402381738281247,True,2026-10-02 19:03:23+00:00,NVDA261007P00285000
NVDA,2026-10-06,238.89999389648438,2026-10-07,P,290.0,49.7,52.6,54.73,32.0,0,1.0703171484375003,True,2026-10-02 16:43:59+00:00,NVDA261007P00290000
NVDA,2026-10-06,238.89999389648438,2026-10-07,P,295.0,53.55,58.85,59.25,24.0,0,1.2578162109375,True,2026-10-02 19:03:26+00:00,NVDA261007P00295000
NVDA,2026-10-06,238.89999389648438,2026-10-09,C,55.0,181.55,185.9,182.22,4.0,4,8.541996848754883,True,2026-10-05 14:53:57+00:00,NVDA261009C00055000
NVDA,2026-10-06,238.89999389648438,2026-10-09,C,60.0,176.55,180.9,177.3,12.0,2,8.050786218261717,True,2026-10-05 19:30:44+00:00,NVDA261009C00060000
NVDA,2026-10-06,238.89999389648438,2026-10-09,C,75.0,161.65,165.95,162.25,20.0,3,6.8496108129882805,True,2026-10-05 15:07:09+00:00,NVDA261009C00075000
NVDA,2026-10-06,238.89999389648438,2026-10-09,C,80.0,156.7,160.95,155.1,50.0,1,6.4951190686035165,True,2026-10-05 16:59:59+00:00,NVDA261009C00080000
NVDA,2026-10-06,238.89999389648438,2026-10-09,C,85.0,151.6,155.95,152.49,46.0,12,6.164064794921874,True,2026-10-05 17:10:00+00:00,NVDA261009C00085000
NVDA,2026-10-06,238.89999389648438,2026-10-09,C,90.0,146.7,150.95,147.95,58.0,0,5.8535183081054685,True,2026-10-05 17:11:00+00:00,NVDA261009C00090000
NVDA,2026-10-06,238.89999389648438,2026-10-09,C,95.0,140.75,147.35,144.74,298.0,2,3.6562508593750005,True,2026-10-05 19:46:23+00:00,NVDA261009C00095000
NVDA,2026-10-06,238.89999389648438,2026-10-09,C,100.0,136.6,140.95,136.89,70.0,5,5.283206520996093,True,2026-10-05 16:05:56+00:00,NVDA261009C00100000
NVDA,2026-10-06,238.89999389648438,2026-10-09,C,105.0,131.7,135.95,134.78,96.0,15,5.0195349755859375,True,2026-10-05 19:48:41+00:00,NVDA261009C00105000
NVDA,2026-10-06,238.89999389648438,2026-10-09,C,110.0,126.6,130.95,130.05,118.0,6,4.76855872680664,True,2026-10-05 18:59:06+00:00,NVDA261009C00110000
NVDA,2026-10-06,238.89999389648438,2026-10-09,C,115.0,121.6,125.95,124.74,46.0,6,4.529301213378906,True,2026-10-05 19:24:54+00:00,NVDA261009C00115000
NVDA,2026-10-06,238.89999389648438,2026-10-09,C,120.0,116.95,121.0,119.74,129.0,8,2.57031607421875,True,2026-10-05 19:45:20+00:00,NVDA261009C00120000
NVDA,2026-10-06,238.89999389648438,2026-10-09,C,125.0,112.1,116.05,114.46,71.0,3,2.68750328125,True,2026-10-05 19:34:19+00:00,NVDA261009C00125000
NVDA,2026-10-06,238.89999389648438,2026-10-09,C,130.0,106.75,111.0,110.1,79.0,5,3.8906252734375,True,2026-10-05 19:01:40+00:00,NVDA261009C00130000
NVDA,2026-10-06,238.89999389648438,2026-10-09,C,135.0,102.4,106.1,105.6,94.0,6,2.6386752783203127,True,2026-10-05 19:48:47+00:00,NVDA261009C00135000
NVDA,2026-10-06,238.89999389648438,2026-10-09,C,140.0,97.05,101.05,100.35,93.0,19,2.2109419726562494,True,2026-10-05 19:34:29+00:00,NVDA261009C00140000
NVDA,2026-10-06,238.89999389648438,2026-10-09,C,145.0,91.8,96.0,95.08,107.0,68,0.500005,True,2026-10-05 19:39:03+00:00,NVDA261009C00145000
NVDA,2026-10-06,238.89999389648438,2026-10-09,C,150.0,86.85,91.0,90.61,142.0,68,1.5937520312499998,True,2026-10-05 19:49:02+00:00,NVDA261009C00150000
NVDA,2026-10-06,238.89999389648438,2026-10-09,C,155.0,81.95,86.05,82.5,78.0,16,1.734376328125,True,2026-10-05 19:51:24+00:00,NVDA261009C00155000
NVDA,2026-10-06,238.89999389648438,2026-10-09,C,160.0,77.2,81.05,79.89,72.0,17,1.8046884765624998,True,2026-10-05 19:43:10+00:00,NVDA261009C00160000
NVDA,2026-10-06,238.89999389648438,2026-10-09,C,165.0,71.95,76.05,74.78,98.0,21,1.5078149609375,True,2026-10-05 19:45:13+00:00,NVDA261009C00165000
NVDA,2026-10-06,238.89999389648438,2026-10-09,C,170.0,67.15,72.1,69.76,164.0,52,1.9072270263671878,True,2026-10-05 19:52:25+00:00,NVDA261009C00170000
NVDA,2026-10-06,238.89999389648438,2026-10-09,C,175.0,61.8,64.35,64.9,186.0,26,1.619142529296875,True,2026-10-05 19:16:20+00:00,NVDA261009C00175000
NVDA,2026-10-06,238.89999389648438,2026-10-09,C,180.0,56.85,60.7,59.74,188.0,64,2.0112354406738278,True,2026-10-05 19:48:24+00:00,NVDA261009C00180000
NVDA,2026-10-06,238.89999389648438,2026-10-09,C,185.0,51.65,56.05,54.9,179.0,99,1.949707282714844,True,2026-10-05 19:43:51+00:00,NVDA261009C00185000
NVDA,2026-10-06,238.89999389648438,2026-10-09,C,190.0,47.2,50.5,49.82,247.0,206,1.6552751611328125,True,2026-10-05 18:57:20+00:00,NVDA261009C00190000
NVDA,2026-10-06,238.89999389648438,2026-10-09,C,195.0,41.85,46.1,44.8,190.0,480,0.851563984375,True,2026-10-05 19:44:45+00:00,NVDA261009C00195000
NVDA,2026-10-06,238.89999389648438,2026-10-09,C,197.5,39.65,43.65,42.11,278.0,28,0.96289099609375,True,2026-10-05 19:01:59+00:00,NVDA261009C00197500
NVDA,2026-10-06,238.89999389648438,2026-10-09,C,200.0,38.35,39.25,39.68,1174.0,791,0.965820654296875,True,2026-10-05 19:48:03+00:00,NVDA261009C00200000
NVDA,2026-10-06,238.89999389648438,2026-10-09,C,202.5,34.8,38.0,36.35,3827.0,30,1.2939488427734374,True,2026-10-05 19:54:27+00:00,NVDA261009C00202500
NVDA,2026-10-06,238.89999389648438,2026-10-09,C,205.0,33.55,35.55,34.75,3524.0,545,0.9707034179687499,True,2026-10-05 19:52:34+00:00,NVDA261009C00205000
NVDA,2026-10-06,238.89999389648438,2026-10-09,C,207.5,29.4,33.65,32.35,11086.0,413,0.6660189648437502,True,2026-10-05 19:22:44+00:00,NVDA261009C00207500
NVDA,2026-10-06,238.89999389648438,2026-10-09,C,210.0,28.65,29.35,29.98,3402.0,1105,0.596683720703125,True,2026-10-05 19:43:43+00:00,NVDA261009C00210000
NVDA,2026-10-06,238.89999389648438,2026-10-09,C,212.5,26.15,26.85,27.31,1744.0,767,0.5488326367187502,True,2026-10-05 19:46:36+00:00,NVDA261009C00212500
NVDA,2026-10-06,238.89999389648438,2026-10-09,C,215.0,23.65,25.75,24.98,2081.0,9532,0.7656273437500001,True,2026-10-05 19:38:25+00:00,NVDA261009C00215000
NVDA,2026-10-06,238.89999389648438,2026-10-09,C,217.5,20.85,22.25,22.31,6009.0,2975,0.7133817724609376,True,2026-10-05 19:56:33+00:00,NVDA261009C00217500
NVDA,2026-10-06,238.89999389648438,2026-10-09,C,220.0,18.75,19.8,18.77,2098.0,4864,0.5268602001953125,True,2026-10-05 19:58:47+00:00,NVDA261009C00220000
NVDA,2026-10-06,238.89999389648438,2026-10-09,C,222.5,16.25,17.3,16.35,4395.0,1214,0.5937540625000001,True,2026-10-05 19:57:41+00:00,NVDA261009C00222500
NVDA,2026-10-06,238.89999389648438,2026-10-09,C,225.0,13.95,14.8,14.19,1838.0,7653,0.5268602001953125,True,2026-10-05 19:59:35+00:00,NVDA261009C00225000
NVDA,2026-10-06,238.89999389648438,2026-10-09,C,227.5,11.9,12.2,11.7,555.0,4102,0.4409235595703125,True,2026-10-05 19:59:07+00:00,NVDA261009C00227500
NVDA,2026-10-06,238.89999389648438,2026-10-09,C,230.0,9.65,9.85,9.37,6689.0,15917,0.39624627197265627,True,2026-10-05 19:59:43+00:00,NVDA261009C00230000
NVDA,2026-10-06,238.89999389648438,2026-10-09,C,232.5,7.45,7.6,7.2,3351.0,4460,0.3566958862304687,True,2026-10-05 19:59:48+00:00,NVDA261009C00232500
NVDA,2026-10-06,238.89999389648438,2026-10-09,C,235.0,5.55,5.65,5.6,22750.0,31806,0.33789724609375,True,2026-10-05 19:59:59+00:00,NVDA261009C00235000
NVDA,2026-10-06,238.89999389648438,2026-10-09,C,237.5,3.85,3.95,3.65,31028.0,9342,0.3217841259765625,True,2026-10-05 19:59:49+00:00,NVDA261009C00237500
NVDA,2026-10-06,238.89999389648438,2026-10-09,C,240.0,2.56,2.6,2.57,78880.0,78334,0.31189652954101554,False,2026-10-05 19:59:59+00:00,NVDA261009C00240000
NVDA,2026-10-06,238.89999389648438,2026-10-09,C,242.5,1.58,1.62,1.6,22601.0,19670,0.30762411132812495,False,2026-10-05 19:59:57+00:00,NVDA261009C00242500
NVDA,2026-10-06,238.89999389648438,2026-10-09,C,245.0,0.92,0.95,0.91,44243.0,43713,0.305671005859375,False,2026-10-05 19:59:59+00:00,NVDA261009C00245000
NVDA,2026-10-06,238.89999389648438,2026-10-09,C,247.5,0.52,0.54,0.5,37029.0,33368,0.30762411132812495,False,2026-10-05 19:59:58+00:00,NVDA261009C00247500
NVDA,2026-10-06,238.89999389648438,2026-10-09,C,250.0,0.28,0.3,0.29,46851.0,24044,0.31250687499999996,False,2026-10-05 19:59:59+00:00,NVDA261009C00250000
NVDA,2026-10-06,238.89999389648438,2026-10-09,C,252.5,0.15,0.17,0.16,28579.0,4593,0.32031929687499994,False,2026-10-05 19:59:59+00:00,NVDA261009C00252500
NVDA,2026-10-06,238.89999389648438,2026-10-09,C,255.0,0.09,0.1,0.08,46022.0,6799,0.3320379296875,False,2026-10-05 19:59:58+00:00,NVDA261009C00255000
NVDA,2026-10-06,238.89999389648438,2026-10-09,C,257.5,0.05,0.06,0.04,14564.0,1610,0.3437565625,False,2026-10-05 19:59:26+00:00,NVDA261009C00257500
NVDA,2026-10-06,238.89999389648438,2026-10-09,C,260.0,0.03,0.04,0.03,8291.0,10851,0.35938140625,False,2026-10-05 19:59:14+00:00,NVDA261009C00260000
NVDA,2026-10-06,238.89999389648438,2026-10-09,C,265.0,0.01,0.02,0.01,2602.0,9378,0.39453730468750003,False,2026-10-05 19:57:59+00:00,NVDA261009C00265000
NVDA,2026-10-06,238.89999389648438,2026-10-09,C,270.0,0.0,0.01,0.01,2633.0,4368,0.42188078125,False,2026-10-05 19:39:03+00:00,NVDA261009C00270000
NVDA,2026-10-06,238.89999389648438,2026-10-09,C,275.0,0.0,0.01,0.01,54.0,1615,0.48438015625,False,2026-10-05 15:05:49+00:00,NVDA261009C00275000
NVDA,2026-10-06,238.89999389648438,2026-10-09,C,280.0,0.0,0.01,0.01,14.0,2247,0.500005,False,2026-10-05 17:39:03+00:00,NVDA261009C00280000
NVDA,2026-10-06,238.89999389648438,2026-10-09,C,285.0,0.0,0.01,0.01,335.0,1251,0.5625043750000001,False,2026-10-02 16:25:44+00:00,NVDA261009C00285000
NVDA,2026-10-06,238.89999389648438,2026-10-09,C,290.0,0.0,0.01,0.01,1.0,638,0.5937540625000001,False,2026-10-02 14:43:17+00:00,NVDA261009C00290000
NVDA,2026-10-06,238.89999389648438,2026-10-09,C,295.0,0.0,0.01,0.01,23.0,527,0.6562534375000001,False,2026-10-01 15:28:18+00:00,NVDA261009C00295000
NVDA,2026-10-06,238.89999389648438,2026-10-09,C,300.0,0.0,0.01,0.01,1.0,310,0.6875031250000001,False,2026-09-30 17:19:44+00:00,NVDA261009C00300000
NVDA,2026-10-06,238.89999389648438,2026-10-09,C,305.0,0.0,0.01,0.01,14.0,242,0.7500025,False,2026-09-17 15:17:57+00:00,NVDA261009C00305000
NVDA,2026-10-06,238.89999389648438,2026-10-09,C,310.0,0.0,0.01,0.02,3.0,454,0.7812521875,False,2026-09-23 13:30:03+00:00,NVDA261009C00310000
NVDA,2026-10-06,238.89999389648438,2026-10-09,C,315.0,0.0,0.01,0.03,8.0,154,0.8437515624999999,False,2026-09-16 15:47:57+00:00,NVDA261009C00315000
NVDA,2026-10-06,238.89999389648438,2026-10-09,C,320.0,0.0,0.01,0.01,14.0,30,0.87500125,False,2026-09-11 15:09:04+00:00,NVDA261009C00320000
NVDA,2026-10-06,238.89999389648438,2026-10-09,C,325.0,0.0,0.01,0.04,15.0,1025,0.9062509375,False,2026-09-09 18:56:29+00:00,NVDA261009C00325000
NVDA,2026-10-06,238.89999389648438,2026-10-09,C,330.0,0.0,0.01,0.01,3.0,9,0.9687503125,False,2026-09-16 18:52:08+00:00,NVDA261009C00330000
NVDA,2026-10-06,238.89999389648438,2026-10-09,C,335.0,0.0,0.01,0.01,1.0,64,1.000005,False,2026-10-02 15:43:21+00:00,NVDA261009C00335000
NVDA,2026-10-06,238.89999389648438,2026-10-09,C,340.0,0.0,0.01,0.01,,2,1.0312548437500002,False,2026-09-28 13:55:06+00:00,NVDA261009C00340000
NVDA,2026-10-06,238.89999389648438,2026-10-09,C,345.0,0.0,0.01,0.03,,1,1.09375453125,False,2026-09-09 13:30:01+00:00,NVDA261009C00345000
NVDA,2026-10-06,238.89999389648438,2026-10-09,C,350.0,0.0,0.01,0.02,15.0,159,1.125004375,False,2026-09-09 17:33:07+00:00,NVDA261009C00350000
NVDA,2026-10-06,238.89999389648438,2026-10-09,C,360.0,0.0,0.01,0.02,10.0,10,1.1875040625,False,2026-09-04 19:00:15+00:00,NVDA261009C00360000
NVDA,2026-10-06,238.89999389648438,2026-10-09,C,390.0,0.0,0.01,0.01,1.0,4,1.40625296875,False,2026-10-02 17:57:50+00:00,NVDA261009C00390000
NVDA,2026-10-06,238.89999389648438,2026-10-09,P,50.0,0.0,0.01,0.01,4.0,42,4.500004375,False,2026-09-18 17:15:07+00:00,NVDA261009P00050000
NVDA,2026-10-06,238.89999389648438,2026-10-09,P,55.0,0.0,0.01,0.02,4.0,459,4.12500484375,False,2026-09-04 14:36:47+00:00,NVDA261009P00055000
NVDA,2026-10-06,238.89999389648438,2026-10-09,P,60.0,0.0,0.01,0.01,2.0,4502,3.8750003125,False,2026-09-14 16:54:10+00:00,NVDA261009P00060000
NVDA,2026-10-06,238.89999389648438,2026-10-09,P,65.0,0.0,0.01,0.01,5.0,15,3.750000625,False,2026-09-24 17:34:51+00:00,NVDA261009P00065000
NVDA,2026-10-06,238.89999389648438,2026-10-09,P,75.0,0.0,0.01,0.01,1462.0,2184,3.3125017187499997,False,2026-09-28 19:56:34+00:00,NVDA261009P00075000
NVDA,2026-10-06,238.89999389648438,2026-10-09,P,80.0,0.0,0.01,0.01,244.0,442,3.1250021875,False,2026-09-28 19:56:33+00:00,NVDA261009P00080000
NVDA,2026-10-06,238.89999389648438,2026-10-09,P,85.0,0.0,0.01,0.01,59.0,626,3.0000025,False,2026-09-28 19:56:33+00:00,NVDA261009P00085000
NVDA,2026-10-06,238.89999389648438,2026-10-09,P,90.0,0.0,0.01,0.01,23.0,86,2.81250296875,False,2026-09-28 19:56:33+00:00,NVDA261009P00090000
NVDA,2026-10-06,238.89999389648438,2026-10-09,P,95.0,0.0,0.01,0.01,2.0,510,2.6250034375,False,2026-09-28 19:56:33+00:00,NVDA261009P00095000
NVDA,2026-10-06,238.89999389648438,2026-10-09,P,100.0,0.0,0.01,0.01,2380.0,1750,2.50000375,False,2026-09-28 19:52:33+00:00,NVDA261009P00100000
NVDA,2026-10-06,238.89999389648438,2026-10-09,P,105.0,0.0,0.01,0.01,66.0,13951,2.3750040624999995,False,2026-10-02 15:30:34+00:00,NVDA261009P00105000
NVDA,2026-10-06,238.89999389648438,2026-10-09,P,110.0,0.0,0.01,0.01,26.0,46135,2.2500043749999996,False,2026-10-05 13:30:02+00:00,NVDA261009P00110000
NVDA,2026-10-06,238.89999389648438,2026-10-09,P,115.0,0.0,0.01,0.01,1.0,28059,2.1250046874999997,False,2026-10-02 19:58:42+00:00,NVDA261009P00115000
NVDA,2026-10-06,238.89999389648438,2026-10-09,P,120.0,0.0,0.01,0.01,193.0,10566,2.000005,False,2026-10-05 17:35:52+00:00,NVDA261009P00120000
NVDA,2026-10-06,238.89999389648438,2026-10-09,P,125.0,0.0,0.01,0.02,50.0,1689,1.875000625,False,2026-10-01 15:51:02+00:00,NVDA261009P00125000
NVDA,2026-10-06,238.89999389648438,2026-10-09,P,130.0,0.0,0.01,0.01,9306.0,706,1.78125109375,False,2026-10-05 19:50:52+00:00,NVDA261009P00130000
NVDA,2026-10-06,238.89999389648438,2026-10-09,P,135.0,0.0,0.01,0.02,1861.0,1171,1.6875015625,False,2026-10-05 19:53:14+00:00,NVDA261009P00135000
NVDA,2026-10-06,238.89999389648438,2026-10-09,P,140.0,0.0,0.01,0.01,1341.0,1046,1.5625021874999998,False,2026-10-05 19:33:53+00:00,NVDA261009P00140000
NVDA,2026-10-06,238.89999389648438,2026-10-09,P,145.0,0.0,0.02,0.01,1008.0,1157,1.5625021874999998,False,2026-10-05 19:13:10+00:00,NVDA261009P00145000
NVDA,2026-10-06,238.89999389648438,2026-10-09,P,150.0,0.01,0.02,0.01,201.0,1190,1.5156274218749999,False,2026-10-05 19:38:03+00:00,NVDA261009P00150000
NVDA,2026-10-06,238.89999389648438,2026-10-09,P,155.0,0.01,0.02,0.02,20.0,1255,1.421877890625,False,2026-10-05 13:54:38+00:00,NVDA261009P00155000
NVDA,2026-10-06,238.89999389648438,2026-10-09,P,160.0,0.01,0.02,0.02,182.0,4026,1.3281283593749997,False,2026-10-05 19:01:55+00:00,NVDA261009P00160000
NVDA,2026-10-06,238.89999389648438,2026-10-09,P,165.0,0.01,0.02,0.02,134.0,2997,1.2343788281249999,False,2026-10-05 18:48:59+00:00,NVDA261009P00165000
NVDA,2026-10-06,238.89999389648438,2026-10-09,P,170.0,0.01,0.03,0.01,382.0,2880,1.171879140625,False,2026-10-05 19:32:34+00:00,NVDA261009P00170000
NVDA,2026-10-06,238.89999389648438,2026-10-09,P,175.0,0.01,0.02,0.03,1571.0,4506,1.0468797656250002,False,2026-10-05 19:21:53+00:00,NVDA261009P00175000
NVDA,2026-10-06,238.89999389648438,2026-10-09,P,180.0,0.01,0.03,0.01,1131.0,8156,0.98437515625,False,2026-10-05 19:49:12+00:00,NVDA261009P00180000
NVDA,2026-10-06,238.89999389648438,2026-10-09,P,185.0,0.02,0.03,0.03,842.0,3688,0.92187578125,False,2026-10-05 19:53:57+00:00,NVDA261009P00185000
NVDA,2026-10-06,238.89999389648438,2026-10-09,P,190.0,0.03,0.04,0.04,2927.0,9629,0.8632826171875,False,2026-10-05 19:45:26+00:00,NVDA261009P00190000
NVDA,2026-10-06,238.89999389648438,2026-10-09,P,195.0,0.03,0.04,0.04,1028.0,6873,0.773439765625,False,2026-10-05 19:30:25+00:00,NVDA261009P00195000
NVDA,2026-10-06,238.89999389648438,2026-10-09,P,197.5,0.03,0.04,0.04,920.0,1284,0.7304714453125,False,2026-10-05 19:58:24+00:00,NVDA261009P00197500
NVDA,2026-10-06,238.89999389648438,2026-10-09,P,200.0,0.04,0.05,0.05,12684.0,8167,0.710940390625,False,2026-10-05 19:52:31+00:00,NVDA261009P00200000
NVDA,2026-10-06,238.89999389648438,2026-10-09,P,202.5,0.04,0.05,0.04,2064.0,2916,0.6640658593750002,False,2026-10-05 19:44:36+00:00,NVDA261009P00202500
NVDA,2026-10-06,238.89999389648438,2026-10-09,P,205.0,0.05,0.06,0.05,3190.0,9424,0.6367223828125,False,2026-10-05 19:59:28+00:00,NVDA261009P00205000
NVDA,2026-10-06,238.89999389648438,2026-10-09,P,207.5,0.05,0.06,0.05,497.0,10508,0.5937540625000001,False,2026-10-05 19:50:40+00:00,NVDA261009P00207500
NVDA,2026-10-06,238.89999389648438,2026-10-09,P,210.0,0.06,0.07,0.07,1690.0,6532,0.56055126953125,False,2026-10-05 19:59:07+00:00,NVDA261009P00210000
NVDA,2026-10-06,238.89999389648438,2026-10-09,P,212.5,0.07,0.08,0.08,16911.0,22943,0.5273484765625001,False,2026-10-05 19:37:41+00:00,NVDA261009P00212500
NVDA,2026-10-06,238.89999389648438,2026-10-09,P,215.0,0.08,0.09,0.08,2651.0,12528,0.49414568359375005,False,2026-10-05 19:59:58+00:00,NVDA261009P00215000
NVDA,2026-10-06,238.89999389648438,2026-10-09,P,217.5,0.1,0.11,0.1,19702.0,6890,0.46289599609375004,False,2026-10-05 19:56:19+00:00,NVDA261009P00217500
NVDA,2026-10-06,238.89999389648438,2026-10-09,P,220.0,0.11,0.13,0.13,7869.0,22386,0.42676354492187507,False,2026-10-05 19:59:28+00:00,NVDA261009P00220000
NVDA,2026-10-06,238.89999389648438,2026-10-09,P,222.5,0.14,0.16,0.17,9387.0,7218,0.39258419921875,False,2026-10-05 19:58:48+00:00,NVDA261009P00222500
NVDA,2026-10-06,238.89999389648438,2026-10-09,P,225.0,0.21,0.22,0.22,31276.0,23607,0.36426416992187505,False,2026-10-05 19:59:03+00:00,NVDA261009P00225000
NVDA,2026-10-06,238.89999389648438,2026-10-09,P,227.5,0.3,0.31,0.34,5223.0,9841,0.336920693359375,False,2026-10-05 19:58:28+00:00,NVDA261009P00227500
NVDA,2026-10-06,238.89999389648438,2026-10-09,P,230.0,0.47,0.49,0.52,39547.0,26454,0.317389638671875,False,2026-10-05 19:59:58+00:00,NVDA261009P00230000
NVDA,2026-10-06,238.89999389648438,2026-10-09,P,232.5,0.79,0.82,0.8,10140.0,5520,0.3039620385742187,False,2026-10-05 19:59:59+00:00,NVDA261009P00232500
NVDA,2026-10-06,238.89999389648438,2026-10-09,P,235.0,1.32,1.35,1.32,33651.0,8638,0.29224340576171864,False,2026-10-05 19:59:59+00:00,NVDA261009P00235000
NVDA,2026-10-06,238.89999389648438,2026-10-09,P,237.5,2.14,2.19,2.25,22335.0,2952,0.2849192602539062,False,2026-10-05 19:59:58+00:00,NVDA261009P00237500
NVDA,2026-10-06,238.89999389648438,2026-10-09,P,240.0,3.3,3.4,3.35,9376.0,5418,0.28162339477539056,True,2026-10-05 19:59:58+00:00,NVDA261009P00240000
NVDA,2026-10-06,238.89999389648438,2026-10-09,P,242.5,4.85,5.0,5.2,946.0,2068,0.2829661547851562,True,2026-10-05 19:58:18+00:00,NVDA261009P00242500
NVDA,2026-10-06,238.89999389648438,2026-10-09,P,245.0,6.65,6.8,7.05,1215.0,558,0.270515107421875,True,2026-10-05 19:59:49+00:00,NVDA261009P00245000
NVDA,2026-10-06,238.89999389648438,2026-10-09,P,247.5,8.75,8.95,8.8,1067.0,337,0.27075924560546877,True,2026-10-05 19:53:10+00:00,NVDA261009P00247500
NVDA,2026-10-06,238.89999389648438,2026-10-09,P,250.0,10.9,11.4,11.4,4416.0,215,0.31250687499999996,True,2026-10-05 19:55:54+00:00,NVDA261009P00250000
NVDA,2026-10-06,238.89999389648438,2026-10-09,P,252.5,12.25,15.2,13.1,6535.0,3,0.5996133789062501,True,2026-10-05 19:53:10+00:00,NVDA261009P00252500
NVDA,2026-10-06,238.89999389648438,2026-10-09,P,255.0,14.65,16.85,16.2,3076.0,1,0.5185595019531251,True,2026-10-05 19:55:05+00:00,NVDA261009P00255000
NVDA,2026-10-06,238.89999389648438,2026-10-09,P,257.5,17.1,19.5,17.87,1778.0,0,0.6030313134765627,True,2026-10-05 19:45:55+00:00,NVDA261009P00257500
NVDA,2026-10-06,238.89999389648438,2026-10-09,P,260.0,20.15,21.7,21.4,338.0,3,0.5893595751953126,True,2026-10-05 19:58:25+00:00,NVDA261009P00260000
NVDA,2026-10-06,238.89999389648438,2026-10-09,P,265.0,24.65,26.95,25.0,230.0,0,0.7475611181640626,True,2026-10-05 19:53:40+00:00,NVDA261009P00265000
NVDA,2026-10-06,238.89999389648438,2026-10-09,P,270.0,29.55,32.5,30.75,302.0,0,0.9641116870117188,True,2026-10-05 19:54:18+00:00,NVDA261009P00270000
NVDA,2026-10-06,238.89999389648438,2026-10-09,P,275.0,34.65,37.4,35.3,240.0,0,1.0424852563476565,True,2026-10-05 19:54:36+00:00,NVDA261009P00275000
NVDA,2026-10-06,238.89999389648438,2026-10-09,P,280.0,40.15,42.35,40.75,150.0,0,0.7412135253906249,True,2026-10-05 19:47:35+00:00,NVDA261009P00280000
NVDA,2026-10-06,238.89999389648438,2026-10-09,P,285.0,45.4,47.15,44.65,48.0,0,0.8281267187499999,True,2026-10-05 19:41:43+00:00,NVDA261009P00285000
NVDA,2026-10-06,238.89999389648438,2026-10-09,P,290.0,48.25,54.9,50.41,76.0,0,1.0595750146484377,True,2026-10-05 19:45:07+00:00,NVDA261009P00290000
NVDA,2026-10-06,238.89999389648438,2026-10-09,P,295.0,52.2,60.0,55.37,118.0,0,0.500005,True,2026-10-05 19:47:17+00:00,NVDA261009P00295000
NVDA,2026-10-06,238.89999389648438,2026-10-09,P,300.0,57.2,65.35,62.06,14.0,5,1.0253954980468751,True,2026-10-05 17:46:35+00:00,NVDA261009P00300000
NVDA,2026-10-06,238.89999389648438,2026-10-09,P,305.0,62.2,70.2,68.81,22.0,0,1.0078174609375,True,2026-10-05 16:30:14+00:00,NVDA261009P00305000
NVDA,2026-10-06,238.89999389648438,2026-10-09,P,310.0,67.2,75.3,73.03,8.0,0,1.125004375,True,2026-10-05 14:45:04+00:00,NVDA261009P00310000
NVDA,2026-10-06,238.89999389648438,2026-10-09,P,315.0,72.2,80.3,78.79,18.0,0,1.1816447167968749,True,2026-10-05 16:37:00+00:00,NVDA261009P00315000
NVDA,2026-10-06,238.89999389648438,2026-10-09,P,320.0,77.2,85.2,83.37,10.0,0,1.1757853710937498,True,2026-10-05 15:34:22+00:00,NVDA261009P00320000
NVDA,2026-10-06,238.89999389648438,2026-10-09,P,330.0,87.2,95.3,93.4,2.0,0,1.3496126269531248,True,2026-10-05 15:35:03+00:00,NVDA261009P00330000
NVDA,2026-10-06,238.89999389648438,2026-10-12,C,115.0,121.2,126.55,122.19,20.0,6,3.630860297851563,True,2026-10-05 15:20:54+00:00,NVDA261012C00115000
NVDA,2026-10-06,238.89999389648438,2026-10-12,C,130.0,106.2,111.7,107.03,6.0,5,1.65625171875,True,2026-10-05 16:09:51+00:00,NVDA261012C00130000
NVDA,2026-10-06,238.89999389648438,2026-10-12,C,150.0,86.25,91.8,86.9,2.0,1,1.44140904296875,True,2026-10-05 16:04:52+00:00,NVDA261012C00150000
NVDA,2026-10-06,238.89999389648438,2026-10-12,C,155.0,79.1,88.5,79.51,2.0,1,2.7453644647216793,True,2026-10-02 17:40:08+00:00,NVDA261012C00155000
NVDA,2026-10-06,238.89999389648438,2026-10-12,C,170.0,66.25,71.65,64.88,8.0,5,0.9726565234375,True,2026-10-02 18:13:04+00:00,NVDA261012C00170000
NVDA,2026-10-06,238.89999389648438,2026-10-12,C,175.0,61.3,66.65,62.76,6.0,2,0.9414068359375,True,2026-10-05 17:58:16+00:00,NVDA261012C00175000
NVDA,2026-10-06,238.89999389648438,2026-10-12,C,190.0,46.6,51.7,47.13,4.0,3,0.852540537109375,True,2026-10-05 13:48:54+00:00,NVDA261012C00190000
NVDA,2026-10-06,238.89999389648438,2026-10-12,C,200.0,37.6,41.5,39.03,43.0,54,0.8266618896484373,True,2026-10-05 18:46:34+00:00,NVDA261012C00200000
NVDA,2026-10-06,238.89999389648438,2026-10-12,C,205.0,31.6,36.7,32.23,51.0,1,0.6059609716796877,True,2026-10-05 16:10:31+00:00,NVDA261012C00205000
NVDA,2026-10-06,238.89999389648438,2026-10-12,C,207.5,29.2,34.25,30.95,42.0,0,0.5942423388671876,True,2026-10-05 14:59:46+00:00,NVDA261012C00207500
NVDA,2026-10-06,238.89999389648438,2026-10-12,C,210.0,28.25,30.55,29.78,45.0,20,0.6040078662109377,True,2026-10-05 19:59:14+00:00,NVDA261012C00210000
NVDA,2026-10-06,238.89999389648438,2026-10-12,C,212.5,24.05,28.9,27.36,176.0,34,0.8850109155273438,True,2026-10-05 19:47:27+00:00,NVDA261012C00212500
NVDA,2026-10-06,238.89999389648438,2026-10-12,C,215.0,21.8,25.95,26.2,433.0,5,0.7690452783203126,True,2026-10-05 19:50:23+00:00,NVDA261012C00215000
NVDA,2026-10-06,238.89999389648438,2026-10-12,C,217.5,19.4,24.35,22.54,539.0,14,0.818117053222656,True,2026-10-05 19:48:53+00:00,NVDA261012C00217500
NVDA,2026-10-06,238.89999389648438,2026-10-12,C,220.0,17.5,20.55,19.79,882.0,244,0.6049844189453126,True,2026-10-05 19:51:19+00:00,NVDA261012C00220000
NVDA,2026-10-06,238.89999389648438,2026-10-12,C,222.5,16.15,18.95,17.67,944.0,135,0.6513706738281251,True,2026-10-05 19:48:42+00:00,NVDA261012C00222500
NVDA,2026-10-06,238.89999389648438,2026-10-12,C,225.0,13.9,15.8,14.11,746.0,313,0.5205126074218749,True,2026-10-05 19:58:28+00:00,NVDA261012C00225000
NVDA,2026-10-06,238.89999389648438,2026-10-12,C,227.5,11.75,12.65,11.95,336.0,158,0.389654541015625,True,2026-10-05 19:39:08+00:00,NVDA261012C00227500
NVDA,2026-10-06,238.89999389648438,2026-10-12,C,230.0,9.6,10.3,9.54,561.0,1127,0.3493717407226562,True,2026-10-05 19:58:28+00:00,NVDA261012C00230000
NVDA,2026-10-06,238.89999389648438,2026-10-12,C,232.5,7.55,8.1,7.6,421.0,885,0.31763377685546873,True,2026-10-05 19:58:10+00:00,NVDA261012C00232500
NVDA,2026-10-06,238.89999389648438,2026-10-12,C,235.0,5.9,6.05,5.75,1893.0,1332,0.2890696093749999,True,2026-10-05 19:58:53+00:00,NVDA261012C00235000
NVDA,2026-10-06,238.89999389648438,2026-10-12,C,237.5,4.25,4.4,4.1,6263.0,1402,0.2779613220214844,True,2026-10-05 19:59:31+00:00,NVDA261012C00237500
NVDA,2026-10-06,238.89999389648438,2026-10-12,C,240.0,2.96,3.05,2.83,8036.0,4717,0.2700268310546875,False,2026-10-05 19:59:57+00:00,NVDA261012C00240000
NVDA,2026-10-06,238.89999389648438,2026-10-12,C,242.5,1.95,1.99,1.83,1816.0,249,0.26319096191406255,False,2026-10-05 19:59:05+00:00,NVDA261012C00242500
NVDA,2026-10-06,238.89999389648438,2026-10-12,C,245.0,1.22,1.26,1.15,2230.0,659,0.26148199462890626,False,2026-10-05 19:59:57+00:00,NVDA261012C00245000
NVDA,2026-10-06,238.89999389648438,2026-10-12,C,247.5,0.74,0.77,0.68,1874.0,582,0.26197027099609377,False,2026-10-05 19:59:54+00:00,NVDA261012C00247500
NVDA,2026-10-06,238.89999389648438,2026-10-12,C,250.0,0.43,0.46,0.41,2630.0,485,0.26416751464843746,False,2026-10-05 19:59:43+00:00,NVDA261012C00250000
NVDA,2026-10-06,238.89999389648438,2026-10-12,C,252.5,0.26,0.28,0.25,1716.0,64,0.2695385546875,False,2026-10-05 19:57:58+00:00,NVDA261012C00252500
NVDA,2026-10-06,238.89999389648438,2026-10-12,C,255.0,0.16,0.18,0.15,783.0,424,0.27930408203124996,False,2026-10-05 19:54:47+00:00,NVDA261012C00255000
NVDA,2026-10-06,238.89999389648438,2026-10-12,C,257.5,0.1,0.11,0.09,5249.0,18,0.28613995117187496,False,2026-10-05 19:58:19+00:00,NVDA261012C00257500
NVDA,2026-10-06,238.89999389648438,2026-10-12,C,260.0,0.06,0.08,0.07,2922.0,50,0.3007882421875,False,2026-10-05 19:59:53+00:00,NVDA261012C00260000
NVDA,2026-10-06,238.89999389648438,2026-10-12,C,265.0,0.02,0.04,0.02,347.0,46,0.3242255078124999,False,2026-10-05 19:58:20+00:00,NVDA261012C00265000
NVDA,2026-10-06,238.89999389648438,2026-10-12,C,270.0,0.01,0.02,0.01,197.0,19,0.3437565625,False,2026-10-05 19:42:41+00:00,NVDA261012C00270000
NVDA,2026-10-06,238.89999389648438,2026-10-12,C,275.0,0.0,0.01,0.01,3.0,106,0.3632876171875,False,2026-10-05 15:20:25+00:00,NVDA261012C00275000
NVDA,2026-10-06,238.89999389648438,2026-10-12,C,280.0,0.0,0.01,0.01,,111,0.4062559375,False,2026-10-01 15:00:59+00:00,NVDA261012C00280000
NVDA,2026-10-06,238.89999389648438,2026-10-12,C,285.0,0.0,0.01,0.01,1.0,5,0.445318046875,False,2026-10-05 18:18:25+00:00,NVDA261012C00285000
NVDA,2026-10-06,238.89999389648438,2026-10-12,C,290.0,0.0,0.01,0.01,1.0,1,0.48438015625,False,2026-10-02 16:02:20+00:00,NVDA261012C00290000
NVDA,2026-10-06,238.89999389648438,2026-10-12,C,295.0,0.0,0.01,0.01,35.0,10,0.500005,False,2026-10-05 19:44:05+00:00,NVDA261012C00295000
NVDA,2026-10-06,238.89999389648438,2026-10-12,P,115.0,0.0,0.02,0.01,249.0,4,1.6875015625,False,2026-10-05 19:50:11+00:00,NVDA261012P00115000
NVDA,2026-10-06,238.89999389648438,2026-10-12,P,145.0,0.01,0.02,0.03,,14,1.2343788281249999,False,2026-10-01 19:43:08+00:00,NVDA261012P00145000
NVDA,2026-10-06,238.89999389648438,2026-10-12,P,150.0,0.01,0.02,0.02,,10,1.15625421875,False,2026-09-29 13:54:27+00:00,NVDA261012P00150000
NVDA,2026-10-06,238.89999389648438,2026-10-12,P,155.0,0.01,0.03,0.01,7.0,57,1.1015669921875002,False,2026-10-02 15:40:07+00:00,NVDA261012P00155000
NVDA,2026-10-06,238.89999389648438,2026-10-12,P,160.0,0.01,0.03,0.07,,30,1.0312548437500002,False,2026-09-28 19:37:42+00:00,NVDA261012P00160000
NVDA,2026-10-06,238.89999389648438,2026-10-12,P,170.0,0.02,0.03,0.03,7.0,20,0.9062509375,False,2026-10-05 14:18:40+00:00,NVDA261012P00170000
NVDA,2026-10-06,238.89999389648438,2026-10-12,P,175.0,0.02,0.04,0.03,11.0,6,0.8476577734374999,False,2026-10-05 14:25:44+00:00,NVDA261012P00175000
NVDA,2026-10-06,238.89999389648438,2026-10-12,P,180.0,0.02,0.03,0.04,10.0,51,0.7656273437500001,False,2026-10-05 18:53:00+00:00,NVDA261012P00180000
NVDA,2026-10-06,238.89999389648438,2026-10-12,P,185.0,0.03,0.04,0.03,13.0,260,0.7226590234375,False,2026-10-05 19:23:18+00:00,NVDA261012P00185000
NVDA,2026-10-06,238.89999389648438,2026-10-12,P,190.0,0.04,0.05,0.13,,42,0.6718782812500002,False,2026-10-01 14:57:07+00:00,NVDA261012P00190000
NVDA,2026-10-06,238.89999389648438,2026-10-12,P,195.0,0.04,0.06,0.07,40.0,247,0.6113320117187502,False,2026-10-05 18:44:13+00:00,NVDA261012P00195000
NVDA,2026-10-06,238.89999389648438,2026-10-12,P,197.5,0.05,0.06,0.08,31.0,5,0.5839885351562499,False,2026-10-05 18:43:59+00:00,NVDA261012P00197500
NVDA,2026-10-06,238.89999389648438,2026-10-12,P,200.0,0.05,0.07,0.05,94.0,140,0.5546919531250001,False,2026-10-05 19:52:07+00:00,NVDA261012P00200000
NVDA,2026-10-06,238.89999389648438,2026-10-12,P,202.5,0.06,0.08,0.06,3.0,16,0.5312546875,False,2026-10-05 19:31:39+00:00,NVDA261012P00202500
NVDA,2026-10-06,238.89999389648438,2026-10-12,P,205.0,0.07,0.08,0.08,4.0,57,0.5019581054687501,False,2026-10-05 19:39:58+00:00,NVDA261012P00205000
NVDA,2026-10-06,238.89999389648438,2026-10-12,P,207.5,0.08,0.09,0.1,4.0,82,0.47949739257812496,False,2026-10-05 18:20:57+00:00,NVDA261012P00207500
NVDA,2026-10-06,238.89999389648438,2026-10-12,P,210.0,0.08,0.1,0.1,43.0,347,0.45117736328125,False,2026-10-05 19:46:42+00:00,NVDA261012P00210000
NVDA,2026-10-06,238.89999389648438,2026-10-12,P,212.5,0.1,0.11,0.1,89.0,50,0.42188078125,False,2026-10-05 19:42:24+00:00,NVDA261012P00212500
NVDA,2026-10-06,238.89999389648438,2026-10-12,P,215.0,0.11,0.13,0.12,313.0,359,0.39649041015625003,False,2026-10-05 19:56:06+00:00,NVDA261012P00215000
NVDA,2026-10-06,238.89999389648438,2026-10-12,P,217.5,0.14,0.15,0.16,55.0,287,0.36817038085937503,False,2026-10-05 19:31:58+00:00,NVDA261012P00217500
NVDA,2026-10-06,238.89999389648438,2026-10-12,P,220.0,0.18,0.19,0.2,877.0,996,0.34570966796874997,False,2026-10-05 19:56:32+00:00,NVDA261012P00220000
NVDA,2026-10-06,238.89999389648438,2026-10-12,P,222.5,0.23,0.24,0.24,651.0,1741,0.32129584960937496,False,2026-10-05 19:58:33+00:00,NVDA261012P00222500
NVDA,2026-10-06,238.89999389648438,2026-10-12,P,225.0,0.3,0.33,0.35,808.0,627,0.301764794921875,False,2026-10-05 19:57:01+00:00,NVDA261012P00225000
NVDA,2026-10-06,238.89999389648438,2026-10-12,P,227.5,0.45,0.47,0.46,1233.0,569,0.28394270751953116,False,2026-10-05 19:58:35+00:00,NVDA261012P00227500
NVDA,2026-10-06,238.89999389648438,2026-10-12,P,230.0,0.72,0.73,0.72,3023.0,553,0.2727123510742187,False,2026-10-05 19:59:56+00:00,NVDA261012P00230000
NVDA,2026-10-06,238.89999389648438,2026-10-12,P,232.5,1.08,1.12,1.18,2188.0,259,0.26148199462890626,False,2026-10-05 19:59:37+00:00,NVDA261012P00232500
NVDA,2026-10-06,238.89999389648438,2026-10-12,P,235.0,1.68,1.74,1.8,5121.0,462,0.2546461254882813,False,2026-10-05 19:59:26+00:00,NVDA261012P00235000
NVDA,2026-10-06,238.89999389648438,2026-10-12,P,237.5,2.55,2.59,2.73,6250.0,168,0.24634542724609376,False,2026-10-05 19:59:56+00:00,NVDA261012P00237500
NVDA,2026-10-06,238.89999389648438,2026-10-12,P,240.0,3.7,3.8,3.97,1197.0,427,0.24341576904296874,True,2026-10-05 19:59:46+00:00,NVDA261012P00240000
NVDA,2026-10-06,238.89999389648438,2026-10-12,P,242.5,5.0,5.3,5.45,189.0,55,0.23926541992187497,True,2026-10-05 19:59:57+00:00,NVDA261012P00242500
NVDA,2026-10-06,238.89999389648438,2026-10-12,P,245.0,6.8,7.25,7.3,204.0,6,0.25098405273437496,True,2026-10-05 19:59:07+00:00,NVDA261012P00245000
NVDA,2026-10-06,238.89999389648438,2026-10-12,P,250.0,10.9,11.6,10.8,810.0,1,0.270515107421875,True,2026-10-05 19:53:00+00:00,NVDA261012P00250000
NVDA,2026-10-06,238.89999389648438,2026-10-12,P,255.0,13.8,19.05,15.47,194.0,0,0.6411168701171875,True,2026-10-05 19:52:46+00:00,NVDA261012P00255000
NVDA,2026-10-06,238.89999389648438,2026-10-12,P,257.5,17.15,19.5,17.3,774.0,0,0.4558159887695313,True,2026-10-05 19:55:22+00:00,NVDA261012P00257500
NVDA,2026-10-06,238.89999389648438,2026-10-12,P,260.0,20.15,22.45,20.15,1169.0,0,0.5603071313476562,True,2026-10-05 19:28:31+00:00,NVDA261012P00260000
NVDA,2026-10-06,238.89999389648438,2026-10-12,P,275.0,34.15,38.5,36.75,1.0,1,0.5415084912109377,True,2026-10-05 13:47:06+00:00,NVDA261012P00275000
NVDA,2026-10-06,238.89999389648438,2026-10-14,C,200.0,36.1,42.15,38.33,2.0,3,0.594730615234375,True,2026-10-05 13:53:33+00:00,NVDA261014C00200000
NVDA,2026-10-06,238.89999389648438,2026-10-14,C,210.0,26.3,31.7,27.82,10.0,1,0.8667005517578125,True,2026-10-05 17:12:01+00:00,NVDA261014C00210000
NVDA,2026-10-06,238.89999389648438,2026-10-14,C,212.5,22.85,30.5,25.5,28.0,2,0.9459233923339843,True,2026-10-05 17:11:47+00:00,NVDA261014C00212500
NVDA,2026-10-06,238.89999389648438,2026-10-14,C,215.0,21.35,27.05,22.63,38.0,6,0.7960225476074219,True,2026-10-05 17:04:50+00:00,NVDA261014C00215000
NVDA,2026-10-06,238.89999389648438,2026-10-14,C,217.5,21.0,24.4,22.3,398.0,25,0.5388229711914063,True,2026-10-05 19:43:40+00:00,NVDA261014C00217500
NVDA,2026-10-06,238.89999389648438,2026-10-14,C,220.0,18.3,21.65,20.52,242.0,79,0.6477086010742188,True,2026-10-05 19:43:40+00:00,NVDA261014C00220000
NVDA,2026-10-06,238.89999389648438,2026-10-14,C,222.5,16.25,18.6,14.35,56.0,83,0.5406540075683595,True,2026-10-05 17:05:12+00:00,NVDA261014C00222500
NVDA,2026-10-06,238.89999389648438,2026-10-14,C,225.0,14.15,16.05,14.9,409.0,122,0.48303739624023445,True,2026-10-05 19:54:46+00:00,NVDA261014C00225000
NVDA,2026-10-06,238.89999389648438,2026-10-14,C,227.5,12.0,13.7,12.32,237.0,195,0.4425104577636719,True,2026-10-05 19:59:27+00:00,NVDA261014C00227500
NVDA,2026-10-06,238.89999389648438,2026-10-14,C,230.0,9.95,11.15,10.15,457.0,712,0.38220832641601554,True,2026-10-05 19:59:44+00:00,NVDA261014C00230000
NVDA,2026-10-06,238.89999389648438,2026-10-14,C,232.5,7.9,9.5,8.3,214.0,209,0.38892212646484375,True,2026-10-05 19:57:59+00:00,NVDA261014C00232500
NVDA,2026-10-06,238.89999389648438,2026-10-14,C,235.0,6.2,7.3,6.3,407.0,440,0.3446110461425781,True,2026-10-05 19:58:13+00:00,NVDA261014C00235000
NVDA,2026-10-06,238.89999389648438,2026-10-14,C,237.5,4.6,5.45,4.65,1351.0,560,0.3161689477539062,True,2026-10-05 19:59:41+00:00,NVDA261014C00237500
NVDA,2026-10-06,238.89999389648438,2026-10-14,C,240.0,3.4,4.5,3.6,2809.0,431,0.3354558642578125,False,2026-10-05 19:59:48+00:00,NVDA261014C00240000
NVDA,2026-10-06,238.89999389648438,2026-10-14,C,242.5,2.42,2.76,2.8,638.0,522,0.2867502966308593,False,2026-10-05 19:54:14+00:00,NVDA261014C00242500
NVDA,2026-10-06,238.89999389648438,2026-10-14,C,245.0,1.66,2.0,1.7,891.0,288,0.2898020239257812,False,2026-10-05 19:59:35+00:00,NVDA261014C00245000
NVDA,2026-10-06,238.89999389648438,2026-10-14,C,247.5,1.0,1.42,1.2,409.0,162,0.2929758203124999,False,2026-10-05 19:49:36+00:00,NVDA261014C00247500
NVDA,2026-10-06,238.89999389648438,2026-10-14,C,250.0,0.65,0.93,0.79,1964.0,913,0.2898020239257812,False,2026-10-05 19:58:36+00:00,NVDA261014C00250000
NVDA,2026-10-06,238.89999389648438,2026-10-14,C,252.5,0.52,0.56,0.54,94.0,18,0.2834544311523437,False,2026-10-05 19:59:59+00:00,NVDA261014C00252500
NVDA,2026-10-06,238.89999389648438,2026-10-14,C,255.0,0.35,0.38,0.35,371.0,1048,0.2893137475585937,False,2026-10-05 19:59:32+00:00,NVDA261014C00255000
NVDA,2026-10-06,238.89999389648438,2026-10-14,C,260.0,0.15,0.18,0.14,1563.0,89,0.30371790039062496,False,2026-10-05 19:59:06+00:00,NVDA261014C00260000
NVDA,2026-10-06,238.89999389648438,2026-10-14,C,265.0,0.07,0.09,0.09,345.0,15,0.3193427441406249,False,2026-10-05 19:59:59+00:00,NVDA261014C00265000
NVDA,2026-10-06,238.89999389648438,2026-10-14,C,270.0,0.02,0.04,0.03,1040.0,25,0.33008482421874996,False,2026-10-05 19:38:17+00:00,NVDA261014C00270000
NVDA,2026-10-06,238.89999389648438,2026-10-14,C,275.0,0.0,0.02,0.03,21.0,33,0.3437565625,False,2026-10-02 16:52:52+00:00,NVDA261014C00275000
NVDA,2026-10-06,238.89999389648438,2026-10-14,C,280.0,0.0,0.01,0.06,4.0,4,0.35938140625,False,2026-10-02 14:48:01+00:00,NVDA261014C00280000
NVDA,2026-10-06,238.89999389648438,2026-10-14,C,290.0,0.0,0.01,0.03,3.0,3,0.42969320312500003,False,2026-10-02 13:58:04+00:00,NVDA261014C00290000
NVDA,2026-10-06,238.89999389648438,2026-10-14,P,135.0,0.01,0.03,0.05,,3,1.2578162109375,False,2026-10-01 16:45:51+00:00,NVDA261014P00135000
NVDA,2026-10-06,238.89999389648438,2026-10-14,P,145.0,0.01,0.03,0.05,,14,1.109379453125,False,2026-09-30 15:55:23+00:00,NVDA261014P00145000
NVDA,2026-10-06,238.89999389648438,2026-10-14,P,155.0,0.02,0.04,0.07,,1,1.01172369140625,False,2026-10-01 19:54:27+00:00,NVDA261014P00155000
NVDA,2026-10-06,238.89999389648438,2026-10-14,P,160.0,0.02,0.04,0.03,1.0,21,0.945313046875,False,2026-10-05 18:43:35+00:00,NVDA261014P00160000
NVDA,2026-10-06,238.89999389648438,2026-10-14,P,165.0,0.03,0.05,0.04,1.0,1,0.9023447265625,False,2026-10-02 19:27:30+00:00,NVDA261014P00165000
NVDA,2026-10-06,238.89999389648438,2026-10-14,P,175.0,0.04,0.06,0.04,3.0,4,0.7929708203125,False,2026-10-05 15:25:55+00:00,NVDA261014P00175000
NVDA,2026-10-06,238.89999389648438,2026-10-14,P,180.0,0.05,0.07,0.04,12.0,31,0.7421900781249999,False,2026-10-05 15:12:19+00:00,NVDA261014P00180000
NVDA,2026-10-06,238.89999389648438,2026-10-14,P,185.0,0.06,0.08,0.06,3.0,4,0.6914093359375001,False,2026-10-05 19:38:57+00:00,NVDA261014P00185000
NVDA,2026-10-06,238.89999389648438,2026-10-14,P,190.0,0.07,0.09,0.07,2.0,33,0.6367223828125,False,2026-10-05 14:29:42+00:00,NVDA261014P00190000
NVDA,2026-10-06,238.89999389648438,2026-10-14,P,195.0,0.08,0.1,0.1,2.0,78,0.5820354296875,False,2026-10-05 19:15:33+00:00,NVDA261014P00195000
NVDA,2026-10-06,238.89999389648438,2026-10-14,P,197.5,0.09,0.11,0.1,2.0,11,0.5576216113281252,False,2026-10-05 16:46:13+00:00,NVDA261014P00197500
NVDA,2026-10-06,238.89999389648438,2026-10-14,P,200.0,0.1,0.12,0.11,32.0,52,0.532231240234375,False,2026-10-05 19:50:51+00:00,NVDA261014P00200000
NVDA,2026-10-06,238.89999389648438,2026-10-14,P,202.5,0.11,0.13,0.12,11.0,2,0.506840869140625,False,2026-10-05 19:42:23+00:00,NVDA261014P00202500
NVDA,2026-10-06,238.89999389648438,2026-10-14,P,205.0,0.12,0.14,0.13,58.0,32,0.485356708984375,False,2026-10-05 19:42:23+00:00,NVDA261014P00205000
NVDA,2026-10-06,238.89999389648438,2026-10-14,P,207.5,0.14,0.16,0.18,13.0,54,0.46191944335937507,False,2026-10-05 18:46:10+00:00,NVDA261014P00207500
NVDA,2026-10-06,238.89999389648438,2026-10-14,P,210.0,0.15,0.18,0.18,79.0,306,0.437505625,False,2026-10-05 19:10:44+00:00,NVDA261014P00210000
NVDA,2026-10-06,238.89999389648438,2026-10-14,P,212.5,0.18,0.2,0.21,17.0,29,0.411138701171875,False,2026-10-05 19:15:55+00:00,NVDA261014P00212500
NVDA,2026-10-06,238.89999389648438,2026-10-14,P,215.0,0.21,0.23,0.21,136.0,623,0.38672488281249995,False,2026-10-05 19:56:42+00:00,NVDA261014P00215000
NVDA,2026-10-06,238.89999389648438,2026-10-14,P,217.5,0.26,0.28,0.28,86.0,96,0.3657289990234375,False,2026-10-05 19:53:53+00:00,NVDA261014P00217500
NVDA,2026-10-06,238.89999389648438,2026-10-14,P,220.0,0.31,0.34,0.32,409.0,241,0.3437565625,False,2026-10-05 19:48:47+00:00,NVDA261014P00220000
NVDA,2026-10-06,238.89999389648438,2026-10-14,P,222.5,0.41,0.44,0.41,204.0,313,0.3254461987304687,False,2026-10-05 19:43:59+00:00,NVDA261014P00222500
NVDA,2026-10-06,238.89999389648438,2026-10-14,P,225.0,0.56,0.6,0.61,418.0,421,0.3110420458984374,False,2026-10-05 19:50:51+00:00,NVDA261014P00225000
NVDA,2026-10-06,238.89999389648438,2026-10-14,P,227.5,0.79,0.95,0.85,202.0,74,0.31153032226562494,False,2026-10-05 19:56:56+00:00,NVDA261014P00227500
NVDA,2026-10-06,238.89999389648438,2026-10-14,P,230.0,1.0,1.26,1.21,404.0,225,0.29492892578124996,False,2026-10-05 19:58:51+00:00,NVDA261014P00230000
NVDA,2026-10-06,238.89999389648438,2026-10-14,P,232.5,1.57,1.88,1.75,123.0,72,0.29480685668945306,False,2026-10-05 19:58:10+00:00,NVDA261014P00232500
NVDA,2026-10-06,238.89999389648438,2026-10-14,P,235.0,2.19,2.52,2.54,527.0,153,0.28186753295898437,False,2026-10-05 19:58:25+00:00,NVDA261014P00235000
NVDA,2026-10-06,238.89999389648438,2026-10-14,P,237.5,3.0,3.5,3.4,2531.0,244,0.2790599438476562,False,2026-10-05 19:59:16+00:00,NVDA261014P00237500
NVDA,2026-10-06,238.89999389648438,2026-10-14,P,240.0,3.9,4.8,4.63,220.0,79,0.28186753295898437,True,2026-10-05 19:59:05+00:00,NVDA261014P00240000
NVDA,2026-10-06,238.89999389648438,2026-10-14,P,242.5,5.5,6.75,5.4,62.0,0,0.3139717041015625,True,2026-10-05 19:39:58+00:00,NVDA261014P00242500
NVDA,2026-10-06,238.89999389648438,2026-10-14,P,245.0,6.65,8.05,6.8,178.0,18,0.28601788208007806,True,2026-10-05 19:46:42+00:00,NVDA261014P00245000
NVDA,2026-10-06,238.89999389648438,2026-10-14,P,247.5,8.5,10.05,9.0,206.0,1,0.29566134033203123,True,2026-10-05 19:25:56+00:00,NVDA261014P00247500
NVDA,2026-10-06,238.89999389648438,2026-10-14,P,250.0,10.75,12.1,11.6,24.0,10,0.2973703076171874,True,2026-10-05 19:04:06+00:00,NVDA261014P00250000
NVDA,2026-10-06,238.89999389648438,2026-10-14,P,252.5,12.5,14.4,13.3,18.0,3,0.3147041186523437,True,2026-10-05 19:28:34+00:00,NVDA261014P00252500
NVDA,2026-10-06,238.89999389648438,2026-10-14,P,260.0,19.95,22.85,24.1,4.0,0,0.5383346948242189,True,2026-10-02 15:23:59+00:00,NVDA261014P00260000
NVDA,2026-10-06,238.89999389648438,2026-10-16,C,5.0,231.3,236.2,211.1,1.0,1,17.320317087402348,True,2026-09-16 16:56:45+00:00,NVDA261016C00005000
NVDA,2026-10-06,238.89999389648438,2026-10-16,C,10.0,224.95,232.55,226.38,2.0,8,14.58984463134766,True,2026-10-05 16:27:55+00:00,NVDA261016C00010000
NVDA,2026-10-06,238.89999389648438,2026-10-16,C,15.0,219.95,227.55,221.23,5.0,9,11.966799395751954,True,2026-10-05 16:37:33+00:00,NVDA261016C00015000
NVDA,2026-10-06,238.89999389648438,2026-10-16,C,20.0,184.45,192.45,193.45,20.0,30,1.0000000000000003e-05,True,2026-07-22 16:00:54+00:00,NVDA261016C00020000
NVDA,2026-10-06,238.89999389648438,2026-10-16,C,25.0,179.5,187.5,183.0,1.0,2,1.0000000000000003e-05,True,2026-07-23 19:00:26+00:00,NVDA261016C00025000
NVDA,2026-10-06,238.89999389648438,2026-10-16,C,30.0,206.5,211.0,207.09,12.0,12,7.404297619628906,True,2026-10-05 17:53:27+00:00,NVDA261016C00030000
NVDA,2026-10-06,238.89999389648438,2026-10-16,C,35.0,201.35,206.3,194.67,30.0,0,7.02539184326172,True,2026-08-27 19:59:39+00:00,NVDA261016C00035000
NVDA,2026-10-06,238.89999389648438,2026-10-16,C,40.0,196.55,201.0,179.38,1.0,2,6.331056773681642,True,2026-08-31 16:08:28+00:00,NVDA261016C00040000
NVDA,2026-10-06,238.89999389648438,2026-10-16,C,45.0,190.5,197.75,188.0,2.0,24,4.1015673730468745,True,2026-10-05 16:06:57+00:00,NVDA261016C00045000
NVDA,2026-10-06,238.89999389648438,2026-10-16,C,50.0,186.55,191.0,186.87,24.0,19,5.535159331054686,True,2026-10-05 16:06:19+00:00,NVDA261016C00050000
NVDA,2026-10-06,238.89999389648438,2026-10-16,C,55.0,181.6,186.05,181.82,4.0,3,5.229495650634766,True,2026-10-05 16:06:37+00:00,NVDA261016C00055000
NVDA,2026-10-06,238.89999389648438,2026-10-16,C,60.0,175.9,181.4,176.82,21.0,6,5.092777071533202,True,2026-10-05 16:14:38+00:00,NVDA261016C00060000
NVDA,2026-10-06,238.89999389648438,2026-10-16,C,65.0,170.55,176.9,171.96,11.0,25,5.013675607910156,True,2026-10-05 16:09:30+00:00,NVDA261016C00065000
NVDA,2026-10-06,238.89999389648438,2026-10-16,C,70.0,166.6,171.05,166.89,24.0,11,4.4043013696289055,True,2026-10-05 16:06:54+00:00,NVDA261016C00070000
NVDA,2026-10-06,238.89999389648438,2026-10-16,C,75.0,160.6,167.85,159.35,24.0,19,3.0195337011718753,True,2026-10-05 16:16:15+00:00,NVDA261016C00075000
NVDA,2026-10-06,238.89999389648438,2026-10-16,C,80.0,156.6,161.05,156.9,32.0,230,3.957031357421875,True,2026-10-05 16:14:23+00:00,NVDA261016C00080000
NVDA,2026-10-06,238.89999389648438,2026-10-16,C,85.0,151.8,156.1,151.94,20.0,22,2.1718795703125,True,2026-10-05 16:13:56+00:00,NVDA261016C00085000
NVDA,2026-10-06,238.89999389648438,2026-10-16,C,90.0,146.65,151.1,146.92,12.0,143,3.583985415039063,True,2026-10-05 16:14:52+00:00,NVDA261016C00090000
NVDA,2026-10-06,238.89999389648438,2026-10-16,C,95.0,140.65,147.5,141.72,38.0,49,2.2460981347656244,True,2026-10-05 16:25:55+00:00,NVDA261016C00095000
NVDA,2026-10-06,238.89999389648438,2026-10-16,C,100.0,137.2,141.15,136.87,39.0,142,2.2578168554687497,True,2026-10-05 16:15:08+00:00,NVDA261016C00100000
NVDA,2026-10-06,238.89999389648438,2026-10-16,C,105.0,131.65,136.1,131.92,30.0,72,3.0742210644531247,True,2026-10-05 16:14:48+00:00,NVDA261016C00105000
NVDA,2026-10-06,238.89999389648438,2026-10-16,C,110.0,126.65,131.1,127.04,21.0,238,2.9209011352539065,True,2026-10-05 16:09:58+00:00,NVDA261016C00110000
NVDA,2026-10-06,238.89999389648438,2026-10-16,C,115.0,121.7,126.15,121.91,32.0,82,1.46875265625,True,2026-10-05 16:16:35+00:00,NVDA261016C00115000
NVDA,2026-10-06,238.89999389648438,2026-10-16,C,120.0,116.85,121.15,117.73,31.0,220,1.6015644921874999,True,2026-10-05 16:16:53+00:00,NVDA261016C00120000
NVDA,2026-10-06,238.89999389648438,2026-10-16,C,125.0,112.05,116.2,114.54,31.0,288,1.673829755859375,True,2026-10-05 19:34:19+00:00,NVDA261016C00125000
NVDA,2026-10-06,238.89999389648438,2026-10-16,C,130.0,106.9,111.15,106.75,47.0,288,1.46484642578125,True,2026-10-05 16:14:06+00:00,NVDA261016C00130000
NVDA,2026-10-06,238.89999389648438,2026-10-16,C,135.0,102.4,106.25,102.25,25.0,275,1.6396502392578123,True,2026-10-05 18:01:47+00:00,NVDA261016C00135000
NVDA,2026-10-06,238.89999389648438,2026-10-16,C,140.0,96.75,101.15,99.15,40.0,511,1.171879140625,True,2026-10-05 19:10:34+00:00,NVDA261016C00140000
NVDA,2026-10-06,238.89999389648438,2026-10-16,C,145.0,92.1,96.1,94.88,24.0,1536,1.3027378613281246,True,2026-10-05 19:13:31+00:00,NVDA261016C00145000
NVDA,2026-10-06,238.89999389648438,2026-10-16,C,150.0,86.85,91.2,87.25,35.0,1111,1.1484417578125,True,2026-10-05 17:42:26+00:00,NVDA261016C00150000
NVDA,2026-10-06,238.89999389648438,2026-10-16,C,155.0,82.9,86.3,84.98,72.0,4659,1.400393623046875,True,2026-10-05 19:49:32+00:00,NVDA261016C00155000
NVDA,2026-10-06,238.89999389648438,2026-10-16,C,160.0,78.15,81.45,79.3,60.0,5268,1.376956240234375,True,2026-10-05 19:51:58+00:00,NVDA261016C00160000
NVDA,2026-10-06,238.89999389648438,2026-10-16,C,165.0,72.4,75.6,74.89,51.0,595,0.9082040429687499,True,2026-10-05 19:46:11+00:00,NVDA261016C00165000
NVDA,2026-10-06,238.89999389648438,2026-10-16,C,170.0,67.85,70.6,70.38,66.0,1620,0.9970703417968749,True,2026-10-05 19:38:02+00:00,NVDA261016C00170000
NVDA,2026-10-06,238.89999389648438,2026-10-16,C,175.0,63.65,66.45,65.2,54.0,2370,1.175297092285156,True,2026-10-05 19:46:37+00:00,NVDA261016C00175000
NVDA,2026-10-06,238.89999389648438,2026-10-16,C,180.0,57.95,60.7,59.13,12646.0,106306,0.8916026464843749,True,2026-10-05 19:56:54+00:00,NVDA261016C00180000
NVDA,2026-10-06,238.89999389648438,2026-10-16,C,185.0,52.0,56.0,55.0,115.0,2264,0.6533237792968751,True,2026-10-05 19:02:29+00:00,NVDA261016C00185000
NVDA,2026-10-06,238.89999389648438,2026-10-16,C,190.0,48.4,50.75,50.0,205.0,3358,0.8164080859374999,True,2026-10-05 19:42:44+00:00,NVDA261016C00190000
NVDA,2026-10-06,238.89999389648438,2026-10-16,C,195.0,43.75,45.9,44.11,499.0,7000,0.7939473730468749,True,2026-10-05 19:58:03+00:00,NVDA261016C00195000
NVDA,2026-10-06,238.89999389648438,2026-10-16,C,197.5,39.45,44.05,40.35,176.0,6,0.6162147753906251,True,2026-10-05 15:58:25+00:00,NVDA261016C00197500
NVDA,2026-10-06,238.89999389648438,2026-10-16,C,200.0,38.5,39.4,39.09,691.0,8811,0.624027197265625,True,2026-10-05 19:57:15+00:00,NVDA261016C00200000
NVDA,2026-10-06,238.89999389648438,2026-10-16,C,202.5,34.45,38.6,34.75,104.0,12,0.8579115771484375,True,2026-10-05 16:16:52+00:00,NVDA261016C00202500
NVDA,2026-10-06,238.89999389648438,2026-10-16,C,205.0,33.95,35.8,34.15,499.0,8873,0.6447789428710937,True,2026-10-05 19:58:29+00:00,NVDA261016C00205000
NVDA,2026-10-06,238.89999389648438,2026-10-16,C,207.5,31.35,33.15,32.36,490.0,203,0.5847209497070311,True,2026-10-05 19:51:03+00:00,NVDA261016C00207500
NVDA,2026-10-06,238.89999389648438,2026-10-16,C,210.0,28.95,30.7,29.3,931.0,16849,0.5581098876953126,True,2026-10-05 19:59:30+00:00,NVDA261016C00210000
NVDA,2026-10-06,238.89999389648438,2026-10-16,C,212.5,26.55,28.35,27.39,252.0,534,0.5371140039062501,True,2026-10-05 19:54:20+00:00,NVDA261016C00212500
NVDA,2026-10-06,238.89999389648438,2026-10-16,C,215.0,24.1,25.9,24.39,596.0,23963,0.5039112109375,True,2026-10-05 19:59:12+00:00,NVDA261016C00215000
NVDA,2026-10-06,238.89999389648438,2026-10-16,C,217.5,21.7,23.5,22.3,202.0,1114,0.5730023168945313,True,2026-10-05 19:54:46+00:00,NVDA261016C00217500
NVDA,2026-10-06,238.89999389648438,2026-10-16,C,220.0,19.4,20.5,19.46,3975.0,101884,0.477544287109375,True,2026-10-05 19:57:26+00:00,NVDA261016C00220000
NVDA,2026-10-06,238.89999389648438,2026-10-16,C,222.5,17.0,18.3,17.2,810.0,1982,0.46179737426757816,True,2026-10-05 19:59:32+00:00,NVDA261016C00222500
NVDA,2026-10-06,238.89999389648438,2026-10-16,C,225.0,14.9,16.1,14.85,4152.0,29534,0.44116769775390624,True,2026-10-05 19:59:24+00:00,NVDA261016C00225000
NVDA,2026-10-06,238.89999389648438,2026-10-16,C,227.5,12.85,13.3,12.92,490.0,3478,0.36780417358398443,True,2026-10-05 19:55:13+00:00,NVDA261016C00227500
NVDA,2026-10-06,238.89999389648438,2026-10-16,C,230.0,10.9,11.05,11.0,10911.0,57089,0.33814138427734375,True,2026-10-05 19:59:59+00:00,NVDA261016C00230000
NVDA,2026-10-06,238.89999389648438,2026-10-16,C,232.5,8.95,9.1,9.0,1165.0,8987,0.3244696459960937,True,2026-10-05 19:59:08+00:00,NVDA261016C00232500
NVDA,2026-10-06,238.89999389648438,2026-10-16,C,235.0,7.2,7.3,7.26,10950.0,46470,0.3117744604492187,True,2026-10-05 19:59:58+00:00,NVDA261016C00235000
NVDA,2026-10-06,238.89999389648438,2026-10-16,C,237.5,5.65,5.75,5.59,5432.0,6394,0.3042061767578125,True,2026-10-05 19:59:58+00:00,NVDA261016C00237500
NVDA,2026-10-06,238.89999389648438,2026-10-16,C,240.0,4.35,4.45,4.4,32060.0,65707,0.3002999658203125,False,2026-10-05 19:59:59+00:00,NVDA261016C00240000
NVDA,2026-10-06,238.89999389648438,2026-10-16,C,242.5,3.25,3.35,3.1,4519.0,5943,0.29651582397460935,False,2026-10-05 19:59:46+00:00,NVDA261016C00242500
NVDA,2026-10-06,238.89999389648438,2026-10-16,C,245.0,2.39,2.43,2.38,10877.0,43104,0.2916330603027343,False,2026-10-05 19:59:56+00:00,NVDA261016C00245000
NVDA,2026-10-06,238.89999389648438,2026-10-16,C,247.5,1.72,1.75,1.73,2836.0,3951,0.2906565075683593,False,2026-10-05 19:59:59+00:00,NVDA261016C00247500
NVDA,2026-10-06,238.89999389648438,2026-10-16,C,250.0,1.21,1.24,1.23,27937.0,77668,0.29077857666015616,False,2026-10-05 19:59:56+00:00,NVDA261016C00250000
NVDA,2026-10-06,238.89999389648438,2026-10-16,C,255.0,0.56,0.59,0.54,3515.0,24749,0.2924875439453124,False,2026-10-05 19:59:56+00:00,NVDA261016C00255000
NVDA,2026-10-06,238.89999389648438,2026-10-16,C,260.0,0.25,0.26,0.25,7398.0,73240,0.29444064941406245,False,2026-10-05 19:59:59+00:00,NVDA261016C00260000
NVDA,2026-10-06,238.89999389648438,2026-10-16,C,265.0,0.12,0.13,0.12,10507.0,12104,0.30664755859375,False,2026-10-05 19:59:48+00:00,NVDA261016C00265000
NVDA,2026-10-06,238.89999389648438,2026-10-16,C,270.0,0.06,0.08,0.06,9610.0,20322,0.327155166015625,False,2026-10-05 19:54:37+00:00,NVDA261016C00270000
NVDA,2026-10-06,238.89999389648438,2026-10-16,C,275.0,0.03,0.05,0.04,24827.0,9604,0.34570966796874997,False,2026-10-05 19:48:55+00:00,NVDA261016C00275000
NVDA,2026-10-06,238.89999389648438,2026-10-16,C,280.0,0.01,0.03,0.03,5692.0,16061,0.3632876171875,False,2026-10-05 19:54:41+00:00,NVDA261016C00280000
NVDA,2026-10-06,238.89999389648438,2026-10-16,C,285.0,0.01,0.02,0.02,1846.0,4831,0.3789124609375,False,2026-10-05 19:01:10+00:00,NVDA261016C00285000
NVDA,2026-10-06,238.89999389648438,2026-10-16,C,290.0,0.0,0.01,0.01,254.0,12082,0.38672488281249995,False,2026-10-05 19:27:08+00:00,NVDA261016C00290000
NVDA,2026-10-06,238.89999389648438,2026-10-16,C,295.0,0.0,0.01,0.01,388.0,6428,0.414068359375,False,2026-10-05 19:27:29+00:00,NVDA261016C00295000
NVDA,2026-10-06,238.89999389648438,2026-10-16,C,300.0,0.0,0.01,0.01,586.0,16157,0.445318046875,False,2026-10-05 19:11:02+00:00,NVDA261016C00300000
NVDA,2026-10-06,238.89999389648438,2026-10-16,C,305.0,0.0,0.01,0.02,2642.0,2245,0.476567734375,False,2026-10-05 18:07:30+00:00,NVDA261016C00305000
NVDA,2026-10-06,238.89999389648438,2026-10-16,C,310.0,0.0,0.01,0.01,1446.0,4825,0.507817421875,False,2026-10-05 18:58:48+00:00,NVDA261016C00310000
NVDA,2026-10-06,238.89999389648438,2026-10-16,C,315.0,0.0,0.01,0.01,38.0,1077,0.500005,False,2026-10-02 13:48:06+00:00,NVDA261016C00315000
NVDA,2026-10-06,238.89999389648438,2026-10-16,C,320.0,0.0,0.01,0.02,100.0,2178,0.5312546875,False,2026-10-01 16:34:09+00:00,NVDA261016C00320000
NVDA,2026-10-06,238.89999389648438,2026-10-16,C,325.0,0.0,0.01,0.01,292.0,416,0.5468795312500001,False,2026-10-02 19:33:58+00:00,NVDA261016C00325000
NVDA,2026-10-06,238.89999389648438,2026-10-16,C,330.0,0.0,0.01,0.01,2.0,2184,0.57812921875,False,2026-10-05 13:41:59+00:00,NVDA261016C00330000
NVDA,2026-10-06,238.89999389648438,2026-10-16,C,335.0,0.0,0.01,0.01,188.0,958,0.6093789062500001,False,2026-10-02 18:51:52+00:00,NVDA261016C00335000
NVDA,2026-10-06,238.89999389648438,2026-10-16,C,340.0,0.0,0.01,0.02,221.0,2416,0.6250037500000001,False,2026-10-02 16:14:06+00:00,NVDA261016C00340000
NVDA,2026-10-06,238.89999389648438,2026-10-16,C,345.0,0.0,0.01,0.01,29.0,875,0.6562534375000001,False,2026-10-05 14:03:51+00:00,NVDA261016C00345000
NVDA,2026-10-06,238.89999389648438,2026-10-16,C,350.0,0.0,0.01,0.01,17.0,11882,0.6718782812500002,False,2026-10-02 18:18:07+00:00,NVDA261016C00350000
NVDA,2026-10-06,238.89999389648438,2026-10-16,C,355.0,0.0,0.01,0.01,29.0,517,0.6875031250000001,False,2026-10-02 14:35:59+00:00,NVDA261016C00355000
NVDA,2026-10-06,238.89999389648438,2026-10-16,C,360.0,0.0,0.01,0.01,16.0,4850,0.7187528125,False,2026-10-02 14:31:31+00:00,NVDA261016C00360000
NVDA,2026-10-06,238.89999389648438,2026-10-16,C,365.0,0.0,0.01,0.01,20.0,1687,0.7500025,False,2026-10-01 16:49:23+00:00,NVDA261016C00365000
NVDA,2026-10-06,238.89999389648438,2026-10-16,C,370.0,0.0,0.01,0.01,12.0,2652,0.7656273437500001,False,2026-10-02 14:23:09+00:00,NVDA261016C00370000
NVDA,2026-10-06,238.89999389648438,2026-10-16,C,375.0,0.0,0.01,0.01,20.0,1122,0.7812521875,False,2026-10-02 14:12:50+00:00,NVDA261016C00375000
NVDA,2026-10-06,238.89999389648438,2026-10-16,C,380.0,0.0,0.01,0.01,22.0,2029,0.8125018749999999,False,2026-10-05 16:56:55+00:00,NVDA261016C00380000
NVDA,2026-10-06,238.89999389648438,2026-10-16,C,385.0,0.0,0.01,0.01,508.0,655,0.8281267187499999,False,2026-10-01 19:09:52+00:00,NVDA261016C00385000
NVDA,2026-10-06,238.89999389648438,2026-10-16,C,390.0,0.0,0.01,0.01,2.0,1838,0.8437515624999999,False,2026-10-02 13:32:17+00:00,NVDA261016C00390000
NVDA,2026-10-06,238.89999389648438,2026-10-16,C,395.0,0.0,0.01,0.01,520.0,542,0.87500125,False,2026-10-01 17:28:01+00:00,NVDA261016C00395000
NVDA,2026-10-06,238.89999389648438,2026-10-16,C,400.0,0.0,0.01,0.01,614.0,8390,0.87500125,False,2026-10-01 17:50:04+00:00,NVDA261016C00400000
NVDA,2026-10-06,238.89999389648438,2026-10-16,C,405.0,0.0,0.01,0.01,894.0,870,0.9062509375,False,2026-10-01 19:03:12+00:00,NVDA261016C00405000
NVDA,2026-10-06,238.89999389648438,2026-10-16,C,410.0,0.0,0.01,0.01,493.0,1586,0.92187578125,False,2026-10-01 19:02:14+00:00,NVDA261016C00410000
NVDA,2026-10-06,238.89999389648438,2026-10-16,C,415.0,0.0,0.01,0.01,433.0,445,0.937500625,False,2026-10-01 18:53:07+00:00,NVDA261016C00415000
NVDA,2026-10-06,238.89999389648438,2026-10-16,C,420.0,0.0,0.01,0.01,504.0,930,0.9687503125,False,2026-10-01 17:49:04+00:00,NVDA261016C00420000
NVDA,2026-10-06,238.89999389648438,2026-10-16,C,425.0,0.0,0.01,0.01,,40,0.9687503125,False,2026-10-01 17:51:20+00:00,NVDA261016C00425000
NVDA,2026-10-06,238.89999389648438,2026-10-16,C,430.0,0.0,0.01,0.02,101.0,335,0.98437515625,False,2026-10-01 17:49:05+00:00,NVDA261016C00430000
NVDA,2026-10-06,238.89999389648438,2026-10-16,C,435.0,0.0,0.01,0.01,393.0,534,1.015629921875,False,2026-10-01 17:50:13+00:00,NVDA261016C00435000
NVDA,2026-10-06,238.89999389648438,2026-10-16,C,440.0,0.0,0.01,0.01,245.0,775,1.0312548437500002,False,2026-10-02 19:13:26+00:00,NVDA261016C00440000
NVDA,2026-10-06,238.89999389648438,2026-10-16,C,450.0,0.0,0.01,0.01,1.0,859,1.0625046875000002,False,2026-09-28 13:37:39+00:00,NVDA261016C00450000
NVDA,2026-10-06,238.89999389648438,2026-10-16,C,455.0,0.0,0.01,0.03,85.0,752,1.09375453125,False,2026-09-11 13:32:16+00:00,NVDA261016C00455000
NVDA,2026-10-06,238.89999389648438,2026-10-16,C,460.0,0.0,0.01,0.01,12.0,17138,1.09375453125,False,2026-10-02 14:04:20+00:00,NVDA261016C00460000
NVDA,2026-10-06,238.89999389648438,2026-10-16,P,5.0,0.0,0.01,0.02,1.0,4024,6.7500015625000005,False,2026-07-08 15:59:47+00:00,NVDA261016P00005000
NVDA,2026-10-06,238.89999389648438,2026-10-16,P,10.0,0.0,0.01,0.01,,10,5.500003124999999,False,2026-07-28 17:46:06+00:00,NVDA261016P00010000
NVDA,2026-10-06,238.89999389648438,2026-10-16,P,15.0,0.0,0.01,0.01,,2,4.7500040624999995,False,2026-09-29 13:37:50+00:00,NVDA261016P00015000
NVDA,2026-10-06,238.89999389648438,2026-10-16,P,20.0,0.0,0.01,0.01,1.0,502,4.2500046875,False,2026-08-26 17:09:10+00:00,NVDA261016P00020000
NVDA,2026-10-06,238.89999389648438,2026-10-16,P,25.0,0.0,0.03,0.03,10.0,30,4.2187547265625,False,2026-07-29 15:24:12+00:00,NVDA261016P00025000
NVDA,2026-10-06,238.89999389648438,2026-10-16,P,30.0,0.0,0.0,0.02,1.0,0,0.500005,False,2026-05-22 15:19:22+00:00,NVDA261016P00030000
NVDA,2026-10-06,238.89999389648438,2026-10-16,P,35.0,0.0,0.01,0.02,7.0,40,3.2500018749999997,False,2026-09-16 19:58:25+00:00,NVDA261016P00035000
NVDA,2026-10-06,238.89999389648438,2026-10-16,P,40.0,0.0,0.01,0.01,2.0,269,3.06250234375,False,2026-08-26 18:22:31+00:00,NVDA261016P00040000
NVDA,2026-10-06,238.89999389648438,2026-10-16,P,45.0,0.0,0.01,0.01,12.0,82,2.8750028125,False,2026-09-16 19:57:22+00:00,NVDA261016P00045000
NVDA,2026-10-06,238.89999389648438,2026-10-16,P,50.0,0.0,0.01,0.01,501.0,1487,2.68750328125,False,2026-09-15 17:18:50+00:00,NVDA261016P00050000
NVDA,2026-10-06,238.89999389648438,2026-10-16,P,55.0,0.0,0.01,0.01,1.0,7234,2.50000375,False,2026-09-25 17:24:55+00:00,NVDA261016P00055000
NVDA,2026-10-06,238.89999389648438,2026-10-16,P,60.0,0.0,0.01,0.01,4.0,1746,2.3750040624999995,False,2026-09-29 15:13:13+00:00,NVDA261016P00060000
NVDA,2026-10-06,238.89999389648438,2026-10-16,P,65.0,0.0,0.02,0.01,3500.0,4617,2.3750040624999995,False,2026-10-05 19:55:24+00:00,NVDA261016P00065000
NVDA,2026-10-06,238.89999389648438,2026-10-16,P,70.0,0.0,0.02,0.01,1337.0,7804,2.2187544531249994,False,2026-10-05 19:50:50+00:00,NVDA261016P00070000
NVDA,2026-10-06,238.89999389648438,2026-10-16,P,75.0,0.0,0.02,0.01,35.0,337,2.0937547656249995,False,2026-10-05 19:50:12+00:00,NVDA261016P00075000
NVDA,2026-10-06,238.89999389648438,2026-10-16,P,80.0,0.0,0.02,0.01,21.0,742,1.984375078125,False,2026-10-05 15:34:44+00:00,NVDA261016P00080000
NVDA,2026-10-06,238.89999389648438,2026-10-16,P,85.0,0.01,0.02,0.01,162.0,1674,1.953125234375,False,2026-10-05 19:59:04+00:00,NVDA261016P00085000
NVDA,2026-10-06,238.89999389648438,2026-10-16,P,90.0,0.01,0.02,0.01,385.0,1850,1.8437507812499998,False,2026-10-05 17:13:24+00:00,NVDA261016P00090000
NVDA,2026-10-06,238.89999389648438,2026-10-16,P,95.0,0.01,0.02,0.01,568.0,1709,1.75000125,False,2026-10-05 19:50:11+00:00,NVDA261016P00095000
NVDA,2026-10-06,238.89999389648438,2026-10-16,P,100.0,0.01,0.02,0.01,167.0,5581,1.65625171875,False,2026-10-05 19:25:38+00:00,NVDA261016P00100000
NVDA,2026-10-06,238.89999389648438,2026-10-16,P,105.0,0.01,0.03,0.01,1.0,2464,1.609376953125,False,2026-10-05 18:25:09+00:00,NVDA261016P00105000
NVDA,2026-10-06,238.89999389648438,2026-10-16,P,110.0,0.01,0.03,0.02,55.0,8830,1.5156274218749999,False,2026-10-05 19:54:51+00:00,NVDA261016P00110000
NVDA,2026-10-06,238.89999389648438,2026-10-16,P,115.0,0.01,0.03,0.02,73.0,14643,1.4375028125,False,2026-10-02 19:49:27+00:00,NVDA261016P00115000
NVDA,2026-10-06,238.89999389648438,2026-10-16,P,120.0,0.01,0.03,0.02,222.0,21016,1.359378203125,False,2026-10-05 16:29:59+00:00,NVDA261016P00120000
NVDA,2026-10-06,238.89999389648438,2026-10-16,P,125.0,0.02,0.03,0.02,456.0,10840,1.3125034374999998,False,2026-10-05 17:00:44+00:00,NVDA261016P00125000
NVDA,2026-10-06,238.89999389648438,2026-10-16,P,130.0,0.02,0.04,0.03,20.0,8004,1.2578162109375,False,2026-10-05 13:48:35+00:00,NVDA261016P00130000
NVDA,2026-10-06,238.89999389648438,2026-10-16,P,135.0,0.02,0.03,0.03,100.0,11216,1.1640666796875,False,2026-10-05 18:30:00+00:00,NVDA261016P00135000
NVDA,2026-10-06,238.89999389648438,2026-10-16,P,140.0,0.02,0.03,0.03,3854.0,23691,1.09375453125,False,2026-10-05 19:52:32+00:00,NVDA261016P00140000
NVDA,2026-10-06,238.89999389648438,2026-10-16,P,145.0,0.03,0.05,0.03,251.0,11592,1.0781296093750001,False,2026-10-05 18:25:24+00:00,NVDA261016P00145000
NVDA,2026-10-06,238.89999389648438,2026-10-16,P,150.0,0.03,0.05,0.03,100.0,27692,1.0078174609375,False,2026-10-05 18:56:00+00:00,NVDA261016P00150000
NVDA,2026-10-06,238.89999389648438,2026-10-16,P,155.0,0.04,0.06,0.04,19.0,12876,0.9648441015625,False,2026-10-05 19:48:42+00:00,NVDA261016P00155000
NVDA,2026-10-06,238.89999389648438,2026-10-16,P,160.0,0.05,0.06,0.05,181.0,19319,0.9101571484375,False,2026-10-05 19:27:22+00:00,NVDA261016P00160000
NVDA,2026-10-06,238.89999389648438,2026-10-16,P,165.0,0.05,0.06,0.06,257.0,25552,0.8476577734374999,False,2026-10-05 19:39:14+00:00,NVDA261016P00165000
NVDA,2026-10-06,238.89999389648438,2026-10-16,P,170.0,0.06,0.08,0.06,6592.0,31459,0.80664255859375,False,2026-10-05 19:38:00+00:00,NVDA261016P00170000
NVDA,2026-10-06,238.89999389648438,2026-10-16,P,175.0,0.08,0.09,0.08,835.0,19823,0.7617211328125001,False,2026-10-05 19:47:51+00:00,NVDA261016P00175000
NVDA,2026-10-06,238.89999389648438,2026-10-16,P,180.0,0.09,0.11,0.1,768.0,34481,0.7148466015625,False,2026-10-05 19:56:41+00:00,NVDA261016P00180000
NVDA,2026-10-06,238.89999389648438,2026-10-16,P,185.0,0.1,0.12,0.1,769.0,23237,0.6621127539062501,False,2026-10-05 19:35:29+00:00,NVDA261016P00185000
NVDA,2026-10-06,238.89999389648438,2026-10-16,P,190.0,0.12,0.14,0.13,5127.0,23364,0.6152382226562501,False,2026-10-05 19:57:53+00:00,NVDA261016P00190000
NVDA,2026-10-06,238.89999389648438,2026-10-16,P,195.0,0.14,0.16,0.15,2590.0,31491,0.5664105859375,False,2026-10-05 19:57:53+00:00,NVDA261016P00195000
NVDA,2026-10-06,238.89999389648438,2026-10-16,P,197.5,0.15,0.17,0.15,1436.0,873,0.5400436621093752,False,2026-10-05 19:36:49+00:00,NVDA261016P00197500
NVDA,2026-10-06,238.89999389648438,2026-10-16,P,200.0,0.16,0.18,0.18,10183.0,38857,0.514653291015625,False,2026-10-05 19:59:13+00:00,NVDA261016P00200000
NVDA,2026-10-06,238.89999389648438,2026-10-16,P,202.5,0.18,0.2,0.18,1290.0,3636,0.49658706542968756,False,2026-10-05 19:35:08+00:00,NVDA261016P00202500
NVDA,2026-10-06,238.89999389648438,2026-10-16,P,205.0,0.19,0.21,0.2,3051.0,28103,0.4687553125,False,2026-10-05 19:59:48+00:00,NVDA261016P00205000
NVDA,2026-10-06,238.89999389648438,2026-10-16,P,207.5,0.21,0.23,0.21,741.0,3189,0.44482977050781247,False,2026-10-05 19:54:14+00:00,NVDA261016P00207500
NVDA,2026-10-06,238.89999389648438,2026-10-16,P,210.0,0.24,0.26,0.26,4029.0,27469,0.42236905761718746,False,2026-10-05 19:59:30+00:00,NVDA261016P00210000
NVDA,2026-10-06,238.89999389648438,2026-10-16,P,212.5,0.28,0.3,0.29,697.0,2405,0.401373173828125,False,2026-10-05 19:57:58+00:00,NVDA261016P00212500
NVDA,2026-10-06,238.89999389648438,2026-10-16,P,215.0,0.32,0.33,0.34,4745.0,16702,0.3754945263671875,False,2026-10-05 19:59:59+00:00,NVDA261016P00215000
NVDA,2026-10-06,238.89999389648438,2026-10-16,P,217.5,0.39,0.4,0.41,1454.0,3557,0.3569400244140625,False,2026-10-05 19:58:56+00:00,NVDA261016P00217500
NVDA,2026-10-06,238.89999389648438,2026-10-16,P,220.0,0.51,0.52,0.52,5307.0,50247,0.34326828613281246,False,2026-10-05 19:59:58+00:00,NVDA261016P00220000
NVDA,2026-10-06,238.89999389648438,2026-10-16,P,222.5,0.63,0.65,0.7,2719.0,2196,0.3259344750976562,False,2026-10-05 19:58:27+00:00,NVDA261016P00222500
NVDA,2026-10-06,238.89999389648438,2026-10-16,P,225.0,0.84,0.87,0.9,6244.0,16893,0.3142158422851562,False,2026-10-05 19:59:43+00:00,NVDA261016P00225000
NVDA,2026-10-06,238.89999389648438,2026-10-16,P,227.5,1.14,1.17,1.23,1926.0,4060,0.3034737622070312,False,2026-10-05 19:58:25+00:00,NVDA261016P00227500
NVDA,2026-10-06,238.89999389648438,2026-10-16,P,230.0,1.55,1.58,1.66,12195.0,15692,0.29358616577148433,False,2026-10-05 19:59:34+00:00,NVDA261016P00230000
NVDA,2026-10-06,238.89999389648438,2026-10-16,P,232.5,2.11,2.15,2.23,2354.0,1656,0.28613995117187496,False,2026-10-05 19:59:48+00:00,NVDA261016P00232500
NVDA,2026-10-06,238.89999389648438,2026-10-16,P,235.0,2.85,2.89,2.95,10838.0,7523,0.2790599438476562,False,2026-10-05 19:59:53+00:00,NVDA261016P00235000
NVDA,2026-10-06,238.89999389648438,2026-10-16,P,237.5,3.8,3.85,3.85,3575.0,1966,0.2738109729003906,False,2026-10-05 19:59:52+00:00,NVDA261016P00237500
NVDA,2026-10-06,238.89999389648438,2026-10-16,P,240.0,4.95,5.05,5.0,3976.0,3700,0.2701489001464844,True,2026-10-05 19:59:59+00:00,NVDA261016P00240000
NVDA,2026-10-06,238.89999389648438,2026-10-16,P,242.5,6.35,6.45,6.61,298.0,100,0.2651440673828125,True,2026-10-05 19:58:16+00:00,NVDA261016P00242500
NVDA,2026-10-06,238.89999389648438,2026-10-16,P,245.0,8.0,8.1,8.01,1170.0,1621,0.2622144091796875,True,2026-10-05 19:54:46+00:00,NVDA261016P00245000
NVDA,2026-10-06,238.89999389648438,2026-10-16,P,247.5,9.6,10.0,10.0,390.0,15,0.26343510009765625,True,2026-10-05 19:56:05+00:00,NVDA261016P00247500
NVDA,2026-10-06,238.89999389648438,2026-10-16,P,250.0,11.75,12.0,12.15,459.0,1596,0.25928475097656256,True,2026-10-05 19:59:57+00:00,NVDA261016P00250000
NVDA,2026-10-06,238.89999389648438,2026-10-16,P,255.0,15.1,16.85,17.05,80.0,874,0.3127510131835937,True,2026-10-05 19:40:24+00:00,NVDA261016P00255000
NVDA,2026-10-06,238.89999389648438,2026-10-16,P,260.0,19.7,22.05,21.8,17.0,9,0.40210558837890625,True,2026-10-05 18:24:23+00:00,NVDA261016P00260000
NVDA,2026-10-06,238.89999389648438,2026-10-16,P,265.0,25.7,26.85,25.15,7.0,0,0.43677321044921874,True,2026-10-05 19:35:23+00:00,NVDA261016P00265000
NVDA,2026-10-06,238.89999389648438,2026-10-16,P,270.0,30.05,32.35,30.28,14.0,0,0.5632367895507813,True,2026-10-05 19:41:08+00:00,NVDA261016P00270000
NVDA,2026-10-06,238.89999389648438,2026-10-16,P,275.0,35.05,37.4,35.0,3.0,0,0.6286658227539064,True,2026-10-05 19:37:58+00:00,NVDA261016P00275000
NVDA,2026-10-06,238.89999389648438,2026-10-16,P,280.0,40.05,42.45,42.95,4.0,0,0.6921417504882813,True,2026-10-05 16:10:35+00:00,NVDA261016P00280000
NVDA,2026-10-06,238.89999389648438,2026-10-16,P,285.0,0.0,0.0,65.58,2.0,0,1.0000000000000003e-05,True,2026-08-10 15:57:30+00:00,NVDA261016P00285000
NVDA,2026-10-06,238.89999389648438,2026-10-16,P,290.0,50.05,52.4,51.85,4.0,0,0.514653291015625,True,2026-10-05 16:13:03+00:00,NVDA261016P00290000
NVDA,2026-10-06,238.89999389648438,2026-10-16,P,295.0,53.85,58.0,58.2,2.0,0,0.9274909594726561,True,2026-10-05 16:10:55+00:00,NVDA261016P00295000
NVDA,2026-10-06,238.89999389648438,2026-10-16,P,300.0,58.1,64.55,65.74,1.0,1,0.6425816992187501,True,2026-10-02 19:47:38+00:00,NVDA261016P00300000
NVDA,2026-10-06,238.89999389648438,2026-10-16,P,305.0,63.9,67.6,70.76,1.0,0,0.9721682470703125,True,2026-10-02 19:47:38+00:00,NVDA261016P00305000
NVDA,2026-10-06,238.89999389648438,2026-10-16,P,310.0,70.05,72.55,81.45,4.0,0,0.7060576269531251,True,2026-10-01 15:07:45+00:00,NVDA261016P00310000
NVDA,2026-10-06,238.89999389648438,2026-10-16,P,315.0,73.9,77.6,83.6,,0,1.0656784997558595,True,2026-10-01 14:56:32+00:00,NVDA261016P00315000
NVDA,2026-10-06,238.89999389648438,2026-10-16,P,320.0,80.05,82.55,90.39,,0,0.7773459765625,True,2026-10-01 14:55:52+00:00,NVDA261016P00320000
NVDA,2026-10-06,238.89999389648438,2026-10-16,P,325.0,85.05,87.55,96.37,,0,0.8125018749999999,True,2026-10-01 15:03:51+00:00,NVDA261016P00325000
NVDA,2026-10-06,238.89999389648438,2026-10-16,P,360.0,0.0,0.0,142.25,1.0,0,1.0000000000000003e-05,True,2026-05-29 17:06:51+00:00,NVDA261016P00360000
NVDA,2026-10-06,238.89999389648438,2026-10-16,P,370.0,128.9,132.6,146.03,32.0,0,1.5048852880859376,True,2026-08-27 13:34:17+00:00,NVDA261016P00370000
NVDA,2026-10-06,238.89999389648438,2026-10-16,P,380.0,0.0,0.0,158.2,30.0,0,1.0000000000000003e-05,True,2026-05-21 18:10:39+00:00,NVDA261016P00380000
NVDA,2026-10-06,238.89999389648438,2026-10-16,P,390.0,155.0,163.75,183.33,1.0,0,2.4845008590698243,True,2026-08-03 19:53:36+00:00,NVDA261016P00390000
NVDA,2026-10-06,238.89999389648438,2026-10-16,P,400.0,160.05,162.55,170.16,1.0,1,1.25390998046875,True,2026-09-28 19:25:01+00:00,NVDA261016P00400000
NVDA,2026-10-06,238.89999389648438,2026-10-16,P,405.0,164.65,167.8,181.28,1.0,0,1.2109414453124998,True,2026-09-25 19:50:17+00:00,NVDA261016P00405000
NVDA,2026-10-06,238.89999389648438,2026-10-16,P,410.0,0.0,0.0,182.97,1.0,0,1.0000000000000003e-05,True,2026-08-13 19:50:27+00:00,NVDA261016P00410000
NVDA,2026-10-06,238.89999389648438,2026-10-16,P,440.0,229.7,231.95,212.53,,0,4.477665535736083,True,2026-05-13 16:30:55+00:00,NVDA261016P00440000
NVDA,2026-10-06,238.89999389648438,2026-10-16,P,455.0,0.0,0.0,229.4,2.0,0,1.0000000000000003e-05,True,2026-08-13 19:51:57+00:00,NVDA261016P00455000
NVDA,2026-10-06,238.89999389648438,2026-10-16,P,460.0,0.0,0.0,234.38,4.0,0,1.0000000000000003e-05,True,2026-08-13 19:51:57+00:00,NVDA261016P00460000
NVDA,2026-10-06,238.89999389648438,2026-10-23,C,75.0,160.55,168.4,163.42,4.0,4,2.566409833984375,True,2026-10-05 18:36:36+00:00,NVDA261023C00075000
NVDA,2026-10-06,238.89999389648438,2026-10-23,C,85.0,150.1,158.45,145.89,,2,2.162113969726563,True,2026-09-29 16:34:29+00:00,NVDA261023C00085000
NVDA,2026-10-06,238.89999389648438,2026-10-23,C,90.0,145.1,153.6,140.89,3.0,8,2.1054734863281244,True,2026-09-30 16:26:09+00:00,NVDA261023C00090000
NVDA,2026-10-06,238.89999389648438,2026-10-23,C,95.0,140.15,148.65,144.73,2.0,2,2.0293018017578124,True,2026-09-08 19:57:02+00:00,NVDA261023C00095000
NVDA,2026-10-06,238.89999389648438,2026-10-23,C,100.0,135.6,143.45,138.53,5.0,5,1.9951172119140623,True,2026-10-05 18:36:36+00:00,NVDA261023C00100000
NVDA,2026-10-06,238.89999389648438,2026-10-23,C,105.0,130.15,138.6,125.92,,2,1.8125009374999999,True,2026-09-29 16:41:26+00:00,NVDA261023C00105000
NVDA,2026-10-06,238.89999389648438,2026-10-23,C,110.0,125.15,133.65,127.99,2.0,8,1.732423212890625,True,2026-10-05 17:50:28+00:00,NVDA261023C00110000
NVDA,2026-10-06,238.89999389648438,2026-10-23,C,115.0,120.2,128.65,105.48,1.0,1,1.654298603515625,True,2026-09-18 15:19:09+00:00,NVDA261023C00115000
NVDA,2026-10-06,238.89999389648438,2026-10-23,C,120.0,115.2,121.2,111.52,1.0,80,2.080571204833984,True,2026-09-28 17:38:22+00:00,NVDA261023C00120000
NVDA,2026-10-06,238.89999389648438,2026-10-23,C,130.0,105.25,113.15,90.18,,9,1.2880894970703123,True,2026-09-17 19:42:24+00:00,NVDA261023C00130000
NVDA,2026-10-06,238.89999389648438,2026-10-23,C,135.0,100.25,108.15,96.1,1.0,6,1.2158242333984375,True,2026-09-28 14:33:25+00:00,NVDA261023C00135000
NVDA,2026-10-06,238.89999389648438,2026-10-23,C,140.0,95.25,103.75,98.98,20.0,11,1.2793004785156248,True,2026-10-05 18:39:07+00:00,NVDA261023C00140000
NVDA,2026-10-06,238.89999389648438,2026-10-23,C,145.0,90.3,98.2,86.33,4.0,4,1.1044966650390626,True,2026-09-30 16:26:09+00:00,NVDA261023C00145000
NVDA,2026-10-06,238.89999389648438,2026-10-23,C,150.0,85.3,93.2,87.64,1.0,42,1.0376024682617189,True,2026-10-02 14:13:53+00:00,NVDA261023C00150000
NVDA,2026-10-06,238.89999389648438,2026-10-23,C,155.0,80.3,88.25,74.03,7.0,8,0.983398603515625,True,2026-09-21 18:52:18+00:00,NVDA261023C00155000
NVDA,2026-10-06,238.89999389648438,2026-10-23,C,160.0,75.35,83.25,76.8,2.0,12,0.929688203125,True,2026-10-02 15:03:01+00:00,NVDA261023C00160000
NVDA,2026-10-06,238.89999389648438,2026-10-23,C,165.0,70.35,78.85,74.74,2.0,12,0.9584965087890623,True,2026-10-05 18:57:27+00:00,NVDA261023C00165000
NVDA,2026-10-06,238.89999389648438,2026-10-23,C,170.0,65.4,73.3,67.68,1.0,20,0.823243955078125,True,2026-10-02 14:56:00+00:00,NVDA261023C00170000
NVDA,2026-10-06,238.89999389648438,2026-10-23,C,175.0,60.4,68.35,55.75,1.0,62,0.770510107421875,True,2026-09-28 19:18:50+00:00,NVDA261023C00175000
NVDA,2026-10-06,238.89999389648438,2026-10-23,C,180.0,55.45,63.35,58.15,5.0,108,0.717776259765625,True,2026-10-02 14:29:57+00:00,NVDA261023C00180000
NVDA,2026-10-06,238.89999389648438,2026-10-23,C,185.0,50.5,58.4,46.67,7.0,25,0.6709017285156251,True,2026-10-01 19:51:06+00:00,NVDA261023C00185000
NVDA,2026-10-06,238.89999389648438,2026-10-23,C,190.0,46.25,50.15,47.79,1.0,203,0.7329128271484374,True,2026-10-05 15:17:37+00:00,NVDA261023C00190000
NVDA,2026-10-06,238.89999389648438,2026-10-23,C,195.0,41.45,46.9,44.0,9.0,158,0.8569350244140624,True,2026-10-05 18:16:34+00:00,NVDA261023C00195000
NVDA,2026-10-06,238.89999389648438,2026-10-23,C,200.0,36.35,41.65,39.1,41.0,242,0.7581811291503908,True,2026-10-05 18:18:01+00:00,NVDA261023C00200000
NVDA,2026-10-06,238.89999389648438,2026-10-23,C,205.0,33.15,36.1,34.4,21.0,323,0.6347692773437501,True,2026-10-05 18:29:26+00:00,NVDA261023C00205000
NVDA,2026-10-06,238.89999389648438,2026-10-23,C,210.0,29.4,31.25,29.61,93.0,1356,0.57617611328125,True,2026-10-05 19:17:32+00:00,NVDA261023C00210000
NVDA,2026-10-06,238.89999389648438,2026-10-23,C,215.0,24.65,26.25,24.89,232.0,1562,0.5034229345703125,True,2026-10-05 19:36:44+00:00,NVDA261023C00215000
NVDA,2026-10-06,238.89999389648438,2026-10-23,C,220.0,20.0,21.7,21.25,209.0,2528,0.46130909790039065,True,2026-10-05 19:41:33+00:00,NVDA261023C00220000
NVDA,2026-10-06,238.89999389648438,2026-10-23,C,225.0,15.6,16.6,16.0,603.0,5458,0.37708142456054683,True,2026-10-05 19:57:42+00:00,NVDA261023C00225000
NVDA,2026-10-06,238.89999389648438,2026-10-23,C,230.0,11.7,12.4,11.8,1027.0,5071,0.340826904296875,True,2026-10-05 19:56:36+00:00,NVDA261023C00230000
NVDA,2026-10-06,238.89999389648438,2026-10-23,C,235.0,8.4,9.1,8.4,1777.0,10687,0.3324041369628906,True,2026-10-05 19:59:59+00:00,NVDA261023C00235000
NVDA,2026-10-06,238.89999389648438,2026-10-23,C,240.0,5.65,5.85,5.55,5350.0,10949,0.30103238037109376,False,2026-10-05 19:59:33+00:00,NVDA261023C00240000
NVDA,2026-10-06,238.89999389648438,2026-10-23,C,245.0,3.55,3.65,3.45,10737.0,11788,0.2907175421142577,False,2026-10-05 19:58:18+00:00,NVDA261023C00245000
NVDA,2026-10-06,238.89999389648438,2026-10-23,C,250.0,2.06,2.15,2.03,3075.0,8893,0.28528546752929684,False,2026-10-05 19:59:18+00:00,NVDA261023C00250000
NVDA,2026-10-06,238.89999389648438,2026-10-23,C,255.0,1.13,1.2,1.09,1510.0,4593,0.28284408569335934,False,2026-10-05 19:59:41+00:00,NVDA261023C00255000
NVDA,2026-10-06,238.89999389648438,2026-10-23,C,260.0,0.6,0.64,0.61,1390.0,6605,0.28247787841796873,False,2026-10-05 19:58:32+00:00,NVDA261023C00260000
NVDA,2026-10-06,238.89999389648438,2026-10-23,C,265.0,0.32,0.35,0.31,863.0,1069,0.28711650390624993,False,2026-10-05 19:47:10+00:00,NVDA261023C00265000
NVDA,2026-10-06,238.89999389648438,2026-10-23,C,270.0,0.17,0.2,0.18,922.0,1397,0.29492892578124996,False,2026-10-05 19:59:58+00:00,NVDA261023C00270000
NVDA,2026-10-06,238.89999389648438,2026-10-23,C,275.0,0.1,0.12,0.12,188.0,2511,0.3051827294921875,False,2026-10-05 19:51:42+00:00,NVDA261023C00275000
NVDA,2026-10-06,238.89999389648438,2026-10-23,C,280.0,0.06,0.08,0.08,227.0,421,0.3193427441406249,False,2026-10-05 19:52:50+00:00,NVDA261023C00280000
NVDA,2026-10-06,238.89999389648438,2026-10-23,C,285.0,0.03,0.05,0.04,88.0,333,0.33008482421874996,False,2026-10-05 19:38:56+00:00,NVDA261023C00285000
NVDA,2026-10-06,238.89999389648438,2026-10-23,C,290.0,0.03,0.04,0.04,16.0,332,0.34766277343749996,False,2026-10-05 18:55:56+00:00,NVDA261023C00290000
NVDA,2026-10-06,238.89999389648438,2026-10-23,C,295.0,0.01,0.03,0.02,1.0,296,0.3632876171875,False,2026-10-05 14:52:05+00:00,NVDA261023C00295000
NVDA,2026-10-06,238.89999389648438,2026-10-23,C,300.0,0.01,0.03,0.02,27.0,363,0.38867798828125,False,2026-10-05 19:12:01+00:00,NVDA261023C00300000
NVDA,2026-10-06,238.89999389648438,2026-10-23,C,305.0,0.01,0.03,0.02,13.0,73,0.414068359375,False,2026-10-05 15:24:54+00:00,NVDA261023C00305000
NVDA,2026-10-06,238.89999389648438,2026-10-23,C,310.0,0.0,0.02,0.02,15.0,1082,0.42188078125,False,2026-10-02 13:44:44+00:00,NVDA261023C00310000
NVDA,2026-10-06,238.89999389648438,2026-10-23,C,315.0,0.0,0.02,0.03,2.0,67,0.445318046875,False,2026-09-30 13:43:37+00:00,NVDA261023C00315000
NVDA,2026-10-06,238.89999389648438,2026-10-23,C,320.0,0.0,0.02,0.01,11.0,258,0.46484910156250003,False,2026-10-02 19:55:00+00:00,NVDA261023C00320000
NVDA,2026-10-06,238.89999389648438,2026-10-23,C,325.0,0.0,0.02,0.01,58.0,236,0.48828636718750007,False,2026-09-23 17:59:45+00:00,NVDA261023C00325000
NVDA,2026-10-06,238.89999389648438,2026-10-23,C,330.0,0.0,0.02,0.02,3.0,25,0.507817421875,False,2026-10-02 19:40:51+00:00,NVDA261023C00330000
NVDA,2026-10-06,238.89999389648438,2026-10-23,C,335.0,0.0,0.02,0.03,1.0,32,0.500005,False,2026-09-30 13:31:49+00:00,NVDA261023C00335000
NVDA,2026-10-06,238.89999389648438,2026-10-23,C,340.0,0.0,0.02,0.02,20.0,125,0.51562984375,False,2026-10-02 19:33:21+00:00,NVDA261023C00340000
NVDA,2026-10-06,238.89999389648438,2026-10-23,C,345.0,0.0,0.02,0.02,39.0,56,0.5390671093750001,False,2026-10-02 19:17:16+00:00,NVDA261023C00345000
NVDA,2026-10-06,238.89999389648438,2026-10-23,C,350.0,0.0,0.02,0.03,4.0,12,0.5546919531250001,False,2026-09-14 17:40:33+00:00,NVDA261023C00350000
NVDA,2026-10-06,238.89999389648438,2026-10-23,C,360.0,0.0,0.02,0.02,50.0,53,0.5937540625000001,False,2026-09-29 19:05:51+00:00,NVDA261023C00360000
NVDA,2026-10-06,238.89999389648438,2026-10-23,C,370.0,0.0,0.01,0.02,10.0,38,0.5937540625000001,False,2026-09-11 14:48:56+00:00,NVDA261023C00370000
NVDA,2026-10-06,238.89999389648438,2026-10-23,C,390.0,0.0,0.02,0.01,1.0,6,0.6953155468750001,False,2026-09-21 15:52:48+00:00,NVDA261023C00390000
NVDA,2026-10-06,238.89999389648438,2026-10-23,P,50.0,0.0,0.02,0.01,10.0,17,2.2187544531249994,False,2026-10-01 19:59:35+00:00,NVDA261023P00050000
NVDA,2026-10-06,238.89999389648438,2026-10-23,P,65.0,0.0,0.02,0.05,5.0,0,1.8437507812499998,False,2026-09-29 16:39:18+00:00,NVDA261023P00065000
NVDA,2026-10-06,238.89999389648438,2026-10-23,P,75.0,0.0,0.03,0.03,20.0,24,1.703126484375,False,2026-09-24 13:58:55+00:00,NVDA261023P00075000
NVDA,2026-10-06,238.89999389648438,2026-10-23,P,80.0,0.0,0.03,0.02,240.0,219,1.609376953125,False,2026-10-05 18:59:39+00:00,NVDA261023P00080000
NVDA,2026-10-06,238.89999389648438,2026-10-23,P,85.0,0.01,0.03,0.03,10.0,22,1.5625021874999998,False,2026-10-02 13:30:00+00:00,NVDA261023P00085000
NVDA,2026-10-06,238.89999389648438,2026-10-23,P,90.0,0.01,0.03,0.02,4.0,33,1.484377578125,False,2026-09-29 19:54:13+00:00,NVDA261023P00090000
NVDA,2026-10-06,238.89999389648438,2026-10-23,P,95.0,0.01,0.03,0.02,10.0,101,1.40625296875,False,2026-10-05 14:33:05+00:00,NVDA261023P00095000
NVDA,2026-10-06,238.89999389648438,2026-10-23,P,100.0,0.01,0.03,0.04,2.0,49,1.3281283593749997,False,2026-09-28 15:35:40+00:00,NVDA261023P00100000
NVDA,2026-10-06,238.89999389648438,2026-10-23,P,105.0,0.01,0.03,0.03,110.0,128,1.2500037499999999,False,2026-10-05 16:30:18+00:00,NVDA261023P00105000
NVDA,2026-10-06,238.89999389648438,2026-10-23,P,110.0,0.01,0.03,0.03,10.0,18,1.1875040625,False,2026-10-02 17:02:21+00:00,NVDA261023P00110000
NVDA,2026-10-06,238.89999389648438,2026-10-23,P,115.0,0.02,0.03,0.02,1.0,5328,1.1484417578125,False,2026-10-05 13:30:02+00:00,NVDA261023P00115000
NVDA,2026-10-06,238.89999389648438,2026-10-23,P,120.0,0.02,0.04,0.03,30.0,6661,1.1015669921875002,False,2026-10-05 16:34:33+00:00,NVDA261023P00120000
NVDA,2026-10-06,238.89999389648438,2026-10-23,P,125.0,0.02,0.05,0.03,12.0,1037,1.0546922265625,False,2026-10-02 18:52:41+00:00,NVDA261023P00125000
NVDA,2026-10-06,238.89999389648438,2026-10-23,P,130.0,0.03,0.04,0.03,32.0,117,0.9960937890625,False,2026-10-05 18:27:25+00:00,NVDA261023P00130000
NVDA,2026-10-06,238.89999389648438,2026-10-23,P,135.0,0.03,0.04,0.05,1.0,87,0.937500625,False,2026-10-05 14:24:17+00:00,NVDA261023P00135000
NVDA,2026-10-06,238.89999389648438,2026-10-23,P,140.0,0.03,0.05,0.05,2.0,1438,0.8945323046874999,False,2026-10-02 14:32:29+00:00,NVDA261023P00140000
NVDA,2026-10-06,238.89999389648438,2026-10-23,P,145.0,0.04,0.06,0.07,3.0,60,0.85937640625,False,2026-10-02 19:52:30+00:00,NVDA261023P00145000
NVDA,2026-10-06,238.89999389648438,2026-10-23,P,150.0,0.04,0.07,0.06,554.0,385,0.8164080859374999,False,2026-10-05 19:49:09+00:00,NVDA261023P00150000
NVDA,2026-10-06,238.89999389648438,2026-10-23,P,155.0,0.05,0.07,0.05,10.0,276,0.7695335546875001,False,2026-10-05 18:36:11+00:00,NVDA261023P00155000
NVDA,2026-10-06,238.89999389648438,2026-10-23,P,160.0,0.06,0.08,0.07,31.0,341,0.7304714453125,False,2026-10-05 18:36:11+00:00,NVDA261023P00160000
NVDA,2026-10-06,238.89999389648438,2026-10-23,P,165.0,0.08,0.09,0.08,78.0,786,0.6972686523437501,False,2026-10-05 19:22:08+00:00,NVDA261023P00165000
NVDA,2026-10-06,238.89999389648438,2026-10-23,P,170.0,0.09,0.1,0.1,11.0,1054,0.6543003320312502,False,2026-10-05 19:56:07+00:00,NVDA261023P00170000
NVDA,2026-10-06,238.89999389648438,2026-10-23,P,175.0,0.09,0.12,0.12,11.0,589,0.6123085644531252,False,2026-10-05 16:27:55+00:00,NVDA261023P00175000
NVDA,2026-10-06,238.89999389648438,2026-10-23,P,180.0,0.11,0.13,0.12,156.0,1497,0.5732464550781251,False,2026-10-05 19:42:35+00:00,NVDA261023P00180000
NVDA,2026-10-06,238.89999389648438,2026-10-23,P,185.0,0.13,0.16,0.15,170.0,2507,0.5380905566406251,False,2026-10-05 19:44:38+00:00,NVDA261023P00185000
NVDA,2026-10-06,238.89999389648438,2026-10-23,P,190.0,0.16,0.18,0.17,418.0,2875,0.500005,False,2026-10-05 19:52:01+00:00,NVDA261023P00190000
NVDA,2026-10-06,238.89999389648438,2026-10-23,P,195.0,0.2,0.22,0.21,574.0,2378,0.46973186523437505,False,2026-10-05 19:55:02+00:00,NVDA261023P00195000
NVDA,2026-10-06,238.89999389648438,2026-10-23,P,200.0,0.25,0.27,0.26,1300.0,4329,0.43457596679687505,False,2026-10-05 19:57:24+00:00,NVDA261023P00200000
NVDA,2026-10-06,238.89999389648438,2026-10-23,P,205.0,0.32,0.34,0.34,937.0,8373,0.39990834472656256,False,2026-10-05 19:59:21+00:00,NVDA261023P00205000
NVDA,2026-10-06,238.89999389648438,2026-10-23,P,210.0,0.43,0.46,0.45,5796.0,7660,0.370123486328125,False,2026-10-05 19:59:31+00:00,NVDA261023P00210000
NVDA,2026-10-06,238.89999389648438,2026-10-23,P,215.0,0.62,0.66,0.66,1482.0,4620,0.3435124243164062,False,2026-10-05 19:59:54+00:00,NVDA261023P00215000
NVDA,2026-10-06,238.89999389648438,2026-10-23,P,220.0,0.96,1.01,1.03,1754.0,3281,0.3217841259765625,False,2026-10-05 19:59:54+00:00,NVDA261023P00220000
NVDA,2026-10-06,238.89999389648438,2026-10-23,P,225.0,1.53,1.61,1.62,1145.0,6607,0.3042061767578125,False,2026-10-05 19:59:58+00:00,NVDA261023P00225000
NVDA,2026-10-06,238.89999389648438,2026-10-23,P,230.0,2.48,2.58,2.67,1099.0,2247,0.28943581665039053,False,2026-10-05 19:59:24+00:00,NVDA261023P00230000
NVDA,2026-10-06,238.89999389648438,2026-10-23,P,235.0,3.95,4.1,4.2,2899.0,3352,0.2784495983886719,False,2026-10-05 19:59:42+00:00,NVDA261023P00235000
NVDA,2026-10-06,238.89999389648438,2026-10-23,P,240.0,5.7,6.35,6.25,3306.0,341,0.2727123510742187,True,2026-10-05 19:59:59+00:00,NVDA261023P00240000
NVDA,2026-10-06,238.89999389648438,2026-10-23,P,245.0,8.65,9.45,9.0,140.0,107,0.2756420092773437,True,2026-10-05 19:54:21+00:00,NVDA261023P00245000
NVDA,2026-10-06,238.89999389648438,2026-10-23,P,250.0,12.45,13.1,12.3,988.0,134,0.27637442382812494,True,2026-10-05 19:53:29+00:00,NVDA261023P00250000
NVDA,2026-10-06,238.89999389648438,2026-10-23,P,255.0,16.35,17.25,16.35,10.0,120,0.2790599438476562,True,2026-10-05 19:07:07+00:00,NVDA261023P00255000
NVDA,2026-10-06,238.89999389648438,2026-10-23,P,260.0,20.7,22.55,21.64,4.0,24,0.3575503698730469,True,2026-10-05 19:59:08+00:00,NVDA261023P00260000
NVDA,2026-10-06,238.89999389648438,2026-10-23,P,265.0,22.7,29.15,52.83,70.0,0,0.5283250292968751,True,2026-09-14 17:21:03+00:00,NVDA261023P00265000
NVDA,2026-10-06,238.89999389648438,2026-10-23,P,270.0,29.05,33.7,39.35,3.0,0,0.5521285021972657,True,2026-09-29 13:38:08+00:00,NVDA261023P00270000
NVDA,2026-10-06,238.89999389648438,2026-10-23,P,275.0,31.8,41.0,39.5,4.0,0,0.7608666491699221,True,2026-10-02 15:05:41+00:00,NVDA261023P00275000
NVDA,2026-10-06,238.89999389648438,2026-10-23,P,280.0,37.2,46.0,44.05,10.0,10,0.8157977404785155,True,2026-10-02 13:30:00+00:00,NVDA261023P00280000
NVDA,2026-10-06,238.89999389648438,2026-10-30,C,60.0,174.2,183.5,165.79,,1,3.9165041149902344,True,2026-09-21 16:19:19+00:00,NVDA261030C00060000
NVDA,2026-10-06,238.89999389648438,2026-10-30,C,70.0,164.2,173.45,159.13,,10,3.4897473693847654,True,2026-09-28 13:30:05+00:00,NVDA261030C00070000
NVDA,2026-10-06,238.89999389648438,2026-10-30,C,85.0,149.4,158.6,137.9,,2,1.5507834960937497,True,2026-09-24 13:53:50+00:00,NVDA261030C00085000
NVDA,2026-10-06,238.89999389648438,2026-10-30,C,90.0,145.2,153.6,139.37,1.0,2,1.8154306103515623,True,2026-09-22 14:34:14+00:00,NVDA261030C00090000
NVDA,2026-10-06,238.89999389648438,2026-10-30,C,100.0,135.25,143.15,138.47,6.0,97,1.5156274218749999,True,2026-10-05 18:19:41+00:00,NVDA261030C00100000
NVDA,2026-10-06,238.89999389648438,2026-10-30,C,115.0,120.3,128.7,116.33,2.0,1,1.4345731396484376,True,2026-09-30 18:19:02+00:00,NVDA261030C00115000
NVDA,2026-10-06,238.89999389648438,2026-10-30,C,120.0,115.3,123.25,117.76,1.0,10,1.2626989990234374,True,2026-10-05 18:12:09+00:00,NVDA261030C00120000
NVDA,2026-10-06,238.89999389648438,2026-10-30,C,125.0,110.35,118.25,101.62,,14,1.2060586572265624,True,2026-09-23 16:15:44+00:00,NVDA261030C00125000
NVDA,2026-10-06,238.89999389648438,2026-10-30,C,130.0,105.35,113.25,96.81,,1,1.140629296875,True,2026-09-23 16:15:01+00:00,NVDA261030C00130000
NVDA,2026-10-06,238.89999389648438,2026-10-30,C,135.0,101.1,108.3,101.55,10.0,12,1.2099648876953122,True,2026-10-02 17:00:56+00:00,NVDA261030C00135000
NVDA,2026-10-06,238.89999389648438,2026-10-30,C,140.0,95.4,102.55,95.29,1.0,1,0.8125018749999999,True,2026-10-02 19:52:17+00:00,NVDA261030C00140000
NVDA,2026-10-06,238.89999389648438,2026-10-30,C,145.0,90.45,98.35,89.8,15.0,16,0.992187578125,True,2026-10-02 17:11:48+00:00,NVDA261030C00145000
NVDA,2026-10-06,238.89999389648438,2026-10-30,C,150.0,85.45,92.2,87.84,6.0,56,1.3969756713867185,True,2026-10-05 13:57:48+00:00,NVDA261030C00150000
NVDA,2026-10-06,238.89999389648438,2026-10-30,C,155.0,80.5,88.4,78.68,1.0,14,0.8896495410156249,True,2026-09-28 13:44:15+00:00,NVDA261030C00155000
NVDA,2026-10-06,238.89999389648438,2026-10-30,C,160.0,75.55,83.45,75.2,7.0,42,0.8461929443359374,True,2026-10-02 17:24:46+00:00,NVDA261030C00160000
NVDA,2026-10-06,238.89999389648438,2026-10-30,C,165.0,70.55,79.1,66.51,3.0,5,0.8588881298828125,True,2026-09-30 19:04:40+00:00,NVDA261030C00165000
NVDA,2026-10-06,238.89999389648438,2026-10-30,C,170.0,65.6,74.1,53.15,4.0,22,0.8051777294921875,True,2026-09-24 14:48:15+00:00,NVDA261030C00170000
NVDA,2026-10-06,238.89999389648438,2026-10-30,C,175.0,60.7,69.0,65.3,25.0,37,0.7480493945312501,True,2026-10-05 19:41:27+00:00,NVDA261030C00175000
NVDA,2026-10-06,238.89999389648438,2026-10-30,C,180.0,58.95,64.2,60.6,3.0,40,0.8958750646972655,True,2026-10-05 19:16:24+00:00,NVDA261030C00180000
NVDA,2026-10-06,238.89999389648438,2026-10-30,C,185.0,50.8,56.0,55.0,2.0,15,0.7746604565429689,True,2026-10-05 19:19:06+00:00,NVDA261030C00185000
NVDA,2026-10-06,238.89999389648438,2026-10-30,C,190.0,45.9,51.35,49.3,13.0,202,0.745119736328125,True,2026-10-05 18:26:11+00:00,NVDA261030C00190000
NVDA,2026-10-06,238.89999389648438,2026-10-30,C,195.0,41.0,45.1,43.5,3.0,180,0.5603071313476562,True,2026-10-05 17:42:26+00:00,NVDA261030C00195000
NVDA,2026-10-06,238.89999389648438,2026-10-30,C,200.0,38.75,41.35,40.62,89.0,960,0.5002491381835938,True,2026-10-05 19:48:09+00:00,NVDA261030C00200000
NVDA,2026-10-06,238.89999389648438,2026-10-30,C,205.0,33.65,35.55,35.95,16.0,494,0.493291199951172,True,2026-10-05 19:14:43+00:00,NVDA261030C00205000
NVDA,2026-10-06,238.89999389648438,2026-10-30,C,210.0,29.9,30.55,30.0,107.0,909,0.43579665771484377,True,2026-10-05 18:30:23+00:00,NVDA261030C00210000
NVDA,2026-10-06,238.89999389648438,2026-10-30,C,215.0,25.25,26.55,25.63,272.0,1003,0.4466608068847656,True,2026-10-05 19:46:36+00:00,NVDA261030C00215000
NVDA,2026-10-06,238.89999389648438,2026-10-30,C,220.0,20.75,22.7,21.25,438.0,1931,0.4470270141601562,True,2026-10-05 19:55:12+00:00,NVDA261030C00220000
NVDA,2026-10-06,238.89999389648438,2026-10-30,C,225.0,16.55,18.1,16.8,468.0,5668,0.39624627197265627,True,2026-10-05 19:50:00+00:00,NVDA261030C00225000
NVDA,2026-10-06,238.89999389648438,2026-10-30,C,230.0,13.0,13.7,13.15,2009.0,6384,0.3482120843505859,True,2026-10-05 19:57:42+00:00,NVDA261030C00230000
NVDA,2026-10-06,238.89999389648438,2026-10-30,C,235.0,9.6,10.0,9.75,1891.0,6257,0.31928170959472646,True,2026-10-05 19:59:34+00:00,NVDA261030C00235000
NVDA,2026-10-06,238.89999389648438,2026-10-30,C,240.0,6.95,7.15,6.87,5611.0,11233,0.3075630767822265,False,2026-10-05 19:59:33+00:00,NVDA261030C00240000
NVDA,2026-10-06,238.89999389648438,2026-10-30,C,245.0,4.7,4.9,4.7,3325.0,11233,0.29944548217773437,False,2026-10-05 19:59:32+00:00,NVDA261030C00245000
NVDA,2026-10-06,238.89999389648438,2026-10-30,C,250.0,3.05,3.15,3.1,8176.0,12411,0.2906565075683593,False,2026-10-05 19:59:59+00:00,NVDA261030C00250000
NVDA,2026-10-06,238.89999389648438,2026-10-30,C,255.0,1.88,1.98,1.87,2390.0,8194,0.28748271118164054,False,2026-10-05 19:59:58+00:00,NVDA261030C00255000
NVDA,2026-10-06,238.89999389648438,2026-10-30,C,260.0,1.12,1.2,1.15,2192.0,6059,0.28565167480468745,False,2026-10-05 19:59:59+00:00,NVDA261030C00260000
NVDA,2026-10-06,238.89999389648438,2026-10-30,C,265.0,0.67,0.72,0.68,1082.0,2340,0.2866282275390625,False,2026-10-05 19:59:17+00:00,NVDA261030C00265000
NVDA,2026-10-06,238.89999389648438,2026-10-30,C,270.0,0.39,0.43,0.4,8492.0,12246,0.2893137475585937,False,2026-10-05 19:59:58+00:00,NVDA261030C00270000
NVDA,2026-10-06,238.89999389648438,2026-10-30,C,275.0,0.24,0.28,0.24,450.0,1433,0.29761444580078117,False,2026-10-05 19:59:10+00:00,NVDA261030C00275000
NVDA,2026-10-06,238.89999389648438,2026-10-30,C,280.0,0.15,0.18,0.16,232.0,2064,0.304694453125,False,2026-10-05 19:59:59+00:00,NVDA261030C00280000
NVDA,2026-10-06,238.89999389648438,2026-10-30,C,285.0,0.1,0.12,0.12,186.0,654,0.313483427734375,False,2026-10-05 18:52:15+00:00,NVDA261030C00285000
NVDA,2026-10-06,238.89999389648438,2026-10-30,C,290.0,0.06,0.09,0.08,125.0,1029,0.32617861328125,False,2026-10-05 19:53:50+00:00,NVDA261030C00290000
NVDA,2026-10-06,238.89999389648438,2026-10-30,C,295.0,0.03,0.06,0.05,23.0,96,0.33399103515625,False,2026-10-05 18:51:58+00:00,NVDA261030C00295000
NVDA,2026-10-06,238.89999389648438,2026-10-30,C,300.0,0.03,0.05,0.05,107.0,799,0.34961587890624996,False,2026-10-05 19:06:48+00:00,NVDA261030C00300000
NVDA,2026-10-06,238.89999389648438,2026-10-30,C,305.0,0.01,0.04,0.06,32.0,257,0.36133451171875,False,2026-09-28 15:26:21+00:00,NVDA261030C00305000
NVDA,2026-10-06,238.89999389648438,2026-10-30,C,310.0,0.01,0.04,0.04,1.0,8,0.38281867187499996,False,2026-09-29 18:55:39+00:00,NVDA261030C00310000
NVDA,2026-10-06,238.89999389648438,2026-10-30,C,315.0,0.0,0.04,0.04,25.0,49,0.40430283203125,False,2026-09-28 16:50:15+00:00,NVDA261030C00315000
NVDA,2026-10-06,238.89999389648438,2026-10-30,C,320.0,0.0,0.04,0.02,10.0,33,0.42383388671875,False,2026-10-02 15:36:43+00:00,NVDA261030C00320000
NVDA,2026-10-06,238.89999389648438,2026-10-30,C,325.0,0.0,0.04,0.01,52.0,9,0.44336494140625,False,2026-10-05 15:11:20+00:00,NVDA261030C00325000
NVDA,2026-10-06,238.89999389648438,2026-10-30,C,330.0,0.0,0.03,0.02,48.0,61,0.44922425781249997,False,2026-10-02 19:24:27+00:00,NVDA261030C00330000
NVDA,2026-10-06,238.89999389648438,2026-10-30,C,335.0,0.0,0.03,0.06,3.0,5,0.4687553125,False,2026-09-15 17:27:53+00:00,NVDA261030C00335000
NVDA,2026-10-06,238.89999389648438,2026-10-30,C,340.0,0.0,0.03,0.02,12.0,1,0.48633326171875,False,2026-10-05 16:58:54+00:00,NVDA261030C00340000
NVDA,2026-10-06,238.89999389648438,2026-10-30,C,345.0,0.0,0.03,0.02,10.0,16,0.5039112109375,False,2026-10-05 16:42:31+00:00,NVDA261030C00345000
NVDA,2026-10-06,238.89999389648438,2026-10-30,C,350.0,0.0,0.03,0.02,10.0,21,0.5195360546875,False,2026-10-05 16:07:29+00:00,NVDA261030C00350000
NVDA,2026-10-06,238.89999389648438,2026-10-30,C,360.0,0.0,0.03,0.04,6.0,61,0.523442265625,False,2026-10-02 19:54:04+00:00,NVDA261030C00360000
NVDA,2026-10-06,238.89999389648438,2026-10-30,C,390.0,0.0,0.03,0.05,61.0,132,0.6093789062500001,False,2026-09-28 17:00:32+00:00,NVDA261030C00390000
NVDA,2026-10-06,238.89999389648438,2026-10-30,P,50.0,0.0,0.03,0.03,1.0,6,1.9375003125,False,2026-09-14 14:56:12+00:00,NVDA261030P00050000
NVDA,2026-10-06,238.89999389648438,2026-10-30,P,65.0,0.0,0.03,0.03,10.0,10,1.625001875,False,2026-10-01 19:59:35+00:00,NVDA261030P00065000
NVDA,2026-10-06,238.89999389648438,2026-10-30,P,70.0,0.0,0.03,0.04,3.0,4,1.5312523437499999,False,2026-10-05 13:46:32+00:00,NVDA261030P00070000
NVDA,2026-10-06,238.89999389648438,2026-10-30,P,80.0,0.01,0.04,0.03,2.0,3,1.4296903515625,False,2026-09-28 16:44:34+00:00,NVDA261030P00080000
NVDA,2026-10-06,238.89999389648438,2026-10-30,P,85.0,0.0,0.04,0.04,6.0,21,1.3281283593749997,False,2026-09-28 14:09:24+00:00,NVDA261030P00085000
NVDA,2026-10-06,238.89999389648438,2026-10-30,P,90.0,0.0,0.04,0.09,,2,1.2500037499999999,False,2026-09-17 15:54:23+00:00,NVDA261030P00090000
NVDA,2026-10-06,238.89999389648438,2026-10-30,P,95.0,0.01,0.02,0.02,10.0,3,1.15625421875,False,2026-09-17 19:33:39+00:00,NVDA261030P00095000
NVDA,2026-10-06,238.89999389648438,2026-10-30,P,100.0,0.01,0.02,0.04,1.0,70,1.09375453125,False,2026-09-28 18:11:37+00:00,NVDA261030P00100000
NVDA,2026-10-06,238.89999389648438,2026-10-30,P,105.0,0.01,0.02,0.02,10.0,43,1.0390673046875003,False,2026-10-01 13:48:20+00:00,NVDA261030P00105000
NVDA,2026-10-06,238.89999389648438,2026-10-30,P,110.0,0.01,0.05,0.02,10.0,27,1.0468797656250002,False,2026-10-01 13:46:45+00:00,NVDA261030P00110000
NVDA,2026-10-06,238.89999389648438,2026-10-30,P,115.0,0.02,0.06,0.08,,2,1.015629921875,False,2026-09-22 15:31:03+00:00,NVDA261030P00115000
NVDA,2026-10-06,238.89999389648438,2026-10-30,P,120.0,0.02,0.06,0.04,2.0,504,0.9609378906249999,False,2026-10-05 16:12:25+00:00,NVDA261030P00120000
NVDA,2026-10-06,238.89999389648438,2026-10-30,P,125.0,0.02,0.06,0.05,311.0,18,0.9101571484375,False,2026-10-05 19:34:58+00:00,NVDA261030P00125000
NVDA,2026-10-06,238.89999389648438,2026-10-30,P,130.0,0.03,0.07,0.04,2.0,197,0.8789074609374999,False,2026-10-05 16:11:45+00:00,NVDA261030P00130000
NVDA,2026-10-06,238.89999389648438,2026-10-30,P,135.0,0.03,0.06,0.05,2502.0,34,0.8164080859374999,False,2026-10-05 19:17:53+00:00,NVDA261030P00135000
NVDA,2026-10-06,238.89999389648438,2026-10-30,P,140.0,0.04,0.08,0.06,1.0,64,0.7929708203125,False,2026-10-05 19:42:32+00:00,NVDA261030P00140000
NVDA,2026-10-06,238.89999389648438,2026-10-30,P,145.0,0.05,0.08,0.07,7.0,53,0.75195560546875,False,2026-10-05 18:58:32+00:00,NVDA261030P00145000
NVDA,2026-10-06,238.89999389648438,2026-10-30,P,150.0,0.06,0.09,0.07,13.0,409,0.71679970703125,False,2026-10-05 16:45:26+00:00,NVDA261030P00150000
NVDA,2026-10-06,238.89999389648438,2026-10-30,P,155.0,0.07,0.11,0.12,15.0,243,0.68555001953125,False,2026-10-02 19:54:43+00:00,NVDA261030P00155000
NVDA,2026-10-06,238.89999389648438,2026-10-30,P,160.0,0.08,0.12,0.1,17.0,384,0.648441015625,False,2026-10-05 19:15:51+00:00,NVDA261030P00160000
NVDA,2026-10-06,238.89999389648438,2026-10-30,P,165.0,0.1,0.13,0.12,8.0,197,0.6132851171875001,False,2026-10-05 16:53:15+00:00,NVDA261030P00165000
NVDA,2026-10-06,238.89999389648438,2026-10-30,P,170.0,0.13,0.16,0.13,39.0,988,0.586918193359375,False,2026-10-05 19:49:58+00:00,NVDA261030P00170000
NVDA,2026-10-06,238.89999389648438,2026-10-30,P,175.0,0.15,0.18,0.16,24.0,965,0.55273884765625,False,2026-10-05 19:47:24+00:00,NVDA261030P00175000
NVDA,2026-10-06,238.89999389648438,2026-10-30,P,180.0,0.17,0.21,0.19,350.0,707,0.5190477783203125,False,2026-10-05 19:51:08+00:00,NVDA261030P00180000
NVDA,2026-10-06,238.89999389648438,2026-10-30,P,185.0,0.22,0.25,0.23,64.0,846,0.49561051269531253,False,2026-10-05 19:47:05+00:00,NVDA261030P00185000
NVDA,2026-10-06,238.89999389648438,2026-10-30,P,190.0,0.26,0.3,0.29,376.0,2065,0.46484910156250003,False,2026-10-05 19:37:34+00:00,NVDA261030P00190000
NVDA,2026-10-06,238.89999389648438,2026-10-30,P,195.0,0.31,0.37,0.34,822.0,2655,0.43604079589843747,False,2026-10-05 19:51:02+00:00,NVDA261030P00195000
NVDA,2026-10-06,238.89999389648438,2026-10-30,P,200.0,0.41,0.46,0.44,1162.0,8993,0.407232490234375,False,2026-10-05 19:59:12+00:00,NVDA261030P00200000
NVDA,2026-10-06,238.89999389648438,2026-10-30,P,205.0,0.55,0.59,0.59,922.0,3733,0.38013315185546875,False,2026-10-05 19:57:01+00:00,NVDA261030P00205000
NVDA,2026-10-06,238.89999389648438,2026-10-30,P,210.0,0.74,0.8,0.77,1964.0,5889,0.3569400244140625,False,2026-10-05 19:58:18+00:00,NVDA261030P00210000
NVDA,2026-10-06,238.89999389648438,2026-10-30,P,215.0,1.05,1.1,1.09,1121.0,4800,0.33423517333984376,False,2026-10-05 19:59:36+00:00,NVDA261030P00215000
NVDA,2026-10-06,238.89999389648438,2026-10-30,P,220.0,1.54,1.62,1.62,1594.0,5921,0.3181220532226562,False,2026-10-05 19:59:36+00:00,NVDA261030P00220000
NVDA,2026-10-06,238.89999389648438,2026-10-30,P,225.0,2.29,2.39,2.37,1417.0,5302,0.30322962402343745,False,2026-10-05 19:59:33+00:00,NVDA261030P00225000
NVDA,2026-10-06,238.89999389648438,2026-10-30,P,230.0,3.4,3.55,3.55,1320.0,3933,0.29157202575683583,False,2026-10-05 19:59:58+00:00,NVDA261030P00230000
NVDA,2026-10-06,238.89999389648438,2026-10-30,P,235.0,5.0,5.2,5.25,2829.0,1344,0.28211167114257807,False,2026-10-05 19:59:51+00:00,NVDA261030P00235000
NVDA,2026-10-06,238.89999389648438,2026-10-30,P,240.0,7.15,7.35,7.5,524.0,263,0.27149166015625,True,2026-10-05 19:59:40+00:00,NVDA261030P00240000
NVDA,2026-10-06,238.89999389648438,2026-10-30,P,245.0,9.9,10.15,9.72,84.0,144,0.26380130737304686,True,2026-10-05 19:18:46+00:00,NVDA261030P00245000
NVDA,2026-10-06,238.89999389648438,2026-10-30,P,250.0,13.2,13.85,13.55,22.0,161,0.27173579833984374,True,2026-10-05 19:57:58+00:00,NVDA261030P00250000
NVDA,2026-10-06,238.89999389648438,2026-10-30,P,255.0,15.6,18.25,17.9,1.0,16,0.2970041003417968,True,2026-10-05 18:17:49+00:00,NVDA261030P00255000
NVDA,2026-10-06,238.89999389648438,2026-10-30,P,260.0,20.05,22.9,21.29,18.0,93,0.3263006823730469,True,2026-10-05 19:09:11+00:00,NVDA261030P00260000
NVDA,2026-10-06,238.89999389648438,2026-10-30,P,265.0,23.9,28.5,27.95,2.0,81,0.41040628662109374,True,2026-10-05 14:37:22+00:00,NVDA261030P00265000
NVDA,2026-10-06,238.89999389648438,2026-10-30,P,270.0,29.75,33.0,32.36,22.0,1,0.4226131958007812,True,2026-10-05 17:52:34+00:00,NVDA261030P00270000
NVDA,2026-10-06,238.89999389648438,2026-10-30,P,280.0,37.2,46.0,50.61,,10,0.6922638195800781,True,2026-10-01 19:32:34+00:00,NVDA261030P00280000
NVDA,2026-10-06,238.89999389648438,2026-10-30,P,300.0,57.2,66.0,72.6,,0,0.8608412353515625,True,2026-09-21 19:10:04+00:00,NVDA261030P00300000
NVDA,2026-10-06,238.89999389648438,2026-11-06,C,115.0,120.4,128.8,121.5,7.0,7,1.3007847460937496,True,2026-10-02 13:30:00+00:00,NVDA261106C00115000
NVDA,2026-10-06,238.89999389648438,2026-11-06,C,125.0,110.45,118.85,108.07,1.0,1,1.1816447167968749,True,2026-10-02 17:32:20+00:00,NVDA261106C00125000
NVDA,2026-10-06,238.89999389648438,2026-11-06,C,135.0,100.55,108.45,96.93,,1,1.0166064794921876,True,2026-09-29 15:04:58+00:00,NVDA261106C00135000
NVDA,2026-10-06,238.89999389648438,2026-11-06,C,145.0,90.2,99.0,84.88,,2,0.9291999267578125,True,2026-09-28 14:45:34+00:00,NVDA261106C00145000
NVDA,2026-10-06,238.89999389648438,2026-11-06,C,150.0,85.65,94.05,84.02,10.0,11,0.9260261303710937,True,2026-10-02 19:06:35+00:00,NVDA261106C00150000
NVDA,2026-10-06,238.89999389648438,2026-11-06,C,155.0,80.65,89.05,78.83,,1,0.870118486328125,True,2026-09-28 13:44:15+00:00,NVDA261106C00155000
NVDA,2026-10-06,238.89999389648438,2026-11-06,C,165.0,70.75,79.15,72.0,5.0,9,0.7790549438476562,True,2026-10-02 13:30:01+00:00,NVDA261106C00165000
NVDA,2026-10-06,238.89999389648438,2026-11-06,C,170.0,65.05,74.15,70.08,1.0,1,0.6694368994140626,True,2026-10-05 19:05:17+00:00,NVDA261106C00170000
NVDA,2026-10-06,238.89999389648438,2026-11-06,C,175.0,60.85,69.3,59.97,1.0,1,0.692385888671875,True,2026-10-02 19:59:36+00:00,NVDA261106C00175000
NVDA,2026-10-06,238.89999389648438,2026-11-06,C,180.0,55.1,64.35,58.26,4.0,2,0.5935099243164064,True,2026-10-05 14:39:32+00:00,NVDA261106C00180000
NVDA,2026-10-06,238.89999389648438,2026-11-06,C,185.0,50.95,59.45,50.2,1.0,3,0.6052285571289064,True,2026-10-02 19:34:22+00:00,NVDA261106C00185000
NVDA,2026-10-06,238.89999389648438,2026-11-06,C,190.0,45.3,54.55,45.98,1.0,3,0.524418818359375,True,2026-10-02 17:26:54+00:00,NVDA261106C00190000
NVDA,2026-10-06,238.89999389648438,2026-11-06,C,195.0,43.95,48.9,40.9,20.0,101,0.6086464916992189,True,2026-10-02 19:43:07+00:00,NVDA261106C00195000
NVDA,2026-10-06,238.89999389648438,2026-11-06,C,200.0,39.35,42.65,41.7,11.0,90,0.522343643798828,True,2026-10-05 19:44:35+00:00,NVDA261106C00200000
NVDA,2026-10-06,238.89999389648438,2026-11-06,C,205.0,33.45,37.15,34.7,51.0,41,0.5435226312255861,True,2026-10-05 18:15:07+00:00,NVDA261106C00205000
NVDA,2026-10-06,238.89999389648438,2026-11-06,C,210.0,30.1,31.5,30.89,36.0,104,0.44751529052734373,True,2026-10-05 18:56:47+00:00,NVDA261106C00210000
NVDA,2026-10-06,238.89999389648438,2026-11-06,C,215.0,25.75,27.55,26.68,16.0,132,0.44824770507812495,True,2026-10-05 18:57:36+00:00,NVDA261106C00215000
NVDA,2026-10-06,238.89999389648438,2026-11-06,C,220.0,21.45,23.45,22.45,137.0,362,0.4299373413085938,True,2026-10-05 19:54:46+00:00,NVDA261106C00220000
NVDA,2026-10-06,238.89999389648438,2026-11-06,C,225.0,17.5,18.05,17.8,242.0,535,0.34802898071289057,True,2026-10-05 19:58:35+00:00,NVDA261106C00225000
NVDA,2026-10-06,238.89999389648438,2026-11-06,C,230.0,14.05,14.6,14.05,708.0,2204,0.3429631134033203,True,2026-10-05 19:59:28+00:00,NVDA261106C00230000
NVDA,2026-10-06,238.89999389648438,2026-11-06,C,235.0,10.75,11.35,11.0,1203.0,2322,0.33130551513671874,True,2026-10-05 19:59:16+00:00,NVDA261106C00235000
NVDA,2026-10-06,238.89999389648438,2026-11-06,C,240.0,8.1,8.3,8.08,2383.0,3581,0.3125679095458984,False,2026-10-05 19:59:03+00:00,NVDA261106C00240000
NVDA,2026-10-06,238.89999389648438,2026-11-06,C,245.0,5.8,5.95,5.81,1506.0,1823,0.3031075549316406,False,2026-10-05 19:59:59+00:00,NVDA261106C00245000
NVDA,2026-10-06,238.89999389648438,2026-11-06,C,250.0,4.0,4.1,3.97,7639.0,4862,0.295356167602539,False,2026-10-05 19:58:59+00:00,NVDA261106C00250000
NVDA,2026-10-06,238.89999389648438,2026-11-06,C,255.0,2.66,2.78,2.6,1461.0,6971,0.2921213366699218,False,2026-10-05 19:59:18+00:00,NVDA261106C00255000
NVDA,2026-10-06,238.89999389648438,2026-11-06,C,260.0,1.72,1.8,1.7,3884.0,3633,0.2882151257324218,False,2026-10-05 19:59:50+00:00,NVDA261106C00260000
NVDA,2026-10-06,238.89999389648438,2026-11-06,C,265.0,1.09,1.17,1.08,1071.0,2767,0.28833719482421866,False,2026-10-05 19:59:39+00:00,NVDA261106C00265000
NVDA,2026-10-06,238.89999389648438,2026-11-06,C,270.0,0.68,0.75,0.7,834.0,563,0.28943581665039053,False,2026-10-05 19:53:00+00:00,NVDA261106C00270000
NVDA,2026-10-06,238.89999389648438,2026-11-06,C,275.0,0.43,0.49,0.5,105.0,359,0.2929758203124999,False,2026-10-05 19:45:00+00:00,NVDA261106C00275000
NVDA,2026-10-06,238.89999389648438,2026-11-06,C,280.0,0.28,0.32,0.32,177.0,349,0.29688203124999996,False,2026-10-05 19:47:37+00:00,NVDA261106C00280000
NVDA,2026-10-06,238.89999389648438,2026-11-06,C,285.0,0.18,0.22,0.21,163.0,718,0.30371790039062496,False,2026-10-05 19:32:27+00:00,NVDA261106C00285000
NVDA,2026-10-06,238.89999389648438,2026-11-06,C,290.0,0.12,0.16,0.14,99.0,1759,0.31250687499999996,False,2026-10-05 19:39:08+00:00,NVDA261106C00290000
NVDA,2026-10-06,238.89999389648438,2026-11-06,C,295.0,0.09,0.12,0.12,189.0,165,0.32227240234374993,False,2026-10-05 19:34:08+00:00,NVDA261106C00295000
NVDA,2026-10-06,238.89999389648438,2026-11-06,C,300.0,0.06,0.1,0.1,172.0,260,0.335944140625,False,2026-10-05 19:10:29+00:00,NVDA261106C00300000
NVDA,2026-10-06,238.89999389648438,2026-11-06,C,305.0,0.04,0.08,0.05,6.0,5,0.34668622070312494,False,2026-10-02 13:30:02+00:00,NVDA261106C00305000
NVDA,2026-10-06,238.89999389648438,2026-11-06,C,310.0,0.02,0.07,0.07,1.0,3,0.36035795898437495,False,2026-10-05 17:07:14+00:00,NVDA261106C00310000
NVDA,2026-10-06,238.89999389648438,2026-11-06,C,340.0,0.0,0.04,0.03,3.0,3,0.4414118359375,False,2026-10-02 19:23:37+00:00,NVDA261106C00340000
NVDA,2026-10-06,238.89999389648438,2026-11-06,C,345.0,0.0,0.04,0.01,,5,0.45703667968750006,False,2026-10-01 14:57:17+00:00,NVDA261106C00345000
NVDA,2026-10-06,238.89999389648438,2026-11-06,C,360.0,0.0,0.04,0.03,90.0,27,0.5039112109375,False,2026-10-05 15:41:40+00:00,NVDA261106C00360000
NVDA,2026-10-06,238.89999389648438,2026-11-06,C,390.0,0.0,0.01,0.06,,9,0.500005,False,2026-09-28 15:00:54+00:00,NVDA261106C00390000
NVDA,2026-10-06,238.89999389648438,2026-11-06,P,50.0,0.0,0.03,0.06,,5,1.71875140625,False,2026-09-29 16:39:18+00:00,NVDA261106P00050000
NVDA,2026-10-06,238.89999389648438,2026-11-06,P,70.0,0.0,0.04,0.05,2.0,1,1.3828155859374998,False,2026-10-02 19:28:49+00:00,NVDA261106P00070000
NVDA,2026-10-06,238.89999389648438,2026-11-06,P,75.0,0.0,0.04,0.06,5.0,5,1.3125034374999998,False,2026-09-25 16:57:10+00:00,NVDA261106P00075000
NVDA,2026-10-06,238.89999389648438,2026-11-06,P,90.0,0.0,0.05,0.06,,1,1.1328168359375002,False,2026-09-29 19:54:40+00:00,NVDA261106P00090000
NVDA,2026-10-06,238.89999389648438,2026-11-06,P,95.0,0.01,0.05,0.01,,8,1.08984830078125,False,2026-10-01 15:30:09+00:00,NVDA261106P00095000
NVDA,2026-10-06,238.89999389648438,2026-11-06,P,100.0,0.01,0.04,0.1,1.0,6,1.015629921875,False,2026-10-05 14:30:26+00:00,NVDA261106P00100000
NVDA,2026-10-06,238.89999389648438,2026-11-06,P,105.0,0.01,0.06,0.09,,11,0.992187578125,False,2026-09-30 14:29:21+00:00,NVDA261106P00105000
NVDA,2026-10-06,238.89999389648438,2026-11-06,P,120.0,0.02,0.07,0.04,14.0,15,0.85937640625,False,2026-10-02 17:46:37+00:00,NVDA261106P00120000
NVDA,2026-10-06,238.89999389648438,2026-11-06,P,125.0,0.03,0.07,0.09,1.0,18,0.8203142968749999,False,2026-09-30 13:33:39+00:00,NVDA261106P00125000
NVDA,2026-10-06,238.89999389648438,2026-11-06,P,130.0,0.04,0.08,0.05,2.0,16,0.789064609375,False,2026-10-05 19:24:54+00:00,NVDA261106P00130000
NVDA,2026-10-06,238.89999389648438,2026-11-06,P,135.0,0.04,0.09,0.1,,1,0.75195560546875,False,2026-09-28 19:02:11+00:00,NVDA261106P00135000
NVDA,2026-10-06,238.89999389648438,2026-11-06,P,140.0,0.05,0.1,0.17,2.0,2,0.7187528125,False,2026-09-25 16:53:58+00:00,NVDA261106P00140000
NVDA,2026-10-06,238.89999389648438,2026-11-06,P,145.0,0.07,0.11,0.09,3.0,5,0.6894562304687502,False,2026-10-02 14:52:15+00:00,NVDA261106P00145000
NVDA,2026-10-06,238.89999389648438,2026-11-06,P,150.0,0.08,0.12,0.17,10.0,36,0.6552768847656252,False,2026-10-01 19:55:50+00:00,NVDA261106P00150000
NVDA,2026-10-06,238.89999389648438,2026-11-06,P,155.0,0.1,0.13,0.11,3.0,89,0.624027197265625,False,2026-10-05 17:13:57+00:00,NVDA261106P00155000
NVDA,2026-10-06,238.89999389648438,2026-11-06,P,160.0,0.12,0.16,0.14,11.0,56,0.5976602734375001,False,2026-10-05 19:58:45+00:00,NVDA261106P00160000
NVDA,2026-10-06,238.89999389648438,2026-11-06,P,165.0,0.14,0.19,0.17,30.0,104,0.569340244140625,False,2026-10-05 18:11:50+00:00,NVDA261106P00165000
NVDA,2026-10-06,238.89999389648438,2026-11-06,P,170.0,0.18,0.22,0.2,33.0,143,0.5429733203125001,False,2026-10-05 19:53:04+00:00,NVDA261106P00170000
NVDA,2026-10-06,238.89999389648438,2026-11-06,P,175.0,0.21,0.26,0.24,24.0,694,0.514653291015625,False,2026-10-05 16:35:55+00:00,NVDA261106P00175000
NVDA,2026-10-06,238.89999389648438,2026-11-06,P,180.0,0.25,0.3,0.27,52.0,199,0.49268085449218757,False,2026-10-05 19:37:04+00:00,NVDA261106P00180000
NVDA,2026-10-06,238.89999389648438,2026-11-06,P,185.0,0.31,0.36,0.32,36.0,234,0.46582565429687506,False,2026-10-05 19:24:02+00:00,NVDA261106P00185000
NVDA,2026-10-06,238.89999389648438,2026-11-06,P,190.0,0.39,0.43,0.41,136.0,503,0.4382380395507813,False,2026-10-05 19:15:24+00:00,NVDA261106P00190000
NVDA,2026-10-06,238.89999389648438,2026-11-06,P,195.0,0.49,0.52,0.5,174.0,2173,0.41138283935546877,False,2026-10-05 19:58:21+00:00,NVDA261106P00195000
NVDA,2026-10-06,238.89999389648438,2026-11-06,P,200.0,0.62,0.66,0.63,636.0,3183,0.38794557373046873,False,2026-10-05 19:48:51+00:00,NVDA261106P00200000
NVDA,2026-10-06,238.89999389648438,2026-11-06,P,205.0,0.78,0.85,0.82,462.0,3378,0.3654848608398438,False,2026-10-05 19:53:26+00:00,NVDA261106P00205000
NVDA,2026-10-06,238.89999389648438,2026-11-06,P,210.0,1.07,1.14,1.11,1679.0,1562,0.3460758752441406,False,2026-10-05 19:59:28+00:00,NVDA261106P00210000
NVDA,2026-10-06,238.89999389648438,2026-11-06,P,215.0,1.48,1.56,1.53,1050.0,1029,0.3284979260253906,False,2026-10-05 19:59:28+00:00,NVDA261106P00215000
NVDA,2026-10-06,238.89999389648438,2026-11-06,P,220.0,2.14,2.19,2.21,1065.0,1259,0.3138496350097656,False,2026-10-05 19:57:46+00:00,NVDA261106P00220000
NVDA,2026-10-06,238.89999389648438,2026-11-06,P,225.0,2.98,3.1,3.15,684.0,1923,0.30152065673828127,False,2026-10-05 19:58:32+00:00,NVDA261106P00225000
NVDA,2026-10-06,238.89999389648438,2026-11-06,P,230.0,4.25,4.4,4.45,1069.0,1762,0.2919992675781249,False,2026-10-05 19:58:28+00:00,NVDA261106P00230000
NVDA,2026-10-06,238.89999389648438,2026-11-06,P,235.0,6.0,6.1,6.1,2390.0,857,0.2822947747802734,False,2026-10-05 19:58:32+00:00,NVDA261106P00235000
NVDA,2026-10-06,238.89999389648438,2026-11-06,P,240.0,8.1,8.3,8.4,714.0,260,0.27368890380859373,True,2026-10-05 19:57:11+00:00,NVDA261106P00240000
NVDA,2026-10-06,238.89999389648438,2026-11-06,P,245.0,10.75,11.25,11.11,100.0,27,0.2739330419921875,True,2026-10-05 19:55:40+00:00,NVDA261106P00245000
NVDA,2026-10-06,238.89999389648438,2026-11-06,P,250.0,13.75,14.6,16.0,1.0,37,0.27136959106445313,True,2026-10-05 14:02:16+00:00,NVDA261106P00250000
NVDA,2026-10-06,238.89999389648438,2026-11-06,P,255.0,17.5,18.4,17.48,16.0,54,0.26978269287109374,True,2026-10-05 19:15:42+00:00,NVDA261106P00255000
NVDA,2026-10-06,238.89999389648438,2026-11-06,P,260.0,20.05,22.95,21.52,2.0,11,0.29114478393554677,True,2026-10-05 19:29:33+00:00,NVDA261106P00260000
NVDA,2026-10-06,238.89999389648438,2026-11-06,P,265.0,23.95,27.55,35.0,,2,0.3073799731445312,True,2026-09-30 14:47:34+00:00,NVDA261106P00265000
NVDA,2026-10-06,238.89999389648438,2026-11-06,P,270.0,28.95,31.6,30.56,1.0,1,0.26416751464843746,True,2026-10-05 19:14:05+00:00,NVDA261106P00270000
NVDA,2026-10-06,238.89999389648438,2026-11-06,P,280.0,38.4,45.75,48.0,,10,0.599735447998047,True,2026-10-01 19:50:27+00:00,NVDA261106P00280000
