symbol,snapshot_date,spot,expiry,right,strike,bid,ask,last_price,volume,open_interest,implied_vol,in_the_money,last_trade_date,contract_symbol
NVDA,2026-09-29,228.86,2026-09-30,C,100.0,126.35,131.25,131.31,1.0,2,7.4628912963867196,True,2026-09-28 14:11:25+00:00,NVDA260930C00100000
NVDA,2026-09-29,228.86,2026-09-30,C,145.0,81.5,86.3,78.45,14.0,13,2.328129179687499,True,2026-09-25 14:47:36+00:00,NVDA260930C00145000
NVDA,2026-09-29,228.86,2026-09-30,C,150.0,75.15,82.8,69.25,,1,2.4570351074218753,True,2026-09-17 16:40:30+00:00,NVDA260930C00150000
NVDA,2026-09-29,228.86,2026-09-30,C,160.0,66.45,71.35,62.61,1.0,0,1.8671881640625,True,2026-09-24 14:32:08+00:00,NVDA260930C00160000
NVDA,2026-09-29,228.86,2026-09-30,C,170.0,56.45,61.35,60.65,2.0,3,1.5781271093749998,True,2026-09-28 19:11:13+00:00,NVDA260930C00170000
NVDA,2026-09-29,228.86,2026-09-30,C,175.0,50.2,57.85,49.13,1.0,2,1.7265638671875,True,2026-09-25 14:43:52+00:00,NVDA260930C00175000
NVDA,2026-09-29,228.86,2026-09-30,C,180.0,46.25,50.9,51.91,10.0,17,2.6220737573242188,True,2026-09-28 13:55:44+00:00,NVDA260930C00180000
NVDA,2026-09-29,228.86,2026-09-30,C,185.0,40.2,49.0,45.14,1.0,1,1.8564460302734376,True,2026-09-28 18:15:11+00:00,NVDA260930C00185000
NVDA,2026-09-29,228.86,2026-09-30,C,190.0,36.8,40.4,40.21,2.0,16,2.0009815600585936,True,2026-09-28 17:53:55+00:00,NVDA260930C00190000
NVDA,2026-09-29,228.86,2026-09-30,C,195.0,32.05,36.5,35.14,1.0,5,1.3056675341796873,True,2026-09-28 16:00:33+00:00,NVDA260930C00195000
NVDA,2026-09-29,228.86,2026-09-30,C,200.0,26.2,30.9,28.29,58.0,139,1.724610751953125,True,2026-09-28 19:55:02+00:00,NVDA260930C00200000
NVDA,2026-09-29,228.86,2026-09-30,C,202.5,24.05,28.85,26.14,28.0,24,0.79883013671875,True,2026-09-28 19:52:12+00:00,NVDA260930C00202500
NVDA,2026-09-29,228.86,2026-09-30,C,205.0,21.1,26.8,23.66,124.0,117,0.7304714453125,True,2026-09-28 19:52:12+00:00,NVDA260930C00205000
NVDA,2026-09-29,228.86,2026-09-30,C,207.5,19.25,23.55,21.34,13.0,153,0.585941640625,True,2026-09-28 19:51:03+00:00,NVDA260930C00207500
NVDA,2026-09-29,228.86,2026-09-30,C,210.0,17.3,21.05,18.05,43.0,393,0.7480493945312501,True,2026-09-28 19:37:23+00:00,NVDA260930C00210000
NVDA,2026-09-29,228.86,2026-09-30,C,212.5,14.3,18.7,17.35,95.0,377,0.5644574804687501,True,2026-09-28 19:22:10+00:00,NVDA260930C00212500
NVDA,2026-09-29,228.86,2026-09-30,C,215.0,13.55,15.1,13.8,1784.0,546,0.641605146484375,True,2026-09-28 19:56:56+00:00,NVDA260930C00215000
NVDA,2026-09-29,228.86,2026-09-30,C,217.5,11.3,11.85,11.66,4666.0,661,0.5600629931640625,True,2026-09-28 19:59:01+00:00,NVDA260930C00217500
NVDA,2026-09-29,228.86,2026-09-30,C,220.0,8.8,9.4,9.17,6930.0,2014,0.481450498046875,True,2026-09-28 19:59:47+00:00,NVDA260930C00220000
NVDA,2026-09-29,228.86,2026-09-30,C,222.5,6.5,7.0,6.91,1777.0,2806,0.407232490234375,True,2026-09-28 19:59:47+00:00,NVDA260930C00222500
NVDA,2026-09-29,228.86,2026-09-30,C,225.0,4.7,4.95,4.9,6008.0,5590,0.383795224609375,True,2026-09-28 19:59:47+00:00,NVDA260930C00225000
NVDA,2026-09-29,228.86,2026-09-30,C,227.5,3.0,3.15,3.1,10664.0,6340,0.35742830078125,True,2026-09-28 19:59:58+00:00,NVDA260930C00227500
NVDA,2026-09-29,228.86,2026-09-30,C,230.0,1.75,1.79,1.77,55562.0,11180,0.34180345703125,False,2026-09-28 19:59:58+00:00,NVDA260930C00230000
NVDA,2026-09-29,228.86,2026-09-30,C,232.5,0.88,0.91,0.9,73400.0,9202,0.33521172607421873,False,2026-09-28 19:59:58+00:00,NVDA260930C00232500
NVDA,2026-09-29,228.86,2026-09-30,C,235.0,0.4,0.42,0.41,109524.0,5817,0.334967587890625,False,2026-09-28 19:59:58+00:00,NVDA260930C00235000
NVDA,2026-09-29,228.86,2026-09-30,C,237.5,0.18,0.19,0.19,37700.0,2323,0.34278000976562495,False,2026-09-28 19:59:55+00:00,NVDA260930C00237500
NVDA,2026-09-29,228.86,2026-09-30,C,240.0,0.08,0.09,0.08,40513.0,3603,0.35742830078125,False,2026-09-28 19:59:57+00:00,NVDA260930C00240000
NVDA,2026-09-29,228.86,2026-09-30,C,242.5,0.04,0.05,0.05,8586.0,553,0.38281867187499996,False,2026-09-28 19:59:57+00:00,NVDA260930C00242500
NVDA,2026-09-29,228.86,2026-09-30,C,245.0,0.02,0.03,0.03,12016.0,496,0.4101621484375,False,2026-09-28 19:59:53+00:00,NVDA260930C00245000
NVDA,2026-09-29,228.86,2026-09-30,C,247.5,0.02,0.03,0.02,2880.0,419,0.46094289062500005,False,2026-09-28 19:57:15+00:00,NVDA260930C00247500
NVDA,2026-09-29,228.86,2026-09-30,C,250.0,0.02,0.03,0.02,6347.0,1264,0.500005,False,2026-09-28 19:59:52+00:00,NVDA260930C00250000
NVDA,2026-09-29,228.86,2026-09-30,C,255.0,0.01,0.02,0.02,4194.0,267,0.5625043750000001,False,2026-09-28 19:59:53+00:00,NVDA260930C00255000
NVDA,2026-09-29,228.86,2026-09-30,C,260.0,0.01,0.02,0.01,2262.0,102,0.6562534375000001,False,2026-09-28 19:58:56+00:00,NVDA260930C00260000
NVDA,2026-09-29,228.86,2026-09-30,C,265.0,0.0,0.01,0.01,1694.0,256,0.6562534375000001,False,2026-09-28 19:58:51+00:00,NVDA260930C00265000
NVDA,2026-09-29,228.86,2026-09-30,C,270.0,0.0,0.01,0.01,445.0,53,0.7500025,False,2026-09-28 16:26:48+00:00,NVDA260930C00270000
NVDA,2026-09-29,228.86,2026-09-30,C,275.0,0.0,0.01,0.01,50.0,483,0.8125018749999999,False,2026-09-25 14:36:33+00:00,NVDA260930C00275000
NVDA,2026-09-29,228.86,2026-09-30,C,280.0,0.0,0.01,0.01,2.0,52,0.87500125,False,2026-09-24 13:42:59+00:00,NVDA260930C00280000
NVDA,2026-09-29,228.86,2026-09-30,C,285.0,0.0,0.01,0.04,,1,0.9687503125,False,2026-09-17 13:38:30+00:00,NVDA260930C00285000
NVDA,2026-09-29,228.86,2026-09-30,C,295.0,0.0,0.01,0.01,9.0,53,1.09375453125,False,2026-09-28 19:39:35+00:00,NVDA260930C00295000
NVDA,2026-09-29,228.86,2026-09-30,P,125.0,0.0,0.01,0.03,1.0,3,2.50000375,False,2026-09-22 14:46:15+00:00,NVDA260930P00125000
NVDA,2026-09-29,228.86,2026-09-30,P,130.0,0.0,0.01,0.05,,8,2.3750040624999995,False,2026-09-16 18:33:48+00:00,NVDA260930P00130000
NVDA,2026-09-29,228.86,2026-09-30,P,135.0,0.0,0.01,0.03,8.0,20,2.1875045312499997,False,2026-09-18 14:44:34+00:00,NVDA260930P00135000
NVDA,2026-09-29,228.86,2026-09-30,P,140.0,0.0,0.01,0.01,1.0,4014,2.0625048437499998,False,2026-09-23 17:06:31+00:00,NVDA260930P00140000
NVDA,2026-09-29,228.86,2026-09-30,P,145.0,0.0,0.01,0.05,,2,1.9375003125,False,2026-09-17 14:49:48+00:00,NVDA260930P00145000
NVDA,2026-09-29,228.86,2026-09-30,P,150.0,0.0,0.01,0.01,11.0,14,1.8125009374999999,False,2026-09-23 14:50:53+00:00,NVDA260930P00150000
NVDA,2026-09-29,228.86,2026-09-30,P,155.0,0.0,0.01,0.01,2.0,69,1.6875015625,False,2026-09-28 15:34:22+00:00,NVDA260930P00155000
NVDA,2026-09-29,228.86,2026-09-30,P,160.0,0.0,0.01,0.01,615.0,1016,1.5312523437499999,False,2026-09-28 13:54:10+00:00,NVDA260930P00160000
NVDA,2026-09-29,228.86,2026-09-30,P,165.0,0.0,0.02,0.02,6.0,248,1.5000025,False,2026-09-28 14:07:30+00:00,NVDA260930P00165000
NVDA,2026-09-29,228.86,2026-09-30,P,170.0,0.0,0.01,0.01,65.0,1172,1.3125034374999998,False,2026-09-28 14:07:29+00:00,NVDA260930P00170000
NVDA,2026-09-29,228.86,2026-09-30,P,175.0,0.0,0.01,0.01,193.0,1234,1.1875040625,False,2026-09-28 13:39:02+00:00,NVDA260930P00175000
NVDA,2026-09-29,228.86,2026-09-30,P,180.0,0.0,0.01,0.02,31.0,361,1.0625046875000002,False,2026-09-28 15:34:10+00:00,NVDA260930P00180000
NVDA,2026-09-29,228.86,2026-09-30,P,185.0,0.0,0.02,0.01,170.0,60,1.000005,False,2026-09-28 19:52:25+00:00,NVDA260930P00185000
NVDA,2026-09-29,228.86,2026-09-30,P,187.5,0.0,0.01,0.01,82.0,963,0.9062509375,False,2026-09-28 19:52:24+00:00,NVDA260930P00187500
NVDA,2026-09-29,228.86,2026-09-30,P,190.0,0.0,0.01,0.01,215.0,1516,0.8437515624999999,False,2026-09-28 18:59:41+00:00,NVDA260930P00190000
NVDA,2026-09-29,228.86,2026-09-30,P,192.5,0.0,0.01,0.01,183.0,127,0.7812521875,False,2026-09-28 19:38:09+00:00,NVDA260930P00192500
NVDA,2026-09-29,228.86,2026-09-30,P,195.0,0.0,0.02,0.01,855.0,5189,0.7812521875,False,2026-09-28 19:38:12+00:00,NVDA260930P00195000
NVDA,2026-09-29,228.86,2026-09-30,P,197.5,0.01,0.02,0.02,687.0,71,0.7500025,False,2026-09-28 19:55:28+00:00,NVDA260930P00197500
NVDA,2026-09-29,228.86,2026-09-30,P,200.0,0.01,0.02,0.02,3006.0,510,0.6953155468750001,False,2026-09-28 19:49:37+00:00,NVDA260930P00200000
NVDA,2026-09-29,228.86,2026-09-30,P,202.5,0.01,0.03,0.03,10562.0,149,0.6562534375000001,False,2026-09-28 19:59:16+00:00,NVDA260930P00202500
NVDA,2026-09-29,228.86,2026-09-30,P,205.0,0.01,0.03,0.03,11212.0,760,0.5976602734375001,False,2026-09-28 19:55:52+00:00,NVDA260930P00205000
NVDA,2026-09-29,228.86,2026-09-30,P,207.5,0.02,0.04,0.04,2630.0,677,0.5664105859375,False,2026-09-28 19:53:11+00:00,NVDA260930P00207500
NVDA,2026-09-29,228.86,2026-09-30,P,210.0,0.04,0.05,0.04,3888.0,3046,0.53320779296875,False,2026-09-28 19:59:46+00:00,NVDA260930P00210000
NVDA,2026-09-29,228.86,2026-09-30,P,212.5,0.06,0.07,0.06,2479.0,5317,0.5019581054687501,False,2026-09-28 19:59:52+00:00,NVDA260930P00212500
NVDA,2026-09-29,228.86,2026-09-30,P,215.0,0.09,0.1,0.09,4235.0,2311,0.46094289062500005,False,2026-09-28 19:59:53+00:00,NVDA260930P00215000
NVDA,2026-09-29,228.86,2026-09-30,P,217.5,0.16,0.17,0.17,6734.0,2010,0.432622861328125,False,2026-09-28 19:59:45+00:00,NVDA260930P00217500
NVDA,2026-09-29,228.86,2026-09-30,P,220.0,0.28,0.29,0.29,11069.0,3031,0.40332627929687503,False,2026-09-28 19:59:58+00:00,NVDA260930P00220000
NVDA,2026-09-29,228.86,2026-09-30,P,222.5,0.51,0.52,0.51,12811.0,2663,0.37842418457031246,False,2026-09-28 19:59:59+00:00,NVDA260930P00222500
NVDA,2026-09-29,228.86,2026-09-30,P,225.0,0.93,0.96,0.94,20279.0,3060,0.36035795898437495,False,2026-09-28 19:59:58+00:00,NVDA260930P00225000
NVDA,2026-09-29,228.86,2026-09-30,P,227.5,1.66,1.7,1.67,24635.0,976,0.3437565625,False,2026-09-28 19:59:59+00:00,NVDA260930P00227500
NVDA,2026-09-29,228.86,2026-09-30,P,230.0,2.8,2.92,2.85,38831.0,325,0.3403386279296875,True,2026-09-28 19:59:58+00:00,NVDA260930P00230000
NVDA,2026-09-29,228.86,2026-09-30,P,232.5,4.4,4.65,4.55,8389.0,131,0.3530338134765625,True,2026-09-28 19:59:47+00:00,NVDA260930P00232500
NVDA,2026-09-29,228.86,2026-09-30,P,235.0,6.3,6.65,6.4,1581.0,187,0.35742830078125,True,2026-09-28 19:59:04+00:00,NVDA260930P00235000
NVDA,2026-09-29,228.86,2026-09-30,P,237.5,8.55,9.0,9.0,467.0,91,0.40381455566406255,True,2026-09-28 19:59:21+00:00,NVDA260930P00237500
NVDA,2026-09-29,228.86,2026-09-30,P,240.0,10.5,12.15,11.75,6520.0,79,0.6613803393554689,True,2026-09-28 19:39:55+00:00,NVDA260930P00240000
NVDA,2026-09-29,228.86,2026-09-30,P,242.5,12.9,14.6,13.37,217.0,16,0.7392604199218749,True,2026-09-28 19:31:11+00:00,NVDA260930P00242500
NVDA,2026-09-29,228.86,2026-09-30,P,245.0,15.4,16.8,16.41,329.0,0,0.7387721435546875,True,2026-09-28 19:51:59+00:00,NVDA260930P00245000
NVDA,2026-09-29,228.86,2026-09-30,P,247.5,18.1,19.65,17.8,1282.0,0,0.6425816992187501,True,2026-09-28 19:35:59+00:00,NVDA260930P00247500
NVDA,2026-09-29,228.86,2026-09-30,P,250.0,20.6,22.15,21.25,42.0,0,0.7070341796875,True,2026-09-28 19:48:27+00:00,NVDA260930P00250000
NVDA,2026-09-29,228.86,2026-09-30,P,255.0,25.55,26.9,25.13,4.0,0,0.70117486328125,True,2026-09-28 19:04:52+00:00,NVDA260930P00255000
NVDA,2026-09-29,228.86,2026-09-30,P,260.0,30.55,31.85,34.1,6.0,0,0.7695335546875001,True,2026-09-25 16:21:10+00:00,NVDA260930P00260000
NVDA,2026-09-29,228.86,2026-09-30,P,280.0,50.55,52.05,55.45,1.0,0,1.3007847460937496,True,2026-09-25 19:40:57+00:00,NVDA260930P00280000
NVDA,2026-09-29,228.86,2026-10-02,C,55.0,170.15,179.0,176.5,2.0,4,6.92187634765625,True,2026-09-28 16:40:00+00:00,NVDA261002C00055000
NVDA,2026-09-29,228.86,2026-10-02,C,60.0,166.35,171.4,170.17,10.0,1,4.187504765625,True,2026-09-28 17:30:29+00:00,NVDA261002C00060000
NVDA,2026-09-29,228.86,2026-10-02,C,80.0,146.4,151.4,151.16,26.0,10,3.593751015625,True,2026-09-28 17:33:42+00:00,NVDA261002C00080000
NVDA,2026-09-29,228.86,2026-10-02,C,85.0,140.65,146.35,146.18,26.0,15,6.248049064941406,True,2026-09-28 17:33:42+00:00,NVDA261002C00085000
NVDA,2026-09-29,228.86,2026-10-02,C,90.0,135.55,141.35,135.99,12.0,13,5.923830720214844,True,2026-09-23 16:43:32+00:00,NVDA261002C00090000
NVDA,2026-09-29,228.86,2026-10-02,C,95.0,130.6,136.35,130.48,,3,5.617190478515624,True,2026-09-23 15:42:43+00:00,NVDA261002C00095000
NVDA,2026-09-29,228.86,2026-10-02,C,100.0,125.7,132.25,130.05,15.0,31,3.2187519531249995,True,2026-09-28 18:01:15+00:00,NVDA261002C00100000
NVDA,2026-09-29,228.86,2026-10-02,C,105.0,120.7,127.2,125.74,5.0,0,2.9531276171874996,True,2026-09-28 17:19:35+00:00,NVDA261002C00105000
NVDA,2026-09-29,228.86,2026-10-02,C,110.0,115.7,122.3,114.58,3.0,7,2.9414088964843748,True,2026-09-24 17:03:39+00:00,NVDA261002C00110000
NVDA,2026-09-29,228.86,2026-10-02,C,115.0,111.25,116.6,109.4,1.0,5,2.5390661523437497,True,2026-09-24 17:04:13+00:00,NVDA261002C00115000
NVDA,2026-09-29,228.86,2026-10-02,C,120.0,106.2,111.55,104.47,13.0,33,2.0625048437499998,True,2026-09-24 17:01:56+00:00,NVDA261002C00120000
NVDA,2026-09-29,228.86,2026-10-02,C,125.0,101.45,106.45,98.88,6.0,10,2.3359416601562493,True,2026-09-24 19:36:45+00:00,NVDA261002C00125000
NVDA,2026-09-29,228.86,2026-10-02,C,130.0,96.05,102.0,100.61,1.0,13,2.3710978222656243,True,2026-09-23 15:48:16+00:00,NVDA261002C00130000
NVDA,2026-09-29,228.86,2026-10-02,C,135.0,90.7,97.9,96.63,1.0,3,2.5683629541015627,True,2026-09-28 14:20:26+00:00,NVDA261002C00135000
NVDA,2026-09-29,228.86,2026-10-02,C,140.0,86.45,92.3,91.56,53.0,117,2.47656630859375,True,2026-09-28 17:25:02+00:00,NVDA261002C00140000
NVDA,2026-09-29,228.86,2026-10-02,C,145.0,82.45,86.9,86.58,53.0,1263,2.522464631347656,True,2026-09-28 17:25:02+00:00,NVDA261002C00145000
NVDA,2026-09-29,228.86,2026-10-02,C,150.0,76.45,81.4,80.83,3.0,99,1.62109564453125,True,2026-09-28 17:43:30+00:00,NVDA261002C00150000
NVDA,2026-09-29,228.86,2026-10-02,C,155.0,71.4,76.35,76.26,9.0,106,1.2968785156249998,True,2026-09-28 17:26:00+00:00,NVDA261002C00155000
NVDA,2026-09-29,228.86,2026-10-02,C,160.0,66.45,71.45,71.27,3.0,67,1.4492215039062502,True,2026-09-28 17:26:00+00:00,NVDA261002C00160000
NVDA,2026-09-29,228.86,2026-10-02,C,165.0,60.9,66.9,66.08,3.0,73,1.21875390625,True,2026-09-28 17:26:25+00:00,NVDA261002C00165000
NVDA,2026-09-29,228.86,2026-10-02,C,170.0,56.5,61.4,60.75,12.0,84,1.23047259765625,True,2026-09-28 19:11:13+00:00,NVDA261002C00170000
NVDA,2026-09-29,228.86,2026-10-02,C,175.0,50.85,55.7,54.77,8.0,115,1.9619142529296876,True,2026-09-28 19:36:48+00:00,NVDA261002C00175000
NVDA,2026-09-29,228.86,2026-10-02,C,180.0,46.25,50.0,50.14,29.0,284,1.5952168676757812,True,2026-09-28 18:53:33+00:00,NVDA261002C00180000
NVDA,2026-09-29,228.86,2026-10-02,C,185.0,42.1,46.15,45.92,8.0,139,1.0771530517578127,True,2026-09-28 17:09:37+00:00,NVDA261002C00185000
NVDA,2026-09-29,228.86,2026-10-02,C,187.5,38.25,44.0,35.75,31.0,8,1.74609501953125,True,2026-09-25 19:43:30+00:00,NVDA261002C00187500
NVDA,2026-09-29,228.86,2026-10-02,C,190.0,37.65,40.8,39.54,531.0,935,1.01953615234375,True,2026-09-28 19:33:52+00:00,NVDA261002C00190000
NVDA,2026-09-29,228.86,2026-10-02,C,192.5,34.05,39.05,38.2,4.0,14,0.8544936425781251,True,2026-09-28 17:35:05+00:00,NVDA261002C00192500
NVDA,2026-09-29,228.86,2026-10-02,C,195.0,32.45,36.2,35.1,41.0,363,0.945313046875,True,2026-09-28 18:24:56+00:00,NVDA261002C00195000
NVDA,2026-09-29,228.86,2026-10-02,C,197.5,29.1,34.0,27.47,158.0,296,0.7460962890625,True,2026-09-25 18:32:33+00:00,NVDA261002C00197500
NVDA,2026-09-29,228.86,2026-10-02,C,200.0,27.5,29.7,28.61,131.0,1109,0.9443364941406249,True,2026-09-28 19:51:38+00:00,NVDA261002C00200000
NVDA,2026-09-29,228.86,2026-10-02,C,202.5,24.1,27.7,28.37,13.0,873,0.9985351708984375,True,2026-09-28 17:05:43+00:00,NVDA261002C00202500
NVDA,2026-09-29,228.86,2026-10-02,C,205.0,23.6,24.55,22.8,116.0,952,0.5976602734375001,True,2026-09-28 19:53:51+00:00,NVDA261002C00205000
NVDA,2026-09-29,228.86,2026-10-02,C,207.5,20.1,23.85,24.0,71.0,828,0.684573466796875,True,2026-09-28 16:50:20+00:00,NVDA261002C00207500
NVDA,2026-09-29,228.86,2026-10-02,C,210.0,18.85,19.55,19.3,534.0,3162,0.5380905566406251,True,2026-09-28 19:58:43+00:00,NVDA261002C00210000
NVDA,2026-09-29,228.86,2026-10-02,C,212.5,15.95,17.05,17.18,3014.0,733,0.5732464550781251,True,2026-09-28 19:32:03+00:00,NVDA261002C00212500
NVDA,2026-09-29,228.86,2026-10-02,C,215.0,14.15,14.65,14.33,4579.0,4432,0.5273484765625001,True,2026-09-28 19:57:58+00:00,NVDA261002C00215000
NVDA,2026-09-29,228.86,2026-10-02,C,217.5,10.45,12.2,12.02,3246.0,1831,0.4672904833984375,True,2026-09-28 19:59:57+00:00,NVDA261002C00217500
NVDA,2026-09-29,228.86,2026-10-02,C,220.0,9.6,10.05,9.77,3909.0,8263,0.45044494873046875,True,2026-09-28 19:54:40+00:00,NVDA261002C00220000
NVDA,2026-09-29,228.86,2026-10-02,C,222.5,7.55,7.85,7.81,1982.0,2868,0.4101621484375,True,2026-09-28 19:59:05+00:00,NVDA261002C00222500
NVDA,2026-09-29,228.86,2026-10-02,C,225.0,5.65,5.9,5.8,8641.0,16252,0.38513798461914056,True,2026-09-28 19:59:51+00:00,NVDA261002C00225000
NVDA,2026-09-29,228.86,2026-10-02,C,227.5,4.05,4.25,4.1,8295.0,75663,0.37036762451171873,True,2026-09-28 19:59:57+00:00,NVDA261002C00227500
NVDA,2026-09-29,228.86,2026-10-02,C,230.0,2.81,2.85,2.84,39998.0,25521,0.3537662280273437,False,2026-09-28 19:59:58+00:00,NVDA261002C00230000
NVDA,2026-09-29,228.86,2026-10-02,C,232.5,1.79,1.8,1.8,65737.0,45334,0.34326828613281246,False,2026-09-28 19:59:50+00:00,NVDA261002C00232500
NVDA,2026-09-29,228.86,2026-10-02,C,235.0,1.08,1.11,1.1,65844.0,51138,0.34204759521484374,False,2026-09-28 19:59:58+00:00,NVDA261002C00235000
NVDA,2026-09-29,228.86,2026-10-02,C,237.5,0.62,0.65,0.63,25240.0,9990,0.34180345703125,False,2026-09-28 19:59:50+00:00,NVDA261002C00237500
NVDA,2026-09-29,228.86,2026-10-02,C,240.0,0.35,0.37,0.35,51254.0,18821,0.3442448388671875,False,2026-09-28 19:59:56+00:00,NVDA261002C00240000
NVDA,2026-09-29,228.86,2026-10-02,C,242.5,0.2,0.21,0.21,19088.0,6062,0.34961587890624996,False,2026-09-28 19:59:52+00:00,NVDA261002C00242500
NVDA,2026-09-29,228.86,2026-10-02,C,245.0,0.13,0.14,0.14,29874.0,10472,0.367193828125,False,2026-09-28 19:59:57+00:00,NVDA261002C00245000
NVDA,2026-09-29,228.86,2026-10-02,C,247.5,0.08,0.09,0.09,7926.0,7322,0.38184211914062494,False,2026-09-28 19:59:48+00:00,NVDA261002C00247500
NVDA,2026-09-29,228.86,2026-10-02,C,250.0,0.05,0.06,0.05,28675.0,45002,0.39649041015625003,False,2026-09-28 19:59:56+00:00,NVDA261002C00250000
NVDA,2026-09-29,228.86,2026-10-02,C,252.5,0.04,0.05,0.05,3677.0,278,0.42383388671875,False,2026-09-28 19:58:39+00:00,NVDA261002C00252500
NVDA,2026-09-29,228.86,2026-10-02,C,255.0,0.03,0.04,0.04,8503.0,4600,0.44727115234375,False,2026-09-28 19:59:53+00:00,NVDA261002C00255000
NVDA,2026-09-29,228.86,2026-10-02,C,260.0,0.02,0.03,0.03,13307.0,6625,0.49609878906250005,False,2026-09-28 19:59:56+00:00,NVDA261002C00260000
NVDA,2026-09-29,228.86,2026-10-02,C,265.0,0.01,0.02,0.02,3426.0,3774,0.523442265625,False,2026-09-28 19:53:24+00:00,NVDA261002C00265000
NVDA,2026-09-29,228.86,2026-10-02,C,270.0,0.0,0.01,0.01,1981.0,4364,0.5312546875,False,2026-09-28 19:57:35+00:00,NVDA261002C00270000
NVDA,2026-09-29,228.86,2026-10-02,C,275.0,0.0,0.01,0.01,450.0,6380,0.57812921875,False,2026-09-28 19:57:18+00:00,NVDA261002C00275000
NVDA,2026-09-29,228.86,2026-10-02,C,280.0,0.0,0.01,0.01,272.0,1875,0.6250037500000001,False,2026-09-28 18:40:11+00:00,NVDA261002C00280000
NVDA,2026-09-29,228.86,2026-10-02,C,285.0,0.0,0.01,0.01,1.0,502,0.6875031250000001,False,2026-09-28 16:30:03+00:00,NVDA261002C00285000
NVDA,2026-09-29,228.86,2026-10-02,C,290.0,0.0,0.01,0.01,11.0,1804,0.7187528125,False,2026-09-28 13:31:15+00:00,NVDA261002C00290000
NVDA,2026-09-29,228.86,2026-10-02,C,295.0,0.0,0.01,0.01,3.0,506,0.7812521875,False,2026-09-28 16:09:36+00:00,NVDA261002C00295000
NVDA,2026-09-29,228.86,2026-10-02,C,300.0,0.0,0.01,0.01,20.0,2700,0.8125018749999999,False,2026-09-28 13:37:32+00:00,NVDA261002C00300000
NVDA,2026-09-29,228.86,2026-10-02,C,305.0,0.0,0.01,0.03,5.0,208,0.87500125,False,2026-09-18 13:37:18+00:00,NVDA261002C00305000
NVDA,2026-09-29,228.86,2026-10-02,C,310.0,0.0,0.01,0.01,2.0,101,0.9062509375,False,2026-09-18 13:50:47+00:00,NVDA261002C00310000
NVDA,2026-09-29,228.86,2026-10-02,C,315.0,0.0,0.01,0.02,3.0,490,0.9531254687499999,False,2026-09-17 14:50:49+00:00,NVDA261002C00315000
NVDA,2026-09-29,228.86,2026-10-02,C,320.0,0.0,0.01,0.01,3.0,361,0.98437515625,False,2026-09-17 13:41:31+00:00,NVDA261002C00320000
NVDA,2026-09-29,228.86,2026-10-02,C,325.0,0.0,0.01,0.02,4.0,529,1.0312548437500002,False,2026-09-14 16:33:52+00:00,NVDA261002C00325000
NVDA,2026-09-29,228.86,2026-10-02,C,330.0,0.0,0.01,0.01,10.0,1196,1.0625046875000002,False,2026-09-10 14:56:00+00:00,NVDA261002C00330000
NVDA,2026-09-29,228.86,2026-10-02,C,335.0,0.0,0.01,0.01,6.0,472,1.125004375,False,2026-09-22 17:19:20+00:00,NVDA261002C00335000
NVDA,2026-09-29,228.86,2026-10-02,C,340.0,0.0,0.01,0.01,2.0,155,1.15625421875,False,2026-09-25 19:47:50+00:00,NVDA261002C00340000
NVDA,2026-09-29,228.86,2026-10-02,C,345.0,0.0,0.01,0.05,2.0,20,1.1875040625,False,2026-08-27 13:30:30+00:00,NVDA261002C00345000
NVDA,2026-09-29,228.86,2026-10-02,C,350.0,0.0,0.01,0.01,30.0,47,1.2500037499999999,False,2026-09-11 19:50:55+00:00,NVDA261002C00350000
NVDA,2026-09-29,228.86,2026-10-02,C,360.0,0.0,0.01,0.01,1.0,49,1.3125034374999998,False,2026-09-21 15:24:47+00:00,NVDA261002C00360000
NVDA,2026-09-29,228.86,2026-10-02,C,370.0,0.0,0.01,0.02,4.0,45,1.3750031249999999,False,2026-09-04 18:41:33+00:00,NVDA261002C00370000
NVDA,2026-09-29,228.86,2026-10-02,C,380.0,0.0,0.01,0.03,18.0,12,1.4375028125,False,2026-08-25 15:42:31+00:00,NVDA261002C00380000
NVDA,2026-09-29,228.86,2026-10-02,C,390.0,0.0,0.01,0.02,4.0,5,1.5000025,False,2026-09-02 15:40:24+00:00,NVDA261002C00390000
NVDA,2026-09-29,228.86,2026-10-02,P,50.0,0.0,0.01,0.01,12.0,12,4.375004531249999,False,2026-09-04 15:46:25+00:00,NVDA261002P00050000
NVDA,2026-09-29,228.86,2026-10-02,P,55.0,0.0,0.01,0.02,2.0,2,4.12500484375,False,2026-08-24 14:27:40+00:00,NVDA261002P00055000
NVDA,2026-09-29,228.86,2026-10-02,P,60.0,0.0,0.01,0.02,1.0,368,3.8750003125,False,2026-09-10 16:34:14+00:00,NVDA261002P00060000
NVDA,2026-09-29,228.86,2026-10-02,P,65.0,0.0,0.01,0.01,,1,3.6250009375000003,False,2026-09-17 15:22:47+00:00,NVDA261002P00065000
NVDA,2026-09-29,228.86,2026-10-02,P,70.0,0.0,0.01,0.04,,10,3.3750015624999996,False,2026-08-25 13:30:04+00:00,NVDA261002P00070000
NVDA,2026-09-29,228.86,2026-10-02,P,75.0,0.0,0.01,0.01,225.0,1481,3.1875020312499998,False,2026-09-18 18:27:16+00:00,NVDA261002P00075000
NVDA,2026-09-29,228.86,2026-10-02,P,80.0,0.0,0.01,0.01,23.0,360,3.0000025,False,2026-09-18 18:36:21+00:00,NVDA261002P00080000
NVDA,2026-09-29,228.86,2026-10-02,P,85.0,0.0,0.01,0.01,84.0,121,2.8750028125,False,2026-09-18 19:50:08+00:00,NVDA261002P00085000
NVDA,2026-09-29,228.86,2026-10-02,P,90.0,0.0,0.01,0.01,20.0,73,2.68750328125,False,2026-09-21 17:04:03+00:00,NVDA261002P00090000
NVDA,2026-09-29,228.86,2026-10-02,P,95.0,0.0,0.01,0.01,635.0,696,2.56250359375,False,2026-09-21 18:35:18+00:00,NVDA261002P00095000
NVDA,2026-09-29,228.86,2026-10-02,P,100.0,0.0,0.01,0.01,5.0,642,2.3750040624999995,False,2026-09-28 19:07:54+00:00,NVDA261002P00100000
NVDA,2026-09-29,228.86,2026-10-02,P,105.0,0.0,0.01,0.01,2.0,6588,2.2500043749999996,False,2026-09-25 13:58:40+00:00,NVDA261002P00105000
NVDA,2026-09-29,228.86,2026-10-02,P,110.0,0.0,0.01,0.01,14172.0,14363,2.1250046874999997,False,2026-09-25 19:40:15+00:00,NVDA261002P00110000
NVDA,2026-09-29,228.86,2026-10-02,P,115.0,0.0,0.01,0.01,1000.0,14626,2.000005,False,2026-09-28 18:52:34+00:00,NVDA261002P00115000
NVDA,2026-09-29,228.86,2026-10-02,P,120.0,0.0,0.01,0.01,431.0,17383,1.875000625,False,2026-09-28 13:32:05+00:00,NVDA261002P00120000
NVDA,2026-09-29,228.86,2026-10-02,P,125.0,0.0,0.01,0.01,88.0,1669,1.78125109375,False,2026-09-28 13:31:01+00:00,NVDA261002P00125000
NVDA,2026-09-29,228.86,2026-10-02,P,130.0,0.0,0.01,0.01,110.0,9063,1.6875015625,False,2026-09-28 13:31:39+00:00,NVDA261002P00130000
NVDA,2026-09-29,228.86,2026-10-02,P,135.0,0.0,0.01,0.01,2.0,2406,1.5625021874999998,False,2026-09-25 17:47:22+00:00,NVDA261002P00135000
NVDA,2026-09-29,228.86,2026-10-02,P,140.0,0.0,0.01,0.01,382.0,3437,1.46875265625,False,2026-09-28 18:00:19+00:00,NVDA261002P00140000
NVDA,2026-09-29,228.86,2026-10-02,P,145.0,0.0,0.01,0.01,142.0,1675,1.3750031249999999,False,2026-09-28 15:21:50+00:00,NVDA261002P00145000
NVDA,2026-09-29,228.86,2026-10-02,P,150.0,0.0,0.02,0.01,128.0,2550,1.3437532812499997,False,2026-09-28 18:21:18+00:00,NVDA261002P00150000
NVDA,2026-09-29,228.86,2026-10-02,P,155.0,0.0,0.01,0.01,18.0,1049,1.1875040625,False,2026-09-28 16:17:58+00:00,NVDA261002P00155000
NVDA,2026-09-29,228.86,2026-10-02,P,160.0,0.0,0.01,0.01,139.0,9752,1.09375453125,False,2026-09-28 17:24:08+00:00,NVDA261002P00160000
NVDA,2026-09-29,228.86,2026-10-02,P,165.0,0.01,0.02,0.01,192.0,5328,1.1015669921875002,False,2026-09-28 19:21:14+00:00,NVDA261002P00165000
NVDA,2026-09-29,228.86,2026-10-02,P,170.0,0.01,0.02,0.02,34.0,4448,1.0078174609375,False,2026-09-28 18:57:51+00:00,NVDA261002P00170000
NVDA,2026-09-29,228.86,2026-10-02,P,175.0,0.01,0.03,0.02,179.0,2448,0.945313046875,False,2026-09-28 19:56:36+00:00,NVDA261002P00175000
NVDA,2026-09-29,228.86,2026-10-02,P,180.0,0.01,0.02,0.02,349.0,3068,0.8281267187499999,False,2026-09-28 19:57:53+00:00,NVDA261002P00180000
NVDA,2026-09-29,228.86,2026-10-02,P,182.5,0.01,0.03,0.02,200.0,818,0.8125018749999999,False,2026-09-28 19:40:08+00:00,NVDA261002P00182500
NVDA,2026-09-29,228.86,2026-10-02,P,185.0,0.02,0.03,0.02,496.0,3567,0.7812521875,False,2026-09-28 19:22:55+00:00,NVDA261002P00185000
NVDA,2026-09-29,228.86,2026-10-02,P,187.5,0.01,0.03,0.03,26.0,901,0.7187528125,False,2026-09-28 15:05:22+00:00,NVDA261002P00187500
NVDA,2026-09-29,228.86,2026-10-02,P,190.0,0.02,0.03,0.02,1754.0,13932,0.6953155468750001,False,2026-09-28 19:54:16+00:00,NVDA261002P00190000
NVDA,2026-09-29,228.86,2026-10-02,P,192.5,0.02,0.04,0.04,577.0,2086,0.6640658593750002,False,2026-09-28 18:53:00+00:00,NVDA261002P00192500
NVDA,2026-09-29,228.86,2026-10-02,P,195.0,0.03,0.04,0.03,2142.0,7869,0.6289099609375001,False,2026-09-28 19:59:09+00:00,NVDA261002P00195000
NVDA,2026-09-29,228.86,2026-10-02,P,197.5,0.04,0.05,0.05,508.0,2150,0.6054726953125001,False,2026-09-28 19:58:06+00:00,NVDA261002P00197500
NVDA,2026-09-29,228.86,2026-10-02,P,200.0,0.05,0.06,0.05,7661.0,67112,0.5742230078125,False,2026-09-28 19:57:15+00:00,NVDA261002P00200000
NVDA,2026-09-29,228.86,2026-10-02,P,202.5,0.06,0.07,0.06,572.0,18360,0.5390671093750001,False,2026-09-28 19:59:48+00:00,NVDA261002P00202500
NVDA,2026-09-29,228.86,2026-10-02,P,205.0,0.09,0.1,0.08,2647.0,10292,0.5214891601562499,False,2026-09-28 19:46:39+00:00,NVDA261002P00205000
NVDA,2026-09-29,228.86,2026-10-02,P,207.5,0.12,0.14,0.12,1082.0,4410,0.5029346582031251,False,2026-09-28 19:59:42+00:00,NVDA261002P00207500
NVDA,2026-09-29,228.86,2026-10-02,P,210.0,0.17,0.18,0.17,3711.0,13127,0.4726615234375,False,2026-09-28 19:59:55+00:00,NVDA261002P00210000
NVDA,2026-09-29,228.86,2026-10-02,P,212.5,0.23,0.25,0.25,2202.0,6847,0.44727115234375,False,2026-09-28 19:57:17+00:00,NVDA261002P00212500
NVDA,2026-09-29,228.86,2026-10-02,P,215.0,0.33,0.36,0.35,11238.0,25950,0.42529871582031253,False,2026-09-28 19:59:56+00:00,NVDA261002P00215000
NVDA,2026-09-29,228.86,2026-10-02,P,217.5,0.5,0.51,0.5,7573.0,9863,0.40064075927734377,False,2026-09-28 19:59:56+00:00,NVDA261002P00217500
NVDA,2026-09-29,228.86,2026-10-02,P,220.0,0.75,0.78,0.77,21261.0,16240,0.3845276391601562,False,2026-09-28 19:59:58+00:00,NVDA261002P00220000
NVDA,2026-09-29,228.86,2026-10-02,P,222.5,1.15,1.19,1.17,8485.0,4873,0.3698793481445312,False,2026-09-28 19:59:28+00:00,NVDA261002P00222500
NVDA,2026-09-29,228.86,2026-10-02,P,225.0,1.75,1.79,1.77,21850.0,9611,0.3562076098632812,False,2026-09-28 19:59:57+00:00,NVDA261002P00225000
NVDA,2026-09-29,228.86,2026-10-02,P,227.5,2.61,2.65,2.65,16630.0,3430,0.344733115234375,False,2026-09-28 19:59:42+00:00,NVDA261002P00227500
NVDA,2026-09-29,228.86,2026-10-02,P,230.0,3.75,3.9,3.85,27842.0,4045,0.3442448388671875,True,2026-09-28 19:59:57+00:00,NVDA261002P00230000
NVDA,2026-09-29,228.86,2026-10-02,P,232.5,5.0,5.4,5.4,5080.0,729,0.3386296606445312,True,2026-09-28 19:59:57+00:00,NVDA261002P00232500
NVDA,2026-09-29,228.86,2026-10-02,P,235.0,6.85,7.25,7.5,3367.0,6463,0.34229173339843744,True,2026-09-28 19:55:00+00:00,NVDA261002P00235000
NVDA,2026-09-29,228.86,2026-10-02,P,237.5,8.4,9.35,9.1,640.0,154,0.3523013989257812,True,2026-09-28 19:59:47+00:00,NVDA261002P00237500
NVDA,2026-09-29,228.86,2026-10-02,P,240.0,11.1,11.7,11.93,4909.0,294,0.3864807446289062,True,2026-09-28 19:55:55+00:00,NVDA261002P00240000
NVDA,2026-09-29,228.86,2026-10-02,P,242.5,13.45,14.6,13.93,2072.0,128,0.5227098510742187,True,2026-09-28 19:59:56+00:00,NVDA261002P00242500
NVDA,2026-09-29,228.86,2026-10-02,P,245.0,15.5,16.95,16.6,675.0,150,0.5539595385742189,True,2026-09-28 19:41:11+00:00,NVDA261002P00245000
NVDA,2026-09-29,228.86,2026-10-02,P,247.5,17.9,19.8,17.77,3379.0,0,0.6796907031250001,True,2026-09-28 19:23:01+00:00,NVDA261002P00247500
NVDA,2026-09-29,228.86,2026-10-02,P,250.0,20.55,21.6,19.96,124.0,4,0.577152666015625,True,2026-09-28 15:30:53+00:00,NVDA261002P00250000
NVDA,2026-09-29,228.86,2026-10-02,P,255.0,22.65,29.9,30.87,3.0,0,0.53320779296875,True,2026-09-24 19:07:40+00:00,NVDA261002P00255000
NVDA,2026-09-29,228.86,2026-10-02,P,260.0,30.55,31.95,28.24,2.0,0,0.5918009570312501,True,2026-09-28 16:28:15+00:00,NVDA261002P00260000
NVDA,2026-09-29,228.86,2026-10-02,P,265.0,35.25,36.85,39.5,2.0,0,0.9355475195312499,True,2026-09-23 15:17:16+00:00,NVDA261002P00265000
NVDA,2026-09-29,228.86,2026-10-02,P,270.0,40.6,41.85,41.0,4.0,0,0.710940390625,True,2026-09-28 14:52:46+00:00,NVDA261002P00270000
NVDA,2026-09-29,228.86,2026-10-02,P,275.0,0.0,0.0,50.4,,0,1.0000000000000003e-05,True,2026-08-17 19:53:34+00:00,NVDA261002P00275000
NVDA,2026-09-29,228.86,2026-10-02,P,295.0,65.35,67.1,66.6,,0,1.0273486132812502,True,2026-09-22 14:39:11+00:00,NVDA261002P00295000
NVDA,2026-09-29,228.86,2026-10-02,P,300.0,70.4,72.85,87.7,40.0,0,1.3994170654296876,True,2026-09-14 18:19:42+00:00,NVDA261002P00300000
NVDA,2026-09-29,228.86,2026-10-02,P,310.0,80.35,81.75,97.75,,0,1.5966817041015622,True,2026-09-14 19:49:59+00:00,NVDA261002P00310000
NVDA,2026-09-29,228.86,2026-10-02,P,390.0,160.3,162.1,172.1,1.0,0,1.8828130859374999,True,2026-09-10 14:50:19+00:00,NVDA261002P00390000
NVDA,2026-09-29,228.86,2026-10-05,C,140.0,85.35,93.45,84.45,20.0,20,1.88671931640625,True,2026-09-25 18:57:33+00:00,NVDA261005C00140000
NVDA,2026-09-29,228.86,2026-10-05,C,170.0,56.35,62.85,58.75,,2,1.3042026977539058,True,2026-09-21 18:53:59+00:00,NVDA261005C00170000
NVDA,2026-09-29,228.86,2026-10-05,C,180.0,45.35,53.0,47.55,,1,0.929688203125,True,2026-09-21 17:13:56+00:00,NVDA261005C00180000
NVDA,2026-09-29,228.86,2026-10-05,C,185.0,40.3,48.05,42.55,,1,0.8388687988281249,True,2026-09-21 17:13:56+00:00,NVDA261005C00185000
NVDA,2026-09-29,228.86,2026-10-05,C,190.0,35.4,42.95,39.4,,4,0.7500025,True,2026-09-22 19:57:23+00:00,NVDA261005C00190000
NVDA,2026-09-29,228.86,2026-10-05,C,195.0,30.4,37.95,35.13,2.0,30,0.6616244775390626,True,2026-09-28 19:22:28+00:00,NVDA261005C00195000
NVDA,2026-09-29,228.86,2026-10-05,C,200.0,26.45,31.35,28.75,6.0,15,0.9858399853515626,True,2026-09-28 15:53:56+00:00,NVDA261005C00200000
NVDA,2026-09-29,228.86,2026-10-05,C,205.0,21.9,26.3,25.39,3.0,12,0.8554701953125,True,2026-09-28 15:59:12+00:00,NVDA261005C00205000
NVDA,2026-09-29,228.86,2026-10-05,C,207.5,18.9,24.75,20.75,17.0,21,0.9055185229492188,True,2026-09-28 15:56:44+00:00,NVDA261005C00207500
NVDA,2026-09-29,228.86,2026-10-05,C,210.0,17.6,20.9,19.5,33.0,88,0.6821320849609377,True,2026-09-28 19:31:15+00:00,NVDA261005C00210000
NVDA,2026-09-29,228.86,2026-10-05,C,212.5,16.0,17.65,18.67,7.0,29,0.5256395092773438,True,2026-09-28 16:14:27+00:00,NVDA261005C00212500
NVDA,2026-09-29,228.86,2026-10-05,C,215.0,13.65,14.95,15.28,379.0,247,0.442388388671875,True,2026-09-28 18:32:34+00:00,NVDA261005C00215000
NVDA,2026-09-29,228.86,2026-10-05,C,217.5,12.05,13.35,11.95,56.0,110,0.4904836108398438,True,2026-09-28 19:44:13+00:00,NVDA261005C00217500
NVDA,2026-09-29,228.86,2026-10-05,C,220.0,9.9,11.3,10.05,4407.0,940,0.4703422106933594,True,2026-09-28 19:58:43+00:00,NVDA261005C00220000
NVDA,2026-09-29,228.86,2026-10-05,C,222.5,7.85,8.2,8.8,135.0,363,0.3442448388671875,True,2026-09-28 18:34:09+00:00,NVDA261005C00222500
NVDA,2026-09-29,228.86,2026-10-05,C,225.0,5.95,6.3,6.33,1700.0,2490,0.32569033691406246,True,2026-09-28 19:59:01+00:00,NVDA261005C00225000
NVDA,2026-09-29,228.86,2026-10-05,C,227.5,4.45,5.05,4.37,2271.0,1398,0.34400070068359373,True,2026-09-28 19:56:06+00:00,NVDA261005C00227500
NVDA,2026-09-29,228.86,2026-10-05,C,230.0,3.2,3.35,3.3,7871.0,4255,0.30713583496093744,False,2026-09-28 19:58:13+00:00,NVDA261005C00230000
NVDA,2026-09-29,228.86,2026-10-05,C,232.5,2.18,2.24,2.18,4145.0,428,0.2970041003417968,False,2026-09-28 19:59:56+00:00,NVDA261005C00232500
NVDA,2026-09-29,228.86,2026-10-05,C,235.0,1.41,1.48,1.46,8119.0,1819,0.29529513305664057,False,2026-09-28 19:59:37+00:00,NVDA261005C00235000
NVDA,2026-09-29,228.86,2026-10-05,C,237.5,0.89,0.92,0.9,2645.0,347,0.29224340576171864,False,2026-09-28 19:59:13+00:00,NVDA261005C00237500
NVDA,2026-09-29,228.86,2026-10-05,C,240.0,0.54,0.58,0.55,12565.0,2095,0.2951730639648437,False,2026-09-28 19:59:54+00:00,NVDA261005C00240000
NVDA,2026-09-29,228.86,2026-10-05,C,242.5,0.33,0.36,0.35,3113.0,204,0.29932341308593746,False,2026-09-28 19:58:50+00:00,NVDA261005C00242500
NVDA,2026-09-29,228.86,2026-10-05,C,245.0,0.2,0.23,0.21,2259.0,691,0.3061592822265625,False,2026-09-28 19:59:07+00:00,NVDA261005C00245000
NVDA,2026-09-29,228.86,2026-10-05,C,247.5,0.13,0.15,0.14,1668.0,54,0.3149482568359374,False,2026-09-28 19:51:22+00:00,NVDA261005C00247500
NVDA,2026-09-29,228.86,2026-10-05,C,250.0,0.08,0.1,0.09,1302.0,2333,0.3242255078124999,False,2026-09-28 19:59:26+00:00,NVDA261005C00250000
NVDA,2026-09-29,228.86,2026-10-05,C,252.5,0.05,0.08,0.1,121.0,14,0.34278000976562495,False,2026-09-28 18:54:21+00:00,NVDA261005C00252500
NVDA,2026-09-29,228.86,2026-10-05,C,255.0,0.04,0.06,0.07,24.0,87,0.35742830078125,False,2026-09-28 19:22:49+00:00,NVDA261005C00255000
NVDA,2026-09-29,228.86,2026-10-05,C,260.0,0.02,0.04,0.04,342.0,1058,0.39063109375,False,2026-09-28 19:47:45+00:00,NVDA261005C00260000
NVDA,2026-09-29,228.86,2026-10-05,C,265.0,0.01,0.03,0.02,48.0,5,0.42578699218750005,False,2026-09-28 17:33:04+00:00,NVDA261005C00265000
NVDA,2026-09-29,228.86,2026-10-05,C,270.0,0.0,0.02,0.02,45.0,14,0.45313046875,False,2026-09-28 17:07:02+00:00,NVDA261005C00270000
NVDA,2026-09-29,228.86,2026-10-05,C,285.0,0.0,0.01,0.09,,1,0.51562984375,False,2026-09-22 19:53:07+00:00,NVDA261005C00285000
NVDA,2026-09-29,228.86,2026-10-05,P,130.0,0.0,0.02,0.01,20.0,20,1.3437532812499997,False,2026-09-25 18:28:55+00:00,NVDA261005P00130000
NVDA,2026-09-29,228.86,2026-10-05,P,150.0,0.01,0.03,0.02,3.0,5,1.0781296093750001,False,2026-09-28 15:28:47+00:00,NVDA261005P00150000
NVDA,2026-09-29,228.86,2026-10-05,P,155.0,0.01,0.03,0.02,6.0,6,1.0078174609375,False,2026-09-28 15:28:31+00:00,NVDA261005P00155000
NVDA,2026-09-29,228.86,2026-10-05,P,160.0,0.01,0.03,0.05,,221,0.929688203125,False,2026-09-23 14:12:04+00:00,NVDA261005P00160000
NVDA,2026-09-29,228.86,2026-10-05,P,165.0,0.01,0.03,0.02,2.0,46,0.85937640625,False,2026-09-28 15:51:09+00:00,NVDA261005P00165000
NVDA,2026-09-29,228.86,2026-10-05,P,170.0,0.01,0.03,0.05,10.0,13,0.7812521875,False,2026-09-25 18:29:15+00:00,NVDA261005P00170000
NVDA,2026-09-29,228.86,2026-10-05,P,175.0,0.01,0.03,0.06,1.0,32,0.710940390625,False,2026-09-24 15:54:21+00:00,NVDA261005P00175000
NVDA,2026-09-29,228.86,2026-10-05,P,180.0,0.02,0.04,0.08,2.0,5,0.6718782812500002,False,2026-09-24 19:13:07+00:00,NVDA261005P00180000
NVDA,2026-09-29,228.86,2026-10-05,P,185.0,0.02,0.04,0.01,1.0,30,0.6015664843750002,False,2026-09-28 14:14:48+00:00,NVDA261005P00185000
NVDA,2026-09-29,228.86,2026-10-05,P,190.0,0.03,0.04,0.05,7.0,98,0.5449264257812501,False,2026-09-28 15:04:12+00:00,NVDA261005P00190000
NVDA,2026-09-29,228.86,2026-10-05,P,195.0,0.04,0.05,0.05,8.0,100,0.49805189453125004,False,2026-09-28 17:34:24+00:00,NVDA261005P00195000
NVDA,2026-09-29,228.86,2026-10-05,P,197.5,0.05,0.06,0.06,21.0,54,0.47461462890625,False,2026-09-28 17:49:56+00:00,NVDA261005P00197500
NVDA,2026-09-29,228.86,2026-10-05,P,200.0,0.08,0.09,0.09,94.0,157,0.46484910156250003,False,2026-09-28 19:52:43+00:00,NVDA261005P00200000
NVDA,2026-09-29,228.86,2026-10-05,P,202.5,0.11,0.13,0.09,138.0,11,0.45313046875,False,2026-09-28 19:36:21+00:00,NVDA261005P00202500
NVDA,2026-09-29,228.86,2026-10-05,P,205.0,0.14,0.17,0.15,1983.0,629,0.4335994140625,False,2026-09-28 19:52:56+00:00,NVDA261005P00205000
NVDA,2026-09-29,228.86,2026-10-05,P,207.5,0.19,0.22,0.2,1631.0,174,0.41309180664062495,False,2026-09-28 19:55:13+00:00,NVDA261005P00207500
NVDA,2026-09-29,228.86,2026-10-05,P,210.0,0.26,0.29,0.28,1146.0,244,0.3930724755859375,False,2026-09-28 19:38:21+00:00,NVDA261005P00210000
NVDA,2026-09-29,228.86,2026-10-05,P,212.5,0.35,0.39,0.36,714.0,366,0.37402969726562496,False,2026-09-28 19:58:36+00:00,NVDA261005P00212500
NVDA,2026-09-29,228.86,2026-10-05,P,215.0,0.49,0.54,0.52,479.0,1081,0.35718416259765623,False,2026-09-28 19:59:48+00:00,NVDA261005P00215000
NVDA,2026-09-29,228.86,2026-10-05,P,217.5,0.7,0.75,0.72,1028.0,578,0.3403386279296875,False,2026-09-28 19:59:48+00:00,NVDA261005P00217500
NVDA,2026-09-29,228.86,2026-10-05,P,220.0,1.02,1.07,1.04,1600.0,1542,0.32642275146484373,False,2026-09-28 19:59:47+00:00,NVDA261005P00220000
NVDA,2026-09-29,228.86,2026-10-05,P,222.5,1.47,1.53,1.65,950.0,1748,0.31409377319335935,False,2026-09-28 19:54:58+00:00,NVDA261005P00222500
NVDA,2026-09-29,228.86,2026-10-05,P,225.0,2.11,2.2,2.18,2068.0,519,0.3050606604003906,False,2026-09-28 19:58:55+00:00,NVDA261005P00225000
NVDA,2026-09-29,228.86,2026-10-05,P,227.5,3.0,3.1,3.15,1976.0,198,0.2967599621582031,False,2026-09-28 19:57:12+00:00,NVDA261005P00227500
NVDA,2026-09-29,228.86,2026-10-05,P,230.0,4.1,4.3,4.05,3350.0,224,0.2921213366699218,True,2026-09-28 19:54:38+00:00,NVDA261005P00230000
NVDA,2026-09-29,228.86,2026-10-05,P,232.5,5.5,6.15,5.75,811.0,150,0.3197089514160155,True,2026-09-28 19:59:57+00:00,NVDA261005P00232500
NVDA,2026-09-29,228.86,2026-10-05,P,235.0,6.2,8.15,7.9,191.0,20,0.3448551843261719,True,2026-09-28 19:53:07+00:00,NVDA261005P00235000
NVDA,2026-09-29,228.86,2026-10-05,P,237.5,9.15,9.65,9.43,75.0,4,0.30274134765625,True,2026-09-28 19:58:43+00:00,NVDA261005P00237500
NVDA,2026-09-29,228.86,2026-10-05,P,240.0,11.25,11.75,11.5,4151.0,29,0.299811689453125,True,2026-09-28 19:58:01+00:00,NVDA261005P00240000
NVDA,2026-09-29,228.86,2026-10-05,P,242.5,12.7,15.1,13.8,22.0,20,0.45740288696289066,True,2026-09-28 13:56:12+00:00,NVDA261005P00242500
NVDA,2026-09-29,228.86,2026-10-05,P,245.0,15.2,18.5,16.15,,11,0.6084023535156251,True,2026-09-22 18:06:30+00:00,NVDA261005P00245000
NVDA,2026-09-29,228.86,2026-10-05,P,250.0,18.9,23.9,18.0,20.0,0,0.7536645727539062,True,2026-09-28 13:47:11+00:00,NVDA261005P00250000
NVDA,2026-09-29,228.86,2026-10-05,P,252.5,21.0,26.4,27.27,,0,0.8027363476562499,True,2026-09-23 19:06:09+00:00,NVDA261005P00252500
NVDA,2026-09-29,228.86,2026-10-05,P,290.0,58.6,63.6,62.5,,0,1.3676789428710938,True,2026-09-21 18:41:08+00:00,NVDA261005P00290000
NVDA,2026-09-29,228.86,2026-10-07,C,200.0,25.45,31.05,24.95,1.0,6,0.8320329296874999,True,2026-09-25 15:21:18+00:00,NVDA261007C00200000
NVDA,2026-09-29,228.86,2026-10-07,C,210.0,17.75,19.95,21.72,7.0,7,0.48633326171875,True,2026-09-28 17:14:54+00:00,NVDA261007C00210000
NVDA,2026-09-29,228.86,2026-10-07,C,212.5,13.95,19.55,12.75,2.0,2,0.6611362011718751,True,2026-09-25 15:40:35+00:00,NVDA261007C00212500
NVDA,2026-09-29,228.86,2026-10-07,C,215.0,13.75,16.25,14.62,19.0,26,0.5273484765625001,True,2026-09-28 19:41:30+00:00,NVDA261007C00215000
NVDA,2026-09-29,228.86,2026-10-07,C,217.5,12.2,12.95,13.82,2.0,22,0.3936828210449219,True,2026-09-28 17:45:01+00:00,NVDA261007C00217500
NVDA,2026-09-29,228.86,2026-10-07,C,220.0,10.35,10.85,10.12,309.0,164,0.3754945263671875,True,2026-09-28 18:45:05+00:00,NVDA261007C00220000
NVDA,2026-09-29,228.86,2026-10-07,C,222.5,8.4,8.8,10.0,38.0,29,0.3529117443847656,True,2026-09-28 17:20:22+00:00,NVDA261007C00222500
NVDA,2026-09-29,228.86,2026-10-07,C,225.0,6.65,7.1,6.64,175.0,326,0.3469303588867187,True,2026-09-28 19:44:00+00:00,NVDA261007C00225000
NVDA,2026-09-29,228.86,2026-10-07,C,227.5,5.1,5.4,5.1,159.0,27,0.3280096496582031,True,2026-09-28 19:52:49+00:00,NVDA261007C00227500
NVDA,2026-09-29,228.86,2026-10-07,C,230.0,3.85,4.15,4.05,805.0,221,0.32691102783203124,False,2026-09-28 19:57:57+00:00,NVDA261007C00230000
NVDA,2026-09-29,228.86,2026-10-07,C,232.5,2.77,2.9,2.85,1417.0,60,0.31055376953124997,False,2026-09-28 19:57:22+00:00,NVDA261007C00232500
NVDA,2026-09-29,228.86,2026-10-07,C,235.0,1.95,2.08,1.99,1719.0,118,0.3096992858886719,False,2026-09-28 19:59:25+00:00,NVDA261007C00235000
NVDA,2026-09-29,228.86,2026-10-07,C,237.5,1.29,1.45,1.33,457.0,36,0.3090889404296875,False,2026-09-28 19:56:18+00:00,NVDA261007C00237500
NVDA,2026-09-29,228.86,2026-10-07,C,240.0,0.87,0.99,0.93,673.0,183,0.309577216796875,False,2026-09-28 19:58:23+00:00,NVDA261007C00240000
NVDA,2026-09-29,228.86,2026-10-07,C,242.5,0.56,0.66,0.59,135.0,29,0.3103096313476562,False,2026-09-28 19:53:49+00:00,NVDA261007C00242500
NVDA,2026-09-29,228.86,2026-10-07,C,245.0,0.37,0.43,0.41,415.0,11,0.3112861840820312,False,2026-09-28 19:58:54+00:00,NVDA261007C00245000
NVDA,2026-09-29,228.86,2026-10-07,C,247.5,0.24,0.31,0.26,4525.0,11,0.32080757324218745,False,2026-09-28 19:54:46+00:00,NVDA261007C00247500
NVDA,2026-09-29,228.86,2026-10-07,C,250.0,0.14,0.23,0.2,383.0,58,0.3315496533203125,False,2026-09-28 19:58:16+00:00,NVDA261007C00250000
NVDA,2026-09-29,228.86,2026-10-07,C,255.0,0.09,0.14,0.16,47.0,8,0.35742830078125,False,2026-09-28 16:26:34+00:00,NVDA261007C00255000
NVDA,2026-09-29,228.86,2026-10-07,C,260.0,0.02,0.1,0.08,63.0,32,0.389654541015625,False,2026-09-28 19:47:45+00:00,NVDA261007C00260000
NVDA,2026-09-29,228.86,2026-10-07,C,270.0,0.01,0.04,0.04,70.0,9,0.42969320312500003,False,2026-09-28 17:02:42+00:00,NVDA261007C00270000
NVDA,2026-09-29,228.86,2026-10-07,C,285.0,0.0,0.04,0.03,,1,0.5117236328125,False,2026-09-24 14:19:28+00:00,NVDA261007C00285000
NVDA,2026-09-29,228.86,2026-10-07,P,170.0,0.01,0.08,0.05,,6,0.7539087109375,False,2026-09-24 19:20:52+00:00,NVDA261007P00170000
NVDA,2026-09-29,228.86,2026-10-07,P,175.0,0.01,0.08,0.08,,1,0.6875031250000001,False,2026-09-24 15:59:43+00:00,NVDA261007P00175000
NVDA,2026-09-29,228.86,2026-10-07,P,180.0,0.02,0.09,0.1,18.0,17,0.6367223828125,False,2026-09-25 19:29:51+00:00,NVDA261007P00180000
NVDA,2026-09-29,228.86,2026-10-07,P,185.0,0.04,0.08,0.06,1.0,7,0.57812921875,False,2026-09-28 19:31:36+00:00,NVDA261007P00185000
NVDA,2026-09-29,228.86,2026-10-07,P,190.0,0.06,0.13,0.08,22.0,7,0.5459029785156251,False,2026-09-28 18:01:07+00:00,NVDA261007P00190000
NVDA,2026-09-29,228.86,2026-10-07,P,195.0,0.09,0.17,0.11,770.0,83,0.5019581054687501,False,2026-09-28 17:09:55+00:00,NVDA261007P00195000
NVDA,2026-09-29,228.86,2026-10-07,P,197.5,0.13,0.16,0.14,25.0,17,0.48340360351562506,False,2026-09-28 19:59:29+00:00,NVDA261007P00197500
NVDA,2026-09-29,228.86,2026-10-07,P,200.0,0.15,0.2,0.19,17.0,42,0.46582565429687506,False,2026-09-28 19:59:27+00:00,NVDA261007P00200000
NVDA,2026-09-29,228.86,2026-10-07,P,202.5,0.17,0.27,0.17,7.0,2,0.454107021484375,False,2026-09-28 17:10:44+00:00,NVDA261007P00202500
NVDA,2026-09-29,228.86,2026-10-07,P,205.0,0.23,0.33,0.27,36.0,74,0.4335994140625,False,2026-09-28 19:43:12+00:00,NVDA261007P00205000
NVDA,2026-09-29,228.86,2026-10-07,P,207.5,0.31,0.41,0.39,6.0,14,0.4145566357421875,False,2026-09-28 19:58:50+00:00,NVDA261007P00207500
NVDA,2026-09-29,228.86,2026-10-07,P,210.0,0.39,0.51,0.53,177.0,161,0.39453730468750003,False,2026-09-28 19:58:23+00:00,NVDA261007P00210000
NVDA,2026-09-29,228.86,2026-10-07,P,212.5,0.53,0.66,0.56,90.0,67,0.37744763183593744,False,2026-09-28 19:58:09+00:00,NVDA261007P00212500
NVDA,2026-09-29,228.86,2026-10-07,P,215.0,0.74,0.86,0.8,920.0,181,0.3610903735351562,False,2026-09-28 19:43:12+00:00,NVDA261007P00215000
NVDA,2026-09-29,228.86,2026-10-07,P,217.5,1.02,1.15,1.06,201.0,10,0.3474186352539062,False,2026-09-28 19:40:12+00:00,NVDA261007P00217500
NVDA,2026-09-29,228.86,2026-10-07,P,220.0,1.4,1.55,1.61,303.0,48,0.3353337951660156,False,2026-09-28 19:53:58+00:00,NVDA261007P00220000
NVDA,2026-09-29,228.86,2026-10-07,P,222.5,1.95,2.13,2.0,461.0,37,0.3276434423828125,False,2026-09-28 19:58:43+00:00,NVDA261007P00222500
NVDA,2026-09-29,228.86,2026-10-07,P,225.0,2.65,2.87,2.78,342.0,50,0.31958688232421867,False,2026-09-28 19:58:30+00:00,NVDA261007P00225000
NVDA,2026-09-29,228.86,2026-10-07,P,227.5,3.55,3.8,3.65,213.0,4,0.31116411499023433,False,2026-09-28 19:58:43+00:00,NVDA261007P00227500
NVDA,2026-09-29,228.86,2026-10-07,P,230.0,4.7,5.0,4.9,682.0,8,0.30664755859375,True,2026-09-28 19:59:51+00:00,NVDA261007P00230000
NVDA,2026-09-29,228.86,2026-10-07,P,232.5,6.0,7.35,6.3,530.0,1,0.36914693359375,True,2026-09-28 19:59:12+00:00,NVDA261007P00232500
NVDA,2026-09-29,228.86,2026-10-07,P,235.0,7.5,8.9,7.95,53.0,1,0.3629214099121094,True,2026-09-28 19:36:18+00:00,NVDA261007P00235000
NVDA,2026-09-29,228.86,2026-10-07,P,250.0,18.15,23.6,18.89,7.0,0,0.6355016918945313,True,2026-09-28 14:06:52+00:00,NVDA261007P00250000
NVDA,2026-09-29,228.86,2026-10-09,C,60.0,165.25,172.9,164.5,,2,3.3046892382812496,True,2026-09-23 17:05:20+00:00,NVDA261009C00060000
NVDA,2026-09-29,228.86,2026-10-09,C,75.0,150.35,157.95,149.26,3.0,3,2.886721533203125,True,2026-09-24 19:24:42+00:00,NVDA261009C00075000
NVDA,2026-09-29,228.86,2026-10-09,C,85.0,140.3,149.0,137.28,12.0,12,3.00781498046875,True,2026-09-24 16:14:28+00:00,NVDA261009C00085000
NVDA,2026-09-29,228.86,2026-10-09,C,90.0,135.3,144.0,134.68,3.0,0,2.847659130859375,True,2026-09-25 18:32:31+00:00,NVDA261009C00090000
NVDA,2026-09-29,228.86,2026-10-09,C,100.0,125.4,134.0,124.03,3.0,5,2.5800816748046875,True,2026-09-24 19:24:42+00:00,NVDA261009C00100000
NVDA,2026-09-29,228.86,2026-10-09,C,105.0,120.4,129.0,120.35,5.0,16,2.4433632666015628,True,2026-09-25 13:54:41+00:00,NVDA261009C00105000
NVDA,2026-09-29,228.86,2026-10-09,C,110.0,115.35,123.0,115.07,4.0,7,1.9755860595703125,True,2026-09-23 16:14:27+00:00,NVDA261009C00110000
NVDA,2026-09-29,228.86,2026-10-09,C,115.0,110.25,119.0,110.2,,4,2.150395249023437,True,2026-09-23 16:13:38+00:00,NVDA261009C00115000
NVDA,2026-09-29,228.86,2026-10-09,C,120.0,105.35,112.85,105.19,40.0,8,1.6953140234375002,True,2026-09-25 19:34:58+00:00,NVDA261009C00120000
NVDA,2026-09-29,228.86,2026-10-09,C,130.0,95.35,103.0,102.3,1.0,1,1.5634787451171874,True,2026-09-04 17:33:52+00:00,NVDA261009C00130000
NVDA,2026-09-29,228.86,2026-10-09,C,135.0,90.4,99.0,89.67,1.0,3,1.7333997705078126,True,2026-09-23 17:08:40+00:00,NVDA261009C00135000
NVDA,2026-09-29,228.86,2026-10-09,C,140.0,85.35,93.1,83.7,12.0,19,1.4111357568359377,True,2026-09-25 14:48:15+00:00,NVDA261009C00140000
NVDA,2026-09-29,228.86,2026-10-09,C,145.0,80.35,88.1,80.55,4.0,47,1.3222690136718749,True,2026-09-25 18:32:31+00:00,NVDA261009C00145000
NVDA,2026-09-29,228.86,2026-10-09,C,150.0,75.4,83.0,74.81,10.0,69,1.2216835791015623,True,2026-09-25 18:34:29+00:00,NVDA261009C00150000
NVDA,2026-09-29,228.86,2026-10-09,C,155.0,70.4,78.1,63.82,142.0,19,1.1640666796875,True,2026-09-10 18:32:30+00:00,NVDA261009C00155000
NVDA,2026-09-29,228.86,2026-10-09,C,160.0,65.4,73.15,60.25,,18,1.0927779736328125,True,2026-09-11 18:58:30+00:00,NVDA261009C00160000
NVDA,2026-09-29,228.86,2026-10-09,C,165.0,60.4,68.1,60.05,6.0,19,1.0009815576171874,True,2026-09-24 17:09:45+00:00,NVDA261009C00165000
NVDA,2026-09-29,228.86,2026-10-09,C,170.0,55.45,63.1,54.88,8.0,39,0.9326178613281251,True,2026-09-25 18:27:41+00:00,NVDA261009C00170000
NVDA,2026-09-29,228.86,2026-10-09,C,175.0,50.45,58.15,54.71,1.0,29,0.8642591699218749,True,2026-09-22 18:10:37+00:00,NVDA261009C00175000
NVDA,2026-09-29,228.86,2026-10-09,C,180.0,46.7,51.7,49.2,8.0,45,0.7509790527343749,True,2026-09-28 19:57:23+00:00,NVDA261009C00180000
NVDA,2026-09-29,228.86,2026-10-09,C,185.0,40.65,47.35,48.8,31.0,72,0.586918193359375,True,2026-09-28 14:33:17+00:00,NVDA261009C00185000
NVDA,2026-09-29,228.86,2026-10-09,C,190.0,37.65,39.9,41.14,30.0,220,0.7702659692382813,True,2026-09-28 17:20:36+00:00,NVDA261009C00190000
NVDA,2026-09-29,228.86,2026-10-09,C,195.0,32.85,36.5,36.17,8.0,436,0.6455113574218749,True,2026-09-28 17:32:55+00:00,NVDA261009C00195000
NVDA,2026-09-29,228.86,2026-10-09,C,197.5,28.2,35.8,28.7,,1,0.5717816259765626,True,2026-09-21 15:04:09+00:00,NVDA261009C00197500
NVDA,2026-09-29,228.86,2026-10-09,C,200.0,29.05,29.95,29.4,58.0,679,0.53320779296875,True,2026-09-28 19:57:11+00:00,NVDA261009C00200000
NVDA,2026-09-29,228.86,2026-10-09,C,202.5,24.6,29.1,29.6,8.0,14,0.7631859619140625,True,2026-09-25 14:46:44+00:00,NVDA261009C00202500
NVDA,2026-09-29,228.86,2026-10-09,C,205.0,23.3,26.1,24.05,54.0,569,0.6616244775390626,True,2026-09-28 19:47:39+00:00,NVDA261009C00205000
NVDA,2026-09-29,228.86,2026-10-09,C,207.5,20.8,23.4,23.15,30.0,58,0.5922892333984376,True,2026-09-28 19:03:48+00:00,NVDA261009C00207500
NVDA,2026-09-29,228.86,2026-10-09,C,210.0,19.5,20.2,20.16,294.0,861,0.46973186523437505,True,2026-09-28 19:30:52+00:00,NVDA261009C00210000
NVDA,2026-09-29,228.86,2026-10-09,C,212.5,17.2,17.85,17.53,75.0,67,0.44067942138671873,True,2026-09-28 19:36:22+00:00,NVDA261009C00212500
NVDA,2026-09-29,228.86,2026-10-09,C,215.0,14.45,16.7,15.15,332.0,9498,0.5151415673828125,True,2026-09-28 19:42:48+00:00,NVDA261009C00215000
NVDA,2026-09-29,228.86,2026-10-09,C,217.5,12.9,13.3,13.62,139.0,448,0.3869690209960937,True,2026-09-28 19:29:13+00:00,NVDA261009C00217500
NVDA,2026-09-29,228.86,2026-10-09,C,220.0,10.9,12.35,11.14,633.0,4868,0.45386288330078123,True,2026-09-28 19:58:03+00:00,NVDA261009C00220000
NVDA,2026-09-29,228.86,2026-10-09,C,222.5,8.95,9.35,8.8,388.0,515,0.35864899169921877,True,2026-09-28 19:52:57+00:00,NVDA261009C00222500
NVDA,2026-09-29,228.86,2026-10-09,C,225.0,7.3,7.6,7.4,2450.0,7884,0.34705242797851554,True,2026-09-28 19:57:16+00:00,NVDA261009C00225000
NVDA,2026-09-29,228.86,2026-10-09,C,227.5,5.85,6.0,5.95,1471.0,3046,0.334967587890625,True,2026-09-28 19:59:09+00:00,NVDA261009C00227500
NVDA,2026-09-29,228.86,2026-10-09,C,230.0,4.55,4.65,4.55,7939.0,11758,0.3272772351074219,False,2026-09-28 19:59:47+00:00,NVDA261009C00230000
NVDA,2026-09-29,228.86,2026-10-09,C,232.5,3.45,3.5,3.45,4347.0,1785,0.32019722778320303,False,2026-09-28 19:59:50+00:00,NVDA261009C00232500
NVDA,2026-09-29,228.86,2026-10-09,C,235.0,2.54,2.61,2.57,10858.0,9593,0.3177558459472656,False,2026-09-28 19:59:30+00:00,NVDA261009C00235000
NVDA,2026-09-29,228.86,2026-10-09,C,237.5,1.83,1.89,1.84,1647.0,2240,0.3149482568359374,False,2026-09-28 19:57:49+00:00,NVDA261009C00237500
NVDA,2026-09-29,228.86,2026-10-09,C,240.0,1.3,1.35,1.31,10818.0,6631,0.3139717041015625,False,2026-09-28 19:59:35+00:00,NVDA261009C00240000
NVDA,2026-09-29,228.86,2026-10-09,C,242.5,0.9,0.95,0.91,1613.0,1022,0.3139717041015625,False,2026-09-28 19:59:53+00:00,NVDA261009C00242500
NVDA,2026-09-29,228.86,2026-10-09,C,245.0,0.62,0.65,0.64,6812.0,3790,0.31372756591796874,False,2026-09-28 19:59:44+00:00,NVDA261009C00245000
NVDA,2026-09-29,228.86,2026-10-09,C,247.5,0.43,0.46,0.44,1837.0,107,0.31763377685546873,False,2026-09-28 19:39:56+00:00,NVDA261009C00247500
NVDA,2026-09-29,228.86,2026-10-09,C,250.0,0.3,0.32,0.31,4611.0,15344,0.32080757324218745,False,2026-09-28 19:57:58+00:00,NVDA261009C00250000
NVDA,2026-09-29,228.86,2026-10-09,C,255.0,0.15,0.17,0.16,1083.0,3499,0.33399103515625,False,2026-09-28 19:59:24+00:00,NVDA261009C00255000
NVDA,2026-09-29,228.86,2026-10-09,C,260.0,0.08,0.1,0.1,3627.0,4683,0.352545537109375,False,2026-09-28 19:59:09+00:00,NVDA261009C00260000
NVDA,2026-09-29,228.86,2026-10-09,C,265.0,0.05,0.07,0.06,155.0,1218,0.37695935546875,False,2026-09-28 19:53:24+00:00,NVDA261009C00265000
NVDA,2026-09-29,228.86,2026-10-09,C,270.0,0.03,0.05,0.05,87.0,1449,0.40039662109375,False,2026-09-28 19:52:38+00:00,NVDA261009C00270000
NVDA,2026-09-29,228.86,2026-10-09,C,275.0,0.03,0.04,0.03,32.0,1580,0.42774009765625004,False,2026-09-28 19:03:57+00:00,NVDA261009C00275000
NVDA,2026-09-29,228.86,2026-10-09,C,280.0,0.01,0.03,0.02,12.0,1586,0.44922425781249997,False,2026-09-28 19:33:53+00:00,NVDA261009C00280000
NVDA,2026-09-29,228.86,2026-10-09,C,285.0,0.01,0.02,0.02,104.0,989,0.46484910156250003,False,2026-09-28 17:28:28+00:00,NVDA261009C00285000
NVDA,2026-09-29,228.86,2026-10-09,C,290.0,0.0,0.02,0.02,299.0,567,0.49609878906250005,False,2026-09-28 15:14:38+00:00,NVDA261009C00290000
NVDA,2026-09-29,228.86,2026-10-09,C,295.0,0.0,0.02,0.02,3.0,506,0.5273484765625001,False,2026-09-28 15:39:27+00:00,NVDA261009C00295000
NVDA,2026-09-29,228.86,2026-10-09,C,300.0,0.0,0.01,0.01,172.0,149,0.500005,False,2026-09-28 17:19:02+00:00,NVDA261009C00300000
NVDA,2026-09-29,228.86,2026-10-09,C,305.0,0.0,0.01,0.01,14.0,242,0.51562984375,False,2026-09-17 15:17:57+00:00,NVDA261009C00305000
NVDA,2026-09-29,228.86,2026-10-09,C,310.0,0.0,0.01,0.02,3.0,454,0.5468795312500001,False,2026-09-23 13:30:03+00:00,NVDA261009C00310000
NVDA,2026-09-29,228.86,2026-10-09,C,315.0,0.0,0.01,0.03,8.0,154,0.57812921875,False,2026-09-16 15:47:57+00:00,NVDA261009C00315000
NVDA,2026-09-29,228.86,2026-10-09,C,320.0,0.0,0.01,0.01,14.0,30,0.5937540625000001,False,2026-09-11 15:09:04+00:00,NVDA261009C00320000
NVDA,2026-09-29,228.86,2026-10-09,C,325.0,0.0,0.01,0.04,15.0,1025,0.6250037500000001,False,2026-09-09 18:56:29+00:00,NVDA261009C00325000
NVDA,2026-09-29,228.86,2026-10-09,C,330.0,0.0,0.01,0.01,3.0,9,0.6562534375000001,False,2026-09-16 18:52:08+00:00,NVDA261009C00330000
NVDA,2026-09-29,228.86,2026-10-09,C,335.0,0.0,0.01,0.01,2.0,14,0.6718782812500002,False,2026-09-11 19:52:26+00:00,NVDA261009C00335000
NVDA,2026-09-29,228.86,2026-10-09,C,345.0,0.0,0.01,0.03,,1,0.7187528125,False,2026-09-09 13:30:01+00:00,NVDA261009C00345000
NVDA,2026-09-29,228.86,2026-10-09,C,350.0,0.0,0.01,0.02,15.0,159,0.7500025,False,2026-09-09 17:33:07+00:00,NVDA261009C00350000
NVDA,2026-09-29,228.86,2026-10-09,C,360.0,0.0,0.01,0.02,10.0,10,0.7812521875,False,2026-09-04 19:00:15+00:00,NVDA261009C00360000
NVDA,2026-09-29,228.86,2026-10-09,C,390.0,0.0,0.01,0.02,3.0,4,0.9062509375,False,2026-09-14 13:40:56+00:00,NVDA261009C00390000
NVDA,2026-09-29,228.86,2026-10-09,P,50.0,0.0,0.01,0.01,4.0,42,2.6250034375,False,2026-09-18 17:15:07+00:00,NVDA261009P00050000
NVDA,2026-09-29,228.86,2026-10-09,P,55.0,0.0,0.01,0.02,4.0,459,2.43750390625,False,2026-09-04 14:36:47+00:00,NVDA261009P00055000
NVDA,2026-09-29,228.86,2026-10-09,P,60.0,0.0,0.01,0.01,2.0,4502,2.3125042187499996,False,2026-09-14 16:54:10+00:00,NVDA261009P00060000
NVDA,2026-09-29,228.86,2026-10-09,P,65.0,0.0,0.01,0.01,5.0,15,2.1875045312499997,False,2026-09-24 17:34:51+00:00,NVDA261009P00065000
NVDA,2026-09-29,228.86,2026-10-09,P,75.0,0.0,0.01,0.01,1462.0,897,1.9375003125,False,2026-09-28 19:56:34+00:00,NVDA261009P00075000
NVDA,2026-09-29,228.86,2026-10-09,P,80.0,0.0,0.01,0.01,244.0,368,1.8125009374999999,False,2026-09-28 19:56:33+00:00,NVDA261009P00080000
NVDA,2026-09-29,228.86,2026-10-09,P,85.0,0.0,0.01,0.01,59.0,626,1.71875140625,False,2026-09-28 19:56:33+00:00,NVDA261009P00085000
NVDA,2026-09-29,228.86,2026-10-09,P,90.0,0.0,0.01,0.01,23.0,70,1.625001875,False,2026-09-28 19:56:33+00:00,NVDA261009P00090000
NVDA,2026-09-29,228.86,2026-10-09,P,95.0,0.0,0.02,0.01,2.0,508,1.625001875,False,2026-09-28 19:56:33+00:00,NVDA261009P00095000
NVDA,2026-09-29,228.86,2026-10-09,P,100.0,0.0,0.02,0.01,2380.0,327,1.5312523437499999,False,2026-09-28 19:52:33+00:00,NVDA261009P00100000
NVDA,2026-09-29,228.86,2026-10-09,P,105.0,0.01,0.02,0.01,28.0,245,1.5000025,False,2026-09-28 18:34:47+00:00,NVDA261009P00105000
NVDA,2026-09-29,228.86,2026-10-09,P,110.0,0.01,0.02,0.02,4.0,118,1.40625296875,False,2026-09-28 17:27:22+00:00,NVDA261009P00110000
NVDA,2026-09-29,228.86,2026-10-09,P,115.0,0.01,0.02,0.02,12.0,18926,1.3281283593749997,False,2026-09-28 15:35:18+00:00,NVDA261009P00115000
NVDA,2026-09-29,228.86,2026-10-09,P,120.0,0.01,0.02,0.02,2508.0,8517,1.2500037499999999,False,2026-09-28 15:31:00+00:00,NVDA261009P00120000
NVDA,2026-09-29,228.86,2026-10-09,P,125.0,0.01,0.03,0.02,37.0,1606,1.203128984375,False,2026-09-28 19:06:39+00:00,NVDA261009P00125000
NVDA,2026-09-29,228.86,2026-10-09,P,130.0,0.02,0.03,0.02,8.0,686,1.15625421875,False,2026-09-28 16:52:10+00:00,NVDA261009P00130000
NVDA,2026-09-29,228.86,2026-10-09,P,135.0,0.01,0.03,0.02,10.0,1227,1.0625046875000002,False,2026-09-28 17:21:35+00:00,NVDA261009P00135000
NVDA,2026-09-29,228.86,2026-10-09,P,140.0,0.01,0.03,0.03,8.0,998,0.992187578125,False,2026-09-28 15:10:50+00:00,NVDA261009P00140000
NVDA,2026-09-29,228.86,2026-10-09,P,145.0,0.02,0.03,0.03,13.0,1050,0.945313046875,False,2026-09-28 15:32:14+00:00,NVDA261009P00145000
NVDA,2026-09-29,228.86,2026-10-09,P,150.0,0.02,0.04,0.03,103.0,688,0.8984385156249999,False,2026-09-28 17:34:11+00:00,NVDA261009P00150000
NVDA,2026-09-29,228.86,2026-10-09,P,155.0,0.02,0.04,0.03,3.0,849,0.8359391406249999,False,2026-09-28 15:10:18+00:00,NVDA261009P00155000
NVDA,2026-09-29,228.86,2026-10-09,P,160.0,0.02,0.04,0.04,2293.0,1264,0.773439765625,False,2026-09-28 18:33:06+00:00,NVDA261009P00160000
NVDA,2026-09-29,228.86,2026-10-09,P,165.0,0.04,0.05,0.05,234.0,1381,0.7421900781249999,False,2026-09-28 19:31:54+00:00,NVDA261009P00165000
NVDA,2026-09-29,228.86,2026-10-09,P,170.0,0.04,0.06,0.05,62.0,1392,0.6914093359375001,False,2026-09-28 19:49:42+00:00,NVDA261009P00170000
NVDA,2026-09-29,228.86,2026-10-09,P,175.0,0.05,0.07,0.06,633.0,1767,0.6425816992187501,False,2026-09-28 19:50:39+00:00,NVDA261009P00175000
NVDA,2026-09-29,228.86,2026-10-09,P,180.0,0.07,0.09,0.07,141.0,1456,0.6035195898437502,False,2026-09-28 19:48:36+00:00,NVDA261009P00180000
NVDA,2026-09-29,228.86,2026-10-09,P,185.0,0.09,0.11,0.1,372.0,3211,0.5585981640625001,False,2026-09-28 19:47:30+00:00,NVDA261009P00185000
NVDA,2026-09-29,228.86,2026-10-09,P,190.0,0.13,0.15,0.13,926.0,5460,0.5224657128906249,False,2026-09-28 19:56:26+00:00,NVDA261009P00190000
NVDA,2026-09-29,228.86,2026-10-09,P,195.0,0.18,0.2,0.19,1494.0,5889,0.48682153808593753,False,2026-09-28 19:57:12+00:00,NVDA261009P00195000
NVDA,2026-09-29,228.86,2026-10-09,P,197.5,0.21,0.23,0.22,318.0,383,0.46484910156250003,False,2026-09-28 19:52:57+00:00,NVDA261009P00197500
NVDA,2026-09-29,228.86,2026-10-09,P,200.0,0.26,0.28,0.27,2043.0,5685,0.44775942871093743,False,2026-09-28 19:59:17+00:00,NVDA261009P00200000
NVDA,2026-09-29,228.86,2026-10-09,P,202.5,0.32,0.34,0.32,773.0,651,0.43018147949218755,False,2026-09-28 19:43:21+00:00,NVDA261009P00202500
NVDA,2026-09-29,228.86,2026-10-09,P,205.0,0.39,0.42,0.41,881.0,5753,0.41309180664062495,False,2026-09-28 19:57:12+00:00,NVDA261009P00205000
NVDA,2026-09-29,228.86,2026-10-09,P,207.5,0.49,0.52,0.45,725.0,1944,0.39600213378906257,False,2026-09-28 19:29:58+00:00,NVDA261009P00207500
NVDA,2026-09-29,228.86,2026-10-09,P,210.0,0.62,0.66,0.65,2640.0,6511,0.3811097045898437,False,2026-09-28 19:59:31+00:00,NVDA261009P00210000
NVDA,2026-09-29,228.86,2026-10-09,P,212.5,0.81,0.84,0.82,8646.0,2050,0.36597313720703123,False,2026-09-28 19:59:42+00:00,NVDA261009P00212500
NVDA,2026-09-29,228.86,2026-10-09,P,215.0,1.06,1.09,1.07,2647.0,9214,0.3529117443847656,False,2026-09-28 19:57:54+00:00,NVDA261009P00215000
NVDA,2026-09-29,228.86,2026-10-09,P,217.5,1.4,1.44,1.43,2561.0,1409,0.34229173339843744,False,2026-09-28 19:59:15+00:00,NVDA261009P00217500
NVDA,2026-09-29,228.86,2026-10-09,P,220.0,1.86,1.9,1.9,5532.0,6015,0.3325262060546875,False,2026-09-28 19:59:57+00:00,NVDA261009P00220000
NVDA,2026-09-29,228.86,2026-10-09,P,222.5,2.45,2.5,2.45,2267.0,2357,0.3236151623535155,False,2026-09-28 19:56:11+00:00,NVDA261009P00222500
NVDA,2026-09-29,228.86,2026-10-09,P,225.0,3.2,3.3,3.24,5881.0,3597,0.3178779150390625,False,2026-09-28 19:59:13+00:00,NVDA261009P00225000
NVDA,2026-09-29,228.86,2026-10-09,P,227.5,4.15,4.25,4.2,1894.0,541,0.3100654931640625,False,2026-09-28 19:59:29+00:00,NVDA261009P00227500
NVDA,2026-09-29,228.86,2026-10-09,P,230.0,5.3,5.45,5.35,4931.0,2791,0.3057930749511719,True,2026-09-28 19:59:32+00:00,NVDA261009P00230000
NVDA,2026-09-29,228.86,2026-10-09,P,232.5,6.7,6.85,6.7,1403.0,145,0.3012765185546875,True,2026-09-28 19:59:04+00:00,NVDA261009P00232500
NVDA,2026-09-29,228.86,2026-10-09,P,235.0,8.3,8.45,8.39,555.0,1902,0.2966378930664062,True,2026-09-28 19:59:08+00:00,NVDA261009P00235000
NVDA,2026-09-29,228.86,2026-10-09,P,237.5,9.95,11.25,9.55,97.0,188,0.36914693359375,True,2026-09-28 19:28:42+00:00,NVDA261009P00237500
NVDA,2026-09-29,228.86,2026-10-09,P,240.0,11.9,13.2,11.65,84.0,721,0.3742738354492187,True,2026-09-28 19:27:37+00:00,NVDA261009P00240000
NVDA,2026-09-29,228.86,2026-10-09,P,242.5,14.0,14.5,14.55,66.0,22,0.3042061767578125,True,2026-09-28 19:59:14+00:00,NVDA261009P00242500
NVDA,2026-09-29,228.86,2026-10-09,P,245.0,16.05,17.45,17.0,18.0,166,0.3891662646484375,True,2026-09-28 19:55:00+00:00,NVDA261009P00245000
NVDA,2026-09-29,228.86,2026-10-09,P,250.0,19.7,21.9,21.65,31.0,85,0.39453730468750003,True,2026-09-28 19:55:12+00:00,NVDA261009P00250000
NVDA,2026-09-29,228.86,2026-10-09,P,255.0,24.8,28.05,24.07,19.0,0,0.5964395825195312,True,2026-09-28 17:13:22+00:00,NVDA261009P00255000
NVDA,2026-09-29,228.86,2026-10-09,P,260.0,28.9,33.85,35.89,3.0,3,0.7465845654296875,True,2026-09-24 19:07:40+00:00,NVDA261009P00260000
NVDA,2026-09-29,228.86,2026-10-09,P,265.0,32.45,38.8,39.65,2.0,0,0.8106708386230468,True,2026-09-23 14:24:25+00:00,NVDA261009P00265000
NVDA,2026-09-29,228.86,2026-10-09,P,275.0,43.85,48.75,51.15,1.0,0,0.5136767382812499,True,2026-09-25 14:26:51+00:00,NVDA261009P00275000
NVDA,2026-09-29,228.86,2026-10-09,P,280.0,48.65,53.8,55.43,1.0,0,0.508793974609375,True,2026-09-24 19:59:18+00:00,NVDA261009P00280000
NVDA,2026-09-29,228.86,2026-10-09,P,300.0,69.1,73.7,88.43,,0,0.762697685546875,True,2026-09-14 19:52:29+00:00,NVDA261009P00300000
NVDA,2026-09-29,228.86,2026-10-16,C,5.0,220.2,229.0,211.1,1.0,1,9.769535144042969,True,2026-09-16 16:56:45+00:00,NVDA261016C00005000
NVDA,2026-09-29,228.86,2026-10-16,C,10.0,0.0,0.0,215.0,1.0,0,1.0000000000000003e-05,True,2026-08-13 15:17:59+00:00,NVDA261016C00010000
NVDA,2026-09-29,228.86,2026-10-16,C,15.0,210.2,219.0,214.66,2.0,9,6.4257832177734375,True,2026-08-27 16:41:07+00:00,NVDA261016C00015000
NVDA,2026-09-29,228.86,2026-10-16,C,20.0,184.45,192.45,193.45,20.0,30,1.0000000000000003e-05,True,2026-07-22 16:00:54+00:00,NVDA261016C00020000
NVDA,2026-09-29,228.86,2026-10-16,C,25.0,179.5,187.5,183.0,1.0,2,1.0000000000000003e-05,True,2026-07-23 19:00:26+00:00,NVDA261016C00025000
NVDA,2026-09-29,228.86,2026-10-16,C,30.0,174.5,182.5,173.5,19.0,33,1.0000000000000003e-05,True,2026-07-09 19:00:14+00:00,NVDA261016C00030000
NVDA,2026-09-29,228.86,2026-10-16,C,35.0,190.25,199.0,194.67,30.0,0,4.337895202636719,True,2026-08-27 19:59:39+00:00,NVDA261016C00035000
NVDA,2026-09-29,228.86,2026-10-16,C,40.0,185.25,194.0,179.38,1.0,2,4.025395593261719,True,2026-08-31 16:08:28+00:00,NVDA261016C00040000
NVDA,2026-09-29,228.86,2026-10-16,C,45.0,180.3,189.0,173.9,1.0,24,3.7734380664062503,True,2026-09-10 13:35:14+00:00,NVDA261016C00045000
NVDA,2026-09-29,228.86,2026-10-16,C,50.0,175.3,184.0,175.0,1.0,21,3.5332042919921873,True,2026-09-21 13:47:36+00:00,NVDA261016C00050000
NVDA,2026-09-29,228.86,2026-10-16,C,55.0,170.3,179.0,172.39,1.0,3,3.3164079589843745,True,2026-09-03 14:31:54+00:00,NVDA261016C00055000
NVDA,2026-09-29,228.86,2026-10-16,C,60.0,165.3,174.0,165.15,1.0,5,3.1210959472656246,True,2026-09-23 19:02:25+00:00,NVDA261016C00060000
NVDA,2026-09-29,228.86,2026-10-16,C,65.0,160.3,169.0,162.65,10.0,25,2.9433620166015624,True,2026-09-21 19:32:39+00:00,NVDA261016C00065000
NVDA,2026-09-29,228.86,2026-10-16,C,70.0,155.8,162.25,159.05,10.0,12,2.220707573242187,True,2026-09-16 19:40:54+00:00,NVDA261016C00070000
NVDA,2026-09-29,228.86,2026-10-16,C,75.0,150.8,157.25,154.26,4.0,20,2.0976610058593748,True,2026-09-28 19:58:22+00:00,NVDA261016C00075000
NVDA,2026-09-29,228.86,2026-10-16,C,80.0,145.45,154.0,145.21,21.0,230,2.522464631347656,True,2026-09-25 18:25:57+00:00,NVDA261016C00080000
NVDA,2026-09-29,228.86,2026-10-16,C,85.0,140.4,149.0,140.07,3.0,12,2.3759806225585933,True,2026-09-25 18:26:05+00:00,NVDA261016C00085000
NVDA,2026-09-29,228.86,2026-10-16,C,90.0,135.4,143.4,135.4,83.0,129,2.090825085449218,True,2026-09-25 18:32:31+00:00,NVDA261016C00090000
NVDA,2026-09-29,228.86,2026-10-16,C,95.0,130.4,139.0,129.33,15.0,49,2.1298874877929688,True,2026-09-21 14:35:42+00:00,NVDA261016C00095000
NVDA,2026-09-29,228.86,2026-10-16,C,100.0,125.5,129.55,128.58,9.0,144,1.9501955615234376,True,2026-09-28 19:58:22+00:00,NVDA261016C00100000
NVDA,2026-09-29,228.86,2026-10-16,C,105.0,120.45,129.0,117.41,2.0,75,1.919922275390625,True,2026-09-24 16:14:28+00:00,NVDA261016C00105000
NVDA,2026-09-29,228.86,2026-10-16,C,110.0,115.45,124.0,113.48,220.0,248,1.8168954467773437,True,2026-09-24 16:38:25+00:00,NVDA261016C00110000
NVDA,2026-09-29,228.86,2026-10-16,C,115.0,110.95,119.0,116.22,1.0,83,1.8017588037109373,True,2026-09-28 19:27:42+00:00,NVDA261016C00115000
NVDA,2026-09-29,228.86,2026-10-16,C,120.0,105.95,112.6,110.77,1.0,251,1.435549697265625,True,2026-09-28 14:47:47+00:00,NVDA261016C00120000
NVDA,2026-09-29,228.86,2026-10-16,C,125.0,100.5,109.0,105.08,1.0,291,1.5419944775390624,True,2026-09-22 17:02:20+00:00,NVDA261016C00125000
NVDA,2026-09-29,228.86,2026-10-16,C,130.0,95.6,100.5,101.38,2.0,286,1.646486142578125,True,2026-09-24 17:05:59+00:00,NVDA261016C00130000
NVDA,2026-09-29,228.86,2026-10-16,C,135.0,91.4,96.9,95.86,7.0,292,1.1347699511718752,True,2026-09-28 14:42:40+00:00,NVDA261016C00135000
NVDA,2026-09-29,228.86,2026-10-16,C,140.0,86.2,92.15,89.55,2.0,433,1.0781296093750001,True,2026-09-25 19:19:47+00:00,NVDA261016C00140000
NVDA,2026-09-29,228.86,2026-10-16,C,145.0,81.25,88.1,86.65,2.0,349,1.1889688989257814,True,2026-09-28 14:19:05+00:00,NVDA261016C00145000
NVDA,2026-09-29,228.86,2026-10-16,C,150.0,76.2,83.05,81.13,2.0,1199,1.0996138769531252,True,2026-09-28 17:43:30+00:00,NVDA261016C00150000
NVDA,2026-09-29,228.86,2026-10-16,C,155.0,72.0,76.55,75.16,12.0,4621,0.9194343994140625,True,2026-09-28 19:31:11+00:00,NVDA261016C00155000
NVDA,2026-09-29,228.86,2026-10-16,C,160.0,67.5,71.7,69.75,3.0,5266,0.9497075341796875,True,2026-09-28 14:33:01+00:00,NVDA261016C00160000
NVDA,2026-09-29,228.86,2026-10-16,C,165.0,61.05,66.85,65.82,10.0,606,0.63086306640625,True,2026-09-28 17:44:26+00:00,NVDA261016C00165000
NVDA,2026-09-29,228.86,2026-10-16,C,170.0,56.15,61.3,59.08,22.0,1643,1.0808151428222659,True,2026-09-28 19:42:17+00:00,NVDA261016C00170000
NVDA,2026-09-29,228.86,2026-10-16,C,175.0,52.95,56.4,55.8,64.0,2379,0.7624535473632813,True,2026-09-28 19:13:23+00:00,NVDA261016C00175000
NVDA,2026-09-29,228.86,2026-10-16,C,180.0,47.45,51.15,49.07,111.0,106416,0.6152382226562501,True,2026-09-28 19:16:56+00:00,NVDA261016C00180000
NVDA,2026-09-29,228.86,2026-10-16,C,185.0,41.05,44.9,45.36,9.0,2290,0.6684603466796877,True,2026-09-28 18:58:04+00:00,NVDA261016C00185000
NVDA,2026-09-29,228.86,2026-10-16,C,190.0,38.8,39.95,39.39,98.0,3552,0.5141650146484374,True,2026-09-28 19:47:43+00:00,NVDA261016C00190000
NVDA,2026-09-29,228.86,2026-10-16,C,195.0,33.85,35.05,35.34,119.0,7093,0.5554243676757813,True,2026-09-28 19:28:23+00:00,NVDA261016C00195000
NVDA,2026-09-29,228.86,2026-10-16,C,197.5,28.6,36.05,33.86,2.0,6,0.8291032714843749,True,2026-09-28 16:07:14+00:00,NVDA261016C00197500
NVDA,2026-09-29,228.86,2026-10-16,C,200.0,29.55,30.15,29.75,1971.0,10654,0.4995167236328125,True,2026-09-28 19:58:12+00:00,NVDA261016C00200000
NVDA,2026-09-29,228.86,2026-10-16,C,202.5,25.9,28.95,28.85,8.0,8,0.5844768115234374,True,2026-09-28 17:43:07+00:00,NVDA261016C00202500
NVDA,2026-09-29,228.86,2026-10-16,C,205.0,24.85,25.3,24.75,271.0,9004,0.4461725305175781,True,2026-09-28 19:45:20+00:00,NVDA261016C00205000
NVDA,2026-09-29,228.86,2026-10-16,C,207.5,21.55,23.1,22.66,28.0,171,0.4379939013671875,True,2026-09-28 19:38:08+00:00,NVDA261016C00207500
NVDA,2026-09-29,228.86,2026-10-16,C,210.0,20.35,20.85,20.45,502.0,17963,0.4215145739746094,True,2026-09-28 19:58:12+00:00,NVDA261016C00210000
NVDA,2026-09-29,228.86,2026-10-16,C,212.5,16.95,18.45,17.8,112.0,447,0.3909973010253906,True,2026-09-28 19:54:18+00:00,NVDA261016C00212500
NVDA,2026-09-29,228.86,2026-10-16,C,215.0,16.0,16.3,16.34,3528.0,26642,0.37622694091796877,True,2026-09-28 19:54:40+00:00,NVDA261016C00215000
NVDA,2026-09-29,228.86,2026-10-16,C,217.5,14.05,14.4,14.2,491.0,898,0.37280900634765624,True,2026-09-28 19:59:24+00:00,NVDA261016C00217500
NVDA,2026-09-29,228.86,2026-10-16,C,220.0,12.1,12.8,12.25,4122.0,106720,0.3802552209472656,True,2026-09-28 19:59:52+00:00,NVDA261016C00220000
NVDA,2026-09-29,228.86,2026-10-16,C,222.5,10.35,10.6,10.33,722.0,2161,0.3482731188964844,True,2026-09-28 19:55:48+00:00,NVDA261016C00222500
NVDA,2026-09-29,228.86,2026-10-16,C,225.0,8.75,8.95,8.83,5505.0,30937,0.3407048352050781,True,2026-09-28 19:59:23+00:00,NVDA261016C00225000
NVDA,2026-09-29,228.86,2026-10-16,C,227.5,7.25,7.45,7.35,1070.0,2255,0.33386896606445315,True,2026-09-28 19:59:56+00:00,NVDA261016C00227500
NVDA,2026-09-29,228.86,2026-10-16,C,230.0,6.05,6.1,6.1,16608.0,60549,0.32739930419921875,False,2026-09-28 19:59:58+00:00,NVDA261016C00230000
NVDA,2026-09-29,228.86,2026-10-16,C,232.5,4.85,4.95,4.88,4140.0,3472,0.32355412780761705,False,2026-09-28 19:59:52+00:00,NVDA261016C00232500
NVDA,2026-09-29,228.86,2026-10-16,C,235.0,3.85,3.95,3.85,13103.0,49459,0.3197089514160155,False,2026-09-28 19:59:47+00:00,NVDA261016C00235000
NVDA,2026-09-29,228.86,2026-10-16,C,237.5,3.0,3.1,3.05,2900.0,4148,0.3162299822998046,False,2026-09-28 19:59:16+00:00,NVDA261016C00237500
NVDA,2026-09-29,228.86,2026-10-16,C,240.0,2.34,2.38,2.34,17517.0,64727,0.3122627368164062,False,2026-09-28 19:59:52+00:00,NVDA261016C00240000
NVDA,2026-09-29,228.86,2026-10-16,C,242.5,1.78,1.82,1.81,4288.0,2308,0.31055376953124997,False,2026-09-28 19:59:16+00:00,NVDA261016C00242500
NVDA,2026-09-29,228.86,2026-10-16,C,245.0,1.34,1.38,1.34,8836.0,37884,0.3096992858886719,False,2026-09-28 19:59:25+00:00,NVDA261016C00245000
NVDA,2026-09-29,228.86,2026-10-16,C,247.5,1.0,1.04,1.04,1605.0,618,0.3096992858886719,False,2026-09-28 19:58:06+00:00,NVDA261016C00247500
NVDA,2026-09-29,228.86,2026-10-16,C,250.0,0.75,0.78,0.78,19387.0,70479,0.3103096313476562,False,2026-09-28 19:59:44+00:00,NVDA261016C00250000
NVDA,2026-09-29,228.86,2026-10-16,C,255.0,0.42,0.44,0.42,3201.0,24249,0.3142158422851562,False,2026-09-28 19:58:27+00:00,NVDA261016C00255000
NVDA,2026-09-29,228.86,2026-10-16,C,260.0,0.24,0.26,0.25,6727.0,68687,0.32227240234374993,False,2026-09-28 19:59:31+00:00,NVDA261016C00260000
NVDA,2026-09-29,228.86,2026-10-16,C,265.0,0.14,0.17,0.16,1594.0,11523,0.3354558642578125,False,2026-09-28 19:57:08+00:00,NVDA261016C00265000
NVDA,2026-09-29,228.86,2026-10-16,C,270.0,0.1,0.11,0.1,1545.0,19841,0.34766277343749996,False,2026-09-28 19:59:17+00:00,NVDA261016C00270000
NVDA,2026-09-29,228.86,2026-10-16,C,275.0,0.06,0.08,0.07,382.0,9058,0.3632876171875,False,2026-09-28 19:47:39+00:00,NVDA261016C00275000
NVDA,2026-09-29,228.86,2026-10-16,C,280.0,0.05,0.06,0.06,532.0,19558,0.38086556640624997,False,2026-09-28 19:52:32+00:00,NVDA261016C00280000
NVDA,2026-09-29,228.86,2026-10-16,C,285.0,0.02,0.04,0.04,561.0,4889,0.39063109375,False,2026-09-28 19:37:39+00:00,NVDA261016C00285000
NVDA,2026-09-29,228.86,2026-10-16,C,290.0,0.02,0.03,0.03,326.0,12024,0.40430283203125,False,2026-09-28 19:47:27+00:00,NVDA261016C00290000
NVDA,2026-09-29,228.86,2026-10-16,C,295.0,0.01,0.02,0.02,235.0,6413,0.414068359375,False,2026-09-28 19:31:55+00:00,NVDA261016C00295000
NVDA,2026-09-29,228.86,2026-10-16,C,300.0,0.01,0.02,0.01,313.0,15425,0.437505625,False,2026-09-28 19:13:25+00:00,NVDA261016C00300000
NVDA,2026-09-29,228.86,2026-10-16,C,305.0,0.01,0.02,0.01,1.0,2319,0.46094289062500005,False,2026-09-25 15:42:17+00:00,NVDA261016C00305000
NVDA,2026-09-29,228.86,2026-10-16,C,310.0,0.0,0.02,0.01,20.0,4658,0.48438015625,False,2026-09-28 17:39:47+00:00,NVDA261016C00310000
NVDA,2026-09-29,228.86,2026-10-16,C,315.0,0.0,0.01,0.01,101.0,1463,0.476567734375,False,2026-09-28 19:56:19+00:00,NVDA261016C00315000
NVDA,2026-09-29,228.86,2026-10-16,C,320.0,0.0,0.01,0.02,51.0,2099,0.500005,False,2026-09-24 16:41:31+00:00,NVDA261016C00320000
NVDA,2026-09-29,228.86,2026-10-16,C,325.0,0.0,0.01,0.02,1.0,147,0.51562984375,False,2026-09-22 14:40:59+00:00,NVDA261016C00325000
NVDA,2026-09-29,228.86,2026-10-16,C,330.0,0.0,0.01,0.02,5.0,2115,0.51562984375,False,2026-09-28 13:51:57+00:00,NVDA261016C00330000
NVDA,2026-09-29,228.86,2026-10-16,C,335.0,0.0,0.01,0.01,10.0,759,0.5312546875,False,2026-09-18 14:22:39+00:00,NVDA261016C00335000
NVDA,2026-09-29,228.86,2026-10-16,C,340.0,0.0,0.01,0.01,294.0,2357,0.5468795312500001,False,2026-09-28 18:57:55+00:00,NVDA261016C00340000
NVDA,2026-09-29,228.86,2026-10-16,C,345.0,0.0,0.01,0.01,100.0,875,0.5625043750000001,False,2026-09-21 14:28:32+00:00,NVDA261016C00345000
NVDA,2026-09-29,228.86,2026-10-16,C,350.0,0.0,0.01,0.01,6.0,11879,0.57812921875,False,2026-09-28 13:44:12+00:00,NVDA261016C00350000
NVDA,2026-09-29,228.86,2026-10-16,C,355.0,0.0,0.01,0.01,606.0,516,0.5937540625000001,False,2026-09-21 15:13:04+00:00,NVDA261016C00355000
NVDA,2026-09-29,228.86,2026-10-16,C,360.0,0.0,0.01,0.01,400.0,4848,0.6250037500000001,False,2026-09-21 14:14:22+00:00,NVDA261016C00360000
NVDA,2026-09-29,228.86,2026-10-16,C,365.0,0.0,0.01,0.01,1025.0,1687,0.64062859375,False,2026-09-18 19:09:11+00:00,NVDA261016C00365000
NVDA,2026-09-29,228.86,2026-10-16,C,370.0,0.0,0.01,0.01,508.0,2703,0.6562534375000001,False,2026-09-28 16:47:06+00:00,NVDA261016C00370000
NVDA,2026-09-29,228.86,2026-10-16,C,375.0,0.0,0.01,0.01,487.0,1117,0.6718782812500002,False,2026-09-18 13:37:52+00:00,NVDA261016C00375000
NVDA,2026-09-29,228.86,2026-10-16,C,380.0,0.0,0.01,0.01,12.0,2019,0.6875031250000001,False,2026-09-21 17:33:29+00:00,NVDA261016C00380000
NVDA,2026-09-29,228.86,2026-10-16,C,385.0,0.0,0.01,0.01,7.0,155,0.70312796875,False,2026-09-17 16:41:49+00:00,NVDA261016C00385000
NVDA,2026-09-29,228.86,2026-10-16,C,390.0,0.0,0.01,0.01,1.0,1828,0.7187528125,False,2026-09-22 13:30:15+00:00,NVDA261016C00390000
NVDA,2026-09-29,228.86,2026-10-16,C,395.0,0.0,0.01,0.01,1.0,22,0.73437765625,False,2026-09-03 16:46:58+00:00,NVDA261016C00395000
NVDA,2026-09-29,228.86,2026-10-16,C,400.0,0.0,0.01,0.01,5.0,8306,0.7500025,False,2026-09-25 14:17:01+00:00,NVDA261016C00400000
NVDA,2026-09-29,228.86,2026-10-16,C,405.0,0.0,0.01,0.01,1.0,12,0.7656273437500001,False,2026-09-03 18:32:52+00:00,NVDA261016C00405000
NVDA,2026-09-29,228.86,2026-10-16,C,410.0,0.0,0.01,0.01,4.0,1330,0.7812521875,False,2026-09-22 19:37:21+00:00,NVDA261016C00410000
NVDA,2026-09-29,228.86,2026-10-16,C,415.0,0.0,0.01,0.01,1.0,54,0.7812521875,False,2026-09-24 13:31:10+00:00,NVDA261016C00415000
NVDA,2026-09-29,228.86,2026-10-16,C,420.0,0.0,0.01,0.01,1.0,544,0.8125018749999999,False,2026-09-25 16:45:14+00:00,NVDA261016C00420000
NVDA,2026-09-29,228.86,2026-10-16,C,430.0,0.0,0.01,0.02,1.0,275,0.8437515624999999,False,2026-09-04 19:51:10+00:00,NVDA261016C00430000
NVDA,2026-09-29,228.86,2026-10-16,C,435.0,0.0,0.01,0.04,,143,0.8437515624999999,False,2026-09-11 13:32:16+00:00,NVDA261016C00435000
NVDA,2026-09-29,228.86,2026-10-16,C,440.0,0.0,0.01,0.01,1.0,671,0.85937640625,False,2026-09-28 13:33:12+00:00,NVDA261016C00440000
NVDA,2026-09-29,228.86,2026-10-16,C,450.0,0.0,0.01,0.01,1.0,860,0.8906260937499999,False,2026-09-28 13:37:39+00:00,NVDA261016C00450000
NVDA,2026-09-29,228.86,2026-10-16,C,455.0,0.0,0.01,0.03,85.0,752,0.9062509375,False,2026-09-11 13:32:16+00:00,NVDA261016C00455000
NVDA,2026-09-29,228.86,2026-10-16,C,460.0,0.0,0.01,0.01,6.0,17134,0.9062509375,False,2026-09-28 18:45:36+00:00,NVDA261016C00460000
NVDA,2026-09-29,228.86,2026-10-16,P,5.0,0.0,0.01,0.02,1.0,4024,5.250003437499999,False,2026-07-08 15:59:47+00:00,NVDA261016P00005000
NVDA,2026-09-29,228.86,2026-10-16,P,10.0,0.0,0.01,0.01,,10,4.2500046875,False,2026-07-28 17:46:06+00:00,NVDA261016P00010000
NVDA,2026-09-29,228.86,2026-10-16,P,20.0,0.0,0.01,0.01,1.0,502,3.2500018749999997,False,2026-08-26 17:09:10+00:00,NVDA261016P00020000
NVDA,2026-09-29,228.86,2026-10-16,P,25.0,0.0,0.03,0.03,10.0,30,3.2500018749999997,False,2026-07-29 15:24:12+00:00,NVDA261016P00025000
NVDA,2026-09-29,228.86,2026-10-16,P,30.0,0.0,0.0,0.02,1.0,0,0.500005,False,2026-05-22 15:19:22+00:00,NVDA261016P00030000
NVDA,2026-09-29,228.86,2026-10-16,P,35.0,0.0,0.01,0.02,7.0,40,2.50000375,False,2026-09-16 19:58:25+00:00,NVDA261016P00035000
NVDA,2026-09-29,228.86,2026-10-16,P,40.0,0.0,0.01,0.01,2.0,269,2.3125042187499996,False,2026-08-26 18:22:31+00:00,NVDA261016P00040000
NVDA,2026-09-29,228.86,2026-10-16,P,45.0,0.0,0.01,0.01,12.0,82,2.1875045312499997,False,2026-09-16 19:57:22+00:00,NVDA261016P00045000
NVDA,2026-09-29,228.86,2026-10-16,P,50.0,0.0,0.01,0.01,501.0,1487,2.0625048437499998,False,2026-09-15 17:18:50+00:00,NVDA261016P00050000
NVDA,2026-09-29,228.86,2026-10-16,P,55.0,0.0,0.02,0.01,1.0,7234,2.031254921875,False,2026-09-25 17:24:55+00:00,NVDA261016P00055000
NVDA,2026-09-29,228.86,2026-10-16,P,60.0,0.0,0.02,0.01,1.0,1746,1.9062504687500001,False,2026-09-22 16:12:27+00:00,NVDA261016P00060000
NVDA,2026-09-29,228.86,2026-10-16,P,65.0,0.0,0.02,0.01,269.0,4571,1.78125109375,False,2026-09-28 19:38:52+00:00,NVDA261016P00065000
NVDA,2026-09-29,228.86,2026-10-16,P,70.0,0.0,0.02,0.01,10.0,7524,1.6875015625,False,2026-09-28 19:38:50+00:00,NVDA261016P00070000
NVDA,2026-09-29,228.86,2026-10-16,P,75.0,0.0,0.02,0.01,10.0,317,1.5937520312499998,False,2026-09-23 17:26:32+00:00,NVDA261016P00075000
NVDA,2026-09-29,228.86,2026-10-16,P,80.0,0.0,0.02,0.01,15.0,506,1.5000025,False,2026-09-28 15:43:38+00:00,NVDA261016P00080000
NVDA,2026-09-29,228.86,2026-10-16,P,85.0,0.01,0.03,0.02,413.0,1028,1.5000025,False,2026-09-28 19:47:12+00:00,NVDA261016P00085000
NVDA,2026-09-29,228.86,2026-10-16,P,90.0,0.01,0.02,0.01,10.0,2481,1.3906280468749999,False,2026-09-28 15:35:11+00:00,NVDA261016P00090000
NVDA,2026-09-29,228.86,2026-10-16,P,95.0,0.01,0.03,0.02,190.0,1400,1.3437532812499997,False,2026-09-28 19:56:33+00:00,NVDA261016P00095000
NVDA,2026-09-29,228.86,2026-10-16,P,100.0,0.01,0.04,0.02,25.0,5352,1.2968785156249998,False,2026-09-28 13:57:50+00:00,NVDA261016P00100000
NVDA,2026-09-29,228.86,2026-10-16,P,105.0,0.02,0.04,0.02,130.0,1735,1.2421912890624998,False,2026-09-28 19:56:33+00:00,NVDA261016P00105000
NVDA,2026-09-29,228.86,2026-10-16,P,110.0,0.02,0.03,0.02,20.0,8830,1.15625421875,False,2026-09-28 13:30:01+00:00,NVDA261016P00110000
NVDA,2026-09-29,228.86,2026-10-16,P,115.0,0.02,0.03,0.03,1114.0,10276,1.0859420703125,False,2026-09-28 19:37:08+00:00,NVDA261016P00115000
NVDA,2026-09-29,228.86,2026-10-16,P,120.0,0.03,0.04,0.04,132.0,19110,1.05859845703125,False,2026-09-28 19:46:56+00:00,NVDA261016P00120000
NVDA,2026-09-29,228.86,2026-10-16,P,125.0,0.03,0.05,0.04,1.0,8337,1.0078174609375,False,2026-09-28 14:15:20+00:00,NVDA261016P00125000
NVDA,2026-09-29,228.86,2026-10-16,P,130.0,0.04,0.05,0.04,11.0,7060,0.9609378906249999,False,2026-09-28 18:35:59+00:00,NVDA261016P00130000
NVDA,2026-09-29,228.86,2026-10-16,P,135.0,0.04,0.05,0.05,267.0,5878,0.8984385156249999,False,2026-09-28 19:23:51+00:00,NVDA261016P00135000
NVDA,2026-09-29,228.86,2026-10-16,P,140.0,0.05,0.07,0.06,58.0,19384,0.8710950390625,False,2026-09-28 16:13:11+00:00,NVDA261016P00140000
NVDA,2026-09-29,228.86,2026-10-16,P,145.0,0.05,0.07,0.07,8.0,11574,0.8125018749999999,False,2026-09-28 19:28:25+00:00,NVDA261016P00145000
NVDA,2026-09-29,228.86,2026-10-16,P,150.0,0.06,0.08,0.07,95.0,27802,0.77148666015625,False,2026-09-28 19:59:57+00:00,NVDA261016P00150000
NVDA,2026-09-29,228.86,2026-10-16,P,155.0,0.07,0.09,0.08,31.0,12589,0.72851833984375,False,2026-09-28 19:55:48+00:00,NVDA261016P00155000
NVDA,2026-09-29,228.86,2026-10-16,P,160.0,0.08,0.11,0.09,174.0,18179,0.6894562304687502,False,2026-09-28 19:46:11+00:00,NVDA261016P00160000
NVDA,2026-09-29,228.86,2026-10-16,P,165.0,0.1,0.12,0.11,168.0,25450,0.648441015625,False,2026-09-28 19:34:16+00:00,NVDA261016P00165000
NVDA,2026-09-29,228.86,2026-10-16,P,170.0,0.12,0.14,0.14,475.0,31276,0.6084023535156251,False,2026-09-28 19:18:00+00:00,NVDA261016P00170000
NVDA,2026-09-29,228.86,2026-10-16,P,175.0,0.14,0.16,0.15,500.0,20035,0.567387138671875,False,2026-09-28 19:57:11+00:00,NVDA261016P00175000
NVDA,2026-09-29,228.86,2026-10-16,P,180.0,0.18,0.2,0.18,392.0,35009,0.5336960693359375,False,2026-09-28 19:57:56+00:00,NVDA261016P00180000
NVDA,2026-09-29,228.86,2026-10-16,P,185.0,0.21,0.24,0.23,2086.0,20972,0.499028447265625,False,2026-09-28 19:55:00+00:00,NVDA261016P00185000
NVDA,2026-09-29,228.86,2026-10-16,P,190.0,0.28,0.3,0.28,2760.0,25362,0.4633842724609375,False,2026-09-28 19:58:21+00:00,NVDA261016P00190000
NVDA,2026-09-29,228.86,2026-10-16,P,195.0,0.37,0.4,0.37,1756.0,34536,0.4321345849609375,False,2026-09-28 19:54:40+00:00,NVDA261016P00195000
NVDA,2026-09-29,228.86,2026-10-16,P,197.5,0.44,0.47,0.46,401.0,566,0.41748629394531245,False,2026-09-28 19:54:57+00:00,NVDA261016P00197500
NVDA,2026-09-29,228.86,2026-10-16,P,200.0,0.52,0.54,0.54,3145.0,39074,0.4008848974609375,False,2026-09-28 19:59:43+00:00,NVDA261016P00200000
NVDA,2026-09-29,228.86,2026-10-16,P,202.5,0.63,0.66,0.67,293.0,3882,0.38941040283203127,False,2026-09-28 19:53:50+00:00,NVDA261016P00202500
NVDA,2026-09-29,228.86,2026-10-16,P,205.0,0.76,0.8,0.79,3627.0,32559,0.37720349365234374,False,2026-09-28 19:52:02+00:00,NVDA261016P00205000
NVDA,2026-09-29,228.86,2026-10-16,P,207.5,0.94,0.98,0.96,951.0,1517,0.3657289990234375,False,2026-09-28 19:57:05+00:00,NVDA261016P00207500
NVDA,2026-09-29,228.86,2026-10-16,P,210.0,1.17,1.21,1.18,6516.0,30309,0.3552310571289062,False,2026-09-28 19:59:18+00:00,NVDA261016P00210000
NVDA,2026-09-29,228.86,2026-10-16,P,212.5,1.47,1.51,1.55,801.0,1132,0.3461979443359374,False,2026-09-28 19:40:00+00:00,NVDA261016P00212500
NVDA,2026-09-29,228.86,2026-10-16,P,215.0,1.84,1.89,1.87,6273.0,17655,0.33814138427734375,False,2026-09-28 19:58:41+00:00,NVDA261016P00215000
NVDA,2026-09-29,228.86,2026-10-16,P,217.5,2.32,2.36,2.36,704.0,1356,0.3303289624023437,False,2026-09-28 19:58:25+00:00,NVDA261016P00217500
NVDA,2026-09-29,228.86,2026-10-16,P,220.0,2.9,2.95,2.9,6107.0,48509,0.3236151623535155,False,2026-09-28 19:59:41+00:00,NVDA261016P00220000
NVDA,2026-09-29,228.86,2026-10-16,P,222.5,3.6,3.7,3.64,1080.0,1396,0.3193427441406249,False,2026-09-28 19:59:31+00:00,NVDA261016P00222500
NVDA,2026-09-29,228.86,2026-10-16,P,225.0,4.45,4.55,4.5,7837.0,14902,0.3131172204589844,False,2026-09-28 19:59:31+00:00,NVDA261016P00225000
NVDA,2026-09-29,228.86,2026-10-16,P,227.5,5.45,5.55,5.55,1222.0,2225,0.30713583496093744,False,2026-09-28 19:56:26+00:00,NVDA261016P00227500
NVDA,2026-09-29,228.86,2026-10-16,P,230.0,6.6,6.8,6.75,7010.0,13416,0.3057930749511719,True,2026-09-28 19:59:26+00:00,NVDA261016P00230000
NVDA,2026-09-29,228.86,2026-10-16,P,232.5,7.95,8.15,8.05,1052.0,548,0.30152065673828127,True,2026-09-28 19:59:35+00:00,NVDA261016P00232500
NVDA,2026-09-29,228.86,2026-10-16,P,235.0,9.35,9.7,9.75,1008.0,4529,0.29932341308593746,True,2026-09-28 19:45:47+00:00,NVDA261016P00235000
NVDA,2026-09-29,228.86,2026-10-16,P,237.5,10.75,11.6,10.32,49.0,285,0.30847859497070307,True,2026-09-28 17:57:04+00:00,NVDA261016P00237500
NVDA,2026-09-29,228.86,2026-10-16,P,240.0,12.8,13.4,13.07,144.0,3247,0.3050606604003906,True,2026-09-28 19:58:35+00:00,NVDA261016P00240000
NVDA,2026-09-29,228.86,2026-10-16,P,242.5,14.0,15.95,12.91,22.0,4,0.34290207885742185,True,2026-09-28 13:39:12+00:00,NVDA261016P00242500
NVDA,2026-09-29,228.86,2026-10-16,P,245.0,16.8,17.7,15.9,108.0,569,0.32349309326171866,True,2026-09-28 17:26:07+00:00,NVDA261016P00245000
NVDA,2026-09-29,228.86,2026-10-16,P,250.0,21.05,22.6,21.55,103.0,1476,0.3737855590820312,True,2026-09-28 19:30:38+00:00,NVDA261016P00250000
NVDA,2026-09-29,228.86,2026-10-16,P,255.0,24.85,28.2,25.35,22.0,821,0.4781546325683594,True,2026-09-28 18:34:18+00:00,NVDA261016P00255000
NVDA,2026-09-29,228.86,2026-10-16,P,260.0,27.15,34.95,34.3,9.0,95,0.6618686157226563,True,2026-09-25 16:12:29+00:00,NVDA261016P00260000
NVDA,2026-09-29,228.86,2026-10-16,P,265.0,32.6,39.85,35.53,70.0,0,0.711916943359375,True,2026-09-22 18:52:52+00:00,NVDA261016P00265000
NVDA,2026-09-29,228.86,2026-10-16,P,270.0,37.25,44.8,50.72,46.0,4,0.7625756164550781,True,2026-09-17 18:42:35+00:00,NVDA261016P00270000
NVDA,2026-09-29,228.86,2026-10-16,P,275.0,42.15,49.8,49.55,8.0,0,0.81445498046875,True,2026-09-21 15:15:02+00:00,NVDA261016P00275000
NVDA,2026-09-29,228.86,2026-10-16,P,280.0,48.75,53.75,60.21,36.0,0,0.7775901147460937,True,2026-09-10 18:34:04+00:00,NVDA261016P00280000
NVDA,2026-09-29,228.86,2026-10-16,P,285.0,0.0,0.0,65.58,2.0,0,1.0000000000000003e-05,True,2026-08-10 15:57:30+00:00,NVDA261016P00285000
NVDA,2026-09-29,228.86,2026-10-16,P,290.0,57.6,64.8,74.6,2.0,0,0.958740646972656,True,2026-09-01 19:58:28+00:00,NVDA261016P00290000
NVDA,2026-09-29,228.86,2026-10-16,P,295.0,0.0,0.0,79.62,5.0,0,1.0000000000000003e-05,True,2026-08-21 14:36:24+00:00,NVDA261016P00295000
NVDA,2026-09-29,228.86,2026-10-16,P,300.0,67.7,74.75,75.55,1.0,1,0.5127001855468749,True,2026-09-25 19:50:15+00:00,NVDA261016P00300000
NVDA,2026-09-29,228.86,2026-10-16,P,305.0,72.15,79.75,80.57,1.0,0,1.084843442993164,True,2026-09-25 19:50:15+00:00,NVDA261016P00305000
NVDA,2026-09-29,228.86,2026-10-16,P,310.0,0.0,0.0,87.0,22.0,0,1.0000000000000003e-05,True,2026-08-07 19:21:26+00:00,NVDA261016P00310000
NVDA,2026-09-29,228.86,2026-10-16,P,360.0,0.0,0.0,142.25,1.0,0,1.0000000000000003e-05,True,2026-05-29 17:06:51+00:00,NVDA261016P00360000
NVDA,2026-09-29,228.86,2026-10-16,P,370.0,137.15,144.8,146.03,32.0,0,1.5491965899658202,True,2026-08-27 13:34:17+00:00,NVDA261016P00370000
NVDA,2026-09-29,228.86,2026-10-16,P,380.0,0.0,0.0,158.2,30.0,0,1.0000000000000003e-05,True,2026-05-21 18:10:39+00:00,NVDA261016P00380000
NVDA,2026-09-29,228.86,2026-10-16,P,390.0,155.0,163.75,183.33,1.0,0,1.54297103515625,True,2026-08-03 19:53:36+00:00,NVDA261016P00390000
NVDA,2026-09-29,228.86,2026-10-16,P,400.0,167.15,174.8,170.16,1.0,1,1.7219252185058593,True,2026-09-28 19:25:02+00:00,NVDA261016P00400000
NVDA,2026-09-29,228.86,2026-10-16,P,405.0,172.15,179.75,181.28,1.0,0,1.7431653466796875,True,2026-09-25 19:50:17+00:00,NVDA261016P00405000
NVDA,2026-09-29,228.86,2026-10-16,P,410.0,0.0,0.0,182.97,1.0,0,1.0000000000000003e-05,True,2026-08-13 19:50:27+00:00,NVDA261016P00410000
NVDA,2026-09-29,228.86,2026-10-16,P,440.0,229.7,231.95,212.53,,0,3.1231711373901363,True,2026-05-13 16:30:55+00:00,NVDA261016P00440000
NVDA,2026-09-29,228.86,2026-10-16,P,455.0,0.0,0.0,229.4,2.0,0,1.0000000000000003e-05,True,2026-08-13 19:51:57+00:00,NVDA261016P00455000
NVDA,2026-09-29,228.86,2026-10-16,P,460.0,0.0,0.0,234.38,4.0,0,1.0000000000000003e-05,True,2026-08-13 19:51:57+00:00,NVDA261016P00460000
NVDA,2026-09-29,228.86,2026-10-23,C,90.0,135.6,144.0,133.95,,5,1.9467776098632816,True,2026-09-24 19:43:46+00:00,NVDA261023C00090000
NVDA,2026-09-29,228.86,2026-10-23,C,95.0,130.6,139.0,130.85,,2,1.8437507812499998,True,2026-09-08 19:57:02+00:00,NVDA261023C00095000
NVDA,2026-09-29,228.86,2026-10-23,C,110.0,115.65,124.0,114.25,10.0,8,1.5727560424804685,True,2026-09-24 19:42:46+00:00,NVDA261023C00110000
NVDA,2026-09-29,228.86,2026-10-23,C,115.0,110.7,119.0,105.48,1.0,1,1.4951197119140622,True,2026-09-18 15:19:09+00:00,NVDA261023C00115000
NVDA,2026-09-29,228.86,2026-10-23,C,120.0,105.6,113.25,111.52,1.0,81,1.2793004785156248,True,2026-09-28 17:38:22+00:00,NVDA261023C00120000
NVDA,2026-09-29,228.86,2026-10-23,C,130.0,95.75,104.0,90.18,,9,1.2651403930664062,True,2026-09-17 19:42:24+00:00,NVDA261023C00130000
NVDA,2026-09-29,228.86,2026-10-23,C,135.0,90.8,97.85,96.1,1.0,6,1.0361376318359379,True,2026-09-28 14:33:25+00:00,NVDA261023C00135000
NVDA,2026-09-29,228.86,2026-10-23,C,140.0,85.8,94.0,84.78,1.0,12,1.126957490234375,True,2026-09-25 19:19:47+00:00,NVDA261023C00140000
NVDA,2026-09-29,228.86,2026-10-23,C,145.0,80.85,89.0,66.42,,1,1.0634812451171878,True,2026-09-14 14:39:35+00:00,NVDA261023C00145000
NVDA,2026-09-29,228.86,2026-10-23,C,150.0,75.9,84.0,74.78,3.0,39,1.0012256970214843,True,2026-09-25 19:39:20+00:00,NVDA261023C00150000
NVDA,2026-09-29,228.86,2026-10-23,C,155.0,70.9,79.0,74.03,7.0,8,0.9360357958984374,True,2026-09-21 18:52:18+00:00,NVDA261023C00155000
NVDA,2026-09-29,228.86,2026-10-23,C,160.0,65.95,74.0,70.7,1.0,10,0.8764660791015625,True,2026-09-22 17:09:23+00:00,NVDA261023C00160000
NVDA,2026-09-29,228.86,2026-10-23,C,165.0,61.0,69.0,63.6,1.0,12,0.818117053222656,True,2026-09-23 13:56:04+00:00,NVDA261023C00165000
NVDA,2026-09-29,228.86,2026-10-23,C,170.0,56.0,64.0,55.36,1.0,15,0.7568383691406251,True,2026-09-21 14:53:12+00:00,NVDA261023C00170000
NVDA,2026-09-29,228.86,2026-10-23,C,175.0,51.05,59.05,55.75,1.0,61,0.7038603833007813,True,2026-09-28 19:18:50+00:00,NVDA261023C00175000
NVDA,2026-09-29,228.86,2026-10-23,C,180.0,46.15,53.65,44.94,1.0,95,0.6245154736328126,True,2026-09-25 19:41:30+00:00,NVDA261023C00180000
NVDA,2026-09-29,228.86,2026-10-23,C,185.0,41.2,48.7,46.32,1.0,20,0.5737347314453125,True,2026-09-28 18:26:37+00:00,NVDA261023C00185000
NVDA,2026-09-29,228.86,2026-10-23,C,190.0,36.3,41.35,41.05,3.0,205,0.6525913647460939,True,2026-09-28 18:23:49+00:00,NVDA261023C00190000
NVDA,2026-09-29,228.86,2026-10-23,C,195.0,32.65,37.45,37.3,7.0,169,0.6676058630371096,True,2026-09-28 18:22:51+00:00,NVDA261023C00195000
NVDA,2026-09-29,228.86,2026-10-23,C,200.0,29.2,30.85,32.7,38.0,267,0.4836477416992188,True,2026-09-28 16:16:51+00:00,NVDA261023C00200000
NVDA,2026-09-29,228.86,2026-10-23,C,205.0,24.05,26.25,27.1,51.0,325,0.44922425781249997,True,2026-09-28 17:47:27+00:00,NVDA261023C00205000
NVDA,2026-09-29,228.86,2026-10-23,C,210.0,20.95,21.5,21.25,85.0,1323,0.39905386108398444,True,2026-09-28 19:59:06+00:00,NVDA261023C00210000
NVDA,2026-09-29,228.86,2026-10-23,C,215.0,17.0,17.65,17.0,318.0,1643,0.3924621301269531,True,2026-09-28 19:51:01+00:00,NVDA261023C00215000
NVDA,2026-09-29,228.86,2026-10-23,C,220.0,13.0,13.45,13.3,389.0,2499,0.35333898620605464,True,2026-09-28 19:59:06+00:00,NVDA261023C00220000
NVDA,2026-09-29,228.86,2026-10-23,C,225.0,9.85,10.15,10.1,1830.0,6601,0.340826904296875,True,2026-09-28 19:58:44+00:00,NVDA261023C00225000
NVDA,2026-09-29,228.86,2026-10-23,C,230.0,7.1,7.3,7.2,4639.0,4386,0.32807068420410157,False,2026-09-28 19:59:58+00:00,NVDA261023C00230000
NVDA,2026-09-29,228.86,2026-10-23,C,235.0,4.95,5.05,5.0,2843.0,8521,0.31952584777832027,False,2026-09-28 19:59:02+00:00,NVDA261023C00235000
NVDA,2026-09-29,228.86,2026-10-23,C,240.0,3.25,3.35,3.32,3207.0,6393,0.3133613586425781,False,2026-09-28 19:59:01+00:00,NVDA261023C00240000
NVDA,2026-09-29,228.86,2026-10-23,C,245.0,2.08,2.14,2.1,1865.0,7113,0.3094551477050781,False,2026-09-28 19:59:12+00:00,NVDA261023C00245000
NVDA,2026-09-29,228.86,2026-10-23,C,250.0,1.29,1.34,1.32,2582.0,5211,0.30847859497070307,False,2026-09-28 19:59:04+00:00,NVDA261023C00250000
NVDA,2026-09-29,228.86,2026-10-23,C,255.0,0.8,0.84,0.82,2407.0,2121,0.3107979077148437,False,2026-09-28 19:59:35+00:00,NVDA261023C00255000
NVDA,2026-09-29,228.86,2026-10-23,C,260.0,0.48,0.53,0.5,1709.0,2455,0.31519239501953117,False,2026-09-28 19:54:40+00:00,NVDA261023C00260000
NVDA,2026-09-29,228.86,2026-10-23,C,265.0,0.3,0.34,0.34,154.0,560,0.32129584960937496,False,2026-09-28 19:55:43+00:00,NVDA261023C00265000
NVDA,2026-09-29,228.86,2026-10-23,C,270.0,0.2,0.23,0.21,518.0,631,0.33008482421874996,False,2026-09-28 19:51:43+00:00,NVDA261023C00270000
NVDA,2026-09-29,228.86,2026-10-23,C,275.0,0.13,0.16,0.16,401.0,1137,0.3403386279296875,False,2026-09-28 19:44:27+00:00,NVDA261023C00275000
NVDA,2026-09-29,228.86,2026-10-23,C,280.0,0.09,0.12,0.11,118.0,278,0.3530338134765625,False,2026-09-28 19:43:22+00:00,NVDA261023C00280000
NVDA,2026-09-29,228.86,2026-10-23,C,285.0,0.06,0.09,0.07,13.0,429,0.36524072265625,False,2026-09-28 19:38:21+00:00,NVDA261023C00285000
NVDA,2026-09-29,228.86,2026-10-23,C,290.0,0.05,0.07,0.06,119.0,243,0.37695935546875,False,2026-09-28 19:41:23+00:00,NVDA261023C00290000
NVDA,2026-09-29,228.86,2026-10-23,C,295.0,0.03,0.05,0.05,104.0,249,0.38477177734374995,False,2026-09-28 14:07:12+00:00,NVDA261023C00295000
NVDA,2026-09-29,228.86,2026-10-23,C,300.0,0.01,0.04,0.04,60.0,184,0.398443515625,False,2026-09-28 15:10:34+00:00,NVDA261023C00300000
NVDA,2026-09-29,228.86,2026-10-23,C,305.0,0.01,0.04,0.03,1.0,43,0.41992767578125,False,2026-09-25 18:09:47+00:00,NVDA261023C00305000
NVDA,2026-09-29,228.86,2026-10-23,C,310.0,0.01,0.03,0.03,1416.0,1456,0.42578699218750005,False,2026-09-28 19:25:04+00:00,NVDA261023C00310000
NVDA,2026-09-29,228.86,2026-10-23,C,315.0,0.0,0.03,0.02,60.0,6,0.44727115234375,False,2026-09-28 17:15:34+00:00,NVDA261023C00315000
NVDA,2026-09-29,228.86,2026-10-23,C,320.0,0.01,0.03,0.02,2.0,207,0.46484910156250003,False,2026-09-23 13:46:20+00:00,NVDA261023C00320000
NVDA,2026-09-29,228.86,2026-10-23,C,325.0,0.0,0.03,0.01,58.0,236,0.48438015625,False,2026-09-23 17:59:45+00:00,NVDA261023C00325000
NVDA,2026-09-29,228.86,2026-10-23,C,330.0,0.0,0.03,0.01,1.0,12,0.5039112109375,False,2026-09-21 19:59:07+00:00,NVDA261023C00330000
NVDA,2026-09-29,228.86,2026-10-23,C,335.0,0.0,0.03,0.02,,31,0.523442265625,False,2026-09-22 18:57:00+00:00,NVDA261023C00335000
NVDA,2026-09-29,228.86,2026-10-23,C,340.0,0.0,0.03,0.01,1.0,105,0.507817421875,False,2026-09-17 13:30:02+00:00,NVDA261023C00340000
NVDA,2026-09-29,228.86,2026-10-23,C,345.0,0.0,0.03,0.02,9.0,18,0.523442265625,False,2026-09-18 13:55:25+00:00,NVDA261023C00345000
NVDA,2026-09-29,228.86,2026-10-23,C,350.0,0.0,0.03,0.03,4.0,12,0.5390671093750001,False,2026-09-14 17:40:33+00:00,NVDA261023C00350000
NVDA,2026-09-29,228.86,2026-10-23,C,360.0,0.0,0.03,0.03,4.0,4,0.570316796875,False,2026-09-17 14:40:21+00:00,NVDA261023C00360000
NVDA,2026-09-29,228.86,2026-10-23,C,370.0,0.0,0.03,0.02,10.0,38,0.6015664843750002,False,2026-09-11 14:48:56+00:00,NVDA261023C00370000
NVDA,2026-09-29,228.86,2026-10-23,C,390.0,0.0,0.03,0.01,1.0,6,0.6640658593750002,False,2026-09-21 15:52:48+00:00,NVDA261023C00390000
NVDA,2026-09-29,228.86,2026-10-23,P,50.0,0.0,0.02,0.04,,12,1.8281258593749998,False,2026-09-16 19:57:22+00:00,NVDA261023P00050000
NVDA,2026-09-29,228.86,2026-10-23,P,65.0,0.0,0.03,0.05,,5,1.5625021874999998,False,2026-09-16 19:58:25+00:00,NVDA261023P00065000
NVDA,2026-09-29,228.86,2026-10-23,P,75.0,0.0,0.04,0.03,20.0,24,1.4375028125,False,2026-09-24 13:58:55+00:00,NVDA261023P00075000
NVDA,2026-09-29,228.86,2026-10-23,P,80.0,0.0,0.02,0.02,7.0,22,1.2812535937499998,False,2026-09-28 14:48:34+00:00,NVDA261023P00080000
NVDA,2026-09-29,228.86,2026-10-23,P,85.0,0.01,0.02,0.02,2.0,3,1.2500037499999999,False,2026-09-28 15:35:27+00:00,NVDA261023P00085000
NVDA,2026-09-29,228.86,2026-10-23,P,90.0,0.01,0.03,0.03,20.0,11,1.203128984375,False,2026-09-28 15:28:15+00:00,NVDA261023P00090000
NVDA,2026-09-29,228.86,2026-10-23,P,95.0,0.01,0.05,0.04,3.0,39,1.1796916015624999,False,2026-09-24 15:53:14+00:00,NVDA261023P00095000
NVDA,2026-09-29,228.86,2026-10-23,P,100.0,0.02,0.05,0.04,2.0,49,1.1328168359375002,False,2026-09-28 15:35:41+00:00,NVDA261023P00100000
NVDA,2026-09-29,228.86,2026-10-23,P,105.0,0.02,0.04,0.02,2.0,127,1.0546922265625,False,2026-09-28 18:47:55+00:00,NVDA261023P00105000
NVDA,2026-09-29,228.86,2026-10-23,P,110.0,0.02,0.04,0.06,2.0,9,0.9960937890625,False,2026-09-25 16:46:17+00:00,NVDA261023P00110000
NVDA,2026-09-29,228.86,2026-10-23,P,115.0,0.03,0.05,0.05,310.0,5003,0.9648441015625,False,2026-09-28 18:48:09+00:00,NVDA261023P00115000
NVDA,2026-09-29,228.86,2026-10-23,P,120.0,0.03,0.07,0.05,2.0,29,0.929688203125,False,2026-09-28 14:47:16+00:00,NVDA261023P00120000
NVDA,2026-09-29,228.86,2026-10-23,P,125.0,0.04,0.08,0.05,20.0,47,0.8945323046874999,False,2026-09-28 16:49:59+00:00,NVDA261023P00125000
NVDA,2026-09-29,228.86,2026-10-23,P,130.0,0.05,0.08,0.08,5.0,117,0.8476577734374999,False,2026-09-25 19:53:37+00:00,NVDA261023P00130000
NVDA,2026-09-29,228.86,2026-10-23,P,135.0,0.05,0.09,0.08,1.0,119,0.8007832421875,False,2026-09-25 13:35:12+00:00,NVDA261023P00135000
NVDA,2026-09-29,228.86,2026-10-23,P,140.0,0.06,0.1,0.08,1.0,1468,0.7617211328125001,False,2026-09-28 14:36:20+00:00,NVDA261023P00140000
NVDA,2026-09-29,228.86,2026-10-23,P,145.0,0.07,0.11,0.09,3.0,107,0.7226590234375,False,2026-09-28 19:51:28+00:00,NVDA261023P00145000
NVDA,2026-09-29,228.86,2026-10-23,P,150.0,0.1,0.12,0.11,75.0,289,0.6914093359375001,False,2026-09-28 19:17:33+00:00,NVDA261023P00150000
NVDA,2026-09-29,228.86,2026-10-23,P,155.0,0.1,0.13,0.1,12.0,87,0.64648791015625,False,2026-09-28 19:44:27+00:00,NVDA261023P00155000
NVDA,2026-09-29,228.86,2026-10-23,P,160.0,0.11,0.15,0.14,68.0,267,0.6093789062500001,False,2026-09-28 19:51:08+00:00,NVDA261023P00160000
NVDA,2026-09-29,228.86,2026-10-23,P,165.0,0.13,0.17,0.15,15.0,643,0.5732464550781251,False,2026-09-28 19:44:27+00:00,NVDA261023P00165000
NVDA,2026-09-29,228.86,2026-10-23,P,170.0,0.16,0.2,0.18,30.0,810,0.5410202148437502,False,2026-09-28 18:37:31+00:00,NVDA261023P00170000
NVDA,2026-09-29,228.86,2026-10-23,P,175.0,0.2,0.24,0.21,13.0,428,0.5097705273437501,False,2026-09-28 19:52:08+00:00,NVDA261023P00175000
NVDA,2026-09-29,228.86,2026-10-23,P,180.0,0.25,0.28,0.27,176.0,909,0.4819387744140625,False,2026-09-28 19:56:28+00:00,NVDA261023P00180000
NVDA,2026-09-29,228.86,2026-10-23,P,185.0,0.33,0.35,0.33,165.0,2402,0.45264219238281256,False,2026-09-28 19:59:23+00:00,NVDA261023P00185000
NVDA,2026-09-29,228.86,2026-10-23,P,190.0,0.42,0.47,0.41,791.0,2670,0.4282283740234375,False,2026-09-28 18:39:47+00:00,NVDA261023P00190000
NVDA,2026-09-29,228.86,2026-10-23,P,195.0,0.58,0.62,0.59,639.0,3606,0.40210558837890625,False,2026-09-28 19:50:33+00:00,NVDA261023P00195000
NVDA,2026-09-29,228.86,2026-10-23,P,200.0,0.81,0.86,0.84,1304.0,4058,0.38013315185546875,False,2026-09-28 19:59:23+00:00,NVDA261023P00200000
NVDA,2026-09-29,228.86,2026-10-23,P,205.0,1.17,1.22,1.19,532.0,3403,0.3601138208007812,False,2026-09-28 19:59:23+00:00,NVDA261023P00205000
NVDA,2026-09-29,228.86,2026-10-23,P,210.0,1.7,1.78,1.76,2229.0,5476,0.3435124243164062,False,2026-09-28 19:53:55+00:00,NVDA261023P00210000
NVDA,2026-09-29,228.86,2026-10-23,P,215.0,2.54,2.61,2.63,4120.0,3182,0.32898620239257803,False,2026-09-28 19:55:04+00:00,NVDA261023P00215000
NVDA,2026-09-29,228.86,2026-10-23,P,220.0,3.75,3.85,3.85,1247.0,2197,0.31842722595214834,False,2026-09-28 19:58:19+00:00,NVDA261023P00220000
NVDA,2026-09-29,228.86,2026-10-23,P,225.0,5.4,5.55,5.55,2642.0,3933,0.3089668713378906,False,2026-09-28 19:57:25+00:00,NVDA261023P00225000
NVDA,2026-09-29,228.86,2026-10-23,P,230.0,7.55,7.8,7.8,1246.0,979,0.30133755310058596,True,2026-09-28 19:57:11+00:00,NVDA261023P00230000
NVDA,2026-09-29,228.86,2026-10-23,P,235.0,10.35,10.65,10.75,473.0,335,0.2960275476074219,True,2026-09-28 19:55:00+00:00,NVDA261023P00235000
NVDA,2026-09-29,228.86,2026-10-23,P,240.0,13.5,14.5,14.14,24.0,152,0.31391066955566405,True,2026-09-28 19:48:50+00:00,NVDA261023P00240000
NVDA,2026-09-29,228.86,2026-10-23,P,245.0,16.65,18.55,15.76,24.0,51,0.32483585327148434,True,2026-09-28 16:22:03+00:00,NVDA261023P00245000
NVDA,2026-09-29,228.86,2026-10-23,P,250.0,21.65,22.1,20.83,16.0,85,0.2791820129394531,True,2026-09-28 18:13:39+00:00,NVDA261023P00250000
NVDA,2026-09-29,228.86,2026-10-23,P,255.0,24.05,29.4,24.69,5.0,121,0.47961946166992186,True,2026-09-28 17:00:00+00:00,NVDA261023P00255000
NVDA,2026-09-29,228.86,2026-10-23,P,260.0,29.75,34.1,31.88,3.0,20,0.5109912182617188,True,2026-09-28 19:53:51+00:00,NVDA261023P00260000
NVDA,2026-09-29,228.86,2026-10-23,P,265.0,31.8,39.95,52.83,70.0,0,0.6101113208007813,True,2026-09-14 17:21:03+00:00,NVDA261023P00265000
NVDA,2026-09-29,228.86,2026-10-23,P,270.0,36.0,44.85,38.81,3.0,0,0.6502720520019531,True,2026-09-28 16:47:30+00:00,NVDA261023P00270000
NVDA,2026-09-29,228.86,2026-10-23,P,275.0,41.0,49.8,47.77,1.0,0,0.6911651977539064,True,2026-09-08 14:36:44+00:00,NVDA261023P00275000
NVDA,2026-09-29,228.86,2026-10-30,C,60.0,165.55,174.0,165.79,,1,2.400394624023437,True,2026-09-21 16:19:19+00:00,NVDA261030C00060000
NVDA,2026-09-29,228.86,2026-10-30,C,85.0,140.65,149.0,137.9,,2,1.825684465332031,True,2026-09-24 13:53:50+00:00,NVDA261030C00085000
NVDA,2026-09-29,228.86,2026-10-30,C,90.0,135.5,144.0,139.37,1.0,2,1.7041030419921874,True,2026-09-22 14:34:14+00:00,NVDA261030C00090000
NVDA,2026-09-29,228.86,2026-10-30,C,100.0,125.6,134.0,129.25,2.0,73,1.5434593139648438,True,2026-09-28 19:57:58+00:00,NVDA261030C00100000
NVDA,2026-09-29,228.86,2026-10-30,C,115.0,110.8,119.0,98.87,,1,1.333499426269531,True,2026-09-15 14:04:23+00:00,NVDA261030C00115000
NVDA,2026-09-29,228.86,2026-10-30,C,120.0,105.65,114.0,111.69,1.0,10,1.2431678466796874,True,2026-09-28 17:38:22+00:00,NVDA261030C00120000
NVDA,2026-09-29,228.86,2026-10-30,C,125.0,100.9,109.0,101.62,,14,1.2016641479492187,True,2026-09-23 16:15:44+00:00,NVDA261030C00125000
NVDA,2026-09-29,228.86,2026-10-30,C,130.0,95.75,104.0,96.81,,1,1.1181684716796876,True,2026-09-23 16:15:01+00:00,NVDA261030C00130000
NVDA,2026-09-29,228.86,2026-10-30,C,135.0,90.75,99.0,97.17,1.0,2,1.0537156689453124,True,2026-09-28 14:20:26+00:00,NVDA261030C00135000
NVDA,2026-09-29,228.86,2026-10-30,C,145.0,81.0,89.0,67.57,,1,0.9531254687499999,True,2026-09-15 17:27:34+00:00,NVDA261030C00145000
NVDA,2026-09-29,228.86,2026-10-30,C,150.0,76.05,84.0,76.6,4.0,6,0.8974619628906249,True,2026-09-25 14:10:35+00:00,NVDA261030C00150000
NVDA,2026-09-29,228.86,2026-10-30,C,155.0,71.1,79.85,78.68,1.0,15,0.9028330029296875,True,2026-09-21 18:52:18+00:00,NVDA261030C00155000
NVDA,2026-09-29,228.86,2026-10-30,C,160.0,66.05,74.9,65.78,7.0,39,0.842775009765625,True,2026-09-25 18:01:15+00:00,NVDA261030C00160000
NVDA,2026-09-29,228.86,2026-10-30,C,165.0,61.2,70.0,59.6,1.0,4,0.7985859985351562,True,2026-09-21 14:02:32+00:00,NVDA261030C00165000
NVDA,2026-09-29,228.86,2026-10-30,C,170.0,56.3,65.0,53.15,4.0,22,0.7458521508789062,True,2026-09-24 14:48:15+00:00,NVDA261030C00170000
NVDA,2026-09-29,228.86,2026-10-30,C,175.0,51.15,58.75,56.27,1.0,31,0.6096230444335939,True,2026-09-28 19:36:48+00:00,NVDA261030C00175000
NVDA,2026-09-29,228.86,2026-10-30,C,180.0,48.1,52.65,52.13,2.0,17,0.6049844189453126,True,2026-09-28 17:24:56+00:00,NVDA261030C00180000
NVDA,2026-09-29,228.86,2026-10-30,C,185.0,41.35,48.65,47.8,5.0,11,0.5127001855468749,True,2026-09-28 16:36:23+00:00,NVDA261030C00185000
NVDA,2026-09-29,228.86,2026-10-30,C,190.0,38.45,41.9,41.3,10.0,191,0.6158485681152344,True,2026-09-28 19:05:13+00:00,NVDA261030C00190000
NVDA,2026-09-29,228.86,2026-10-30,C,195.0,34.15,36.95,37.7,21.0,157,0.5587202331542969,True,2026-09-28 16:56:53+00:00,NVDA261030C00195000
NVDA,2026-09-29,228.86,2026-10-30,C,200.0,30.35,31.25,30.16,77.0,729,0.4545952978515625,True,2026-09-28 19:51:38+00:00,NVDA261030C00200000
NVDA,2026-09-29,228.86,2026-10-30,C,205.0,25.65,26.7,27.55,55.0,609,0.42365078308105464,True,2026-09-28 18:17:58+00:00,NVDA261030C00205000
NVDA,2026-09-29,228.86,2026-10-30,C,210.0,21.45,22.3,22.26,176.0,895,0.39465937377929694,True,2026-09-28 19:35:54+00:00,NVDA261030C00210000
NVDA,2026-09-29,228.86,2026-10-30,C,215.0,17.7,18.45,18.0,170.0,690,0.3830628100585937,True,2026-09-28 19:57:02+00:00,NVDA261030C00215000
NVDA,2026-09-29,228.86,2026-10-30,C,220.0,14.15,14.75,14.23,542.0,1426,0.36536279174804687,True,2026-09-28 19:45:12+00:00,NVDA261030C00220000
NVDA,2026-09-29,228.86,2026-10-30,C,225.0,11.0,11.25,10.85,954.0,4813,0.3430241479492187,True,2026-09-28 19:53:51+00:00,NVDA261030C00225000
NVDA,2026-09-29,228.86,2026-10-30,C,230.0,8.25,8.45,8.39,3286.0,5612,0.3325262060546875,False,2026-09-28 19:59:21+00:00,NVDA261030C00230000
NVDA,2026-09-29,228.86,2026-10-30,C,235.0,6.0,6.2,6.16,2766.0,3097,0.3263006823730469,False,2026-09-28 19:57:03+00:00,NVDA261030C00235000
NVDA,2026-09-29,228.86,2026-10-30,C,240.0,4.2,4.4,4.29,6016.0,6500,0.3208686077880859,False,2026-09-28 19:59:36+00:00,NVDA261030C00240000
NVDA,2026-09-29,228.86,2026-10-30,C,245.0,2.86,3.0,2.95,1916.0,8755,0.315314464111328,False,2026-09-28 19:57:39+00:00,NVDA261030C00245000
NVDA,2026-09-29,228.86,2026-10-30,C,250.0,1.9,2.0,1.98,3930.0,6841,0.31214066772460936,False,2026-09-28 19:59:42+00:00,NVDA261030C00250000
NVDA,2026-09-29,228.86,2026-10-30,C,255.0,1.27,1.36,1.28,2474.0,2995,0.3142158422851562,False,2026-09-28 19:56:28+00:00,NVDA261030C00255000
NVDA,2026-09-29,228.86,2026-10-30,C,260.0,0.83,0.88,0.88,3409.0,3225,0.31372756591796874,False,2026-09-28 19:59:34+00:00,NVDA261030C00260000
NVDA,2026-09-29,228.86,2026-10-30,C,265.0,0.54,0.61,0.6,882.0,1324,0.31958688232421867,False,2026-09-28 19:57:24+00:00,NVDA261030C00265000
NVDA,2026-09-29,228.86,2026-10-30,C,270.0,0.37,0.43,0.4,426.0,700,0.3266668896484375,False,2026-09-28 19:40:49+00:00,NVDA261030C00270000
NVDA,2026-09-29,228.86,2026-10-30,C,275.0,0.25,0.31,0.26,302.0,1494,0.3347234497070312,False,2026-09-28 19:54:16+00:00,NVDA261030C00275000
NVDA,2026-09-29,228.86,2026-10-30,C,280.0,0.17,0.22,0.23,150.0,1872,0.3413151806640625,False,2026-09-28 19:51:59+00:00,NVDA261030C00280000
NVDA,2026-09-29,228.86,2026-10-30,C,285.0,0.12,0.16,0.15,70.0,397,0.3491276025390625,False,2026-09-28 19:40:29+00:00,NVDA261030C00285000
NVDA,2026-09-29,228.86,2026-10-30,C,290.0,0.07,0.13,0.12,144.0,878,0.36133451171875,False,2026-09-28 19:42:17+00:00,NVDA261030C00290000
NVDA,2026-09-29,228.86,2026-10-30,C,295.0,0.04,0.11,0.13,110.0,135,0.37500625,False,2026-09-28 14:40:26+00:00,NVDA261030C00295000
NVDA,2026-09-29,228.86,2026-10-30,C,300.0,0.02,0.08,0.08,76.0,728,0.38086556640624997,False,2026-09-28 19:39:34+00:00,NVDA261030C00300000
NVDA,2026-09-29,228.86,2026-10-30,C,305.0,0.01,0.08,0.06,32.0,225,0.40039662109375,False,2026-09-28 14:37:05+00:00,NVDA261030C00305000
NVDA,2026-09-29,228.86,2026-10-30,C,310.0,0.01,0.08,0.08,3.0,7,0.41992767578125,False,2026-09-22 19:52:15+00:00,NVDA261030C00310000
NVDA,2026-09-29,228.86,2026-10-30,C,315.0,0.01,0.07,0.04,25.0,25,0.432622861328125,False,2026-09-28 16:50:15+00:00,NVDA261030C00315000
NVDA,2026-09-29,228.86,2026-10-30,C,320.0,0.01,0.05,0.04,1.0,17,0.4335994140625,False,2026-09-28 13:30:01+00:00,NVDA261030C00320000
NVDA,2026-09-29,228.86,2026-10-30,C,325.0,0.0,0.07,0.04,,9,0.4687553125,False,2026-09-22 13:30:00+00:00,NVDA261030C00325000
NVDA,2026-09-29,228.86,2026-10-30,C,330.0,0.0,0.06,0.05,,11,0.47852083984375,False,2026-09-17 13:30:01+00:00,NVDA261030C00330000
NVDA,2026-09-29,228.86,2026-10-30,C,335.0,0.0,0.06,0.06,3.0,5,0.49609878906250005,False,2026-09-15 17:27:53+00:00,NVDA261030C00335000
NVDA,2026-09-29,228.86,2026-10-30,C,345.0,0.0,0.06,0.03,3.0,9,0.5293015820312501,False,2026-09-28 15:00:54+00:00,NVDA261030C00345000
NVDA,2026-09-29,228.86,2026-10-30,C,350.0,0.0,0.06,0.03,6.0,16,0.507817421875,False,2026-09-28 14:59:00+00:00,NVDA261030C00350000
NVDA,2026-09-29,228.86,2026-10-30,C,360.0,0.0,0.03,0.01,1.0,31,0.507817421875,False,2026-09-23 19:01:25+00:00,NVDA261030C00360000
NVDA,2026-09-29,228.86,2026-10-30,C,390.0,0.0,0.06,0.05,61.0,71,0.6210975390625001,False,2026-09-28 17:00:32+00:00,NVDA261030C00390000
NVDA,2026-09-29,228.86,2026-10-30,P,50.0,0.0,0.05,0.03,1.0,6,1.75000125,False,2026-09-14 14:56:12+00:00,NVDA261030P00050000
NVDA,2026-09-29,228.86,2026-10-30,P,65.0,0.0,0.06,0.05,,4,1.4765651171875,False,2026-09-22 19:52:51+00:00,NVDA261030P00065000
NVDA,2026-09-29,228.86,2026-10-30,P,70.0,0.0,0.06,0.03,,4,1.3906280468749999,False,2026-09-14 16:51:38+00:00,NVDA261030P00070000
NVDA,2026-09-29,228.86,2026-10-30,P,80.0,0.0,0.07,0.03,2.0,3,1.2578162109375,False,2026-09-28 16:44:34+00:00,NVDA261030P00080000
NVDA,2026-09-29,228.86,2026-10-30,P,85.0,0.0,0.07,0.04,6.0,21,1.1875040625,False,2026-09-28 14:09:24+00:00,NVDA261030P00085000
NVDA,2026-09-29,228.86,2026-10-30,P,90.0,0.0,0.07,0.09,,2,1.125004375,False,2026-09-17 15:54:23+00:00,NVDA261030P00090000
NVDA,2026-09-29,228.86,2026-10-30,P,95.0,0.0,0.07,0.05,,3,1.0625046875000002,False,2026-09-17 19:33:39+00:00,NVDA261030P00095000
NVDA,2026-09-29,228.86,2026-10-30,P,100.0,0.0,0.08,0.04,1.0,70,1.015629921875,False,2026-09-28 18:11:37+00:00,NVDA261030P00100000
NVDA,2026-09-29,228.86,2026-10-30,P,105.0,0.01,0.05,0.03,3.0,32,0.929688203125,False,2026-09-28 15:38:33+00:00,NVDA261030P00105000
NVDA,2026-09-29,228.86,2026-10-30,P,110.0,0.01,0.09,0.03,6.0,14,0.9257819921875,False,2026-09-28 19:07:45+00:00,NVDA261030P00110000
NVDA,2026-09-29,228.86,2026-10-30,P,115.0,0.01,0.09,0.08,,2,0.87500125,False,2026-09-22 15:31:03+00:00,NVDA261030P00115000
NVDA,2026-09-29,228.86,2026-10-30,P,120.0,0.04,0.09,0.09,500.0,26,0.8457046679687499,False,2026-09-28 13:32:39+00:00,NVDA261030P00120000
NVDA,2026-09-29,228.86,2026-10-30,P,125.0,0.03,0.11,0.08,1.0,9,0.8027363476562499,False,2026-09-24 19:59:46+00:00,NVDA261030P00125000
NVDA,2026-09-29,228.86,2026-10-30,P,130.0,0.04,0.12,0.1,7.0,31,0.7656273437500001,False,2026-09-24 19:22:35+00:00,NVDA261030P00130000
NVDA,2026-09-29,228.86,2026-10-30,P,135.0,0.05,0.1,0.08,5.0,26,0.7148466015625,False,2026-09-28 18:52:18+00:00,NVDA261030P00135000
NVDA,2026-09-29,228.86,2026-10-30,P,140.0,0.06,0.14,0.1,6.0,47,0.6914093359375001,False,2026-09-23 14:13:36+00:00,NVDA261030P00140000
NVDA,2026-09-29,228.86,2026-10-30,P,145.0,0.08,0.16,0.17,1.0,29,0.6621127539062501,False,2026-09-25 16:54:57+00:00,NVDA261030P00145000
NVDA,2026-09-29,228.86,2026-10-30,P,150.0,0.1,0.15,0.14,105.0,285,0.6210975390625001,False,2026-09-28 16:15:00+00:00,NVDA261030P00150000
NVDA,2026-09-29,228.86,2026-10-30,P,155.0,0.12,0.2,0.15,2.0,224,0.596683720703125,False,2026-09-28 18:40:17+00:00,NVDA261030P00155000
NVDA,2026-09-29,228.86,2026-10-30,P,160.0,0.15,0.22,0.18,37.0,264,0.5654340332031251,False,2026-09-28 18:55:34+00:00,NVDA261030P00160000
NVDA,2026-09-29,228.86,2026-10-30,P,165.0,0.18,0.27,0.23,49.0,173,0.5371140039062501,False,2026-09-28 16:10:45+00:00,NVDA261030P00165000
NVDA,2026-09-29,228.86,2026-10-30,P,170.0,0.22,0.28,0.27,72.0,961,0.5024463818359376,False,2026-09-28 19:47:29+00:00,NVDA261030P00170000
NVDA,2026-09-29,228.86,2026-10-30,P,175.0,0.29,0.36,0.31,21.0,684,0.4887746435546876,False,2026-09-28 17:44:59+00:00,NVDA261030P00175000
NVDA,2026-09-29,228.86,2026-10-30,P,180.0,0.36,0.44,0.38,78.0,729,0.46143116699218756,False,2026-09-28 18:43:59+00:00,NVDA261030P00180000
NVDA,2026-09-29,228.86,2026-10-30,P,185.0,0.49,0.53,0.49,254.0,694,0.432622861328125,False,2026-09-28 19:47:29+00:00,NVDA261030P00185000
NVDA,2026-09-29,228.86,2026-10-30,P,190.0,0.62,0.69,0.64,765.0,1953,0.41040628662109374,False,2026-09-28 19:46:53+00:00,NVDA261030P00190000
NVDA,2026-09-29,228.86,2026-10-30,P,195.0,0.81,0.91,0.87,726.0,2625,0.38892212646484375,False,2026-09-28 19:58:20+00:00,NVDA261030P00195000
NVDA,2026-09-29,228.86,2026-10-30,P,200.0,1.15,1.22,1.15,1282.0,6445,0.36890279541015625,False,2026-09-28 19:59:30+00:00,NVDA261030P00200000
NVDA,2026-09-29,228.86,2026-10-30,P,205.0,1.61,1.7,1.66,1302.0,3294,0.3530338134765625,False,2026-09-28 19:58:58+00:00,NVDA261030P00205000
NVDA,2026-09-29,228.86,2026-10-30,P,210.0,2.29,2.4,2.35,1887.0,3390,0.33960621337890623,False,2026-09-28 19:58:24+00:00,NVDA261030P00210000
NVDA,2026-09-29,228.86,2026-10-30,P,215.0,3.25,3.4,3.5,801.0,3353,0.3288641333007812,False,2026-09-28 19:54:43+00:00,NVDA261030P00215000
NVDA,2026-09-29,228.86,2026-10-30,P,220.0,4.6,4.75,4.65,1182.0,1241,0.3189765368652343,False,2026-09-28 19:59:37+00:00,NVDA261030P00220000
NVDA,2026-09-29,228.86,2026-10-30,P,225.0,6.3,6.55,6.42,584.0,2552,0.3112251495361328,False,2026-09-28 19:59:01+00:00,NVDA261030P00225000
NVDA,2026-09-29,228.86,2026-10-30,P,230.0,8.5,8.8,8.7,1080.0,424,0.30335169311523436,True,2026-09-28 19:59:08+00:00,NVDA261030P00230000
NVDA,2026-09-29,228.86,2026-10-30,P,235.0,11.25,11.55,11.52,214.0,155,0.2962716857910156,True,2026-09-28 19:56:50+00:00,NVDA261030P00235000
NVDA,2026-09-29,228.86,2026-10-30,P,240.0,14.45,15.5,14.45,21.0,66,0.31928170959472646,True,2026-09-28 19:59:05+00:00,NVDA261030P00240000
NVDA,2026-09-29,228.86,2026-10-30,P,245.0,16.75,19.75,16.0,7.0,89,0.34326828613281246,True,2026-09-28 13:44:18+00:00,NVDA261030P00245000
NVDA,2026-09-29,228.86,2026-10-30,P,250.0,21.2,23.9,20.6,74.0,79,0.352545537109375,True,2026-09-28 16:47:13+00:00,NVDA261030P00250000
NVDA,2026-09-29,228.86,2026-10-30,P,255.0,25.25,28.35,24.15,4.0,6,0.36743796630859377,True,2026-09-24 16:17:37+00:00,NVDA261030P00255000
NVDA,2026-09-29,228.86,2026-10-30,P,260.0,29.8,33.3,29.36,1.0,87,0.40552352294921873,True,2026-09-25 19:34:41+00:00,NVDA261030P00260000
NVDA,2026-09-29,228.86,2026-10-30,P,265.0,33.85,37.5,35.3,5.0,78,0.38867798828125,True,2026-09-28 18:17:10+00:00,NVDA261030P00265000
NVDA,2026-09-29,228.86,2026-10-30,P,270.0,37.85,44.45,57.0,,1,0.5523726403808593,True,2026-09-15 13:30:05+00:00,NVDA261030P00270000
NVDA,2026-09-29,228.86,2026-10-30,P,300.0,66.0,74.8,72.6,,0,0.7854025366210937,True,2026-09-21 19:10:04+00:00,NVDA261030P00300000
