symbol,snapshot_date,spot,expiry,right,strike,bid,ask,last_price,volume,open_interest,implied_vol,in_the_money,last_trade_date,contract_symbol
NVDA,2026-09-22,228.8699951171875,2026-09-23,C,85.0,142.05,145.65,128.9,,1,8.214848615722655,True,2026-09-16 19:53:19+00:00,NVDA260923C00085000
NVDA,2026-09-22,228.8699951171875,2026-09-23,C,100.0,127.7,131.65,127.25,1.0,1,6.007814990234374,True,2026-09-22 13:55:49+00:00,NVDA260923C00100000
NVDA,2026-09-22,228.8699951171875,2026-09-23,C,115.0,112.2,115.7,113.62,3.0,3,3.6718758203125006,True,2026-09-22 15:16:22+00:00,NVDA260923C00115000
NVDA,2026-09-22,228.8699951171875,2026-09-23,C,120.0,107.2,110.45,108.15,1.0,1,5.488284389648436,True,2026-09-22 14:13:37+00:00,NVDA260923C00120000
NVDA,2026-09-22,228.8699951171875,2026-09-23,C,125.0,102.2,105.75,104.05,1.0,1,3.3671890820312496,True,2026-09-22 16:23:09+00:00,NVDA260923C00125000
NVDA,2026-09-22,228.8699951171875,2026-09-23,C,140.0,87.1,90.45,89.2,2.0,0,4.353520183105467,True,2026-09-22 19:54:50+00:00,NVDA260923C00140000
NVDA,2026-09-22,228.8699951171875,2026-09-23,C,145.0,82.75,85.45,84.05,2.0,12,2.8906277734375,True,2026-09-22 16:23:09+00:00,NVDA260923C00145000
NVDA,2026-09-22,228.8699951171875,2026-09-23,C,150.0,77.2,80.5,61.05,,5,3.86718783203125,True,2026-09-14 15:05:40+00:00,NVDA260923C00150000
NVDA,2026-09-22,228.8699951171875,2026-09-23,C,170.0,57.25,60.75,56.37,3.0,0,1.82421962890625,True,2026-09-18 17:38:23+00:00,NVDA260923C00170000
NVDA,2026-09-22,228.8699951171875,2026-09-23,C,175.0,52.25,55.7,54.16,5.0,0,1.62109564453125,True,2026-09-22 18:13:58+00:00,NVDA260923C00175000
NVDA,2026-09-22,228.8699951171875,2026-09-23,C,180.0,47.25,49.0,45.83,11.0,0,1.51172119140625,True,2026-09-18 13:56:35+00:00,NVDA260923C00180000
NVDA,2026-09-22,228.8699951171875,2026-09-23,C,185.0,42.25,44.0,44.2,4.0,0,1.361331318359375,True,2026-09-22 18:04:05+00:00,NVDA260923C00185000
NVDA,2026-09-22,228.8699951171875,2026-09-23,C,190.0,37.2,39.0,39.1,7.0,0,1.2128945605468748,True,2026-09-22 17:52:47+00:00,NVDA260923C00190000
NVDA,2026-09-22,228.8699951171875,2026-09-23,C,192.5,34.75,36.5,35.69,8.0,0,1.138676181640625,True,2026-09-22 14:22:02+00:00,NVDA260923C00192500
NVDA,2026-09-22,228.8699951171875,2026-09-23,C,195.0,33.7,35.5,33.6,2.0,66,1.4755885595703124,True,2026-09-22 15:23:14+00:00,NVDA260923C00195000
NVDA,2026-09-22,228.8699951171875,2026-09-23,C,197.5,31.25,31.5,31.8,7.0,37,0.6718782812500002,True,2026-09-22 18:00:22+00:00,NVDA260923C00197500
NVDA,2026-09-22,228.8699951171875,2026-09-23,C,200.0,27.25,30.5,29.45,20.0,0,0.6250037500000001,True,2026-09-22 18:55:05+00:00,NVDA260923C00200000
NVDA,2026-09-22,228.8699951171875,2026-09-23,C,202.5,24.75,26.5,26.8,6.0,0,0.8476577734374999,True,2026-09-22 19:43:16+00:00,NVDA260923C00202500
NVDA,2026-09-22,228.8699951171875,2026-09-23,C,205.0,22.25,25.55,23.85,7.0,0,0.6289099609375001,True,2026-09-22 16:42:45+00:00,NVDA260923C00205000
NVDA,2026-09-22,228.8699951171875,2026-09-23,C,207.5,21.3,23.05,22.0,19.0,244,1.0390673046875003,True,2026-09-22 19:49:49+00:00,NVDA260923C00207500
NVDA,2026-09-22,228.8699951171875,2026-09-23,C,210.0,18.8,20.55,18.75,426.0,675,0.9438482177734374,True,2026-09-22 19:59:16+00:00,NVDA260923C00210000
NVDA,2026-09-22,228.8699951171875,2026-09-23,C,212.5,16.25,17.5,17.15,71.0,0,0.7460962890625,True,2026-09-22 19:40:40+00:00,NVDA260923C00212500
NVDA,2026-09-22,228.8699951171875,2026-09-23,C,215.0,13.8,14.0,14.3,676.0,0,0.48438015625,True,2026-09-22 19:54:50+00:00,NVDA260923C00215000
NVDA,2026-09-22,228.8699951171875,2026-09-23,C,217.5,11.25,13.05,12.15,822.0,1219,0.6450230810546875,True,2026-09-22 19:51:52+00:00,NVDA260923C00217500
NVDA,2026-09-22,228.8699951171875,2026-09-23,C,220.0,8.15,9.1,9.0,1823.0,0,0.3803772900390625,True,2026-09-22 19:59:53+00:00,NVDA260923C00220000
NVDA,2026-09-22,228.8699951171875,2026-09-23,C,222.5,6.4,7.4,6.52,2166.0,5655,0.49170430175781255,True,2026-09-22 19:59:30+00:00,NVDA260923C00222500
NVDA,2026-09-22,228.8699951171875,2026-09-23,C,225.0,4.15,4.45,4.25,12939.0,0,0.2876047802734374,True,2026-09-22 19:59:47+00:00,NVDA260923C00225000
NVDA,2026-09-22,228.8699951171875,2026-09-23,C,227.5,2.26,2.3,2.3,65464.0,0,0.22510540527343748,True,2026-09-22 19:59:58+00:00,NVDA260923C00227500
NVDA,2026-09-22,228.8699951171875,2026-09-23,C,230.0,0.99,1.02,1.03,310776.0,0,0.22412885253906245,False,2026-09-22 19:59:59+00:00,NVDA260923C00230000
NVDA,2026-09-22,228.8699951171875,2026-09-23,C,232.5,0.39,0.4,0.39,168650.0,0,0.2348709326171875,False,2026-09-22 19:59:59+00:00,NVDA260923C00232500
NVDA,2026-09-22,228.8699951171875,2026-09-23,C,235.0,0.14,0.15,0.15,128438.0,14986,0.25098405273437496,False,2026-09-22 19:59:59+00:00,NVDA260923C00235000
NVDA,2026-09-22,228.8699951171875,2026-09-23,C,237.5,0.05,0.06,0.05,31688.0,0,0.27149166015625,False,2026-09-22 19:59:53+00:00,NVDA260923C00237500
NVDA,2026-09-22,228.8699951171875,2026-09-23,C,240.0,0.02,0.03,0.02,21443.0,0,0.3007882421875,False,2026-09-22 19:59:54+00:00,NVDA260923C00240000
NVDA,2026-09-22,228.8699951171875,2026-09-23,C,242.5,0.01,0.02,0.01,2797.0,0,0.335944140625,False,2026-09-22 19:55:53+00:00,NVDA260923C00242500
NVDA,2026-09-22,228.8699951171875,2026-09-23,C,245.0,0.01,0.02,0.01,1407.0,0,0.38672488281249995,False,2026-09-22 19:59:36+00:00,NVDA260923C00245000
NVDA,2026-09-22,228.8699951171875,2026-09-23,C,247.5,0.0,0.02,0.01,2006.0,0,0.437505625,False,2026-09-22 19:48:25+00:00,NVDA260923C00247500
NVDA,2026-09-22,228.8699951171875,2026-09-23,C,250.0,0.0,0.01,0.01,1593.0,0,0.45313046875,False,2026-09-22 18:45:23+00:00,NVDA260923C00250000
NVDA,2026-09-22,228.8699951171875,2026-09-23,C,252.5,0.0,0.01,0.01,122.0,0,0.500005,False,2026-09-22 19:21:03+00:00,NVDA260923C00252500
NVDA,2026-09-22,228.8699951171875,2026-09-23,C,255.0,0.0,0.01,0.01,10.0,0,0.500005,False,2026-09-22 19:06:12+00:00,NVDA260923C00255000
NVDA,2026-09-22,228.8699951171875,2026-09-23,C,260.0,0.0,0.01,0.01,2.0,43,0.5937540625000001,False,2026-09-22 13:40:35+00:00,NVDA260923C00260000
NVDA,2026-09-22,228.8699951171875,2026-09-23,C,265.0,0.0,0.01,0.01,4.0,196,0.6562534375000001,False,2026-09-22 14:01:47+00:00,NVDA260923C00265000
NVDA,2026-09-22,228.8699951171875,2026-09-23,C,270.0,0.0,0.01,0.01,13.0,15,0.7500025,False,2026-09-22 14:39:20+00:00,NVDA260923C00270000
NVDA,2026-09-22,228.8699951171875,2026-09-23,C,275.0,0.0,0.01,0.01,42.0,0,0.8125018749999999,False,2026-09-22 15:55:51+00:00,NVDA260923C00275000
NVDA,2026-09-22,228.8699951171875,2026-09-23,C,290.0,0.0,0.01,0.01,159.0,0,1.0312548437500002,False,2026-09-22 18:48:17+00:00,NVDA260923C00290000
NVDA,2026-09-22,228.8699951171875,2026-09-23,C,295.0,0.0,0.01,0.06,,10,1.09375453125,False,2026-09-09 13:40:28+00:00,NVDA260923C00295000
NVDA,2026-09-22,228.8699951171875,2026-09-23,C,305.0,0.0,0.01,0.01,1.0,0,1.21875390625,False,2026-09-22 16:41:13+00:00,NVDA260923C00305000
NVDA,2026-09-22,228.8699951171875,2026-09-23,P,110.0,0.0,0.01,0.01,6.0,8,3.0000025,False,2026-09-21 17:21:37+00:00,NVDA260923P00110000
NVDA,2026-09-22,228.8699951171875,2026-09-23,P,125.0,0.0,0.01,0.02,2.0,10,2.50000375,False,2026-09-22 13:36:44+00:00,NVDA260923P00125000
NVDA,2026-09-22,228.8699951171875,2026-09-23,P,130.0,0.0,0.01,0.02,1.0,5,2.3750040624999995,False,2026-09-16 14:20:36+00:00,NVDA260923P00130000
NVDA,2026-09-22,228.8699951171875,2026-09-23,P,140.0,0.0,0.01,0.01,4.0,22700,2.0625048437499998,False,2026-09-22 14:40:34+00:00,NVDA260923P00140000
NVDA,2026-09-22,228.8699951171875,2026-09-23,P,145.0,0.0,0.01,0.01,378.0,506,1.9375003125,False,2026-09-22 19:59:01+00:00,NVDA260923P00145000
NVDA,2026-09-22,228.8699951171875,2026-09-23,P,150.0,0.0,0.01,0.01,3198.0,219,1.8125009374999999,False,2026-09-22 19:58:54+00:00,NVDA260923P00150000
NVDA,2026-09-22,228.8699951171875,2026-09-23,P,155.0,0.0,0.02,0.01,16911.0,33,1.75000125,False,2026-09-22 19:58:35+00:00,NVDA260923P00155000
NVDA,2026-09-22,228.8699951171875,2026-09-23,P,160.0,0.0,0.02,0.01,7705.0,791,1.625001875,False,2026-09-22 19:55:59+00:00,NVDA260923P00160000
NVDA,2026-09-22,228.8699951171875,2026-09-23,P,165.0,0.0,0.02,0.01,490.0,1030,1.5000025,False,2026-09-22 19:54:38+00:00,NVDA260923P00165000
NVDA,2026-09-22,228.8699951171875,2026-09-23,P,170.0,0.0,0.01,0.01,124.0,489,1.3125034374999998,False,2026-09-22 19:57:19+00:00,NVDA260923P00170000
NVDA,2026-09-22,228.8699951171875,2026-09-23,P,175.0,0.0,0.02,0.01,646.0,1052,1.2500037499999999,False,2026-09-22 19:56:37+00:00,NVDA260923P00175000
NVDA,2026-09-22,228.8699951171875,2026-09-23,P,180.0,0.0,0.02,0.01,723.0,689,1.125004375,False,2026-09-22 19:59:53+00:00,NVDA260923P00180000
NVDA,2026-09-22,228.8699951171875,2026-09-23,P,185.0,0.0,0.02,0.02,3557.0,3597,1.015629921875,False,2026-09-22 19:58:18+00:00,NVDA260923P00185000
NVDA,2026-09-22,228.8699951171875,2026-09-23,P,190.0,0.01,0.02,0.01,2707.0,7617,0.929688203125,False,2026-09-22 19:58:37+00:00,NVDA260923P00190000
NVDA,2026-09-22,228.8699951171875,2026-09-23,P,192.5,0.01,0.03,0.01,4166.0,1730,0.8984385156249999,False,2026-09-22 19:59:02+00:00,NVDA260923P00192500
NVDA,2026-09-22,228.8699951171875,2026-09-23,P,195.0,0.01,0.03,0.02,874.0,3578,0.8359391406249999,False,2026-09-22 19:59:21+00:00,NVDA260923P00195000
NVDA,2026-09-22,228.8699951171875,2026-09-23,P,197.5,0.01,0.03,0.03,2679.0,4774,0.773439765625,False,2026-09-22 19:59:05+00:00,NVDA260923P00197500
NVDA,2026-09-22,228.8699951171875,2026-09-23,P,200.0,0.01,0.03,0.02,6004.0,2777,0.7187528125,False,2026-09-22 19:58:47+00:00,NVDA260923P00200000
NVDA,2026-09-22,228.8699951171875,2026-09-23,P,202.5,0.02,0.03,0.03,708.0,2077,0.6718782812500002,False,2026-09-22 19:58:36+00:00,NVDA260923P00202500
NVDA,2026-09-22,228.8699951171875,2026-09-23,P,205.0,0.02,0.04,0.03,1631.0,5986,0.6289099609375001,False,2026-09-22 19:58:36+00:00,NVDA260923P00205000
NVDA,2026-09-22,228.8699951171875,2026-09-23,P,207.5,0.02,0.04,0.04,2999.0,2970,0.5664105859375,False,2026-09-22 19:58:36+00:00,NVDA260923P00207500
NVDA,2026-09-22,228.8699951171875,2026-09-23,P,210.0,0.02,0.04,0.03,8696.0,2174,0.5039112109375,False,2026-09-22 19:58:36+00:00,NVDA260923P00210000
NVDA,2026-09-22,228.8699951171875,2026-09-23,P,212.5,0.03,0.04,0.03,3453.0,4453,0.46094289062500005,False,2026-09-22 19:59:34+00:00,NVDA260923P00212500
NVDA,2026-09-22,228.8699951171875,2026-09-23,P,215.0,0.03,0.05,0.05,9138.0,4040,0.41211525390625,False,2026-09-22 19:59:54+00:00,NVDA260923P00215000
NVDA,2026-09-22,228.8699951171875,2026-09-23,P,217.5,0.04,0.06,0.05,4674.0,3387,0.35742830078125,False,2026-09-22 19:59:51+00:00,NVDA260923P00217500
NVDA,2026-09-22,228.8699951171875,2026-09-23,P,220.0,0.07,0.08,0.07,9359.0,3826,0.30371790039062496,False,2026-09-22 19:59:53+00:00,NVDA260923P00220000
NVDA,2026-09-22,228.8699951171875,2026-09-23,P,222.5,0.13,0.15,0.15,15851.0,3548,0.26563234375,False,2026-09-22 19:59:56+00:00,NVDA260923P00222500
NVDA,2026-09-22,228.8699951171875,2026-09-23,P,225.0,0.34,0.36,0.36,48073.0,4978,0.23926541992187497,False,2026-09-22 19:59:57+00:00,NVDA260923P00225000
NVDA,2026-09-22,228.8699951171875,2026-09-23,P,227.5,0.91,0.93,0.92,72278.0,1881,0.22510540527343748,False,2026-09-22 19:59:57+00:00,NVDA260923P00227500
NVDA,2026-09-22,228.8699951171875,2026-09-23,P,230.0,2.11,2.16,2.13,26185.0,491,0.225593681640625,True,2026-09-22 19:59:59+00:00,NVDA260923P00230000
NVDA,2026-09-22,228.8699951171875,2026-09-23,P,232.5,3.9,4.45,4.0,1370.0,121,0.31836619140624994,True,2026-09-22 19:59:35+00:00,NVDA260923P00232500
NVDA,2026-09-22,228.8699951171875,2026-09-23,P,235.0,6.15,6.4,6.32,1278.0,43,0.2924875439453124,True,2026-09-22 19:59:13+00:00,NVDA260923P00235000
NVDA,2026-09-22,228.8699951171875,2026-09-23,P,237.5,8.6,8.8,8.1,367.0,37,0.33399103515625,True,2026-09-22 19:54:20+00:00,NVDA260923P00237500
NVDA,2026-09-22,228.8699951171875,2026-09-23,P,240.0,11.05,11.25,10.61,663.0,20,0.37793590820312495,True,2026-09-22 19:47:58+00:00,NVDA260923P00240000
NVDA,2026-09-22,228.8699951171875,2026-09-23,P,242.5,13.55,13.8,13.45,404.0,0,0.47363807617187503,True,2026-09-22 19:56:29+00:00,NVDA260923P00242500
NVDA,2026-09-22,228.8699951171875,2026-09-23,P,245.0,14.5,17.9,15.65,7.0,0,1.0161182006835938,True,2026-09-22 18:37:56+00:00,NVDA260923P00245000
NVDA,2026-09-22,228.8699951171875,2026-09-23,P,247.5,17.45,18.8,17.9,1.0,1,0.6025430371093752,True,2026-09-22 19:21:58+00:00,NVDA260923P00247500
NVDA,2026-09-22,228.8699951171875,2026-09-23,P,250.0,19.8,21.3,20.8,11.0,0,0.6640658593750002,True,2026-09-22 17:33:51+00:00,NVDA260923P00250000
NVDA,2026-09-22,228.8699951171875,2026-09-23,P,252.5,22.45,24.8,23.85,1.0,1,1.125004375,True,2026-09-22 15:19:36+00:00,NVDA260923P00252500
NVDA,2026-09-22,228.8699951171875,2026-09-25,C,55.0,172.1,177.05,164.67,4.0,4,6.9062513671875,True,2026-09-18 18:51:34+00:00,NVDA260925C00055000
NVDA,2026-09-22,228.8699951171875,2026-09-25,C,60.0,167.15,170.7,159.27,1.0,1,4.687504140625,True,2026-09-18 15:01:05+00:00,NVDA260925C00060000
NVDA,2026-09-22,228.8699951171875,2026-09-25,C,70.0,157.1,161.45,149.22,10.0,6,5.308597114257811,True,2026-09-18 14:45:43+00:00,NVDA260925C00070000
NVDA,2026-09-22,228.8699951171875,2026-09-25,C,75.0,151.45,156.45,136.94,3.0,3,4.0937548828125,True,2026-09-15 16:41:12+00:00,NVDA260925C00075000
NVDA,2026-09-22,228.8699951171875,2026-09-25,C,80.0,146.6,151.45,143.11,,0,4.17187978515625,True,2026-08-12 19:03:16+00:00,NVDA260925C00080000
NVDA,2026-09-22,228.8699951171875,2026-09-25,C,85.0,142.8,147.75,134.28,10.0,12,5.539065576171874,True,2026-09-18 14:04:39+00:00,NVDA260925C00085000
NVDA,2026-09-22,228.8699951171875,2026-09-25,C,90.0,137.3,142.1,138.9,1.0,16,4.7617227978515615,True,2026-09-22 14:34:14+00:00,NVDA260925C00090000
NVDA,2026-09-22,228.8699951171875,2026-09-25,C,95.0,131.8,136.75,121.08,1.0,0,4.019536225585938,True,2026-08-21 18:10:21+00:00,NVDA260925C00095000
NVDA,2026-09-22,228.8699951171875,2026-09-25,C,100.0,126.45,131.45,124.34,1.0,0,3.0859397851562496,True,2026-09-15 16:41:12+00:00,NVDA260925C00100000
NVDA,2026-09-22,228.8699951171875,2026-09-25,C,105.0,122.0,126.45,114.55,1.0,5,3.5273449316406245,True,2026-09-18 19:10:54+00:00,NVDA260925C00105000
NVDA,2026-09-22,228.8699951171875,2026-09-25,C,110.0,117.5,121.5,109.3,5.0,10,3.6484383789062504,True,2026-08-28 18:35:13+00:00,NVDA260925C00110000
NVDA,2026-09-22,228.8699951171875,2026-09-25,C,115.0,111.45,116.45,98.95,,1,2.60156599609375,True,2026-09-16 19:54:00+00:00,NVDA260925C00115000
NVDA,2026-09-22,228.8699951171875,2026-09-25,C,120.0,107.6,113.15,108.49,4.0,0,3.8408207104492185,True,2026-09-22 15:36:11+00:00,NVDA260925C00120000
NVDA,2026-09-22,228.8699951171875,2026-09-25,C,125.0,102.2,106.45,101.42,1.0,20,2.9140652148437503,True,2026-09-16 19:36:31+00:00,NVDA260925C00125000
NVDA,2026-09-22,228.8699951171875,2026-09-25,C,130.0,97.25,102.05,99.83,2.0,0,3.0117212207031248,True,2026-09-22 19:33:20+00:00,NVDA260925C00130000
NVDA,2026-09-22,228.8699951171875,2026-09-25,C,135.0,92.2,96.5,84.35,1.0,2,2.605472236328125,True,2026-09-18 15:01:05+00:00,NVDA260925C00135000
NVDA,2026-09-22,228.8699951171875,2026-09-25,C,140.0,87.6,92.1,87.07,1.0,0,2.7851592871093755,True,2026-09-18 16:49:09+00:00,NVDA260925C00140000
NVDA,2026-09-22,228.8699951171875,2026-09-25,C,145.0,83.75,84.1,66.57,5.0,1,1.7070327148437499,True,2026-09-15 17:27:34+00:00,NVDA260925C00145000
NVDA,2026-09-22,228.8699951171875,2026-09-25,C,150.0,78.75,79.1,79.13,16.0,0,1.5937520312499998,True,2026-09-22 17:56:46+00:00,NVDA260925C00150000
NVDA,2026-09-22,228.8699951171875,2026-09-25,C,155.0,73.75,74.1,72.15,1.0,0,1.4765651171875,True,2026-09-14 17:31:48+00:00,NVDA260925C00155000
NVDA,2026-09-22,228.8699951171875,2026-09-25,C,160.0,68.75,69.1,69.5,1.0,23,1.3671906640625,True,2026-09-17 18:42:29+00:00,NVDA260925C00160000
NVDA,2026-09-22,228.8699951171875,2026-09-25,C,165.0,63.8,64.1,63.25,1.0,0,1.3203158984374999,True,2026-09-18 13:42:12+00:00,NVDA260925C00165000
NVDA,2026-09-22,228.8699951171875,2026-09-25,C,170.0,58.8,59.1,59.53,4.0,0,1.2109414453124998,True,2026-09-22 19:42:34+00:00,NVDA260925C00170000
NVDA,2026-09-22,228.8699951171875,2026-09-25,C,175.0,53.8,54.1,50.0,4.0,130,1.1054732226562503,True,2026-09-18 18:49:53+00:00,NVDA260925C00175000
NVDA,2026-09-22,228.8699951171875,2026-09-25,C,180.0,47.25,50.8,49.0,56.0,0,1.0976607617187502,True,2026-09-22 19:58:40+00:00,NVDA260925C00180000
NVDA,2026-09-22,228.8699951171875,2026-09-25,C,185.0,43.85,44.1,44.53,8.0,0,0.9335944140625,True,2026-09-22 17:27:12+00:00,NVDA260925C00185000
NVDA,2026-09-22,228.8699951171875,2026-09-25,C,187.5,39.75,43.3,42.3,1.0,0,0.9335944140625,True,2026-09-22 19:54:10+00:00,NVDA260925C00187500
NVDA,2026-09-22,228.8699951171875,2026-09-25,C,190.0,38.85,39.1,40.0,89.0,0,0.8300798242187499,True,2026-09-22 19:53:10+00:00,NVDA260925C00190000
NVDA,2026-09-22,228.8699951171875,2026-09-25,C,192.5,36.35,38.3,36.39,2.0,99,1.1821329956054685,True,2026-09-22 16:49:38+00:00,NVDA260925C00192500
NVDA,2026-09-22,228.8699951171875,2026-09-25,C,195.0,33.85,34.15,34.2,29.0,0,0.7539087109375,True,2026-09-22 19:46:01+00:00,NVDA260925C00195000
NVDA,2026-09-22,228.8699951171875,2026-09-25,C,197.5,29.85,33.3,32.39,5.0,0,0.75586181640625,True,2026-09-22 19:28:03+00:00,NVDA260925C00197500
NVDA,2026-09-22,228.8699951171875,2026-09-25,C,200.0,28.8,30.75,28.9,195.0,0,0.96289099609375,True,2026-09-22 19:55:52+00:00,NVDA260925C00200000
NVDA,2026-09-22,228.8699951171875,2026-09-25,C,202.5,26.35,26.7,26.55,8.0,0,0.6162147753906251,True,2026-09-22 19:58:40+00:00,NVDA260925C00202500
NVDA,2026-09-22,228.8699951171875,2026-09-25,C,205.0,23.9,25.45,25.07,117.0,1201,0.8017597949218749,True,2026-09-22 19:53:17+00:00,NVDA260925C00205000
NVDA,2026-09-22,228.8699951171875,2026-09-25,C,207.5,21.4,21.7,21.95,9.0,0,0.52539537109375,True,2026-09-22 18:58:03+00:00,NVDA260925C00207500
NVDA,2026-09-22,228.8699951171875,2026-09-25,C,210.0,18.95,19.2,19.25,347.0,0,0.5346726220703125,True,2026-09-22 19:58:24+00:00,NVDA260925C00210000
NVDA,2026-09-22,228.8699951171875,2026-09-25,C,212.5,16.45,17.9,16.87,125.0,0,0.5996133789062501,True,2026-09-22 19:53:13+00:00,NVDA260925C00212500
NVDA,2026-09-22,228.8699951171875,2026-09-25,C,215.0,14.0,15.5,14.0,594.0,0,0.5459029785156251,True,2026-09-22 19:57:28+00:00,NVDA260925C00215000
NVDA,2026-09-22,228.8699951171875,2026-09-25,C,217.5,10.9,12.9,11.77,516.0,3113,0.5817912915039063,True,2026-09-22 19:57:05+00:00,NVDA260925C00217500
NVDA,2026-09-22,228.8699951171875,2026-09-25,C,220.0,9.25,9.5,9.35,4223.0,18567,0.3579165771484375,True,2026-09-22 19:59:28+00:00,NVDA260925C00220000
NVDA,2026-09-22,228.8699951171875,2026-09-25,C,222.5,7.0,7.25,7.15,2102.0,0,0.32569033691406246,True,2026-09-22 19:58:40+00:00,NVDA260925C00222500
NVDA,2026-09-22,228.8699951171875,2026-09-25,C,225.0,5.0,5.2,5.12,11281.0,0,0.30152065673828127,True,2026-09-22 19:59:57+00:00,NVDA260925C00225000
NVDA,2026-09-22,228.8699951171875,2026-09-25,C,227.5,3.4,3.5,3.45,30476.0,0,0.2898020239257812,True,2026-09-22 19:59:55+00:00,NVDA260925C00227500
NVDA,2026-09-22,228.8699951171875,2026-09-25,C,230.0,2.13,2.18,2.15,104615.0,0,0.28247787841796873,False,2026-09-22 19:59:59+00:00,NVDA260925C00230000
NVDA,2026-09-22,228.8699951171875,2026-09-25,C,232.5,1.25,1.29,1.28,25107.0,0,0.2833323620605468,False,2026-09-22 19:59:57+00:00,NVDA260925C00232500
NVDA,2026-09-22,228.8699951171875,2026-09-25,C,235.0,0.7,0.73,0.7,31375.0,0,0.2876047802734374,False,2026-09-22 19:59:57+00:00,NVDA260925C00235000
NVDA,2026-09-22,228.8699951171875,2026-09-25,C,237.5,0.38,0.4,0.39,11718.0,0,0.29395237304687494,False,2026-09-22 19:59:58+00:00,NVDA260925C00237500
NVDA,2026-09-22,228.8699951171875,2026-09-25,C,240.0,0.21,0.22,0.21,31817.0,0,0.30322962402343745,False,2026-09-22 19:59:52+00:00,NVDA260925C00240000
NVDA,2026-09-22,228.8699951171875,2026-09-25,C,242.5,0.12,0.13,0.13,2340.0,4745,0.317389638671875,False,2026-09-22 19:59:33+00:00,NVDA260925C00242500
NVDA,2026-09-22,228.8699951171875,2026-09-25,C,245.0,0.08,0.09,0.09,9387.0,0,0.3398503515625,False,2026-09-22 19:59:28+00:00,NVDA260925C00245000
NVDA,2026-09-22,228.8699951171875,2026-09-25,C,247.5,0.05,0.06,0.06,986.0,0,0.358404853515625,False,2026-09-22 19:59:58+00:00,NVDA260925C00247500
NVDA,2026-09-22,228.8699951171875,2026-09-25,C,250.0,0.03,0.04,0.04,5616.0,0,0.37500625,False,2026-09-22 19:59:11+00:00,NVDA260925C00250000
NVDA,2026-09-22,228.8699951171875,2026-09-25,C,252.5,0.02,0.03,0.03,795.0,0,0.39649041015625003,False,2026-09-22 19:58:36+00:00,NVDA260925C00252500
NVDA,2026-09-22,228.8699951171875,2026-09-25,C,255.0,0.01,0.03,0.02,621.0,0,0.42969320312500003,False,2026-09-22 19:41:19+00:00,NVDA260925C00255000
NVDA,2026-09-22,228.8699951171875,2026-09-25,C,257.5,0.01,0.02,0.01,131.0,61,0.445318046875,False,2026-09-22 19:39:29+00:00,NVDA260925C00257500
NVDA,2026-09-22,228.8699951171875,2026-09-25,C,260.0,0.01,0.02,0.02,348.0,0,0.476567734375,False,2026-09-22 19:57:29+00:00,NVDA260925C00260000
NVDA,2026-09-22,228.8699951171875,2026-09-25,C,265.0,0.01,0.02,0.02,1853.0,2748,0.523442265625,False,2026-09-22 19:57:12+00:00,NVDA260925C00265000
NVDA,2026-09-22,228.8699951171875,2026-09-25,C,270.0,0.0,0.01,0.01,123.0,0,0.5312546875,False,2026-09-22 19:36:18+00:00,NVDA260925C00270000
NVDA,2026-09-22,228.8699951171875,2026-09-25,C,275.0,0.0,0.01,0.01,5.0,0,0.57812921875,False,2026-09-22 17:16:33+00:00,NVDA260925C00275000
NVDA,2026-09-22,228.8699951171875,2026-09-25,C,280.0,0.0,0.01,0.01,16.0,0,0.6250037500000001,False,2026-09-22 15:21:23+00:00,NVDA260925C00280000
NVDA,2026-09-22,228.8699951171875,2026-09-25,C,285.0,0.0,0.01,0.01,6.0,0,0.6875031250000001,False,2026-09-17 18:31:27+00:00,NVDA260925C00285000
NVDA,2026-09-22,228.8699951171875,2026-09-25,C,290.0,0.0,0.01,0.01,10.0,0,0.7187528125,False,2026-09-22 13:51:45+00:00,NVDA260925C00290000
NVDA,2026-09-22,228.8699951171875,2026-09-25,C,295.0,0.0,0.01,0.01,5.0,0,0.7812521875,False,2026-09-17 14:55:38+00:00,NVDA260925C00295000
NVDA,2026-09-22,228.8699951171875,2026-09-25,C,300.0,0.0,0.01,0.01,13.0,0,0.8125018749999999,False,2026-09-18 13:46:03+00:00,NVDA260925C00300000
NVDA,2026-09-22,228.8699951171875,2026-09-25,C,305.0,0.0,0.01,0.01,38.0,173,0.87500125,False,2026-09-14 15:03:18+00:00,NVDA260925C00305000
NVDA,2026-09-22,228.8699951171875,2026-09-25,C,310.0,0.0,0.01,0.04,1.0,178,0.9062509375,False,2026-09-15 19:50:29+00:00,NVDA260925C00310000
NVDA,2026-09-22,228.8699951171875,2026-09-25,C,315.0,0.0,0.01,0.02,40.0,538,0.9531254687499999,False,2026-09-14 14:57:04+00:00,NVDA260925C00315000
NVDA,2026-09-22,228.8699951171875,2026-09-25,C,320.0,0.0,0.01,0.01,5.0,488,0.98437515625,False,2026-09-11 14:44:51+00:00,NVDA260925C00320000
NVDA,2026-09-22,228.8699951171875,2026-09-25,C,325.0,0.0,0.01,0.01,12.0,1438,1.0312548437500002,False,2026-09-15 16:11:41+00:00,NVDA260925C00325000
NVDA,2026-09-22,228.8699951171875,2026-09-25,C,330.0,0.0,0.01,0.01,1.0,859,1.0625046875000002,False,2026-09-11 16:51:44+00:00,NVDA260925C00330000
NVDA,2026-09-22,228.8699951171875,2026-09-25,C,335.0,0.0,0.01,0.02,21.0,132,1.125004375,False,2026-09-04 13:59:56+00:00,NVDA260925C00335000
NVDA,2026-09-22,228.8699951171875,2026-09-25,C,340.0,0.0,0.01,0.02,98.0,390,1.15625421875,False,2026-09-11 13:56:18+00:00,NVDA260925C00340000
NVDA,2026-09-22,228.8699951171875,2026-09-25,C,345.0,0.0,0.01,0.01,261.0,276,1.1875040625,False,2026-09-11 15:50:51+00:00,NVDA260925C00345000
NVDA,2026-09-22,228.8699951171875,2026-09-25,C,350.0,0.0,0.01,0.01,220.0,236,1.2500037499999999,False,2026-09-11 13:58:51+00:00,NVDA260925C00350000
NVDA,2026-09-22,228.8699951171875,2026-09-25,C,360.0,0.0,0.01,0.01,57.0,68,1.3125034374999998,False,2026-09-11 13:43:08+00:00,NVDA260925C00360000
NVDA,2026-09-22,228.8699951171875,2026-09-25,C,370.0,0.0,0.01,0.01,1.0,7,1.3750031249999999,False,2026-09-04 16:28:45+00:00,NVDA260925C00370000
NVDA,2026-09-22,228.8699951171875,2026-09-25,C,380.0,0.0,0.01,0.01,1.0,73,1.4375028125,False,2026-09-08 14:30:40+00:00,NVDA260925C00380000
NVDA,2026-09-22,228.8699951171875,2026-09-25,C,390.0,0.0,0.01,0.01,200.0,946,1.5000025,False,2026-09-11 14:02:27+00:00,NVDA260925C00390000
NVDA,2026-09-22,228.8699951171875,2026-09-25,P,50.0,0.0,0.01,0.03,1.0,3,4.375004531249999,False,2026-09-14 13:30:11+00:00,NVDA260925P00050000
NVDA,2026-09-22,228.8699951171875,2026-09-25,P,55.0,0.0,0.01,0.01,1.0,5,4.12500484375,False,2026-09-22 17:02:45+00:00,NVDA260925P00055000
NVDA,2026-09-22,228.8699951171875,2026-09-25,P,60.0,0.0,0.01,0.01,620.0,620,3.8750003125,False,2026-09-04 16:28:45+00:00,NVDA260925P00060000
NVDA,2026-09-22,228.8699951171875,2026-09-25,P,65.0,0.0,0.01,0.01,766.0,766,3.6250009375000003,False,2026-09-04 14:57:07+00:00,NVDA260925P00065000
NVDA,2026-09-22,228.8699951171875,2026-09-25,P,70.0,0.0,0.01,0.02,325.0,520,3.3750015624999996,False,2026-09-10 19:25:54+00:00,NVDA260925P00070000
NVDA,2026-09-22,228.8699951171875,2026-09-25,P,75.0,0.0,0.01,0.01,,258,3.1875020312499998,False,2026-09-10 19:54:07+00:00,NVDA260925P00075000
NVDA,2026-09-22,228.8699951171875,2026-09-25,P,80.0,0.0,0.01,0.01,187.0,283,3.0000025,False,2026-09-11 15:14:30+00:00,NVDA260925P00080000
NVDA,2026-09-22,228.8699951171875,2026-09-25,P,85.0,0.0,0.01,0.02,90.0,274,2.8750028125,False,2026-09-10 17:22:59+00:00,NVDA260925P00085000
NVDA,2026-09-22,228.8699951171875,2026-09-25,P,90.0,0.0,0.01,0.01,1.0,474,2.68750328125,False,2026-09-16 19:20:12+00:00,NVDA260925P00090000
NVDA,2026-09-22,228.8699951171875,2026-09-25,P,95.0,0.0,0.01,0.01,1.0,655,2.56250359375,False,2026-09-18 15:11:27+00:00,NVDA260925P00095000
NVDA,2026-09-22,228.8699951171875,2026-09-25,P,100.0,0.0,0.01,0.01,18.0,519,2.3750040624999995,False,2026-09-16 19:59:49+00:00,NVDA260925P00100000
NVDA,2026-09-22,228.8699951171875,2026-09-25,P,105.0,0.0,0.01,0.01,5.0,47479,2.2500043749999996,False,2026-09-22 13:41:19+00:00,NVDA260925P00105000
NVDA,2026-09-22,228.8699951171875,2026-09-25,P,110.0,0.0,0.01,0.01,3.0,8114,2.1250046874999997,False,2026-09-21 16:36:37+00:00,NVDA260925P00110000
NVDA,2026-09-22,228.8699951171875,2026-09-25,P,115.0,0.0,0.01,0.01,685.0,4266,2.000005,False,2026-09-21 14:25:58+00:00,NVDA260925P00115000
NVDA,2026-09-22,228.8699951171875,2026-09-25,P,120.0,0.0,0.01,0.01,50.0,11887,1.875000625,False,2026-09-22 19:37:30+00:00,NVDA260925P00120000
NVDA,2026-09-22,228.8699951171875,2026-09-25,P,125.0,0.0,0.01,0.01,493.0,4893,1.78125109375,False,2026-09-21 17:43:51+00:00,NVDA260925P00125000
NVDA,2026-09-22,228.8699951171875,2026-09-25,P,130.0,0.0,0.01,0.01,38.0,1502,1.6875015625,False,2026-09-21 18:54:51+00:00,NVDA260925P00130000
NVDA,2026-09-22,228.8699951171875,2026-09-25,P,135.0,0.0,0.01,0.01,74.0,1298,1.5625021874999998,False,2026-09-21 14:04:08+00:00,NVDA260925P00135000
NVDA,2026-09-22,228.8699951171875,2026-09-25,P,140.0,0.0,0.01,0.01,142.0,1807,1.46875265625,False,2026-09-21 17:06:35+00:00,NVDA260925P00140000
NVDA,2026-09-22,228.8699951171875,2026-09-25,P,145.0,0.0,0.01,0.01,3.0,3009,1.3750031249999999,False,2026-09-22 15:22:00+00:00,NVDA260925P00145000
NVDA,2026-09-22,228.8699951171875,2026-09-25,P,150.0,0.0,0.01,0.01,44.0,5247,1.2500037499999999,False,2026-09-22 15:22:26+00:00,NVDA260925P00150000
NVDA,2026-09-22,228.8699951171875,2026-09-25,P,155.0,0.0,0.01,0.01,237.0,812,1.1875040625,False,2026-09-22 14:49:04+00:00,NVDA260925P00155000
NVDA,2026-09-22,228.8699951171875,2026-09-25,P,160.0,0.0,0.01,0.01,400.0,4070,1.09375453125,False,2026-09-22 17:52:06+00:00,NVDA260925P00160000
NVDA,2026-09-22,228.8699951171875,2026-09-25,P,165.0,0.0,0.01,0.01,1177.0,14071,1.000005,False,2026-09-22 18:36:20+00:00,NVDA260925P00165000
NVDA,2026-09-22,228.8699951171875,2026-09-25,P,170.0,0.0,0.02,0.01,634.0,2742,0.9687503125,False,2026-09-22 19:37:05+00:00,NVDA260925P00170000
NVDA,2026-09-22,228.8699951171875,2026-09-25,P,175.0,0.0,0.01,0.01,467.0,3121,0.8437515624999999,False,2026-09-22 19:58:23+00:00,NVDA260925P00175000
NVDA,2026-09-22,228.8699951171875,2026-09-25,P,180.0,0.01,0.02,0.02,920.0,7963,0.8281267187499999,False,2026-09-22 19:57:52+00:00,NVDA260925P00180000
NVDA,2026-09-22,228.8699951171875,2026-09-25,P,185.0,0.01,0.03,0.05,2073.0,11886,0.7656273437500001,False,2026-09-22 19:53:39+00:00,NVDA260925P00185000
NVDA,2026-09-22,228.8699951171875,2026-09-25,P,187.5,0.01,0.03,0.01,5954.0,4026,0.7187528125,False,2026-09-22 19:59:17+00:00,NVDA260925P00187500
NVDA,2026-09-22,228.8699951171875,2026-09-25,P,190.0,0.01,0.03,0.02,8895.0,23932,0.6796907031250001,False,2026-09-22 19:59:45+00:00,NVDA260925P00190000
NVDA,2026-09-22,228.8699951171875,2026-09-25,P,192.5,0.01,0.03,0.03,6373.0,3073,0.632816171875,False,2026-09-22 19:49:50+00:00,NVDA260925P00192500
NVDA,2026-09-22,228.8699951171875,2026-09-25,P,195.0,0.02,0.04,0.03,7117.0,11411,0.6171913281250001,False,2026-09-22 19:58:53+00:00,NVDA260925P00195000
NVDA,2026-09-22,228.8699951171875,2026-09-25,P,197.5,0.02,0.04,0.03,3768.0,16047,0.5742230078125,False,2026-09-22 19:49:27+00:00,NVDA260925P00197500
NVDA,2026-09-22,228.8699951171875,2026-09-25,P,200.0,0.03,0.05,0.05,3035.0,13160,0.5507857421875001,False,2026-09-22 19:56:51+00:00,NVDA260925P00200000
NVDA,2026-09-22,228.8699951171875,2026-09-25,P,202.5,0.04,0.06,0.05,543.0,7105,0.5195360546875,False,2026-09-22 19:57:13+00:00,NVDA260925P00202500
NVDA,2026-09-22,228.8699951171875,2026-09-25,P,205.0,0.05,0.07,0.07,1822.0,12271,0.49805189453125004,False,2026-09-22 19:58:53+00:00,NVDA260925P00205000
NVDA,2026-09-22,228.8699951171875,2026-09-25,P,207.5,0.07,0.08,0.07,1474.0,4576,0.45898978515625005,False,2026-09-22 19:58:56+00:00,NVDA260925P00207500
NVDA,2026-09-22,228.8699951171875,2026-09-25,P,210.0,0.09,0.1,0.09,4580.0,19906,0.42578699218750005,False,2026-09-22 19:59:26+00:00,NVDA260925P00210000
NVDA,2026-09-22,228.8699951171875,2026-09-25,P,212.5,0.11,0.13,0.12,2978.0,6303,0.393560751953125,False,2026-09-22 19:58:11+00:00,NVDA260925P00212500
NVDA,2026-09-22,228.8699951171875,2026-09-25,P,215.0,0.14,0.16,0.15,11570.0,14390,0.35645174804687496,False,2026-09-22 19:59:31+00:00,NVDA260925P00215000
NVDA,2026-09-22,228.8699951171875,2026-09-25,P,217.5,0.21,0.24,0.23,5213.0,13668,0.33008482421874996,False,2026-09-22 19:54:54+00:00,NVDA260925P00217500
NVDA,2026-09-22,228.8699951171875,2026-09-25,P,220.0,0.35,0.37,0.36,13780.0,19498,0.304694453125,False,2026-09-22 19:59:58+00:00,NVDA260925P00220000
NVDA,2026-09-22,228.8699951171875,2026-09-25,P,222.5,0.61,0.64,0.64,7956.0,5107,0.2880930566406249,False,2026-09-22 19:59:59+00:00,NVDA260925P00222500
NVDA,2026-09-22,228.8699951171875,2026-09-25,P,225.0,1.11,1.14,1.14,17739.0,6232,0.27808339111328123,False,2026-09-22 19:59:59+00:00,NVDA260925P00225000
NVDA,2026-09-22,228.8699951171875,2026-09-25,P,227.5,1.93,1.97,1.93,18046.0,2318,0.2727123510742187,False,2026-09-22 19:59:50+00:00,NVDA260925P00227500
NVDA,2026-09-22,228.8699951171875,2026-09-25,P,230.0,3.1,3.2,3.15,9443.0,3058,0.2710033837890625,True,2026-09-22 19:59:54+00:00,NVDA260925P00230000
NVDA,2026-09-22,228.8699951171875,2026-09-25,P,232.5,4.65,5.2,4.76,1220.0,823,0.31641308593749995,True,2026-09-22 19:59:32+00:00,NVDA260925P00232500
NVDA,2026-09-22,228.8699951171875,2026-09-25,P,235.0,6.65,6.85,6.75,1805.0,1191,0.28613995117187496,True,2026-09-22 19:59:43+00:00,NVDA260925P00235000
NVDA,2026-09-22,228.8699951171875,2026-09-25,P,237.5,8.8,9.05,8.48,53.0,57,0.29834686035156244,True,2026-09-22 19:48:37+00:00,NVDA260925P00237500
NVDA,2026-09-22,228.8699951171875,2026-09-25,P,240.0,11.15,11.4,10.78,116.0,173,0.31836619140624994,True,2026-09-22 19:49:07+00:00,NVDA260925P00240000
NVDA,2026-09-22,228.8699951171875,2026-09-25,P,242.5,13.5,13.85,13.36,4.0,61,0.35352208984374994,True,2026-09-22 18:09:57+00:00,NVDA260925P00242500
NVDA,2026-09-22,228.8699951171875,2026-09-25,P,245.0,16.05,16.3,15.6,31.0,15,0.38086556640624997,True,2026-09-22 19:24:00+00:00,NVDA260925P00245000
NVDA,2026-09-22,228.8699951171875,2026-09-25,P,250.0,19.65,22.9,20.5,3.0,5,0.8454605297851561,True,2026-09-22 18:27:17+00:00,NVDA260925P00250000
NVDA,2026-09-22,228.8699951171875,2026-09-25,P,252.5,22.45,24.8,23.85,1.0,0,0.7956563403320311,True,2026-09-22 15:19:36+00:00,NVDA260925P00252500
NVDA,2026-09-22,228.8699951171875,2026-09-25,P,255.0,25.95,26.3,26.85,11.0,0,0.5546919531250001,True,2026-09-22 14:13:37+00:00,NVDA260925P00255000
NVDA,2026-09-22,228.8699951171875,2026-09-25,P,257.5,28.45,29.95,46.0,,0,0.7539087109375,True,2026-09-14 19:55:00+00:00,NVDA260925P00257500
NVDA,2026-09-22,228.8699951171875,2026-09-25,P,260.0,30.95,32.85,31.5,5.0,16,0.858399853515625,True,2026-09-22 14:39:11+00:00,NVDA260925P00260000
NVDA,2026-09-22,228.8699951171875,2026-09-25,P,265.0,36.05,36.35,45.17,2.0,0,0.6250037500000001,True,2026-09-18 17:35:59+00:00,NVDA260925P00265000
NVDA,2026-09-22,228.8699951171875,2026-09-25,P,270.0,41.05,41.35,44.75,2.0,0,0.69336244140625,True,2026-09-21 15:37:26+00:00,NVDA260925P00270000
NVDA,2026-09-22,228.8699951171875,2026-09-25,P,275.0,44.95,46.3,46.85,2.0,0,0.858399853515625,True,2026-09-22 14:13:37+00:00,NVDA260925P00275000
NVDA,2026-09-22,228.8699951171875,2026-09-25,P,280.0,51.05,51.35,52.61,2.0,0,0.82226740234375,True,2026-09-21 17:57:04+00:00,NVDA260925P00280000
NVDA,2026-09-22,228.8699951171875,2026-09-25,P,285.0,56.05,56.35,56.09,1.0,1,0.8828136718749999,True,2026-09-22 13:41:58+00:00,NVDA260925P00285000
NVDA,2026-09-22,228.8699951171875,2026-09-25,P,290.0,61.05,61.3,61.11,1.0,0,0.8984385156249999,True,2026-09-22 13:41:58+00:00,NVDA260925P00290000
NVDA,2026-09-22,228.8699951171875,2026-09-25,P,300.0,70.55,72.3,85.0,1.0,0,1.2890660546875,True,2026-09-16 13:53:27+00:00,NVDA260925P00300000
NVDA,2026-09-22,228.8699951171875,2026-09-25,P,325.0,96.05,96.3,96.85,5.0,0,1.2656286718749998,True,2026-09-22 14:13:37+00:00,NVDA260925P00325000
NVDA,2026-09-22,228.8699951171875,2026-09-25,P,330.0,101.05,101.35,110.25,5.0,0,1.3789093554687497,True,2026-09-18 15:30:57+00:00,NVDA260925P00330000
NVDA,2026-09-22,228.8699951171875,2026-09-25,P,350.0,120.95,122.3,118.95,2.0,0,2.020512761230469,True,2026-09-04 17:08:31+00:00,NVDA260925P00350000
NVDA,2026-09-22,228.8699951171875,2026-09-25,P,360.0,130.55,132.4,146.15,,0,2.0175830810546875,True,2026-09-16 19:59:33+00:00,NVDA260925P00360000
NVDA,2026-09-22,228.8699951171875,2026-09-28,C,165.0,62.25,65.95,60.1,5.0,4,1.15234798828125,True,2026-09-21 14:58:10+00:00,NVDA260928C00165000
NVDA,2026-09-22,228.8699951171875,2026-09-28,C,170.0,57.25,60.85,59.08,1.0,4,1.021489267578125,True,2026-09-22 16:21:53+00:00,NVDA260928C00170000
NVDA,2026-09-22,228.8699951171875,2026-09-28,C,175.0,52.2,55.8,44.36,1.0,1,0.8906260937499999,True,2026-09-18 13:38:53+00:00,NVDA260928C00175000
NVDA,2026-09-22,228.8699951171875,2026-09-28,C,180.0,48.8,49.15,48.9,1.0,2,0.7851583984375,True,2026-09-22 13:42:16+00:00,NVDA260928C00180000
NVDA,2026-09-22,228.8699951171875,2026-09-28,C,185.0,42.3,45.75,43.55,1.0,5,0.747072841796875,True,2026-09-21 18:55:12+00:00,NVDA260928C00185000
NVDA,2026-09-22,228.8699951171875,2026-09-28,C,190.0,37.3,40.75,38.08,10.0,21,0.6660189648437502,True,2026-09-21 18:50:22+00:00,NVDA260928C00190000
NVDA,2026-09-22,228.8699951171875,2026-09-28,C,195.0,32.3,35.85,32.58,5.0,15,0.6123085644531252,True,2026-09-21 19:48:04+00:00,NVDA260928C00195000
NVDA,2026-09-22,228.8699951171875,2026-09-28,C,200.0,27.4,30.85,29.02,14.0,97,0.551762294921875,True,2026-09-22 19:55:54+00:00,NVDA260928C00200000
NVDA,2026-09-22,228.8699951171875,2026-09-28,C,202.5,24.9,28.4,26.8,5.0,67,0.5185595019531251,True,2026-09-22 17:54:59+00:00,NVDA260928C00202500
NVDA,2026-09-22,228.8699951171875,2026-09-28,C,205.0,23.95,25.75,22.96,2.0,227,0.6389196264648438,True,2026-09-22 13:45:21+00:00,NVDA260928C00205000
NVDA,2026-09-22,228.8699951171875,2026-09-28,C,207.5,19.95,23.3,22.45,13.0,142,0.7282742016601562,True,2026-09-22 17:04:41+00:00,NVDA260928C00207500
NVDA,2026-09-22,228.8699951171875,2026-09-28,C,210.0,19.0,19.3,20.04,303.0,687,0.4292049267578125,True,2026-09-22 19:40:13+00:00,NVDA260928C00210000
NVDA,2026-09-22,228.8699951171875,2026-09-28,C,212.5,16.55,16.85,17.37,11.0,395,0.393560751953125,True,2026-09-22 19:15:10+00:00,NVDA260928C00212500
NVDA,2026-09-22,228.8699951171875,2026-09-28,C,215.0,14.15,15.85,15.05,148.0,1743,0.5526167785644531,True,2026-09-22 19:54:10+00:00,NVDA260928C00215000
NVDA,2026-09-22,228.8699951171875,2026-09-28,C,217.5,11.8,12.05,11.95,71.0,310,0.33008482421874996,True,2026-09-22 19:57:02+00:00,NVDA260928C00217500
NVDA,2026-09-22,228.8699951171875,2026-09-28,C,220.0,9.55,9.85,9.64,408.0,3559,0.31592480957031244,True,2026-09-22 19:59:36+00:00,NVDA260928C00220000
NVDA,2026-09-22,228.8699951171875,2026-09-28,C,222.5,7.4,7.65,7.45,297.0,1238,0.2890696093749999,True,2026-09-22 19:58:14+00:00,NVDA260928C00222500
NVDA,2026-09-22,228.8699951171875,2026-09-28,C,225.0,5.5,5.7,5.6,1254.0,6755,0.27295648925781246,True,2026-09-22 19:58:52+00:00,NVDA260928C00225000
NVDA,2026-09-22,228.8699951171875,2026-09-28,C,227.5,3.9,4.05,4.05,3164.0,1900,0.26343510009765625,True,2026-09-22 19:59:36+00:00,NVDA260928C00227500
NVDA,2026-09-22,228.8699951171875,2026-09-28,C,230.0,2.68,2.73,2.7,16175.0,6974,0.2574537145996094,False,2026-09-22 19:59:57+00:00,NVDA260928C00230000
NVDA,2026-09-22,228.8699951171875,2026-09-28,C,232.5,1.72,1.76,1.74,5649.0,1217,0.2556226782226563,False,2026-09-22 19:59:31+00:00,NVDA260928C00232500
NVDA,2026-09-22,228.8699951171875,2026-09-28,C,235.0,1.06,1.1,1.08,6900.0,10094,0.2573316455078125,False,2026-09-22 19:59:55+00:00,NVDA260928C00235000
NVDA,2026-09-22,228.8699951171875,2026-09-28,C,237.5,0.63,0.67,0.65,1208.0,661,0.26099371826171874,False,2026-09-22 19:58:52+00:00,NVDA260928C00237500
NVDA,2026-09-22,228.8699951171875,2026-09-28,C,240.0,0.38,0.41,0.39,1962.0,689,0.26734131103515624,False,2026-09-22 19:59:55+00:00,NVDA260928C00240000
NVDA,2026-09-22,228.8699951171875,2026-09-28,C,242.5,0.23,0.25,0.26,251.0,278,0.274421318359375,False,2026-09-22 19:36:53+00:00,NVDA260928C00242500
NVDA,2026-09-22,228.8699951171875,2026-09-28,C,245.0,0.14,0.16,0.14,1467.0,410,0.2846751220703124,False,2026-09-22 19:58:50+00:00,NVDA260928C00245000
NVDA,2026-09-22,228.8699951171875,2026-09-28,C,247.5,0.09,0.11,0.11,624.0,103,0.2978585839843749,False,2026-09-22 19:59:13+00:00,NVDA260928C00247500
NVDA,2026-09-22,228.8699951171875,2026-09-28,C,250.0,0.07,0.08,0.08,346.0,469,0.313483427734375,False,2026-09-22 19:53:54+00:00,NVDA260928C00250000
NVDA,2026-09-22,228.8699951171875,2026-09-28,C,255.0,0.04,0.05,0.04,49.0,29,0.34766277343749996,False,2026-09-22 19:01:36+00:00,NVDA260928C00255000
NVDA,2026-09-22,228.8699951171875,2026-09-28,C,260.0,0.02,0.03,0.02,255.0,40,0.37500625,False,2026-09-22 19:55:52+00:00,NVDA260928C00260000
NVDA,2026-09-22,228.8699951171875,2026-09-28,C,265.0,0.01,0.02,0.02,115.0,202,0.4062559375,False,2026-09-22 16:05:07+00:00,NVDA260928C00265000
NVDA,2026-09-22,228.8699951171875,2026-09-28,C,275.0,0.0,0.02,0.01,158.0,415,0.49609878906250005,False,2026-09-22 14:49:17+00:00,NVDA260928C00275000
NVDA,2026-09-22,228.8699951171875,2026-09-28,C,280.0,0.0,0.02,0.01,102.0,56,0.500005,False,2026-09-22 16:46:31+00:00,NVDA260928C00280000
NVDA,2026-09-22,228.8699951171875,2026-09-28,C,295.0,0.0,0.01,0.02,,100,0.5937540625000001,False,2026-09-14 16:09:29+00:00,NVDA260928C00295000
NVDA,2026-09-22,228.8699951171875,2026-09-28,P,100.0,0.0,0.01,0.01,14.0,133,1.8125009374999999,False,2026-09-21 14:34:29+00:00,NVDA260928P00100000
NVDA,2026-09-22,228.8699951171875,2026-09-28,P,105.0,0.0,0.01,0.01,19.0,29,1.6875015625,False,2026-09-18 18:46:06+00:00,NVDA260928P00105000
NVDA,2026-09-22,228.8699951171875,2026-09-28,P,110.0,0.0,0.01,0.02,,216,1.625001875,False,2026-09-17 17:47:24+00:00,NVDA260928P00110000
NVDA,2026-09-22,228.8699951171875,2026-09-28,P,140.0,0.0,0.01,0.03,3.0,3,1.09375453125,False,2026-09-18 15:50:57+00:00,NVDA260928P00140000
NVDA,2026-09-22,228.8699951171875,2026-09-28,P,150.0,0.0,0.01,0.02,1.0,159,0.9687503125,False,2026-09-21 14:29:49+00:00,NVDA260928P00150000
NVDA,2026-09-22,228.8699951171875,2026-09-28,P,155.0,0.0,0.01,0.02,12.0,82,0.8906260937499999,False,2026-09-21 16:23:58+00:00,NVDA260928P00155000
NVDA,2026-09-22,228.8699951171875,2026-09-28,P,160.0,0.0,0.01,0.03,2.0,68,0.8125018749999999,False,2026-09-21 14:18:43+00:00,NVDA260928P00160000
NVDA,2026-09-22,228.8699951171875,2026-09-28,P,165.0,0.0,0.02,0.01,4.0,24,0.79687703125,False,2026-09-22 18:34:58+00:00,NVDA260928P00165000
NVDA,2026-09-22,228.8699951171875,2026-09-28,P,170.0,0.0,0.02,0.03,6.0,35,0.73437765625,False,2026-09-21 19:24:02+00:00,NVDA260928P00170000
NVDA,2026-09-22,228.8699951171875,2026-09-28,P,175.0,0.0,0.02,0.04,22.0,82,0.6718782812500002,False,2026-09-21 16:01:01+00:00,NVDA260928P00175000
NVDA,2026-09-22,228.8699951171875,2026-09-28,P,180.0,0.0,0.02,0.02,6.0,236,0.6015664843750002,False,2026-09-22 14:52:14+00:00,NVDA260928P00180000
NVDA,2026-09-22,228.8699951171875,2026-09-28,P,185.0,0.01,0.02,0.02,6.0,160,0.5625043750000001,False,2026-09-22 16:19:12+00:00,NVDA260928P00185000
NVDA,2026-09-22,228.8699951171875,2026-09-28,P,190.0,0.02,0.03,0.02,6.0,3233,0.523442265625,False,2026-09-22 18:22:50+00:00,NVDA260928P00190000
NVDA,2026-09-22,228.8699951171875,2026-09-28,P,195.0,0.03,0.05,0.03,52.0,1793,0.49805189453125004,False,2026-09-22 19:51:08+00:00,NVDA260928P00195000
NVDA,2026-09-22,228.8699951171875,2026-09-28,P,197.5,0.04,0.06,0.06,11.0,38,0.47461462890625,False,2026-09-22 14:09:25+00:00,NVDA260928P00197500
NVDA,2026-09-22,228.8699951171875,2026-09-28,P,200.0,0.05,0.07,0.05,57.0,996,0.44727115234375,False,2026-09-22 19:46:10+00:00,NVDA260928P00200000
NVDA,2026-09-22,228.8699951171875,2026-09-28,P,202.5,0.06,0.08,0.06,75.0,176,0.41992767578125,False,2026-09-22 19:34:25+00:00,NVDA260928P00202500
NVDA,2026-09-22,228.8699951171875,2026-09-28,P,205.0,0.08,0.09,0.08,116.0,2537,0.39063109375,False,2026-09-22 19:53:51+00:00,NVDA260928P00205000
NVDA,2026-09-22,228.8699951171875,2026-09-28,P,207.5,0.11,0.13,0.1,363.0,1168,0.37500625,False,2026-09-22 19:39:40+00:00,NVDA260928P00207500
NVDA,2026-09-22,228.8699951171875,2026-09-28,P,210.0,0.15,0.16,0.13,361.0,3122,0.34961587890624996,False,2026-09-22 19:49:43+00:00,NVDA260928P00210000
NVDA,2026-09-22,228.8699951171875,2026-09-28,P,212.5,0.18,0.2,0.18,242.0,1418,0.3232489550781249,False,2026-09-22 19:47:17+00:00,NVDA260928P00212500
NVDA,2026-09-22,228.8699951171875,2026-09-28,P,215.0,0.26,0.28,0.28,1148.0,1324,0.30322962402343745,False,2026-09-22 19:59:17+00:00,NVDA260928P00215000
NVDA,2026-09-22,228.8699951171875,2026-09-28,P,217.5,0.38,0.41,0.4,527.0,880,0.28516339843749994,False,2026-09-22 19:58:03+00:00,NVDA260928P00217500
NVDA,2026-09-22,228.8699951171875,2026-09-28,P,220.0,0.6,0.63,0.6,3834.0,865,0.270515107421875,False,2026-09-22 19:59:26+00:00,NVDA260928P00220000
NVDA,2026-09-22,228.8699951171875,2026-09-28,P,222.5,0.97,1.01,0.99,2134.0,1020,0.26050544189453123,False,2026-09-22 19:59:25+00:00,NVDA260928P00222500
NVDA,2026-09-22,228.8699951171875,2026-09-28,P,225.0,1.57,1.6,1.6,1920.0,1715,0.2524488818359375,False,2026-09-22 19:59:54+00:00,NVDA260928P00225000
NVDA,2026-09-22,228.8699951171875,2026-09-28,P,227.5,2.45,2.51,2.44,1620.0,355,0.24976336181640624,False,2026-09-22 19:59:47+00:00,NVDA260928P00227500
NVDA,2026-09-22,228.8699951171875,2026-09-28,P,230.0,3.65,3.75,3.7,744.0,91,0.24878680908203127,True,2026-09-22 19:59:58+00:00,NVDA260928P00230000
NVDA,2026-09-22,228.8699951171875,2026-09-28,P,232.5,5.1,5.3,4.65,220.0,69,0.24781025634765624,True,2026-09-22 19:54:10+00:00,NVDA260928P00232500
NVDA,2026-09-22,228.8699951171875,2026-09-28,P,235.0,6.95,7.2,7.1,107.0,82,0.25440198730468755,True,2026-09-22 19:59:23+00:00,NVDA260928P00235000
NVDA,2026-09-22,228.8699951171875,2026-09-28,P,237.5,9.0,9.3,8.65,80.0,55,0.26099371826171874,True,2026-09-22 18:07:10+00:00,NVDA260928P00237500
NVDA,2026-09-22,228.8699951171875,2026-09-28,P,240.0,9.75,12.95,11.14,5.0,8,0.44434149414062496,True,2026-09-22 17:55:56+00:00,NVDA260928P00240000
NVDA,2026-09-22,228.8699951171875,2026-09-28,P,247.5,17.9,19.7,19.27,20.0,2,0.5009815527343751,True,2026-09-22 14:35:51+00:00,NVDA260928P00247500
NVDA,2026-09-22,228.8699951171875,2026-09-28,P,250.0,20.5,22.0,22.7,22.0,12,0.5127001855468749,True,2026-09-21 18:22:17+00:00,NVDA260928P00250000
NVDA,2026-09-22,228.8699951171875,2026-09-30,C,150.0,77.15,81.6,69.25,,1,1.4423856005859377,True,2026-09-17 16:40:30+00:00,NVDA260930C00150000
NVDA,2026-09-22,228.8699951171875,2026-09-30,C,185.0,42.35,45.85,32.45,,1,0.70117486328125,True,2026-09-17 13:36:22+00:00,NVDA260930C00185000
NVDA,2026-09-22,228.8699951171875,2026-09-30,C,190.0,36.95,41.5,37.05,1.0,3,0.6757844921875001,True,2026-09-21 19:55:11+00:00,NVDA260930C00190000
NVDA,2026-09-22,228.8699951171875,2026-09-30,C,195.0,33.75,36.05,34.42,1.0,1,0.7565942309570313,True,2026-09-22 16:56:18+00:00,NVDA260930C00195000
NVDA,2026-09-22,228.8699951171875,2026-09-30,C,200.0,28.9,29.45,29.15,14.0,107,0.5034229345703125,True,2026-09-22 15:27:15+00:00,NVDA260930C00200000
NVDA,2026-09-22,228.8699951171875,2026-09-30,C,202.5,26.45,27.0,21.35,15.0,22,0.5446822875976562,True,2026-09-21 14:20:09+00:00,NVDA260930C00202500
NVDA,2026-09-22,228.8699951171875,2026-09-30,C,205.0,23.95,25.9,25.25,6.0,74,0.5751995605468749,True,2026-09-22 19:53:10+00:00,NVDA260930C00205000
NVDA,2026-09-22,228.8699951171875,2026-09-30,C,207.5,21.5,22.05,21.7,2.0,128,0.4682670361328125,True,2026-09-22 17:49:39+00:00,NVDA260930C00207500
NVDA,2026-09-22,228.8699951171875,2026-09-30,C,210.0,19.2,19.6,19.98,222.0,431,0.4331111376953125,True,2026-09-22 18:48:05+00:00,NVDA260930C00210000
NVDA,2026-09-22,228.8699951171875,2026-09-30,C,212.5,16.8,17.2,16.8,61.0,201,0.40332627929687503,True,2026-09-22 15:06:17+00:00,NVDA260930C00212500
NVDA,2026-09-22,228.8699951171875,2026-09-30,C,215.0,14.45,14.8,15.35,69.0,409,0.37036762451171873,True,2026-09-22 19:38:07+00:00,NVDA260930C00215000
NVDA,2026-09-22,228.8699951171875,2026-09-30,C,217.5,12.2,12.5,13.05,51.0,639,0.3454655297851562,True,2026-09-22 19:16:14+00:00,NVDA260930C00217500
NVDA,2026-09-22,228.8699951171875,2026-09-30,C,220.0,10.1,10.3,11.05,372.0,1614,0.32398136962890617,True,2026-09-22 19:52:53+00:00,NVDA260930C00220000
NVDA,2026-09-22,228.8699951171875,2026-09-30,C,222.5,8.0,9.25,8.12,105.0,780,0.3881897119140625,True,2026-09-22 19:54:01+00:00,NVDA260930C00222500
NVDA,2026-09-22,228.8699951171875,2026-09-30,C,225.0,6.3,6.5,6.39,1086.0,1708,0.301764794921875,True,2026-09-22 19:59:49+00:00,NVDA260930C00225000
NVDA,2026-09-22,228.8699951171875,2026-09-30,C,227.5,4.8,4.95,4.83,2314.0,806,0.295905478515625,True,2026-09-22 19:59:16+00:00,NVDA260930C00227500
NVDA,2026-09-22,228.8699951171875,2026-09-30,C,230.0,3.55,3.65,3.6,14291.0,1582,0.2916330603027343,False,2026-09-22 19:59:57+00:00,NVDA260930C00230000
NVDA,2026-09-22,228.8699951171875,2026-09-30,C,232.5,2.51,2.62,2.56,1648.0,566,0.2898020239257812,False,2026-09-22 19:59:50+00:00,NVDA260930C00232500
NVDA,2026-09-22,228.8699951171875,2026-09-30,C,235.0,1.73,1.81,1.79,2399.0,1029,0.2876047802734374,False,2026-09-22 19:59:43+00:00,NVDA260930C00235000
NVDA,2026-09-22,228.8699951171875,2026-09-30,C,237.5,1.16,1.23,1.17,606.0,737,0.28833719482421866,False,2026-09-22 19:56:42+00:00,NVDA260930C00237500
NVDA,2026-09-22,228.8699951171875,2026-09-30,C,240.0,0.78,0.84,0.8,1217.0,2960,0.2924875439453124,False,2026-09-22 19:59:59+00:00,NVDA260930C00240000
NVDA,2026-09-22,228.8699951171875,2026-09-30,C,242.5,0.5,0.57,0.5,208.0,134,0.2973703076171874,False,2026-09-22 19:59:29+00:00,NVDA260930C00242500
NVDA,2026-09-22,228.8699951171875,2026-09-30,C,245.0,0.33,0.4,0.36,343.0,277,0.305671005859375,False,2026-09-22 19:54:59+00:00,NVDA260930C00245000
NVDA,2026-09-22,228.8699951171875,2026-09-30,C,247.5,0.24,0.27,0.25,47.0,84,0.31153032226562494,False,2026-09-22 19:58:27+00:00,NVDA260930C00247500
NVDA,2026-09-22,228.8699951171875,2026-09-30,C,250.0,0.17,0.2,0.18,245.0,546,0.3227606787109374,False,2026-09-22 19:59:52+00:00,NVDA260930C00250000
NVDA,2026-09-22,228.8699951171875,2026-09-30,C,255.0,0.08,0.11,0.1,67.0,72,0.3437565625,False,2026-09-22 19:56:02+00:00,NVDA260930C00255000
NVDA,2026-09-22,228.8699951171875,2026-09-30,C,260.0,0.05,0.07,0.06,87.0,18,0.36914693359375,False,2026-09-22 19:57:29+00:00,NVDA260930C00260000
NVDA,2026-09-22,228.8699951171875,2026-09-30,C,265.0,0.03,0.06,0.05,217.0,6,0.40820904296875,False,2026-09-22 19:42:10+00:00,NVDA260930C00265000
NVDA,2026-09-22,228.8699951171875,2026-09-30,C,280.0,0.01,0.03,0.02,8.0,49,0.49609878906250005,False,2026-09-22 19:22:51+00:00,NVDA260930C00280000
NVDA,2026-09-22,228.8699951171875,2026-09-30,C,285.0,0.0,0.03,0.04,,1,0.500005,False,2026-09-17 13:38:30+00:00,NVDA260930C00285000
NVDA,2026-09-22,228.8699951171875,2026-09-30,P,125.0,0.0,0.02,0.03,1.0,3,1.2500037499999999,False,2026-09-21 15:29:43+00:00,NVDA260930P00125000
NVDA,2026-09-22,228.8699951171875,2026-09-30,P,130.0,0.0,0.03,0.05,,8,1.21875390625,False,2026-09-16 18:33:48+00:00,NVDA260930P00130000
NVDA,2026-09-22,228.8699951171875,2026-09-30,P,135.0,0.0,0.03,0.03,8.0,20,1.140629296875,False,2026-09-18 14:44:34+00:00,NVDA260930P00135000
NVDA,2026-09-22,228.8699951171875,2026-09-30,P,140.0,0.0,0.03,0.01,5.0,4013,1.0703171484375003,False,2026-09-22 19:39:19+00:00,NVDA260930P00140000
NVDA,2026-09-22,228.8699951171875,2026-09-30,P,145.0,0.0,0.03,0.05,,2,0.9960937890625,False,2026-09-17 14:49:48+00:00,NVDA260930P00145000
NVDA,2026-09-22,228.8699951171875,2026-09-30,P,150.0,0.0,0.03,0.1,,3,0.929688203125,False,2026-09-15 19:55:41+00:00,NVDA260930P00150000
NVDA,2026-09-22,228.8699951171875,2026-09-30,P,155.0,0.0,0.03,0.02,27.0,2,0.85937640625,False,2026-09-22 16:55:18+00:00,NVDA260930P00155000
NVDA,2026-09-22,228.8699951171875,2026-09-30,P,160.0,0.01,0.03,0.01,7.0,312,0.8203142968749999,False,2026-09-22 18:35:06+00:00,NVDA260930P00160000
NVDA,2026-09-22,228.8699951171875,2026-09-30,P,165.0,0.01,0.02,0.02,2.0,90,0.73437765625,False,2026-09-22 16:55:13+00:00,NVDA260930P00165000
NVDA,2026-09-22,228.8699951171875,2026-09-30,P,170.0,0.01,0.03,0.01,2.0,125,0.6914093359375001,False,2026-09-22 17:17:03+00:00,NVDA260930P00170000
NVDA,2026-09-22,228.8699951171875,2026-09-30,P,175.0,0.01,0.04,0.06,14.0,26,0.6445348046875,False,2026-09-21 19:25:06+00:00,NVDA260930P00175000
NVDA,2026-09-22,228.8699951171875,2026-09-30,P,180.0,0.01,0.05,0.04,8.0,157,0.5937540625000001,False,2026-09-22 16:26:30+00:00,NVDA260930P00180000
NVDA,2026-09-22,228.8699951171875,2026-09-30,P,185.0,0.02,0.06,0.04,1.0,52,0.5507857421875001,False,2026-09-22 17:59:04+00:00,NVDA260930P00185000
NVDA,2026-09-22,228.8699951171875,2026-09-30,P,187.5,0.03,0.07,0.07,17.0,30,0.53320779296875,False,2026-09-22 19:54:48+00:00,NVDA260930P00187500
NVDA,2026-09-22,228.8699951171875,2026-09-30,P,190.0,0.04,0.08,0.06,59.0,121,0.5136767382812499,False,2026-09-22 18:19:55+00:00,NVDA260930P00190000
NVDA,2026-09-22,228.8699951171875,2026-09-30,P,192.5,0.05,0.09,0.09,6.0,14,0.508793974609375,False,2026-09-22 14:22:42+00:00,NVDA260930P00192500
NVDA,2026-09-22,228.8699951171875,2026-09-30,P,195.0,0.06,0.1,0.08,58.0,176,0.48242705078125003,False,2026-09-22 19:57:15+00:00,NVDA260930P00195000
NVDA,2026-09-22,228.8699951171875,2026-09-30,P,197.5,0.09,0.12,0.09,25.0,20,0.46191944335937507,False,2026-09-22 19:41:59+00:00,NVDA260930P00197500
NVDA,2026-09-22,228.8699951171875,2026-09-30,P,200.0,0.1,0.13,0.13,288.0,239,0.4335994140625,False,2026-09-22 19:59:37+00:00,NVDA260930P00200000
NVDA,2026-09-22,228.8699951171875,2026-09-30,P,202.5,0.13,0.16,0.15,16.0,92,0.41309180664062495,False,2026-09-22 19:56:13+00:00,NVDA260930P00202500
NVDA,2026-09-22,228.8699951171875,2026-09-30,P,205.0,0.16,0.2,0.18,42.0,319,0.393560751953125,False,2026-09-22 19:38:10+00:00,NVDA260930P00205000
NVDA,2026-09-22,228.8699951171875,2026-09-30,P,207.5,0.2,0.25,0.21,73.0,231,0.37354142089843745,False,2026-09-22 19:41:59+00:00,NVDA260930P00207500
NVDA,2026-09-22,228.8699951171875,2026-09-30,P,210.0,0.28,0.31,0.26,404.0,749,0.35156898437499995,False,2026-09-22 19:43:32+00:00,NVDA260930P00210000
NVDA,2026-09-22,228.8699951171875,2026-09-30,P,212.5,0.36,0.42,0.4,564.0,3370,0.335944140625,False,2026-09-22 19:55:50+00:00,NVDA260930P00212500
NVDA,2026-09-22,228.8699951171875,2026-09-30,P,215.0,0.52,0.54,0.55,536.0,513,0.31519239501953117,False,2026-09-22 19:59:15+00:00,NVDA260930P00215000
NVDA,2026-09-22,228.8699951171875,2026-09-30,P,217.5,0.74,0.8,0.77,529.0,232,0.30664755859375,False,2026-09-22 19:57:08+00:00,NVDA260930P00217500
NVDA,2026-09-22,228.8699951171875,2026-09-30,P,220.0,1.08,1.16,1.1,1178.0,574,0.2973703076171874,False,2026-09-22 19:58:19+00:00,NVDA260930P00220000
NVDA,2026-09-22,228.8699951171875,2026-09-30,P,222.5,1.59,1.67,1.65,976.0,195,0.2893137475585937,False,2026-09-22 19:55:22+00:00,NVDA260930P00222500
NVDA,2026-09-22,228.8699951171875,2026-09-30,P,225.0,2.28,2.38,2.35,1077.0,237,0.2829661547851562,False,2026-09-22 19:59:57+00:00,NVDA260930P00225000
NVDA,2026-09-22,228.8699951171875,2026-09-30,P,227.5,3.25,3.35,3.25,705.0,205,0.27967028930664056,False,2026-09-22 19:59:53+00:00,NVDA260930P00227500
NVDA,2026-09-22,228.8699951171875,2026-09-30,P,230.0,4.4,4.6,4.4,305.0,85,0.2790599438476562,True,2026-09-22 19:58:50+00:00,NVDA260930P00230000
NVDA,2026-09-22,228.8699951171875,2026-09-30,P,232.5,5.65,7.05,5.91,21.0,36,0.34802898071289057,True,2026-09-22 19:58:08+00:00,NVDA260930P00232500
NVDA,2026-09-22,228.8699951171875,2026-09-30,P,240.0,11.5,11.95,13.3,64.0,48,0.2902903002929687,True,2026-09-21 19:50:00+00:00,NVDA260930P00240000
NVDA,2026-09-22,228.8699951171875,2026-10-02,C,60.0,166.85,173.05,165.5,1.0,1,4.2158250427246085,True,2026-09-21 16:19:19+00:00,NVDA261002C00060000
NVDA,2026-09-22,228.8699951171875,2026-10-02,C,80.0,147.25,152.15,145.05,10.0,10,3.2041035522460932,True,2026-09-21 16:01:05+00:00,NVDA261002C00080000
NVDA,2026-09-22,228.8699951171875,2026-10-02,C,85.0,142.75,147.1,140.05,10.0,16,3.16406458984375,True,2026-09-21 16:01:05+00:00,NVDA261002C00085000
NVDA,2026-09-22,228.8699951171875,2026-10-02,C,90.0,136.45,141.4,129.68,3.0,1,2.000005,True,2026-09-18 18:03:44+00:00,NVDA261002C00090000
NVDA,2026-09-22,228.8699951171875,2026-10-02,C,100.0,127.35,131.65,119.8,11.0,29,2.4570351074218753,True,2026-09-18 18:20:06+00:00,NVDA261002C00100000
NVDA,2026-09-22,228.8699951171875,2026-10-02,C,105.0,122.5,127.0,108.12,,0,2.463871027832031,True,2026-09-15 14:03:53+00:00,NVDA261002C00105000
NVDA,2026-09-22,228.8699951171875,2026-10-02,C,110.0,116.5,121.7,102.03,1.0,2,1.890625546875,True,2026-08-26 17:54:54+00:00,NVDA261002C00110000
NVDA,2026-09-22,228.8699951171875,2026-10-02,C,115.0,111.9,116.9,96.9,1.0,1,2.021489321289063,True,2026-09-14 19:52:31+00:00,NVDA261002C00115000
NVDA,2026-09-22,228.8699951171875,2026-10-02,C,120.0,107.3,112.05,97.77,2.0,8,2.050786123046875,True,2026-09-10 17:24:30+00:00,NVDA261002C00120000
NVDA,2026-09-22,228.8699951171875,2026-10-02,C,125.0,103.9,104.25,94.36,2.0,1,1.5625021874999998,True,2026-09-11 19:02:04+00:00,NVDA261002C00125000
NVDA,2026-09-22,228.8699951171875,2026-10-02,C,130.0,98.85,99.25,99.93,2.0,6,1.4453152734375,True,2026-09-22 19:33:20+00:00,NVDA261002C00130000
NVDA,2026-09-22,228.8699951171875,2026-10-02,C,135.0,93.85,94.25,84.9,1.0,3,1.3574250878906249,True,2026-09-17 19:04:01+00:00,NVDA261002C00135000
NVDA,2026-09-22,228.8699951171875,2026-10-02,C,140.0,88.85,89.25,80.19,100.0,114,1.2734411328124997,True,2026-09-18 17:21:52+00:00,NVDA261002C00140000
NVDA,2026-09-22,228.8699951171875,2026-10-02,C,145.0,82.45,84.3,84.0,36.0,1227,1.3574250878906249,True,2026-09-22 19:55:50+00:00,NVDA261002C00145000
NVDA,2026-09-22,228.8699951171875,2026-10-02,C,150.0,78.9,79.3,78.97,3.0,101,1.1513714306640623,True,2026-09-22 16:29:34+00:00,NVDA261002C00150000
NVDA,2026-09-22,228.8699951171875,2026-10-02,C,155.0,73.95,74.3,72.85,1.0,106,1.0888717431640624,True,2026-09-22 13:53:15+00:00,NVDA261002C00155000
NVDA,2026-09-22,228.8699951171875,2026-10-02,C,160.0,68.95,69.3,69.15,24.0,71,1.0107471337890623,True,2026-09-22 19:59:43+00:00,NVDA261002C00160000
NVDA,2026-09-22,228.8699951171875,2026-10-02,C,165.0,63.95,64.3,64.15,40.0,29,0.9345709667968749,True,2026-09-22 19:59:43+00:00,NVDA261002C00165000
NVDA,2026-09-22,228.8699951171875,2026-10-02,C,170.0,59.0,59.35,59.2,25.0,59,0.88476677734375,True,2026-09-22 19:58:40+00:00,NVDA261002C00170000
NVDA,2026-09-22,228.8699951171875,2026-10-02,C,175.0,54.0,54.35,54.42,8.0,118,0.8105487695312499,True,2026-09-22 18:12:10+00:00,NVDA261002C00175000
NVDA,2026-09-22,228.8699951171875,2026-10-02,C,180.0,48.95,49.35,49.55,23.0,281,0.726565234375,True,2026-09-22 18:09:53+00:00,NVDA261002C00180000
NVDA,2026-09-22,228.8699951171875,2026-10-02,C,185.0,44.0,44.35,44.16,2.0,146,0.6650424121093752,True,2026-09-22 19:59:44+00:00,NVDA261002C00185000
NVDA,2026-09-22,228.8699951171875,2026-10-02,C,190.0,39.0,39.4,39.9,20.0,914,0.6035195898437502,True,2026-09-22 17:24:22+00:00,NVDA261002C00190000
NVDA,2026-09-22,228.8699951171875,2026-10-02,C,192.5,35.1,38.55,35.0,11.0,7,0.6044961425781252,True,2026-09-21 19:54:45+00:00,NVDA261002C00192500
NVDA,2026-09-22,228.8699951171875,2026-10-02,C,195.0,34.05,34.45,35.34,32.0,358,0.5473678076171876,True,2026-09-22 17:07:44+00:00,NVDA261002C00195000
NVDA,2026-09-22,228.8699951171875,2026-10-02,C,197.5,30.25,33.6,30.09,5.0,293,0.5537154003906251,True,2026-09-21 17:42:36+00:00,NVDA261002C00197500
NVDA,2026-09-22,228.8699951171875,2026-10-02,C,200.0,29.2,29.5,29.6,119.0,1042,0.5312546875,True,2026-09-22 19:46:49+00:00,NVDA261002C00200000
NVDA,2026-09-22,228.8699951171875,2026-10-02,C,202.5,26.75,27.05,27.0,3.0,849,0.5019581054687501,True,2026-09-22 17:42:33+00:00,NVDA261002C00202500
NVDA,2026-09-22,228.8699951171875,2026-10-02,C,205.0,24.25,24.6,25.1,216.0,914,0.47119669433593747,True,2026-09-22 18:47:55+00:00,NVDA261002C00205000
NVDA,2026-09-22,228.8699951171875,2026-10-02,C,207.5,21.9,22.2,22.8,57.0,860,0.4467828759765625,True,2026-09-22 19:38:07+00:00,NVDA261002C00207500
NVDA,2026-09-22,228.8699951171875,2026-10-02,C,210.0,19.5,19.75,19.8,740.0,2884,0.4128476684570312,True,2026-09-22 19:59:22+00:00,NVDA261002C00210000
NVDA,2026-09-22,228.8699951171875,2026-10-02,C,212.5,17.15,17.4,17.26,43.0,864,0.389654541015625,True,2026-09-22 19:57:37+00:00,NVDA261002C00212500
NVDA,2026-09-22,228.8699951171875,2026-10-02,C,215.0,14.95,15.1,15.1,335.0,4516,0.3679262426757813,True,2026-09-22 19:59:33+00:00,NVDA261002C00215000
NVDA,2026-09-22,228.8699951171875,2026-10-02,C,217.5,12.75,12.9,13.2,198.0,1263,0.3508365698242187,True,2026-09-22 19:54:40+00:00,NVDA261002C00217500
NVDA,2026-09-22,228.8699951171875,2026-10-02,C,220.0,10.7,10.85,10.75,1597.0,7557,0.3391179370117187,True,2026-09-22 19:59:36+00:00,NVDA261002C00220000
NVDA,2026-09-22,228.8699951171875,2026-10-02,C,222.5,8.8,8.95,8.9,771.0,1620,0.32959654785156245,True,2026-09-22 19:59:43+00:00,NVDA261002C00222500
NVDA,2026-09-22,228.8699951171875,2026-10-02,C,225.0,7.1,7.2,7.15,1865.0,7290,0.3200751586914062,True,2026-09-22 19:59:43+00:00,NVDA261002C00225000
NVDA,2026-09-22,228.8699951171875,2026-10-02,C,227.5,5.6,5.7,5.62,3559.0,3245,0.3154365332031249,True,2026-09-22 19:59:57+00:00,NVDA261002C00227500
NVDA,2026-09-22,228.8699951171875,2026-10-02,C,230.0,4.3,4.4,4.3,12916.0,17428,0.31116411499023433,False,2026-09-22 19:59:57+00:00,NVDA261002C00230000
NVDA,2026-09-22,228.8699951171875,2026-10-02,C,232.5,3.25,3.35,3.25,4200.0,4086,0.31018756225585936,False,2026-09-22 19:59:43+00:00,NVDA261002C00232500
NVDA,2026-09-22,228.8699951171875,2026-10-02,C,235.0,2.39,2.45,2.39,26134.0,16551,0.3062813513183594,False,2026-09-22 19:59:57+00:00,NVDA261002C00235000
NVDA,2026-09-22,228.8699951171875,2026-10-02,C,237.5,1.74,1.79,1.77,2052.0,6974,0.30689169677734374,False,2026-09-22 19:59:02+00:00,NVDA261002C00237500
NVDA,2026-09-22,228.8699951171875,2026-10-02,C,240.0,1.24,1.26,1.26,9573.0,12513,0.305671005859375,False,2026-09-22 19:59:40+00:00,NVDA261002C00240000
NVDA,2026-09-22,228.8699951171875,2026-10-02,C,242.5,0.88,0.93,0.89,5089.0,1674,0.3117744604492187,False,2026-09-22 19:56:30+00:00,NVDA261002C00242500
NVDA,2026-09-22,228.8699951171875,2026-10-02,C,245.0,0.64,0.65,0.65,2143.0,8879,0.313483427734375,False,2026-09-22 19:59:33+00:00,NVDA261002C00245000
NVDA,2026-09-22,228.8699951171875,2026-10-02,C,247.5,0.46,0.48,0.46,536.0,5935,0.32080757324218745,False,2026-09-22 19:58:43+00:00,NVDA261002C00247500
NVDA,2026-09-22,228.8699951171875,2026-10-02,C,250.0,0.34,0.35,0.34,3308.0,37270,0.327155166015625,False,2026-09-22 19:59:13+00:00,NVDA261002C00250000
NVDA,2026-09-22,228.8699951171875,2026-10-02,C,255.0,0.19,0.2,0.2,864.0,3530,0.3437565625,False,2026-09-22 19:58:19+00:00,NVDA261002C00255000
NVDA,2026-09-22,228.8699951171875,2026-10-02,C,260.0,0.11,0.12,0.11,458.0,5272,0.362311064453125,False,2026-09-22 19:58:49+00:00,NVDA261002C00260000
NVDA,2026-09-22,228.8699951171875,2026-10-02,C,265.0,0.07,0.08,0.09,1244.0,1574,0.383795224609375,False,2026-09-22 19:52:04+00:00,NVDA261002C00265000
NVDA,2026-09-22,228.8699951171875,2026-10-02,C,270.0,0.04,0.05,0.05,94.0,4313,0.40039662109375,False,2026-09-22 19:56:48+00:00,NVDA261002C00270000
NVDA,2026-09-22,228.8699951171875,2026-10-02,C,275.0,0.03,0.04,0.04,222.0,5287,0.42578699218750005,False,2026-09-22 17:54:41+00:00,NVDA261002C00275000
NVDA,2026-09-22,228.8699951171875,2026-10-02,C,280.0,0.02,0.04,0.03,1559.0,2104,0.46289599609375004,False,2026-09-22 18:45:39+00:00,NVDA261002C00280000
NVDA,2026-09-22,228.8699951171875,2026-10-02,C,285.0,0.01,0.03,0.01,29.0,583,0.48438015625,False,2026-09-22 18:17:07+00:00,NVDA261002C00285000
NVDA,2026-09-22,228.8699951171875,2026-10-02,C,290.0,0.01,0.02,0.01,1.0,1709,0.49609878906250005,False,2026-09-21 16:56:17+00:00,NVDA261002C00290000
NVDA,2026-09-22,228.8699951171875,2026-10-02,C,295.0,0.01,0.02,0.01,283.0,314,0.51562984375,False,2026-09-22 18:52:05+00:00,NVDA261002C00295000
NVDA,2026-09-22,228.8699951171875,2026-10-02,C,300.0,0.0,0.02,0.01,100.0,2700,0.523442265625,False,2026-09-21 18:04:34+00:00,NVDA261002C00300000
NVDA,2026-09-22,228.8699951171875,2026-10-02,C,305.0,0.0,0.02,0.03,5.0,208,0.5546919531250001,False,2026-09-18 13:37:18+00:00,NVDA261002C00305000
NVDA,2026-09-22,228.8699951171875,2026-10-02,C,310.0,0.0,0.01,0.01,2.0,101,0.5468795312500001,False,2026-09-18 13:50:47+00:00,NVDA261002C00310000
NVDA,2026-09-22,228.8699951171875,2026-10-02,C,315.0,0.0,0.01,0.02,3.0,490,0.57812921875,False,2026-09-17 14:50:49+00:00,NVDA261002C00315000
NVDA,2026-09-22,228.8699951171875,2026-10-02,C,320.0,0.0,0.01,0.01,3.0,361,0.5937540625000001,False,2026-09-17 13:41:31+00:00,NVDA261002C00320000
NVDA,2026-09-22,228.8699951171875,2026-10-02,C,325.0,0.0,0.01,0.02,4.0,529,0.6250037500000001,False,2026-09-14 16:33:52+00:00,NVDA261002C00325000
NVDA,2026-09-22,228.8699951171875,2026-10-02,C,330.0,0.0,0.01,0.01,10.0,1196,0.6562534375000001,False,2026-09-10 14:56:00+00:00,NVDA261002C00330000
NVDA,2026-09-22,228.8699951171875,2026-10-02,C,335.0,0.0,0.01,0.01,6.0,466,0.6718782812500002,False,2026-09-22 17:19:21+00:00,NVDA261002C00335000
NVDA,2026-09-22,228.8699951171875,2026-10-02,C,340.0,0.0,0.01,0.01,141.0,153,0.70312796875,False,2026-09-11 19:50:54+00:00,NVDA261002C00340000
NVDA,2026-09-22,228.8699951171875,2026-10-02,C,345.0,0.0,0.01,0.05,2.0,20,0.7187528125,False,2026-08-27 13:30:30+00:00,NVDA261002C00345000
NVDA,2026-09-22,228.8699951171875,2026-10-02,C,350.0,0.0,0.01,0.01,30.0,47,0.7500025,False,2026-09-11 19:50:55+00:00,NVDA261002C00350000
NVDA,2026-09-22,228.8699951171875,2026-10-02,C,360.0,0.0,0.01,0.01,1.0,49,0.7812521875,False,2026-09-21 15:24:47+00:00,NVDA261002C00360000
NVDA,2026-09-22,228.8699951171875,2026-10-02,C,370.0,0.0,0.01,0.02,4.0,45,0.8437515624999999,False,2026-09-04 18:41:33+00:00,NVDA261002C00370000
NVDA,2026-09-22,228.8699951171875,2026-10-02,C,380.0,0.0,0.01,0.03,18.0,12,0.87500125,False,2026-08-25 15:42:31+00:00,NVDA261002C00380000
NVDA,2026-09-22,228.8699951171875,2026-10-02,C,390.0,0.0,0.01,0.02,4.0,5,0.9062509375,False,2026-09-02 15:40:24+00:00,NVDA261002C00390000
NVDA,2026-09-22,228.8699951171875,2026-10-02,P,50.0,0.0,0.01,0.01,12.0,12,2.6250034375,False,2026-09-04 15:46:25+00:00,NVDA261002P00050000
NVDA,2026-09-22,228.8699951171875,2026-10-02,P,55.0,0.0,0.01,0.02,2.0,2,2.43750390625,False,2026-08-24 14:27:40+00:00,NVDA261002P00055000
NVDA,2026-09-22,228.8699951171875,2026-10-02,P,60.0,0.0,0.01,0.02,1.0,368,2.3125042187499996,False,2026-09-10 16:34:14+00:00,NVDA261002P00060000
NVDA,2026-09-22,228.8699951171875,2026-10-02,P,65.0,0.0,0.01,0.01,,1,2.1875045312499997,False,2026-09-17 15:22:47+00:00,NVDA261002P00065000
NVDA,2026-09-22,228.8699951171875,2026-10-02,P,70.0,0.0,0.01,0.04,,10,2.0625048437499998,False,2026-08-25 13:30:04+00:00,NVDA261002P00070000
NVDA,2026-09-22,228.8699951171875,2026-10-02,P,75.0,0.0,0.01,0.01,225.0,1481,1.9375003125,False,2026-09-18 18:27:16+00:00,NVDA261002P00075000
NVDA,2026-09-22,228.8699951171875,2026-10-02,P,80.0,0.0,0.01,0.01,23.0,360,1.8125009374999999,False,2026-09-18 18:36:21+00:00,NVDA261002P00080000
NVDA,2026-09-22,228.8699951171875,2026-10-02,P,85.0,0.0,0.01,0.01,84.0,121,1.71875140625,False,2026-09-18 19:50:08+00:00,NVDA261002P00085000
NVDA,2026-09-22,228.8699951171875,2026-10-02,P,90.0,0.0,0.01,0.01,20.0,73,1.625001875,False,2026-09-21 17:04:03+00:00,NVDA261002P00090000
NVDA,2026-09-22,228.8699951171875,2026-10-02,P,95.0,0.0,0.01,0.01,635.0,696,1.5312523437499999,False,2026-09-21 18:35:18+00:00,NVDA261002P00095000
NVDA,2026-09-22,228.8699951171875,2026-10-02,P,100.0,0.0,0.01,0.01,241.0,449,1.4375028125,False,2026-09-22 18:00:59+00:00,NVDA261002P00100000
NVDA,2026-09-22,228.8699951171875,2026-10-02,P,105.0,0.01,0.02,0.01,2449.0,101,1.5000025,False,2026-09-22 19:45:21+00:00,NVDA261002P00105000
NVDA,2026-09-22,228.8699951171875,2026-10-02,P,110.0,0.01,0.02,0.02,27.0,1488,1.40625296875,False,2026-09-22 19:03:30+00:00,NVDA261002P00110000
NVDA,2026-09-22,228.8699951171875,2026-10-02,P,115.0,0.01,0.02,0.03,140.0,953,1.3281283593749997,False,2026-09-18 14:53:22+00:00,NVDA261002P00115000
NVDA,2026-09-22,228.8699951171875,2026-10-02,P,120.0,0.01,0.02,0.02,986.0,15757,1.2500037499999999,False,2026-09-22 14:38:43+00:00,NVDA261002P00120000
NVDA,2026-09-22,228.8699951171875,2026-10-02,P,125.0,0.0,0.03,0.02,10.0,1661,1.171879140625,False,2026-09-22 15:04:45+00:00,NVDA261002P00125000
NVDA,2026-09-22,228.8699951171875,2026-10-02,P,130.0,0.01,0.02,0.02,20.0,8737,1.109379453125,False,2026-09-22 15:20:59+00:00,NVDA261002P00130000
NVDA,2026-09-22,228.8699951171875,2026-10-02,P,135.0,0.02,0.03,0.02,315.0,2033,1.0859420703125,False,2026-09-22 19:56:20+00:00,NVDA261002P00135000
NVDA,2026-09-22,228.8699951171875,2026-10-02,P,140.0,0.02,0.03,0.04,64.0,3140,1.015629921875,False,2026-09-21 13:45:00+00:00,NVDA261002P00140000
NVDA,2026-09-22,228.8699951171875,2026-10-02,P,145.0,0.02,0.03,0.02,169.0,1560,0.945313046875,False,2026-09-22 18:48:15+00:00,NVDA261002P00145000
NVDA,2026-09-22,228.8699951171875,2026-10-02,P,150.0,0.01,0.03,0.02,12.0,1918,0.867188828125,False,2026-09-22 18:27:07+00:00,NVDA261002P00150000
NVDA,2026-09-22,228.8699951171875,2026-10-02,P,155.0,0.02,0.03,0.03,105.0,934,0.8203142968749999,False,2026-09-22 13:46:58+00:00,NVDA261002P00155000
NVDA,2026-09-22,228.8699951171875,2026-10-02,P,160.0,0.03,0.04,0.03,111.0,1930,0.7851583984375,False,2026-09-22 17:56:26+00:00,NVDA261002P00160000
NVDA,2026-09-22,228.8699951171875,2026-10-02,P,165.0,0.03,0.05,0.04,1201.0,2000,0.73437765625,False,2026-09-22 17:57:16+00:00,NVDA261002P00165000
NVDA,2026-09-22,228.8699951171875,2026-10-02,P,170.0,0.04,0.05,0.05,32.0,3114,0.6816438085937502,False,2026-09-22 19:56:42+00:00,NVDA261002P00170000
NVDA,2026-09-22,228.8699951171875,2026-10-02,P,175.0,0.05,0.06,0.03,177.0,1952,0.6367223828125,False,2026-09-22 19:43:15+00:00,NVDA261002P00175000
NVDA,2026-09-22,228.8699951171875,2026-10-02,P,180.0,0.06,0.07,0.07,45.0,2738,0.58789474609375,False,2026-09-22 19:08:46+00:00,NVDA261002P00180000
NVDA,2026-09-22,228.8699951171875,2026-10-02,P,182.5,0.06,0.08,0.07,31.0,219,0.5625043750000001,False,2026-09-22 15:12:43+00:00,NVDA261002P00182500
NVDA,2026-09-22,228.8699951171875,2026-10-02,P,185.0,0.07,0.09,0.07,161.0,2969,0.5429733203125001,False,2026-09-22 19:39:54+00:00,NVDA261002P00185000
NVDA,2026-09-22,228.8699951171875,2026-10-02,P,187.5,0.08,0.1,0.09,164.0,363,0.5214891601562499,False,2026-09-22 17:36:46+00:00,NVDA261002P00187500
NVDA,2026-09-22,228.8699951171875,2026-10-02,P,190.0,0.09,0.11,0.1,430.0,10869,0.5039112109375,False,2026-09-22 19:59:00+00:00,NVDA261002P00190000
NVDA,2026-09-22,228.8699951171875,2026-10-02,P,192.5,0.11,0.12,0.08,133.0,532,0.47949739257812496,False,2026-09-22 19:43:15+00:00,NVDA261002P00192500
NVDA,2026-09-22,228.8699951171875,2026-10-02,P,195.0,0.12,0.14,0.12,179.0,7677,0.45898978515625005,False,2026-09-22 19:38:53+00:00,NVDA261002P00195000
NVDA,2026-09-22,228.8699951171875,2026-10-02,P,197.5,0.14,0.17,0.16,60.0,1023,0.4414118359375,False,2026-09-22 19:02:41+00:00,NVDA261002P00197500
NVDA,2026-09-22,228.8699951171875,2026-10-02,P,200.0,0.17,0.19,0.17,1151.0,67539,0.41748629394531245,False,2026-09-22 19:57:06+00:00,NVDA261002P00200000
NVDA,2026-09-22,228.8699951171875,2026-10-02,P,202.5,0.21,0.23,0.23,410.0,3785,0.398443515625,False,2026-09-22 19:58:37+00:00,NVDA261002P00202500
NVDA,2026-09-22,228.8699951171875,2026-10-02,P,205.0,0.27,0.29,0.27,3824.0,8488,0.38233039550781245,False,2026-09-22 19:59:15+00:00,NVDA261002P00205000
NVDA,2026-09-22,228.8699951171875,2026-10-02,P,207.5,0.34,0.36,0.33,2422.0,2354,0.36426416992187505,False,2026-09-22 19:54:15+00:00,NVDA261002P00207500
NVDA,2026-09-22,228.8699951171875,2026-10-02,P,210.0,0.45,0.47,0.46,8134.0,11733,0.3498600170898437,False,2026-09-22 19:59:38+00:00,NVDA261002P00210000
NVDA,2026-09-22,228.8699951171875,2026-10-02,P,212.5,0.6,0.64,0.6,2160.0,2520,0.33887379882812496,False,2026-09-22 19:59:09+00:00,NVDA261002P00212500
NVDA,2026-09-22,228.8699951171875,2026-10-02,P,215.0,0.82,0.85,0.84,4850.0,3689,0.32569033691406246,False,2026-09-22 19:58:30+00:00,NVDA261002P00215000
NVDA,2026-09-22,228.8699951171875,2026-10-02,P,217.5,1.13,1.17,1.14,829.0,1339,0.31641308593749995,False,2026-09-22 19:58:49+00:00,NVDA261002P00217500
NVDA,2026-09-22,228.8699951171875,2026-10-02,P,220.0,1.56,1.6,1.58,3750.0,9382,0.30774618041992186,False,2026-09-22 19:59:48+00:00,NVDA261002P00220000
NVDA,2026-09-22,228.8699951171875,2026-10-02,P,222.5,2.15,2.21,2.19,1559.0,674,0.30249720947265624,False,2026-09-22 19:59:26+00:00,NVDA261002P00222500
NVDA,2026-09-22,228.8699951171875,2026-10-02,P,225.0,2.93,2.99,2.96,3740.0,3349,0.2973703076171874,False,2026-09-22 19:59:15+00:00,NVDA261002P00225000
NVDA,2026-09-22,228.8699951171875,2026-10-02,P,227.5,3.9,4.0,3.95,1772.0,1108,0.29444064941406245,False,2026-09-22 19:59:59+00:00,NVDA261002P00227500
NVDA,2026-09-22,228.8699951171875,2026-10-02,P,230.0,5.1,5.2,5.15,1943.0,1776,0.29041236938476556,True,2026-09-22 19:58:40+00:00,NVDA261002P00230000
NVDA,2026-09-22,228.8699951171875,2026-10-02,P,232.5,6.55,6.65,6.5,280.0,247,0.2885813330078124,True,2026-09-22 19:56:59+00:00,NVDA261002P00232500
NVDA,2026-09-22,228.8699951171875,2026-10-02,P,235.0,8.2,8.3,8.22,1619.0,5746,0.2863840893554687,True,2026-09-22 19:59:09+00:00,NVDA261002P00235000
NVDA,2026-09-22,228.8699951171875,2026-10-02,P,237.5,9.95,10.2,9.55,56.0,94,0.2893137475585937,True,2026-09-22 19:23:09+00:00,NVDA261002P00237500
NVDA,2026-09-22,228.8699951171875,2026-10-02,P,240.0,11.95,12.25,12.05,32.0,272,0.2924875439453124,True,2026-09-22 19:57:40+00:00,NVDA261002P00240000
NVDA,2026-09-22,228.8699951171875,2026-10-02,P,242.5,13.95,15.75,13.55,102.0,18,0.42273526489257807,True,2026-09-22 19:40:55+00:00,NVDA261002P00242500
NVDA,2026-09-22,228.8699951171875,2026-10-02,P,245.0,16.35,16.65,16.8,2.0,197,0.2954172021484375,True,2026-09-22 15:59:05+00:00,NVDA261002P00245000
NVDA,2026-09-22,228.8699951171875,2026-10-02,P,250.0,21.1,21.45,20.9,22.0,16,0.32080757324218745,True,2026-09-22 18:09:34+00:00,NVDA261002P00250000
NVDA,2026-09-22,228.8699951171875,2026-10-02,P,255.0,26.0,26.4,33.77,1.0,0,0.36377589355468753,True,2026-09-11 14:14:43+00:00,NVDA261002P00255000
NVDA,2026-09-22,228.8699951171875,2026-10-02,P,260.0,31.0,32.85,31.0,17.0,0,0.5217332983398437,True,2026-09-22 18:02:35+00:00,NVDA261002P00260000
NVDA,2026-09-22,228.8699951171875,2026-10-02,P,265.0,35.45,37.7,36.88,3.0,0,0.5102588037109376,True,2026-09-22 14:38:40+00:00,NVDA261002P00265000
NVDA,2026-09-22,228.8699951171875,2026-10-02,P,270.0,41.0,42.75,40.1,1.0,0,0.6245154736328126,True,2026-09-22 17:07:34+00:00,NVDA261002P00270000
NVDA,2026-09-22,228.8699951171875,2026-10-02,P,275.0,46.0,46.3,50.4,,0,0.51758294921875,True,2026-08-17 19:53:34+00:00,NVDA261002P00275000
NVDA,2026-09-22,228.8699951171875,2026-10-02,P,300.0,71.0,71.35,87.7,40.0,0,0.6093789062500001,True,2026-09-14 18:19:42+00:00,NVDA261002P00300000
NVDA,2026-09-22,228.8699951171875,2026-10-02,P,310.0,79.7,81.4,97.75,,0,0.842775009765625,True,2026-09-14 19:49:59+00:00,NVDA261002P00310000
NVDA,2026-09-22,228.8699951171875,2026-10-02,P,390.0,160.4,162.7,172.1,1.0,0,1.431643466796875,True,2026-09-10 14:50:19+00:00,NVDA261002P00390000
NVDA,2026-09-22,228.8699951171875,2026-10-09,C,75.0,152.15,156.65,137.13,,3,2.4628944677734372,True,2026-09-15 16:41:12+00:00,NVDA261009C00075000
NVDA,2026-09-22,228.8699951171875,2026-10-09,C,85.0,142.35,146.65,134.71,2.0,2,2.264652775878906,True,2026-09-18 16:00:35+00:00,NVDA261009C00085000
NVDA,2026-09-22,228.8699951171875,2026-10-09,C,90.0,137.3,141.7,129.8,3.0,3,2.1435593286132812,True,2026-09-18 18:03:44+00:00,NVDA261009C00090000
NVDA,2026-09-22,228.8699951171875,2026-10-09,C,100.0,127.4,131.7,127.44,2.0,0,1.9453127734375002,True,2026-09-18 16:00:35+00:00,NVDA261009C00100000
NVDA,2026-09-22,228.8699951171875,2026-10-09,C,105.0,122.4,126.75,122.5,2.0,0,1.8525397998046875,True,2026-09-11 18:03:11+00:00,NVDA261009C00105000
NVDA,2026-09-22,228.8699951171875,2026-10-09,C,110.0,118.9,119.35,118.5,1.0,2,1.4990259423828123,True,2026-09-22 13:44:14+00:00,NVDA261009C00110000
NVDA,2026-09-22,228.8699951171875,2026-10-09,C,120.0,108.95,109.4,108.74,2.0,41,1.3701203369140624,True,2026-09-22 15:36:11+00:00,NVDA261009C00120000
NVDA,2026-09-22,228.8699951171875,2026-10-09,C,130.0,98.95,99.4,102.3,1.0,1,1.2168007910156249,True,2026-09-04 17:33:52+00:00,NVDA261009C00130000
NVDA,2026-09-22,228.8699951171875,2026-10-09,C,140.0,89.1,89.45,82.35,12.0,7,1.1220747021484376,True,2026-09-18 19:55:42+00:00,NVDA261009C00140000
NVDA,2026-09-22,228.8699951171875,2026-10-09,C,145.0,84.05,86.05,84.3,45.0,5,1.2802770361328122,True,2026-09-22 19:58:40+00:00,NVDA261009C00145000
NVDA,2026-09-22,228.8699951171875,2026-10-09,C,150.0,79.0,79.45,77.67,1.0,0,0.9619144433593749,True,2026-09-22 14:05:43+00:00,NVDA261009C00150000
NVDA,2026-09-22,228.8699951171875,2026-10-09,C,155.0,74.05,74.5,63.82,142.0,19,0.9160164648437501,True,2026-09-10 18:32:30+00:00,NVDA261009C00155000
NVDA,2026-09-22,228.8699951171875,2026-10-09,C,160.0,69.05,69.5,60.25,,18,0.8510757080078125,True,2026-09-11 18:58:30+00:00,NVDA261009C00160000
NVDA,2026-09-22,228.8699951171875,2026-10-09,C,165.0,64.1,64.55,59.89,1.0,0,0.8037129003906249,True,2026-09-11 18:58:30+00:00,NVDA261009C00165000
NVDA,2026-09-22,228.8699951171875,2026-10-09,C,170.0,59.1,59.55,57.89,5.0,0,0.7412135253906249,True,2026-09-18 19:51:58+00:00,NVDA261009C00170000
NVDA,2026-09-22,228.8699951171875,2026-10-09,C,175.0,54.15,54.6,54.71,1.0,28,0.6928741650390625,True,2026-09-22 18:10:37+00:00,NVDA261009C00175000
NVDA,2026-09-22,228.8699951171875,2026-10-09,C,180.0,49.25,49.65,47.66,1.0,0,0.6489292919921875,True,2026-09-18 15:11:23+00:00,NVDA261009C00180000
NVDA,2026-09-22,228.8699951171875,2026-10-09,C,185.0,44.2,44.65,35.66,1.0,72,0.5825237060546875,True,2026-09-18 17:39:26+00:00,NVDA261009C00185000
NVDA,2026-09-22,228.8699951171875,2026-10-09,C,190.0,39.35,39.75,39.45,13.0,0,0.5454147021484376,True,2026-09-22 16:49:27+00:00,NVDA261009C00190000
NVDA,2026-09-22,228.8699951171875,2026-10-09,C,195.0,34.45,34.8,33.42,2.0,383,0.5212450219726561,True,2026-09-22 13:54:54+00:00,NVDA261009C00195000
NVDA,2026-09-22,228.8699951171875,2026-10-09,C,200.0,29.65,29.95,30.15,98.0,0,0.47559118164062497,True,2026-09-22 17:32:39+00:00,NVDA261009C00200000
NVDA,2026-09-22,228.8699951171875,2026-10-09,C,205.0,24.85,25.15,25.37,81.0,0,0.4304256176757813,True,2026-09-22 19:44:40+00:00,NVDA261009C00205000
NVDA,2026-09-22,228.8699951171875,2026-10-09,C,210.0,20.2,20.5,21.14,86.0,0,0.39234006103515623,True,2026-09-22 19:16:33+00:00,NVDA261009C00210000
NVDA,2026-09-22,228.8699951171875,2026-10-09,C,215.0,15.9,16.05,16.02,251.0,0,0.35864899169921877,True,2026-09-22 19:57:02+00:00,NVDA261009C00215000
NVDA,2026-09-22,228.8699951171875,2026-10-09,C,220.0,11.95,12.1,12.1,853.0,0,0.34003345520019534,True,2026-09-22 19:53:26+00:00,NVDA261009C00220000
NVDA,2026-09-22,228.8699951171875,2026-10-09,C,225.0,8.5,8.65,8.56,2045.0,0,0.3250189569091796,True,2026-09-22 19:59:28+00:00,NVDA261009C00225000
NVDA,2026-09-22,228.8699951171875,2026-10-09,C,230.0,5.75,5.85,5.84,4095.0,9752,0.31482618774414056,False,2026-09-22 19:59:46+00:00,NVDA261009C00230000
NVDA,2026-09-22,228.8699951171875,2026-10-09,C,235.0,3.65,3.75,3.7,1695.0,0,0.3090889404296875,False,2026-09-22 19:59:51+00:00,NVDA261009C00235000
NVDA,2026-09-22,228.8699951171875,2026-10-09,C,240.0,2.24,2.29,2.24,2391.0,0,0.30664755859375,False,2026-09-22 19:59:39+00:00,NVDA261009C00240000
NVDA,2026-09-22,228.8699951171875,2026-10-09,C,245.0,1.32,1.36,1.33,979.0,0,0.30799031860351556,False,2026-09-22 19:59:39+00:00,NVDA261009C00245000
NVDA,2026-09-22,228.8699951171875,2026-10-09,C,250.0,0.76,0.8,0.75,2957.0,14375,0.31250687499999996,False,2026-09-22 19:54:40+00:00,NVDA261009C00250000
NVDA,2026-09-22,228.8699951171875,2026-10-09,C,255.0,0.46,0.48,0.46,271.0,0,0.3200751586914062,False,2026-09-22 19:59:28+00:00,NVDA261009C00255000
NVDA,2026-09-22,228.8699951171875,2026-10-09,C,260.0,0.29,0.31,0.29,696.0,0,0.33301448242187504,False,2026-09-22 19:59:30+00:00,NVDA261009C00260000
NVDA,2026-09-22,228.8699951171875,2026-10-09,C,265.0,0.18,0.21,0.19,350.0,0,0.34766277343749996,False,2026-09-22 19:09:48+00:00,NVDA261009C00265000
NVDA,2026-09-22,228.8699951171875,2026-10-09,C,270.0,0.13,0.15,0.14,320.0,0,0.3632876171875,False,2026-09-22 19:41:58+00:00,NVDA261009C00270000
NVDA,2026-09-22,228.8699951171875,2026-10-09,C,275.0,0.09,0.11,0.1,51.0,0,0.379889013671875,False,2026-09-22 19:37:42+00:00,NVDA261009C00275000
NVDA,2026-09-22,228.8699951171875,2026-10-09,C,280.0,0.06,0.08,0.08,181.0,0,0.39453730468750003,False,2026-09-22 19:40:23+00:00,NVDA261009C00280000
NVDA,2026-09-22,228.8699951171875,2026-10-09,C,285.0,0.04,0.07,0.04,22.0,0,0.41602146484374997,False,2026-09-22 18:55:03+00:00,NVDA261009C00285000
NVDA,2026-09-22,228.8699951171875,2026-10-09,C,290.0,0.03,0.05,0.05,1.0,0,0.42774009765625004,False,2026-09-22 19:40:27+00:00,NVDA261009C00290000
NVDA,2026-09-22,228.8699951171875,2026-10-09,C,295.0,0.02,0.04,0.02,1.0,496,0.44336494140625,False,2026-09-18 14:15:36+00:00,NVDA261009C00295000
NVDA,2026-09-22,228.8699951171875,2026-10-09,C,300.0,0.01,0.03,0.01,6.0,0,0.45508357421875,False,2026-09-18 14:09:19+00:00,NVDA261009C00300000
NVDA,2026-09-22,228.8699951171875,2026-10-09,C,305.0,0.01,0.03,0.01,14.0,242,0.4804739453125,False,2026-09-17 15:17:57+00:00,NVDA261009C00305000
NVDA,2026-09-22,228.8699951171875,2026-10-09,C,310.0,0.01,0.02,0.02,4.0,454,0.48438015625,False,2026-09-18 18:18:50+00:00,NVDA261009C00310000
NVDA,2026-09-22,228.8699951171875,2026-10-09,C,315.0,0.0,0.02,0.03,8.0,154,0.507817421875,False,2026-09-16 15:47:57+00:00,NVDA261009C00315000
NVDA,2026-09-22,228.8699951171875,2026-10-09,C,320.0,0.0,0.02,0.01,14.0,30,0.500005,False,2026-09-11 15:09:04+00:00,NVDA261009C00320000
NVDA,2026-09-22,228.8699951171875,2026-10-09,C,325.0,0.0,0.02,0.04,15.0,1025,0.51562984375,False,2026-09-09 18:56:29+00:00,NVDA261009C00325000
NVDA,2026-09-22,228.8699951171875,2026-10-09,C,330.0,0.0,0.02,0.01,3.0,9,0.5390671093750001,False,2026-09-16 18:52:08+00:00,NVDA261009C00330000
NVDA,2026-09-22,228.8699951171875,2026-10-09,C,335.0,0.0,0.01,0.01,2.0,14,0.5312546875,False,2026-09-11 19:52:26+00:00,NVDA261009C00335000
NVDA,2026-09-22,228.8699951171875,2026-10-09,C,345.0,0.0,0.01,0.03,,1,0.5625043750000001,False,2026-09-09 13:30:01+00:00,NVDA261009C00345000
NVDA,2026-09-22,228.8699951171875,2026-10-09,C,350.0,0.0,0.01,0.02,15.0,159,0.57812921875,False,2026-09-09 17:33:07+00:00,NVDA261009C00350000
NVDA,2026-09-22,228.8699951171875,2026-10-09,C,360.0,0.0,0.01,0.02,10.0,10,0.6250037500000001,False,2026-09-04 19:00:15+00:00,NVDA261009C00360000
NVDA,2026-09-22,228.8699951171875,2026-10-09,C,390.0,0.0,0.01,0.02,3.0,4,0.7187528125,False,2026-09-14 13:40:56+00:00,NVDA261009C00390000
NVDA,2026-09-22,228.8699951171875,2026-10-09,P,50.0,0.0,0.02,0.01,4.0,42,2.156254609375,False,2026-09-18 17:15:07+00:00,NVDA261009P00050000
NVDA,2026-09-22,228.8699951171875,2026-10-09,P,55.0,0.0,0.02,0.02,4.0,459,2.031254921875,False,2026-09-04 14:36:47+00:00,NVDA261009P00055000
NVDA,2026-09-22,228.8699951171875,2026-10-09,P,60.0,0.0,0.01,0.01,2.0,4502,1.8125009374999999,False,2026-09-14 16:54:10+00:00,NVDA261009P00060000
NVDA,2026-09-22,228.8699951171875,2026-10-09,P,65.0,0.0,0.01,0.02,10.0,10,1.6875015625,False,2026-09-04 14:45:08+00:00,NVDA261009P00065000
NVDA,2026-09-22,228.8699951171875,2026-10-09,P,85.0,0.0,0.02,0.03,10.0,20,1.421877890625,False,2026-09-17 15:42:53+00:00,NVDA261009P00085000
NVDA,2026-09-22,228.8699951171875,2026-10-09,P,90.0,0.0,0.03,0.02,20.0,48,1.3906280468749999,False,2026-09-22 13:34:09+00:00,NVDA261009P00090000
NVDA,2026-09-22,228.8699951171875,2026-10-09,P,95.0,0.0,0.03,0.02,250.0,263,1.3125034374999998,False,2026-09-21 14:35:43+00:00,NVDA261009P00095000
NVDA,2026-09-22,228.8699951171875,2026-10-09,P,100.0,0.01,0.03,0.02,10.0,319,1.2656286718749998,False,2026-09-22 13:52:30+00:00,NVDA261009P00100000
NVDA,2026-09-22,228.8699951171875,2026-10-09,P,105.0,0.01,0.03,0.03,100.0,235,1.1953165234375,False,2026-09-18 19:59:21+00:00,NVDA261009P00105000
NVDA,2026-09-22,228.8699951171875,2026-10-09,P,110.0,0.01,0.03,0.03,20.0,58,1.125004375,False,2026-09-22 13:36:19+00:00,NVDA261009P00110000
NVDA,2026-09-22,228.8699951171875,2026-10-09,P,115.0,0.02,0.03,0.03,510.0,8254,1.0859420703125,False,2026-09-21 17:09:41+00:00,NVDA261009P00115000
NVDA,2026-09-22,228.8699951171875,2026-10-09,P,120.0,0.01,0.03,0.03,3.0,7717,1.000005,False,2026-09-22 13:33:20+00:00,NVDA261009P00120000
NVDA,2026-09-22,228.8699951171875,2026-10-09,P,125.0,0.02,0.03,0.04,302.0,1596,0.9609378906249999,False,2026-09-21 19:33:39+00:00,NVDA261009P00125000
NVDA,2026-09-22,228.8699951171875,2026-10-09,P,130.0,0.02,0.03,0.05,30.0,665,0.9062509375,False,2026-09-21 18:20:30+00:00,NVDA261009P00130000
NVDA,2026-09-22,228.8699951171875,2026-10-09,P,135.0,0.02,0.04,0.04,52.0,886,0.8632826171875,False,2026-09-22 13:36:52+00:00,NVDA261009P00135000
NVDA,2026-09-22,228.8699951171875,2026-10-09,P,140.0,0.02,0.05,0.07,201.0,997,0.8203142968749999,False,2026-09-21 14:11:07+00:00,NVDA261009P00140000
NVDA,2026-09-22,228.8699951171875,2026-10-09,P,145.0,0.03,0.05,0.05,4.0,1020,0.7773459765625,False,2026-09-22 19:29:58+00:00,NVDA261009P00145000
NVDA,2026-09-22,228.8699951171875,2026-10-09,P,150.0,0.05,0.06,0.06,15.0,709,0.7500025,False,2026-09-22 17:18:10+00:00,NVDA261009P00150000
NVDA,2026-09-22,228.8699951171875,2026-10-09,P,155.0,0.04,0.06,0.1,82.0,571,0.6894562304687502,False,2026-09-21 16:13:08+00:00,NVDA261009P00155000
NVDA,2026-09-22,228.8699951171875,2026-10-09,P,160.0,0.05,0.07,0.07,56.0,1146,0.6523472265625001,False,2026-09-22 19:38:30+00:00,NVDA261009P00160000
NVDA,2026-09-22,228.8699951171875,2026-10-09,P,165.0,0.06,0.08,0.08,107.0,1107,0.6113320117187502,False,2026-09-22 19:39:33+00:00,NVDA261009P00165000
NVDA,2026-09-22,228.8699951171875,2026-10-09,P,170.0,0.09,0.1,0.1,24.0,1384,0.5839885351562499,False,2026-09-22 17:53:56+00:00,NVDA261009P00170000
NVDA,2026-09-22,228.8699951171875,2026-10-09,P,175.0,0.1,0.12,0.11,8.0,1006,0.5429733203125001,False,2026-09-22 16:46:44+00:00,NVDA261009P00175000
NVDA,2026-09-22,228.8699951171875,2026-10-09,P,180.0,0.13,0.14,0.13,120.0,1294,0.506840869140625,False,2026-09-22 19:12:52+00:00,NVDA261009P00180000
NVDA,2026-09-22,228.8699951171875,2026-10-09,P,185.0,0.16,0.17,0.16,298.0,1920,0.4726615234375,False,2026-09-22 19:31:23+00:00,NVDA261009P00185000
NVDA,2026-09-22,228.8699951171875,2026-10-09,P,190.0,0.2,0.22,0.22,783.0,4395,0.43945873046875,False,2026-09-22 19:57:04+00:00,NVDA261009P00190000
NVDA,2026-09-22,228.8699951171875,2026-10-09,P,195.0,0.28,0.3,0.28,254.0,5633,0.40918559570312496,False,2026-09-22 19:40:53+00:00,NVDA261009P00195000
NVDA,2026-09-22,228.8699951171875,2026-10-09,P,200.0,0.4,0.42,0.38,586.0,3789,0.379889013671875,False,2026-09-22 19:49:25+00:00,NVDA261009P00200000
NVDA,2026-09-22,228.8699951171875,2026-10-09,P,205.0,0.6,0.63,0.61,706.0,4686,0.3549869189453124,False,2026-09-22 19:58:38+00:00,NVDA261009P00205000
NVDA,2026-09-22,228.8699951171875,2026-10-09,P,210.0,0.96,0.99,0.98,569.0,2369,0.33411310424804685,False,2026-09-22 19:58:03+00:00,NVDA261009P00210000
NVDA,2026-09-22,228.8699951171875,2026-10-09,P,215.0,1.58,1.62,1.6,927.0,6352,0.31836619140624994,False,2026-09-22 19:59:49+00:00,NVDA261009P00215000
NVDA,2026-09-22,228.8699951171875,2026-10-09,P,220.0,2.6,2.66,2.64,489.0,5638,0.30664755859375,False,2026-09-22 19:59:57+00:00,NVDA261009P00220000
NVDA,2026-09-22,228.8699951171875,2026-10-09,P,225.0,4.15,4.25,4.2,830.0,3107,0.2978585839843749,False,2026-09-22 19:59:25+00:00,NVDA261009P00225000
NVDA,2026-09-22,228.8699951171875,2026-10-09,P,230.0,6.4,6.5,6.4,336.0,2694,0.2912668530273437,True,2026-09-22 19:57:57+00:00,NVDA261009P00230000
NVDA,2026-09-22,228.8699951171875,2026-10-09,P,235.0,9.3,9.45,9.0,89.0,1820,0.28650615844726557,True,2026-09-22 19:09:36+00:00,NVDA261009P00235000
NVDA,2026-09-22,228.8699951171875,2026-10-09,P,240.0,12.75,13.05,12.3,32.0,274,0.2834544311523437,True,2026-09-22 18:44:44+00:00,NVDA261009P00240000
NVDA,2026-09-22,228.8699951171875,2026-10-09,P,245.0,16.85,17.15,16.93,47.0,71,0.280158565673828,True,2026-09-22 17:47:12+00:00,NVDA261009P00245000
NVDA,2026-09-22,228.8699951171875,2026-10-09,P,250.0,21.35,21.65,21.45,47.0,48,0.28003649658203117,True,2026-09-22 17:47:12+00:00,NVDA261009P00250000
NVDA,2026-09-22,228.8699951171875,2026-10-09,P,255.0,25.25,26.55,27.05,2.0,0,0.3110420458984374,True,2026-09-22 14:54:02+00:00,NVDA261009P00255000
NVDA,2026-09-22,228.8699951171875,2026-10-09,P,260.0,31.0,31.35,36.39,1.0,0,0.3129951513671875,True,2026-09-09 18:14:09+00:00,NVDA261009P00260000
NVDA,2026-09-22,228.8699951171875,2026-10-09,P,265.0,36.0,36.4,45.3,2.0,2,0.3632876171875,True,2026-09-18 16:55:53+00:00,NVDA261009P00265000
NVDA,2026-09-22,228.8699951171875,2026-10-09,P,280.0,51.0,51.4,50.15,6.0,0,0.47070841796875,True,2026-09-04 19:28:06+00:00,NVDA261009P00280000
NVDA,2026-09-22,228.8699951171875,2026-10-09,P,300.0,69.5,72.8,88.43,,0,0.8491226025390625,True,2026-09-14 19:52:29+00:00,NVDA261009P00300000
NVDA,2026-09-22,228.8699951171875,2026-10-16,C,5.0,221.4,226.4,211.1,1.0,1,5.250003437499999,True,2026-09-16 16:56:45+00:00,NVDA261016C00005000
NVDA,2026-09-22,228.8699951171875,2026-10-16,C,10.0,216.45,221.45,215.0,1.0,8,4.6562541796875,True,2026-08-13 15:17:59+00:00,NVDA261016C00010000
NVDA,2026-09-22,228.8699951171875,2026-10-16,C,15.0,212.2,215.75,214.66,2.0,9,4.12500484375,True,2026-08-27 16:41:07+00:00,NVDA261016C00015000
NVDA,2026-09-22,228.8699951171875,2026-10-16,C,20.0,184.45,192.45,193.45,20.0,30,1.0000000000000003e-05,True,2026-07-22 16:00:54+00:00,NVDA261016C00020000
NVDA,2026-09-22,228.8699951171875,2026-10-16,C,25.0,179.5,187.5,183.0,1.0,2,1.0000000000000003e-05,True,2026-07-23 19:00:26+00:00,NVDA261016C00025000
NVDA,2026-09-22,228.8699951171875,2026-10-16,C,30.0,174.5,182.5,173.5,19.0,33,1.0000000000000003e-05,True,2026-07-09 19:00:14+00:00,NVDA261016C00030000
NVDA,2026-09-22,228.8699951171875,2026-10-16,C,35.0,191.45,196.45,194.67,30.0,0,2.72656568359375,True,2026-08-27 19:59:39+00:00,NVDA261016C00035000
NVDA,2026-09-22,228.8699951171875,2026-10-16,C,40.0,186.5,191.5,179.38,1.0,2,2.6718783203125005,True,2026-08-31 16:08:28+00:00,NVDA261016C00040000
NVDA,2026-09-22,228.8699951171875,2026-10-16,C,45.0,181.55,186.55,173.9,1.0,24,2.5918003955078124,True,2026-09-10 13:35:14+00:00,NVDA261016C00045000
NVDA,2026-09-22,228.8699951171875,2026-10-16,C,50.0,176.5,181.5,175.0,1.0,21,2.3320354199218745,True,2026-09-21 13:47:36+00:00,NVDA261016C00050000
NVDA,2026-09-22,228.8699951171875,2026-10-16,C,55.0,171.5,176.5,172.39,1.0,3,2.1914107714843745,True,2026-09-03 14:31:54+00:00,NVDA261016C00055000
NVDA,2026-09-22,228.8699951171875,2026-10-16,C,60.0,166.6,171.6,172.57,1.0,5,2.2109419726562494,True,2026-09-04 13:39:35+00:00,NVDA261016C00060000
NVDA,2026-09-22,228.8699951171875,2026-10-16,C,65.0,161.65,166.65,162.65,10.0,25,2.1367234082031246,True,2026-09-21 19:32:39+00:00,NVDA261016C00065000
NVDA,2026-09-22,228.8699951171875,2026-10-16,C,70.0,157.15,164.0,144.14,2.0,12,2.7168000830078123,True,2026-09-16 19:40:54+00:00,NVDA261016C00070000
NVDA,2026-09-22,228.8699951171875,2026-10-16,C,75.0,151.6,156.6,142.97,10.0,17,1.85546947265625,True,2026-09-10 13:52:16+00:00,NVDA261016C00075000
NVDA,2026-09-22,228.8699951171875,2026-10-16,C,80.0,146.7,151.7,139.93,1.0,230,1.8417976660156248,True,2026-09-18 15:32:53+00:00,NVDA261016C00080000
NVDA,2026-09-22,228.8699951171875,2026-10-16,C,85.0,141.75,146.75,133.17,10.0,13,1.7773448632812499,True,2026-09-10 13:53:34+00:00,NVDA261016C00085000
NVDA,2026-09-22,228.8699951171875,2026-10-16,C,90.0,137.35,140.95,136.78,1.0,129,1.611330068359375,True,2026-09-21 17:02:49+00:00,NVDA261016C00090000
NVDA,2026-09-22,228.8699951171875,2026-10-16,C,95.0,131.75,136.75,129.33,15.0,49,1.5917989160156247,True,2026-09-21 14:35:42+00:00,NVDA261016C00095000
NVDA,2026-09-22,228.8699951171875,2026-10-16,C,100.0,126.45,131.1,128.2,4.0,182,2.0781298046874994,True,2026-09-21 18:58:33+00:00,NVDA261016C00100000
NVDA,2026-09-22,228.8699951171875,2026-10-16,C,105.0,122.5,126.25,115.02,1.0,75,1.4882838085937498,True,2026-09-18 14:08:03+00:00,NVDA261016C00105000
NVDA,2026-09-22,228.8699951171875,2026-10-16,C,110.0,116.75,121.75,115.49,5.0,387,1.3466829541015621,True,2026-09-21 15:20:03+00:00,NVDA261016C00110000
NVDA,2026-09-22,228.8699951171875,2026-10-16,C,115.0,112.5,116.1,110.89,2.0,83,1.2968785156249998,True,2026-09-21 16:25:20+00:00,NVDA261016C00115000
NVDA,2026-09-22,228.8699951171875,2026-10-16,C,120.0,109.0,111.15,109.9,15.0,286,1.4682643774414061,True,2026-09-22 19:30:41+00:00,NVDA261016C00120000
NVDA,2026-09-22,228.8699951171875,2026-10-16,C,125.0,102.5,106.05,105.08,1.0,290,1.1445355273437499,True,2026-09-22 17:02:20+00:00,NVDA261016C00125000
NVDA,2026-09-22,228.8699951171875,2026-10-16,C,130.0,96.75,101.75,90.93,1.0,266,1.0673874755859378,True,2026-09-18 14:13:35+00:00,NVDA261016C00130000
NVDA,2026-09-22,228.8699951171875,2026-10-16,C,135.0,92.6,96.05,94.47,75.0,367,1.0332079589843752,True,2026-09-22 17:45:11+00:00,NVDA261016C00135000
NVDA,2026-09-22,228.8699951171875,2026-10-16,C,140.0,87.65,91.1,88.0,47.0,482,0.9868165380859376,True,2026-09-21 17:48:35+00:00,NVDA261016C00140000
NVDA,2026-09-22,228.8699951171875,2026-10-16,C,145.0,84.15,84.6,84.5,6.0,357,0.9252937158203125,True,2026-09-22 16:39:18+00:00,NVDA261016C00145000
NVDA,2026-09-22,228.8699951171875,2026-10-16,C,150.0,77.7,81.15,79.19,2.0,1210,0.8798840136718749,True,2026-09-22 15:13:24+00:00,NVDA261016C00150000
NVDA,2026-09-22,228.8699951171875,2026-10-16,C,155.0,72.75,76.15,74.28,1.0,4624,0.8271501660156249,True,2026-09-22 15:25:34+00:00,NVDA261016C00155000
NVDA,2026-09-22,228.8699951171875,2026-10-16,C,160.0,67.7,71.4,70.22,9.0,5282,0.7924825439453125,True,2026-09-22 19:32:27+00:00,NVDA261016C00160000
NVDA,2026-09-22,228.8699951171875,2026-10-16,C,165.0,64.25,64.7,64.31,23.0,622,0.7187528125,True,2026-09-22 16:12:56+00:00,NVDA261016C00165000
NVDA,2026-09-22,228.8699951171875,2026-10-16,C,170.0,59.35,61.3,60.13,26.0,1708,0.8015156567382812,True,2026-09-22 19:42:34+00:00,NVDA261016C00170000
NVDA,2026-09-22,228.8699951171875,2026-10-16,C,175.0,52.9,56.35,55.55,15.0,2399,0.6367223828125,True,2026-09-22 19:31:41+00:00,NVDA261016C00175000
NVDA,2026-09-22,228.8699951171875,2026-10-16,C,180.0,49.4,51.35,50.42,67.0,106494,0.6835969140625001,True,2026-09-22 19:21:26+00:00,NVDA261016C00180000
NVDA,2026-09-22,228.8699951171875,2026-10-16,C,185.0,44.6,44.8,45.32,10.0,2359,0.5383346948242189,True,2026-09-22 18:26:32+00:00,NVDA261016C00185000
NVDA,2026-09-22,228.8699951171875,2026-10-16,C,190.0,39.65,40.15,39.9,101.0,3593,0.5097705273437501,True,2026-09-22 19:59:30+00:00,NVDA261016C00190000
NVDA,2026-09-22,228.8699951171875,2026-10-16,C,195.0,34.8,35.2,35.05,179.0,7069,0.4857229162597656,True,2026-09-22 19:59:30+00:00,NVDA261016C00195000
NVDA,2026-09-22,228.8699951171875,2026-10-16,C,200.0,30.1,30.5,30.2,828.0,10940,0.45435115966796874,True,2026-09-22 19:59:35+00:00,NVDA261016C00200000
NVDA,2026-09-22,228.8699951171875,2026-10-16,C,205.0,25.45,25.65,25.4,243.0,9099,0.40552352294921873,True,2026-09-22 19:54:40+00:00,NVDA261016C00205000
NVDA,2026-09-22,228.8699951171875,2026-10-16,C,210.0,21.0,21.15,21.09,838.0,22617,0.3767152172851562,True,2026-09-22 19:56:21+00:00,NVDA261016C00210000
NVDA,2026-09-22,228.8699951171875,2026-10-16,C,215.0,16.85,17.0,16.96,587.0,26703,0.35767243896484374,True,2026-09-22 19:56:53+00:00,NVDA261016C00215000
NVDA,2026-09-22,228.8699951171875,2026-10-16,C,220.0,13.05,13.2,13.15,3132.0,108359,0.3413151806640625,True,2026-09-22 19:59:31+00:00,NVDA261016C00220000
NVDA,2026-09-22,228.8699951171875,2026-10-16,C,225.0,9.75,9.9,9.9,5155.0,29855,0.3298406860351562,True,2026-09-22 19:59:34+00:00,NVDA261016C00225000
NVDA,2026-09-22,228.8699951171875,2026-10-16,C,230.0,7.05,7.15,7.12,11014.0,60388,0.3215399877929687,False,2026-09-22 19:59:57+00:00,NVDA261016C00230000
NVDA,2026-09-22,228.8699951171875,2026-10-16,C,235.0,4.85,4.95,4.9,8405.0,47324,0.31500929138183587,False,2026-09-22 19:59:55+00:00,NVDA261016C00235000
NVDA,2026-09-22,228.8699951171875,2026-10-16,C,240.0,3.25,3.35,3.25,9765.0,64744,0.31323928955078123,False,2026-09-22 19:59:41+00:00,NVDA261016C00240000
NVDA,2026-09-22,228.8699951171875,2026-10-16,C,245.0,2.12,2.17,2.14,7222.0,33645,0.3110420458984374,False,2026-09-22 19:59:38+00:00,NVDA261016C00245000
NVDA,2026-09-22,228.8699951171875,2026-10-16,C,250.0,1.35,1.39,1.37,12751.0,75330,0.31201859863281245,False,2026-09-22 19:59:56+00:00,NVDA261016C00250000
NVDA,2026-09-22,228.8699951171875,2026-10-16,C,255.0,0.85,0.89,0.85,3483.0,23136,0.3154365332031249,False,2026-09-22 19:55:15+00:00,NVDA261016C00255000
NVDA,2026-09-22,228.8699951171875,2026-10-16,C,260.0,0.56,0.59,0.56,7633.0,29777,0.3227606787109374,False,2026-09-22 19:59:30+00:00,NVDA261016C00260000
NVDA,2026-09-22,228.8699951171875,2026-10-16,C,265.0,0.37,0.4,0.39,1302.0,11472,0.3315496533203125,False,2026-09-22 19:58:50+00:00,NVDA261016C00265000
NVDA,2026-09-22,228.8699951171875,2026-10-16,C,270.0,0.25,0.28,0.27,1692.0,19970,0.3415593188476562,False,2026-09-22 19:54:30+00:00,NVDA261016C00270000
NVDA,2026-09-22,228.8699951171875,2026-10-16,C,275.0,0.17,0.2,0.19,989.0,8902,0.35205726074218746,False,2026-09-22 19:54:35+00:00,NVDA261016C00275000
NVDA,2026-09-22,228.8699951171875,2026-10-16,C,280.0,0.12,0.14,0.14,1333.0,19475,0.36084623535156246,False,2026-09-22 19:40:17+00:00,NVDA261016C00280000
NVDA,2026-09-22,228.8699951171875,2026-10-16,C,285.0,0.08,0.11,0.1,1370.0,3904,0.37500625,False,2026-09-22 19:12:35+00:00,NVDA261016C00285000
NVDA,2026-09-22,228.8699951171875,2026-10-16,C,290.0,0.05,0.06,0.05,600.0,13001,0.3711000390625,False,2026-09-22 19:47:07+00:00,NVDA261016C00290000
NVDA,2026-09-22,228.8699951171875,2026-10-16,C,295.0,0.04,0.06,0.04,65.0,6382,0.393560751953125,False,2026-09-22 19:50:34+00:00,NVDA261016C00295000
NVDA,2026-09-22,228.8699951171875,2026-10-16,C,300.0,0.02,0.03,0.02,696.0,14554,0.38672488281249995,False,2026-09-22 19:58:48+00:00,NVDA261016C00300000
NVDA,2026-09-22,228.8699951171875,2026-10-16,C,305.0,0.02,0.04,0.02,97.0,2184,0.41992767578125,False,2026-09-22 19:49:48+00:00,NVDA261016C00305000
NVDA,2026-09-22,228.8699951171875,2026-10-16,C,310.0,0.01,0.02,0.02,313.0,4898,0.4101621484375,False,2026-09-22 17:49:34+00:00,NVDA261016C00310000
NVDA,2026-09-22,228.8699951171875,2026-10-16,C,315.0,0.01,0.03,0.01,8.0,1454,0.44727115234375,False,2026-09-22 18:26:22+00:00,NVDA261016C00315000
NVDA,2026-09-22,228.8699951171875,2026-10-16,C,320.0,0.01,0.02,0.01,1.0,2085,0.44922425781249997,False,2026-09-18 18:37:07+00:00,NVDA261016C00320000
NVDA,2026-09-22,228.8699951171875,2026-10-16,C,325.0,0.01,0.02,0.02,1.0,146,0.4687553125,False,2026-09-22 14:40:59+00:00,NVDA261016C00325000
NVDA,2026-09-22,228.8699951171875,2026-10-16,C,330.0,0.0,0.02,0.01,1.0,2117,0.48438015625,False,2026-09-21 14:23:37+00:00,NVDA261016C00330000
NVDA,2026-09-22,228.8699951171875,2026-10-16,C,335.0,0.0,0.02,0.01,10.0,759,0.5039112109375,False,2026-09-18 14:22:39+00:00,NVDA261016C00335000
NVDA,2026-09-22,228.8699951171875,2026-10-16,C,340.0,0.0,0.01,0.01,6.0,3473,0.49219257812500006,False,2026-09-22 16:41:26+00:00,NVDA261016C00340000
NVDA,2026-09-22,228.8699951171875,2026-10-16,C,345.0,0.0,0.02,0.01,100.0,875,0.507817421875,False,2026-09-21 14:28:32+00:00,NVDA261016C00345000
NVDA,2026-09-22,228.8699951171875,2026-10-16,C,350.0,0.0,0.01,0.01,995.0,11879,0.500005,False,2026-09-21 14:28:13+00:00,NVDA261016C00350000
NVDA,2026-09-22,228.8699951171875,2026-10-16,C,355.0,0.0,0.01,0.01,606.0,516,0.51562984375,False,2026-09-21 15:13:04+00:00,NVDA261016C00355000
NVDA,2026-09-22,228.8699951171875,2026-10-16,C,360.0,0.0,0.01,0.01,400.0,4848,0.5312546875,False,2026-09-21 14:14:22+00:00,NVDA261016C00360000
NVDA,2026-09-22,228.8699951171875,2026-10-16,C,365.0,0.0,0.01,0.01,1025.0,1687,0.5312546875,False,2026-09-18 19:09:11+00:00,NVDA261016C00365000
NVDA,2026-09-22,228.8699951171875,2026-10-16,C,370.0,0.0,0.01,0.01,604.0,2713,0.5468795312500001,False,2026-09-18 13:37:55+00:00,NVDA261016C00370000
NVDA,2026-09-22,228.8699951171875,2026-10-16,C,375.0,0.0,0.01,0.01,487.0,1117,0.5625043750000001,False,2026-09-18 13:37:52+00:00,NVDA261016C00375000
NVDA,2026-09-22,228.8699951171875,2026-10-16,C,380.0,0.0,0.01,0.01,12.0,2019,0.57812921875,False,2026-09-21 17:33:29+00:00,NVDA261016C00380000
NVDA,2026-09-22,228.8699951171875,2026-10-16,C,385.0,0.0,0.01,0.01,7.0,155,0.5937540625000001,False,2026-09-17 16:41:49+00:00,NVDA261016C00385000
NVDA,2026-09-22,228.8699951171875,2026-10-16,C,390.0,0.0,0.01,0.01,1.0,1828,0.6093789062500001,False,2026-09-21 17:30:31+00:00,NVDA261016C00390000
NVDA,2026-09-22,228.8699951171875,2026-10-16,C,395.0,0.0,0.01,0.01,1.0,22,0.6250037500000001,False,2026-09-03 16:46:58+00:00,NVDA261016C00395000
NVDA,2026-09-22,228.8699951171875,2026-10-16,C,400.0,0.0,0.01,0.01,5.0,8301,0.6250037500000001,False,2026-09-18 15:21:05+00:00,NVDA261016C00400000
NVDA,2026-09-22,228.8699951171875,2026-10-16,C,405.0,0.0,0.01,0.01,1.0,12,0.64062859375,False,2026-09-03 18:32:52+00:00,NVDA261016C00405000
NVDA,2026-09-22,228.8699951171875,2026-10-16,C,410.0,0.0,0.01,0.01,4.0,1334,0.6562534375000001,False,2026-09-22 19:37:21+00:00,NVDA261016C00410000
NVDA,2026-09-22,228.8699951171875,2026-10-16,C,415.0,0.0,0.01,0.02,42.0,53,0.6718782812500002,False,2026-09-11 13:35:56+00:00,NVDA261016C00415000
NVDA,2026-09-22,228.8699951171875,2026-10-16,C,420.0,0.0,0.01,0.02,51.0,545,0.6875031250000001,False,2026-09-11 13:36:03+00:00,NVDA261016C00420000
NVDA,2026-09-22,228.8699951171875,2026-10-16,C,430.0,0.0,0.01,0.02,1.0,275,0.70312796875,False,2026-09-04 19:51:10+00:00,NVDA261016C00430000
NVDA,2026-09-22,228.8699951171875,2026-10-16,C,435.0,0.0,0.01,0.04,,143,0.7187528125,False,2026-09-11 13:32:16+00:00,NVDA261016C00435000
NVDA,2026-09-22,228.8699951171875,2026-10-16,C,440.0,0.0,0.01,0.01,3.0,667,0.73437765625,False,2026-09-18 19:58:46+00:00,NVDA261016C00440000
NVDA,2026-09-22,228.8699951171875,2026-10-16,C,450.0,0.0,0.01,0.05,1.0,860,0.7500025,False,2026-09-21 13:31:03+00:00,NVDA261016C00450000
NVDA,2026-09-22,228.8699951171875,2026-10-16,C,455.0,0.0,0.01,0.03,85.0,752,0.7656273437500001,False,2026-09-11 13:32:16+00:00,NVDA261016C00455000
NVDA,2026-09-22,228.8699951171875,2026-10-16,C,460.0,0.0,0.01,0.01,21.0,17134,0.7812521875,False,2026-09-18 15:06:56+00:00,NVDA261016C00460000
NVDA,2026-09-22,228.8699951171875,2026-10-16,P,5.0,0.0,0.01,0.02,1.0,4024,4.500004375,False,2026-07-08 15:59:47+00:00,NVDA261016P00005000
NVDA,2026-09-22,228.8699951171875,2026-10-16,P,10.0,0.0,0.01,0.01,,10,3.6250009375000003,False,2026-07-28 17:46:06+00:00,NVDA261016P00010000
NVDA,2026-09-22,228.8699951171875,2026-10-16,P,20.0,0.0,0.01,0.01,1.0,502,2.750003125,False,2026-08-26 17:09:10+00:00,NVDA261016P00020000
NVDA,2026-09-22,228.8699951171875,2026-10-16,P,25.0,0.0,0.03,0.03,10.0,30,2.750003125,False,2026-07-29 15:24:12+00:00,NVDA261016P00025000
NVDA,2026-09-22,228.8699951171875,2026-10-16,P,30.0,0.0,0.0,0.02,1.0,0,0.500005,False,2026-05-22 15:19:22+00:00,NVDA261016P00030000
NVDA,2026-09-22,228.8699951171875,2026-10-16,P,35.0,0.0,0.02,0.02,7.0,40,2.2500043749999996,False,2026-09-16 19:58:25+00:00,NVDA261016P00035000
NVDA,2026-09-22,228.8699951171875,2026-10-16,P,40.0,0.0,0.02,0.01,2.0,269,2.0937547656249995,False,2026-08-26 18:22:31+00:00,NVDA261016P00040000
NVDA,2026-09-22,228.8699951171875,2026-10-16,P,45.0,0.0,0.02,0.01,12.0,82,1.9375003125,False,2026-09-16 19:57:22+00:00,NVDA261016P00045000
NVDA,2026-09-22,228.8699951171875,2026-10-16,P,50.0,0.0,0.02,0.01,501.0,1487,1.8281258593749998,False,2026-09-15 17:18:50+00:00,NVDA261016P00050000
NVDA,2026-09-22,228.8699951171875,2026-10-16,P,55.0,0.0,0.02,0.01,72.0,7234,1.71875140625,False,2026-09-16 15:47:13+00:00,NVDA261016P00055000
NVDA,2026-09-22,228.8699951171875,2026-10-16,P,60.0,0.0,0.02,0.01,1.0,1747,1.625001875,False,2026-09-22 16:12:27+00:00,NVDA261016P00060000
NVDA,2026-09-22,228.8699951171875,2026-10-16,P,65.0,0.0,0.01,0.02,3.0,4381,1.4375028125,False,2026-09-22 16:17:24+00:00,NVDA261016P00065000
NVDA,2026-09-22,228.8699951171875,2026-10-16,P,70.0,0.0,0.02,0.01,2149.0,7524,1.4375028125,False,2026-09-21 17:31:33+00:00,NVDA261016P00070000
NVDA,2026-09-22,228.8699951171875,2026-10-16,P,75.0,0.0,0.02,0.02,30.0,314,1.3437532812499997,False,2026-09-17 17:50:46+00:00,NVDA261016P00075000
NVDA,2026-09-22,228.8699951171875,2026-10-16,P,80.0,0.01,0.02,0.02,1.0,505,1.3125034374999998,False,2026-09-22 16:15:18+00:00,NVDA261016P00080000
NVDA,2026-09-22,228.8699951171875,2026-10-16,P,85.0,0.01,0.02,0.02,212.0,1028,1.2500037499999999,False,2026-09-21 18:29:50+00:00,NVDA261016P00085000
NVDA,2026-09-22,228.8699951171875,2026-10-16,P,90.0,0.01,0.02,0.03,18.0,2368,1.171879140625,False,2026-09-18 17:18:10+00:00,NVDA261016P00090000
NVDA,2026-09-22,228.8699951171875,2026-10-16,P,95.0,0.01,0.03,0.02,2.0,964,1.140629296875,False,2026-09-22 19:25:23+00:00,NVDA261016P00095000
NVDA,2026-09-22,228.8699951171875,2026-10-16,P,100.0,0.02,0.04,0.02,58.0,5236,1.1171919140625,False,2026-09-22 18:27:52+00:00,NVDA261016P00100000
NVDA,2026-09-22,228.8699951171875,2026-10-16,P,105.0,0.01,0.03,0.03,444.0,1282,1.015629921875,False,2026-09-22 19:32:12+00:00,NVDA261016P00105000
NVDA,2026-09-22,228.8699951171875,2026-10-16,P,110.0,0.03,0.04,0.03,73.0,8723,1.0078174609375,False,2026-09-22 15:38:43+00:00,NVDA261016P00110000
NVDA,2026-09-22,228.8699951171875,2026-10-16,P,115.0,0.02,0.04,0.03,1044.0,6961,0.937500625,False,2026-09-22 19:30:57+00:00,NVDA261016P00115000
NVDA,2026-09-22,228.8699951171875,2026-10-16,P,120.0,0.04,0.05,0.05,291.0,18423,0.92187578125,False,2026-09-22 19:06:15+00:00,NVDA261016P00120000
NVDA,2026-09-22,228.8699951171875,2026-10-16,P,125.0,0.03,0.05,0.05,149.0,7996,0.8554701953125,False,2026-09-22 17:54:35+00:00,NVDA261016P00125000
NVDA,2026-09-22,228.8699951171875,2026-10-16,P,130.0,0.04,0.06,0.05,78.0,6702,0.8242205078124999,False,2026-09-22 19:05:56+00:00,NVDA261016P00130000
NVDA,2026-09-22,228.8699951171875,2026-10-16,P,135.0,0.05,0.06,0.05,11.0,5777,0.7812521875,False,2026-09-22 19:55:27+00:00,NVDA261016P00135000
NVDA,2026-09-22,228.8699951171875,2026-10-16,P,140.0,0.05,0.08,0.07,210.0,19378,0.74414318359375,False,2026-09-22 19:47:40+00:00,NVDA261016P00140000
NVDA,2026-09-22,228.8699951171875,2026-10-16,P,145.0,0.07,0.09,0.08,214.0,8907,0.7128934960937501,False,2026-09-22 18:01:05+00:00,NVDA261016P00145000
NVDA,2026-09-22,228.8699951171875,2026-10-16,P,150.0,0.09,0.1,0.1,77.0,26386,0.6777375976562501,False,2026-09-22 18:19:56+00:00,NVDA261016P00150000
NVDA,2026-09-22,228.8699951171875,2026-10-16,P,155.0,0.08,0.11,0.1,210.0,12385,0.63086306640625,False,2026-09-22 19:40:26+00:00,NVDA261016P00155000
NVDA,2026-09-22,228.8699951171875,2026-10-16,P,160.0,0.1,0.13,0.11,211.0,18179,0.5996133789062501,False,2026-09-22 19:53:59+00:00,NVDA261016P00160000
NVDA,2026-09-22,228.8699951171875,2026-10-16,P,165.0,0.13,0.15,0.14,109.0,22539,0.567387138671875,False,2026-09-22 19:46:14+00:00,NVDA261016P00165000
NVDA,2026-09-22,228.8699951171875,2026-10-16,P,170.0,0.15,0.17,0.16,498.0,30449,0.5317429638671876,False,2026-09-22 19:51:47+00:00,NVDA261016P00170000
NVDA,2026-09-22,228.8699951171875,2026-10-16,P,175.0,0.17,0.2,0.19,1382.0,20928,0.5024463818359376,False,2026-09-22 19:46:41+00:00,NVDA261016P00175000
NVDA,2026-09-22,228.8699951171875,2026-10-16,P,180.0,0.22,0.24,0.23,722.0,34648,0.46973186523437505,False,2026-09-22 19:54:58+00:00,NVDA261016P00180000
NVDA,2026-09-22,228.8699951171875,2026-10-16,P,185.0,0.28,0.3,0.29,606.0,21954,0.44043528320312497,False,2026-09-22 19:56:15+00:00,NVDA261016P00185000
NVDA,2026-09-22,228.8699951171875,2026-10-16,P,190.0,0.36,0.38,0.38,1483.0,25591,0.411138701171875,False,2026-09-22 19:59:30+00:00,NVDA261016P00190000
NVDA,2026-09-22,228.8699951171875,2026-10-16,P,195.0,0.49,0.51,0.51,2392.0,36570,0.38550419189453117,False,2026-09-22 19:59:30+00:00,NVDA261016P00195000
NVDA,2026-09-22,228.8699951171875,2026-10-16,P,200.0,0.7,0.72,0.71,3082.0,41406,0.36377589355468753,False,2026-09-22 19:59:12+00:00,NVDA261016P00200000
NVDA,2026-09-22,228.8699951171875,2026-10-16,P,205.0,1.01,1.05,1.03,3885.0,32373,0.344733115234375,False,2026-09-22 19:58:41+00:00,NVDA261016P00205000
NVDA,2026-09-22,228.8699951171875,2026-10-16,P,210.0,1.53,1.57,1.55,4066.0,28262,0.32874206420898433,False,2026-09-22 19:59:27+00:00,NVDA261016P00210000
NVDA,2026-09-22,228.8699951171875,2026-10-16,P,215.0,2.35,2.4,2.36,2822.0,16142,0.3171455004882812,False,2026-09-22 19:58:59+00:00,NVDA261016P00215000
NVDA,2026-09-22,228.8699951171875,2026-10-16,P,220.0,3.55,3.65,3.65,5645.0,44249,0.3089668713378906,False,2026-09-22 19:59:52+00:00,NVDA261016P00220000
NVDA,2026-09-22,228.8699951171875,2026-10-16,P,225.0,5.25,5.35,5.3,6491.0,12578,0.30054410400390624,False,2026-09-22 19:59:47+00:00,NVDA261016P00225000
NVDA,2026-09-22,228.8699951171875,2026-10-16,P,230.0,7.5,7.6,7.5,3106.0,12638,0.29321995849609367,True,2026-09-22 19:59:33+00:00,NVDA261016P00230000
NVDA,2026-09-22,228.8699951171875,2026-10-16,P,235.0,10.3,10.45,10.44,156.0,4067,0.28754374572753894,True,2026-09-22 19:55:53+00:00,NVDA261016P00235000
NVDA,2026-09-22,228.8699951171875,2026-10-16,P,240.0,13.7,13.9,13.75,286.0,2870,0.28479719116210933,True,2026-09-22 19:57:08+00:00,NVDA261016P00240000
NVDA,2026-09-22,228.8699951171875,2026-10-16,P,245.0,17.45,17.8,17.01,31.0,570,0.28137925659179686,True,2026-09-22 19:52:07+00:00,NVDA261016P00245000
NVDA,2026-09-22,228.8699951171875,2026-10-16,P,250.0,21.9,22.05,20.96,168.0,1458,0.2756420092773437,True,2026-09-22 19:53:17+00:00,NVDA261016P00250000
NVDA,2026-09-22,228.8699951171875,2026-10-16,P,255.0,26.3,26.7,26.1,17.0,993,0.2827220166015625,True,2026-09-22 18:39:07+00:00,NVDA261016P00255000
NVDA,2026-09-22,228.8699951171875,2026-10-16,P,260.0,31.1,31.45,30.52,52.0,97,0.28443098388671867,True,2026-09-22 19:20:27+00:00,NVDA261016P00260000
NVDA,2026-09-22,228.8699951171875,2026-10-16,P,265.0,36.0,36.4,35.53,70.0,0,0.30811238769531246,True,2026-09-22 18:52:52+00:00,NVDA261016P00265000
NVDA,2026-09-22,228.8699951171875,2026-10-16,P,270.0,39.25,43.05,50.72,46.0,4,0.5266160620117188,True,2026-09-17 18:42:35+00:00,NVDA261016P00270000
NVDA,2026-09-22,228.8699951171875,2026-10-16,P,275.0,44.45,47.9,49.55,8.0,0,0.5537154003906251,True,2026-09-21 15:15:02+00:00,NVDA261016P00275000
NVDA,2026-09-22,228.8699951171875,2026-10-16,P,280.0,49.45,52.85,60.21,36.0,0,0.5871623315429688,True,2026-09-10 18:34:04+00:00,NVDA261016P00280000
NVDA,2026-09-22,228.8699951171875,2026-10-16,P,285.0,54.45,57.9,65.58,2.0,0,0.6280554772949221,True,2026-08-10 15:57:30+00:00,NVDA261016P00285000
NVDA,2026-09-22,228.8699951171875,2026-10-16,P,290.0,59.45,62.9,74.6,2.0,0,0.663333444824219,True,2026-09-01 19:58:28+00:00,NVDA261016P00290000
NVDA,2026-09-22,228.8699951171875,2026-10-16,P,295.0,64.45,67.9,79.62,5.0,0,0.6975127905273439,True,2026-08-21 14:36:24+00:00,NVDA261016P00295000
NVDA,2026-09-22,228.8699951171875,2026-10-16,P,300.0,69.35,72.95,72.64,1.0,1,0.7357204162597657,True,2026-09-21 18:32:13+00:00,NVDA261016P00300000
NVDA,2026-09-22,228.8699951171875,2026-10-16,P,305.0,74.45,77.85,85.13,1.0,0,0.7578149218750001,True,2026-09-18 19:47:10+00:00,NVDA261016P00305000
NVDA,2026-09-22,228.8699951171875,2026-10-16,P,310.0,79.45,82.9,87.0,22.0,0,0.7944356494140624,True,2026-08-07 19:21:26+00:00,NVDA261016P00310000
NVDA,2026-09-22,228.8699951171875,2026-10-16,P,360.0,0.0,0.0,142.25,1.0,0,1.0000000000000003e-05,True,2026-05-29 17:06:51+00:00,NVDA261016P00360000
NVDA,2026-09-22,228.8699951171875,2026-10-16,P,370.0,139.4,142.85,146.03,32.0,0,1.1108442895507813,True,2026-08-27 13:34:17+00:00,NVDA261016P00370000
NVDA,2026-09-22,228.8699951171875,2026-10-16,P,380.0,0.0,0.0,158.2,30.0,0,1.0000000000000003e-05,True,2026-05-21 18:10:39+00:00,NVDA261016P00380000
NVDA,2026-09-22,228.8699951171875,2026-10-16,P,390.0,155.0,163.75,183.33,1.0,0,1.310306182861328,True,2026-08-03 19:53:36+00:00,NVDA261016P00390000
NVDA,2026-09-22,228.8699951171875,2026-10-16,P,400.0,169.45,172.95,172.59,1.0,1,0.79687703125,True,2026-09-21 18:32:36+00:00,NVDA261016P00400000
NVDA,2026-09-22,228.8699951171875,2026-10-16,P,405.0,174.45,177.85,193.5,,0,0.726565234375,True,2026-09-14 19:55:00+00:00,NVDA261016P00405000
NVDA,2026-09-22,228.8699951171875,2026-10-16,P,410.0,179.45,183.0,182.97,1.0,0,0.8554701953125,True,2026-08-13 19:50:27+00:00,NVDA261016P00410000
NVDA,2026-09-22,228.8699951171875,2026-10-16,P,440.0,229.7,231.95,212.53,,0,2.6505160690307616,True,2026-05-13 16:30:55+00:00,NVDA261016P00440000
NVDA,2026-09-22,228.8699951171875,2026-10-16,P,455.0,224.45,227.9,229.4,2.0,0,0.9179695703125,True,2026-08-13 19:51:57+00:00,NVDA261016P00455000
NVDA,2026-09-22,228.8699951171875,2026-10-16,P,460.0,229.4,233.05,234.38,4.0,0,0.99804689453125,True,2026-08-13 19:51:57+00:00,NVDA261016P00460000
NVDA,2026-09-22,228.8699951171875,2026-10-23,C,95.0,132.5,139.0,130.85,,2,1.8662116064453125,True,2026-09-08 19:57:02+00:00,NVDA261023C00095000
NVDA,2026-09-22,228.8699951171875,2026-10-23,C,110.0,116.9,124.0,102.7,1.0,1,1.5312523437499999,True,2026-09-15 16:29:07+00:00,NVDA261023C00110000
NVDA,2026-09-22,228.8699951171875,2026-10-23,C,115.0,111.9,119.0,105.48,1.0,1,1.449709782714844,True,2026-09-18 15:19:09+00:00,NVDA261023C00115000
NVDA,2026-09-22,228.8699951171875,2026-10-23,C,130.0,97.7,104.0,90.18,,9,1.2883336364746092,True,2026-09-17 19:42:24+00:00,NVDA261023C00130000
NVDA,2026-09-22,228.8699951171875,2026-10-23,C,135.0,92.75,97.75,79.97,4.0,6,1.1220747021484376,True,2026-09-16 19:07:46+00:00,NVDA261023C00135000
NVDA,2026-09-22,228.8699951171875,2026-10-23,C,140.0,87.8,92.8,72.99,2.0,5,1.0644578027343752,True,2026-09-15 19:51:46+00:00,NVDA261023C00140000
NVDA,2026-09-22,228.8699951171875,2026-10-23,C,145.0,82.8,86.3,66.42,,1,0.8618177880859376,True,2026-09-14 14:39:35+00:00,NVDA261023C00145000
NVDA,2026-09-22,228.8699951171875,2026-10-23,C,150.0,77.75,82.85,78.24,3.0,0,0.938477177734375,True,2026-09-18 15:36:41+00:00,NVDA261023C00150000
NVDA,2026-09-22,228.8699951171875,2026-10-23,C,155.0,72.9,77.9,74.03,7.0,0,0.8916026464843749,True,2026-09-15 17:26:55+00:00,NVDA261023C00155000
NVDA,2026-09-22,228.8699951171875,2026-10-23,C,160.0,67.9,71.6,70.7,1.0,10,0.737307314453125,True,2026-09-22 17:09:23+00:00,NVDA261023C00160000
NVDA,2026-09-22,228.8699951171875,2026-10-23,C,165.0,63.0,66.5,63.19,1.0,0,0.6840851904296876,True,2026-09-16 19:40:08+00:00,NVDA261023C00165000
NVDA,2026-09-22,228.8699951171875,2026-10-23,C,170.0,57.95,63.05,55.36,1.0,0,0.72851833984375,True,2026-09-18 14:46:22+00:00,NVDA261023C00170000
NVDA,2026-09-22,228.8699951171875,2026-10-23,C,175.0,54.6,55.1,55.1,3.0,0,0.5952188916015625,True,2026-09-22 18:12:10+00:00,NVDA261023C00175000
NVDA,2026-09-22,228.8699951171875,2026-10-23,C,180.0,49.75,50.2,44.6,1.0,0,0.5598188549804688,True,2026-09-17 19:30:30+00:00,NVDA261023C00180000
NVDA,2026-09-22,228.8699951171875,2026-10-23,C,185.0,44.75,45.2,44.99,2.0,0,0.508793974609375,True,2026-09-22 19:59:44+00:00,NVDA261023C00185000
NVDA,2026-09-22,228.8699951171875,2026-10-23,C,190.0,39.9,41.85,41.0,5.0,0,0.5395553857421876,True,2026-09-22 17:03:04+00:00,NVDA261023C00190000
NVDA,2026-09-22,228.8699951171875,2026-10-23,C,195.0,35.1,37.05,36.0,53.0,0,0.564579549560547,True,2026-09-22 19:54:20+00:00,NVDA261023C00195000
NVDA,2026-09-22,228.8699951171875,2026-10-23,C,200.0,30.55,32.0,31.48,40.0,0,0.5008594836425782,True,2026-09-22 19:27:07+00:00,NVDA261023C00200000
NVDA,2026-09-22,228.8699951171875,2026-10-23,C,205.0,25.95,26.4,26.15,61.0,0,0.4056455920410156,True,2026-09-22 19:57:56+00:00,NVDA261023C00205000
NVDA,2026-09-22,228.8699951171875,2026-10-23,C,210.0,21.7,22.0,21.82,181.0,0,0.3788514263916015,True,2026-09-22 19:57:56+00:00,NVDA261023C00210000
NVDA,2026-09-22,228.8699951171875,2026-10-23,C,215.0,17.7,17.9,17.74,176.0,0,0.3579165771484375,True,2026-09-22 19:55:24+00:00,NVDA261023C00215000
NVDA,2026-09-22,228.8699951171875,2026-10-23,C,220.0,14.05,14.25,14.1,217.0,0,0.3448551843261719,True,2026-09-22 19:56:38+00:00,NVDA261023C00220000
NVDA,2026-09-22,228.8699951171875,2026-10-23,C,225.0,10.85,11.05,10.92,819.0,0,0.33521172607421873,True,2026-09-22 19:57:14+00:00,NVDA261023C00225000
NVDA,2026-09-22,228.8699951171875,2026-10-23,C,230.0,8.15,8.3,8.3,1969.0,0,0.3267889587402344,False,2026-09-22 19:59:22+00:00,NVDA261023C00230000
NVDA,2026-09-22,228.8699951171875,2026-10-23,C,235.0,5.95,6.05,6.05,5674.0,0,0.32044136596679684,False,2026-09-22 19:59:52+00:00,NVDA261023C00235000
NVDA,2026-09-22,228.8699951171875,2026-10-23,C,240.0,4.2,4.3,4.2,1221.0,5406,0.3165961895751953,False,2026-09-22 19:59:52+00:00,NVDA261023C00240000
NVDA,2026-09-22,228.8699951171875,2026-10-23,C,245.0,2.92,2.99,2.95,890.0,0,0.3147041186523437,False,2026-09-22 19:58:05+00:00,NVDA261023C00245000
NVDA,2026-09-22,228.8699951171875,2026-10-23,C,250.0,1.98,2.04,2.03,1824.0,4232,0.3142158422851562,False,2026-09-22 19:59:28+00:00,NVDA261023C00250000
NVDA,2026-09-22,228.8699951171875,2026-10-23,C,255.0,1.34,1.41,1.37,414.0,0,0.3175117077636719,False,2026-09-22 19:59:56+00:00,NVDA261023C00255000
NVDA,2026-09-22,228.8699951171875,2026-10-23,C,260.0,0.9,0.96,0.97,1527.0,0,0.3205634350585937,False,2026-09-22 19:54:50+00:00,NVDA261023C00260000
NVDA,2026-09-22,228.8699951171875,2026-10-23,C,265.0,0.62,0.66,0.68,91.0,0,0.32520206054687495,False,2026-09-22 19:50:01+00:00,NVDA261023C00265000
NVDA,2026-09-22,228.8699951171875,2026-10-23,C,270.0,0.44,0.47,0.49,132.0,0,0.33228206787109377,False,2026-09-22 19:21:56+00:00,NVDA261023C00270000
NVDA,2026-09-22,228.8699951171875,2026-10-23,C,275.0,0.31,0.35,0.33,275.0,0,0.34180345703125,False,2026-09-22 19:43:02+00:00,NVDA261023C00275000
NVDA,2026-09-22,228.8699951171875,2026-10-23,C,280.0,0.22,0.26,0.25,19.0,0,0.3505924316406249,False,2026-09-22 18:50:11+00:00,NVDA261023C00280000
NVDA,2026-09-22,228.8699951171875,2026-10-23,C,285.0,0.16,0.2,0.18,126.0,0,0.36084623535156246,False,2026-09-22 18:59:09+00:00,NVDA261023C00285000
NVDA,2026-09-22,228.8699951171875,2026-10-23,C,290.0,0.12,0.15,0.13,23.0,0,0.36865865722656255,False,2026-09-22 19:47:28+00:00,NVDA261023C00290000
NVDA,2026-09-22,228.8699951171875,2026-10-23,C,295.0,0.09,0.12,0.1,38.0,0,0.3794007373046875,False,2026-09-22 19:57:41+00:00,NVDA261023C00295000
NVDA,2026-09-22,228.8699951171875,2026-10-23,C,300.0,0.06,0.09,0.08,41.0,0,0.38672488281249995,False,2026-09-22 16:59:21+00:00,NVDA261023C00300000
NVDA,2026-09-22,228.8699951171875,2026-10-23,C,305.0,0.04,0.08,0.04,11.0,0,0.40039662109375,False,2026-09-17 19:02:11+00:00,NVDA261023C00305000
NVDA,2026-09-22,228.8699951171875,2026-10-23,C,310.0,0.02,0.07,0.03,15.0,0,0.414068359375,False,2026-09-22 18:59:23+00:00,NVDA261023C00310000
NVDA,2026-09-22,228.8699951171875,2026-10-23,C,315.0,0.01,0.06,0.02,3.0,6,0.424810439453125,False,2026-09-16 19:42:09+00:00,NVDA261023C00315000
NVDA,2026-09-22,228.8699951171875,2026-10-23,C,320.0,0.01,0.05,0.03,200.0,10,0.4335994140625,False,2026-09-22 17:12:47+00:00,NVDA261023C00320000
NVDA,2026-09-22,228.8699951171875,2026-10-23,C,325.0,0.01,0.04,0.02,1.0,209,0.4414118359375,False,2026-09-14 16:03:26+00:00,NVDA261023C00325000
NVDA,2026-09-22,228.8699951171875,2026-10-23,C,330.0,0.01,0.04,0.01,1.0,0,0.45898978515625005,False,2026-09-14 16:03:18+00:00,NVDA261023C00330000
NVDA,2026-09-22,228.8699951171875,2026-10-23,C,340.0,0.0,0.03,0.01,1.0,105,0.476567734375,False,2026-09-17 13:30:02+00:00,NVDA261023C00340000
NVDA,2026-09-22,228.8699951171875,2026-10-23,C,345.0,0.0,0.03,0.02,9.0,18,0.49219257812500006,False,2026-09-18 13:55:26+00:00,NVDA261023C00345000
NVDA,2026-09-22,228.8699951171875,2026-10-23,C,350.0,0.0,0.03,0.03,4.0,12,0.507817421875,False,2026-09-14 17:40:32+00:00,NVDA261023C00350000
NVDA,2026-09-22,228.8699951171875,2026-10-23,C,360.0,0.0,0.03,0.03,4.0,4,0.507817421875,False,2026-09-17 14:40:21+00:00,NVDA261023C00360000
NVDA,2026-09-22,228.8699951171875,2026-10-23,C,370.0,0.0,0.01,0.02,10.0,38,0.51562984375,False,2026-09-11 14:48:56+00:00,NVDA261023C00370000
NVDA,2026-09-22,228.8699951171875,2026-10-23,C,390.0,0.0,0.02,0.01,1.0,0,0.5625043750000001,False,2026-09-18 15:54:38+00:00,NVDA261023C00390000
NVDA,2026-09-22,228.8699951171875,2026-10-23,P,50.0,0.0,0.03,0.04,,12,1.671876640625,False,2026-09-16 19:57:22+00:00,NVDA261023P00050000
NVDA,2026-09-22,228.8699951171875,2026-10-23,P,65.0,0.0,0.03,0.05,,5,1.3906280468749999,False,2026-09-16 19:58:25+00:00,NVDA261023P00065000
NVDA,2026-09-22,228.8699951171875,2026-10-23,P,75.0,0.0,0.04,0.03,,4,1.2656286718749998,False,2026-09-16 14:45:37+00:00,NVDA261023P00075000
NVDA,2026-09-22,228.8699951171875,2026-10-23,P,80.0,0.0,0.04,0.04,,12,1.1953165234375,False,2026-09-10 13:46:52+00:00,NVDA261023P00080000
NVDA,2026-09-22,228.8699951171875,2026-10-23,P,85.0,0.0,0.02,0.04,1.0,3,1.0625046875000002,False,2026-09-17 15:56:00+00:00,NVDA261023P00085000
NVDA,2026-09-22,228.8699951171875,2026-10-23,P,90.0,0.01,0.05,0.02,10.0,1,1.109379453125,False,2026-09-22 19:39:13+00:00,NVDA261023P00090000
NVDA,2026-09-22,228.8699951171875,2026-10-23,P,95.0,0.01,0.05,0.02,37.0,7,1.0468797656250002,False,2026-09-22 18:48:18+00:00,NVDA261023P00095000
NVDA,2026-09-22,228.8699951171875,2026-10-23,P,100.0,0.01,0.05,0.03,6.0,49,0.9882813671875,False,2026-09-21 17:31:00+00:00,NVDA261023P00100000
NVDA,2026-09-22,228.8699951171875,2026-10-23,P,105.0,0.02,0.06,0.06,120.0,127,0.9609378906249999,False,2026-09-21 18:39:29+00:00,NVDA261023P00105000
NVDA,2026-09-22,228.8699951171875,2026-10-23,P,110.0,0.02,0.06,0.06,2.0,7,0.9062509375,False,2026-09-18 16:19:22+00:00,NVDA261023P00110000
NVDA,2026-09-22,228.8699951171875,2026-10-23,P,115.0,0.02,0.07,0.05,20.0,28,0.8632826171875,False,2026-09-22 19:12:25+00:00,NVDA261023P00115000
NVDA,2026-09-22,228.8699951171875,2026-10-23,P,120.0,0.03,0.07,0.05,1.0,30,0.8242205078124999,False,2026-09-22 17:31:22+00:00,NVDA261023P00120000
NVDA,2026-09-22,228.8699951171875,2026-10-23,P,125.0,0.03,0.08,0.14,1.0,2,0.7812521875,False,2026-09-14 16:02:32+00:00,NVDA261023P00125000
NVDA,2026-09-22,228.8699951171875,2026-10-23,P,130.0,0.04,0.08,0.11,1.0,92,0.7421900781249999,False,2026-09-18 15:09:46+00:00,NVDA261023P00130000
NVDA,2026-09-22,228.8699951171875,2026-10-23,P,135.0,0.05,0.1,0.09,9.0,93,0.7148466015625,False,2026-09-22 15:27:37+00:00,NVDA261023P00135000
NVDA,2026-09-22,228.8699951171875,2026-10-23,P,140.0,0.07,0.11,0.09,33.0,107,0.6835969140625001,False,2026-09-22 17:17:03+00:00,NVDA261023P00140000
NVDA,2026-09-22,228.8699951171875,2026-10-23,P,145.0,0.08,0.13,0.14,3.0,101,0.6513706738281251,False,2026-09-21 14:37:05+00:00,NVDA261023P00145000
NVDA,2026-09-22,228.8699951171875,2026-10-23,P,150.0,0.1,0.14,0.11,166.0,186,0.6171913281250001,False,2026-09-22 19:17:06+00:00,NVDA261023P00150000
NVDA,2026-09-22,228.8699951171875,2026-10-23,P,155.0,0.12,0.16,0.15,4.0,80,0.585941640625,False,2026-09-22 15:13:52+00:00,NVDA261023P00155000
NVDA,2026-09-22,228.8699951171875,2026-10-23,P,160.0,0.14,0.19,0.17,23.0,231,0.5556685058593751,False,2026-09-22 18:54:07+00:00,NVDA261023P00160000
NVDA,2026-09-22,228.8699951171875,2026-10-23,P,165.0,0.17,0.21,0.19,27.0,392,0.524418818359375,False,2026-09-22 19:42:19+00:00,NVDA261023P00165000
NVDA,2026-09-22,228.8699951171875,2026-10-23,P,170.0,0.21,0.25,0.23,50.0,763,0.5029346582031251,False,2026-09-22 19:55:47+00:00,NVDA261023P00170000
NVDA,2026-09-22,228.8699951171875,2026-10-23,P,175.0,0.25,0.3,0.29,87.0,386,0.47412635253906255,False,2026-09-22 18:05:48+00:00,NVDA261023P00175000
NVDA,2026-09-22,228.8699951171875,2026-10-23,P,180.0,0.32,0.36,0.34,102.0,716,0.44507390869140623,False,2026-09-22 19:47:32+00:00,NVDA261023P00180000
NVDA,2026-09-22,228.8699951171875,2026-10-23,P,185.0,0.41,0.44,0.43,64.0,2220,0.41748629394531245,False,2026-09-22 19:54:46+00:00,NVDA261023P00185000
NVDA,2026-09-22,228.8699951171875,2026-10-23,P,190.0,0.54,0.57,0.55,285.0,2405,0.3940490283203125,False,2026-09-22 19:55:47+00:00,NVDA261023P00190000
NVDA,2026-09-22,228.8699951171875,2026-10-23,P,195.0,0.73,0.77,0.75,373.0,2270,0.37354142089843745,False,2026-09-22 19:58:53+00:00,NVDA261023P00195000
NVDA,2026-09-22,228.8699951171875,2026-10-23,P,200.0,1.02,1.05,1.04,1276.0,3020,0.3540103662109374,False,2026-09-22 19:59:43+00:00,NVDA261023P00200000
NVDA,2026-09-22,228.8699951171875,2026-10-23,P,205.0,1.45,1.5,1.5,516.0,2615,0.3391179370117187,False,2026-09-22 19:41:47+00:00,NVDA261023P00205000
NVDA,2026-09-22,228.8699951171875,2026-10-23,P,210.0,2.12,2.17,2.13,1256.0,1905,0.3267889587402344,False,2026-09-22 19:58:59+00:00,NVDA261023P00210000
NVDA,2026-09-22,228.8699951171875,2026-10-23,P,215.0,3.05,3.15,3.1,2504.0,2064,0.3171455004882812,False,2026-09-22 19:57:08+00:00,NVDA261023P00215000
NVDA,2026-09-22,228.8699951171875,2026-10-23,P,220.0,4.4,4.5,4.39,737.0,6107,0.30878376770019533,False,2026-09-22 19:54:50+00:00,NVDA261023P00220000
NVDA,2026-09-22,228.8699951171875,2026-10-23,P,225.0,6.15,6.3,6.2,762.0,1734,0.30188686401367193,False,2026-09-22 19:57:51+00:00,NVDA261023P00225000
NVDA,2026-09-22,228.8699951171875,2026-10-23,P,230.0,8.4,8.55,8.16,616.0,701,0.29431858032226554,True,2026-09-22 19:54:18+00:00,NVDA261023P00230000
NVDA,2026-09-22,228.8699951171875,2026-10-23,P,235.0,11.15,11.35,11.25,113.0,284,0.28888650573730457,True,2026-09-22 19:58:23+00:00,NVDA261023P00235000
NVDA,2026-09-22,228.8699951171875,2026-10-23,P,240.0,14.35,14.75,14.15,20.0,91,0.28839822937011705,True,2026-09-22 18:33:31+00:00,NVDA261023P00240000
NVDA,2026-09-22,228.8699951171875,2026-10-23,P,245.0,18.05,18.6,18.0,2.0,42,0.28992409301757804,True,2026-09-22 16:52:02+00:00,NVDA261023P00245000
NVDA,2026-09-22,228.8699951171875,2026-10-23,P,250.0,22.15,23.75,22.05,18.0,77,0.34534346069335936,True,2026-09-22 19:03:17+00:00,NVDA261023P00250000
NVDA,2026-09-22,228.8699951171875,2026-10-23,P,255.0,26.55,27.0,27.22,6.0,118,0.27735097656249996,True,2026-09-21 18:54:31+00:00,NVDA261023P00255000
NVDA,2026-09-22,228.8699951171875,2026-10-23,P,260.0,31.2,31.65,36.0,2.0,20,0.2775951147460937,True,2026-09-21 14:36:15+00:00,NVDA261023P00260000
NVDA,2026-09-22,228.8699951171875,2026-10-23,P,265.0,36.0,36.45,52.83,70.0,0,0.2810130493164062,True,2026-09-14 17:21:03+00:00,NVDA261023P00265000
NVDA,2026-09-22,228.8699951171875,2026-10-23,P,270.0,39.4,42.9,58.0,31.0,0,0.4547173669433594,True,2026-09-14 17:19:53+00:00,NVDA261023P00270000
NVDA,2026-09-22,228.8699951171875,2026-10-23,P,275.0,44.4,49.2,47.77,1.0,0,0.5762981823730469,True,2026-09-08 14:36:44+00:00,NVDA261023P00275000
