symbol,snapshot_date,spot,expiry,right,strike,bid,ask,last_price,volume,open_interest,implied_vol,in_the_money,last_trade_date,contract_symbol
NVDA,2026-10-10,229.28,2026-10-12,C,115.0,114.1,116.7,114.29,11.0,8.0,4.426762279052733,True,2026-10-09 19:52:36+00:00,NVDA261012C00115000
NVDA,2026-10-10,229.28,2026-10-12,C,120.0,,,116.94,,,0.0,True,2026-10-05 16:08:31+00:00,NVDA261012C00120000
NVDA,2026-10-10,229.28,2026-10-12,C,125.0,,,105.7,,,0.0,True,2026-10-08 19:24:59+00:00,NVDA261012C00125000
NVDA,2026-10-10,229.28,2026-10-12,C,130.0,97.45,101.6,99.85,16.0,7.0,2.8945340136718753,True,2026-10-09 19:49:34+00:00,NVDA261012C00130000
NVDA,2026-10-10,229.28,2026-10-12,C,135.0,,,95.54,,,0.0,True,2026-10-08 19:37:24+00:00,NVDA261012C00135000
NVDA,2026-10-10,229.28,2026-10-12,C,140.0,,,90.59,,,0.0,True,2026-10-08 19:37:36+00:00,NVDA261012C00140000
NVDA,2026-10-10,229.28,2026-10-12,C,145.0,,,86.75,,,0.0,True,2026-10-08 19:37:55+00:00,NVDA261012C00145000
NVDA,2026-10-10,229.28,2026-10-12,C,150.0,77.4,81.6,79.75,40.0,4.0,2.1992232519531245,True,2026-10-09 19:54:36+00:00,NVDA261012C00150000
NVDA,2026-10-10,229.28,2026-10-12,C,155.0,71.85,77.15,74.26,44.0,4.0,2.0468798828125,True,2026-10-09 19:48:25+00:00,NVDA261012C00155000
NVDA,2026-10-10,229.28,2026-10-12,C,160.0,,,69.7,,,0.0,True,2026-10-08 19:41:30+00:00,NVDA261012C00160000
NVDA,2026-10-10,229.28,2026-10-12,C,170.0,58.35,61.75,59.6,79.0,13.0,2.0175830810546875,True,2026-10-09 19:53:31+00:00,NVDA261012C00170000
NVDA,2026-10-10,229.28,2026-10-12,C,175.0,53.35,55.1,54.7,152.0,12.0,1.8798834130859374,True,2026-10-09 19:54:36+00:00,NVDA261012C00175000
NVDA,2026-10-10,229.28,2026-10-12,C,180.0,,,51.47,,,0.0,True,2026-10-08 18:28:19+00:00,NVDA261012C00180000
NVDA,2026-10-10,229.28,2026-10-12,C,185.0,,,45.72,,,0.0,True,2026-10-08 19:49:29+00:00,NVDA261012C00185000
NVDA,2026-10-10,229.28,2026-10-12,C,190.0,39.05,41.3,40.65,80.0,40.0,1.4326200244140623,True,2026-10-09 19:49:40+00:00,NVDA261012C00190000
NVDA,2026-10-10,229.28,2026-10-12,C,195.0,,,35.84,,,0.0,True,2026-10-08 18:31:13+00:00,NVDA261012C00195000
NVDA,2026-10-10,229.28,2026-10-12,C,197.5,,,38.4,,,0.0,True,2026-10-08 15:36:45+00:00,NVDA261012C00197500
NVDA,2026-10-10,229.28,2026-10-12,C,200.0,29.0,30.1,29.55,312.0,143.0,0.86132951171875,True,2026-10-09 19:59:19+00:00,NVDA261012C00200000
NVDA,2026-10-10,229.28,2026-10-12,C,202.5,,,33.07,,,0.0,True,2026-10-08 15:47:21+00:00,NVDA261012C00202500
NVDA,2026-10-10,229.28,2026-10-12,C,205.0,22.9,26.2,24.84,87.0,25.0,0.7314479980468749,True,2026-10-09 19:30:36+00:00,NVDA261012C00205000
NVDA,2026-10-10,229.28,2026-10-12,C,207.5,20.3,23.15,22.44,16.0,40.0,1.0039112304687499,True,2026-10-09 19:35:11+00:00,NVDA261012C00207500
NVDA,2026-10-10,229.28,2026-10-12,C,210.0,17.9,21.0,20.01,111.0,82.0,0.5488326367187502,True,2026-10-09 19:22:58+00:00,NVDA261012C00210000
NVDA,2026-10-10,229.28,2026-10-12,C,212.5,16.35,18.6,17.35,231.0,98.0,0.6748079394531252,True,2026-10-09 19:33:22+00:00,NVDA261012C00212500
NVDA,2026-10-10,229.28,2026-10-12,C,215.0,13.8,16.3,14.96,352.0,118.0,0.6167030517578126,True,2026-10-09 19:22:46+00:00,NVDA261012C00215000
NVDA,2026-10-10,229.28,2026-10-12,C,217.5,11.7,12.55,12.21,636.0,138.0,0.5366257275390626,True,2026-10-09 19:53:51+00:00,NVDA261012C00217500
NVDA,2026-10-10,229.28,2026-10-12,C,220.0,9.35,9.5,9.41,786.0,515.0,0.317389638671875,True,2026-10-09 19:58:54+00:00,NVDA261012C00220000
NVDA,2026-10-10,229.28,2026-10-12,C,222.5,6.95,7.05,7.07,499.0,425.0,0.26367923828125,True,2026-10-09 19:58:48+00:00,NVDA261012C00222500
NVDA,2026-10-10,229.28,2026-10-12,C,225.0,4.65,4.75,4.65,1282.0,586.0,0.229499892578125,True,2026-10-09 19:59:43+00:00,NVDA261012C00225000
NVDA,2026-10-10,229.28,2026-10-12,C,227.5,2.72,2.76,2.72,4312.0,348.0,0.20899228515624996,True,2026-10-09 19:59:55+00:00,NVDA261012C00227500
NVDA,2026-10-10,229.28,2026-10-12,C,230.0,1.28,1.31,1.3,53194.0,5842.0,0.19800606689453126,False,2026-10-09 19:59:59+00:00,NVDA261012C00230000
NVDA,2026-10-10,229.28,2026-10-12,C,232.5,0.48,0.5,0.48,57191.0,4292.0,0.1948322705078125,False,2026-10-09 19:59:59+00:00,NVDA261012C00232500
NVDA,2026-10-10,229.28,2026-10-12,C,235.0,0.15,0.16,0.15,46934.0,4370.0,0.19727365234375,False,2026-10-09 19:59:59+00:00,NVDA261012C00235000
NVDA,2026-10-10,229.28,2026-10-12,C,237.5,0.05,0.06,0.06,11064.0,5522.0,0.21289849609375,False,2026-10-09 19:59:55+00:00,NVDA261012C00237500
NVDA,2026-10-10,229.28,2026-10-12,C,240.0,0.02,0.03,0.02,13697.0,7259.0,0.23633576171874998,False,2026-10-09 19:59:19+00:00,NVDA261012C00240000
NVDA,2026-10-10,229.28,2026-10-12,C,242.5,0.01,0.02,0.02,5111.0,4109.0,0.26563234375,False,2026-10-09 19:59:33+00:00,NVDA261012C00242500
NVDA,2026-10-10,229.28,2026-10-12,C,245.0,0.01,0.02,0.01,3722.0,5213.0,0.3086006640625,False,2026-10-09 19:58:46+00:00,NVDA261012C00245000
NVDA,2026-10-10,229.28,2026-10-12,C,247.5,0.0,0.01,0.01,2938.0,3005.0,0.32031929687499994,False,2026-10-09 19:51:19+00:00,NVDA261012C00247500
NVDA,2026-10-10,229.28,2026-10-12,C,250.0,0.0,0.01,0.01,1219.0,4143.0,0.35938140625,False,2026-10-09 19:46:20+00:00,NVDA261012C00250000
NVDA,2026-10-10,229.28,2026-10-12,C,252.5,0.0,0.01,0.01,479.0,1289.0,0.398443515625,False,2026-10-09 19:21:28+00:00,NVDA261012C00252500
NVDA,2026-10-10,229.28,2026-10-12,C,255.0,0.0,0.01,0.01,17.0,1874.0,0.437505625,False,2026-10-09 15:26:08+00:00,NVDA261012C00255000
NVDA,2026-10-10,229.28,2026-10-12,C,257.5,0.0,0.01,0.01,10.0,1960.0,0.4687553125,False,2026-10-09 16:47:27+00:00,NVDA261012C00257500
NVDA,2026-10-10,229.28,2026-10-12,C,260.0,0.0,0.01,0.02,66.0,1885.0,0.500005,False,2026-10-08 18:16:51+00:00,NVDA261012C00260000
NVDA,2026-10-10,229.28,2026-10-12,C,262.5,,,0.02,,,0.0,False,2026-10-07 19:51:07+00:00,NVDA261012C00262500
NVDA,2026-10-10,229.28,2026-10-12,C,265.0,0.0,0.01,0.01,15.0,679.0,0.5312546875,False,2026-10-09 17:46:51+00:00,NVDA261012C00265000
NVDA,2026-10-10,229.28,2026-10-12,C,270.0,0.0,0.01,0.01,54.0,338.0,0.5937540625000001,False,2026-10-07 19:59:33+00:00,NVDA261012C00270000
NVDA,2026-10-10,229.28,2026-10-12,C,275.0,0.0,0.01,0.01,1.0,123.0,0.6562534375000001,False,2026-10-07 13:48:57+00:00,NVDA261012C00275000
NVDA,2026-10-10,229.28,2026-10-12,C,280.0,0.0,0.01,0.01,4.0,224.0,0.7187528125,False,2026-10-09 19:21:38+00:00,NVDA261012C00280000
NVDA,2026-10-10,229.28,2026-10-12,C,285.0,0.0,0.01,0.01,1.0,11.0,0.7812521875,False,2026-10-09 13:31:30+00:00,NVDA261012C00285000
NVDA,2026-10-10,229.28,2026-10-12,C,290.0,0.0,0.01,0.01,1.0,1.0,0.8437515624999999,False,2026-10-02 16:02:20+00:00,NVDA261012C00290000
NVDA,2026-10-10,229.28,2026-10-12,C,295.0,0.0,0.01,0.01,35.0,45.0,0.87500125,False,2026-10-05 19:44:05+00:00,NVDA261012C00295000
NVDA,2026-10-10,229.28,2026-10-12,C,300.0,,,0.01,,,0.0,False,2026-10-06 13:35:00+00:00,NVDA261012C00300000
NVDA,2026-10-10,229.28,2026-10-12,P,115.0,0.0,0.01,0.01,1.0,254.0,2.3125042187499996,False,2026-10-07 16:54:58+00:00,NVDA261012P00115000
NVDA,2026-10-10,229.28,2026-10-12,P,145.0,0.0,0.01,0.02,14.0,28.0,1.5625021874999998,False,2026-10-08 17:50:48+00:00,NVDA261012P00145000
NVDA,2026-10-10,229.28,2026-10-12,P,150.0,0.0,0.01,0.01,64.0,94.0,1.46875265625,False,2026-10-08 18:58:55+00:00,NVDA261012P00150000
NVDA,2026-10-10,229.28,2026-10-12,P,155.0,0.0,0.01,0.01,2555.0,76.0,1.3750031249999999,False,2026-10-09 18:41:20+00:00,NVDA261012P00155000
NVDA,2026-10-10,229.28,2026-10-12,P,160.0,0.0,0.01,0.01,2127.0,61.0,1.2500037499999999,False,2026-10-09 19:10:03+00:00,NVDA261012P00160000
NVDA,2026-10-10,229.28,2026-10-12,P,170.0,0.0,0.01,0.01,464.0,564.0,1.0625046875000002,False,2026-10-09 19:45:51+00:00,NVDA261012P00170000
NVDA,2026-10-10,229.28,2026-10-12,P,175.0,0.01,0.02,0.01,808.0,30.0,1.0625046875000002,False,2026-10-09 19:59:38+00:00,NVDA261012P00175000
NVDA,2026-10-10,229.28,2026-10-12,P,180.0,0.01,0.02,0.01,1556.0,173.0,0.9687503125,False,2026-10-09 19:52:36+00:00,NVDA261012P00180000
NVDA,2026-10-10,229.28,2026-10-12,P,185.0,0.01,0.02,0.01,3367.0,748.0,0.85937640625,False,2026-10-09 19:54:20+00:00,NVDA261012P00185000
NVDA,2026-10-10,229.28,2026-10-12,P,190.0,0.01,0.02,0.02,1988.0,1838.0,0.7656273437500001,False,2026-10-09 19:11:51+00:00,NVDA261012P00190000
NVDA,2026-10-10,229.28,2026-10-12,P,195.0,0.01,0.03,0.02,1748.0,3095.0,0.6875031250000001,False,2026-10-09 19:44:50+00:00,NVDA261012P00195000
NVDA,2026-10-10,229.28,2026-10-12,P,197.5,0.01,0.03,0.03,5291.0,2538.0,0.64062859375,False,2026-10-09 18:54:39+00:00,NVDA261012P00197500
NVDA,2026-10-10,229.28,2026-10-12,P,200.0,0.02,0.03,0.02,10321.0,2062.0,0.6093789062500001,False,2026-10-09 19:44:54+00:00,NVDA261012P00200000
NVDA,2026-10-10,229.28,2026-10-12,P,202.5,0.01,0.03,0.03,10633.0,1534.0,0.5429733203125001,False,2026-10-09 18:45:49+00:00,NVDA261012P00202500
NVDA,2026-10-10,229.28,2026-10-12,P,205.0,0.01,0.03,0.03,6003.0,1292.0,0.5195360546875,False,2026-10-09 19:19:37+00:00,NVDA261012P00205000
NVDA,2026-10-10,229.28,2026-10-12,P,207.5,0.02,0.03,0.03,7499.0,3137.0,0.4687553125,False,2026-10-09 19:40:31+00:00,NVDA261012P00207500
NVDA,2026-10-10,229.28,2026-10-12,P,210.0,0.02,0.03,0.03,9256.0,2811.0,0.41992767578125,False,2026-10-09 19:59:17+00:00,NVDA261012P00210000
NVDA,2026-10-10,229.28,2026-10-12,P,212.5,0.02,0.03,0.03,2710.0,737.0,0.3711000390625,False,2026-10-09 19:41:30+00:00,NVDA261012P00212500
NVDA,2026-10-10,229.28,2026-10-12,P,215.0,0.02,0.04,0.04,1227.0,1792.0,0.3320379296875,False,2026-10-09 19:59:05+00:00,NVDA261012P00215000
NVDA,2026-10-10,229.28,2026-10-12,P,217.5,0.04,0.05,0.05,1677.0,586.0,0.2910227148437499,False,2026-10-09 19:59:39+00:00,NVDA261012P00217500
NVDA,2026-10-10,229.28,2026-10-12,P,220.0,0.06,0.07,0.07,5302.0,4589.0,0.25098405273437496,False,2026-10-09 19:59:32+00:00,NVDA261012P00220000
NVDA,2026-10-10,229.28,2026-10-12,P,222.5,0.14,0.15,0.15,5371.0,2144.0,0.22705851074218747,False,2026-10-09 19:59:54+00:00,NVDA261012P00222500
NVDA,2026-10-10,229.28,2026-10-12,P,225.0,0.34,0.36,0.36,14146.0,3720.0,0.20850400878906244,False,2026-10-09 19:59:59+00:00,NVDA261012P00225000
NVDA,2026-10-10,229.28,2026-10-12,P,227.5,0.87,0.9,0.88,35597.0,1856.0,0.198250205078125,False,2026-10-09 19:59:59+00:00,NVDA261012P00227500
NVDA,2026-10-10,229.28,2026-10-12,P,230.0,1.92,1.95,1.9,41715.0,3784.0,0.18824053955078124,True,2026-10-09 19:59:59+00:00,NVDA261012P00230000
NVDA,2026-10-10,229.28,2026-10-12,P,232.5,3.6,3.65,3.7,17243.0,4423.0,0.18335777587890623,True,2026-10-09 19:59:53+00:00,NVDA261012P00232500
NVDA,2026-10-10,229.28,2026-10-12,P,235.0,5.75,5.85,5.5,1741.0,4135.0,0.187508125,True,2026-10-09 19:55:39+00:00,NVDA261012P00235000
NVDA,2026-10-10,229.28,2026-10-12,P,237.5,8.15,8.25,8.1,2038.0,3213.0,0.18946123046875002,True,2026-10-09 19:58:59+00:00,NVDA261012P00237500
NVDA,2026-10-10,229.28,2026-10-12,P,240.0,10.6,10.7,10.6,661.0,2690.0,1.0000000000000003e-05,True,2026-10-09 19:46:06+00:00,NVDA261012P00240000
NVDA,2026-10-10,229.28,2026-10-12,P,242.5,13.0,13.4,13.05,459.0,556.0,0.3813538427734374,True,2026-10-09 18:36:28+00:00,NVDA261012P00242500
NVDA,2026-10-10,229.28,2026-10-12,P,245.0,15.5,16.35,15.15,736.0,19.0,0.5835002587890624,True,2026-10-09 18:37:28+00:00,NVDA261012P00245000
NVDA,2026-10-10,229.28,2026-10-12,P,250.0,20.05,21.3,20.65,93.0,3.0,0.69336244140625,True,2026-10-09 19:59:03+00:00,NVDA261012P00250000
NVDA,2026-10-10,229.28,2026-10-12,P,255.0,25.0,26.0,25.07,78.0,0.0,0.6914093359375001,True,2026-10-09 19:35:18+00:00,NVDA261012P00255000
NVDA,2026-10-10,229.28,2026-10-12,P,257.5,27.5,28.5,28.15,16.0,0.0,0.7421900781249999,True,2026-10-09 19:59:28+00:00,NVDA261012P00257500
NVDA,2026-10-10,229.28,2026-10-12,P,260.0,30.0,31.0,30.45,34.0,0.0,0.79101771484375,True,2026-10-09 19:44:11+00:00,NVDA261012P00260000
NVDA,2026-10-10,229.28,2026-10-12,P,275.0,45.0,46.0,45.05,10.0,0.0,1.0654343603515626,True,2026-10-09 19:18:31+00:00,NVDA261012P00275000
NVDA,2026-10-10,229.28,2026-10-14,C,170.0,,,60.79,,,0.0,True,2026-10-08 19:42:30+00:00,NVDA261014C00170000
NVDA,2026-10-10,229.28,2026-10-14,C,180.0,,,51.73,,,0.0,True,2026-10-07 19:25:28+00:00,NVDA261014C00180000
NVDA,2026-10-10,229.28,2026-10-14,C,185.0,,,52.26,,,0.0,True,2026-10-07 19:24:55+00:00,NVDA261014C00185000
NVDA,2026-10-10,229.28,2026-10-14,C,197.5,,,33.65,,,0.0,True,2026-10-08 18:35:18+00:00,NVDA261014C00197500
NVDA,2026-10-10,229.28,2026-10-14,C,200.0,28.0,31.1,29.75,3.0,30.0,0.6669955175781253,True,2026-10-09 19:59:19+00:00,NVDA261014C00200000
NVDA,2026-10-10,229.28,2026-10-14,C,205.0,,,26.42,,,0.0,True,2026-10-08 19:27:15+00:00,NVDA261014C00205000
NVDA,2026-10-10,229.28,2026-10-14,C,207.5,,,24.6,,,0.0,True,2026-10-08 19:31:41+00:00,NVDA261014C00207500
NVDA,2026-10-10,229.28,2026-10-14,C,210.0,19.15,21.3,19.74,1015.0,6.0,0.6342810009765626,True,2026-10-09 19:57:33+00:00,NVDA261014C00210000
NVDA,2026-10-10,229.28,2026-10-14,C,212.5,16.3,19.1,17.75,44.0,6.0,0.567387138671875,True,2026-10-09 19:49:23+00:00,NVDA261014C00212500
NVDA,2026-10-10,229.28,2026-10-14,C,215.0,14.25,15.7,14.73,2004.0,20.0,0.584965087890625,True,2026-10-09 19:52:12+00:00,NVDA261014C00215000
NVDA,2026-10-10,229.28,2026-10-14,C,217.5,12.05,12.35,12.36,4449.0,110.0,0.3794007373046875,True,2026-10-09 19:54:41+00:00,NVDA261014C00217500
NVDA,2026-10-10,229.28,2026-10-14,C,220.0,9.8,9.95,10.0,890.0,353.0,0.3364324169921875,True,2026-10-09 19:58:00+00:00,NVDA261014C00220000
NVDA,2026-10-10,229.28,2026-10-14,C,222.5,7.65,7.7,7.66,86.0,401.0,0.30762411132812495,True,2026-10-09 19:59:25+00:00,NVDA261014C00222500
NVDA,2026-10-10,229.28,2026-10-14,C,225.0,5.65,5.7,5.65,279.0,282.0,0.2924875439453124,True,2026-10-09 19:58:34+00:00,NVDA261014C00225000
NVDA,2026-10-10,229.28,2026-10-14,C,227.5,3.95,4.0,4.0,558.0,482.0,0.28394270751953116,True,2026-10-09 19:59:59+00:00,NVDA261014C00227500
NVDA,2026-10-10,229.28,2026-10-14,C,230.0,2.59,2.61,2.6,7252.0,1608.0,0.2756420092773437,False,2026-10-09 19:59:55+00:00,NVDA261014C00230000
NVDA,2026-10-10,229.28,2026-10-14,C,232.5,1.57,1.59,1.59,6894.0,1308.0,0.2710033837890625,False,2026-10-09 19:59:59+00:00,NVDA261014C00232500
NVDA,2026-10-10,229.28,2026-10-14,C,235.0,0.89,0.9,0.89,11802.0,1509.0,0.2683178637695312,False,2026-10-09 19:59:59+00:00,NVDA261014C00235000
NVDA,2026-10-10,229.28,2026-10-14,C,237.5,0.47,0.49,0.48,7663.0,3356.0,0.26978269287109374,False,2026-10-09 19:59:41+00:00,NVDA261014C00237500
NVDA,2026-10-10,229.28,2026-10-14,C,240.0,0.25,0.26,0.25,8636.0,4462.0,0.2739330419921875,False,2026-10-09 19:59:59+00:00,NVDA261014C00240000
NVDA,2026-10-10,229.28,2026-10-14,C,242.5,0.13,0.14,0.13,2174.0,1575.0,0.28125718749999995,False,2026-10-09 19:58:21+00:00,NVDA261014C00242500
NVDA,2026-10-10,229.28,2026-10-14,C,245.0,0.07,0.08,0.07,4305.0,3678.0,0.2919992675781249,False,2026-10-09 19:59:47+00:00,NVDA261014C00245000
NVDA,2026-10-10,229.28,2026-10-14,C,247.5,0.05,0.06,0.05,705.0,1090.0,0.31445998046874996,False,2026-10-09 19:54:08+00:00,NVDA261014C00247500
NVDA,2026-10-10,229.28,2026-10-14,C,250.0,0.02,0.04,0.04,764.0,5339.0,0.33008482421874996,False,2026-10-09 19:54:49+00:00,NVDA261014C00250000
NVDA,2026-10-10,229.28,2026-10-14,C,252.5,0.01,0.03,0.01,307.0,822.0,0.34766277343749996,False,2026-10-09 19:56:25+00:00,NVDA261014C00252500
NVDA,2026-10-10,229.28,2026-10-14,C,255.0,0.01,0.02,0.02,61.0,1819.0,0.3632876171875,False,2026-10-09 19:27:24+00:00,NVDA261014C00255000
NVDA,2026-10-10,229.28,2026-10-14,C,257.5,,,0.02,,,0.0,False,2026-10-08 19:14:45+00:00,NVDA261014C00257500
NVDA,2026-10-10,229.28,2026-10-14,C,260.0,0.01,0.02,0.02,68.0,2649.0,0.42188078125,False,2026-10-09 17:58:23+00:00,NVDA261014C00260000
NVDA,2026-10-10,229.28,2026-10-14,C,262.5,,,0.03,,,0.0,False,2026-10-08 14:18:07+00:00,NVDA261014C00262500
NVDA,2026-10-10,229.28,2026-10-14,C,265.0,0.01,0.02,0.02,2.0,143.0,0.476567734375,False,2026-10-09 19:41:52+00:00,NVDA261014C00265000
NVDA,2026-10-10,229.28,2026-10-14,C,270.0,0.0,0.01,0.01,2.0,1120.0,0.49219257812500006,False,2026-10-09 17:41:22+00:00,NVDA261014C00270000
NVDA,2026-10-10,229.28,2026-10-14,C,275.0,0.0,0.01,0.01,10.0,71.0,0.51562984375,False,2026-10-09 15:45:59+00:00,NVDA261014C00275000
NVDA,2026-10-10,229.28,2026-10-14,C,280.0,0.0,0.01,0.02,4.0,8.0,0.5625043750000001,False,2026-10-06 14:39:44+00:00,NVDA261014C00280000
NVDA,2026-10-10,229.28,2026-10-14,C,285.0,,,0.01,,,0.0,False,2026-10-07 18:56:31+00:00,NVDA261014C00285000
NVDA,2026-10-10,229.28,2026-10-14,C,290.0,0.0,0.01,0.01,2.0,4.0,0.64062859375,False,2026-10-06 19:12:49+00:00,NVDA261014C00290000
NVDA,2026-10-10,229.28,2026-10-14,P,135.0,0.0,0.01,0.01,19.0,52.0,1.40625296875,False,2026-10-09 14:25:55+00:00,NVDA261014P00135000
NVDA,2026-10-10,229.28,2026-10-14,P,145.0,0.01,0.02,0.02,10.0,26.0,1.3437532812499997,False,2026-10-08 18:21:44+00:00,NVDA261014P00145000
NVDA,2026-10-10,229.28,2026-10-14,P,155.0,0.01,0.02,0.01,13.0,26.0,1.15625421875,False,2026-10-09 17:58:02+00:00,NVDA261014P00155000
NVDA,2026-10-10,229.28,2026-10-14,P,160.0,0.02,0.03,0.02,35.0,28.0,1.1328168359375002,False,2026-10-09 19:11:57+00:00,NVDA261014P00160000
NVDA,2026-10-10,229.28,2026-10-14,P,165.0,0.02,0.04,0.02,5.0,16.0,1.0625046875000002,False,2026-10-07 18:13:51+00:00,NVDA261014P00165000
NVDA,2026-10-10,229.28,2026-10-14,P,175.0,0.03,0.05,0.05,255.0,55.0,0.914063359375,False,2026-10-09 19:23:01+00:00,NVDA261014P00175000
NVDA,2026-10-10,229.28,2026-10-14,P,180.0,0.04,0.05,0.04,124.0,43.0,0.8398453515625,False,2026-10-09 19:54:39+00:00,NVDA261014P00180000
NVDA,2026-10-10,229.28,2026-10-14,P,185.0,0.04,0.06,0.06,104.0,85.0,0.7656273437500001,False,2026-10-09 18:01:04+00:00,NVDA261014P00185000
NVDA,2026-10-10,229.28,2026-10-14,P,190.0,0.05,0.07,0.04,3.0,595.0,0.6953155468750001,False,2026-10-09 15:18:44+00:00,NVDA261014P00190000
NVDA,2026-10-10,229.28,2026-10-14,P,195.0,0.06,0.07,0.06,9609.0,164.0,0.6152382226562501,False,2026-10-09 19:35:24+00:00,NVDA261014P00195000
NVDA,2026-10-10,229.28,2026-10-14,P,197.5,0.06,0.08,0.06,674.0,269.0,0.57812921875,False,2026-10-09 19:16:21+00:00,NVDA261014P00197500
NVDA,2026-10-10,229.28,2026-10-14,P,200.0,0.07,0.08,0.07,178.0,110.0,0.5410202148437502,False,2026-10-09 19:53:54+00:00,NVDA261014P00200000
NVDA,2026-10-10,229.28,2026-10-14,P,202.5,0.07,0.09,0.05,460.0,268.0,0.5039112109375,False,2026-10-09 16:36:24+00:00,NVDA261014P00202500
NVDA,2026-10-10,229.28,2026-10-14,P,205.0,0.08,0.1,0.08,475.0,269.0,0.476567734375,False,2026-10-09 19:39:41+00:00,NVDA261014P00205000
NVDA,2026-10-10,229.28,2026-10-14,P,207.5,0.1,0.11,0.1,242.0,96.0,0.43848217773437503,False,2026-10-09 19:06:59+00:00,NVDA261014P00207500
NVDA,2026-10-10,229.28,2026-10-14,P,210.0,0.12,0.13,0.12,429.0,428.0,0.405279384765625,False,2026-10-09 19:55:28+00:00,NVDA261014P00210000
NVDA,2026-10-10,229.28,2026-10-14,P,212.5,0.15,0.16,0.15,81.0,198.0,0.37305314453125,False,2026-10-09 19:54:02+00:00,NVDA261014P00212500
NVDA,2026-10-10,229.28,2026-10-14,P,215.0,0.2,0.22,0.21,3600.0,872.0,0.34766277343749996,False,2026-10-09 19:59:44+00:00,NVDA261014P00215000
NVDA,2026-10-10,229.28,2026-10-14,P,217.5,0.29,0.31,0.3,1075.0,567.0,0.32227240234374993,False,2026-10-09 19:59:51+00:00,NVDA261014P00217500
NVDA,2026-10-10,229.28,2026-10-14,P,220.0,0.46,0.48,0.48,1850.0,1141.0,0.30322962402343745,False,2026-10-09 19:59:53+00:00,NVDA261014P00220000
NVDA,2026-10-10,229.28,2026-10-14,P,222.5,0.77,0.78,0.77,2109.0,1423.0,0.28833719482421866,False,2026-10-09 19:59:59+00:00,NVDA261014P00222500
NVDA,2026-10-10,229.28,2026-10-14,P,225.0,1.27,1.29,1.3,3233.0,1083.0,0.27808339111328123,False,2026-10-09 19:59:53+00:00,NVDA261014P00225000
NVDA,2026-10-10,229.28,2026-10-14,P,227.5,2.05,2.07,2.04,3951.0,1310.0,0.2694164855957031,False,2026-10-09 19:59:59+00:00,NVDA261014P00227500
NVDA,2026-10-10,229.28,2026-10-14,P,230.0,3.15,3.25,3.15,4339.0,1288.0,0.26819579467773436,True,2026-10-09 19:59:59+00:00,NVDA261014P00230000
NVDA,2026-10-10,229.28,2026-10-14,P,232.5,4.65,4.7,4.65,8876.0,902.0,0.25977302734375,True,2026-10-09 19:59:59+00:00,NVDA261014P00232500
NVDA,2026-10-10,229.28,2026-10-14,P,235.0,6.45,6.55,6.48,1055.0,1010.0,0.25952888916015626,True,2026-10-09 19:59:58+00:00,NVDA261014P00235000
NVDA,2026-10-10,229.28,2026-10-14,P,237.5,8.55,8.65,8.6,1013.0,1497.0,0.25928475097656256,True,2026-10-09 19:59:16+00:00,NVDA261014P00237500
NVDA,2026-10-10,229.28,2026-10-14,P,240.0,10.8,10.9,10.85,855.0,536.0,0.25196060546875,True,2026-10-09 19:59:21+00:00,NVDA261014P00240000
NVDA,2026-10-10,229.28,2026-10-14,P,242.5,12.95,13.45,12.99,8696.0,306.0,0.31153032226562494,True,2026-10-09 19:39:17+00:00,NVDA261014P00242500
NVDA,2026-10-10,229.28,2026-10-14,P,245.0,15.45,16.05,15.4,1219.0,141.0,0.3842835009765625,True,2026-10-09 19:57:51+00:00,NVDA261014P00245000
NVDA,2026-10-10,229.28,2026-10-14,P,247.5,18.05,18.5,17.83,2700.0,60.0,0.41309180664062495,True,2026-10-09 19:42:14+00:00,NVDA261014P00247500
NVDA,2026-10-10,229.28,2026-10-14,P,250.0,20.4,21.05,20.35,159.0,1.0,0.47119669433593747,True,2026-10-09 16:23:57+00:00,NVDA261014P00250000
NVDA,2026-10-10,229.28,2026-10-14,P,252.5,23.0,23.4,22.79,11.0,3.0,0.45606012695312503,True,2026-10-09 18:32:45+00:00,NVDA261014P00252500
NVDA,2026-10-10,229.28,2026-10-14,P,260.0,29.55,31.55,29.3,60.0,0.0,0.773439765625,True,2026-10-09 19:42:33+00:00,NVDA261014P00260000
NVDA,2026-10-10,229.28,2026-10-16,C,5.0,221.75,228.3,211.1,1.0,1.0,15.687500195312499,True,2026-09-16 16:56:45+00:00,NVDA261016C00005000
NVDA,2026-10-10,229.28,2026-10-16,C,10.0,216.6,223.25,226.38,2.0,6.0,11.820315112304689,True,2026-10-05 16:27:55+00:00,NVDA261016C00010000
NVDA,2026-10-10,229.28,2026-10-16,C,15.0,212.45,216.6,220.02,1.0,3.0,8.687504570312498,True,2026-10-08 16:16:29+00:00,NVDA261016C00015000
NVDA,2026-10-10,229.28,2026-10-16,C,20.0,184.45,192.45,193.45,20.0,30.0,1.0000000000000003e-05,True,2026-07-22 16:00:54+00:00,NVDA261016C00020000
NVDA,2026-10-10,229.28,2026-10-16,C,25.0,179.5,187.5,183.0,1.0,2.0,1.0000000000000003e-05,True,2026-07-23 19:00:26+00:00,NVDA261016C00025000
NVDA,2026-10-10,229.28,2026-10-16,C,30.0,196.7,203.3,207.09,12.0,7.0,7.472656909179687,True,2026-10-05 17:53:27+00:00,NVDA261016C00030000
NVDA,2026-10-10,229.28,2026-10-16,C,35.0,192.5,196.6,194.67,30.0,0.0,5.960940048828125,True,2026-08-27 19:59:39+00:00,NVDA261016C00035000
NVDA,2026-10-10,229.28,2026-10-16,C,40.0,187.45,191.6,179.38,1.0,2.0,5.464846918945312,True,2026-08-31 16:08:28+00:00,NVDA261016C00040000
NVDA,2026-10-10,229.28,2026-10-16,C,45.0,182.1,186.95,186.17,4.0,24.0,5.0976598779296864,True,2026-10-09 14:13:09+00:00,NVDA261016C00045000
NVDA,2026-10-10,229.28,2026-10-16,C,50.0,176.95,182.15,180.89,22.0,23.0,4.835941455078125,True,2026-10-09 14:16:41+00:00,NVDA261016C00050000
NVDA,2026-10-10,229.28,2026-10-16,C,55.0,172.5,176.6,175.14,14.0,3.0,4.539066826171874,True,2026-10-09 15:47:20+00:00,NVDA261016C00055000
NVDA,2026-10-10,229.28,2026-10-16,C,60.0,168.3,172.15,172.05,4.0,6.0,5.166019167480468,True,2026-10-09 14:14:41+00:00,NVDA261016C00060000
NVDA,2026-10-10,229.28,2026-10-16,C,65.0,162.9,166.7,165.2,4.0,24.0,4.417973227539061,True,2026-10-09 14:14:52+00:00,NVDA261016C00065000
NVDA,2026-10-10,229.28,2026-10-16,C,70.0,157.5,161.6,160.97,2.0,12.0,3.7968755078125005,True,2026-10-09 14:15:08+00:00,NVDA261016C00070000
NVDA,2026-10-10,229.28,2026-10-16,C,75.0,152.5,156.6,154.69,12.0,21.0,3.5878916552734372,True,2026-10-09 14:15:34+00:00,NVDA261016C00075000
NVDA,2026-10-10,229.28,2026-10-16,C,80.0,147.6,151.65,149.7,28.0,235.0,3.50781373046875,True,2026-10-09 19:44:58+00:00,NVDA261016C00080000
NVDA,2026-10-10,229.28,2026-10-16,C,85.0,142.5,146.65,145.2,4.0,22.0,3.2460956347656245,True,2026-10-09 14:07:19+00:00,NVDA261016C00085000
NVDA,2026-10-10,229.28,2026-10-16,C,90.0,137.65,141.65,139.73,16.0,144.0,3.1718770703125,True,2026-10-09 19:46:41+00:00,NVDA261016C00090000
NVDA,2026-10-10,229.28,2026-10-16,C,95.0,132.5,136.65,134.98,9.0,52.0,2.906252734375,True,2026-10-09 19:04:44+00:00,NVDA261016C00095000
NVDA,2026-10-10,229.28,2026-10-16,C,100.0,127.95,131.7,129.78,130.0,141.0,3.0136743408203124,True,2026-10-09 19:47:13+00:00,NVDA261016C00100000
NVDA,2026-10-10,229.28,2026-10-16,C,105.0,121.6,127.45,126.27,1.0,77.0,2.535159912109375,True,2026-10-07 14:32:49+00:00,NVDA261016C00105000
NVDA,2026-10-10,229.28,2026-10-16,C,110.0,117.5,121.65,118.3,56.0,227.0,2.458988227539063,True,2026-10-09 19:40:21+00:00,NVDA261016C00110000
NVDA,2026-10-10,229.28,2026-10-16,C,115.0,112.5,116.65,115.01,20.0,73.0,2.3222698193359372,True,2026-10-09 19:34:53+00:00,NVDA261016C00115000
NVDA,2026-10-10,229.28,2026-10-16,C,120.0,107.95,111.65,109.56,56.0,208.0,2.3906290234374996,True,2026-10-09 19:53:11+00:00,NVDA261016C00120000
NVDA,2026-10-10,229.28,2026-10-16,C,125.0,102.55,106.65,104.87,66.0,277.0,2.091801645507812,True,2026-10-09 19:36:41+00:00,NVDA261016C00125000
NVDA,2026-10-10,229.28,2026-10-16,C,130.0,98.0,101.45,100.05,142.0,292.0,2.0732470043945312,True,2026-10-09 19:45:11+00:00,NVDA261016C00130000
NVDA,2026-10-10,229.28,2026-10-16,C,135.0,92.55,96.65,93.6,100.0,219.0,1.8525397998046875,True,2026-10-09 19:41:29+00:00,NVDA261016C00135000
NVDA,2026-10-10,229.28,2026-10-16,C,140.0,88.5,91.45,89.85,162.0,504.0,1.9785157324218752,True,2026-10-09 19:47:57+00:00,NVDA261016C00140000
NVDA,2026-10-10,229.28,2026-10-16,C,145.0,83.4,86.3,85.0,137.0,1561.0,1.791016669921875,True,2026-10-09 19:43:34+00:00,NVDA261016C00145000
NVDA,2026-10-10,229.28,2026-10-16,C,150.0,78.6,80.75,78.45,168.0,1107.0,1.57422087890625,True,2026-10-09 19:49:04+00:00,NVDA261016C00150000
NVDA,2026-10-10,229.28,2026-10-16,C,155.0,73.6,75.9,74.72,237.0,4666.0,1.51172119140625,True,2026-10-09 19:41:51+00:00,NVDA261016C00155000
NVDA,2026-10-10,229.28,2026-10-16,C,160.0,68.25,70.0,68.6,4282.0,4258.0,1.5205102099609373,True,2026-10-09 19:58:13+00:00,NVDA261016C00160000
NVDA,2026-10-10,229.28,2026-10-16,C,165.0,63.15,66.3,63.45,313.0,585.0,1.2900426123046875,True,2026-10-09 19:41:39+00:00,NVDA261016C00165000
NVDA,2026-10-10,229.28,2026-10-16,C,170.0,59.1,61.35,59.6,154.0,1614.0,1.3789093554687497,True,2026-10-09 19:58:10+00:00,NVDA261016C00170000
NVDA,2026-10-10,229.28,2026-10-16,C,175.0,54.25,55.8,54.2,152.0,2384.0,1.2060586572265624,True,2026-10-09 19:49:12+00:00,NVDA261016C00175000
NVDA,2026-10-10,229.28,2026-10-16,C,180.0,49.25,50.8,49.73,30280.0,93552.0,1.1025435498046878,True,2026-10-09 19:57:37+00:00,NVDA261016C00180000
NVDA,2026-10-10,229.28,2026-10-16,C,185.0,43.9,46.35,45.28,524.0,2007.0,1.0283251708984378,True,2026-10-09 19:50:31+00:00,NVDA261016C00185000
NVDA,2026-10-10,229.28,2026-10-16,C,190.0,39.3,39.85,39.7,320.0,3214.0,0.747072841796875,True,2026-10-09 19:58:12+00:00,NVDA261016C00190000
NVDA,2026-10-10,229.28,2026-10-16,C,195.0,34.25,34.85,34.74,314.0,6856.0,0.6489292919921875,True,2026-10-09 19:57:43+00:00,NVDA261016C00195000
NVDA,2026-10-10,229.28,2026-10-16,C,197.5,30.8,34.0,32.26,580.0,26.0,0.7182645361328125,True,2026-10-09 19:56:39+00:00,NVDA261016C00197500
NVDA,2026-10-10,229.28,2026-10-16,C,200.0,29.4,29.85,29.72,800.0,8256.0,0.5908244042968751,True,2026-10-09 19:52:17+00:00,NVDA261016C00200000
NVDA,2026-10-10,229.28,2026-10-16,C,202.5,26.75,28.3,27.1,766.0,36.0,0.65039412109375,True,2026-10-09 19:59:04+00:00,NVDA261016C00202500
NVDA,2026-10-10,229.28,2026-10-16,C,205.0,24.45,24.8,24.93,2597.0,8474.0,0.5029346582031251,True,2026-10-09 19:55:54+00:00,NVDA261016C00205000
NVDA,2026-10-10,229.28,2026-10-16,C,207.5,21.2,22.25,22.27,6312.0,243.0,0.49170430175781255,True,2026-10-09 19:57:11+00:00,NVDA261016C00207500
NVDA,2026-10-10,229.28,2026-10-16,C,210.0,19.5,19.85,19.7,1880.0,15626.0,0.46680220703125,True,2026-10-09 19:53:31+00:00,NVDA261016C00210000
NVDA,2026-10-10,229.28,2026-10-16,C,212.5,17.1,17.35,17.4,2275.0,507.0,0.41870698486328123,True,2026-10-09 19:57:41+00:00,NVDA261016C00212500
NVDA,2026-10-10,229.28,2026-10-16,C,215.0,14.7,15.1,14.98,4161.0,23497.0,0.41138283935546877,True,2026-10-09 19:59:28+00:00,NVDA261016C00215000
NVDA,2026-10-10,229.28,2026-10-16,C,217.5,12.5,12.6,12.55,351.0,1096.0,0.35864899169921877,True,2026-10-09 19:59:12+00:00,NVDA261016C00217500
NVDA,2026-10-10,229.28,2026-10-16,C,220.0,10.3,10.35,10.3,3194.0,99248.0,0.33570000244140624,True,2026-10-09 19:59:06+00:00,NVDA261016C00220000
NVDA,2026-10-10,229.28,2026-10-16,C,222.5,8.2,8.3,8.25,930.0,1959.0,0.32349309326171866,True,2026-10-09 19:59:56+00:00,NVDA261016C00222500
NVDA,2026-10-10,229.28,2026-10-16,C,225.0,6.35,6.45,6.4,2279.0,25722.0,0.31445998046874996,True,2026-10-09 19:59:57+00:00,NVDA261016C00225000
NVDA,2026-10-10,229.28,2026-10-16,C,227.5,4.75,4.8,4.8,2165.0,3896.0,0.304694453125,True,2026-10-09 19:59:59+00:00,NVDA261016C00227500
NVDA,2026-10-10,229.28,2026-10-16,C,230.0,3.4,3.45,3.43,20270.0,54673.0,0.29944548217773437,False,2026-10-09 19:59:59+00:00,NVDA261016C00230000
NVDA,2026-10-10,229.28,2026-10-16,C,232.5,2.31,2.34,2.33,48531.0,17359.0,0.2924875439453124,False,2026-10-09 19:59:58+00:00,NVDA261016C00232500
NVDA,2026-10-10,229.28,2026-10-16,C,235.0,1.5,1.52,1.53,45745.0,53070.0,0.28833719482421866,False,2026-10-09 19:59:59+00:00,NVDA261016C00235000
NVDA,2026-10-10,229.28,2026-10-16,C,237.5,0.93,0.95,0.93,43049.0,12685.0,0.2863840893554687,False,2026-10-09 19:59:53+00:00,NVDA261016C00237500
NVDA,2026-10-10,229.28,2026-10-16,C,240.0,0.56,0.57,0.57,52903.0,64144.0,0.28565167480468745,False,2026-10-09 19:59:58+00:00,NVDA261016C00240000
NVDA,2026-10-10,229.28,2026-10-16,C,242.5,0.33,0.35,0.34,28487.0,22250.0,0.29004616210937495,False,2026-10-09 19:59:52+00:00,NVDA261016C00242500
NVDA,2026-10-10,229.28,2026-10-16,C,245.0,0.21,0.22,0.22,13570.0,42000.0,0.29688203124999996,False,2026-10-09 19:59:50+00:00,NVDA261016C00245000
NVDA,2026-10-10,229.28,2026-10-16,C,247.5,0.14,0.15,0.12,6120.0,6227.0,0.3086006640625,False,2026-10-09 19:59:47+00:00,NVDA261016C00247500
NVDA,2026-10-10,229.28,2026-10-16,C,250.0,0.09,0.1,0.1,15239.0,78341.0,0.31836619140624994,False,2026-10-09 19:59:56+00:00,NVDA261016C00250000
NVDA,2026-10-10,229.28,2026-10-16,C,252.5,,,0.12,,,0.0,False,2026-10-08 19:58:34+00:00,NVDA261016C00252500
NVDA,2026-10-10,229.28,2026-10-16,C,255.0,0.05,0.06,0.05,4366.0,24403.0,0.35156898437499995,False,2026-10-09 19:59:23+00:00,NVDA261016C00255000
NVDA,2026-10-10,229.28,2026-10-16,C,257.5,,,0.06,,,0.0,False,2026-10-08 19:52:13+00:00,NVDA261016C00257500
NVDA,2026-10-10,229.28,2026-10-16,C,260.0,0.03,0.04,0.04,4192.0,73248.0,0.38477177734374995,False,2026-10-09 19:56:54+00:00,NVDA261016C00260000
NVDA,2026-10-10,229.28,2026-10-16,C,262.5,,,0.03,,,0.0,False,2026-10-08 19:58:03+00:00,NVDA261016C00262500
NVDA,2026-10-10,229.28,2026-10-16,C,265.0,0.02,0.03,0.03,2415.0,13375.0,0.42188078125,False,2026-10-09 19:33:52+00:00,NVDA261016C00265000
NVDA,2026-10-10,229.28,2026-10-16,C,270.0,0.01,0.02,0.02,3754.0,21490.0,0.445318046875,False,2026-10-09 19:51:20+00:00,NVDA261016C00270000
NVDA,2026-10-10,229.28,2026-10-16,C,275.0,0.01,0.02,0.02,1258.0,12025.0,0.49219257812500006,False,2026-10-09 19:48:48+00:00,NVDA261016C00275000
NVDA,2026-10-10,229.28,2026-10-16,C,280.0,0.0,0.01,0.01,137.0,15748.0,0.500005,False,2026-10-09 19:57:32+00:00,NVDA261016C00280000
NVDA,2026-10-10,229.28,2026-10-16,C,285.0,0.0,0.01,0.01,20.0,7352.0,0.500005,False,2026-10-09 19:57:39+00:00,NVDA261016C00285000
NVDA,2026-10-10,229.28,2026-10-16,C,290.0,0.0,0.01,0.01,3464.0,11025.0,0.5468795312500001,False,2026-10-08 19:03:05+00:00,NVDA261016C00290000
NVDA,2026-10-10,229.28,2026-10-16,C,295.0,0.0,0.01,0.01,10.0,6785.0,0.57812921875,False,2026-10-09 19:35:54+00:00,NVDA261016C00295000
NVDA,2026-10-10,229.28,2026-10-16,C,300.0,0.0,0.01,0.02,2894.0,14952.0,0.6250037500000001,False,2026-10-08 19:55:50+00:00,NVDA261016C00300000
NVDA,2026-10-10,229.28,2026-10-16,C,305.0,0.0,0.01,0.01,1.0,2458.0,0.6562534375000001,False,2026-10-09 18:31:20+00:00,NVDA261016C00305000
NVDA,2026-10-10,229.28,2026-10-16,C,310.0,0.0,0.01,0.01,5.0,4412.0,0.6875031250000001,False,2026-10-09 19:25:14+00:00,NVDA261016C00310000
NVDA,2026-10-10,229.28,2026-10-16,C,315.0,0.0,0.01,0.02,1.0,1079.0,0.7187528125,False,2026-10-08 15:44:43+00:00,NVDA261016C00315000
NVDA,2026-10-10,229.28,2026-10-16,C,320.0,0.0,0.01,0.01,158.0,2041.0,0.7500025,False,2026-10-08 15:24:42+00:00,NVDA261016C00320000
NVDA,2026-10-10,229.28,2026-10-16,C,325.0,0.0,0.01,0.01,4.0,420.0,0.7812521875,False,2026-10-06 13:31:21+00:00,NVDA261016C00325000
NVDA,2026-10-10,229.28,2026-10-16,C,330.0,0.0,0.01,0.01,1.0,2184.0,0.8125018749999999,False,2026-10-07 14:29:23+00:00,NVDA261016C00330000
NVDA,2026-10-10,229.28,2026-10-16,C,335.0,0.0,0.01,0.01,123.0,1081.0,0.8437515624999999,False,2026-10-07 13:36:09+00:00,NVDA261016C00335000
NVDA,2026-10-10,229.28,2026-10-16,C,340.0,0.0,0.01,0.01,148.0,2487.0,0.87500125,False,2026-10-07 15:27:03+00:00,NVDA261016C00340000
NVDA,2026-10-10,229.28,2026-10-16,C,345.0,0.0,0.01,0.01,50.0,838.0,0.9062509375,False,2026-10-09 14:30:34+00:00,NVDA261016C00345000
NVDA,2026-10-10,229.28,2026-10-16,C,350.0,0.0,0.01,0.01,20.0,12495.0,0.937500625,False,2026-10-08 17:00:38+00:00,NVDA261016C00350000
NVDA,2026-10-10,229.28,2026-10-16,C,355.0,0.0,0.01,0.01,20.0,517.0,0.9687503125,False,2026-10-07 14:03:55+00:00,NVDA261016C00355000
NVDA,2026-10-10,229.28,2026-10-16,C,360.0,0.0,0.01,0.01,1.0,4986.0,0.98437515625,False,2026-10-09 19:31:04+00:00,NVDA261016C00360000
NVDA,2026-10-10,229.28,2026-10-16,C,365.0,0.0,0.01,0.01,107.0,1868.0,1.000005,False,2026-10-07 15:19:23+00:00,NVDA261016C00365000
NVDA,2026-10-10,229.28,2026-10-16,C,370.0,0.0,0.01,0.01,13.0,2653.0,1.0312548437500002,False,2026-10-07 13:35:52+00:00,NVDA261016C00370000
NVDA,2026-10-10,229.28,2026-10-16,C,375.0,0.0,0.01,0.01,30.0,1153.0,1.0625046875000002,False,2026-10-07 13:35:49+00:00,NVDA261016C00375000
NVDA,2026-10-10,229.28,2026-10-16,C,380.0,0.0,0.01,0.01,127.0,2369.0,1.09375453125,False,2026-10-07 15:14:07+00:00,NVDA261016C00380000
NVDA,2026-10-10,229.28,2026-10-16,C,385.0,0.0,0.01,0.01,63.0,804.0,1.125004375,False,2026-10-07 13:35:42+00:00,NVDA261016C00385000
NVDA,2026-10-10,229.28,2026-10-16,C,390.0,0.0,0.01,0.01,2.0,1838.0,1.15625421875,False,2026-10-02 13:32:17+00:00,NVDA261016C00390000
NVDA,2026-10-10,229.28,2026-10-16,C,395.0,0.0,0.01,0.01,62.0,626.0,1.15625421875,False,2026-10-07 13:52:51+00:00,NVDA261016C00395000
NVDA,2026-10-10,229.28,2026-10-16,C,400.0,0.0,0.01,0.01,484.0,8331.0,1.1875040625,False,2026-10-06 19:34:37+00:00,NVDA261016C00400000
NVDA,2026-10-10,229.28,2026-10-16,C,405.0,0.0,0.01,0.01,894.0,870.0,1.21875390625,False,2026-10-01 19:03:12+00:00,NVDA261016C00405000
NVDA,2026-10-10,229.28,2026-10-16,C,410.0,0.0,0.01,0.01,493.0,1586.0,1.2500037499999999,False,2026-10-01 19:02:14+00:00,NVDA261016C00410000
NVDA,2026-10-10,229.28,2026-10-16,C,415.0,0.0,0.01,0.01,433.0,445.0,1.2500037499999999,False,2026-10-01 18:53:07+00:00,NVDA261016C00415000
NVDA,2026-10-10,229.28,2026-10-16,C,420.0,0.0,0.01,0.01,504.0,930.0,1.2812535937499998,False,2026-10-01 17:49:04+00:00,NVDA261016C00420000
NVDA,2026-10-10,229.28,2026-10-16,C,425.0,0.0,0.01,0.01,,40.0,1.3125034374999998,False,2026-10-01 17:51:20+00:00,NVDA261016C00425000
NVDA,2026-10-10,229.28,2026-10-16,C,430.0,0.0,0.01,0.02,101.0,335.0,1.3437532812499997,False,2026-10-01 17:49:05+00:00,NVDA261016C00430000
NVDA,2026-10-10,229.28,2026-10-16,C,435.0,0.0,0.01,0.01,393.0,534.0,1.3750031249999999,False,2026-10-01 17:50:13+00:00,NVDA261016C00435000
NVDA,2026-10-10,229.28,2026-10-16,C,440.0,0.0,0.01,0.01,1.0,775.0,1.3750031249999999,False,2026-10-06 15:22:10+00:00,NVDA261016C00440000
NVDA,2026-10-10,229.28,2026-10-16,C,450.0,0.0,0.01,0.01,1.0,859.0,1.4375028125,False,2026-09-28 13:37:39+00:00,NVDA261016C00450000
NVDA,2026-10-10,229.28,2026-10-16,C,455.0,0.0,0.01,0.03,85.0,752.0,1.4375028125,False,2026-09-11 13:32:16+00:00,NVDA261016C00455000
NVDA,2026-10-10,229.28,2026-10-16,C,460.0,0.0,0.01,0.01,10.0,17126.0,1.46875265625,False,2026-10-07 15:09:00+00:00,NVDA261016C00460000
NVDA,2026-10-10,229.28,2026-10-16,P,5.0,0.0,0.01,0.02,1.0,4024.0,8.500004687499999,False,2026-07-08 15:59:47+00:00,NVDA261016P00005000
NVDA,2026-10-10,229.28,2026-10-16,P,10.0,0.0,0.01,0.01,,10.0,6.7500015625000005,False,2026-07-28 17:46:06+00:00,NVDA261016P00010000
NVDA,2026-10-10,229.28,2026-10-16,P,15.0,0.0,0.01,0.01,,2.0,5.87500265625,False,2026-09-29 13:37:50+00:00,NVDA261016P00015000
NVDA,2026-10-10,229.28,2026-10-16,P,20.0,0.0,0.01,0.01,1.0,502.0,5.250003437499999,False,2026-08-26 17:09:10+00:00,NVDA261016P00020000
NVDA,2026-10-10,229.28,2026-10-16,P,25.0,0.0,0.03,0.03,10.0,30.0,5.187503515625,False,2026-07-29 15:24:12+00:00,NVDA261016P00025000
NVDA,2026-10-10,229.28,2026-10-16,P,30.0,0.0,0.0,0.02,1.0,0.0,0.500005,False,2026-05-22 15:19:22+00:00,NVDA261016P00030000
NVDA,2026-10-10,229.28,2026-10-16,P,35.0,0.0,0.01,0.02,7.0,40.0,4.000005,False,2026-09-16 19:58:25+00:00,NVDA261016P00035000
NVDA,2026-10-10,229.28,2026-10-16,P,40.0,0.0,0.01,0.01,2.0,269.0,3.750000625,False,2026-08-26 18:22:31+00:00,NVDA261016P00040000
NVDA,2026-10-10,229.28,2026-10-16,P,45.0,0.0,0.01,0.01,12.0,82.0,3.50000125,False,2026-09-16 19:57:22+00:00,NVDA261016P00045000
NVDA,2026-10-10,229.28,2026-10-16,P,50.0,0.0,0.01,0.01,501.0,1487.0,3.2500018749999997,False,2026-09-15 17:18:50+00:00,NVDA261016P00050000
NVDA,2026-10-10,229.28,2026-10-16,P,55.0,0.0,0.01,0.01,1.0,7234.0,3.06250234375,False,2026-09-25 17:24:55+00:00,NVDA261016P00055000
NVDA,2026-10-10,229.28,2026-10-16,P,60.0,0.0,0.01,0.01,4.0,1746.0,2.8750028125,False,2026-09-29 15:13:13+00:00,NVDA261016P00060000
NVDA,2026-10-10,229.28,2026-10-16,P,65.0,0.0,0.01,0.01,3500.0,8057.0,2.750003125,False,2026-10-05 19:55:24+00:00,NVDA261016P00065000
NVDA,2026-10-10,229.28,2026-10-16,P,70.0,0.0,0.01,0.01,1337.0,8943.0,2.56250359375,False,2026-10-05 19:50:50+00:00,NVDA261016P00070000
NVDA,2026-10-10,229.28,2026-10-16,P,75.0,0.0,0.01,0.01,35.0,363.0,2.43750390625,False,2026-10-05 19:50:12+00:00,NVDA261016P00075000
NVDA,2026-10-10,229.28,2026-10-16,P,80.0,0.0,0.01,0.01,3.0,738.0,2.3125042187499996,False,2026-10-06 18:26:12+00:00,NVDA261016P00080000
NVDA,2026-10-10,229.28,2026-10-16,P,85.0,0.0,0.01,0.01,162.0,1834.0,2.1875045312499997,False,2026-10-05 19:59:15+00:00,NVDA261016P00085000
NVDA,2026-10-10,229.28,2026-10-16,P,90.0,0.0,0.01,0.01,1574.0,3796.0,2.0625048437499998,False,2026-10-08 18:22:04+00:00,NVDA261016P00090000
NVDA,2026-10-10,229.28,2026-10-16,P,95.0,0.0,0.01,0.01,1360.0,3597.0,1.9375003125,False,2026-10-08 18:24:14+00:00,NVDA261016P00095000
NVDA,2026-10-10,229.28,2026-10-16,P,100.0,0.0,0.01,0.01,5.0,11963.0,1.8125009374999999,False,2026-10-09 19:32:30+00:00,NVDA261016P00100000
NVDA,2026-10-10,229.28,2026-10-16,P,105.0,0.0,0.01,0.01,202.0,7556.0,1.71875140625,False,2026-10-09 14:14:32+00:00,NVDA261016P00105000
NVDA,2026-10-10,229.28,2026-10-16,P,110.0,0.0,0.02,0.01,46231.0,9601.0,1.71875140625,False,2026-10-09 19:39:25+00:00,NVDA261016P00110000
NVDA,2026-10-10,229.28,2026-10-16,P,115.0,0.01,0.02,0.01,2559.0,14642.0,1.671876640625,False,2026-10-09 19:45:09+00:00,NVDA261016P00115000
NVDA,2026-10-10,229.28,2026-10-16,P,120.0,0.01,0.02,0.01,3510.0,21099.0,1.5625021874999998,False,2026-10-09 19:49:11+00:00,NVDA261016P00120000
NVDA,2026-10-10,229.28,2026-10-16,P,125.0,0.01,0.02,0.02,1133.0,11218.0,1.484377578125,False,2026-10-09 18:51:07+00:00,NVDA261016P00125000
NVDA,2026-10-10,229.28,2026-10-16,P,130.0,0.01,0.03,0.02,400.0,8513.0,1.421877890625,False,2026-10-09 19:40:09+00:00,NVDA261016P00130000
NVDA,2026-10-10,229.28,2026-10-16,P,135.0,0.02,0.03,0.03,177.0,11218.0,1.3671906640625,False,2026-10-09 17:29:54+00:00,NVDA261016P00135000
NVDA,2026-10-10,229.28,2026-10-16,P,140.0,0.02,0.04,0.03,8084.0,26624.0,1.2968785156249998,False,2026-10-09 19:29:09+00:00,NVDA261016P00140000
NVDA,2026-10-10,229.28,2026-10-16,P,145.0,0.03,0.04,0.04,3003.0,11582.0,1.2343788281249999,False,2026-10-09 19:58:18+00:00,NVDA261016P00145000
NVDA,2026-10-10,229.28,2026-10-16,P,150.0,0.03,0.04,0.03,123.0,27642.0,1.1484417578125,False,2026-10-09 19:40:24+00:00,NVDA261016P00150000
NVDA,2026-10-10,229.28,2026-10-16,P,155.0,0.03,0.05,0.03,1876.0,13089.0,1.0859420703125,False,2026-10-09 18:39:22+00:00,NVDA261016P00155000
NVDA,2026-10-10,229.28,2026-10-16,P,160.0,0.04,0.05,0.04,402.0,19542.0,1.015629921875,False,2026-10-09 19:31:55+00:00,NVDA261016P00160000
NVDA,2026-10-10,229.28,2026-10-16,P,165.0,0.04,0.05,0.04,129.0,25596.0,0.937500625,False,2026-10-09 18:38:15+00:00,NVDA261016P00165000
NVDA,2026-10-10,229.28,2026-10-16,P,170.0,0.05,0.06,0.05,1010.0,33104.0,0.8789074609374999,False,2026-10-09 19:41:11+00:00,NVDA261016P00170000
NVDA,2026-10-10,229.28,2026-10-16,P,175.0,0.05,0.06,0.07,831.0,20450.0,0.8007832421875,False,2026-10-09 19:45:10+00:00,NVDA261016P00175000
NVDA,2026-10-10,229.28,2026-10-16,P,180.0,0.06,0.07,0.07,1310.0,34298.0,0.7421900781249999,False,2026-10-09 19:54:50+00:00,NVDA261016P00180000
NVDA,2026-10-10,229.28,2026-10-16,P,185.0,0.06,0.08,0.08,2196.0,24106.0,0.6738313867187502,False,2026-10-09 19:50:51+00:00,NVDA261016P00185000
NVDA,2026-10-10,229.28,2026-10-16,P,190.0,0.08,0.09,0.09,2844.0,22644.0,0.6152382226562501,False,2026-10-09 19:55:23+00:00,NVDA261016P00190000
NVDA,2026-10-10,229.28,2026-10-16,P,195.0,0.09,0.1,0.1,2584.0,33154.0,0.5488326367187502,False,2026-10-09 19:58:47+00:00,NVDA261016P00195000
NVDA,2026-10-10,229.28,2026-10-16,P,197.5,0.1,0.11,0.11,172.0,1864.0,0.5185595019531251,False,2026-10-09 19:54:36+00:00,NVDA261016P00197500
NVDA,2026-10-10,229.28,2026-10-16,P,200.0,0.1,0.12,0.12,2569.0,36560.0,0.49023947265625006,False,2026-10-09 19:58:26+00:00,NVDA261016P00200000
NVDA,2026-10-10,229.28,2026-10-16,P,202.5,0.12,0.13,0.13,762.0,7662.0,0.4580132324218751,False,2026-10-09 19:46:49+00:00,NVDA261016P00202500
NVDA,2026-10-10,229.28,2026-10-16,P,205.0,0.13,0.15,0.15,3272.0,27407.0,0.42969320312500003,False,2026-10-09 19:52:14+00:00,NVDA261016P00205000
NVDA,2026-10-10,229.28,2026-10-16,P,207.5,0.16,0.17,0.17,8036.0,3172.0,0.39942006835937505,False,2026-10-09 19:59:32+00:00,NVDA261016P00207500
NVDA,2026-10-10,229.28,2026-10-16,P,210.0,0.2,0.21,0.21,11290.0,24487.0,0.37402969726562496,False,2026-10-09 19:59:06+00:00,NVDA261016P00210000
NVDA,2026-10-10,229.28,2026-10-16,P,212.5,0.26,0.28,0.26,3964.0,8748.0,0.35352208984374994,False,2026-10-09 19:57:57+00:00,NVDA261016P00212500
NVDA,2026-10-10,229.28,2026-10-16,P,215.0,0.37,0.38,0.38,4869.0,17480.0,0.33301448242187504,False,2026-10-09 19:59:58+00:00,NVDA261016P00215000
NVDA,2026-10-10,229.28,2026-10-16,P,217.5,0.54,0.56,0.55,6013.0,4674.0,0.3188544677734374,False,2026-10-09 19:59:07+00:00,NVDA261016P00217500
NVDA,2026-10-10,229.28,2026-10-16,P,220.0,0.83,0.85,0.85,18437.0,54837.0,0.3083565258789062,False,2026-10-09 19:59:56+00:00,NVDA261016P00220000
NVDA,2026-10-10,229.28,2026-10-16,P,222.5,1.26,1.28,1.3,11289.0,5112.0,0.29895720581054686,False,2026-10-09 19:59:53+00:00,NVDA261016P00222500
NVDA,2026-10-10,229.28,2026-10-16,P,225.0,1.9,1.92,1.9,9234.0,19922.0,0.2924875439453124,False,2026-10-09 19:59:59+00:00,NVDA261016P00225000
NVDA,2026-10-10,229.28,2026-10-16,P,227.5,2.77,2.8,2.78,5728.0,5806.0,0.2869944348144531,False,2026-10-09 19:59:59+00:00,NVDA261016P00227500
NVDA,2026-10-10,229.28,2026-10-16,P,230.0,3.9,3.95,3.95,10398.0,21207.0,0.28211167114257807,True,2026-10-09 19:59:41+00:00,NVDA261016P00230000
NVDA,2026-10-10,229.28,2026-10-16,P,232.5,5.3,5.4,5.3,2420.0,3729.0,0.2791820129394531,True,2026-10-09 19:59:59+00:00,NVDA261016P00232500
NVDA,2026-10-10,229.28,2026-10-16,P,235.0,7.0,7.1,7.0,5313.0,11570.0,0.27503166381835936,True,2026-10-09 19:59:02+00:00,NVDA261016P00235000
NVDA,2026-10-10,229.28,2026-10-16,P,237.5,8.95,9.0,8.84,564.0,6488.0,0.26636475830078127,True,2026-10-09 19:58:56+00:00,NVDA261016P00237500
NVDA,2026-10-10,229.28,2026-10-16,P,240.0,11.05,11.15,11.1,1403.0,7186.0,0.26343510009765625,True,2026-10-09 19:57:44+00:00,NVDA261016P00240000
NVDA,2026-10-10,229.28,2026-10-16,P,242.5,13.3,13.6,13.35,2318.0,5119.0,0.295905478515625,True,2026-10-09 19:58:50+00:00,NVDA261016P00242500
NVDA,2026-10-10,229.28,2026-10-16,P,245.0,15.55,15.95,15.6,4877.0,2841.0,0.299811689453125,True,2026-10-09 19:46:04+00:00,NVDA261016P00245000
NVDA,2026-10-10,229.28,2026-10-16,P,247.5,17.95,18.4,18.15,2479.0,331.0,0.3198310205078124,True,2026-10-09 19:58:26+00:00,NVDA261016P00247500
NVDA,2026-10-10,229.28,2026-10-16,P,250.0,20.45,20.95,20.45,720.0,2989.0,0.370123486328125,True,2026-10-09 19:51:54+00:00,NVDA261016P00250000
NVDA,2026-10-10,229.28,2026-10-16,P,255.0,25.45,25.85,25.43,1203.0,448.0,0.39453730468750003,True,2026-10-09 19:56:47+00:00,NVDA261016P00255000
NVDA,2026-10-10,229.28,2026-10-16,P,260.0,29.85,31.5,29.8,192.0,7.0,0.6440465283203125,True,2026-10-09 19:25:10+00:00,NVDA261016P00260000
NVDA,2026-10-10,229.28,2026-10-16,P,265.0,35.45,36.35,35.55,200.0,4.0,0.5380905566406251,True,2026-10-09 19:58:46+00:00,NVDA261016P00265000
NVDA,2026-10-10,229.28,2026-10-16,P,270.0,40.1,40.95,40.56,241.0,0.0,0.6186561572265626,True,2026-10-09 19:42:50+00:00,NVDA261016P00270000
NVDA,2026-10-10,229.28,2026-10-16,P,275.0,44.5,46.55,45.15,22.0,1.0,0.8618177880859376,True,2026-10-09 19:33:27+00:00,NVDA261016P00275000
NVDA,2026-10-10,229.28,2026-10-16,P,280.0,50.05,51.0,50.15,4.0,0.0,0.7534204345703125,True,2026-10-09 19:25:30+00:00,NVDA261016P00280000
NVDA,2026-10-10,229.28,2026-10-16,P,285.0,55.05,56.0,55.15,6.0,0.0,0.807619111328125,True,2026-10-09 19:26:50+00:00,NVDA261016P00285000
NVDA,2026-10-10,229.28,2026-10-16,P,290.0,60.05,60.9,60.43,2.0,0.0,0.804689453125,True,2026-10-09 17:32:53+00:00,NVDA261016P00290000
NVDA,2026-10-10,229.28,2026-10-16,P,295.0,65.05,65.9,58.2,2.0,0.0,0.8535170898437501,True,2026-10-05 16:10:55+00:00,NVDA261016P00295000
NVDA,2026-10-10,229.28,2026-10-16,P,300.0,69.5,71.5,70.1,37.0,4.0,1.1489300366210937,True,2026-10-09 19:24:14+00:00,NVDA261016P00300000
NVDA,2026-10-10,229.28,2026-10-16,P,305.0,75.05,75.9,74.84,2.0,0.0,0.94726615234375,True,2026-10-08 18:47:41+00:00,NVDA261016P00305000
NVDA,2026-10-10,229.28,2026-10-16,P,310.0,80.05,81.05,80.52,2.0,0.0,1.083988955078125,True,2026-10-09 17:37:49+00:00,NVDA261016P00310000
NVDA,2026-10-10,229.28,2026-10-16,P,315.0,85.05,85.9,85.47,46.0,0.0,1.0351610742187503,True,2026-10-09 17:35:31+00:00,NVDA261016P00315000
NVDA,2026-10-10,229.28,2026-10-16,P,320.0,90.05,90.9,83.4,6.0,0.0,1.0791061669921875,True,2026-10-08 14:51:42+00:00,NVDA261016P00320000
NVDA,2026-10-10,229.28,2026-10-16,P,325.0,95.1,95.9,96.37,,0.0,1.12109814453125,True,2026-10-01 15:03:51+00:00,NVDA261016P00325000
NVDA,2026-10-10,229.28,2026-10-16,P,360.0,0.0,0.0,142.25,1.0,0.0,1.0000000000000003e-05,True,2026-05-29 17:06:51+00:00,NVDA261016P00360000
NVDA,2026-10-10,229.28,2026-10-16,P,370.0,140.05,140.9,146.03,32.0,0.0,1.46484642578125,True,2026-08-27 13:34:17+00:00,NVDA261016P00370000
NVDA,2026-10-10,229.28,2026-10-16,P,380.0,0.0,0.0,158.2,30.0,0.0,1.0000000000000003e-05,True,2026-05-21 18:10:39+00:00,NVDA261016P00380000
NVDA,2026-10-10,229.28,2026-10-16,P,390.0,155.0,163.75,183.33,1.0,0.0,2.5500524530029294,True,2026-08-03 19:53:36+00:00,NVDA261016P00390000
NVDA,2026-10-10,229.28,2026-10-16,P,400.0,169.2,171.85,169.2,1.0,1.0,2.170903010253906,True,2026-10-08 19:45:25+00:00,NVDA261016P00400000
NVDA,2026-10-10,229.28,2026-10-16,P,405.0,175.1,175.9,181.28,1.0,0.0,1.6953140234375002,True,2026-09-25 19:50:17+00:00,NVDA261016P00405000
NVDA,2026-10-10,229.28,2026-10-16,P,410.0,0.0,0.0,182.97,1.0,0.0,1.0000000000000003e-05,True,2026-08-13 19:50:27+00:00,NVDA261016P00410000
NVDA,2026-10-10,229.28,2026-10-16,P,440.0,229.7,231.95,212.53,,0.0,5.036624797973632,True,2026-05-13 16:30:55+00:00,NVDA261016P00440000
NVDA,2026-10-10,229.28,2026-10-16,P,455.0,0.0,0.0,229.4,2.0,0.0,1.0000000000000003e-05,True,2026-08-13 19:51:57+00:00,NVDA261016P00455000
NVDA,2026-10-10,229.28,2026-10-16,P,460.0,0.0,0.0,234.38,4.0,0.0,1.0000000000000003e-05,True,2026-08-13 19:51:57+00:00,NVDA261016P00460000
NVDA,2026-10-10,229.28,2026-10-23,C,75.0,152.35,157.05,163.42,4.0,2.0,2.699222001953125,True,2026-10-05 18:36:36+00:00,NVDA261023C00075000
NVDA,2026-10-10,229.28,2026-10-23,C,85.0,142.35,146.95,156.78,2.0,2.0,2.3710978222656243,True,2026-10-06 16:49:05+00:00,NVDA261023C00085000
NVDA,2026-10-10,229.28,2026-10-23,C,90.0,137.35,141.95,151.34,3.0,5.0,2.2421918945312496,True,2026-10-06 17:36:40+00:00,NVDA261023C00090000
NVDA,2026-10-10,229.28,2026-10-23,C,95.0,133.15,137.1,144.73,2.0,0.0,2.4218789453125,True,2026-10-05 19:53:05+00:00,NVDA261023C00095000
NVDA,2026-10-10,229.28,2026-10-23,C,100.0,126.9,132.85,143.2,10.0,11.0,2.161137409667969,True,2026-10-06 16:08:36+00:00,NVDA261023C00100000
NVDA,2026-10-10,229.28,2026-10-23,C,105.0,122.35,127.0,124.7,5.0,2.0,1.9179691601562503,True,2026-10-09 18:49:56+00:00,NVDA261023C00105000
NVDA,2026-10-10,229.28,2026-10-23,C,110.0,117.4,122.0,127.99,2.0,8.0,1.8310555322265623,True,2026-10-05 17:50:28+00:00,NVDA261023C00110000
NVDA,2026-10-10,229.28,2026-10-23,C,115.0,112.35,117.0,105.48,1.0,1.0,1.71484517578125,True,2026-09-18 15:19:09+00:00,NVDA261023C00115000
NVDA,2026-10-10,229.28,2026-10-23,C,120.0,107.35,112.05,121.64,9.0,89.0,1.6347674511718748,True,2026-10-06 16:48:34+00:00,NVDA261023C00120000
NVDA,2026-10-10,229.28,2026-10-23,C,130.0,97.55,102.1,90.18,,9.0,1.5156274218749999,True,2026-09-17 19:42:24+00:00,NVDA261023C00130000
NVDA,2026-10-10,229.28,2026-10-23,C,135.0,93.65,97.25,100.76,2.0,4.0,1.6435564697265623,True,2026-10-08 16:24:10+00:00,NVDA261023C00135000
NVDA,2026-10-10,229.28,2026-10-23,C,140.0,87.95,91.55,101.37,10.0,26.0,1.3066440917968747,True,2026-10-06 16:51:09+00:00,NVDA261023C00140000
NVDA,2026-10-10,229.28,2026-10-23,C,145.0,83.1,86.45,85.21,12.0,1.0,1.236331943359375,True,2026-10-09 15:37:42+00:00,NVDA261023C00145000
NVDA,2026-10-10,229.28,2026-10-23,C,150.0,79.1,81.5,79.37,50.0,46.0,1.32422212890625,True,2026-10-09 16:58:54+00:00,NVDA261023C00150000
NVDA,2026-10-10,229.28,2026-10-23,C,155.0,73.15,76.5,75.75,3.0,11.0,1.0971724829101563,True,2026-10-08 19:23:07+00:00,NVDA261023C00155000
NVDA,2026-10-10,229.28,2026-10-23,C,160.0,67.0,73.55,76.8,2.0,12.0,1.1474652001953123,True,2026-10-02 15:03:01+00:00,NVDA261023C00160000
NVDA,2026-10-10,229.28,2026-10-23,C,165.0,63.15,66.55,74.74,2.0,12.0,0.9536137451171874,True,2026-10-05 18:57:27+00:00,NVDA261023C00165000
NVDA,2026-10-10,229.28,2026-10-23,C,170.0,58.2,61.6,59.9,5.0,19.0,0.8945323046874999,True,2026-10-09 18:48:55+00:00,NVDA261023C00170000
NVDA,2026-10-10,229.28,2026-10-23,C,175.0,52.05,58.6,57.24,2.0,62.0,0.9174812939453125,True,2026-10-09 14:32:09+00:00,NVDA261023C00175000
NVDA,2026-10-10,229.28,2026-10-23,C,180.0,48.25,51.65,50.11,40.0,110.0,0.7622094091796876,True,2026-10-09 18:29:35+00:00,NVDA261023C00180000
NVDA,2026-10-10,229.28,2026-10-23,C,185.0,44.3,45.8,44.7,6.0,24.0,0.7121610815429689,True,2026-10-09 18:47:27+00:00,NVDA261023C00185000
NVDA,2026-10-10,229.28,2026-10-23,C,190.0,38.75,40.2,39.84,77.0,224.0,0.6674837939453127,True,2026-10-09 18:44:41+00:00,NVDA261023C00190000
NVDA,2026-10-10,229.28,2026-10-23,C,195.0,34.1,35.15,36.15,57.0,153.0,0.5864299169921875,True,2026-10-09 18:28:14+00:00,NVDA261023C00195000
NVDA,2026-10-10,229.28,2026-10-23,C,200.0,29.4,30.7,30.26,93.0,203.0,0.58789474609375,True,2026-10-09 18:17:48+00:00,NVDA261023C00200000
NVDA,2026-10-10,229.28,2026-10-23,C,205.0,24.8,25.5,24.75,119.0,286.0,0.4865773999023438,True,2026-10-09 19:53:41+00:00,NVDA261023C00205000
NVDA,2026-10-10,229.28,2026-10-23,C,210.0,20.1,20.5,20.4,100.0,1385.0,0.4096738720703125,True,2026-10-09 19:50:00+00:00,NVDA261023C00210000
NVDA,2026-10-10,229.28,2026-10-23,C,215.0,15.55,15.8,15.93,109.0,1585.0,0.358404853515625,True,2026-10-09 18:36:07+00:00,NVDA261023C00215000
NVDA,2026-10-10,229.28,2026-10-23,C,220.0,11.3,11.65,11.51,324.0,2562.0,0.33521172607421873,True,2026-10-09 19:59:27+00:00,NVDA261023C00220000
NVDA,2026-10-10,229.28,2026-10-23,C,225.0,7.8,7.95,7.93,219.0,4820.0,0.3127510131835937,True,2026-10-09 19:59:02+00:00,NVDA261023C00225000
NVDA,2026-10-10,229.28,2026-10-23,C,230.0,4.9,5.05,5.0,3511.0,4939.0,0.3011544494628906,False,2026-10-09 19:59:59+00:00,NVDA261023C00230000
NVDA,2026-10-10,229.28,2026-10-23,C,235.0,2.84,2.93,2.87,4089.0,13771.0,0.2926096130371093,False,2026-10-09 19:59:54+00:00,NVDA261023C00235000
NVDA,2026-10-10,229.28,2026-10-23,C,240.0,1.5,1.55,1.53,7079.0,56034.0,0.28711650390624993,False,2026-10-09 19:59:55+00:00,NVDA261023C00240000
NVDA,2026-10-10,229.28,2026-10-23,C,245.0,0.74,0.78,0.77,2332.0,13788.0,0.28711650390624993,False,2026-10-09 19:59:03+00:00,NVDA261023C00245000
NVDA,2026-10-10,229.28,2026-10-23,C,250.0,0.37,0.38,0.37,2517.0,9867.0,0.29053443847656246,False,2026-10-09 19:59:03+00:00,NVDA261023C00250000
NVDA,2026-10-10,229.28,2026-10-23,C,255.0,0.19,0.21,0.2,902.0,5993.0,0.30322962402343745,False,2026-10-09 19:53:10+00:00,NVDA261023C00255000
NVDA,2026-10-10,229.28,2026-10-23,C,260.0,0.11,0.12,0.12,1693.0,8302.0,0.31690136230468746,False,2026-10-09 19:57:47+00:00,NVDA261023C00260000
NVDA,2026-10-10,229.28,2026-10-23,C,265.0,0.07,0.08,0.07,239.0,1660.0,0.335944140625,False,2026-10-09 19:31:50+00:00,NVDA261023C00265000
NVDA,2026-10-10,229.28,2026-10-23,C,270.0,0.04,0.06,0.05,46.0,1683.0,0.35938140625,False,2026-10-09 16:36:33+00:00,NVDA261023C00270000
NVDA,2026-10-10,229.28,2026-10-23,C,275.0,0.03,0.05,0.03,1482.0,2382.0,0.38477177734374995,False,2026-10-09 19:05:23+00:00,NVDA261023C00275000
NVDA,2026-10-10,229.28,2026-10-23,C,280.0,0.02,0.04,0.03,1128.0,928.0,0.40820904296875,False,2026-10-09 16:41:12+00:00,NVDA261023C00280000
NVDA,2026-10-10,229.28,2026-10-23,C,285.0,0.01,0.03,0.01,4.0,350.0,0.42578699218750005,False,2026-10-09 16:04:50+00:00,NVDA261023C00285000
NVDA,2026-10-10,229.28,2026-10-23,C,290.0,0.01,0.03,0.01,2.0,337.0,0.45508357421875,False,2026-10-09 14:44:04+00:00,NVDA261023C00290000
NVDA,2026-10-10,229.28,2026-10-23,C,295.0,0.01,0.03,0.01,503.0,627.0,0.48438015625,False,2026-10-09 14:46:18+00:00,NVDA261023C00295000
NVDA,2026-10-10,229.28,2026-10-23,C,300.0,0.0,0.02,0.01,852.0,668.0,0.49219257812500006,False,2026-10-08 17:48:59+00:00,NVDA261023C00300000
NVDA,2026-10-10,229.28,2026-10-23,C,305.0,0.0,0.02,0.01,30.0,223.0,0.5195360546875,False,2026-10-08 14:50:34+00:00,NVDA261023C00305000
NVDA,2026-10-10,229.28,2026-10-23,C,310.0,0.0,0.02,0.05,2.0,1083.0,0.51562984375,False,2026-10-09 13:34:48+00:00,NVDA261023C00310000
NVDA,2026-10-10,229.28,2026-10-23,C,315.0,0.0,0.02,0.03,6.0,73.0,0.5390671093750001,False,2026-10-06 13:57:17+00:00,NVDA261023C00315000
NVDA,2026-10-10,229.28,2026-10-23,C,320.0,0.0,0.02,0.01,6.0,258.0,0.5625043750000001,False,2026-10-07 16:48:52+00:00,NVDA261023C00320000
NVDA,2026-10-10,229.28,2026-10-23,C,325.0,0.0,0.02,0.02,60.0,242.0,0.585941640625,False,2026-10-07 16:00:15+00:00,NVDA261023C00325000
NVDA,2026-10-10,229.28,2026-10-23,C,330.0,0.0,0.02,0.02,3.0,25.0,0.6093789062500001,False,2026-10-02 19:40:51+00:00,NVDA261023C00330000
NVDA,2026-10-10,229.28,2026-10-23,C,335.0,0.0,0.02,0.03,1.0,32.0,0.6250037500000001,False,2026-09-30 13:31:49+00:00,NVDA261023C00335000
NVDA,2026-10-10,229.28,2026-10-23,C,340.0,0.0,0.01,0.02,3.0,127.0,0.6250037500000001,False,2026-10-08 16:38:29+00:00,NVDA261023C00340000
NVDA,2026-10-10,229.28,2026-10-23,C,345.0,0.0,0.01,0.01,6.0,56.0,0.64062859375,False,2026-10-08 16:38:29+00:00,NVDA261023C00345000
NVDA,2026-10-10,229.28,2026-10-23,C,350.0,0.0,0.01,0.03,4.0,12.0,0.6562534375000001,False,2026-09-14 17:40:33+00:00,NVDA261023C00350000
NVDA,2026-10-10,229.28,2026-10-23,C,360.0,0.0,0.01,0.02,50.0,53.0,0.6875031250000001,False,2026-09-29 19:05:51+00:00,NVDA261023C00360000
NVDA,2026-10-10,229.28,2026-10-23,C,370.0,0.0,0.01,0.02,10.0,38.0,0.73437765625,False,2026-09-11 14:48:56+00:00,NVDA261023C00370000
NVDA,2026-10-10,229.28,2026-10-23,C,390.0,0.0,0.01,0.01,1.0,6.0,0.8125018749999999,False,2026-09-21 15:52:48+00:00,NVDA261023C00390000
NVDA,2026-10-10,229.28,2026-10-23,P,50.0,0.0,0.01,0.02,19.0,36.0,2.3125042187499996,False,2026-10-08 13:31:51+00:00,NVDA261023P00050000
NVDA,2026-10-10,229.28,2026-10-23,P,65.0,0.0,0.01,0.05,5.0,0.0,1.9375003125,False,2026-09-29 16:39:18+00:00,NVDA261023P00065000
NVDA,2026-10-10,229.28,2026-10-23,P,75.0,0.0,0.02,0.03,20.0,24.0,1.8125009374999999,False,2026-09-24 13:58:55+00:00,NVDA261023P00075000
NVDA,2026-10-10,229.28,2026-10-23,P,80.0,0.0,0.02,0.02,110.0,1069.0,1.71875140625,False,2026-10-07 18:44:05+00:00,NVDA261023P00080000
NVDA,2026-10-10,229.28,2026-10-23,P,85.0,0.0,0.02,0.01,54.0,187.0,1.625001875,False,2026-10-08 17:31:38+00:00,NVDA261023P00085000
NVDA,2026-10-10,229.28,2026-10-23,P,90.0,0.0,0.02,0.01,10.0,43.0,1.5312523437499999,False,2026-10-07 19:57:37+00:00,NVDA261023P00090000
NVDA,2026-10-10,229.28,2026-10-23,P,95.0,0.0,0.02,0.02,10.0,101.0,1.4375028125,False,2026-10-05 14:33:05+00:00,NVDA261023P00095000
NVDA,2026-10-10,229.28,2026-10-23,P,100.0,0.0,0.01,0.01,11.0,104.0,1.2812535937499998,False,2026-10-09 17:51:49+00:00,NVDA261023P00100000
NVDA,2026-10-10,229.28,2026-10-23,P,105.0,0.01,0.02,0.03,3.0,788.0,1.3281283593749997,False,2026-10-08 18:09:51+00:00,NVDA261023P00105000
NVDA,2026-10-10,229.28,2026-10-23,P,110.0,0.01,0.03,0.02,792.0,1026.0,1.2812535937499998,False,2026-10-08 18:49:21+00:00,NVDA261023P00110000
NVDA,2026-10-10,229.28,2026-10-23,P,115.0,0.01,0.03,0.03,1.0,5942.0,1.2109414453124998,False,2026-10-08 14:29:00+00:00,NVDA261023P00115000
NVDA,2026-10-10,229.28,2026-10-23,P,120.0,0.01,0.03,0.03,1750.0,7533.0,1.140629296875,False,2026-10-09 13:41:53+00:00,NVDA261023P00120000
NVDA,2026-10-10,229.28,2026-10-23,P,125.0,0.01,0.04,0.03,2.0,15321.0,1.09375453125,False,2026-10-08 18:05:26+00:00,NVDA261023P00125000
NVDA,2026-10-10,229.28,2026-10-23,P,130.0,0.02,0.04,0.03,10.0,2726.0,1.0468797656250002,False,2026-10-09 17:15:08+00:00,NVDA261023P00130000
NVDA,2026-10-10,229.28,2026-10-23,P,135.0,0.02,0.04,0.05,1107.0,1174.0,0.98437515625,False,2026-10-08 18:21:13+00:00,NVDA261023P00135000
NVDA,2026-10-10,229.28,2026-10-23,P,140.0,0.02,0.05,0.05,542.0,1782.0,0.9335944140625,False,2026-10-08 17:26:59+00:00,NVDA261023P00140000
NVDA,2026-10-10,229.28,2026-10-23,P,145.0,0.03,0.05,0.05,337.0,378.0,0.8828136718749999,False,2026-10-08 19:52:07+00:00,NVDA261023P00145000
NVDA,2026-10-10,229.28,2026-10-23,P,150.0,0.03,0.06,0.05,11.0,1400.0,0.8359391406249999,False,2026-10-09 15:58:25+00:00,NVDA261023P00150000
NVDA,2026-10-10,229.28,2026-10-23,P,155.0,0.04,0.06,0.06,40.0,1174.0,0.7851583984375,False,2026-10-09 15:45:06+00:00,NVDA261023P00155000
NVDA,2026-10-10,229.28,2026-10-23,P,160.0,0.05,0.07,0.05,10.0,262.0,0.7421900781249999,False,2026-10-08 17:55:10+00:00,NVDA261023P00160000
NVDA,2026-10-10,229.28,2026-10-23,P,165.0,0.05,0.08,0.07,45.0,961.0,0.6914093359375001,False,2026-10-09 18:04:42+00:00,NVDA261023P00165000
NVDA,2026-10-10,229.28,2026-10-23,P,170.0,0.06,0.08,0.07,43.0,1063.0,0.64062859375,False,2026-10-09 19:59:57+00:00,NVDA261023P00170000
NVDA,2026-10-10,229.28,2026-10-23,P,175.0,0.08,0.1,0.09,314.0,664.0,0.6035195898437502,False,2026-10-09 18:48:46+00:00,NVDA261023P00175000
NVDA,2026-10-10,229.28,2026-10-23,P,180.0,0.09,0.11,0.11,193.0,1668.0,0.5546919531250001,False,2026-10-09 19:49:51+00:00,NVDA261023P00180000
NVDA,2026-10-10,229.28,2026-10-23,P,185.0,0.11,0.13,0.12,31.0,2648.0,0.5127001855468749,False,2026-10-09 19:13:58+00:00,NVDA261023P00185000
NVDA,2026-10-10,229.28,2026-10-23,P,190.0,0.14,0.15,0.15,361.0,3052.0,0.471684970703125,False,2026-10-09 19:49:51+00:00,NVDA261023P00190000
NVDA,2026-10-10,229.28,2026-10-23,P,195.0,0.18,0.2,0.18,2078.0,2293.0,0.43555251953125,False,2026-10-09 19:21:23+00:00,NVDA261023P00195000
NVDA,2026-10-10,229.28,2026-10-23,P,200.0,0.25,0.26,0.25,332.0,5260.0,0.39551385742187506,False,2026-10-09 19:58:47+00:00,NVDA261023P00200000
NVDA,2026-10-10,229.28,2026-10-23,P,205.0,0.36,0.39,0.37,710.0,8037.0,0.36499658447265626,False,2026-10-09 19:47:21+00:00,NVDA261023P00205000
NVDA,2026-10-10,229.28,2026-10-23,P,210.0,0.58,0.61,0.59,810.0,6817.0,0.335944140625,False,2026-10-09 19:59:57+00:00,NVDA261023P00210000
NVDA,2026-10-10,229.28,2026-10-23,P,215.0,1.01,1.05,1.02,1442.0,5452.0,0.31482618774414056,False,2026-10-09 19:58:00+00:00,NVDA261023P00215000
NVDA,2026-10-10,229.28,2026-10-23,P,220.0,1.81,1.86,1.85,1423.0,5022.0,0.29895720581054686,False,2026-10-09 19:59:41+00:00,NVDA261023P00220000
NVDA,2026-10-10,229.28,2026-10-23,P,225.0,3.15,3.25,3.17,1774.0,7024.0,0.28784891845703114,False,2026-10-09 19:58:52+00:00,NVDA261023P00225000
NVDA,2026-10-10,229.28,2026-10-23,P,230.0,5.25,5.35,5.3,1415.0,3771.0,0.27771718383789057,True,2026-10-09 19:55:42+00:00,NVDA261023P00230000
NVDA,2026-10-10,229.28,2026-10-23,P,235.0,8.15,8.35,8.15,220.0,4386.0,0.274421318359375,True,2026-10-09 19:53:26+00:00,NVDA261023P00235000
NVDA,2026-10-10,229.28,2026-10-23,P,240.0,11.65,12.05,12.0,96.0,2650.0,0.2700268310546875,True,2026-10-09 19:58:51+00:00,NVDA261023P00240000
NVDA,2026-10-10,229.28,2026-10-23,P,245.0,15.9,16.35,15.82,125.0,295.0,0.27027096923828126,True,2026-10-09 19:49:49+00:00,NVDA261023P00245000
NVDA,2026-10-10,229.28,2026-10-23,P,250.0,20.7,21.0,20.25,145.0,1139.0,0.2722240747070312,True,2026-10-09 19:20:08+00:00,NVDA261023P00250000
NVDA,2026-10-10,229.28,2026-10-23,P,255.0,25.45,26.0,25.06,24.0,122.0,0.32031929687499994,True,2026-10-09 15:56:37+00:00,NVDA261023P00255000
NVDA,2026-10-10,229.28,2026-10-23,P,260.0,30.15,31.35,28.02,10.0,4.0,0.4331111376953125,True,2026-10-08 13:39:05+00:00,NVDA261023P00260000
NVDA,2026-10-10,229.28,2026-10-23,P,265.0,34.8,36.35,28.15,4.0,0.0,0.4819387744140625,True,2026-10-08 14:23:46+00:00,NVDA261023P00265000
NVDA,2026-10-10,229.28,2026-10-23,P,270.0,39.8,41.35,39.35,3.0,0.0,0.5290574438476563,True,2026-09-29 13:38:08+00:00,NVDA261023P00270000
NVDA,2026-10-10,229.28,2026-10-23,P,275.0,44.8,46.35,39.5,4.0,0.0,0.5742230078125,True,2026-10-02 15:05:41+00:00,NVDA261023P00275000
NVDA,2026-10-10,229.28,2026-10-23,P,280.0,48.55,52.6,51.4,15.0,10.0,0.797853583984375,True,2026-10-08 19:06:55+00:00,NVDA261023P00280000
NVDA,2026-10-10,229.28,2026-10-30,C,60.0,166.75,174.0,165.79,,1.0,3.0615257836914065,True,2026-09-21 16:19:19+00:00,NVDA261030C00060000
NVDA,2026-10-10,229.28,2026-10-30,C,70.0,156.75,164.0,159.13,,10.0,2.726077403564453,True,2026-09-28 13:30:05+00:00,NVDA261030C00070000
NVDA,2026-10-10,229.28,2026-10-30,C,75.0,,,159.41,,,0.0,True,2026-10-08 16:47:38+00:00,NVDA261030C00075000
NVDA,2026-10-10,229.28,2026-10-30,C,85.0,141.95,148.55,156.63,2.0,4.0,2.258793415527343,True,2026-10-06 16:49:05+00:00,NVDA261030C00085000
NVDA,2026-10-10,229.28,2026-10-30,C,90.0,136.8,144.2,151.06,3.0,5.0,2.231449733886718,True,2026-10-06 17:36:40+00:00,NVDA261030C00090000
NVDA,2026-10-10,229.28,2026-10-30,C,95.0,,,142.35,,,0.0,True,2026-10-07 16:36:49+00:00,NVDA261030C00095000
NVDA,2026-10-10,229.28,2026-10-30,C,100.0,127.0,134.7,134.13,2.0,104.0,2.1059617663574213,True,2026-10-08 16:52:01+00:00,NVDA261030C00100000
NVDA,2026-10-10,229.28,2026-10-30,C,105.0,,,136.72,,,0.0,True,2026-10-06 16:49:05+00:00,NVDA261030C00105000
NVDA,2026-10-10,229.28,2026-10-30,C,115.0,112.05,118.65,116.33,2.0,1.0,1.6582048339843751,True,2026-09-30 18:19:02+00:00,NVDA261030C00115000
NVDA,2026-10-10,229.28,2026-10-30,C,120.0,106.9,114.4,117.76,1.0,10.0,1.6469744213867186,True,2026-10-05 18:12:09+00:00,NVDA261030C00120000
NVDA,2026-10-10,229.28,2026-10-30,C,125.0,102.05,108.65,101.62,,14.0,1.4814479052734375,True,2026-09-23 16:15:44+00:00,NVDA261030C00125000
NVDA,2026-10-10,229.28,2026-10-30,C,130.0,97.1,103.7,96.81,,1.0,1.4111357568359377,True,2026-09-23 16:15:01+00:00,NVDA261030C00130000
NVDA,2026-10-10,229.28,2026-10-30,C,135.0,92.1,99.3,101.55,10.0,12.0,1.3969756713867185,True,2026-10-02 17:00:56+00:00,NVDA261030C00135000
NVDA,2026-10-10,229.28,2026-10-30,C,140.0,87.1,93.7,98.12,6.0,10.0,1.2514685864257813,True,2026-10-07 19:58:05+00:00,NVDA261030C00140000
NVDA,2026-10-10,229.28,2026-10-30,C,145.0,82.15,88.75,96.86,4.0,20.0,1.1865275048828123,True,2026-10-06 17:36:40+00:00,NVDA261030C00145000
NVDA,2026-10-10,229.28,2026-10-30,C,150.0,77.15,81.75,87.84,6.0,56.0,0.8007832421875,True,2026-10-05 13:57:47+00:00,NVDA261030C00150000
NVDA,2026-10-10,229.28,2026-10-30,C,155.0,73.1,78.8,83.22,2.0,16.0,1.1272016296386718,True,2026-10-07 17:50:29+00:00,NVDA261030C00155000
NVDA,2026-10-10,229.28,2026-10-30,C,160.0,67.2,73.8,75.2,7.0,42.0,0.9790041162109376,True,2026-10-02 17:24:46+00:00,NVDA261030C00160000
NVDA,2026-10-10,229.28,2026-10-30,C,165.0,62.2,68.85,66.51,3.0,5.0,0.9143074975585939,True,2026-09-30 19:04:40+00:00,NVDA261030C00165000
NVDA,2026-10-10,229.28,2026-10-30,C,170.0,57.25,63.85,53.15,4.0,22.0,0.850587431640625,True,2026-09-24 14:48:15+00:00,NVDA261030C00170000
NVDA,2026-10-10,229.28,2026-10-30,C,175.0,52.3,58.9,58.5,5.0,38.0,0.7912618530273439,True,2026-10-08 16:55:00+00:00,NVDA261030C00175000
NVDA,2026-10-10,229.28,2026-10-30,C,180.0,48.15,53.45,50.0,14.0,50.0,0.7517114672851561,True,2026-10-09 19:54:40+00:00,NVDA261030C00180000
NVDA,2026-10-10,229.28,2026-10-30,C,185.0,42.4,48.9,44.95,8.0,16.0,0.6667513793945314,True,2026-10-09 18:29:28+00:00,NVDA261030C00185000
NVDA,2026-10-10,229.28,2026-10-30,C,190.0,39.7,42.1,40.44,20.0,213.0,0.6306189282226562,True,2026-10-09 18:30:54+00:00,NVDA261030C00190000
NVDA,2026-10-10,229.28,2026-10-30,C,195.0,34.75,35.55,35.2,13.0,163.0,0.527470545654297,True,2026-10-09 16:03:40+00:00,NVDA261030C00195000
NVDA,2026-10-10,229.28,2026-10-30,C,200.0,30.1,30.6,30.3,31.0,940.0,0.4699760034179688,True,2026-10-09 19:36:15+00:00,NVDA261030C00200000
NVDA,2026-10-10,229.28,2026-10-30,C,205.0,24.9,26.2,25.8,23.0,525.0,0.4585015087890626,True,2026-10-09 17:58:10+00:00,NVDA261030C00205000
NVDA,2026-10-10,229.28,2026-10-30,C,210.0,20.8,21.4,21.1,106.0,891.0,0.40479110839843746,True,2026-10-09 19:51:12+00:00,NVDA261030C00210000
NVDA,2026-10-10,229.28,2026-10-30,C,215.0,16.5,16.95,16.6,54.0,956.0,0.36817038085937503,True,2026-10-09 19:53:09+00:00,NVDA261030C00215000
NVDA,2026-10-10,229.28,2026-10-30,C,220.0,12.55,12.85,12.9,216.0,1993.0,0.33924000610351557,True,2026-10-09 19:48:03+00:00,NVDA261030C00220000
NVDA,2026-10-10,229.28,2026-10-30,C,225.0,9.15,9.35,9.3,414.0,5649.0,0.32227240234374993,True,2026-10-09 19:59:35+00:00,NVDA261030C00225000
NVDA,2026-10-10,229.28,2026-10-30,C,230.0,6.4,6.5,6.4,6007.0,6935.0,0.311957564086914,False,2026-10-09 19:59:59+00:00,NVDA261030C00230000
NVDA,2026-10-10,229.28,2026-10-30,C,235.0,4.15,4.25,4.2,2820.0,7551.0,0.30286341674804684,False,2026-10-09 19:59:56+00:00,NVDA261030C00235000
NVDA,2026-10-10,229.28,2026-10-30,C,240.0,2.57,2.63,2.61,19064.0,12516.0,0.29688203124999996,False,2026-10-09 19:59:52+00:00,NVDA261030C00240000
NVDA,2026-10-10,229.28,2026-10-30,C,245.0,1.52,1.56,1.54,2529.0,11501.0,0.2941965112304687,False,2026-10-09 19:59:56+00:00,NVDA261030C00245000
NVDA,2026-10-10,229.28,2026-10-30,C,250.0,0.87,0.9,0.88,5193.0,15724.0,0.29444064941406245,False,2026-10-09 19:59:52+00:00,NVDA261030C00250000
NVDA,2026-10-10,229.28,2026-10-30,C,255.0,0.51,0.53,0.51,1071.0,12173.0,0.2990792749023437,False,2026-10-09 19:59:53+00:00,NVDA261030C00255000
NVDA,2026-10-10,229.28,2026-10-30,C,260.0,0.31,0.32,0.31,1295.0,8770.0,0.30664755859375,False,2026-10-09 19:54:34+00:00,NVDA261030C00260000
NVDA,2026-10-10,229.28,2026-10-30,C,265.0,0.19,0.2,0.19,528.0,2597.0,0.31592480957031244,False,2026-10-09 19:47:40+00:00,NVDA261030C00265000
NVDA,2026-10-10,229.28,2026-10-30,C,270.0,0.12,0.14,0.13,556.0,11064.0,0.33008482421874996,False,2026-10-09 19:57:29+00:00,NVDA261030C00270000
NVDA,2026-10-10,229.28,2026-10-30,C,275.0,0.09,0.1,0.1,203.0,1797.0,0.3437565625,False,2026-10-09 19:49:52+00:00,NVDA261030C00275000
NVDA,2026-10-10,229.28,2026-10-30,C,280.0,0.05,0.07,0.06,117.0,2315.0,0.35547519531249994,False,2026-10-09 19:53:59+00:00,NVDA261030C00280000
NVDA,2026-10-10,229.28,2026-10-30,C,285.0,0.04,0.06,0.05,9.0,818.0,0.37500625,False,2026-10-09 17:41:13+00:00,NVDA261030C00285000
NVDA,2026-10-10,229.28,2026-10-30,C,290.0,0.04,0.05,0.03,1.0,1225.0,0.39258419921875,False,2026-10-08 19:57:57+00:00,NVDA261030C00290000
NVDA,2026-10-10,229.28,2026-10-30,C,295.0,0.02,0.04,0.05,4.0,128.0,0.40820904296875,False,2026-10-09 17:22:26+00:00,NVDA261030C00295000
NVDA,2026-10-10,229.28,2026-10-30,C,300.0,0.02,0.03,0.03,42.0,831.0,0.41797457031249996,False,2026-10-09 18:41:04+00:00,NVDA261030C00300000
NVDA,2026-10-10,229.28,2026-10-30,C,305.0,0.01,0.03,0.02,90.0,326.0,0.4414118359375,False,2026-10-08 16:26:26+00:00,NVDA261030C00305000
NVDA,2026-10-10,229.28,2026-10-30,C,310.0,0.01,0.03,0.01,1.0,8.0,0.46484910156250003,False,2026-10-09 14:17:47+00:00,NVDA261030C00310000
NVDA,2026-10-10,229.28,2026-10-30,C,315.0,0.01,0.03,0.04,1.0,49.0,0.48438015625,False,2026-10-06 14:59:17+00:00,NVDA261030C00315000
NVDA,2026-10-10,229.28,2026-10-30,C,320.0,0.0,0.03,0.02,7.0,32.0,0.507817421875,False,2026-10-06 18:25:38+00:00,NVDA261030C00320000
NVDA,2026-10-10,229.28,2026-10-30,C,325.0,0.0,0.03,0.01,52.0,57.0,0.5273484765625001,False,2026-10-05 15:11:20+00:00,NVDA261030C00325000
NVDA,2026-10-10,229.28,2026-10-30,C,330.0,0.0,0.03,0.02,48.0,61.0,0.51562984375,False,2026-10-02 19:24:27+00:00,NVDA261030C00330000
NVDA,2026-10-10,229.28,2026-10-30,C,335.0,0.0,0.03,0.06,3.0,5.0,0.5312546875,False,2026-09-15 17:27:53+00:00,NVDA261030C00335000
NVDA,2026-10-10,229.28,2026-10-30,C,340.0,0.0,0.02,0.02,1.0,54.0,0.5312546875,False,2026-10-07 19:00:14+00:00,NVDA261030C00340000
NVDA,2026-10-10,229.28,2026-10-30,C,345.0,0.0,0.02,0.02,10.0,26.0,0.5468795312500001,False,2026-10-05 16:42:31+00:00,NVDA261030C00345000
NVDA,2026-10-10,229.28,2026-10-30,C,350.0,0.0,0.02,0.03,40.0,71.0,0.570316796875,False,2026-10-06 16:45:23+00:00,NVDA261030C00350000
NVDA,2026-10-10,229.28,2026-10-30,C,360.0,0.0,0.02,0.02,20.0,81.0,0.6015664843750002,False,2026-10-06 16:42:40+00:00,NVDA261030C00360000
NVDA,2026-10-10,229.28,2026-10-30,C,390.0,0.0,0.02,0.05,61.0,132.0,0.6953155468750001,False,2026-09-28 17:00:32+00:00,NVDA261030C00390000
NVDA,2026-10-10,229.28,2026-10-30,C,400.0,,,0.02,,,0.0,False,2026-10-06 17:14:44+00:00,NVDA261030C00400000
NVDA,2026-10-10,229.28,2026-10-30,P,50.0,0.0,0.02,0.02,4.0,6.0,1.984375078125,False,2026-10-09 15:47:32+00:00,NVDA261030P00050000
NVDA,2026-10-10,229.28,2026-10-30,P,65.0,0.0,0.02,0.03,10.0,10.0,1.65625171875,False,2026-10-01 19:59:35+00:00,NVDA261030P00065000
NVDA,2026-10-10,229.28,2026-10-30,P,70.0,0.0,0.03,0.04,3.0,4.0,1.625001875,False,2026-10-05 13:46:32+00:00,NVDA261030P00070000
NVDA,2026-10-10,229.28,2026-10-30,P,80.0,0.0,0.03,0.03,2.0,3.0,1.4375028125,False,2026-09-28 16:44:34+00:00,NVDA261030P00080000
NVDA,2026-10-10,229.28,2026-10-30,P,85.0,0.0,0.03,0.04,6.0,21.0,1.359378203125,False,2026-09-28 14:09:24+00:00,NVDA261030P00085000
NVDA,2026-10-10,229.28,2026-10-30,P,90.0,0.01,0.02,0.02,50.0,12.0,1.2812535937499998,False,2026-10-09 18:46:09+00:00,NVDA261030P00090000
NVDA,2026-10-10,229.28,2026-10-30,P,95.0,0.01,0.02,0.02,10.0,23.0,1.21875390625,False,2026-10-08 14:45:38+00:00,NVDA261030P00095000
NVDA,2026-10-10,229.28,2026-10-30,P,100.0,0.01,0.04,0.01,2.0,71.0,1.203128984375,False,2026-10-07 17:01:46+00:00,NVDA261030P00100000
NVDA,2026-10-10,229.28,2026-10-30,P,105.0,0.01,0.04,0.02,20.0,73.0,1.1328168359375002,False,2026-10-07 14:25:58+00:00,NVDA261030P00105000
NVDA,2026-10-10,229.28,2026-10-30,P,110.0,0.02,0.05,0.02,10.0,27.0,1.1054732226562503,False,2026-10-01 13:46:45+00:00,NVDA261030P00110000
NVDA,2026-10-10,229.28,2026-10-30,P,115.0,0.02,0.05,0.04,200.0,201.0,1.0429735351562504,False,2026-10-08 18:27:09+00:00,NVDA261030P00115000
NVDA,2026-10-10,229.28,2026-10-30,P,120.0,0.03,0.04,0.04,2081.0,2443.0,0.98437515625,False,2026-10-07 19:33:53+00:00,NVDA261030P00120000
NVDA,2026-10-10,229.28,2026-10-30,P,125.0,0.03,0.06,0.05,357.0,1982.0,0.9492192578124999,False,2026-10-08 15:36:56+00:00,NVDA261030P00125000
NVDA,2026-10-10,229.28,2026-10-30,P,130.0,0.04,0.06,0.04,103.0,2733.0,0.9023447265625,False,2026-10-09 19:57:05+00:00,NVDA261030P00130000
NVDA,2026-10-10,229.28,2026-10-30,P,135.0,0.04,0.06,0.05,217.0,2228.0,0.8437515624999999,False,2026-10-09 19:49:31+00:00,NVDA261030P00135000
NVDA,2026-10-10,229.28,2026-10-30,P,140.0,0.05,0.07,0.07,2.0,63.0,0.8085956640624999,False,2026-10-08 17:48:27+00:00,NVDA261030P00140000
NVDA,2026-10-10,229.28,2026-10-30,P,145.0,0.05,0.07,0.08,100.0,112.0,0.7539087109375,False,2026-10-09 16:43:18+00:00,NVDA261030P00145000
NVDA,2026-10-10,229.28,2026-10-30,P,150.0,0.06,0.09,0.09,15.0,492.0,0.7226590234375,False,2026-10-09 16:22:34+00:00,NVDA261030P00150000
NVDA,2026-10-10,229.28,2026-10-30,P,155.0,0.07,0.1,0.09,10.0,223.0,0.6816438085937502,False,2026-10-09 15:58:25+00:00,NVDA261030P00155000
NVDA,2026-10-10,229.28,2026-10-30,P,160.0,0.08,0.11,0.09,2.0,381.0,0.64062859375,False,2026-10-09 19:50:07+00:00,NVDA261030P00160000
NVDA,2026-10-10,229.28,2026-10-30,P,165.0,0.09,0.12,0.11,5.0,199.0,0.5986368261718751,False,2026-10-09 17:19:47+00:00,NVDA261030P00165000
NVDA,2026-10-10,229.28,2026-10-30,P,170.0,0.11,0.13,0.12,478.0,1100.0,0.56055126953125,False,2026-10-09 19:10:26+00:00,NVDA261030P00170000
NVDA,2026-10-10,229.28,2026-10-30,P,175.0,0.13,0.15,0.13,50.0,991.0,0.523442265625,False,2026-10-09 19:57:29+00:00,NVDA261030P00175000
NVDA,2026-10-10,229.28,2026-10-30,P,180.0,0.16,0.18,0.17,88.0,936.0,0.4931691308593751,False,2026-10-09 19:16:11+00:00,NVDA261030P00180000
NVDA,2026-10-10,229.28,2026-10-30,P,185.0,0.19,0.22,0.21,31.0,1145.0,0.45898978515625005,False,2026-10-09 18:40:31+00:00,NVDA261030P00185000
NVDA,2026-10-10,229.28,2026-10-30,P,190.0,0.25,0.27,0.26,82.0,2194.0,0.4243221630859375,False,2026-10-09 19:57:15+00:00,NVDA261030P00190000
NVDA,2026-10-10,229.28,2026-10-30,P,195.0,0.33,0.35,0.34,313.0,2476.0,0.39331661376953125,False,2026-10-09 19:59:34+00:00,NVDA261030P00195000
NVDA,2026-10-10,229.28,2026-10-30,P,200.0,0.47,0.5,0.49,463.0,9223.0,0.36865865722656255,False,2026-10-09 19:59:08+00:00,NVDA261030P00200000
NVDA,2026-10-10,229.28,2026-10-30,P,205.0,0.7,0.74,0.7,653.0,3791.0,0.34632001342773433,False,2026-10-09 19:59:53+00:00,NVDA261030P00205000
NVDA,2026-10-10,229.28,2026-10-30,P,210.0,1.11,1.15,1.13,673.0,6704.0,0.3283758569335937,False,2026-10-09 19:59:47+00:00,NVDA261030P00210000
NVDA,2026-10-10,229.28,2026-10-30,P,215.0,1.77,1.83,1.79,1441.0,6364.0,0.3143379113769531,False,2026-10-09 19:59:58+00:00,NVDA261030P00215000
NVDA,2026-10-10,229.28,2026-10-30,P,220.0,2.81,2.88,2.88,1059.0,7254.0,0.30213100219726563,False,2026-10-09 19:59:56+00:00,NVDA261030P00220000
NVDA,2026-10-10,229.28,2026-10-30,P,225.0,4.35,4.45,4.45,1159.0,6753.0,0.292853751220703,False,2026-10-09 19:59:47+00:00,NVDA261030P00225000
NVDA,2026-10-10,229.28,2026-10-30,P,230.0,6.5,6.6,6.6,1000.0,6106.0,0.28375960388183585,True,2026-10-09 19:59:22+00:00,NVDA261030P00230000
NVDA,2026-10-10,229.28,2026-10-30,P,235.0,9.25,9.4,9.36,224.0,3266.0,0.27558097473144527,True,2026-10-09 19:59:44+00:00,NVDA261030P00235000
NVDA,2026-10-10,229.28,2026-10-30,P,240.0,12.65,12.95,12.7,220.0,2572.0,0.27466545654296876,True,2026-10-09 19:49:45+00:00,NVDA261030P00240000
NVDA,2026-10-10,229.28,2026-10-30,P,245.0,16.1,17.1,16.7,11.0,244.0,0.28162339477539056,True,2026-10-09 19:04:24+00:00,NVDA261030P00245000
NVDA,2026-10-10,229.28,2026-10-30,P,250.0,20.7,21.35,20.7,30.0,399.0,0.26758544921875,True,2026-10-09 19:34:07+00:00,NVDA261030P00250000
NVDA,2026-10-10,229.28,2026-10-30,P,255.0,25.4,26.1,25.7,40.0,84.0,0.278327529296875,True,2026-10-09 19:05:25+00:00,NVDA261030P00255000
NVDA,2026-10-10,229.28,2026-10-30,P,260.0,30.1,31.2,30.53,10.0,171.0,0.33301448242187504,True,2026-10-09 18:40:04+00:00,NVDA261030P00260000
NVDA,2026-10-10,229.28,2026-10-30,P,265.0,35.05,36.55,34.39,78.0,3.0,0.41919526123046874,True,2026-10-08 17:57:21+00:00,NVDA261030P00265000
NVDA,2026-10-10,229.28,2026-10-30,P,270.0,40.05,41.55,40.55,2.0,1.0,0.4592339233398438,True,2026-10-09 19:34:00+00:00,NVDA261030P00270000
NVDA,2026-10-10,229.28,2026-10-30,P,280.0,48.0,53.3,50.9,2.0,20.0,0.7126493579101563,True,2026-10-09 19:36:51+00:00,NVDA261030P00280000
NVDA,2026-10-10,229.28,2026-10-30,P,300.0,68.0,73.3,58.25,1.0,0.0,0.8732922827148437,True,2026-10-07 14:23:12+00:00,NVDA261030P00300000
NVDA,2026-10-10,229.28,2026-11-06,C,115.0,112.05,118.75,121.5,7.0,7.0,1.4487332250976563,True,2026-10-02 13:30:00+00:00,NVDA261106C00115000
NVDA,2026-10-10,229.28,2026-11-06,C,120.0,,,117.94,,,0.0,True,2026-10-05 18:12:09+00:00,NVDA261106C00120000
NVDA,2026-10-10,229.28,2026-11-06,C,125.0,102.15,108.8,106.15,1.0,1.0,1.3115268798828121,True,2026-10-08 19:46:51+00:00,NVDA261106C00125000
NVDA,2026-10-10,229.28,2026-11-06,C,130.0,,,107.99,,,0.0,True,2026-10-05 15:23:39+00:00,NVDA261106C00130000
NVDA,2026-10-10,229.28,2026-11-06,C,135.0,92.15,98.85,96.93,,1.0,1.171879140625,True,2026-09-29 15:04:58+00:00,NVDA261106C00135000
NVDA,2026-10-10,229.28,2026-11-06,C,140.0,,,98.3,,,0.0,True,2026-10-07 19:58:05+00:00,NVDA261106C00140000
NVDA,2026-10-10,229.28,2026-11-06,C,145.0,82.25,88.9,84.88,,2.0,1.0498094384765626,True,2026-09-28 14:45:34+00:00,NVDA261106C00145000
NVDA,2026-10-10,229.28,2026-11-06,C,150.0,77.2,83.95,80.79,1.0,11.0,0.98437515625,True,2026-10-09 15:12:57+00:00,NVDA261106C00150000
NVDA,2026-10-10,229.28,2026-11-06,C,155.0,72.2,78.95,78.83,,1.0,0.9211433666992188,True,2026-09-28 13:44:15+00:00,NVDA261106C00155000
NVDA,2026-10-10,229.28,2026-11-06,C,165.0,62.25,69.05,66.26,2.0,9.0,0.8093280786132812,True,2026-10-09 16:18:42+00:00,NVDA261106C00165000
NVDA,2026-10-10,229.28,2026-11-06,C,170.0,57.45,64.05,61.0,21.0,22.0,0.7624535473632813,True,2026-10-08 17:26:11+00:00,NVDA261106C00170000
NVDA,2026-10-10,229.28,2026-11-06,C,175.0,52.35,59.1,68.71,5.0,6.0,0.7004424487304688,True,2026-10-06 15:16:19+00:00,NVDA261106C00175000
NVDA,2026-10-10,229.28,2026-11-06,C,180.0,48.5,54.1,50.0,2.0,10.0,0.7023955541992188,True,2026-10-09 18:04:09+00:00,NVDA261106C00180000
NVDA,2026-10-10,229.28,2026-11-06,C,185.0,42.6,49.2,50.2,1.0,3.0,0.6035195898437502,True,2026-10-02 19:34:22+00:00,NVDA261106C00185000
NVDA,2026-10-10,229.28,2026-11-06,C,190.0,39.35,42.9,40.43,2.0,10.0,0.5666547241210937,True,2026-10-09 16:48:38+00:00,NVDA261106C00190000
NVDA,2026-10-10,229.28,2026-11-06,C,195.0,35.25,36.35,35.98,102.0,102.0,0.5264939929199219,True,2026-10-09 19:36:15+00:00,NVDA261106C00195000
NVDA,2026-10-10,229.28,2026-11-06,C,200.0,30.55,31.2,30.93,93.0,122.0,0.4558159887695313,True,2026-10-09 19:55:51+00:00,NVDA261106C00200000
NVDA,2026-10-10,229.28,2026-11-06,C,205.0,25.6,26.6,26.45,20.0,89.0,0.4243221630859375,True,2026-10-09 19:41:28+00:00,NVDA261106C00205000
NVDA,2026-10-10,229.28,2026-11-06,C,210.0,21.45,21.9,22.19,52.0,167.0,0.3806214282226562,True,2026-10-09 19:34:22+00:00,NVDA261106C00210000
NVDA,2026-10-10,229.28,2026-11-06,C,215.0,17.25,17.9,17.55,24.0,129.0,0.3676821044921875,True,2026-10-09 16:03:36+00:00,NVDA261106C00215000
NVDA,2026-10-10,229.28,2026-11-06,C,220.0,13.55,13.9,13.85,96.0,373.0,0.34107104248046877,True,2026-10-09 19:45:10+00:00,NVDA261106C00220000
NVDA,2026-10-10,229.28,2026-11-06,C,225.0,10.3,10.55,10.6,191.0,592.0,0.32813171874999997,True,2026-10-09 19:54:14+00:00,NVDA261106C00225000
NVDA,2026-10-10,229.28,2026-11-06,C,230.0,7.5,7.65,7.65,3442.0,2637.0,0.31555860229492183,False,2026-10-09 19:59:49+00:00,NVDA261106C00230000
NVDA,2026-10-10,229.28,2026-11-06,C,235.0,5.25,5.35,5.3,1603.0,3955.0,0.3073799731445312,False,2026-10-09 19:59:59+00:00,NVDA261106C00235000
NVDA,2026-10-10,229.28,2026-11-06,C,240.0,3.5,3.6,3.55,2086.0,4702.0,0.30170376037597657,False,2026-10-09 19:59:53+00:00,NVDA261106C00240000
NVDA,2026-10-10,229.28,2026-11-06,C,245.0,2.25,2.34,2.26,1958.0,2617.0,0.29822479125976553,False,2026-10-09 19:59:02+00:00,NVDA261106C00245000
NVDA,2026-10-10,229.28,2026-11-06,C,250.0,1.4,1.48,1.43,1303.0,11783.0,0.2966378930664062,False,2026-10-09 19:59:46+00:00,NVDA261106C00250000
NVDA,2026-10-10,229.28,2026-11-06,C,255.0,0.88,0.91,0.9,579.0,8597.0,0.29614961669921874,False,2026-10-09 19:59:57+00:00,NVDA261106C00255000
NVDA,2026-10-10,229.28,2026-11-06,C,260.0,0.55,0.57,0.56,1231.0,6951.0,0.29932341308593746,False,2026-10-09 19:59:57+00:00,NVDA261106C00260000
NVDA,2026-10-10,229.28,2026-11-06,C,265.0,0.35,0.39,0.37,475.0,4153.0,0.3086006640625,False,2026-10-09 19:48:43+00:00,NVDA261106C00265000
NVDA,2026-10-10,229.28,2026-11-06,C,270.0,0.23,0.26,0.24,291.0,1503.0,0.3156806713867187,False,2026-10-09 19:52:13+00:00,NVDA261106C00270000
NVDA,2026-10-10,229.28,2026-11-06,C,275.0,0.17,0.18,0.18,219.0,740.0,0.3242255078124999,False,2026-10-09 19:20:04+00:00,NVDA261106C00275000
NVDA,2026-10-10,229.28,2026-11-06,C,280.0,0.12,0.13,0.13,511.0,566.0,0.334967587890625,False,2026-10-09 18:08:27+00:00,NVDA261106C00280000
NVDA,2026-10-10,229.28,2026-11-06,C,285.0,0.09,0.1,0.1,122.0,1097.0,0.34668622070312494,False,2026-10-09 19:51:19+00:00,NVDA261106C00285000
NVDA,2026-10-10,229.28,2026-11-06,C,290.0,0.06,0.09,0.08,6.0,1745.0,0.36524072265625,False,2026-10-09 14:11:19+00:00,NVDA261106C00290000
NVDA,2026-10-10,229.28,2026-11-06,C,295.0,0.04,0.07,0.06,40.0,334.0,0.37695935546875,False,2026-10-09 16:52:54+00:00,NVDA261106C00295000
NVDA,2026-10-10,229.28,2026-11-06,C,300.0,0.03,0.06,0.04,111.0,698.0,0.39063109375,False,2026-10-09 15:40:57+00:00,NVDA261106C00300000
NVDA,2026-10-10,229.28,2026-11-06,C,305.0,0.02,0.04,0.05,22.0,41.0,0.39453730468750003,False,2026-10-08 14:20:53+00:00,NVDA261106C00305000
NVDA,2026-10-10,229.28,2026-11-06,C,310.0,0.01,0.04,0.05,15.0,4.0,0.414068359375,False,2026-10-09 17:02:51+00:00,NVDA261106C00310000
NVDA,2026-10-10,229.28,2026-11-06,C,320.0,,,0.05,,,0.0,False,2026-10-08 13:30:02+00:00,NVDA261106C00320000
NVDA,2026-10-10,229.28,2026-11-06,C,325.0,,,0.05,,,0.0,False,2026-10-07 19:10:22+00:00,NVDA261106C00325000
NVDA,2026-10-10,229.28,2026-11-06,C,330.0,,,0.03,,,0.0,False,2026-10-06 19:09:39+00:00,NVDA261106C00330000
NVDA,2026-10-10,229.28,2026-11-06,C,340.0,0.0,0.03,0.01,1.0,3.0,0.507817421875,False,2026-10-06 18:32:50+00:00,NVDA261106C00340000
NVDA,2026-10-10,229.28,2026-11-06,C,345.0,0.0,0.03,0.01,,5.0,0.523442265625,False,2026-10-01 14:57:17+00:00,NVDA261106C00345000
NVDA,2026-10-10,229.28,2026-11-06,C,360.0,0.0,0.03,0.03,90.0,100.0,0.5390671093750001,False,2026-10-05 15:41:40+00:00,NVDA261106C00360000
NVDA,2026-10-10,229.28,2026-11-06,C,390.0,0.0,0.03,0.06,,9.0,0.6250037500000001,False,2026-09-28 15:00:54+00:00,NVDA261106C00390000
NVDA,2026-10-10,229.28,2026-11-06,P,50.0,0.0,0.03,0.06,,5.0,1.78125109375,False,2026-09-29 16:39:18+00:00,NVDA261106P00050000
NVDA,2026-10-10,229.28,2026-11-06,P,70.0,0.0,0.04,0.05,2.0,1.0,1.4375028125,False,2026-10-02 19:28:49+00:00,NVDA261106P00070000
NVDA,2026-10-10,229.28,2026-11-06,P,75.0,0.0,0.04,0.06,5.0,5.0,1.359378203125,False,2026-09-25 16:57:10+00:00,NVDA261106P00075000
NVDA,2026-10-10,229.28,2026-11-06,P,90.0,0.01,0.05,0.06,,1.0,1.1875040625,False,2026-09-29 19:54:40+00:00,NVDA261106P00090000
NVDA,2026-10-10,229.28,2026-11-06,P,95.0,0.01,0.04,0.01,,8.0,1.1015669921875002,False,2026-10-01 15:30:09+00:00,NVDA261106P00095000
NVDA,2026-10-10,229.28,2026-11-06,P,100.0,0.02,0.06,0.01,21.0,25.0,1.0859420703125,False,2026-10-06 17:04:56+00:00,NVDA261106P00100000
NVDA,2026-10-10,229.28,2026-11-06,P,105.0,0.02,0.06,0.09,,11.0,1.0273486132812502,False,2026-09-30 14:29:21+00:00,NVDA261106P00105000
NVDA,2026-10-10,229.28,2026-11-06,P,120.0,0.04,0.08,0.07,4318.0,45.0,0.8984385156249999,False,2026-10-09 14:08:27+00:00,NVDA261106P00120000
NVDA,2026-10-10,229.28,2026-11-06,P,125.0,0.04,0.09,0.05,1502.0,1556.0,0.8535170898437501,False,2026-10-07 19:18:22+00:00,NVDA261106P00125000
NVDA,2026-10-10,229.28,2026-11-06,P,130.0,0.05,0.08,0.06,2.0,20.0,0.8027363476562499,False,2026-10-07 14:20:33+00:00,NVDA261106P00130000
NVDA,2026-10-10,229.28,2026-11-06,P,135.0,0.05,0.1,0.06,64.0,65.0,0.7656273437500001,False,2026-10-07 18:22:30+00:00,NVDA261106P00135000
NVDA,2026-10-10,229.28,2026-11-06,P,140.0,0.07,0.1,0.06,1.0,8.0,0.72851833984375,False,2026-10-09 13:32:22+00:00,NVDA261106P00140000
NVDA,2026-10-10,229.28,2026-11-06,P,145.0,0.07,0.1,0.1,2.0,6.0,0.6816438085937502,False,2026-10-09 17:01:46+00:00,NVDA261106P00145000
NVDA,2026-10-10,229.28,2026-11-06,P,150.0,0.08,0.12,0.12,16.0,55.0,0.647464462890625,False,2026-10-09 15:13:18+00:00,NVDA261106P00150000
NVDA,2026-10-10,229.28,2026-11-06,P,155.0,0.09,0.14,0.13,253.0,101.0,0.6132851171875001,False,2026-10-09 13:33:12+00:00,NVDA261106P00155000
NVDA,2026-10-10,229.28,2026-11-06,P,160.0,0.13,0.15,0.13,14.0,82.0,0.5839885351562499,False,2026-10-09 19:33:26+00:00,NVDA261106P00160000
NVDA,2026-10-10,229.28,2026-11-06,P,165.0,0.13,0.17,0.16,24.0,104.0,0.543949873046875,False,2026-10-09 18:27:21+00:00,NVDA261106P00165000
NVDA,2026-10-10,229.28,2026-11-06,P,170.0,0.16,0.18,0.2,25.0,168.0,0.5097705273437501,False,2026-10-09 18:02:23+00:00,NVDA261106P00170000
NVDA,2026-10-10,229.28,2026-11-06,P,175.0,0.19,0.22,0.2,44.0,851.0,0.48438015625,False,2026-10-09 17:28:48+00:00,NVDA261106P00175000
NVDA,2026-10-10,229.28,2026-11-06,P,180.0,0.23,0.26,0.25,322.0,293.0,0.45264219238281256,False,2026-10-09 19:00:27+00:00,NVDA261106P00180000
NVDA,2026-10-10,229.28,2026-11-06,P,185.0,0.29,0.33,0.31,12.0,284.0,0.42578699218750005,False,2026-10-09 19:38:50+00:00,NVDA261106P00185000
NVDA,2026-10-10,229.28,2026-11-06,P,190.0,0.38,0.42,0.41,58.0,505.0,0.39893179199218753,False,2026-10-09 19:35:14+00:00,NVDA261106P00190000
NVDA,2026-10-10,229.28,2026-11-06,P,195.0,0.52,0.58,0.53,106.0,2143.0,0.3776917700195312,False,2026-10-09 19:35:00+00:00,NVDA261106P00195000
NVDA,2026-10-10,229.28,2026-11-06,P,200.0,0.74,0.78,0.77,266.0,3836.0,0.3540103662109374,False,2026-10-09 20:00:00+00:00,NVDA261106P00200000
NVDA,2026-10-10,229.28,2026-11-06,P,205.0,1.08,1.13,1.11,326.0,3655.0,0.3364324169921875,False,2026-10-09 19:59:51+00:00,NVDA261106P00205000
NVDA,2026-10-10,229.28,2026-11-06,P,210.0,1.62,1.68,1.64,389.0,2900.0,0.32227240234374993,False,2026-10-09 19:51:21+00:00,NVDA261106P00210000
NVDA,2026-10-10,229.28,2026-11-06,P,215.0,2.44,2.51,2.5,1069.0,2422.0,0.31037066589355466,False,2026-10-09 19:59:53+00:00,NVDA261106P00215000
NVDA,2026-10-10,229.28,2026-11-06,P,220.0,3.6,3.75,3.7,1689.0,2197.0,0.3020699676513672,False,2026-10-09 19:51:04+00:00,NVDA261106P00220000
NVDA,2026-10-10,229.28,2026-11-06,P,225.0,5.25,5.4,5.26,2726.0,3155.0,0.29267064758300776,False,2026-10-09 19:54:40+00:00,NVDA261106P00225000
NVDA,2026-10-10,229.28,2026-11-06,P,230.0,7.45,7.6,7.52,535.0,3048.0,0.2852244329833984,True,2026-10-09 19:59:02+00:00,NVDA261106P00230000
NVDA,2026-10-10,229.28,2026-11-06,P,235.0,10.15,10.35,10.15,117.0,2716.0,0.27802235656738283,True,2026-10-09 19:53:19+00:00,NVDA261106P00235000
NVDA,2026-10-10,229.28,2026-11-06,P,240.0,13.4,13.7,13.22,42.0,3056.0,0.2735668347167969,True,2026-10-09 19:19:31+00:00,NVDA261106P00240000
NVDA,2026-10-10,229.28,2026-11-06,P,245.0,16.85,17.55,17.1,53.0,244.0,0.270515107421875,True,2026-10-09 19:38:43+00:00,NVDA261106P00245000
NVDA,2026-10-10,229.28,2026-11-06,P,250.0,20.85,21.9,21.08,35.0,345.0,0.27625235473632803,True,2026-10-09 18:36:58+00:00,NVDA261106P00250000
NVDA,2026-10-10,229.28,2026-11-06,P,255.0,25.8,26.3,25.1,50.0,72.0,0.2647778601074219,True,2026-10-09 19:27:29+00:00,NVDA261106P00255000
NVDA,2026-10-10,229.28,2026-11-06,P,260.0,30.1,31.15,28.45,2.0,38.0,0.28174546386718746,True,2026-10-09 14:58:20+00:00,NVDA261106P00260000
NVDA,2026-10-10,229.28,2026-11-06,P,265.0,34.9,36.15,25.3,12.0,8.0,0.3147041186523437,True,2026-10-06 18:35:38+00:00,NVDA261106P00265000
NVDA,2026-10-10,229.28,2026-11-06,P,270.0,39.95,41.65,32.95,1.0,5.0,0.40845318115234375,True,2026-10-07 16:46:18+00:00,NVDA261106P00270000
NVDA,2026-10-10,229.28,2026-11-06,P,280.0,47.55,53.35,45.65,15.0,10.0,0.6207313317871095,True,2026-10-08 19:06:55+00:00,NVDA261106P00280000
NVDA,2026-10-10,229.28,2026-11-13,C,125.0,102.25,108.95,111.59,5.0,5.0,1.1967813598632815,True,2026-10-02 16:03:50+00:00,NVDA261113C00125000
NVDA,2026-10-10,229.28,2026-11-13,C,150.0,77.4,84.1,80.37,1.0,1.0,0.9055185229492188,True,2026-10-09 19:45:37+00:00,NVDA261113C00150000
NVDA,2026-10-10,229.28,2026-11-13,C,165.0,62.6,69.7,72.65,4.0,4.0,0.7807639111328125,True,2026-10-02 16:13:48+00:00,NVDA261113C00165000
NVDA,2026-10-10,229.28,2026-11-13,C,170.0,57.55,64.3,61.73,2.0,13.0,0.70117486328125,True,2026-10-09 14:32:09+00:00,NVDA261113C00170000
NVDA,2026-10-10,229.28,2026-11-13,C,180.0,47.7,53.8,52.67,2.0,3.0,0.577152666015625,True,2026-10-08 17:35:43+00:00,NVDA261113C00180000
NVDA,2026-10-10,229.28,2026-11-13,C,185.0,42.8,49.55,46.11,5.0,3.0,0.5637250659179689,True,2026-10-02 15:07:21+00:00,NVDA261113C00185000
NVDA,2026-10-10,229.28,2026-11-13,C,190.0,39.55,42.35,42.4,1.0,8.0,0.5944864770507813,True,2026-10-09 14:01:17+00:00,NVDA261113C00190000
NVDA,2026-10-10,229.28,2026-11-13,C,200.0,30.95,32.05,31.5,12.0,38.0,0.4616753051757813,True,2026-10-09 19:39:53+00:00,NVDA261113C00200000
NVDA,2026-10-10,229.28,2026-11-13,C,205.0,26.25,27.6,29.6,1.0,12.0,0.4350032086181641,True,2026-10-09 13:45:02+00:00,NVDA261113C00205000
NVDA,2026-10-10,229.28,2026-11-13,C,210.0,21.75,23.05,22.71,10.0,47.0,0.3975890319824219,True,2026-10-09 19:42:36+00:00,NVDA261113C00210000
NVDA,2026-10-10,229.28,2026-11-13,C,215.0,18.15,18.75,18.59,29.0,235.0,0.36597313720703123,True,2026-10-09 19:56:08+00:00,NVDA261113C00215000
NVDA,2026-10-10,229.28,2026-11-13,C,220.0,14.5,14.75,14.8,42.0,311.0,0.33850759155273435,True,2026-10-09 19:53:28+00:00,NVDA261113C00220000
NVDA,2026-10-10,229.28,2026-11-13,C,225.0,11.3,11.55,11.35,263.0,161.0,0.3298406860351562,True,2026-10-09 19:59:18+00:00,NVDA261113C00225000
NVDA,2026-10-10,229.28,2026-11-13,C,230.0,8.5,8.65,8.55,1925.0,2043.0,0.3175117077636719,False,2026-10-09 19:59:51+00:00,NVDA261113C00230000
NVDA,2026-10-10,229.28,2026-11-13,C,235.0,6.15,6.4,6.3,658.0,1783.0,0.312934116821289,False,2026-10-09 19:59:06+00:00,NVDA261113C00235000
NVDA,2026-10-10,229.28,2026-11-13,C,240.0,4.3,4.45,4.35,4128.0,3036.0,0.30335169311523436,False,2026-10-09 19:59:02+00:00,NVDA261113C00240000
NVDA,2026-10-10,229.28,2026-11-13,C,245.0,2.94,3.05,3.0,1676.0,5770.0,0.2990792749023437,False,2026-10-09 19:59:05+00:00,NVDA261113C00245000
NVDA,2026-10-10,229.28,2026-11-13,C,250.0,1.96,2.05,1.97,4414.0,4669.0,0.2970041003417968,False,2026-10-09 19:59:53+00:00,NVDA261113C00250000
NVDA,2026-10-10,229.28,2026-11-13,C,255.0,1.26,1.3,1.28,762.0,2398.0,0.29273168212890616,False,2026-10-09 19:58:59+00:00,NVDA261113C00255000
NVDA,2026-10-10,229.28,2026-11-13,C,260.0,0.8,0.86,0.86,2023.0,6756.0,0.29492892578124996,False,2026-10-09 19:56:10+00:00,NVDA261113C00260000
NVDA,2026-10-10,229.28,2026-11-13,C,265.0,0.55,0.59,0.56,722.0,1726.0,0.3004220349121094,False,2026-10-09 19:58:16+00:00,NVDA261113C00265000
NVDA,2026-10-10,229.28,2026-11-13,C,270.0,0.35,0.39,0.38,645.0,1416.0,0.30371790039062496,False,2026-10-09 19:50:45+00:00,NVDA261113C00270000
NVDA,2026-10-10,229.28,2026-11-13,C,275.0,0.25,0.28,0.27,109.0,941.0,0.31201859863281245,False,2026-10-09 19:23:17+00:00,NVDA261113C00275000
NVDA,2026-10-10,229.28,2026-11-13,C,280.0,0.18,0.2,0.19,89.0,773.0,0.3193427441406249,False,2026-10-09 19:17:04+00:00,NVDA261113C00280000
NVDA,2026-10-10,229.28,2026-11-13,C,285.0,0.14,0.16,0.15,13.0,155.0,0.331061376953125,False,2026-10-09 17:45:53+00:00,NVDA261113C00285000
NVDA,2026-10-10,229.28,2026-11-13,C,290.0,0.11,0.13,0.12,36.0,312.0,0.34326828613281246,False,2026-10-09 19:05:03+00:00,NVDA261113C00290000
NVDA,2026-10-10,229.28,2026-11-13,C,295.0,0.06,0.1,0.09,10.0,1434.0,0.35156898437499995,False,2026-10-09 15:39:19+00:00,NVDA261113C00295000
NVDA,2026-10-10,229.28,2026-11-13,C,300.0,0.04,0.08,0.06,20.0,166.0,0.36133451171875,False,2026-10-09 19:38:06+00:00,NVDA261113C00300000
NVDA,2026-10-10,229.28,2026-11-13,C,305.0,0.03,0.07,0.05,2.0,15.0,0.37500625,False,2026-10-09 16:43:22+00:00,NVDA261113C00305000
NVDA,2026-10-10,229.28,2026-11-13,C,310.0,0.02,0.05,0.04,1.0,15.0,0.3789124609375,False,2026-10-09 15:41:45+00:00,NVDA261113C00310000
NVDA,2026-10-10,229.28,2026-11-13,C,315.0,0.01,0.04,0.06,1.0,13.0,0.38672488281249995,False,2026-10-08 19:36:14+00:00,NVDA261113C00315000
NVDA,2026-10-10,229.28,2026-11-13,C,320.0,0.01,0.03,0.04,4.0,9.0,0.39258419921875,False,2026-10-08 14:46:03+00:00,NVDA261113C00320000
NVDA,2026-10-10,229.28,2026-11-13,C,325.0,0.01,0.03,0.01,1.0,9.0,0.40820904296875,False,2026-10-09 13:32:17+00:00,NVDA261113C00325000
NVDA,2026-10-10,229.28,2026-11-13,C,335.0,0.0,0.04,0.05,1.0,1.0,0.45313046875,False,2026-10-07 18:54:10+00:00,NVDA261113C00335000
NVDA,2026-10-10,229.28,2026-11-13,C,340.0,0.0,0.04,0.03,4.0,27.0,0.4687553125,False,2026-10-09 13:30:02+00:00,NVDA261113C00340000
NVDA,2026-10-10,229.28,2026-11-13,C,345.0,0.0,0.02,0.02,1.0,61.0,0.45313046875,False,2026-10-09 15:27:39+00:00,NVDA261113C00345000
NVDA,2026-10-10,229.28,2026-11-13,C,350.0,0.0,0.03,0.01,11.0,13.0,0.48438015625,False,2026-10-07 14:02:12+00:00,NVDA261113C00350000
NVDA,2026-10-10,229.28,2026-11-13,C,360.0,0.0,0.03,0.08,2.0,2.0,0.5117236328125,False,2026-10-02 16:48:43+00:00,NVDA261113C00360000
NVDA,2026-10-10,229.28,2026-11-13,P,125.0,0.05,0.08,0.07,10.0,6.0,0.76367423828125,False,2026-10-09 15:54:56+00:00,NVDA261113P00125000
NVDA,2026-10-10,229.28,2026-11-13,P,145.0,0.08,0.13,0.09,2.0,4.0,0.6250037500000001,False,2026-10-07 15:32:14+00:00,NVDA261113P00145000
NVDA,2026-10-10,229.28,2026-11-13,P,150.0,0.1,0.15,0.12,3.0,7.0,0.59570716796875,False,2026-10-09 18:23:58+00:00,NVDA261113P00150000
NVDA,2026-10-10,229.28,2026-11-13,P,155.0,0.12,0.16,0.12,3.0,8.0,0.5625043750000001,False,2026-10-07 18:51:59+00:00,NVDA261113P00155000
NVDA,2026-10-10,229.28,2026-11-13,P,160.0,0.14,0.17,0.17,1.0,62.0,0.5293015820312501,False,2026-10-09 19:10:16+00:00,NVDA261113P00160000
NVDA,2026-10-10,229.28,2026-11-13,P,165.0,0.19,0.21,0.21,52.0,144.0,0.506840869140625,False,2026-10-09 19:37:48+00:00,NVDA261113P00165000
NVDA,2026-10-10,229.28,2026-11-13,P,170.0,0.22,0.25,0.23,144.0,824.0,0.48291532714843755,False,2026-10-09 19:59:57+00:00,NVDA261113P00170000
NVDA,2026-10-10,229.28,2026-11-13,P,175.0,0.26,0.3,0.28,12.0,534.0,0.4555718505859375,False,2026-10-09 19:00:37+00:00,NVDA261113P00175000
NVDA,2026-10-10,229.28,2026-11-13,P,180.0,0.33,0.38,0.36,7.0,98.0,0.4321345849609375,False,2026-10-09 19:44:21+00:00,NVDA261113P00180000
NVDA,2026-10-10,229.28,2026-11-13,P,185.0,0.42,0.47,0.44,43.0,224.0,0.4067442138671875,False,2026-10-09 19:19:32+00:00,NVDA261113P00185000
NVDA,2026-10-10,229.28,2026-11-13,P,190.0,0.56,0.61,0.59,78.0,493.0,0.3850159155273437,False,2026-10-09 19:45:55+00:00,NVDA261113P00190000
NVDA,2026-10-10,229.28,2026-11-13,P,195.0,0.77,0.8,0.78,73.0,281.0,0.3635317553710938,False,2026-10-09 19:59:29+00:00,NVDA261113P00195000
NVDA,2026-10-10,229.28,2026-11-13,P,200.0,1.03,1.09,1.06,420.0,691.0,0.3452213916015625,False,2026-10-09 19:59:29+00:00,NVDA261113P00200000
NVDA,2026-10-10,229.28,2026-11-13,P,205.0,1.48,1.55,1.53,560.0,1018.0,0.3311834460449219,False,2026-10-09 19:59:47+00:00,NVDA261113P00205000
NVDA,2026-10-10,229.28,2026-11-13,P,210.0,2.12,2.22,2.16,510.0,1384.0,0.31909860595703116,False,2026-10-09 19:59:57+00:00,NVDA261113P00210000
NVDA,2026-10-10,229.28,2026-11-13,P,215.0,3.05,3.2,3.13,526.0,942.0,0.3099434240722656,False,2026-10-09 19:57:59+00:00,NVDA261113P00215000
NVDA,2026-10-10,229.28,2026-11-13,P,220.0,4.35,4.5,4.41,453.0,1544.0,0.30036100036621094,False,2026-10-09 19:58:58+00:00,NVDA261113P00220000
NVDA,2026-10-10,229.28,2026-11-13,P,225.0,6.1,6.2,6.15,659.0,1314.0,0.2910227148437499,False,2026-10-09 19:59:59+00:00,NVDA261113P00225000
NVDA,2026-10-10,229.28,2026-11-13,P,230.0,8.2,8.45,8.27,500.0,1202.0,0.2851023638916015,True,2026-10-09 19:57:53+00:00,NVDA261113P00230000
NVDA,2026-10-10,229.28,2026-11-13,P,235.0,10.95,11.2,10.95,175.0,2678.0,0.27973132385253896,True,2026-10-09 19:57:47+00:00,NVDA261113P00235000
NVDA,2026-10-10,229.28,2026-11-13,P,240.0,13.9,14.4,14.2,117.0,689.0,0.2731395928955078,True,2026-10-09 19:59:46+00:00,NVDA261113P00240000
NVDA,2026-10-10,229.28,2026-11-13,P,245.0,17.3,18.15,17.36,4.0,238.0,0.2710033837890625,True,2026-10-09 15:13:27+00:00,NVDA261113P00245000
NVDA,2026-10-10,229.28,2026-11-13,P,250.0,21.65,22.2,21.74,21.0,90.0,0.2655102746582031,True,2026-10-09 19:39:21+00:00,NVDA261113P00250000
NVDA,2026-10-10,229.28,2026-11-13,P,265.0,34.9,36.25,30.58,4.0,0.0,0.29395237304687494,True,2026-10-02 15:36:02+00:00,NVDA261113P00265000
NVDA,2026-10-10,229.28,2026-11-20,C,5.0,221.8,228.4,229.37,38.0,42.0,6.542970571289063,True,2026-10-02 19:57:51+00:00,NVDA261120C00005000
NVDA,2026-10-10,229.28,2026-11-20,C,20.0,206.7,213.45,209.05,,1.0,3.7636724658203127,True,2026-09-22 17:41:44+00:00,NVDA261120C00020000
NVDA,2026-10-10,229.28,2026-11-20,C,50.0,176.95,183.6,175.65,1.0,31.0,2.4082071044921873,True,2026-09-02 17:54:31+00:00,NVDA261120C00050000
NVDA,2026-10-10,229.28,2026-11-20,C,55.0,172.05,178.65,165.2,9.0,10.0,2.29053161743164,True,2026-09-18 19:23:35+00:00,NVDA261120C00055000
NVDA,2026-10-10,229.28,2026-11-20,C,60.0,145.05,153.0,143.45,1.0,48.0,1.0000000000000003e-05,True,2026-07-17 19:18:07+00:00,NVDA261120C00060000
NVDA,2026-10-10,229.28,2026-11-20,C,65.0,162.0,167.6,162.97,10.0,50.0,1.8037119189453121,True,2026-09-21 19:32:39+00:00,NVDA261120C00065000
NVDA,2026-10-10,229.28,2026-11-20,C,70.0,157.05,163.65,144.42,1.0,33.0,1.9194339965820313,True,2026-09-16 19:40:07+00:00,NVDA261120C00070000
NVDA,2026-10-10,229.28,2026-11-20,C,75.0,152.15,158.7,162.29,3.0,15.0,1.8374031567382811,True,2026-10-07 16:18:07+00:00,NVDA261120C00075000
NVDA,2026-10-10,229.28,2026-11-20,C,80.0,147.1,153.75,140.33,1.0,43.0,1.7382825585937498,True,2026-09-11 19:21:08+00:00,NVDA261120C00080000
NVDA,2026-10-10,229.28,2026-11-20,C,85.0,142.15,148.75,140.48,3.0,46.0,1.6528337670898439,True,2026-09-25 18:26:05+00:00,NVDA261120C00085000
NVDA,2026-10-10,229.28,2026-11-20,C,90.0,137.15,143.75,132.65,11.0,80.0,1.5654318603515622,True,2026-09-18 19:59:17+00:00,NVDA261120C00090000
NVDA,2026-10-10,229.28,2026-11-20,C,95.0,132.15,138.8,148.0,1.0,52.0,1.4892603662109374,True,2026-10-06 15:01:41+00:00,NVDA261120C00095000
NVDA,2026-10-10,229.28,2026-11-20,C,100.0,127.2,133.8,131.0,2.0,299.0,1.4165068237304688,True,2026-10-08 19:14:39+00:00,NVDA261120C00100000
NVDA,2026-10-10,229.28,2026-11-20,C,105.0,122.3,128.85,133.2,3.0,241.0,1.3574250878906249,True,2026-10-05 16:21:03+00:00,NVDA261120C00105000
NVDA,2026-10-10,229.28,2026-11-20,C,110.0,117.35,123.9,126.26,10.0,241.0,1.2954136791992186,True,2026-10-08 14:25:18+00:00,NVDA261120C00110000
NVDA,2026-10-10,229.28,2026-11-20,C,115.0,113.75,117.9,116.9,16.0,340.0,1.26172244140625,True,2026-10-09 14:30:01+00:00,NVDA261120C00115000
NVDA,2026-10-10,229.28,2026-11-20,C,120.0,107.3,113.95,110.25,1.0,373.0,1.16016044921875,True,2026-10-08 17:31:37+00:00,NVDA261120C00120000
NVDA,2026-10-10,229.28,2026-11-20,C,125.0,102.35,108.95,105.2,8.0,292.0,1.1008345739746095,True,2026-10-08 17:32:32+00:00,NVDA261120C00125000
NVDA,2026-10-10,229.28,2026-11-20,C,130.0,97.65,104.0,103.35,1.0,401.0,1.0664109179687502,True,2026-10-09 14:38:01+00:00,NVDA261120C00130000
NVDA,2026-10-10,229.28,2026-11-20,C,135.0,93.2,99.05,96.57,1.0,438.0,1.0466356262207035,True,2026-10-09 14:35:37+00:00,NVDA261120C00135000
NVDA,2026-10-10,229.28,2026-11-20,C,140.0,89.6,94.1,90.43,18.0,1555.0,1.0690964514160157,True,2026-10-09 18:07:43+00:00,NVDA261120C00140000
NVDA,2026-10-10,229.28,2026-11-20,C,145.0,82.9,89.15,86.1,1.0,371.0,0.9160164648437501,True,2026-10-08 17:36:37+00:00,NVDA261120C00145000
NVDA,2026-10-10,229.28,2026-11-20,C,150.0,79.0,81.0,80.97,20.0,1002.0,0.7138700488281251,True,2026-10-09 15:57:02+00:00,NVDA261120C00150000
NVDA,2026-10-10,229.28,2026-11-20,C,155.0,72.65,79.25,76.78,2.0,1923.0,0.7969991003417969,True,2026-10-09 15:46:53+00:00,NVDA261120C00155000
NVDA,2026-10-10,229.28,2026-11-20,C,160.0,69.25,71.0,70.66,2.0,1246.0,0.64062859375,True,2026-10-09 17:18:24+00:00,NVDA261120C00160000
NVDA,2026-10-10,229.28,2026-11-20,C,165.0,64.9,69.4,67.1,1.0,1733.0,0.799928758544922,True,2026-10-08 18:21:55+00:00,NVDA261120C00165000
NVDA,2026-10-10,229.28,2026-11-20,C,170.0,59.85,64.5,62.88,2.0,1966.0,0.7460962890625,True,2026-10-09 13:48:14+00:00,NVDA261120C00170000
NVDA,2026-10-10,229.28,2026-11-20,C,175.0,54.6,57.15,55.87,14.0,2326.0,0.5861857788085938,True,2026-10-09 16:00:42+00:00,NVDA261120C00175000
NVDA,2026-10-10,229.28,2026-11-20,C,180.0,50.6,52.25,50.95,22.0,7178.0,0.5832561206054687,True,2026-10-09 19:54:40+00:00,NVDA261120C00180000
NVDA,2026-10-10,229.28,2026-11-20,C,185.0,45.95,46.95,46.24,7.0,3476.0,0.5350388293457031,True,2026-10-09 18:03:50+00:00,NVDA261120C00185000
NVDA,2026-10-10,229.28,2026-11-20,C,190.0,41.3,41.85,41.63,276.0,3636.0,0.5118457019042968,True,2026-10-09 19:13:22+00:00,NVDA261120C00190000
NVDA,2026-10-10,229.28,2026-11-20,C,195.0,36.7,37.45,37.41,47.0,3933.0,0.49561051269531253,True,2026-10-09 19:35:16+00:00,NVDA261120C00195000
NVDA,2026-10-10,229.28,2026-11-20,C,200.0,32.25,32.55,32.55,236.0,25166.0,0.4480035668945312,True,2026-10-09 19:53:46+00:00,NVDA261120C00200000
NVDA,2026-10-10,229.28,2026-11-20,C,205.0,28.0,28.65,28.4,108.0,5827.0,0.44586735778808595,True,2026-10-09 19:41:28+00:00,NVDA261120C00205000
NVDA,2026-10-10,229.28,2026-11-20,C,210.0,23.95,24.35,24.16,271.0,77202.0,0.41760836303710935,True,2026-10-09 19:52:03+00:00,NVDA261120C00210000
NVDA,2026-10-10,229.28,2026-11-20,C,215.0,20.2,20.45,20.35,280.0,12053.0,0.39893179199218753,True,2026-10-09 19:44:29+00:00,NVDA261120C00215000
NVDA,2026-10-10,229.28,2026-11-20,C,220.0,16.8,17.05,16.97,986.0,17896.0,0.38959350646972657,True,2026-10-09 19:58:32+00:00,NVDA261120C00220000
NVDA,2026-10-10,229.28,2026-11-20,C,225.0,13.7,13.95,13.75,1421.0,15389.0,0.3803772900390625,True,2026-10-09 19:59:52+00:00,NVDA261120C00225000
NVDA,2026-10-10,229.28,2026-11-20,C,230.0,11.0,11.15,11.1,3928.0,58886.0,0.3704896936035156,False,2026-10-09 19:59:02+00:00,NVDA261120C00230000
NVDA,2026-10-10,229.28,2026-11-20,C,235.0,8.65,8.75,8.7,2486.0,17741.0,0.36255520263671875,False,2026-10-09 19:59:24+00:00,NVDA261120C00235000
NVDA,2026-10-10,229.28,2026-11-20,C,240.0,6.65,6.75,6.72,4282.0,35884.0,0.35645174804687496,False,2026-10-09 19:59:51+00:00,NVDA261120C00240000
NVDA,2026-10-10,229.28,2026-11-20,C,245.0,5.0,5.15,5.05,8696.0,97445.0,0.3529117443847656,False,2026-10-09 19:59:53+00:00,NVDA261120C00245000
NVDA,2026-10-10,229.28,2026-11-20,C,250.0,3.75,3.8,3.78,5693.0,43587.0,0.3474186352539062,False,2026-10-09 19:59:51+00:00,NVDA261120C00250000
NVDA,2026-10-10,229.28,2026-11-20,C,255.0,2.74,2.8,2.78,1711.0,19270.0,0.3452213916015625,False,2026-10-09 19:59:59+00:00,NVDA261120C00255000
NVDA,2026-10-10,229.28,2026-11-20,C,260.0,2.0,2.03,2.0,6194.0,31230.0,0.34339035522460937,False,2026-10-09 19:59:53+00:00,NVDA261120C00260000
NVDA,2026-10-10,229.28,2026-11-20,C,265.0,1.43,1.47,1.45,2157.0,19427.0,0.34326828613281246,False,2026-10-09 19:59:53+00:00,NVDA261120C00265000
NVDA,2026-10-10,229.28,2026-11-20,C,270.0,1.05,1.07,1.08,2113.0,26644.0,0.344733115234375,False,2026-10-09 19:54:18+00:00,NVDA261120C00270000
NVDA,2026-10-10,229.28,2026-11-20,C,275.0,0.76,0.79,0.78,508.0,34934.0,0.3479069116210937,False,2026-10-09 19:53:20+00:00,NVDA261120C00275000
NVDA,2026-10-10,229.28,2026-11-20,C,280.0,0.56,0.58,0.56,582.0,15973.0,0.3508365698242187,False,2026-10-09 19:59:38+00:00,NVDA261120C00280000
NVDA,2026-10-10,229.28,2026-11-20,C,285.0,0.41,0.44,0.43,127.0,6384.0,0.3562076098632812,False,2026-10-09 19:57:32+00:00,NVDA261120C00285000
NVDA,2026-10-10,229.28,2026-11-20,C,290.0,0.31,0.32,0.32,247.0,5271.0,0.3588931298828125,False,2026-10-09 19:54:01+00:00,NVDA261120C00290000
NVDA,2026-10-10,229.28,2026-11-20,C,295.0,0.23,0.25,0.24,456.0,71622.0,0.36524072265625,False,2026-10-09 19:58:36+00:00,NVDA261120C00295000
NVDA,2026-10-10,229.28,2026-11-20,C,300.0,0.18,0.2,0.18,276.0,13750.0,0.37305314453125,False,2026-10-09 19:47:29+00:00,NVDA261120C00300000
NVDA,2026-10-10,229.28,2026-11-20,C,305.0,0.13,0.14,0.14,115.0,4404.0,0.37305314453125,False,2026-10-09 19:45:37+00:00,NVDA261120C00305000
NVDA,2026-10-10,229.28,2026-11-20,C,310.0,0.1,0.12,0.12,359.0,3831.0,0.383795224609375,False,2026-10-09 19:45:37+00:00,NVDA261120C00310000
NVDA,2026-10-10,229.28,2026-11-20,C,315.0,0.07,0.09,0.09,47.0,1180.0,0.38672488281249995,False,2026-10-09 19:57:36+00:00,NVDA261120C00315000
NVDA,2026-10-10,229.28,2026-11-20,C,320.0,0.06,0.07,0.06,16.0,3356.0,0.39160764648437496,False,2026-10-09 19:54:11+00:00,NVDA261120C00320000
NVDA,2026-10-10,229.28,2026-11-20,C,325.0,0.05,0.07,0.05,8.0,148.0,0.407232490234375,False,2026-10-09 15:44:47+00:00,NVDA261120C00325000
NVDA,2026-10-10,229.28,2026-11-20,C,330.0,0.03,0.05,0.05,156.0,2928.0,0.40820904296875,False,2026-10-09 18:24:48+00:00,NVDA261120C00330000
NVDA,2026-10-10,229.28,2026-11-20,C,335.0,0.02,0.05,0.04,11.0,72.0,0.42188078125,False,2026-10-08 19:58:34+00:00,NVDA261120C00335000
NVDA,2026-10-10,229.28,2026-11-20,C,340.0,0.02,0.03,0.03,3.0,1709.0,0.414068359375,False,2026-10-09 16:14:14+00:00,NVDA261120C00340000
NVDA,2026-10-10,229.28,2026-11-20,C,345.0,0.02,0.04,0.05,1.0,26.0,0.4414118359375,False,2026-10-08 14:32:28+00:00,NVDA261120C00345000
NVDA,2026-10-10,229.28,2026-11-20,C,350.0,0.01,0.03,0.02,72.0,3316.0,0.4414118359375,False,2026-10-09 15:39:42+00:00,NVDA261120C00350000
NVDA,2026-10-10,229.28,2026-11-20,C,355.0,0.02,0.03,0.02,14.0,19.0,0.45508357421875,False,2026-10-09 15:35:20+00:00,NVDA261120C00355000
NVDA,2026-10-10,229.28,2026-11-20,C,360.0,0.01,0.03,0.02,25.0,2538.0,0.4687553125,False,2026-10-09 13:47:53+00:00,NVDA261120C00360000
NVDA,2026-10-10,229.28,2026-11-20,C,365.0,0.0,0.03,0.03,1.0,121.0,0.4804739453125,False,2026-10-09 15:42:38+00:00,NVDA261120C00365000
NVDA,2026-10-10,229.28,2026-11-20,C,370.0,0.0,0.03,0.01,3.0,2178.0,0.49219257812500006,False,2026-10-09 16:28:51+00:00,NVDA261120C00370000
NVDA,2026-10-10,229.28,2026-11-20,C,375.0,0.0,0.03,0.05,2.0,147.0,0.5039112109375,False,2026-09-28 15:05:56+00:00,NVDA261120C00375000
NVDA,2026-10-10,229.28,2026-11-20,C,380.0,0.01,0.02,0.02,1.0,1666.0,0.500005,False,2026-10-08 19:56:53+00:00,NVDA261120C00380000
NVDA,2026-10-10,229.28,2026-11-20,C,385.0,0.01,0.02,0.03,,2.0,0.500005,False,2026-09-29 14:07:44+00:00,NVDA261120C00385000
NVDA,2026-10-10,229.28,2026-11-20,C,390.0,0.01,0.02,0.02,100.0,532.0,0.507817421875,False,2026-10-09 17:30:19+00:00,NVDA261120C00390000
NVDA,2026-10-10,229.28,2026-11-20,C,395.0,0.0,0.02,0.03,2.0,3.0,0.500005,False,2026-09-30 18:47:51+00:00,NVDA261120C00395000
NVDA,2026-10-10,229.28,2026-11-20,C,400.0,0.0,0.01,0.01,3.0,12158.0,0.51562984375,False,2026-10-09 13:58:35+00:00,NVDA261120C00400000
NVDA,2026-10-10,229.28,2026-11-20,C,405.0,0.0,0.02,0.02,505.0,93.0,0.523442265625,False,2026-10-09 14:46:18+00:00,NVDA261120C00405000
NVDA,2026-10-10,229.28,2026-11-20,C,410.0,0.0,0.02,0.01,1.0,1274.0,0.5312546875,False,2026-09-30 19:08:54+00:00,NVDA261120C00410000
NVDA,2026-10-10,229.28,2026-11-20,C,415.0,0.0,0.02,0.01,20.0,20.0,0.5468795312500001,False,2026-09-18 17:12:40+00:00,NVDA261120C00415000
NVDA,2026-10-10,229.28,2026-11-20,C,420.0,0.0,0.02,0.02,2.0,607.0,0.5546919531250001,False,2026-10-01 18:47:13+00:00,NVDA261120C00420000
NVDA,2026-10-10,229.28,2026-11-20,C,425.0,0.0,0.02,0.02,1.0,25.0,0.5625043750000001,False,2026-09-30 15:25:56+00:00,NVDA261120C00425000
NVDA,2026-10-10,229.28,2026-11-20,C,430.0,0.0,0.02,0.02,28.0,398.0,0.570316796875,False,2026-09-28 19:03:45+00:00,NVDA261120C00430000
NVDA,2026-10-10,229.28,2026-11-20,C,440.0,0.0,0.02,0.01,1.0,846.0,0.5937540625000001,False,2026-10-06 13:57:33+00:00,NVDA261120C00440000
NVDA,2026-10-10,229.28,2026-11-20,C,450.0,0.0,0.02,0.02,3.0,533.0,0.6093789062500001,False,2026-10-05 16:42:39+00:00,NVDA261120C00450000
NVDA,2026-10-10,229.28,2026-11-20,C,455.0,0.0,0.01,0.01,22.0,3350.0,0.5937540625000001,False,2026-10-06 14:19:55+00:00,NVDA261120C00455000
NVDA,2026-10-10,229.28,2026-11-20,C,460.0,0.0,0.01,0.01,210.0,6893.0,0.5937540625000001,False,2026-10-06 14:44:16+00:00,NVDA261120C00460000
NVDA,2026-10-10,229.28,2026-11-20,C,480.0,,,0.01,,,0.0,False,2026-10-08 13:53:01+00:00,NVDA261120C00480000
NVDA,2026-10-10,229.28,2026-11-20,P,10.0,0.0,0.01,0.01,,10.0,2.750003125,False,2026-09-30 15:12:44+00:00,NVDA261120P00010000
NVDA,2026-10-10,229.28,2026-11-20,P,45.0,0.0,0.03,0.02,1.0,11.0,1.5625021874999998,False,2026-10-08 19:07:06+00:00,NVDA261120P00045000
NVDA,2026-10-10,229.28,2026-11-20,P,50.0,0.0,0.02,0.02,211.0,4237.0,1.40625296875,False,2026-10-07 19:48:55+00:00,NVDA261120P00050000
NVDA,2026-10-10,229.28,2026-11-20,P,55.0,0.0,0.03,0.02,1.0,379.0,1.3750031249999999,False,2026-10-01 15:21:38+00:00,NVDA261120P00055000
NVDA,2026-10-10,229.28,2026-11-20,P,60.0,0.0,0.03,0.01,3.0,300.0,1.2812535937499998,False,2026-10-05 14:49:31+00:00,NVDA261120P00060000
NVDA,2026-10-10,229.28,2026-11-20,P,65.0,0.0,0.03,0.02,1.0,138.0,1.21875390625,False,2026-10-09 19:06:31+00:00,NVDA261120P00065000
NVDA,2026-10-10,229.28,2026-11-20,P,70.0,0.01,0.03,0.02,7.0,363.0,1.171879140625,False,2026-10-08 13:30:01+00:00,NVDA261120P00070000
NVDA,2026-10-10,229.28,2026-11-20,P,75.0,0.01,0.03,0.02,25.0,423.0,1.109379453125,False,2026-10-07 16:39:48+00:00,NVDA261120P00075000
NVDA,2026-10-10,229.28,2026-11-20,P,80.0,0.01,0.04,0.02,45.0,1311.0,1.0625046875000002,False,2026-10-08 19:22:10+00:00,NVDA261120P00080000
NVDA,2026-10-10,229.28,2026-11-20,P,85.0,0.02,0.04,0.02,10.0,709.0,1.0234423828125,False,2026-10-08 16:34:34+00:00,NVDA261120P00085000
NVDA,2026-10-10,229.28,2026-11-20,P,90.0,0.02,0.04,0.03,2.0,444.0,0.9687503125,False,2026-10-09 19:06:31+00:00,NVDA261120P00090000
NVDA,2026-10-10,229.28,2026-11-20,P,95.0,0.02,0.04,0.03,2.0,785.0,0.914063359375,False,2026-10-06 16:02:56+00:00,NVDA261120P00095000
NVDA,2026-10-10,229.28,2026-11-20,P,100.0,0.03,0.04,0.05,15.0,8791.0,0.87500125,False,2026-10-09 18:54:55+00:00,NVDA261120P00100000
NVDA,2026-10-10,229.28,2026-11-20,P,105.0,0.03,0.05,0.05,5.0,481.0,0.8398453515625,False,2026-10-08 16:13:03+00:00,NVDA261120P00105000
NVDA,2026-10-10,229.28,2026-11-20,P,110.0,0.04,0.07,0.04,25.0,3770.0,0.8164080859374999,False,2026-10-08 19:14:49+00:00,NVDA261120P00110000
NVDA,2026-10-10,229.28,2026-11-20,P,115.0,0.04,0.06,0.07,38.0,6808.0,0.76367423828125,False,2026-10-08 17:01:18+00:00,NVDA261120P00115000
NVDA,2026-10-10,229.28,2026-11-20,P,120.0,0.06,0.08,0.07,33.0,5372.0,0.7460962890625,False,2026-10-08 19:07:07+00:00,NVDA261120P00120000
NVDA,2026-10-10,229.28,2026-11-20,P,125.0,0.07,0.08,0.08,2.0,6750.0,0.70898728515625,False,2026-10-09 14:13:32+00:00,NVDA261120P00125000
NVDA,2026-10-10,229.28,2026-11-20,P,130.0,0.08,0.1,0.09,1.0,6911.0,0.6796907031250001,False,2026-10-09 14:44:26+00:00,NVDA261120P00130000
NVDA,2026-10-10,229.28,2026-11-20,P,135.0,0.1,0.12,0.1,465.0,9811.0,0.6543003320312502,False,2026-10-09 15:42:43+00:00,NVDA261120P00135000
NVDA,2026-10-10,229.28,2026-11-20,P,140.0,0.12,0.15,0.13,503.0,9488.0,0.6289099609375001,False,2026-10-09 19:41:59+00:00,NVDA261120P00140000
NVDA,2026-10-10,229.28,2026-11-20,P,145.0,0.15,0.18,0.16,159.0,11204.0,0.6044961425781252,False,2026-10-09 19:45:37+00:00,NVDA261120P00145000
NVDA,2026-10-10,229.28,2026-11-20,P,150.0,0.19,0.2,0.2,90.0,21373.0,0.5776409423828125,False,2026-10-09 19:59:15+00:00,NVDA261120P00150000
NVDA,2026-10-10,229.28,2026-11-20,P,155.0,0.23,0.25,0.24,42.0,9816.0,0.5542036767578126,False,2026-10-09 19:50:52+00:00,NVDA261120P00155000
NVDA,2026-10-10,229.28,2026-11-20,P,160.0,0.28,0.3,0.29,42.0,21556.0,0.5297898583984376,False,2026-10-09 19:02:05+00:00,NVDA261120P00160000
NVDA,2026-10-10,229.28,2026-11-20,P,165.0,0.34,0.36,0.36,56.0,11279.0,0.5053760400390624,False,2026-10-09 19:22:26+00:00,NVDA261120P00165000
NVDA,2026-10-10,229.28,2026-11-20,P,170.0,0.42,0.44,0.44,645.0,24133.0,0.4848684326171875,False,2026-10-09 19:44:35+00:00,NVDA261120P00170000
NVDA,2026-10-10,229.28,2026-11-20,P,175.0,0.53,0.56,0.55,151.0,19058.0,0.46533737792968755,False,2026-10-09 19:21:55+00:00,NVDA261120P00175000
NVDA,2026-10-10,229.28,2026-11-20,P,180.0,0.68,0.7,0.68,3217.0,32401.0,0.44434149414062496,False,2026-10-09 19:47:12+00:00,NVDA261120P00180000
NVDA,2026-10-10,229.28,2026-11-20,P,185.0,0.88,0.91,0.88,176.0,13356.0,0.4270076831054688,False,2026-10-09 19:59:40+00:00,NVDA261120P00185000
NVDA,2026-10-10,229.28,2026-11-20,P,190.0,1.16,1.19,1.17,3392.0,29192.0,0.4106504248046875,False,2026-10-09 19:59:07+00:00,NVDA261120P00190000
NVDA,2026-10-10,229.28,2026-11-20,P,195.0,1.54,1.58,1.56,405.0,21051.0,0.39649041015625003,False,2026-10-09 19:57:51+00:00,NVDA261120P00195000
NVDA,2026-10-10,229.28,2026-11-20,P,200.0,2.06,2.1,2.09,3512.0,52101.0,0.3833069482421875,False,2026-10-09 19:59:57+00:00,NVDA261120P00200000
NVDA,2026-10-10,229.28,2026-11-20,P,205.0,2.76,2.81,2.8,8513.0,13181.0,0.37201555725097657,False,2026-10-09 19:59:57+00:00,NVDA261120P00205000
NVDA,2026-10-10,229.28,2026-11-20,P,210.0,3.7,3.75,3.74,1208.0,28426.0,0.3621889953613281,False,2026-10-09 19:59:56+00:00,NVDA261120P00210000
NVDA,2026-10-10,229.28,2026-11-20,P,215.0,4.9,5.0,4.95,2781.0,29329.0,0.35468174621582027,False,2026-10-09 19:59:56+00:00,NVDA261120P00215000
NVDA,2026-10-10,229.28,2026-11-20,P,220.0,6.4,6.55,6.47,1624.0,21215.0,0.3472355316162109,False,2026-10-09 19:59:04+00:00,NVDA261120P00220000
NVDA,2026-10-10,229.28,2026-11-20,P,225.0,8.3,8.45,8.37,1701.0,15980.0,0.3402165588378906,False,2026-10-09 19:59:16+00:00,NVDA261120P00225000
NVDA,2026-10-10,229.28,2026-11-20,P,230.0,10.55,10.7,10.62,2297.0,12996.0,0.3328313787841797,True,2026-10-09 19:59:47+00:00,NVDA261120P00230000
NVDA,2026-10-10,229.28,2026-11-20,P,235.0,13.15,13.35,13.13,681.0,7163.0,0.3261175787353515,True,2026-10-09 19:51:14+00:00,NVDA261120P00235000
NVDA,2026-10-10,229.28,2026-11-20,P,240.0,16.15,16.35,16.3,1095.0,7550.0,0.3182441223144531,True,2026-10-09 19:51:54+00:00,NVDA261120P00240000
NVDA,2026-10-10,229.28,2026-11-20,P,245.0,19.55,19.8,19.43,43.0,2477.0,0.3133003240966796,True,2026-10-09 19:48:39+00:00,NVDA261120P00245000
NVDA,2026-10-10,229.28,2026-11-20,P,250.0,23.2,23.6,23.4,13.0,2416.0,0.30902790588378903,True,2026-10-09 17:02:28+00:00,NVDA261120P00250000
NVDA,2026-10-10,229.28,2026-11-20,P,255.0,26.8,27.7,26.5,14.0,387.0,0.30542686767578126,True,2026-10-08 19:54:08+00:00,NVDA261120P00255000
NVDA,2026-10-10,229.28,2026-11-20,P,260.0,31.4,31.95,30.8,56.0,1486.0,0.295905478515625,True,2026-10-09 15:08:30+00:00,NVDA261120P00260000
NVDA,2026-10-10,229.28,2026-11-20,P,265.0,35.6,36.65,36.1,6.0,842.0,0.3048165222167969,True,2026-10-09 17:57:43+00:00,NVDA261120P00265000
NVDA,2026-10-10,229.28,2026-11-20,P,270.0,40.35,41.3,40.6,2.0,636.0,0.3004220349121094,True,2026-10-09 16:36:29+00:00,NVDA261120P00270000
NVDA,2026-10-10,229.28,2026-11-20,P,275.0,45.15,46.05,43.16,4.0,138.0,0.2934640966796874,True,2026-10-08 17:07:40+00:00,NVDA261120P00275000
NVDA,2026-10-10,229.28,2026-11-20,P,280.0,50.1,51.4,50.52,6.0,47.0,0.3627993408203125,True,2026-10-09 17:15:03+00:00,NVDA261120P00280000
NVDA,2026-10-10,229.28,2026-11-20,P,285.0,55.0,56.35,53.59,4.0,95.0,0.3815979809570312,True,2026-10-01 19:49:28+00:00,NVDA261120P00285000
NVDA,2026-10-10,229.28,2026-11-20,P,290.0,60.05,61.1,53.62,1.0,6.0,0.3698793481445312,True,2026-10-05 13:33:46+00:00,NVDA261120P00290000
NVDA,2026-10-10,229.28,2026-11-20,P,295.0,63.05,67.95,75.78,9.0,0.0,0.5678754150390625,True,2026-09-11 16:47:27+00:00,NVDA261120P00295000
NVDA,2026-10-10,229.28,2026-11-20,P,300.0,68.3,72.7,62.5,6.0,0.0,0.5766643896484375,True,2026-10-05 14:31:30+00:00,NVDA261120P00300000
NVDA,2026-10-10,229.28,2026-11-20,P,310.0,78.3,82.7,73.65,1.0,0.0,0.6264685791015626,True,2026-10-05 16:25:51+00:00,NVDA261120P00310000
NVDA,2026-10-10,229.28,2026-11-20,P,320.0,110.25,112.75,117.81,1.0,0.0,1.4975000711059572,True,2026-06-23 16:49:27+00:00,NVDA261120P00320000
NVDA,2026-10-10,229.28,2026-11-20,P,330.0,98.3,102.7,110.92,25.0,0.0,0.7187528125,True,2026-09-02 13:30:12+00:00,NVDA261120P00330000
NVDA,2026-10-10,229.28,2026-11-20,P,340.0,108.3,112.7,110.16,1.0,1.0,0.7615990637207033,True,2026-09-28 19:25:07+00:00,NVDA261120P00340000
NVDA,2026-10-10,229.28,2026-11-20,P,345.0,113.05,117.9,120.82,1.0,0.0,0.7991963439941407,True,2026-09-24 19:52:56+00:00,NVDA261120P00345000
NVDA,2026-10-10,229.28,2026-11-20,P,350.0,135.4,139.75,144.05,1.0,0.0,1.5295433679199215,True,2026-06-09 19:44:57+00:00,NVDA261120P00350000
NVDA,2026-10-10,229.28,2026-11-20,P,360.0,0.0,0.0,133.95,1.0,0.0,1.0000000000000003e-05,True,2026-08-17 17:20:47+00:00,NVDA261120P00360000
NVDA,2026-10-10,229.28,2026-11-20,P,390.0,158.3,162.7,160.43,2.0,0.0,0.9506840869140624,True,2026-09-22 19:51:53+00:00,NVDA261120P00390000
NVDA,2026-10-10,229.28,2026-11-20,P,400.0,168.3,172.7,181.05,4.0,0.0,0.98437515625,True,2026-09-18 14:43:05+00:00,NVDA261120P00400000
NVDA,2026-10-10,229.28,2026-11-20,P,460.0,228.3,232.7,246.25,1.0,0.0,1.1649211676025393,True,2026-09-16 13:45:51+00:00,NVDA261120P00460000
