symbol,snapshot_date,spot,expiry,right,strike,bid,ask,last_price,volume,open_interest,implied_vol,in_the_money,last_trade_date,contract_symbol
NVDA,2026-10-02,230.86,2026-10-02,C,55.0,174.35,178.35,176.5,2.0,4,13.109376806640626,True,2026-09-28 16:40:00+00:00,NVDA261002C00055000
NVDA,2026-10-02,230.86,2026-10-02,C,60.0,168.5,173.5,170.92,10.0,1,10.453128466796876,True,2026-10-01 18:23:55+00:00,NVDA261002C00060000
NVDA,2026-10-02,230.86,2026-10-02,C,80.0,148.7,153.3,150.9,55.0,10,8.296879814453124,True,2026-10-01 18:22:42+00:00,NVDA261002C00080000
NVDA,2026-10-02,230.86,2026-10-02,C,85.0,143.5,148.2,145.62,45.0,15,12.396486627197266,True,2026-10-01 18:07:39+00:00,NVDA261002C00085000
NVDA,2026-10-02,230.86,2026-10-02,C,90.0,138.45,143.15,140.74,57.0,14,11.699221437988282,True,2026-10-01 18:22:37+00:00,NVDA261002C00090000
NVDA,2026-10-02,230.86,2026-10-02,C,95.0,133.5,138.45,135.82,36.0,3,6.8593764257812495,True,2026-10-01 18:22:37+00:00,NVDA261002C00095000
NVDA,2026-10-02,230.86,2026-10-02,C,100.0,128.65,132.55,132.15,43.0,43,9.857425714111331,True,2026-10-01 18:54:38+00:00,NVDA261002C00100000
NVDA,2026-10-02,230.86,2026-10-02,C,105.0,123.7,128.2,127.15,53.0,6,5.9687525390625,True,2026-10-01 18:54:38+00:00,NVDA261002C00105000
NVDA,2026-10-02,230.86,2026-10-02,C,110.0,118.55,123.5,120.67,31.0,6,6.062502421874999,True,2026-10-01 18:07:26+00:00,NVDA261002C00110000
NVDA,2026-10-02,230.86,2026-10-02,C,115.0,114.25,118.35,115.75,28.0,15,6.574220532226564,True,2026-10-01 18:20:55+00:00,NVDA261002C00115000
NVDA,2026-10-02,230.86,2026-10-02,C,120.0,108.55,113.5,112.04,54.0,42,5.406253242187499,True,2026-10-01 19:04:30+00:00,NVDA261002C00120000
NVDA,2026-10-02,230.86,2026-10-02,C,125.0,103.5,108.45,106.02,60.0,12,4.875003906249999,True,2026-10-01 19:59:57+00:00,NVDA261002C00125000
NVDA,2026-10-02,230.86,2026-10-02,C,130.0,98.5,103.4,102.02,55.0,24,4.45312943359375,True,2026-10-01 19:52:30+00:00,NVDA261002C00130000
NVDA,2026-10-02,230.86,2026-10-02,C,135.0,93.5,98.55,96.47,38.0,51,4.51562935546875,True,2026-10-01 19:38:07+00:00,NVDA261002C00135000
NVDA,2026-10-02,230.86,2026-10-02,C,140.0,88.65,93.25,91.8,64.0,123,3.9218751953125004,True,2026-10-01 19:46:35+00:00,NVDA261002C00140000
NVDA,2026-10-02,230.86,2026-10-02,C,145.0,83.9,88.15,86.5,1220.0,1290,3.968750078125,True,2026-10-01 19:52:54+00:00,NVDA261002C00145000
NVDA,2026-10-02,230.86,2026-10-02,C,150.0,78.5,83.55,81.68,68.0,97,3.707031982421875,True,2026-10-01 19:53:32+00:00,NVDA261002C00150000
NVDA,2026-10-02,230.86,2026-10-02,C,155.0,73.5,78.5,76.4,45.0,87,3.3750015624999996,True,2026-10-01 19:52:22+00:00,NVDA261002C00155000
NVDA,2026-10-02,230.86,2026-10-02,C,160.0,68.55,73.35,71.54,46.0,86,2.9609400976562497,True,2026-10-01 19:54:12+00:00,NVDA261002C00160000
NVDA,2026-10-02,230.86,2026-10-02,C,165.0,63.5,68.35,66.89,54.0,91,2.6328159179687503,True,2026-10-01 19:46:52+00:00,NVDA261002C00165000
NVDA,2026-10-02,230.86,2026-10-02,C,170.0,58.45,63.15,61.7,26.0,84,4.595707380371094,True,2026-10-01 19:44:57+00:00,NVDA261002C00170000
NVDA,2026-10-02,230.86,2026-10-02,C,175.0,54.0,58.15,56.49,39.0,106,2.6093784765625,True,2026-10-01 19:39:13+00:00,NVDA261002C00175000
NVDA,2026-10-02,230.86,2026-10-02,C,180.0,50.45,51.85,51.85,26.0,278,2.496097509765625,True,2026-10-01 19:51:41+00:00,NVDA261002C00180000
NVDA,2026-10-02,230.86,2026-10-02,C,185.0,44.0,48.15,46.5,7.0,150,2.150395249023437,True,2026-10-01 19:28:11+00:00,NVDA261002C00185000
NVDA,2026-10-02,230.86,2026-10-02,C,187.5,41.5,45.7,43.95,13.0,43,2.0742235644531246,True,2026-10-01 19:38:20+00:00,NVDA261002C00187500
NVDA,2026-10-02,230.86,2026-10-02,C,190.0,40.45,42.25,41.38,73.0,828,2.2382856542968748,True,2026-10-01 19:53:59+00:00,NVDA261002C00190000
NVDA,2026-10-02,230.86,2026-10-02,C,192.5,36.5,40.75,39.53,47.0,32,1.8828130859374999,True,2026-10-01 19:51:37+00:00,NVDA261002C00192500
NVDA,2026-10-02,230.86,2026-10-02,C,195.0,34.0,38.15,36.17,29.0,351,1.7070327148437499,True,2026-10-01 19:52:34+00:00,NVDA261002C00195000
NVDA,2026-10-02,230.86,2026-10-02,C,197.5,31.5,35.65,33.99,51.0,320,1.5976582617187498,True,2026-10-01 19:54:49+00:00,NVDA261002C00197500
NVDA,2026-10-02,230.86,2026-10-02,C,200.0,30.25,31.4,30.8,318.0,1040,1.783204208984375,True,2026-10-01 19:56:54+00:00,NVDA261002C00200000
NVDA,2026-10-02,230.86,2026-10-02,C,202.5,26.2,29.0,28.92,93.0,865,1.7265638671875,True,2026-10-01 19:54:49+00:00,NVDA261002C00202500
NVDA,2026-10-02,230.86,2026-10-02,C,205.0,25.6,27.35,26.7,312.0,912,1.5839864550781246,True,2026-10-01 19:51:13+00:00,NVDA261002C00205000
NVDA,2026-10-02,230.86,2026-10-02,C,207.5,22.9,24.9,23.84,192.0,761,1.4130888720703125,True,2026-10-01 19:57:15+00:00,NVDA261002C00207500
NVDA,2026-10-02,230.86,2026-10-02,C,210.0,20.6,22.35,21.91,301.0,2933,1.3310580322265622,True,2026-10-01 19:47:19+00:00,NVDA261002C00210000
NVDA,2026-10-02,230.86,2026-10-02,C,212.5,17.95,19.25,18.76,128.0,563,0.9687503125,True,2026-10-01 19:43:39+00:00,NVDA261002C00212500
NVDA,2026-10-02,230.86,2026-10-02,C,215.0,15.45,17.4,15.85,2177.0,3907,1.05078599609375,True,2026-10-01 19:53:40+00:00,NVDA261002C00215000
NVDA,2026-10-02,230.86,2026-10-02,C,217.5,13.1,14.85,14.35,926.0,1856,0.945313046875,True,2026-10-01 19:54:04+00:00,NVDA261002C00217500
NVDA,2026-10-02,230.86,2026-10-02,C,220.0,11.05,11.15,10.92,2311.0,8312,0.63086306640625,True,2026-10-01 19:59:35+00:00,NVDA261002C00220000
NVDA,2026-10-02,230.86,2026-10-02,C,222.5,8.6,8.7,8.5,920.0,2758,0.5410202148437502,True,2026-10-01 19:59:40+00:00,NVDA261002C00222500
NVDA,2026-10-02,230.86,2026-10-02,C,225.0,6.25,6.3,6.2,8001.0,12775,0.47412635253906255,True,2026-10-01 19:59:58+00:00,NVDA261002C00225000
NVDA,2026-10-02,230.86,2026-10-02,C,227.5,4.0,4.05,3.9,34959.0,78065,0.401373173828125,True,2026-10-01 19:59:24+00:00,NVDA261002C00227500
NVDA,2026-10-02,230.86,2026-10-02,C,230.0,2.14,2.2,2.2,160552.0,28600,0.36084623535156246,True,2026-10-01 19:59:58+00:00,NVDA261002C00230000
NVDA,2026-10-02,230.86,2026-10-02,C,232.5,0.94,0.97,0.95,256096.0,52943,0.3437565625,False,2026-10-01 19:59:58+00:00,NVDA261002C00232500
NVDA,2026-10-02,230.86,2026-10-02,C,235.0,0.33,0.34,0.33,217624.0,63543,0.33789724609375,False,2026-10-01 19:59:58+00:00,NVDA261002C00235000
NVDA,2026-10-02,230.86,2026-10-02,C,237.5,0.1,0.11,0.1,91127.0,27425,0.34766277343749996,False,2026-10-01 19:59:59+00:00,NVDA261002C00237500
NVDA,2026-10-02,230.86,2026-10-02,C,240.0,0.04,0.05,0.05,84413.0,37812,0.38672488281249995,False,2026-10-01 19:59:59+00:00,NVDA261002C00240000
NVDA,2026-10-02,230.86,2026-10-02,C,242.5,0.02,0.03,0.02,30902.0,24367,0.437505625,False,2026-10-01 19:59:30+00:00,NVDA261002C00242500
NVDA,2026-10-02,230.86,2026-10-02,C,245.0,0.01,0.02,0.01,12784.0,35481,0.48438015625,False,2026-10-01 19:59:50+00:00,NVDA261002C00245000
NVDA,2026-10-02,230.86,2026-10-02,C,247.5,0.0,0.01,0.01,1597.0,22831,0.51562984375,False,2026-10-01 19:18:48+00:00,NVDA261002C00247500
NVDA,2026-10-02,230.86,2026-10-02,C,250.0,0.0,0.01,0.01,2157.0,70060,0.5312546875,False,2026-10-01 19:58:59+00:00,NVDA261002C00250000
NVDA,2026-10-02,230.86,2026-10-02,C,252.5,0.0,0.01,0.01,77.0,4307,0.5937540625000001,False,2026-10-01 15:10:22+00:00,NVDA261002C00252500
NVDA,2026-10-02,230.86,2026-10-02,C,255.0,0.0,0.01,0.01,146.0,8299,0.6562534375000001,False,2026-10-01 19:33:18+00:00,NVDA261002C00255000
NVDA,2026-10-02,230.86,2026-10-02,C,260.0,0.0,0.01,0.01,78.0,10180,0.7812521875,False,2026-10-01 19:10:46+00:00,NVDA261002C00260000
NVDA,2026-10-02,230.86,2026-10-02,C,265.0,0.0,0.01,0.01,11.0,6512,0.87500125,False,2026-10-01 18:34:56+00:00,NVDA261002C00265000
NVDA,2026-10-02,230.86,2026-10-02,C,270.0,0.0,0.01,0.01,2.0,4232,0.98437515625,False,2026-10-01 19:01:29+00:00,NVDA261002C00270000
NVDA,2026-10-02,230.86,2026-10-02,C,275.0,0.0,0.01,0.01,107.0,6713,1.09375453125,False,2026-09-29 16:11:54+00:00,NVDA261002C00275000
NVDA,2026-10-02,230.86,2026-10-02,C,280.0,0.0,0.01,0.01,1.0,1972,1.1875040625,False,2026-10-01 19:44:58+00:00,NVDA261002C00280000
NVDA,2026-10-02,230.86,2026-10-02,C,285.0,0.0,0.01,0.01,1.0,502,1.3125034374999998,False,2026-09-28 16:30:02+00:00,NVDA261002C00285000
NVDA,2026-10-02,230.86,2026-10-02,C,290.0,0.0,0.01,0.01,2.0,1806,1.40625296875,False,2026-09-30 17:46:44+00:00,NVDA261002C00290000
NVDA,2026-10-02,230.86,2026-10-02,C,295.0,0.0,0.01,0.01,3.0,505,1.5000025,False,2026-09-28 16:09:36+00:00,NVDA261002C00295000
NVDA,2026-10-02,230.86,2026-10-02,C,300.0,0.0,0.01,0.01,3.0,2700,1.5937520312499998,False,2026-09-28 13:37:32+00:00,NVDA261002C00300000
NVDA,2026-10-02,230.86,2026-10-02,C,305.0,0.0,0.01,0.03,5.0,208,1.6875015625,False,2026-09-18 13:37:18+00:00,NVDA261002C00305000
NVDA,2026-10-02,230.86,2026-10-02,C,310.0,0.0,0.01,0.01,2.0,101,1.75000125,False,2026-09-18 13:50:47+00:00,NVDA261002C00310000
NVDA,2026-10-02,230.86,2026-10-02,C,315.0,0.0,0.01,0.02,3.0,490,1.875000625,False,2026-09-17 14:50:49+00:00,NVDA261002C00315000
NVDA,2026-10-02,230.86,2026-10-02,C,320.0,0.0,0.01,0.01,5.0,361,1.9375003125,False,2026-10-01 13:59:58+00:00,NVDA261002C00320000
NVDA,2026-10-02,230.86,2026-10-02,C,325.0,0.0,0.01,0.02,4.0,529,2.000005,False,2026-09-14 16:33:52+00:00,NVDA261002C00325000
NVDA,2026-10-02,230.86,2026-10-02,C,330.0,0.0,0.01,0.01,2.0,1196,2.1250046874999997,False,2026-09-29 18:42:30+00:00,NVDA261002C00330000
NVDA,2026-10-02,230.86,2026-10-02,C,335.0,0.0,0.01,0.01,6.0,472,2.1875045312499997,False,2026-09-22 17:19:20+00:00,NVDA261002C00335000
NVDA,2026-10-02,230.86,2026-10-02,C,340.0,0.0,0.01,0.01,4.0,159,2.2500043749999996,False,2026-09-29 13:35:12+00:00,NVDA261002C00340000
NVDA,2026-10-02,230.86,2026-10-02,C,345.0,0.0,0.01,0.05,2.0,20,2.3750040624999995,False,2026-08-27 13:30:30+00:00,NVDA261002C00345000
NVDA,2026-10-02,230.86,2026-10-02,C,350.0,0.0,0.01,0.01,11.0,47,2.43750390625,False,2026-10-01 14:19:22+00:00,NVDA261002C00350000
NVDA,2026-10-02,230.86,2026-10-02,C,360.0,0.0,0.01,0.01,1.0,49,2.56250359375,False,2026-09-21 15:24:47+00:00,NVDA261002C00360000
NVDA,2026-10-02,230.86,2026-10-02,C,370.0,0.0,0.01,0.02,4.0,45,2.750003125,False,2026-09-04 18:41:33+00:00,NVDA261002C00370000
NVDA,2026-10-02,230.86,2026-10-02,C,380.0,0.0,0.01,0.03,18.0,12,2.8750028125,False,2026-08-25 15:42:31+00:00,NVDA261002C00380000
NVDA,2026-10-02,230.86,2026-10-02,C,390.0,0.0,0.01,0.01,1.0,8,3.0000025,False,2026-10-01 19:44:56+00:00,NVDA261002C00390000
NVDA,2026-10-02,230.86,2026-10-02,P,50.0,0.0,0.01,0.01,12.0,12,8.75000453125,False,2026-09-04 15:46:25+00:00,NVDA261002P00050000
NVDA,2026-10-02,230.86,2026-10-02,P,55.0,0.0,0.01,0.01,1.0,2,8.250004843749998,False,2026-10-01 18:21:27+00:00,NVDA261002P00055000
NVDA,2026-10-02,230.86,2026-10-02,P,60.0,0.0,0.01,0.02,1.0,368,7.7500003125,False,2026-09-10 16:34:14+00:00,NVDA261002P00060000
NVDA,2026-10-02,230.86,2026-10-02,P,65.0,0.0,0.01,0.01,,1,7.2500009375,False,2026-09-17 15:22:47+00:00,NVDA261002P00065000
NVDA,2026-10-02,230.86,2026-10-02,P,70.0,0.0,0.01,0.04,,10,6.7500015625000005,False,2026-08-25 13:30:04+00:00,NVDA261002P00070000
NVDA,2026-10-02,230.86,2026-10-02,P,75.0,0.0,0.01,0.01,1.0,1481,6.500001875000001,False,2026-10-01 18:22:18+00:00,NVDA261002P00075000
NVDA,2026-10-02,230.86,2026-10-02,P,80.0,0.0,0.01,0.01,23.0,360,6.0000025,False,2026-09-18 18:36:21+00:00,NVDA261002P00080000
NVDA,2026-10-02,230.86,2026-10-02,P,85.0,0.0,0.01,0.01,84.0,121,5.7500028125,False,2026-09-18 19:50:08+00:00,NVDA261002P00085000
NVDA,2026-10-02,230.86,2026-10-02,P,90.0,0.0,0.01,0.01,20.0,73,5.500003124999999,False,2026-09-21 17:04:03+00:00,NVDA261002P00090000
NVDA,2026-10-02,230.86,2026-10-02,P,95.0,0.0,0.01,0.01,635.0,696,5.12500359375,False,2026-09-21 18:35:18+00:00,NVDA261002P00095000
NVDA,2026-10-02,230.86,2026-10-02,P,100.0,0.0,0.01,0.01,5.0,637,4.875003906249999,False,2026-09-28 19:07:54+00:00,NVDA261002P00100000
NVDA,2026-10-02,230.86,2026-10-02,P,105.0,0.0,0.01,0.01,2.0,6588,4.62500421875,False,2026-09-25 13:58:40+00:00,NVDA261002P00105000
NVDA,2026-10-02,230.86,2026-10-02,P,110.0,0.0,0.01,0.01,1000.0,13632,4.375004531249999,False,2026-09-30 16:18:23+00:00,NVDA261002P00110000
NVDA,2026-10-02,230.86,2026-10-02,P,115.0,0.0,0.01,0.01,3.0,14540,4.12500484375,False,2026-09-29 13:30:02+00:00,NVDA261002P00115000
NVDA,2026-10-02,230.86,2026-10-02,P,120.0,0.0,0.01,0.01,431.0,17378,3.8750003125,False,2026-09-28 13:32:05+00:00,NVDA261002P00120000
NVDA,2026-10-02,230.86,2026-10-02,P,125.0,0.0,0.01,0.01,88.0,1667,3.6250009375000003,False,2026-09-28 13:38:29+00:00,NVDA261002P00125000
NVDA,2026-10-02,230.86,2026-10-02,P,130.0,0.0,0.01,0.01,1.0,9080,3.3750015624999996,False,2026-09-30 18:20:56+00:00,NVDA261002P00130000
NVDA,2026-10-02,230.86,2026-10-02,P,135.0,0.0,0.01,0.01,18.0,2406,3.1875020312499998,False,2026-10-01 19:12:59+00:00,NVDA261002P00135000
NVDA,2026-10-02,230.86,2026-10-02,P,140.0,0.0,0.01,0.01,382.0,3609,3.0000025,False,2026-09-28 18:00:19+00:00,NVDA261002P00140000
NVDA,2026-10-02,230.86,2026-10-02,P,145.0,0.0,0.01,0.01,142.0,1636,2.750003125,False,2026-09-28 15:21:50+00:00,NVDA261002P00145000
NVDA,2026-10-02,230.86,2026-10-02,P,150.0,0.0,0.01,0.01,1.0,2516,2.6250034375,False,2026-09-29 13:30:38+00:00,NVDA261002P00150000
NVDA,2026-10-02,230.86,2026-10-02,P,155.0,0.0,0.01,0.01,1.0,1039,2.3750040624999995,False,2026-09-29 16:35:02+00:00,NVDA261002P00155000
NVDA,2026-10-02,230.86,2026-10-02,P,160.0,0.0,0.01,0.01,162.0,9819,2.2500043749999996,False,2026-09-29 16:00:45+00:00,NVDA261002P00160000
NVDA,2026-10-02,230.86,2026-10-02,P,165.0,0.0,0.01,0.01,1.0,5380,2.0625048437499998,False,2026-10-01 14:41:23+00:00,NVDA261002P00165000
NVDA,2026-10-02,230.86,2026-10-02,P,170.0,0.0,0.01,0.01,64.0,5364,1.875000625,False,2026-10-01 19:03:13+00:00,NVDA261002P00170000
NVDA,2026-10-02,230.86,2026-10-02,P,175.0,0.0,0.01,0.03,24.0,3022,1.6875015625,False,2026-10-01 19:46:22+00:00,NVDA261002P00175000
NVDA,2026-10-02,230.86,2026-10-02,P,180.0,0.0,0.01,0.01,311.0,3064,1.5625021874999998,False,2026-10-01 18:10:41+00:00,NVDA261002P00180000
NVDA,2026-10-02,230.86,2026-10-02,P,182.5,0.0,0.01,0.01,400.0,2581,1.46875265625,False,2026-10-01 16:11:50+00:00,NVDA261002P00182500
NVDA,2026-10-02,230.86,2026-10-02,P,185.0,0.0,0.01,0.01,274.0,3854,1.3750031249999999,False,2026-10-01 17:43:53+00:00,NVDA261002P00185000
NVDA,2026-10-02,230.86,2026-10-02,P,187.5,0.0,0.01,0.01,155.0,2247,1.3125034374999998,False,2026-10-01 17:43:53+00:00,NVDA261002P00187500
NVDA,2026-10-02,230.86,2026-10-02,P,190.0,0.0,0.01,0.01,798.0,18382,1.2500037499999999,False,2026-10-01 18:59:04+00:00,NVDA261002P00190000
NVDA,2026-10-02,230.86,2026-10-02,P,192.5,0.0,0.01,0.01,1586.0,3479,1.15625421875,False,2026-10-01 19:07:43+00:00,NVDA261002P00192500
NVDA,2026-10-02,230.86,2026-10-02,P,195.0,0.0,0.01,0.01,4545.0,12266,1.09375453125,False,2026-10-01 19:41:08+00:00,NVDA261002P00195000
NVDA,2026-10-02,230.86,2026-10-02,P,197.5,0.0,0.01,0.01,2262.0,5124,1.000005,False,2026-10-01 19:33:10+00:00,NVDA261002P00197500
NVDA,2026-10-02,230.86,2026-10-02,P,200.0,0.01,0.02,0.01,13197.0,67854,1.0312548437500002,False,2026-10-01 19:59:43+00:00,NVDA261002P00200000
NVDA,2026-10-02,230.86,2026-10-02,P,202.5,0.01,0.02,0.01,932.0,15231,0.9531254687499999,False,2026-10-01 19:54:30+00:00,NVDA261002P00202500
NVDA,2026-10-02,230.86,2026-10-02,P,205.0,0.01,0.02,0.02,4908.0,11836,0.87500125,False,2026-10-01 19:51:57+00:00,NVDA261002P00205000
NVDA,2026-10-02,230.86,2026-10-02,P,207.5,0.01,0.02,0.02,16028.0,4876,0.79687703125,False,2026-10-01 19:59:15+00:00,NVDA261002P00207500
NVDA,2026-10-02,230.86,2026-10-02,P,210.0,0.01,0.03,0.03,13808.0,14189,0.7421900781249999,False,2026-10-01 19:52:39+00:00,NVDA261002P00210000
NVDA,2026-10-02,230.86,2026-10-02,P,212.5,0.02,0.03,0.03,11199.0,7617,0.6718782812500002,False,2026-10-01 19:59:53+00:00,NVDA261002P00212500
NVDA,2026-10-02,230.86,2026-10-02,P,215.0,0.03,0.04,0.03,7079.0,14946,0.6171913281250001,False,2026-10-01 19:56:30+00:00,NVDA261002P00215000
NVDA,2026-10-02,230.86,2026-10-02,P,217.5,0.05,0.06,0.06,6092.0,11400,0.5664105859375,False,2026-10-01 19:59:50+00:00,NVDA261002P00217500
NVDA,2026-10-02,230.86,2026-10-02,P,220.0,0.06,0.08,0.09,23288.0,18791,0.5039112109375,False,2026-10-01 19:59:15+00:00,NVDA261002P00220000
NVDA,2026-10-02,230.86,2026-10-02,P,222.5,0.11,0.12,0.11,24218.0,11495,0.43945873046875,False,2026-10-01 19:59:59+00:00,NVDA261002P00222500
NVDA,2026-10-02,230.86,2026-10-02,P,225.0,0.21,0.22,0.21,66997.0,17978,0.38477177734374995,False,2026-10-01 19:59:59+00:00,NVDA261002P00225000
NVDA,2026-10-02,230.86,2026-10-02,P,227.5,0.47,0.49,0.47,111245.0,12163,0.34570966796874997,False,2026-10-01 19:59:58+00:00,NVDA261002P00227500
NVDA,2026-10-02,230.86,2026-10-02,P,230.0,1.12,1.14,1.11,196966.0,22577,0.31836619140624994,False,2026-10-01 19:59:58+00:00,NVDA261002P00230000
NVDA,2026-10-02,230.86,2026-10-02,P,232.5,2.39,2.42,2.5,37681.0,2542,0.3007882421875,True,2026-10-01 19:59:57+00:00,NVDA261002P00232500
NVDA,2026-10-02,230.86,2026-10-02,P,235.0,4.25,4.35,4.44,10889.0,6894,0.29004616210937495,True,2026-10-01 19:59:47+00:00,NVDA261002P00235000
NVDA,2026-10-02,230.86,2026-10-02,P,237.5,6.5,6.6,6.81,1256.0,563,1.0000000000000003e-05,True,2026-10-01 19:59:22+00:00,NVDA261002P00237500
NVDA,2026-10-02,230.86,2026-10-02,P,240.0,8.95,9.1,9.3,532.0,894,1.0000000000000003e-05,True,2026-10-01 19:59:22+00:00,NVDA261002P00240000
NVDA,2026-10-02,230.86,2026-10-02,P,242.5,11.05,11.9,11.84,404.0,195,0.64648791015625,True,2026-10-01 19:59:30+00:00,NVDA261002P00242500
NVDA,2026-10-02,230.86,2026-10-02,P,245.0,13.35,14.65,14.3,505.0,22,0.8808605664062499,True,2026-10-01 19:57:18+00:00,NVDA261002P00245000
NVDA,2026-10-02,230.86,2026-10-02,P,247.5,16.0,17.55,17.01,100.0,4,0.7421900781249999,True,2026-10-01 17:59:38+00:00,NVDA261002P00247500
NVDA,2026-10-02,230.86,2026-10-02,P,250.0,18.5,19.7,18.35,117.0,13,1.1171919140625,True,2026-10-01 19:32:34+00:00,NVDA261002P00250000
NVDA,2026-10-02,230.86,2026-10-02,P,255.0,23.05,24.95,24.26,11.0,1,1.4453152734375,True,2026-10-01 16:46:49+00:00,NVDA261002P00255000
NVDA,2026-10-02,230.86,2026-10-02,P,260.0,28.5,30.0,29.8,18.0,0,1.115238798828125,True,2026-10-01 15:33:27+00:00,NVDA261002P00260000
NVDA,2026-10-02,230.86,2026-10-02,P,265.0,33.55,34.95,34.94,38.0,0,1.2636755566406248,True,2026-10-01 16:20:30+00:00,NVDA261002P00265000
NVDA,2026-10-02,230.86,2026-10-02,P,270.0,38.0,39.6,40.22,8.0,3,1.791016669921875,True,2026-10-01 16:05:05+00:00,NVDA261002P00270000
NVDA,2026-10-02,230.86,2026-10-02,P,275.0,43.3,44.95,45.68,12.0,0,2.198246691894531,True,2026-10-01 15:47:01+00:00,NVDA261002P00275000
NVDA,2026-10-02,230.86,2026-10-02,P,295.0,63.0,64.75,66.6,,0,2.6933626416015626,True,2026-09-22 14:39:11+00:00,NVDA261002P00295000
NVDA,2026-10-02,230.86,2026-10-02,P,300.0,68.05,69.95,69.36,10.0,0,2.9970728198242185,True,2026-10-01 17:15:06+00:00,NVDA261002P00300000
NVDA,2026-10-02,230.86,2026-10-02,P,310.0,78.05,79.95,80.25,8.0,0,3.285158037109375,True,2026-09-30 19:08:49+00:00,NVDA261002P00310000
NVDA,2026-10-02,230.86,2026-10-02,P,390.0,158.1,160.0,172.1,1.0,0,5.224612844238281,True,2026-09-10 14:50:19+00:00,NVDA261002P00390000
NVDA,2026-10-02,230.86,2026-10-05,C,140.0,88.65,93.15,91.75,10.0,22,1.7968760156249999,True,2026-10-01 16:24:44+00:00,NVDA261005C00140000
NVDA,2026-10-02,230.86,2026-10-05,C,170.0,58.8,63.15,60.79,22.0,5,1.3007847460937496,True,2026-10-01 17:26:09+00:00,NVDA261005C00170000
NVDA,2026-10-02,230.86,2026-10-05,C,180.0,48.7,53.25,52.01,30.0,5,1.083988955078125,True,2026-10-01 18:36:00+00:00,NVDA261005C00180000
NVDA,2026-10-02,230.86,2026-10-05,C,185.0,43.7,48.2,47.09,24.0,9,0.945313046875,True,2026-10-01 18:35:42+00:00,NVDA261005C00185000
NVDA,2026-10-02,230.86,2026-10-05,C,190.0,38.7,43.2,40.77,29.0,22,0.8437515624999999,True,2026-10-01 17:23:11+00:00,NVDA261005C00190000
NVDA,2026-10-02,230.86,2026-10-05,C,195.0,33.6,38.4,34.75,32.0,52,0.795900478515625,True,2026-10-01 18:42:13+00:00,NVDA261005C00195000
NVDA,2026-10-02,230.86,2026-10-05,C,200.0,29.4,33.2,30.9,49.0,27,0.8535170898437501,True,2026-10-01 19:58:40+00:00,NVDA261005C00200000
NVDA,2026-10-02,230.86,2026-10-05,C,205.0,23.75,28.5,26.19,14.0,20,0.6611362011718751,True,2026-10-01 15:57:18+00:00,NVDA261005C00205000
NVDA,2026-10-02,230.86,2026-10-05,C,207.5,21.45,26.0,23.76,31.0,35,0.64648791015625,True,2026-10-01 19:53:53+00:00,NVDA261005C00207500
NVDA,2026-10-02,230.86,2026-10-05,C,210.0,18.95,23.35,22.02,262.0,111,0.56055126953125,True,2026-10-01 19:48:26+00:00,NVDA261005C00210000
NVDA,2026-10-02,230.86,2026-10-05,C,212.5,16.5,20.85,19.45,352.0,223,0.5127001855468749,True,2026-10-01 19:45:57+00:00,NVDA261005C00212500
NVDA,2026-10-02,230.86,2026-10-05,C,215.0,13.85,17.5,17.05,248.0,485,0.73437765625,True,2026-10-01 19:50:58+00:00,NVDA261005C00215000
NVDA,2026-10-02,230.86,2026-10-05,C,217.5,11.95,15.45,14.06,493.0,603,0.7241238525390624,True,2026-10-01 19:41:04+00:00,NVDA261005C00217500
NVDA,2026-10-02,230.86,2026-10-05,C,220.0,11.25,11.3,11.49,1014.0,1662,0.36817038085937503,True,2026-10-01 19:53:57+00:00,NVDA261005C00220000
NVDA,2026-10-02,230.86,2026-10-05,C,222.5,8.85,8.95,9.55,151.0,448,0.3332586206054688,True,2026-10-01 19:32:12+00:00,NVDA261005C00222500
NVDA,2026-10-02,230.86,2026-10-05,C,225.0,6.65,6.7,6.65,1213.0,2700,0.30103238037109376,True,2026-10-01 19:59:58+00:00,NVDA261005C00225000
NVDA,2026-10-02,230.86,2026-10-05,C,227.5,4.6,4.65,4.6,2922.0,1583,0.27539787109374997,True,2026-10-01 19:59:58+00:00,NVDA261005C00227500
NVDA,2026-10-02,230.86,2026-10-05,C,230.0,2.93,2.99,3.0,18751.0,6509,0.26367923828125,True,2026-10-01 19:59:41+00:00,NVDA261005C00230000
NVDA,2026-10-02,230.86,2026-10-05,C,232.5,1.69,1.71,1.73,21959.0,4141,0.2524488818359375,False,2026-10-01 19:59:59+00:00,NVDA261005C00232500
NVDA,2026-10-02,230.86,2026-10-05,C,235.0,0.87,0.89,0.89,24243.0,10294,0.2485426708984375,False,2026-10-01 19:59:59+00:00,NVDA261005C00235000
NVDA,2026-10-02,230.86,2026-10-05,C,237.5,0.41,0.42,0.41,7194.0,2287,0.24732197998046873,False,2026-10-01 19:59:58+00:00,NVDA261005C00237500
NVDA,2026-10-02,230.86,2026-10-05,C,240.0,0.18,0.19,0.18,10919.0,5171,0.25098405273437496,False,2026-10-01 19:59:54+00:00,NVDA261005C00240000
NVDA,2026-10-02,230.86,2026-10-05,C,242.5,0.07,0.08,0.08,20894.0,2275,0.25489026367187506,False,2026-10-01 19:59:31+00:00,NVDA261005C00242500
NVDA,2026-10-02,230.86,2026-10-05,C,245.0,0.03,0.04,0.04,24335.0,2954,0.26758544921875,False,2026-10-01 19:59:31+00:00,NVDA261005C00245000
NVDA,2026-10-02,230.86,2026-10-05,C,247.5,0.01,0.02,0.02,13670.0,1623,0.27735097656249996,False,2026-10-01 19:52:03+00:00,NVDA261005C00247500
NVDA,2026-10-02,230.86,2026-10-05,C,250.0,0.0,0.01,0.01,1579.0,3430,0.2890696093749999,False,2026-10-01 19:20:53+00:00,NVDA261005C00250000
NVDA,2026-10-02,230.86,2026-10-05,C,252.5,0.0,0.01,0.01,134.0,155,0.32031929687499994,False,2026-10-01 19:47:19+00:00,NVDA261005C00252500
NVDA,2026-10-02,230.86,2026-10-05,C,255.0,0.0,0.01,0.01,119.0,850,0.35156898437499995,False,2026-10-01 18:52:27+00:00,NVDA261005C00255000
NVDA,2026-10-02,230.86,2026-10-05,C,260.0,0.0,0.01,0.01,121.0,1235,0.414068359375,False,2026-10-01 14:29:25+00:00,NVDA261005C00260000
NVDA,2026-10-02,230.86,2026-10-05,C,265.0,0.0,0.01,0.02,3.0,53,0.476567734375,False,2026-09-29 13:48:54+00:00,NVDA261005C00265000
NVDA,2026-10-02,230.86,2026-10-05,C,270.0,0.0,0.01,0.01,1.0,60,0.500005,False,2026-09-30 15:39:22+00:00,NVDA261005C00270000
NVDA,2026-10-02,230.86,2026-10-05,C,285.0,0.0,0.01,0.02,3.0,5,0.6562534375000001,False,2026-09-30 14:10:57+00:00,NVDA261005C00285000
NVDA,2026-10-02,230.86,2026-10-05,P,130.0,0.0,0.01,0.01,20.0,20,1.6875015625,False,2026-09-25 18:28:55+00:00,NVDA261005P00130000
NVDA,2026-10-02,230.86,2026-10-05,P,150.0,0.0,0.01,0.02,3.0,5,1.3125034374999998,False,2026-09-28 15:28:47+00:00,NVDA261005P00150000
NVDA,2026-10-02,230.86,2026-10-05,P,155.0,0.0,0.01,0.02,6.0,4,1.1875040625,False,2026-09-28 15:28:31+00:00,NVDA261005P00155000
NVDA,2026-10-02,230.86,2026-10-05,P,160.0,0.0,0.01,0.01,1.0,221,1.125004375,False,2026-10-01 16:19:42+00:00,NVDA261005P00160000
NVDA,2026-10-02,230.86,2026-10-05,P,165.0,0.0,0.01,0.01,6.0,50,1.0312548437500002,False,2026-09-29 14:41:15+00:00,NVDA261005P00165000
NVDA,2026-10-02,230.86,2026-10-05,P,170.0,0.0,0.01,0.01,1.0,513,0.937500625,False,2026-09-30 13:47:05+00:00,NVDA261005P00170000
NVDA,2026-10-02,230.86,2026-10-05,P,175.0,0.0,0.02,0.01,287.0,29,0.9062509375,False,2026-10-01 19:30:57+00:00,NVDA261005P00175000
NVDA,2026-10-02,230.86,2026-10-05,P,180.0,0.01,0.02,0.01,27.0,8,0.85937640625,False,2026-10-01 19:29:53+00:00,NVDA261005P00180000
NVDA,2026-10-02,230.86,2026-10-05,P,185.0,0.01,0.02,0.02,300.0,81,0.7656273437500001,False,2026-10-01 19:25:46+00:00,NVDA261005P00185000
NVDA,2026-10-02,230.86,2026-10-05,P,190.0,0.02,0.03,0.03,2740.0,1673,0.7226590234375,False,2026-10-01 19:49:10+00:00,NVDA261005P00190000
NVDA,2026-10-02,230.86,2026-10-05,P,195.0,0.02,0.03,0.03,5195.0,336,0.632816171875,False,2026-10-01 18:45:06+00:00,NVDA261005P00195000
NVDA,2026-10-02,230.86,2026-10-05,P,197.5,0.02,0.04,0.03,6805.0,88,0.6054726953125001,False,2026-10-01 19:57:41+00:00,NVDA261005P00197500
NVDA,2026-10-02,230.86,2026-10-05,P,200.0,0.03,0.04,0.03,5225.0,5322,0.570316796875,False,2026-10-01 19:58:30+00:00,NVDA261005P00200000
NVDA,2026-10-02,230.86,2026-10-05,P,202.5,0.03,0.04,0.03,3214.0,165,0.5273484765625001,False,2026-10-01 19:59:53+00:00,NVDA261005P00202500
NVDA,2026-10-02,230.86,2026-10-05,P,205.0,0.04,0.05,0.04,657.0,2325,0.500005,False,2026-10-01 19:58:22+00:00,NVDA261005P00205000
NVDA,2026-10-02,230.86,2026-10-05,P,207.5,0.05,0.06,0.05,192.0,1706,0.4726615234375,False,2026-10-01 19:43:24+00:00,NVDA261005P00207500
NVDA,2026-10-02,230.86,2026-10-05,P,210.0,0.06,0.07,0.06,708.0,1862,0.43555251953125,False,2026-10-01 19:59:21+00:00,NVDA261005P00210000
NVDA,2026-10-02,230.86,2026-10-05,P,212.5,0.07,0.09,0.08,408.0,2713,0.40430283203125,False,2026-10-01 19:52:38+00:00,NVDA261005P00212500
NVDA,2026-10-02,230.86,2026-10-05,P,215.0,0.1,0.11,0.11,1212.0,3700,0.36914693359375,False,2026-10-01 19:50:03+00:00,NVDA261005P00215000
NVDA,2026-10-02,230.86,2026-10-05,P,217.5,0.14,0.15,0.14,924.0,1904,0.33789724609375,False,2026-10-01 19:54:55+00:00,NVDA261005P00217500
NVDA,2026-10-02,230.86,2026-10-05,P,220.0,0.2,0.22,0.21,6750.0,4335,0.309577216796875,False,2026-10-01 19:59:50+00:00,NVDA261005P00220000
NVDA,2026-10-02,230.86,2026-10-05,P,222.5,0.33,0.34,0.35,2818.0,4148,0.282233740234375,False,2026-10-01 19:58:57+00:00,NVDA261005P00222500
NVDA,2026-10-02,230.86,2026-10-05,P,225.0,0.58,0.6,0.59,10061.0,2758,0.26416751464843746,False,2026-10-01 19:59:54+00:00,NVDA261005P00225000
NVDA,2026-10-02,230.86,2026-10-05,P,227.5,1.05,1.07,1.08,14608.0,1427,0.249030947265625,False,2026-10-01 19:59:51+00:00,NVDA261005P00227500
NVDA,2026-10-02,230.86,2026-10-05,P,230.0,1.86,1.89,1.86,34441.0,1734,0.23853300537109373,False,2026-10-01 19:59:59+00:00,NVDA261005P00230000
NVDA,2026-10-02,230.86,2026-10-05,P,232.5,3.1,3.15,3.25,8980.0,226,0.2309647216796875,True,2026-10-01 19:59:39+00:00,NVDA261005P00232500
NVDA,2026-10-02,230.86,2026-10-05,P,235.0,4.75,4.85,4.95,3011.0,252,0.22461712890624996,True,2026-10-01 19:58:43+00:00,NVDA261005P00235000
NVDA,2026-10-02,230.86,2026-10-05,P,237.5,6.8,6.95,6.87,776.0,239,0.225593681640625,True,2026-10-01 19:58:24+00:00,NVDA261005P00237500
NVDA,2026-10-02,230.86,2026-10-05,P,240.0,9.05,9.15,9.3,318.0,742,0.15430533203125002,True,2026-10-01 19:59:00+00:00,NVDA261005P00240000
NVDA,2026-10-02,230.86,2026-10-05,P,242.5,11.5,11.7,11.71,4879.0,243,0.242195078125,True,2026-10-01 19:59:55+00:00,NVDA261005P00242500
NVDA,2026-10-02,230.86,2026-10-05,P,245.0,13.55,14.75,13.34,533.0,76,0.4624077197265626,True,2026-10-01 19:54:27+00:00,NVDA261005P00245000
NVDA,2026-10-02,230.86,2026-10-05,P,250.0,18.35,20.0,18.79,43.0,0,0.6269568554687501,True,2026-10-01 19:40:39+00:00,NVDA261005P00250000
NVDA,2026-10-02,230.86,2026-10-05,P,252.5,21.0,22.25,21.55,18.0,0,0.6225623681640625,True,2026-10-01 18:09:13+00:00,NVDA261005P00252500
NVDA,2026-10-02,230.86,2026-10-05,P,290.0,58.3,59.7,62.5,,0,1.2519568652343749,True,2026-09-21 18:41:08+00:00,NVDA261005P00290000
NVDA,2026-10-02,230.86,2026-10-07,C,200.0,29.55,33.1,31.8,79.0,8,0.7050810742187501,True,2026-10-01 19:45:00+00:00,NVDA261007C00200000
NVDA,2026-10-02,230.86,2026-10-07,C,210.0,18.75,23.95,22.15,88.0,27,0.5141650146484374,True,2026-10-01 19:46:51+00:00,NVDA261007C00210000
NVDA,2026-10-02,230.86,2026-10-07,C,212.5,16.5,21.15,17.95,167.0,70,0.8120135986328124,True,2026-10-01 19:43:23+00:00,NVDA261007C00212500
NVDA,2026-10-02,230.86,2026-10-07,C,215.0,15.75,17.3,17.2,638.0,144,0.5720257641601563,True,2026-10-01 19:53:35+00:00,NVDA261007C00215000
NVDA,2026-10-02,230.86,2026-10-07,C,217.5,13.15,15.05,14.93,1007.0,355,0.5422409057617189,True,2026-10-01 19:51:27+00:00,NVDA261007C00217500
NVDA,2026-10-02,230.86,2026-10-07,C,220.0,11.6,11.65,11.4,975.0,485,0.3588931298828125,True,2026-10-01 19:58:56+00:00,NVDA261007C00220000
NVDA,2026-10-02,230.86,2026-10-07,C,222.5,9.35,9.45,9.6,271.0,193,0.3393620751953125,True,2026-10-01 19:52:43+00:00,NVDA261007C00222500
NVDA,2026-10-02,230.86,2026-10-07,C,225.0,7.3,7.35,7.26,522.0,356,0.3178779150390625,True,2026-10-01 19:58:33+00:00,NVDA261007C00225000
NVDA,2026-10-02,230.86,2026-10-07,C,227.5,5.45,5.5,5.4,4033.0,377,0.304694453125,True,2026-10-01 19:59:58+00:00,NVDA261007C00227500
NVDA,2026-10-02,230.86,2026-10-07,C,230.0,3.85,3.95,3.8,10903.0,870,0.29724823852539056,True,2026-10-01 19:59:38+00:00,NVDA261007C00230000
NVDA,2026-10-02,230.86,2026-10-07,C,232.5,2.61,2.64,2.56,5822.0,1400,0.2866282275390625,False,2026-10-01 19:59:40+00:00,NVDA261007C00232500
NVDA,2026-10-02,230.86,2026-10-07,C,235.0,1.64,1.66,1.61,10975.0,1314,0.27930408203124996,False,2026-10-01 19:59:49+00:00,NVDA261007C00235000
NVDA,2026-10-02,230.86,2026-10-07,C,237.5,0.97,1.0,0.96,3296.0,1085,0.2766185620117187,False,2026-10-01 19:59:26+00:00,NVDA261007C00237500
NVDA,2026-10-02,230.86,2026-10-07,C,240.0,0.55,0.57,0.53,3820.0,1038,0.27539787109374997,False,2026-10-01 19:59:47+00:00,NVDA261007C00240000
NVDA,2026-10-02,230.86,2026-10-07,C,242.5,0.3,0.32,0.29,1341.0,1054,0.27735097656249996,False,2026-10-01 19:59:36+00:00,NVDA261007C00242500
NVDA,2026-10-02,230.86,2026-10-07,C,245.0,0.16,0.18,0.17,1786.0,719,0.282233740234375,False,2026-10-01 19:58:02+00:00,NVDA261007C00245000
NVDA,2026-10-02,230.86,2026-10-07,C,247.5,0.08,0.1,0.1,9651.0,3811,0.28711650390624993,False,2026-10-01 19:52:16+00:00,NVDA261007C00247500
NVDA,2026-10-02,230.86,2026-10-07,C,250.0,0.05,0.06,0.08,15737.0,524,0.29688203124999996,False,2026-10-01 19:53:08+00:00,NVDA261007C00250000
NVDA,2026-10-02,230.86,2026-10-07,C,255.0,0.01,0.03,0.04,1983.0,543,0.32813171874999997,False,2026-10-01 18:57:35+00:00,NVDA261007C00255000
NVDA,2026-10-02,230.86,2026-10-07,C,260.0,0.0,0.01,0.02,1045.0,242,0.335944140625,False,2026-10-01 14:46:54+00:00,NVDA261007C00260000
NVDA,2026-10-02,230.86,2026-10-07,C,270.0,0.0,0.01,0.01,180.0,34,0.437505625,False,2026-10-01 19:09:17+00:00,NVDA261007C00270000
NVDA,2026-10-02,230.86,2026-10-07,C,285.0,0.0,0.01,0.02,1.0,2,0.5312546875,False,2026-09-30 19:21:53+00:00,NVDA261007C00285000
NVDA,2026-10-02,230.86,2026-10-07,P,170.0,0.01,0.03,0.03,21.0,6,0.867188828125,False,2026-10-01 19:41:48+00:00,NVDA261007P00170000
NVDA,2026-10-02,230.86,2026-10-07,P,175.0,0.02,0.03,0.02,7.0,1,0.8125018749999999,False,2026-10-01 19:07:15+00:00,NVDA261007P00175000
NVDA,2026-10-02,230.86,2026-10-07,P,180.0,0.02,0.04,0.03,2.0,17,0.7500025,False,2026-10-01 18:05:51+00:00,NVDA261007P00180000
NVDA,2026-10-02,230.86,2026-10-07,P,185.0,0.03,0.04,0.03,200.0,21,0.6875031250000001,False,2026-10-01 19:58:55+00:00,NVDA261007P00185000
NVDA,2026-10-02,230.86,2026-10-07,P,190.0,0.03,0.05,0.04,9.0,102,0.6210975390625001,False,2026-10-01 19:27:56+00:00,NVDA261007P00190000
NVDA,2026-10-02,230.86,2026-10-07,P,195.0,0.04,0.06,0.06,264.0,826,0.5625043750000001,False,2026-10-01 15:03:31+00:00,NVDA261007P00195000
NVDA,2026-10-02,230.86,2026-10-07,P,197.5,0.05,0.07,0.06,34.0,46,0.5371140039062501,False,2026-10-01 19:23:54+00:00,NVDA261007P00197500
NVDA,2026-10-02,230.86,2026-10-07,P,200.0,0.06,0.08,0.07,307.0,194,0.5097705273437501,False,2026-10-01 19:46:08+00:00,NVDA261007P00200000
NVDA,2026-10-02,230.86,2026-10-07,P,202.5,0.07,0.09,0.09,55.0,26,0.48828636718750007,False,2026-10-01 19:04:05+00:00,NVDA261007P00202500
NVDA,2026-10-02,230.86,2026-10-07,P,205.0,0.1,0.11,0.11,189.0,129,0.46289599609375004,False,2026-10-01 19:23:24+00:00,NVDA261007P00205000
NVDA,2026-10-02,230.86,2026-10-07,P,207.5,0.11,0.12,0.13,18.0,47,0.428716650390625,False,2026-10-01 19:23:50+00:00,NVDA261007P00207500
NVDA,2026-10-02,230.86,2026-10-07,P,210.0,0.13,0.15,0.15,122.0,2389,0.40332627929687503,False,2026-10-01 19:27:56+00:00,NVDA261007P00210000
NVDA,2026-10-02,230.86,2026-10-07,P,212.5,0.17,0.19,0.21,173.0,626,0.37744763183593744,False,2026-10-01 19:57:07+00:00,NVDA261007P00212500
NVDA,2026-10-02,230.86,2026-10-07,P,215.0,0.23,0.25,0.26,1036.0,1678,0.3530338134765625,False,2026-10-01 19:55:02+00:00,NVDA261007P00215000
NVDA,2026-10-02,230.86,2026-10-07,P,217.5,0.33,0.35,0.35,795.0,242,0.3320379296875,False,2026-10-01 19:54:33+00:00,NVDA261007P00217500
NVDA,2026-10-02,230.86,2026-10-07,P,220.0,0.5,0.52,0.51,2648.0,941,0.3154365332031249,False,2026-10-01 19:59:50+00:00,NVDA261007P00220000
NVDA,2026-10-02,230.86,2026-10-07,P,222.5,0.77,0.78,0.81,1450.0,989,0.29932341308593746,False,2026-10-01 19:59:43+00:00,NVDA261007P00222500
NVDA,2026-10-02,230.86,2026-10-07,P,225.0,1.19,1.21,1.23,2829.0,567,0.2880930566406249,False,2026-10-01 19:59:58+00:00,NVDA261007P00225000
NVDA,2026-10-02,230.86,2026-10-07,P,227.5,1.84,1.87,1.93,3307.0,523,0.2797923583984374,False,2026-10-01 19:58:47+00:00,NVDA261007P00227500
NVDA,2026-10-02,230.86,2026-10-07,P,230.0,2.77,2.79,2.85,9177.0,5479,0.27173579833984374,False,2026-10-01 19:59:15+00:00,NVDA261007P00230000
NVDA,2026-10-02,230.86,2026-10-07,P,232.5,3.95,4.05,4.1,1821.0,547,0.2668530346679688,True,2026-10-01 19:59:28+00:00,NVDA261007P00232500
NVDA,2026-10-02,230.86,2026-10-07,P,235.0,5.5,5.6,5.65,363.0,168,0.2602613037109375,True,2026-10-01 19:59:40+00:00,NVDA261007P00235000
NVDA,2026-10-02,230.86,2026-10-07,P,250.0,18.05,20.3,18.88,35.0,1,0.5598188549804688,True,2026-10-01 19:35:58+00:00,NVDA261007P00250000
NVDA,2026-10-02,230.86,2026-10-09,C,60.0,168.5,173.35,164.5,,2,3.3906265234374997,True,2026-09-23 17:05:20+00:00,NVDA261009C00060000
NVDA,2026-10-02,230.86,2026-10-09,C,75.0,153.45,158.4,149.26,3.0,3,2.85156537109375,True,2026-09-24 19:24:42+00:00,NVDA261009C00075000
NVDA,2026-10-02,230.86,2026-10-09,C,85.0,142.65,149.85,146.18,10.0,12,3.177736430664062,True,2026-09-29 15:01:39+00:00,NVDA261009C00085000
NVDA,2026-10-02,230.86,2026-10-09,C,90.0,138.55,143.3,134.68,3.0,0,2.4062539843749997,True,2026-09-25 18:32:31+00:00,NVDA261009C00090000
NVDA,2026-10-02,230.86,2026-10-09,C,100.0,127.65,134.75,124.03,3.0,5,2.642581518554688,True,2026-09-24 19:24:42+00:00,NVDA261009C00100000
NVDA,2026-10-02,230.86,2026-10-09,C,105.0,122.65,129.8,120.35,5.0,16,2.5253943115234367,True,2026-09-25 13:54:41+00:00,NVDA261009C00105000
NVDA,2026-10-02,230.86,2026-10-09,C,110.0,117.65,124.75,115.07,4.0,7,2.3652384619140623,True,2026-09-23 16:14:27+00:00,NVDA261009C00110000
NVDA,2026-10-02,230.86,2026-10-09,C,115.0,113.6,118.4,110.2,,4,1.984375078125,True,2026-09-23 16:13:38+00:00,NVDA261009C00115000
NVDA,2026-10-02,230.86,2026-10-09,C,120.0,108.75,113.4,105.19,40.0,8,1.9785157324218752,True,2026-09-25 19:34:58+00:00,NVDA261009C00120000
NVDA,2026-10-02,230.86,2026-10-09,C,130.0,97.7,104.8,101.32,1.0,2,1.9179691601562503,True,2026-09-30 18:29:31+00:00,NVDA261009C00130000
NVDA,2026-10-02,230.86,2026-10-09,C,135.0,92.7,98.3,89.67,1.0,3,2.586429315185547,True,2026-09-23 17:08:40+00:00,NVDA261009C00135000
NVDA,2026-10-02,230.86,2026-10-09,C,140.0,88.8,93.5,83.7,12.0,19,1.62109564453125,True,2026-09-25 14:48:15+00:00,NVDA261009C00140000
NVDA,2026-10-02,230.86,2026-10-09,C,145.0,83.15,88.95,83.35,6.0,47,1.4296903515625,True,2026-10-01 17:00:36+00:00,NVDA261009C00145000
NVDA,2026-10-02,230.86,2026-10-09,C,150.0,78.6,83.55,80.64,7.0,69,1.359378203125,True,2026-10-01 16:53:18+00:00,NVDA261009C00150000
NVDA,2026-10-02,230.86,2026-10-09,C,155.0,73.65,78.8,75.36,14.0,19,1.3750031249999999,True,2026-10-01 16:59:13+00:00,NVDA261009C00155000
NVDA,2026-10-02,230.86,2026-10-09,C,160.0,68.7,73.45,70.37,24.0,19,1.1777384863281248,True,2026-10-01 16:59:32+00:00,NVDA261009C00160000
NVDA,2026-10-02,230.86,2026-10-09,C,165.0,63.65,68.55,65.38,4.0,19,1.109379453125,True,2026-10-01 16:59:53+00:00,NVDA261009C00165000
NVDA,2026-10-02,230.86,2026-10-09,C,170.0,58.65,63.85,60.5,9.0,39,1.107426337890625,True,2026-10-01 17:20:45+00:00,NVDA261009C00170000
NVDA,2026-10-02,230.86,2026-10-09,C,175.0,52.8,59.7,55.75,3.0,29,1.0166064794921876,True,2026-09-30 19:44:08+00:00,NVDA261009C00175000
NVDA,2026-10-02,230.86,2026-10-09,C,180.0,47.8,52.35,50.49,9.0,49,1.236331943359375,True,2026-10-01 16:54:18+00:00,NVDA261009C00180000
NVDA,2026-10-02,230.86,2026-10-09,C,185.0,44.1,48.5,46.35,8.0,102,0.86132951171875,True,2026-10-01 19:28:28+00:00,NVDA261009C00185000
NVDA,2026-10-02,230.86,2026-10-09,C,190.0,39.05,41.65,40.71,21.0,210,0.8754895263671875,True,2026-10-01 16:31:33+00:00,NVDA261009C00190000
NVDA,2026-10-02,230.86,2026-10-09,C,195.0,35.25,38.6,37.05,17.0,448,0.840821904296875,True,2026-10-01 16:49:37+00:00,NVDA261009C00195000
NVDA,2026-10-02,230.86,2026-10-09,C,197.5,31.4,36.15,33.38,111.0,3,0.6381872119140625,True,2026-10-01 17:19:55+00:00,NVDA261009C00197500
NVDA,2026-10-02,230.86,2026-10-09,C,200.0,30.05,31.7,30.87,76.0,738,0.6992217578125001,True,2026-10-01 19:57:33+00:00,NVDA261009C00200000
NVDA,2026-10-02,230.86,2026-10-09,C,202.5,26.3,31.65,27.35,30.0,21,0.6044961425781252,True,2026-10-01 16:01:55+00:00,NVDA261009C00202500
NVDA,2026-10-02,230.86,2026-10-09,C,205.0,25.9,27.75,27.04,185.0,564,0.6279334082031252,True,2026-10-01 19:15:59+00:00,NVDA261009C00205000
NVDA,2026-10-02,230.86,2026-10-09,C,207.5,21.8,24.9,25.83,1012.0,65,0.6669955175781253,True,2026-10-01 19:50:00+00:00,NVDA261009C00207500
NVDA,2026-10-02,230.86,2026-10-09,C,210.0,21.05,22.8,21.3,2248.0,967,0.5471236694335939,True,2026-10-01 19:52:01+00:00,NVDA261009C00210000
NVDA,2026-10-02,230.86,2026-10-09,C,212.5,18.65,20.45,19.14,3877.0,270,0.5151415673828125,True,2026-10-01 18:57:32+00:00,NVDA261009C00212500
NVDA,2026-10-02,230.86,2026-10-09,C,215.0,16.25,17.8,16.75,3840.0,9343,0.5534712622070312,True,2026-10-01 19:34:21+00:00,NVDA261009C00215000
NVDA,2026-10-02,230.86,2026-10-09,C,217.5,13.95,15.25,13.6,7301.0,655,0.4909718872070313,True,2026-10-01 19:55:49+00:00,NVDA261009C00217500
NVDA,2026-10-02,230.86,2026-10-09,C,220.0,11.8,12.4,11.75,3427.0,4159,0.39722282470703124,True,2026-10-01 19:59:34+00:00,NVDA261009C00220000
NVDA,2026-10-02,230.86,2026-10-09,C,222.5,9.7,10.3,9.9,1146.0,671,0.37793590820312495,True,2026-10-01 19:58:22+00:00,NVDA261009C00222500
NVDA,2026-10-02,230.86,2026-10-09,C,225.0,7.85,8.15,7.84,1816.0,7799,0.34497725341796875,True,2026-10-01 19:58:35+00:00,NVDA261009C00225000
NVDA,2026-10-02,230.86,2026-10-09,C,227.5,6.0,6.4,6.0,1869.0,3442,0.33411310424804685,True,2026-10-01 19:59:18+00:00,NVDA261009C00227500
NVDA,2026-10-02,230.86,2026-10-09,C,230.0,4.6,4.75,4.54,22600.0,13941,0.31641308593749995,True,2026-10-01 19:59:52+00:00,NVDA261009C00230000
NVDA,2026-10-02,230.86,2026-10-09,C,232.5,3.3,3.45,3.37,8059.0,3116,0.3083565258789062,False,2026-10-01 19:59:50+00:00,NVDA261009C00232500
NVDA,2026-10-02,230.86,2026-10-09,C,235.0,2.32,2.38,2.36,33128.0,12707,0.299811689453125,False,2026-10-01 19:59:58+00:00,NVDA261009C00235000
NVDA,2026-10-02,230.86,2026-10-09,C,237.5,1.55,1.6,1.5,4600.0,3515,0.295905478515625,False,2026-10-01 19:58:40+00:00,NVDA261009C00237500
NVDA,2026-10-02,230.86,2026-10-09,C,240.0,0.99,1.04,0.99,19738.0,13501,0.29358616577148433,False,2026-10-01 19:59:57+00:00,NVDA261009C00240000
NVDA,2026-10-02,230.86,2026-10-09,C,242.5,0.62,0.65,0.6,17815.0,2432,0.2919992675781249,False,2026-10-01 19:59:33+00:00,NVDA261009C00242500
NVDA,2026-10-02,230.86,2026-10-09,C,245.0,0.37,0.39,0.37,8162.0,8654,0.29053443847656246,False,2026-10-01 19:59:53+00:00,NVDA261009C00245000
NVDA,2026-10-02,230.86,2026-10-09,C,247.5,0.22,0.24,0.21,1900.0,1394,0.2934640966796874,False,2026-10-01 19:58:25+00:00,NVDA261009C00247500
NVDA,2026-10-02,230.86,2026-10-09,C,250.0,0.13,0.15,0.13,8613.0,17563,0.29834686035156244,False,2026-10-01 19:58:23+00:00,NVDA261009C00250000
NVDA,2026-10-02,230.86,2026-10-09,C,255.0,0.05,0.06,0.05,8002.0,4601,0.31055376953124997,False,2026-10-01 19:42:49+00:00,NVDA261009C00255000
NVDA,2026-10-02,230.86,2026-10-09,C,260.0,0.02,0.03,0.03,5785.0,7594,0.33008482421874996,False,2026-10-01 19:54:59+00:00,NVDA261009C00260000
NVDA,2026-10-02,230.86,2026-10-09,C,265.0,0.01,0.02,0.02,1202.0,1230,0.35938140625,False,2026-10-01 19:42:28+00:00,NVDA261009C00265000
NVDA,2026-10-02,230.86,2026-10-09,C,270.0,0.01,0.02,0.01,228.0,1471,0.4023497265625,False,2026-10-01 18:46:31+00:00,NVDA261009C00270000
NVDA,2026-10-02,230.86,2026-10-09,C,275.0,0.01,0.02,0.01,71.0,1601,0.445318046875,False,2026-10-01 18:59:58+00:00,NVDA261009C00275000
NVDA,2026-10-02,230.86,2026-10-09,C,280.0,0.0,0.01,0.01,620.0,1586,0.45313046875,False,2026-10-01 18:39:50+00:00,NVDA261009C00280000
NVDA,2026-10-02,230.86,2026-10-09,C,285.0,0.0,0.01,0.01,111.0,1218,0.49219257812500006,False,2026-09-30 18:36:08+00:00,NVDA261009C00285000
NVDA,2026-10-02,230.86,2026-10-09,C,290.0,0.0,0.01,0.01,12.0,638,0.500005,False,2026-10-01 13:35:44+00:00,NVDA261009C00290000
NVDA,2026-10-02,230.86,2026-10-09,C,295.0,0.0,0.01,0.01,23.0,504,0.5312546875,False,2026-10-01 15:28:18+00:00,NVDA261009C00295000
NVDA,2026-10-02,230.86,2026-10-09,C,300.0,0.0,0.01,0.01,1.0,310,0.5625043750000001,False,2026-09-30 17:19:44+00:00,NVDA261009C00300000
NVDA,2026-10-02,230.86,2026-10-09,C,305.0,0.0,0.01,0.01,14.0,242,0.5937540625000001,False,2026-09-17 15:17:57+00:00,NVDA261009C00305000
NVDA,2026-10-02,230.86,2026-10-09,C,310.0,0.0,0.01,0.02,3.0,454,0.6250037500000001,False,2026-09-23 13:30:03+00:00,NVDA261009C00310000
NVDA,2026-10-02,230.86,2026-10-09,C,315.0,0.0,0.01,0.03,8.0,154,0.6562534375000001,False,2026-09-16 15:47:57+00:00,NVDA261009C00315000
NVDA,2026-10-02,230.86,2026-10-09,C,320.0,0.0,0.01,0.01,14.0,30,0.6875031250000001,False,2026-09-11 15:09:04+00:00,NVDA261009C00320000
NVDA,2026-10-02,230.86,2026-10-09,C,325.0,0.0,0.01,0.04,15.0,1025,0.7187528125,False,2026-09-09 18:56:29+00:00,NVDA261009C00325000
NVDA,2026-10-02,230.86,2026-10-09,C,330.0,0.0,0.01,0.01,3.0,9,0.7500025,False,2026-09-16 18:52:08+00:00,NVDA261009C00330000
NVDA,2026-10-02,230.86,2026-10-09,C,335.0,0.0,0.01,0.01,49.0,63,0.7812521875,False,2026-09-29 18:58:46+00:00,NVDA261009C00335000
NVDA,2026-10-02,230.86,2026-10-09,C,345.0,0.0,0.01,0.03,,1,0.8281267187499999,False,2026-09-09 13:30:01+00:00,NVDA261009C00345000
NVDA,2026-10-02,230.86,2026-10-09,C,350.0,0.0,0.01,0.02,15.0,159,0.8437515624999999,False,2026-09-09 17:33:07+00:00,NVDA261009C00350000
NVDA,2026-10-02,230.86,2026-10-09,C,360.0,0.0,0.01,0.02,10.0,10,0.9062509375,False,2026-09-04 19:00:15+00:00,NVDA261009C00360000
NVDA,2026-10-02,230.86,2026-10-09,C,390.0,0.0,0.01,0.02,3.0,4,1.0625046875000002,False,2026-09-14 13:40:56+00:00,NVDA261009C00390000
NVDA,2026-10-02,230.86,2026-10-09,P,50.0,0.0,0.01,0.01,4.0,42,3.06250234375,False,2026-09-18 17:15:07+00:00,NVDA261009P00050000
NVDA,2026-10-02,230.86,2026-10-09,P,55.0,0.0,0.01,0.02,4.0,459,2.8750028125,False,2026-09-04 14:36:47+00:00,NVDA261009P00055000
NVDA,2026-10-02,230.86,2026-10-09,P,60.0,0.0,0.01,0.01,2.0,4502,2.750003125,False,2026-09-14 16:54:10+00:00,NVDA261009P00060000
NVDA,2026-10-02,230.86,2026-10-09,P,65.0,0.0,0.01,0.01,5.0,15,2.56250359375,False,2026-09-24 17:34:51+00:00,NVDA261009P00065000
NVDA,2026-10-02,230.86,2026-10-09,P,75.0,0.0,0.01,0.01,1462.0,2184,2.2500043749999996,False,2026-09-28 19:56:34+00:00,NVDA261009P00075000
NVDA,2026-10-02,230.86,2026-10-09,P,80.0,0.0,0.01,0.01,244.0,442,2.1250046874999997,False,2026-09-28 19:56:33+00:00,NVDA261009P00080000
NVDA,2026-10-02,230.86,2026-10-09,P,85.0,0.0,0.01,0.01,59.0,626,2.0625048437499998,False,2026-09-28 19:56:33+00:00,NVDA261009P00085000
NVDA,2026-10-02,230.86,2026-10-09,P,90.0,0.0,0.01,0.01,23.0,86,1.9375003125,False,2026-09-28 19:56:33+00:00,NVDA261009P00090000
NVDA,2026-10-02,230.86,2026-10-09,P,95.0,0.0,0.01,0.01,2.0,510,1.8125009374999999,False,2026-09-28 19:56:33+00:00,NVDA261009P00095000
NVDA,2026-10-02,230.86,2026-10-09,P,100.0,0.0,0.01,0.01,2380.0,1750,1.71875140625,False,2026-09-28 19:52:33+00:00,NVDA261009P00100000
NVDA,2026-10-02,230.86,2026-10-09,P,105.0,0.0,0.01,0.01,13407.0,1190,1.625001875,False,2026-10-01 19:45:01+00:00,NVDA261009P00105000
NVDA,2026-10-02,230.86,2026-10-09,P,110.0,0.01,0.02,0.01,9578.0,2457,1.671876640625,False,2026-10-01 19:59:56+00:00,NVDA261009P00110000
NVDA,2026-10-02,230.86,2026-10-09,P,115.0,0.01,0.02,0.01,950.0,19545,1.5781271093749998,False,2026-10-01 19:43:49+00:00,NVDA261009P00115000
NVDA,2026-10-02,230.86,2026-10-09,P,120.0,0.01,0.02,0.02,60.0,10515,1.484377578125,False,2026-10-01 19:16:05+00:00,NVDA261009P00120000
NVDA,2026-10-02,230.86,2026-10-09,P,125.0,0.01,0.03,0.02,50.0,1689,1.4375028125,False,2026-10-01 15:50:50+00:00,NVDA261009P00125000
NVDA,2026-10-02,230.86,2026-10-09,P,130.0,0.01,0.03,0.02,20.0,699,1.3437532812499997,False,2026-09-30 14:01:32+00:00,NVDA261009P00130000
NVDA,2026-10-02,230.86,2026-10-09,P,135.0,0.01,0.03,0.01,130.0,1221,1.2656286718749998,False,2026-10-01 17:06:24+00:00,NVDA261009P00135000
NVDA,2026-10-02,230.86,2026-10-09,P,140.0,0.02,0.03,0.02,74.0,1009,1.2109414453124998,False,2026-10-01 19:42:20+00:00,NVDA261009P00140000
NVDA,2026-10-02,230.86,2026-10-09,P,145.0,0.02,0.03,0.03,10.0,1049,1.1328168359375002,False,2026-10-01 18:46:31+00:00,NVDA261009P00145000
NVDA,2026-10-02,230.86,2026-10-09,P,150.0,0.02,0.04,0.02,16.0,801,1.0703171484375003,False,2026-10-01 16:39:17+00:00,NVDA261009P00150000
NVDA,2026-10-02,230.86,2026-10-09,P,155.0,0.02,0.04,0.03,425.0,846,0.9960937890625,False,2026-10-01 19:42:40+00:00,NVDA261009P00155000
NVDA,2026-10-02,230.86,2026-10-09,P,160.0,0.03,0.04,0.03,311.0,3386,0.937500625,False,2026-10-01 18:29:08+00:00,NVDA261009P00160000
NVDA,2026-10-02,230.86,2026-10-09,P,165.0,0.03,0.04,0.04,57.0,1269,0.867188828125,False,2026-10-01 17:27:53+00:00,NVDA261009P00165000
NVDA,2026-10-02,230.86,2026-10-09,P,170.0,0.03,0.05,0.04,992.0,1418,0.8085956640624999,False,2026-10-01 19:27:07+00:00,NVDA261009P00170000
NVDA,2026-10-02,230.86,2026-10-09,P,175.0,0.04,0.05,0.04,730.0,2484,0.7500025,False,2026-10-01 19:58:45+00:00,NVDA261009P00175000
NVDA,2026-10-02,230.86,2026-10-09,P,180.0,0.05,0.06,0.06,75.0,2184,0.6953155468750001,False,2026-10-01 19:59:22+00:00,NVDA261009P00180000
NVDA,2026-10-02,230.86,2026-10-09,P,185.0,0.05,0.07,0.06,47.0,3095,0.6347692773437501,False,2026-10-01 19:39:30+00:00,NVDA261009P00185000
NVDA,2026-10-02,230.86,2026-10-09,P,190.0,0.07,0.08,0.08,4109.0,5791,0.5820354296875,False,2026-10-01 19:53:07+00:00,NVDA261009P00190000
NVDA,2026-10-02,230.86,2026-10-09,P,195.0,0.08,0.1,0.09,1103.0,5639,0.5273484765625001,False,2026-10-01 19:38:15+00:00,NVDA261009P00195000
NVDA,2026-10-02,230.86,2026-10-09,P,197.5,0.1,0.11,0.11,359.0,1090,0.5039112109375,False,2026-10-01 19:49:39+00:00,NVDA261009P00197500
NVDA,2026-10-02,230.86,2026-10-09,P,200.0,0.12,0.13,0.12,924.0,6336,0.48438015625,False,2026-10-01 19:58:17+00:00,NVDA261009P00200000
NVDA,2026-10-02,230.86,2026-10-09,P,202.5,0.13,0.14,0.13,135.0,784,0.45313046875,False,2026-10-01 19:37:54+00:00,NVDA261009P00202500
NVDA,2026-10-02,230.86,2026-10-09,P,205.0,0.16,0.17,0.17,919.0,5498,0.43164630859375,False,2026-10-01 19:58:45+00:00,NVDA261009P00205000
NVDA,2026-10-02,230.86,2026-10-09,P,207.5,0.18,0.2,0.2,1004.0,15419,0.4062559375,False,2026-10-01 19:59:10+00:00,NVDA261009P00207500
NVDA,2026-10-02,230.86,2026-10-09,P,210.0,0.23,0.25,0.24,3932.0,4720,0.3842835009765625,False,2026-10-01 19:59:37+00:00,NVDA261009P00210000
NVDA,2026-10-02,230.86,2026-10-09,P,212.5,0.29,0.31,0.31,1304.0,7559,0.36133451171875,False,2026-10-01 19:59:37+00:00,NVDA261009P00212500
NVDA,2026-10-02,230.86,2026-10-09,P,215.0,0.39,0.42,0.42,3429.0,9855,0.3442448388671875,False,2026-10-01 19:59:47+00:00,NVDA261009P00215000
NVDA,2026-10-02,230.86,2026-10-09,P,217.5,0.56,0.58,0.6,3868.0,3909,0.3286199951171874,False,2026-10-01 19:57:54+00:00,NVDA261009P00217500
NVDA,2026-10-02,230.86,2026-10-09,P,220.0,0.81,0.84,0.86,7783.0,20799,0.317389638671875,False,2026-10-01 19:59:50+00:00,NVDA261009P00220000
NVDA,2026-10-02,230.86,2026-10-09,P,222.5,1.16,1.21,1.23,2676.0,4557,0.30664755859375,False,2026-10-01 19:59:07+00:00,NVDA261009P00222500
NVDA,2026-10-02,230.86,2026-10-09,P,225.0,1.69,1.75,1.76,8363.0,7247,0.2985909985351562,False,2026-10-01 19:59:20+00:00,NVDA261009P00225000
NVDA,2026-10-02,230.86,2026-10-09,P,227.5,2.42,2.48,2.5,11629.0,1730,0.2906565075683593,False,2026-10-01 19:59:51+00:00,NVDA261009P00227500
NVDA,2026-10-02,230.86,2026-10-09,P,230.0,3.35,3.45,3.5,19098.0,15734,0.28394270751953116,False,2026-10-01 19:59:57+00:00,NVDA261009P00230000
NVDA,2026-10-02,230.86,2026-10-09,P,232.5,4.55,4.8,4.7,2283.0,2590,0.2868723657226562,True,2026-10-01 19:59:58+00:00,NVDA261009P00232500
NVDA,2026-10-02,230.86,2026-10-09,P,235.0,6.0,6.35,6.25,1299.0,2325,0.2863840893554687,True,2026-10-01 19:59:41+00:00,NVDA261009P00235000
NVDA,2026-10-02,230.86,2026-10-09,P,237.5,7.7,8.2,7.9,1398.0,341,0.29224340576171864,True,2026-10-01 19:59:18+00:00,NVDA261009P00237500
NVDA,2026-10-02,230.86,2026-10-09,P,240.0,8.95,10.05,9.96,4351.0,786,0.27930408203124996,True,2026-10-01 19:59:22+00:00,NVDA261009P00240000
NVDA,2026-10-02,230.86,2026-10-09,P,242.5,11.55,12.35,11.15,6520.0,86,0.30005582763671873,True,2026-10-01 19:54:12+00:00,NVDA261009P00242500
NVDA,2026-10-02,230.86,2026-10-09,P,245.0,13.75,14.6,13.67,4701.0,247,0.30298548583984375,True,2026-10-01 19:45:07+00:00,NVDA261009P00245000
NVDA,2026-10-02,230.86,2026-10-09,P,250.0,18.35,19.8,19.23,299.0,95,0.41235939208984373,True,2026-10-01 19:38:53+00:00,NVDA261009P00250000
NVDA,2026-10-02,230.86,2026-10-09,P,255.0,23.3,24.8,23.75,70.0,1,0.48511257080078124,True,2026-10-01 19:36:24+00:00,NVDA261009P00255000
NVDA,2026-10-02,230.86,2026-10-09,P,260.0,27.85,30.75,28.45,40.0,3,0.7033721069335939,True,2026-10-01 15:32:11+00:00,NVDA261009P00260000
NVDA,2026-10-02,230.86,2026-10-09,P,265.0,33.0,34.8,34.0,2.0,0,0.6198768481445314,True,2026-10-01 16:49:12+00:00,NVDA261009P00265000
NVDA,2026-10-02,230.86,2026-10-09,P,275.0,43.3,44.7,51.15,1.0,0,0.7187528125,True,2026-09-25 14:26:51+00:00,NVDA261009P00275000
NVDA,2026-10-02,230.86,2026-10-09,P,280.0,48.5,49.65,55.43,1.0,0,0.7622094091796876,True,2026-09-24 19:59:18+00:00,NVDA261009P00280000
NVDA,2026-10-02,230.86,2026-10-09,P,300.0,68.55,69.65,69.48,19.0,0,0.971679970703125,True,2026-10-01 17:19:22+00:00,NVDA261009P00300000
NVDA,2026-10-02,230.86,2026-10-16,C,5.0,222.55,229.7,211.1,1.0,1,8.882816948242187,True,2026-09-16 16:56:45+00:00,NVDA261016C00005000
NVDA,2026-10-02,230.86,2026-10-16,C,10.0,0.0,0.0,215.0,1.0,0,1.0000000000000003e-05,True,2026-08-13 15:17:59+00:00,NVDA261016C00010000
NVDA,2026-10-02,230.86,2026-10-16,C,15.0,212.55,219.75,214.66,2.0,9,6.082033647460937,True,2026-08-27 16:41:07+00:00,NVDA261016C00015000
NVDA,2026-10-02,230.86,2026-10-16,C,20.0,184.45,192.45,193.45,20.0,30,1.0000000000000003e-05,True,2026-07-22 16:00:54+00:00,NVDA261016C00020000
NVDA,2026-10-02,230.86,2026-10-16,C,25.0,179.5,187.5,183.0,1.0,2,1.0000000000000003e-05,True,2026-07-23 19:00:26+00:00,NVDA261016C00025000
NVDA,2026-10-02,230.86,2026-10-16,C,30.0,174.5,182.5,173.5,19.0,33,1.0000000000000003e-05,True,2026-07-09 19:00:14+00:00,NVDA261016C00030000
NVDA,2026-10-02,230.86,2026-10-16,C,35.0,192.4,199.75,194.67,30.0,0,3.9609375976562498,True,2026-08-27 19:59:39+00:00,NVDA261016C00035000
NVDA,2026-10-02,230.86,2026-10-16,C,40.0,187.4,194.75,179.38,1.0,2,3.67968830078125,True,2026-08-31 16:08:28+00:00,NVDA261016C00040000
NVDA,2026-10-02,230.86,2026-10-16,C,45.0,182.6,189.75,185.18,1.0,24,3.6132822167968754,True,2026-09-30 14:28:56+00:00,NVDA261016C00045000
NVDA,2026-10-02,230.86,2026-10-16,C,50.0,177.65,184.8,180.07,1.0,22,3.4531263671875,True,2026-10-01 13:37:41+00:00,NVDA261016C00050000
NVDA,2026-10-02,230.86,2026-10-16,C,55.0,172.65,179.8,175.06,1.0,3,3.2421893945312497,True,2026-10-01 13:37:41+00:00,NVDA261016C00055000
NVDA,2026-10-02,230.86,2026-10-16,C,60.0,167.45,173.2,165.15,1.0,5,4.227543778076171,True,2026-09-23 19:02:25+00:00,NVDA261016C00060000
NVDA,2026-10-02,230.86,2026-10-16,C,65.0,162.5,169.8,162.65,10.0,25,2.787112407226563,True,2026-09-21 19:32:39+00:00,NVDA261016C00065000
NVDA,2026-10-02,230.86,2026-10-16,C,70.0,157.5,164.8,159.05,10.0,11,2.630862797851563,True,2026-09-28 13:30:05+00:00,NVDA261016C00070000
NVDA,2026-10-02,230.86,2026-10-16,C,75.0,152.65,159.85,154.26,4.0,19,2.5918003955078124,True,2026-09-28 19:58:22+00:00,NVDA261016C00075000
NVDA,2026-10-02,230.86,2026-10-16,C,80.0,147.7,154.8,145.21,21.0,230,2.4511757470703124,True,2026-09-25 18:25:57+00:00,NVDA261016C00080000
NVDA,2026-10-02,230.86,2026-10-16,C,85.0,142.7,149.8,145.89,2.0,12,2.3203166992187496,True,2026-09-29 16:34:29+00:00,NVDA261016C00085000
NVDA,2026-10-02,230.86,2026-10-16,C,90.0,137.55,144.8,141.07,3.0,136,2.1308640478515626,True,2026-09-30 16:26:09+00:00,NVDA261016C00090000
NVDA,2026-10-02,230.86,2026-10-16,C,95.0,132.75,139.9,129.33,15.0,49,2.134770288085937,True,2026-09-21 14:35:42+00:00,NVDA261016C00095000
NVDA,2026-10-02,230.86,2026-10-16,C,100.0,127.6,132.7,131.0,1.0,143,2.5913121154785155,True,2026-10-01 19:59:33+00:00,NVDA261016C00100000
NVDA,2026-10-02,230.86,2026-10-16,C,105.0,122.6,129.5,126.49,5.0,73,1.685548447265625,True,2026-09-29 16:41:26+00:00,NVDA261016C00105000
NVDA,2026-10-02,230.86,2026-10-16,C,110.0,117.75,124.85,120.92,1.0,238,1.7949229003906249,True,2026-09-30 19:38:56+00:00,NVDA261016C00110000
NVDA,2026-10-02,230.86,2026-10-16,C,115.0,112.75,119.9,116.22,1.0,82,1.7119155029296875,True,2026-09-28 19:27:42+00:00,NVDA261016C00115000
NVDA,2026-10-02,230.86,2026-10-16,C,120.0,107.8,114.9,110.37,10.0,245,1.6308612207031248,True,2026-10-01 14:51:48+00:00,NVDA261016C00120000
NVDA,2026-10-02,230.86,2026-10-16,C,125.0,102.75,109.9,106.07,2.0,289,1.5273461132812498,True,2026-09-30 19:41:39+00:00,NVDA261016C00125000
NVDA,2026-10-02,230.86,2026-10-16,C,130.0,97.8,102.95,101.07,3.0,286,1.9262698999023438,True,2026-10-01 13:58:15+00:00,NVDA261016C00130000
NVDA,2026-10-02,230.86,2026-10-16,C,135.0,93.2,97.6,95.7,9.0,288,1.7446301831054685,True,2026-10-01 17:02:43+00:00,NVDA261016C00135000
NVDA,2026-10-02,230.86,2026-10-16,C,140.0,88.55,94.3,89.7,15.0,411,1.3168979467773436,True,2026-10-01 15:26:03+00:00,NVDA261016C00140000
NVDA,2026-10-02,230.86,2026-10-16,C,145.0,84.85,88.65,83.92,1214.0,345,1.3437532812499997,True,2026-10-01 15:09:57+00:00,NVDA261016C00145000
NVDA,2026-10-02,230.86,2026-10-16,C,150.0,78.95,84.4,81.33,15.0,1112,1.2387733374023435,True,2026-10-01 16:48:11+00:00,NVDA261016C00150000
NVDA,2026-10-02,230.86,2026-10-16,C,155.0,75.05,78.75,74.27,6.0,4668,1.2163125122070313,True,2026-10-01 15:02:55+00:00,NVDA261016C00155000
NVDA,2026-10-02,230.86,2026-10-16,C,160.0,69.35,74.05,71.86,32.0,5264,1.0864303491210938,True,2026-10-01 19:23:26+00:00,NVDA261016C00160000
NVDA,2026-10-02,230.86,2026-10-16,C,165.0,65.25,70.05,66.35,4.0,599,1.1970254992675784,True,2026-10-01 17:58:41+00:00,NVDA261016C00165000
NVDA,2026-10-02,230.86,2026-10-16,C,170.0,60.75,62.2,61.9,12.0,1622,0.8784191845703124,True,2026-10-01 18:33:23+00:00,NVDA261016C00170000
NVDA,2026-10-02,230.86,2026-10-16,C,175.0,54.3,58.7,56.44,2.0,2374,0.81445498046875,True,2026-10-01 13:54:09+00:00,NVDA261016C00175000
NVDA,2026-10-02,230.86,2026-10-16,C,180.0,49.45,53.75,51.54,11.0,106336,0.7680687255859376,True,2026-10-01 19:01:47+00:00,NVDA261016C00180000
NVDA,2026-10-02,230.86,2026-10-16,C,185.0,44.35,46.6,47.2,224.0,2236,0.6987334814453126,True,2026-10-01 19:53:47+00:00,NVDA261016C00185000
NVDA,2026-10-02,230.86,2026-10-16,C,190.0,40.95,42.85,41.88,78.0,3477,0.6821320849609377,True,2026-10-01 19:12:38+00:00,NVDA261016C00190000
NVDA,2026-10-02,230.86,2026-10-16,C,195.0,36.15,37.95,36.63,156.0,7055,0.631839619140625,True,2026-10-01 19:57:57+00:00,NVDA261016C00195000
NVDA,2026-10-02,230.86,2026-10-16,C,197.5,30.5,37.8,33.86,2.0,6,0.5368698657226563,True,2026-09-28 16:07:14+00:00,NVDA261016C00197500
NVDA,2026-10-02,230.86,2026-10-16,C,200.0,31.2,31.9,31.8,376.0,9311,0.5390671093750001,True,2026-10-01 19:52:30+00:00,NVDA261016C00200000
NVDA,2026-10-02,230.86,2026-10-16,C,202.5,28.4,31.1,29.01,1.0,8,0.5463912548828126,True,2026-09-30 13:38:07+00:00,NVDA261016C00202500
NVDA,2026-10-02,230.86,2026-10-16,C,205.0,26.45,27.9,27.1,306.0,8827,0.5007374145507812,True,2026-10-01 19:36:41+00:00,NVDA261016C00205000
NVDA,2026-10-02,230.86,2026-10-16,C,207.5,23.45,24.65,24.04,5.0,182,0.4606987524414063,True,2026-10-01 14:44:03+00:00,NVDA261016C00207500
NVDA,2026-10-02,230.86,2026-10-16,C,210.0,21.7,23.05,21.83,349.0,17919,0.5075732836914062,True,2026-10-01 19:59:47+00:00,NVDA261016C00210000
NVDA,2026-10-02,230.86,2026-10-16,C,212.5,19.4,20.95,20.15,334.0,449,0.49805189453125004,True,2026-10-01 19:07:09+00:00,NVDA261016C00212500
NVDA,2026-10-02,230.86,2026-10-16,C,215.0,17.25,17.8,17.63,939.0,24862,0.40405869384765625,True,2026-10-01 19:57:26+00:00,NVDA261016C00215000
NVDA,2026-10-02,230.86,2026-10-16,C,217.5,15.1,15.45,16.12,254.0,1007,0.3737855590820312,True,2026-10-01 19:07:09+00:00,NVDA261016C00217500
NVDA,2026-10-02,230.86,2026-10-16,C,220.0,13.25,13.3,13.11,4563.0,104197,0.35510898803710933,True,2026-10-01 19:57:27+00:00,NVDA261016C00220000
NVDA,2026-10-02,230.86,2026-10-16,C,222.5,11.3,11.35,11.04,1550.0,2266,0.3441227697753906,True,2026-10-01 19:59:23+00:00,NVDA261016C00222500
NVDA,2026-10-02,230.86,2026-10-16,C,225.0,9.45,9.55,9.4,1787.0,30288,0.3354558642578125,True,2026-10-01 19:59:44+00:00,NVDA261016C00225000
NVDA,2026-10-02,230.86,2026-10-16,C,227.5,7.8,7.9,7.8,1435.0,3627,0.3276434423828125,True,2026-10-01 19:57:48+00:00,NVDA261016C00227500
NVDA,2026-10-02,230.86,2026-10-16,C,230.0,6.3,6.4,6.25,9406.0,59939,0.3198310205078124,True,2026-10-01 19:59:48+00:00,NVDA261016C00230000
NVDA,2026-10-02,230.86,2026-10-16,C,232.5,5.0,5.1,5.0,3401.0,5174,0.31409377319335935,False,2026-10-01 19:59:21+00:00,NVDA261016C00232500
NVDA,2026-10-02,230.86,2026-10-16,C,235.0,3.9,3.95,3.9,8775.0,50378,0.30713583496093744,False,2026-10-01 19:59:58+00:00,NVDA261016C00235000
NVDA,2026-10-02,230.86,2026-10-16,C,237.5,3.0,3.05,3.0,2616.0,5641,0.3048165222167969,False,2026-10-01 19:59:58+00:00,NVDA261016C00237500
NVDA,2026-10-02,230.86,2026-10-16,C,240.0,2.25,2.26,2.27,15398.0,65573,0.2995675512695312,False,2026-10-01 19:59:58+00:00,NVDA261016C00240000
NVDA,2026-10-02,230.86,2026-10-16,C,242.5,1.65,1.66,1.57,2344.0,4370,0.29688203124999996,False,2026-10-01 19:59:20+00:00,NVDA261016C00242500
NVDA,2026-10-02,230.86,2026-10-16,C,245.0,1.18,1.2,1.16,4290.0,41910,0.2951730639648437,False,2026-10-01 19:59:50+00:00,NVDA261016C00245000
NVDA,2026-10-02,230.86,2026-10-16,C,247.5,0.84,0.86,0.81,2499.0,1946,0.2946847875976562,False,2026-10-01 19:58:10+00:00,NVDA261016C00247500
NVDA,2026-10-02,230.86,2026-10-16,C,250.0,0.59,0.6,0.59,14193.0,73625,0.2937082348632812,False,2026-10-01 19:59:58+00:00,NVDA261016C00250000
NVDA,2026-10-02,230.86,2026-10-16,C,255.0,0.29,0.3,0.29,3095.0,25662,0.29688203124999996,False,2026-10-01 19:56:08+00:00,NVDA261016C00255000
NVDA,2026-10-02,230.86,2026-10-16,C,260.0,0.15,0.16,0.16,2187.0,74111,0.305671005859375,False,2026-10-01 19:59:58+00:00,NVDA261016C00260000
NVDA,2026-10-02,230.86,2026-10-16,C,265.0,0.09,0.1,0.1,565.0,11678,0.32129584960937496,False,2026-10-01 19:46:20+00:00,NVDA261016C00265000
NVDA,2026-10-02,230.86,2026-10-16,C,270.0,0.05,0.06,0.06,262.0,20181,0.33399103515625,False,2026-10-01 19:59:17+00:00,NVDA261016C00270000
NVDA,2026-10-02,230.86,2026-10-16,C,275.0,0.03,0.05,0.05,105.0,9417,0.35938140625,False,2026-10-01 19:53:16+00:00,NVDA261016C00275000
NVDA,2026-10-02,230.86,2026-10-16,C,280.0,0.02,0.04,0.03,84.0,16274,0.38086556640624997,False,2026-10-01 19:49:29+00:00,NVDA261016C00280000
NVDA,2026-10-02,230.86,2026-10-16,C,285.0,0.01,0.03,0.04,114.0,4827,0.398443515625,False,2026-10-01 16:39:21+00:00,NVDA261016C00285000
NVDA,2026-10-02,230.86,2026-10-16,C,290.0,0.01,0.03,0.03,144.0,11942,0.42774009765625004,False,2026-10-01 17:40:53+00:00,NVDA261016C00290000
NVDA,2026-10-02,230.86,2026-10-16,C,295.0,0.01,0.03,0.02,4.0,6437,0.45703667968750006,False,2026-10-01 16:20:18+00:00,NVDA261016C00295000
NVDA,2026-10-02,230.86,2026-10-16,C,300.0,0.01,0.02,0.02,98.0,15857,0.46484910156250003,False,2026-10-01 19:03:31+00:00,NVDA261016C00300000
NVDA,2026-10-02,230.86,2026-10-16,C,305.0,0.01,0.02,0.01,9.0,2326,0.49219257812500006,False,2026-10-01 17:58:17+00:00,NVDA261016C00305000
NVDA,2026-10-02,230.86,2026-10-16,C,310.0,0.01,0.02,0.01,3.0,4831,0.500005,False,2026-09-30 19:09:44+00:00,NVDA261016C00310000
NVDA,2026-10-02,230.86,2026-10-16,C,315.0,0.01,0.02,0.01,339.0,977,0.523442265625,False,2026-10-01 17:04:30+00:00,NVDA261016C00315000
NVDA,2026-10-02,230.86,2026-10-16,C,320.0,0.01,0.02,0.02,100.0,2099,0.5507857421875001,False,2026-10-01 16:34:09+00:00,NVDA261016C00320000
NVDA,2026-10-02,230.86,2026-10-16,C,325.0,0.01,0.02,0.01,132.0,158,0.5742230078125,False,2026-10-01 13:57:26+00:00,NVDA261016C00325000
NVDA,2026-10-02,230.86,2026-10-16,C,330.0,0.0,0.02,0.02,100.0,2116,0.57812921875,False,2026-10-01 19:43:59+00:00,NVDA261016C00330000
NVDA,2026-10-02,230.86,2026-10-16,C,335.0,0.0,0.02,0.01,26.0,759,0.5937540625000001,False,2026-10-01 16:34:31+00:00,NVDA261016C00335000
NVDA,2026-10-02,230.86,2026-10-16,C,340.0,0.0,0.02,0.01,50.0,2371,0.6171913281250001,False,2026-10-01 15:24:20+00:00,NVDA261016C00340000
NVDA,2026-10-02,230.86,2026-10-16,C,345.0,0.0,0.02,0.01,100.0,875,0.64062859375,False,2026-09-21 14:28:32+00:00,NVDA261016C00345000
NVDA,2026-10-02,230.86,2026-10-16,C,350.0,0.0,0.02,0.01,1.0,11879,0.6562534375000001,False,2026-10-01 16:51:01+00:00,NVDA261016C00350000
NVDA,2026-10-02,230.86,2026-10-16,C,355.0,0.0,0.02,0.01,1.0,517,0.6796907031250001,False,2026-09-30 19:28:51+00:00,NVDA261016C00355000
NVDA,2026-10-02,230.86,2026-10-16,C,360.0,0.0,0.02,0.01,400.0,4848,0.70312796875,False,2026-09-21 14:14:22+00:00,NVDA261016C00360000
NVDA,2026-10-02,230.86,2026-10-16,C,365.0,0.0,0.02,0.01,20.0,1687,0.7187528125,False,2026-10-01 16:49:23+00:00,NVDA261016C00365000
NVDA,2026-10-02,230.86,2026-10-16,C,370.0,0.0,0.02,0.01,508.0,2655,0.73437765625,False,2026-09-28 16:47:06+00:00,NVDA261016C00370000
NVDA,2026-10-02,230.86,2026-10-16,C,375.0,0.0,0.02,0.01,487.0,1117,0.7578149218750001,False,2026-09-18 13:37:52+00:00,NVDA261016C00375000
NVDA,2026-10-02,230.86,2026-10-16,C,380.0,0.0,0.02,0.02,50.0,2019,0.7812521875,False,2026-10-01 19:08:19+00:00,NVDA261016C00380000
NVDA,2026-10-02,230.86,2026-10-16,C,385.0,0.0,0.02,0.01,508.0,155,0.79687703125,False,2026-10-01 19:09:52+00:00,NVDA261016C00385000
NVDA,2026-10-02,230.86,2026-10-16,C,390.0,0.0,0.02,0.01,118.0,1828,0.8125018749999999,False,2026-10-01 19:05:08+00:00,NVDA261016C00390000
NVDA,2026-10-02,230.86,2026-10-16,C,395.0,0.0,0.02,0.01,520.0,22,0.8281267187499999,False,2026-10-01 17:28:01+00:00,NVDA261016C00395000
NVDA,2026-10-02,230.86,2026-10-16,C,400.0,0.0,0.02,0.01,614.0,8306,0.8437515624999999,False,2026-10-01 17:50:04+00:00,NVDA261016C00400000
NVDA,2026-10-02,230.86,2026-10-16,C,405.0,0.0,0.02,0.01,894.0,12,0.867188828125,False,2026-10-01 19:03:12+00:00,NVDA261016C00405000
NVDA,2026-10-02,230.86,2026-10-16,C,410.0,0.0,0.02,0.01,493.0,1330,0.8906260937499999,False,2026-10-01 19:02:14+00:00,NVDA261016C00410000
NVDA,2026-10-02,230.86,2026-10-16,C,415.0,0.0,0.02,0.01,433.0,54,0.9062509375,False,2026-10-01 18:53:08+00:00,NVDA261016C00415000
NVDA,2026-10-02,230.86,2026-10-16,C,420.0,0.0,0.01,0.01,504.0,544,0.87500125,False,2026-10-01 17:49:04+00:00,NVDA261016C00420000
NVDA,2026-10-02,230.86,2026-10-16,C,430.0,0.0,0.02,0.02,101.0,275,0.9531254687499999,False,2026-10-01 17:49:05+00:00,NVDA261016C00430000
NVDA,2026-10-02,230.86,2026-10-16,C,435.0,0.0,0.02,0.01,393.0,143,0.9687503125,False,2026-10-01 17:49:55+00:00,NVDA261016C00435000
NVDA,2026-10-02,230.86,2026-10-16,C,440.0,0.0,0.02,0.01,240.0,672,0.98437515625,False,2026-10-01 17:51:19+00:00,NVDA261016C00440000
NVDA,2026-10-02,230.86,2026-10-16,C,450.0,0.0,0.02,0.01,1.0,859,1.015629921875,False,2026-09-28 13:37:39+00:00,NVDA261016C00450000
NVDA,2026-10-02,230.86,2026-10-16,C,455.0,0.0,0.02,0.03,85.0,752,1.0312548437500002,False,2026-09-11 13:32:16+00:00,NVDA261016C00455000
NVDA,2026-10-02,230.86,2026-10-16,C,460.0,0.0,0.01,0.01,2.0,17137,0.98437515625,False,2026-10-01 19:47:53+00:00,NVDA261016C00460000
NVDA,2026-10-02,230.86,2026-10-16,P,5.0,0.0,0.01,0.02,1.0,4024,5.7500028125,False,2026-07-08 15:59:47+00:00,NVDA261016P00005000
NVDA,2026-10-02,230.86,2026-10-16,P,10.0,0.0,0.01,0.01,,10,4.62500421875,False,2026-07-28 17:46:06+00:00,NVDA261016P00010000
NVDA,2026-10-02,230.86,2026-10-16,P,20.0,0.0,0.01,0.01,1.0,502,3.6250009375000003,False,2026-08-26 17:09:10+00:00,NVDA261016P00020000
NVDA,2026-10-02,230.86,2026-10-16,P,25.0,0.0,0.03,0.03,10.0,30,3.56250109375,False,2026-07-29 15:24:12+00:00,NVDA261016P00025000
NVDA,2026-10-02,230.86,2026-10-16,P,30.0,0.0,0.0,0.02,1.0,0,0.500005,False,2026-05-22 15:19:22+00:00,NVDA261016P00030000
NVDA,2026-10-02,230.86,2026-10-16,P,35.0,0.0,0.01,0.02,7.0,40,2.750003125,False,2026-09-16 19:58:25+00:00,NVDA261016P00035000
NVDA,2026-10-02,230.86,2026-10-16,P,40.0,0.0,0.01,0.01,2.0,269,2.56250359375,False,2026-08-26 18:22:31+00:00,NVDA261016P00040000
NVDA,2026-10-02,230.86,2026-10-16,P,45.0,0.0,0.01,0.01,12.0,82,2.3750040624999995,False,2026-09-16 19:57:22+00:00,NVDA261016P00045000
NVDA,2026-10-02,230.86,2026-10-16,P,50.0,0.0,0.01,0.01,501.0,1487,2.2500043749999996,False,2026-09-15 17:18:50+00:00,NVDA261016P00050000
NVDA,2026-10-02,230.86,2026-10-16,P,55.0,0.0,0.01,0.01,1.0,7234,2.1250046874999997,False,2026-09-25 17:24:55+00:00,NVDA261016P00055000
NVDA,2026-10-02,230.86,2026-10-16,P,60.0,0.0,0.01,0.01,4.0,1746,1.96875015625,False,2026-09-29 15:13:14+00:00,NVDA261016P00060000
NVDA,2026-10-02,230.86,2026-10-16,P,65.0,0.0,0.01,0.01,269.0,4617,1.875000625,False,2026-09-28 19:38:52+00:00,NVDA261016P00065000
NVDA,2026-10-02,230.86,2026-10-16,P,70.0,0.0,0.01,0.01,7.0,7534,1.75000125,False,2026-10-01 18:21:14+00:00,NVDA261016P00070000
NVDA,2026-10-02,230.86,2026-10-16,P,75.0,0.0,0.01,0.01,7.0,327,1.6875015625,False,2026-10-01 18:21:27+00:00,NVDA261016P00075000
NVDA,2026-10-02,230.86,2026-10-16,P,80.0,0.0,0.01,0.01,220.0,529,1.5625021874999998,False,2026-10-01 18:21:41+00:00,NVDA261016P00080000
NVDA,2026-10-02,230.86,2026-10-16,P,85.0,0.0,0.02,0.01,252.0,1555,1.5625021874999998,False,2026-10-01 19:50:16+00:00,NVDA261016P00085000
NVDA,2026-10-02,230.86,2026-10-16,P,90.0,0.01,0.02,0.01,11.0,1541,1.5312523437499999,False,2026-10-01 13:41:22+00:00,NVDA261016P00090000
NVDA,2026-10-02,230.86,2026-10-16,P,95.0,0.01,0.03,0.01,1.0,1555,1.484377578125,False,2026-09-30 13:30:02+00:00,NVDA261016P00095000
NVDA,2026-10-02,230.86,2026-10-16,P,100.0,0.01,0.02,0.02,23.0,5541,1.3750031249999999,False,2026-10-01 15:23:04+00:00,NVDA261016P00100000
NVDA,2026-10-02,230.86,2026-10-16,P,105.0,0.01,0.03,0.03,11.0,2454,1.3281283593749997,False,2026-09-30 15:10:43+00:00,NVDA261016P00105000
NVDA,2026-10-02,230.86,2026-10-16,P,110.0,0.02,0.03,0.02,20.0,8830,1.2734411328124997,False,2026-09-28 13:30:47+00:00,NVDA261016P00110000
NVDA,2026-10-02,230.86,2026-10-16,P,115.0,0.02,0.03,0.03,3455.0,11671,1.203128984375,False,2026-10-01 17:10:55+00:00,NVDA261016P00115000
NVDA,2026-10-02,230.86,2026-10-16,P,120.0,0.02,0.04,0.02,1120.0,19816,1.15625421875,False,2026-10-01 19:39:43+00:00,NVDA261016P00120000
NVDA,2026-10-02,230.86,2026-10-16,P,125.0,0.03,0.04,0.03,3090.0,8635,1.1015669921875002,False,2026-10-01 19:54:06+00:00,NVDA261016P00125000
NVDA,2026-10-02,230.86,2026-10-16,P,130.0,0.03,0.04,0.03,324.0,7074,1.0390673046875003,False,2026-10-01 19:27:01+00:00,NVDA261016P00130000
NVDA,2026-10-02,230.86,2026-10-16,P,135.0,0.03,0.05,0.04,134.0,10670,0.9882813671875,False,2026-10-01 16:37:05+00:00,NVDA261016P00135000
NVDA,2026-10-02,230.86,2026-10-16,P,140.0,0.05,0.06,0.05,751.0,18437,0.9570316796874999,False,2026-10-01 19:58:37+00:00,NVDA261016P00140000
NVDA,2026-10-02,230.86,2026-10-16,P,145.0,0.05,0.07,0.06,181.0,11568,0.9062509375,False,2026-10-01 17:15:36+00:00,NVDA261016P00145000
NVDA,2026-10-02,230.86,2026-10-16,P,150.0,0.06,0.07,0.07,8.0,27721,0.851563984375,False,2026-10-01 19:22:04+00:00,NVDA261016P00150000
NVDA,2026-10-02,230.86,2026-10-16,P,155.0,0.07,0.08,0.07,48.0,12766,0.80664255859375,False,2026-10-01 18:14:53+00:00,NVDA261016P00155000
NVDA,2026-10-02,230.86,2026-10-16,P,160.0,0.08,0.1,0.08,362.0,18214,0.7656273437500001,False,2026-10-01 18:14:32+00:00,NVDA261016P00160000
NVDA,2026-10-02,230.86,2026-10-16,P,165.0,0.09,0.11,0.1,368.0,25374,0.71679970703125,False,2026-10-01 19:47:16+00:00,NVDA261016P00165000
NVDA,2026-10-02,230.86,2026-10-16,P,170.0,0.11,0.13,0.11,768.0,31645,0.6757844921875001,False,2026-10-01 19:46:32+00:00,NVDA261016P00170000
NVDA,2026-10-02,230.86,2026-10-16,P,175.0,0.13,0.14,0.13,127.0,19959,0.6289099609375001,False,2026-10-01 19:52:46+00:00,NVDA261016P00175000
NVDA,2026-10-02,230.86,2026-10-16,P,180.0,0.15,0.16,0.15,931.0,34974,0.5839885351562499,False,2026-10-01 19:59:52+00:00,NVDA261016P00180000
NVDA,2026-10-02,230.86,2026-10-16,P,185.0,0.18,0.19,0.18,1026.0,23536,0.5419967675781252,False,2026-10-01 19:52:46+00:00,NVDA261016P00185000
NVDA,2026-10-02,230.86,2026-10-16,P,190.0,0.21,0.23,0.21,1410.0,23867,0.5029346582031251,False,2026-10-01 19:46:34+00:00,NVDA261016P00190000
NVDA,2026-10-02,230.86,2026-10-16,P,195.0,0.26,0.28,0.26,1462.0,34263,0.46143116699218756,False,2026-10-01 19:55:20+00:00,NVDA261016P00195000
NVDA,2026-10-02,230.86,2026-10-16,P,197.5,0.28,0.31,0.33,25.0,658,0.44043528320312497,False,2026-10-01 17:36:38+00:00,NVDA261016P00197500
NVDA,2026-10-02,230.86,2026-10-16,P,200.0,0.33,0.35,0.33,2196.0,39368,0.42090422851562503,False,2026-10-01 19:59:52+00:00,NVDA261016P00200000
NVDA,2026-10-02,230.86,2026-10-16,P,202.5,0.38,0.4,0.39,445.0,3096,0.4018614501953125,False,2026-10-01 19:34:40+00:00,NVDA261016P00202500
NVDA,2026-10-02,230.86,2026-10-16,P,205.0,0.46,0.47,0.46,1015.0,28976,0.3845276391601562,False,2026-10-01 19:56:57+00:00,NVDA261016P00205000
NVDA,2026-10-02,230.86,2026-10-16,P,207.5,0.56,0.58,0.56,1054.0,2444,0.3711000390625,False,2026-10-01 19:56:57+00:00,NVDA261016P00207500
NVDA,2026-10-02,230.86,2026-10-16,P,210.0,0.7,0.71,0.73,2653.0,28617,0.3566958862304687,False,2026-10-01 19:59:22+00:00,NVDA261016P00210000
NVDA,2026-10-02,230.86,2026-10-16,P,212.5,0.88,0.89,0.9,802.0,1903,0.3442448388671875,False,2026-10-01 19:59:57+00:00,NVDA261016P00212500
NVDA,2026-10-02,230.86,2026-10-16,P,215.0,1.12,1.14,1.14,1992.0,18512,0.33423517333984376,False,2026-10-01 19:58:53+00:00,NVDA261016P00215000
NVDA,2026-10-02,230.86,2026-10-16,P,217.5,1.44,1.46,1.48,730.0,3065,0.3242255078124999,False,2026-10-01 19:59:35+00:00,NVDA261016P00217500
NVDA,2026-10-02,230.86,2026-10-16,P,220.0,1.87,1.89,1.92,5796.0,51243,0.31629101684570304,False,2026-10-01 19:59:22+00:00,NVDA261016P00220000
NVDA,2026-10-02,230.86,2026-10-16,P,222.5,2.4,2.43,2.46,1348.0,1520,0.30847859497070307,False,2026-10-01 19:59:11+00:00,NVDA261016P00222500
NVDA,2026-10-02,230.86,2026-10-16,P,225.0,3.05,3.15,3.1,2669.0,15107,0.30383996948242187,False,2026-10-01 19:59:56+00:00,NVDA261016P00225000
NVDA,2026-10-02,230.86,2026-10-16,P,227.5,3.9,3.95,3.96,2273.0,3270,0.29505099487304687,False,2026-10-01 19:57:20+00:00,NVDA261016P00227500
NVDA,2026-10-02,230.86,2026-10-16,P,230.0,4.95,5.0,5.05,11674.0,14624,0.29090064575195307,False,2026-10-01 19:59:51+00:00,NVDA261016P00230000
NVDA,2026-10-02,230.86,2026-10-16,P,232.5,6.15,6.2,6.25,1543.0,1025,0.28504132934570303,True,2026-10-01 19:59:01+00:00,NVDA261016P00232500
NVDA,2026-10-02,230.86,2026-10-16,P,235.0,7.5,7.6,7.6,656.0,4744,0.28003649658203117,True,2026-10-01 19:58:59+00:00,NVDA261016P00235000
NVDA,2026-10-02,230.86,2026-10-16,P,237.5,9.1,9.15,9.25,224.0,328,0.27283442016601556,True,2026-10-01 19:45:35+00:00,NVDA261016P00237500
NVDA,2026-10-02,230.86,2026-10-16,P,240.0,10.85,10.9,10.35,756.0,3429,0.266608896484375,True,2026-10-01 19:54:40+00:00,NVDA261016P00240000
NVDA,2026-10-02,230.86,2026-10-16,P,242.5,12.75,12.85,12.9,57.0,29,0.26270268554687504,True,2026-10-01 19:59:10+00:00,NVDA261016P00242500
NVDA,2026-10-02,230.86,2026-10-16,P,245.0,14.5,15.25,14.34,58.0,546,0.28748271118164054,True,2026-10-01 19:13:17+00:00,NVDA261016P00245000
NVDA,2026-10-02,230.86,2026-10-16,P,250.0,18.95,19.7,19.0,127.0,1435,0.2885813330078124,True,2026-10-01 19:54:18+00:00,NVDA261016P00250000
NVDA,2026-10-02,230.86,2026-10-16,P,255.0,22.3,24.5,24.87,14.0,833,0.3086006640625,True,2026-10-01 14:33:40+00:00,NVDA261016P00255000
NVDA,2026-10-02,230.86,2026-10-16,P,260.0,27.4,30.35,30.22,4.0,95,0.4726615234375,True,2026-10-01 15:37:54+00:00,NVDA261016P00260000
NVDA,2026-10-02,230.86,2026-10-16,P,265.0,32.3,35.9,35.16,4.0,0,0.583866466064453,True,2026-10-01 15:34:43+00:00,NVDA261016P00265000
NVDA,2026-10-02,230.86,2026-10-16,P,270.0,38.45,39.7,38.59,4.0,4,0.48169463623046876,True,2026-10-01 19:43:35+00:00,NVDA261016P00270000
NVDA,2026-10-02,230.86,2026-10-16,P,275.0,42.7,45.6,43.55,8.0,0,0.654544470214844,True,2026-10-01 15:31:37+00:00,NVDA261016P00275000
NVDA,2026-10-02,230.86,2026-10-16,P,280.0,47.25,50.85,60.21,36.0,0,0.7318142053222656,True,2026-09-10 18:34:04+00:00,NVDA261016P00280000
NVDA,2026-10-02,230.86,2026-10-16,P,285.0,0.0,0.0,65.58,2.0,0,1.0000000000000003e-05,True,2026-08-10 15:57:30+00:00,NVDA261016P00285000
NVDA,2026-10-02,230.86,2026-10-16,P,290.0,57.05,60.95,74.6,2.0,0,0.8366715551757811,True,2026-09-01 19:58:28+00:00,NVDA261016P00290000
NVDA,2026-10-02,230.86,2026-10-16,P,295.0,63.25,68.55,79.62,5.0,0,0.87500125,True,2026-08-21 14:36:24+00:00,NVDA261016P00295000
NVDA,2026-10-02,230.86,2026-10-16,P,300.0,67.3,70.65,69.6,2.0,1,0.8852550537109375,True,2026-10-01 15:24:51+00:00,NVDA261016P00300000
NVDA,2026-10-02,230.86,2026-10-16,P,305.0,72.05,76.25,80.57,1.0,0,1.003667091064453,True,2026-09-25 19:50:15+00:00,NVDA261016P00305000
NVDA,2026-10-02,230.86,2026-10-16,P,310.0,77.25,80.7,81.45,4.0,0,0.9731447998046875,True,2026-10-01 15:07:45+00:00,NVDA261016P00310000
NVDA,2026-10-02,230.86,2026-10-16,P,360.0,0.0,0.0,142.25,1.0,0,1.0000000000000003e-05,True,2026-05-29 17:06:51+00:00,NVDA261016P00360000
NVDA,2026-10-02,230.86,2026-10-16,P,370.0,137.1,140.8,146.03,32.0,0,1.4018584594726562,True,2026-08-27 13:34:17+00:00,NVDA261016P00370000
NVDA,2026-10-02,230.86,2026-10-16,P,380.0,0.0,0.0,158.2,30.0,0,1.0000000000000003e-05,True,2026-05-21 18:10:39+00:00,NVDA261016P00380000
NVDA,2026-10-02,230.86,2026-10-16,P,390.0,155.0,163.75,183.33,1.0,0,1.1171919140625,True,2026-08-03 19:53:36+00:00,NVDA261016P00390000
NVDA,2026-10-02,230.86,2026-10-16,P,400.0,167.05,170.8,170.16,1.0,1,1.573976739501953,True,2026-09-28 19:25:01+00:00,NVDA261016P00400000
NVDA,2026-10-02,230.86,2026-10-16,P,405.0,172.05,176.05,181.28,1.0,0,1.6450213061523438,True,2026-09-25 19:50:17+00:00,NVDA261016P00405000
NVDA,2026-10-02,230.86,2026-10-16,P,410.0,178.25,183.55,182.97,1.0,0,1.6455095849609376,True,2026-08-13 19:50:27+00:00,NVDA261016P00410000
NVDA,2026-10-02,230.86,2026-10-16,P,440.0,229.7,231.95,212.53,,0,3.5120861807250976,True,2026-05-13 16:30:55+00:00,NVDA261016P00440000
NVDA,2026-10-02,230.86,2026-10-16,P,455.0,223.25,228.55,229.4,2.0,0,1.867432303466797,True,2026-08-13 19:51:57+00:00,NVDA261016P00455000
NVDA,2026-10-02,230.86,2026-10-16,P,460.0,0.0,0.0,234.38,4.0,0,1.0000000000000003e-05,True,2026-08-13 19:51:57+00:00,NVDA261016P00460000
NVDA,2026-10-02,230.86,2026-10-23,C,90.0,137.8,145.0,140.89,3.0,8,1.9052739111328125,True,2026-09-30 16:26:09+00:00,NVDA261023C00090000
NVDA,2026-10-02,230.86,2026-10-23,C,95.0,132.7,140.0,130.85,,2,1.7773448632812499,True,2026-09-08 19:57:02+00:00,NVDA261023C00095000
NVDA,2026-10-02,230.86,2026-10-23,C,110.0,117.85,125.1,114.25,10.0,8,1.5634787451171874,True,2026-09-24 19:42:46+00:00,NVDA261023C00110000
NVDA,2026-10-02,230.86,2026-10-23,C,115.0,112.6,120.1,105.48,1.0,1,1.425295842285156,True,2026-09-18 15:19:09+00:00,NVDA261023C00115000
NVDA,2026-10-02,230.86,2026-10-23,C,120.0,107.75,115.1,111.52,1.0,80,1.378421076660156,True,2026-09-28 17:38:22+00:00,NVDA261023C00120000
NVDA,2026-10-02,230.86,2026-10-23,C,130.0,97.7,105.15,90.18,,9,1.2275429248046876,True,2026-09-17 19:42:24+00:00,NVDA261023C00130000
NVDA,2026-10-02,230.86,2026-10-23,C,135.0,92.7,100.2,96.1,1.0,6,1.1650432373046877,True,2026-09-28 14:33:25+00:00,NVDA261023C00135000
NVDA,2026-10-02,230.86,2026-10-23,C,140.0,87.85,95.15,84.78,1.0,12,1.111332568359375,True,2026-09-25 19:19:47+00:00,NVDA261023C00140000
NVDA,2026-10-02,230.86,2026-10-23,C,145.0,82.8,90.25,86.33,4.0,4,1.05078599609375,True,2026-09-30 16:26:09+00:00,NVDA261023C00145000
NVDA,2026-10-02,230.86,2026-10-23,C,150.0,77.75,85.25,81.48,2.0,41,0.9775392871093751,True,2026-10-01 17:11:46+00:00,NVDA261023C00150000
NVDA,2026-10-02,230.86,2026-10-23,C,155.0,72.8,80.3,74.03,7.0,8,0.9262702685546875,True,2026-09-21 18:52:18+00:00,NVDA261023C00155000
NVDA,2026-10-02,230.86,2026-10-23,C,160.0,67.85,75.3,71.5,1.0,10,0.86914193359375,True,2026-09-22 17:09:23+00:00,NVDA261023C00160000
NVDA,2026-10-02,230.86,2026-10-23,C,165.0,62.85,70.35,63.6,1.0,12,0.8127460131835937,True,2026-09-23 13:56:04+00:00,NVDA261023C00165000
NVDA,2026-10-02,230.86,2026-10-23,C,170.0,57.95,65.35,62.3,5.0,15,0.7622094091796876,True,2026-10-01 19:17:54+00:00,NVDA261023C00170000
NVDA,2026-10-02,230.86,2026-10-23,C,175.0,52.95,60.4,55.75,1.0,62,0.7065459033203125,True,2026-09-28 19:18:50+00:00,NVDA261023C00175000
NVDA,2026-10-02,230.86,2026-10-23,C,180.0,48.05,55.5,51.79,9.0,95,0.6640658593750002,True,2026-10-01 19:50:34+00:00,NVDA261023C00180000
NVDA,2026-10-02,230.86,2026-10-23,C,185.0,43.1,49.35,46.67,7.0,19,0.5014698291015626,True,2026-10-01 19:51:06+00:00,NVDA261023C00185000
NVDA,2026-10-02,230.86,2026-10-23,C,190.0,38.3,43.25,42.34,3.0,204,0.7077665942382813,True,2026-10-01 19:23:26+00:00,NVDA261023C00190000
NVDA,2026-10-02,230.86,2026-10-23,C,195.0,33.35,38.4,35.87,5.0,157,0.6517368811035158,True,2026-10-01 14:22:09+00:00,NVDA261023C00195000
NVDA,2026-10-02,230.86,2026-10-23,C,200.0,30.15,34.0,33.0,21.0,270,0.6280554772949221,True,2026-10-01 19:03:10+00:00,NVDA261023C00200000
NVDA,2026-10-02,230.86,2026-10-23,C,205.0,25.4,27.8,27.5,2.0,326,0.46716841430664063,True,2026-10-01 17:42:05+00:00,NVDA261023C00205000
NVDA,2026-10-02,230.86,2026-10-23,C,210.0,22.3,23.8,23.29,53.0,1331,0.46985393432617195,True,2026-10-01 19:45:50+00:00,NVDA261023C00210000
NVDA,2026-10-02,230.86,2026-10-23,C,215.0,18.05,18.75,18.28,29.0,1557,0.3936828210449219,True,2026-10-01 19:58:42+00:00,NVDA261023C00215000
NVDA,2026-10-02,230.86,2026-10-23,C,220.0,14.1,14.45,14.23,190.0,2505,0.35584140258789054,True,2026-10-01 19:58:42+00:00,NVDA261023C00220000
NVDA,2026-10-02,230.86,2026-10-23,C,225.0,10.6,10.9,10.65,517.0,6094,0.34113207702636716,True,2026-10-01 19:59:54+00:00,NVDA261023C00225000
NVDA,2026-10-02,230.86,2026-10-23,C,230.0,7.55,7.8,7.65,2212.0,5213,0.3262396478271484,True,2026-10-01 19:59:58+00:00,NVDA261023C00230000
NVDA,2026-10-02,230.86,2026-10-23,C,235.0,5.15,5.25,5.15,6149.0,9322,0.3125679095458984,False,2026-10-01 19:59:52+00:00,NVDA261023C00235000
NVDA,2026-10-02,230.86,2026-10-23,C,240.0,3.3,3.4,3.35,1796.0,7530,0.305671005859375,False,2026-10-01 19:59:33+00:00,NVDA261023C00240000
NVDA,2026-10-02,230.86,2026-10-23,C,245.0,2.02,2.1,2.04,732.0,7569,0.3012765185546875,False,2026-10-01 19:59:14+00:00,NVDA261023C00245000
NVDA,2026-10-02,230.86,2026-10-23,C,250.0,1.18,1.24,1.17,2597.0,7347,0.2985909985351562,False,2026-10-01 19:58:24+00:00,NVDA261023C00250000
NVDA,2026-10-02,230.86,2026-10-23,C,255.0,0.67,0.72,0.72,395.0,3806,0.29883513671874995,False,2026-10-01 19:54:41+00:00,NVDA261023C00255000
NVDA,2026-10-02,230.86,2026-10-23,C,260.0,0.38,0.42,0.38,1373.0,6029,0.30225307128906254,False,2026-10-01 19:28:00+00:00,NVDA261023C00260000
NVDA,2026-10-02,230.86,2026-10-23,C,265.0,0.22,0.25,0.27,118.0,664,0.30762411132812495,False,2026-10-01 19:20:34+00:00,NVDA261023C00265000
NVDA,2026-10-02,230.86,2026-10-23,C,270.0,0.14,0.16,0.15,14.0,869,0.317389638671875,False,2026-10-01 16:33:05+00:00,NVDA261023C00270000
NVDA,2026-10-02,230.86,2026-10-23,C,275.0,0.1,0.11,0.1,1467.0,1354,0.32910827148437494,False,2026-10-01 19:10:36+00:00,NVDA261023C00275000
NVDA,2026-10-02,230.86,2026-10-23,C,280.0,0.05,0.08,0.08,1.0,369,0.34278000976562495,False,2026-10-01 16:38:18+00:00,NVDA261023C00280000
NVDA,2026-10-02,230.86,2026-10-23,C,285.0,0.03,0.06,0.06,50.0,292,0.35645174804687496,False,2026-10-01 19:37:38+00:00,NVDA261023C00285000
NVDA,2026-10-02,230.86,2026-10-23,C,290.0,0.03,0.05,0.05,19.0,341,0.37402969726562496,False,2026-10-01 19:47:45+00:00,NVDA261023C00290000
NVDA,2026-10-02,230.86,2026-10-23,C,295.0,0.01,0.04,0.03,3.0,291,0.38867798828125,False,2026-09-30 17:46:37+00:00,NVDA261023C00295000
NVDA,2026-10-02,230.86,2026-10-23,C,300.0,0.02,0.03,0.03,161.0,243,0.398443515625,False,2026-10-01 19:58:05+00:00,NVDA261023C00300000
NVDA,2026-10-02,230.86,2026-10-23,C,305.0,0.01,0.03,0.02,10.0,43,0.42188078125,False,2026-10-01 19:47:56+00:00,NVDA261023C00305000
NVDA,2026-10-02,230.86,2026-10-23,C,310.0,0.01,0.03,0.03,16.0,1081,0.44336494140625,False,2026-10-01 19:48:11+00:00,NVDA261023C00310000
NVDA,2026-10-02,230.86,2026-10-23,C,315.0,0.01,0.03,0.03,2.0,67,0.46484910156250003,False,2026-09-30 13:43:37+00:00,NVDA261023C00315000
NVDA,2026-10-02,230.86,2026-10-23,C,320.0,0.01,0.02,0.02,1.0,257,0.4687553125,False,2026-09-29 18:09:58+00:00,NVDA261023C00320000
NVDA,2026-10-02,230.86,2026-10-23,C,325.0,0.0,0.03,0.01,58.0,236,0.50586431640625,False,2026-09-23 17:59:45+00:00,NVDA261023C00325000
NVDA,2026-10-02,230.86,2026-10-23,C,330.0,0.0,0.03,0.01,10.0,22,0.52539537109375,False,2026-09-29 18:48:14+00:00,NVDA261023C00330000
NVDA,2026-10-02,230.86,2026-10-23,C,335.0,0.0,0.03,0.03,1.0,32,0.5117236328125,False,2026-09-30 13:31:49+00:00,NVDA261023C00335000
NVDA,2026-10-02,230.86,2026-10-23,C,340.0,0.0,0.03,0.01,1.0,105,0.5312546875,False,2026-09-17 13:30:02+00:00,NVDA261023C00340000
NVDA,2026-10-02,230.86,2026-10-23,C,345.0,0.0,0.03,0.02,9.0,18,0.5468795312500001,False,2026-09-18 13:55:25+00:00,NVDA261023C00345000
NVDA,2026-10-02,230.86,2026-10-23,C,350.0,0.0,0.03,0.03,4.0,12,0.5625043750000001,False,2026-09-14 17:40:33+00:00,NVDA261023C00350000
NVDA,2026-10-02,230.86,2026-10-23,C,360.0,0.0,0.03,0.02,50.0,53,0.6015664843750002,False,2026-09-29 19:05:51+00:00,NVDA261023C00360000
NVDA,2026-10-02,230.86,2026-10-23,C,370.0,0.0,0.03,0.02,10.0,38,0.632816171875,False,2026-09-11 14:48:56+00:00,NVDA261023C00370000
NVDA,2026-10-02,230.86,2026-10-23,C,390.0,0.0,0.03,0.01,1.0,6,0.6953155468750001,False,2026-09-21 15:52:48+00:00,NVDA261023C00390000
NVDA,2026-10-02,230.86,2026-10-23,P,50.0,0.0,0.02,0.01,10.0,17,1.96875015625,False,2026-10-01 19:59:35+00:00,NVDA261023P00050000
NVDA,2026-10-02,230.86,2026-10-23,P,65.0,0.0,0.02,0.05,5.0,0,1.625001875,False,2026-09-29 16:39:18+00:00,NVDA261023P00065000
NVDA,2026-10-02,230.86,2026-10-23,P,75.0,0.0,0.03,0.03,20.0,24,1.5000025,False,2026-09-24 13:58:55+00:00,NVDA261023P00075000
NVDA,2026-10-02,230.86,2026-10-23,P,80.0,0.0,0.03,0.01,190.0,219,1.421877890625,False,2026-09-30 17:53:43+00:00,NVDA261023P00080000
NVDA,2026-10-02,230.86,2026-10-23,P,85.0,0.0,0.03,0.01,10.0,12,1.3437532812499997,False,2026-09-30 17:57:31+00:00,NVDA261023P00085000
NVDA,2026-10-02,230.86,2026-10-23,P,90.0,0.0,0.04,0.02,4.0,33,1.2968785156249998,False,2026-09-29 19:54:13+00:00,NVDA261023P00090000
NVDA,2026-10-02,230.86,2026-10-23,P,95.0,0.01,0.04,0.02,20.0,101,1.2500037499999999,False,2026-09-30 15:34:42+00:00,NVDA261023P00095000
NVDA,2026-10-02,230.86,2026-10-23,P,100.0,0.01,0.04,0.04,2.0,49,1.1796916015624999,False,2026-09-28 15:35:40+00:00,NVDA261023P00100000
NVDA,2026-10-02,230.86,2026-10-23,P,105.0,0.02,0.05,0.02,2.0,128,1.15234798828125,False,2026-09-28 18:47:55+00:00,NVDA261023P00105000
NVDA,2026-10-02,230.86,2026-10-23,P,110.0,0.02,0.05,0.06,2.0,9,1.0859420703125,False,2026-09-25 16:46:17+00:00,NVDA261023P00110000
NVDA,2026-10-02,230.86,2026-10-23,P,115.0,0.03,0.05,0.03,1.0,5308,1.0390673046875003,False,2026-09-29 13:30:00+00:00,NVDA261023P00115000
NVDA,2026-10-02,230.86,2026-10-23,P,120.0,0.04,0.06,0.05,6707.0,330,1.0039112304687499,False,2026-10-01 17:03:30+00:00,NVDA261023P00120000
NVDA,2026-10-02,230.86,2026-10-23,P,125.0,0.04,0.07,0.05,20.0,1027,0.95507857421875,False,2026-10-01 15:42:16+00:00,NVDA261023P00125000
NVDA,2026-10-02,230.86,2026-10-23,P,130.0,0.05,0.08,0.08,5.0,117,0.914063359375,False,2026-09-25 19:53:37+00:00,NVDA261023P00130000
NVDA,2026-10-02,230.86,2026-10-23,P,135.0,0.05,0.08,0.07,45.0,130,0.85937640625,False,2026-10-01 19:51:40+00:00,NVDA261023P00135000
NVDA,2026-10-02,230.86,2026-10-23,P,140.0,0.06,0.09,0.08,118.0,1488,0.8183611914062499,False,2026-10-01 19:51:40+00:00,NVDA261023P00140000
NVDA,2026-10-02,230.86,2026-10-23,P,145.0,0.07,0.1,0.09,52.0,98,0.7773459765625,False,2026-10-01 19:51:40+00:00,NVDA261023P00145000
NVDA,2026-10-02,230.86,2026-10-23,P,150.0,0.08,0.11,0.12,45.0,353,0.73633076171875,False,2026-10-01 17:15:01+00:00,NVDA261023P00150000
NVDA,2026-10-02,230.86,2026-10-23,P,155.0,0.1,0.13,0.11,201.0,100,0.702151416015625,False,2026-10-01 19:35:31+00:00,NVDA261023P00155000
NVDA,2026-10-02,230.86,2026-10-23,P,160.0,0.11,0.15,0.13,3.0,346,0.6621127539062501,False,2026-10-01 16:15:52+00:00,NVDA261023P00160000
NVDA,2026-10-02,230.86,2026-10-23,P,165.0,0.13,0.16,0.17,215.0,603,0.622074091796875,False,2026-10-01 14:11:56+00:00,NVDA261023P00165000
NVDA,2026-10-02,230.86,2026-10-23,P,170.0,0.15,0.18,0.15,260.0,843,0.5830119824218749,False,2026-10-01 19:52:15+00:00,NVDA261023P00170000
NVDA,2026-10-02,230.86,2026-10-23,P,175.0,0.17,0.21,0.21,4.0,470,0.5459029785156251,False,2026-10-01 16:15:52+00:00,NVDA261023P00175000
NVDA,2026-10-02,230.86,2026-10-23,P,180.0,0.21,0.24,0.21,743.0,915,0.5107470800781251,False,2026-10-01 19:38:06+00:00,NVDA261023P00180000
NVDA,2026-10-02,230.86,2026-10-23,P,185.0,0.26,0.29,0.26,161.0,2468,0.4819387744140625,False,2026-10-01 19:35:45+00:00,NVDA261023P00185000
NVDA,2026-10-02,230.86,2026-10-23,P,190.0,0.32,0.35,0.34,56.0,2758,0.44727115234375,False,2026-10-01 19:14:53+00:00,NVDA261023P00190000
NVDA,2026-10-02,230.86,2026-10-23,P,195.0,0.41,0.45,0.41,133.0,3571,0.4172421557617187,False,2026-10-01 19:52:18+00:00,NVDA261023P00195000
NVDA,2026-10-02,230.86,2026-10-23,P,200.0,0.56,0.6,0.58,297.0,4360,0.38941040283203127,False,2026-10-01 19:58:40+00:00,NVDA261023P00200000
NVDA,2026-10-02,230.86,2026-10-23,P,205.0,0.78,0.83,0.8,1218.0,3774,0.3640200317382813,False,2026-10-01 19:54:30+00:00,NVDA261023P00205000
NVDA,2026-10-02,230.86,2026-10-23,P,210.0,1.16,1.22,1.22,752.0,7464,0.3437565625,False,2026-10-01 19:56:06+00:00,NVDA261023P00210000
NVDA,2026-10-02,230.86,2026-10-23,P,215.0,1.76,1.83,1.8,813.0,5654,0.3263006823730469,False,2026-10-01 19:58:48+00:00,NVDA261023P00215000
NVDA,2026-10-02,230.86,2026-10-23,P,220.0,2.7,2.78,2.82,2111.0,2837,0.3122627368164062,False,2026-10-01 19:59:21+00:00,NVDA261023P00220000
NVDA,2026-10-02,230.86,2026-10-23,P,225.0,4.05,4.2,4.1,2255.0,5768,0.30152065673828127,False,2026-10-01 19:57:25+00:00,NVDA261023P00225000
NVDA,2026-10-02,230.86,2026-10-23,P,230.0,6.0,6.15,6.1,1667.0,1773,0.2912668530273437,False,2026-10-01 19:59:33+00:00,NVDA261023P00230000
NVDA,2026-10-02,230.86,2026-10-23,P,235.0,8.45,8.85,8.3,148.0,610,0.2882151257324218,True,2026-10-01 19:22:10+00:00,NVDA261023P00235000
NVDA,2026-10-02,230.86,2026-10-23,P,240.0,11.45,12.2,11.54,17.0,159,0.28882547119140617,True,2026-10-01 18:33:33+00:00,NVDA261023P00240000
NVDA,2026-10-02,230.86,2026-10-23,P,245.0,15.05,15.85,15.8,80.0,68,0.2775951147460937,True,2026-10-01 19:44:29+00:00,NVDA261023P00245000
NVDA,2026-10-02,230.86,2026-10-23,P,250.0,19.05,20.15,21.15,3.0,89,0.2802806347656249,True,2026-09-30 19:57:44+00:00,NVDA261023P00250000
NVDA,2026-10-02,230.86,2026-10-23,P,255.0,23.5,26.75,24.1,11.0,121,0.44507390869140623,True,2026-10-01 17:43:10+00:00,NVDA261023P00255000
NVDA,2026-10-02,230.86,2026-10-23,P,260.0,26.6,31.75,29.65,3.0,23,0.49695327270507816,True,2026-10-01 17:19:00+00:00,NVDA261023P00260000
NVDA,2026-10-02,230.86,2026-10-23,P,265.0,30.45,37.6,52.83,70.0,0,0.6029092443847659,True,2026-09-14 17:21:03+00:00,NVDA261023P00265000
NVDA,2026-10-02,230.86,2026-10-23,P,270.0,35.8,42.4,39.35,3.0,0,0.6385534191894531,True,2026-09-29 13:38:08+00:00,NVDA261023P00270000
NVDA,2026-10-02,230.86,2026-10-23,P,275.0,40.9,47.55,47.77,1.0,0,0.6955596850585939,True,2026-09-08 14:36:44+00:00,NVDA261023P00275000
NVDA,2026-10-02,230.86,2026-10-30,C,60.0,167.6,175.0,165.79,,1,2.2548871752929687,True,2026-09-21 16:19:19+00:00,NVDA261030C00060000
NVDA,2026-10-02,230.86,2026-10-30,C,85.0,142.7,150.05,137.9,,2,1.7392591162109374,True,2026-09-24 13:53:50+00:00,NVDA261030C00085000
NVDA,2026-10-02,230.86,2026-10-30,C,90.0,137.8,145.1,139.37,1.0,2,1.6826187744140624,True,2026-09-22 14:34:14+00:00,NVDA261030C00090000
NVDA,2026-10-02,230.86,2026-10-30,C,100.0,127.75,135.15,132.3,1.0,75,1.5087915185546876,True,2026-09-29 13:32:40+00:00,NVDA261030C00100000
NVDA,2026-10-02,230.86,2026-10-30,C,115.0,112.85,120.2,116.33,2.0,1,1.3051792553710935,True,2026-09-30 18:19:02+00:00,NVDA261030C00115000
NVDA,2026-10-02,230.86,2026-10-30,C,120.0,107.9,115.2,111.69,1.0,10,1.241703010253906,True,2026-09-28 17:38:22+00:00,NVDA261030C00120000
NVDA,2026-10-02,230.86,2026-10-30,C,125.0,102.95,110.25,101.62,,14,1.1875040625,True,2026-09-23 16:15:44+00:00,NVDA261030C00125000
NVDA,2026-10-02,230.86,2026-10-30,C,130.0,97.95,105.3,96.81,,1,1.1274457690429687,True,2026-09-23 16:15:01+00:00,NVDA261030C00130000
NVDA,2026-10-02,230.86,2026-10-30,C,135.0,93.1,98.05,96.87,1.0,3,1.3232455712890623,True,2026-09-29 15:04:58+00:00,NVDA261030C00135000
NVDA,2026-10-02,230.86,2026-10-30,C,145.0,83.15,90.4,67.57,,1,0.971679970703125,True,2026-09-15 17:27:34+00:00,NVDA261030C00145000
NVDA,2026-10-02,230.86,2026-10-30,C,150.0,78.05,85.35,80.99,3.0,56,0.8959971337890623,True,2026-10-01 17:20:45+00:00,NVDA261030C00150000
NVDA,2026-10-02,230.86,2026-10-30,C,155.0,73.2,80.4,78.68,1.0,14,0.8569350244140624,True,2026-09-28 13:44:15+00:00,NVDA261030C00155000
NVDA,2026-10-02,230.86,2026-10-30,C,160.0,68.25,75.5,71.0,1.0,39,0.8120135986328124,True,2026-09-25 18:01:15+00:00,NVDA261030C00160000
NVDA,2026-10-02,230.86,2026-10-30,C,165.0,63.35,70.55,66.51,3.0,5,0.7670921728515626,True,2026-09-30 19:04:40+00:00,NVDA261030C00165000
NVDA,2026-10-02,230.86,2026-10-30,C,170.0,58.35,65.65,53.15,4.0,22,0.7180203979492188,True,2026-09-24 14:48:15+00:00,NVDA261030C00170000
NVDA,2026-10-02,230.86,2026-10-30,C,175.0,53.25,60.6,57.17,1.0,32,0.6523472265625001,True,2026-09-30 16:24:57+00:00,NVDA261030C00175000
NVDA,2026-10-02,230.86,2026-10-30,C,180.0,48.5,55.6,52.25,5.0,15,0.614261669921875,True,2026-10-01 19:38:57+00:00,NVDA261030C00180000
NVDA,2026-10-02,230.86,2026-10-30,C,185.0,43.65,50.7,46.42,1.0,15,0.5744671459960937,True,2026-09-30 18:08:57+00:00,NVDA261030C00185000
NVDA,2026-10-02,230.86,2026-10-30,C,190.0,38.6,45.85,42.9,7.0,208,0.52539537109375,True,2026-10-01 19:46:42+00:00,NVDA261030C00190000
NVDA,2026-10-02,230.86,2026-10-30,C,195.0,34.3,37.75,37.0,2.0,179,0.5173388110351562,True,2026-10-01 16:24:28+00:00,NVDA261030C00195000
NVDA,2026-10-02,230.86,2026-10-30,C,200.0,31.15,33.0,32.73,226.0,926,0.47900911621093745,True,2026-10-01 19:18:57+00:00,NVDA261030C00200000
NVDA,2026-10-02,230.86,2026-10-30,C,205.0,27.55,28.9,28.65,39.0,618,0.4779104943847656,True,2026-10-01 19:46:58+00:00,NVDA261030C00205000
NVDA,2026-10-02,230.86,2026-10-30,C,210.0,22.9,23.85,24.18,56.0,920,0.4120542193603516,True,2026-10-01 19:53:32+00:00,NVDA261030C00210000
NVDA,2026-10-02,230.86,2026-10-30,C,215.0,18.85,19.5,19.87,161.0,1013,0.3811097045898437,True,2026-10-01 19:43:39+00:00,NVDA261030C00215000
NVDA,2026-10-02,230.86,2026-10-30,C,220.0,15.15,15.7,15.25,722.0,1460,0.3660952062988281,True,2026-10-01 19:58:35+00:00,NVDA261030C00220000
NVDA,2026-10-02,230.86,2026-10-30,C,225.0,11.75,12.1,11.7,2881.0,4849,0.3459538061523437,True,2026-10-01 19:59:20+00:00,NVDA261030C00225000
NVDA,2026-10-02,230.86,2026-10-30,C,230.0,8.75,9.05,8.75,1808.0,6189,0.33246517150878907,True,2026-10-01 19:59:29+00:00,NVDA261030C00230000
NVDA,2026-10-02,230.86,2026-10-30,C,235.0,6.35,6.55,6.4,1733.0,4671,0.32306585144042954,False,2026-10-01 19:59:32+00:00,NVDA261030C00235000
NVDA,2026-10-02,230.86,2026-10-30,C,240.0,4.4,4.55,4.4,2085.0,8162,0.3149482568359374,False,2026-10-01 19:59:54+00:00,NVDA261030C00240000
NVDA,2026-10-02,230.86,2026-10-30,C,245.0,2.91,3.0,2.84,2432.0,10628,0.30676962768554683,False,2026-10-01 19:59:22+00:00,NVDA261030C00245000
NVDA,2026-10-02,230.86,2026-10-30,C,250.0,1.87,1.98,1.89,5724.0,10765,0.3053047985839844,False,2026-10-01 19:59:52+00:00,NVDA261030C00250000
NVDA,2026-10-02,230.86,2026-10-30,C,255.0,1.18,1.28,1.22,512.0,5432,0.3051827294921875,False,2026-10-01 19:59:58+00:00,NVDA261030C00255000
NVDA,2026-10-02,230.86,2026-10-30,C,260.0,0.76,0.83,0.78,2360.0,5268,0.30762411132812495,False,2026-10-01 19:57:52+00:00,NVDA261030C00260000
NVDA,2026-10-02,230.86,2026-10-30,C,265.0,0.48,0.53,0.53,556.0,1877,0.3103096313476562,False,2026-10-01 19:47:01+00:00,NVDA261030C00265000
NVDA,2026-10-02,230.86,2026-10-30,C,270.0,0.33,0.37,0.35,12786.0,1023,0.3188544677734374,False,2026-10-01 19:59:34+00:00,NVDA261030C00270000
NVDA,2026-10-02,230.86,2026-10-30,C,275.0,0.21,0.26,0.27,231.0,1562,0.3276434423828125,False,2026-10-01 19:11:22+00:00,NVDA261030C00275000
NVDA,2026-10-02,230.86,2026-10-30,C,280.0,0.15,0.19,0.19,111.0,1985,0.33740896972656254,False,2026-10-01 18:52:10+00:00,NVDA261030C00280000
NVDA,2026-10-02,230.86,2026-10-30,C,285.0,0.12,0.14,0.12,15.0,550,0.34717449707031245,False,2026-10-01 15:08:25+00:00,NVDA261030C00285000
NVDA,2026-10-02,230.86,2026-10-30,C,290.0,0.06,0.11,0.11,15.0,1067,0.35938140625,False,2026-10-01 19:29:27+00:00,NVDA261030C00290000
NVDA,2026-10-02,230.86,2026-10-30,C,295.0,0.05,0.1,0.08,19.0,77,0.37695935546875,False,2026-10-01 16:38:17+00:00,NVDA261030C00295000
NVDA,2026-10-02,230.86,2026-10-30,C,300.0,0.02,0.07,0.06,33.0,738,0.38281867187499996,False,2026-10-01 19:49:16+00:00,NVDA261030C00300000
NVDA,2026-10-02,230.86,2026-10-30,C,305.0,0.01,0.07,0.06,32.0,257,0.4023497265625,False,2026-09-28 15:26:21+00:00,NVDA261030C00305000
NVDA,2026-10-02,230.86,2026-10-30,C,310.0,0.01,0.07,0.04,1.0,8,0.42383388671875,False,2026-09-29 18:55:39+00:00,NVDA261030C00310000
NVDA,2026-10-02,230.86,2026-10-30,C,315.0,0.01,0.06,0.04,25.0,49,0.43555251953125,False,2026-09-28 16:50:15+00:00,NVDA261030C00315000
NVDA,2026-10-02,230.86,2026-10-30,C,320.0,0.01,0.05,0.01,1.0,27,0.445318046875,False,2026-10-01 16:03:05+00:00,NVDA261030C00320000
NVDA,2026-10-02,230.86,2026-10-30,C,325.0,0.0,0.06,0.04,,9,0.4726615234375,False,2026-09-22 13:30:00+00:00,NVDA261030C00325000
NVDA,2026-10-02,230.86,2026-10-30,C,330.0,0.0,0.06,0.03,2.0,13,0.49219257812500006,False,2026-09-29 19:06:14+00:00,NVDA261030C00330000
NVDA,2026-10-02,230.86,2026-10-30,C,335.0,0.0,0.05,0.06,3.0,5,0.500005,False,2026-09-15 17:27:53+00:00,NVDA261030C00335000
NVDA,2026-10-02,230.86,2026-10-30,C,345.0,0.0,0.05,0.02,10.0,16,0.500005,False,2026-09-29 18:41:04+00:00,NVDA261030C00345000
NVDA,2026-10-02,230.86,2026-10-30,C,350.0,0.0,0.05,0.02,10.0,21,0.51562984375,False,2026-09-29 19:04:57+00:00,NVDA261030C00350000
NVDA,2026-10-02,230.86,2026-10-30,C,360.0,0.0,0.04,0.02,2.0,60,0.5351608984375,False,2026-09-30 14:43:13+00:00,NVDA261030C00360000
NVDA,2026-10-02,230.86,2026-10-30,C,390.0,0.0,0.04,0.05,61.0,132,0.6210975390625001,False,2026-09-28 17:00:32+00:00,NVDA261030C00390000
NVDA,2026-10-02,230.86,2026-10-30,P,50.0,0.0,0.04,0.03,1.0,6,1.8125009374999999,False,2026-09-14 14:56:12+00:00,NVDA261030P00050000
NVDA,2026-10-02,230.86,2026-10-30,P,65.0,0.0,0.05,0.03,10.0,4,1.5312523437499999,False,2026-09-22 19:52:51+00:00,NVDA261030P00065000
NVDA,2026-10-02,230.86,2026-10-30,P,70.0,0.0,0.05,0.03,,4,1.4453152734375,False,2026-09-14 16:51:38+00:00,NVDA261030P00070000
NVDA,2026-10-02,230.86,2026-10-30,P,80.0,0.0,0.05,0.03,2.0,3,1.2890660546875,False,2026-09-28 16:44:34+00:00,NVDA261030P00080000
NVDA,2026-10-02,230.86,2026-10-30,P,85.0,0.0,0.06,0.04,6.0,21,1.2421912890624998,False,2026-09-28 14:09:24+00:00,NVDA261030P00085000
NVDA,2026-10-02,230.86,2026-10-30,P,90.0,0.0,0.06,0.09,,2,1.171879140625,False,2026-09-17 15:54:23+00:00,NVDA261030P00090000
NVDA,2026-10-02,230.86,2026-10-30,P,95.0,0.0,0.06,0.05,,3,1.109379453125,False,2026-09-17 19:33:39+00:00,NVDA261030P00095000
NVDA,2026-10-02,230.86,2026-10-30,P,100.0,0.0,0.07,0.04,1.0,70,1.0625046875000002,False,2026-09-28 18:11:37+00:00,NVDA261030P00100000
NVDA,2026-10-02,230.86,2026-10-30,P,105.0,0.0,0.07,0.02,10.0,33,1.0039112304687499,False,2026-10-01 13:48:20+00:00,NVDA261030P00105000
NVDA,2026-10-02,230.86,2026-10-30,P,110.0,0.01,0.08,0.02,10.0,19,0.9726565234375,False,2026-10-01 13:46:45+00:00,NVDA261030P00110000
NVDA,2026-10-02,230.86,2026-10-30,P,115.0,0.02,0.08,0.08,,2,0.9257819921875,False,2026-09-22 15:31:03+00:00,NVDA261030P00115000
NVDA,2026-10-02,230.86,2026-10-30,P,120.0,0.02,0.09,0.04,2.0,504,0.8828136718749999,False,2026-09-29 17:15:28+00:00,NVDA261030P00120000
NVDA,2026-10-02,230.86,2026-10-30,P,125.0,0.03,0.1,0.06,11.0,18,0.8476577734374999,False,2026-09-29 15:32:56+00:00,NVDA261030P00125000
NVDA,2026-10-02,230.86,2026-10-30,P,130.0,0.07,0.08,0.07,30.0,41,0.8085956640624999,False,2026-10-01 17:07:02+00:00,NVDA261030P00130000
NVDA,2026-10-02,230.86,2026-10-30,P,135.0,0.05,0.12,0.06,1.0,26,0.77148666015625,False,2026-09-29 18:55:39+00:00,NVDA261030P00135000
NVDA,2026-10-02,230.86,2026-10-30,P,140.0,0.06,0.13,0.08,5.0,64,0.73437765625,False,2026-09-30 18:21:14+00:00,NVDA261030P00140000
NVDA,2026-10-02,230.86,2026-10-30,P,145.0,0.08,0.15,0.11,4.0,50,0.70312796875,False,2026-10-01 13:40:01+00:00,NVDA261030P00145000
NVDA,2026-10-02,230.86,2026-10-30,P,150.0,0.09,0.15,0.12,8.0,400,0.6601596484375001,False,2026-10-01 19:45:22+00:00,NVDA261030P00150000
NVDA,2026-10-02,230.86,2026-10-30,P,155.0,0.12,0.17,0.16,10.0,225,0.63086306640625,False,2026-10-01 19:33:48+00:00,NVDA261030P00155000
NVDA,2026-10-02,230.86,2026-10-30,P,160.0,0.16,0.21,0.18,35.0,360,0.6054726953125001,False,2026-10-01 19:53:54+00:00,NVDA261030P00160000
NVDA,2026-10-02,230.86,2026-10-30,P,165.0,0.19,0.23,0.22,17.0,181,0.5712933496093751,False,2026-10-01 18:02:08+00:00,NVDA261030P00165000
NVDA,2026-10-02,230.86,2026-10-30,P,170.0,0.23,0.26,0.26,40.0,983,0.5390671093750001,False,2026-10-01 19:59:52+00:00,NVDA261030P00170000
NVDA,2026-10-02,230.86,2026-10-30,P,175.0,0.28,0.31,0.27,22.0,701,0.5092822509765625,False,2026-10-01 18:55:05+00:00,NVDA261030P00175000
NVDA,2026-10-02,230.86,2026-10-30,P,180.0,0.32,0.39,0.33,74.0,692,0.48779809082031256,False,2026-10-01 19:27:05+00:00,NVDA261030P00180000
NVDA,2026-10-02,230.86,2026-10-30,P,185.0,0.4,0.44,0.41,205.0,857,0.4523980541992188,False,2026-10-01 19:12:10+00:00,NVDA261030P00185000
NVDA,2026-10-02,230.86,2026-10-30,P,190.0,0.48,0.57,0.52,139.0,1768,0.42847251220703125,False,2026-10-01 19:45:41+00:00,NVDA261030P00190000
NVDA,2026-10-02,230.86,2026-10-30,P,195.0,0.63,0.7,0.67,239.0,2545,0.39942006835937505,False,2026-10-01 19:51:57+00:00,NVDA261030P00195000
NVDA,2026-10-02,230.86,2026-10-30,P,200.0,0.87,0.94,0.92,1108.0,7928,0.37781383911132804,False,2026-10-01 19:54:13+00:00,NVDA261030P00200000
NVDA,2026-10-02,230.86,2026-10-30,P,205.0,1.19,1.27,1.19,926.0,3937,0.35645174804687496,False,2026-10-01 19:54:26+00:00,NVDA261030P00205000
NVDA,2026-10-02,230.86,2026-10-30,P,210.0,1.71,1.82,1.78,2335.0,5132,0.3415593188476562,False,2026-10-01 19:59:21+00:00,NVDA261030P00210000
NVDA,2026-10-02,230.86,2026-10-30,P,215.0,2.45,2.59,2.54,1054.0,4041,0.3270330969238281,False,2026-10-01 19:59:49+00:00,NVDA261030P00215000
NVDA,2026-10-02,230.86,2026-10-30,P,220.0,3.55,3.7,3.45,1481.0,2039,0.3150703259277343,False,2026-10-01 19:53:54+00:00,NVDA261030P00220000
NVDA,2026-10-02,230.86,2026-10-30,P,225.0,5.05,5.25,5.13,560.0,4070,0.3057930749511719,False,2026-10-01 19:58:26+00:00,NVDA261030P00225000
NVDA,2026-10-02,230.86,2026-10-30,P,230.0,7.05,7.25,7.1,1858.0,2825,0.29621065124511714,False,2026-10-01 19:58:18+00:00,NVDA261030P00230000
NVDA,2026-10-02,230.86,2026-10-30,P,235.0,9.55,9.75,9.71,1162.0,364,0.2863840893554687,True,2026-10-01 19:59:10+00:00,NVDA261030P00235000
NVDA,2026-10-02,230.86,2026-10-30,P,240.0,12.4,13.0,12.0,42.0,82,0.28601788208007806,True,2026-10-01 19:50:02+00:00,NVDA261030P00240000
NVDA,2026-10-02,230.86,2026-10-30,P,245.0,15.85,16.5,15.5,11.0,94,0.2757640783691406,True,2026-10-01 18:52:05+00:00,NVDA261030P00245000
NVDA,2026-10-02,230.86,2026-10-30,P,250.0,19.75,22.9,19.77,29.0,149,0.3969786865234375,True,2026-10-01 19:16:15+00:00,NVDA261030P00250000
NVDA,2026-10-02,230.86,2026-10-30,P,255.0,21.75,27.5,24.94,1.0,12,0.42774009765625004,True,2026-09-30 14:00:37+00:00,NVDA261030P00255000
NVDA,2026-10-02,230.86,2026-10-30,P,260.0,25.85,30.4,30.0,4.0,89,0.34400070068359373,True,2026-09-30 17:20:30+00:00,NVDA261030P00260000
NVDA,2026-10-02,230.86,2026-10-30,P,265.0,30.6,37.05,34.69,5.0,81,0.4936574072265626,True,2026-09-30 17:36:56+00:00,NVDA261030P00265000
NVDA,2026-10-02,230.86,2026-10-30,P,270.0,35.3,42.75,57.0,,1,0.5764202514648438,True,2026-09-15 13:30:05+00:00,NVDA261030P00270000
NVDA,2026-10-02,230.86,2026-10-30,P,300.0,65.3,72.5,72.6,,0,0.7850363293457032,True,2026-09-21 19:10:04+00:00,NVDA261030P00300000
NVDA,2026-10-02,230.86,2026-11-06,C,180.0,48.6,54.0,50.21,2.0,4,0.7194852270507812,True,2026-09-28 19:57:23+00:00,NVDA261106C00180000
NVDA,2026-10-02,230.86,2026-11-06,C,190.0,40.05,45.65,35.83,2.0,2,0.523442265625,True,2026-09-25 19:36:58+00:00,NVDA261106C00190000
NVDA,2026-10-02,230.86,2026-11-06,C,195.0,35.25,40.85,36.3,21.0,81,0.6521030883789063,True,2026-10-01 15:49:07+00:00,NVDA261106C00195000
NVDA,2026-10-02,230.86,2026-11-06,C,200.0,32.0,33.8,33.2,29.0,52,0.47937532348632805,True,2026-10-01 19:56:29+00:00,NVDA261106C00200000
NVDA,2026-10-02,230.86,2026-11-06,C,205.0,27.8,29.6,27.95,16.0,18,0.46582565429687506,True,2026-10-01 16:29:41+00:00,NVDA261106C00205000
NVDA,2026-10-02,230.86,2026-11-06,C,210.0,23.7,24.65,24.6,3.0,97,0.40906352661132805,True,2026-10-01 19:27:02+00:00,NVDA261106C00210000
NVDA,2026-10-02,230.86,2026-11-06,C,215.0,19.35,20.5,20.15,40.0,102,0.385626260986328,True,2026-10-01 19:56:29+00:00,NVDA261106C00215000
NVDA,2026-10-02,230.86,2026-11-06,C,220.0,16.2,16.5,16.13,147.0,281,0.3599307171630859,True,2026-10-01 19:56:29+00:00,NVDA261106C00220000
NVDA,2026-10-02,230.86,2026-11-06,C,225.0,12.85,13.15,13.34,72.0,490,0.3484562225341796,True,2026-10-01 19:31:03+00:00,NVDA261106C00225000
NVDA,2026-10-02,230.86,2026-11-06,C,230.0,9.9,10.1,9.96,2309.0,1844,0.33484551879882807,True,2026-10-01 19:59:13+00:00,NVDA261106C00230000
NVDA,2026-10-02,230.86,2026-11-06,C,235.0,7.4,7.7,7.45,1784.0,1063,0.33008482421874996,False,2026-10-01 19:58:31+00:00,NVDA261106C00235000
NVDA,2026-10-02,230.86,2026-11-06,C,240.0,5.35,5.65,5.4,1540.0,2077,0.3232489550781249,False,2026-10-01 19:58:47+00:00,NVDA261106C00240000
NVDA,2026-10-02,230.86,2026-11-06,C,245.0,3.75,4.0,3.85,665.0,1251,0.3165961895751953,False,2026-10-01 19:57:46+00:00,NVDA261106C00245000
NVDA,2026-10-02,230.86,2026-11-06,C,250.0,2.55,2.79,2.65,2790.0,3155,0.31317825500488283,False,2026-10-01 19:56:52+00:00,NVDA261106C00250000
NVDA,2026-10-02,230.86,2026-11-06,C,255.0,1.67,1.84,1.9,1101.0,3170,0.3073799731445312,False,2026-10-01 19:54:04+00:00,NVDA261106C00255000
NVDA,2026-10-02,230.86,2026-11-06,C,260.0,1.13,1.23,1.12,1105.0,2298,0.30652548950195313,False,2026-10-01 19:57:37+00:00,NVDA261106C00260000
NVDA,2026-10-02,230.86,2026-11-06,C,265.0,0.73,0.84,0.88,968.0,1772,0.3090889404296875,False,2026-10-01 19:23:13+00:00,NVDA261106C00265000
NVDA,2026-10-02,230.86,2026-11-06,C,270.0,0.41,0.62,0.52,61.0,417,0.31763377685546873,False,2026-10-01 18:20:03+00:00,NVDA261106C00270000
NVDA,2026-10-02,230.86,2026-11-06,C,275.0,0.31,0.46,0.41,344.0,178,0.32569033691406246,False,2026-10-01 19:18:56+00:00,NVDA261106C00275000
NVDA,2026-10-02,230.86,2026-11-06,C,280.0,0.15,0.33,0.24,17.0,233,0.3315496533203125,False,2026-10-01 18:03:05+00:00,NVDA261106C00280000
NVDA,2026-10-02,230.86,2026-11-06,C,285.0,0.12,0.23,0.19,15.0,78,0.3354558642578125,False,2026-10-01 18:45:38+00:00,NVDA261106C00285000
NVDA,2026-10-02,230.86,2026-11-06,C,290.0,0.1,0.19,0.15,11.0,1729,0.3481510498046875,False,2026-10-01 19:46:56+00:00,NVDA261106C00290000
NVDA,2026-10-02,230.86,2026-11-06,C,295.0,0.08,0.19,0.11,4.0,136,0.36963520996093746,False,2026-10-01 19:40:32+00:00,NVDA261106C00295000
NVDA,2026-10-02,230.86,2026-11-06,C,300.0,0.07,0.17,0.09,55.0,152,0.38477177734374995,False,2026-10-01 19:33:30+00:00,NVDA261106C00300000
NVDA,2026-10-02,230.86,2026-11-06,P,70.0,0.0,0.11,0.05,2.0,2,1.3984405078125,False,2026-09-25 15:51:16+00:00,NVDA261106P00070000
NVDA,2026-10-02,230.86,2026-11-06,P,75.0,0.0,0.11,0.06,5.0,5,1.3203158984374999,False,2026-09-25 16:57:10+00:00,NVDA261106P00075000
NVDA,2026-10-02,230.86,2026-11-06,P,120.0,0.01,0.17,0.09,4.0,13,0.8359391406249999,False,2026-09-28 13:57:05+00:00,NVDA261106P00120000
NVDA,2026-10-02,230.86,2026-11-06,P,125.0,0.01,0.18,0.09,1.0,18,0.7929708203125,False,2026-09-30 13:33:39+00:00,NVDA261106P00125000
NVDA,2026-10-02,230.86,2026-11-06,P,140.0,0.03,0.15,0.17,2.0,2,0.6543003320312502,False,2026-09-25 16:53:58+00:00,NVDA261106P00140000
NVDA,2026-10-02,230.86,2026-11-06,P,145.0,0.06,0.25,0.13,1.0,2,0.6562534375000001,False,2026-09-30 18:10:18+00:00,NVDA261106P00145000
NVDA,2026-10-02,230.86,2026-11-06,P,150.0,0.12,0.19,0.17,10.0,28,0.6123085644531252,False,2026-10-01 19:55:50+00:00,NVDA261106P00150000
NVDA,2026-10-02,230.86,2026-11-06,P,155.0,0.09,0.3,0.13,13.0,89,0.5893595751953126,False,2026-10-01 18:39:47+00:00,NVDA261106P00155000
NVDA,2026-10-02,230.86,2026-11-06,P,160.0,0.11,0.25,0.2,11.0,47,0.5410202148437502,False,2026-10-01 19:46:56+00:00,NVDA261106P00160000
NVDA,2026-10-02,230.86,2026-11-06,P,165.0,0.15,0.3,0.26,27.0,94,0.51758294921875,False,2026-10-01 19:46:56+00:00,NVDA261106P00165000
NVDA,2026-10-02,230.86,2026-11-06,P,170.0,0.27,0.36,0.32,45.0,128,0.5034229345703125,False,2026-10-01 19:55:50+00:00,NVDA261106P00170000
NVDA,2026-10-02,230.86,2026-11-06,P,175.0,0.31,0.4,0.38,1.0,698,0.481450498046875,False,2026-10-01 19:25:58+00:00,NVDA261106P00175000
NVDA,2026-10-02,230.86,2026-11-06,P,180.0,0.33,0.57,0.45,11.0,205,0.47022014160156256,False,2026-10-01 19:37:19+00:00,NVDA261106P00180000
NVDA,2026-10-02,230.86,2026-11-06,P,185.0,0.43,0.61,0.51,8.0,188,0.4331111376953125,False,2026-10-01 19:59:02+00:00,NVDA261106P00185000
NVDA,2026-10-02,230.86,2026-11-06,P,190.0,0.66,0.78,0.66,121.0,450,0.4116269775390625,False,2026-10-01 19:51:15+00:00,NVDA261106P00190000
NVDA,2026-10-02,230.86,2026-11-06,P,195.0,0.86,0.95,0.95,81.0,2206,0.3852600537109374,False,2026-10-01 19:56:54+00:00,NVDA261106P00195000
NVDA,2026-10-02,230.86,2026-11-06,P,200.0,1.18,1.23,1.19,897.0,2277,0.36426416992187505,False,2026-10-01 19:58:37+00:00,NVDA261106P00200000
NVDA,2026-10-02,230.86,2026-11-06,P,205.0,1.56,1.68,1.63,804.0,2730,0.3485172570800781,False,2026-10-01 19:59:14+00:00,NVDA261106P00205000
NVDA,2026-10-02,230.86,2026-11-06,P,210.0,2.08,2.34,2.3,231.0,1198,0.335944140625,False,2026-10-01 19:59:20+00:00,NVDA261106P00210000
NVDA,2026-10-02,230.86,2026-11-06,P,215.0,3.1,3.35,3.14,253.0,707,0.32910827148437494,False,2026-10-01 19:59:02+00:00,NVDA261106P00215000
NVDA,2026-10-02,230.86,2026-11-06,P,220.0,4.15,4.55,4.18,172.0,801,0.3171455004882812,False,2026-10-01 19:54:42+00:00,NVDA261106P00220000
NVDA,2026-10-02,230.86,2026-11-06,P,225.0,5.8,6.2,5.7,1176.0,539,0.3090889404296875,False,2026-10-01 19:52:13+00:00,NVDA261106P00225000
NVDA,2026-10-02,230.86,2026-11-06,P,230.0,7.8,8.2,8.14,714.0,617,0.29883513671874995,False,2026-10-01 19:58:59+00:00,NVDA261106P00230000
NVDA,2026-10-02,230.86,2026-11-06,P,235.0,10.35,10.75,10.75,155.0,66,0.2921213366699218,True,2026-10-01 19:58:43+00:00,NVDA261106P00235000
NVDA,2026-10-02,230.86,2026-11-06,P,240.0,13.2,13.9,12.55,8.0,115,0.2905954730224609,True,2026-10-01 19:52:40+00:00,NVDA261106P00240000
NVDA,2026-10-02,230.86,2026-11-06,P,250.0,20.25,21.4,21.9,25.0,33,0.2880930566406249,True,2026-09-29 14:04:07+00:00,NVDA261106P00250000
