symbol,snapshot_date,spot,expiry,right,strike,bid,ask,last_price,volume,open_interest,implied_vol,in_the_money,last_trade_date,contract_symbol
GLD,2026-09-29,377.91,2026-09-29,C,325.0,52.3,53.55,68.32,1.0,1,1.0312548437500002,True,2026-09-25 16:20:56+00:00,GLD260929C00325000
GLD,2026-09-29,377.91,2026-09-29,C,330.0,47.3,48.55,68.6,,9,0.937500625,True,2026-09-22 17:52:35+00:00,GLD260929C00330000
GLD,2026-09-29,377.91,2026-09-29,C,350.0,27.35,28.5,29.25,3.0,5,0.5625043750000001,True,2026-09-28 18:23:15+00:00,GLD260929C00350000
GLD,2026-09-29,377.91,2026-09-29,C,370.0,7.45,8.3,9.0,39.0,1,0.34180345703125,True,2026-09-28 19:25:50+00:00,GLD260929C00370000
GLD,2026-09-29,377.91,2026-09-29,C,375.0,3.4,3.85,3.53,69.0,1,0.2644116528320312,True,2026-09-28 20:10:26+00:00,GLD260929C00375000
GLD,2026-09-29,377.91,2026-09-29,C,377.0,2.27,2.49,2.37,151.0,1,0.25391371093750004,True,2026-09-28 20:14:06+00:00,GLD260929C00377000
GLD,2026-09-29,377.91,2026-09-29,C,381.0,0.73,0.79,0.79,1125.0,9,0.24732197998046873,False,2026-09-28 20:14:53+00:00,GLD260929C00381000
GLD,2026-09-29,377.91,2026-09-29,C,382.0,0.55,0.58,0.58,1188.0,2,0.25098405273437496,False,2026-09-28 20:14:55+00:00,GLD260929C00382000
GLD,2026-09-29,377.91,2026-09-29,C,384.0,0.27,0.32,0.28,770.0,2,0.26319096191406255,False,2026-09-28 20:11:30+00:00,GLD260929C00384000
GLD,2026-09-29,377.91,2026-09-29,C,385.0,0.2,0.23,0.23,1400.0,34,0.26758544921875,False,2026-09-28 20:14:59+00:00,GLD260929C00385000
GLD,2026-09-29,377.91,2026-09-29,C,386.0,0.14,0.19,0.16,316.0,1,0.28125718749999995,False,2026-09-28 20:04:58+00:00,GLD260929C00386000
GLD,2026-09-29,377.91,2026-09-29,C,387.0,0.11,0.13,0.13,439.0,2,0.28321029296874994,False,2026-09-28 20:14:24+00:00,GLD260929C00387000
GLD,2026-09-29,377.91,2026-09-29,C,388.0,0.09,0.1,0.1,507.0,2,0.2910227148437499,False,2026-09-28 20:14:05+00:00,GLD260929C00388000
GLD,2026-09-29,377.91,2026-09-29,C,389.0,0.06,0.08,0.07,209.0,6,0.301764794921875,False,2026-09-28 20:08:32+00:00,GLD260929C00389000
GLD,2026-09-29,377.91,2026-09-29,C,390.0,0.05,0.07,0.07,1499.0,48,0.31641308593749995,False,2026-09-28 19:58:03+00:00,GLD260929C00390000
GLD,2026-09-29,377.91,2026-09-29,C,391.0,0.03,0.05,0.09,39.0,18,0.32031929687499994,False,2026-09-28 17:12:58+00:00,GLD260929C00391000
GLD,2026-09-29,377.91,2026-09-29,C,392.0,0.03,0.05,0.05,156.0,408,0.3398503515625,False,2026-09-28 19:55:56+00:00,GLD260929C00392000
GLD,2026-09-29,377.91,2026-09-29,C,393.0,0.02,0.05,0.05,196.0,121,0.35938140625,False,2026-09-28 19:51:58+00:00,GLD260929C00393000
GLD,2026-09-29,377.91,2026-09-29,C,394.0,0.02,0.04,0.03,37.0,97,0.367193828125,False,2026-09-28 19:58:41+00:00,GLD260929C00394000
GLD,2026-09-29,377.91,2026-09-29,C,395.0,0.02,0.04,0.03,48.0,237,0.38672488281249995,False,2026-09-28 18:50:35+00:00,GLD260929C00395000
GLD,2026-09-29,377.91,2026-09-29,C,396.0,0.02,0.04,0.04,94.0,254,0.4062559375,False,2026-09-28 19:53:09+00:00,GLD260929C00396000
GLD,2026-09-29,377.91,2026-09-29,C,397.0,0.02,0.05,0.03,73.0,347,0.437505625,False,2026-09-28 19:31:13+00:00,GLD260929C00397000
GLD,2026-09-29,377.91,2026-09-29,C,398.0,0.01,0.02,0.01,160.0,256,0.4062559375,False,2026-09-28 20:12:06+00:00,GLD260929C00398000
GLD,2026-09-29,377.91,2026-09-29,C,399.0,0.0,0.01,0.02,58.0,259,0.39063109375,False,2026-09-28 16:49:51+00:00,GLD260929C00399000
GLD,2026-09-29,377.91,2026-09-29,C,400.0,0.0,0.02,0.01,133.0,514,0.4414118359375,False,2026-09-28 19:43:38+00:00,GLD260929C00400000
GLD,2026-09-29,377.91,2026-09-29,C,401.0,0.0,0.03,0.02,61.0,233,0.4804739453125,False,2026-09-28 15:19:29+00:00,GLD260929C00401000
GLD,2026-09-29,377.91,2026-09-29,C,402.0,0.0,0.02,0.02,164.0,164,0.476567734375,False,2026-09-28 19:27:00+00:00,GLD260929C00402000
GLD,2026-09-29,377.91,2026-09-29,C,403.0,0.0,0.02,0.02,12.0,350,0.49219257812500006,False,2026-09-28 19:52:20+00:00,GLD260929C00403000
GLD,2026-09-29,377.91,2026-09-29,C,404.0,0.0,0.02,0.02,38.0,177,0.507817421875,False,2026-09-28 19:44:31+00:00,GLD260929C00404000
GLD,2026-09-29,377.91,2026-09-29,C,405.0,0.0,0.02,0.01,5.0,133,0.523442265625,False,2026-09-28 19:14:28+00:00,GLD260929C00405000
GLD,2026-09-29,377.91,2026-09-29,C,406.0,0.0,0.03,0.03,6.0,136,0.523442265625,False,2026-09-28 14:33:44+00:00,GLD260929C00406000
GLD,2026-09-29,377.91,2026-09-29,C,407.0,0.0,0.02,0.01,63.0,799,0.51562984375,False,2026-09-28 18:27:41+00:00,GLD260929C00407000
GLD,2026-09-29,377.91,2026-09-29,C,408.0,0.0,0.02,0.03,13.0,106,0.5312546875,False,2026-09-28 16:27:14+00:00,GLD260929C00408000
GLD,2026-09-29,377.91,2026-09-29,C,409.0,0.0,0.02,0.02,7.0,372,0.5468795312500001,False,2026-09-28 16:41:03+00:00,GLD260929C00409000
GLD,2026-09-29,377.91,2026-09-29,C,410.0,0.0,0.02,0.02,7.0,258,0.5625043750000001,False,2026-09-28 14:33:44+00:00,GLD260929C00410000
GLD,2026-09-29,377.91,2026-09-29,C,411.0,0.0,0.02,0.01,951.0,889,0.57812921875,False,2026-09-28 17:10:02+00:00,GLD260929C00411000
GLD,2026-09-29,377.91,2026-09-29,C,412.0,0.0,0.01,0.09,12.0,75,0.5625043750000001,False,2026-09-28 13:38:38+00:00,GLD260929C00412000
GLD,2026-09-29,377.91,2026-09-29,C,413.0,0.0,0.04,0.02,3.0,34,0.6562534375000001,False,2026-09-28 13:38:38+00:00,GLD260929C00413000
GLD,2026-09-29,377.91,2026-09-29,C,414.0,0.0,0.14,0.01,9.0,146,0.7773459765625,False,2026-09-28 19:02:17+00:00,GLD260929C00414000
GLD,2026-09-29,377.91,2026-09-29,C,415.0,0.0,0.07,0.01,24.0,88,0.7304714453125,False,2026-09-28 14:37:08+00:00,GLD260929C00415000
GLD,2026-09-29,377.91,2026-09-29,C,416.0,0.0,0.01,0.04,40.0,73,0.6093789062500001,False,2026-09-25 19:39:03+00:00,GLD260929C00416000
GLD,2026-09-29,377.91,2026-09-29,C,417.0,0.0,0.07,0.08,1.0,9,0.7617211328125001,False,2026-09-25 13:33:13+00:00,GLD260929C00417000
GLD,2026-09-29,377.91,2026-09-29,C,418.0,0.0,0.11,0.07,1.0,141,0.8203142968749999,False,2026-09-28 13:37:48+00:00,GLD260929C00418000
GLD,2026-09-29,377.91,2026-09-29,C,419.0,0.0,0.11,0.01,8.0,18,0.8398453515625,False,2026-09-25 17:57:47+00:00,GLD260929C00419000
GLD,2026-09-29,377.91,2026-09-29,C,420.0,0.0,0.03,0.04,12.0,296,0.7421900781249999,False,2026-09-25 17:59:09+00:00,GLD260929C00420000
GLD,2026-09-29,377.91,2026-09-29,C,421.0,0.0,0.06,0.06,1.0,8,0.8125018749999999,False,2026-09-28 19:02:55+00:00,GLD260929C00421000
GLD,2026-09-29,377.91,2026-09-29,C,422.0,0.0,0.04,0.02,1.0,137,0.789064609375,False,2026-09-28 19:02:55+00:00,GLD260929C00422000
GLD,2026-09-29,377.91,2026-09-29,C,423.0,0.0,0.07,0.07,1.0,18,0.85937640625,False,2026-09-28 18:27:45+00:00,GLD260929C00423000
GLD,2026-09-29,377.91,2026-09-29,C,424.0,0.0,0.05,0.03,1.0,16,0.8437515624999999,False,2026-09-28 18:27:45+00:00,GLD260929C00424000
GLD,2026-09-29,377.91,2026-09-29,C,425.0,0.0,0.02,0.06,5.0,15,0.7812521875,False,2026-09-24 16:36:48+00:00,GLD260929C00425000
GLD,2026-09-29,377.91,2026-09-29,C,426.0,0.0,0.04,0.07,1.0,336,0.851563984375,False,2026-09-28 13:40:31+00:00,GLD260929C00426000
GLD,2026-09-29,377.91,2026-09-29,C,427.0,0.0,0.13,0.07,1.0,12,0.992187578125,False,2026-09-25 17:25:15+00:00,GLD260929C00427000
GLD,2026-09-29,377.91,2026-09-29,C,429.0,0.0,0.11,0.1,4.0,4,1.0039112304687499,False,2026-09-23 13:40:01+00:00,GLD260929C00429000
GLD,2026-09-29,377.91,2026-09-29,C,430.0,0.0,0.06,0.1,,1,0.9531254687499999,False,2026-09-22 14:15:02+00:00,GLD260929C00430000
GLD,2026-09-29,377.91,2026-09-29,C,431.0,0.0,0.1,0.09,,1,1.0234423828125,False,2026-09-22 14:14:45+00:00,GLD260929C00431000
GLD,2026-09-29,377.91,2026-09-29,C,432.0,0.0,0.12,0.06,4.0,10,1.0625046875000002,False,2026-09-24 16:34:08+00:00,GLD260929C00432000
GLD,2026-09-29,377.91,2026-09-29,C,433.0,0.0,0.1,0.11,2.0,7,1.0546922265625,False,2026-09-24 15:12:49+00:00,GLD260929C00433000
GLD,2026-09-29,377.91,2026-09-29,C,434.0,0.0,0.12,0.12,5.0,5,1.09375453125,False,2026-09-21 14:41:31+00:00,GLD260929C00434000
GLD,2026-09-29,377.91,2026-09-29,C,445.0,0.0,0.06,0.12,1.0,1,1.171879140625,False,2026-09-18 15:33:03+00:00,GLD260929C00445000
GLD,2026-09-29,377.91,2026-09-29,C,455.0,0.0,0.05,0.03,,3,1.2890660546875,False,2026-09-22 14:16:02+00:00,GLD260929C00455000
GLD,2026-09-29,377.91,2026-09-29,C,460.0,0.0,0.03,0.02,1.0,0,1.2968785156249998,False,2026-09-23 15:56:37+00:00,GLD260929C00460000
GLD,2026-09-29,377.91,2026-09-29,C,465.0,0.0,0.1,0.01,4.0,3,1.5273461132812498,False,2026-09-24 17:55:36+00:00,GLD260929C00465000
GLD,2026-09-29,377.91,2026-09-29,C,475.0,0.0,0.09,0.09,1.0,2,1.6484392578125,False,2026-09-22 14:15:37+00:00,GLD260929C00475000
GLD,2026-09-29,377.91,2026-09-29,C,480.0,0.0,0.01,0.02,1.0,21,1.40625296875,False,2026-09-28 15:25:03+00:00,GLD260929C00480000
GLD,2026-09-29,377.91,2026-09-29,C,485.0,0.0,0.09,0.05,,3,1.78125109375,False,2026-09-22 18:56:45+00:00,GLD260929C00485000
GLD,2026-09-29,377.91,2026-09-29,C,490.0,0.0,0.08,0.08,1.0,2,1.8203133984375,False,2026-09-22 18:58:39+00:00,GLD260929C00490000
GLD,2026-09-29,377.91,2026-09-29,C,495.0,0.0,0.04,0.05,,1,1.765626171875,False,2026-09-17 15:57:14+00:00,GLD260929C00495000
GLD,2026-09-29,377.91,2026-09-29,C,500.0,0.0,0.01,0.01,1.0,5,1.625001875,False,2026-09-21 17:38:25+00:00,GLD260929C00500000
GLD,2026-09-29,377.91,2026-09-29,P,275.0,0.0,0.06,0.02,1.0,2,2.1875045312499997,False,2026-09-28 19:11:27+00:00,GLD260929P00275000
GLD,2026-09-29,377.91,2026-09-29,P,280.0,0.0,0.06,0.04,1.0,2,2.07031732421875,False,2026-09-28 19:11:27+00:00,GLD260929P00280000
GLD,2026-09-29,377.91,2026-09-29,P,305.0,0.0,0.08,0.08,,1,1.5703146484375,False,2026-09-17 14:42:27+00:00,GLD260929P00305000
GLD,2026-09-29,377.91,2026-09-29,P,310.0,0.0,0.09,0.01,1.0,2,1.484377578125,False,2026-09-24 18:41:27+00:00,GLD260929P00310000
GLD,2026-09-29,377.91,2026-09-29,P,315.0,0.0,0.09,0.1,1.0,2,1.3750031249999999,False,2026-09-28 15:03:34+00:00,GLD260929P00315000
GLD,2026-09-29,377.91,2026-09-29,P,320.0,0.0,0.1,0.04,1.0,2,1.2812535937499998,False,2026-09-21 19:16:26+00:00,GLD260929P00320000
GLD,2026-09-29,377.91,2026-09-29,P,325.0,0.0,0.1,0.08,,4,1.1757853710937498,False,2026-09-22 13:37:01+00:00,GLD260929P00325000
GLD,2026-09-29,377.91,2026-09-29,P,330.0,0.0,0.01,0.08,,6,0.8437515624999999,False,2026-09-22 13:41:03+00:00,GLD260929P00330000
GLD,2026-09-29,377.91,2026-09-29,P,335.0,0.0,0.06,0.08,4.0,5,0.9062509375,False,2026-09-24 14:36:44+00:00,GLD260929P00335000
GLD,2026-09-29,377.91,2026-09-29,P,340.0,0.0,0.01,0.01,97.0,3,0.6718782812500002,False,2026-09-28 20:08:11+00:00,GLD260929P00340000
GLD,2026-09-29,377.91,2026-09-29,P,345.0,0.0,0.03,0.01,56.0,10,0.6562534375000001,False,2026-09-28 16:28:43+00:00,GLD260929P00345000
GLD,2026-09-29,377.91,2026-09-29,P,350.0,0.01,0.02,0.01,132.0,13,0.5625043750000001,False,2026-09-28 20:14:49+00:00,GLD260929P00350000
GLD,2026-09-29,377.91,2026-09-29,P,355.0,0.02,0.04,0.02,151.0,6,0.507817421875,False,2026-09-28 20:14:19+00:00,GLD260929P00355000
GLD,2026-09-29,377.91,2026-09-29,P,360.0,0.04,0.05,0.05,864.0,8,0.43555251953125,False,2026-09-28 20:06:15+00:00,GLD260929P00360000
GLD,2026-09-29,377.91,2026-09-29,P,365.0,0.09,0.11,0.11,260.0,40,0.37402969726562496,False,2026-09-28 20:10:12+00:00,GLD260929P00365000
GLD,2026-09-29,377.91,2026-09-29,P,370.0,0.22,0.24,0.24,1363.0,19,0.29932341308593746,False,2026-09-28 20:14:59+00:00,GLD260929P00370000
GLD,2026-09-29,377.91,2026-09-29,P,375.0,0.83,0.88,0.88,1172.0,15,0.2553785400390626,False,2026-09-28 20:14:34+00:00,GLD260929P00375000
GLD,2026-09-29,377.91,2026-09-29,P,376.0,1.09,1.18,1.18,855.0,1846,0.252937158203125,False,2026-09-28 20:14:23+00:00,GLD260929P00376000
GLD,2026-09-29,377.91,2026-09-29,P,377.0,1.46,1.67,1.62,363.0,50,0.26563234375,False,2026-09-28 20:13:01+00:00,GLD260929P00377000
GLD,2026-09-29,377.91,2026-09-29,P,378.0,1.9,2.05,1.95,1409.0,169,0.25391371093750004,True,2026-09-28 20:14:36+00:00,GLD260929P00378000
GLD,2026-09-29,377.91,2026-09-29,P,379.0,2.43,2.77,2.74,682.0,225,0.2761302856445312,True,2026-09-28 20:09:10+00:00,GLD260929P00379000
GLD,2026-09-29,377.91,2026-09-29,P,380.0,2.97,3.45,3.13,547.0,67,0.2846751220703124,True,2026-09-28 20:01:43+00:00,GLD260929P00380000
GLD,2026-09-29,377.91,2026-09-29,P,381.0,3.65,4.2,3.75,65.0,46,0.29492892578124996,True,2026-09-28 19:56:38+00:00,GLD260929P00381000
GLD,2026-09-29,377.91,2026-09-29,P,382.0,4.5,5.1,3.92,36.0,109,0.32129584960937496,True,2026-09-28 19:35:19+00:00,GLD260929P00382000
GLD,2026-09-29,377.91,2026-09-29,P,383.0,5.35,5.9,4.86,53.0,371,0.327155166015625,True,2026-09-28 18:57:16+00:00,GLD260929P00383000
GLD,2026-09-29,377.91,2026-09-29,P,384.0,6.1,6.8,4.9,46.0,493,0.3452213916015625,True,2026-09-28 18:56:50+00:00,GLD260929P00384000
GLD,2026-09-29,377.91,2026-09-29,P,385.0,7.0,7.7,7.4,176.0,160,0.3591372680664062,True,2026-09-28 20:01:22+00:00,GLD260929P00385000
GLD,2026-09-29,377.91,2026-09-29,P,386.0,7.95,8.8,7.79,53.0,103,0.41211525390625,True,2026-09-28 19:54:34+00:00,GLD260929P00386000
GLD,2026-09-29,377.91,2026-09-29,P,387.0,8.9,9.75,9.51,51.0,143,0.4335994140625,True,2026-09-28 20:09:50+00:00,GLD260929P00387000
GLD,2026-09-29,377.91,2026-09-29,P,388.0,9.85,10.7,8.95,96.0,146,0.45313046875,True,2026-09-28 19:01:57+00:00,GLD260929P00388000
GLD,2026-09-29,377.91,2026-09-29,P,389.0,10.65,11.55,10.13,48.0,122,0.445318046875,True,2026-09-28 19:01:57+00:00,GLD260929P00389000
GLD,2026-09-29,377.91,2026-09-29,P,390.0,11.6,12.75,11.39,77.0,310,0.5249070947265625,True,2026-09-28 19:44:07+00:00,GLD260929P00390000
GLD,2026-09-29,377.91,2026-09-29,P,391.0,12.65,13.75,11.83,26.0,114,0.5542036767578126,True,2026-09-28 18:29:12+00:00,GLD260929P00391000
GLD,2026-09-29,377.91,2026-09-29,P,392.0,13.55,14.75,12.6,24.0,194,0.5830119824218749,True,2026-09-28 17:32:14+00:00,GLD260929P00392000
GLD,2026-09-29,377.91,2026-09-29,P,393.0,14.4,15.75,13.78,35.0,303,0.6118202880859377,True,2026-09-28 15:23:25+00:00,GLD260929P00393000
GLD,2026-09-29,377.91,2026-09-29,P,394.0,15.55,16.75,15.21,34.0,349,0.639652041015625,True,2026-09-28 19:44:31+00:00,GLD260929P00394000
GLD,2026-09-29,377.91,2026-09-29,P,395.0,16.55,17.75,17.05,29.0,64,0.6674837939453127,True,2026-09-28 20:07:34+00:00,GLD260929P00395000
GLD,2026-09-29,377.91,2026-09-29,P,396.0,17.55,18.75,18.05,29.0,46,0.6948272705078126,True,2026-09-28 20:07:34+00:00,GLD260929P00396000
GLD,2026-09-29,377.91,2026-09-29,P,397.0,18.55,19.75,19.15,42.0,169,0.7216824707031251,True,2026-09-28 20:11:13+00:00,GLD260929P00397000
GLD,2026-09-29,377.91,2026-09-29,P,398.0,19.55,20.75,20.15,18.0,80,0.7485376708984376,True,2026-09-28 20:11:13+00:00,GLD260929P00398000
GLD,2026-09-29,377.91,2026-09-29,P,399.0,20.6,21.75,19.95,13.0,76,0.514653291015625,True,2026-09-28 19:18:52+00:00,GLD260929P00399000
GLD,2026-09-29,377.91,2026-09-29,P,400.0,21.6,22.75,20.78,21.0,152,0.5351608984375,True,2026-09-28 18:51:10+00:00,GLD260929P00400000
GLD,2026-09-29,377.91,2026-09-29,P,401.0,22.65,23.75,23.2,73.0,17,0.577152666015625,True,2026-09-28 20:10:42+00:00,GLD260929P00401000
GLD,2026-09-29,377.91,2026-09-29,P,402.0,23.65,24.75,24.2,84.0,6,0.5976602734375001,True,2026-09-28 20:10:42+00:00,GLD260929P00402000
GLD,2026-09-29,377.91,2026-09-29,P,403.0,24.55,26.25,25.38,42.0,2,0.7421900781249999,True,2026-09-28 20:14:21+00:00,GLD260929P00403000
GLD,2026-09-29,377.91,2026-09-29,P,404.0,25.5,27.15,26.36,31.0,7,0.725588681640625,True,2026-09-28 20:14:21+00:00,GLD260929P00404000
GLD,2026-09-29,377.91,2026-09-29,P,405.0,26.55,27.75,27.15,15.0,20,0.6015664843750002,True,2026-09-28 20:11:26+00:00,GLD260929P00405000
GLD,2026-09-29,377.91,2026-09-29,P,406.0,27.55,28.75,28.15,8.0,5,0.6191444335937502,True,2026-09-28 20:11:26+00:00,GLD260929P00406000
GLD,2026-09-29,377.91,2026-09-29,P,407.0,28.5,30.3,12.95,2.0,1,0.8320329296874999,True,2026-09-25 16:07:07+00:00,GLD260929P00407000
GLD,2026-09-29,377.91,2026-09-29,P,409.0,30.65,31.85,12.2,1.0,0,0.77929908203125,True,2026-09-21 14:10:48+00:00,GLD260929P00409000
GLD,2026-09-29,377.91,2026-09-29,P,410.0,31.4,32.85,17.33,1.0,0,0.6445348046875,True,2026-09-23 19:42:17+00:00,GLD260929P00410000
GLD,2026-09-29,377.91,2026-09-29,P,413.0,34.5,35.95,14.85,,0,0.8359391406249999,True,2026-09-17 16:46:15+00:00,GLD260929P00413000
GLD,2026-09-29,377.91,2026-09-29,P,414.0,35.5,37.0,36.19,20.0,0,0.87695435546875,True,2026-09-28 14:54:32+00:00,GLD260929P00414000
GLD,2026-09-29,377.91,2026-09-29,P,415.0,36.55,37.9,22.49,,0,0.8730481445312499,True,2026-09-23 17:13:05+00:00,GLD260929P00415000
GLD,2026-09-29,377.91,2026-09-29,P,417.0,37.65,39.95,24.25,1.0,1,1.288577775878906,True,2026-09-25 16:34:01+00:00,GLD260929P00417000
GLD,2026-09-29,377.91,2026-09-29,P,419.0,39.65,42.05,18.65,1.0,0,1.3706086157226562,True,2026-09-18 16:28:33+00:00,GLD260929P00419000
GLD,2026-09-29,377.91,2026-09-30,C,250.0,127.35,129.4,154.37,2.0,26,2.728518803710937,True,2026-09-09 19:31:58+00:00,GLD260930C00250000
GLD,2026-09-29,377.91,2026-09-30,C,255.0,117.8,121.75,127.13,1.0,0,1.0000000000000003e-05,True,2026-06-10 16:00:17+00:00,GLD260930C00255000
GLD,2026-09-29,377.91,2026-09-30,C,260.0,0.0,0.0,142.05,1.0,0,1.0000000000000003e-05,True,2026-08-11 18:00:18+00:00,GLD260930C00260000
GLD,2026-09-29,377.91,2026-09-30,C,265.0,112.35,114.4,126.8,1.0,4,2.388675903320312,True,2026-09-24 13:37:38+00:00,GLD260930C00265000
GLD,2026-09-29,377.91,2026-09-30,C,270.0,0.0,0.0,132.3,1.0,0,1.0000000000000003e-05,True,2026-08-11 18:00:03+00:00,GLD260930C00270000
GLD,2026-09-29,377.91,2026-09-30,C,275.0,0.0,0.0,149.24,,0,1.0000000000000003e-05,True,2026-03-30 15:33:12+00:00,GLD260930C00275000
GLD,2026-09-29,377.91,2026-09-30,C,280.0,97.3,98.9,97.6,8.0,37,1.8085947070312498,True,2026-09-28 15:19:08+00:00,GLD260930C00280000
GLD,2026-09-29,377.91,2026-09-30,C,285.0,92.35,94.4,92.62,8.0,0,1.958984580078125,True,2026-09-28 15:19:08+00:00,GLD260930C00285000
GLD,2026-09-29,377.91,2026-09-30,C,290.0,87.35,89.4,108.72,1.0,63,1.8544929150390623,True,2026-09-21 19:14:11+00:00,GLD260930C00290000
GLD,2026-09-29,377.91,2026-09-30,C,295.0,169.5,173.65,129.48,1.0,3,13.236085711822508,True,2025-12-26 14:59:36+00:00,GLD260930C00295000
GLD,2026-09-29,377.91,2026-09-30,C,300.0,77.35,78.5,105.59,2.0,37,1.0781296093750001,True,2026-09-09 18:30:38+00:00,GLD260930C00300000
GLD,2026-09-29,377.91,2026-09-30,C,305.0,72.35,73.4,92.2,3.0,18,1.5625021874999998,True,2026-09-22 14:39:11+00:00,GLD260930C00305000
GLD,2026-09-29,377.91,2026-09-30,C,310.0,67.35,68.35,90.62,2.0,21,1.435549697265625,True,2026-09-10 17:09:31+00:00,GLD260930C00310000
GLD,2026-09-29,377.91,2026-09-30,C,315.0,62.35,63.4,85.67,2.0,41,1.3623078759765623,True,2026-09-10 17:09:31+00:00,GLD260930C00315000
GLD,2026-09-29,377.91,2026-09-30,C,318.0,59.35,61.4,75.57,2.0,9,1.291019169921875,True,2026-09-25 19:54:40+00:00,GLD260930C00318000
GLD,2026-09-29,377.91,2026-09-30,C,319.0,58.35,59.35,60.01,3.0,11,1.2587927685546876,True,2026-09-28 19:16:10+00:00,GLD260930C00319000
GLD,2026-09-29,377.91,2026-09-30,C,320.0,57.35,58.35,59.1,3.0,151,1.2392616162109373,True,2026-09-28 19:16:10+00:00,GLD260930C00320000
GLD,2026-09-29,377.91,2026-09-30,C,321.0,56.35,57.45,58.41,3.0,28,1.2666052294921872,True,2026-09-28 17:18:35+00:00,GLD260930C00321000
GLD,2026-09-29,377.91,2026-09-30,C,322.0,55.35,56.5,57.5,3.0,71,0.7656273437500001,True,2026-09-28 17:18:35+00:00,GLD260930C00322000
GLD,2026-09-29,377.91,2026-09-30,C,323.0,54.35,56.4,70.52,2.0,71,1.1923868505859376,True,2026-09-25 19:54:41+00:00,GLD260930C00323000
GLD,2026-09-29,377.91,2026-09-30,C,324.0,53.35,55.4,69.52,2.0,135,1.1728556982421874,True,2026-09-25 19:54:41+00:00,GLD260930C00324000
GLD,2026-09-29,377.91,2026-09-30,C,325.0,52.35,53.35,68.52,4.0,56,1.1416058544921874,True,2026-09-25 19:58:32+00:00,GLD260930C00325000
GLD,2026-09-29,377.91,2026-09-30,C,326.0,51.35,53.45,67.52,4.0,79,1.1455120849609375,True,2026-09-25 19:58:32+00:00,GLD260930C00326000
GLD,2026-09-29,377.91,2026-09-30,C,327.0,50.35,52.45,66.57,2.0,50,1.1259809326171877,True,2026-09-25 19:54:43+00:00,GLD260930C00327000
GLD,2026-09-29,377.91,2026-09-30,C,328.0,49.35,51.45,65.57,2.0,58,1.1064497802734377,True,2026-09-25 19:54:43+00:00,GLD260930C00328000
GLD,2026-09-29,377.91,2026-09-30,C,329.0,48.35,50.45,64.55,2.0,94,1.0869186279296876,True,2026-09-25 19:54:43+00:00,GLD260930C00329000
GLD,2026-09-29,377.91,2026-09-30,C,330.0,47.35,48.45,63.55,2.0,47,1.0874069067382814,True,2026-09-25 19:54:43+00:00,GLD260930C00330000
GLD,2026-09-29,377.91,2026-09-30,C,331.0,46.35,48.45,73.3,100.0,32,1.0473680444335938,True,2026-09-09 19:07:42+00:00,GLD260930C00331000
GLD,2026-09-29,377.91,2026-09-30,C,332.0,44.8,47.45,61.54,2.0,27,0.8886729882812499,True,2026-09-25 19:54:44+00:00,GLD260930C00332000
GLD,2026-09-29,377.91,2026-09-30,C,333.0,44.15,46.45,60.54,2.0,8,0.965820654296875,True,2026-09-25 19:54:44+00:00,GLD260930C00333000
GLD,2026-09-29,377.91,2026-09-30,C,334.0,134.0,137.35,101.91,1.0,119,10.998660352401735,True,2026-01-13 15:47:02+00:00,GLD260930C00334000
GLD,2026-09-29,377.91,2026-09-30,C,335.0,42.4,43.35,66.6,1.0,28,0.9492192578124999,True,2026-09-17 14:14:59+00:00,GLD260930C00335000
GLD,2026-09-29,377.91,2026-09-30,C,336.0,132.85,136.4,100.85,20.0,59,10.972171111145022,True,2026-02-02 16:01:55+00:00,GLD260930C00336000
GLD,2026-09-29,377.91,2026-09-30,C,337.0,87.55,89.65,66.1,,103,6.330080212402344,True,2025-12-04 16:18:13+00:00,GLD260930C00337000
GLD,2026-09-29,377.91,2026-09-30,C,338.0,89.25,91.65,40.01,3.0,272,6.565675621032716,True,2026-07-24 18:39:41+00:00,GLD260930C00338000
GLD,2026-09-29,377.91,2026-09-30,C,339.0,0.0,0.0,69.04,1.0,0,1.0000000000000003e-05,True,2026-08-17 16:57:55+00:00,GLD260930C00339000
GLD,2026-09-29,377.91,2026-09-30,C,340.0,37.35,38.5,39.45,8.0,318,0.5312546875,True,2026-09-28 18:45:59+00:00,GLD260930C00340000
GLD,2026-09-29,377.91,2026-09-30,C,341.0,36.4,38.45,58.9,1.0,141,0.860352958984375,True,2026-09-11 18:14:59+00:00,GLD260930C00341000
GLD,2026-09-29,377.91,2026-09-30,C,342.0,84.55,85.15,62.4,,157,6.205080368652344,True,2025-12-03 17:48:21+00:00,GLD260930C00342000
GLD,2026-09-29,377.91,2026-09-30,C,343.0,34.4,35.4,36.39,4.0,42,0.8125018749999999,True,2026-09-28 18:16:46+00:00,GLD260930C00343000
GLD,2026-09-29,377.91,2026-09-30,C,344.0,0.0,0.0,71.93,1.0,0,1.0000000000000003e-05,True,2026-08-19 19:32:40+00:00,GLD260930C00344000
GLD,2026-09-29,377.91,2026-09-30,C,345.0,32.4,33.4,34.47,4.0,252,0.773439765625,True,2026-09-28 18:16:46+00:00,GLD260930C00345000
GLD,2026-09-29,377.91,2026-09-30,C,346.0,0.0,0.0,85.9,2.0,0,1.0000000000000003e-05,True,2026-03-27 19:09:13+00:00,GLD260930C00346000
GLD,2026-09-29,377.91,2026-09-30,C,347.0,30.2,32.45,53.9,1.0,7,0.70898728515625,True,2026-09-11 15:09:32+00:00,GLD260930C00347000
GLD,2026-09-29,377.91,2026-09-30,C,348.0,78.5,82.3,35.78,8.0,24,6.056643054199218,True,2026-07-14 15:32:27+00:00,GLD260930C00348000
GLD,2026-09-29,377.91,2026-09-30,C,349.0,28.4,30.45,48.85,2.0,38,0.702151416015625,True,2026-09-22 17:45:16+00:00,GLD260930C00349000
GLD,2026-09-29,377.91,2026-09-30,C,350.0,27.4,28.5,29.41,22.0,135,0.7036162451171876,True,2026-09-28 17:48:41+00:00,GLD260930C00350000
GLD,2026-09-29,377.91,2026-09-30,C,351.0,26.4,27.4,28.33,1.0,12,0.6547886083984377,True,2026-09-28 18:12:43+00:00,GLD260930C00351000
GLD,2026-09-29,377.91,2026-09-30,C,352.0,25.4,27.5,45.77,2.0,52,0.649417568359375,True,2026-09-22 17:41:53+00:00,GLD260930C00352000
GLD,2026-09-29,377.91,2026-09-30,C,353.0,24.45,25.6,26.41,1.0,40,0.6669955175781253,True,2026-09-28 18:12:43+00:00,GLD260930C00353000
GLD,2026-09-29,377.91,2026-09-30,C,354.0,23.45,25.5,44.07,2.0,7,0.6152382226562501,True,2026-09-22 17:43:52+00:00,GLD260930C00354000
GLD,2026-09-29,377.91,2026-09-30,C,355.0,22.45,23.5,24.38,3.0,154,0.6010782080078126,True,2026-09-28 17:40:21+00:00,GLD260930C00355000
GLD,2026-09-29,377.91,2026-09-30,C,356.0,21.45,22.45,23.08,13.0,7,0.5678754150390625,True,2026-09-28 18:34:45+00:00,GLD260930C00356000
GLD,2026-09-29,377.91,2026-09-30,C,357.0,20.45,21.45,22.45,8.0,75,0.5473678076171876,True,2026-09-28 17:50:32+00:00,GLD260930C00357000
GLD,2026-09-29,377.91,2026-09-30,C,358.0,19.45,20.45,21.16,11.0,30,0.5268602001953125,True,2026-09-28 18:34:45+00:00,GLD260930C00358000
GLD,2026-09-29,377.91,2026-09-30,C,359.0,18.25,19.25,20.23,7.0,25,0.45361874511718747,True,2026-09-28 18:18:31+00:00,GLD260930C00359000
GLD,2026-09-29,377.91,2026-09-30,C,360.0,17.5,18.25,19.29,3.0,118,0.43457596679687505,True,2026-09-28 18:18:06+00:00,GLD260930C00360000
GLD,2026-09-29,377.91,2026-09-30,C,361.0,16.5,17.25,17.36,5.0,422,0.415044912109375,True,2026-09-28 14:43:46+00:00,GLD260930C00361000
GLD,2026-09-29,377.91,2026-09-30,C,362.0,15.5,16.3,15.72,4.0,13,0.40820904296875,True,2026-09-28 14:46:19+00:00,GLD260930C00362000
GLD,2026-09-29,377.91,2026-09-30,C,363.0,14.55,15.3,15.26,2.0,33,0.3881897119140625,True,2026-09-28 14:39:14+00:00,GLD260930C00363000
GLD,2026-09-29,377.91,2026-09-30,C,364.0,13.4,14.3,14.3,2.0,57,0.36817038085937503,True,2026-09-28 14:39:14+00:00,GLD260930C00364000
GLD,2026-09-29,377.91,2026-09-30,C,365.0,12.6,13.35,12.73,4.0,324,0.358404853515625,True,2026-09-28 14:49:28+00:00,GLD260930C00365000
GLD,2026-09-29,377.91,2026-09-30,C,366.0,11.65,12.35,12.41,2.0,147,0.33740896972656254,True,2026-09-28 14:43:03+00:00,GLD260930C00366000
GLD,2026-09-29,377.91,2026-09-30,C,367.0,10.7,11.4,12.51,32.0,114,0.3259344750976562,True,2026-09-28 17:55:43+00:00,GLD260930C00367000
GLD,2026-09-29,377.91,2026-09-30,C,368.0,9.8,10.45,11.62,35.0,158,0.3129951513671875,True,2026-09-28 17:55:43+00:00,GLD260930C00368000
GLD,2026-09-29,377.91,2026-09-30,C,369.0,8.9,9.5,9.35,55.0,30,0.2985909985351562,True,2026-09-28 20:03:49+00:00,GLD260930C00369000
GLD,2026-09-29,377.91,2026-09-30,C,370.0,8.1,8.6,8.45,54.0,349,0.2902903002929687,True,2026-09-28 20:03:49+00:00,GLD260930C00370000
GLD,2026-09-29,377.91,2026-09-30,C,371.0,7.2,7.75,8.8,3.0,280,0.28613995117187496,True,2026-09-28 16:33:46+00:00,GLD260930C00371000
GLD,2026-09-29,377.91,2026-09-30,C,372.0,6.3,6.9,7.03,6.0,315,0.27857166748046874,True,2026-09-28 19:51:19+00:00,GLD260930C00372000
GLD,2026-09-29,377.91,2026-09-30,C,373.0,5.5,6.05,6.14,6.0,309,0.26807372558593745,True,2026-09-28 15:27:43+00:00,GLD260930C00373000
GLD,2026-09-29,377.91,2026-09-30,C,374.0,4.75,5.3,5.2,105.0,97,0.26489992919921873,True,2026-09-28 19:59:12+00:00,GLD260930C00374000
GLD,2026-09-29,377.91,2026-09-30,C,375.0,4.2,4.55,4.62,19.0,435,0.25757578369140627,True,2026-09-28 19:51:19+00:00,GLD260930C00375000
GLD,2026-09-29,377.91,2026-09-30,C,376.0,3.45,3.9,3.7,34.0,289,0.2553785400390626,True,2026-09-28 20:07:33+00:00,GLD260930C00376000
GLD,2026-09-29,377.91,2026-09-30,C,377.0,3.05,3.25,3.15,483.0,87,0.2485426708984375,True,2026-09-28 20:13:56+00:00,GLD260930C00377000
GLD,2026-09-29,377.91,2026-09-30,C,378.0,2.5,2.7,2.6,320.0,155,0.24585715087890625,False,2026-09-28 20:14:15+00:00,GLD260930C00378000
GLD,2026-09-29,377.91,2026-09-30,C,379.0,2.0,2.22,2.1,214.0,40,0.24439232177734377,False,2026-09-28 20:07:09+00:00,GLD260930C00379000
GLD,2026-09-29,377.91,2026-09-30,C,380.0,1.64,1.82,1.8,2747.0,429,0.2447585290527344,False,2026-09-28 20:14:37+00:00,GLD260930C00380000
GLD,2026-09-29,377.91,2026-09-30,C,381.0,1.29,1.45,1.36,325.0,205,0.24268335449218748,False,2026-09-28 20:13:45+00:00,GLD260930C00381000
GLD,2026-09-29,377.91,2026-09-30,C,382.0,1.0,1.18,1.19,617.0,381,0.2456130126953125,False,2026-09-28 19:59:22+00:00,GLD260930C00382000
GLD,2026-09-29,377.91,2026-09-30,C,383.0,0.83,0.93,0.85,1032.0,71,0.2456130126953125,False,2026-09-28 20:12:25+00:00,GLD260930C00383000
GLD,2026-09-29,377.91,2026-09-30,C,384.0,0.64,0.75,0.72,227.0,61,0.24927508544921873,False,2026-09-28 20:14:25+00:00,GLD260930C00384000
GLD,2026-09-29,377.91,2026-09-30,C,385.0,0.55,0.59,0.57,971.0,355,0.25098405273437496,False,2026-09-28 20:13:22+00:00,GLD260930C00385000
GLD,2026-09-29,377.91,2026-09-30,C,386.0,0.4,0.47,0.47,322.0,99,0.25440198730468755,False,2026-09-28 20:14:35+00:00,GLD260930C00386000
GLD,2026-09-29,377.91,2026-09-30,C,387.0,0.33,0.38,0.38,180.0,351,0.25928475097656256,False,2026-09-28 20:14:24+00:00,GLD260930C00387000
GLD,2026-09-29,377.91,2026-09-30,C,388.0,0.28,0.31,0.31,191.0,89,0.264655791015625,False,2026-09-28 20:14:15+00:00,GLD260930C00388000
GLD,2026-09-29,377.91,2026-09-30,C,389.0,0.22,0.26,0.21,48.0,43,0.27149166015625,False,2026-09-28 20:13:13+00:00,GLD260930C00389000
GLD,2026-09-29,377.91,2026-09-30,C,390.0,0.18,0.22,0.23,1891.0,1439,0.27930408203124996,False,2026-09-28 20:04:23+00:00,GLD260930C00390000
GLD,2026-09-29,377.91,2026-09-30,C,391.0,0.14,0.19,0.19,62.0,109,0.2876047802734374,False,2026-09-28 19:50:25+00:00,GLD260930C00391000
GLD,2026-09-29,377.91,2026-09-30,C,392.0,0.12,0.19,0.14,37.0,256,0.3042061767578125,False,2026-09-28 15:42:08+00:00,GLD260930C00392000
GLD,2026-09-29,377.91,2026-09-30,C,393.0,0.1,0.17,0.13,38.0,229,0.3139717041015625,False,2026-09-28 19:52:08+00:00,GLD260930C00393000
GLD,2026-09-29,377.91,2026-09-30,C,394.0,0.08,0.12,0.12,120.0,202,0.309577216796875,False,2026-09-28 19:57:44+00:00,GLD260930C00394000
GLD,2026-09-29,377.91,2026-09-30,C,395.0,0.07,0.1,0.1,212.0,2563,0.31445998046874996,False,2026-09-28 20:14:49+00:00,GLD260930C00395000
GLD,2026-09-29,377.91,2026-09-30,C,396.0,0.06,0.11,0.08,22.0,350,0.334967587890625,False,2026-09-28 19:54:03+00:00,GLD260930C00396000
GLD,2026-09-29,377.91,2026-09-30,C,397.0,0.05,0.1,0.08,20.0,387,0.3437565625,False,2026-09-28 19:36:56+00:00,GLD260930C00397000
GLD,2026-09-29,377.91,2026-09-30,C,398.0,0.04,0.08,0.07,66.0,194,0.34668622070312494,False,2026-09-28 19:08:56+00:00,GLD260930C00398000
GLD,2026-09-29,377.91,2026-09-30,C,399.0,0.04,0.07,0.05,43.0,364,0.35352208984374994,False,2026-09-28 19:43:39+00:00,GLD260930C00399000
GLD,2026-09-29,377.91,2026-09-30,C,400.0,0.05,0.06,0.05,1345.0,5339,0.35938140625,False,2026-09-28 19:47:21+00:00,GLD260930C00400000
GLD,2026-09-29,377.91,2026-09-30,C,401.0,0.03,0.07,0.03,21.0,612,0.38086556640624997,False,2026-09-28 19:57:30+00:00,GLD260930C00401000
GLD,2026-09-29,377.91,2026-09-30,C,402.0,0.03,0.05,0.05,93.0,549,0.37500625,False,2026-09-28 19:25:11+00:00,GLD260930C00402000
GLD,2026-09-29,377.91,2026-09-30,C,403.0,0.02,0.05,0.04,14.0,1013,0.38867798828125,False,2026-09-28 19:26:14+00:00,GLD260930C00403000
GLD,2026-09-29,377.91,2026-09-30,C,404.0,0.02,0.04,0.03,56.0,278,0.39063109375,False,2026-09-28 18:17:11+00:00,GLD260930C00404000
GLD,2026-09-29,377.91,2026-09-30,C,405.0,0.02,0.04,0.04,144.0,5165,0.4023497265625,False,2026-09-28 19:14:28+00:00,GLD260930C00405000
GLD,2026-09-29,377.91,2026-09-30,C,406.0,0.01,0.03,0.03,6.0,1149,0.40039662109375,False,2026-09-28 19:26:14+00:00,GLD260930C00406000
GLD,2026-09-29,377.91,2026-09-30,C,407.0,0.01,0.03,0.02,4.0,1789,0.414068359375,False,2026-09-28 17:22:50+00:00,GLD260930C00407000
GLD,2026-09-29,377.91,2026-09-30,C,408.0,0.01,0.03,0.02,37.0,247,0.42578699218750005,False,2026-09-28 19:25:11+00:00,GLD260930C00408000
GLD,2026-09-29,377.91,2026-09-30,C,409.0,0.01,0.03,0.03,66.0,318,0.437505625,False,2026-09-28 16:51:22+00:00,GLD260930C00409000
GLD,2026-09-29,377.91,2026-09-30,C,410.0,0.01,0.03,0.02,77.0,2549,0.44922425781249997,False,2026-09-28 19:53:33+00:00,GLD260930C00410000
GLD,2026-09-29,377.91,2026-09-30,C,411.0,0.01,0.02,0.02,15.0,326,0.437505625,False,2026-09-28 19:33:20+00:00,GLD260930C00411000
GLD,2026-09-29,377.91,2026-09-30,C,412.0,0.01,0.03,0.02,14.0,236,0.4726615234375,False,2026-09-28 14:30:05+00:00,GLD260930C00412000
GLD,2026-09-29,377.91,2026-09-30,C,413.0,0.01,0.03,0.02,5.0,963,0.48438015625,False,2026-09-28 17:50:03+00:00,GLD260930C00413000
GLD,2026-09-29,377.91,2026-09-30,C,414.0,0.0,0.03,0.01,1.0,466,0.49609878906250005,False,2026-09-25 20:12:23+00:00,GLD260930C00414000
GLD,2026-09-29,377.91,2026-09-30,C,415.0,0.0,0.02,0.02,87.0,1921,0.48438015625,False,2026-09-28 18:03:30+00:00,GLD260930C00415000
GLD,2026-09-29,377.91,2026-09-30,C,416.0,0.0,0.03,0.01,9.0,335,0.5195360546875,False,2026-09-28 16:03:06+00:00,GLD260930C00416000
GLD,2026-09-29,377.91,2026-09-30,C,417.0,0.0,0.03,0.02,3.0,112,0.5312546875,False,2026-09-28 14:41:53+00:00,GLD260930C00417000
GLD,2026-09-29,377.91,2026-09-30,C,418.0,0.0,0.02,0.01,12.0,694,0.51562984375,False,2026-09-28 20:12:41+00:00,GLD260930C00418000
GLD,2026-09-29,377.91,2026-09-30,C,419.0,0.0,0.03,0.04,2.0,94,0.51562984375,False,2026-09-28 13:36:39+00:00,GLD260930C00419000
GLD,2026-09-29,377.91,2026-09-30,C,420.0,0.0,0.03,0.03,14.0,3728,0.523442265625,False,2026-09-28 17:00:23+00:00,GLD260930C00420000
GLD,2026-09-29,377.91,2026-09-30,C,421.0,0.0,0.03,0.02,7.0,212,0.5312546875,False,2026-09-28 13:38:26+00:00,GLD260930C00421000
GLD,2026-09-29,377.91,2026-09-30,C,422.0,0.0,0.03,0.01,1.0,208,0.5468795312500001,False,2026-09-24 19:58:07+00:00,GLD260930C00422000
GLD,2026-09-29,377.91,2026-09-30,C,423.0,0.0,0.03,0.01,3.0,296,0.5546919531250001,False,2026-09-28 14:24:49+00:00,GLD260930C00423000
GLD,2026-09-29,377.91,2026-09-30,C,424.0,0.0,0.03,0.08,1.0,249,0.5625043750000001,False,2026-09-25 14:06:28+00:00,GLD260930C00424000
GLD,2026-09-29,377.91,2026-09-30,C,425.0,0.0,0.01,0.01,73.0,2727,0.51562984375,False,2026-09-28 18:27:54+00:00,GLD260930C00425000
GLD,2026-09-29,377.91,2026-09-30,C,426.0,0.0,0.02,0.06,8.0,491,0.5625043750000001,False,2026-09-25 14:06:06+00:00,GLD260930C00426000
GLD,2026-09-29,377.91,2026-09-30,C,427.0,0.0,0.01,0.01,9.0,314,0.5312546875,False,2026-09-28 16:33:21+00:00,GLD260930C00427000
GLD,2026-09-29,377.91,2026-09-30,C,428.0,0.0,0.03,0.07,1.0,285,0.6093789062500001,False,2026-09-25 14:04:18+00:00,GLD260930C00428000
GLD,2026-09-29,377.91,2026-09-30,C,429.0,0.0,0.03,0.04,2.0,258,0.6171913281250001,False,2026-09-25 14:40:01+00:00,GLD260930C00429000
GLD,2026-09-29,377.91,2026-09-30,C,430.0,0.0,0.01,0.01,27.0,5286,0.5625043750000001,False,2026-09-28 18:24:12+00:00,GLD260930C00430000
GLD,2026-09-29,377.91,2026-09-30,C,435.0,0.0,0.02,0.02,12.0,1942,0.6562534375000001,False,2026-09-28 17:40:32+00:00,GLD260930C00435000
GLD,2026-09-29,377.91,2026-09-30,C,440.0,0.0,0.01,0.01,12.0,3093,0.6562534375000001,False,2026-09-28 18:17:56+00:00,GLD260930C00440000
GLD,2026-09-29,377.91,2026-09-30,C,445.0,0.0,0.01,0.03,3.0,1380,0.70312796875,False,2026-09-28 14:33:43+00:00,GLD260930C00445000
GLD,2026-09-29,377.91,2026-09-30,C,450.0,0.0,0.01,0.01,12.0,4198,0.7500025,False,2026-09-28 17:18:28+00:00,GLD260930C00450000
GLD,2026-09-29,377.91,2026-09-30,C,455.0,0.0,0.01,0.02,55.0,2336,0.7812521875,False,2026-09-24 16:22:07+00:00,GLD260930C00455000
GLD,2026-09-29,377.91,2026-09-30,C,460.0,0.0,0.01,0.01,10.0,1278,0.8437515624999999,False,2026-09-28 14:34:46+00:00,GLD260930C00460000
GLD,2026-09-29,377.91,2026-09-30,C,465.0,0.0,0.01,0.03,5.0,279,0.87500125,False,2026-09-24 18:22:37+00:00,GLD260930C00465000
GLD,2026-09-29,377.91,2026-09-30,C,470.0,0.0,0.01,0.02,1.0,1098,0.9062509375,False,2026-09-28 15:20:39+00:00,GLD260930C00470000
GLD,2026-09-29,377.91,2026-09-30,C,475.0,0.0,0.02,0.01,1.0,866,1.015629921875,False,2026-09-28 19:10:19+00:00,GLD260930C00475000
GLD,2026-09-29,377.91,2026-09-30,C,480.0,0.0,0.09,0.03,10.0,856,1.2109414453124998,False,2026-09-22 13:30:14+00:00,GLD260930C00480000
GLD,2026-09-29,377.91,2026-09-30,C,485.0,0.0,0.09,0.06,18.0,1216,1.2578162109375,False,2026-09-18 15:23:15+00:00,GLD260930C00485000
GLD,2026-09-29,377.91,2026-09-30,C,490.0,0.0,0.01,0.02,6.0,699,1.0625046875000002,False,2026-09-24 16:21:16+00:00,GLD260930C00490000
GLD,2026-09-29,377.91,2026-09-30,C,495.0,0.0,0.02,0.01,45.0,539,1.171879140625,False,2026-09-23 17:59:25+00:00,GLD260930C00495000
GLD,2026-09-29,377.91,2026-09-30,C,500.0,0.0,0.01,0.01,1.0,3576,1.15625421875,False,2026-09-28 15:01:18+00:00,GLD260930C00500000
GLD,2026-09-29,377.91,2026-09-30,C,505.0,0.0,0.01,0.01,2.0,757,1.1875040625,False,2026-09-24 15:37:14+00:00,GLD260930C00505000
GLD,2026-09-29,377.91,2026-09-30,C,510.0,0.0,0.09,0.02,6.0,292,1.4765651171875,False,2026-09-21 19:35:10+00:00,GLD260930C00510000
GLD,2026-09-29,377.91,2026-09-30,C,515.0,0.0,0.02,0.03,1.0,1090,1.3281283593749997,False,2026-09-18 13:41:13+00:00,GLD260930C00515000
GLD,2026-09-29,377.91,2026-09-30,C,520.0,0.0,0.02,0.11,1.0,514,1.3750031249999999,False,2026-09-10 18:38:09+00:00,GLD260930C00520000
GLD,2026-09-29,377.91,2026-09-30,C,525.0,0.0,0.03,0.02,11.0,24105,1.453127734375,False,2026-09-22 20:04:20+00:00,GLD260930C00525000
GLD,2026-09-29,377.91,2026-09-30,C,530.0,0.0,0.08,0.03,2.0,24048,1.625001875,False,2026-09-15 15:25:04+00:00,GLD260930C00530000
GLD,2026-09-29,377.91,2026-09-30,C,535.0,0.0,0.02,0.15,1.0,354,1.46875265625,False,2026-09-11 15:22:03+00:00,GLD260930C00535000
GLD,2026-09-29,377.91,2026-09-30,C,540.0,0.0,0.03,0.02,4.0,208,1.5625021874999998,False,2026-09-25 13:35:56+00:00,GLD260930C00540000
GLD,2026-09-29,377.91,2026-09-30,C,545.0,0.0,0.07,0.02,1.0,207,1.7265638671875,False,2026-09-21 15:34:13+00:00,GLD260930C00545000
GLD,2026-09-29,377.91,2026-09-30,C,550.0,0.0,0.01,0.01,8.0,628,1.5000025,False,2026-09-21 19:35:10+00:00,GLD260930C00550000
GLD,2026-09-29,377.91,2026-09-30,C,555.0,0.0,0.01,0.01,28.0,448,1.5312523437499999,False,2026-09-22 16:41:04+00:00,GLD260930C00555000
GLD,2026-09-29,377.91,2026-09-30,C,560.0,0.0,0.01,0.02,48.0,911,1.5625021874999998,False,2026-09-21 19:27:02+00:00,GLD260930C00560000
GLD,2026-09-29,377.91,2026-09-30,C,565.0,0.0,0.03,0.02,2.0,607,1.75000125,False,2026-09-18 19:43:02+00:00,GLD260930C00565000
GLD,2026-09-29,377.91,2026-09-30,C,570.0,0.0,0.01,0.01,20.0,422,1.625001875,False,2026-09-28 16:39:43+00:00,GLD260930C00570000
GLD,2026-09-29,377.91,2026-09-30,C,575.0,0.0,0.07,0.07,1.0,806,1.9453127734375002,False,2026-08-31 19:33:39+00:00,GLD260930C00575000
GLD,2026-09-29,377.91,2026-09-30,C,580.0,0.0,0.07,0.07,18.0,116,1.984375078125,False,2026-09-11 17:49:08+00:00,GLD260930C00580000
GLD,2026-09-29,377.91,2026-09-30,C,585.0,0.0,0.07,0.02,1.0,146,2.0156299609375,False,2026-09-15 17:31:52+00:00,GLD260930C00585000
GLD,2026-09-29,377.91,2026-09-30,C,590.0,0.0,0.06,0.05,2.0,213,2.031254921875,False,2026-09-11 16:58:46+00:00,GLD260930C00590000
GLD,2026-09-29,377.91,2026-09-30,C,595.0,0.0,0.06,0.02,44.0,344,2.0625048437499998,False,2026-09-15 15:22:30+00:00,GLD260930C00595000
GLD,2026-09-29,377.91,2026-09-30,C,600.0,0.0,0.01,0.01,20.0,590,1.8125009374999999,False,2026-09-21 18:55:30+00:00,GLD260930C00600000
GLD,2026-09-29,377.91,2026-09-30,C,605.0,0.0,0.06,0.01,10.0,882,2.1250046874999997,False,2026-09-22 16:38:50+00:00,GLD260930C00605000
GLD,2026-09-29,377.91,2026-09-30,C,610.0,0.0,0.07,0.01,20.0,143,2.1875045312499997,False,2026-09-21 18:54:54+00:00,GLD260930C00610000
GLD,2026-09-29,377.91,2026-09-30,C,615.0,0.0,0.01,0.01,20.0,448,1.9062504687500001,False,2026-09-21 15:52:42+00:00,GLD260930C00615000
GLD,2026-09-29,377.91,2026-09-30,C,620.0,0.0,0.06,0.01,20.0,133,2.2265669335937495,False,2026-09-21 15:50:56+00:00,GLD260930C00620000
GLD,2026-09-29,377.91,2026-09-30,C,625.0,0.0,0.06,0.01,20.0,353,2.2578168554687497,False,2026-09-21 15:10:23+00:00,GLD260930C00625000
GLD,2026-09-29,377.91,2026-09-30,C,630.0,0.0,0.06,0.07,2.0,332,2.2968792578125,False,2026-08-26 16:28:02+00:00,GLD260930C00630000
GLD,2026-09-29,377.91,2026-09-30,C,635.0,0.0,0.01,0.01,20.0,481,2.000005,False,2026-09-21 14:28:01+00:00,GLD260930C00635000
GLD,2026-09-29,377.91,2026-09-30,C,640.0,0.0,0.01,0.01,21.0,260,2.0625048437499998,False,2026-09-21 14:27:44+00:00,GLD260930C00640000
GLD,2026-09-29,377.91,2026-09-30,C,645.0,0.0,0.06,0.01,2.0,676,2.3906290234374996,False,2026-08-28 14:30:31+00:00,GLD260930C00645000
GLD,2026-09-29,377.91,2026-09-30,C,650.0,0.0,0.06,0.01,12.0,917,2.4218789453125,False,2026-09-18 19:14:16+00:00,GLD260930C00650000
GLD,2026-09-29,377.91,2026-09-30,C,655.0,0.0,0.01,0.01,1.0,954,2.1250046874999997,False,2026-09-28 15:23:31+00:00,GLD260930C00655000
GLD,2026-09-29,377.91,2026-09-30,P,250.0,0.0,0.0,0.05,5.0,0,0.500005,False,2026-08-14 16:51:27+00:00,GLD260930P00250000
GLD,2026-09-29,377.91,2026-09-30,P,255.0,0.0,0.05,0.02,6.0,137,1.8437507812499998,False,2026-09-18 19:43:26+00:00,GLD260930P00255000
GLD,2026-09-29,377.91,2026-09-30,P,260.0,0.0,0.03,0.03,2.0,227,1.6875015625,False,2026-09-11 16:24:55+00:00,GLD260930P00260000
GLD,2026-09-29,377.91,2026-09-30,P,265.0,0.0,0.05,0.02,2.0,586,1.6796891015625,False,2026-09-21 13:57:24+00:00,GLD260930P00265000
GLD,2026-09-29,377.91,2026-09-30,P,270.0,0.0,0.05,0.03,2.0,176,1.5937520312499998,False,2026-09-14 17:10:37+00:00,GLD260930P00270000
GLD,2026-09-29,377.91,2026-09-30,P,275.0,0.0,0.02,0.01,21.0,662,1.40625296875,False,2026-09-22 18:28:54+00:00,GLD260930P00275000
GLD,2026-09-29,377.91,2026-09-30,P,280.0,0.0,0.02,0.09,1.0,2397,1.3281283593749997,False,2026-09-15 16:01:01+00:00,GLD260930P00280000
GLD,2026-09-29,377.91,2026-09-30,P,285.0,0.0,0.03,0.03,11.0,1535,1.2968785156249998,False,2026-09-11 17:58:34+00:00,GLD260930P00285000
GLD,2026-09-29,377.91,2026-09-30,P,290.0,0.0,0.03,0.01,25.0,785,1.21875390625,False,2026-09-23 17:58:55+00:00,GLD260930P00290000
GLD,2026-09-29,377.91,2026-09-30,P,295.0,0.0,0.03,0.01,17.0,396,1.15625421875,False,2026-09-23 19:04:23+00:00,GLD260930P00295000
GLD,2026-09-29,377.91,2026-09-30,P,300.0,0.0,0.02,0.01,1.0,1058,1.0468797656250002,False,2026-09-24 15:37:04+00:00,GLD260930P00300000
GLD,2026-09-29,377.91,2026-09-30,P,305.0,0.0,0.03,0.01,3.0,996,1.0078174609375,False,2026-09-24 16:40:43+00:00,GLD260930P00305000
GLD,2026-09-29,377.91,2026-09-30,P,310.0,0.0,0.03,0.01,5.0,533,0.937500625,False,2026-09-21 13:42:53+00:00,GLD260930P00310000
GLD,2026-09-29,377.91,2026-09-30,P,315.0,0.0,0.01,0.01,13.0,603,0.7812521875,False,2026-09-28 19:36:35+00:00,GLD260930P00315000
GLD,2026-09-29,377.91,2026-09-30,P,318.0,0.0,0.03,0.01,5.0,569,0.8281267187499999,False,2026-09-28 14:50:55+00:00,GLD260930P00318000
GLD,2026-09-29,377.91,2026-09-30,P,319.0,0.0,0.03,0.01,12.0,38,0.8125018749999999,False,2026-09-28 14:51:24+00:00,GLD260930P00319000
GLD,2026-09-29,377.91,2026-09-30,P,320.0,0.0,0.02,0.01,6.0,1177,0.7656273437500001,False,2026-09-28 14:25:41+00:00,GLD260930P00320000
GLD,2026-09-29,377.91,2026-09-30,P,321.0,0.0,0.03,0.02,4.0,764,0.7812521875,False,2026-09-28 13:52:53+00:00,GLD260930P00321000
GLD,2026-09-29,377.91,2026-09-30,P,322.0,0.0,0.03,0.01,20.0,125,0.773439765625,False,2026-09-28 16:04:54+00:00,GLD260930P00322000
GLD,2026-09-29,377.91,2026-09-30,P,323.0,0.0,0.06,0.05,1.0,940,0.8125018749999999,False,2026-09-22 17:58:00+00:00,GLD260930P00323000
GLD,2026-09-29,377.91,2026-09-30,P,324.0,0.01,0.03,0.01,4.0,253,0.7656273437500001,False,2026-09-28 16:23:58+00:00,GLD260930P00324000
GLD,2026-09-29,377.91,2026-09-30,P,325.0,0.01,0.02,0.01,60.0,1211,0.73437765625,False,2026-09-28 19:44:02+00:00,GLD260930P00325000
GLD,2026-09-29,377.91,2026-09-30,P,326.0,0.01,0.03,0.02,31.0,62,0.73437765625,False,2026-09-28 17:51:41+00:00,GLD260930P00326000
GLD,2026-09-29,377.91,2026-09-30,P,327.0,0.01,0.03,0.01,22.0,19,0.726565234375,False,2026-09-28 16:25:12+00:00,GLD260930P00327000
GLD,2026-09-29,377.91,2026-09-30,P,328.0,0.01,0.03,0.02,4.0,147,0.710940390625,False,2026-09-28 18:55:37+00:00,GLD260930P00328000
GLD,2026-09-29,377.91,2026-09-30,P,329.0,0.01,0.04,0.06,1.0,35,0.710940390625,False,2026-09-16 18:57:51+00:00,GLD260930P00329000
GLD,2026-09-29,377.91,2026-09-30,P,330.0,0.01,0.03,0.03,2.0,370,0.6796907031250001,False,2026-09-28 19:25:17+00:00,GLD260930P00330000
GLD,2026-09-29,377.91,2026-09-30,P,331.0,0.01,0.03,0.06,1.0,84,0.6718782812500002,False,2026-09-28 14:03:54+00:00,GLD260930P00331000
GLD,2026-09-29,377.91,2026-09-30,P,332.0,0.01,0.04,0.13,14.0,107,0.6718782812500002,False,2026-09-16 19:22:07+00:00,GLD260930P00332000
GLD,2026-09-29,377.91,2026-09-30,P,333.0,0.01,0.03,0.02,7.0,673,0.64062859375,False,2026-09-28 14:04:25+00:00,GLD260930P00333000
GLD,2026-09-29,377.91,2026-09-30,P,334.0,0.01,0.04,0.06,1.0,38,0.64062859375,False,2026-09-28 14:14:04+00:00,GLD260930P00334000
GLD,2026-09-29,377.91,2026-09-30,P,335.0,0.01,0.05,0.06,1.0,105,0.64062859375,False,2026-09-28 14:14:17+00:00,GLD260930P00335000
GLD,2026-09-29,377.91,2026-09-30,P,336.0,0.01,0.04,0.06,1.0,26,0.6171913281250001,False,2026-09-28 14:14:27+00:00,GLD260930P00336000
GLD,2026-09-29,377.91,2026-09-30,P,337.0,0.01,0.04,0.03,10.0,80,0.6015664843750002,False,2026-09-28 19:28:47+00:00,GLD260930P00337000
GLD,2026-09-29,377.91,2026-09-30,P,338.0,0.01,0.05,0.07,2.0,1165,0.5976602734375001,False,2026-09-28 14:29:04+00:00,GLD260930P00338000
GLD,2026-09-29,377.91,2026-09-30,P,339.0,0.01,0.05,0.07,1.0,364,0.585941640625,False,2026-09-25 16:03:28+00:00,GLD260930P00339000
GLD,2026-09-29,377.91,2026-09-30,P,340.0,0.01,0.03,0.07,3.0,2745,0.5468795312500001,False,2026-09-28 14:29:48+00:00,GLD260930P00340000
GLD,2026-09-29,377.91,2026-09-30,P,341.0,0.01,0.05,0.07,3.0,190,0.5546919531250001,False,2026-09-28 14:31:49+00:00,GLD260930P00341000
GLD,2026-09-29,377.91,2026-09-30,P,342.0,0.01,0.05,0.07,2.0,148,0.5429733203125001,False,2026-09-28 14:32:32+00:00,GLD260930P00342000
GLD,2026-09-29,377.91,2026-09-30,P,343.0,0.01,0.05,0.04,28.0,110,0.5273484765625001,False,2026-09-28 18:06:20+00:00,GLD260930P00343000
GLD,2026-09-29,377.91,2026-09-30,P,344.0,0.02,0.05,0.05,44.0,393,0.523442265625,False,2026-09-28 18:07:04+00:00,GLD260930P00344000
GLD,2026-09-29,377.91,2026-09-30,P,345.0,0.01,0.05,0.05,30.0,289,0.500005,False,2026-09-28 18:06:20+00:00,GLD260930P00345000
GLD,2026-09-29,377.91,2026-09-30,P,346.0,0.01,0.06,0.04,29.0,63,0.5293015820312501,False,2026-09-28 19:19:35+00:00,GLD260930P00346000
GLD,2026-09-29,377.91,2026-09-30,P,347.0,0.01,0.06,0.09,2.0,135,0.51562984375,False,2026-09-28 14:40:58+00:00,GLD260930P00347000
GLD,2026-09-29,377.91,2026-09-30,P,348.0,0.01,0.07,0.02,2.0,307,0.5097705273437501,False,2026-09-28 17:54:01+00:00,GLD260930P00348000
GLD,2026-09-29,377.91,2026-09-30,P,349.0,0.02,0.07,0.04,31.0,405,0.49414568359375005,False,2026-09-28 17:54:35+00:00,GLD260930P00349000
GLD,2026-09-29,377.91,2026-09-30,P,350.0,0.03,0.07,0.04,132.0,1044,0.47852083984375,False,2026-09-28 18:11:26+00:00,GLD260930P00350000
GLD,2026-09-29,377.91,2026-09-30,P,351.0,0.03,0.07,0.05,3.0,174,0.46289599609375004,False,2026-09-28 19:26:27+00:00,GLD260930P00351000
GLD,2026-09-29,377.91,2026-09-30,P,352.0,0.03,0.08,0.05,3.0,57,0.45703667968750006,False,2026-09-28 14:40:12+00:00,GLD260930P00352000
GLD,2026-09-29,377.91,2026-09-30,P,353.0,0.03,0.08,0.05,5.0,253,0.4414118359375,False,2026-09-28 14:37:20+00:00,GLD260930P00353000
GLD,2026-09-29,377.91,2026-09-30,P,354.0,0.03,0.09,0.05,1.0,211,0.4335994140625,False,2026-09-25 16:05:16+00:00,GLD260930P00354000
GLD,2026-09-29,377.91,2026-09-30,P,355.0,0.07,0.09,0.09,239.0,423,0.41797457031249996,False,2026-09-28 20:12:34+00:00,GLD260930P00355000
GLD,2026-09-29,377.91,2026-09-30,P,356.0,0.06,0.1,0.08,57.0,579,0.40820904296875,False,2026-09-28 19:31:17+00:00,GLD260930P00356000
GLD,2026-09-29,377.91,2026-09-30,P,357.0,0.05,0.11,0.08,190.0,63,0.398443515625,False,2026-09-28 18:14:13+00:00,GLD260930P00357000
GLD,2026-09-29,377.91,2026-09-30,P,358.0,0.07,0.12,0.07,12.0,202,0.38672488281249995,False,2026-09-28 18:56:54+00:00,GLD260930P00358000
GLD,2026-09-29,377.91,2026-09-30,P,359.0,0.09,0.13,0.1,6.0,338,0.375982802734375,False,2026-09-28 19:06:18+00:00,GLD260930P00359000
GLD,2026-09-29,377.91,2026-09-30,P,360.0,0.09,0.14,0.13,244.0,2092,0.3632876171875,False,2026-09-28 19:56:06+00:00,GLD260930P00360000
GLD,2026-09-29,377.91,2026-09-30,P,361.0,0.11,0.16,0.11,22.0,304,0.3549869189453124,False,2026-09-28 19:43:11+00:00,GLD260930P00361000
GLD,2026-09-29,377.91,2026-09-30,P,362.0,0.1,0.17,0.12,28.0,419,0.3413151806640625,False,2026-09-28 19:09:19+00:00,GLD260930P00362000
GLD,2026-09-29,377.91,2026-09-30,P,363.0,0.12,0.19,0.12,12.0,427,0.331061376953125,False,2026-09-28 18:56:54+00:00,GLD260930P00363000
GLD,2026-09-29,377.91,2026-09-30,P,364.0,0.14,0.2,0.15,7.0,208,0.31592480957031244,False,2026-09-28 16:56:52+00:00,GLD260930P00364000
GLD,2026-09-29,377.91,2026-09-30,P,365.0,0.2,0.26,0.22,52.0,460,0.3154365332031249,False,2026-09-28 19:57:49+00:00,GLD260930P00365000
GLD,2026-09-29,377.91,2026-09-30,P,366.0,0.23,0.3,0.21,16.0,160,0.3061592822265625,False,2026-09-28 16:47:48+00:00,GLD260930P00366000
GLD,2026-09-29,377.91,2026-09-30,P,367.0,0.21,0.35,0.19,10.0,356,0.2973703076171874,False,2026-09-28 18:01:02+00:00,GLD260930P00367000
GLD,2026-09-29,377.91,2026-09-30,P,368.0,0.26,0.41,0.33,46.0,141,0.2890696093749999,False,2026-09-28 19:58:28+00:00,GLD260930P00368000
GLD,2026-09-29,377.91,2026-09-30,P,369.0,0.39,0.5,0.32,38.0,174,0.2836985693359374,False,2026-09-28 16:31:12+00:00,GLD260930P00369000
GLD,2026-09-29,377.91,2026-09-30,P,370.0,0.51,0.56,0.55,519.0,1571,0.270515107421875,False,2026-09-28 20:14:17+00:00,GLD260930P00370000
GLD,2026-09-29,377.91,2026-09-30,P,371.0,0.63,0.73,0.74,68.0,230,0.27149166015625,False,2026-09-28 20:10:24+00:00,GLD260930P00371000
GLD,2026-09-29,377.91,2026-09-30,P,372.0,0.77,0.85,0.85,180.0,1403,0.26148199462890626,False,2026-09-28 20:13:13+00:00,GLD260930P00372000
GLD,2026-09-29,377.91,2026-09-30,P,373.0,0.95,1.03,1.0,224.0,112,0.2556226782226563,False,2026-09-28 20:14:20+00:00,GLD260930P00373000
GLD,2026-09-29,377.91,2026-09-30,P,374.0,1.17,1.33,1.27,2168.0,2297,0.2585523364257813,False,2026-09-28 20:13:45+00:00,GLD260930P00374000
GLD,2026-09-29,377.91,2026-09-30,P,375.0,1.44,1.6,1.55,786.0,7034,0.2536695727539063,False,2026-09-28 20:13:24+00:00,GLD260930P00375000
GLD,2026-09-29,377.91,2026-09-30,P,376.0,1.76,1.97,1.99,154.0,155,0.2536695727539063,False,2026-09-28 20:07:47+00:00,GLD260930P00376000
GLD,2026-09-29,377.91,2026-09-30,P,377.0,2.16,2.36,2.15,1065.0,335,0.25049577636718745,False,2026-09-28 19:00:39+00:00,GLD260930P00377000
GLD,2026-09-29,377.91,2026-09-30,P,378.0,2.6,2.85,2.73,386.0,214,0.2512281909179687,True,2026-09-28 20:02:38+00:00,GLD260930P00378000
GLD,2026-09-29,377.91,2026-09-30,P,379.0,3.1,3.4,2.6,181.0,521,0.2524488818359375,True,2026-09-28 19:31:16+00:00,GLD260930P00379000
GLD,2026-09-29,377.91,2026-09-30,P,380.0,3.65,4.1,3.8,1759.0,4680,0.2624585473632813,True,2026-09-28 20:05:18+00:00,GLD260930P00380000
GLD,2026-09-29,377.91,2026-09-30,P,381.0,4.35,4.8,4.53,107.0,3539,0.2683178637695312,True,2026-09-28 14:51:48+00:00,GLD260930P00381000
GLD,2026-09-29,377.91,2026-09-30,P,382.0,5.05,5.5,5.38,23.0,220,0.2696606237792969,True,2026-09-28 20:11:38+00:00,GLD260930P00382000
GLD,2026-09-29,377.91,2026-09-30,P,383.0,5.8,6.3,4.8,23.0,422,0.27735097656249996,True,2026-09-28 16:32:48+00:00,GLD260930P00383000
GLD,2026-09-29,377.91,2026-09-30,P,384.0,6.65,7.15,5.52,40.0,279,0.2873606420898437,True,2026-09-28 18:47:03+00:00,GLD260930P00384000
GLD,2026-09-29,377.91,2026-09-30,P,385.0,7.5,8.0,7.03,284.0,2344,0.29444064941406245,True,2026-09-28 19:45:18+00:00,GLD260930P00385000
GLD,2026-09-29,377.91,2026-09-30,P,386.0,8.35,8.9,7.45,225.0,495,0.30542686767578126,True,2026-09-28 19:28:18+00:00,GLD260930P00386000
GLD,2026-09-29,377.91,2026-09-30,P,387.0,9.15,9.8,8.55,114.0,708,0.3142158422851562,True,2026-09-28 19:41:56+00:00,GLD260930P00387000
GLD,2026-09-29,377.91,2026-09-30,P,388.0,10.05,10.75,9.8,103.0,434,0.3286199951171874,True,2026-09-28 19:52:31+00:00,GLD260930P00388000
GLD,2026-09-29,377.91,2026-09-30,P,389.0,10.95,11.85,9.85,41.0,1019,0.366217275390625,True,2026-09-28 18:46:46+00:00,GLD260930P00389000
GLD,2026-09-29,377.91,2026-09-30,P,390.0,12.0,12.75,11.93,148.0,982,0.3711000390625,True,2026-09-28 19:53:12+00:00,GLD260930P00390000
GLD,2026-09-29,377.91,2026-09-30,P,391.0,13.05,13.8,12.09,6.0,302,0.40064075927734377,True,2026-09-28 19:04:54+00:00,GLD260930P00391000
GLD,2026-09-29,377.91,2026-09-30,P,392.0,13.85,14.8,13.14,24.0,235,0.42139250488281255,True,2026-09-28 19:29:08+00:00,GLD260930P00392000
GLD,2026-09-29,377.91,2026-09-30,P,393.0,14.85,15.75,14.83,66.0,206,0.432622861328125,True,2026-09-28 15:27:31+00:00,GLD260930P00393000
GLD,2026-09-29,377.91,2026-09-30,P,394.0,15.7,16.75,15.5,53.0,115,0.4523980541992188,True,2026-09-28 19:36:03+00:00,GLD260930P00394000
GLD,2026-09-29,377.91,2026-09-30,P,395.0,16.9,17.75,17.11,75.0,584,0.47192910888671874,True,2026-09-28 19:59:28+00:00,GLD260930P00395000
GLD,2026-09-29,377.91,2026-09-30,P,396.0,17.65,18.75,17.25,17.0,210,0.49121602539062503,True,2026-09-28 19:10:56+00:00,GLD260930P00396000
GLD,2026-09-29,377.91,2026-09-30,P,397.0,18.65,19.75,17.3,17.0,127,0.5102588037109376,True,2026-09-28 19:01:37+00:00,GLD260930P00397000
GLD,2026-09-29,377.91,2026-09-30,P,398.0,19.75,20.75,19.07,6.0,210,0.5293015820312501,True,2026-09-28 19:17:58+00:00,GLD260930P00398000
GLD,2026-09-29,377.91,2026-09-30,P,399.0,20.75,21.75,21.05,3.0,262,0.5478560839843751,True,2026-09-28 16:07:05+00:00,GLD260930P00399000
GLD,2026-09-29,377.91,2026-09-30,P,400.0,21.8,22.75,21.96,58.0,1478,0.5664105859375,True,2026-09-28 19:58:19+00:00,GLD260930P00400000
GLD,2026-09-29,377.91,2026-09-30,P,401.0,22.7,23.75,21.9,17.0,145,0.584965087890625,True,2026-09-28 17:46:14+00:00,GLD260930P00401000
GLD,2026-09-29,377.91,2026-09-30,P,402.0,23.7,24.75,24.0,19.0,93,0.6030313134765627,True,2026-09-28 19:59:47+00:00,GLD260930P00402000
GLD,2026-09-29,377.91,2026-09-30,P,403.0,24.7,25.75,23.76,20.0,121,0.6210975390625001,True,2026-09-28 18:25:48+00:00,GLD260930P00403000
GLD,2026-09-29,377.91,2026-09-30,P,404.0,25.8,26.75,26.0,33.0,128,0.63867548828125,True,2026-09-28 19:57:16+00:00,GLD260930P00404000
GLD,2026-09-29,377.91,2026-09-30,P,405.0,26.75,27.75,26.99,34.0,856,0.6567417138671876,True,2026-09-28 19:54:23+00:00,GLD260930P00405000
GLD,2026-09-29,377.91,2026-09-30,P,406.0,27.7,28.75,25.95,1.0,1681,0.6738313867187502,True,2026-09-28 14:19:34+00:00,GLD260930P00406000
GLD,2026-09-29,377.91,2026-09-30,P,407.0,28.75,29.75,15.18,6.0,82,0.5224657128906249,True,2026-09-24 16:49:42+00:00,GLD260930P00407000
GLD,2026-09-29,377.91,2026-09-30,P,408.0,29.7,30.75,28.59,6.0,55,0.5224657128906249,True,2026-09-28 18:47:57+00:00,GLD260930P00408000
GLD,2026-09-29,377.91,2026-09-30,P,409.0,29.65,31.9,15.68,3.0,94,0.7622094091796876,True,2026-09-25 19:59:32+00:00,GLD260930P00409000
GLD,2026-09-29,377.91,2026-09-30,P,410.0,31.65,32.75,31.93,32.0,87,0.53320779296875,True,2026-09-28 20:05:42+00:00,GLD260930P00410000
GLD,2026-09-29,377.91,2026-09-30,P,411.0,31.65,33.75,15.83,3.0,34,0.7597680273437502,True,2026-09-16 14:37:55+00:00,GLD260930P00411000
GLD,2026-09-29,377.91,2026-09-30,P,412.0,33.65,34.75,33.94,5.0,48,0.559574716796875,True,2026-09-28 20:05:42+00:00,GLD260930P00412000
GLD,2026-09-29,377.91,2026-09-30,P,413.0,33.65,36.3,19.33,3.0,5,0.918946123046875,True,2026-09-25 18:52:11+00:00,GLD260930P00413000
GLD,2026-09-29,377.91,2026-09-30,P,414.0,34.65,37.3,22.35,2.0,0,0.9370123486328125,True,2026-09-24 19:58:45+00:00,GLD260930P00414000
GLD,2026-09-29,377.91,2026-09-30,P,415.0,36.65,37.75,24.55,3.0,7,0.5996133789062501,True,2026-09-24 14:05:46+00:00,GLD260930P00415000
GLD,2026-09-29,377.91,2026-09-30,P,416.0,36.65,39.3,23.1,4.0,0,0.9731447998046875,True,2026-09-23 19:26:12+00:00,GLD260930P00416000
GLD,2026-09-29,377.91,2026-09-30,P,417.0,37.65,40.25,25.73,3.0,0,0.9799806689453125,True,2026-09-24 19:59:09+00:00,GLD260930P00417000
GLD,2026-09-29,377.91,2026-09-30,P,418.0,38.65,41.4,18.92,1.0,1,1.0293017285156252,True,2026-09-17 17:07:12+00:00,GLD260930P00418000
GLD,2026-09-29,377.91,2026-09-30,P,419.0,39.65,42.5,20.3,4.0,5,1.067143336181641,True,2026-09-21 19:39:18+00:00,GLD260930P00419000
GLD,2026-09-29,377.91,2026-09-30,P,420.0,41.55,42.9,27.0,60.0,61,0.6835969140625001,True,2026-09-25 19:52:55+00:00,GLD260930P00420000
GLD,2026-09-29,377.91,2026-09-30,P,421.0,41.65,44.2,28.1,1.0,0,1.0380907470703127,True,2026-09-23 19:16:59+00:00,GLD260930P00421000
GLD,2026-09-29,377.91,2026-09-30,P,422.0,42.65,45.3,32.9,3.0,1,1.0776413305664065,True,2026-09-16 19:18:39+00:00,GLD260930P00422000
GLD,2026-09-29,377.91,2026-09-30,P,423.0,44.65,45.85,29.4,751.0,766,0.7402369726562499,True,2026-09-25 19:52:55+00:00,GLD260930P00423000
GLD,2026-09-29,377.91,2026-09-30,P,424.0,44.65,46.7,26.83,1.0,0,0.9531254687499999,True,2026-09-21 14:16:37+00:00,GLD260930P00424000
GLD,2026-09-29,377.91,2026-09-30,P,425.0,46.75,47.75,27.4,113.0,1,0.7666038964843751,True,2026-09-22 17:10:51+00:00,GLD260930P00425000
GLD,2026-09-29,377.91,2026-09-30,P,426.0,46.65,48.95,33.9,1.0,2,1.0581101782226563,True,2026-09-24 13:30:09+00:00,GLD260930P00426000
GLD,2026-09-29,377.91,2026-09-30,P,427.0,47.8,49.75,36.39,2.0,0,1.0151416430664062,True,2026-09-16 18:57:40+00:00,GLD260930P00427000
GLD,2026-09-29,377.91,2026-09-30,P,428.0,48.65,51.3,25.55,1.0,0,1.1782267651367184,True,2026-09-09 18:31:24+00:00,GLD260930P00428000
GLD,2026-09-29,377.91,2026-09-30,P,429.0,49.65,51.75,37.53,1.0,0,1.045414929199219,True,2026-09-24 20:08:59+00:00,GLD260930P00429000
GLD,2026-09-29,377.91,2026-09-30,P,430.0,51.75,52.75,50.05,1.0,2,0.8300798242187499,True,2026-09-24 20:08:59+00:00,GLD260930P00430000
GLD,2026-09-29,377.91,2026-09-30,P,435.0,56.75,57.75,41.8,55.0,43,0.89257919921875,True,2026-09-25 19:52:55+00:00,GLD260930P00435000
GLD,2026-09-29,377.91,2026-09-30,P,440.0,61.65,63.2,46.38,8.0,20,1.0683640332031252,True,2026-09-25 19:50:27+00:00,GLD260930P00440000
GLD,2026-09-29,377.91,2026-09-30,P,445.0,66.7,68.1,51.42,23.0,0,1.119145029296875,True,2026-09-25 19:50:43+00:00,GLD260930P00445000
GLD,2026-09-29,377.91,2026-09-30,P,450.0,70.65,72.75,58.19,1.0,2,1.3457063964843747,True,2026-09-24 20:09:22+00:00,GLD260930P00450000
GLD,2026-09-29,377.91,2026-09-30,P,455.0,76.65,77.75,62.06,2.0,0,1.076176494140625,True,2026-09-23 19:49:53+00:00,GLD260930P00455000
GLD,2026-09-29,377.91,2026-09-30,P,460.0,0.0,0.0,39.9,5.0,0,1.0000000000000003e-05,True,2026-08-21 16:11:17+00:00,GLD260930P00460000
GLD,2026-09-29,377.91,2026-09-30,P,465.0,40.4,41.6,92.85,120.0,0,1.0000000000000003e-05,True,2026-06-25 19:13:32+00:00,GLD260930P00465000
GLD,2026-09-29,377.91,2026-09-30,P,470.0,91.7,92.8,51.8,2.0,0,1.2968785156249998,True,2026-08-28 14:42:18+00:00,GLD260930P00470000
GLD,2026-09-29,377.91,2026-09-30,P,475.0,0.0,0.0,85.53,22.0,0,1.0000000000000003e-05,True,2026-08-06 17:59:52+00:00,GLD260930P00475000
GLD,2026-09-29,377.91,2026-09-30,P,480.0,100.65,103.0,90.11,1.0,1,1.834961762695312,True,2026-09-24 16:13:01+00:00,GLD260930P00480000
GLD,2026-09-29,377.91,2026-09-30,P,485.0,106.6,108.05,93.64,1.0,0,1.5312523437499999,True,2026-09-16 19:50:17+00:00,GLD260930P00485000
GLD,2026-09-29,377.91,2026-09-30,P,490.0,111.65,113.2,98.35,4.0,0,1.6650407373046878,True,2026-09-24 19:33:35+00:00,GLD260930P00490000
GLD,2026-09-29,377.91,2026-09-30,P,495.0,116.7,118.25,93.03,1.0,0,1.75390748046875,True,2026-09-18 19:47:26+00:00,GLD260930P00495000
GLD,2026-09-29,377.91,2026-09-30,P,500.0,120.95,122.85,108.14,1.0,1,2.0156299609375,True,2026-09-24 16:58:54+00:00,GLD260930P00500000
GLD,2026-09-29,377.91,2026-09-30,P,505.0,126.65,127.85,109.67,1.0,0,1.654298603515625,True,2026-09-14 19:48:26+00:00,GLD260930P00505000
GLD,2026-09-29,377.91,2026-09-30,P,510.0,81.5,85.3,138.84,14.0,0,1.0000000000000003e-05,True,2026-07-23 18:28:36+00:00,GLD260930P00510000
GLD,2026-09-29,377.91,2026-09-30,P,515.0,0.0,0.0,101.57,302.0,0,1.0000000000000003e-05,True,2026-03-25 17:08:16+00:00,GLD260930P00515000
GLD,2026-09-29,377.91,2026-09-30,P,520.0,0.0,0.0,106.11,26.0,0,1.0000000000000003e-05,True,2026-03-25 17:04:39+00:00,GLD260930P00520000
GLD,2026-09-29,377.91,2026-09-30,P,525.0,0.0,0.0,110.27,200.0,0,1.0000000000000003e-05,True,2026-03-25 17:00:32+00:00,GLD260930P00525000
GLD,2026-09-29,377.91,2026-09-30,P,530.0,0.0,0.0,114.72,2.0,0,1.0000000000000003e-05,True,2026-03-25 17:00:51+00:00,GLD260930P00530000
GLD,2026-09-29,377.91,2026-09-30,P,535.0,160.75,164.7,141.8,2.0,0,3.6464852587890633,True,2026-06-09 15:45:10+00:00,GLD260930P00535000
GLD,2026-09-29,377.91,2026-09-30,P,540.0,140.7,144.85,99.0,3.0,0,1.0000000000000003e-05,True,2026-04-20 13:52:34+00:00,GLD260930P00540000
GLD,2026-09-29,377.91,2026-09-30,P,545.0,145.7,149.85,112.67,1.0,0,1.0000000000000003e-05,True,2026-05-07 20:06:10+00:00,GLD260930P00545000
GLD,2026-09-29,377.91,2026-09-30,P,550.0,0.0,0.0,133.72,2.0,0,1.0000000000000003e-05,True,2026-03-25 17:10:16+00:00,GLD260930P00550000
GLD,2026-09-29,377.91,2026-09-30,P,555.0,0.0,0.0,138.85,40.0,0,1.0000000000000003e-05,True,2026-05-21 19:29:36+00:00,GLD260930P00555000
GLD,2026-09-29,377.91,2026-09-30,P,560.0,131.15,135.45,188.83,14.0,0,1.0000000000000003e-05,True,2026-07-23 18:28:36+00:00,GLD260930P00560000
GLD,2026-09-29,377.91,2026-09-30,P,565.0,118.65,122.4,108.22,4.0,2,1.0000000000000003e-05,True,2026-03-17 18:19:30+00:00,GLD260930P00565000
GLD,2026-09-29,377.91,2026-09-30,P,570.0,123.45,127.25,125.0,3.0,32,1.0000000000000003e-05,True,2026-03-18 14:26:35+00:00,GLD260930P00570000
GLD,2026-09-29,377.91,2026-09-30,P,575.0,0.0,0.0,115.5,2.0,0,1.0000000000000003e-05,True,2026-03-05 17:55:59+00:00,GLD260930P00575000
GLD,2026-09-29,377.91,2026-09-30,P,580.0,120.85,124.2,105.4,,6,1.0000000000000003e-05,True,2026-01-29 20:33:11+00:00,GLD260930P00580000
GLD,2026-09-29,377.91,2026-09-30,P,585.0,0.0,0.0,124.3,2.0,0,1.0000000000000003e-05,True,2026-03-05 17:55:53+00:00,GLD260930P00585000
GLD,2026-09-29,377.91,2026-09-30,P,590.0,106.6,108.5,125.21,,18,1.0000000000000003e-05,True,2026-01-27 19:19:00+00:00,GLD260930P00590000
GLD,2026-09-29,377.91,2026-09-30,P,595.0,134.55,138.1,163.45,,18,1.0000000000000003e-05,True,2026-02-02 17:09:19+00:00,GLD260930P00595000
GLD,2026-09-29,377.91,2026-09-30,P,600.0,139.5,142.85,109.0,,60,1.0000000000000003e-05,True,2026-01-29 14:35:32+00:00,GLD260930P00600000
GLD,2026-09-29,377.91,2026-09-30,P,605.0,119.25,121.7,140.3,,300,1.0000000000000003e-05,True,2026-01-27 14:44:16+00:00,GLD260930P00605000
GLD,2026-09-29,377.91,2026-09-30,P,610.0,148.75,152.35,177.9,,17,1.0000000000000003e-05,True,2026-02-02 17:09:45+00:00,GLD260930P00610000
GLD,2026-09-29,377.91,2026-09-30,P,615.0,153.85,157.15,164.85,2.0,8,1.0000000000000003e-05,True,2026-02-03 15:27:28+00:00,GLD260930P00615000
GLD,2026-09-29,377.91,2026-09-30,P,620.0,133.3,135.2,154.35,,1,1.0000000000000003e-05,True,2026-01-26 15:47:16+00:00,GLD260930P00620000
GLD,2026-09-29,377.91,2026-09-30,P,625.0,206.0,210.85,187.82,1.0,0,1.0000000000000003e-05,True,2026-04-10 19:58:23+00:00,GLD260930P00625000
GLD,2026-09-29,377.91,2026-09-30,P,630.0,142.2,144.4,163.1,,1,1.0000000000000003e-05,True,2026-01-26 15:58:17+00:00,GLD260930P00630000
GLD,2026-09-29,377.91,2026-09-30,P,635.0,187.7,192.0,187.75,1.0,0,1.0000000000000003e-05,True,2026-03-18 14:23:33+00:00,GLD260930P00635000
GLD,2026-09-29,377.91,2026-09-30,P,640.0,177.75,181.45,194.2,,0,1.0000000000000003e-05,True,2026-01-30 18:01:22+00:00,GLD260930P00640000
GLD,2026-09-29,377.91,2026-09-30,P,655.0,0.0,0.0,265.75,,0,1.0000000000000003e-05,True,2026-08-06 19:00:35+00:00,GLD260930P00655000
GLD,2026-09-29,377.91,2026-10-01,C,275.0,102.4,104.45,116.42,,1,1.8017588037109373,True,2026-09-24 18:16:36+00:00,GLD261001C00275000
GLD,2026-09-29,377.91,2026-10-01,C,283.0,94.1,96.45,115.15,,1,1.572267763671875,True,2026-09-22 15:10:01+00:00,GLD261001C00283000
GLD,2026-09-29,377.91,2026-10-01,C,292.0,85.4,86.6,86.58,7.0,1,1.1757853710937498,True,2026-09-28 19:51:51+00:00,GLD261001C00292000
GLD,2026-09-29,377.91,2026-10-01,C,325.0,52.4,54.5,66.45,,1,0.9687503125,True,2026-09-24 18:16:36+00:00,GLD261001C00325000
GLD,2026-09-29,377.91,2026-10-01,C,370.0,8.45,9.0,8.75,7.0,1,0.2815013256835937,True,2026-09-28 20:06:23+00:00,GLD261001C00370000
GLD,2026-09-29,377.91,2026-10-01,C,375.0,4.65,5.1,4.85,9.0,17,0.2534254345703125,True,2026-09-28 20:07:50+00:00,GLD261001C00375000
GLD,2026-09-29,377.91,2026-10-01,C,376.0,4.15,4.45,4.35,5.0,3,0.25012956909179684,True,2026-09-28 20:05:43+00:00,GLD261001C00376000
GLD,2026-09-29,377.91,2026-10-01,C,385.0,0.84,0.97,0.95,481.0,11,0.24658956542968752,False,2026-09-28 20:05:23+00:00,GLD261001C00385000
GLD,2026-09-29,377.91,2026-10-01,C,386.0,0.7,0.83,0.92,222.0,10,0.2515943981933594,False,2026-09-28 19:11:40+00:00,GLD261001C00386000
GLD,2026-09-29,377.91,2026-10-01,C,387.0,0.57,0.68,0.69,21.0,1,0.25269302001953126,False,2026-09-28 19:57:55+00:00,GLD261001C00387000
GLD,2026-09-29,377.91,2026-10-01,C,388.0,0.47,0.56,0.66,29.0,22,0.25489026367187506,False,2026-09-28 19:24:46+00:00,GLD261001C00388000
GLD,2026-09-29,377.91,2026-10-01,C,390.0,0.33,0.44,0.5,162.0,114,0.2700268310546875,False,2026-09-28 18:53:14+00:00,GLD261001C00390000
GLD,2026-09-29,377.91,2026-10-01,C,391.0,0.27,0.33,0.32,463.0,14,0.26563234375,False,2026-09-28 19:53:01+00:00,GLD261001C00391000
GLD,2026-09-29,377.91,2026-10-01,C,392.0,0.23,0.28,0.34,26.0,85,0.2700268310546875,False,2026-09-28 18:50:27+00:00,GLD261001C00392000
GLD,2026-09-29,377.91,2026-10-01,C,393.0,0.19,0.24,0.22,172.0,193,0.27539787109374997,False,2026-09-28 19:52:30+00:00,GLD261001C00393000
GLD,2026-09-29,377.91,2026-10-01,C,394.0,0.16,0.21,0.22,8.0,124,0.28125718749999995,False,2026-09-28 19:52:42+00:00,GLD261001C00394000
GLD,2026-09-29,377.91,2026-10-01,C,395.0,0.14,0.18,0.19,3110.0,116,0.28565167480468745,False,2026-09-28 19:43:47+00:00,GLD261001C00395000
GLD,2026-09-29,377.91,2026-10-01,C,396.0,0.12,0.22,0.17,53.0,88,0.31055376953124997,False,2026-09-28 18:36:26+00:00,GLD261001C00396000
GLD,2026-09-29,377.91,2026-10-01,C,397.0,0.1,0.17,0.14,8.0,42,0.3086006640625,False,2026-09-28 16:29:30+00:00,GLD261001C00397000
GLD,2026-09-29,377.91,2026-10-01,C,398.0,0.09,0.15,0.19,5.0,164,0.3139717041015625,False,2026-09-28 16:12:48+00:00,GLD261001C00398000
GLD,2026-09-29,377.91,2026-10-01,C,399.0,0.1,0.13,0.11,10.0,86,0.31836619140624994,False,2026-09-28 15:29:49+00:00,GLD261001C00399000
GLD,2026-09-29,377.91,2026-10-01,C,400.0,0.07,0.1,0.09,66.0,332,0.31641308593749995,False,2026-09-28 19:43:38+00:00,GLD261001C00400000
GLD,2026-09-29,377.91,2026-10-01,C,401.0,0.06,0.09,0.08,7.0,39,0.32227240234374993,False,2026-09-28 13:49:12+00:00,GLD261001C00401000
GLD,2026-09-29,377.91,2026-10-01,C,402.0,0.05,0.09,0.09,24.0,92,0.33399103515625,False,2026-09-28 19:45:15+00:00,GLD261001C00402000
GLD,2026-09-29,377.91,2026-10-01,C,403.0,0.05,0.11,0.07,34.0,87,0.35645174804687496,False,2026-09-28 19:44:47+00:00,GLD261001C00403000
GLD,2026-09-29,377.91,2026-10-01,C,404.0,0.04,0.1,0.1,3.0,863,0.362311064453125,False,2026-09-28 16:31:25+00:00,GLD261001C00404000
GLD,2026-09-29,377.91,2026-10-01,C,405.0,0.06,0.09,0.07,60.0,163,0.367193828125,False,2026-09-28 16:03:18+00:00,GLD261001C00405000
GLD,2026-09-29,377.91,2026-10-01,C,406.0,0.03,0.09,0.04,4.0,12,0.3789124609375,False,2026-09-28 16:31:25+00:00,GLD261001C00406000
GLD,2026-09-29,377.91,2026-10-01,C,407.0,0.03,0.1,0.09,3.0,33,0.39649041015625003,False,2026-09-28 16:29:30+00:00,GLD261001C00407000
GLD,2026-09-29,377.91,2026-10-01,C,408.0,0.03,0.06,0.06,14.0,120,0.3789124609375,False,2026-09-28 19:34:26+00:00,GLD261001C00408000
GLD,2026-09-29,377.91,2026-10-01,C,409.0,0.02,0.07,0.05,10.0,19,0.39649041015625003,False,2026-09-28 16:59:01+00:00,GLD261001C00409000
GLD,2026-09-29,377.91,2026-10-01,C,410.0,0.02,0.06,0.05,16.0,131,0.398443515625,False,2026-09-28 15:45:15+00:00,GLD261001C00410000
GLD,2026-09-29,377.91,2026-10-01,C,411.0,0.02,0.06,2.18,5.0,4,0.4101621484375,False,2026-09-18 14:59:07+00:00,GLD261001C00411000
GLD,2026-09-29,377.91,2026-10-01,C,412.0,0.02,0.06,0.22,8.0,68,0.41992767578125,False,2026-09-24 20:13:27+00:00,GLD261001C00412000
GLD,2026-09-29,377.91,2026-10-01,C,413.0,0.02,0.06,0.18,50.0,20,0.42969320312500003,False,2026-09-25 16:33:56+00:00,GLD261001C00413000
GLD,2026-09-29,377.91,2026-10-01,C,414.0,0.01,0.05,0.31,5.0,8,0.42969320312500003,False,2026-09-23 19:36:37+00:00,GLD261001C00414000
GLD,2026-09-29,377.91,2026-10-01,C,415.0,0.01,0.03,0.03,20.0,32,0.414068359375,False,2026-09-28 14:32:20+00:00,GLD261001C00415000
GLD,2026-09-29,377.91,2026-10-01,C,416.0,0.01,0.03,0.57,1.0,30,0.42188078125,False,2026-09-22 16:25:06+00:00,GLD261001C00416000
GLD,2026-09-29,377.91,2026-10-01,C,417.0,0.01,0.03,0.03,2.0,1,0.4335994140625,False,2026-09-28 13:51:46+00:00,GLD261001C00417000
GLD,2026-09-29,377.91,2026-10-01,C,418.0,0.01,0.03,0.24,1.0,1,0.4414118359375,False,2026-09-23 13:30:01+00:00,GLD261001C00418000
GLD,2026-09-29,377.91,2026-10-01,C,419.0,0.01,0.03,0.61,,0,0.44922425781249997,False,2026-09-21 19:34:11+00:00,GLD261001C00419000
GLD,2026-09-29,377.91,2026-10-01,C,420.0,0.01,0.03,0.05,10.0,16,0.46094289062500005,False,2026-09-24 16:20:17+00:00,GLD261001C00420000
GLD,2026-09-29,377.91,2026-10-01,C,421.0,0.01,0.03,0.18,7.0,5,0.4687553125,False,2026-09-23 18:46:23+00:00,GLD261001C00421000
GLD,2026-09-29,377.91,2026-10-01,C,423.0,0.01,0.03,0.02,100.0,147,0.48828636718750007,False,2026-09-28 20:01:23+00:00,GLD261001C00423000
GLD,2026-09-29,377.91,2026-10-01,C,425.0,0.01,0.03,0.02,1.0,3,0.5039112109375,False,2026-09-28 20:01:03+00:00,GLD261001C00425000
GLD,2026-09-29,377.91,2026-10-01,C,427.0,0.01,0.03,0.03,3.0,2,0.500005,False,2026-09-28 13:53:11+00:00,GLD261001C00427000
GLD,2026-09-29,377.91,2026-10-01,C,430.0,0.0,0.04,0.03,5.0,7,0.5273484765625001,False,2026-09-25 18:21:49+00:00,GLD261001C00430000
GLD,2026-09-29,377.91,2026-10-01,C,434.0,0.0,0.03,0.4,1.0,1,0.5468795312500001,False,2026-09-18 13:54:44+00:00,GLD261001C00434000
GLD,2026-09-29,377.91,2026-10-01,C,435.0,0.0,0.03,0.02,8.0,2,0.5546919531250001,False,2026-09-28 14:02:18+00:00,GLD261001C00435000
GLD,2026-09-29,377.91,2026-10-01,C,440.0,0.0,0.03,0.2,,3,0.5937540625000001,False,2026-09-21 15:06:32+00:00,GLD261001C00440000
GLD,2026-09-29,377.91,2026-10-01,C,450.0,0.0,0.1,0.01,10.0,10,0.7578149218750001,False,2026-09-25 16:00:29+00:00,GLD261001C00450000
GLD,2026-09-29,377.91,2026-10-01,C,455.0,0.0,0.1,0.01,3.0,6,0.8007832421875,False,2026-09-25 16:00:09+00:00,GLD261001C00455000
GLD,2026-09-29,377.91,2026-10-01,C,460.0,0.0,0.1,0.03,1.0,1,0.8398453515625,False,2026-09-24 14:50:40+00:00,GLD261001C00460000
GLD,2026-09-29,377.91,2026-10-01,C,470.0,0.0,0.1,0.05,,4,0.92187578125,False,2026-09-24 19:01:16+00:00,GLD261001C00470000
GLD,2026-09-29,377.91,2026-10-01,C,475.0,0.0,0.1,0.04,,7,0.9609378906249999,False,2026-09-24 17:37:22+00:00,GLD261001C00475000
GLD,2026-09-29,377.91,2026-10-01,C,480.0,0.0,0.09,0.03,,1,0.9882813671875,False,2026-09-23 18:59:27+00:00,GLD261001C00480000
GLD,2026-09-29,377.91,2026-10-01,C,485.0,0.0,0.09,0.03,,2,1.0273486132812502,False,2026-09-22 16:57:43+00:00,GLD261001C00485000
GLD,2026-09-29,377.91,2026-10-01,C,500.0,0.0,0.03,0.06,2.0,1,1.0312548437500002,False,2026-09-18 14:32:38+00:00,GLD261001C00500000
GLD,2026-09-29,377.91,2026-10-01,C,510.0,0.0,0.08,0.07,2.0,1,1.1953165234375,False,2026-09-18 14:32:03+00:00,GLD261001C00510000
GLD,2026-09-29,377.91,2026-10-01,P,297.0,0.0,0.06,0.01,,3,0.9765627343750001,False,2026-09-17 14:19:31+00:00,GLD261001P00297000
GLD,2026-09-29,377.91,2026-10-01,P,298.0,0.0,0.04,0.04,5.0,2,0.929688203125,False,2026-09-28 13:33:49+00:00,GLD261001P00298000
GLD,2026-09-29,377.91,2026-10-01,P,299.0,0.0,0.06,0.02,2.0,3,0.9531254687499999,False,2026-09-28 15:03:31+00:00,GLD261001P00299000
GLD,2026-09-29,377.91,2026-10-01,P,300.0,0.0,0.08,0.02,2.0,3,0.9687503125,False,2026-09-28 14:09:19+00:00,GLD261001P00300000
GLD,2026-09-29,377.91,2026-10-01,P,302.0,0.0,0.05,0.02,3.0,5,0.8984385156249999,False,2026-09-28 14:11:33+00:00,GLD261001P00302000
GLD,2026-09-29,377.91,2026-10-01,P,303.0,0.0,0.03,0.03,1.0,6,0.8437515624999999,False,2026-09-21 14:04:13+00:00,GLD261001P00303000
GLD,2026-09-29,377.91,2026-10-01,P,304.0,0.01,0.02,0.02,22.0,10,0.8359391406249999,False,2026-09-28 19:44:53+00:00,GLD261001P00304000
GLD,2026-09-29,377.91,2026-10-01,P,305.0,0.01,0.02,0.01,11.0,4,0.8203142968749999,False,2026-09-28 19:44:32+00:00,GLD261001P00305000
GLD,2026-09-29,377.91,2026-10-01,P,306.0,0.01,0.03,0.02,22.0,5,0.8359391406249999,False,2026-09-28 17:54:44+00:00,GLD261001P00306000
GLD,2026-09-29,377.91,2026-10-01,P,307.0,0.01,0.03,0.03,2.0,4,0.8203142968749999,False,2026-09-28 19:26:03+00:00,GLD261001P00307000
GLD,2026-09-29,377.91,2026-10-01,P,308.0,0.01,0.05,0.01,,3,0.8437515624999999,False,2026-09-17 14:22:17+00:00,GLD261001P00308000
GLD,2026-09-29,377.91,2026-10-01,P,309.0,0.01,0.04,0.01,2.0,4,0.8164080859374999,False,2026-09-24 18:20:48+00:00,GLD261001P00309000
GLD,2026-09-29,377.91,2026-10-01,P,310.0,0.01,0.04,0.04,,6,0.804689453125,False,2026-09-17 14:24:39+00:00,GLD261001P00310000
GLD,2026-09-29,377.91,2026-10-01,P,311.0,0.01,0.06,0.04,1.0,2,0.8203142968749999,False,2026-09-24 18:21:46+00:00,GLD261001P00311000
GLD,2026-09-29,377.91,2026-10-01,P,312.0,0.01,0.06,0.04,1.0,3,0.8085956640624999,False,2026-09-24 18:22:12+00:00,GLD261001P00312000
GLD,2026-09-29,377.91,2026-10-01,P,315.0,0.01,0.04,0.07,1.0,2,0.7421900781249999,False,2026-09-25 16:36:06+00:00,GLD261001P00315000
GLD,2026-09-29,377.91,2026-10-01,P,320.0,0.01,0.06,0.06,4.0,5,0.710940390625,False,2026-09-25 15:32:45+00:00,GLD261001P00320000
GLD,2026-09-29,377.91,2026-10-01,P,325.0,0.01,0.06,0.06,3.0,1,0.6523472265625001,False,2026-09-28 19:08:03+00:00,GLD261001P00325000
GLD,2026-09-29,377.91,2026-10-01,P,330.0,0.01,0.05,0.07,2.0,4,0.5820354296875,False,2026-09-25 15:33:44+00:00,GLD261001P00330000
GLD,2026-09-29,377.91,2026-10-01,P,335.0,0.03,0.05,0.03,4.0,5,0.5410202148437502,False,2026-09-28 20:02:45+00:00,GLD261001P00335000
GLD,2026-09-29,377.91,2026-10-01,P,340.0,0.01,0.11,0.08,1.0,1,0.50586431640625,False,2026-09-25 14:08:16+00:00,GLD261001P00340000
GLD,2026-09-29,377.91,2026-10-01,P,345.0,0.03,0.08,0.03,6.0,1,0.46289599609375004,False,2026-09-28 19:33:53+00:00,GLD261001P00345000
GLD,2026-09-29,377.91,2026-10-01,P,350.0,0.05,0.1,0.07,6.0,2,0.41211525390625,False,2026-09-28 20:01:19+00:00,GLD261001P00350000
GLD,2026-09-29,377.91,2026-10-01,P,355.0,0.11,0.14,0.11,14.0,1,0.366217275390625,False,2026-09-28 20:04:08+00:00,GLD261001P00355000
GLD,2026-09-29,377.91,2026-10-01,P,360.0,0.16,0.23,0.22,34.0,11,0.32617861328125,False,2026-09-28 20:05:03+00:00,GLD261001P00360000
GLD,2026-09-29,377.91,2026-10-01,P,365.0,0.28,0.44,0.37,40.0,2,0.2929758203124999,False,2026-09-28 19:56:10+00:00,GLD261001P00365000
GLD,2026-09-29,377.91,2026-10-01,P,370.0,0.83,0.93,0.89,280.0,31,0.2644116528320312,False,2026-09-28 20:10:30+00:00,GLD261001P00370000
GLD,2026-09-29,377.91,2026-10-01,P,375.0,1.95,2.18,2.0,821.0,36,0.25269302001953126,False,2026-09-28 20:03:55+00:00,GLD261001P00375000
GLD,2026-09-29,377.91,2026-10-01,P,377.0,2.71,2.92,2.51,335.0,13,0.24585715087890625,False,2026-09-28 19:42:36+00:00,GLD261001P00377000
GLD,2026-09-29,377.91,2026-10-01,P,378.0,3.15,3.4,2.71,369.0,5,0.24536887451171874,True,2026-09-28 19:15:52+00:00,GLD261001P00378000
GLD,2026-09-29,377.91,2026-10-01,P,379.0,3.65,3.95,3.15,141.0,56,0.2467116345214844,True,2026-09-28 19:32:53+00:00,GLD261001P00379000
GLD,2026-09-29,377.91,2026-10-01,P,380.0,4.2,4.55,4.28,109.0,376,0.24829853271484376,True,2026-09-28 19:59:58+00:00,GLD261001P00380000
GLD,2026-09-29,377.91,2026-10-01,P,381.0,4.8,5.25,4.58,59.0,3,0.25427991821289064,True,2026-09-28 19:42:36+00:00,GLD261001P00381000
GLD,2026-09-29,377.91,2026-10-01,P,382.0,5.5,6.0,5.23,7.0,21,0.2612378564453125,True,2026-09-28 19:42:36+00:00,GLD261001P00382000
GLD,2026-09-29,377.91,2026-10-01,P,383.0,6.15,6.7,5.93,4.0,77,0.26148199462890626,True,2026-09-28 19:42:37+00:00,GLD261001P00383000
GLD,2026-09-29,377.91,2026-10-01,P,384.0,6.95,7.45,6.7,9.0,11,0.26270268554687504,True,2026-09-28 19:42:37+00:00,GLD261001P00384000
GLD,2026-09-29,377.91,2026-10-01,P,385.0,7.75,8.35,7.3,126.0,550,0.27539787109374997,True,2026-09-28 14:40:03+00:00,GLD261001P00385000
GLD,2026-09-29,377.91,2026-10-01,P,386.0,8.65,9.2,9.02,21.0,66,0.2815013256835937,True,2026-09-28 20:09:50+00:00,GLD261001P00386000
GLD,2026-09-29,377.91,2026-10-01,P,387.0,9.5,10.0,8.36,13.0,36,0.2797923583984374,True,2026-09-28 18:42:11+00:00,GLD261001P00387000
GLD,2026-09-29,377.91,2026-10-01,P,388.0,10.3,10.9,9.83,48.0,111,0.28711650390624993,True,2026-09-28 17:01:37+00:00,GLD261001P00388000
GLD,2026-09-29,377.91,2026-10-01,P,389.0,11.25,11.8,9.3,12.0,443,0.2924875439453124,True,2026-09-28 16:27:12+00:00,GLD261001P00389000
GLD,2026-09-29,377.91,2026-10-01,P,390.0,12.15,12.75,11.8,17.0,187,0.30298548583984375,True,2026-09-28 19:47:46+00:00,GLD261001P00390000
GLD,2026-09-29,377.91,2026-10-01,P,391.0,13.05,13.85,13.25,2.0,65,0.33399103515625,True,2026-09-28 14:41:17+00:00,GLD261001P00391000
GLD,2026-09-29,377.91,2026-10-01,P,392.0,14.0,14.85,14.08,14.0,20,0.35108070800781244,True,2026-09-28 15:25:26+00:00,GLD261001P00392000
GLD,2026-09-29,377.91,2026-10-01,P,393.0,14.95,15.8,12.35,1.0,120,0.3606020971679687,True,2026-09-28 13:52:13+00:00,GLD261001P00393000
GLD,2026-09-29,377.91,2026-10-01,P,394.0,15.95,16.8,15.74,16.0,59,0.37695935546875,True,2026-09-28 19:52:18+00:00,GLD261001P00394000
GLD,2026-09-29,377.91,2026-10-01,P,395.0,16.9,17.75,16.38,2.0,35,0.3852600537109374,True,2026-09-28 16:54:09+00:00,GLD261001P00395000
GLD,2026-09-29,377.91,2026-10-01,P,396.0,18.0,18.75,15.88,1.0,5,0.40112903564453123,True,2026-09-28 13:38:02+00:00,GLD261001P00396000
GLD,2026-09-29,377.91,2026-10-01,P,397.0,18.3,19.75,5.6,5.0,69,0.4167538793945312,True,2026-09-25 19:31:32+00:00,GLD261001P00397000
GLD,2026-09-29,377.91,2026-10-01,P,398.0,19.35,21.25,5.92,2.0,142,0.5070850073242188,True,2026-09-25 18:57:33+00:00,GLD261001P00398000
GLD,2026-09-29,377.91,2026-10-01,P,399.0,19.7,21.75,9.77,1.0,12,0.44751529052734373,True,2026-09-24 14:47:08+00:00,GLD261001P00399000
GLD,2026-09-29,377.91,2026-10-01,P,400.0,21.55,22.75,10.62,4.0,14,0.4626518579101563,True,2026-09-24 14:46:09+00:00,GLD261001P00400000
GLD,2026-09-29,377.91,2026-10-01,P,401.0,22.45,23.75,10.47,3.0,15,0.477544287109375,True,2026-09-24 14:05:08+00:00,GLD261001P00401000
GLD,2026-09-29,377.91,2026-10-01,P,402.0,24.0,24.75,23.07,10.0,4,0.4924367163085938,True,2026-09-28 18:36:06+00:00,GLD261001P00402000
GLD,2026-09-29,377.91,2026-10-01,P,403.0,23.65,25.75,8.0,,1,0.5070850073242188,True,2026-09-22 14:14:58+00:00,GLD261001P00403000
GLD,2026-09-29,377.91,2026-10-01,P,404.0,24.65,26.75,12.85,1.0,2,0.5214891601562499,True,2026-09-24 13:43:35+00:00,GLD261001P00404000
GLD,2026-09-29,377.91,2026-10-01,P,405.0,26.5,27.75,26.93,1.0,96,0.5361374511718751,True,2026-09-28 15:20:08+00:00,GLD261001P00405000
GLD,2026-09-29,377.91,2026-10-01,P,406.0,26.65,28.75,13.43,1.0,0,0.5502974658203126,True,2026-09-25 16:41:31+00:00,GLD261001P00406000
GLD,2026-09-29,377.91,2026-10-01,P,410.0,31.6,32.75,31.44,23.0,25,0.6064492480468751,True,2026-09-28 17:01:23+00:00,GLD261001P00410000
GLD,2026-09-29,377.91,2026-10-01,P,411.0,32.45,33.75,31.97,2.0,2,0.6201209863281252,True,2026-09-28 16:52:02+00:00,GLD261001P00411000
GLD,2026-09-29,377.91,2026-10-01,P,413.0,33.65,35.75,23.58,,0,0.647464462890625,True,2026-09-24 15:12:31+00:00,GLD261001P00413000
GLD,2026-09-29,377.91,2026-10-01,P,414.0,34.65,36.75,23.18,,0,0.6611362011718751,True,2026-09-24 14:20:24+00:00,GLD261001P00414000
GLD,2026-09-29,377.91,2026-10-01,P,415.0,36.5,37.75,21.62,1.0,1,0.6743196630859377,True,2026-09-25 19:35:41+00:00,GLD261001P00415000
GLD,2026-09-29,377.91,2026-10-01,P,417.0,37.65,39.75,23.55,3.0,0,0.7009307250976562,True,2026-09-23 15:08:56+00:00,GLD261001P00417000
GLD,2026-09-29,377.91,2026-10-01,P,418.0,38.65,40.75,27.5,2.0,0,0.7138700488281251,True,2026-09-24 17:41:11+00:00,GLD261001P00418000
GLD,2026-09-29,377.91,2026-10-01,P,425.0,46.45,47.75,23.8,2.0,0,0.8037129003906249,True,2026-09-18 16:33:30+00:00,GLD261001P00425000
GLD,2026-09-29,377.91,2026-10-01,P,426.0,46.65,48.75,35.61,1.0,0,0.8164080859374999,True,2026-09-24 14:50:04+00:00,GLD261001P00426000
GLD,2026-09-29,377.91,2026-10-02,C,220.0,157.45,159.5,180.27,,1,2.5234411914062496,True,2026-09-17 18:05:50+00:00,GLD261002C00220000
GLD,2026-09-29,377.91,2026-10-02,C,225.0,152.45,154.5,154.27,1.0,1,2.4306679858398432,True,2026-09-28 19:52:32+00:00,GLD261002C00225000
GLD,2026-09-29,377.91,2026-10-02,C,250.0,127.45,129.55,178.3,4.0,3,2.0029346801757812,True,2026-08-24 15:21:41+00:00,GLD261002C00250000
GLD,2026-09-29,377.91,2026-10-02,C,290.0,87.5,89.55,103.22,1.0,2,1.3750031249999999,True,2026-09-25 18:05:24+00:00,GLD261002C00290000
GLD,2026-09-29,377.91,2026-10-02,C,305.0,72.5,74.6,107.26,,3,1.1591838916015624,True,2026-09-03 18:17:58+00:00,GLD261002C00305000
GLD,2026-09-29,377.91,2026-10-02,C,320.0,0.0,0.0,84.43,,0,1.0000000000000003e-05,True,2026-08-14 14:35:21+00:00,GLD261002C00320000
GLD,2026-09-29,377.91,2026-10-02,C,340.0,37.55,39.65,53.13,14.0,19,0.6626010302734376,True,2026-09-25 16:42:06+00:00,GLD261002C00340000
GLD,2026-09-29,377.91,2026-10-02,C,345.0,32.65,33.7,34.78,1.0,6,0.6088906298828126,True,2026-09-28 18:55:42+00:00,GLD261002C00345000
GLD,2026-09-29,377.91,2026-10-02,C,350.0,27.7,28.85,43.9,1.0,6,0.5581098876953126,True,2026-09-23 15:24:23+00:00,GLD261002C00350000
GLD,2026-09-29,377.91,2026-10-02,C,353.0,24.7,26.75,52.15,,1,0.6254920263671876,True,2026-09-08 17:05:02+00:00,GLD261002C00353000
GLD,2026-09-29,377.91,2026-10-02,C,355.0,22.8,23.85,23.26,1.0,12,0.4797415307617187,True,2026-09-28 15:04:40+00:00,GLD261002C00355000
GLD,2026-09-29,377.91,2026-10-02,C,357.0,0.0,0.0,49.35,,0,1.0000000000000003e-05,True,2026-08-18 14:28:14+00:00,GLD261002C00357000
GLD,2026-09-29,377.91,2026-10-02,C,359.0,18.85,19.85,34.85,23.0,18,0.41602146484374997,True,2026-09-25 19:49:09+00:00,GLD261002C00359000
GLD,2026-09-29,377.91,2026-10-02,C,360.0,18.15,18.65,18.19,2.0,19,0.37305314453125,True,2026-09-28 16:15:09+00:00,GLD261002C00360000
GLD,2026-09-29,377.91,2026-10-02,C,361.0,17.1,17.7,18.7,1.0,6,0.36426416992187505,True,2026-09-28 17:02:17+00:00,GLD261002C00361000
GLD,2026-09-29,377.91,2026-10-02,C,362.0,16.15,16.75,33.72,,6,0.35474278076171867,True,2026-09-14 16:16:30+00:00,GLD261002C00362000
GLD,2026-09-29,377.91,2026-10-02,C,363.0,15.3,15.8,64.95,2.0,1,0.344733115234375,True,2026-08-24 17:31:26+00:00,GLD261002C00363000
GLD,2026-09-29,377.91,2026-10-02,C,365.0,13.45,13.95,13.93,2.0,11,0.32813171874999997,True,2026-09-28 14:18:15+00:00,GLD261002C00365000
GLD,2026-09-29,377.91,2026-10-02,C,366.0,12.55,13.05,32.45,1.0,3,0.32117378051757806,True,2026-09-21 14:36:59+00:00,GLD261002C00366000
GLD,2026-09-29,377.91,2026-10-02,C,367.0,11.65,12.15,31.55,1.0,3,0.3129951513671875,True,2026-09-21 14:36:59+00:00,GLD261002C00367000
GLD,2026-09-29,377.91,2026-10-02,C,368.0,10.8,11.3,27.6,1.0,5,0.3083565258789062,True,2026-09-15 15:50:28+00:00,GLD261002C00368000
GLD,2026-09-29,377.91,2026-10-02,C,369.0,9.95,10.4,13.01,2.0,8,0.2981027221679687,True,2026-09-28 13:48:54+00:00,GLD261002C00369000
GLD,2026-09-29,377.91,2026-10-02,C,370.0,9.15,9.55,9.25,22.0,26,0.29077857666015616,True,2026-09-28 15:47:09+00:00,GLD261002C00370000
GLD,2026-09-29,377.91,2026-10-02,C,371.0,8.35,8.8,9.3,1.0,5,0.2898020239257812,True,2026-09-28 16:49:38+00:00,GLD261002C00371000
GLD,2026-09-29,377.91,2026-10-02,C,372.0,7.6,8.0,7.95,4.0,4,0.2829661547851562,True,2026-09-28 15:56:09+00:00,GLD261002C00372000
GLD,2026-09-29,377.91,2026-10-02,C,373.0,6.9,7.25,8.0,13.0,5,0.2782054602050781,True,2026-09-28 19:28:22+00:00,GLD261002C00373000
GLD,2026-09-29,377.91,2026-10-02,C,374.0,6.2,6.55,7.18,6.0,8,0.2749095947265625,True,2026-09-28 19:37:53+00:00,GLD261002C00374000
GLD,2026-09-29,377.91,2026-10-02,C,375.0,5.6,5.9,5.9,202.0,23,0.27283442016601556,True,2026-09-28 19:56:14+00:00,GLD261002C00375000
GLD,2026-09-29,377.91,2026-10-02,C,376.0,5.0,5.3,18.19,10.0,10,0.27173579833984374,True,2026-09-25 18:37:05+00:00,GLD261002C00376000
GLD,2026-09-29,377.91,2026-10-02,C,377.0,4.45,4.7,4.5,194.0,29,0.2683178637695312,True,2026-09-28 20:12:34+00:00,GLD261002C00377000
GLD,2026-09-29,377.91,2026-10-02,C,378.0,3.95,4.15,4.05,357.0,4,0.2657544128417969,False,2026-09-28 20:14:18+00:00,GLD261002C00378000
GLD,2026-09-29,377.91,2026-10-02,C,379.0,3.4,3.65,3.55,331.0,23,0.26392337646484376,False,2026-09-28 20:01:48+00:00,GLD261002C00379000
GLD,2026-09-29,377.91,2026-10-02,C,380.0,3.05,3.2,3.1,1927.0,26,0.2629468237304688,False,2026-09-28 20:13:54+00:00,GLD261002C00380000
GLD,2026-09-29,377.91,2026-10-02,C,381.0,2.6,2.8,2.65,380.0,5,0.26270268554687504,False,2026-09-28 20:08:18+00:00,GLD261002C00381000
GLD,2026-09-29,377.91,2026-10-02,C,382.0,2.25,2.43,2.47,228.0,20,0.2620923400878906,False,2026-09-28 19:58:00+00:00,GLD261002C00382000
GLD,2026-09-29,377.91,2026-10-02,C,383.0,1.94,2.11,2.07,149.0,26,0.2624585473632813,False,2026-09-28 20:03:34+00:00,GLD261002C00383000
GLD,2026-09-29,377.91,2026-10-02,C,384.0,1.67,1.82,1.77,207.0,30,0.26258061645507813,False,2026-09-28 20:04:44+00:00,GLD261002C00384000
GLD,2026-09-29,377.91,2026-10-02,C,385.0,1.49,1.57,1.43,3070.0,317,0.26343510009765625,False,2026-09-28 20:12:19+00:00,GLD261002C00385000
GLD,2026-09-29,377.91,2026-10-02,C,386.0,1.28,1.35,1.31,191.0,16,0.2644116528320312,False,2026-09-28 19:58:48+00:00,GLD261002C00386000
GLD,2026-09-29,377.91,2026-10-02,C,387.0,1.1,1.16,1.13,761.0,28,0.26563234375,False,2026-09-28 20:00:27+00:00,GLD261002C00387000
GLD,2026-09-29,377.91,2026-10-02,C,388.0,0.94,0.99,0.96,930.0,35,0.266608896484375,False,2026-09-28 19:58:42+00:00,GLD261002C00388000
GLD,2026-09-29,377.91,2026-10-02,C,389.0,0.8,0.85,0.81,598.0,97,0.26856200195312496,False,2026-09-28 20:13:11+00:00,GLD261002C00389000
GLD,2026-09-29,377.91,2026-10-02,C,390.0,0.69,0.73,0.71,3469.0,778,0.27075924560546877,False,2026-09-28 20:14:42+00:00,GLD261002C00390000
GLD,2026-09-29,377.91,2026-10-02,C,391.0,0.59,0.63,0.6,1026.0,189,0.273444765625,False,2026-09-28 20:03:12+00:00,GLD261002C00391000
GLD,2026-09-29,377.91,2026-10-02,C,392.0,0.47,0.56,0.52,155.0,242,0.278327529296875,False,2026-09-28 19:58:47+00:00,GLD261002C00392000
GLD,2026-09-29,377.91,2026-10-02,C,393.0,0.43,0.46,0.44,324.0,372,0.27735097656249996,False,2026-09-28 20:01:04+00:00,GLD261002C00393000
GLD,2026-09-29,377.91,2026-10-02,C,394.0,0.35,0.42,0.39,99.0,725,0.2841868457031249,False,2026-09-28 19:58:48+00:00,GLD261002C00394000
GLD,2026-09-29,377.91,2026-10-02,C,395.0,0.32,0.35,0.32,1611.0,1732,0.2846751220703124,False,2026-09-28 20:08:18+00:00,GLD261002C00395000
GLD,2026-09-29,377.91,2026-10-02,C,396.0,0.27,0.3,0.28,787.0,233,0.28711650390624993,False,2026-09-28 20:02:29+00:00,GLD261002C00396000
GLD,2026-09-29,377.91,2026-10-02,C,397.0,0.22,0.28,0.25,64.0,678,0.29492892578124996,False,2026-09-28 19:58:46+00:00,GLD261002C00397000
GLD,2026-09-29,377.91,2026-10-02,C,398.0,0.2,0.24,0.21,396.0,425,0.29688203124999996,False,2026-09-28 19:58:47+00:00,GLD261002C00398000
GLD,2026-09-29,377.91,2026-10-02,C,399.0,0.17,0.21,0.18,144.0,259,0.3007882421875,False,2026-09-28 19:58:43+00:00,GLD261002C00399000
GLD,2026-09-29,377.91,2026-10-02,C,400.0,0.16,0.18,0.18,7450.0,5224,0.30274134765625,False,2026-09-28 20:14:37+00:00,GLD261002C00400000
GLD,2026-09-29,377.91,2026-10-02,C,401.0,0.13,0.17,0.14,156.0,504,0.31055376953124997,False,2026-09-28 19:58:47+00:00,GLD261002C00401000
GLD,2026-09-29,377.91,2026-10-02,C,402.0,0.12,0.15,0.12,131.0,556,0.31445998046874996,False,2026-09-28 19:58:42+00:00,GLD261002C00402000
GLD,2026-09-29,377.91,2026-10-02,C,403.0,0.1,0.13,0.11,317.0,892,0.317389638671875,False,2026-09-28 19:58:47+00:00,GLD261002C00403000
GLD,2026-09-29,377.91,2026-10-02,C,404.0,0.09,0.12,0.1,368.0,424,0.3232489550781249,False,2026-09-28 19:58:47+00:00,GLD261002C00404000
GLD,2026-09-29,377.91,2026-10-02,C,405.0,0.08,0.1,0.09,2914.0,4056,0.3232489550781249,False,2026-09-28 19:58:48+00:00,GLD261002C00405000
GLD,2026-09-29,377.91,2026-10-02,C,406.0,0.07,0.1,0.08,85.0,229,0.33301448242187504,False,2026-09-28 19:58:47+00:00,GLD261002C00406000
GLD,2026-09-29,377.91,2026-10-02,C,407.0,0.07,0.09,0.06,804.0,908,0.33789724609375,False,2026-09-28 20:13:13+00:00,GLD261002C00407000
GLD,2026-09-29,377.91,2026-10-02,C,408.0,0.05,0.09,0.06,491.0,3259,0.34668622070312494,False,2026-09-28 19:58:41+00:00,GLD261002C00408000
GLD,2026-09-29,377.91,2026-10-02,C,409.0,0.05,0.08,0.06,1351.0,918,0.3505924316406249,False,2026-09-28 19:58:47+00:00,GLD261002C00409000
GLD,2026-09-29,377.91,2026-10-02,C,410.0,0.05,0.06,0.05,482.0,1435,0.34570966796874997,False,2026-09-28 19:58:47+00:00,GLD261002C00410000
GLD,2026-09-29,377.91,2026-10-02,C,411.0,0.04,0.07,0.04,81.0,216,0.36133451171875,False,2026-09-28 19:58:48+00:00,GLD261002C00411000
GLD,2026-09-29,377.91,2026-10-02,C,412.0,0.04,0.06,0.06,99.0,1126,0.3632876171875,False,2026-09-28 20:04:32+00:00,GLD261002C00412000
GLD,2026-09-29,377.91,2026-10-02,C,413.0,0.04,0.06,0.05,155.0,440,0.372076591796875,False,2026-09-28 19:58:59+00:00,GLD261002C00413000
GLD,2026-09-29,377.91,2026-10-02,C,414.0,0.03,0.06,0.03,137.0,247,0.38086556640624997,False,2026-09-28 19:58:47+00:00,GLD261002C00414000
GLD,2026-09-29,377.91,2026-10-02,C,415.0,0.03,0.05,0.05,643.0,1910,0.38086556640624997,False,2026-09-28 20:04:36+00:00,GLD261002C00415000
GLD,2026-09-29,377.91,2026-10-02,C,416.0,0.03,0.05,0.03,88.0,936,0.38867798828125,False,2026-09-28 19:58:41+00:00,GLD261002C00416000
GLD,2026-09-29,377.91,2026-10-02,C,417.0,0.02,0.07,0.05,379.0,478,0.415044912109375,False,2026-09-28 16:59:36+00:00,GLD261002C00417000
GLD,2026-09-29,377.91,2026-10-02,C,418.0,0.02,0.06,0.05,13.0,193,0.41602146484374997,False,2026-09-28 18:26:32+00:00,GLD261002C00418000
GLD,2026-09-29,377.91,2026-10-02,C,419.0,0.02,0.05,0.05,53.0,2002,0.414068359375,False,2026-09-28 17:37:09+00:00,GLD261002C00419000
GLD,2026-09-29,377.91,2026-10-02,C,420.0,0.02,0.04,0.04,542.0,1118,0.41211525390625,False,2026-09-28 19:58:48+00:00,GLD261002C00420000
GLD,2026-09-29,377.91,2026-10-02,C,421.0,0.02,0.04,0.03,2.0,779,0.41992767578125,False,2026-09-28 20:04:26+00:00,GLD261002C00421000
GLD,2026-09-29,377.91,2026-10-02,C,422.0,0.01,0.05,0.05,27.0,183,0.43945873046875,False,2026-09-28 16:33:31+00:00,GLD261002C00422000
GLD,2026-09-29,377.91,2026-10-02,C,423.0,0.01,0.05,0.05,5.0,146,0.44727115234375,False,2026-09-28 19:46:17+00:00,GLD261002C00423000
GLD,2026-09-29,377.91,2026-10-02,C,424.0,0.01,0.05,0.03,47.0,508,0.45508357421875,False,2026-09-28 14:48:11+00:00,GLD261002C00424000
GLD,2026-09-29,377.91,2026-10-02,C,425.0,0.01,0.05,0.03,42.0,962,0.46484910156250003,False,2026-09-28 19:36:16+00:00,GLD261002C00425000
GLD,2026-09-29,377.91,2026-10-02,C,426.0,0.01,0.05,0.03,23.0,1442,0.4726615234375,False,2026-09-28 19:36:16+00:00,GLD261002C00426000
GLD,2026-09-29,377.91,2026-10-02,C,427.0,0.01,0.03,0.03,6.0,385,0.45313046875,False,2026-09-28 19:06:12+00:00,GLD261002C00427000
GLD,2026-09-29,377.91,2026-10-02,C,428.0,0.01,0.03,0.02,3.0,349,0.46094289062500005,False,2026-09-28 19:46:17+00:00,GLD261002C00428000
GLD,2026-09-29,377.91,2026-10-02,C,429.0,0.01,0.03,0.05,3.0,139,0.4687553125,False,2026-09-28 14:22:52+00:00,GLD261002C00429000
GLD,2026-09-29,377.91,2026-10-02,C,430.0,0.01,0.03,0.02,120.0,1193,0.476567734375,False,2026-09-28 19:15:48+00:00,GLD261002C00430000
GLD,2026-09-29,377.91,2026-10-02,C,431.0,0.01,0.03,0.1,1.0,68,0.48438015625,False,2026-09-28 14:08:13+00:00,GLD261002C00431000
GLD,2026-09-29,377.91,2026-10-02,C,432.0,0.01,0.03,0.02,6.0,101,0.49219257812500006,False,2026-09-28 14:53:16+00:00,GLD261002C00432000
GLD,2026-09-29,377.91,2026-10-02,C,433.0,0.01,0.03,0.09,1.0,182,0.49805189453125004,False,2026-09-28 14:10:25+00:00,GLD261002C00433000
GLD,2026-09-29,377.91,2026-10-02,C,434.0,0.01,0.03,0.03,101.0,61,0.5039112109375,False,2026-09-28 17:26:47+00:00,GLD261002C00434000
GLD,2026-09-29,377.91,2026-10-02,C,435.0,0.01,0.03,0.02,102.0,558,0.5117236328125,False,2026-09-28 17:26:47+00:00,GLD261002C00435000
GLD,2026-09-29,377.91,2026-10-02,C,440.0,0.01,0.03,0.02,37.0,991,0.5273484765625001,False,2026-09-28 19:22:22+00:00,GLD261002C00440000
GLD,2026-09-29,377.91,2026-10-02,C,445.0,0.0,0.03,0.01,103.0,574,0.5468795312500001,False,2026-09-28 18:28:49+00:00,GLD261002C00445000
GLD,2026-09-29,377.91,2026-10-02,C,450.0,0.0,0.02,0.02,9.0,1352,0.5625043750000001,False,2026-09-28 17:40:46+00:00,GLD261002C00450000
GLD,2026-09-29,377.91,2026-10-02,C,455.0,0.0,0.03,0.02,3.0,375,0.6171913281250001,False,2026-09-25 19:53:24+00:00,GLD261002C00455000
GLD,2026-09-29,377.91,2026-10-02,C,460.0,0.0,0.02,0.02,31.0,337,0.6250037500000001,False,2026-09-28 13:58:05+00:00,GLD261002C00460000
GLD,2026-09-29,377.91,2026-10-02,C,465.0,0.0,0.03,0.02,10.0,325,0.6796907031250001,False,2026-09-25 18:24:52+00:00,GLD261002C00465000
GLD,2026-09-29,377.91,2026-10-02,C,470.0,0.0,0.01,0.01,15.0,361,0.6562534375000001,False,2026-09-28 13:59:56+00:00,GLD261002C00470000
GLD,2026-09-29,377.91,2026-10-02,C,475.0,0.0,0.03,0.06,2.0,196,0.7421900781249999,False,2026-09-22 16:09:51+00:00,GLD261002C00475000
GLD,2026-09-29,377.91,2026-10-02,C,480.0,0.0,0.02,0.05,1.0,303,0.7500025,False,2026-09-24 18:26:53+00:00,GLD261002C00480000
GLD,2026-09-29,377.91,2026-10-02,C,485.0,0.0,0.03,0.02,5.0,459,0.79687703125,False,2026-09-22 19:02:23+00:00,GLD261002C00485000
GLD,2026-09-29,377.91,2026-10-02,C,490.0,0.0,0.02,0.03,10.0,612,0.79687703125,False,2026-09-24 16:19:51+00:00,GLD261002C00490000
GLD,2026-09-29,377.91,2026-10-02,C,495.0,0.0,0.01,0.02,6.0,22,0.7812521875,False,2026-09-21 18:24:37+00:00,GLD261002C00495000
GLD,2026-09-29,377.91,2026-10-02,C,500.0,0.0,0.03,0.05,2.0,201,0.8906260937499999,False,2026-09-24 13:38:24+00:00,GLD261002C00500000
GLD,2026-09-29,377.91,2026-10-02,C,505.0,0.0,0.03,0.01,70.0,277,0.92187578125,False,2026-09-28 13:46:50+00:00,GLD261002C00505000
GLD,2026-09-29,377.91,2026-10-02,C,510.0,0.0,0.08,0.01,40.0,129,1.0351610742187503,False,2026-09-25 16:00:42+00:00,GLD261002C00510000
GLD,2026-09-29,377.91,2026-10-02,C,515.0,0.0,0.16,0.04,1.0,4,1.142582412109375,False,2026-09-23 15:47:11+00:00,GLD261002C00515000
GLD,2026-09-29,377.91,2026-10-02,C,520.0,0.0,0.01,0.01,202.0,1108,0.9062509375,False,2026-09-25 14:41:58+00:00,GLD261002C00520000
GLD,2026-09-29,377.91,2026-10-02,C,525.0,0.0,0.08,0.02,10.0,29,1.12109814453125,False,2026-09-23 14:43:41+00:00,GLD261002C00525000
GLD,2026-09-29,377.91,2026-10-02,C,530.0,0.0,0.08,0.03,21.0,26,1.1484417578125,False,2026-09-21 18:52:21+00:00,GLD261002C00530000
GLD,2026-09-29,377.91,2026-10-02,C,535.0,0.0,0.15,0.03,2.0,163,1.255863095703125,False,2026-09-23 18:16:01+00:00,GLD261002C00535000
GLD,2026-09-29,377.91,2026-10-02,C,540.0,0.0,0.15,0.02,22.0,49,1.2851598242187499,False,2026-09-22 19:02:58+00:00,GLD261002C00540000
GLD,2026-09-29,377.91,2026-10-02,C,545.0,0.0,0.02,0.01,1.0,116,1.09375453125,False,2026-09-24 15:37:43+00:00,GLD261002C00545000
GLD,2026-09-29,377.91,2026-10-02,C,550.0,0.0,0.01,0.03,31.0,264,1.0625046875000002,False,2026-09-18 19:08:20+00:00,GLD261002C00550000
GLD,2026-09-29,377.91,2026-10-02,C,555.0,0.0,0.01,0.03,30.0,34,1.09375453125,False,2026-09-18 19:18:42+00:00,GLD261002C00555000
GLD,2026-09-29,377.91,2026-10-02,C,560.0,0.0,0.01,0.03,10.0,12,1.125004375,False,2026-09-18 18:27:41+00:00,GLD261002C00560000
GLD,2026-09-29,377.91,2026-10-02,C,565.0,0.0,0.01,0.01,11.0,19,1.125004375,False,2026-09-18 15:35:54+00:00,GLD261002C00565000
GLD,2026-09-29,377.91,2026-10-02,C,570.0,0.0,0.01,0.04,1.0,168,1.15625421875,False,2026-09-18 17:25:28+00:00,GLD261002C00570000
GLD,2026-09-29,377.91,2026-10-02,C,575.0,0.0,0.14,0.04,1.0,244,1.47265888671875,False,2026-09-18 17:25:16+00:00,GLD261002C00575000
GLD,2026-09-29,377.91,2026-10-02,C,580.0,0.0,0.01,0.01,20.0,150,1.1875040625,False,2026-09-18 16:58:57+00:00,GLD261002C00580000
GLD,2026-09-29,377.91,2026-10-02,C,585.0,0.0,0.13,0.03,1.0,5,1.51172119140625,False,2026-09-14 15:39:18+00:00,GLD261002C00585000
GLD,2026-09-29,377.91,2026-10-02,C,590.0,0.0,0.01,0.01,1.0,265,1.2500037499999999,False,2026-09-22 19:17:44+00:00,GLD261002C00590000
GLD,2026-09-29,377.91,2026-10-02,C,595.0,0.0,0.01,0.03,3.0,6,1.2500037499999999,False,2026-09-16 18:17:58+00:00,GLD261002C00595000
GLD,2026-09-29,377.91,2026-10-02,C,600.0,0.0,0.01,0.04,3.0,78,1.2812535937499998,False,2026-09-16 18:08:15+00:00,GLD261002C00600000
GLD,2026-09-29,377.91,2026-10-02,C,605.0,0.0,0.01,0.04,6.0,34,1.3125034374999998,False,2026-09-16 18:07:43+00:00,GLD261002C00605000
GLD,2026-09-29,377.91,2026-10-02,C,610.0,0.0,0.06,0.04,6.0,175,1.5312523437499999,False,2026-09-15 17:00:06+00:00,GLD261002C00610000
GLD,2026-09-29,377.91,2026-10-02,C,615.0,0.0,0.13,0.1,1.0,188,1.6640641796875002,False,2026-09-09 19:10:27+00:00,GLD261002C00615000
GLD,2026-09-29,377.91,2026-10-02,C,620.0,0.0,0.12,0.09,1.0,22,1.67578287109375,False,2026-08-31 15:45:25+00:00,GLD261002C00620000
GLD,2026-09-29,377.91,2026-10-02,C,625.0,0.0,0.12,0.11,4.0,9,1.6992202539062502,False,2026-08-31 15:45:18+00:00,GLD261002C00625000
GLD,2026-09-29,377.91,2026-10-02,C,630.0,0.0,0.04,0.04,1.0,460,1.5625021874999998,False,2026-09-28 16:23:50+00:00,GLD261002C00630000
GLD,2026-09-29,377.91,2026-10-02,C,635.0,0.0,0.12,0.1,,4,1.75000125,False,2026-08-26 19:36:33+00:00,GLD261002C00635000
GLD,2026-09-29,377.91,2026-10-02,C,640.0,0.0,0.01,0.04,1.0,3,1.4375028125,False,2026-08-31 16:02:39+00:00,GLD261002C00640000
GLD,2026-09-29,377.91,2026-10-02,C,645.0,0.0,0.12,0.16,8.0,8,1.79296978515625,False,2026-08-26 19:37:00+00:00,GLD261002C00645000
GLD,2026-09-29,377.91,2026-10-02,C,650.0,0.0,0.01,0.02,2.0,2284,1.5000025,False,2026-09-16 14:50:44+00:00,GLD261002C00650000
GLD,2026-09-29,377.91,2026-10-02,P,205.0,0.0,0.01,0.03,2.0,4,1.75000125,False,2026-09-21 13:50:11+00:00,GLD261002P00205000
GLD,2026-09-29,377.91,2026-10-02,P,210.0,0.0,0.05,0.01,,1,1.9062504687500001,False,2026-09-09 17:15:41+00:00,GLD261002P00210000
GLD,2026-09-29,377.91,2026-10-02,P,240.0,0.0,0.1,0.04,2.0,0,1.5937520312499998,False,2026-08-25 17:18:25+00:00,GLD261002P00240000
GLD,2026-09-29,377.91,2026-10-02,P,250.0,0.0,0.06,0.03,15.0,16,1.3906280468749999,False,2026-09-11 18:05:09+00:00,GLD261002P00250000
GLD,2026-09-29,377.91,2026-10-02,P,255.0,0.0,0.12,0.06,6.0,7,1.4257841210937499,False,2026-09-14 15:56:35+00:00,GLD261002P00255000
GLD,2026-09-29,377.91,2026-10-02,P,260.0,0.0,0.13,0.02,4.0,2,1.37109689453125,False,2026-09-14 17:16:06+00:00,GLD261002P00260000
GLD,2026-09-29,377.91,2026-10-02,P,265.0,0.0,0.07,0.08,15.0,18,1.2265663671875,False,2026-09-16 19:00:52+00:00,GLD261002P00265000
GLD,2026-09-29,377.91,2026-10-02,P,270.0,0.0,0.01,0.01,3.0,79,0.98437515625,False,2026-09-28 14:36:49+00:00,GLD261002P00270000
GLD,2026-09-29,377.91,2026-10-02,P,275.0,0.0,0.07,0.02,8.0,7,1.109379453125,False,2026-09-18 18:56:14+00:00,GLD261002P00275000
GLD,2026-09-29,377.91,2026-10-02,P,280.0,0.0,0.01,0.02,1.0,11,0.87500125,False,2026-09-21 16:58:41+00:00,GLD261002P00280000
GLD,2026-09-29,377.91,2026-10-02,P,285.0,0.0,0.01,0.01,18.0,44,0.8437515624999999,False,2026-09-28 14:16:02+00:00,GLD261002P00285000
GLD,2026-09-29,377.91,2026-10-02,P,290.0,0.0,0.02,0.01,99.0,204,0.8281267187499999,False,2026-09-28 17:08:10+00:00,GLD261002P00290000
GLD,2026-09-29,377.91,2026-10-02,P,295.0,0.01,0.03,0.03,42.0,56,0.8359391406249999,False,2026-09-28 19:50:51+00:00,GLD261002P00295000
GLD,2026-09-29,377.91,2026-10-02,P,300.0,0.01,0.03,0.01,8.0,553,0.7812521875,False,2026-09-28 19:38:06+00:00,GLD261002P00300000
GLD,2026-09-29,377.91,2026-10-02,P,305.0,0.01,0.05,0.05,2.0,104,0.7617211328125001,False,2026-09-28 13:47:05+00:00,GLD261002P00305000
GLD,2026-09-29,377.91,2026-10-02,P,310.0,0.01,0.04,0.01,2.0,165,0.6953155468750001,False,2026-09-28 18:14:21+00:00,GLD261002P00310000
GLD,2026-09-29,377.91,2026-10-02,P,315.0,0.01,0.05,0.05,3.0,413,0.6562534375000001,False,2026-09-28 19:33:18+00:00,GLD261002P00315000
GLD,2026-09-29,377.91,2026-10-02,P,320.0,0.02,0.04,0.08,2.0,186,0.6054726953125001,False,2026-09-28 14:52:19+00:00,GLD261002P00320000
GLD,2026-09-29,377.91,2026-10-02,P,325.0,0.02,0.06,0.12,1.0,1677,0.5722699023437501,False,2026-09-28 14:01:21+00:00,GLD261002P00325000
GLD,2026-09-29,377.91,2026-10-02,P,330.0,0.02,0.05,0.04,25.0,48,0.5117236328125,False,2026-09-28 15:36:08+00:00,GLD261002P00330000
GLD,2026-09-29,377.91,2026-10-02,P,335.0,0.03,0.07,0.04,6.0,395,0.5019581054687501,False,2026-09-28 16:32:27+00:00,GLD261002P00335000
GLD,2026-09-29,377.91,2026-10-02,P,340.0,0.06,0.09,0.06,61.0,87,0.46289599609375004,False,2026-09-28 19:58:47+00:00,GLD261002P00340000
GLD,2026-09-29,377.91,2026-10-02,P,345.0,0.09,0.12,0.1,94.0,2082,0.424810439453125,False,2026-09-28 20:06:32+00:00,GLD261002P00345000
GLD,2026-09-29,377.91,2026-10-02,P,346.0,0.09,0.13,0.11,190.0,41,0.418951123046875,False,2026-09-28 20:08:40+00:00,GLD261002P00346000
GLD,2026-09-29,377.91,2026-10-02,P,347.0,0.1,0.13,0.1,160.0,8,0.407232490234375,False,2026-09-28 19:58:47+00:00,GLD261002P00347000
GLD,2026-09-29,377.91,2026-10-02,P,348.0,0.1,0.14,0.1,115.0,9,0.40039662109375,False,2026-09-28 19:58:41+00:00,GLD261002P00348000
GLD,2026-09-29,377.91,2026-10-02,P,349.0,0.12,0.15,0.13,162.0,10,0.39258419921875,False,2026-09-28 19:59:15+00:00,GLD261002P00349000
GLD,2026-09-29,377.91,2026-10-02,P,350.0,0.13,0.16,0.14,791.0,4497,0.38477177734374995,False,2026-09-28 19:59:18+00:00,GLD261002P00350000
GLD,2026-09-29,377.91,2026-10-02,P,351.0,0.12,0.17,0.12,73.0,11,0.37695935546875,False,2026-09-28 19:58:47+00:00,GLD261002P00351000
GLD,2026-09-29,377.91,2026-10-02,P,352.0,0.14,0.19,0.14,532.0,33,0.3715883154296875,False,2026-09-28 19:58:47+00:00,GLD261002P00352000
GLD,2026-09-29,377.91,2026-10-02,P,353.0,0.16,0.2,0.18,52.0,32,0.3627993408203125,False,2026-09-28 20:00:22+00:00,GLD261002P00353000
GLD,2026-09-29,377.91,2026-10-02,P,354.0,0.17,0.21,0.16,47.0,53,0.35352208984374994,False,2026-09-28 19:58:42+00:00,GLD261002P00354000
GLD,2026-09-29,377.91,2026-10-02,P,355.0,0.2,0.23,0.21,513.0,647,0.34668622070312494,False,2026-09-28 20:04:48+00:00,GLD261002P00355000
GLD,2026-09-29,377.91,2026-10-02,P,356.0,0.2,0.25,0.2,32.0,74,0.3393620751953125,False,2026-09-28 19:59:51+00:00,GLD261002P00356000
GLD,2026-09-29,377.91,2026-10-02,P,357.0,0.22,0.28,0.22,32.0,53,0.33399103515625,False,2026-09-28 19:58:47+00:00,GLD261002P00357000
GLD,2026-09-29,377.91,2026-10-02,P,358.0,0.24,0.31,0.24,68.0,70,0.32813171874999997,False,2026-09-28 19:58:41+00:00,GLD261002P00358000
GLD,2026-09-29,377.91,2026-10-02,P,359.0,0.27,0.34,0.27,77.0,63,0.32080757324218745,False,2026-09-28 19:58:47+00:00,GLD261002P00359000
GLD,2026-09-29,377.91,2026-10-02,P,360.0,0.33,0.36,0.37,1137.0,1021,0.3110420458984374,False,2026-09-28 20:08:45+00:00,GLD261002P00360000
GLD,2026-09-29,377.91,2026-10-02,P,361.0,0.34,0.43,0.34,61.0,58,0.3100654931640625,False,2026-09-28 19:58:48+00:00,GLD261002P00361000
GLD,2026-09-29,377.91,2026-10-02,P,362.0,0.42,0.46,0.4,271.0,63,0.3007882421875,False,2026-09-28 19:58:48+00:00,GLD261002P00362000
GLD,2026-09-29,377.91,2026-10-02,P,363.0,0.48,0.52,0.45,1667.0,739,0.2954172021484375,False,2026-09-28 19:58:47+00:00,GLD261002P00363000
GLD,2026-09-29,377.91,2026-10-02,P,364.0,0.55,0.59,0.59,120.0,1466,0.2902903002929687,False,2026-09-28 20:09:07+00:00,GLD261002P00364000
GLD,2026-09-29,377.91,2026-10-02,P,365.0,0.63,0.67,0.68,932.0,319,0.2854075366210937,False,2026-09-28 20:09:07+00:00,GLD261002P00365000
GLD,2026-09-29,377.91,2026-10-02,P,366.0,0.73,0.82,0.76,86.0,63,0.28711650390624993,False,2026-09-28 20:07:09+00:00,GLD261002P00366000
GLD,2026-09-29,377.91,2026-10-02,P,367.0,0.82,0.94,0.9,125.0,1033,0.28321029296874994,False,2026-09-28 20:06:29+00:00,GLD261002P00367000
GLD,2026-09-29,377.91,2026-10-02,P,368.0,0.96,1.09,1.0,187.0,81,0.2805247729492187,False,2026-09-28 19:58:47+00:00,GLD261002P00368000
GLD,2026-09-29,377.91,2026-10-02,P,369.0,1.12,1.25,1.06,2148.0,88,0.27698476928710936,False,2026-09-28 19:58:47+00:00,GLD261002P00369000
GLD,2026-09-29,377.91,2026-10-02,P,370.0,1.28,1.36,1.28,1465.0,1329,0.26746338012695314,False,2026-09-28 20:14:22+00:00,GLD261002P00370000
GLD,2026-09-29,377.91,2026-10-02,P,371.0,1.5,1.57,1.44,184.0,1033,0.264655791015625,False,2026-09-28 19:58:50+00:00,GLD261002P00371000
GLD,2026-09-29,377.91,2026-10-02,P,372.0,1.73,1.81,1.66,324.0,842,0.2622144091796875,False,2026-09-28 19:58:47+00:00,GLD261002P00372000
GLD,2026-09-29,377.91,2026-10-02,P,373.0,1.97,2.15,1.72,436.0,94,0.2647778601074219,False,2026-09-28 19:07:28+00:00,GLD261002P00373000
GLD,2026-09-29,377.91,2026-10-02,P,374.0,2.3,2.39,2.32,749.0,134,0.257819921875,False,2026-09-28 20:14:10+00:00,GLD261002P00374000
GLD,2026-09-29,377.91,2026-10-02,P,375.0,2.61,2.74,2.8,3707.0,1019,0.25623302368164064,False,2026-09-28 20:10:14+00:00,GLD261002P00375000
GLD,2026-09-29,377.91,2026-10-02,P,376.0,3.0,3.15,2.93,329.0,1058,0.25623302368164064,False,2026-09-28 19:58:31+00:00,GLD261002P00376000
GLD,2026-09-29,377.91,2026-10-02,P,377.0,3.4,3.6,3.3,430.0,1242,0.25623302368164064,False,2026-09-28 19:58:06+00:00,GLD261002P00377000
GLD,2026-09-29,377.91,2026-10-02,P,378.0,3.9,4.05,3.79,409.0,307,0.25379164184570313,True,2026-09-28 19:58:06+00:00,GLD261002P00378000
GLD,2026-09-29,377.91,2026-10-02,P,379.0,4.4,4.65,4.36,1138.0,242,0.25830819824218754,True,2026-09-28 19:57:57+00:00,GLD261002P00379000
GLD,2026-09-29,377.91,2026-10-02,P,380.0,4.95,5.15,5.25,1793.0,12262,0.25391371093750004,True,2026-09-28 20:10:14+00:00,GLD261002P00380000
GLD,2026-09-29,377.91,2026-10-02,P,381.0,5.55,5.95,5.45,175.0,660,0.26673096557617193,True,2026-09-28 19:51:01+00:00,GLD261002P00381000
GLD,2026-09-29,377.91,2026-10-02,P,382.0,6.2,6.65,5.9,544.0,550,0.2710033837890625,True,2026-09-28 19:51:58+00:00,GLD261002P00382000
GLD,2026-09-29,377.91,2026-10-02,P,383.0,6.85,7.4,6.1,109.0,303,0.2766185620117187,True,2026-09-28 19:20:08+00:00,GLD261002P00383000
GLD,2026-09-29,377.91,2026-10-02,P,384.0,7.55,8.15,6.6,156.0,831,0.2802806347656249,True,2026-09-28 17:48:40+00:00,GLD261002P00384000
GLD,2026-09-29,377.91,2026-10-02,P,385.0,8.3,8.8,8.32,264.0,1533,0.274421318359375,True,2026-09-28 19:16:05+00:00,GLD261002P00385000
GLD,2026-09-29,377.91,2026-10-02,P,386.0,9.1,9.7,8.75,62.0,343,0.28577374389648436,True,2026-09-28 19:46:17+00:00,GLD261002P00386000
GLD,2026-09-29,377.91,2026-10-02,P,387.0,9.9,10.55,8.72,22.0,627,0.291877198486328,True,2026-09-28 18:51:39+00:00,GLD261002P00387000
GLD,2026-09-29,377.91,2026-10-02,P,388.0,10.75,11.3,10.05,119.0,399,0.28748271118164054,True,2026-09-28 19:13:12+00:00,GLD261002P00388000
GLD,2026-09-29,377.91,2026-10-02,P,389.0,11.65,12.2,10.45,99.0,518,0.29492892578124996,True,2026-09-28 18:46:22+00:00,GLD261002P00389000
GLD,2026-09-29,377.91,2026-10-02,P,390.0,12.5,13.2,12.92,1569.0,1962,0.3112861840820312,True,2026-09-28 20:08:26+00:00,GLD261002P00390000
GLD,2026-09-29,377.91,2026-10-02,P,391.0,13.4,14.1,12.77,48.0,264,0.31690136230468746,True,2026-09-28 18:58:54+00:00,GLD261002P00391000
GLD,2026-09-29,377.91,2026-10-02,P,392.0,14.35,15.0,14.57,248.0,1271,0.3215399877929687,True,2026-09-28 20:14:19+00:00,GLD261002P00392000
GLD,2026-09-29,377.91,2026-10-02,P,393.0,15.25,15.95,14.1,99.0,762,0.3305731005859375,True,2026-09-28 17:56:52+00:00,GLD261002P00393000
GLD,2026-09-29,377.91,2026-10-02,P,394.0,16.2,16.9,15.17,20.0,212,0.3391179370117187,True,2026-09-28 18:22:49+00:00,GLD261002P00394000
GLD,2026-09-29,377.91,2026-10-02,P,395.0,17.15,17.85,17.35,69.0,774,0.34717449707031245,True,2026-09-28 20:02:58+00:00,GLD261002P00395000
GLD,2026-09-29,377.91,2026-10-02,P,396.0,18.15,18.85,17.66,61.0,194,0.3610903735351562,True,2026-09-28 17:06:12+00:00,GLD261002P00396000
GLD,2026-09-29,377.91,2026-10-02,P,397.0,18.8,19.85,18.35,25.0,183,0.37500625,True,2026-09-28 19:38:48+00:00,GLD261002P00397000
GLD,2026-09-29,377.91,2026-10-02,P,398.0,19.8,20.8,19.15,51.0,174,0.3815979809570312,True,2026-09-28 18:36:15+00:00,GLD261002P00398000
GLD,2026-09-29,377.91,2026-10-02,P,399.0,20.75,21.8,19.5,8.0,239,0.39502558105468755,True,2026-09-28 19:18:29+00:00,GLD261002P00399000
GLD,2026-09-29,377.91,2026-10-02,P,400.0,22.0,22.8,21.85,214.0,407,0.40820904296875,True,2026-09-28 19:53:49+00:00,GLD261002P00400000
GLD,2026-09-29,377.91,2026-10-02,P,401.0,22.7,23.75,21.97,12.0,132,0.41358008300781246,True,2026-09-28 19:19:01+00:00,GLD261002P00401000
GLD,2026-09-29,377.91,2026-10-02,P,402.0,23.65,24.75,23.96,42.0,671,0.4265194067382813,True,2026-09-28 15:33:08+00:00,GLD261002P00402000
GLD,2026-09-29,377.91,2026-10-02,P,403.0,24.65,25.75,24.31,132.0,594,0.43921459228515625,True,2026-09-28 16:58:57+00:00,GLD261002P00403000
GLD,2026-09-29,377.91,2026-10-02,P,404.0,25.75,26.75,25.75,11.0,103,0.45166563964843753,True,2026-09-28 19:49:52+00:00,GLD261002P00404000
GLD,2026-09-29,377.91,2026-10-02,P,405.0,26.65,27.75,26.44,40.0,221,0.4643608251953125,True,2026-09-28 19:49:52+00:00,GLD261002P00405000
GLD,2026-09-29,377.91,2026-10-02,P,406.0,27.75,28.75,27.95,5.0,134,0.476567734375,True,2026-09-28 19:58:21+00:00,GLD261002P00406000
GLD,2026-09-29,377.91,2026-10-02,P,407.0,28.7,29.75,28.2,4.0,89,0.48901878173828134,True,2026-09-28 19:41:33+00:00,GLD261002P00407000
GLD,2026-09-29,377.91,2026-10-02,P,408.0,29.7,30.75,29.2,8.0,93,0.5012256909179689,True,2026-09-28 19:41:33+00:00,GLD261002P00408000
GLD,2026-09-29,377.91,2026-10-02,P,409.0,30.6,31.75,30.3,1.0,22,0.5131884619140624,True,2026-09-28 16:54:39+00:00,GLD261002P00409000
GLD,2026-09-29,377.91,2026-10-02,P,410.0,31.7,32.75,31.48,29.0,333,0.52539537109375,True,2026-09-28 19:47:31+00:00,GLD261002P00410000
GLD,2026-09-29,377.91,2026-10-02,P,411.0,31.65,33.75,18.31,2.0,40,0.5371140039062501,True,2026-09-25 17:35:33+00:00,GLD261002P00411000
GLD,2026-09-29,377.91,2026-10-02,P,412.0,33.55,34.75,33.07,23.0,63,0.549076774902344,True,2026-09-28 16:47:47+00:00,GLD261002P00412000
GLD,2026-09-29,377.91,2026-10-02,P,413.0,33.65,35.75,21.6,1.0,10,0.5607954077148438,True,2026-09-24 19:00:07+00:00,GLD261002P00413000
GLD,2026-09-29,377.91,2026-10-02,P,414.0,34.65,36.75,21.2,2.0,14,0.5725140405273439,True,2026-09-25 18:15:56+00:00,GLD261002P00414000
GLD,2026-09-29,377.91,2026-10-02,P,415.0,36.7,37.75,37.05,49.0,72,0.5839885351562499,True,2026-09-28 19:55:59+00:00,GLD261002P00415000
GLD,2026-09-29,377.91,2026-10-02,P,416.0,36.65,38.75,22.49,1.0,1,0.59570716796875,True,2026-09-25 19:03:31+00:00,GLD261002P00416000
GLD,2026-09-29,377.91,2026-10-02,P,417.0,37.65,39.75,24.36,5.0,0,0.6069375244140626,True,2026-09-23 16:57:35+00:00,GLD261002P00417000
GLD,2026-09-29,377.91,2026-10-02,P,418.0,39.2,40.75,28.65,2.0,0,0.6184120190429689,True,2026-09-24 15:12:55+00:00,GLD261002P00418000
GLD,2026-09-29,377.91,2026-10-02,P,419.0,39.65,41.8,22.75,3.0,0,0.639652041015625,True,2026-09-22 16:22:59+00:00,GLD261002P00419000
GLD,2026-09-29,377.91,2026-10-02,P,420.0,41.65,43.25,26.8,36.0,30,0.56836369140625,True,2026-09-25 19:52:55+00:00,GLD261002P00420000
GLD,2026-09-29,377.91,2026-10-02,P,421.0,41.65,44.3,30.85,1.0,1,0.7497583618164063,True,2026-09-24 14:49:26+00:00,GLD261002P00421000
GLD,2026-09-29,377.91,2026-10-02,P,422.0,43.75,45.3,42.76,2.0,5,0.6098671826171876,True,2026-09-28 16:47:47+00:00,GLD261002P00422000
GLD,2026-09-29,377.91,2026-10-02,P,423.0,43.65,46.4,24.47,7.0,1,0.7895528857421875,True,2026-09-17 19:13:28+00:00,GLD261002P00423000
GLD,2026-09-29,377.91,2026-10-02,P,424.0,44.65,47.3,33.68,4.0,0,0.7858908129882812,True,2026-09-24 14:51:07+00:00,GLD261002P00424000
GLD,2026-09-29,377.91,2026-10-02,P,425.0,45.75,48.25,33.36,2.0,6,0.7897970239257812,True,2026-09-24 19:59:15+00:00,GLD261002P00425000
GLD,2026-09-29,377.91,2026-10-02,P,426.0,46.65,49.15,27.35,1.0,1,0.7846701220703125,True,2026-09-18 13:51:47+00:00,GLD261002P00426000
GLD,2026-09-29,377.91,2026-10-02,P,427.0,47.65,50.2,29.0,20.0,0,0.804689453125,True,2026-09-17 20:01:51+00:00,GLD261002P00427000
GLD,2026-09-29,377.91,2026-10-02,P,428.0,48.75,51.05,29.9,20.0,4,0.7895528857421875,True,2026-09-17 20:01:51+00:00,GLD261002P00428000
GLD,2026-09-29,377.91,2026-10-02,P,429.0,49.65,52.3,29.3,2.0,0,0.8447281152343749,True,2026-09-17 17:07:27+00:00,GLD261002P00429000
GLD,2026-09-29,377.91,2026-10-02,P,430.0,51.6,53.1,36.85,75.0,76,0.6333044482421876,True,2026-09-25 19:52:55+00:00,GLD261002P00430000
GLD,2026-09-29,377.91,2026-10-02,P,431.0,51.65,54.0,31.13,4.0,0,0.813478427734375,True,2026-09-17 15:45:37+00:00,GLD261002P00431000
GLD,2026-09-29,377.91,2026-10-02,P,433.0,53.65,56.2,32.85,,0,0.8730481445312499,True,2026-09-11 14:48:40+00:00,GLD261002P00433000
GLD,2026-09-29,377.91,2026-10-02,P,435.0,56.65,58.2,41.15,4.0,0,0.70898728515625,True,2026-09-15 19:37:14+00:00,GLD261002P00435000
GLD,2026-09-29,377.91,2026-10-02,P,440.0,61.5,62.95,61.75,7.0,0,0.659183095703125,True,2026-09-16 19:29:01+00:00,GLD261002P00440000
GLD,2026-09-29,377.91,2026-10-02,P,445.0,66.7,67.9,46.25,,0,0.745119736328125,True,2026-09-22 18:41:52+00:00,GLD261002P00445000
GLD,2026-09-29,377.91,2026-10-02,P,450.0,71.65,73.0,70.04,12.0,12,0.8017597949218749,True,2026-09-25 16:50:37+00:00,GLD261002P00450000
GLD,2026-09-29,377.91,2026-10-02,P,455.0,76.7,77.8,76.48,1.0,0,0.79883013671875,True,2026-09-28 14:46:03+00:00,GLD261002P00455000
GLD,2026-09-29,377.91,2026-10-02,P,460.0,81.55,82.9,81.5,1.0,0,0.8203142968749999,True,2026-09-28 14:46:03+00:00,GLD261002P00460000
GLD,2026-09-29,377.91,2026-10-05,C,377.0,4.95,5.25,5.9,27.0,0,0.22925575439453127,True,2026-09-28 19:00:38+00:00,GLD261005C00377000
GLD,2026-09-29,377.91,2026-10-05,C,380.0,3.5,3.75,3.75,336.0,9,0.2254716125488281,False,2026-09-28 19:54:22+00:00,GLD261005C00380000
GLD,2026-09-29,377.91,2026-10-05,C,381.0,3.1,3.3,3.7,203.0,2,0.22339643798828124,False,2026-09-28 19:28:33+00:00,GLD261005C00381000
GLD,2026-09-29,377.91,2026-10-05,C,383.0,2.39,2.57,2.75,169.0,3,0.22272505798339842,False,2026-09-28 19:40:05+00:00,GLD261005C00383000
GLD,2026-09-29,377.91,2026-10-05,C,384.0,2.09,2.31,2.48,111.0,3,0.2254716125488281,False,2026-09-28 19:42:13+00:00,GLD261005C00384000
GLD,2026-09-29,377.91,2026-10-05,C,385.0,1.83,1.99,2.04,238.0,2,0.2235185070800781,False,2026-09-28 19:57:38+00:00,GLD261005C00385000
GLD,2026-09-29,377.91,2026-10-05,C,387.0,1.39,1.59,1.8,16.0,1,0.22888954711914064,False,2026-09-28 18:53:14+00:00,GLD261005C00387000
GLD,2026-09-29,377.91,2026-10-05,C,388.0,1.21,1.34,1.54,42.0,25,0.22620402709960938,False,2026-09-28 16:45:27+00:00,GLD261005C00388000
GLD,2026-09-29,377.91,2026-10-05,C,389.0,1.06,1.23,1.35,43.0,28,0.23157506713867188,False,2026-09-28 18:50:45+00:00,GLD261005C00389000
GLD,2026-09-29,377.91,2026-10-05,C,390.0,0.97,1.02,1.0,459.0,189,0.22840127075195313,False,2026-09-28 20:14:42+00:00,GLD261005C00390000
GLD,2026-09-29,377.91,2026-10-05,C,391.0,0.81,0.96,1.02,8.0,44,0.2356033471679687,False,2026-09-28 19:10:45+00:00,GLD261005C00391000
GLD,2026-09-29,377.91,2026-10-05,C,392.0,0.7,0.81,0.88,13.0,11,0.2342605871582031,False,2026-09-28 16:55:24+00:00,GLD261005C00392000
GLD,2026-09-29,377.91,2026-10-05,C,393.0,0.61,0.72,0.86,5.0,31,0.23706817626953125,False,2026-09-28 16:32:19+00:00,GLD261005C00393000
GLD,2026-09-29,377.91,2026-10-05,C,394.0,0.54,0.67,0.65,14.0,124,0.24280542358398435,False,2026-09-28 19:49:41+00:00,GLD261005C00394000
GLD,2026-09-29,377.91,2026-10-05,C,395.0,0.48,0.6,0.55,746.0,64,0.24585715087890625,False,2026-09-28 20:03:24+00:00,GLD261005C00395000
GLD,2026-09-29,377.91,2026-10-05,C,396.0,0.41,0.56,0.57,54.0,12,0.2514723291015625,False,2026-09-28 14:48:30+00:00,GLD261005C00396000
GLD,2026-09-29,377.91,2026-10-05,C,397.0,0.37,0.51,0.52,110.0,49,0.2553785400390626,False,2026-09-28 19:44:48+00:00,GLD261005C00397000
GLD,2026-09-29,377.91,2026-10-05,C,398.0,0.33,0.46,0.45,28.0,64,0.25879647460937505,False,2026-09-28 14:17:22+00:00,GLD261005C00398000
GLD,2026-09-29,377.91,2026-10-05,C,399.0,0.29,0.41,0.44,1.0,52,0.2612378564453125,False,2026-09-25 19:25:11+00:00,GLD261005C00399000
GLD,2026-09-29,377.91,2026-10-05,C,400.0,0.25,0.32,0.29,626.0,179,0.2563550927734375,False,2026-09-28 20:02:42+00:00,GLD261005C00400000
GLD,2026-09-29,377.91,2026-10-05,C,401.0,0.23,0.3,0.28,59.0,103,0.2617261328125,False,2026-09-28 15:20:52+00:00,GLD261005C00401000
GLD,2026-09-29,377.91,2026-10-05,C,402.0,0.2,0.31,0.3,14.0,55,0.27197993652343744,False,2026-09-28 14:00:48+00:00,GLD261005C00402000
GLD,2026-09-29,377.91,2026-10-05,C,403.0,0.18,0.29,0.25,4.0,31,0.27686270019531245,False,2026-09-28 14:32:28+00:00,GLD261005C00403000
GLD,2026-09-29,377.91,2026-10-05,C,404.0,0.16,0.22,0.2,18.0,33,0.2710033837890625,False,2026-09-28 19:48:47+00:00,GLD261005C00404000
GLD,2026-09-29,377.91,2026-10-05,C,405.0,0.15,0.22,0.15,28.0,217,0.2788158056640625,False,2026-09-28 20:13:13+00:00,GLD261005C00405000
GLD,2026-09-29,377.91,2026-10-05,C,406.0,0.13,0.22,0.19,43.0,30,0.28711650390624993,False,2026-09-28 14:54:42+00:00,GLD261005C00406000
GLD,2026-09-29,377.91,2026-10-05,C,407.0,0.11,0.22,0.18,21.0,31,0.29492892578124996,False,2026-09-28 14:32:10+00:00,GLD261005C00407000
GLD,2026-09-29,377.91,2026-10-05,C,408.0,0.1,0.18,0.19,3.0,44,0.2924875439453124,False,2026-09-28 17:26:45+00:00,GLD261005C00408000
GLD,2026-09-29,377.91,2026-10-05,C,409.0,0.1,0.18,0.19,1.0,48,0.3002999658203125,False,2026-09-28 13:31:03+00:00,GLD261005C00409000
GLD,2026-09-29,377.91,2026-10-05,C,410.0,0.11,0.13,0.12,256.0,305,0.2919992675781249,False,2026-09-28 19:49:43+00:00,GLD261005C00410000
GLD,2026-09-29,377.91,2026-10-05,C,411.0,0.08,0.13,0.14,57.0,52,0.29932341308593746,False,2026-09-28 19:34:51+00:00,GLD261005C00411000
GLD,2026-09-29,377.91,2026-10-05,C,412.0,0.07,0.12,0.09,16.0,16,0.30274134765625,False,2026-09-28 19:34:51+00:00,GLD261005C00412000
GLD,2026-09-29,377.91,2026-10-05,C,413.0,0.07,0.11,0.1,21.0,34,0.3061592822265625,False,2026-09-28 19:48:47+00:00,GLD261005C00413000
GLD,2026-09-29,377.91,2026-10-05,C,414.0,0.06,0.15,0.07,22.0,15,0.32813171874999997,False,2026-09-28 19:33:25+00:00,GLD261005C00414000
GLD,2026-09-29,377.91,2026-10-05,C,415.0,0.06,0.1,0.08,25.0,14,0.3154365332031249,False,2026-09-28 19:32:47+00:00,GLD261005C00415000
GLD,2026-09-29,377.91,2026-10-05,C,416.0,0.05,0.11,0.07,35.0,43,0.327155166015625,False,2026-09-28 19:32:08+00:00,GLD261005C00416000
GLD,2026-09-29,377.91,2026-10-05,C,418.0,0.04,0.09,0.06,6.0,1,0.331061376953125,False,2026-09-28 18:51:21+00:00,GLD261005C00418000
GLD,2026-09-29,377.91,2026-10-05,C,420.0,0.04,0.08,0.07,75.0,163,0.3398503515625,False,2026-09-28 15:33:08+00:00,GLD261005C00420000
GLD,2026-09-29,377.91,2026-10-05,C,421.0,0.04,0.15,0.25,1.0,5,0.37793590820312495,False,2026-09-25 13:43:58+00:00,GLD261005C00421000
GLD,2026-09-29,377.91,2026-10-05,C,422.0,0.03,0.14,0.2,,4,0.38086556640624997,False,2026-09-24 16:06:25+00:00,GLD261005C00422000
GLD,2026-09-29,377.91,2026-10-05,C,423.0,0.01,0.13,0.13,1.0,3,0.383795224609375,False,2026-09-25 13:44:51+00:00,GLD261005C00423000
GLD,2026-09-29,377.91,2026-10-05,C,425.0,0.03,0.08,0.09,7.0,8,0.372076591796875,False,2026-09-28 15:35:00+00:00,GLD261005C00425000
GLD,2026-09-29,377.91,2026-10-05,C,426.0,0.02,0.13,0.14,1.0,2,0.40430283203125,False,2026-09-28 14:15:18+00:00,GLD261005C00426000
GLD,2026-09-29,377.91,2026-10-05,C,428.0,0.02,0.13,0.13,1.0,2,0.41797457031249996,False,2026-09-28 14:15:35+00:00,GLD261005C00428000
GLD,2026-09-29,377.91,2026-10-05,C,429.0,0.02,0.1,0.1,5.0,2,0.40918559570312496,False,2026-09-25 13:45:16+00:00,GLD261005C00429000
GLD,2026-09-29,377.91,2026-10-05,C,430.0,0.02,0.13,0.13,1.0,143,0.43066975585937506,False,2026-09-28 14:14:03+00:00,GLD261005C00430000
GLD,2026-09-29,377.91,2026-10-05,C,435.0,0.01,0.11,0.19,,1,0.45313046875,False,2026-09-24 13:50:37+00:00,GLD261005C00435000
GLD,2026-09-29,377.91,2026-10-05,C,445.0,0.01,0.07,0.05,1.0,3,0.48633326171875,False,2026-09-28 14:17:29+00:00,GLD261005C00445000
GLD,2026-09-29,377.91,2026-10-05,C,450.0,0.01,0.1,0.11,1.0,3,0.5019581054687501,False,2026-09-25 13:45:34+00:00,GLD261005C00450000
GLD,2026-09-29,377.91,2026-10-05,C,455.0,0.01,0.1,0.1,1.0,102,0.5293015820312501,False,2026-09-28 14:17:23+00:00,GLD261005C00455000
GLD,2026-09-29,377.91,2026-10-05,C,460.0,0.01,0.1,0.03,2.0,3,0.5566450585937501,False,2026-09-25 13:46:42+00:00,GLD261005C00460000
GLD,2026-09-29,377.91,2026-10-05,C,465.0,0.01,0.1,0.09,,1,0.5839885351562499,False,2026-09-22 14:19:06+00:00,GLD261005C00465000
GLD,2026-09-29,377.91,2026-10-05,C,470.0,0.0,0.1,0.04,,1,0.6035195898437502,False,2026-09-24 16:45:24+00:00,GLD261005C00470000
GLD,2026-09-29,377.91,2026-10-05,C,475.0,0.0,0.18,0.09,2.0,3,0.6718782812500002,False,2026-09-25 13:46:38+00:00,GLD261005C00475000
GLD,2026-09-29,377.91,2026-10-05,C,480.0,0.0,0.09,0.08,3.0,8,0.648441015625,False,2026-09-25 17:49:48+00:00,GLD261005C00480000
GLD,2026-09-29,377.91,2026-10-05,C,485.0,0.0,0.16,0.06,2.0,2,0.7148466015625,False,2026-09-24 14:31:43+00:00,GLD261005C00485000
GLD,2026-09-29,377.91,2026-10-05,C,490.0,0.0,0.09,0.05,6.0,7,0.6953155468750001,False,2026-09-25 18:43:04+00:00,GLD261005C00490000
GLD,2026-09-29,377.91,2026-10-05,C,495.0,0.0,0.17,0.09,1.0,3,0.77148666015625,False,2026-09-25 16:04:00+00:00,GLD261005C00495000
GLD,2026-09-29,377.91,2026-10-05,C,500.0,0.0,0.17,0.09,4.0,4,0.79687703125,False,2026-09-24 14:32:52+00:00,GLD261005C00500000
GLD,2026-09-29,377.91,2026-10-05,C,505.0,0.0,0.17,0.1,,1,0.8203142968749999,False,2026-09-22 14:19:51+00:00,GLD261005C00505000
GLD,2026-09-29,377.91,2026-10-05,C,510.0,0.0,0.16,0.03,,1,0.8398453515625,False,2026-09-22 18:59:09+00:00,GLD261005C00510000
GLD,2026-09-29,377.91,2026-10-05,P,285.0,0.01,0.04,0.04,2.0,1,0.726565234375,False,2026-09-28 19:29:10+00:00,GLD261005P00285000
GLD,2026-09-29,377.91,2026-10-05,P,290.0,0.01,0.03,0.03,2.0,6,0.6718782812500002,False,2026-09-25 17:00:51+00:00,GLD261005P00290000
GLD,2026-09-29,377.91,2026-10-05,P,295.0,0.01,0.08,0.08,1.0,4,0.68555001953125,False,2026-09-28 16:44:48+00:00,GLD261005P00295000
GLD,2026-09-29,377.91,2026-10-05,P,300.0,0.01,0.09,0.05,10.0,7,0.65039412109375,False,2026-09-28 19:26:50+00:00,GLD261005P00300000
GLD,2026-09-29,377.91,2026-10-05,P,305.0,0.01,0.1,0.1,1.0,3,0.6152382226562501,False,2026-09-28 14:54:29+00:00,GLD261005P00305000
GLD,2026-09-29,377.91,2026-10-05,P,310.0,0.02,0.1,0.1,1.0,3,0.57812921875,False,2026-09-28 14:32:55+00:00,GLD261005P00310000
GLD,2026-09-29,377.91,2026-10-05,P,315.0,0.01,0.11,0.08,3.0,4,0.5371140039062501,False,2026-09-25 13:59:38+00:00,GLD261005P00315000
GLD,2026-09-29,377.91,2026-10-05,P,320.0,0.03,0.11,0.11,1.0,4,0.5039112109375,False,2026-09-25 14:09:56+00:00,GLD261005P00320000
GLD,2026-09-29,377.91,2026-10-05,P,325.0,0.02,0.07,0.06,6.0,9,0.46289599609375004,False,2026-09-28 14:54:37+00:00,GLD261005P00325000
GLD,2026-09-29,377.91,2026-10-05,P,330.0,0.03,0.1,0.1,21.0,4,0.4414118359375,False,2026-09-25 19:32:24+00:00,GLD261005P00330000
GLD,2026-09-29,377.91,2026-10-05,P,335.0,0.05,0.1,0.07,1.0,2,0.398443515625,False,2026-09-28 16:21:41+00:00,GLD261005P00335000
GLD,2026-09-29,377.91,2026-10-05,P,340.0,0.09,0.12,0.12,8.0,4,0.36524072265625,False,2026-09-28 20:07:49+00:00,GLD261005P00340000
GLD,2026-09-29,377.91,2026-10-05,P,345.0,0.11,0.16,0.12,8.0,3,0.335944140625,False,2026-09-28 14:11:24+00:00,GLD261005P00345000
GLD,2026-09-29,377.91,2026-10-05,P,350.0,0.14,0.41,0.19,10.0,3,0.34717449707031245,False,2026-09-28 16:21:28+00:00,GLD261005P00350000
GLD,2026-09-29,377.91,2026-10-05,P,355.0,0.25,0.34,0.25,26.0,2,0.2836985693359374,False,2026-09-28 18:52:56+00:00,GLD261005P00355000
GLD,2026-09-29,377.91,2026-10-05,P,360.0,0.45,0.55,0.5,128.0,118,0.26050544189453123,False,2026-09-28 19:43:12+00:00,GLD261005P00360000
GLD,2026-09-29,377.91,2026-10-05,P,365.0,0.86,1.0,0.92,245.0,5,0.24488059814453128,False,2026-09-28 20:07:09+00:00,GLD261005P00365000
GLD,2026-09-29,377.91,2026-10-05,P,370.0,1.67,1.84,1.72,126.0,112,0.23194127441406248,False,2026-09-28 20:07:09+00:00,GLD261005P00370000
GLD,2026-09-29,377.91,2026-10-05,P,375.0,3.05,3.35,2.97,326.0,33,0.22412885253906245,False,2026-09-28 19:45:15+00:00,GLD261005P00375000
GLD,2026-09-29,377.91,2026-10-05,P,376.0,3.45,3.8,3.34,217.0,156,0.22534954345703123,False,2026-09-28 19:46:49+00:00,GLD261005P00376000
GLD,2026-09-29,377.91,2026-10-05,P,377.0,3.9,4.2,3.75,331.0,68,0.2225419543457031,False,2026-09-28 19:45:15+00:00,GLD261005P00377000
GLD,2026-09-29,377.91,2026-10-05,P,378.0,4.35,4.65,3.85,147.0,67,0.2205888488769531,True,2026-09-28 18:32:31+00:00,GLD261005P00378000
GLD,2026-09-29,377.91,2026-10-05,P,379.0,4.8,5.25,4.0,159.0,23,0.22412885253906245,True,2026-09-28 18:49:51+00:00,GLD261005P00379000
GLD,2026-09-29,377.91,2026-10-05,P,380.0,5.4,5.65,4.57,225.0,63,0.21631643066406248,True,2026-09-28 18:47:07+00:00,GLD261005P00380000
GLD,2026-09-29,377.91,2026-10-05,P,381.0,5.95,6.4,6.34,6.0,12,0.22394574890136715,True,2026-09-28 14:45:58+00:00,GLD261005P00381000
GLD,2026-09-29,377.91,2026-10-05,P,382.0,6.6,7.1,6.1,10.0,61,0.22766885620117186,True,2026-09-28 19:38:36+00:00,GLD261005P00382000
GLD,2026-09-29,377.91,2026-10-05,P,383.0,7.25,7.85,6.06,2.0,18,0.23267368896484375,True,2026-09-28 13:37:53+00:00,GLD261005P00383000
GLD,2026-09-29,377.91,2026-10-05,P,384.0,7.95,8.5,6.81,25.0,33,0.2309647216796875,True,2026-09-28 17:54:36+00:00,GLD261005P00384000
GLD,2026-09-29,377.91,2026-10-05,P,385.0,8.65,9.25,8.1,55.0,74,0.23316196533203126,True,2026-09-28 19:13:03+00:00,GLD261005P00385000
GLD,2026-09-29,377.91,2026-10-05,P,386.0,9.4,10.0,8.48,16.0,38,0.23395541442871093,True,2026-09-28 17:15:34+00:00,GLD261005P00386000
GLD,2026-09-29,377.91,2026-10-05,P,387.0,10.2,10.85,8.59,19.0,56,0.23938748901367185,True,2026-09-28 13:40:18+00:00,GLD261005P00387000
GLD,2026-09-29,377.91,2026-10-05,P,388.0,11.0,11.65,10.11,10.0,43,0.24073024902343748,True,2026-09-28 18:20:30+00:00,GLD261005P00388000
GLD,2026-09-29,377.91,2026-10-05,P,389.0,11.9,12.55,12.0,5.0,77,0.2474440490722656,True,2026-09-28 15:35:00+00:00,GLD261005P00389000
GLD,2026-09-29,377.91,2026-10-05,P,390.0,12.75,13.4,11.58,5.0,156,0.2500075,True,2026-09-28 18:49:07+00:00,GLD261005P00390000
GLD,2026-09-29,377.91,2026-10-05,P,391.0,13.7,14.3,13.8,4.0,139,0.25501233276367197,True,2026-09-28 20:01:08+00:00,GLD261005P00391000
GLD,2026-09-29,377.91,2026-10-05,P,392.0,14.6,15.15,13.28,8.0,66,0.2553785400390626,True,2026-09-28 17:57:22+00:00,GLD261005P00392000
GLD,2026-09-29,377.91,2026-10-05,P,393.0,15.45,16.1,14.25,7.0,18,0.2629468237304688,True,2026-09-28 16:32:50+00:00,GLD261005P00393000
GLD,2026-09-29,377.91,2026-10-05,P,394.0,16.4,17.05,14.08,3.0,68,0.2700268310546875,True,2026-09-28 13:46:36+00:00,GLD261005P00394000
GLD,2026-09-29,377.91,2026-10-05,P,395.0,17.3,18.0,17.39,23.0,38,0.2766185620117187,True,2026-09-28 19:59:28+00:00,GLD261005P00395000
GLD,2026-09-29,377.91,2026-10-05,P,396.0,18.25,18.95,17.5,14.0,3,0.2827220166015625,True,2026-09-28 19:41:55+00:00,GLD261005P00396000
GLD,2026-09-29,377.91,2026-10-05,P,397.0,18.7,19.9,18.72,245.0,264,0.2885813330078124,True,2026-09-23 17:15:43+00:00,GLD261005P00397000
GLD,2026-09-29,377.91,2026-10-05,P,398.0,19.75,20.85,18.63,247.0,249,0.29383030395507803,True,2026-09-28 18:53:45+00:00,GLD261005P00398000
GLD,2026-09-29,377.91,2026-10-05,P,399.0,20.8,21.85,19.08,1.0,65,0.3039620385742187,True,2026-09-28 13:40:06+00:00,GLD261005P00399000
GLD,2026-09-29,377.91,2026-10-05,P,400.0,21.7,22.8,19.55,1.0,73,0.3086006640625,True,2026-09-28 13:43:03+00:00,GLD261005P00400000
GLD,2026-09-29,377.91,2026-10-05,P,401.0,21.75,24.3,6.7,,130,0.36914693359375,True,2026-09-22 17:52:46+00:00,GLD261005P00401000
GLD,2026-09-29,377.91,2026-10-05,P,402.0,23.55,24.75,24.3,2.0,3,0.3225165405273437,True,2026-09-28 15:50:46+00:00,GLD261005P00402000
GLD,2026-09-29,377.91,2026-10-05,P,403.0,23.7,25.75,8.45,,13,0.3320379296875,True,2026-09-22 15:14:04+00:00,GLD261005P00403000
GLD,2026-09-29,377.91,2026-10-05,P,405.0,26.5,27.75,25.77,10.0,11,0.35108070800781244,True,2026-09-28 17:46:25+00:00,GLD261005P00405000
GLD,2026-09-29,377.91,2026-10-05,P,407.0,27.65,29.75,14.8,33.0,33,0.36963520996093746,True,2026-09-25 17:39:51+00:00,GLD261005P00407000
GLD,2026-09-29,377.91,2026-10-05,P,408.0,29.4,30.8,27.97,1.0,2,0.38550419189453117,True,2026-09-24 16:46:28+00:00,GLD261005P00408000
GLD,2026-09-29,377.91,2026-10-05,P,409.0,30.35,32.15,31.47,20.0,2,0.43628493408203123,True,2026-09-28 14:58:31+00:00,GLD261005P00409000
GLD,2026-09-29,377.91,2026-10-05,P,410.0,32.05,33.05,32.54,6.0,7,0.43469803588867195,True,2026-09-28 20:12:45+00:00,GLD261005P00410000
GLD,2026-09-29,377.91,2026-10-05,P,411.0,31.65,33.75,18.41,,2,0.4062559375,True,2026-09-23 14:51:42+00:00,GLD261005P00411000
GLD,2026-09-29,377.91,2026-10-05,P,415.0,36.6,37.75,35.74,6.0,6,0.44165597412109375,True,2026-09-28 18:21:26+00:00,GLD261005P00415000
GLD,2026-09-29,377.91,2026-10-05,P,416.0,37.55,38.8,38.35,2.0,3,0.45752495605468757,True,2026-09-28 15:15:00+00:00,GLD261005P00416000
GLD,2026-09-29,377.91,2026-10-05,P,418.0,38.65,40.75,20.0,,1,0.46753462158203124,True,2026-09-22 17:52:47+00:00,GLD261005P00418000
GLD,2026-09-29,377.91,2026-10-05,P,425.0,45.65,48.25,32.93,,0,0.5969278588867188,True,2026-09-24 19:58:35+00:00,GLD261005P00425000
GLD,2026-09-29,377.91,2026-10-06,C,375.0,6.5,6.8,7.75,22.0,1,0.23462679443359374,True,2026-09-28 15:07:36+00:00,GLD261006C00375000
GLD,2026-09-29,377.91,2026-10-06,C,376.0,5.9,6.2,16.86,,1,0.23303989624023438,True,2026-09-24 18:48:07+00:00,GLD261006C00376000
GLD,2026-09-29,377.91,2026-10-06,C,381.0,3.45,3.7,4.2,135.0,2,0.2274247180175781,False,2026-09-28 17:36:16+00:00,GLD261006C00381000
GLD,2026-09-29,377.91,2026-10-06,C,384.0,2.42,2.61,2.85,208.0,1,0.22602092346191405,False,2026-09-28 19:36:42+00:00,GLD261006C00384000
GLD,2026-09-29,377.91,2026-10-06,C,385.0,2.15,2.31,2.38,275.0,7,0.22583781982421874,False,2026-09-28 19:53:10+00:00,GLD261006C00385000
GLD,2026-09-29,377.91,2026-10-06,C,387.0,1.65,1.81,2.1,45.0,9,0.2268143725585937,False,2026-09-28 16:19:52+00:00,GLD261006C00387000
GLD,2026-09-29,377.91,2026-10-06,C,388.0,1.46,1.62,1.87,11.0,21,0.22876747802734376,False,2026-09-28 17:31:10+00:00,GLD261006C00388000
GLD,2026-09-29,377.91,2026-10-06,C,389.0,1.29,1.42,1.57,3.0,12,0.22888954711914064,False,2026-09-28 19:10:33+00:00,GLD261006C00389000
GLD,2026-09-29,377.91,2026-10-06,C,390.0,1.13,1.27,1.23,48.0,15,0.2310867907714844,False,2026-09-28 19:58:41+00:00,GLD261006C00390000
GLD,2026-09-29,377.91,2026-10-06,C,391.0,1.0,1.13,1.44,11.0,10,0.2329178271484375,False,2026-09-28 16:27:38+00:00,GLD261006C00391000
GLD,2026-09-29,377.91,2026-10-06,C,392.0,0.88,1.0,1.15,8.0,331,0.2342605871582031,False,2026-09-28 19:06:25+00:00,GLD261006C00392000
GLD,2026-09-29,377.91,2026-10-06,C,393.0,0.78,0.9,0.89,4.0,9,0.23706817626953125,False,2026-09-28 14:21:38+00:00,GLD261006C00393000
GLD,2026-09-29,377.91,2026-10-06,C,394.0,0.69,0.84,0.74,11.0,54,0.24243921630859372,False,2026-09-28 14:31:53+00:00,GLD261006C00394000
GLD,2026-09-29,377.91,2026-10-06,C,395.0,0.61,0.78,0.79,19.0,31,0.24732197998046873,False,2026-09-28 17:27:25+00:00,GLD261006C00395000
GLD,2026-09-29,377.91,2026-10-06,C,396.0,0.54,0.72,0.6,6.0,3,0.2514723291015625,False,2026-09-28 16:01:29+00:00,GLD261006C00396000
GLD,2026-09-29,377.91,2026-10-06,C,397.0,0.48,0.65,0.66,82.0,14,0.2541578491210938,False,2026-09-28 16:27:42+00:00,GLD261006C00397000
GLD,2026-09-29,377.91,2026-10-06,C,398.0,0.42,0.6,2.82,5.0,106,0.25830819824218754,False,2026-09-25 17:34:22+00:00,GLD261006C00398000
GLD,2026-09-29,377.91,2026-10-06,C,399.0,0.38,0.64,0.54,1.0,21,0.27173579833984374,False,2026-09-28 15:32:37+00:00,GLD261006C00399000
GLD,2026-09-29,377.91,2026-10-06,C,400.0,0.34,0.51,0.42,25.0,153,0.26587648193359376,False,2026-09-28 19:36:12+00:00,GLD261006C00400000
GLD,2026-09-29,377.91,2026-10-06,C,401.0,0.3,0.46,0.36,1.0,4,0.2683178637695312,False,2026-09-28 16:01:29+00:00,GLD261006C00401000
GLD,2026-09-29,377.91,2026-10-06,C,402.0,0.27,0.45,0.52,1.0,155,0.27539787109374997,False,2026-09-28 13:44:47+00:00,GLD261006C00402000
GLD,2026-09-29,377.91,2026-10-06,C,403.0,0.24,0.34,0.3,4.0,74,0.26758544921875,False,2026-09-28 19:30:52+00:00,GLD261006C00403000
GLD,2026-09-29,377.91,2026-10-06,C,404.0,0.22,0.39,1.05,1.0,16,0.2836985693359374,False,2026-09-25 14:07:25+00:00,GLD261006C00404000
GLD,2026-09-29,377.91,2026-10-06,C,405.0,0.2,0.28,0.26,36.0,39,0.27295648925781246,False,2026-09-28 18:02:06+00:00,GLD261006C00405000
GLD,2026-09-29,377.91,2026-10-06,C,406.0,0.18,0.35,0.27,8.0,28,0.2934640966796874,False,2026-09-28 14:48:58+00:00,GLD261006C00406000
GLD,2026-09-29,377.91,2026-10-06,C,407.0,0.16,0.36,1.0,6.0,79,0.30298548583984375,False,2026-09-25 18:34:45+00:00,GLD261006C00407000
GLD,2026-09-29,377.91,2026-10-06,C,408.0,0.15,0.26,0.48,2.0,100,0.2919992675781249,False,2026-09-28 13:52:43+00:00,GLD261006C00408000
GLD,2026-09-29,377.91,2026-10-06,C,409.0,0.13,0.28,0.89,,2,0.30371790039062496,False,2026-09-24 16:16:32+00:00,GLD261006C00409000
GLD,2026-09-29,377.91,2026-10-06,C,410.0,0.13,0.17,0.17,37.0,100,0.28516339843749994,False,2026-09-28 19:46:17+00:00,GLD261006C00410000
GLD,2026-09-29,377.91,2026-10-06,C,411.0,0.11,0.2,0.66,1.0,1,0.3002999658203125,False,2026-09-24 14:31:52+00:00,GLD261006C00411000
GLD,2026-09-29,377.91,2026-10-06,C,412.0,0.1,0.18,0.19,2.0,5,0.30225307128906254,False,2026-09-28 14:45:46+00:00,GLD261006C00412000
GLD,2026-09-29,377.91,2026-10-06,C,413.0,0.1,0.19,0.18,1.0,504,0.31201859863281245,False,2026-09-25 16:15:22+00:00,GLD261006C00413000
GLD,2026-09-29,377.91,2026-10-06,C,415.0,0.08,0.16,0.13,5.0,1,0.31690136230468746,False,2026-09-28 14:58:10+00:00,GLD261006C00415000
GLD,2026-09-29,377.91,2026-10-06,C,420.0,0.05,0.22,0.18,1.0,7,0.36865865722656255,False,2026-09-25 14:32:46+00:00,GLD261006C00420000
GLD,2026-09-29,377.91,2026-10-06,C,424.0,0.05,0.15,0.16,1.0,23,0.37305314453125,False,2026-09-28 14:57:47+00:00,GLD261006C00424000
GLD,2026-09-29,377.91,2026-10-06,C,427.0,0.02,0.14,0.17,,30,0.38867798828125,False,2026-09-24 15:03:03+00:00,GLD261006C00427000
GLD,2026-09-29,377.91,2026-10-06,C,430.0,0.03,0.11,0.11,3.0,3,0.393560751953125,False,2026-09-28 13:30:08+00:00,GLD261006C00430000
GLD,2026-09-29,377.91,2026-10-06,C,435.0,0.02,0.15,0.16,,2,0.442388388671875,False,2026-09-23 19:48:05+00:00,GLD261006C00435000
GLD,2026-09-29,377.91,2026-10-06,C,530.0,0.0,0.16,0.04,,6,0.8730481445312499,False,2026-09-24 19:26:49+00:00,GLD261006C00530000
GLD,2026-09-29,377.91,2026-10-06,P,275.0,0.01,0.04,0.04,4.0,1,0.7578149218750001,False,2026-09-28 19:34:46+00:00,GLD261006P00275000
GLD,2026-09-29,377.91,2026-10-06,P,285.0,0.01,0.08,0.08,1.0,3,0.7226590234375,False,2026-09-28 18:58:37+00:00,GLD261006P00285000
GLD,2026-09-29,377.91,2026-10-06,P,315.0,0.01,0.11,0.05,3.0,3,0.5019581054687501,False,2026-09-25 19:37:37+00:00,GLD261006P00315000
GLD,2026-09-29,377.91,2026-10-06,P,370.0,1.93,2.1,1.67,7.0,12,0.231452998046875,False,2026-09-28 16:41:07+00:00,GLD261006P00370000
GLD,2026-09-29,377.91,2026-10-06,P,375.0,3.4,3.6,3.4,75.0,77,0.22126022888183594,False,2026-09-28 19:54:40+00:00,GLD261006P00375000
GLD,2026-09-29,377.91,2026-10-06,P,376.0,3.8,4.05,3.45,15.0,9,0.22217574707031246,False,2026-09-28 19:07:28+00:00,GLD261006P00376000
GLD,2026-09-29,377.91,2026-10-06,P,377.0,4.2,4.45,4.1,92.0,5,0.2194291925048828,False,2026-09-28 19:45:15+00:00,GLD261006P00377000
GLD,2026-09-29,377.91,2026-10-06,P,378.0,4.7,4.95,3.33,34.0,24,0.21973436523437498,True,2026-09-28 13:58:49+00:00,GLD261006P00378000
GLD,2026-09-29,377.91,2026-10-06,P,379.0,5.2,5.45,5.15,35.0,38,0.2186357434082031,True,2026-09-28 19:53:12+00:00,GLD261006P00379000
GLD,2026-09-29,377.91,2026-10-06,P,380.0,5.75,6.0,5.25,16.0,23,0.21826953613281247,True,2026-09-28 19:07:28+00:00,GLD261006P00380000
GLD,2026-09-29,377.91,2026-10-06,P,381.0,6.3,6.7,5.8,16.0,60,0.22327436889648436,True,2026-09-28 19:07:28+00:00,GLD261006P00381000
GLD,2026-09-29,377.91,2026-10-06,P,382.0,6.9,7.3,6.28,5.0,27,0.2224198852539062,True,2026-09-28 16:25:34+00:00,GLD261006P00382000
GLD,2026-09-29,377.91,2026-10-06,P,383.0,7.55,8.1,6.3,2.0,5,0.22974403076171873,True,2026-09-28 13:40:52+00:00,GLD261006P00383000
GLD,2026-09-29,377.91,2026-10-06,P,384.0,8.2,8.8,6.92,3.0,46,0.23102575622558597,True,2026-09-25 18:19:57+00:00,GLD261006P00384000
GLD,2026-09-29,377.91,2026-10-06,P,385.0,8.95,9.5,8.0,9.0,135,0.2310867907714844,True,2026-09-28 18:47:28+00:00,GLD261006P00385000
GLD,2026-09-29,377.91,2026-10-06,P,386.0,9.7,10.3,9.82,2.0,28,0.23511507080078126,True,2026-09-28 15:24:56+00:00,GLD261006P00386000
GLD,2026-09-29,377.91,2026-10-06,P,387.0,10.45,11.05,9.85,10.0,98,0.2352371398925781,True,2026-09-28 19:09:04+00:00,GLD261006P00387000
GLD,2026-09-29,377.91,2026-10-06,P,388.0,11.25,11.8,11.23,8.0,31,0.23413851806640623,True,2026-09-28 19:12:15+00:00,GLD261006P00388000
GLD,2026-09-29,377.91,2026-10-06,P,389.0,12.1,12.7,2.66,11.0,19,0.24085231811523436,True,2026-09-25 18:50:41+00:00,GLD261006P00389000
GLD,2026-09-29,377.91,2026-10-06,P,390.0,12.95,13.4,12.9,9.0,35,0.2337723107910156,True,2026-09-28 16:10:07+00:00,GLD261006P00390000
GLD,2026-09-29,377.91,2026-10-06,P,391.0,13.8,14.4,13.9,5.0,37,0.24549094360351562,True,2026-09-28 15:24:55+00:00,GLD261006P00391000
GLD,2026-09-29,377.91,2026-10-06,P,392.0,14.65,15.3,14.62,1.0,47,0.24988543090820312,True,2026-09-25 15:51:50+00:00,GLD261006P00392000
GLD,2026-09-29,377.91,2026-10-06,P,393.0,15.55,16.25,14.08,23.0,36,0.2573316455078125,True,2026-09-28 18:53:21+00:00,GLD261006P00393000
GLD,2026-09-29,377.91,2026-10-06,P,394.0,16.45,17.15,16.57,2.0,5,0.26050544189453123,True,2026-09-28 15:35:17+00:00,GLD261006P00394000
GLD,2026-09-29,377.91,2026-10-06,P,395.0,17.45,18.1,16.6,1.0,8,0.26709717285156254,True,2026-09-28 19:17:09+00:00,GLD261006P00395000
GLD,2026-09-29,377.91,2026-10-06,P,396.0,18.3,19.0,8.0,1.0,1,0.2690502783203125,True,2026-09-24 14:27:13+00:00,GLD261006P00396000
GLD,2026-09-29,377.91,2026-10-06,P,397.0,19.2,19.95,19.36,2.0,3,0.2745433874511719,True,2026-09-28 15:35:17+00:00,GLD261006P00397000
GLD,2026-09-29,377.91,2026-10-06,P,398.0,19.85,20.95,19.32,1.0,3,0.28443098388671867,True,2026-09-28 19:18:52+00:00,GLD261006P00398000
GLD,2026-09-29,377.91,2026-10-06,P,399.0,19.85,21.95,9.34,,3,0.2941965112304687,True,2026-09-24 16:48:32+00:00,GLD261006P00399000
GLD,2026-09-29,377.91,2026-10-06,P,400.0,21.75,22.85,22.11,3.0,10,0.29395237304687494,True,2026-09-28 15:30:01+00:00,GLD261006P00400000
GLD,2026-09-29,377.91,2026-10-06,P,405.0,26.65,27.75,27.51,5.0,6,0.3283758569335937,True,2026-09-28 14:50:37+00:00,GLD261006P00405000
GLD,2026-09-29,377.91,2026-10-06,P,406.0,26.7,28.75,15.04,,1,0.3371648315429688,True,2026-09-24 20:02:09+00:00,GLD261006P00406000
GLD,2026-09-29,377.91,2026-10-06,P,407.0,27.95,29.75,17.94,2.0,2,0.34570966796874997,True,2026-09-24 15:31:35+00:00,GLD261006P00407000
GLD,2026-09-29,377.91,2026-10-06,P,409.0,29.65,31.75,28.85,1.0,2,0.36304347900390627,True,2026-09-28 16:27:36+00:00,GLD261006P00409000
GLD,2026-09-29,377.91,2026-10-06,P,410.0,31.65,32.75,30.52,25.0,22,0.3715883154296875,True,2026-09-28 18:50:02+00:00,GLD261006P00410000
GLD,2026-09-29,377.91,2026-10-06,P,411.0,31.65,33.75,17.25,1.0,1,0.379889013671875,True,2026-09-23 13:33:38+00:00,GLD261006P00411000
GLD,2026-09-29,377.91,2026-10-06,P,412.0,33.7,34.7,32.2,2.0,15,0.3815979809570312,True,2026-09-28 14:25:50+00:00,GLD261006P00412000
GLD,2026-09-29,377.91,2026-10-06,P,414.0,35.65,36.75,34.55,1.0,1,0.40479110839843746,True,2026-09-28 14:22:05+00:00,GLD261006P00414000
GLD,2026-09-29,377.91,2026-10-06,P,428.0,48.65,51.1,34.65,1.0,0,0.5647016186523439,True,2026-09-25 15:59:55+00:00,GLD261006P00428000
GLD,2026-09-29,377.91,2026-10-07,C,350.0,27.95,30.1,41.4,1.0,1,0.47876497802734375,True,2026-09-25 14:31:56+00:00,GLD261007C00350000
GLD,2026-09-29,377.91,2026-10-07,C,384.0,2.74,2.9,3.7,180.0,1,0.2266312689208984,False,2026-09-28 16:27:21+00:00,GLD261007C00384000
GLD,2026-09-29,377.91,2026-10-07,C,387.0,1.92,2.09,2.62,5.0,1,0.22858437438964846,False,2026-09-28 16:26:58+00:00,GLD261007C00387000
GLD,2026-09-29,377.91,2026-10-07,C,388.0,1.7,1.85,2.08,1.0,1,0.22840127075195313,False,2026-09-28 19:17:38+00:00,GLD261007C00388000
GLD,2026-09-29,377.91,2026-10-07,C,389.0,1.51,1.65,2.08,7.0,6,0.22925575439453127,False,2026-09-28 16:26:58+00:00,GLD261007C00389000
GLD,2026-09-29,377.91,2026-10-07,C,390.0,1.34,1.48,1.5,4.0,11,0.23084265258789063,False,2026-09-28 19:57:06+00:00,GLD261007C00390000
GLD,2026-09-29,377.91,2026-10-07,C,391.0,1.19,1.34,5.35,,6,0.2332840344238281,False,2026-09-24 15:49:31+00:00,GLD261007C00391000
GLD,2026-09-29,377.91,2026-10-07,C,392.0,1.05,1.19,1.26,7.0,56,0.2342605871582031,False,2026-09-28 14:03:30+00:00,GLD261007C00392000
GLD,2026-09-29,377.91,2026-10-07,C,393.0,0.94,1.06,5.64,9.0,26,0.23548127807617186,False,2026-09-25 19:49:47+00:00,GLD261007C00393000
GLD,2026-09-29,377.91,2026-10-07,C,394.0,0.83,0.96,1.12,4.0,68,0.23804472900390622,False,2026-09-28 17:13:59+00:00,GLD261007C00394000
GLD,2026-09-29,377.91,2026-10-07,C,395.0,0.75,0.9,0.94,13.0,39,0.243171630859375,False,2026-09-28 18:37:10+00:00,GLD261007C00395000
GLD,2026-09-29,377.91,2026-10-07,C,396.0,0.66,0.77,0.78,2.0,98,0.24158473266601563,False,2026-09-28 16:21:23+00:00,GLD261007C00396000
GLD,2026-09-29,377.91,2026-10-07,C,397.0,0.59,0.77,3.8,2.0,16,0.25086198364257806,False,2026-09-25 17:20:11+00:00,GLD261007C00397000
GLD,2026-09-29,377.91,2026-10-07,C,398.0,0.53,0.63,0.74,2.0,67,0.24658956542968752,False,2026-09-25 19:14:42+00:00,GLD261007C00398000
GLD,2026-09-29,377.91,2026-10-07,C,399.0,0.47,0.58,3.15,51.0,34,0.2500075,False,2026-09-25 18:50:46+00:00,GLD261007C00399000
GLD,2026-09-29,377.91,2026-10-07,C,400.0,0.42,0.61,0.49,23.0,285,0.2617261328125,False,2026-09-28 16:44:14+00:00,GLD261007C00400000
GLD,2026-09-29,377.91,2026-10-07,C,401.0,0.38,0.57,2.59,78.0,75,0.26587648193359376,False,2026-09-25 19:14:32+00:00,GLD261007C00401000
GLD,2026-09-29,377.91,2026-10-07,C,402.0,0.34,0.62,0.46,1.0,38,0.2799144274902343,False,2026-09-28 15:34:37+00:00,GLD261007C00402000
GLD,2026-09-29,377.91,2026-10-07,C,403.0,0.31,0.45,2.07,26.0,29,0.26782958740234375,False,2026-09-25 19:14:32+00:00,GLD261007C00403000
GLD,2026-09-29,377.91,2026-10-07,C,404.0,0.28,0.41,0.38,1.0,12,0.27027096923828126,False,2026-09-28 15:28:34+00:00,GLD261007C00404000
GLD,2026-09-29,377.91,2026-10-07,C,405.0,0.25,0.42,0.3,3.0,52,0.27930408203124996,False,2026-09-28 18:37:10+00:00,GLD261007C00405000
GLD,2026-09-29,377.91,2026-10-07,C,406.0,0.23,0.36,0.36,1.0,26,0.27808339111328123,False,2026-09-28 13:32:32+00:00,GLD261007C00406000
GLD,2026-09-29,377.91,2026-10-07,C,407.0,0.21,0.33,1.32,2.0,18,0.28076891113281244,False,2026-09-25 16:07:01+00:00,GLD261007C00407000
GLD,2026-09-29,377.91,2026-10-07,C,408.0,0.19,0.37,1.02,1.0,2,0.2946847875976562,False,2026-09-25 18:18:27+00:00,GLD261007C00408000
GLD,2026-09-29,377.91,2026-10-07,C,409.0,0.17,0.44,1.27,,47,0.3129951513671875,False,2026-09-23 17:40:47+00:00,GLD261007C00409000
GLD,2026-09-29,377.91,2026-10-07,C,410.0,0.16,0.27,0.2,38.0,47,0.2915109912109374,False,2026-09-28 19:46:32+00:00,GLD261007C00410000
GLD,2026-09-29,377.91,2026-10-07,C,414.0,0.11,0.24,0.53,3.0,3,0.3129951513671875,False,2026-09-25 16:34:02+00:00,GLD261007C00414000
GLD,2026-09-29,377.91,2026-10-07,C,415.0,0.11,0.31,0.49,76.0,78,0.33447931152343746,False,2026-09-25 16:23:23+00:00,GLD261007C00415000
GLD,2026-09-29,377.91,2026-10-07,C,416.0,0.1,0.37,0.43,10.0,10,0.35278967529296873,False,2026-09-25 16:34:02+00:00,GLD261007C00416000
GLD,2026-09-29,377.91,2026-10-07,C,420.0,0.08,0.16,0.12,1.0,10,0.3305731005859375,False,2026-09-28 17:51:27+00:00,GLD261007C00420000
GLD,2026-09-29,377.91,2026-10-07,C,422.0,0.06,0.33,0.34,,15,0.38623660644531244,False,2026-09-24 16:24:27+00:00,GLD261007C00422000
GLD,2026-09-29,377.91,2026-10-07,C,423.0,0.05,0.32,0.37,,1,0.39111937011718745,False,2026-09-24 16:24:22+00:00,GLD261007C00423000
GLD,2026-09-29,377.91,2026-10-07,C,424.0,0.05,0.32,0.28,,1,0.397466962890625,False,2026-09-24 15:17:22+00:00,GLD261007C00424000
GLD,2026-09-29,377.91,2026-10-07,C,425.0,0.04,0.31,0.32,,1,0.4018614501953125,False,2026-09-24 15:16:55+00:00,GLD261007C00425000
GLD,2026-09-29,377.91,2026-10-07,C,431.0,0.03,0.28,0.12,2.0,2,0.4335994140625,False,2026-09-25 13:47:30+00:00,GLD261007C00431000
GLD,2026-09-29,377.91,2026-10-07,C,432.0,0.03,0.28,0.2,1.0,1,0.43994700683593746,False,2026-09-25 13:47:07+00:00,GLD261007C00432000
GLD,2026-09-29,377.91,2026-10-07,C,433.0,0.02,0.28,0.17,1.0,1,0.446294599609375,False,2026-09-25 13:47:26+00:00,GLD261007C00433000
GLD,2026-09-29,377.91,2026-10-07,C,435.0,0.02,0.27,0.1,1.0,1,0.45606012695312503,False,2026-09-25 13:47:40+00:00,GLD261007C00435000
GLD,2026-09-29,377.91,2026-10-07,C,440.0,0.02,0.11,0.07,7.0,4,0.42676354492187507,False,2026-09-28 14:23:21+00:00,GLD261007C00440000
GLD,2026-09-29,377.91,2026-10-07,C,445.0,0.02,0.12,0.13,4.0,1,0.459966337890625,False,2026-09-28 14:22:18+00:00,GLD261007C00445000
GLD,2026-09-29,377.91,2026-10-07,C,455.0,0.01,0.11,0.12,1.0,1,0.506840869140625,False,2026-09-28 14:23:17+00:00,GLD261007C00455000
GLD,2026-09-29,377.91,2026-10-07,C,460.0,0.01,0.22,0.02,7.0,2,0.5351608984375,False,2026-09-28 14:59:24+00:00,GLD261007C00460000
GLD,2026-09-29,377.91,2026-10-07,C,470.0,0.01,0.04,0.12,1.0,1,0.5195360546875,False,2026-09-25 13:48:53+00:00,GLD261007C00470000
GLD,2026-09-29,377.91,2026-10-07,C,485.0,0.01,0.08,0.03,2.0,2,0.5937540625000001,False,2026-09-25 13:48:49+00:00,GLD261007C00485000
GLD,2026-09-29,377.91,2026-10-07,C,495.0,0.01,0.18,0.1,2.0,2,0.6894562304687502,False,2026-09-25 13:48:45+00:00,GLD261007C00495000
GLD,2026-09-29,377.91,2026-10-07,C,515.0,0.0,0.17,0.01,,10,0.7656273437500001,False,2026-09-24 19:15:07+00:00,GLD261007C00515000
GLD,2026-09-29,377.91,2026-10-07,C,520.0,0.0,0.16,0.09,,1,0.7812521875,False,2026-09-24 19:14:24+00:00,GLD261007C00520000
GLD,2026-09-29,377.91,2026-10-07,C,525.0,0.0,0.06,0.08,1.0,2,0.726565234375,False,2026-09-25 19:24:55+00:00,GLD261007C00525000
GLD,2026-09-29,377.91,2026-10-07,C,530.0,0.0,0.16,0.08,1.0,4,0.82226740234375,False,2026-09-25 19:19:51+00:00,GLD261007C00530000
GLD,2026-09-29,377.91,2026-10-07,C,535.0,0.0,0.16,0.03,1.0,4,0.8437515624999999,False,2026-09-25 19:18:29+00:00,GLD261007C00535000
GLD,2026-09-29,377.91,2026-10-07,C,545.0,0.0,0.16,0.04,,3,0.8828136718749999,False,2026-09-24 19:22:34+00:00,GLD261007C00545000
GLD,2026-09-29,377.91,2026-10-07,P,275.0,0.01,0.06,0.06,11.0,1,0.7382838671874999,False,2026-09-28 19:30:27+00:00,GLD261007P00275000
GLD,2026-09-29,377.91,2026-10-07,P,280.0,0.01,0.08,0.08,1.0,4,0.7187528125,False,2026-09-28 17:07:30+00:00,GLD261007P00280000
GLD,2026-09-29,377.91,2026-10-07,P,285.0,0.01,0.08,0.08,1.0,1,0.6796907031250001,False,2026-09-28 19:30:57+00:00,GLD261007P00285000
GLD,2026-09-29,377.91,2026-10-07,P,290.0,0.01,0.08,0.08,3.0,1,0.6425816992187501,False,2026-09-28 19:34:26+00:00,GLD261007P00290000
GLD,2026-09-29,377.91,2026-10-07,P,295.0,0.01,0.17,0.05,1.0,1,0.6543003320312502,False,2026-09-28 16:52:07+00:00,GLD261007P00295000
GLD,2026-09-29,377.91,2026-10-07,P,300.0,0.01,0.19,0.03,106.0,1,0.62305064453125,False,2026-09-28 18:20:26+00:00,GLD261007P00300000
GLD,2026-09-29,377.91,2026-10-07,P,305.0,0.02,0.2,0.11,1.0,4,0.5898478515625001,False,2026-09-28 15:25:35+00:00,GLD261007P00305000
GLD,2026-09-29,377.91,2026-10-07,P,310.0,0.03,0.21,0.08,2.0,2,0.5566450585937501,False,2026-09-25 19:46:44+00:00,GLD261007P00310000
GLD,2026-09-29,377.91,2026-10-07,P,315.0,0.02,0.23,0.08,1.0,1,0.5195360546875,False,2026-09-25 19:45:59+00:00,GLD261007P00315000
GLD,2026-09-29,377.91,2026-10-07,P,320.0,0.03,0.25,0.09,2.0,2,0.5312546875,False,2026-09-25 19:45:49+00:00,GLD261007P00320000
GLD,2026-09-29,377.91,2026-10-07,P,325.0,0.04,0.28,0.1,2.0,2,0.4975636181640626,False,2026-09-25 19:50:41+00:00,GLD261007P00325000
GLD,2026-09-29,377.91,2026-10-07,P,330.0,0.06,0.31,0.12,1.0,1,0.46289599609375004,False,2026-09-25 13:52:00+00:00,GLD261007P00330000
GLD,2026-09-29,377.91,2026-10-07,P,335.0,0.09,0.34,0.13,1.0,1,0.42627526855468756,False,2026-09-25 13:44:44+00:00,GLD261007P00335000
GLD,2026-09-29,377.91,2026-10-07,P,340.0,0.13,0.33,0.14,2.0,2,0.3803772900390625,False,2026-09-25 17:51:02+00:00,GLD261007P00340000
GLD,2026-09-29,377.91,2026-10-07,P,370.0,2.19,2.32,2.31,46.0,4,0.22943885803222658,False,2026-09-28 20:05:57+00:00,GLD261007P00370000
GLD,2026-09-29,377.91,2026-10-07,P,376.0,4.1,4.35,4.1,18.0,2,0.22235885070800776,False,2026-09-28 19:54:38+00:00,GLD261007P00376000
GLD,2026-09-29,377.91,2026-10-07,P,377.0,4.55,4.8,4.65,23.0,0,0.2217485052490234,False,2026-09-28 15:24:24+00:00,GLD261007P00377000
GLD,2026-09-29,377.91,2026-10-07,P,378.0,5.0,5.25,4.8,81.0,2,0.21985643432617186,True,2026-09-28 17:08:46+00:00,GLD261007P00378000
GLD,2026-09-29,377.91,2026-10-07,P,379.0,5.45,5.75,5.0,75.0,1,0.21881884704589843,True,2026-09-28 19:16:49+00:00,GLD261007P00379000
GLD,2026-09-29,377.91,2026-10-07,P,380.0,6.05,6.3,5.92,34.0,5,0.21857470886230468,True,2026-09-28 19:52:18+00:00,GLD261007P00380000
GLD,2026-09-29,377.91,2026-10-07,P,381.0,6.65,6.9,6.8,4.0,9,0.2192460888671875,True,2026-09-28 15:04:56+00:00,GLD261007P00381000
GLD,2026-09-29,377.91,2026-10-07,P,382.0,7.2,7.65,6.7,2.0,15,0.22516643981933593,True,2026-09-28 14:39:14+00:00,GLD261007P00382000
GLD,2026-09-29,377.91,2026-10-07,P,383.0,7.85,8.4,2.76,,30,0.23011023803710937,True,2026-09-24 15:38:51+00:00,GLD261007P00383000
GLD,2026-09-29,377.91,2026-10-07,P,384.0,8.5,9.05,3.05,,10,0.22943885803222658,True,2026-09-24 15:38:51+00:00,GLD261007P00384000
GLD,2026-09-29,377.91,2026-10-07,P,385.0,9.2,9.75,1.86,3.0,5,0.2298660998535156,True,2026-09-25 16:07:01+00:00,GLD261007P00385000
GLD,2026-09-29,377.91,2026-10-07,P,386.0,9.95,10.5,10.1,1.0,1,0.23157506713867188,True,2026-09-28 15:56:15+00:00,GLD261007P00386000
GLD,2026-09-29,377.91,2026-10-07,P,387.0,10.7,11.3,2.48,7.0,70,0.2348709326171875,True,2026-09-25 18:24:29+00:00,GLD261007P00387000
GLD,2026-09-29,377.91,2026-10-07,P,388.0,11.45,12.05,10.56,3.0,1,0.23444369079589844,True,2026-09-28 18:18:12+00:00,GLD261007P00388000
GLD,2026-09-29,377.91,2026-10-07,P,389.0,12.25,12.9,10.74,3.0,2,0.23841093627929685,True,2026-09-28 16:27:20+00:00,GLD261007P00389000
GLD,2026-09-29,377.91,2026-10-07,P,390.0,13.1,13.7,13.72,2.0,10,0.23871610900878903,True,2026-09-28 14:56:50+00:00,GLD261007P00390000
GLD,2026-09-29,377.91,2026-10-07,P,391.0,13.9,14.55,13.94,2.0,3,0.24097438720703124,True,2026-09-25 14:03:15+00:00,GLD261007P00391000
GLD,2026-09-29,377.91,2026-10-07,P,392.0,14.8,15.45,4.5,5.0,21,0.2456130126953125,True,2026-09-25 18:10:10+00:00,GLD261007P00392000
GLD,2026-09-29,377.91,2026-10-07,P,393.0,15.7,16.35,14.69,2.0,1,0.24964129272460936,True,2026-09-28 18:18:12+00:00,GLD261007P00393000
GLD,2026-09-29,377.91,2026-10-07,P,394.0,16.6,17.25,6.67,1.0,1,0.252937158203125,True,2026-09-25 14:10:34+00:00,GLD261007P00394000
GLD,2026-09-29,377.91,2026-10-07,P,395.0,17.55,18.2,15.2,1.0,25,0.2594068200683594,True,2026-09-28 13:42:58+00:00,GLD261007P00395000
GLD,2026-09-29,377.91,2026-10-07,P,396.0,18.45,19.1,8.1,,4,0.2616040637207031,True,2026-09-24 14:17:54+00:00,GLD261007P00396000
GLD,2026-09-29,377.91,2026-10-07,P,397.0,19.4,20.05,6.55,9.0,9,0.2672192419433594,True,2026-09-25 16:07:16+00:00,GLD261007P00397000
GLD,2026-09-29,377.91,2026-10-07,P,398.0,20.35,21.0,8.9,,1,0.27246821289062495,True,2026-09-24 18:26:26+00:00,GLD261007P00398000
GLD,2026-09-29,377.91,2026-10-07,P,399.0,19.95,21.95,9.75,,1,0.27735097656249996,True,2026-09-24 18:25:18+00:00,GLD261007P00399000
GLD,2026-09-29,377.91,2026-10-07,P,400.0,20.9,22.9,9.14,3.0,4,0.28174546386718746,True,2026-09-25 16:20:46+00:00,GLD261007P00400000
GLD,2026-09-29,377.91,2026-10-07,P,401.0,22.9,23.9,21.87,2.0,3,0.29077857666015616,True,2026-09-28 14:35:41+00:00,GLD261007P00401000
GLD,2026-09-29,377.91,2026-10-07,P,402.0,22.8,24.9,12.0,,3,0.2995675512695312,True,2026-09-24 18:25:18+00:00,GLD261007P00402000
GLD,2026-09-29,377.91,2026-10-07,P,403.0,24.7,26.35,25.11,1.0,1,0.34839518798828123,True,2026-09-28 15:36:35+00:00,GLD261007P00403000
GLD,2026-09-29,377.91,2026-10-07,P,405.0,25.75,27.8,12.96,,5,0.31519239501953117,True,2026-09-23 15:14:33+00:00,GLD261007P00405000
GLD,2026-09-29,377.91,2026-10-07,P,406.0,27.25,28.75,15.29,,2,0.3178779150390625,True,2026-09-24 18:38:37+00:00,GLD261007P00406000
GLD,2026-09-29,377.91,2026-10-07,P,410.0,31.65,32.7,32.15,25.0,25,0.34400070068359373,True,2026-09-28 15:35:28+00:00,GLD261007P00410000
GLD,2026-09-29,377.91,2026-10-07,P,411.0,31.65,33.75,18.0,1.0,1,0.35816071533203125,True,2026-09-25 19:37:02+00:00,GLD261007P00411000
GLD,2026-09-29,377.91,2026-10-07,P,412.0,33.7,34.7,34.43,2.0,2,0.35962554443359374,True,2026-09-28 15:07:14+00:00,GLD261007P00412000
GLD,2026-09-29,377.91,2026-10-07,P,413.0,33.65,35.75,19.27,1.0,1,0.37402969726562496,True,2026-09-25 16:03:45+00:00,GLD261007P00413000
GLD,2026-09-29,377.91,2026-10-07,P,414.0,35.55,36.7,36.08,2.0,3,0.37525038818359374,True,2026-09-28 15:20:43+00:00,GLD261007P00414000
GLD,2026-09-29,377.91,2026-10-07,P,418.0,38.65,40.75,24.28,1.0,1,0.41235939208984373,True,2026-09-25 16:03:45+00:00,GLD261007P00418000
GLD,2026-09-29,377.91,2026-10-08,C,383.0,3.35,3.6,10.45,,20,0.23059851440429688,False,2026-09-24 16:14:57+00:00,GLD261008C00383000
GLD,2026-09-29,377.91,2026-10-08,C,387.0,2.19,2.39,2.54,29.0,3,0.231452998046875,False,2026-09-28 17:11:24+00:00,GLD261008C00387000
GLD,2026-09-29,377.91,2026-10-08,C,389.0,1.74,1.94,2.15,7.0,1,0.23303989624023438,False,2026-09-28 16:35:28+00:00,GLD261008C00389000
GLD,2026-09-29,377.91,2026-10-08,C,390.0,1.58,1.73,1.86,130.0,1,0.23303989624023438,False,2026-09-28 19:23:45+00:00,GLD261008C00390000
GLD,2026-09-29,377.91,2026-10-08,C,391.0,1.39,1.57,1.96,3.0,1,0.23499300170898438,False,2026-09-28 13:47:19+00:00,GLD261008C00391000
GLD,2026-09-29,377.91,2026-10-08,C,392.0,1.24,1.41,1.83,2.0,7,0.23596955444335935,False,2026-09-25 14:51:56+00:00,GLD261008C00392000
GLD,2026-09-29,377.91,2026-10-08,C,393.0,1.11,1.26,1.64,2.0,7,0.23670196899414062,False,2026-09-25 18:52:11+00:00,GLD261008C00393000
GLD,2026-09-29,377.91,2026-10-08,C,394.0,1.0,1.15,5.35,131.0,113,0.23926541992187497,False,2026-09-25 17:07:28+00:00,GLD261008C00394000
GLD,2026-09-29,377.91,2026-10-08,C,395.0,0.89,1.04,1.05,9.0,10,0.24097438720703124,False,2026-09-28 18:34:40+00:00,GLD261008C00395000
GLD,2026-09-29,377.91,2026-10-08,C,397.0,0.71,0.83,4.13,2.0,1,0.2430495617675781,False,2026-09-25 16:00:57+00:00,GLD261008C00397000
GLD,2026-09-29,377.91,2026-10-08,C,398.0,0.64,0.83,0.78,6.0,7,0.25171646728515623,False,2026-09-28 18:04:04+00:00,GLD261008C00398000
GLD,2026-09-29,377.91,2026-10-08,C,399.0,0.57,0.76,0.68,5.0,12,0.25440198730468755,False,2026-09-28 18:04:04+00:00,GLD261008C00399000
GLD,2026-09-29,377.91,2026-10-08,C,400.0,0.52,0.64,0.65,14.0,26,0.2514723291015625,False,2026-09-28 19:51:10+00:00,GLD261008C00400000
GLD,2026-09-29,377.91,2026-10-08,C,401.0,0.46,0.65,2.9,13.0,8,0.26050544189453123,False,2026-09-25 19:14:33+00:00,GLD261008C00401000
GLD,2026-09-29,377.91,2026-10-08,C,402.0,0.41,0.71,2.61,10.0,5,0.27466545654296876,False,2026-09-25 19:14:33+00:00,GLD261008C00402000
GLD,2026-09-29,377.91,2026-10-08,C,404.0,0.34,0.48,0.57,3.0,5,0.26538820556640624,False,2026-09-28 15:40:28+00:00,GLD261008C00404000
GLD,2026-09-29,377.91,2026-10-08,C,405.0,0.31,0.48,0.43,3.0,28,0.27295648925781246,False,2026-09-25 19:14:33+00:00,GLD261008C00405000
GLD,2026-09-29,377.91,2026-10-08,C,406.0,0.28,0.43,0.37,1.0,2,0.27368890380859373,False,2026-09-28 16:57:01+00:00,GLD261008C00406000
GLD,2026-09-29,377.91,2026-10-08,C,407.0,0.26,0.47,0.42,3.0,4,0.2863840893554687,False,2026-09-28 13:57:24+00:00,GLD261008C00407000
GLD,2026-09-29,377.91,2026-10-08,C,410.0,0.21,0.27,0.27,38.0,9,0.27637442382812494,False,2026-09-28 19:49:36+00:00,GLD261008C00410000
GLD,2026-09-29,377.91,2026-10-08,P,370.0,2.45,2.63,2.11,30.0,16,0.23242955078125,False,2026-09-28 17:44:35+00:00,GLD261008P00370000
GLD,2026-09-29,377.91,2026-10-08,P,376.0,4.4,4.65,4.45,89.0,1,0.22315229980468748,False,2026-09-28 16:06:38+00:00,GLD261008P00376000
GLD,2026-09-29,377.91,2026-10-08,P,378.0,5.3,5.6,4.7,31.0,7,0.22260298889160152,True,2026-09-28 17:47:57+00:00,GLD261008P00378000
GLD,2026-09-29,377.91,2026-10-08,P,379.0,5.8,6.1,5.05,14.0,1,0.22162643615722655,True,2026-09-28 14:09:33+00:00,GLD261008P00379000
GLD,2026-09-29,377.91,2026-10-08,P,380.0,6.35,6.6,5.8,25.0,1,0.21949022705078125,True,2026-09-28 19:02:25+00:00,GLD261008P00380000
GLD,2026-09-29,377.91,2026-10-08,P,381.0,6.9,7.2,1.66,2.0,1,0.22022264160156246,True,2026-09-25 13:31:28+00:00,GLD261008P00381000
GLD,2026-09-29,377.91,2026-10-08,P,382.0,7.5,7.9,7.05,9.0,17,0.22400678344726557,True,2026-09-28 19:32:54+00:00,GLD261008P00382000
GLD,2026-09-29,377.91,2026-10-08,P,383.0,8.1,8.65,1.78,68.0,46,0.22888954711914064,True,2026-09-25 19:34:18+00:00,GLD261008P00383000
GLD,2026-09-29,377.91,2026-10-08,P,384.0,8.8,9.35,2.31,2.0,3,0.23072058349609376,True,2026-09-25 13:31:28+00:00,GLD261008P00384000
GLD,2026-09-29,377.91,2026-10-08,P,385.0,9.45,9.95,9.79,17.0,16,0.22711954528808592,True,2026-09-28 20:11:07+00:00,GLD261008P00385000
GLD,2026-09-29,377.91,2026-10-08,P,386.0,10.2,10.75,2.87,2.0,6,0.23139196350097657,True,2026-09-25 13:31:28+00:00,GLD261008P00386000
GLD,2026-09-29,377.91,2026-10-08,P,387.0,10.9,11.55,10.05,1.0,1,0.2348709326171875,True,2026-09-28 18:18:12+00:00,GLD261008P00387000
GLD,2026-09-29,377.91,2026-10-08,P,388.0,11.7,12.3,10.01,1.0,2,0.23499300170898438,True,2026-09-28 13:43:48+00:00,GLD261008P00388000
GLD,2026-09-29,377.91,2026-10-08,P,389.0,12.45,13.1,3.94,2.0,1,0.23670196899414062,True,2026-09-25 13:31:28+00:00,GLD261008P00389000
GLD,2026-09-29,377.91,2026-10-08,P,390.0,13.3,13.9,12.25,12.0,1206,0.2375564526367187,True,2026-09-28 18:10:38+00:00,GLD261008P00390000
GLD,2026-09-29,377.91,2026-10-08,P,391.0,14.1,14.75,13.07,1.0,169,0.24024197265624997,True,2026-09-28 18:10:38+00:00,GLD261008P00391000
GLD,2026-09-29,377.91,2026-10-08,P,392.0,14.95,15.6,15.13,11.0,1212,0.2420730090332031,True,2026-09-28 15:24:31+00:00,GLD261008P00392000
GLD,2026-09-29,377.91,2026-10-08,P,393.0,15.8,16.5,14.85,1.0,1,0.24634542724609376,True,2026-09-28 18:18:12+00:00,GLD261008P00393000
GLD,2026-09-29,377.91,2026-10-08,P,395.0,17.6,18.25,18.07,2.0,1,0.24964129272460936,True,2026-09-28 15:03:54+00:00,GLD261008P00395000
GLD,2026-09-29,377.91,2026-10-08,P,399.0,21.3,22.0,10.95,,1,0.26734131103515624,True,2026-09-24 14:55:58+00:00,GLD261008P00399000
GLD,2026-09-29,377.91,2026-10-08,P,400.0,21.95,22.95,19.51,2.0,4,0.27173579833984374,True,2026-09-28 13:52:15+00:00,GLD261008P00400000
