symbol,snapshot_date,spot,expiry,right,strike,bid,ask,last_price,volume,open_interest,implied_vol,in_the_money,last_trade_date,contract_symbol
GLD,2026-10-03,380.14,2026-10-05,C,377.0,3.45,4.15,3.9,67.0,33,0.16346051391601565,True,2026-10-02 19:30:24+00:00,GLD261005C00377000
GLD,2026-10-03,380.14,2026-10-05,C,380.0,1.79,1.87,1.8,1547.0,278,0.13086806640624998,True,2026-10-02 20:14:18+00:00,GLD261005C00380000
GLD,2026-10-03,380.14,2026-10-05,C,381.0,1.35,1.39,1.38,3052.0,169,0.129891513671875,False,2026-10-02 20:12:24+00:00,GLD261005C00381000
GLD,2026-10-03,380.14,2026-10-05,C,383.0,0.71,0.76,0.74,1509.0,187,0.13391979370117188,False,2026-10-02 20:14:57+00:00,GLD261005C00383000
GLD,2026-10-03,380.14,2026-10-05,C,384.0,0.51,0.54,0.53,2053.0,90,0.13526255371093754,False,2026-10-02 20:14:50+00:00,GLD261005C00384000
GLD,2026-10-03,380.14,2026-10-05,C,385.0,0.36,0.39,0.35,1723.0,220,0.13843635009765626,False,2026-10-02 20:14:52+00:00,GLD261005C00385000
GLD,2026-10-03,380.14,2026-10-05,C,387.0,0.19,0.2,0.2,753.0,192,0.1445398046875,False,2026-10-02 20:14:55+00:00,GLD261005C00387000
GLD,2026-10-03,380.14,2026-10-05,C,388.0,0.12,0.17,0.15,200.0,193,0.15406119384765626,False,2026-10-02 20:01:20+00:00,GLD261005C00388000
GLD,2026-10-03,380.14,2026-10-05,C,389.0,0.09,0.11,0.1,104.0,290,0.1538170556640625,False,2026-10-02 20:10:21+00:00,GLD261005C00389000
GLD,2026-10-03,380.14,2026-10-05,C,390.0,0.07,0.09,0.07,1626.0,755,0.161141201171875,False,2026-10-02 20:14:52+00:00,GLD261005C00390000
GLD,2026-10-03,380.14,2026-10-05,C,391.0,0.05,0.08,0.07,148.0,75,0.17041845214843754,False,2026-10-02 16:58:19+00:00,GLD261005C00391000
GLD,2026-10-03,380.14,2026-10-05,C,392.0,0.04,0.07,0.07,135.0,140,0.178719150390625,False,2026-10-02 19:59:55+00:00,GLD261005C00392000
GLD,2026-10-03,380.14,2026-10-05,C,393.0,0.04,0.05,0.04,226.0,134,0.180672255859375,False,2026-10-02 20:10:52+00:00,GLD261005C00393000
GLD,2026-10-03,380.14,2026-10-05,C,394.0,0.02,0.08,0.04,11.0,304,0.20801573242187496,False,2026-10-02 17:32:48+00:00,GLD261005C00394000
GLD,2026-10-03,380.14,2026-10-05,C,395.0,0.02,0.04,0.04,244.0,1325,0.19727365234375,False,2026-10-02 20:14:52+00:00,GLD261005C00395000
GLD,2026-10-03,380.14,2026-10-05,C,396.0,0.01,0.04,0.04,8.0,57,0.20899228515624996,False,2026-10-02 16:21:55+00:00,GLD261005C00396000
GLD,2026-10-03,380.14,2026-10-05,C,397.0,0.01,0.03,0.01,23.0,148,0.21094539062499998,False,2026-10-02 20:05:50+00:00,GLD261005C00397000
GLD,2026-10-03,380.14,2026-10-05,C,398.0,0.01,0.02,0.01,26.0,168,0.21094539062499998,False,2026-10-02 19:55:43+00:00,GLD261005C00398000
GLD,2026-10-03,380.14,2026-10-05,C,399.0,0.01,0.03,0.01,27.0,63,0.23242955078125,False,2026-10-02 20:07:44+00:00,GLD261005C00399000
GLD,2026-10-03,380.14,2026-10-05,C,400.0,0.01,0.03,0.01,184.0,1100,0.242195078125,False,2026-10-02 19:44:54+00:00,GLD261005C00400000
GLD,2026-10-03,380.14,2026-10-05,C,401.0,0.01,0.02,0.02,24.0,122,0.24024197265624997,False,2026-10-02 20:12:49+00:00,GLD261005C00401000
GLD,2026-10-03,380.14,2026-10-05,C,402.0,0.0,0.03,0.02,2.0,667,0.26367923828125,False,2026-10-02 16:08:15+00:00,GLD261005C00402000
GLD,2026-10-03,380.14,2026-10-05,C,403.0,0.0,0.02,0.01,9.0,45,0.2617261328125,False,2026-10-02 14:46:03+00:00,GLD261005C00403000
GLD,2026-10-03,380.14,2026-10-05,C,404.0,0.0,0.02,0.02,1.0,41,0.2695385546875,False,2026-10-01 15:31:08+00:00,GLD261005C00404000
GLD,2026-10-03,380.14,2026-10-05,C,405.0,0.0,0.02,0.01,15.0,1896,0.27930408203124996,False,2026-10-02 16:01:47+00:00,GLD261005C00405000
GLD,2026-10-03,380.14,2026-10-05,C,406.0,0.0,0.01,0.01,7.0,224,0.26563234375,False,2026-10-02 18:49:42+00:00,GLD261005C00406000
GLD,2026-10-03,380.14,2026-10-05,C,407.0,0.0,0.02,0.02,19.0,47,0.29883513671874995,False,2026-10-02 17:34:29+00:00,GLD261005C00407000
GLD,2026-10-03,380.14,2026-10-05,C,408.0,0.0,0.02,0.02,15.0,47,0.3086006640625,False,2026-10-02 13:32:03+00:00,GLD261005C00408000
GLD,2026-10-03,380.14,2026-10-05,C,409.0,0.0,0.03,0.01,2.0,57,0.3320379296875,False,2026-10-02 14:26:32+00:00,GLD261005C00409000
GLD,2026-10-03,380.14,2026-10-05,C,410.0,0.0,0.02,0.01,109.0,528,0.32813171874999997,False,2026-10-02 18:13:08+00:00,GLD261005C00410000
GLD,2026-10-03,380.14,2026-10-05,C,411.0,0.0,0.02,0.01,24.0,81,0.335944140625,False,2026-10-02 18:13:09+00:00,GLD261005C00411000
GLD,2026-10-03,380.14,2026-10-05,C,412.0,0.0,0.12,0.06,1.0,20,0.43555251953125,False,2026-10-01 15:26:20+00:00,GLD261005C00412000
GLD,2026-10-03,380.14,2026-10-05,C,413.0,0.0,0.02,0.01,18.0,35,0.35547519531249994,False,2026-10-02 18:13:05+00:00,GLD261005C00413000
GLD,2026-10-03,380.14,2026-10-05,C,414.0,0.0,0.03,0.11,1.0,20,0.38086556640624997,False,2026-10-01 14:30:51+00:00,GLD261005C00414000
GLD,2026-10-03,380.14,2026-10-05,C,415.0,0.0,0.03,0.03,3.0,17,0.39063109375,False,2026-10-01 18:54:07+00:00,GLD261005C00415000
GLD,2026-10-03,380.14,2026-10-05,C,416.0,0.0,0.02,0.01,7.0,55,0.38281867187499996,False,2026-10-02 14:06:51+00:00,GLD261005C00416000
GLD,2026-10-03,380.14,2026-10-05,C,418.0,0.0,0.23,0.03,4.0,4,0.5556685058593751,False,2026-10-01 18:53:37+00:00,GLD261005C00418000
GLD,2026-10-03,380.14,2026-10-05,C,420.0,0.0,0.01,0.01,2.0,83,0.39063109375,False,2026-10-02 20:01:56+00:00,GLD261005C00420000
GLD,2026-10-03,380.14,2026-10-05,C,421.0,0.0,0.01,0.06,2.0,8,0.398443515625,False,2026-10-01 13:40:56+00:00,GLD261005C00421000
GLD,2026-10-03,380.14,2026-10-05,C,422.0,0.0,0.2,0.09,4.0,7,0.5293015820312501,False,2026-10-01 14:33:21+00:00,GLD261005C00422000
GLD,2026-10-03,380.14,2026-10-05,C,423.0,0.0,0.2,0.06,2.0,6,0.5390671093750001,False,2026-10-01 13:40:19+00:00,GLD261005C00423000
GLD,2026-10-03,380.14,2026-10-05,C,425.0,0.0,0.06,0.12,1.0,6,0.523442265625,False,2026-10-02 14:55:26+00:00,GLD261005C00425000
GLD,2026-10-03,380.14,2026-10-05,C,426.0,0.0,0.21,0.08,1.0,6,0.5742230078125,False,2026-10-02 14:55:26+00:00,GLD261005C00426000
GLD,2026-10-03,380.14,2026-10-05,C,428.0,0.0,0.02,0.01,4.0,6,0.48828636718750007,False,2026-10-01 20:12:25+00:00,GLD261005C00428000
GLD,2026-10-03,380.14,2026-10-05,C,429.0,0.0,0.05,0.01,45.0,52,0.507817421875,False,2026-09-30 17:47:15+00:00,GLD261005C00429000
GLD,2026-10-03,380.14,2026-10-05,C,430.0,0.0,0.02,0.04,102.0,61,0.5039112109375,False,2026-09-30 13:49:30+00:00,GLD261005C00430000
GLD,2026-10-03,380.14,2026-10-05,C,435.0,0.0,0.06,0.01,5.0,6,0.570316796875,False,2026-09-30 13:38:26+00:00,GLD261005C00435000
GLD,2026-10-03,380.14,2026-10-05,C,445.0,0.0,0.07,0.02,1.0,5,0.6640658593750002,False,2026-09-29 16:52:24+00:00,GLD261005C00445000
GLD,2026-10-03,380.14,2026-10-05,C,450.0,0.0,0.1,0.11,1.0,3,0.73437765625,False,2026-09-25 13:45:34+00:00,GLD261005C00450000
GLD,2026-10-03,380.14,2026-10-05,C,455.0,0.0,0.18,0.1,1.0,102,0.8320329296874999,False,2026-09-28 14:17:23+00:00,GLD261005C00455000
GLD,2026-10-03,380.14,2026-10-05,C,460.0,0.0,0.17,0.03,2.0,3,0.8710950390625,False,2026-09-25 13:46:42+00:00,GLD261005C00460000
GLD,2026-10-03,380.14,2026-10-05,C,465.0,0.0,0.17,0.09,,1,0.91211025390625,False,2026-09-22 14:19:06+00:00,GLD261005C00465000
GLD,2026-10-03,380.14,2026-10-05,C,470.0,0.0,0.17,0.04,,1,0.95507857421875,False,2026-09-24 16:45:24+00:00,GLD261005C00470000
GLD,2026-10-03,380.14,2026-10-05,C,475.0,0.0,0.01,0.09,2.0,3,0.7500025,False,2026-09-25 13:46:38+00:00,GLD261005C00475000
GLD,2026-10-03,380.14,2026-10-05,C,480.0,0.0,0.02,0.08,3.0,7,0.8437515624999999,False,2026-09-25 17:49:48+00:00,GLD261005C00480000
GLD,2026-10-03,380.14,2026-10-05,C,485.0,0.0,0.15,0.06,2.0,2,1.0625046875000002,False,2026-09-24 14:31:43+00:00,GLD261005C00485000
GLD,2026-10-03,380.14,2026-10-05,C,490.0,0.0,0.14,0.05,6.0,7,1.09375453125,False,2026-09-25 18:43:04+00:00,GLD261005C00490000
GLD,2026-10-03,380.14,2026-10-05,C,495.0,0.0,0.02,0.09,1.0,3,0.937500625,False,2026-09-25 16:04:00+00:00,GLD261005C00495000
GLD,2026-10-03,380.14,2026-10-05,C,500.0,0.0,0.03,0.09,4.0,4,1.0078174609375,False,2026-09-24 14:32:52+00:00,GLD261005C00500000
GLD,2026-10-03,380.14,2026-10-05,C,505.0,0.0,0.13,0.1,,1,1.1953165234375,False,2026-09-22 14:19:51+00:00,GLD261005C00505000
GLD,2026-10-03,380.14,2026-10-05,C,510.0,0.0,0.06,0.03,,1,1.140629296875,False,2026-09-22 18:59:09+00:00,GLD261005C00510000
GLD,2026-10-03,380.14,2026-10-05,P,285.0,0.0,0.09,0.04,2.0,3,1.19922275390625,False,2026-09-28 19:29:10+00:00,GLD261005P00285000
GLD,2026-10-03,380.14,2026-10-05,P,290.0,0.0,0.05,0.03,2.0,6,1.0703171484375003,False,2026-09-28 19:56:14+00:00,GLD261005P00290000
GLD,2026-10-03,380.14,2026-10-05,P,295.0,0.0,0.09,0.08,1.0,5,1.0703171484375003,False,2026-09-28 16:44:48+00:00,GLD261005P00295000
GLD,2026-10-03,380.14,2026-10-05,P,300.0,0.0,0.12,0.02,10.0,29,1.0351610742187503,False,2026-09-30 13:46:12+00:00,GLD261005P00300000
GLD,2026-10-03,380.14,2026-10-05,P,305.0,0.0,0.13,0.1,1.0,4,0.9804689453125001,False,2026-09-28 14:54:29+00:00,GLD261005P00305000
GLD,2026-10-03,380.14,2026-10-05,P,310.0,0.0,0.02,0.02,1.0,4,0.7578149218750001,False,2026-10-02 15:04:43+00:00,GLD261005P00310000
GLD,2026-10-03,380.14,2026-10-05,P,315.0,0.0,0.05,0.08,3.0,4,0.7656273437500001,False,2026-09-25 13:59:38+00:00,GLD261005P00315000
GLD,2026-10-03,380.14,2026-10-05,P,320.0,0.0,0.15,0.02,10.0,15,0.8007832421875,False,2026-09-30 19:17:59+00:00,GLD261005P00320000
GLD,2026-10-03,380.14,2026-10-05,P,325.0,0.0,0.16,0.03,3.0,13,0.7421900781249999,False,2026-09-30 14:29:01+00:00,GLD261005P00325000
GLD,2026-10-03,380.14,2026-10-05,P,330.0,0.0,0.17,0.03,10.0,27,0.6835969140625001,False,2026-09-30 14:29:21+00:00,GLD261005P00330000
GLD,2026-10-03,380.14,2026-10-05,P,335.0,0.0,0.03,0.01,11.0,14,0.507817421875,False,2026-10-01 14:00:59+00:00,GLD261005P00335000
GLD,2026-10-03,380.14,2026-10-05,P,340.0,0.0,0.01,0.01,1.0,12,0.437505625,False,2026-10-02 15:41:23+00:00,GLD261005P00340000
GLD,2026-10-03,380.14,2026-10-05,P,345.0,0.0,0.01,0.01,2.0,20,0.38281867187499996,False,2026-10-02 15:32:26+00:00,GLD261005P00345000
GLD,2026-10-03,380.14,2026-10-05,P,350.0,0.0,0.01,0.01,51.0,140,0.3320379296875,False,2026-10-02 18:06:30+00:00,GLD261005P00350000
GLD,2026-10-03,380.14,2026-10-05,P,355.0,0.0,0.01,0.01,134.0,49,0.28125718749999995,False,2026-10-02 18:49:21+00:00,GLD261005P00355000
GLD,2026-10-03,380.14,2026-10-05,P,360.0,0.01,0.02,0.01,736.0,329,0.2461012890625,False,2026-10-02 20:10:49+00:00,GLD261005P00360000
GLD,2026-10-03,380.14,2026-10-05,P,365.0,0.03,0.04,0.03,657.0,1380,0.20899228515624996,False,2026-10-02 20:13:56+00:00,GLD261005P00365000
GLD,2026-10-03,380.14,2026-10-05,P,370.0,0.11,0.13,0.11,1651.0,205,0.18164880859375,False,2026-10-02 20:14:18+00:00,GLD261005P00370000
GLD,2026-10-03,380.14,2026-10-05,P,375.0,0.47,0.51,0.5,2278.0,1062,0.1596763720703125,False,2026-10-02 20:14:13+00:00,GLD261005P00375000
GLD,2026-10-03,380.14,2026-10-05,P,376.0,0.64,0.69,0.67,550.0,599,0.1577232666015625,False,2026-10-02 20:14:31+00:00,GLD261005P00376000
GLD,2026-10-03,380.14,2026-10-05,P,377.0,0.86,0.91,0.9,2736.0,405,0.15479360839843753,False,2026-10-02 20:13:59+00:00,GLD261005P00377000
GLD,2026-10-03,380.14,2026-10-05,P,378.0,1.15,1.21,1.14,682.0,299,0.1538170556640625,False,2026-10-02 20:14:53+00:00,GLD261005P00378000
GLD,2026-10-03,380.14,2026-10-05,P,379.0,1.51,1.59,1.56,1120.0,108,0.1538170556640625,False,2026-10-02 20:13:17+00:00,GLD261005P00379000
GLD,2026-10-03,380.14,2026-10-05,P,380.0,1.96,2.05,2.01,803.0,540,0.15418326293945314,False,2026-10-02 20:14:47+00:00,GLD261005P00380000
GLD,2026-10-03,380.14,2026-10-05,P,381.0,2.49,2.8,2.47,733.0,92,0.17041845214843754,True,2026-10-02 20:07:26+00:00,GLD261005P00381000
GLD,2026-10-03,380.14,2026-10-05,P,382.0,3.1,3.45,3.05,264.0,212,0.17456880126953128,True,2026-10-02 19:59:41+00:00,GLD261005P00382000
GLD,2026-10-03,380.14,2026-10-05,P,383.0,3.8,4.25,3.9,90.0,60,0.18628743408203124,True,2026-10-02 19:57:36+00:00,GLD261005P00383000
GLD,2026-10-03,380.14,2026-10-05,P,384.0,4.6,5.0,4.42,75.0,44,0.19043778320312502,True,2026-10-02 19:33:28+00:00,GLD261005P00384000
GLD,2026-10-03,380.14,2026-10-05,P,385.0,5.45,5.8,5.55,230.0,113,0.195320546875,True,2026-10-02 20:13:59+00:00,GLD261005P00385000
GLD,2026-10-03,380.14,2026-10-05,P,386.0,6.35,6.85,6.05,27.0,41,0.22168747070312497,True,2026-10-02 19:29:13+00:00,GLD261005P00386000
GLD,2026-10-03,380.14,2026-10-05,P,387.0,7.25,7.85,7.55,11.0,51,0.2425612854003906,True,2026-10-02 19:52:34+00:00,GLD261005P00387000
GLD,2026-10-03,380.14,2026-10-05,P,388.0,8.2,8.95,8.37,18.0,43,0.27307855834960937,True,2026-10-02 18:47:59+00:00,GLD261005P00388000
GLD,2026-10-03,380.14,2026-10-05,P,389.0,9.15,9.9,9.92,7.0,75,0.28784891845703114,True,2026-10-02 18:08:30+00:00,GLD261005P00389000
GLD,2026-10-03,380.14,2026-10-05,P,390.0,10.15,10.85,9.94,73.0,171,0.301764794921875,True,2026-10-02 19:24:02+00:00,GLD261005P00390000
GLD,2026-10-03,380.14,2026-10-05,P,391.0,11.1,12.0,11.5,8.0,140,0.33740896972656254,True,2026-10-02 18:44:34+00:00,GLD261005P00391000
GLD,2026-10-03,380.14,2026-10-05,P,392.0,12.1,13.0,12.07,6.0,65,0.35645174804687496,True,2026-10-02 19:42:33+00:00,GLD261005P00392000
GLD,2026-10-03,380.14,2026-10-05,P,393.0,13.1,13.65,13.27,26.0,48,0.3320379296875,True,2026-10-02 15:18:55+00:00,GLD261005P00393000
GLD,2026-10-03,380.14,2026-10-05,P,394.0,14.1,15.0,9.73,10.0,75,0.39331661376953125,True,2026-10-01 18:01:43+00:00,GLD261005P00394000
GLD,2026-10-03,380.14,2026-10-05,P,395.0,15.1,16.0,14.88,2.0,46,0.41138283935546877,True,2026-10-02 19:40:33+00:00,GLD261005P00395000
GLD,2026-10-03,380.14,2026-10-05,P,396.0,16.1,16.95,15.88,3.0,16,0.422857333984375,True,2026-10-02 19:28:14+00:00,GLD261005P00396000
GLD,2026-10-03,380.14,2026-10-05,P,397.0,17.1,18.0,16.07,1.0,18,0.44653873779296877,True,2026-09-30 17:05:44+00:00,GLD261005P00397000
GLD,2026-10-03,380.14,2026-10-05,P,398.0,18.1,19.0,13.95,1.0,5,0.463872548828125,True,2026-10-02 13:52:16+00:00,GLD261005P00398000
GLD,2026-10-03,380.14,2026-10-05,P,399.0,18.7,20.6,16.88,1.0,19,0.5535933312988282,True,2026-09-29 14:21:40+00:00,GLD261005P00399000
GLD,2026-10-03,380.14,2026-10-05,P,400.0,19.5,21.1,18.5,2.0,9,0.5109912182617188,True,2026-10-01 15:50:50+00:00,GLD261005P00400000
GLD,2026-10-03,380.14,2026-10-05,P,401.0,20.6,21.6,20.3,3.0,29,0.45483943603515625,True,2026-10-02 15:03:35+00:00,GLD261005P00401000
GLD,2026-10-03,380.14,2026-10-05,P,402.0,21.6,23.15,22.23,4.0,0,0.5510298803710938,True,2026-10-02 15:17:34+00:00,GLD261005P00402000
GLD,2026-10-03,380.14,2026-10-05,P,403.0,22.55,24.15,23.28,8.0,0,0.5678754150390625,True,2026-10-02 15:24:06+00:00,GLD261005P00403000
GLD,2026-10-03,380.14,2026-10-05,P,405.0,24.55,26.1,25.45,2.0,0,0.5935099243164064,True,2026-10-01 15:04:47+00:00,GLD261005P00405000
GLD,2026-10-03,380.14,2026-10-05,P,407.0,26.55,28.05,27.68,2.0,0,0.6181678808593751,True,2026-10-02 15:27:08+00:00,GLD261005P00407000
GLD,2026-10-03,380.14,2026-10-05,P,408.0,27.55,29.6,26.16,2.0,0,0.5546919531250001,True,2026-10-01 17:07:00+00:00,GLD261005P00408000
GLD,2026-10-03,380.14,2026-10-05,P,409.0,28.6,30.15,29.78,2.0,0,0.5273484765625001,True,2026-10-02 15:27:20+00:00,GLD261005P00409000
GLD,2026-10-03,380.14,2026-10-05,P,410.0,29.6,31.05,30.78,2.0,0,0.5293015820312501,True,2026-10-02 15:27:20+00:00,GLD261005P00410000
GLD,2026-10-03,380.14,2026-10-05,P,411.0,30.55,32.2,28.0,2.0,0,0.5542036767578126,True,2026-10-02 14:43:27+00:00,GLD261005P00411000
GLD,2026-10-03,380.14,2026-10-05,P,415.0,34.5,36.3,35.6,12.0,0,0.6132851171875001,True,2026-10-02 17:06:10+00:00,GLD261005P00415000
GLD,2026-10-03,380.14,2026-10-05,P,416.0,35.6,37.05,36.6,16.0,0,0.6074258007812501,True,2026-10-02 17:06:10+00:00,GLD261005P00416000
GLD,2026-10-03,380.14,2026-10-05,P,418.0,37.45,39.05,38.72,8.0,0,0.6113320117187502,True,2026-10-02 16:24:52+00:00,GLD261005P00418000
GLD,2026-10-03,380.14,2026-10-05,P,425.0,44.6,46.05,32.93,,0,0.7187528125,True,2026-09-24 19:58:35+00:00,GLD261005P00425000
GLD,2026-10-03,380.14,2026-10-06,C,375.0,5.4,5.9,5.45,44.0,23,0.16138533935546873,True,2026-10-02 17:02:39+00:00,GLD261006C00375000
GLD,2026-10-03,380.14,2026-10-06,C,376.0,4.65,5.1,5.05,4.0,3,0.15857775024414064,True,2026-10-02 15:27:06+00:00,GLD261006C00376000
GLD,2026-10-03,380.14,2026-10-06,C,381.0,1.91,1.98,2.02,92.0,104,0.1500329138183594,False,2026-10-02 20:07:05+00:00,GLD261006C00381000
GLD,2026-10-03,380.14,2026-10-06,C,384.0,0.86,0.98,0.95,329.0,45,0.15284050292968754,False,2026-10-02 20:09:49+00:00,GLD261006C00384000
GLD,2026-10-03,380.14,2026-10-06,C,385.0,0.71,0.76,0.73,315.0,204,0.15430533203125002,False,2026-10-02 20:14:59+00:00,GLD261006C00385000
GLD,2026-10-03,380.14,2026-10-06,C,387.0,0.4,0.47,0.43,151.0,107,0.16004257934570312,False,2026-10-02 20:12:13+00:00,GLD261006C00387000
GLD,2026-10-03,380.14,2026-10-06,C,388.0,0.32,0.36,0.3,421.0,552,0.16187361572265624,False,2026-10-02 20:12:32+00:00,GLD261006C00388000
GLD,2026-10-03,380.14,2026-10-06,C,389.0,0.24,0.29,0.29,156.0,37,0.1662681030273438,False,2026-10-02 20:12:32+00:00,GLD261006C00389000
GLD,2026-10-03,380.14,2026-10-06,C,390.0,0.2,0.21,0.21,1759.0,102,0.1662681030273438,False,2026-10-02 20:09:28+00:00,GLD261006C00390000
GLD,2026-10-03,380.14,2026-10-06,C,391.0,0.14,0.19,0.16,86.0,44,0.17505707763671874,False,2026-10-02 20:14:22+00:00,GLD261006C00391000
GLD,2026-10-03,380.14,2026-10-06,C,392.0,0.11,0.17,0.15,27.0,372,0.18311363769531247,False,2026-10-02 19:33:20+00:00,GLD261006C00392000
GLD,2026-10-03,380.14,2026-10-06,C,393.0,0.1,0.14,0.13,18.0,18,0.187508125,False,2026-10-02 18:06:08+00:00,GLD261006C00393000
GLD,2026-10-03,380.14,2026-10-06,C,394.0,0.07,0.1,0.1,67.0,56,0.186531572265625,False,2026-10-02 20:14:13+00:00,GLD261006C00394000
GLD,2026-10-03,380.14,2026-10-06,C,395.0,0.06,0.1,0.1,27.0,60,0.1977619287109375,False,2026-10-02 20:14:19+00:00,GLD261006C00395000
GLD,2026-10-03,380.14,2026-10-06,C,396.0,0.05,0.09,0.07,11.0,839,0.20459779785156246,False,2026-10-02 18:04:44+00:00,GLD261006C00396000
GLD,2026-10-03,380.14,2026-10-06,C,397.0,0.04,0.08,0.04,9.0,77,0.21094539062499998,False,2026-10-02 19:50:00+00:00,GLD261006C00397000
GLD,2026-10-03,380.14,2026-10-06,C,398.0,0.04,0.07,0.12,1.0,138,0.21680470703125,False,2026-10-01 20:13:45+00:00,GLD261006C00398000
GLD,2026-10-03,380.14,2026-10-06,C,399.0,0.03,0.08,0.1,2.0,822,0.231452998046875,False,2026-10-02 18:26:51+00:00,GLD261006C00399000
GLD,2026-10-03,380.14,2026-10-06,C,400.0,0.03,0.05,0.04,160.0,439,0.22461712890624996,False,2026-10-02 19:32:19+00:00,GLD261006C00400000
GLD,2026-10-03,380.14,2026-10-06,C,401.0,0.02,0.05,0.04,7.0,11,0.23438265625,False,2026-10-02 18:13:41+00:00,GLD261006C00401000
GLD,2026-10-03,380.14,2026-10-06,C,402.0,0.02,0.04,0.03,76.0,158,0.23633576171874998,False,2026-10-02 19:42:28+00:00,GLD261006C00402000
GLD,2026-10-03,380.14,2026-10-06,C,403.0,0.02,0.04,0.03,4.0,77,0.2461012890625,False,2026-10-02 19:44:28+00:00,GLD261006C00403000
GLD,2026-10-03,380.14,2026-10-06,C,404.0,0.01,0.04,0.02,70.0,17,0.25391371093750004,False,2026-10-02 19:04:19+00:00,GLD261006C00404000
GLD,2026-10-03,380.14,2026-10-06,C,405.0,0.01,0.03,0.02,32.0,87,0.25391371093750004,False,2026-10-02 19:28:56+00:00,GLD261006C00405000
GLD,2026-10-03,380.14,2026-10-06,C,406.0,0.01,0.08,0.05,7.0,215,0.299811689453125,False,2026-10-02 19:03:56+00:00,GLD261006C00406000
GLD,2026-10-03,380.14,2026-10-06,C,407.0,0.01,0.06,0.07,2.0,83,0.29688203124999996,False,2026-10-02 16:59:56+00:00,GLD261006C00407000
GLD,2026-10-03,380.14,2026-10-06,C,408.0,0.01,0.04,0.01,4.0,100,0.2890696093749999,False,2026-10-02 19:03:38+00:00,GLD261006C00408000
GLD,2026-10-03,380.14,2026-10-06,C,409.0,0.01,0.02,0.02,10.0,6,0.27539787109374997,False,2026-10-02 20:08:22+00:00,GLD261006C00409000
GLD,2026-10-03,380.14,2026-10-06,C,410.0,0.01,0.03,0.02,7.0,124,0.29688203124999996,False,2026-10-02 20:08:10+00:00,GLD261006C00410000
GLD,2026-10-03,380.14,2026-10-06,C,411.0,0.0,0.03,0.08,4.0,1,0.304694453125,False,2026-10-02 13:34:09+00:00,GLD261006C00411000
GLD,2026-10-03,380.14,2026-10-06,C,412.0,0.0,0.03,0.02,11.0,3,0.31250687499999996,False,2026-10-02 14:54:16+00:00,GLD261006C00412000
GLD,2026-10-03,380.14,2026-10-06,C,413.0,0.0,0.03,0.02,3.0,503,0.32227240234374993,False,2026-09-30 16:12:25+00:00,GLD261006C00413000
GLD,2026-10-03,380.14,2026-10-06,C,415.0,0.0,0.03,0.08,1.0,4,0.33789724609375,False,2026-09-28 14:58:10+00:00,GLD261006C00415000
GLD,2026-10-03,380.14,2026-10-06,C,420.0,0.0,0.03,0.02,4.0,11,0.3789124609375,False,2026-10-02 16:23:38+00:00,GLD261006C00420000
GLD,2026-10-03,380.14,2026-10-06,C,424.0,0.0,0.12,0.1,1.0,25,0.48828636718750007,False,2026-09-29 14:45:58+00:00,GLD261006C00424000
GLD,2026-10-03,380.14,2026-10-06,C,427.0,0.0,0.1,0.08,2.0,32,0.5019581054687501,False,2026-10-02 17:04:28+00:00,GLD261006C00427000
GLD,2026-10-03,380.14,2026-10-06,C,430.0,0.0,0.07,0.11,1.0,3,0.5039112109375,False,2026-09-30 13:44:18+00:00,GLD261006C00430000
GLD,2026-10-03,380.14,2026-10-06,C,435.0,0.0,0.05,0.05,4.0,6,0.523442265625,False,2026-10-01 14:58:21+00:00,GLD261006C00435000
GLD,2026-10-03,380.14,2026-10-06,C,530.0,0.0,0.07,0.04,,6,1.1171919140625,False,2026-09-24 19:26:49+00:00,GLD261006C00530000
GLD,2026-10-03,380.14,2026-10-06,P,275.0,0.0,0.05,0.04,4.0,5,1.09375453125,False,2026-09-28 19:34:46+00:00,GLD261006P00275000
GLD,2026-10-03,380.14,2026-10-06,P,285.0,0.0,0.06,0.02,10.0,14,0.9960937890625,False,2026-09-29 13:43:54+00:00,GLD261006P00285000
GLD,2026-10-03,380.14,2026-10-06,P,315.0,0.0,0.03,0.03,5.0,9,0.632816171875,False,2026-09-30 13:40:10+00:00,GLD261006P00315000
GLD,2026-10-03,380.14,2026-10-06,P,370.0,0.27,0.29,0.29,758.0,1147,0.188484677734375,False,2026-10-02 20:13:43+00:00,GLD261006P00370000
GLD,2026-10-03,380.14,2026-10-06,P,375.0,0.84,0.92,0.94,83.0,151,0.17517914672851562,False,2026-10-02 20:14:12+00:00,GLD261006P00375000
GLD,2026-10-03,380.14,2026-10-06,P,376.0,1.02,1.16,0.99,21.0,16,0.17408052490234377,False,2026-10-02 20:02:49+00:00,GLD261006P00376000
GLD,2026-10-03,380.14,2026-10-06,P,377.0,1.28,1.44,1.38,198.0,264,0.1724936267089844,False,2026-10-02 19:47:32+00:00,GLD261006P00377000
GLD,2026-10-03,380.14,2026-10-06,P,378.0,1.65,1.72,1.8,126.0,114,0.1676108630371094,False,2026-10-02 20:13:50+00:00,GLD261006P00378000
GLD,2026-10-03,380.14,2026-10-06,P,379.0,2.04,2.12,2.08,268.0,254,0.16724465576171876,False,2026-10-02 20:06:40+00:00,GLD261006P00379000
GLD,2026-10-03,380.14,2026-10-06,P,380.0,2.5,2.59,2.63,391.0,433,0.1676108630371094,False,2026-10-02 20:10:48+00:00,GLD261006P00380000
GLD,2026-10-03,380.14,2026-10-06,P,381.0,2.99,3.2,2.84,94.0,97,0.1729819030761719,True,2026-10-02 19:25:19+00:00,GLD261006P00381000
GLD,2026-10-03,380.14,2026-10-06,P,382.0,3.45,3.95,3.39,45.0,86,0.18384605224609374,True,2026-10-02 19:34:18+00:00,GLD261006P00382000
GLD,2026-10-03,380.14,2026-10-06,P,383.0,4.15,4.65,5.2,21.0,47,0.18860674682617187,True,2026-10-02 17:27:02+00:00,GLD261006P00383000
GLD,2026-10-03,380.14,2026-10-06,P,384.0,4.85,5.4,5.02,40.0,57,0.1939777868652344,True,2026-10-02 20:06:40+00:00,GLD261006P00384000
GLD,2026-10-03,380.14,2026-10-06,P,385.0,5.75,6.2,5.35,28.0,142,0.20032537963867186,True,2026-10-02 14:53:40+00:00,GLD261006P00385000
GLD,2026-10-03,380.14,2026-10-06,P,386.0,6.5,7.0,7.26,2.0,28,0.2043536596679687,True,2026-09-29 16:36:48+00:00,GLD261006P00386000
GLD,2026-10-03,380.14,2026-10-06,P,387.0,7.35,7.85,7.25,9.0,112,0.21009090698242186,True,2026-10-02 19:13:51+00:00,GLD261006P00387000
GLD,2026-10-03,380.14,2026-10-06,P,388.0,8.2,8.85,5.1,1.0,27,0.22754678710937498,True,2026-10-01 14:40:51+00:00,GLD261006P00388000
GLD,2026-10-03,380.14,2026-10-06,P,389.0,9.15,9.8,10.45,1.0,20,0.2399978344726562,True,2026-10-02 16:08:43+00:00,GLD261006P00389000
GLD,2026-10-03,380.14,2026-10-06,P,390.0,10.1,10.75,10.62,3.0,28,0.2515943981933594,True,2026-10-02 15:40:45+00:00,GLD261006P00390000
GLD,2026-10-03,380.14,2026-10-06,P,391.0,11.05,11.7,8.75,1.0,33,0.2624585473632813,True,2026-10-01 19:30:04+00:00,GLD261006P00391000
GLD,2026-10-03,380.14,2026-10-06,P,392.0,12.0,12.7,10.06,2.0,47,0.2779613220214844,True,2026-10-01 18:21:23+00:00,GLD261006P00392000
GLD,2026-10-03,380.14,2026-10-06,P,393.0,13.0,13.65,12.84,24.0,38,0.2876047802734374,True,2026-10-02 19:35:38+00:00,GLD261006P00393000
GLD,2026-10-03,380.14,2026-10-06,P,394.0,13.95,14.65,9.73,10.0,4,0.30249720947265624,True,2026-10-02 13:36:06+00:00,GLD261006P00394000
GLD,2026-10-03,380.14,2026-10-06,P,395.0,14.95,15.65,10.63,1.0,10,0.3171455004882812,True,2026-09-30 19:53:18+00:00,GLD261006P00395000
GLD,2026-10-03,380.14,2026-10-06,P,396.0,15.95,16.65,13.42,2.0,1,0.3315496533203125,True,2026-10-02 14:38:57+00:00,GLD261006P00396000
GLD,2026-10-03,380.14,2026-10-06,P,397.0,16.95,17.6,14.59,2.0,3,0.3393620751953125,True,2026-10-01 15:10:38+00:00,GLD261006P00397000
GLD,2026-10-03,380.14,2026-10-06,P,398.0,17.95,18.6,14.13,1.0,1,0.3532779516601562,True,2026-10-02 14:15:01+00:00,GLD261006P00398000
GLD,2026-10-03,380.14,2026-10-06,P,399.0,18.55,20.1,15.3,1.0,1,0.42774009765625004,True,2026-10-02 13:57:43+00:00,GLD261006P00399000
GLD,2026-10-03,380.14,2026-10-06,P,400.0,19.35,20.6,16.75,2.0,0,0.3806214282226562,True,2026-09-30 14:19:53+00:00,GLD261006P00400000
GLD,2026-10-03,380.14,2026-10-06,P,405.0,24.6,25.7,27.51,5.0,0,0.4611870288085938,True,2026-09-28 14:50:37+00:00,GLD261006P00405000
GLD,2026-10-03,380.14,2026-10-06,P,406.0,25.55,27.2,15.04,,0,0.5400436621093752,True,2026-09-24 20:02:09+00:00,GLD261006P00406000
GLD,2026-10-03,380.14,2026-10-06,P,407.0,26.15,28.2,17.94,2.0,0,0.5539595385742189,True,2026-09-24 15:31:35+00:00,GLD261006P00407000
GLD,2026-10-03,380.14,2026-10-06,P,409.0,28.15,30.15,28.85,1.0,0,0.5751995605468749,True,2026-09-28 16:27:36+00:00,GLD261006P00409000
GLD,2026-10-03,380.14,2026-10-06,P,410.0,29.6,30.6,30.52,25.0,0,0.5092822509765625,True,2026-09-28 18:50:02+00:00,GLD261006P00410000
GLD,2026-10-03,380.14,2026-10-06,P,411.0,30.25,32.2,17.25,1.0,0,0.6084023535156251,True,2026-09-23 13:33:38+00:00,GLD261006P00411000
GLD,2026-10-03,380.14,2026-10-06,P,412.0,31.15,33.2,32.2,2.0,0,0.6218299536132813,True,2026-09-28 14:25:50+00:00,GLD261006P00412000
GLD,2026-10-03,380.14,2026-10-06,P,414.0,33.1,35.2,34.55,1.0,0,0.6481968774414062,True,2026-09-28 14:22:05+00:00,GLD261006P00414000
GLD,2026-10-03,380.14,2026-10-06,P,428.0,47.05,49.2,34.65,1.0,0,0.5918009570312501,True,2026-09-25 15:59:55+00:00,GLD261006P00428000
GLD,2026-10-03,380.14,2026-10-07,C,350.0,29.55,30.55,28.35,2.0,5,0.43506424316406256,True,2026-10-02 16:02:19+00:00,GLD261007C00350000
GLD,2026-10-03,380.14,2026-10-07,C,384.0,1.29,1.55,1.51,233.0,119,0.17408052490234377,False,2026-10-02 19:54:08+00:00,GLD261007C00384000
GLD,2026-10-03,380.14,2026-10-07,C,387.0,0.67,0.82,0.83,91.0,17,0.17432466308593753,False,2026-10-02 20:14:37+00:00,GLD261007C00387000
GLD,2026-10-03,380.14,2026-10-07,C,388.0,0.54,0.66,0.59,274.0,217,0.1753012158203125,False,2026-10-02 20:14:08+00:00,GLD261007C00388000
GLD,2026-10-03,380.14,2026-10-07,C,389.0,0.43,0.54,0.48,46.0,70,0.17774259765625,False,2026-10-02 20:11:37+00:00,GLD261007C00389000
GLD,2026-10-03,380.14,2026-10-07,C,390.0,0.36,0.39,0.37,100.0,92,0.17383638671875,False,2026-10-02 20:13:02+00:00,GLD261007C00390000
GLD,2026-10-03,380.14,2026-10-07,C,391.0,0.26,0.35,0.31,14.0,156,0.18116053222656248,False,2026-10-02 19:34:57+00:00,GLD261007C00391000
GLD,2026-10-03,380.14,2026-10-07,C,392.0,0.22,0.29,0.24,1553.0,104,0.18433432861328125,False,2026-10-02 19:58:14+00:00,GLD261007C00392000
GLD,2026-10-03,380.14,2026-10-07,C,393.0,0.18,0.24,0.19,8.0,88,0.187508125,False,2026-10-02 19:58:13+00:00,GLD261007C00393000
GLD,2026-10-03,380.14,2026-10-07,C,394.0,0.15,0.19,0.16,15.0,124,0.1889729541015625,False,2026-10-02 19:58:12+00:00,GLD261007C00394000
GLD,2026-10-03,380.14,2026-10-07,C,395.0,0.12,0.16,0.13,1110.0,198,0.1928791650390625,False,2026-10-02 19:58:12+00:00,GLD261007C00395000
GLD,2026-10-03,380.14,2026-10-07,C,396.0,0.1,0.14,0.11,4.0,153,0.1977619287109375,False,2026-10-02 19:58:06+00:00,GLD261007C00396000
GLD,2026-10-03,380.14,2026-10-07,C,397.0,0.08,0.12,0.09,15.0,70,0.20215641601562498,False,2026-10-02 19:58:13+00:00,GLD261007C00397000
GLD,2026-10-03,380.14,2026-10-07,C,398.0,0.07,0.1,0.08,8.0,108,0.20508607421874997,False,2026-10-02 17:59:23+00:00,GLD261007C00398000
GLD,2026-10-03,380.14,2026-10-07,C,399.0,0.06,0.09,0.07,14.0,898,0.21094539062499998,False,2026-10-02 19:58:06+00:00,GLD261007C00399000
GLD,2026-10-03,380.14,2026-10-07,C,400.0,0.05,0.08,0.06,103.0,344,0.215828154296875,False,2026-10-02 19:21:23+00:00,GLD261007C00400000
GLD,2026-10-03,380.14,2026-10-07,C,401.0,0.05,0.07,0.05,19.0,95,0.21973436523437498,False,2026-10-02 16:46:55+00:00,GLD261007C00401000
GLD,2026-10-03,380.14,2026-10-07,C,402.0,0.04,0.07,0.04,28.0,82,0.22852333984375,False,2026-10-02 19:58:13+00:00,GLD261007C00402000
GLD,2026-10-03,380.14,2026-10-07,C,403.0,0.03,0.06,0.04,23.0,76,0.23242955078125,False,2026-10-02 19:58:13+00:00,GLD261007C00403000
GLD,2026-10-03,380.14,2026-10-07,C,404.0,0.03,0.06,0.03,17.0,77,0.24024197265624997,False,2026-10-02 19:58:13+00:00,GLD261007C00404000
GLD,2026-10-03,380.14,2026-10-07,C,405.0,0.03,0.05,0.03,11.0,107,0.242195078125,False,2026-10-02 19:58:13+00:00,GLD261007C00405000
GLD,2026-10-03,380.14,2026-10-07,C,406.0,0.02,0.05,0.03,9.0,89,0.25098405273437496,False,2026-10-02 19:58:13+00:00,GLD261007C00406000
GLD,2026-10-03,380.14,2026-10-07,C,407.0,0.02,0.05,0.02,1.0,70,0.25879647460937505,False,2026-10-02 19:58:13+00:00,GLD261007C00407000
GLD,2026-10-03,380.14,2026-10-07,C,408.0,0.02,0.04,0.02,5.0,55,0.25977302734375,False,2026-10-02 19:58:13+00:00,GLD261007C00408000
GLD,2026-10-03,380.14,2026-10-07,C,409.0,0.01,0.04,0.01,1.0,101,0.26758544921875,False,2026-10-02 19:58:13+00:00,GLD261007C00409000
GLD,2026-10-03,380.14,2026-10-07,C,410.0,0.01,0.04,0.02,4.0,119,0.27539787109374997,False,2026-10-02 15:47:30+00:00,GLD261007C00410000
GLD,2026-10-03,380.14,2026-10-07,C,414.0,0.01,0.03,0.01,1.0,56,0.29492892578124996,False,2026-10-02 19:58:06+00:00,GLD261007C00414000
GLD,2026-10-03,380.14,2026-10-07,C,415.0,0.01,0.03,0.01,1.0,370,0.30274134765625,False,2026-10-02 19:58:06+00:00,GLD261007C00415000
GLD,2026-10-03,380.14,2026-10-07,C,416.0,0.01,0.03,0.01,1.0,62,0.3086006640625,False,2026-10-02 19:58:06+00:00,GLD261007C00416000
GLD,2026-10-03,380.14,2026-10-07,C,420.0,0.01,0.03,0.02,2.0,59,0.33789724609375,False,2026-10-01 19:57:40+00:00,GLD261007C00420000
GLD,2026-10-03,380.14,2026-10-07,C,422.0,0.01,0.03,0.01,1.0,67,0.35156898437499995,False,2026-10-01 19:57:50+00:00,GLD261007C00422000
GLD,2026-10-03,380.14,2026-10-07,C,423.0,0.0,0.03,0.01,11.0,62,0.35938140625,False,2026-10-02 20:04:56+00:00,GLD261007C00423000
GLD,2026-10-03,380.14,2026-10-07,C,424.0,0.0,0.03,0.01,1.0,27,0.367193828125,False,2026-10-02 19:58:07+00:00,GLD261007C00424000
GLD,2026-10-03,380.14,2026-10-07,C,425.0,0.0,0.04,0.05,2.0,3,0.38672488281249995,False,2026-10-01 15:04:39+00:00,GLD261007C00425000
GLD,2026-10-03,380.14,2026-10-07,C,431.0,0.0,0.03,0.09,2.0,6,0.414068359375,False,2026-10-01 15:02:09+00:00,GLD261007C00431000
GLD,2026-10-03,380.14,2026-10-07,C,432.0,0.01,0.03,0.02,3.0,7,0.42188078125,False,2026-10-02 13:53:18+00:00,GLD261007C00432000
GLD,2026-10-03,380.14,2026-10-07,C,433.0,0.0,0.03,0.1,3.0,7,0.42969320312500003,False,2026-10-01 15:02:40+00:00,GLD261007C00433000
GLD,2026-10-03,380.14,2026-10-07,C,435.0,0.0,0.19,0.06,5.0,3,0.50586431640625,False,2026-09-30 16:00:33+00:00,GLD261007C00435000
GLD,2026-10-03,380.14,2026-10-07,C,440.0,0.0,0.09,0.09,2.0,11,0.5390671093750001,False,2026-10-01 15:03:29+00:00,GLD261007C00440000
GLD,2026-10-03,380.14,2026-10-07,C,445.0,0.0,0.03,0.05,4.0,5,0.507817421875,False,2026-10-01 15:29:02+00:00,GLD261007C00445000
GLD,2026-10-03,380.14,2026-10-07,C,455.0,0.0,0.18,0.01,2.0,4,0.6445348046875,False,2026-09-30 14:32:06+00:00,GLD261007C00455000
GLD,2026-10-03,380.14,2026-10-07,C,460.0,0.0,0.13,0.02,7.0,7,0.6523472265625001,False,2026-09-28 14:59:24+00:00,GLD261007C00460000
GLD,2026-10-03,380.14,2026-10-07,C,470.0,0.0,0.17,0.12,1.0,1,0.7402369726562499,False,2026-09-25 13:48:53+00:00,GLD261007C00470000
GLD,2026-10-03,380.14,2026-10-07,C,485.0,0.0,0.15,0.03,2.0,2,0.82226740234375,False,2026-09-25 13:48:49+00:00,GLD261007C00485000
GLD,2026-10-03,380.14,2026-10-07,C,495.0,0.0,0.15,0.1,2.0,2,0.8828136718749999,False,2026-09-25 13:48:45+00:00,GLD261007C00495000
GLD,2026-10-03,380.14,2026-10-07,C,515.0,0.0,0.14,0.01,,10,0.9882813671875,False,2026-09-24 19:15:07+00:00,GLD261007C00515000
GLD,2026-10-03,380.14,2026-10-07,C,520.0,0.0,0.14,0.09,,1,1.017583037109375,False,2026-09-24 19:14:24+00:00,GLD261007C00520000
GLD,2026-10-03,380.14,2026-10-07,C,525.0,0.0,0.08,0.08,1.0,2,0.9882813671875,False,2026-09-25 19:24:55+00:00,GLD261007C00525000
GLD,2026-10-03,380.14,2026-10-07,C,530.0,0.0,0.13,0.08,1.0,4,1.0625046875000002,False,2026-09-25 19:19:51+00:00,GLD261007C00530000
GLD,2026-10-03,380.14,2026-10-07,C,535.0,0.0,0.13,0.03,1.0,4,1.08984830078125,False,2026-09-25 19:18:29+00:00,GLD261007C00535000
GLD,2026-10-03,380.14,2026-10-07,C,545.0,0.0,0.13,0.04,,3,1.140629296875,False,2026-09-24 19:22:34+00:00,GLD261007C00545000
GLD,2026-10-03,380.14,2026-10-07,P,275.0,0.0,0.01,0.02,10.0,22,0.8437515624999999,False,2026-09-29 13:44:05+00:00,GLD261007P00275000
GLD,2026-10-03,380.14,2026-10-07,P,280.0,0.0,0.08,0.05,65.0,5,0.9687503125,False,2026-10-02 19:18:05+00:00,GLD261007P00280000
GLD,2026-10-03,380.14,2026-10-07,P,285.0,0.0,0.02,0.01,23.0,5,0.8125018749999999,False,2026-10-02 14:43:09+00:00,GLD261007P00285000
GLD,2026-10-03,380.14,2026-10-07,P,290.0,0.0,0.02,0.01,6.0,8,0.7656273437500001,False,2026-10-02 14:12:33+00:00,GLD261007P00290000
GLD,2026-10-03,380.14,2026-10-07,P,295.0,0.0,0.12,0.01,24.0,6,0.8554701953125,False,2026-10-02 19:06:35+00:00,GLD261007P00295000
GLD,2026-10-03,380.14,2026-10-07,P,300.0,0.0,0.1,0.01,1.0,108,0.78711150390625,False,2026-10-02 14:16:36+00:00,GLD261007P00300000
GLD,2026-10-03,380.14,2026-10-07,P,305.0,0.0,0.09,0.01,6.0,111,0.7304714453125,False,2026-10-02 17:22:05+00:00,GLD261007P00305000
GLD,2026-10-03,380.14,2026-10-07,P,310.0,0.0,0.06,0.04,3.0,5,0.6523472265625001,False,2026-09-30 15:19:37+00:00,GLD261007P00310000
GLD,2026-10-03,380.14,2026-10-07,P,315.0,0.0,0.08,0.02,7.0,11,0.6250037500000001,False,2026-10-01 14:48:11+00:00,GLD261007P00315000
GLD,2026-10-03,380.14,2026-10-07,P,320.0,0.0,0.03,0.01,12.0,15,0.523442265625,False,2026-10-01 20:04:49+00:00,GLD261007P00320000
GLD,2026-10-03,380.14,2026-10-07,P,325.0,0.0,0.02,0.02,4.0,10,0.49219257812500006,False,2026-10-02 15:16:08+00:00,GLD261007P00325000
GLD,2026-10-03,380.14,2026-10-07,P,330.0,0.0,0.01,0.01,6.0,5,0.42188078125,False,2026-10-02 19:47:51+00:00,GLD261007P00330000
GLD,2026-10-03,380.14,2026-10-07,P,335.0,0.01,0.02,0.01,24.0,9,0.4062559375,False,2026-10-02 20:04:29+00:00,GLD261007P00335000
GLD,2026-10-03,380.14,2026-10-07,P,340.0,0.01,0.03,0.01,4.0,263,0.3789124609375,False,2026-10-02 19:58:34+00:00,GLD261007P00340000
GLD,2026-10-03,380.14,2026-10-07,P,370.0,0.42,0.51,0.44,204.0,2100,0.1966633068847656,False,2026-10-02 19:59:26+00:00,GLD261007P00370000
GLD,2026-10-03,380.14,2026-10-07,P,376.0,1.47,1.57,1.54,157.0,86,0.18274743041992186,False,2026-10-02 20:11:04+00:00,GLD261007P00376000
GLD,2026-10-03,380.14,2026-10-07,P,377.0,1.77,1.89,1.76,1120.0,809,0.1821370849609375,False,2026-10-02 19:44:24+00:00,GLD261007P00377000
GLD,2026-10-03,380.14,2026-10-07,P,378.0,2.12,2.26,2.09,155.0,196,0.18177087768554687,False,2026-10-02 19:43:02+00:00,GLD261007P00378000
GLD,2026-10-03,380.14,2026-10-07,P,379.0,2.53,2.68,2.62,65.0,108,0.1815267395019531,False,2026-10-02 20:13:52+00:00,GLD261007P00379000
GLD,2026-10-03,380.14,2026-10-07,P,380.0,2.99,3.15,2.95,40.0,130,0.18140467041015623,False,2026-10-02 19:52:56+00:00,GLD261007P00380000
GLD,2026-10-03,380.14,2026-10-07,P,381.0,3.5,3.7,3.63,173.0,102,0.1829915686035156,True,2026-10-02 19:49:07+00:00,GLD261007P00381000
GLD,2026-10-03,380.14,2026-10-07,P,382.0,4.1,4.45,4.15,64.0,65,0.19336744140625,True,2026-10-02 19:42:08+00:00,GLD261007P00382000
GLD,2026-10-03,380.14,2026-10-07,P,383.0,4.7,5.1,4.62,32.0,55,0.19556468505859376,True,2026-10-02 18:59:49+00:00,GLD261007P00383000
GLD,2026-10-03,380.14,2026-10-07,P,384.0,5.4,5.8,5.72,28.0,34,0.19849434326171872,True,2026-10-02 15:18:50+00:00,GLD261007P00384000
GLD,2026-10-03,380.14,2026-10-07,P,385.0,6.15,6.5,6.38,8.0,65,0.19898261962890623,True,2026-10-01 18:13:02+00:00,GLD261007P00385000
GLD,2026-10-03,380.14,2026-10-07,P,386.0,6.9,7.35,4.75,7.0,5,0.20728331787109372,True,2026-10-02 14:12:06+00:00,GLD261007P00386000
GLD,2026-10-03,380.14,2026-10-07,P,387.0,7.75,8.1,5.62,10.0,79,0.2067950415039062,True,2026-10-02 14:29:34+00:00,GLD261007P00387000
GLD,2026-10-03,380.14,2026-10-07,P,388.0,8.6,9.05,9.15,72.0,84,0.2192460888671875,True,2026-10-02 15:39:46+00:00,GLD261007P00388000
GLD,2026-10-03,380.14,2026-10-07,P,389.0,9.45,9.95,8.54,2.0,5,0.22705851074218747,True,2026-09-29 14:21:56+00:00,GLD261007P00389000
GLD,2026-10-03,380.14,2026-10-07,P,390.0,10.4,10.85,11.32,20.0,15,0.2337723107910156,True,2026-10-02 17:31:53+00:00,GLD261007P00390000
GLD,2026-10-03,380.14,2026-10-07,P,391.0,11.3,11.8,12.34,4.0,6,0.24390404541015626,True,2026-10-02 17:31:12+00:00,GLD261007P00391000
GLD,2026-10-03,380.14,2026-10-07,P,392.0,12.25,12.8,12.2,17.0,24,0.2580640600585938,True,2026-10-02 19:42:33+00:00,GLD261007P00392000
GLD,2026-10-03,380.14,2026-10-07,P,393.0,13.2,13.7,11.6,3.0,4,0.2622144091796875,True,2026-09-29 14:30:16+00:00,GLD261007P00393000
GLD,2026-10-03,380.14,2026-10-07,P,394.0,14.2,15.0,14.81,1.0,2,0.304694453125,True,2026-10-02 15:41:52+00:00,GLD261007P00394000
GLD,2026-10-03,380.14,2026-10-07,P,395.0,15.15,15.65,12.55,1.0,25,0.2836985693359374,True,2026-10-01 18:50:44+00:00,GLD261007P00395000
GLD,2026-10-03,380.14,2026-10-07,P,396.0,16.15,17.0,8.1,,4,0.33228206787109377,True,2026-09-24 14:17:54+00:00,GLD261007P00396000
GLD,2026-10-03,380.14,2026-10-07,P,397.0,17.0,17.65,6.55,9.0,9,0.30933307861328124,True,2026-09-25 16:07:16+00:00,GLD261007P00397000
GLD,2026-10-03,380.14,2026-10-07,P,398.0,18.1,18.95,15.55,1.0,1,0.35425450439453116,True,2026-10-01 18:23:17+00:00,GLD261007P00398000
GLD,2026-10-03,380.14,2026-10-07,P,399.0,18.75,20.5,16.05,1.0,2,0.41992767578125,True,2026-10-01 17:30:05+00:00,GLD261007P00399000
GLD,2026-10-03,380.14,2026-10-07,P,400.0,19.65,20.6,20.16,4.0,4,0.3403386279296875,True,2026-10-02 18:42:09+00:00,GLD261007P00400000
GLD,2026-10-03,380.14,2026-10-07,P,401.0,20.55,21.6,21.59,1.0,2,0.3523013989257812,True,2026-10-02 15:29:01+00:00,GLD261007P00401000
GLD,2026-10-03,380.14,2026-10-07,P,402.0,21.55,23.2,21.55,2.0,1,0.43201251586914063,True,2026-09-29 15:27:19+00:00,GLD261007P00402000
GLD,2026-10-03,380.14,2026-10-07,P,403.0,22.55,24.2,25.11,1.0,0,0.4449518395996094,True,2026-09-28 15:36:34+00:00,GLD261007P00403000
GLD,2026-10-03,380.14,2026-10-07,P,405.0,24.55,26.0,12.96,,0,0.44873598144531246,True,2026-09-23 15:14:33+00:00,GLD261007P00405000
GLD,2026-10-03,380.14,2026-10-07,P,406.0,25.55,27.15,15.29,,0,0.4776663562011719,True,2026-09-24 18:38:37+00:00,GLD261007P00406000
GLD,2026-10-03,380.14,2026-10-07,P,410.0,29.5,30.7,32.15,25.0,0,0.46973186523437505,True,2026-09-28 15:35:28+00:00,GLD261007P00410000
GLD,2026-10-03,380.14,2026-10-07,P,411.0,30.3,32.2,18.0,1.0,0,0.5441940112304688,True,2026-09-25 19:37:02+00:00,GLD261007P00411000
GLD,2026-10-03,380.14,2026-10-07,P,412.0,31.2,33.2,29.99,1.0,0,0.5561567822265626,True,2026-09-29 14:44:11+00:00,GLD261007P00412000
GLD,2026-10-03,380.14,2026-10-07,P,413.0,32.1,34.2,31.02,1.0,0,0.5681195532226562,True,2026-09-29 14:44:11+00:00,GLD261007P00413000
GLD,2026-10-03,380.14,2026-10-07,P,414.0,33.0,35.2,36.08,2.0,0,0.5798381860351562,True,2026-09-28 15:20:43+00:00,GLD261007P00414000
GLD,2026-10-03,380.14,2026-10-07,P,418.0,36.9,39.2,24.28,1.0,0,0.6259803027343751,True,2026-09-25 16:03:45+00:00,GLD261007P00418000
GLD,2026-10-03,380.14,2026-10-08,C,383.0,1.96,2.17,2.16,120.0,65,0.17475190490722659,False,2026-10-02 19:39:57+00:00,GLD261008C00383000
GLD,2026-10-03,380.14,2026-10-08,C,387.0,0.94,1.11,1.03,48.0,72,0.17993984130859375,False,2026-10-02 19:56:23+00:00,GLD261008C00387000
GLD,2026-10-03,380.14,2026-10-08,C,389.0,0.66,0.78,0.69,22.0,68,0.18311363769531247,False,2026-10-02 20:12:31+00:00,GLD261008C00389000
GLD,2026-10-03,380.14,2026-10-08,C,390.0,0.52,0.64,0.57,49.0,143,0.18384605224609374,False,2026-10-02 19:44:28+00:00,GLD261008C00390000
GLD,2026-10-03,380.14,2026-10-08,C,391.0,0.43,0.52,0.51,11.0,65,0.18433432861328125,False,2026-10-02 19:31:04+00:00,GLD261008C00391000
GLD,2026-10-03,380.14,2026-10-08,C,392.0,0.36,0.43,0.35,7.0,84,0.1860432958984375,False,2026-10-02 18:30:04+00:00,GLD261008C00392000
GLD,2026-10-03,380.14,2026-10-08,C,393.0,0.29,0.36,0.83,1.0,77,0.188484677734375,False,2026-10-02 14:01:19+00:00,GLD261008C00393000
GLD,2026-10-03,380.14,2026-10-08,C,394.0,0.24,0.3,0.28,8.0,114,0.19068192138671874,False,2026-10-02 19:45:55+00:00,GLD261008C00394000
GLD,2026-10-03,380.14,2026-10-08,C,395.0,0.2,0.24,0.23,1247.0,893,0.19117019775390626,False,2026-10-02 20:07:53+00:00,GLD261008C00395000
GLD,2026-10-03,380.14,2026-10-08,C,397.0,0.14,0.19,0.43,1.0,6,0.20093572509765623,False,2026-10-02 14:24:32+00:00,GLD261008C00397000
GLD,2026-10-03,380.14,2026-10-08,C,398.0,0.12,0.16,0.17,2.0,22,0.2036212451171875,False,2026-10-02 18:46:48+00:00,GLD261008C00398000
GLD,2026-10-03,380.14,2026-10-08,C,399.0,0.11,0.14,0.38,1.0,11,0.20752745605468748,False,2026-10-01 17:30:02+00:00,GLD261008C00399000
GLD,2026-10-03,380.14,2026-10-08,C,400.0,0.09,0.12,0.13,60.0,198,0.2104571142578125,False,2026-10-02 17:32:23+00:00,GLD261008C00400000
GLD,2026-10-03,380.14,2026-10-08,C,401.0,0.08,0.11,0.13,8.0,11,0.215828154296875,False,2026-10-02 18:14:26+00:00,GLD261008C00401000
GLD,2026-10-03,380.14,2026-10-08,C,402.0,0.07,0.1,0.09,14.0,5,0.22071091796874998,False,2026-10-02 18:14:26+00:00,GLD261008C00402000
GLD,2026-10-03,380.14,2026-10-08,C,404.0,0.06,0.08,0.06,14.0,2,0.22901161621093752,False,2026-10-02 18:11:17+00:00,GLD261008C00404000
GLD,2026-10-03,380.14,2026-10-08,C,405.0,0.05,0.07,0.07,27.0,24,0.23242955078125,False,2026-10-02 18:10:32+00:00,GLD261008C00405000
GLD,2026-10-03,380.14,2026-10-08,C,406.0,0.04,0.07,0.05,56.0,33,0.24024197265624997,False,2026-10-02 17:25:57+00:00,GLD261008C00406000
GLD,2026-10-03,380.14,2026-10-08,C,407.0,0.04,0.08,0.05,20.0,4,0.25196060546875,False,2026-10-02 17:25:25+00:00,GLD261008C00407000
GLD,2026-10-03,380.14,2026-10-08,C,410.0,0.03,0.08,0.06,11.0,32,0.27539787109374997,False,2026-10-02 16:16:15+00:00,GLD261008C00410000
GLD,2026-10-03,380.14,2026-10-08,P,370.0,0.6,0.71,0.58,83.0,51,0.19898261962890623,False,2026-10-02 20:00:40+00:00,GLD261008P00370000
GLD,2026-10-03,380.14,2026-10-08,P,376.0,1.76,1.92,1.73,65.0,47,0.1871419177246094,False,2026-10-02 19:52:00+00:00,GLD261008P00376000
GLD,2026-10-03,380.14,2026-10-08,P,378.0,2.46,2.62,2.4,237.0,66,0.18506674316406246,False,2026-10-02 17:02:38+00:00,GLD261008P00378000
GLD,2026-10-03,380.14,2026-10-08,P,379.0,2.87,3.05,2.8,74.0,96,0.18494467407226559,False,2026-10-02 19:59:10+00:00,GLD261008P00379000
GLD,2026-10-03,380.14,2026-10-08,P,380.0,3.35,3.55,3.35,39.0,77,0.18616536499023437,False,2026-10-02 19:42:49+00:00,GLD261008P00380000
GLD,2026-10-03,380.14,2026-10-08,P,381.0,3.85,4.05,4.05,55.0,77,0.18518881225585934,True,2026-10-02 19:47:32+00:00,GLD261008P00381000
GLD,2026-10-03,380.14,2026-10-08,P,382.0,4.4,4.75,4.2,23.0,57,0.19226881958007813,True,2026-10-02 19:10:39+00:00,GLD261008P00382000
GLD,2026-10-03,380.14,2026-10-08,P,383.0,4.9,5.45,5.09,1.0,48,0.19739572143554687,True,2026-10-02 15:36:51+00:00,GLD261008P00383000
GLD,2026-10-03,380.14,2026-10-08,P,384.0,5.6,6.1,7.15,14.0,9,0.19788399780273438,True,2026-10-02 16:02:19+00:00,GLD261008P00384000
GLD,2026-10-03,380.14,2026-10-08,P,385.0,6.3,6.75,6.3,11.0,34,0.196297099609375,True,2026-10-02 19:13:42+00:00,GLD261008P00385000
GLD,2026-10-03,380.14,2026-10-08,P,386.0,7.05,7.6,6.62,3.0,7,0.20447572875976558,True,2026-10-01 16:52:26+00:00,GLD261008P00386000
GLD,2026-10-03,380.14,2026-10-08,P,387.0,7.85,8.35,7.9,8.0,2,0.20508607421874997,True,2026-10-02 19:20:10+00:00,GLD261008P00387000
GLD,2026-10-03,380.14,2026-10-08,P,388.0,8.7,9.25,8.55,4.0,3,0.213875048828125,True,2026-10-02 19:40:35+00:00,GLD261008P00388000
GLD,2026-10-03,380.14,2026-10-08,P,389.0,9.55,10.05,9.4,4.0,4,0.21460746337890624,True,2026-10-02 19:40:35+00:00,GLD261008P00389000
GLD,2026-10-03,380.14,2026-10-08,P,390.0,10.55,10.9,10.3,3.0,1213,0.2172929833984375,True,2026-10-02 17:23:22+00:00,GLD261008P00390000
GLD,2026-10-03,380.14,2026-10-08,P,391.0,11.3,11.95,12.06,88.0,160,0.23474886352539062,True,2026-10-02 17:36:30+00:00,GLD261008P00391000
GLD,2026-10-03,380.14,2026-10-08,P,392.0,12.25,12.85,12.31,1.0,1207,0.23975369628906246,True,2026-09-30 18:26:48+00:00,GLD261008P00392000
GLD,2026-10-03,380.14,2026-10-08,P,393.0,13.2,13.8,14.37,1.0,2,0.24829853271484376,True,2026-09-29 19:04:48+00:00,GLD261008P00393000
GLD,2026-10-03,380.14,2026-10-08,P,395.0,15.1,15.75,13.79,1.0,5,0.26856200195312496,True,2026-10-01 13:59:09+00:00,GLD261008P00395000
GLD,2026-10-03,380.14,2026-10-08,P,399.0,18.6,20.2,18.37,1.0,0,0.35816071533203125,True,2026-10-01 14:06:22+00:00,GLD261008P00399000
GLD,2026-10-03,380.14,2026-10-08,P,400.0,19.6,20.95,17.25,2.0,3,0.34717449707031245,True,2026-10-01 18:48:41+00:00,GLD261008P00400000
GLD,2026-10-03,380.14,2026-10-09,C,205.0,174.0,175.65,194.0,1.0,2,2.113285966796875,True,2026-09-22 17:52:47+00:00,GLD261009C00205000
GLD,2026-10-03,380.14,2026-10-09,C,225.0,154.05,155.7,166.86,,1,1.8515632421875,True,2026-09-24 19:45:57+00:00,GLD261009C00225000
GLD,2026-10-03,380.14,2026-10-09,C,250.0,129.05,130.7,143.7,1.0,0,1.5185570947265623,True,2026-09-23 18:21:02+00:00,GLD261009C00250000
GLD,2026-10-03,380.14,2026-10-09,C,280.0,99.1,100.75,112.03,,1,1.171879140625,True,2026-09-24 19:45:57+00:00,GLD261009C00280000
GLD,2026-10-03,380.14,2026-10-09,C,330.0,49.65,50.8,76.26,,1,0.6254920263671876,True,2026-09-09 17:43:25+00:00,GLD261009C00330000
GLD,2026-10-03,380.14,2026-10-09,C,335.0,44.65,45.75,71.35,8.0,2,0.5620160986328125,True,2026-09-09 17:43:25+00:00,GLD261009C00335000
GLD,2026-10-03,380.14,2026-10-09,C,340.0,39.7,40.75,40.33,17.0,13,0.5083056982421875,True,2026-10-02 19:42:40+00:00,GLD261009C00340000
GLD,2026-10-03,380.14,2026-10-09,C,350.0,29.75,30.8,30.0,21.0,25,0.40820904296875,True,2026-10-02 19:53:07+00:00,GLD261009C00350000
GLD,2026-10-03,380.14,2026-10-09,C,365.0,15.05,15.65,15.52,288.0,45,0.22339643798828124,True,2026-10-02 19:44:42+00:00,GLD261009C00365000
GLD,2026-10-03,380.14,2026-10-09,C,368.0,12.35,12.85,12.8,283.0,31,0.2087481469726562,True,2026-10-02 20:07:59+00:00,GLD261009C00368000
GLD,2026-10-03,380.14,2026-10-09,C,369.0,11.5,11.95,11.69,43.0,59,0.20508607421874997,True,2026-10-02 20:12:52+00:00,GLD261009C00369000
GLD,2026-10-03,380.14,2026-10-09,C,370.0,10.55,11.15,10.77,348.0,132,0.20789366333007808,True,2026-10-02 20:12:52+00:00,GLD261009C00370000
GLD,2026-10-03,380.14,2026-10-09,C,371.0,9.75,10.25,9.97,177.0,7,0.2016681396484375,True,2026-10-02 20:12:23+00:00,GLD261009C00371000
GLD,2026-10-03,380.14,2026-10-09,C,372.0,8.9,9.4,9.52,27.0,2,0.1977619287109375,True,2026-10-02 20:03:09+00:00,GLD261009C00372000
GLD,2026-10-03,380.14,2026-10-09,C,373.0,8.15,8.6,8.62,9.0,11,0.19568675415039063,True,2026-10-02 20:05:04+00:00,GLD261009C00373000
GLD,2026-10-03,380.14,2026-10-09,C,374.0,7.35,7.85,7.78,444.0,70,0.19507640869140624,True,2026-10-02 20:06:33+00:00,GLD261009C00374000
GLD,2026-10-03,380.14,2026-10-09,C,375.0,6.65,7.1,6.87,108.0,52,0.19263502685546874,True,2026-10-02 20:14:34+00:00,GLD261009C00375000
GLD,2026-10-03,380.14,2026-10-09,C,376.0,6.0,6.4,6.17,29.0,24,0.19117019775390626,True,2026-10-02 20:14:34+00:00,GLD261009C00376000
GLD,2026-10-03,380.14,2026-10-09,C,377.0,5.35,5.7,5.92,42.0,81,0.18799640136718748,True,2026-10-02 19:33:10+00:00,GLD261009C00377000
GLD,2026-10-03,380.14,2026-10-09,C,378.0,4.75,5.05,5.06,26.0,177,0.18555501953124998,True,2026-10-02 19:43:35+00:00,GLD261009C00378000
GLD,2026-10-03,380.14,2026-10-09,C,379.0,4.15,4.5,4.39,74.0,51,0.18616536499023437,True,2026-10-02 19:45:28+00:00,GLD261009C00379000
GLD,2026-10-03,380.14,2026-10-09,C,380.0,3.75,3.95,3.95,808.0,314,0.18470053588867186,True,2026-10-02 20:03:24+00:00,GLD261009C00380000
GLD,2026-10-03,380.14,2026-10-09,C,381.0,3.25,3.45,3.45,393.0,93,0.18384605224609374,False,2026-10-02 20:03:18+00:00,GLD261009C00381000
GLD,2026-10-03,380.14,2026-10-09,C,382.0,2.76,3.05,3.05,662.0,223,0.18567708862304685,False,2026-10-02 19:58:30+00:00,GLD261009C00382000
GLD,2026-10-03,380.14,2026-10-09,C,383.0,2.38,2.58,2.61,482.0,228,0.18225915405273438,False,2026-10-02 19:58:00+00:00,GLD261009C00383000
GLD,2026-10-03,380.14,2026-10-09,C,384.0,2.06,2.24,2.32,191.0,269,0.18323570678710935,False,2026-10-02 19:59:40+00:00,GLD261009C00384000
GLD,2026-10-03,380.14,2026-10-09,C,385.0,1.74,1.93,1.9,1341.0,1051,0.18384605224609374,False,2026-10-02 20:04:53+00:00,GLD261009C00385000
GLD,2026-10-03,380.14,2026-10-09,C,386.0,1.48,1.62,1.63,280.0,293,0.1825032922363281,False,2026-10-02 19:57:45+00:00,GLD261009C00386000
GLD,2026-10-03,380.14,2026-10-09,C,387.0,1.25,1.38,1.38,382.0,210,0.18323570678710935,False,2026-10-02 20:04:30+00:00,GLD261009C00387000
GLD,2026-10-03,380.14,2026-10-09,C,388.0,1.05,1.17,1.16,483.0,193,0.18396812133789062,False,2026-10-02 19:58:47+00:00,GLD261009C00388000
GLD,2026-10-03,380.14,2026-10-09,C,389.0,0.89,0.99,0.98,505.0,172,0.18494467407226559,False,2026-10-02 20:09:05+00:00,GLD261009C00389000
GLD,2026-10-03,380.14,2026-10-09,C,390.0,0.76,0.85,0.79,1390.0,1185,0.1871419177246094,False,2026-10-02 20:13:51+00:00,GLD261009C00390000
GLD,2026-10-03,380.14,2026-10-09,C,391.0,0.62,0.71,0.7,167.0,240,0.18775226318359373,False,2026-10-02 20:05:39+00:00,GLD261009C00391000
GLD,2026-10-03,380.14,2026-10-09,C,392.0,0.51,0.6,0.58,134.0,389,0.18921709228515626,False,2026-10-02 20:14:14+00:00,GLD261009C00392000
GLD,2026-10-03,380.14,2026-10-09,C,393.0,0.44,0.5,0.48,363.0,861,0.1900715759277344,False,2026-10-02 20:07:27+00:00,GLD261009C00393000
GLD,2026-10-03,380.14,2026-10-09,C,394.0,0.39,0.43,0.42,199.0,230,0.19263502685546874,False,2026-10-02 19:58:48+00:00,GLD261009C00394000
GLD,2026-10-03,380.14,2026-10-09,C,395.0,0.33,0.35,0.34,2434.0,1699,0.1928791650390625,False,2026-10-02 20:07:01+00:00,GLD261009C00395000
GLD,2026-10-03,380.14,2026-10-09,C,396.0,0.28,0.3,0.31,1164.0,1395,0.195320546875,False,2026-10-02 19:59:12+00:00,GLD261009C00396000
GLD,2026-10-03,380.14,2026-10-09,C,397.0,0.24,0.27,0.26,663.0,72,0.19995917236328126,False,2026-10-02 19:59:12+00:00,GLD261009C00397000
GLD,2026-10-03,380.14,2026-10-09,C,398.0,0.2,0.24,0.21,122.0,238,0.20386538330078124,False,2026-10-02 19:58:47+00:00,GLD261009C00398000
GLD,2026-10-03,380.14,2026-10-09,C,399.0,0.17,0.19,0.18,1033.0,2059,0.20313296874999998,False,2026-10-02 19:58:48+00:00,GLD261009C00399000
GLD,2026-10-03,380.14,2026-10-09,C,400.0,0.15,0.17,0.16,2037.0,3432,0.20703917968749996,False,2026-10-02 19:58:47+00:00,GLD261009C00400000
GLD,2026-10-03,380.14,2026-10-09,C,401.0,0.13,0.16,0.14,73.0,164,0.21289849609375,False,2026-10-02 19:58:47+00:00,GLD261009C00401000
GLD,2026-10-03,380.14,2026-10-09,C,402.0,0.11,0.13,0.12,48.0,101,0.2133867724609375,False,2026-10-02 19:58:48+00:00,GLD261009C00402000
GLD,2026-10-03,380.14,2026-10-09,C,403.0,0.1,0.13,0.11,104.0,956,0.2211991943359375,False,2026-10-02 20:13:51+00:00,GLD261009C00403000
GLD,2026-10-03,380.14,2026-10-09,C,404.0,0.09,0.11,0.1,1042.0,162,0.22266402343749997,False,2026-10-02 19:58:48+00:00,GLD261009C00404000
GLD,2026-10-03,380.14,2026-10-09,C,405.0,0.08,0.11,0.08,301.0,1750,0.2304764453125,False,2026-10-02 19:58:48+00:00,GLD261009C00405000
GLD,2026-10-03,380.14,2026-10-09,C,406.0,0.07,0.1,0.08,28.0,89,0.23438265625,False,2026-10-02 19:58:47+00:00,GLD261009C00406000
GLD,2026-10-03,380.14,2026-10-09,C,407.0,0.06,0.09,0.07,39.0,169,0.23780059082031246,False,2026-10-02 19:58:48+00:00,GLD261009C00407000
GLD,2026-10-03,380.14,2026-10-09,C,408.0,0.06,0.07,0.06,103.0,273,0.23633576171874998,False,2026-10-02 19:58:47+00:00,GLD261009C00408000
GLD,2026-10-03,380.14,2026-10-09,C,409.0,0.05,0.08,0.06,27.0,550,0.24805439453125,False,2026-10-02 19:58:47+00:00,GLD261009C00409000
GLD,2026-10-03,380.14,2026-10-09,C,410.0,0.05,0.08,0.05,322.0,2093,0.25489026367187506,False,2026-10-02 19:58:47+00:00,GLD261009C00410000
GLD,2026-10-03,380.14,2026-10-09,C,411.0,0.04,0.07,0.05,33.0,1550,0.256843369140625,False,2026-10-02 19:58:47+00:00,GLD261009C00411000
GLD,2026-10-03,380.14,2026-10-09,C,412.0,0.04,0.07,0.04,27.0,236,0.26367923828125,False,2026-10-02 19:58:47+00:00,GLD261009C00412000
GLD,2026-10-03,380.14,2026-10-09,C,413.0,0.04,0.07,0.04,32.0,216,0.270515107421875,False,2026-10-02 19:58:47+00:00,GLD261009C00413000
GLD,2026-10-03,380.14,2026-10-09,C,414.0,0.03,0.06,0.04,36.0,183,0.27149166015625,False,2026-10-02 19:58:48+00:00,GLD261009C00414000
GLD,2026-10-03,380.14,2026-10-09,C,415.0,0.03,0.06,0.03,89.0,800,0.278327529296875,False,2026-10-02 19:58:47+00:00,GLD261009C00415000
GLD,2026-10-03,380.14,2026-10-09,C,416.0,0.03,0.06,0.04,7.0,538,0.28516339843749994,False,2026-10-02 19:56:36+00:00,GLD261009C00416000
GLD,2026-10-03,380.14,2026-10-09,C,417.0,0.03,0.06,0.04,19.0,884,0.2910227148437499,False,2026-10-02 18:07:35+00:00,GLD261009C00417000
GLD,2026-10-03,380.14,2026-10-09,C,418.0,0.02,0.06,0.05,43.0,130,0.2978585839843749,False,2026-10-01 19:58:47+00:00,GLD261009C00418000
GLD,2026-10-03,380.14,2026-10-09,C,419.0,0.02,0.06,0.05,18.0,174,0.304694453125,False,2026-10-01 19:58:47+00:00,GLD261009C00419000
GLD,2026-10-03,380.14,2026-10-09,C,420.0,0.02,0.04,0.04,65.0,930,0.29492892578124996,False,2026-10-02 19:48:39+00:00,GLD261009C00420000
GLD,2026-10-03,380.14,2026-10-09,C,421.0,0.02,0.05,0.04,99.0,1517,0.31055376953124997,False,2026-10-02 19:36:08+00:00,GLD261009C00421000
GLD,2026-10-03,380.14,2026-10-09,C,422.0,0.02,0.06,0.04,18.0,115,0.3242255078124999,False,2026-10-01 19:58:48+00:00,GLD261009C00422000
GLD,2026-10-03,380.14,2026-10-09,C,423.0,0.02,0.06,0.04,1.0,172,0.33008482421874996,False,2026-10-01 19:58:47+00:00,GLD261009C00423000
GLD,2026-10-03,380.14,2026-10-09,C,424.0,0.01,0.06,0.03,20.0,487,0.335944140625,False,2026-10-01 19:58:53+00:00,GLD261009C00424000
GLD,2026-10-03,380.14,2026-10-09,C,425.0,0.02,0.05,0.02,15.0,1006,0.334967587890625,False,2026-10-02 20:07:09+00:00,GLD261009C00425000
GLD,2026-10-03,380.14,2026-10-09,C,426.0,0.01,0.05,0.06,4.0,260,0.34180345703125,False,2026-10-01 19:07:40+00:00,GLD261009C00426000
GLD,2026-10-03,380.14,2026-10-09,C,427.0,0.01,0.05,0.04,1.0,103,0.34766277343749996,False,2026-10-02 13:50:55+00:00,GLD261009C00427000
GLD,2026-10-03,380.14,2026-10-09,C,428.0,0.01,0.05,0.04,6.0,195,0.35352208984374994,False,2026-09-30 14:42:52+00:00,GLD261009C00428000
GLD,2026-10-03,380.14,2026-10-09,C,429.0,0.01,0.05,0.06,2.0,136,0.35938140625,False,2026-09-30 19:19:02+00:00,GLD261009C00429000
GLD,2026-10-03,380.14,2026-10-09,C,430.0,0.01,0.05,0.02,14.0,571,0.36524072265625,False,2026-10-02 19:28:07+00:00,GLD261009C00430000
GLD,2026-10-03,380.14,2026-10-09,C,431.0,0.01,0.05,0.11,1.0,41,0.3711000390625,False,2026-09-30 13:50:16+00:00,GLD261009C00431000
GLD,2026-10-03,380.14,2026-10-09,C,432.0,0.01,0.05,0.08,5.0,28,0.37695935546875,False,2026-09-29 14:34:26+00:00,GLD261009C00432000
GLD,2026-10-03,380.14,2026-10-09,C,433.0,0.01,0.03,0.02,29.0,182,0.36133451171875,False,2026-10-02 19:02:26+00:00,GLD261009C00433000
GLD,2026-10-03,380.14,2026-10-09,C,434.0,0.01,0.03,0.09,31.0,411,0.367193828125,False,2026-09-28 17:06:28+00:00,GLD261009C00434000
GLD,2026-10-03,380.14,2026-10-09,C,435.0,0.01,0.03,0.05,1.0,124,0.37305314453125,False,2026-09-30 18:09:05+00:00,GLD261009C00435000
GLD,2026-10-03,380.14,2026-10-09,C,440.0,0.01,0.03,0.01,29.0,333,0.4023497265625,False,2026-10-02 20:05:53+00:00,GLD261009C00440000
GLD,2026-10-03,380.14,2026-10-09,C,445.0,0.0,0.03,0.01,79.0,179,0.42969320312500003,False,2026-10-02 17:46:24+00:00,GLD261009C00445000
GLD,2026-10-03,380.14,2026-10-09,C,450.0,0.0,0.02,0.01,253.0,505,0.437505625,False,2026-10-02 17:48:24+00:00,GLD261009C00450000
GLD,2026-10-03,380.14,2026-10-09,C,455.0,0.0,0.02,0.01,21.0,423,0.46094289062500005,False,2026-10-02 16:21:46+00:00,GLD261009C00455000
GLD,2026-10-03,380.14,2026-10-09,C,460.0,0.0,0.02,0.02,30.0,122,0.48828636718750007,False,2026-10-02 16:02:44+00:00,GLD261009C00460000
GLD,2026-10-03,380.14,2026-10-09,C,465.0,0.0,0.02,0.02,1.0,94,0.5117236328125,False,2026-09-30 13:50:37+00:00,GLD261009C00465000
GLD,2026-10-03,380.14,2026-10-09,C,470.0,0.0,0.02,0.01,11.0,84,0.507817421875,False,2026-10-02 14:46:55+00:00,GLD261009C00470000
GLD,2026-10-03,380.14,2026-10-09,C,475.0,0.0,0.02,0.04,2.0,112,0.5312546875,False,2026-09-28 17:00:28+00:00,GLD261009C00475000
GLD,2026-10-03,380.14,2026-10-09,C,480.0,0.0,0.02,0.01,30.0,412,0.5468795312500001,False,2026-10-02 15:23:53+00:00,GLD261009C00480000
GLD,2026-10-03,380.14,2026-10-09,C,485.0,0.0,0.03,0.09,1.0,21,0.5937540625000001,False,2026-09-22 14:21:48+00:00,GLD261009C00485000
GLD,2026-10-03,380.14,2026-10-09,C,490.0,0.0,0.02,0.02,5.0,119,0.5937540625000001,False,2026-09-29 16:48:12+00:00,GLD261009C00490000
GLD,2026-10-03,380.14,2026-10-09,C,495.0,0.0,0.02,0.05,2.0,47,0.6171913281250001,False,2026-09-23 13:47:08+00:00,GLD261009C00495000
GLD,2026-10-03,380.14,2026-10-09,C,500.0,0.0,0.02,0.01,60.0,201,0.64062859375,False,2026-10-01 19:12:23+00:00,GLD261009C00500000
GLD,2026-10-03,380.14,2026-10-09,C,505.0,0.0,0.02,0.01,163.0,173,0.6562534375000001,False,2026-10-01 19:11:44+00:00,GLD261009C00505000
GLD,2026-10-03,380.14,2026-10-09,C,510.0,0.0,0.02,0.07,1.0,7,0.6796907031250001,False,2026-09-22 14:22:04+00:00,GLD261009C00510000
GLD,2026-10-03,380.14,2026-10-09,C,515.0,0.0,0.02,0.06,5.0,91,0.70312796875,False,2026-09-22 19:23:25+00:00,GLD261009C00515000
GLD,2026-10-03,380.14,2026-10-09,C,520.0,0.0,0.02,0.02,79.0,752,0.7187528125,False,2026-09-30 19:45:03+00:00,GLD261009C00520000
GLD,2026-10-03,380.14,2026-10-09,C,525.0,0.0,0.02,0.04,3.0,7,0.73437765625,False,2026-09-24 17:27:03+00:00,GLD261009C00525000
GLD,2026-10-03,380.14,2026-10-09,C,530.0,0.0,0.02,0.05,2.0,3,0.7578149218750001,False,2026-09-28 18:51:30+00:00,GLD261009C00530000
GLD,2026-10-03,380.14,2026-10-09,C,535.0,0.0,0.02,0.03,1.0,7,0.7812521875,False,2026-09-24 16:16:19+00:00,GLD261009C00535000
GLD,2026-10-03,380.14,2026-10-09,C,540.0,0.0,0.02,0.02,3.0,6,0.79687703125,False,2026-09-28 19:50:27+00:00,GLD261009C00540000
GLD,2026-10-03,380.14,2026-10-09,C,545.0,0.0,0.02,0.02,250.0,880,0.8125018749999999,False,2026-09-28 15:16:09+00:00,GLD261009C00545000
GLD,2026-10-03,380.14,2026-10-09,C,550.0,0.0,0.02,0.03,45.0,142,0.8359391406249999,False,2026-09-25 15:52:23+00:00,GLD261009C00550000
GLD,2026-10-03,380.14,2026-10-09,C,555.0,0.0,0.02,0.03,6.0,10,0.85937640625,False,2026-09-25 15:39:25+00:00,GLD261009C00555000
GLD,2026-10-03,380.14,2026-10-09,C,560.0,0.0,0.02,0.04,1.0,8,0.87500125,False,2026-09-25 17:45:00+00:00,GLD261009C00560000
GLD,2026-10-03,380.14,2026-10-09,C,565.0,0.0,0.02,0.04,1.0,5,0.8906260937499999,False,2026-09-25 17:44:51+00:00,GLD261009C00565000
GLD,2026-10-03,380.14,2026-10-09,C,570.0,0.0,0.02,0.03,20.0,21,0.9062509375,False,2026-09-24 19:07:34+00:00,GLD261009C00570000
GLD,2026-10-03,380.14,2026-10-09,C,575.0,0.0,0.02,0.08,1.0,3,0.92187578125,False,2026-09-22 14:22:51+00:00,GLD261009C00575000
GLD,2026-10-03,380.14,2026-10-09,C,580.0,0.0,0.02,0.03,,1,0.937500625,False,2026-09-22 18:42:37+00:00,GLD261009C00580000
GLD,2026-10-03,380.14,2026-10-09,C,585.0,0.0,0.02,0.04,,3,0.9609378906249999,False,2026-09-22 17:27:13+00:00,GLD261009C00585000
GLD,2026-10-03,380.14,2026-10-09,C,590.0,0.0,0.02,0.05,1.0,12,0.98437515625,False,2026-09-23 13:38:25+00:00,GLD261009C00590000
GLD,2026-10-03,380.14,2026-10-09,C,595.0,0.0,0.02,0.04,6.0,10,0.992187578125,False,2026-09-28 16:59:46+00:00,GLD261009C00595000
GLD,2026-10-03,380.14,2026-10-09,C,600.0,0.0,0.02,0.04,3.0,4,1.015629921875,False,2026-09-22 19:19:09+00:00,GLD261009C00600000
GLD,2026-10-03,380.14,2026-10-09,C,605.0,0.0,0.02,0.04,2.0,3,1.0312548437500002,False,2026-09-22 19:18:56+00:00,GLD261009C00605000
GLD,2026-10-03,380.14,2026-10-09,C,610.0,0.0,0.02,0.02,1.0,4,1.0468797656250002,False,2026-09-23 13:41:00+00:00,GLD261009C00610000
GLD,2026-10-03,380.14,2026-10-09,C,615.0,0.0,0.02,0.01,2.0,445,1.0625046875000002,False,2026-09-18 13:55:37+00:00,GLD261009C00615000
GLD,2026-10-03,380.14,2026-10-09,C,620.0,0.0,0.02,0.02,1.0,931,1.0781296093750001,False,2026-09-24 14:38:59+00:00,GLD261009C00620000
GLD,2026-10-03,380.14,2026-10-09,C,625.0,0.0,0.02,0.01,1.0,52,1.09375453125,False,2026-09-17 16:29:59+00:00,GLD261009C00625000
GLD,2026-10-03,380.14,2026-10-09,C,630.0,0.0,0.02,0.01,1.0,20,1.109379453125,False,2026-09-17 17:37:16+00:00,GLD261009C00630000
GLD,2026-10-03,380.14,2026-10-09,C,635.0,0.0,0.02,0.01,1.0,2,1.125004375,False,2026-09-17 17:37:11+00:00,GLD261009C00635000
GLD,2026-10-03,380.14,2026-10-09,C,640.0,0.0,0.02,0.01,1.0,5,1.140629296875,False,2026-09-17 18:25:32+00:00,GLD261009C00640000
GLD,2026-10-03,380.14,2026-10-09,C,645.0,0.0,0.02,0.01,1.0,3,1.15625421875,False,2026-09-17 17:36:38+00:00,GLD261009C00645000
GLD,2026-10-03,380.14,2026-10-09,C,650.0,0.0,0.02,0.03,2.0,53,1.171879140625,False,2026-09-18 13:54:51+00:00,GLD261009C00650000
GLD,2026-10-03,380.14,2026-10-09,P,205.0,0.0,0.01,0.02,2.0,2,1.3125034374999998,False,2026-09-14 16:40:47+00:00,GLD261009P00205000
GLD,2026-10-03,380.14,2026-10-09,P,210.0,0.0,0.02,0.02,,0,1.3437532812499997,False,2026-09-14 16:40:54+00:00,GLD261009P00210000
GLD,2026-10-03,380.14,2026-10-09,P,215.0,0.0,0.02,0.02,,0,1.2968785156249998,False,2026-09-14 16:42:22+00:00,GLD261009P00215000
GLD,2026-10-03,380.14,2026-10-09,P,220.0,0.0,0.02,0.02,,1,1.2500037499999999,False,2026-09-14 16:42:31+00:00,GLD261009P00220000
GLD,2026-10-03,380.14,2026-10-09,P,225.0,0.0,0.02,0.03,,1,1.1875040625,False,2026-09-14 16:43:10+00:00,GLD261009P00225000
GLD,2026-10-03,380.14,2026-10-09,P,230.0,0.0,0.01,0.03,2.0,2,1.09375453125,False,2026-09-14 16:46:28+00:00,GLD261009P00230000
GLD,2026-10-03,380.14,2026-10-09,P,235.0,0.0,0.02,0.03,2.0,1,1.09375453125,False,2026-09-14 16:46:44+00:00,GLD261009P00235000
GLD,2026-10-03,380.14,2026-10-09,P,240.0,0.0,0.02,0.01,1.0,2,1.0625046875000002,False,2026-09-15 13:56:44+00:00,GLD261009P00240000
GLD,2026-10-03,380.14,2026-10-09,P,245.0,0.0,0.02,0.01,4.0,2,1.015629921875,False,2026-09-14 17:22:21+00:00,GLD261009P00245000
GLD,2026-10-03,380.14,2026-10-09,P,250.0,0.0,0.01,0.02,11.0,16,0.9062509375,False,2026-09-28 14:58:49+00:00,GLD261009P00250000
GLD,2026-10-03,380.14,2026-10-09,P,255.0,0.0,0.02,0.04,2.0,8,0.92187578125,False,2026-09-28 13:47:51+00:00,GLD261009P00255000
GLD,2026-10-03,380.14,2026-10-09,P,260.0,0.0,0.02,0.01,2.0,34,0.8828136718749999,False,2026-10-02 13:59:24+00:00,GLD261009P00260000
GLD,2026-10-03,380.14,2026-10-09,P,265.0,0.0,0.02,0.02,10.0,42,0.8437515624999999,False,2026-09-29 13:44:25+00:00,GLD261009P00265000
GLD,2026-10-03,380.14,2026-10-09,P,270.0,0.0,0.01,0.01,1.0,14,0.7500025,False,2026-10-02 16:57:42+00:00,GLD261009P00270000
GLD,2026-10-03,380.14,2026-10-09,P,275.0,0.0,0.02,0.05,2.0,102,0.7656273437500001,False,2026-09-28 16:08:20+00:00,GLD261009P00275000
GLD,2026-10-03,380.14,2026-10-09,P,280.0,0.0,0.01,0.05,2.0,18,0.6875031250000001,False,2026-09-28 16:07:42+00:00,GLD261009P00280000
GLD,2026-10-03,380.14,2026-10-09,P,285.0,0.0,0.02,0.05,2.0,25,0.6875031250000001,False,2026-09-28 16:07:19+00:00,GLD261009P00285000
GLD,2026-10-03,380.14,2026-10-09,P,290.0,0.0,0.01,0.01,10.0,39,0.6093789062500001,False,2026-10-02 14:28:39+00:00,GLD261009P00290000
GLD,2026-10-03,380.14,2026-10-09,P,295.0,0.0,0.01,0.01,216.0,227,0.57812921875,False,2026-10-01 19:24:18+00:00,GLD261009P00295000
GLD,2026-10-03,380.14,2026-10-09,P,300.0,0.0,0.01,0.02,1.0,195,0.5312546875,False,2026-10-01 20:05:28+00:00,GLD261009P00300000
GLD,2026-10-03,380.14,2026-10-09,P,305.0,0.01,0.02,0.01,130.0,209,0.5546919531250001,False,2026-10-02 20:06:07+00:00,GLD261009P00305000
GLD,2026-10-03,380.14,2026-10-09,P,310.0,0.0,0.02,0.02,40.0,38,0.500005,False,2026-10-02 16:21:19+00:00,GLD261009P00310000
GLD,2026-10-03,380.14,2026-10-09,P,315.0,0.01,0.02,0.05,3.0,13,0.49219257812500006,False,2026-09-30 14:45:53+00:00,GLD261009P00315000
GLD,2026-10-03,380.14,2026-10-09,P,320.0,0.01,0.03,0.02,32.0,372,0.4726615234375,False,2026-10-02 16:03:25+00:00,GLD261009P00320000
GLD,2026-10-03,380.14,2026-10-09,P,325.0,0.01,0.03,0.03,1.0,9,0.4335994140625,False,2026-10-01 16:44:58+00:00,GLD261009P00325000
GLD,2026-10-03,380.14,2026-10-09,P,330.0,0.01,0.03,0.02,3.0,477,0.39453730468750003,False,2026-10-02 19:20:28+00:00,GLD261009P00330000
GLD,2026-10-03,380.14,2026-10-09,P,335.0,0.02,0.04,0.03,57.0,462,0.36914693359375,False,2026-10-02 19:31:44+00:00,GLD261009P00335000
GLD,2026-10-03,380.14,2026-10-09,P,340.0,0.03,0.05,0.06,31.0,560,0.3398503515625,False,2026-10-02 18:18:41+00:00,GLD261009P00340000
GLD,2026-10-03,380.14,2026-10-09,P,345.0,0.04,0.07,0.06,75.0,213,0.313483427734375,False,2026-10-02 20:13:05+00:00,GLD261009P00345000
GLD,2026-10-03,380.14,2026-10-09,P,350.0,0.07,0.1,0.09,1226.0,2249,0.28711650390624993,False,2026-10-02 20:03:20+00:00,GLD261009P00350000
GLD,2026-10-03,380.14,2026-10-09,P,355.0,0.1,0.13,0.11,1107.0,3082,0.25489026367187506,False,2026-10-02 19:58:47+00:00,GLD261009P00355000
GLD,2026-10-03,380.14,2026-10-09,P,360.0,0.19,0.21,0.2,253.0,1588,0.2299881689453125,False,2026-10-02 20:09:40+00:00,GLD261009P00360000
GLD,2026-10-03,380.14,2026-10-09,P,362.0,0.24,0.27,0.24,3863.0,481,0.22168747070312497,False,2026-10-02 19:58:47+00:00,GLD261009P00362000
GLD,2026-10-03,380.14,2026-10-09,P,363.0,0.28,0.33,0.27,107.0,115,0.22144333251953124,False,2026-10-02 19:58:47+00:00,GLD261009P00363000
GLD,2026-10-03,380.14,2026-10-09,P,365.0,0.38,0.4,0.38,2723.0,6151,0.20996883789062498,False,2026-10-02 20:07:27+00:00,GLD261009P00365000
GLD,2026-10-03,380.14,2026-10-09,P,366.0,0.44,0.47,0.44,244.0,1442,0.20777159423828123,False,2026-10-02 20:07:27+00:00,GLD261009P00366000
GLD,2026-10-03,380.14,2026-10-09,P,367.0,0.49,0.57,0.49,118.0,171,0.20728331787109372,False,2026-10-02 19:58:47+00:00,GLD261009P00367000
GLD,2026-10-03,380.14,2026-10-09,P,368.0,0.6,0.64,0.62,2946.0,1886,0.2024005541992187,False,2026-10-02 20:14:31+00:00,GLD261009P00368000
GLD,2026-10-03,380.14,2026-10-09,P,369.0,0.67,0.79,0.67,143.0,247,0.2034991760253906,False,2026-10-02 19:58:48+00:00,GLD261009P00369000
GLD,2026-10-03,380.14,2026-10-09,P,370.0,0.8,0.87,0.79,750.0,646,0.19727365234375,False,2026-10-02 19:59:26+00:00,GLD261009P00370000
GLD,2026-10-03,380.14,2026-10-09,P,371.0,0.94,1.04,0.93,1147.0,159,0.19678537597656248,False,2026-10-02 19:58:48+00:00,GLD261009P00371000
GLD,2026-10-03,380.14,2026-10-09,P,372.0,1.12,1.21,1.15,270.0,367,0.19458813232421873,False,2026-10-02 20:11:25+00:00,GLD261009P00372000
GLD,2026-10-03,380.14,2026-10-09,P,373.0,1.3,1.42,1.31,86.0,198,0.19336744140625,False,2026-10-02 19:59:00+00:00,GLD261009P00373000
GLD,2026-10-03,380.14,2026-10-09,P,374.0,1.52,1.64,1.54,204.0,458,0.19104812866210938,False,2026-10-02 19:58:13+00:00,GLD261009P00374000
GLD,2026-10-03,380.14,2026-10-09,P,375.0,1.77,1.93,1.8,1807.0,1774,0.19098709411621095,False,2026-10-02 19:58:19+00:00,GLD261009P00375000
GLD,2026-10-03,380.14,2026-10-09,P,376.0,2.06,2.22,2.17,127.0,175,0.18909502319335939,False,2026-10-02 20:12:28+00:00,GLD261009P00376000
GLD,2026-10-03,380.14,2026-10-09,P,377.0,2.41,2.55,2.41,260.0,472,0.187508125,False,2026-10-02 19:58:13+00:00,GLD261009P00377000
GLD,2026-10-03,380.14,2026-10-09,P,378.0,2.8,2.94,2.79,299.0,1747,0.18708088317871097,False,2026-10-02 20:13:22+00:00,GLD261009P00378000
GLD,2026-10-03,380.14,2026-10-09,P,379.0,3.2,3.4,3.3,312.0,251,0.18811847045898436,False,2026-10-02 20:07:01+00:00,GLD261009P00379000
GLD,2026-10-03,380.14,2026-10-09,P,380.0,3.7,3.8,3.65,649.0,1488,0.18433432861328125,False,2026-10-02 19:56:36+00:00,GLD261009P00380000
GLD,2026-10-03,380.14,2026-10-09,P,381.0,4.2,4.4,4.21,93.0,564,0.18811847045898436,True,2026-10-02 19:43:58+00:00,GLD261009P00381000
GLD,2026-10-03,380.14,2026-10-09,P,382.0,4.75,4.95,4.71,56.0,354,0.18763019409179688,True,2026-10-02 18:59:10+00:00,GLD261009P00382000
GLD,2026-10-03,380.14,2026-10-09,P,383.0,5.35,5.65,5.22,45.0,235,0.19263502685546874,True,2026-10-02 19:23:50+00:00,GLD261009P00383000
GLD,2026-10-03,380.14,2026-10-09,P,384.0,5.85,6.35,6.09,178.0,248,0.19605296142578127,True,2026-10-02 19:45:41+00:00,GLD261009P00384000
GLD,2026-10-03,380.14,2026-10-09,P,385.0,6.7,7.0,6.75,91.0,361,0.19507640869140624,True,2026-10-02 19:57:26+00:00,GLD261009P00385000
GLD,2026-10-03,380.14,2026-10-09,P,386.0,7.3,7.8,7.54,9.0,220,0.2004474487304687,True,2026-10-02 17:53:27+00:00,GLD261009P00386000
GLD,2026-10-03,380.14,2026-10-09,P,387.0,8.05,8.55,8.67,25.0,74,0.2016681396484375,True,2026-10-02 18:34:25+00:00,GLD261009P00387000
GLD,2026-10-03,380.14,2026-10-09,P,388.0,8.9,9.4,9.42,5.0,182,0.20728331787109372,True,2026-10-02 18:35:01+00:00,GLD261009P00388000
GLD,2026-10-03,380.14,2026-10-09,P,389.0,9.75,10.25,10.2,31.0,101,0.2117998742675781,True,2026-10-02 18:37:40+00:00,GLD261009P00389000
GLD,2026-10-03,380.14,2026-10-09,P,390.0,10.7,11.1,11.0,80.0,1615,0.21521780883789063,True,2026-10-02 20:10:22+00:00,GLD261009P00390000
GLD,2026-10-03,380.14,2026-10-09,P,391.0,11.55,12.0,11.43,95.0,216,0.22095505615234373,True,2026-10-02 18:01:06+00:00,GLD261009P00391000
GLD,2026-10-03,380.14,2026-10-09,P,392.0,12.35,12.95,12.62,21.0,1225,0.22962196166992188,True,2026-10-02 19:40:51+00:00,GLD261009P00392000
GLD,2026-10-03,380.14,2026-10-09,P,393.0,13.3,13.9,13.1,16.0,100,0.23780059082031246,True,2026-10-02 19:35:38+00:00,GLD261009P00393000
GLD,2026-10-03,380.14,2026-10-09,P,394.0,14.25,14.8,14.97,17.0,113,0.24146266357421875,True,2026-10-02 17:41:51+00:00,GLD261009P00394000
GLD,2026-10-03,380.14,2026-10-09,P,395.0,15.25,15.75,15.94,9.0,268,0.2485426708984375,True,2026-10-02 17:41:15+00:00,GLD261009P00395000
GLD,2026-10-03,380.14,2026-10-09,P,396.0,16.15,16.75,16.85,10.0,81,0.25977302734375,True,2026-10-02 17:38:40+00:00,GLD261009P00396000
GLD,2026-10-03,380.14,2026-10-09,P,397.0,17.1,17.7,17.82,8.0,292,0.2661206201171875,True,2026-10-02 17:41:51+00:00,GLD261009P00397000
GLD,2026-10-03,380.14,2026-10-09,P,398.0,18.05,18.7,18.43,15.0,108,0.27686270019531245,True,2026-10-02 17:41:15+00:00,GLD261009P00398000
GLD,2026-10-03,380.14,2026-10-09,P,399.0,18.7,19.7,20.05,4.0,134,0.2873606420898437,True,2026-10-02 17:38:40+00:00,GLD261009P00399000
GLD,2026-10-03,380.14,2026-10-09,P,400.0,19.7,20.7,20.3,13.0,551,0.2978585839843749,True,2026-10-02 18:52:00+00:00,GLD261009P00400000
GLD,2026-10-03,380.14,2026-10-09,P,401.0,20.65,21.7,21.8,14.0,44,0.3083565258789062,True,2026-10-02 17:36:46+00:00,GLD261009P00401000
GLD,2026-10-03,380.14,2026-10-09,P,402.0,21.65,22.65,22.96,128.0,170,0.31323928955078123,True,2026-10-02 17:33:31+00:00,GLD261009P00402000
GLD,2026-10-03,380.14,2026-10-09,P,403.0,22.65,23.65,20.52,7.0,15,0.3232489550781249,True,2026-10-02 14:40:52+00:00,GLD261009P00403000
GLD,2026-10-03,380.14,2026-10-09,P,404.0,23.65,24.65,24.34,5.0,88,0.3332586206054688,True,2026-10-02 19:16:24+00:00,GLD261009P00404000
GLD,2026-10-03,380.14,2026-10-09,P,405.0,24.6,25.65,25.3,35.0,36,0.3430241479492187,True,2026-10-02 19:53:32+00:00,GLD261009P00405000
GLD,2026-10-03,380.14,2026-10-09,P,406.0,25.6,27.15,23.15,2.0,8,0.40369248657226564,True,2026-10-01 17:30:00+00:00,GLD261009P00406000
GLD,2026-10-03,380.14,2026-10-09,P,407.0,26.65,28.05,24.4,3.0,12,0.4046690393066406,True,2026-10-01 19:40:42+00:00,GLD261009P00407000
GLD,2026-10-03,380.14,2026-10-09,P,408.0,27.65,29.2,25.63,6.0,0,0.4292049267578125,True,2026-09-29 19:43:25+00:00,GLD261009P00408000
GLD,2026-10-03,380.14,2026-10-09,P,409.0,28.55,29.65,29.71,4.0,3,0.3815979809570312,True,2026-10-02 18:08:22+00:00,GLD261009P00409000
GLD,2026-10-03,380.14,2026-10-09,P,410.0,29.6,30.85,27.5,62.0,40,0.414068359375,True,2026-10-01 19:39:31+00:00,GLD261009P00410000
GLD,2026-10-03,380.14,2026-10-09,P,411.0,30.65,32.0,29.72,1.0,0,0.43994700683593746,True,2026-09-29 15:57:25+00:00,GLD261009P00411000
GLD,2026-10-03,380.14,2026-10-09,P,412.0,31.6,33.15,32.25,2.0,0,0.4650932397460938,True,2026-10-02 15:15:31+00:00,GLD261009P00412000
GLD,2026-10-03,380.14,2026-10-09,P,413.0,32.6,34.15,28.3,1.0,0,0.47510290527343746,True,2026-10-02 13:40:21+00:00,GLD261009P00413000
GLD,2026-10-03,380.14,2026-10-09,P,414.0,33.35,35.2,22.63,2.0,0,0.4899953344726563,True,2026-09-24 18:27:17+00:00,GLD261009P00414000
GLD,2026-10-03,380.14,2026-10-09,P,415.0,34.45,35.75,34.6,2.0,0,0.44995667236328124,True,2026-09-29 16:47:55+00:00,GLD261009P00415000
GLD,2026-10-03,380.14,2026-10-09,P,416.0,35.5,36.65,34.19,1.0,0,0.446294599609375,True,2026-09-29 14:50:15+00:00,GLD261009P00416000
GLD,2026-10-03,380.14,2026-10-09,P,417.0,36.55,38.15,36.15,1.0,0,0.5141650146484374,True,2026-09-28 14:01:31+00:00,GLD261009P00417000
GLD,2026-10-03,380.14,2026-10-09,P,418.0,37.55,39.15,24.77,2.0,0,0.5236864038085938,True,2026-09-23 15:02:15+00:00,GLD261009P00418000
GLD,2026-10-03,380.14,2026-10-09,P,419.0,38.55,40.15,41.0,2.0,0,0.53320779296875,True,2026-09-28 15:44:05+00:00,GLD261009P00419000
GLD,2026-10-03,380.14,2026-10-09,P,420.0,39.5,41.15,42.6,1.0,10,0.5427291821289064,True,2026-09-28 14:48:45+00:00,GLD261009P00420000
GLD,2026-10-03,380.14,2026-10-09,P,421.0,40.5,42.2,27.6,2.0,0,0.5576216113281252,True,2026-09-25 19:39:28+00:00,GLD261009P00421000
GLD,2026-10-03,380.14,2026-10-09,P,422.0,41.5,43.15,28.62,1.0,0,0.561527822265625,True,2026-09-14 18:49:24+00:00,GLD261009P00422000
GLD,2026-10-03,380.14,2026-10-09,P,423.0,42.55,44.15,30.62,2.0,0,0.5708050732421875,True,2026-09-23 16:01:53+00:00,GLD261009P00423000
GLD,2026-10-03,380.14,2026-10-09,P,424.0,43.5,45.2,23.22,2.0,0,0.5855754333496093,True,2026-09-18 17:25:49+00:00,GLD261009P00424000
GLD,2026-10-03,380.14,2026-10-09,P,425.0,44.55,45.65,45.59,1.0,0,0.5249070947265625,True,2026-09-28 18:58:39+00:00,GLD261009P00425000
GLD,2026-10-03,380.14,2026-10-09,P,426.0,45.45,47.15,25.67,2.0,0,0.5981485498046876,True,2026-09-18 16:30:17+00:00,GLD261009P00426000
GLD,2026-10-03,380.14,2026-10-09,P,427.0,46.25,48.2,26.55,4.0,0,0.6130409790039064,True,2026-09-18 16:30:17+00:00,GLD261009P00427000
GLD,2026-10-03,380.14,2026-10-09,P,428.0,47.2,49.15,28.87,2.0,0,0.6162147753906251,True,2026-09-18 14:52:03+00:00,GLD261009P00428000
GLD,2026-10-03,380.14,2026-10-09,P,429.0,48.35,50.2,26.4,1.0,0,0.6311072045898438,True,2026-09-04 20:11:37+00:00,GLD261009P00429000
GLD,2026-10-03,380.14,2026-10-09,P,430.0,49.65,50.65,50.75,13.0,0,0.5668988623046876,True,2026-10-02 18:06:30+00:00,GLD261009P00430000
GLD,2026-10-03,380.14,2026-10-09,P,431.0,50.55,52.15,28.58,1.0,0,0.5224657128906249,True,2026-08-31 13:59:56+00:00,GLD261009P00431000
GLD,2026-10-03,380.14,2026-10-09,P,432.0,51.2,53.2,38.5,58.0,0,0.6577182666015625,True,2026-09-24 18:45:02+00:00,GLD261009P00432000
GLD,2026-10-03,380.14,2026-10-09,P,433.0,52.5,54.15,39.53,2.0,0,0.5327195166015625,True,2026-09-15 18:07:19+00:00,GLD261009P00433000
GLD,2026-10-03,380.14,2026-10-09,P,434.0,53.45,55.15,41.62,7.0,0,0.5346726220703125,True,2026-09-14 15:07:20+00:00,GLD261009P00434000
GLD,2026-10-03,380.14,2026-10-09,P,435.0,54.65,55.65,36.06,1.0,0,0.5043994873046875,True,2026-09-17 13:45:03+00:00,GLD261009P00435000
GLD,2026-10-03,380.14,2026-10-09,P,440.0,59.65,60.65,35.65,1.0,0,0.5395553857421876,True,2026-09-04 20:11:47+00:00,GLD261009P00440000
GLD,2026-10-03,380.14,2026-10-09,P,500.0,119.65,120.65,88.11,,0,0.911133701171875,True,2026-09-03 17:36:29+00:00,GLD261009P00500000
GLD,2026-10-03,380.14,2026-10-16,C,205.0,174.15,175.8,186.28,1.0,1,1.5532248901367183,True,2026-09-25 14:08:23+00:00,GLD261016C00205000
GLD,2026-10-03,380.14,2026-10-16,C,210.0,169.15,170.8,172.99,1.0,69,1.4990259423828123,True,2026-10-01 18:48:06+00:00,GLD261016C00210000
GLD,2026-10-03,380.14,2026-10-16,C,215.0,0.0,0.0,187.24,2.0,0,1.0000000000000003e-05,True,2026-08-13 15:57:08+00:00,GLD261016C00215000
GLD,2026-10-03,380.14,2026-10-16,C,220.0,159.2,160.8,181.1,2.0,27,1.3935577197265623,True,2026-09-22 19:33:25+00:00,GLD261016C00220000
GLD,2026-10-03,380.14,2026-10-16,C,225.0,201.15,204.9,150.0,2.0,9,4.859256855621337,True,2026-07-14 17:07:12+00:00,GLD261016C00225000
GLD,2026-10-03,380.14,2026-10-16,C,235.0,0.0,0.0,176.83,1.0,0,1.0000000000000003e-05,True,2026-03-23 19:17:00+00:00,GLD261016C00235000
GLD,2026-10-03,380.14,2026-10-16,C,240.0,224.5,228.75,212.14,1.0,0,6.554201026000977,True,2026-01-30 18:00:00+00:00,GLD261016C00240000
GLD,2026-10-03,380.14,2026-10-16,C,250.0,129.25,130.85,131.59,2.0,15,1.1162153564453123,True,2026-09-29 15:46:14+00:00,GLD261016C00250000
GLD,2026-10-03,380.14,2026-10-16,C,255.0,124.25,125.85,145.55,3.0,4,1.0703171484375003,True,2026-09-17 15:59:51+00:00,GLD261016C00255000
GLD,2026-10-03,380.14,2026-10-16,C,265.0,114.25,115.9,128.72,1.0,70,0.992187578125,True,2026-09-23 19:55:58+00:00,GLD261016C00265000
GLD,2026-10-03,380.14,2026-10-16,C,270.0,109.25,110.9,130.68,4.0,6,0.9477544287109375,True,2026-09-17 17:23:01+00:00,GLD261016C00270000
GLD,2026-10-03,380.14,2026-10-16,C,275.0,126.05,129.5,160.7,3.0,0,2.443485336608887,True,2026-05-13 18:36:58+00:00,GLD261016C00275000
GLD,2026-10-03,380.14,2026-10-16,C,280.0,99.3,100.9,103.11,1.0,5,0.86132951171875,True,2026-10-01 18:48:06+00:00,GLD261016C00280000
GLD,2026-10-03,380.14,2026-10-16,C,285.0,94.3,95.9,108.9,3.0,0,0.8188494677734374,True,2026-09-23 18:50:09+00:00,GLD261016C00285000
GLD,2026-10-03,380.14,2026-10-16,C,290.0,0.0,0.0,115.5,10.0,0,1.0000000000000003e-05,True,2026-08-10 19:31:38+00:00,GLD261016C00290000
GLD,2026-10-03,380.14,2026-10-16,C,295.0,131.7,135.5,79.45,2.0,10,3.267274781036377,True,2026-06-29 14:23:33+00:00,GLD261016C00295000
GLD,2026-10-03,380.14,2026-10-16,C,300.0,79.9,80.9,82.64,2.0,501,0.5800823242187501,True,2026-09-29 18:22:03+00:00,GLD261016C00300000
GLD,2026-10-03,380.14,2026-10-16,C,305.0,146.85,149.7,125.59,2.0,6,4.1033373903656,True,2026-03-19 16:35:42+00:00,GLD261016C00305000
GLD,2026-10-03,380.14,2026-10-16,C,310.0,69.35,71.3,90.36,1.0,11,0.6694368994140626,True,2026-09-17 19:08:16+00:00,GLD261016C00310000
GLD,2026-10-03,380.14,2026-10-16,C,315.0,64.4,66.0,78.15,3.0,50,0.5883830224609375,True,2026-09-14 14:06:33+00:00,GLD261016C00315000
GLD,2026-10-03,380.14,2026-10-16,C,320.0,59.95,61.0,64.78,1.0,134,0.5478560839843751,True,2026-10-02 13:59:47+00:00,GLD261016C00320000
GLD,2026-10-03,380.14,2026-10-16,C,325.0,54.65,56.1,65.47,10.0,160,0.5200243310546875,True,2026-09-24 15:06:58+00:00,GLD261016C00325000
GLD,2026-10-03,380.14,2026-10-16,C,330.0,50.0,51.05,72.59,10.0,83,0.47363807617187503,True,2026-09-18 19:43:10+00:00,GLD261016C00330000
GLD,2026-10-03,380.14,2026-10-16,C,335.0,44.55,46.15,58.53,1.0,159,0.44397528686523435,True,2026-09-14 13:30:07+00:00,GLD261016C00335000
GLD,2026-10-03,380.14,2026-10-16,C,340.0,40.1,41.15,40.63,3.0,104,0.4030821411132813,True,2026-10-02 19:21:37+00:00,GLD261016C00340000
GLD,2026-10-03,380.14,2026-10-16,C,341.0,38.7,40.55,77.75,9.0,11,0.43005941040039064,True,2026-08-28 15:40:28+00:00,GLD261016C00341000
GLD,2026-10-03,380.14,2026-10-16,C,342.0,38.15,39.25,38.4,13.0,12,0.3957579956054688,True,2026-10-02 19:53:07+00:00,GLD261016C00342000
GLD,2026-10-03,380.14,2026-10-16,C,343.0,36.6,38.3,62.53,10.0,11,0.3918517846679687,True,2026-09-08 14:19:34+00:00,GLD261016C00343000
GLD,2026-10-03,380.14,2026-10-16,C,344.0,0.0,0.0,58.65,10.0,0,1.0000000000000003e-05,True,2026-08-07 20:00:48+00:00,GLD261016C00344000
GLD,2026-10-03,380.14,2026-10-16,C,345.0,35.0,36.2,35.4,1.0,39,0.36646141357421874,True,2026-09-28 19:15:23+00:00,GLD261016C00345000
GLD,2026-10-03,380.14,2026-10-16,C,346.0,34.2,35.25,35.23,2.0,3,0.3624331335449219,True,2026-10-02 15:50:41+00:00,GLD261016C00346000
GLD,2026-10-03,380.14,2026-10-16,C,347.0,32.6,34.25,33.69,6.0,12,0.3540103662109374,True,2026-10-02 19:13:59+00:00,GLD261016C00347000
GLD,2026-10-03,380.14,2026-10-16,C,348.0,32.25,33.3,32.7,7.0,2,0.3497379479980468,True,2026-10-02 19:13:59+00:00,GLD261016C00348000
GLD,2026-10-03,380.14,2026-10-16,C,349.0,30.9,32.3,31.88,7.0,3,0.3413151806640625,True,2026-10-02 15:41:00+00:00,GLD261016C00349000
GLD,2026-10-03,380.14,2026-10-16,C,350.0,30.3,31.35,32.01,4.0,154,0.33667655517578127,True,2026-09-29 16:41:21+00:00,GLD261016C00350000
GLD,2026-10-03,380.14,2026-10-16,C,351.0,28.4,30.35,28.82,2.0,2,0.32813171874999997,True,2026-09-28 15:21:33+00:00,GLD261016C00351000
GLD,2026-10-03,380.14,2026-10-16,C,352.0,27.8,29.4,27.92,6.0,8,0.3232489550781249,True,2026-09-28 15:21:33+00:00,GLD261016C00352000
GLD,2026-10-03,380.14,2026-10-16,C,353.0,27.4,28.4,28.97,3.0,3,0.31445998046874996,True,2026-09-30 18:47:05+00:00,GLD261016C00353000
GLD,2026-10-03,380.14,2026-10-16,C,354.0,26.4,27.45,26.95,5.0,4,0.30933307861328124,True,2026-10-02 19:16:10+00:00,GLD261016C00354000
GLD,2026-10-03,380.14,2026-10-16,C,355.0,25.45,26.5,26.01,11.0,55,0.3039620385742187,True,2026-10-02 19:18:53+00:00,GLD261016C00355000
GLD,2026-10-03,380.14,2026-10-16,C,356.0,24.5,25.0,24.92,27.0,29,0.25879647460937505,True,2026-10-02 19:50:47+00:00,GLD261016C00356000
GLD,2026-10-03,380.14,2026-10-16,C,357.0,23.5,24.05,23.93,21.0,28,0.25440198730468755,True,2026-10-02 19:50:47+00:00,GLD261016C00357000
GLD,2026-10-03,380.14,2026-10-16,C,358.0,22.55,23.1,23.2,6.0,27,0.24976336181640624,True,2026-10-02 19:16:31+00:00,GLD261016C00358000
GLD,2026-10-03,380.14,2026-10-16,C,359.0,21.65,22.2,22.27,24.0,31,0.24842060180664063,True,2026-10-02 19:18:12+00:00,GLD261016C00359000
GLD,2026-10-03,380.14,2026-10-16,C,360.0,20.6,21.25,20.99,56.0,624,0.243171630859375,True,2026-10-02 19:18:12+00:00,GLD261016C00360000
GLD,2026-10-03,380.14,2026-10-16,C,361.0,19.85,20.35,20.07,35.0,45,0.24073024902343748,True,2026-10-02 19:17:00+00:00,GLD261016C00361000
GLD,2026-10-03,380.14,2026-10-16,C,362.0,18.9,19.4,19.49,2.0,73,0.2348709326171875,True,2026-10-02 19:09:42+00:00,GLD261016C00362000
GLD,2026-10-03,380.14,2026-10-16,C,363.0,18.0,18.5,21.9,18.0,18,0.23157506713867188,True,2026-10-01 18:36:00+00:00,GLD261016C00363000
GLD,2026-10-03,380.14,2026-10-16,C,364.0,17.0,17.65,20.5,6.0,49,0.23072058349609376,True,2026-10-01 19:27:12+00:00,GLD261016C00364000
GLD,2026-10-03,380.14,2026-10-16,C,365.0,16.2,16.75,16.54,75.0,238,0.2264481652832031,True,2026-10-02 19:51:49+00:00,GLD261016C00365000
GLD,2026-10-03,380.14,2026-10-16,C,366.0,15.25,15.9,15.59,1.0,80,0.22425092163085933,True,2026-10-02 19:51:49+00:00,GLD261016C00366000
GLD,2026-10-03,380.14,2026-10-16,C,367.0,14.6,15.05,17.1,7.0,19,0.22144333251953124,True,2026-10-01 14:53:20+00:00,GLD261016C00367000
GLD,2026-10-03,380.14,2026-10-16,C,368.0,13.6,14.2,16.25,2.0,741,0.2180253979492187,True,2026-10-02 14:31:05+00:00,GLD261016C00368000
GLD,2026-10-03,380.14,2026-10-16,C,369.0,12.8,13.4,16.25,4.0,183,0.21631643066406248,True,2026-10-01 17:44:53+00:00,GLD261016C00369000
GLD,2026-10-03,380.14,2026-10-16,C,370.0,12.15,12.6,12.35,11.0,3150,0.213875048828125,True,2026-10-02 19:54:50+00:00,GLD261016C00370000
GLD,2026-10-03,380.14,2026-10-16,C,371.0,11.4,11.85,11.39,4.0,57,0.21277642700195312,True,2026-10-02 16:33:05+00:00,GLD261016C00371000
GLD,2026-10-03,380.14,2026-10-16,C,372.0,10.5,11.1,13.77,4.0,61,0.21094539062499998,True,2026-09-30 14:57:21+00:00,GLD261016C00372000
GLD,2026-10-03,380.14,2026-10-16,C,373.0,9.95,10.35,10.19,4.0,65,0.20832090515136714,True,2026-10-02 19:49:32+00:00,GLD261016C00373000
GLD,2026-10-03,380.14,2026-10-16,C,374.0,9.25,9.65,9.49,19.0,59,0.20685607604980466,True,2026-10-02 19:49:32+00:00,GLD261016C00374000
GLD,2026-10-03,380.14,2026-10-16,C,375.0,8.65,9.0,8.82,155.0,675,0.20636779968261715,True,2026-10-02 19:49:20+00:00,GLD261016C00375000
GLD,2026-10-03,380.14,2026-10-16,C,376.0,7.95,8.35,8.46,6.0,261,0.20502503967285152,True,2026-10-02 19:10:09+00:00,GLD261016C00376000
GLD,2026-10-03,380.14,2026-10-16,C,377.0,7.35,7.65,7.45,24.0,159,0.20111882873535153,True,2026-10-02 19:52:35+00:00,GLD261016C00377000
GLD,2026-10-03,380.14,2026-10-16,C,378.0,6.75,7.05,6.9,27.0,776,0.19983710327148438,True,2026-10-02 19:52:35+00:00,GLD261016C00378000
GLD,2026-10-03,380.14,2026-10-16,C,379.0,6.2,6.5,6.4,39.0,379,0.19934882690429687,True,2026-10-02 19:54:32+00:00,GLD261016C00379000
GLD,2026-10-03,380.14,2026-10-16,C,380.0,5.85,5.95,6.11,1229.0,6739,0.19800606689453126,True,2026-10-02 19:59:58+00:00,GLD261016C00380000
GLD,2026-10-03,380.14,2026-10-16,C,381.0,5.2,5.45,5.59,65.0,180,0.19739572143554687,False,2026-10-02 19:57:20+00:00,GLD261016C00381000
GLD,2026-10-03,380.14,2026-10-16,C,382.0,4.7,5.0,4.95,45.0,333,0.1975788250732422,False,2026-10-02 20:06:43+00:00,GLD261016C00382000
GLD,2026-10-03,380.14,2026-10-16,C,383.0,4.3,4.55,4.46,306.0,223,0.19684641052246094,False,2026-10-02 20:12:23+00:00,GLD261016C00383000
GLD,2026-10-03,380.14,2026-10-16,C,384.0,3.9,4.15,4.25,75.0,171,0.19696847961425779,False,2026-10-02 19:47:28+00:00,GLD261016C00384000
GLD,2026-10-03,380.14,2026-10-16,C,385.0,3.55,3.8,3.83,1936.0,2323,0.19788399780273438,False,2026-10-02 19:59:58+00:00,GLD261016C00385000
GLD,2026-10-03,380.14,2026-10-16,C,386.0,3.2,3.45,3.45,18.0,365,0.1979450323486328,False,2026-10-02 19:12:40+00:00,GLD261016C00386000
GLD,2026-10-03,380.14,2026-10-16,C,387.0,2.91,3.15,3.05,101.0,87,0.19898261962890623,False,2026-10-02 20:06:43+00:00,GLD261016C00387000
GLD,2026-10-03,380.14,2026-10-16,C,388.0,2.62,2.82,2.71,223.0,323,0.19800606689453126,False,2026-10-02 20:12:23+00:00,GLD261016C00388000
GLD,2026-10-03,380.14,2026-10-16,C,389.0,2.36,2.55,2.5,17.0,153,0.1984333087158203,False,2026-10-02 18:43:39+00:00,GLD261016C00389000
GLD,2026-10-03,380.14,2026-10-16,C,390.0,2.12,2.31,2.32,575.0,10008,0.1992267578125,False,2026-10-02 19:59:53+00:00,GLD261016C00390000
GLD,2026-10-03,380.14,2026-10-16,C,391.0,1.91,2.09,2.04,648.0,1052,0.2000812414550781,False,2026-10-02 19:58:58+00:00,GLD261016C00391000
GLD,2026-10-03,380.14,2026-10-16,C,392.0,1.71,1.89,1.84,128.0,517,0.20093572509765623,False,2026-10-02 19:58:58+00:00,GLD261016C00392000
GLD,2026-10-03,380.14,2026-10-16,C,393.0,1.53,1.71,1.69,34.0,303,0.2020343469238281,False,2026-10-02 19:35:08+00:00,GLD261016C00393000
GLD,2026-10-03,380.14,2026-10-16,C,394.0,1.38,1.54,1.47,33.0,224,0.20288883056640622,False,2026-10-02 19:09:54+00:00,GLD261016C00394000
GLD,2026-10-03,380.14,2026-10-16,C,395.0,1.24,1.35,1.31,2203.0,5869,0.20179020874023437,False,2026-10-02 20:06:39+00:00,GLD261016C00395000
GLD,2026-10-03,380.14,2026-10-16,C,396.0,1.1,1.25,1.2,175.0,282,0.2048419360351562,False,2026-10-02 19:59:25+00:00,GLD261016C00396000
GLD,2026-10-03,380.14,2026-10-16,C,397.0,1.0,1.12,1.06,70.0,865,0.2054522814941406,False,2026-10-02 16:50:37+00:00,GLD261016C00397000
GLD,2026-10-03,380.14,2026-10-16,C,398.0,0.88,1.01,0.96,34.0,220,0.20667297241210933,False,2026-10-02 20:10:18+00:00,GLD261016C00398000
GLD,2026-10-03,380.14,2026-10-16,C,399.0,0.79,0.91,0.9,19.0,2381,0.20789366333007808,False,2026-10-02 19:35:29+00:00,GLD261016C00399000
GLD,2026-10-03,380.14,2026-10-16,C,400.0,0.75,0.8,0.77,1682.0,19526,0.20777159423828123,False,2026-10-02 20:10:18+00:00,GLD261016C00400000
GLD,2026-10-03,380.14,2026-10-16,C,401.0,0.67,0.71,0.66,1019.0,463,0.2082598706054687,False,2026-10-02 19:52:30+00:00,GLD261016C00401000
GLD,2026-10-03,380.14,2026-10-16,C,402.0,0.6,0.65,0.62,251.0,885,0.2104571142578125,False,2026-10-02 19:49:47+00:00,GLD261016C00402000
GLD,2026-10-03,380.14,2026-10-16,C,403.0,0.54,0.59,0.56,67.0,1267,0.21216608154296873,False,2026-10-02 18:54:26+00:00,GLD261016C00403000
GLD,2026-10-03,380.14,2026-10-16,C,404.0,0.49,0.53,0.52,29.0,2851,0.2133867724609375,False,2026-10-02 17:33:11+00:00,GLD261016C00404000
GLD,2026-10-03,380.14,2026-10-16,C,405.0,0.44,0.49,0.46,324.0,5461,0.21607229248046872,False,2026-10-02 19:56:51+00:00,GLD261016C00405000
GLD,2026-10-03,380.14,2026-10-16,C,406.0,0.4,0.43,0.43,81.0,702,0.21607229248046872,False,2026-10-02 19:58:38+00:00,GLD261016C00406000
GLD,2026-10-03,380.14,2026-10-16,C,407.0,0.36,0.39,0.41,19.0,397,0.21778125976562498,False,2026-10-02 15:45:02+00:00,GLD261016C00407000
GLD,2026-10-03,380.14,2026-10-16,C,408.0,0.33,0.36,0.35,34.0,1495,0.22022264160156246,False,2026-10-02 19:08:27+00:00,GLD261016C00408000
GLD,2026-10-03,380.14,2026-10-16,C,409.0,0.3,0.33,0.33,12.0,527,0.2224198852539062,False,2026-10-02 19:44:58+00:00,GLD261016C00409000
GLD,2026-10-03,380.14,2026-10-16,C,410.0,0.28,0.3,0.29,1802.0,12687,0.22412885253906245,False,2026-10-02 19:59:08+00:00,GLD261016C00410000
GLD,2026-10-03,380.14,2026-10-16,C,411.0,0.26,0.28,0.31,79.0,276,0.22705851074218747,False,2026-10-02 16:20:58+00:00,GLD261016C00411000
GLD,2026-10-03,380.14,2026-10-16,C,412.0,0.24,0.26,0.26,73.0,456,0.229499892578125,False,2026-10-02 19:03:23+00:00,GLD261016C00412000
GLD,2026-10-03,380.14,2026-10-16,C,413.0,0.22,0.24,0.25,25.0,324,0.23169713623046873,False,2026-10-02 18:56:12+00:00,GLD261016C00413000
GLD,2026-10-03,380.14,2026-10-16,C,414.0,0.2,0.22,0.21,27.0,287,0.23365024169921872,False,2026-10-02 15:52:56+00:00,GLD261016C00414000
GLD,2026-10-03,380.14,2026-10-16,C,415.0,0.2,0.21,0.21,469.0,7283,0.23731231445312498,False,2026-10-02 19:04:32+00:00,GLD261016C00415000
GLD,2026-10-03,380.14,2026-10-16,C,416.0,0.18,0.2,0.2,4.0,531,0.24073024902343748,False,2026-10-02 14:53:27+00:00,GLD261016C00416000
GLD,2026-10-03,380.14,2026-10-16,C,417.0,0.16,0.18,0.17,9.0,216,0.2417068017578125,False,2026-10-02 16:44:07+00:00,GLD261016C00417000
GLD,2026-10-03,380.14,2026-10-16,C,418.0,0.15,0.17,0.18,6.0,604,0.24463645996093752,False,2026-10-02 16:21:46+00:00,GLD261016C00418000
GLD,2026-10-03,380.14,2026-10-16,C,419.0,0.14,0.16,0.15,9.0,5555,0.247077841796875,False,2026-10-02 19:16:05+00:00,GLD261016C00419000
GLD,2026-10-03,380.14,2026-10-16,C,420.0,0.14,0.15,0.15,450.0,9032,0.2500075,False,2026-10-02 19:49:36+00:00,GLD261016C00420000
GLD,2026-10-03,380.14,2026-10-16,C,421.0,0.13,0.15,0.18,4.0,153,0.25489026367187506,False,2026-10-02 15:03:46+00:00,GLD261016C00421000
GLD,2026-10-03,380.14,2026-10-16,C,422.0,0.12,0.14,0.14,9.0,568,0.2573316455078125,False,2026-10-02 17:13:31+00:00,GLD261016C00422000
GLD,2026-10-03,380.14,2026-10-16,C,423.0,0.11,0.14,0.15,2.0,290,0.2622144091796875,False,2026-09-30 18:51:02+00:00,GLD261016C00423000
GLD,2026-10-03,380.14,2026-10-16,C,424.0,0.11,0.14,0.14,3.0,236,0.26709717285156254,False,2026-10-02 16:10:43+00:00,GLD261016C00424000
GLD,2026-10-03,380.14,2026-10-16,C,425.0,0.1,0.13,0.12,74.0,14711,0.26856200195312496,False,2026-10-02 19:45:26+00:00,GLD261016C00425000
GLD,2026-10-03,380.14,2026-10-16,C,426.0,0.1,0.13,0.12,4.0,199,0.273444765625,False,2026-10-02 15:49:54+00:00,GLD261016C00426000
GLD,2026-10-03,380.14,2026-10-16,C,427.0,0.09,0.12,0.15,20.0,328,0.27539787109374997,False,2026-10-01 14:09:45+00:00,GLD261016C00427000
GLD,2026-10-03,380.14,2026-10-16,C,428.0,0.09,0.12,0.11,15.0,565,0.2797923583984374,False,2026-10-02 19:27:41+00:00,GLD261016C00428000
GLD,2026-10-03,380.14,2026-10-16,C,429.0,0.09,0.11,0.1,2.0,310,0.28125718749999995,False,2026-10-02 16:26:06+00:00,GLD261016C00429000
GLD,2026-10-03,380.14,2026-10-16,C,430.0,0.08,0.11,0.08,175.0,9542,0.28613995117187496,False,2026-10-02 19:53:13+00:00,GLD261016C00430000
GLD,2026-10-03,380.14,2026-10-16,C,431.0,0.07,0.11,0.17,33.0,41,0.29004616210937495,False,2026-09-30 16:21:06+00:00,GLD261016C00431000
GLD,2026-10-03,380.14,2026-10-16,C,432.0,0.07,0.1,0.22,30.0,77,0.2910227148437499,False,2026-09-28 19:48:57+00:00,GLD261016C00432000
GLD,2026-10-03,380.14,2026-10-16,C,433.0,0.07,0.1,0.2,5.0,6,0.295905478515625,False,2026-09-29 14:47:15+00:00,GLD261016C00433000
GLD,2026-10-03,380.14,2026-10-16,C,434.0,0.06,0.1,0.41,69.0,56,0.299811689453125,False,2026-09-25 19:53:13+00:00,GLD261016C00434000
GLD,2026-10-03,380.14,2026-10-16,C,435.0,0.08,0.09,0.08,13.0,5279,0.3007882421875,False,2026-10-02 18:33:29+00:00,GLD261016C00435000
GLD,2026-10-03,380.14,2026-10-16,C,440.0,0.05,0.08,0.08,169.0,16075,0.317389638671875,False,2026-10-02 19:35:39+00:00,GLD261016C00440000
GLD,2026-10-03,380.14,2026-10-16,C,445.0,0.05,0.07,0.06,57.0,6409,0.33301448242187504,False,2026-10-02 19:38:14+00:00,GLD261016C00445000
GLD,2026-10-03,380.14,2026-10-16,C,450.0,0.04,0.06,0.05,119.0,40355,0.34766277343749996,False,2026-10-02 19:55:02+00:00,GLD261016C00450000
GLD,2026-10-03,380.14,2026-10-16,C,455.0,0.03,0.06,0.04,152.0,4262,0.367193828125,False,2026-10-02 19:42:08+00:00,GLD261016C00455000
GLD,2026-10-03,380.14,2026-10-16,C,460.0,0.03,0.05,0.03,34.0,5227,0.3789124609375,False,2026-10-02 19:58:22+00:00,GLD261016C00460000
GLD,2026-10-03,380.14,2026-10-16,C,465.0,0.02,0.05,0.02,2.0,1256,0.398443515625,False,2026-10-02 18:20:39+00:00,GLD261016C00465000
GLD,2026-10-03,380.14,2026-10-16,C,470.0,0.02,0.04,0.03,7.0,2262,0.4062559375,False,2026-10-02 19:19:50+00:00,GLD261016C00470000
GLD,2026-10-03,380.14,2026-10-16,C,475.0,0.01,0.04,0.03,30.0,2443,0.42383388671875,False,2026-10-02 19:59:25+00:00,GLD261016C00475000
GLD,2026-10-03,380.14,2026-10-16,C,480.0,0.02,0.04,0.03,82.0,3290,0.4414118359375,False,2026-10-02 19:32:00+00:00,GLD261016C00480000
GLD,2026-10-03,380.14,2026-10-16,C,485.0,0.01,0.03,0.03,5.0,1950,0.445318046875,False,2026-10-02 19:23:22+00:00,GLD261016C00485000
GLD,2026-10-03,380.14,2026-10-16,C,490.0,0.01,0.03,0.02,10.0,2025,0.46289599609375004,False,2026-10-02 20:07:34+00:00,GLD261016C00490000
GLD,2026-10-03,380.14,2026-10-16,C,495.0,0.01,0.03,0.04,19.0,1455,0.4804739453125,False,2026-09-28 19:01:51+00:00,GLD261016C00495000
GLD,2026-10-03,380.14,2026-10-16,C,500.0,0.01,0.03,0.03,8.0,9253,0.49609878906250005,False,2026-10-02 16:45:20+00:00,GLD261016C00500000
GLD,2026-10-03,380.14,2026-10-16,C,505.0,0.01,0.04,0.02,10.0,20669,0.5039112109375,False,2026-10-01 16:05:08+00:00,GLD261016C00505000
GLD,2026-10-03,380.14,2026-10-16,C,510.0,0.0,0.04,0.03,1.0,1098,0.507817421875,False,2026-09-30 13:51:32+00:00,GLD261016C00510000
GLD,2026-10-03,380.14,2026-10-16,C,515.0,0.01,0.03,0.02,90.0,1261,0.523442265625,False,2026-10-02 19:59:44+00:00,GLD261016C00515000
GLD,2026-10-03,380.14,2026-10-16,C,520.0,0.01,0.02,0.01,6.0,814,0.523442265625,False,2026-10-02 19:47:24+00:00,GLD261016C00520000
GLD,2026-10-03,380.14,2026-10-16,C,525.0,0.0,0.02,0.02,1.0,651,0.523442265625,False,2026-10-01 13:32:21+00:00,GLD261016C00525000
GLD,2026-10-03,380.14,2026-10-16,C,530.0,0.0,0.03,0.03,2.0,427,0.5546919531250001,False,2026-09-24 16:26:55+00:00,GLD261016C00530000
GLD,2026-10-03,380.14,2026-10-16,C,535.0,0.0,0.03,0.1,1.0,431,0.570316796875,False,2026-09-28 14:33:30+00:00,GLD261016C00535000
GLD,2026-10-03,380.14,2026-10-16,C,540.0,0.0,0.03,0.05,1.0,920,0.5820354296875,False,2026-09-28 14:55:47+00:00,GLD261016C00540000
GLD,2026-10-03,380.14,2026-10-16,C,545.0,0.0,0.03,0.02,1.0,809,0.5937540625000001,False,2026-09-29 14:36:01+00:00,GLD261016C00545000
GLD,2026-10-03,380.14,2026-10-16,C,550.0,0.0,0.03,0.02,30.0,1981,0.6093789062500001,False,2026-09-28 19:43:19+00:00,GLD261016C00550000
GLD,2026-10-03,380.14,2026-10-16,C,555.0,0.0,0.03,0.03,1.0,864,0.6250037500000001,False,2026-09-28 14:34:12+00:00,GLD261016C00555000
GLD,2026-10-03,380.14,2026-10-16,C,560.0,0.0,0.03,0.09,1.0,716,0.6367223828125,False,2026-09-24 16:26:36+00:00,GLD261016C00560000
GLD,2026-10-03,380.14,2026-10-16,C,565.0,0.0,0.03,0.1,2.0,659,0.648441015625,False,2026-09-24 16:26:59+00:00,GLD261016C00565000
GLD,2026-10-03,380.14,2026-10-16,C,570.0,0.0,0.03,0.07,7.0,222,0.6640658593750002,False,2026-09-28 14:44:02+00:00,GLD261016C00570000
GLD,2026-10-03,380.14,2026-10-16,C,575.0,0.0,0.03,0.08,1.0,2567,0.6757844921875001,False,2026-09-28 14:42:53+00:00,GLD261016C00575000
GLD,2026-10-03,380.14,2026-10-16,C,580.0,0.0,0.02,0.09,1.0,467,0.6718782812500002,False,2026-09-28 14:42:15+00:00,GLD261016C00580000
GLD,2026-10-03,380.14,2026-10-16,C,585.0,0.0,0.02,0.01,44.0,479,0.6796907031250001,False,2026-10-02 20:10:12+00:00,GLD261016C00585000
GLD,2026-10-03,380.14,2026-10-16,C,590.0,0.0,0.02,0.05,4.0,195,0.6875031250000001,False,2026-09-28 15:23:51+00:00,GLD261016C00590000
GLD,2026-10-03,380.14,2026-10-16,C,595.0,0.0,0.02,0.01,50.0,637,0.70312796875,False,2026-10-02 19:47:05+00:00,GLD261016C00595000
GLD,2026-10-03,380.14,2026-10-16,C,600.0,0.0,0.02,0.01,413.0,6080,0.7187528125,False,2026-10-02 19:36:08+00:00,GLD261016C00600000
GLD,2026-10-03,380.14,2026-10-16,C,605.0,0.0,0.02,0.01,40.0,296,0.726565234375,False,2026-10-02 17:12:50+00:00,GLD261016C00605000
GLD,2026-10-03,380.14,2026-10-16,C,610.0,0.0,0.02,0.01,10.0,184,0.73437765625,False,2026-10-02 17:05:27+00:00,GLD261016C00610000
GLD,2026-10-03,380.14,2026-10-16,C,615.0,0.0,0.02,0.01,10.0,318,0.7500025,False,2026-09-29 13:45:14+00:00,GLD261016C00615000
GLD,2026-10-03,380.14,2026-10-16,C,620.0,0.0,0.02,0.02,20.0,579,0.7656273437500001,False,2026-09-24 15:56:13+00:00,GLD261016C00620000
GLD,2026-10-03,380.14,2026-10-16,C,625.0,0.0,0.02,0.05,414.0,536,0.773439765625,False,2026-09-14 16:45:11+00:00,GLD261016C00625000
GLD,2026-10-03,380.14,2026-10-16,C,630.0,0.0,0.02,0.06,2.0,467,0.7812521875,False,2026-09-15 18:42:22+00:00,GLD261016C00630000
GLD,2026-10-03,380.14,2026-10-16,C,635.0,0.0,0.02,0.05,1.0,570,0.79687703125,False,2026-09-14 16:38:55+00:00,GLD261016C00635000
GLD,2026-10-03,380.14,2026-10-16,C,640.0,0.0,0.02,0.1,1.0,301,0.8125018749999999,False,2026-09-17 16:40:04+00:00,GLD261016C00640000
GLD,2026-10-03,380.14,2026-10-16,C,645.0,0.0,0.02,0.02,1.0,376,0.8125018749999999,False,2026-09-22 13:57:15+00:00,GLD261016C00645000
GLD,2026-10-03,380.14,2026-10-16,C,650.0,0.0,0.02,0.03,2.0,500,0.8281267187499999,False,2026-09-22 19:31:04+00:00,GLD261016C00650000
GLD,2026-10-03,380.14,2026-10-16,C,655.0,0.0,0.02,0.12,1.0,251,0.8437515624999999,False,2026-09-10 19:42:53+00:00,GLD261016C00655000
GLD,2026-10-03,380.14,2026-10-16,C,660.0,0.0,0.02,0.13,3.0,729,0.8437515624999999,False,2026-09-10 15:53:49+00:00,GLD261016C00660000
GLD,2026-10-03,380.14,2026-10-16,C,665.0,0.0,0.02,0.02,1.0,520,0.85937640625,False,2026-09-22 13:52:31+00:00,GLD261016C00665000
GLD,2026-10-03,380.14,2026-10-16,C,670.0,0.0,0.02,0.08,2.0,284,0.87500125,False,2026-09-15 19:25:01+00:00,GLD261016C00670000
GLD,2026-10-03,380.14,2026-10-16,C,675.0,0.0,0.02,0.02,30.0,256,0.87500125,False,2026-09-18 13:39:38+00:00,GLD261016C00675000
GLD,2026-10-03,380.14,2026-10-16,C,680.0,0.0,0.02,0.05,19.0,630,0.8906260937499999,False,2026-09-08 19:16:35+00:00,GLD261016C00680000
GLD,2026-10-03,380.14,2026-10-16,C,685.0,0.0,0.02,0.03,25.0,275,0.9062509375,False,2026-09-17 13:42:08+00:00,GLD261016C00685000
GLD,2026-10-03,380.14,2026-10-16,C,690.0,0.0,0.02,0.03,31.0,1298,0.9062509375,False,2026-09-08 18:14:11+00:00,GLD261016C00690000
GLD,2026-10-03,380.14,2026-10-16,C,695.0,0.0,0.02,0.02,30.0,1136,0.92187578125,False,2026-09-16 17:36:31+00:00,GLD261016C00695000
GLD,2026-10-03,380.14,2026-10-16,C,700.0,0.0,0.02,0.02,15.0,633,0.937500625,False,2026-09-25 16:18:20+00:00,GLD261016C00700000
GLD,2026-10-03,380.14,2026-10-16,C,705.0,0.0,0.02,0.01,1.0,276,0.937500625,False,2026-09-24 16:24:04+00:00,GLD261016C00705000
GLD,2026-10-03,380.14,2026-10-16,C,710.0,0.0,0.02,0.01,1.0,451,0.9531254687499999,False,2026-09-24 16:03:47+00:00,GLD261016C00710000
GLD,2026-10-03,380.14,2026-10-16,C,715.0,0.0,0.02,0.01,1.0,692,0.9609378906249999,False,2026-09-24 16:23:59+00:00,GLD261016C00715000
GLD,2026-10-03,380.14,2026-10-16,C,720.0,0.0,0.02,0.01,1.0,115,0.9687503125,False,2026-09-24 16:23:50+00:00,GLD261016C00720000
GLD,2026-10-03,380.14,2026-10-16,C,725.0,0.0,0.02,0.01,1.0,184,0.98437515625,False,2026-09-24 16:23:30+00:00,GLD261016C00725000
GLD,2026-10-03,380.14,2026-10-16,C,730.0,0.0,0.02,0.01,10.0,2769,0.98437515625,False,2026-09-16 13:30:00+00:00,GLD261016C00730000
GLD,2026-10-03,380.14,2026-10-16,C,735.0,0.0,0.02,0.01,1.0,101,0.992187578125,False,2026-09-24 16:17:58+00:00,GLD261016C00735000
GLD,2026-10-03,380.14,2026-10-16,C,740.0,0.0,0.02,0.09,4.0,609,1.0078174609375,False,2026-09-10 18:14:07+00:00,GLD261016C00740000
GLD,2026-10-03,380.14,2026-10-16,C,745.0,0.0,0.02,0.09,2.0,182,1.015629921875,False,2026-09-10 18:13:42+00:00,GLD261016C00745000
GLD,2026-10-03,380.14,2026-10-16,C,750.0,0.0,0.02,0.09,1.0,265,1.0312548437500002,False,2026-09-10 18:13:31+00:00,GLD261016C00750000
GLD,2026-10-03,380.14,2026-10-16,C,755.0,0.0,0.02,0.02,10.0,309,1.0312548437500002,False,2026-09-08 14:53:35+00:00,GLD261016C00755000
GLD,2026-10-03,380.14,2026-10-16,C,760.0,0.0,0.02,0.09,1.0,209,1.0468797656250002,False,2026-08-31 16:24:48+00:00,GLD261016C00760000
GLD,2026-10-03,380.14,2026-10-16,C,770.0,0.0,0.02,0.05,2.0,129,1.0625046875000002,False,2026-09-09 18:54:56+00:00,GLD261016C00770000
GLD,2026-10-03,380.14,2026-10-16,C,780.0,0.0,0.02,0.02,35.0,1278,1.0781296093750001,False,2026-09-23 17:48:06+00:00,GLD261016C00780000
GLD,2026-10-03,380.14,2026-10-16,C,790.0,0.0,0.02,0.01,1.0,302,1.09375453125,False,2026-09-24 16:04:05+00:00,GLD261016C00790000
GLD,2026-10-03,380.14,2026-10-16,C,800.0,0.0,0.02,0.01,10.0,120,1.109379453125,False,2026-09-24 16:17:41+00:00,GLD261016C00800000
GLD,2026-10-03,380.14,2026-10-16,C,810.0,0.0,0.02,0.01,10.0,306,1.125004375,False,2026-09-22 14:12:42+00:00,GLD261016C00810000
GLD,2026-10-03,380.14,2026-10-16,C,820.0,0.0,0.02,0.07,2.0,303,1.140629296875,False,2026-09-10 14:17:47+00:00,GLD261016C00820000
GLD,2026-10-03,380.14,2026-10-16,C,830.0,0.0,0.02,0.02,18.0,230,1.15625421875,False,2026-09-09 15:00:51+00:00,GLD261016C00830000
GLD,2026-10-03,380.14,2026-10-16,C,840.0,0.0,0.02,0.06,2.0,134,1.1875040625,False,2026-09-10 13:48:39+00:00,GLD261016C00840000
GLD,2026-10-03,380.14,2026-10-16,C,850.0,0.0,0.02,0.01,10.0,1208,1.203128984375,False,2026-09-22 14:12:20+00:00,GLD261016C00850000
GLD,2026-10-03,380.14,2026-10-16,C,860.0,0.0,0.02,0.01,175.0,1104,1.21875390625,False,2026-09-21 19:03:02+00:00,GLD261016C00860000
GLD,2026-10-03,380.14,2026-10-16,C,870.0,0.0,0.02,0.02,1.0,166,1.21875390625,False,2026-09-22 19:31:04+00:00,GLD261016C00870000
GLD,2026-10-03,380.14,2026-10-16,C,880.0,0.0,0.02,0.01,1.0,1123,1.2500037499999999,False,2026-09-21 13:34:35+00:00,GLD261016C00880000
GLD,2026-10-03,380.14,2026-10-16,C,890.0,0.0,0.02,0.01,1.0,1478,1.2500037499999999,False,2026-09-18 18:05:18+00:00,GLD261016C00890000
GLD,2026-10-03,380.14,2026-10-16,C,900.0,0.0,0.02,0.01,15.0,3941,1.2656286718749998,False,2026-09-25 16:17:50+00:00,GLD261016C00900000
GLD,2026-10-03,380.14,2026-10-16,P,205.0,0.0,0.02,0.01,77.0,130,0.98437515625,False,2026-09-23 19:50:22+00:00,GLD261016P00205000
GLD,2026-10-03,380.14,2026-10-16,P,210.0,0.0,0.02,0.01,130.0,148,0.9531254687499999,False,2026-09-23 19:43:23+00:00,GLD261016P00210000
GLD,2026-10-03,380.14,2026-10-16,P,215.0,0.0,0.02,0.01,19.0,36,0.914063359375,False,2026-09-23 19:35:21+00:00,GLD261016P00215000
GLD,2026-10-03,380.14,2026-10-16,P,220.0,0.0,0.02,0.01,109.0,286,0.87500125,False,2026-09-10 15:56:24+00:00,GLD261016P00220000
GLD,2026-10-03,380.14,2026-10-16,P,225.0,0.0,0.02,0.02,1.0,101,0.8437515624999999,False,2026-09-22 17:44:56+00:00,GLD261016P00225000
GLD,2026-10-03,380.14,2026-10-16,P,230.0,0.0,0.02,0.01,10.0,197,0.8125018749999999,False,2026-09-29 13:44:41+00:00,GLD261016P00230000
GLD,2026-10-03,380.14,2026-10-16,P,235.0,0.0,0.02,0.01,4.0,67,0.7812521875,False,2026-10-01 15:22:14+00:00,GLD261016P00235000
GLD,2026-10-03,380.14,2026-10-16,P,240.0,0.0,0.01,0.01,4.0,7751,0.70312796875,False,2026-10-02 18:36:56+00:00,GLD261016P00240000
GLD,2026-10-03,380.14,2026-10-16,P,245.0,0.0,0.02,0.01,10.0,369,0.7187528125,False,2026-10-02 18:36:23+00:00,GLD261016P00245000
GLD,2026-10-03,380.14,2026-10-16,P,250.0,0.0,0.01,0.01,26.0,1094,0.6562534375000001,False,2026-10-01 19:45:38+00:00,GLD261016P00250000
GLD,2026-10-03,380.14,2026-10-16,P,255.0,0.0,0.01,0.01,11.0,128,0.6250037500000001,False,2026-10-01 19:11:38+00:00,GLD261016P00255000
GLD,2026-10-03,380.14,2026-10-16,P,260.0,0.0,0.01,0.01,1.0,244,0.5937540625000001,False,2026-10-02 18:41:29+00:00,GLD261016P00260000
GLD,2026-10-03,380.14,2026-10-16,P,265.0,0.0,0.02,0.01,22.0,91,0.5937540625000001,False,2026-10-02 18:47:29+00:00,GLD261016P00265000
GLD,2026-10-03,380.14,2026-10-16,P,270.0,0.0,0.02,0.02,5.0,379,0.5625043750000001,False,2026-10-01 17:30:03+00:00,GLD261016P00270000
GLD,2026-10-03,380.14,2026-10-16,P,275.0,0.01,0.02,0.01,12.0,321,0.5546919531250001,False,2026-10-02 14:23:32+00:00,GLD261016P00275000
GLD,2026-10-03,380.14,2026-10-16,P,280.0,0.01,0.02,0.02,2.0,8740,0.5273484765625001,False,2026-10-02 15:09:31+00:00,GLD261016P00280000
GLD,2026-10-03,380.14,2026-10-16,P,285.0,0.01,0.02,0.02,3.0,403,0.500005,False,2026-10-02 19:31:05+00:00,GLD261016P00285000
GLD,2026-10-03,380.14,2026-10-16,P,290.0,0.01,0.02,0.03,4.0,1042,0.48438015625,False,2026-10-02 18:55:16+00:00,GLD261016P00290000
GLD,2026-10-03,380.14,2026-10-16,P,295.0,0.02,0.03,0.03,2.0,687,0.47461462890625,False,2026-10-02 15:07:25+00:00,GLD261016P00295000
GLD,2026-10-03,380.14,2026-10-16,P,300.0,0.01,0.03,0.02,16.0,2770,0.445318046875,False,2026-10-02 17:05:25+00:00,GLD261016P00300000
GLD,2026-10-03,380.14,2026-10-16,P,305.0,0.01,0.04,0.04,2.0,482,0.42969320312500003,False,2026-10-02 15:06:41+00:00,GLD261016P00305000
GLD,2026-10-03,380.14,2026-10-16,P,310.0,0.02,0.05,0.04,2.0,926,0.41211525390625,False,2026-10-01 17:42:34+00:00,GLD261016P00310000
GLD,2026-10-03,380.14,2026-10-16,P,315.0,0.03,0.06,0.06,4.0,705,0.39063109375,False,2026-10-02 13:30:00+00:00,GLD261016P00315000
GLD,2026-10-03,380.14,2026-10-16,P,320.0,0.05,0.07,0.08,2.0,7613,0.367193828125,False,2026-10-01 14:09:10+00:00,GLD261016P00320000
GLD,2026-10-03,380.14,2026-10-16,P,325.0,0.07,0.09,0.09,7.0,2256,0.348639326171875,False,2026-10-02 18:33:12+00:00,GLD261016P00325000
GLD,2026-10-03,380.14,2026-10-16,P,330.0,0.09,0.11,0.09,58.0,4441,0.32813171874999997,False,2026-10-02 19:46:15+00:00,GLD261016P00330000
GLD,2026-10-03,380.14,2026-10-16,P,335.0,0.12,0.14,0.14,24.0,8359,0.30762411132812495,False,2026-10-02 20:08:03+00:00,GLD261016P00335000
GLD,2026-10-03,380.14,2026-10-16,P,340.0,0.15,0.19,0.16,68.0,3354,0.29004616210937495,False,2026-10-02 19:45:33+00:00,GLD261016P00340000
GLD,2026-10-03,380.14,2026-10-16,P,341.0,0.16,0.2,0.18,459.0,18,0.28565167480468745,False,2026-10-02 19:13:43+00:00,GLD261016P00341000
GLD,2026-10-03,380.14,2026-10-16,P,342.0,0.17,0.21,0.21,6.0,19,0.28174546386718746,False,2026-10-02 18:42:41+00:00,GLD261016P00342000
GLD,2026-10-03,380.14,2026-10-16,P,343.0,0.19,0.22,0.28,1.0,44,0.27735097656249996,False,2026-10-01 14:11:58+00:00,GLD261016P00343000
GLD,2026-10-03,380.14,2026-10-16,P,344.0,0.2,0.24,0.17,2.0,1307,0.27466545654296876,False,2026-10-02 13:42:37+00:00,GLD261016P00344000
GLD,2026-10-03,380.14,2026-10-16,P,345.0,0.22,0.25,0.23,136.0,5153,0.2700268310546875,False,2026-10-02 19:58:08+00:00,GLD261016P00345000
GLD,2026-10-03,380.14,2026-10-16,P,346.0,0.23,0.27,0.26,2.0,26,0.2668530346679688,False,2026-10-01 19:39:56+00:00,GLD261016P00346000
GLD,2026-10-03,380.14,2026-10-16,P,347.0,0.25,0.29,0.24,4.0,318,0.26343510009765625,False,2026-10-02 14:52:07+00:00,GLD261016P00347000
GLD,2026-10-03,380.14,2026-10-16,P,348.0,0.27,0.31,0.48,1.0,296,0.25977302734375,False,2026-09-29 13:43:36+00:00,GLD261016P00348000
GLD,2026-10-03,380.14,2026-10-16,P,349.0,0.29,0.33,0.48,2.0,331,0.25586681640625003,False,2026-09-29 14:57:28+00:00,GLD261016P00349000
GLD,2026-10-03,380.14,2026-10-16,P,350.0,0.31,0.35,0.34,68.0,10661,0.25196060546875,False,2026-10-02 19:46:15+00:00,GLD261016P00350000
GLD,2026-10-03,380.14,2026-10-16,P,351.0,0.34,0.38,0.35,7.0,49,0.249030947265625,False,2026-10-02 19:47:57+00:00,GLD261016P00351000
GLD,2026-10-03,380.14,2026-10-16,P,352.0,0.37,0.41,0.47,5.0,180,0.2456130126953125,False,2026-10-02 15:55:15+00:00,GLD261016P00352000
GLD,2026-10-03,380.14,2026-10-16,P,353.0,0.4,0.44,0.97,8.0,29,0.24195093994140626,False,2026-09-28 16:30:57+00:00,GLD261016P00353000
GLD,2026-10-03,380.14,2026-10-16,P,354.0,0.44,0.48,0.48,4.0,47,0.23926541992187497,False,2026-10-02 18:58:31+00:00,GLD261016P00354000
GLD,2026-10-03,380.14,2026-10-16,P,355.0,0.48,0.52,0.49,293.0,3824,0.23596955444335935,False,2026-10-02 19:48:23+00:00,GLD261016P00355000
GLD,2026-10-03,380.14,2026-10-16,P,356.0,0.53,0.57,0.53,15.0,268,0.233406103515625,False,2026-10-02 19:11:43+00:00,GLD261016P00356000
GLD,2026-10-03,380.14,2026-10-16,P,357.0,0.58,0.62,0.58,4.0,424,0.23035437622070312,False,2026-10-02 19:57:33+00:00,GLD261016P00357000
GLD,2026-10-03,380.14,2026-10-16,P,358.0,0.63,0.68,0.64,5.0,315,0.22779092529296874,False,2026-10-02 19:57:20+00:00,GLD261016P00358000
GLD,2026-10-03,380.14,2026-10-16,P,359.0,0.69,0.75,0.7,9.0,212,0.225593681640625,False,2026-10-02 19:46:07+00:00,GLD261016P00359000
GLD,2026-10-03,380.14,2026-10-16,P,360.0,0.75,0.82,0.76,160.0,4491,0.22278609252929685,False,2026-10-02 19:57:30+00:00,GLD261016P00360000
GLD,2026-10-03,380.14,2026-10-16,P,361.0,0.8,0.91,0.86,2.0,264,0.22095505615234373,False,2026-10-02 19:06:49+00:00,GLD261016P00361000
GLD,2026-10-03,380.14,2026-10-16,P,362.0,0.88,0.99,0.92,30.0,475,0.21778125976562498,False,2026-10-02 19:16:20+00:00,GLD261016P00362000
GLD,2026-10-03,380.14,2026-10-16,P,363.0,0.97,1.09,1.13,12.0,150,0.21546194702148438,False,2026-10-02 15:20:35+00:00,GLD261016P00363000
GLD,2026-10-03,380.14,2026-10-16,P,364.0,1.07,1.18,1.16,23.0,192,0.21204401245117185,False,2026-10-02 19:47:57+00:00,GLD261016P00364000
GLD,2026-10-03,380.14,2026-10-16,P,365.0,1.19,1.33,1.24,787.0,3226,0.21143366699218746,False,2026-10-02 19:58:08+00:00,GLD261016P00365000
GLD,2026-10-03,380.14,2026-10-16,P,366.0,1.32,1.48,1.4,47.0,6884,0.20996883789062498,False,2026-10-02 17:30:59+00:00,GLD261016P00366000
GLD,2026-10-03,380.14,2026-10-16,P,367.0,1.47,1.64,1.55,43.0,221,0.20838193969726557,False,2026-10-02 19:55:22+00:00,GLD261016P00367000
GLD,2026-10-03,380.14,2026-10-16,P,368.0,1.66,1.77,1.79,199.0,233,0.20459779785156246,False,2026-10-02 18:43:53+00:00,GLD261016P00368000
GLD,2026-10-03,380.14,2026-10-16,P,369.0,1.85,1.99,1.88,83.0,233,0.20441469421386715,False,2026-10-02 19:06:49+00:00,GLD261016P00369000
GLD,2026-10-03,380.14,2026-10-16,P,370.0,2.1,2.18,2.18,2521.0,7223,0.2020343469238281,False,2026-10-02 20:11:09+00:00,GLD261016P00370000
GLD,2026-10-03,380.14,2026-10-16,P,371.0,2.28,2.44,2.3,145.0,264,0.2018512432861328,False,2026-10-02 19:06:49+00:00,GLD261016P00371000
GLD,2026-10-03,380.14,2026-10-16,P,372.0,2.53,2.7,2.95,37.0,431,0.20075262145996092,False,2026-10-02 17:27:28+00:00,GLD261016P00372000
GLD,2026-10-03,380.14,2026-10-16,P,373.0,2.81,2.98,2.88,383.0,933,0.19959296508789062,False,2026-10-02 19:53:02+00:00,GLD261016P00373000
GLD,2026-10-03,380.14,2026-10-16,P,374.0,3.1,3.3,3.2,173.0,499,0.1991046887207031,False,2026-10-02 19:59:06+00:00,GLD261016P00374000
GLD,2026-10-03,380.14,2026-10-16,P,375.0,3.45,3.6,3.55,718.0,2406,0.19702951416015624,False,2026-10-02 20:10:18+00:00,GLD261016P00375000
GLD,2026-10-03,380.14,2026-10-16,P,376.0,3.8,4.0,3.84,59.0,474,0.19763985961914063,False,2026-10-02 19:54:47+00:00,GLD261016P00376000
GLD,2026-10-03,380.14,2026-10-16,P,377.0,4.15,4.35,4.25,416.0,442,0.1956257196044922,False,2026-10-02 19:55:22+00:00,GLD261016P00377000
GLD,2026-10-03,380.14,2026-10-16,P,378.0,4.55,4.8,4.67,125.0,596,0.1961139959716797,False,2026-10-02 19:51:31+00:00,GLD261016P00378000
GLD,2026-10-03,380.14,2026-10-16,P,379.0,5.0,5.25,5.17,111.0,586,0.19568675415039063,False,2026-10-02 19:51:31+00:00,GLD261016P00379000
GLD,2026-10-03,380.14,2026-10-16,P,380.0,5.5,5.7,5.36,623.0,11730,0.194343994140625,False,2026-10-02 19:59:30+00:00,GLD261016P00380000
GLD,2026-10-03,380.14,2026-10-16,P,381.0,6.0,6.25,5.8,18.0,441,0.19544261596679688,True,2026-10-02 19:40:44+00:00,GLD261016P00381000
GLD,2026-10-03,380.14,2026-10-16,P,382.0,6.55,6.8,6.66,328.0,521,0.1956257196044922,True,2026-10-02 19:50:36+00:00,GLD261016P00382000
GLD,2026-10-03,380.14,2026-10-16,P,383.0,7.1,7.35,7.44,39.0,410,0.19489330505371094,True,2026-10-02 18:13:36+00:00,GLD261016P00383000
GLD,2026-10-03,380.14,2026-10-16,P,384.0,7.65,8.0,8.05,41.0,166,0.1966633068847656,True,2026-10-02 18:04:24+00:00,GLD261016P00384000
GLD,2026-10-03,380.14,2026-10-16,P,385.0,8.3,8.6,8.5,358.0,7407,0.1958088232421875,True,2026-10-02 19:35:25+00:00,GLD261016P00385000
GLD,2026-10-03,380.14,2026-10-16,P,386.0,8.85,9.35,8.78,20.0,895,0.19947089599609374,True,2026-10-02 19:29:00+00:00,GLD261016P00386000
GLD,2026-10-03,380.14,2026-10-16,P,387.0,9.55,10.05,9.7,7.0,808,0.20050848327636717,True,2026-10-02 19:44:19+00:00,GLD261016P00387000
GLD,2026-10-03,380.14,2026-10-16,P,388.0,10.2,10.75,10.09,33.0,196,0.20069158691406247,True,2026-10-02 19:33:01+00:00,GLD261016P00388000
GLD,2026-10-03,380.14,2026-10-16,P,389.0,11.0,11.5,9.12,7.0,210,0.2020343469238281,True,2026-10-01 18:35:30+00:00,GLD261016P00389000
GLD,2026-10-03,380.14,2026-10-16,P,390.0,11.7,12.25,11.9,205.0,10271,0.202583657836914,True,2026-10-02 19:57:42+00:00,GLD261016P00390000
GLD,2026-10-03,380.14,2026-10-16,P,391.0,12.55,13.05,12.5,22.0,248,0.2043536596679687,True,2026-10-02 19:20:51+00:00,GLD261016P00391000
GLD,2026-10-03,380.14,2026-10-16,P,392.0,13.35,13.9,13.39,4.0,397,0.20771055969238278,True,2026-10-02 19:08:55+00:00,GLD261016P00392000
GLD,2026-10-03,380.14,2026-10-16,P,393.0,14.2,14.7,14.19,6.0,251,0.20813780151367184,True,2026-10-02 19:06:11+00:00,GLD261016P00393000
GLD,2026-10-03,380.14,2026-10-16,P,394.0,15.05,15.55,15.55,21.0,221,0.21021297607421874,True,2026-10-02 14:25:19+00:00,GLD261016P00394000
GLD,2026-10-03,380.14,2026-10-16,P,395.0,15.85,16.4,16.33,229.0,4481,0.21167780517578122,True,2026-10-02 19:52:30+00:00,GLD261016P00395000
GLD,2026-10-03,380.14,2026-10-16,P,396.0,16.8,17.3,17.12,68.0,440,0.21509573974609375,True,2026-10-02 19:49:40+00:00,GLD261016P00396000
GLD,2026-10-03,380.14,2026-10-16,P,397.0,17.65,18.2,17.88,5.0,243,0.2181474670410156,True,2026-10-02 19:48:21+00:00,GLD261016P00397000
GLD,2026-10-03,380.14,2026-10-16,P,398.0,18.55,19.1,20.18,22.0,214,0.2205888488769531,True,2026-10-02 15:58:24+00:00,GLD261016P00398000
GLD,2026-10-03,380.14,2026-10-16,P,399.0,19.45,20.05,16.06,2.0,346,0.22571575073242187,True,2026-10-01 16:32:00+00:00,GLD261016P00399000
GLD,2026-10-03,380.14,2026-10-16,P,400.0,20.4,20.95,20.25,320.0,37576,0.22730264892578123,True,2026-10-02 20:06:49+00:00,GLD261016P00400000
GLD,2026-10-03,380.14,2026-10-16,P,401.0,21.3,21.95,21.91,12.0,421,0.23499300170898438,True,2026-10-02 18:35:35+00:00,GLD261016P00401000
GLD,2026-10-03,380.14,2026-10-16,P,402.0,22.25,22.9,23.14,12.0,1876,0.23926541992187497,True,2026-10-02 18:00:37+00:00,GLD261016P00402000
GLD,2026-10-03,380.14,2026-10-16,P,403.0,23.1,23.8,20.65,15.0,1206,0.23975369628906246,True,2026-10-01 17:48:37+00:00,GLD261016P00403000
GLD,2026-10-03,380.14,2026-10-16,P,404.0,24.05,24.8,24.44,32.0,239,0.24695577270507812,True,2026-10-02 19:48:21+00:00,GLD261016P00404000
GLD,2026-10-03,380.14,2026-10-16,P,405.0,25.15,26.0,25.79,19.0,2959,0.26819579467773436,True,2026-10-02 16:38:26+00:00,GLD261016P00405000
GLD,2026-10-03,380.14,2026-10-16,P,406.0,25.75,26.7,26.27,16.0,315,0.25354750366210943,True,2026-10-02 19:56:11+00:00,GLD261016P00406000
GLD,2026-10-03,380.14,2026-10-16,P,407.0,26.75,28.3,26.82,4.0,167,0.30261927856445314,True,2026-10-02 19:53:52+00:00,GLD261016P00407000
GLD,2026-10-03,380.14,2026-10-16,P,408.0,27.7,29.1,28.27,8.0,672,0.29688203124999996,True,2026-10-02 19:56:11+00:00,GLD261016P00408000
GLD,2026-10-03,380.14,2026-10-16,P,409.0,27.85,29.65,26.3,3.0,352,0.2700268310546875,True,2026-10-01 19:50:36+00:00,GLD261016P00409000
GLD,2026-10-03,380.14,2026-10-16,P,410.0,29.85,30.7,30.28,329.0,10722,0.28089098022460934,True,2026-10-02 19:58:04+00:00,GLD261016P00410000
GLD,2026-10-03,380.14,2026-10-16,P,411.0,30.6,31.65,32.12,1.0,108,0.28321029296874994,True,2026-09-30 15:50:12+00:00,GLD261016P00411000
GLD,2026-10-03,380.14,2026-10-16,P,412.0,31.65,33.05,28.04,2.0,50,0.3217841259765625,True,2026-10-01 17:30:41+00:00,GLD261016P00412000
GLD,2026-10-03,380.14,2026-10-16,P,413.0,32.65,34.0,33.17,14.0,47,0.3249579223632812,True,2026-10-02 19:59:05+00:00,GLD261016P00413000
GLD,2026-10-03,380.14,2026-10-16,P,414.0,33.55,34.65,29.78,10.0,35,0.30274134765625,True,2026-10-01 13:48:41+00:00,GLD261016P00414000
GLD,2026-10-03,380.14,2026-10-16,P,415.0,34.6,36.25,35.6,13.0,46,0.3570620935058594,True,2026-10-02 16:46:20+00:00,GLD261016P00415000
GLD,2026-10-03,380.14,2026-10-16,P,416.0,35.45,37.2,34.06,4.0,4,0.36048002807617185,True,2026-10-01 13:34:56+00:00,GLD261016P00416000
GLD,2026-10-03,380.14,2026-10-16,P,417.0,36.55,38.2,37.12,4.0,0,0.3673158972167969,True,2026-09-28 13:40:01+00:00,GLD261016P00417000
GLD,2026-10-03,380.14,2026-10-16,P,418.0,37.55,39.2,36.1,1.0,0,0.37415176635742187,True,2026-09-29 19:04:57+00:00,GLD261016P00418000
GLD,2026-10-03,380.14,2026-10-16,P,419.0,38.55,40.2,36.94,3.0,0,0.38086556640624997,True,2026-09-29 19:29:26+00:00,GLD261016P00419000
GLD,2026-10-03,380.14,2026-10-16,P,420.0,39.65,40.6,37.4,175.0,50,0.33570000244140624,True,2026-10-01 19:36:58+00:00,GLD261016P00420000
GLD,2026-10-03,380.14,2026-10-16,P,421.0,40.55,42.2,40.28,22.0,0,0.3942931665039063,True,2026-09-30 19:59:40+00:00,GLD261016P00421000
GLD,2026-10-03,380.14,2026-10-16,P,422.0,40.95,43.2,38.05,51.0,20,0.4010069665527344,True,2026-10-01 19:38:04+00:00,GLD261016P00422000
GLD,2026-10-03,380.14,2026-10-16,P,423.0,42.55,44.2,42.1,1.0,6,0.40759869750976563,True,2026-09-29 13:34:55+00:00,GLD261016P00423000
GLD,2026-10-03,380.14,2026-10-16,P,424.0,43.55,45.2,45.72,4.0,5,0.414068359375,True,2026-09-28 19:50:51+00:00,GLD261016P00424000
GLD,2026-10-03,380.14,2026-10-16,P,425.0,44.65,46.05,41.85,274.0,49,0.40833111206054684,True,2026-10-01 19:36:58+00:00,GLD261016P00425000
GLD,2026-10-03,380.14,2026-10-16,P,426.0,45.55,46.85,41.5,4.0,36,0.3969786865234375,True,2026-10-01 19:39:31+00:00,GLD261016P00426000
GLD,2026-10-03,380.14,2026-10-16,P,427.0,45.7,48.1,45.07,3.0,2,0.42529871582031253,True,2026-09-29 14:42:24+00:00,GLD261016P00427000
GLD,2026-10-03,380.14,2026-10-16,P,428.0,47.55,49.1,36.4,3.0,6,0.43164630859375,True,2026-09-25 14:56:32+00:00,GLD261016P00428000
GLD,2026-10-03,380.14,2026-10-16,P,429.0,47.95,50.2,46.66,42.0,15,0.446294599609375,True,2026-10-01 19:38:04+00:00,GLD261016P00429000
GLD,2026-10-03,380.14,2026-10-16,P,430.0,49.55,51.2,47.26,265.0,43,0.45264219238281256,True,2026-10-01 19:57:49+00:00,GLD261016P00430000
GLD,2026-10-03,380.14,2026-10-16,P,433.0,51.95,54.15,34.48,,0,0.4670463452148438,True,2026-09-22 17:56:35+00:00,GLD261016P00433000
GLD,2026-10-03,380.14,2026-10-16,P,435.0,54.55,56.2,52.24,1.0,5,0.4836477416992188,True,2026-10-01 19:57:49+00:00,GLD261016P00435000
GLD,2026-10-03,380.14,2026-10-16,P,440.0,59.55,61.2,56.7,40.0,14,0.5139208764648437,True,2026-10-01 19:38:04+00:00,GLD261016P00440000
GLD,2026-10-03,380.14,2026-10-16,P,445.0,64.55,66.2,48.0,1.0,0,0.5434615966796876,True,2026-09-22 14:51:26+00:00,GLD261016P00445000
GLD,2026-10-03,380.14,2026-10-16,P,450.0,69.55,71.2,57.05,1.0,0,0.5722699023437501,True,2026-09-25 17:29:01+00:00,GLD261016P00450000
GLD,2026-10-03,380.14,2026-10-16,P,455.0,74.65,76.1,75.36,3.0,3,0.5903361279296876,True,2026-10-02 19:47:39+00:00,GLD261016P00455000
GLD,2026-10-03,380.14,2026-10-16,P,460.0,79.65,80.8,80.38,3.0,0,0.5835002587890624,True,2026-10-02 19:47:39+00:00,GLD261016P00460000
GLD,2026-10-03,380.14,2026-10-16,P,465.0,84.65,86.1,85.36,15.0,20,0.5459029785156251,True,2026-10-01 19:38:04+00:00,GLD261016P00465000
GLD,2026-10-03,380.14,2026-10-16,P,470.0,89.55,91.2,90.36,15.0,35,0.569340244140625,True,2026-10-02 19:47:40+00:00,GLD261016P00470000
GLD,2026-10-03,380.14,2026-10-16,P,475.0,94.6,95.65,95.38,30.0,0,0.5346726220703125,True,2026-10-02 19:47:40+00:00,GLD261016P00475000
GLD,2026-10-03,380.14,2026-10-16,P,480.0,99.4,101.2,100.16,2.0,2,0.5996133789062501,True,2026-10-02 15:37:54+00:00,GLD261016P00480000
GLD,2026-10-03,380.14,2026-10-16,P,485.0,103.9,106.2,102.27,1.0,0,0.5507857421875001,True,2026-10-01 19:46:20+00:00,GLD261016P00485000
GLD,2026-10-03,380.14,2026-10-16,P,490.0,109.45,111.2,80.81,2.0,0,0.648441015625,True,2026-08-28 19:36:09+00:00,GLD261016P00490000
GLD,2026-10-03,380.14,2026-10-16,P,495.0,113.8,116.2,70.24,11.0,0,0.56836369140625,True,2026-08-25 14:40:20+00:00,GLD261016P00495000
GLD,2026-10-03,380.14,2026-10-16,P,500.0,119.55,121.15,99.4,1.0,0,0.6965362377929689,True,2026-09-17 16:00:52+00:00,GLD261016P00500000
GLD,2026-10-03,380.14,2026-10-16,P,505.0,130.75,134.7,118.5,52.0,0,1.3261752441406247,True,2026-06-11 19:52:25+00:00,GLD261016P00505000
GLD,2026-10-03,380.14,2026-10-16,P,510.0,135.75,139.7,112.52,2.0,0,1.3555940423583983,True,2026-06-08 13:51:45+00:00,GLD261016P00510000
GLD,2026-10-03,380.14,2026-10-16,P,515.0,134.45,136.2,92.82,1.0,0,0.75195560546875,True,2026-08-27 20:05:45+00:00,GLD261016P00515000
GLD,2026-10-03,380.14,2026-10-16,P,520.0,139.4,141.2,97.8,1.0,0,0.7651390673828126,True,2026-08-27 20:05:45+00:00,GLD261016P00520000
GLD,2026-10-03,380.14,2026-10-16,P,525.0,73.9,77.45,67.8,1.0,2,1.0000000000000003e-05,True,2026-01-29 15:39:19+00:00,GLD261016P00525000
GLD,2026-10-03,380.14,2026-10-16,P,530.0,0.0,0.0,114.08,2.0,0,1.0000000000000003e-05,True,2026-05-20 15:05:01+00:00,GLD261016P00530000
GLD,2026-10-03,380.14,2026-10-16,P,535.0,0.0,0.0,117.0,20.0,0,1.0000000000000003e-05,True,2026-05-21 18:12:23+00:00,GLD261016P00535000
GLD,2026-10-03,380.14,2026-10-16,P,540.0,0.0,0.0,123.3,5.0,0,1.0000000000000003e-05,True,2026-05-21 18:12:23+00:00,GLD261016P00540000
GLD,2026-10-03,380.14,2026-10-16,P,545.0,0.0,0.0,132.99,2.0,0,1.0000000000000003e-05,True,2026-03-27 18:53:44+00:00,GLD261016P00545000
GLD,2026-10-03,380.14,2026-10-16,P,550.0,0.0,0.0,137.52,4.0,0,1.0000000000000003e-05,True,2026-03-27 18:48:13+00:00,GLD261016P00550000
GLD,2026-10-03,380.14,2026-10-16,P,555.0,0.0,0.0,142.25,2.0,0,1.0000000000000003e-05,True,2026-03-27 18:53:44+00:00,GLD261016P00555000
GLD,2026-10-03,380.14,2026-10-16,P,560.0,141.0,145.85,122.55,1.0,0,1.0000000000000003e-05,True,2026-04-10 19:18:04+00:00,GLD261016P00560000
GLD,2026-10-03,380.14,2026-10-16,P,565.0,190.95,194.7,170.96,2.0,0,1.6546648126220702,True,2026-06-09 14:51:54+00:00,GLD261016P00565000
GLD,2026-10-03,380.14,2026-10-16,P,570.0,189.35,191.2,177.14,1.0,0,0.9399420068359375,True,2026-09-23 19:52:19+00:00,GLD261016P00570000
GLD,2026-10-03,380.14,2026-10-16,P,575.0,194.65,195.6,195.36,15.0,20,0.9023447265625,True,2026-10-02 19:50:46+00:00,GLD261016P00575000
GLD,2026-10-03,380.14,2026-10-16,P,580.0,199.65,200.6,200.38,15.0,0,0.918946123046875,True,2026-10-02 19:50:46+00:00,GLD261016P00580000
GLD,2026-10-03,380.14,2026-10-16,P,585.0,125.15,129.2,130.47,100.0,197,1.0000000000000003e-05,True,2026-02-04 15:08:05+00:00,GLD261016P00585000
GLD,2026-10-03,380.14,2026-10-16,P,590.0,129.85,133.35,141.55,2.0,8,1.0000000000000003e-05,True,2026-02-04 16:28:48+00:00,GLD261016P00590000
GLD,2026-10-03,380.14,2026-10-16,P,595.0,134.65,138.35,140.38,8.0,9,1.0000000000000003e-05,True,2026-02-04 15:09:59+00:00,GLD261016P00595000
GLD,2026-10-03,380.14,2026-10-16,P,600.0,139.35,143.05,123.0,,55,1.0000000000000003e-05,True,2026-01-29 15:25:09+00:00,GLD261016P00600000
GLD,2026-10-03,380.14,2026-10-16,P,605.0,143.95,147.55,136.0,2.0,126,1.0000000000000003e-05,True,2026-01-29 16:00:49+00:00,GLD261016P00605000
GLD,2026-10-03,380.14,2026-10-16,P,610.0,148.55,152.6,158.0,2.0,2,1.0000000000000003e-05,True,2026-02-03 17:22:37+00:00,GLD261016P00610000
GLD,2026-10-03,380.14,2026-10-16,P,615.0,153.35,157.35,163.07,1.0,67,1.0000000000000003e-05,True,2026-02-04 15:31:24+00:00,GLD261016P00615000
GLD,2026-10-03,380.14,2026-10-16,P,620.0,0.0,0.0,211.55,40.0,0,1.0000000000000003e-05,True,2026-03-23 19:01:06+00:00,GLD261016P00620000
GLD,2026-10-03,380.14,2026-10-16,P,625.0,0.0,0.0,217.45,40.0,0,1.0000000000000003e-05,True,2026-03-23 19:01:06+00:00,GLD261016P00625000
GLD,2026-10-03,380.14,2026-10-16,P,630.0,167.8,171.7,146.66,,6,1.0000000000000003e-05,True,2026-01-29 18:49:10+00:00,GLD261016P00630000
GLD,2026-10-03,380.14,2026-10-16,P,635.0,147.45,149.55,148.7,,1,1.0000000000000003e-05,True,2026-01-28 20:07:01+00:00,GLD261016P00635000
GLD,2026-10-03,380.14,2026-10-16,P,640.0,177.55,181.6,207.45,,7,1.0000000000000003e-05,True,2026-02-02 15:12:30+00:00,GLD261016P00640000
GLD,2026-10-03,380.14,2026-10-16,P,645.0,182.45,186.5,148.0,,17,1.0000000000000003e-05,True,2026-01-29 14:44:27+00:00,GLD261016P00645000
GLD,2026-10-03,380.14,2026-10-16,P,650.0,221.45,225.25,273.56,10.0,0,1.0000000000000003e-05,True,2026-07-10 19:14:00+00:00,GLD261016P00650000
GLD,2026-10-03,380.14,2026-10-16,P,655.0,226.45,230.25,278.73,20.0,0,1.0000000000000003e-05,True,2026-07-10 19:14:00+00:00,GLD261016P00655000
GLD,2026-10-03,380.14,2026-10-16,P,660.0,197.6,201.3,213.0,,0,1.0000000000000003e-05,True,2026-01-30 17:47:58+00:00,GLD261016P00660000
GLD,2026-10-03,380.14,2026-10-16,P,680.0,217.05,221.3,251.6,,0,1.0000000000000003e-05,True,2026-02-02 15:46:41+00:00,GLD261016P00680000
GLD,2026-10-03,380.14,2026-10-16,P,690.0,0.0,0.0,274.46,2.0,0,1.0000000000000003e-05,True,2026-03-27 18:45:51+00:00,GLD261016P00690000
GLD,2026-10-03,380.14,2026-10-16,P,700.0,0.0,0.0,221.72,1.0,0,1.0000000000000003e-05,True,2026-02-23 17:10:58+00:00,GLD261016P00700000
GLD,2026-10-03,380.14,2026-10-16,P,900.0,437.0,441.3,428.05,,0,1.0000000000000003e-05,True,2026-01-29 15:28:03+00:00,GLD261016P00900000
GLD,2026-10-03,380.14,2026-10-23,C,250.0,129.45,132.0,144.18,4.0,2,0.8828136718749999,True,2026-09-15 14:34:38+00:00,GLD261023C00250000
GLD,2026-10-03,380.14,2026-10-23,C,315.0,64.7,67.35,92.68,1.0,1,0.5981485498046876,True,2026-09-04 13:54:49+00:00,GLD261023C00315000
GLD,2026-10-03,380.14,2026-10-23,C,345.0,35.15,36.7,56.85,1.0,1,0.3320379296875,True,2026-09-16 15:19:54+00:00,GLD261023C00345000
GLD,2026-10-03,380.14,2026-10-23,C,350.0,30.35,31.9,32.35,1.0,2,0.30664755859375,True,2026-09-29 18:00:07+00:00,GLD261023C00350000
GLD,2026-10-03,380.14,2026-10-23,C,355.0,26.3,26.95,28.85,3.0,2,0.27149166015625,True,2026-10-01 13:59:59+00:00,GLD261023C00355000
GLD,2026-10-03,380.14,2026-10-23,C,360.0,21.75,22.4,21.75,6.0,111,0.25269302001953126,True,2026-10-02 16:37:47+00:00,GLD261023C00360000
GLD,2026-10-03,380.14,2026-10-23,C,365.0,17.45,18.1,19.82,2.0,8,0.23731231445312498,True,2026-09-29 13:31:01+00:00,GLD261023C00365000
GLD,2026-10-03,380.14,2026-10-23,C,370.0,13.55,14.15,14.09,3.0,21,0.22534954345703123,True,2026-10-02 14:32:46+00:00,GLD261023C00370000
GLD,2026-10-03,380.14,2026-10-23,C,371.0,12.8,13.4,13.12,1.0,18,0.22296919616699218,True,2026-10-02 19:58:00+00:00,GLD261023C00371000
GLD,2026-10-03,380.14,2026-10-23,C,372.0,12.1,12.7,11.9,1.0,8,0.22168747070312497,True,2026-10-02 15:45:36+00:00,GLD261023C00372000
GLD,2026-10-03,380.14,2026-10-23,C,373.0,11.4,12.0,13.75,2.0,41,0.21985643432617186,True,2026-09-29 13:31:00+00:00,GLD261023C00373000
GLD,2026-10-03,380.14,2026-10-23,C,374.0,10.75,11.3,12.6,4.0,9,0.21759815612792968,True,2026-09-28 14:12:19+00:00,GLD261023C00374000
GLD,2026-10-03,380.14,2026-10-23,C,375.0,10.15,10.5,9.95,5.0,27,0.21192194335937498,True,2026-10-02 16:12:01+00:00,GLD261023C00375000
GLD,2026-10-03,380.14,2026-10-23,C,376.0,9.55,9.9,10.9,17.0,25,0.21149470153808592,True,2026-09-28 18:30:49+00:00,GLD261023C00376000
GLD,2026-10-03,380.14,2026-10-23,C,377.0,8.95,9.3,9.6,1.0,91,0.21051814880371095,True,2026-10-02 15:34:58+00:00,GLD261023C00377000
GLD,2026-10-03,380.14,2026-10-23,C,378.0,8.35,8.7,8.79,9.0,31,0.20899228515624996,True,2026-10-02 19:34:40+00:00,GLD261023C00378000
GLD,2026-10-03,380.14,2026-10-23,C,379.0,7.8,8.15,8.2,1.0,23,0.20832090515136714,True,2026-10-02 19:10:43+00:00,GLD261023C00379000
GLD,2026-10-03,380.14,2026-10-23,C,380.0,7.25,7.6,7.6,115.0,51,0.20703917968749996,True,2026-10-02 20:03:38+00:00,GLD261023C00380000
GLD,2026-10-03,380.14,2026-10-23,C,381.0,6.75,7.1,6.75,198.0,39,0.20655090332031245,False,2026-10-02 19:52:15+00:00,GLD261023C00381000
GLD,2026-10-03,380.14,2026-10-23,C,382.0,6.3,6.65,6.45,11.0,366,0.20685607604980466,False,2026-10-02 19:46:42+00:00,GLD261023C00382000
GLD,2026-10-03,380.14,2026-10-23,C,383.0,5.85,6.2,5.9,18.0,28,0.2066119378662109,False,2026-10-02 19:50:59+00:00,GLD261023C00383000
GLD,2026-10-03,380.14,2026-10-23,C,384.0,5.4,5.75,5.7,416.0,23,0.20575745422363279,False,2026-10-02 19:59:16+00:00,GLD261023C00384000
GLD,2026-10-03,380.14,2026-10-23,C,385.0,5.0,5.35,5.14,209.0,150,0.20575745422363279,False,2026-10-02 19:29:31+00:00,GLD261023C00385000
GLD,2026-10-03,380.14,2026-10-23,C,386.0,4.65,4.95,4.95,5.0,32,0.20514710876464842,False,2026-10-02 19:29:31+00:00,GLD261023C00386000
GLD,2026-10-03,380.14,2026-10-23,C,387.0,4.3,4.6,4.52,15.0,363,0.20539124694824218,False,2026-10-02 19:10:44+00:00,GLD261023C00387000
GLD,2026-10-03,380.14,2026-10-23,C,388.0,3.95,4.25,4.05,78.0,36,0.20508607421874997,False,2026-10-02 17:13:15+00:00,GLD261023C00388000
GLD,2026-10-03,380.14,2026-10-23,C,389.0,3.65,3.95,3.86,3.0,132,0.20569641967773436,False,2026-10-02 19:32:30+00:00,GLD261023C00389000
GLD,2026-10-03,380.14,2026-10-23,C,390.0,3.35,3.65,3.54,150.0,352,0.20575745422363279,False,2026-10-02 19:59:19+00:00,GLD261023C00390000
GLD,2026-10-03,380.14,2026-10-23,C,391.0,3.1,3.4,3.3,17.0,300,0.20685607604980466,False,2026-10-02 18:40:26+00:00,GLD261023C00391000
GLD,2026-10-03,380.14,2026-10-23,C,392.0,2.86,3.05,3.0,18.0,140,0.2041705560302734,False,2026-10-02 20:03:06+00:00,GLD261023C00392000
GLD,2026-10-03,380.14,2026-10-23,C,393.0,2.63,2.85,3.2,2.0,467,0.20587952331542966,False,2026-10-02 14:59:29+00:00,GLD261023C00393000
GLD,2026-10-03,380.14,2026-10-23,C,394.0,2.42,2.64,2.58,41.0,214,0.20673400695800775,False,2026-10-02 19:59:28+00:00,GLD261023C00394000
GLD,2026-10-03,380.14,2026-10-23,C,395.0,2.24,2.43,2.34,40.0,566,0.20710021423339842,False,2026-10-02 19:16:37+00:00,GLD261023C00395000
GLD,2026-10-03,380.14,2026-10-23,C,396.0,2.06,2.22,2.24,3.0,180,0.20691711059570309,False,2026-10-02 20:04:35+00:00,GLD261023C00396000
GLD,2026-10-03,380.14,2026-10-23,C,397.0,1.89,2.0,2.06,50.0,127,0.20575745422363279,False,2026-10-02 20:11:51+00:00,GLD261023C00397000
GLD,2026-10-03,380.14,2026-10-23,C,398.0,1.73,1.9,1.96,3.0,265,0.2089312506103515,False,2026-10-02 15:17:16+00:00,GLD261023C00398000
GLD,2026-10-03,380.14,2026-10-23,C,399.0,1.59,1.75,1.6,3.0,162,0.20960263061523435,False,2026-10-02 17:35:48+00:00,GLD261023C00399000
GLD,2026-10-03,380.14,2026-10-23,C,400.0,1.46,1.6,1.53,192.0,2788,0.2098467687988281,False,2026-10-02 19:58:25+00:00,GLD261023C00400000
GLD,2026-10-03,380.14,2026-10-23,C,401.0,1.34,1.49,1.37,25.0,84,0.21149470153808592,False,2026-10-02 18:26:42+00:00,GLD261023C00401000
GLD,2026-10-03,380.14,2026-10-23,C,402.0,1.24,1.36,1.3,23.0,254,0.21173883972167967,False,2026-10-02 19:23:34+00:00,GLD261023C00402000
GLD,2026-10-03,380.14,2026-10-23,C,403.0,1.14,1.26,1.71,2.0,82,0.21302056518554688,False,2026-10-01 18:32:47+00:00,GLD261023C00403000
GLD,2026-10-03,380.14,2026-10-23,C,404.0,1.04,1.14,1.07,41.0,188,0.21283746154785155,False,2026-10-02 17:35:48+00:00,GLD261023C00404000
GLD,2026-10-03,380.14,2026-10-23,C,405.0,0.96,1.07,1.02,77.0,341,0.21497367065429687,False,2026-10-02 19:59:19+00:00,GLD261023C00405000
GLD,2026-10-03,380.14,2026-10-23,C,406.0,0.89,0.98,0.96,20.0,194,0.21558401611328126,False,2026-10-02 18:53:10+00:00,GLD261023C00406000
GLD,2026-10-03,380.14,2026-10-23,C,407.0,0.82,0.91,0.85,13.0,100,0.21704884521484374,False,2026-10-02 19:31:25+00:00,GLD261023C00407000
GLD,2026-10-03,380.14,2026-10-23,C,408.0,0.75,0.86,0.85,3.0,410,0.21949022705078125,False,2026-10-02 16:08:43+00:00,GLD261023C00408000
GLD,2026-10-03,380.14,2026-10-23,C,409.0,0.68,0.79,1.04,1.0,111,0.22034471069335934,False,2026-10-02 14:33:17+00:00,GLD261023C00409000
GLD,2026-10-03,380.14,2026-10-23,C,410.0,0.64,0.71,0.68,161.0,273,0.2199785034179687,False,2026-10-02 19:54:31+00:00,GLD261023C00410000
GLD,2026-10-03,380.14,2026-10-23,C,411.0,0.59,0.7,1.03,3.0,47,0.22461712890624996,False,2026-10-02 13:47:12+00:00,GLD261023C00411000
GLD,2026-10-03,380.14,2026-10-23,C,412.0,0.56,0.67,0.63,2.0,176,0.22754678710937498,False,2026-10-02 16:50:43+00:00,GLD261023C00412000
GLD,2026-10-03,380.14,2026-10-23,C,413.0,0.54,0.61,0.59,55.0,944,0.22779092529296874,False,2026-10-02 16:50:43+00:00,GLD261023C00413000
GLD,2026-10-03,380.14,2026-10-23,C,414.0,0.48,0.58,0.74,1.0,44,0.23035437622070312,False,2026-10-02 14:33:17+00:00,GLD261023C00414000
GLD,2026-10-03,380.14,2026-10-23,C,415.0,0.45,0.51,0.49,34.0,741,0.22901161621093752,False,2026-10-02 19:54:31+00:00,GLD261023C00415000
GLD,2026-10-03,380.14,2026-10-23,C,416.0,0.41,0.55,0.63,4.0,143,0.2375564526367187,False,2026-10-01 18:09:59+00:00,GLD261023C00416000
GLD,2026-10-03,380.14,2026-10-23,C,417.0,0.39,0.53,0.43,1.0,81,0.24073024902343748,False,2026-10-02 19:31:25+00:00,GLD261023C00417000
GLD,2026-10-03,380.14,2026-10-23,C,418.0,0.36,0.45,0.43,213.0,195,0.2375564526367187,False,2026-10-02 16:50:43+00:00,GLD261023C00418000
GLD,2026-10-03,380.14,2026-10-23,C,419.0,0.34,0.45,0.45,97.0,707,0.242195078125,False,2026-10-02 15:00:36+00:00,GLD261023C00419000
GLD,2026-10-03,380.14,2026-10-23,C,420.0,0.32,0.38,0.39,57.0,3567,0.23902128173828124,False,2026-10-02 16:16:06+00:00,GLD261023C00420000
GLD,2026-10-03,380.14,2026-10-23,C,421.0,0.3,0.44,0.62,6.0,173,0.25049577636718745,False,2026-09-29 15:56:31+00:00,GLD261023C00421000
GLD,2026-10-03,380.14,2026-10-23,C,422.0,0.28,0.41,0.41,8.0,207,0.25171646728515623,False,2026-10-01 18:10:40+00:00,GLD261023C00422000
GLD,2026-10-03,380.14,2026-10-23,C,423.0,0.27,0.4,0.56,1.0,60,0.25489026367187506,False,2026-10-01 13:30:01+00:00,GLD261023C00423000
GLD,2026-10-03,380.14,2026-10-23,C,424.0,0.25,0.31,0.35,2.0,39,0.24781025634765624,False,2026-10-01 17:30:42+00:00,GLD261023C00424000
GLD,2026-10-03,380.14,2026-10-23,C,425.0,0.25,0.3,0.27,11.0,1097,0.2507399145507812,False,2026-10-02 18:55:55+00:00,GLD261023C00425000
GLD,2026-10-03,380.14,2026-10-23,C,426.0,0.23,0.28,0.5,3.0,57,0.25196060546875,False,2026-09-29 14:03:22+00:00,GLD261023C00426000
GLD,2026-10-03,380.14,2026-10-23,C,427.0,0.21,0.34,0.25,1.0,181,0.2651440673828125,False,2026-10-02 19:09:19+00:00,GLD261023C00427000
GLD,2026-10-03,380.14,2026-10-23,C,428.0,0.2,0.33,0.28,9.0,27,0.26807372558593745,False,2026-10-01 18:11:23+00:00,GLD261023C00428000
GLD,2026-10-03,380.14,2026-10-23,C,429.0,0.19,0.33,0.25,2.0,69,0.2722240747070312,False,2026-10-01 17:30:42+00:00,GLD261023C00429000
GLD,2026-10-03,380.14,2026-10-23,C,430.0,0.18,0.27,0.24,19.0,410,0.26709717285156254,False,2026-10-02 15:55:48+00:00,GLD261023C00430000
GLD,2026-10-03,380.14,2026-10-23,C,431.0,0.18,0.25,0.21,11.0,102,0.26807372558593745,False,2026-10-02 18:32:20+00:00,GLD261023C00431000
GLD,2026-10-03,380.14,2026-10-23,C,432.0,0.17,0.23,0.17,2.0,376,0.26856200195312496,False,2026-10-02 19:09:19+00:00,GLD261023C00432000
GLD,2026-10-03,380.14,2026-10-23,C,433.0,0.16,0.28,0.72,49.0,43,0.28125718749999995,False,2026-09-24 17:52:25+00:00,GLD261023C00433000
GLD,2026-10-03,380.14,2026-10-23,C,434.0,0.15,0.25,0.25,1.0,6,0.2802806347656249,False,2026-10-02 14:11:44+00:00,GLD261023C00434000
GLD,2026-10-03,380.14,2026-10-23,C,435.0,0.15,0.25,0.26,10.0,91,0.2841868457031249,False,2026-10-02 14:53:32+00:00,GLD261023C00435000
GLD,2026-10-03,380.14,2026-10-23,C,440.0,0.12,0.18,0.16,12.0,681,0.28955788574218744,False,2026-10-02 19:24:16+00:00,GLD261023C00440000
GLD,2026-10-03,380.14,2026-10-23,C,445.0,0.1,0.16,0.12,10.0,155,0.30274134765625,False,2026-10-02 19:11:08+00:00,GLD261023C00445000
GLD,2026-10-03,380.14,2026-10-23,C,450.0,0.07,0.29,0.12,3.0,2130,0.3505924316406249,False,2026-09-30 14:17:39+00:00,GLD261023C00450000
GLD,2026-10-03,380.14,2026-10-23,C,455.0,0.08,0.1,0.09,23.0,385,0.31836619140624994,False,2026-10-02 17:33:28+00:00,GLD261023C00455000
GLD,2026-10-03,380.14,2026-10-23,C,460.0,0.06,0.08,0.08,11.0,309,0.32617861328125,False,2026-10-02 18:32:38+00:00,GLD261023C00460000
GLD,2026-10-03,380.14,2026-10-23,C,465.0,0.05,0.11,0.14,1.0,23,0.35596347167968745,False,2026-10-02 18:32:30+00:00,GLD261023C00465000
GLD,2026-10-03,380.14,2026-10-23,C,470.0,0.04,0.08,0.06,1.0,31,0.358404853515625,False,2026-10-02 18:49:11+00:00,GLD261023C00470000
GLD,2026-10-03,380.14,2026-10-23,C,475.0,0.03,0.07,0.1,1.0,29,0.36817038085937503,False,2026-10-01 13:41:31+00:00,GLD261023C00475000
GLD,2026-10-03,380.14,2026-10-23,C,480.0,0.03,0.05,0.04,2.0,305,0.36914693359375,False,2026-10-02 18:27:02+00:00,GLD261023C00480000
GLD,2026-10-03,380.14,2026-10-23,C,485.0,0.02,0.09,0.09,1.0,37,0.40918559570312496,False,2026-10-02 18:27:12+00:00,GLD261023C00485000
GLD,2026-10-03,380.14,2026-10-23,C,490.0,0.02,0.05,0.04,2.0,62,0.398443515625,False,2026-10-01 13:41:27+00:00,GLD261023C00490000
GLD,2026-10-03,380.14,2026-10-23,C,495.0,0.02,0.04,0.03,7.0,107,0.4023497265625,False,2026-10-02 15:27:35+00:00,GLD261023C00495000
GLD,2026-10-03,380.14,2026-10-23,C,500.0,0.01,0.04,0.05,11.0,77,0.41602146484374997,False,2026-10-02 13:30:02+00:00,GLD261023C00500000
GLD,2026-10-03,380.14,2026-10-23,C,505.0,0.01,0.09,0.05,5.0,74,0.4687553125,False,2026-10-02 15:25:18+00:00,GLD261023C00505000
GLD,2026-10-03,380.14,2026-10-23,C,520.0,0.01,0.05,0.05,233.0,309,0.47852083984375,False,2026-09-28 14:21:08+00:00,GLD261023C00520000
GLD,2026-10-03,380.14,2026-10-23,C,525.0,0.01,0.09,0.06,40.0,48,0.523442265625,False,2026-09-25 17:12:08+00:00,GLD261023C00525000
GLD,2026-10-03,380.14,2026-10-23,C,530.0,0.01,0.1,0.04,8.0,536,0.5097705273437501,False,2026-09-28 14:36:03+00:00,GLD261023C00530000
GLD,2026-10-03,380.14,2026-10-23,C,535.0,0.01,0.09,0.08,2.0,302,0.51758294921875,False,2026-09-28 14:35:10+00:00,GLD261023C00535000
GLD,2026-10-03,380.14,2026-10-23,C,540.0,0.01,0.09,0.09,2.0,1,0.5293015820312501,False,2026-09-18 14:18:54+00:00,GLD261023C00540000
GLD,2026-10-03,380.14,2026-10-23,C,545.0,0.0,0.07,0.08,3.0,1,0.523442265625,False,2026-10-02 13:44:37+00:00,GLD261023C00545000
GLD,2026-10-03,380.14,2026-10-23,C,550.0,0.0,0.09,0.04,1.0,2,0.5488326367187502,False,2026-09-28 19:56:12+00:00,GLD261023C00550000
GLD,2026-10-03,380.14,2026-10-23,C,555.0,0.0,0.07,0.08,2.0,4,0.5468795312500001,False,2026-10-02 13:45:06+00:00,GLD261023C00555000
GLD,2026-10-03,380.14,2026-10-23,C,560.0,0.0,0.08,0.08,1.0,14,0.5664105859375,False,2026-09-25 15:48:31+00:00,GLD261023C00560000
GLD,2026-10-03,380.14,2026-10-23,C,565.0,0.0,0.06,0.08,1.0,4,0.5625043750000001,False,2026-10-02 13:45:57+00:00,GLD261023C00565000
GLD,2026-10-03,380.14,2026-10-23,C,570.0,0.0,0.08,0.24,,3,0.5898478515625001,False,2026-09-10 14:36:29+00:00,GLD261023C00570000
GLD,2026-10-03,380.14,2026-10-23,C,575.0,0.0,0.15,0.04,1.0,12,0.63867548828125,False,2026-10-01 15:48:11+00:00,GLD261023C00575000
GLD,2026-10-03,380.14,2026-10-23,C,580.0,0.0,0.15,0.04,2.0,4,0.65039412109375,False,2026-09-25 15:46:06+00:00,GLD261023C00580000
GLD,2026-10-03,380.14,2026-10-23,C,585.0,0.0,0.08,0.05,371.0,371,0.62305064453125,False,2026-09-21 19:44:14+00:00,GLD261023C00585000
GLD,2026-10-03,380.14,2026-10-23,C,590.0,0.0,0.15,0.05,2.0,5,0.6738313867187502,False,2026-09-21 19:38:29+00:00,GLD261023C00590000
GLD,2026-10-03,380.14,2026-10-23,C,595.0,0.0,0.15,0.04,1.0,8,0.6835969140625001,False,2026-09-22 13:49:29+00:00,GLD261023C00595000
GLD,2026-10-03,380.14,2026-10-23,C,600.0,0.01,0.06,0.08,3.0,8,0.648441015625,False,2026-10-02 13:46:32+00:00,GLD261023C00600000
GLD,2026-10-03,380.14,2026-10-23,C,605.0,0.01,0.06,0.07,2.0,37,0.6562534375000001,False,2026-10-02 13:46:27+00:00,GLD261023C00605000
GLD,2026-10-03,380.14,2026-10-23,C,610.0,0.0,0.15,0.03,2.0,1,0.71679970703125,False,2026-09-25 15:46:56+00:00,GLD261023C00610000
GLD,2026-10-03,380.14,2026-10-23,C,615.0,0.0,0.15,0.02,1.0,3,0.72851833984375,False,2026-09-28 20:00:10+00:00,GLD261023C00615000
GLD,2026-10-03,380.14,2026-10-23,C,620.0,0.0,0.14,0.03,2.0,15,0.73437765625,False,2026-09-25 15:48:20+00:00,GLD261023C00620000
GLD,2026-10-03,380.14,2026-10-23,C,625.0,0.0,0.14,0.03,2.0,15,0.74414318359375,False,2026-09-25 15:48:33+00:00,GLD261023C00625000
GLD,2026-10-03,380.14,2026-10-23,C,630.0,0.0,0.14,0.05,2.0,2,0.75586181640625,False,2026-09-25 15:47:57+00:00,GLD261023C00630000
GLD,2026-10-03,380.14,2026-10-23,C,635.0,0.0,0.14,0.05,2.0,2,0.7656273437500001,False,2026-09-25 15:47:52+00:00,GLD261023C00635000
GLD,2026-10-03,380.14,2026-10-23,C,640.0,0.0,0.14,0.02,2.0,5,0.7753928710937501,False,2026-09-29 17:51:48+00:00,GLD261023C00640000
GLD,2026-10-03,380.14,2026-10-23,C,645.0,0.0,0.14,0.02,3.0,6,0.78711150390625,False,2026-09-29 18:00:54+00:00,GLD261023C00645000
GLD,2026-10-03,380.14,2026-10-23,C,650.0,0.0,0.14,0.08,1.0,12,0.79687703125,False,2026-09-25 19:06:42+00:00,GLD261023C00650000
GLD,2026-10-03,380.14,2026-10-23,P,210.0,0.0,0.05,0.03,,1,0.8359391406249999,False,2026-09-10 19:26:20+00:00,GLD261023P00210000
GLD,2026-10-03,380.14,2026-10-23,P,215.0,0.0,0.05,0.03,1.0,2,0.804689453125,False,2026-09-22 13:55:01+00:00,GLD261023P00215000
GLD,2026-10-03,380.14,2026-10-23,P,220.0,0.0,0.01,0.01,3.0,17,0.6875031250000001,False,2026-10-02 18:49:07+00:00,GLD261023P00220000
GLD,2026-10-03,380.14,2026-10-23,P,225.0,0.0,0.01,0.01,4.0,15,0.6562534375000001,False,2026-10-02 18:48:24+00:00,GLD261023P00225000
GLD,2026-10-03,380.14,2026-10-23,P,230.0,0.0,0.01,0.01,5.0,9,0.6250037500000001,False,2026-10-02 19:33:00+00:00,GLD261023P00230000
GLD,2026-10-03,380.14,2026-10-23,P,235.0,0.01,0.04,0.02,4.0,21,0.6875031250000001,False,2026-09-25 18:45:18+00:00,GLD261023P00235000
GLD,2026-10-03,380.14,2026-10-23,P,240.0,0.01,0.03,0.03,2.0,7,0.648441015625,False,2026-10-02 19:54:32+00:00,GLD261023P00240000
GLD,2026-10-03,380.14,2026-10-23,P,245.0,0.0,0.06,0.02,3.0,10,0.64062859375,False,2026-09-29 18:34:55+00:00,GLD261023P00245000
GLD,2026-10-03,380.14,2026-10-23,P,250.0,0.01,0.03,0.06,1.0,7,0.5937540625000001,False,2026-10-02 15:14:38+00:00,GLD261023P00250000
GLD,2026-10-03,380.14,2026-10-23,P,255.0,0.01,0.04,0.02,2.0,16,0.57812921875,False,2026-10-02 14:03:13+00:00,GLD261023P00255000
GLD,2026-10-03,380.14,2026-10-23,P,260.0,0.01,0.04,0.04,3.0,12,0.5507857421875001,False,2026-10-02 14:11:12+00:00,GLD261023P00260000
GLD,2026-10-03,380.14,2026-10-23,P,265.0,0.01,0.03,0.02,3.0,6,0.51562984375,False,2026-09-25 17:53:47+00:00,GLD261023P00265000
GLD,2026-10-03,380.14,2026-10-23,P,270.0,0.01,0.04,0.04,2.0,4,0.500005,False,2026-09-25 17:53:36+00:00,GLD261023P00270000
GLD,2026-10-03,380.14,2026-10-23,P,275.0,0.01,0.04,0.04,2.0,11,0.49805189453125004,False,2026-10-02 14:02:23+00:00,GLD261023P00275000
GLD,2026-10-03,380.14,2026-10-23,P,280.0,0.01,0.05,0.08,1.0,591,0.48438015625,False,2026-10-02 13:43:22+00:00,GLD261023P00280000
GLD,2026-10-03,380.14,2026-10-23,P,285.0,0.01,0.05,0.05,1.0,41,0.45898978515625005,False,2026-10-01 19:31:57+00:00,GLD261023P00285000
GLD,2026-10-03,380.14,2026-10-23,P,290.0,0.01,0.06,0.05,1.0,72,0.4414118359375,False,2026-09-30 17:05:42+00:00,GLD261023P00290000
GLD,2026-10-03,380.14,2026-10-23,P,295.0,0.01,0.07,0.07,1.0,309,0.42383388671875,False,2026-10-01 19:12:05+00:00,GLD261023P00295000
GLD,2026-10-03,380.14,2026-10-23,P,300.0,0.04,0.08,0.08,4.0,370,0.405279384765625,False,2026-09-30 18:34:18+00:00,GLD261023P00300000
GLD,2026-10-03,380.14,2026-10-23,P,305.0,0.05,0.09,0.11,2.0,68,0.38477177734374995,False,2026-09-30 17:04:22+00:00,GLD261023P00305000
GLD,2026-10-03,380.14,2026-10-23,P,310.0,0.07,0.1,0.12,2.0,25,0.36426416992187505,False,2026-09-30 17:04:03+00:00,GLD261023P00310000
GLD,2026-10-03,380.14,2026-10-23,P,315.0,0.09,0.12,0.11,65.0,28,0.34766277343749996,False,2026-10-02 17:32:34+00:00,GLD261023P00315000
GLD,2026-10-03,380.14,2026-10-23,P,320.0,0.11,0.15,0.15,3.0,36,0.3320379296875,False,2026-10-02 18:18:37+00:00,GLD261023P00320000
GLD,2026-10-03,380.14,2026-10-23,P,325.0,0.14,0.19,0.19,11.0,53,0.31641308593749995,False,2026-10-02 15:54:27+00:00,GLD261023P00325000
GLD,2026-10-03,380.14,2026-10-23,P,330.0,0.18,0.23,0.25,7.0,705,0.2985909985351562,False,2026-09-30 16:35:08+00:00,GLD261023P00330000
GLD,2026-10-03,380.14,2026-10-23,P,335.0,0.24,0.29,0.27,1.0,1181,0.282233740234375,False,2026-10-02 17:23:47+00:00,GLD261023P00335000
GLD,2026-10-03,380.14,2026-10-23,P,340.0,0.31,0.4,0.36,10.0,1408,0.26978269287109374,False,2026-10-02 17:10:25+00:00,GLD261023P00340000
GLD,2026-10-03,380.14,2026-10-23,P,345.0,0.43,0.48,0.45,5.0,239,0.24951922363281248,False,2026-10-02 18:56:23+00:00,GLD261023P00345000
GLD,2026-10-03,380.14,2026-10-23,P,350.0,0.61,0.67,0.64,78.0,303,0.23657989990234374,False,2026-10-02 18:26:42+00:00,GLD261023P00350000
GLD,2026-10-03,380.14,2026-10-23,P,355.0,0.88,0.94,0.93,64.0,216,0.22339643798828124,False,2026-10-02 18:29:41+00:00,GLD261023P00355000
GLD,2026-10-03,380.14,2026-10-23,P,360.0,1.32,1.44,1.36,110.0,1143,0.21558401611328126,False,2026-10-02 19:23:34+00:00,GLD261023P00360000
GLD,2026-10-03,380.14,2026-10-23,P,365.0,2.02,2.16,2.08,133.0,1692,0.2074053869628906,False,2026-10-02 19:58:10+00:00,GLD261023P00365000
GLD,2026-10-03,380.14,2026-10-23,P,370.0,3.05,3.3,3.14,58.0,1860,0.20270572692871092,False,2026-10-02 19:58:10+00:00,GLD261023P00370000
GLD,2026-10-03,380.14,2026-10-23,P,371.0,3.35,3.55,3.34,17.0,178,0.20087469055175777,False,2026-10-02 19:13:14+00:00,GLD261023P00371000
GLD,2026-10-03,380.14,2026-10-23,P,372.0,3.65,3.85,3.93,19.0,88,0.20014227600097656,False,2026-10-02 16:50:56+00:00,GLD261023P00372000
GLD,2026-10-03,380.14,2026-10-23,P,373.0,3.95,4.15,4.15,8.0,105,0.1987689987182617,False,2026-10-02 20:14:30+00:00,GLD261023P00373000
GLD,2026-10-03,380.14,2026-10-23,P,374.0,4.25,4.5,4.35,51.0,104,0.19831123962402342,False,2026-10-02 19:47:24+00:00,GLD261023P00374000
GLD,2026-10-03,380.14,2026-10-23,P,375.0,4.65,4.85,4.63,95.0,705,0.19730416961669922,False,2026-10-02 19:08:45+00:00,GLD261023P00375000
GLD,2026-10-03,380.14,2026-10-23,P,376.0,5.0,5.25,5.09,9.0,234,0.1970905487060547,False,2026-10-02 18:22:02+00:00,GLD261023P00376000
GLD,2026-10-03,380.14,2026-10-23,P,377.0,5.4,5.65,5.45,19.0,455,0.196297099609375,False,2026-10-02 19:03:22+00:00,GLD261023P00377000
GLD,2026-10-03,380.14,2026-10-23,P,378.0,5.85,6.1,5.94,13.0,463,0.196297099609375,False,2026-10-02 20:10:19+00:00,GLD261023P00378000
GLD,2026-10-03,380.14,2026-10-23,P,379.0,6.3,6.55,6.39,18.0,51,0.19568675415039063,False,2026-10-02 20:10:19+00:00,GLD261023P00379000
GLD,2026-10-03,380.14,2026-10-23,P,380.0,6.75,7.05,6.7,104.0,607,0.1958088232421875,False,2026-10-02 19:57:59+00:00,GLD261023P00380000
GLD,2026-10-03,380.14,2026-10-23,P,381.0,7.25,7.55,7.65,16.0,382,0.195320546875,True,2026-10-02 15:26:07+00:00,GLD261023P00381000
GLD,2026-10-03,380.14,2026-10-23,P,382.0,7.8,8.05,7.88,13.0,200,0.19422192504882813,True,2026-10-02 19:46:42+00:00,GLD261023P00382000
GLD,2026-10-03,380.14,2026-10-23,P,383.0,8.35,8.65,8.3,12.0,483,0.195320546875,True,2026-10-02 19:05:28+00:00,GLD261023P00383000
GLD,2026-10-03,380.14,2026-10-23,P,384.0,8.9,9.2,9.04,7.0,48,0.194343994140625,True,2026-10-02 18:57:46+00:00,GLD261023P00384000
GLD,2026-10-03,380.14,2026-10-23,P,385.0,9.5,9.9,9.96,12.0,433,0.19702951416015624,True,2026-10-02 17:43:42+00:00,GLD261023P00385000
GLD,2026-10-03,380.14,2026-10-23,P,386.0,10.1,10.55,10.23,21.0,75,0.1977619287109375,True,2026-10-02 18:57:46+00:00,GLD261023P00386000
GLD,2026-10-03,380.14,2026-10-23,P,387.0,10.75,11.1,10.65,5.0,352,0.19495433959960937,True,2026-10-02 19:27:25+00:00,GLD261023P00387000
GLD,2026-10-03,380.14,2026-10-23,P,388.0,11.45,11.9,11.55,7.0,143,0.19892158508300778,True,2026-10-02 17:02:45+00:00,GLD261023P00388000
GLD,2026-10-03,380.14,2026-10-23,P,389.0,12.1,12.5,12.51,2.0,86,0.196297099609375,True,2026-10-02 18:28:35+00:00,GLD261023P00389000
GLD,2026-10-03,380.14,2026-10-23,P,390.0,12.85,13.3,12.97,34.0,816,0.19928779235839844,True,2026-10-02 19:49:22+00:00,GLD261023P00390000
GLD,2026-10-03,380.14,2026-10-23,P,391.0,13.55,14.05,14.0,2.0,158,0.20020331054687499,True,2026-10-02 17:53:27+00:00,GLD261023P00391000
GLD,2026-10-03,380.14,2026-10-23,P,392.0,14.3,14.7,14.84,17.0,196,0.19727365234375,True,2026-10-02 18:05:44+00:00,GLD261023P00392000
GLD,2026-10-03,380.14,2026-10-23,P,393.0,15.1,15.6,15.25,9.0,70,0.20215641601562498,True,2026-10-02 19:08:53+00:00,GLD261023P00393000
GLD,2026-10-03,380.14,2026-10-23,P,394.0,15.9,16.45,16.47,1.0,171,0.20502503967285152,True,2026-10-02 18:23:39+00:00,GLD261023P00394000
GLD,2026-10-03,380.14,2026-10-23,P,395.0,16.7,17.15,17.05,65.0,174,0.2020343469238281,True,2026-10-02 18:42:08+00:00,GLD261023P00395000
GLD,2026-10-03,380.14,2026-10-23,P,396.0,17.5,18.05,18.11,15.0,110,0.20587952331542966,True,2026-10-02 18:05:44+00:00,GLD261023P00396000
GLD,2026-10-03,380.14,2026-10-23,P,397.0,18.35,18.8,19.95,2.0,28,0.2034991760253906,True,2026-10-02 15:58:24+00:00,GLD261023P00397000
GLD,2026-10-03,380.14,2026-10-23,P,398.0,19.2,19.85,17.25,2.0,164,0.21265435791015624,True,2026-10-02 14:34:06+00:00,GLD261023P00398000
GLD,2026-10-03,380.14,2026-10-23,P,399.0,20.1,20.55,17.65,1.0,67,0.20716124877929684,True,2026-10-01 17:47:55+00:00,GLD261023P00399000
GLD,2026-10-03,380.14,2026-10-23,P,400.0,20.95,21.45,20.78,19.0,199,0.20954159606933592,True,2026-10-02 19:12:57+00:00,GLD261023P00400000
GLD,2026-10-03,380.14,2026-10-23,P,401.0,21.85,22.35,21.37,1.0,48,0.21155573608398434,True,2026-09-30 14:42:51+00:00,GLD261023P00401000
GLD,2026-10-03,380.14,2026-10-23,P,402.0,22.75,23.25,19.21,10.0,115,0.21332573791503906,True,2026-10-02 13:48:07+00:00,GLD261023P00402000
GLD,2026-10-03,380.14,2026-10-23,P,403.0,23.7,24.15,19.82,5.0,23,0.2146684979248047,True,2026-09-29 13:33:04+00:00,GLD261023P00403000
GLD,2026-10-03,380.14,2026-10-23,P,404.0,24.6,25.1,14.65,40.0,47,0.21826953613281247,True,2026-09-25 17:42:28+00:00,GLD261023P00404000
GLD,2026-10-03,380.14,2026-10-23,P,405.0,25.55,26.2,25.8,8.0,34,0.22962196166992188,True,2026-10-02 19:54:09+00:00,GLD261023P00405000
GLD,2026-10-03,380.14,2026-10-23,P,406.0,26.45,26.95,26.05,1.0,5,0.22217574707031246,True,2026-09-29 13:33:45+00:00,GLD261023P00406000
GLD,2026-10-03,380.14,2026-10-23,P,407.0,27.4,28.15,28.66,2.0,7,0.23920438537597655,True,2026-09-28 19:24:52+00:00,GLD261023P00407000
GLD,2026-10-03,380.14,2026-10-23,P,408.0,28.2,29.45,18.25,2.0,7,0.2608716491699219,True,2026-09-23 13:51:45+00:00,GLD261023P00408000
GLD,2026-10-03,380.14,2026-10-23,P,409.0,28.8,30.9,28.7,1.0,6,0.28882547119140617,True,2026-09-28 14:02:50+00:00,GLD261023P00409000
GLD,2026-10-03,380.14,2026-10-23,P,410.0,29.65,30.8,26.66,2.0,32,0.23596955444335935,True,2026-10-02 14:18:24+00:00,GLD261023P00410000
GLD,2026-10-03,380.14,2026-10-23,P,411.0,30.75,32.35,20.5,1.0,3,0.2739330419921875,True,2026-09-23 15:32:05+00:00,GLD261023P00411000
GLD,2026-10-03,380.14,2026-10-23,P,412.0,31.7,32.75,32.6,6.0,16,0.2436599072265625,True,2026-10-02 18:13:53+00:00,GLD261023P00412000
GLD,2026-10-03,380.14,2026-10-23,P,413.0,32.65,34.3,35.5,2.0,4,0.2829661547851562,True,2026-09-28 15:52:16+00:00,GLD261023P00413000
GLD,2026-10-03,380.14,2026-10-23,P,414.0,33.6,34.7,34.0,11.0,1,0.25098405273437496,True,2026-10-02 15:14:45+00:00,GLD261023P00414000
GLD,2026-10-03,380.14,2026-10-23,P,415.0,34.7,35.65,35.04,18.0,20,0.2525709509277344,True,2026-10-02 15:14:43+00:00,GLD261023P00415000
GLD,2026-10-03,380.14,2026-10-23,P,416.0,35.6,37.25,27.43,1.0,227,0.29724823852539056,True,2026-09-15 14:41:24+00:00,GLD261023P00416000
GLD,2026-10-03,380.14,2026-10-23,P,417.0,36.6,37.65,35.55,1.0,15,0.2629468237304688,True,2026-10-02 14:59:52+00:00,GLD261023P00417000
GLD,2026-10-03,380.14,2026-10-23,P,418.0,36.75,39.2,35.65,2.0,3,0.3055489367675781,True,2026-10-01 18:20:43+00:00,GLD261023P00418000
GLD,2026-10-03,380.14,2026-10-23,P,420.0,38.5,41.75,38.65,4.0,5,0.34802898071289057,True,2026-09-29 14:03:54+00:00,GLD261023P00420000
GLD,2026-10-03,380.14,2026-10-23,P,421.0,39.5,42.75,25.0,1.0,0,0.35382726257324215,True,2026-09-17 19:04:52+00:00,GLD261023P00421000
GLD,2026-10-03,380.14,2026-10-23,P,422.0,40.5,43.7,37.7,20.0,0,0.35681795532226557,True,2026-10-01 19:38:04+00:00,GLD261023P00422000
GLD,2026-10-03,380.14,2026-10-23,P,423.0,41.5,44.7,44.84,2.0,0,0.3624331335449219,True,2026-09-28 15:36:32+00:00,GLD261023P00423000
GLD,2026-10-03,380.14,2026-10-23,P,424.0,42.6,45.7,27.0,,0,0.36804831176757813,True,2026-09-17 18:07:27+00:00,GLD261023P00424000
GLD,2026-10-03,380.14,2026-10-23,P,425.0,43.5,46.7,27.99,1.0,0,0.37366348999023435,True,2026-09-18 14:10:03+00:00,GLD261023P00425000
GLD,2026-10-03,380.14,2026-10-23,P,426.0,44.5,47.9,30.55,,0,0.39038695556640624,True,2026-09-22 14:38:54+00:00,GLD261023P00426000
GLD,2026-10-03,380.14,2026-10-23,P,427.0,45.5,48.7,34.9,,0,0.38477177734374995,True,2026-09-23 14:23:38+00:00,GLD261023P00427000
GLD,2026-10-03,380.14,2026-10-23,P,428.0,46.65,49.75,35.37,2.0,0,0.3930724755859375,True,2026-09-23 14:42:10+00:00,GLD261023P00428000
GLD,2026-10-03,380.14,2026-10-23,P,429.0,47.5,51.0,36.3,3.0,0,0.41260353027343744,True,2026-09-23 14:42:10+00:00,GLD261023P00429000
GLD,2026-10-03,380.14,2026-10-23,P,430.0,48.5,51.7,32.15,,0,0.40112903564453123,True,2026-09-17 17:37:57+00:00,GLD261023P00430000
GLD,2026-10-03,380.14,2026-10-23,P,431.0,49.35,52.85,32.6,,0,0.41522801574707036,True,2026-09-17 13:52:02+00:00,GLD261023P00431000
GLD,2026-10-03,380.14,2026-10-23,P,432.0,50.75,53.85,34.6,,0,0.4206600903320313,True,2026-09-17 19:17:00+00:00,GLD261023P00432000
GLD,2026-10-03,380.14,2026-10-23,P,433.0,51.5,54.75,37.05,,0,0.42017181396484377,True,2026-09-22 14:38:54+00:00,GLD261023P00433000
GLD,2026-10-03,380.14,2026-10-23,P,434.0,52.75,55.85,41.65,,0,0.43140217041015627,True,2026-09-15 16:39:10+00:00,GLD261023P00434000
GLD,2026-10-03,380.14,2026-10-23,P,435.0,53.35,56.85,42.45,,0,0.43677321044921874,True,2026-09-15 17:02:03+00:00,GLD261023P00435000
GLD,2026-10-03,380.14,2026-10-23,P,440.0,58.5,61.85,41.55,1.0,0,0.46289599609375004,True,2026-09-22 18:41:52+00:00,GLD261023P00440000
GLD,2026-10-03,380.14,2026-10-23,P,450.0,68.6,71.7,56.6,3.0,0,0.5035450036621094,True,2026-09-25 19:36:28+00:00,GLD261023P00450000
GLD,2026-10-03,380.14,2026-10-23,P,455.0,73.5,76.85,55.75,,0,0.5378464184570313,True,2026-09-17 17:39:54+00:00,GLD261023P00455000
GLD,2026-10-03,380.14,2026-10-23,P,465.0,83.5,86.75,65.18,,0,0.5778850805664062,True,2026-09-11 17:39:37+00:00,GLD261023P00465000
GLD,2026-10-03,380.14,2026-10-30,C,250.0,129.4,131.75,141.84,4.0,4,0.7299831689453125,True,2026-09-25 14:05:21+00:00,GLD261030C00250000
GLD,2026-10-03,380.14,2026-10-30,C,270.0,109.7,111.35,130.15,,3,0.5996133789062501,True,2026-09-16 14:46:00+00:00,GLD261030C00270000
GLD,2026-10-03,380.14,2026-10-30,C,285.0,94.8,97.4,116.12,,4,0.6047402807617189,True,2026-09-17 17:22:26+00:00,GLD261030C00285000
GLD,2026-10-03,380.14,2026-10-30,C,290.0,89.85,92.25,110.4,,2,0.5681195532226562,True,2026-09-16 14:46:36+00:00,GLD261030C00290000
GLD,2026-10-03,380.14,2026-10-30,C,330.0,50.25,52.5,62.49,,1,0.4265194067382813,True,2026-09-24 16:16:21+00:00,GLD261030C00330000
GLD,2026-10-03,380.14,2026-10-30,C,340.0,40.5,42.5,43.4,2.0,5,0.35962554443359374,True,2026-09-29 13:47:29+00:00,GLD261030C00340000
GLD,2026-10-03,380.14,2026-10-30,C,350.0,31.65,32.15,31.96,15.0,382,0.2769237347412109,True,2026-10-02 18:48:54+00:00,GLD261030C00350000
GLD,2026-10-03,380.14,2026-10-30,C,355.0,27.1,27.55,27.07,17.0,380,0.25952888916015626,True,2026-10-02 18:35:40+00:00,GLD261030C00355000
GLD,2026-10-03,380.14,2026-10-30,C,360.0,22.75,23.2,23.35,2.0,41,0.24677266906738282,True,2026-10-02 15:37:36+00:00,GLD261030C00360000
GLD,2026-10-03,380.14,2026-10-30,C,365.0,18.55,19.1,19.0,1.0,39,0.23584748535156247,True,2026-10-02 15:38:29+00:00,GLD261030C00365000
GLD,2026-10-03,380.14,2026-10-30,C,370.0,14.85,15.35,15.36,3.0,12,0.2274247180175781,True,2026-10-02 15:39:42+00:00,GLD261030C00370000
GLD,2026-10-03,380.14,2026-10-30,C,372.0,13.65,14.0,16.3,13.0,18,0.22556316436767576,True,2026-09-28 13:49:31+00:00,GLD261030C00372000
GLD,2026-10-03,380.14,2026-10-30,C,373.0,12.8,13.35,14.48,2.0,8,0.22467816345214842,True,2026-09-29 17:50:42+00:00,GLD261030C00373000
GLD,2026-10-03,380.14,2026-10-30,C,374.0,12.3,12.7,13.95,2.0,19,0.22345747253417966,True,2026-09-30 15:44:25+00:00,GLD261030C00374000
GLD,2026-10-03,380.14,2026-10-30,C,375.0,11.65,12.0,14.36,15.0,73,0.2205888488769531,True,2026-10-01 17:43:52+00:00,GLD261030C00375000
GLD,2026-10-03,380.14,2026-10-30,C,376.0,11.05,11.4,13.24,2.0,28,0.2197953997802734,True,2026-09-29 13:30:58+00:00,GLD261030C00376000
GLD,2026-10-03,380.14,2026-10-30,C,377.0,10.5,10.8,10.54,9.0,38,0.2186052261352539,True,2026-10-02 18:30:13+00:00,GLD261030C00377000
GLD,2026-10-03,380.14,2026-10-30,C,378.0,9.9,10.25,10.3,4.0,52,0.21820850158691402,True,2026-10-02 19:59:28+00:00,GLD261030C00378000
GLD,2026-10-03,380.14,2026-10-30,C,379.0,9.4,9.7,9.55,27.0,22,0.21741505249023438,True,2026-10-02 19:53:08+00:00,GLD261030C00379000
GLD,2026-10-03,380.14,2026-10-30,C,380.0,9.0,9.15,9.15,125.0,487,0.2161943615722656,True,2026-10-02 19:57:20+00:00,GLD261030C00380000
GLD,2026-10-03,380.14,2026-10-30,C,381.0,8.5,8.65,8.6,33.0,85,0.21576711975097657,False,2026-10-02 20:05:14+00:00,GLD261030C00381000
GLD,2026-10-03,380.14,2026-10-30,C,382.0,7.9,8.15,8.21,18.0,93,0.21491263610839845,False,2026-10-02 19:41:16+00:00,GLD261030C00382000
GLD,2026-10-03,380.14,2026-10-30,C,383.0,7.4,7.75,7.5,69.0,48,0.2160417752075195,False,2026-10-02 18:33:32+00:00,GLD261030C00383000
GLD,2026-10-03,380.14,2026-10-30,C,384.0,7.0,7.3,7.37,64.0,565,0.21555349884033204,False,2026-10-02 19:59:28+00:00,GLD261030C00384000
GLD,2026-10-03,380.14,2026-10-30,C,385.0,6.55,6.85,6.8,224.0,253,0.2146684979248047,False,2026-10-02 19:48:13+00:00,GLD261030C00385000
GLD,2026-10-03,380.14,2026-10-30,C,386.0,6.15,6.45,6.2,5.0,122,0.21454642883300779,False,2026-10-02 17:33:34+00:00,GLD261030C00386000
GLD,2026-10-03,380.14,2026-10-30,C,387.0,5.8,6.1,5.85,13.0,22,0.21524832611083983,False,2026-10-02 17:34:23+00:00,GLD261030C00387000
GLD,2026-10-03,380.14,2026-10-30,C,388.0,5.45,5.7,5.5,8.0,38,0.21430229064941403,False,2026-10-02 17:34:23+00:00,GLD261030C00388000
GLD,2026-10-03,380.14,2026-10-30,C,389.0,5.1,5.4,5.4,15.0,535,0.21549246429443358,False,2026-10-02 19:20:18+00:00,GLD261030C00389000
GLD,2026-10-03,380.14,2026-10-30,C,390.0,4.8,5.05,5.02,46.0,244,0.21497367065429687,False,2026-10-02 18:59:29+00:00,GLD261030C00390000
GLD,2026-10-03,380.14,2026-10-30,C,391.0,4.5,4.75,4.68,2.0,65,0.21540091247558596,False,2026-10-02 17:04:31+00:00,GLD261030C00391000
GLD,2026-10-03,380.14,2026-10-30,C,392.0,4.2,4.45,4.25,15.0,85,0.21540091247558596,False,2026-10-02 19:02:00+00:00,GLD261030C00392000
GLD,2026-10-03,380.14,2026-10-30,C,393.0,3.95,4.2,4.0,34.0,101,0.21637746520996093,False,2026-10-02 18:40:22+00:00,GLD261030C00393000
GLD,2026-10-03,380.14,2026-10-30,C,394.0,3.7,3.9,3.77,3.0,74,0.21558401611328126,False,2026-10-02 18:30:01+00:00,GLD261030C00394000
GLD,2026-10-03,380.14,2026-10-30,C,395.0,3.45,3.65,3.55,74.0,1021,0.215828154296875,False,2026-10-02 19:55:06+00:00,GLD261030C00395000
GLD,2026-10-03,380.14,2026-10-30,C,396.0,3.2,3.45,3.3,14.0,58,0.2171098797607422,False,2026-10-02 19:49:35+00:00,GLD261030C00396000
GLD,2026-10-03,380.14,2026-10-30,C,397.0,3.0,3.2,3.18,28.0,311,0.21662160339355468,False,2026-10-02 19:23:37+00:00,GLD261030C00397000
GLD,2026-10-03,380.14,2026-10-30,C,398.0,2.82,3.0,2.99,32.0,194,0.21723194885253905,False,2026-10-02 19:34:33+00:00,GLD261030C00398000
GLD,2026-10-03,380.14,2026-10-30,C,399.0,2.65,2.81,2.76,9.0,49,0.21778125976562498,False,2026-10-02 19:47:05+00:00,GLD261030C00399000
GLD,2026-10-03,380.14,2026-10-30,C,400.0,2.53,2.57,2.56,2189.0,2478,0.21631643066406248,False,2026-10-02 19:28:23+00:00,GLD261030C00400000
GLD,2026-10-03,380.14,2026-10-30,C,401.0,2.31,2.46,2.3,2.0,114,0.21887988159179686,False,2026-10-02 16:00:53+00:00,GLD261030C00401000
GLD,2026-10-03,380.14,2026-10-30,C,402.0,2.15,2.31,2.26,7.0,134,0.2197953997802734,False,2026-10-02 19:11:09+00:00,GLD261030C00402000
GLD,2026-10-03,380.14,2026-10-30,C,403.0,2.02,2.17,2.1,5.0,100,0.22077195251464843,False,2026-10-02 19:47:38+00:00,GLD261030C00403000
GLD,2026-10-03,380.14,2026-10-30,C,404.0,1.89,2.03,1.95,5.0,58,0.2213822979736328,False,2026-10-02 17:04:31+00:00,GLD261030C00404000
GLD,2026-10-03,380.14,2026-10-30,C,405.0,1.75,1.9,1.84,66.0,2442,0.222114712524414,False,2026-10-02 19:57:57+00:00,GLD261030C00405000
GLD,2026-10-03,380.14,2026-10-30,C,406.0,1.64,1.78,1.71,11.0,105,0.22290816162109373,False,2026-10-02 18:43:04+00:00,GLD261030C00406000
GLD,2026-10-03,380.14,2026-10-30,C,407.0,1.53,1.67,1.62,10.0,40,0.2238847143554687,False,2026-10-02 19:23:37+00:00,GLD261030C00407000
GLD,2026-10-03,380.14,2026-10-30,C,408.0,1.44,1.57,1.44,15.0,76,0.2249833361816406,False,2026-10-02 17:38:54+00:00,GLD261030C00408000
GLD,2026-10-03,380.14,2026-10-30,C,409.0,1.34,1.47,1.36,4.0,60,0.2257767852783203,False,2026-10-02 17:18:19+00:00,GLD261030C00409000
GLD,2026-10-03,380.14,2026-10-30,C,410.0,1.26,1.39,1.33,235.0,1004,0.22724161437988277,False,2026-10-02 19:58:55+00:00,GLD261030C00410000
GLD,2026-10-03,380.14,2026-10-30,C,411.0,1.19,1.29,1.23,34.0,109,0.22754678710937498,False,2026-10-02 19:44:45+00:00,GLD261030C00411000
GLD,2026-10-03,380.14,2026-10-30,C,412.0,1.1,1.22,1.17,137.0,165,0.22901161621093752,False,2026-10-02 19:46:54+00:00,GLD261030C00412000
GLD,2026-10-03,380.14,2026-10-30,C,413.0,1.03,1.14,1.1,156.0,49,0.22974403076171873,False,2026-10-02 19:47:01+00:00,GLD261030C00413000
GLD,2026-10-03,380.14,2026-10-30,C,414.0,0.97,1.08,1.01,7.0,54,0.2312698944091797,False,2026-10-02 18:33:38+00:00,GLD261030C00414000
GLD,2026-10-03,380.14,2026-10-30,C,415.0,0.9,1.01,0.93,38.0,776,0.23206334350585936,False,2026-10-02 18:44:11+00:00,GLD261030C00415000
GLD,2026-10-03,380.14,2026-10-30,C,416.0,0.86,0.94,0.92,10.0,290,0.23255161987304687,False,2026-10-02 20:02:47+00:00,GLD261030C00416000
GLD,2026-10-03,380.14,2026-10-30,C,417.0,0.8,0.9,1.31,2.0,63,0.23462679443359374,False,2026-10-01 19:49:47+00:00,GLD261030C00417000
GLD,2026-10-03,380.14,2026-10-30,C,418.0,0.76,0.86,0.8,11.0,238,0.23657989990234374,False,2026-10-02 19:15:06+00:00,GLD261030C00418000
GLD,2026-10-03,380.14,2026-10-30,C,419.0,0.72,0.8,1.13,10.0,141,0.23706817626953125,False,2026-10-01 19:49:37+00:00,GLD261030C00419000
GLD,2026-10-03,380.14,2026-10-30,C,420.0,0.68,0.75,0.72,59.0,1326,0.23804472900390622,False,2026-10-02 19:58:55+00:00,GLD261030C00420000
GLD,2026-10-03,380.14,2026-10-30,C,421.0,0.62,0.75,0.7,1.0,100,0.24231714721679687,False,2026-10-02 15:45:33+00:00,GLD261030C00421000
GLD,2026-10-03,380.14,2026-10-30,C,422.0,0.59,0.72,0.8,47.0,149,0.24439232177734377,False,2026-10-01 19:49:47+00:00,GLD261030C00422000
GLD,2026-10-03,380.14,2026-10-30,C,423.0,0.55,0.68,0.62,2.0,59,0.2456130126953125,False,2026-10-02 15:45:33+00:00,GLD261030C00423000
GLD,2026-10-03,380.14,2026-10-30,C,424.0,0.53,0.65,0.62,2.0,312,0.2474440490722656,False,2026-10-02 16:11:19+00:00,GLD261030C00424000
GLD,2026-10-03,380.14,2026-10-30,C,425.0,0.51,0.57,0.53,9.0,966,0.24488059814453128,False,2026-10-02 18:43:16+00:00,GLD261030C00425000
GLD,2026-10-03,380.14,2026-10-30,C,426.0,0.49,0.54,0.51,1.0,30,0.24634542724609376,False,2026-10-02 19:53:59+00:00,GLD261030C00426000
GLD,2026-10-03,380.14,2026-10-30,C,427.0,0.45,0.52,0.47,5.0,309,0.24842060180664063,False,2026-10-02 17:29:38+00:00,GLD261030C00427000
GLD,2026-10-03,380.14,2026-10-30,C,428.0,0.43,0.49,0.49,3.0,116,0.24951922363281248,False,2026-10-02 15:12:41+00:00,GLD261030C00428000
GLD,2026-10-03,380.14,2026-10-30,C,429.0,0.4,0.47,0.58,2.0,76,0.2514723291015625,False,2026-10-02 14:52:29+00:00,GLD261030C00429000
GLD,2026-10-03,380.14,2026-10-30,C,430.0,0.39,0.44,0.41,39.0,1376,0.25220474365234374,False,2026-10-02 17:48:58+00:00,GLD261030C00430000
GLD,2026-10-03,380.14,2026-10-30,C,431.0,0.36,0.43,0.44,1.0,105,0.25489026367187506,False,2026-10-02 17:00:31+00:00,GLD261030C00431000
GLD,2026-10-03,380.14,2026-10-30,C,432.0,0.34,0.41,0.44,1.0,11,0.2563550927734375,False,2026-10-02 15:47:00+00:00,GLD261030C00432000
GLD,2026-10-03,380.14,2026-10-30,C,433.0,0.33,0.39,0.43,1.0,91,0.257819921875,False,2026-10-01 16:19:32+00:00,GLD261030C00433000
GLD,2026-10-03,380.14,2026-10-30,C,434.0,0.32,0.37,0.39,3.0,33,0.2590406127929688,False,2026-10-02 17:00:31+00:00,GLD261030C00434000
GLD,2026-10-03,380.14,2026-10-30,C,435.0,0.31,0.36,0.33,47.0,347,0.26148199462890626,False,2026-10-02 17:31:26+00:00,GLD261030C00435000
GLD,2026-10-03,380.14,2026-10-30,C,440.0,0.24,0.29,0.27,1.0,635,0.2695385546875,False,2026-10-02 18:42:46+00:00,GLD261030C00440000
GLD,2026-10-03,380.14,2026-10-30,C,445.0,0.21,0.24,0.23,4.0,166,0.278327529296875,False,2026-10-02 19:07:31+00:00,GLD261030C00445000
GLD,2026-10-03,380.14,2026-10-30,C,450.0,0.17,0.2,0.2,47.0,203,0.28711650390624993,False,2026-10-02 19:09:37+00:00,GLD261030C00450000
GLD,2026-10-03,380.14,2026-10-30,C,455.0,0.13,0.18,0.18,15.0,86,0.29834686035156244,False,2026-10-02 16:24:24+00:00,GLD261030C00455000
GLD,2026-10-03,380.14,2026-10-30,C,460.0,0.12,0.19,0.15,108.0,389,0.31592480957031244,False,2026-10-02 19:02:59+00:00,GLD261030C00460000
GLD,2026-10-03,380.14,2026-10-30,C,465.0,0.1,0.22,0.15,2.0,172,0.33789724609375,False,2026-10-02 13:30:01+00:00,GLD261030C00465000
GLD,2026-10-03,380.14,2026-10-30,C,470.0,0.08,0.15,0.07,1.0,444,0.3354558642578125,False,2026-10-02 15:45:35+00:00,GLD261030C00470000
GLD,2026-10-03,380.14,2026-10-30,C,475.0,0.07,0.2,0.1,1.0,337,0.3632876171875,False,2026-10-01 17:35:51+00:00,GLD261030C00475000
GLD,2026-10-03,380.14,2026-10-30,C,480.0,0.02,0.18,0.09,2.0,32,0.372076591796875,False,2026-10-01 13:52:24+00:00,GLD261030C00480000
GLD,2026-10-03,380.14,2026-10-30,C,485.0,0.01,0.17,0.09,1.0,6,0.3833069482421875,False,2026-10-02 18:42:46+00:00,GLD261030C00485000
GLD,2026-10-03,380.14,2026-10-30,C,490.0,0.01,0.17,0.21,2.0,330,0.397466962890625,False,2026-09-24 13:43:26+00:00,GLD261030C00490000
GLD,2026-10-03,380.14,2026-10-30,C,495.0,0.02,0.16,0.09,3.0,10,0.40772076660156253,False,2026-10-02 16:03:36+00:00,GLD261030C00495000
GLD,2026-10-03,380.14,2026-10-30,C,500.0,0.03,0.15,0.06,9.0,186,0.41748629394531245,False,2026-10-01 17:06:30+00:00,GLD261030C00500000
GLD,2026-10-03,380.14,2026-10-30,C,505.0,0.01,0.15,0.05,76.0,84,0.43066975585937506,False,2026-10-01 19:15:13+00:00,GLD261030C00505000
GLD,2026-10-03,380.14,2026-10-30,C,510.0,0.03,0.14,0.05,8.0,45,0.43945873046875,False,2026-10-01 17:04:00+00:00,GLD261030C00510000
GLD,2026-10-03,380.14,2026-10-30,C,515.0,0.02,0.05,0.04,1.0,23,0.40430283203125,False,2026-10-01 15:39:11+00:00,GLD261030C00515000
GLD,2026-10-03,380.14,2026-10-30,C,520.0,0.02,0.05,0.02,2.0,488,0.41602146484374997,False,2026-10-02 19:32:25+00:00,GLD261030C00520000
GLD,2026-10-03,380.14,2026-10-30,C,525.0,0.01,0.08,0.08,1.0,27,0.44727115234375,False,2026-10-02 13:47:10+00:00,GLD261030C00525000
GLD,2026-10-03,380.14,2026-10-30,C,530.0,0.01,0.08,0.08,1.0,19,0.45898978515625005,False,2026-10-01 13:44:41+00:00,GLD261030C00530000
GLD,2026-10-03,380.14,2026-10-30,C,535.0,0.01,0.12,0.1,1.0,4,0.49219257812500006,False,2026-10-01 15:38:58+00:00,GLD261030C00535000
GLD,2026-10-03,380.14,2026-10-30,C,540.0,0.01,0.11,0.03,9.0,11,0.499028447265625,False,2026-10-01 13:47:24+00:00,GLD261030C00540000
GLD,2026-10-03,380.14,2026-10-30,C,545.0,0.01,0.11,0.11,1.0,3,0.5097705273437501,False,2026-10-01 13:45:21+00:00,GLD261030C00545000
GLD,2026-10-03,380.14,2026-10-30,C,550.0,0.01,0.11,0.1,1.0,5,0.5214891601562499,False,2026-10-01 13:46:27+00:00,GLD261030C00550000
GLD,2026-10-03,380.14,2026-10-30,C,555.0,0.01,0.1,0.1,1.0,4,0.5273484765625001,False,2026-10-01 13:46:18+00:00,GLD261030C00555000
GLD,2026-10-03,380.14,2026-10-30,C,560.0,0.01,0.1,0.1,1.0,3,0.50586431640625,False,2026-10-01 13:46:08+00:00,GLD261030C00560000
GLD,2026-10-03,380.14,2026-10-30,C,565.0,0.01,0.1,0.04,2.0,2,0.51562984375,False,2026-09-29 13:31:01+00:00,GLD261030C00565000
GLD,2026-10-03,380.14,2026-10-30,C,570.0,0.01,0.09,0.09,1.0,3,0.5214891601562499,False,2026-10-01 13:46:37+00:00,GLD261030C00570000
GLD,2026-10-03,380.14,2026-10-30,C,575.0,0.01,0.09,0.04,1.0,1,0.5312546875,False,2026-09-30 17:50:37+00:00,GLD261030C00575000
GLD,2026-10-03,380.14,2026-10-30,C,580.0,0.01,0.09,0.06,6.0,12,0.5410202148437502,False,2026-09-25 17:25:54+00:00,GLD261030C00580000
GLD,2026-10-03,380.14,2026-10-30,C,585.0,0.01,0.09,0.09,1.0,2,0.5507857421875001,False,2026-10-01 13:46:48+00:00,GLD261030C00585000
GLD,2026-10-03,380.14,2026-10-30,C,590.0,0.01,0.08,0.03,7.0,16,0.5546919531250001,False,2026-10-01 18:42:03+00:00,GLD261030C00590000
GLD,2026-10-03,380.14,2026-10-30,C,595.0,0.0,0.08,0.03,2.0,273,0.5585981640625001,False,2026-10-01 18:40:40+00:00,GLD261030C00595000
GLD,2026-10-03,380.14,2026-10-30,C,600.0,0.0,0.08,0.03,10.0,301,0.5664105859375,False,2026-09-30 17:31:15+00:00,GLD261030C00600000
GLD,2026-10-03,380.14,2026-10-30,C,605.0,0.0,0.08,0.03,3.0,41,0.57617611328125,False,2026-10-01 18:38:04+00:00,GLD261030C00605000
GLD,2026-10-03,380.14,2026-10-30,C,610.0,0.0,0.08,0.08,1.0,5,0.585941640625,False,2026-10-01 13:47:20+00:00,GLD261030C00610000
GLD,2026-10-03,380.14,2026-10-30,C,615.0,0.0,0.08,0.05,1.0,5,0.5937540625000001,False,2026-10-01 16:05:34+00:00,GLD261030C00615000
GLD,2026-10-03,380.14,2026-10-30,C,620.0,0.01,0.08,0.02,2.0,3,0.6093789062500001,False,2026-10-01 18:37:02+00:00,GLD261030C00620000
GLD,2026-10-03,380.14,2026-10-30,C,625.0,0.0,0.08,0.05,1.0,4,0.6132851171875001,False,2026-09-29 14:18:58+00:00,GLD261030C00625000
GLD,2026-10-03,380.14,2026-10-30,C,630.0,0.0,0.08,0.1,,2,0.6210975390625001,False,2026-09-24 16:37:36+00:00,GLD261030C00630000
GLD,2026-10-03,380.14,2026-10-30,C,635.0,0.0,0.08,0.12,,2,0.6289099609375001,False,2026-09-15 18:45:42+00:00,GLD261030C00635000
GLD,2026-10-03,380.14,2026-10-30,C,645.0,0.0,0.08,0.05,2.0,3,0.64648791015625,False,2026-09-25 13:59:54+00:00,GLD261030C00645000
GLD,2026-10-03,380.14,2026-10-30,P,205.0,0.0,0.06,0.05,1.0,3,0.7656273437500001,False,2026-09-15 17:42:50+00:00,GLD261030P00205000
GLD,2026-10-03,380.14,2026-10-30,P,210.0,0.0,0.06,0.02,10.0,13,0.73437765625,False,2026-09-29 13:45:40+00:00,GLD261030P00210000
GLD,2026-10-03,380.14,2026-10-30,P,215.0,0.0,0.06,0.04,1.0,4,0.710940390625,False,2026-09-25 19:45:19+00:00,GLD261030P00215000
GLD,2026-10-03,380.14,2026-10-30,P,220.0,0.0,0.06,0.03,2.0,4,0.6835969140625001,False,2026-09-30 16:24:24+00:00,GLD261030P00220000
GLD,2026-10-03,380.14,2026-10-30,P,225.0,0.0,0.06,0.03,4.0,7,0.6562534375000001,False,2026-09-22 19:31:13+00:00,GLD261030P00225000
GLD,2026-10-03,380.14,2026-10-30,P,230.0,0.0,0.07,0.03,5.0,8,0.64062859375,False,2026-10-01 16:19:34+00:00,GLD261030P00230000
GLD,2026-10-03,380.14,2026-10-30,P,235.0,0.01,0.04,0.04,2.0,32,0.5937540625000001,False,2026-10-01 19:12:17+00:00,GLD261030P00235000
GLD,2026-10-03,380.14,2026-10-30,P,240.0,0.01,0.04,0.04,8.0,9,0.570316796875,False,2026-10-02 17:22:50+00:00,GLD261030P00240000
GLD,2026-10-03,380.14,2026-10-30,P,245.0,0.01,0.04,0.02,5.0,3,0.5468795312500001,False,2026-10-02 19:57:36+00:00,GLD261030P00245000
GLD,2026-10-03,380.14,2026-10-30,P,250.0,0.01,0.08,0.08,1.0,7,0.5546919531250001,False,2026-10-01 13:43:10+00:00,GLD261030P00250000
GLD,2026-10-03,380.14,2026-10-30,P,255.0,0.01,0.08,0.04,4.0,6,0.5293015820312501,False,2026-10-01 13:50:43+00:00,GLD261030P00255000
GLD,2026-10-03,380.14,2026-10-30,P,260.0,0.01,0.09,0.06,22.0,4,0.5117236328125,False,2026-09-21 18:09:28+00:00,GLD261030P00260000
GLD,2026-10-03,380.14,2026-10-30,P,265.0,0.02,0.09,0.1,1.0,5,0.5195360546875,False,2026-10-01 13:42:41+00:00,GLD261030P00265000
GLD,2026-10-03,380.14,2026-10-30,P,270.0,0.02,0.1,0.06,1.0,4,0.5019581054687501,False,2026-10-01 13:42:46+00:00,GLD261030P00270000
GLD,2026-10-03,380.14,2026-10-30,P,275.0,0.01,0.11,0.06,3.0,38,0.48242705078125003,False,2026-09-30 18:40:24+00:00,GLD261030P00275000
GLD,2026-10-03,380.14,2026-10-30,P,280.0,0.03,0.12,0.13,1.0,7,0.463872548828125,False,2026-10-01 13:43:37+00:00,GLD261030P00280000
GLD,2026-10-03,380.14,2026-10-30,P,285.0,0.04,0.13,0.09,1.0,9,0.44336494140625,False,2026-10-01 13:43:42+00:00,GLD261030P00285000
GLD,2026-10-03,380.14,2026-10-30,P,290.0,0.05,0.15,0.16,2.0,7,0.42774009765625004,False,2026-10-01 13:43:49+00:00,GLD261030P00290000
GLD,2026-10-03,380.14,2026-10-30,P,295.0,0.06,0.15,0.11,4.0,28,0.40332627929687503,False,2026-10-01 18:01:50+00:00,GLD261030P00295000
GLD,2026-10-03,380.14,2026-10-30,P,300.0,0.09,0.13,0.1,200.0,872,0.37305314453125,False,2026-10-02 19:34:03+00:00,GLD261030P00300000
GLD,2026-10-03,380.14,2026-10-30,P,305.0,0.07,0.19,0.21,2.0,18,0.36817038085937503,False,2026-09-29 16:32:11+00:00,GLD261030P00305000
GLD,2026-10-03,380.14,2026-10-30,P,310.0,0.14,0.21,0.22,1.0,8,0.3491276025390625,False,2026-09-29 13:49:28+00:00,GLD261030P00310000
GLD,2026-10-03,380.14,2026-10-30,P,315.0,0.18,0.21,0.2,3.0,50,0.32569033691406246,False,2026-10-02 18:03:05+00:00,GLD261030P00315000
GLD,2026-10-03,380.14,2026-10-30,P,320.0,0.21,0.26,0.25,2.0,271,0.31201859863281245,False,2026-10-02 15:57:19+00:00,GLD261030P00320000
GLD,2026-10-03,380.14,2026-10-30,P,325.0,0.27,0.31,0.3,27.0,1173,0.29614961669921874,False,2026-10-02 19:34:10+00:00,GLD261030P00325000
GLD,2026-10-03,380.14,2026-10-30,P,330.0,0.34,0.4,0.4,27.0,125,0.2841868457031249,False,2026-10-02 17:29:02+00:00,GLD261030P00330000
GLD,2026-10-03,380.14,2026-10-30,P,335.0,0.44,0.49,0.5,12.0,89,0.2690502783203125,False,2026-10-02 16:58:24+00:00,GLD261030P00335000
GLD,2026-10-03,380.14,2026-10-30,P,340.0,0.59,0.64,0.61,45.0,325,0.256843369140625,False,2026-10-02 20:09:24+00:00,GLD261030P00340000
GLD,2026-10-03,380.14,2026-10-30,P,345.0,0.77,0.84,0.83,6.0,118,0.2447585290527344,False,2026-10-02 19:52:25+00:00,GLD261030P00345000
GLD,2026-10-03,380.14,2026-10-30,P,350.0,1.05,1.15,1.1,112.0,366,0.2348709326171875,False,2026-10-02 19:58:55+00:00,GLD261030P00350000
GLD,2026-10-03,380.14,2026-10-30,P,355.0,1.46,1.59,1.49,52.0,421,0.225593681640625,False,2026-10-02 19:35:06+00:00,GLD261030P00355000
GLD,2026-10-03,380.14,2026-10-30,P,360.0,2.07,2.2,2.13,108.0,1197,0.2166826379394531,False,2026-10-02 19:58:55+00:00,GLD261030P00360000
GLD,2026-10-03,380.14,2026-10-30,P,365.0,2.95,3.15,2.99,69.0,691,0.21155573608398434,False,2026-10-02 19:58:09+00:00,GLD261030P00365000
GLD,2026-10-03,380.14,2026-10-30,P,370.0,4.2,4.4,4.29,87.0,1528,0.20581848876953124,False,2026-10-02 19:45:54+00:00,GLD261030P00370000
GLD,2026-10-03,380.14,2026-10-30,P,371.0,4.5,4.75,4.47,10.0,243,0.20618469604492184,False,2026-10-02 19:04:22+00:00,GLD261030P00371000
GLD,2026-10-03,380.14,2026-10-30,P,372.0,4.8,5.05,4.75,5.0,66,0.20478090148925776,False,2026-10-02 19:41:21+00:00,GLD261030P00372000
GLD,2026-10-03,380.14,2026-10-30,P,373.0,5.15,5.4,5.39,10.0,167,0.20429262512207028,False,2026-10-02 17:04:31+00:00,GLD261030P00373000
GLD,2026-10-03,380.14,2026-10-30,P,374.0,5.5,5.75,5.95,13.0,153,0.20331607238769528,False,2026-10-02 17:30:51+00:00,GLD261030P00374000
GLD,2026-10-03,380.14,2026-10-30,P,375.0,5.9,6.15,5.97,77.0,528,0.20313296874999998,False,2026-10-02 19:59:12+00:00,GLD261030P00375000
GLD,2026-10-03,380.14,2026-10-30,P,376.0,6.25,6.55,6.68,1.0,97,0.20255314056396478,False,2026-10-02 17:15:31+00:00,GLD261030P00376000
GLD,2026-10-03,380.14,2026-10-30,P,377.0,6.7,7.0,6.85,5.0,78,0.20270572692871092,False,2026-10-02 18:50:10+00:00,GLD261030P00377000
GLD,2026-10-03,380.14,2026-10-30,P,378.0,7.15,7.45,7.08,32.0,125,0.20246158874511716,False,2026-10-02 19:22:22+00:00,GLD261030P00378000
GLD,2026-10-03,380.14,2026-10-30,P,379.0,7.6,7.9,8.12,6.0,91,0.20172917419433595,False,2026-10-02 16:44:01+00:00,GLD261030P00379000
GLD,2026-10-03,380.14,2026-10-30,P,380.0,8.1,8.4,8.12,70.0,527,0.20172917419433595,False,2026-10-02 19:59:12+00:00,GLD261030P00380000
GLD,2026-10-03,380.14,2026-10-30,P,381.0,8.55,8.9,8.53,46.0,77,0.20130193237304686,True,2026-10-02 19:22:22+00:00,GLD261030P00381000
GLD,2026-10-03,380.14,2026-10-30,P,382.0,9.1,9.4,9.5,4.0,167,0.2004474487304687,True,2026-10-02 18:06:11+00:00,GLD261030P00382000
GLD,2026-10-03,380.14,2026-10-30,P,383.0,9.65,9.95,9.3,6.0,20,0.20032537963867186,True,2026-10-01 13:42:12+00:00,GLD261030P00383000
GLD,2026-10-03,380.14,2026-10-30,P,384.0,10.2,10.5,8.98,1.0,79,0.19974555145263673,True,2026-10-02 14:31:04+00:00,GLD261030P00384000
GLD,2026-10-03,380.14,2026-10-30,P,385.0,10.75,11.1,10.67,54.0,271,0.19992865509033203,True,2026-10-02 19:23:40+00:00,GLD261030P00385000
GLD,2026-10-03,380.14,2026-10-30,P,386.0,11.35,11.7,11.25,13.0,90,0.19965399963378905,True,2026-10-02 19:23:40+00:00,GLD261030P00386000
GLD,2026-10-03,380.14,2026-10-30,P,387.0,12.0,12.35,12.16,13.0,31,0.20020331054687499,True,2026-10-02 18:45:29+00:00,GLD261030P00387000
GLD,2026-10-03,380.14,2026-10-30,P,388.0,12.55,13.0,12.77,23.0,220,0.20032537963867186,True,2026-10-02 18:52:20+00:00,GLD261030P00388000
GLD,2026-10-03,380.14,2026-10-30,P,389.0,13.2,13.75,13.84,2.0,47,0.202583657836914,True,2026-10-02 17:17:49+00:00,GLD261030P00389000
GLD,2026-10-03,380.14,2026-10-30,P,390.0,13.9,14.35,13.9,51.0,710,0.2005390005493164,True,2026-10-02 19:20:51+00:00,GLD261030P00390000
GLD,2026-10-03,380.14,2026-10-30,P,391.0,14.6,15.1,15.18,1.0,41,0.20197331237792968,True,2026-10-02 15:41:52+00:00,GLD261030P00391000
GLD,2026-10-03,380.14,2026-10-30,P,392.0,15.3,15.85,14.41,2.0,485,0.20307193420410152,True,2026-10-01 18:08:59+00:00,GLD261030P00392000
GLD,2026-10-03,380.14,2026-10-30,P,393.0,16.05,16.6,16.0,20.0,527,0.2038043487548828,True,2026-10-01 15:11:08+00:00,GLD261030P00393000
GLD,2026-10-03,380.14,2026-10-30,P,394.0,16.8,17.35,16.75,4.0,130,0.20410952148437497,True,2026-10-02 19:09:27+00:00,GLD261030P00394000
GLD,2026-10-03,380.14,2026-10-30,P,395.0,17.55,18.05,17.85,39.0,201,0.20252262329101559,True,2026-10-02 18:45:50+00:00,GLD261030P00395000
GLD,2026-10-03,380.14,2026-10-30,P,396.0,18.35,18.9,18.92,3.0,91,0.20502503967285152,True,2026-10-02 17:36:46+00:00,GLD261030P00396000
GLD,2026-10-03,380.14,2026-10-30,P,397.0,19.15,19.7,19.35,2.0,25,0.20563538513183593,True,2026-10-02 18:49:28+00:00,GLD261030P00397000
GLD,2026-10-03,380.14,2026-10-30,P,398.0,19.95,20.45,17.67,2.0,41,0.20429262512207028,True,2026-09-30 13:49:38+00:00,GLD261030P00398000
GLD,2026-10-03,380.14,2026-10-30,P,399.0,20.8,21.3,20.7,15.0,147,0.20581848876953124,True,2026-10-02 19:43:51+00:00,GLD261030P00399000
GLD,2026-10-03,380.14,2026-10-30,P,400.0,21.6,22.15,21.69,19.0,174,0.2069781451416015,True,2026-10-02 19:43:51+00:00,GLD261030P00400000
GLD,2026-10-03,380.14,2026-10-30,P,401.0,22.45,23.0,23.04,1.0,44,0.20783262878417966,True,2026-10-02 17:36:46+00:00,GLD261030P00401000
GLD,2026-10-03,380.14,2026-10-30,P,402.0,23.3,23.85,22.02,1.0,71,0.20832090515136714,True,2026-10-01 15:38:08+00:00,GLD261030P00402000
GLD,2026-10-03,380.14,2026-10-30,P,403.0,24.2,24.75,24.87,5.0,15,0.21039607971191404,True,2026-10-02 15:25:18+00:00,GLD261030P00403000
GLD,2026-10-03,380.14,2026-10-30,P,404.0,25.05,25.6,24.78,2.0,16,0.2102740106201172,True,2026-09-29 18:00:56+00:00,GLD261030P00404000
GLD,2026-10-03,380.14,2026-10-30,P,405.0,25.95,26.5,25.9,22.0,124,0.2117998742675781,True,2026-10-02 19:20:51+00:00,GLD261030P00405000
GLD,2026-10-03,380.14,2026-10-30,P,406.0,26.85,27.4,26.0,6.0,12,0.21302056518554688,True,2026-09-29 14:00:13+00:00,GLD261030P00406000
GLD,2026-10-03,380.14,2026-10-30,P,407.0,27.75,28.35,28.1,1.0,5,0.21625539611816402,True,2026-10-02 15:17:53+00:00,GLD261030P00407000
GLD,2026-10-03,380.14,2026-10-30,P,408.0,28.7,29.25,29.45,5.0,16,0.21704884521484374,True,2026-10-02 17:22:25+00:00,GLD261030P00408000
GLD,2026-10-03,380.14,2026-10-30,P,409.0,29.6,30.15,20.4,1.0,3,0.21753712158203126,True,2026-09-24 16:28:35+00:00,GLD261030P00409000
GLD,2026-10-03,380.14,2026-10-30,P,410.0,30.55,31.1,30.95,17.0,146,0.220161607055664,True,2026-10-02 19:47:32+00:00,GLD261030P00410000
GLD,2026-10-03,380.14,2026-10-30,P,411.0,31.45,32.05,30.15,2.0,9,0.22266402343749997,True,2026-09-29 14:12:14+00:00,GLD261030P00411000
GLD,2026-10-03,380.14,2026-10-30,P,413.0,32.9,34.5,29.6,15.0,37,0.25440198730468755,True,2026-09-28 17:33:26+00:00,GLD261030P00413000
GLD,2026-10-03,380.14,2026-10-30,P,414.0,33.6,35.45,32.0,1.0,27,0.2572095764160156,True,2026-09-30 14:01:32+00:00,GLD261030P00414000
GLD,2026-10-03,380.14,2026-10-30,P,415.0,34.85,36.55,35.0,2.0,40,0.26697510375976563,True,2026-10-02 19:33:32+00:00,GLD261030P00415000
GLD,2026-10-03,380.14,2026-10-30,P,416.0,36.25,37.4,33.35,13.0,43,0.26489992919921873,True,2026-10-01 17:30:02+00:00,GLD261030P00416000
GLD,2026-10-03,380.14,2026-10-30,P,417.0,36.15,38.35,22.35,10.0,26,0.26746338012695314,True,2026-09-18 14:03:46+00:00,GLD261030P00417000
GLD,2026-10-03,380.14,2026-10-30,P,418.0,37.6,39.35,35.25,1.0,89,0.27234614379882804,True,2026-10-01 18:24:52+00:00,GLD261030P00418000
GLD,2026-10-03,380.14,2026-10-30,P,420.0,39.35,41.2,36.13,1.0,43,0.27417718017578124,True,2026-10-02 14:14:39+00:00,GLD261030P00420000
GLD,2026-10-03,380.14,2026-10-30,P,421.0,39.95,42.25,29.49,,1,0.28162339477539056,True,2026-09-23 16:45:29+00:00,GLD261030P00421000
GLD,2026-10-03,380.14,2026-10-30,P,422.0,41.3,43.25,29.75,2.0,5,0.2863230548095703,True,2026-09-25 19:52:10+00:00,GLD261030P00422000
GLD,2026-10-03,380.14,2026-10-30,P,423.0,41.95,44.25,31.72,6.0,6,0.2910227148437499,True,2026-09-25 15:39:25+00:00,GLD261030P00423000
GLD,2026-10-03,380.14,2026-10-30,P,424.0,42.8,45.25,32.05,36.0,30,0.29566134033203123,True,2026-09-25 17:46:42+00:00,GLD261030P00424000
GLD,2026-10-03,380.14,2026-10-30,P,425.0,43.4,46.6,42.95,1.0,54,0.31873239868164055,True,2026-10-01 15:46:39+00:00,GLD261030P00425000
GLD,2026-10-03,380.14,2026-10-30,P,426.0,44.35,48.05,34.5,36.0,0,0.3450993225097656,True,2026-09-25 15:39:26+00:00,GLD261030P00426000
GLD,2026-10-03,380.14,2026-10-30,P,427.0,45.35,49.1,46.83,2.0,0,0.3523013989257812,True,2026-10-02 15:10:39+00:00,GLD261030P00427000
GLD,2026-10-03,380.14,2026-10-30,P,428.0,46.35,49.9,36.4,2.0,0,0.34778484252929687,True,2026-09-25 15:39:25+00:00,GLD261030P00428000
GLD,2026-10-03,380.14,2026-10-30,P,429.0,47.35,51.05,37.31,2.0,0,0.3597476135253906,True,2026-09-25 15:39:25+00:00,GLD261030P00429000
GLD,2026-10-03,380.14,2026-10-30,P,430.0,48.35,51.9,38.27,8.0,0,0.35736726623535153,True,2026-09-25 15:39:26+00:00,GLD261030P00430000
GLD,2026-10-03,380.14,2026-10-30,P,431.0,49.35,52.5,38.8,4.0,0,0.3415593188476562,True,2026-09-23 17:02:05+00:00,GLD261030P00431000
GLD,2026-10-03,380.14,2026-10-30,P,432.0,50.35,53.9,40.21,2.0,0,0.3668276208496094,True,2026-09-25 15:39:26+00:00,GLD261030P00432000
GLD,2026-10-03,380.14,2026-10-30,P,433.0,51.35,55.05,41.16,2.0,0,0.3788514263916015,True,2026-09-25 15:39:26+00:00,GLD261030P00433000
GLD,2026-10-03,380.14,2026-10-30,P,434.0,52.35,56.1,41.55,2.0,0,0.3859924682617187,True,2026-09-23 16:45:28+00:00,GLD261030P00434000
GLD,2026-10-03,380.14,2026-10-30,P,435.0,53.35,57.05,41.8,1.0,0,0.38825074645996094,True,2026-09-25 17:17:40+00:00,GLD261030P00435000
GLD,2026-10-03,380.14,2026-10-30,P,440.0,58.35,61.85,43.9,1.0,0,0.4010069665527344,True,2026-09-22 16:09:58+00:00,GLD261030P00440000
GLD,2026-10-03,380.14,2026-10-30,P,445.0,63.35,67.05,50.53,,0,0.4337214831542969,True,2026-09-23 13:39:57+00:00,GLD261030P00445000
GLD,2026-10-03,380.14,2026-10-30,P,450.0,68.35,71.55,70.35,3.0,0,0.4272518212890626,True,2026-09-30 18:48:25+00:00,GLD261030P00450000
GLD,2026-10-03,380.14,2026-10-30,P,455.0,73.35,77.05,56.75,,0,0.4770560107421875,True,2026-09-21 16:55:31+00:00,GLD261030P00455000
GLD,2026-10-03,380.14,2026-10-30,P,460.0,78.35,82.05,61.63,,0,0.4979298254394532,True,2026-09-21 16:48:35+00:00,GLD261030P00460000
GLD,2026-10-03,380.14,2026-10-30,P,465.0,83.4,86.85,63.85,,0,0.5065967309570312,True,2026-09-11 14:23:17+00:00,GLD261030P00465000
