symbol,snapshot_date,spot,expiry,right,strike,bid,ask,last_price,volume,open_interest,implied_vol,in_the_money,last_trade_date,contract_symbol
GLD,2026-09-25,393.4100036621094,2026-09-25,C,215.0,177.55,179.35,183.38,1.0,1.0,4.062504921875,True,2026-09-21 19:27:37+00:00,GLD260925C00215000
GLD,2026-09-25,393.4100036621094,2026-09-25,C,220.0,172.8,174.6,172.79,1.0,0.0,4.871097661132811,True,2026-09-23 17:37:30+00:00,GLD260925C00220000
GLD,2026-09-25,393.4100036621094,2026-09-25,C,225.0,167.55,169.4,166.59,1.0,1.0,3.9531251171874997,True,2026-09-24 19:45:57+00:00,GLD260925C00225000
GLD,2026-09-25,393.4100036621094,2026-09-25,C,230.0,162.55,164.25,178.11,2.0,1.0,5.304690869140623,True,2026-09-04 15:16:30+00:00,GLD260925C00230000
GLD,2026-09-25,393.4100036621094,2026-09-25,C,250.0,142.65,144.3,143.48,1.0,4.0,3.2578143554687498,True,2026-09-25 20:07:12+00:00,GLD260925C00250000
GLD,2026-09-25,393.4100036621094,2026-09-25,C,265.0,127.55,129.4,143.14,2.0,1.0,2.8750028125,True,2026-09-04 15:17:27+00:00,GLD260925C00265000
GLD,2026-09-25,393.4100036621094,2026-09-25,C,270.0,122.95,123.9,138.18,2.0,1.0,2.3750040624999995,True,2026-09-04 15:17:27+00:00,GLD260925C00270000
GLD,2026-09-25,393.4100036621094,2026-09-25,C,280.0,112.55,114.4,111.63,1.0,1.0,2.50781623046875,True,2026-09-24 19:45:57+00:00,GLD260925C00280000
GLD,2026-09-25,393.4100036621094,2026-09-25,C,290.0,103.0,104.2,102.91,1.0,2.0,2.582034794921875,True,2026-09-25 18:05:24+00:00,GLD260925C00290000
GLD,2026-09-25,393.4100036621094,2026-09-25,C,295.0,97.95,99.55,94.6,2.0,3.0,2.6660189599609376,True,2026-09-24 15:33:22+00:00,GLD260925C00295000
GLD,2026-09-25,393.4100036621094,2026-09-25,C,300.0,92.8,94.6,89.43,1.0,2.0,2.4707069482421877,True,2026-09-24 15:34:31+00:00,GLD260925C00300000
GLD,2026-09-25,393.4100036621094,2026-09-25,C,305.0,87.75,89.35,103.25,2.0,0.0,2.113285966796875,True,2026-09-04 15:18:25+00:00,GLD260925C00305000
GLD,2026-09-25,393.4100036621094,2026-09-25,C,310.0,82.55,84.4,98.29,2.0,0.0,1.8125009374999999,True,2026-09-04 15:18:25+00:00,GLD260925C00310000
GLD,2026-09-25,393.4100036621094,2026-09-25,C,315.0,78.0,79.3,85.35,,7.0,2.021489321289063,True,2026-09-10 16:45:32+00:00,GLD260925C00315000
GLD,2026-09-25,393.4100036621094,2026-09-25,C,330.0,62.75,64.35,69.77,1.0,12.0,1.5253929980468748,True,2026-09-10 18:07:40+00:00,GLD260925C00330000
GLD,2026-09-25,393.4100036621094,2026-09-25,C,335.0,57.75,59.6,57.84,14.0,25.0,1.5527366113281247,True,2026-09-25 16:42:07+00:00,GLD260925C00335000
GLD,2026-09-25,393.4100036621094,2026-09-25,C,340.0,52.8,54.55,60.59,2.0,1.0,1.4296903515625,True,2026-09-10 15:18:42+00:00,GLD260925C00340000
GLD,2026-09-25,393.4100036621094,2026-09-25,C,345.0,47.55,49.25,47.16,2.0,9.0,1.6289081054687498,True,2026-09-25 15:28:23+00:00,GLD260925C00345000
GLD,2026-09-25,393.4100036621094,2026-09-25,C,346.0,46.65,48.6,47.1,10.0,10.0,1.2402381738281247,True,2026-09-25 18:27:02+00:00,GLD260925C00346000
GLD,2026-09-25,393.4100036621094,2026-09-25,C,347.0,45.75,47.55,46.17,30.0,23.0,1.2382850585937497,True,2026-09-25 18:27:02+00:00,GLD260925C00347000
GLD,2026-09-25,393.4100036621094,2026-09-25,C,348.0,44.7,46.55,45.2,32.0,7.0,1.19141029296875,True,2026-09-25 17:32:01+00:00,GLD260925C00348000
GLD,2026-09-25,393.4100036621094,2026-09-25,C,349.0,43.8,45.55,44.27,37.0,14.0,1.2089883300781248,True,2026-09-25 17:32:01+00:00,GLD260925C00349000
GLD,2026-09-25,393.4100036621094,2026-09-25,C,350.0,42.6,44.5,43.38,37.0,21.0,1.0703171484375003,True,2026-09-25 19:35:15+00:00,GLD260925C00350000
GLD,2026-09-25,393.4100036621094,2026-09-25,C,351.0,41.75,43.55,42.25,44.0,18.0,1.1416058544921874,True,2026-09-25 18:44:03+00:00,GLD260925C00351000
GLD,2026-09-25,393.4100036621094,2026-09-25,C,352.0,41.0,42.55,41.4,50.0,29.0,1.203128984375,True,2026-09-25 19:05:02+00:00,GLD260925C00352000
GLD,2026-09-25,393.4100036621094,2026-09-25,C,353.0,40.0,41.25,40.48,27.0,11.0,1.0742233789062503,True,2026-09-25 19:05:02+00:00,GLD260925C00353000
GLD,2026-09-25,393.4100036621094,2026-09-25,C,354.0,38.6,40.4,39.21,27.0,21.0,0.91992267578125,True,2026-09-25 16:11:59+00:00,GLD260925C00354000
GLD,2026-09-25,393.4100036621094,2026-09-25,C,355.0,37.85,39.55,38.32,52.0,27.0,1.0810592822265626,True,2026-09-25 18:55:04+00:00,GLD260925C00355000
GLD,2026-09-25,393.4100036621094,2026-09-25,C,356.0,36.8,38.55,37.4,39.0,18.0,1.0390673046875003,True,2026-09-25 18:55:04+00:00,GLD260925C00356000
GLD,2026-09-25,393.4100036621094,2026-09-25,C,357.0,35.75,37.55,35.72,37.0,15.0,0.99804689453125,True,2026-09-25 16:42:39+00:00,GLD260925C00357000
GLD,2026-09-25,393.4100036621094,2026-09-25,C,358.0,35.0,36.55,35.47,42.0,12.0,1.05078599609375,True,2026-09-25 19:05:04+00:00,GLD260925C00358000
GLD,2026-09-25,393.4100036621094,2026-09-25,C,359.0,34.0,35.55,34.55,134.0,20.0,1.0253954980468751,True,2026-09-25 19:05:04+00:00,GLD260925C00359000
GLD,2026-09-25,393.4100036621094,2026-09-25,C,360.0,32.9,34.55,32.7,92.0,31.0,0.9726565234375,True,2026-09-25 18:01:04+00:00,GLD260925C00360000
GLD,2026-09-25,393.4100036621094,2026-09-25,C,361.0,32.0,33.5,31.78,106.0,20.0,0.9619144433593749,True,2026-09-25 18:01:04+00:00,GLD260925C00361000
GLD,2026-09-25,393.4100036621094,2026-09-25,C,362.0,31.1,32.2,31.65,132.0,24.0,0.87695435546875,True,2026-09-25 20:03:27+00:00,GLD260925C00362000
GLD,2026-09-25,393.4100036621094,2026-09-25,C,363.0,30.1,31.5,30.67,146.0,34.0,0.936524072265625,True,2026-09-25 20:03:27+00:00,GLD260925C00363000
GLD,2026-09-25,393.4100036621094,2026-09-25,C,364.0,29.1,30.25,29.38,77.0,21.0,0.8437515624999999,True,2026-09-25 18:40:04+00:00,GLD260925C00364000
GLD,2026-09-25,393.4100036621094,2026-09-25,C,365.0,28.0,29.25,28.45,50.0,79.0,0.789064609375,True,2026-09-25 18:40:04+00:00,GLD260925C00365000
GLD,2026-09-25,393.4100036621094,2026-09-25,C,366.0,27.0,28.55,27.08,59.0,57.0,0.8466812207031249,True,2026-09-25 17:01:48+00:00,GLD260925C00366000
GLD,2026-09-25,393.4100036621094,2026-09-25,C,367.0,26.05,27.4,26.15,64.0,105.0,0.79687703125,True,2026-09-25 17:01:00+00:00,GLD260925C00367000
GLD,2026-09-25,393.4100036621094,2026-09-25,C,368.0,24.95,26.55,25.75,68.0,37.0,0.7841818457031251,True,2026-09-25 20:04:02+00:00,GLD260925C00368000
GLD,2026-09-25,393.4100036621094,2026-09-25,C,369.0,24.0,25.55,24.77,42.0,54.0,0.7695335546875001,True,2026-09-25 20:04:02+00:00,GLD260925C00369000
GLD,2026-09-25,393.4100036621094,2026-09-25,C,370.0,23.0,24.1,23.57,51.0,61.0,0.6191444335937502,True,2026-09-25 19:27:39+00:00,GLD260925C00370000
GLD,2026-09-25,393.4100036621094,2026-09-25,C,371.0,22.0,22.9,22.57,73.0,36.0,0.7666038964843751,True,2026-09-25 19:27:39+00:00,GLD260925C00371000
GLD,2026-09-25,393.4100036621094,2026-09-25,C,372.0,20.5,22.15,21.57,85.0,94.0,0.8193377441406249,True,2026-09-25 19:44:32+00:00,GLD260925C00372000
GLD,2026-09-25,393.4100036621094,2026-09-25,C,373.0,20.15,20.6,20.6,161.0,119.0,0.5820354296875,True,2026-09-25 19:44:32+00:00,GLD260925C00373000
GLD,2026-09-25,393.4100036621094,2026-09-25,C,374.0,18.8,20.55,19.7,59.0,21.0,0.596683720703125,True,2026-09-25 20:04:35+00:00,GLD260925C00374000
GLD,2026-09-25,393.4100036621094,2026-09-25,C,375.0,17.9,19.55,18.72,74.0,61.0,0.5927775097656252,True,2026-09-25 20:04:35+00:00,GLD260925C00375000
GLD,2026-09-25,393.4100036621094,2026-09-25,C,376.0,16.8,18.5,17.67,70.0,19.0,0.534184345703125,True,2026-09-25 20:03:46+00:00,GLD260925C00376000
GLD,2026-09-25,393.4100036621094,2026-09-25,C,377.0,15.9,17.55,16.69,29.0,38.0,0.5405319384765627,True,2026-09-25 20:03:46+00:00,GLD260925C00377000
GLD,2026-09-25,393.4100036621094,2026-09-25,C,378.0,15.0,15.9,15.54,32.0,25.0,0.5722699023437501,True,2026-09-25 19:10:05+00:00,GLD260925C00378000
GLD,2026-09-25,393.4100036621094,2026-09-25,C,379.0,14.0,15.3,14.62,46.0,24.0,0.6459996337890624,True,2026-09-25 19:10:05+00:00,GLD260925C00379000
GLD,2026-09-25,393.4100036621094,2026-09-25,C,380.0,13.15,13.7,13.72,49.0,47.0,0.45215391601562505,True,2026-09-25 18:59:17+00:00,GLD260925C00380000
GLD,2026-09-25,393.4100036621094,2026-09-25,C,381.0,12.1,12.85,12.58,40.0,19.0,0.4726615234375,True,2026-09-25 19:13:36+00:00,GLD260925C00381000
GLD,2026-09-25,393.4100036621094,2026-09-25,C,382.0,11.15,11.8,11.65,60.0,31.0,0.42969320312500003,True,2026-09-25 19:13:36+00:00,GLD260925C00382000
GLD,2026-09-25,393.4100036621094,2026-09-25,C,383.0,10.0,11.3,10.25,42.0,176.0,0.5170946728515625,True,2026-09-25 19:24:52+00:00,GLD260925C00383000
GLD,2026-09-25,393.4100036621094,2026-09-25,C,384.0,9.15,9.6,9.65,36.0,73.0,0.31055376953124997,True,2026-09-25 19:13:11+00:00,GLD260925C00384000
GLD,2026-09-25,393.4100036621094,2026-09-25,C,385.0,8.0,9.0,8.58,102.0,447.0,0.389654541015625,True,2026-09-25 18:29:04+00:00,GLD260925C00385000
GLD,2026-09-25,393.4100036621094,2026-09-25,C,386.0,7.05,7.85,7.3,98.0,82.0,0.32520206054687495,True,2026-09-25 18:48:44+00:00,GLD260925C00386000
GLD,2026-09-25,393.4100036621094,2026-09-25,C,387.0,5.65,6.6,6.64,155.0,98.0,0.231452998046875,True,2026-09-25 19:01:37+00:00,GLD260925C00387000
GLD,2026-09-25,393.4100036621094,2026-09-25,C,388.0,5.15,5.6,5.35,233.0,170.0,0.2036212451171875,True,2026-09-25 20:06:06+00:00,GLD260925C00388000
GLD,2026-09-25,393.4100036621094,2026-09-25,C,389.0,4.15,5.1,4.43,87.0,90.0,0.2739330419921875,True,2026-09-25 20:06:50+00:00,GLD260925C00389000
GLD,2026-09-25,393.4100036621094,2026-09-25,C,390.0,3.2,3.5,3.45,1107.0,1808.0,0.11914943359374999,True,2026-09-25 20:06:50+00:00,GLD260925C00390000
GLD,2026-09-25,393.4100036621094,2026-09-25,C,391.0,2.16,2.64,2.63,2520.0,346.0,0.12305564453125001,True,2026-09-25 19:50:24+00:00,GLD260925C00391000
GLD,2026-09-25,393.4100036621094,2026-09-25,C,392.0,1.25,1.47,1.36,4113.0,1106.0,0.055673505859375,True,2026-09-25 20:12:04+00:00,GLD260925C00392000
GLD,2026-09-25,393.4100036621094,2026-09-25,C,393.0,0.31,0.53,0.43,9454.0,866.0,0.03394520751953125,True,2026-09-25 20:12:37+00:00,GLD260925C00393000
GLD,2026-09-25,393.4100036621094,2026-09-25,C,394.0,0.05,0.06,0.05,13069.0,671.0,0.030771411132812503,False,2026-09-25 20:14:49+00:00,GLD260925C00394000
GLD,2026-09-25,393.4100036621094,2026-09-25,C,395.0,0.0,0.01,0.01,11789.0,6392.0,0.04102521484375,False,2026-09-25 20:08:27+00:00,GLD260925C00395000
GLD,2026-09-25,393.4100036621094,2026-09-25,C,396.0,0.0,0.01,0.01,2934.0,449.0,0.062509375,False,2026-09-25 20:03:38+00:00,GLD260925C00396000
GLD,2026-09-25,393.4100036621094,2026-09-25,C,397.0,0.0,0.01,0.01,1382.0,1066.0,0.08204042968750001,False,2026-09-25 19:50:28+00:00,GLD260925C00397000
GLD,2026-09-25,393.4100036621094,2026-09-25,C,398.0,0.0,0.01,0.01,1413.0,451.0,0.10157148437499999,False,2026-09-25 19:56:51+00:00,GLD260925C00398000
GLD,2026-09-25,393.4100036621094,2026-09-25,C,399.0,0.0,0.01,0.01,584.0,363.0,0.11914943359374999,False,2026-09-25 19:44:20+00:00,GLD260925C00399000
GLD,2026-09-25,393.4100036621094,2026-09-25,C,400.0,0.0,0.01,0.01,1724.0,3493.0,0.13672738281250002,False,2026-09-25 19:52:13+00:00,GLD260925C00400000
GLD,2026-09-25,393.4100036621094,2026-09-25,C,401.0,0.0,0.01,0.01,144.0,1104.0,0.1562584375,False,2026-09-25 19:29:54+00:00,GLD260925C00401000
GLD,2026-09-25,393.4100036621094,2026-09-25,C,402.0,0.0,0.01,0.01,106.0,940.0,0.17188328125000002,False,2026-09-25 20:01:08+00:00,GLD260925C00402000
GLD,2026-09-25,393.4100036621094,2026-09-25,C,403.0,0.0,0.01,0.01,127.0,490.0,0.187508125,False,2026-09-25 16:52:47+00:00,GLD260925C00403000
GLD,2026-09-25,393.4100036621094,2026-09-25,C,404.0,0.0,0.01,0.01,139.0,618.0,0.20703917968749996,False,2026-09-25 19:45:03+00:00,GLD260925C00404000
GLD,2026-09-25,393.4100036621094,2026-09-25,C,405.0,0.0,0.01,0.01,214.0,3161.0,0.22266402343749997,False,2026-09-25 19:53:53+00:00,GLD260925C00405000
GLD,2026-09-25,393.4100036621094,2026-09-25,C,406.0,0.0,0.01,0.01,37.0,361.0,0.242195078125,False,2026-09-25 19:01:43+00:00,GLD260925C00406000
GLD,2026-09-25,393.4100036621094,2026-09-25,C,407.0,0.0,0.01,0.01,33.0,519.0,0.257819921875,False,2026-09-25 18:37:06+00:00,GLD260925C00407000
GLD,2026-09-25,393.4100036621094,2026-09-25,C,408.0,0.0,0.01,0.01,59.0,884.0,0.273444765625,False,2026-09-25 18:34:28+00:00,GLD260925C00408000
GLD,2026-09-25,393.4100036621094,2026-09-25,C,409.0,0.0,0.01,0.01,15.0,856.0,0.2890696093749999,False,2026-09-25 18:23:15+00:00,GLD260925C00409000
GLD,2026-09-25,393.4100036621094,2026-09-25,C,410.0,0.0,0.01,0.01,243.0,3111.0,0.304694453125,False,2026-09-25 19:47:55+00:00,GLD260925C00410000
GLD,2026-09-25,393.4100036621094,2026-09-25,C,411.0,0.0,0.01,0.01,6.0,1502.0,0.32031929687499994,False,2026-09-25 19:43:15+00:00,GLD260925C00411000
GLD,2026-09-25,393.4100036621094,2026-09-25,C,412.0,0.0,0.01,0.01,30.0,519.0,0.335944140625,False,2026-09-25 19:21:24+00:00,GLD260925C00412000
GLD,2026-09-25,393.4100036621094,2026-09-25,C,413.0,0.0,0.01,0.01,17.0,443.0,0.35156898437499995,False,2026-09-25 18:08:54+00:00,GLD260925C00413000
GLD,2026-09-25,393.4100036621094,2026-09-25,C,414.0,0.0,0.01,0.01,9.0,5159.0,0.367193828125,False,2026-09-25 19:56:08+00:00,GLD260925C00414000
GLD,2026-09-25,393.4100036621094,2026-09-25,C,415.0,0.0,0.01,0.01,425.0,2671.0,0.38281867187499996,False,2026-09-25 19:12:42+00:00,GLD260925C00415000
GLD,2026-09-25,393.4100036621094,2026-09-25,C,416.0,0.0,0.01,0.01,308.0,343.0,0.398443515625,False,2026-09-25 17:23:32+00:00,GLD260925C00416000
GLD,2026-09-25,393.4100036621094,2026-09-25,C,417.0,0.0,0.01,0.02,49.0,771.0,0.414068359375,False,2026-09-25 16:25:24+00:00,GLD260925C00417000
GLD,2026-09-25,393.4100036621094,2026-09-25,C,418.0,0.0,0.01,0.01,5.0,2121.0,0.42969320312500003,False,2026-09-25 17:06:14+00:00,GLD260925C00418000
GLD,2026-09-25,393.4100036621094,2026-09-25,C,419.0,0.0,0.01,0.01,299.0,307.0,0.445318046875,False,2026-09-25 18:34:34+00:00,GLD260925C00419000
GLD,2026-09-25,393.4100036621094,2026-09-25,C,420.0,0.0,0.01,0.01,338.0,3570.0,0.46094289062500005,False,2026-09-25 19:35:54+00:00,GLD260925C00420000
GLD,2026-09-25,393.4100036621094,2026-09-25,C,421.0,0.0,0.01,0.05,1.0,577.0,0.476567734375,False,2026-09-24 19:58:00+00:00,GLD260925C00421000
GLD,2026-09-25,393.4100036621094,2026-09-25,C,422.0,0.0,0.15,0.08,552.0,179.0,0.62305064453125,False,2026-09-25 19:21:24+00:00,GLD260925C00422000
GLD,2026-09-25,393.4100036621094,2026-09-25,C,423.0,0.0,0.01,0.01,1491.0,254.0,0.507817421875,False,2026-09-25 16:03:12+00:00,GLD260925C00423000
GLD,2026-09-25,393.4100036621094,2026-09-25,C,424.0,0.0,0.01,0.02,1775.0,574.0,0.51562984375,False,2026-09-25 18:02:35+00:00,GLD260925C00424000
GLD,2026-09-25,393.4100036621094,2026-09-25,C,425.0,0.0,0.01,0.01,807.0,3971.0,0.500005,False,2026-09-25 18:46:34+00:00,GLD260925C00425000
GLD,2026-09-25,393.4100036621094,2026-09-25,C,426.0,0.0,0.01,0.01,1.0,2351.0,0.51562984375,False,2026-09-24 19:58:00+00:00,GLD260925C00426000
GLD,2026-09-25,393.4100036621094,2026-09-25,C,427.0,0.0,0.01,0.01,1.0,262.0,0.5312546875,False,2026-09-25 13:38:47+00:00,GLD260925C00427000
GLD,2026-09-25,393.4100036621094,2026-09-25,C,428.0,0.0,0.01,0.01,3.0,294.0,0.5468795312500001,False,2026-09-25 13:49:23+00:00,GLD260925C00428000
GLD,2026-09-25,393.4100036621094,2026-09-25,C,429.0,0.0,0.01,0.01,2.0,210.0,0.5625043750000001,False,2026-09-24 19:57:59+00:00,GLD260925C00429000
GLD,2026-09-25,393.4100036621094,2026-09-25,C,430.0,0.0,0.01,0.06,611.0,1345.0,0.5625043750000001,False,2026-09-25 16:30:14+00:00,GLD260925C00430000
GLD,2026-09-25,393.4100036621094,2026-09-25,C,431.0,0.0,0.01,0.01,597.0,273.0,0.57812921875,False,2026-09-25 16:14:27+00:00,GLD260925C00431000
GLD,2026-09-25,393.4100036621094,2026-09-25,C,432.0,0.0,0.01,0.01,1.0,462.0,0.5937540625000001,False,2026-09-25 20:12:07+00:00,GLD260925C00432000
GLD,2026-09-25,393.4100036621094,2026-09-25,C,433.0,0.0,0.04,0.02,1.0,2022.0,0.6953155468750001,False,2026-09-24 19:58:06+00:00,GLD260925C00433000
GLD,2026-09-25,393.4100036621094,2026-09-25,C,434.0,0.0,0.18,0.05,1.0,214.0,0.851563984375,False,2026-09-24 19:58:00+00:00,GLD260925C00434000
GLD,2026-09-25,393.4100036621094,2026-09-25,C,435.0,0.0,0.01,0.01,48.0,4799.0,0.6250037500000001,False,2026-09-25 19:44:50+00:00,GLD260925C00435000
GLD,2026-09-25,393.4100036621094,2026-09-25,C,440.0,0.0,0.08,0.03,2.0,2372.0,0.8632826171875,False,2026-09-25 16:54:21+00:00,GLD260925C00440000
GLD,2026-09-25,393.4100036621094,2026-09-25,C,445.0,0.0,0.09,0.06,1.0,618.0,0.9531254687499999,False,2026-09-25 18:50:28+00:00,GLD260925C00445000
GLD,2026-09-25,393.4100036621094,2026-09-25,C,450.0,0.0,0.02,0.01,6.0,903.0,0.87500125,False,2026-09-25 18:46:42+00:00,GLD260925C00450000
GLD,2026-09-25,393.4100036621094,2026-09-25,C,455.0,0.0,0.03,0.01,2.0,1272.0,0.98437515625,False,2026-09-23 19:58:22+00:00,GLD260925C00455000
GLD,2026-09-25,393.4100036621094,2026-09-25,C,460.0,0.0,0.01,0.04,2.0,12264.0,0.937500625,False,2026-09-24 16:16:44+00:00,GLD260925C00460000
GLD,2026-09-25,393.4100036621094,2026-09-25,C,465.0,0.0,0.1,0.06,1.0,590.0,1.2578162109375,False,2026-09-24 16:15:03+00:00,GLD260925C00465000
GLD,2026-09-25,393.4100036621094,2026-09-25,C,470.0,0.0,0.01,0.01,4.0,154.0,1.0625046875000002,False,2026-09-23 15:23:52+00:00,GLD260925C00470000
GLD,2026-09-25,393.4100036621094,2026-09-25,C,475.0,0.0,0.02,0.02,4.0,245.0,1.1875040625,False,2026-09-25 16:54:21+00:00,GLD260925C00475000
GLD,2026-09-25,393.4100036621094,2026-09-25,C,480.0,0.0,0.02,0.01,4.0,412.0,1.2500037499999999,False,2026-09-23 15:23:52+00:00,GLD260925C00480000
GLD,2026-09-25,393.4100036621094,2026-09-25,C,485.0,0.0,0.02,0.03,1.0,438.0,1.3125034374999998,False,2026-09-21 16:37:01+00:00,GLD260925C00485000
GLD,2026-09-25,393.4100036621094,2026-09-25,C,490.0,0.0,0.02,0.01,1.0,1591.0,1.3750031249999999,False,2026-09-22 17:34:39+00:00,GLD260925C00490000
GLD,2026-09-25,393.4100036621094,2026-09-25,C,495.0,0.0,0.02,0.01,1.0,35.0,1.4375028125,False,2026-09-25 18:27:48+00:00,GLD260925C00495000
GLD,2026-09-25,393.4100036621094,2026-09-25,C,500.0,0.0,0.01,0.01,5.0,987.0,1.40625296875,False,2026-09-24 19:41:57+00:00,GLD260925C00500000
GLD,2026-09-25,393.4100036621094,2026-09-25,C,505.0,0.0,0.02,0.05,1.0,109.0,1.5312523437499999,False,2026-09-17 13:48:33+00:00,GLD260925C00505000
GLD,2026-09-25,393.4100036621094,2026-09-25,C,510.0,0.0,0.02,0.01,1.0,247.0,1.5937520312499998,False,2026-09-25 16:54:21+00:00,GLD260925C00510000
GLD,2026-09-25,393.4100036621094,2026-09-25,C,515.0,0.0,0.33,0.05,5.0,13.0,2.193363891601562,False,2026-09-21 14:02:04+00:00,GLD260925C00515000
GLD,2026-09-25,393.4100036621094,2026-09-25,C,520.0,0.0,0.03,0.03,3.0,70.0,1.765626171875,False,2026-09-16 17:09:19+00:00,GLD260925C00520000
GLD,2026-09-25,393.4100036621094,2026-09-25,C,525.0,0.0,0.01,0.01,45.0,1074.0,1.6875015625,False,2026-09-17 17:37:59+00:00,GLD260925C00525000
GLD,2026-09-25,393.4100036621094,2026-09-25,C,530.0,0.0,0.01,0.01,56.0,579.0,1.71875140625,False,2026-09-17 17:37:08+00:00,GLD260925C00530000
GLD,2026-09-25,393.4100036621094,2026-09-25,C,535.0,0.0,0.05,0.01,126.0,357.0,2.0156299609375,False,2026-09-17 17:36:38+00:00,GLD260925C00535000
GLD,2026-09-25,393.4100036621094,2026-09-25,C,540.0,0.0,0.31,0.08,1.0,38.0,2.50000375,False,2026-09-18 18:00:27+00:00,GLD260925C00540000
GLD,2026-09-25,393.4100036621094,2026-09-25,C,545.0,0.0,0.01,0.01,139.0,143.0,1.875000625,False,2026-09-17 17:35:39+00:00,GLD260925C00545000
GLD,2026-09-25,393.4100036621094,2026-09-25,C,550.0,0.0,0.01,0.01,1.0,21.0,1.9375003125,False,2026-09-18 16:54:32+00:00,GLD260925C00550000
GLD,2026-09-25,393.4100036621094,2026-09-25,C,555.0,0.0,0.14,0.02,2.0,52.0,2.46094134765625,False,2026-09-25 17:19:46+00:00,GLD260925C00555000
GLD,2026-09-25,393.4100036621094,2026-09-25,C,560.0,0.0,0.1,0.03,3.0,60.0,2.43750390625,False,2026-09-15 17:34:47+00:00,GLD260925C00560000
GLD,2026-09-25,393.4100036621094,2026-09-25,C,565.0,0.0,0.09,0.02,40.0,46.0,2.46094134765625,False,2026-09-15 13:59:32+00:00,GLD260925C00565000
GLD,2026-09-25,393.4100036621094,2026-09-25,C,570.0,0.0,0.08,0.05,3.0,67.0,2.4843787890625,False,2026-09-16 15:23:22+00:00,GLD260925C00570000
GLD,2026-09-25,393.4100036621094,2026-09-25,C,575.0,0.0,0.05,0.01,1.0,329.0,2.43750390625,False,2026-09-21 18:41:52+00:00,GLD260925C00575000
GLD,2026-09-25,393.4100036621094,2026-09-25,C,580.0,0.0,0.05,0.07,2.0,6.0,2.4843787890625,False,2026-09-16 15:23:20+00:00,GLD260925C00580000
GLD,2026-09-25,393.4100036621094,2026-09-25,C,585.0,0.0,0.02,0.01,2.0,5.0,2.3437541406249993,False,2026-09-25 15:45:11+00:00,GLD260925C00585000
GLD,2026-09-25,393.4100036621094,2026-09-25,C,590.0,0.0,0.09,0.07,2.0,4.0,2.718753203125,False,2026-09-16 15:23:21+00:00,GLD260925C00590000
GLD,2026-09-25,393.4100036621094,2026-09-25,C,595.0,0.0,0.05,0.19,1.0,2.0,2.6250034375,False,2026-08-28 14:35:43+00:00,GLD260925C00595000
GLD,2026-09-25,393.4100036621094,2026-09-25,C,600.0,0.0,0.01,0.01,12.0,35.0,2.3750040624999995,False,2026-09-23 14:42:28+00:00,GLD260925C00600000
GLD,2026-09-25,393.4100036621094,2026-09-25,C,605.0,0.0,0.09,0.06,1.0,3.0,2.8750028125,False,2026-09-09 19:04:46+00:00,GLD260925C00605000
GLD,2026-09-25,393.4100036621094,2026-09-25,C,610.0,0.0,0.05,0.04,5.0,9.0,2.7812530468750003,False,2026-09-09 14:30:53+00:00,GLD260925C00610000
GLD,2026-09-25,393.4100036621094,2026-09-25,C,615.0,0.0,0.06,0.02,,11.0,2.8593778515625,False,2026-09-09 14:30:43+00:00,GLD260925C00615000
GLD,2026-09-25,393.4100036621094,2026-09-25,C,620.0,0.0,0.08,0.04,16.0,18.0,2.9843775390625,False,2026-09-09 19:06:16+00:00,GLD260925C00620000
GLD,2026-09-25,393.4100036621094,2026-09-25,C,625.0,0.0,0.11,0.04,,12.0,3.1250021875,False,2026-09-09 15:59:58+00:00,GLD260925C00625000
GLD,2026-09-25,393.4100036621094,2026-09-25,C,630.0,0.0,0.07,0.01,5.0,52.0,3.0468773828125,False,2026-09-15 13:53:48+00:00,GLD260925C00630000
GLD,2026-09-25,393.4100036621094,2026-09-25,C,635.0,0.0,0.01,0.01,1.0,8.0,2.6250034375,False,2026-09-18 18:19:46+00:00,GLD260925C00635000
GLD,2026-09-25,393.4100036621094,2026-09-25,C,640.0,0.0,0.01,0.01,1.0,11.0,2.68750328125,False,2026-09-15 13:52:53+00:00,GLD260925C00640000
GLD,2026-09-25,393.4100036621094,2026-09-25,C,645.0,0.0,0.01,0.01,10.0,261.0,2.750003125,False,2026-09-14 19:54:07+00:00,GLD260925C00645000
GLD,2026-09-25,393.4100036621094,2026-09-25,C,650.0,0.0,0.01,0.01,1.0,385.0,2.750003125,False,2026-09-14 15:15:11+00:00,GLD260925C00650000
GLD,2026-09-25,393.4100036621094,2026-09-25,P,205.0,0.0,0.05,0.03,2.0,2.0,4.187504765625,False,2026-09-25 19:39:45+00:00,GLD260925P00205000
GLD,2026-09-25,393.4100036621094,2026-09-25,P,210.0,0.0,0.01,0.01,4.0,0.0,3.50000125,False,2026-09-25 19:43:25+00:00,GLD260925P00210000
GLD,2026-09-25,393.4100036621094,2026-09-25,P,225.0,0.0,0.02,0.01,2.0,0.0,3.3437516406249994,False,2026-09-25 15:54:11+00:00,GLD260925P00225000
GLD,2026-09-25,393.4100036621094,2026-09-25,P,230.0,0.0,0.01,0.01,,1.0,3.06250234375,False,2026-08-27 14:54:11+00:00,GLD260925P00230000
GLD,2026-09-25,393.4100036621094,2026-09-25,P,235.0,0.0,0.05,0.01,,1.0,3.3437516406249994,False,2026-08-25 14:41:47+00:00,GLD260925P00235000
GLD,2026-09-25,393.4100036621094,2026-09-25,P,240.0,0.0,0.08,0.03,2.0,2.0,3.3593766015624995,False,2026-09-02 16:52:35+00:00,GLD260925P00240000
GLD,2026-09-25,393.4100036621094,2026-09-25,P,245.0,0.0,0.04,0.01,2.0,0.0,3.031252421875,False,2026-09-25 15:53:56+00:00,GLD260925P00245000
GLD,2026-09-25,393.4100036621094,2026-09-25,P,250.0,0.0,0.01,0.04,2.0,3.0,2.6250034375,False,2026-09-03 13:51:08+00:00,GLD260925P00250000
GLD,2026-09-25,393.4100036621094,2026-09-25,P,255.0,0.0,0.01,0.03,2.0,1.0,2.50000375,False,2026-09-02 16:53:47+00:00,GLD260925P00255000
GLD,2026-09-25,393.4100036621094,2026-09-25,P,260.0,0.0,0.01,0.03,4.0,1.0,2.3750040624999995,False,2026-09-02 16:55:23+00:00,GLD260925P00260000
GLD,2026-09-25,393.4100036621094,2026-09-25,P,265.0,0.0,0.08,0.03,1.0,5.0,2.7343781640625,False,2026-09-08 16:56:41+00:00,GLD260925P00265000
GLD,2026-09-25,393.4100036621094,2026-09-25,P,270.0,0.0,0.05,0.01,2.0,11.0,2.50000375,False,2026-09-25 15:54:32+00:00,GLD260925P00270000
GLD,2026-09-25,393.4100036621094,2026-09-25,P,275.0,0.0,0.01,0.04,2.0,26.0,2.0625048437499998,False,2026-09-11 14:32:22+00:00,GLD260925P00275000
GLD,2026-09-25,393.4100036621094,2026-09-25,P,280.0,0.0,0.18,0.01,3.0,411.0,2.5976597558593753,False,2026-09-21 13:52:19+00:00,GLD260925P00280000
GLD,2026-09-25,393.4100036621094,2026-09-25,P,285.0,0.0,0.05,0.01,2.0,41.0,2.1718795703125,False,2026-09-25 15:53:47+00:00,GLD260925P00285000
GLD,2026-09-25,393.4100036621094,2026-09-25,P,290.0,0.0,0.1,0.01,1.0,14.0,2.2031294921874993,False,2026-09-21 15:09:09+00:00,GLD260925P00290000
GLD,2026-09-25,393.4100036621094,2026-09-25,P,295.0,0.0,0.08,0.03,4.0,521.0,2.0468798828125,False,2026-09-14 19:57:38+00:00,GLD260925P00295000
GLD,2026-09-25,393.4100036621094,2026-09-25,P,300.0,0.0,0.01,0.02,100.0,1372.0,1.625001875,False,2026-09-18 13:49:41+00:00,GLD260925P00300000
GLD,2026-09-25,393.4100036621094,2026-09-25,P,305.0,0.0,0.01,0.01,91.0,492.0,1.5000025,False,2026-09-18 16:17:58+00:00,GLD260925P00305000
GLD,2026-09-25,393.4100036621094,2026-09-25,P,310.0,0.0,0.01,0.07,5.0,13.0,1.4375028125,False,2026-09-14 19:56:08+00:00,GLD260925P00310000
GLD,2026-09-25,393.4100036621094,2026-09-25,P,315.0,0.0,0.08,0.13,6.0,11.0,1.6171894140625,False,2026-09-16 18:12:34+00:00,GLD260925P00315000
GLD,2026-09-25,393.4100036621094,2026-09-25,P,320.0,0.0,0.09,0.05,1.0,114.0,1.5312523437499999,False,2026-09-21 13:52:19+00:00,GLD260925P00320000
GLD,2026-09-25,393.4100036621094,2026-09-25,P,325.0,0.0,0.01,0.01,1.0,583.0,1.15625421875,False,2026-09-24 18:31:44+00:00,GLD260925P00325000
GLD,2026-09-25,393.4100036621094,2026-09-25,P,330.0,0.0,0.01,0.02,2.0,313.0,1.0625046875000002,False,2026-09-18 16:53:04+00:00,GLD260925P00330000
GLD,2026-09-25,393.4100036621094,2026-09-25,P,335.0,0.0,0.01,0.01,6.0,59.0,0.98437515625,False,2026-09-21 16:43:51+00:00,GLD260925P00335000
GLD,2026-09-25,393.4100036621094,2026-09-25,P,340.0,0.0,0.13,0.02,1.0,716.0,1.171879140625,False,2026-09-24 15:45:16+00:00,GLD260925P00340000
GLD,2026-09-25,393.4100036621094,2026-09-25,P,345.0,0.0,0.16,0.02,1.0,246.0,1.0976607617187502,False,2026-09-23 19:44:40+00:00,GLD260925P00345000
GLD,2026-09-25,393.4100036621094,2026-09-25,P,346.0,0.0,0.22,0.01,2.0,31.0,1.12109814453125,False,2026-09-25 15:52:31+00:00,GLD260925P00346000
GLD,2026-09-25,393.4100036621094,2026-09-25,P,347.0,0.0,0.04,0.02,2.0,13.0,0.8984385156249999,False,2026-09-25 15:55:56+00:00,GLD260925P00347000
GLD,2026-09-25,393.4100036621094,2026-09-25,P,348.0,0.0,0.05,0.03,3.0,18.0,0.8984385156249999,False,2026-09-21 14:29:45+00:00,GLD260925P00348000
GLD,2026-09-25,393.4100036621094,2026-09-25,P,349.0,0.0,0.05,0.03,2.0,32.0,0.8828136718749999,False,2026-09-21 14:30:20+00:00,GLD260925P00349000
GLD,2026-09-25,393.4100036621094,2026-09-25,P,350.0,0.0,0.01,0.01,2.0,4062.0,0.73437765625,False,2026-09-25 15:12:48+00:00,GLD260925P00350000
GLD,2026-09-25,393.4100036621094,2026-09-25,P,351.0,0.0,0.01,0.01,89.0,28.0,0.7187528125,False,2026-09-25 16:57:12+00:00,GLD260925P00351000
GLD,2026-09-25,393.4100036621094,2026-09-25,P,352.0,0.0,0.05,0.01,42.0,22.0,0.8203142968749999,False,2026-09-25 17:03:40+00:00,GLD260925P00352000
GLD,2026-09-25,393.4100036621094,2026-09-25,P,353.0,0.0,0.03,0.09,8.0,29.0,0.7656273437500001,False,2026-09-25 17:02:40+00:00,GLD260925P00353000
GLD,2026-09-25,393.4100036621094,2026-09-25,P,354.0,0.0,0.05,0.03,11.0,25.0,0.789064609375,False,2026-09-25 20:00:03+00:00,GLD260925P00354000
GLD,2026-09-25,393.4100036621094,2026-09-25,P,355.0,0.0,0.07,0.01,5.0,123.0,0.79687703125,False,2026-09-25 14:27:00+00:00,GLD260925P00355000
GLD,2026-09-25,393.4100036621094,2026-09-25,P,356.0,0.0,0.01,0.01,1.0,384.0,0.64062859375,False,2026-09-25 15:16:04+00:00,GLD260925P00356000
GLD,2026-09-25,393.4100036621094,2026-09-25,P,357.0,0.0,0.05,0.01,2.0,110.0,0.726565234375,False,2026-09-24 19:26:31+00:00,GLD260925P00357000
GLD,2026-09-25,393.4100036621094,2026-09-25,P,358.0,0.0,0.13,0.01,2.0,70.0,0.79687703125,False,2026-09-25 15:59:34+00:00,GLD260925P00358000
GLD,2026-09-25,393.4100036621094,2026-09-25,P,359.0,0.0,0.04,0.01,5.0,394.0,0.6718782812500002,False,2026-09-24 19:34:46+00:00,GLD260925P00359000
GLD,2026-09-25,393.4100036621094,2026-09-25,P,360.0,0.0,0.01,0.01,14.0,2675.0,0.5625043750000001,False,2026-09-24 19:27:08+00:00,GLD260925P00360000
GLD,2026-09-25,393.4100036621094,2026-09-25,P,361.0,0.0,0.1,0.01,6.0,52.0,0.710940390625,False,2026-09-24 18:20:39+00:00,GLD260925P00361000
GLD,2026-09-25,393.4100036621094,2026-09-25,P,362.0,0.0,0.14,0.02,17.0,473.0,0.7226590234375,False,2026-09-24 14:41:55+00:00,GLD260925P00362000
GLD,2026-09-25,393.4100036621094,2026-09-25,P,363.0,0.0,0.03,0.03,10.0,227.0,0.585941640625,False,2026-09-25 16:33:20+00:00,GLD260925P00363000
GLD,2026-09-25,393.4100036621094,2026-09-25,P,364.0,0.0,0.05,0.01,9.0,53.0,0.5976602734375001,False,2026-09-24 19:20:57+00:00,GLD260925P00364000
GLD,2026-09-25,393.4100036621094,2026-09-25,P,365.0,0.0,0.01,0.02,22.0,691.0,0.523442265625,False,2026-09-24 19:58:06+00:00,GLD260925P00365000
GLD,2026-09-25,393.4100036621094,2026-09-25,P,366.0,0.0,0.01,0.01,3.0,1400.0,0.507817421875,False,2026-09-25 15:37:22+00:00,GLD260925P00366000
GLD,2026-09-25,393.4100036621094,2026-09-25,P,367.0,0.0,0.02,0.01,2.0,196.0,0.5273484765625001,False,2026-09-25 15:31:29+00:00,GLD260925P00367000
GLD,2026-09-25,393.4100036621094,2026-09-25,P,368.0,0.0,0.01,0.01,196.0,475.0,0.4687553125,False,2026-09-25 15:20:18+00:00,GLD260925P00368000
GLD,2026-09-25,393.4100036621094,2026-09-25,P,369.0,0.0,0.01,0.01,1773.0,108.0,0.45313046875,False,2026-09-25 15:20:18+00:00,GLD260925P00369000
GLD,2026-09-25,393.4100036621094,2026-09-25,P,370.0,0.0,0.01,0.02,1784.0,806.0,0.437505625,False,2026-09-25 17:43:34+00:00,GLD260925P00370000
GLD,2026-09-25,393.4100036621094,2026-09-25,P,371.0,0.0,0.01,0.02,238.0,1448.0,0.42188078125,False,2026-09-25 18:28:12+00:00,GLD260925P00371000
GLD,2026-09-25,393.4100036621094,2026-09-25,P,372.0,0.0,0.01,0.01,297.0,1072.0,0.4062559375,False,2026-09-25 13:42:58+00:00,GLD260925P00372000
GLD,2026-09-25,393.4100036621094,2026-09-25,P,373.0,0.0,0.01,0.01,1133.0,220.0,0.38281867187499996,False,2026-09-25 16:06:18+00:00,GLD260925P00373000
GLD,2026-09-25,393.4100036621094,2026-09-25,P,374.0,0.0,0.01,0.01,927.0,245.0,0.367193828125,False,2026-09-25 18:02:28+00:00,GLD260925P00374000
GLD,2026-09-25,393.4100036621094,2026-09-25,P,375.0,0.0,0.01,0.01,237.0,2522.0,0.35156898437499995,False,2026-09-25 17:23:32+00:00,GLD260925P00375000
GLD,2026-09-25,393.4100036621094,2026-09-25,P,376.0,0.0,0.01,0.01,413.0,1526.0,0.335944140625,False,2026-09-25 18:25:04+00:00,GLD260925P00376000
GLD,2026-09-25,393.4100036621094,2026-09-25,P,377.0,0.0,0.03,0.01,197.0,175.0,0.35938140625,False,2026-09-25 15:52:23+00:00,GLD260925P00377000
GLD,2026-09-25,393.4100036621094,2026-09-25,P,378.0,0.0,0.01,0.01,65.0,313.0,0.29688203124999996,False,2026-09-25 17:17:07+00:00,GLD260925P00378000
GLD,2026-09-25,393.4100036621094,2026-09-25,P,379.0,0.0,0.01,0.01,10.0,194.0,0.28125718749999995,False,2026-09-25 18:35:23+00:00,GLD260925P00379000
GLD,2026-09-25,393.4100036621094,2026-09-25,P,380.0,0.0,0.01,0.01,88.0,3123.0,0.26563234375,False,2026-09-25 18:16:28+00:00,GLD260925P00380000
GLD,2026-09-25,393.4100036621094,2026-09-25,P,381.0,0.0,0.01,0.01,6.0,1884.0,0.242195078125,False,2026-09-25 14:12:24+00:00,GLD260925P00381000
GLD,2026-09-25,393.4100036621094,2026-09-25,P,382.0,0.0,0.01,0.01,87.0,2506.0,0.22657023437499998,False,2026-09-25 19:21:07+00:00,GLD260925P00382000
GLD,2026-09-25,393.4100036621094,2026-09-25,P,383.0,0.0,0.01,0.01,401.0,427.0,0.21094539062499998,False,2026-09-25 17:09:15+00:00,GLD260925P00383000
GLD,2026-09-25,393.4100036621094,2026-09-25,P,384.0,0.0,0.01,0.02,877.0,1711.0,0.1914143359375,False,2026-09-25 18:28:12+00:00,GLD260925P00384000
GLD,2026-09-25,393.4100036621094,2026-09-25,P,385.0,0.0,0.01,0.01,537.0,3443.0,0.17188328125000002,False,2026-09-25 20:01:06+00:00,GLD260925P00385000
GLD,2026-09-25,393.4100036621094,2026-09-25,P,386.0,0.0,0.01,0.01,974.0,1321.0,0.1562584375,False,2026-09-25 19:45:25+00:00,GLD260925P00386000
GLD,2026-09-25,393.4100036621094,2026-09-25,P,387.0,0.0,0.01,0.01,671.0,766.0,0.13672738281250002,False,2026-09-25 19:59:48+00:00,GLD260925P00387000
GLD,2026-09-25,393.4100036621094,2026-09-25,P,388.0,0.0,0.01,0.01,1164.0,820.0,0.117196328125,False,2026-09-25 19:05:46+00:00,GLD260925P00388000
GLD,2026-09-25,393.4100036621094,2026-09-25,P,389.0,0.0,0.01,0.01,2285.0,778.0,0.0976652734375,False,2026-09-25 19:52:04+00:00,GLD260925P00389000
GLD,2026-09-25,393.4100036621094,2026-09-25,P,390.0,0.0,0.01,0.01,6508.0,10327.0,0.07813421875000001,False,2026-09-25 20:00:03+00:00,GLD260925P00390000
GLD,2026-09-25,393.4100036621094,2026-09-25,P,391.0,0.0,0.01,0.01,2636.0,811.0,0.058603164062500004,False,2026-09-25 20:00:15+00:00,GLD260925P00391000
GLD,2026-09-25,393.4100036621094,2026-09-25,P,392.0,0.0,0.01,0.01,7576.0,713.0,0.037119003906249996,False,2026-09-25 20:02:15+00:00,GLD260925P00392000
GLD,2026-09-25,393.4100036621094,2026-09-25,P,393.0,0.05,0.06,0.08,5184.0,318.0,0.02466795654296875,False,2026-09-25 20:11:07+00:00,GLD260925P00393000
GLD,2026-09-25,393.4100036621094,2026-09-25,P,394.0,0.49,0.8,0.7,1658.0,212.0,0.053964538574218755,True,2026-09-25 20:05:27+00:00,GLD260925P00394000
GLD,2026-09-25,393.4100036621094,2026-09-25,P,395.0,1.42,1.84,1.63,537.0,1536.0,0.0981535498046875,True,2026-09-25 20:09:58+00:00,GLD260925P00395000
GLD,2026-09-25,393.4100036621094,2026-09-25,P,396.0,2.42,2.78,2.59,102.0,362.0,0.12012598632812499,True,2026-09-25 20:10:06+00:00,GLD260925P00396000
GLD,2026-09-25,393.4100036621094,2026-09-25,P,397.0,3.4,3.9,3.65,138.0,559.0,0.1757894921875,True,2026-09-25 20:09:58+00:00,GLD260925P00397000
GLD,2026-09-25,393.4100036621094,2026-09-25,P,398.0,4.4,4.8,4.61,315.0,661.0,0.18360191406249998,True,2026-09-25 20:10:06+00:00,GLD260925P00398000
GLD,2026-09-25,393.4100036621094,2026-09-25,P,399.0,5.25,5.85,6.25,299.0,374.0,0.22412885253906245,True,2026-09-25 18:05:09+00:00,GLD260925P00399000
GLD,2026-09-25,393.4100036621094,2026-09-25,P,400.0,6.4,6.85,6.48,248.0,241.0,0.25196060546875,True,2026-09-25 19:54:13+00:00,GLD260925P00400000
GLD,2026-09-25,393.4100036621094,2026-09-25,P,401.0,7.15,7.9,7.32,109.0,133.0,0.2929758203124999,True,2026-09-25 19:47:28+00:00,GLD260925P00401000
GLD,2026-09-25,393.4100036621094,2026-09-25,P,402.0,8.2,8.9,8.27,47.0,18.0,0.3198310205078124,True,2026-09-25 19:11:31+00:00,GLD260925P00402000
GLD,2026-09-25,393.4100036621094,2026-09-25,P,403.0,9.2,9.9,10.25,75.0,25.0,0.34668622070312494,True,2026-09-25 18:03:58+00:00,GLD260925P00403000
GLD,2026-09-25,393.4100036621094,2026-09-25,P,404.0,10.35,10.85,10.24,76.0,21.0,0.3569400244140625,True,2026-09-25 18:58:00+00:00,GLD260925P00404000
GLD,2026-09-25,393.4100036621094,2026-09-25,P,405.0,11.1,11.9,11.55,72.0,286.0,0.398443515625,True,2026-09-25 19:05:03+00:00,GLD260925P00405000
GLD,2026-09-25,393.4100036621094,2026-09-25,P,406.0,12.15,13.0,12.57,28.0,27.0,0.454107021484375,True,2026-09-25 19:44:27+00:00,GLD260925P00406000
GLD,2026-09-25,393.4100036621094,2026-09-25,P,407.0,13.15,14.0,13.57,66.0,7.0,0.47998566894531247,True,2026-09-25 19:44:27+00:00,GLD260925P00407000
GLD,2026-09-25,393.4100036621094,2026-09-25,P,408.0,14.15,15.0,14.47,160.0,10.0,0.50586431640625,True,2026-09-25 19:13:01+00:00,GLD260925P00408000
GLD,2026-09-25,393.4100036621094,2026-09-25,P,409.0,14.75,16.0,15.52,124.0,13.0,0.5307664111328125,True,2026-09-25 19:05:14+00:00,GLD260925P00409000
GLD,2026-09-25,393.4100036621094,2026-09-25,P,410.0,15.65,16.85,17.25,45.0,75.0,0.5009815527343751,True,2026-09-25 17:50:01+00:00,GLD260925P00410000
GLD,2026-09-25,393.4100036621094,2026-09-25,P,411.0,16.65,18.0,17.5,41.0,16.0,0.5805706005859376,True,2026-09-25 19:02:54+00:00,GLD260925P00411000
GLD,2026-09-25,393.4100036621094,2026-09-25,P,412.0,18.2,18.85,18.5,40.0,1.0,0.5468795312500001,True,2026-09-25 19:02:54+00:00,GLD260925P00412000
GLD,2026-09-25,393.4100036621094,2026-09-25,P,413.0,19.2,19.9,19.02,123.0,2.0,0.5908244042968751,True,2026-09-25 19:20:26+00:00,GLD260925P00413000
GLD,2026-09-25,393.4100036621094,2026-09-25,P,414.0,19.45,21.0,20.02,183.0,1.0,0.6523472265625001,True,2026-09-25 19:20:26+00:00,GLD260925P00414000
GLD,2026-09-25,393.4100036621094,2026-09-25,P,415.0,21.15,22.0,21.05,141.0,43.0,0.6762727685546877,True,2026-09-25 19:19:20+00:00,GLD260925P00415000
GLD,2026-09-25,393.4100036621094,2026-09-25,P,416.0,22.35,22.85,22.05,118.0,4.0,0.6357458300781251,True,2026-09-25 19:19:20+00:00,GLD260925P00416000
GLD,2026-09-25,393.4100036621094,2026-09-25,P,417.0,23.1,24.2,23.6,168.0,2.0,0.51562984375,True,2026-09-25 20:04:19+00:00,GLD260925P00417000
GLD,2026-09-25,393.4100036621094,2026-09-25,P,418.0,24.1,24.95,24.58,142.0,2.0,0.725588681640625,True,2026-09-25 20:04:19+00:00,GLD260925P00418000
GLD,2026-09-25,393.4100036621094,2026-09-25,P,419.0,24.7,26.0,25.42,78.0,0.0,0.7685570019531252,True,2026-09-25 19:14:02+00:00,GLD260925P00419000
GLD,2026-09-25,393.4100036621094,2026-09-25,P,420.0,26.15,26.9,26.65,102.0,98.0,0.747072841796875,True,2026-09-25 19:54:04+00:00,GLD260925P00420000
GLD,2026-09-25,393.4100036621094,2026-09-25,P,421.0,26.6,28.4,28.23,223.0,6.0,0.9516606396484374,True,2026-09-25 16:59:17+00:00,GLD260925P00421000
GLD,2026-09-25,393.4100036621094,2026-09-25,P,422.0,27.45,29.2,28.88,266.0,0.0,0.91211025390625,True,2026-09-25 17:30:06+00:00,GLD260925P00422000
GLD,2026-09-25,393.4100036621094,2026-09-25,P,423.0,28.65,30.1,29.8,419.0,5.0,0.8984385156249999,True,2026-09-25 17:30:06+00:00,GLD260925P00423000
GLD,2026-09-25,393.4100036621094,2026-09-25,P,424.0,29.8,31.0,30.78,420.0,8.0,0.8798840136718749,True,2026-09-25 16:57:48+00:00,GLD260925P00424000
GLD,2026-09-25,393.4100036621094,2026-09-25,P,425.0,30.65,32.0,32.75,373.0,94.0,0.901368173828125,True,2026-09-25 15:59:00+00:00,GLD260925P00425000
GLD,2026-09-25,393.4100036621094,2026-09-25,P,426.0,31.6,33.3,33.09,322.0,0.0,1.0395555834960941,True,2026-09-25 17:23:11+00:00,GLD260925P00426000
GLD,2026-09-25,393.4100036621094,2026-09-25,P,427.0,33.0,34.05,34.09,46.0,0.0,0.96679720703125,True,2026-09-25 17:23:11+00:00,GLD260925P00427000
GLD,2026-09-25,393.4100036621094,2026-09-25,P,428.0,33.45,35.35,35.08,127.0,2.0,1.1025435498046878,True,2026-09-25 16:40:03+00:00,GLD260925P00428000
GLD,2026-09-25,393.4100036621094,2026-09-25,P,429.0,34.6,36.45,36.0,135.0,12.0,1.1591838916015624,True,2026-09-25 16:40:03+00:00,GLD260925P00429000
GLD,2026-09-25,393.4100036621094,2026-09-25,P,430.0,35.9,37.0,36.57,68.0,120.0,1.0078174609375,True,2026-09-25 16:17:00+00:00,GLD260925P00430000
GLD,2026-09-25,393.4100036621094,2026-09-25,P,431.0,36.7,38.25,38.17,68.0,0.0,1.1347699511718752,True,2026-09-25 17:51:39+00:00,GLD260925P00431000
GLD,2026-09-25,393.4100036621094,2026-09-25,P,432.0,37.6,39.55,39.17,37.0,0.0,1.2612341625976562,True,2026-09-25 17:51:39+00:00,GLD260925P00432000
GLD,2026-09-25,393.4100036621094,2026-09-25,P,433.0,38.6,40.45,40.15,49.0,0.0,1.2514685864257813,True,2026-09-25 17:50:04+00:00,GLD260925P00433000
GLD,2026-09-25,393.4100036621094,2026-09-25,P,434.0,39.6,41.45,41.07,100.0,0.0,1.2744176904296873,True,2026-09-25 17:50:04+00:00,GLD260925P00434000
GLD,2026-09-25,393.4100036621094,2026-09-25,P,435.0,40.7,41.85,44.12,77.0,6.0,1.0234423828125,True,2026-09-25 14:37:07+00:00,GLD260925P00435000
GLD,2026-09-25,393.4100036621094,2026-09-25,P,440.0,45.95,47.0,30.25,4.0,0.0,1.2109414453124998,True,2026-09-03 17:59:53+00:00,GLD260925P00440000
GLD,2026-09-25,393.4100036621094,2026-09-25,P,445.0,50.75,52.05,46.58,1.0,0.0,1.3369173779296872,True,2026-09-17 20:05:50+00:00,GLD260925P00445000
GLD,2026-09-25,393.4100036621094,2026-09-25,P,450.0,55.85,57.0,57.33,12.0,13.0,1.404299853515625,True,2026-09-25 16:51:07+00:00,GLD260925P00450000
GLD,2026-09-25,393.4100036621094,2026-09-25,P,460.0,65.8,66.9,57.43,3.0,0.0,1.5156274218749999,True,2026-09-18 18:10:55+00:00,GLD260925P00460000
GLD,2026-09-25,393.4100036621094,2026-09-25,P,480.0,85.8,87.45,78.45,,0.0,1.4140654296875002,True,2026-09-11 14:16:55+00:00,GLD260925P00480000
GLD,2026-09-25,393.4100036621094,2026-09-25,P,485.0,90.5,92.45,85.2,,0.0,2.2929730175781247,True,2026-09-16 15:47:10+00:00,GLD260925P00485000
GLD,2026-09-25,393.4100036621094,2026-09-25,P,530.0,0.0,0.0,127.9,,0.0,1.0000000000000003e-05,True,2026-08-13 17:04:27+00:00,GLD260925P00530000
GLD,2026-09-25,393.4100036621094,2026-09-25,P,630.0,235.7,237.05,234.96,,0.0,4.0234424707031256,True,2026-09-14 16:47:05+00:00,GLD260925P00630000
GLD,2026-09-25,393.4100036621094,2026-09-25,P,650.0,0.0,0.0,248.6,,0.0,1.0000000000000003e-05,True,2026-08-14 19:44:50+00:00,GLD260925P00650000
GLD,2026-09-25,393.4100036621094,2026-09-28,C,290.0,103.0,103.9,108.5,,1.0,1.0781296093750001,True,2026-09-16 18:00:53+00:00,GLD260928C00290000
GLD,2026-09-25,393.4100036621094,2026-09-28,C,370.0,23.05,23.9,21.5,20.0,20.0,0.3969786865234375,True,2026-09-25 14:27:15+00:00,GLD260928C00370000
GLD,2026-09-25,393.4100036621094,2026-09-28,C,375.0,18.15,18.75,18.36,2.0,42.0,0.3012765185546875,True,2026-09-25 16:29:42+00:00,GLD260928C00375000
GLD,2026-09-25,393.4100036621094,2026-09-28,C,381.0,12.25,12.8,12.0,8.0,2.0,0.22901161621093752,True,2026-09-25 17:29:03+00:00,GLD260928C00381000
GLD,2026-09-25,393.4100036621094,2026-09-28,C,382.0,11.25,11.8,8.26,4.0,5.0,0.2148516015625,True,2026-09-24 15:03:15+00:00,GLD260928C00382000
GLD,2026-09-25,393.4100036621094,2026-09-28,C,384.0,9.3,9.8,7.6,12.0,0.0,0.18628743408203124,True,2026-09-25 14:26:51+00:00,GLD260928C00384000
GLD,2026-09-25,393.4100036621094,2026-09-28,C,386.0,7.4,7.85,7.77,9.0,3.0,0.1626060302734375,True,2026-09-25 19:22:03+00:00,GLD260928C00386000
GLD,2026-09-25,393.4100036621094,2026-09-28,C,387.0,6.45,6.9,6.53,12.0,22.0,0.15235222656250003,True,2026-09-25 19:29:27+00:00,GLD260928C00387000
GLD,2026-09-25,393.4100036621094,2026-09-28,C,388.0,5.55,6.0,5.63,29.0,23.0,0.14576049560546872,True,2026-09-25 19:29:27+00:00,GLD260928C00388000
GLD,2026-09-25,393.4100036621094,2026-09-28,C,389.0,4.7,5.1,4.85,96.0,71.0,0.1368494519042969,True,2026-09-25 20:06:06+00:00,GLD260928C00389000
GLD,2026-09-25,393.4100036621094,2026-09-28,C,390.0,3.9,4.25,4.1,259.0,167.0,0.1297694445800781,True,2026-09-25 20:02:12+00:00,GLD260928C00390000
GLD,2026-09-25,393.4100036621094,2026-09-28,C,391.0,3.15,3.5,3.1,173.0,153.0,0.12671771728515624,True,2026-09-25 20:12:24+00:00,GLD260928C00391000
GLD,2026-09-25,393.4100036621094,2026-09-28,C,392.0,2.5,2.8,2.63,456.0,109.0,0.12293357543945313,True,2026-09-25 19:57:27+00:00,GLD260928C00392000
GLD,2026-09-25,393.4100036621094,2026-09-28,C,393.0,1.96,2.11,2.09,4685.0,251.0,0.11560942993164064,True,2026-09-25 20:10:16+00:00,GLD260928C00393000
GLD,2026-09-25,393.4100036621094,2026-09-28,C,394.0,1.48,1.62,1.58,764.0,144.0,0.11560942993164064,False,2026-09-25 20:14:53+00:00,GLD260928C00394000
GLD,2026-09-25,393.4100036621094,2026-09-28,C,395.0,1.11,1.16,1.18,2429.0,567.0,0.11219149536132811,False,2026-09-25 20:13:35+00:00,GLD260928C00395000
GLD,2026-09-25,393.4100036621094,2026-09-28,C,396.0,0.81,0.88,0.84,2080.0,180.0,0.11524322265625,False,2026-09-25 20:14:54+00:00,GLD260928C00396000
GLD,2026-09-25,393.4100036621094,2026-09-28,C,397.0,0.61,0.64,0.64,776.0,132.0,0.1167080517578125,False,2026-09-25 20:14:58+00:00,GLD260928C00397000
GLD,2026-09-25,393.4100036621094,2026-09-28,C,398.0,0.42,0.46,0.44,764.0,220.0,0.11829494995117187,False,2026-09-25 20:14:27+00:00,GLD260928C00398000
GLD,2026-09-25,393.4100036621094,2026-09-28,C,399.0,0.3,0.33,0.33,458.0,370.0,0.12037012451171875,False,2026-09-25 20:14:12+00:00,GLD260928C00399000
GLD,2026-09-25,393.4100036621094,2026-09-28,C,400.0,0.21,0.23,0.23,1791.0,1162.0,0.12207909179687501,False,2026-09-25 20:13:32+00:00,GLD260928C00400000
GLD,2026-09-25,393.4100036621094,2026-09-28,C,401.0,0.16,0.17,0.16,158.0,371.0,0.12549702636718751,False,2026-09-25 19:57:48+00:00,GLD260928C00401000
GLD,2026-09-25,393.4100036621094,2026-09-28,C,402.0,0.11,0.14,0.13,304.0,197.0,0.13233289550781252,False,2026-09-25 19:59:54+00:00,GLD260928C00402000
GLD,2026-09-25,393.4100036621094,2026-09-28,C,403.0,0.08,0.1,0.1,1565.0,264.0,0.13428600097656251,False,2026-09-25 20:14:17+00:00,GLD260928C00403000
GLD,2026-09-25,393.4100036621094,2026-09-28,C,404.0,0.06,0.08,0.08,105.0,85.0,0.139657041015625,False,2026-09-25 20:00:37+00:00,GLD260928C00404000
GLD,2026-09-25,393.4100036621094,2026-09-28,C,405.0,0.04,0.08,0.08,175.0,113.0,0.15039912109375003,False,2026-09-25 19:38:04+00:00,GLD260928C00405000
GLD,2026-09-25,393.4100036621094,2026-09-28,C,406.0,0.03,0.07,0.07,28.0,86.0,0.157234990234375,False,2026-09-25 18:24:29+00:00,GLD260928C00406000
GLD,2026-09-25,393.4100036621094,2026-09-28,C,407.0,0.02,0.08,0.03,36.0,144.0,0.17090672851562502,False,2026-09-25 15:40:28+00:00,GLD260928C00407000
GLD,2026-09-25,393.4100036621094,2026-09-28,C,408.0,0.03,0.04,0.04,23.0,115.0,0.16309430664062502,False,2026-09-25 16:43:26+00:00,GLD260928C00408000
GLD,2026-09-25,393.4100036621094,2026-09-28,C,409.0,0.02,0.04,0.03,50.0,111.0,0.17188328125000002,False,2026-09-25 20:10:12+00:00,GLD260928C00409000
GLD,2026-09-25,393.4100036621094,2026-09-28,C,410.0,0.01,0.03,0.01,147.0,606.0,0.17383638671875,False,2026-09-25 20:02:33+00:00,GLD260928C00410000
GLD,2026-09-25,393.4100036621094,2026-09-28,C,411.0,0.01,0.03,0.02,142.0,843.0,0.18360191406249998,False,2026-09-25 20:11:41+00:00,GLD260928C00411000
GLD,2026-09-25,393.4100036621094,2026-09-28,C,412.0,0.01,0.02,0.01,90.0,315.0,0.18360191406249998,False,2026-09-25 20:13:15+00:00,GLD260928C00412000
GLD,2026-09-25,393.4100036621094,2026-09-28,C,413.0,0.0,0.01,0.01,1.0,68.0,0.1757894921875,False,2026-09-25 13:33:16+00:00,GLD260928C00413000
GLD,2026-09-25,393.4100036621094,2026-09-28,C,414.0,0.0,0.01,0.02,31.0,47.0,0.18360191406249998,False,2026-09-25 18:58:48+00:00,GLD260928C00414000
GLD,2026-09-25,393.4100036621094,2026-09-28,C,415.0,0.0,0.01,0.01,68.0,1083.0,0.1914143359375,False,2026-09-25 20:09:02+00:00,GLD260928C00415000
GLD,2026-09-25,393.4100036621094,2026-09-28,C,416.0,0.0,0.14,0.02,1.0,80.0,0.2836985693359374,False,2026-09-25 13:59:22+00:00,GLD260928C00416000
GLD,2026-09-25,393.4100036621094,2026-09-28,C,417.0,0.0,0.14,0.02,28.0,323.0,0.29395237304687494,False,2026-09-24 19:56:19+00:00,GLD260928C00417000
GLD,2026-09-25,393.4100036621094,2026-09-28,C,418.0,0.0,0.12,0.01,44.0,42.0,0.295905478515625,False,2026-09-24 18:00:09+00:00,GLD260928C00418000
GLD,2026-09-25,393.4100036621094,2026-09-28,C,419.0,0.0,0.05,0.09,3.0,24.0,0.2695385546875,False,2026-09-23 13:48:40+00:00,GLD260928C00419000
GLD,2026-09-25,393.4100036621094,2026-09-28,C,420.0,0.0,0.03,0.01,20.0,55.0,0.25977302734375,False,2026-09-25 18:22:55+00:00,GLD260928C00420000
GLD,2026-09-25,393.4100036621094,2026-09-28,C,421.0,0.0,0.13,0.04,25.0,45.0,0.32910827148437494,False,2026-09-24 18:00:45+00:00,GLD260928C00421000
GLD,2026-09-25,393.4100036621094,2026-09-28,C,422.0,0.0,0.13,0.04,2.0,7.0,0.33887379882812496,False,2026-09-24 14:25:16+00:00,GLD260928C00422000
GLD,2026-09-25,393.4100036621094,2026-09-28,C,423.0,0.0,0.06,0.09,1.0,89.0,0.31055376953124997,False,2026-09-25 13:47:26+00:00,GLD260928C00423000
GLD,2026-09-25,393.4100036621094,2026-09-28,C,424.0,0.0,0.01,0.05,1.0,88.0,0.257819921875,False,2026-09-25 13:47:26+00:00,GLD260928C00424000
GLD,2026-09-25,393.4100036621094,2026-09-28,C,425.0,0.0,0.01,0.02,10.0,53.0,0.26563234375,False,2026-09-25 18:34:35+00:00,GLD260928C00425000
GLD,2026-09-25,393.4100036621094,2026-09-28,C,426.0,0.0,0.13,0.04,12.0,88.0,0.3764710791015625,False,2026-09-24 14:25:49+00:00,GLD260928C00426000
GLD,2026-09-25,393.4100036621094,2026-09-28,C,430.0,0.0,0.01,0.01,5.0,115.0,0.304694453125,False,2026-09-24 18:52:31+00:00,GLD260928C00430000
GLD,2026-09-25,393.4100036621094,2026-09-28,C,432.0,0.0,0.01,0.14,4.0,4.0,0.32031929687499994,False,2026-09-23 13:44:57+00:00,GLD260928C00432000
GLD,2026-09-25,393.4100036621094,2026-09-28,C,433.0,0.0,0.03,0.07,,1.0,0.3632876171875,False,2026-09-22 18:38:11+00:00,GLD260928C00433000
GLD,2026-09-25,393.4100036621094,2026-09-28,C,434.0,0.0,0.03,0.06,,2.0,0.3711000390625,False,2026-09-22 18:38:00+00:00,GLD260928C00434000
GLD,2026-09-25,393.4100036621094,2026-09-28,C,435.0,0.0,0.03,0.02,1.0,61.0,0.3789124609375,False,2026-09-25 17:39:35+00:00,GLD260928C00435000
GLD,2026-09-25,393.4100036621094,2026-09-28,C,440.0,0.0,0.03,0.02,1.0,1.0,0.41797457031249996,False,2026-09-25 18:20:36+00:00,GLD260928C00440000
GLD,2026-09-25,393.4100036621094,2026-09-28,C,445.0,0.0,0.03,0.01,2.0,10.0,0.45313046875,False,2026-09-23 18:20:35+00:00,GLD260928C00445000
GLD,2026-09-25,393.4100036621094,2026-09-28,C,450.0,0.0,0.03,0.01,19.0,20.0,0.49219257812500006,False,2026-09-23 18:20:55+00:00,GLD260928C00450000
GLD,2026-09-25,393.4100036621094,2026-09-28,C,455.0,0.0,0.03,0.06,1.0,4.0,0.5273484765625001,False,2026-09-25 13:38:47+00:00,GLD260928C00455000
GLD,2026-09-25,393.4100036621094,2026-09-28,C,465.0,0.0,0.1,0.12,,2.0,0.6289099609375001,False,2026-09-17 14:56:49+00:00,GLD260928C00465000
GLD,2026-09-25,393.4100036621094,2026-09-28,C,470.0,0.0,0.01,0.05,1.0,3.0,0.5312546875,False,2026-09-22 18:57:00+00:00,GLD260928C00470000
GLD,2026-09-25,393.4100036621094,2026-09-28,C,475.0,0.0,0.09,0.07,,1.0,0.6914093359375001,False,2026-09-17 15:55:42+00:00,GLD260928C00475000
GLD,2026-09-25,393.4100036621094,2026-09-28,C,480.0,0.0,0.09,0.06,3.0,3.0,0.7246121289062499,False,2026-09-21 19:10:12+00:00,GLD260928C00480000
GLD,2026-09-25,393.4100036621094,2026-09-28,C,485.0,0.0,0.09,0.05,2.0,2.0,0.7578149218750001,False,2026-09-21 19:10:27+00:00,GLD260928C00485000
GLD,2026-09-25,393.4100036621094,2026-09-28,C,490.0,,0.08,0.05,,2.0,0.84179845703125,False,2026-09-21 19:12:58+00:00,GLD260928C00490000
GLD,2026-09-25,393.4100036621094,2026-09-28,C,495.0,0.0,0.02,0.06,,1.0,0.7187528125,False,2026-09-17 19:05:19+00:00,GLD260928C00495000
GLD,2026-09-25,393.4100036621094,2026-09-28,P,305.0,0.0,0.06,0.04,,0.0,0.8906260937499999,False,2026-09-16 19:45:26+00:00,GLD260928P00305000
GLD,2026-09-25,393.4100036621094,2026-09-28,P,310.0,0.0,0.05,0.07,,1.0,0.8203142968749999,False,2026-09-16 19:45:17+00:00,GLD260928P00310000
GLD,2026-09-25,393.4100036621094,2026-09-28,P,315.0,0.0,0.07,0.04,1.0,3.0,0.79687703125,False,2026-09-18 15:37:03+00:00,GLD260928P00315000
GLD,2026-09-25,393.4100036621094,2026-09-28,P,320.0,0.0,0.07,0.08,,1.0,0.7460962890625,False,2026-09-17 18:32:49+00:00,GLD260928P00320000
GLD,2026-09-25,393.4100036621094,2026-09-28,P,325.0,0.0,0.01,0.04,2.0,3.0,0.57812921875,False,2026-09-21 19:22:02+00:00,GLD260928P00325000
GLD,2026-09-25,393.4100036621094,2026-09-28,P,330.0,0.0,0.03,0.02,1.0,3.0,0.5937540625000001,False,2026-09-24 18:37:25+00:00,GLD260928P00330000
GLD,2026-09-25,393.4100036621094,2026-09-28,P,335.0,0.0,0.03,0.02,5.0,7.0,0.5468795312500001,False,2026-09-21 19:50:41+00:00,GLD260928P00335000
GLD,2026-09-25,393.4100036621094,2026-09-28,P,340.0,0.0,0.01,0.01,11.0,14.0,0.48438015625,False,2026-09-23 19:03:27+00:00,GLD260928P00340000
GLD,2026-09-25,393.4100036621094,2026-09-28,P,345.0,0.0,0.03,0.05,2.0,11.0,0.48828636718750007,False,2026-09-24 14:58:57+00:00,GLD260928P00345000
GLD,2026-09-25,393.4100036621094,2026-09-28,P,350.0,0.0,0.01,0.05,1.0,6.0,0.39063109375,False,2026-09-24 14:58:08+00:00,GLD260928P00350000
GLD,2026-09-25,393.4100036621094,2026-09-28,P,355.0,0.0,0.03,0.02,98.0,100.0,0.39063109375,False,2026-09-24 19:03:58+00:00,GLD260928P00355000
GLD,2026-09-25,393.4100036621094,2026-09-28,P,360.0,0.0,0.01,0.03,2.0,14.0,0.304694453125,False,2026-09-25 19:15:05+00:00,GLD260928P00360000
GLD,2026-09-25,393.4100036621094,2026-09-28,P,365.0,0.0,0.01,0.01,102.0,14.0,0.2617261328125,False,2026-09-25 14:01:15+00:00,GLD260928P00365000
GLD,2026-09-25,393.4100036621094,2026-09-28,P,370.0,0.0,0.01,0.01,90.0,368.0,0.21875781249999998,False,2026-09-25 18:38:00+00:00,GLD260928P00370000
GLD,2026-09-25,393.4100036621094,2026-09-28,P,375.0,0.01,0.02,0.02,446.0,70.0,0.18946123046875002,False,2026-09-25 20:08:12+00:00,GLD260928P00375000
GLD,2026-09-25,393.4100036621094,2026-09-28,P,376.0,0.01,0.04,0.02,134.0,16.0,0.19727365234375,False,2026-09-25 18:19:43+00:00,GLD260928P00376000
GLD,2026-09-25,393.4100036621094,2026-09-28,P,377.0,0.02,0.05,0.03,250.0,39.0,0.19336744140625,False,2026-09-25 18:29:19+00:00,GLD260928P00377000
GLD,2026-09-25,393.4100036621094,2026-09-28,P,378.0,0.03,0.05,0.04,20.0,125.0,0.18360191406249998,False,2026-09-25 19:12:43+00:00,GLD260928P00378000
GLD,2026-09-25,393.4100036621094,2026-09-28,P,379.0,0.04,0.05,0.05,71.0,93.0,0.17285983398437502,False,2026-09-25 20:05:39+00:00,GLD260928P00379000
GLD,2026-09-25,393.4100036621094,2026-09-28,P,380.0,0.05,0.06,0.05,230.0,264.0,0.16700051757812504,False,2026-09-25 20:14:38+00:00,GLD260928P00380000
GLD,2026-09-25,393.4100036621094,2026-09-28,P,381.0,0.06,0.07,0.05,33.0,76.0,0.1601646484375,False,2026-09-25 19:33:20+00:00,GLD260928P00381000
GLD,2026-09-25,393.4100036621094,2026-09-28,P,382.0,0.07,0.09,0.09,404.0,1559.0,0.1562584375,False,2026-09-25 20:14:46+00:00,GLD260928P00382000
GLD,2026-09-25,393.4100036621094,2026-09-28,P,383.0,0.09,0.11,0.1,79.0,74.0,0.15039912109375003,False,2026-09-25 19:53:58+00:00,GLD260928P00383000
GLD,2026-09-25,393.4100036621094,2026-09-28,P,384.0,0.11,0.13,0.11,146.0,110.0,0.1430749755859375,False,2026-09-25 20:14:41+00:00,GLD260928P00384000
GLD,2026-09-25,393.4100036621094,2026-09-28,P,385.0,0.14,0.17,0.16,463.0,258.0,0.13868048828125001,False,2026-09-25 19:51:38+00:00,GLD260928P00385000
GLD,2026-09-25,393.4100036621094,2026-09-28,P,386.0,0.18,0.21,0.19,206.0,164.0,0.13233289550781252,False,2026-09-25 20:10:30+00:00,GLD260928P00386000
GLD,2026-09-25,393.4100036621094,2026-09-28,P,387.0,0.24,0.29,0.24,280.0,113.0,0.12964737548828126,False,2026-09-25 20:13:48+00:00,GLD260928P00387000
GLD,2026-09-25,393.4100036621094,2026-09-28,P,388.0,0.33,0.36,0.34,483.0,316.0,0.12281150634765625,False,2026-09-25 20:08:45+00:00,GLD260928P00388000
GLD,2026-09-25,393.4100036621094,2026-09-28,P,389.0,0.45,0.5,0.47,855.0,319.0,0.12037012451171875,False,2026-09-25 20:14:41+00:00,GLD260928P00389000
GLD,2026-09-25,393.4100036621094,2026-09-28,P,390.0,0.62,0.67,0.65,460.0,146.0,0.1167080517578125,False,2026-09-25 20:14:41+00:00,GLD260928P00390000
GLD,2026-09-25,393.4100036621094,2026-09-28,P,391.0,0.84,0.95,0.88,1233.0,146.0,0.117196328125,False,2026-09-25 20:14:54+00:00,GLD260928P00391000
GLD,2026-09-25,393.4100036621094,2026-09-28,P,392.0,1.17,1.26,1.19,900.0,279.0,0.1147549462890625,False,2026-09-25 20:14:41+00:00,GLD260928P00392000
GLD,2026-09-25,393.4100036621094,2026-09-28,P,393.0,1.57,1.72,1.67,931.0,231.0,0.11683012084960936,False,2026-09-25 20:10:36+00:00,GLD260928P00393000
GLD,2026-09-25,393.4100036621094,2026-09-28,P,394.0,2.08,2.23,2.11,453.0,220.0,0.11683012084960936,True,2026-09-25 20:14:32+00:00,GLD260928P00394000
GLD,2026-09-25,393.4100036621094,2026-09-28,P,395.0,2.6,2.89,2.7,61.0,124.0,0.12122460815429686,True,2026-09-25 19:54:19+00:00,GLD260928P00395000
GLD,2026-09-25,393.4100036621094,2026-09-28,P,396.0,3.25,3.6,3.49,33.0,90.0,0.12439840454101564,True,2026-09-25 19:58:52+00:00,GLD260928P00396000
GLD,2026-09-25,393.4100036621094,2026-09-28,P,397.0,4.0,4.4,4.0,25.0,239.0,0.129891513671875,True,2026-09-25 19:47:38+00:00,GLD260928P00397000
GLD,2026-09-25,393.4100036621094,2026-09-28,P,398.0,4.8,5.25,4.95,35.0,105.0,0.13599496826171875,True,2026-09-25 19:36:23+00:00,GLD260928P00398000
GLD,2026-09-25,393.4100036621094,2026-09-28,P,399.0,5.7,6.1,7.62,2.0,126.0,0.13916876464843753,True,2026-09-25 14:39:07+00:00,GLD260928P00399000
GLD,2026-09-25,393.4100036621094,2026-09-28,P,400.0,6.6,7.05,6.65,13.0,92.0,0.14966670654296876,True,2026-09-25 18:34:26+00:00,GLD260928P00400000
GLD,2026-09-25,393.4100036621094,2026-09-28,P,401.0,7.35,8.0,7.15,7.0,32.0,0.15869981933593752,True,2026-09-25 16:05:45+00:00,GLD260928P00401000
GLD,2026-09-25,393.4100036621094,2026-09-28,P,402.0,8.45,8.95,8.79,3.0,32.0,0.1667563793945313,True,2026-09-25 19:58:28+00:00,GLD260928P00402000
GLD,2026-09-25,393.4100036621094,2026-09-28,P,403.0,9.4,9.95,10.91,10.0,16.0,0.18042811767578126,True,2026-09-25 15:23:01+00:00,GLD260928P00403000
GLD,2026-09-25,393.4100036621094,2026-09-28,P,404.0,10.25,10.9,10.5,5.0,2.0,0.186531572265625,True,2026-09-25 19:23:11+00:00,GLD260928P00404000
GLD,2026-09-25,393.4100036621094,2026-09-28,P,405.0,11.3,11.9,13.69,3.0,1.0,0.1992267578125,True,2026-09-25 14:24:53+00:00,GLD260928P00405000
GLD,2026-09-25,393.4100036621094,2026-09-28,P,406.0,12.2,12.9,16.4,1.0,0.0,0.21192194335937498,True,2026-09-24 15:20:25+00:00,GLD260928P00406000
GLD,2026-09-25,393.4100036621094,2026-09-28,P,407.0,13.15,13.9,16.72,7.0,0.0,0.22412885253906245,True,2026-09-24 14:56:03+00:00,GLD260928P00407000
GLD,2026-09-25,393.4100036621094,2026-09-28,P,408.0,14.15,14.9,16.2,5.0,0.0,0.23633576171874998,True,2026-09-24 16:35:56+00:00,GLD260928P00408000
GLD,2026-09-25,393.4100036621094,2026-09-28,P,409.0,15.05,15.9,17.98,6.0,0.0,0.2485426708984375,True,2026-09-24 14:28:47+00:00,GLD260928P00409000
GLD,2026-09-25,393.4100036621094,2026-09-28,P,410.0,16.25,16.9,16.69,3.0,1.0,0.26050544189453123,True,2026-09-25 16:17:02+00:00,GLD260928P00410000
GLD,2026-09-25,393.4100036621094,2026-09-28,P,412.0,18.15,18.9,18.96,10.0,0.0,0.28394270751953116,True,2026-09-25 18:30:58+00:00,GLD260928P00412000
GLD,2026-09-25,393.4100036621094,2026-09-28,P,414.0,20.15,21.0,23.06,2.0,0.0,0.32642275146484373,True,2026-09-25 14:20:18+00:00,GLD260928P00414000
GLD,2026-09-25,393.4100036621094,2026-09-28,P,415.0,21.0,22.35,24.11,2.0,0.0,0.3930724755859375,True,2026-09-25 14:15:35+00:00,GLD260928P00415000
GLD,2026-09-25,393.4100036621094,2026-09-28,P,418.0,23.85,25.5,16.65,1.0,0.0,0.45215391601562505,True,2026-09-18 18:43:04+00:00,GLD260928P00418000
GLD,2026-09-25,393.4100036621094,2026-09-28,P,420.0,26.15,27.4,26.79,2.0,0.0,0.46362841064453125,True,2026-09-25 20:05:31+00:00,GLD260928P00420000
GLD,2026-09-25,393.4100036621094,2026-09-28,P,425.0,31.2,31.9,31.55,2.0,0.0,0.42676354492187507,True,2026-09-25 19:46:27+00:00,GLD260928P00425000
GLD,2026-09-25,393.4100036621094,2026-09-28,P,433.0,39.0,39.9,39.43,4.0,0.0,0.507817421875,True,2026-09-25 20:05:44+00:00,GLD260928P00433000
GLD,2026-09-25,393.4100036621094,2026-09-29,C,330.0,63.05,64.0,68.6,,9.0,0.6640658593750002,True,2026-09-22 17:52:35+00:00,GLD260929C00330000
GLD,2026-09-25,393.4100036621094,2026-09-29,C,375.0,18.25,18.85,18.45,1.0,0.0,0.28613995117187496,True,2026-09-25 16:29:42+00:00,GLD260929C00375000
GLD,2026-09-25,393.4100036621094,2026-09-29,C,381.0,12.35,12.9,15.6,,9.0,0.21753712158203126,True,2026-09-15 15:59:50+00:00,GLD260929C00381000
GLD,2026-09-25,393.4100036621094,2026-09-29,C,382.0,11.4,11.95,11.26,5.0,5.0,0.21021297607421874,True,2026-09-25 18:22:22+00:00,GLD260929C00382000
GLD,2026-09-25,393.4100036621094,2026-09-29,C,384.0,9.5,9.95,8.35,1.0,2.0,0.18311363769531247,True,2026-09-25 15:54:10+00:00,GLD260929C00384000
GLD,2026-09-25,393.4100036621094,2026-09-29,C,385.0,8.55,9.05,12.6,,34.0,0.17896328857421873,True,2026-09-15 15:55:41+00:00,GLD260929C00385000
GLD,2026-09-25,393.4100036621094,2026-09-29,C,388.0,5.9,6.35,5.37,4.0,2.0,0.157234990234375,True,2026-09-24 17:15:05+00:00,GLD260929C00388000
GLD,2026-09-25,393.4100036621094,2026-09-29,C,389.0,5.1,5.55,5.45,3.0,5.0,0.15393912475585939,True,2026-09-25 18:34:46+00:00,GLD260929C00389000
GLD,2026-09-25,393.4100036621094,2026-09-29,C,390.0,4.4,4.75,4.65,17.0,46.0,0.14820187744140628,True,2026-09-25 19:54:46+00:00,GLD260929C00390000
GLD,2026-09-25,393.4100036621094,2026-09-29,C,391.0,3.7,4.05,4.13,20.0,21.0,0.14600463378906248,True,2026-09-25 18:54:09+00:00,GLD260929C00391000
GLD,2026-09-25,393.4100036621094,2026-09-29,C,392.0,3.1,3.4,3.25,239.0,395.0,0.14368532104492188,True,2026-09-25 19:25:05+00:00,GLD260929C00392000
GLD,2026-09-25,393.4100036621094,2026-09-29,C,394.0,2.08,2.28,2.16,95.0,91.0,0.1394739373779297,False,2026-09-25 19:58:30+00:00,GLD260929C00394000
GLD,2026-09-25,393.4100036621094,2026-09-29,C,395.0,1.67,1.86,1.8,482.0,210.0,0.14002324829101562,False,2026-09-25 20:01:46+00:00,GLD260929C00395000
GLD,2026-09-25,393.4100036621094,2026-09-29,C,396.0,1.34,1.49,1.43,245.0,200.0,0.14002324829101562,False,2026-09-25 20:11:07+00:00,GLD260929C00396000
GLD,2026-09-25,393.4100036621094,2026-09-29,C,397.0,1.06,1.18,1.13,513.0,92.0,0.14026738647460937,False,2026-09-25 20:14:18+00:00,GLD260929C00397000
GLD,2026-09-25,393.4100036621094,2026-09-29,C,398.0,0.81,0.93,0.93,279.0,109.0,0.14112187011718752,False,2026-09-25 20:06:36+00:00,GLD260929C00398000
GLD,2026-09-25,393.4100036621094,2026-09-29,C,399.0,0.68,0.71,0.7,249.0,111.0,0.14075566284179689,False,2026-09-25 20:14:34+00:00,GLD260929C00399000
GLD,2026-09-25,393.4100036621094,2026-09-29,C,400.0,0.52,0.55,0.54,310.0,351.0,0.1420984228515625,False,2026-09-25 20:12:58+00:00,GLD260929C00400000
GLD,2026-09-25,393.4100036621094,2026-09-29,C,401.0,0.38,0.44,0.42,127.0,164.0,0.1450280810546875,False,2026-09-25 20:14:12+00:00,GLD260929C00401000
GLD,2026-09-25,393.4100036621094,2026-09-29,C,402.0,0.29,0.38,0.33,90.0,96.0,0.15137567382812503,False,2026-09-25 19:31:12+00:00,GLD260929C00402000
GLD,2026-09-25,393.4100036621094,2026-09-29,C,403.0,0.23,0.27,0.26,35.0,366.0,0.14966670654296876,False,2026-09-25 20:13:33+00:00,GLD260929C00403000
GLD,2026-09-25,393.4100036621094,2026-09-29,C,404.0,0.18,0.23,0.21,55.0,184.0,0.1550377465820313,False,2026-09-25 20:10:12+00:00,GLD260929C00404000
GLD,2026-09-25,393.4100036621094,2026-09-29,C,405.0,0.14,0.17,0.15,6.0,133.0,0.15528188476562502,False,2026-09-25 20:00:34+00:00,GLD260929C00405000
GLD,2026-09-25,393.4100036621094,2026-09-29,C,406.0,0.11,0.17,0.14,39.0,124.0,0.16553568847656253,False,2026-09-25 19:41:29+00:00,GLD260929C00406000
GLD,2026-09-25,393.4100036621094,2026-09-29,C,407.0,0.09,0.12,0.11,48.0,790.0,0.1645591357421875,False,2026-09-25 19:53:11+00:00,GLD260929C00407000
GLD,2026-09-25,393.4100036621094,2026-09-29,C,408.0,0.07,0.1,0.09,56.0,86.0,0.16846534667968754,False,2026-09-25 19:58:53+00:00,GLD260929C00408000
GLD,2026-09-25,393.4100036621094,2026-09-29,C,409.0,0.06,0.09,0.08,53.0,340.0,0.174812939453125,False,2026-09-25 19:49:53+00:00,GLD260929C00409000
GLD,2026-09-25,393.4100036621094,2026-09-29,C,410.0,0.05,0.1,0.05,116.0,242.0,0.1870198486328125,False,2026-09-25 19:56:59+00:00,GLD260929C00410000
GLD,2026-09-25,393.4100036621094,2026-09-29,C,411.0,0.04,0.09,0.04,27.0,896.0,0.192390888671875,False,2026-09-25 15:58:36+00:00,GLD260929C00411000
GLD,2026-09-25,393.4100036621094,2026-09-29,C,412.0,0.03,0.06,0.04,29.0,48.0,0.18946123046875002,False,2026-09-25 19:58:53+00:00,GLD260929C00412000
GLD,2026-09-25,393.4100036621094,2026-09-29,C,413.0,0.01,0.1,0.09,3.0,34.0,0.213875048828125,False,2026-09-24 16:17:05+00:00,GLD260929C00413000
GLD,2026-09-25,393.4100036621094,2026-09-29,C,414.0,0.02,0.05,0.05,118.0,29.0,0.20020331054687499,False,2026-09-25 20:01:39+00:00,GLD260929C00414000
GLD,2026-09-25,393.4100036621094,2026-09-29,C,415.0,0.03,0.06,0.05,7.0,84.0,0.213875048828125,False,2026-09-25 14:38:42+00:00,GLD260929C00415000
GLD,2026-09-25,393.4100036621094,2026-09-29,C,416.0,0.01,0.05,0.04,40.0,35.0,0.21680470703125,False,2026-09-25 19:39:03+00:00,GLD260929C00416000
GLD,2026-09-25,393.4100036621094,2026-09-29,C,417.0,0.01,0.08,0.08,1.0,8.0,0.24024197265624997,False,2026-09-25 13:33:13+00:00,GLD260929C00417000
GLD,2026-09-25,393.4100036621094,2026-09-29,C,418.0,0.03,0.07,0.04,2.0,141.0,0.24414818359375,False,2026-09-25 13:57:54+00:00,GLD260929C00418000
GLD,2026-09-25,393.4100036621094,2026-09-29,C,419.0,0.01,0.06,0.01,8.0,11.0,0.2461012890625,False,2026-09-25 17:57:47+00:00,GLD260929C00419000
GLD,2026-09-25,393.4100036621094,2026-09-29,C,420.0,0.01,0.03,0.04,12.0,287.0,0.23242955078125,False,2026-09-25 17:59:09+00:00,GLD260929C00420000
GLD,2026-09-25,393.4100036621094,2026-09-29,C,422.0,0.01,0.06,0.01,5.0,136.0,0.270515107421875,False,2026-09-25 20:03:52+00:00,GLD260929C00422000
GLD,2026-09-25,393.4100036621094,2026-09-29,C,423.0,0.0,0.07,0.05,12.0,9.0,0.2841868457031249,False,2026-09-25 17:57:42+00:00,GLD260929C00423000
GLD,2026-09-25,393.4100036621094,2026-09-29,C,424.0,0.0,0.07,0.07,2.0,15.0,0.2919992675781249,False,2026-09-25 16:02:30+00:00,GLD260929C00424000
GLD,2026-09-25,393.4100036621094,2026-09-29,C,425.0,0.0,0.04,0.04,3.0,16.0,0.27930408203124996,False,2026-09-24 16:36:48+00:00,GLD260929C00425000
GLD,2026-09-25,393.4100036621094,2026-09-29,C,426.0,0.0,0.12,0.06,12.0,336.0,0.33301448242187504,False,2026-09-24 16:35:10+00:00,GLD260929C00426000
GLD,2026-09-25,393.4100036621094,2026-09-29,C,427.0,0.0,0.13,0.07,1.0,12.0,0.344733115234375,False,2026-09-25 17:25:15+00:00,GLD260929C00427000
GLD,2026-09-25,393.4100036621094,2026-09-29,C,429.0,0.0,0.11,0.1,4.0,4.0,0.352545537109375,False,2026-09-23 13:40:01+00:00,GLD260929C00429000
GLD,2026-09-25,393.4100036621094,2026-09-29,C,430.0,0.0,0.12,0.1,,1.0,0.36524072265625,False,2026-09-22 14:15:02+00:00,GLD260929C00430000
GLD,2026-09-25,393.4100036621094,2026-09-29,C,431.0,0.0,0.12,0.09,,1.0,0.37305314453125,False,2026-09-22 14:14:45+00:00,GLD260929C00431000
GLD,2026-09-25,393.4100036621094,2026-09-29,C,432.0,0.0,0.12,0.06,4.0,10.0,0.38086556640624997,False,2026-09-24 16:34:08+00:00,GLD260929C00432000
GLD,2026-09-25,393.4100036621094,2026-09-29,C,433.0,0.0,0.12,0.11,2.0,7.0,0.389654541015625,False,2026-09-24 15:12:49+00:00,GLD260929C00433000
GLD,2026-09-25,393.4100036621094,2026-09-29,C,434.0,0.0,0.1,0.12,5.0,5.0,0.38672488281249995,False,2026-09-21 14:41:31+00:00,GLD260929C00434000
GLD,2026-09-25,393.4100036621094,2026-09-29,C,445.0,0.0,0.1,0.12,1.0,1.0,0.46973186523437505,False,2026-09-18 15:33:03+00:00,GLD260929C00445000
GLD,2026-09-25,393.4100036621094,2026-09-29,C,455.0,0.0,0.1,0.03,,3.0,0.5419967675781252,False,2026-09-22 14:16:02+00:00,GLD260929C00455000
GLD,2026-09-25,393.4100036621094,2026-09-29,C,460.0,0.0,0.03,0.02,1.0,0.0,0.5019581054687501,False,2026-09-23 15:56:37+00:00,GLD260929C00460000
GLD,2026-09-25,393.4100036621094,2026-09-29,C,465.0,0.0,0.09,0.01,4.0,3.0,0.5566450585937501,False,2026-09-24 17:55:36+00:00,GLD260929C00465000
GLD,2026-09-25,393.4100036621094,2026-09-29,C,475.0,0.0,0.09,0.09,1.0,2.0,0.6171913281250001,False,2026-09-22 14:15:37+00:00,GLD260929C00475000
GLD,2026-09-25,393.4100036621094,2026-09-29,C,480.0,0.0,0.03,0.03,1.0,21.0,0.5820354296875,False,2026-09-23 14:36:44+00:00,GLD260929C00480000
GLD,2026-09-25,393.4100036621094,2026-09-29,C,485.0,,0.09,0.05,,3.0,0.7324245507812499,False,2026-09-22 18:56:45+00:00,GLD260929C00485000
GLD,2026-09-25,393.4100036621094,2026-09-29,C,490.0,0.0,0.08,0.08,1.0,2.0,0.6992217578125001,False,2026-09-22 18:58:39+00:00,GLD260929C00490000
GLD,2026-09-25,393.4100036621094,2026-09-29,C,495.0,0.0,0.02,0.05,,1.0,0.64062859375,False,2026-09-17 15:57:14+00:00,GLD260929C00495000
GLD,2026-09-25,393.4100036621094,2026-09-29,C,500.0,0.0,0.03,0.01,1.0,5.0,0.6875031250000001,False,2026-09-21 17:38:25+00:00,GLD260929C00500000
GLD,2026-09-25,393.4100036621094,2026-09-29,P,305.0,0.0,0.06,0.08,,1.0,0.7929708203125,False,2026-09-17 14:42:27+00:00,GLD260929P00305000
GLD,2026-09-25,393.4100036621094,2026-09-29,P,310.0,0.0,0.07,0.01,1.0,2.0,0.7578149218750001,False,2026-09-24 18:41:27+00:00,GLD260929P00310000
GLD,2026-09-25,393.4100036621094,2026-09-29,P,315.0,0.0,0.07,0.04,1.0,2.0,0.710940390625,False,2026-09-18 15:36:46+00:00,GLD260929P00315000
GLD,2026-09-25,393.4100036621094,2026-09-29,P,320.0,0.0,0.07,0.04,1.0,2.0,0.6679720703125002,False,2026-09-21 19:16:26+00:00,GLD260929P00320000
GLD,2026-09-25,393.4100036621094,2026-09-29,P,325.0,,0.09,0.08,,4.0,0.69336244140625,False,2026-09-22 13:37:01+00:00,GLD260929P00325000
GLD,2026-09-25,393.4100036621094,2026-09-29,P,330.0,0.0,0.08,0.08,,6.0,0.585941640625,False,2026-09-22 13:41:03+00:00,GLD260929P00330000
GLD,2026-09-25,393.4100036621094,2026-09-29,P,335.0,0.0,0.08,0.08,4.0,5.0,0.5390671093750001,False,2026-09-24 14:36:44+00:00,GLD260929P00335000
GLD,2026-09-25,393.4100036621094,2026-09-29,P,345.0,0.0,0.09,0.05,6.0,10.0,0.49805189453125004,False,2026-09-24 16:32:58+00:00,GLD260929P00345000
GLD,2026-09-25,393.4100036621094,2026-09-29,P,350.0,0.0,0.1,0.03,2.0,14.0,0.45703667968750006,False,2026-09-24 16:33:10+00:00,GLD260929P00350000
GLD,2026-09-25,393.4100036621094,2026-09-29,P,355.0,0.01,0.06,0.03,1.0,5.0,0.38086556640624997,False,2026-09-25 15:24:32+00:00,GLD260929P00355000
GLD,2026-09-25,393.4100036621094,2026-09-29,P,360.0,0.01,0.03,0.07,1.0,8.0,0.30664755859375,False,2026-09-24 19:08:53+00:00,GLD260929P00360000
GLD,2026-09-25,393.4100036621094,2026-09-29,P,365.0,0.01,0.03,0.02,31.0,10.0,0.26367923828125,False,2026-09-25 17:49:54+00:00,GLD260929P00365000
GLD,2026-09-25,393.4100036621094,2026-09-29,P,370.0,0.02,0.05,0.03,13.0,6.0,0.23731231445312498,False,2026-09-25 19:27:45+00:00,GLD260929P00370000
GLD,2026-09-25,393.4100036621094,2026-09-29,P,375.0,0.04,0.11,0.14,2.0,16.0,0.21680470703125,False,2026-09-24 17:03:43+00:00,GLD260929P00375000
GLD,2026-09-25,393.4100036621094,2026-09-29,P,376.0,0.05,0.08,0.07,1357.0,506.0,0.1958088232421875,False,2026-09-25 20:05:37+00:00,GLD260929P00376000
GLD,2026-09-25,393.4100036621094,2026-09-29,P,377.0,0.06,0.09,0.08,50.0,20.0,0.18946123046875002,False,2026-09-25 19:32:55+00:00,GLD260929P00377000
GLD,2026-09-25,393.4100036621094,2026-09-29,P,378.0,0.07,0.1,0.08,11.0,163.0,0.18311363769531247,False,2026-09-25 19:47:09+00:00,GLD260929P00378000
GLD,2026-09-25,393.4100036621094,2026-09-29,P,379.0,0.08,0.11,0.1,26.0,211.0,0.1757894921875,False,2026-09-25 20:13:48+00:00,GLD260929P00379000
GLD,2026-09-25,393.4100036621094,2026-09-29,P,380.0,0.1,0.13,0.13,57.0,27.0,0.17090672851562502,False,2026-09-25 20:01:28+00:00,GLD260929P00380000
GLD,2026-09-25,393.4100036621094,2026-09-29,P,381.0,0.12,0.15,0.14,53.0,39.0,0.165047412109375,False,2026-09-25 20:04:54+00:00,GLD260929P00381000
GLD,2026-09-25,393.4100036621094,2026-09-29,P,382.0,0.14,0.22,0.18,19.0,93.0,0.16700051757812504,False,2026-09-25 16:56:58+00:00,GLD260929P00382000
GLD,2026-09-25,393.4100036621094,2026-09-29,P,383.0,0.18,0.25,0.21,51.0,405.0,0.1601646484375,False,2026-09-25 19:45:07+00:00,GLD260929P00383000
GLD,2026-09-25,393.4100036621094,2026-09-29,P,384.0,0.22,0.33,0.3,264.0,238.0,0.159188095703125,False,2026-09-25 17:11:58+00:00,GLD260929P00384000
GLD,2026-09-25,393.4100036621094,2026-09-29,P,385.0,0.29,0.36,0.33,137.0,103.0,0.15015498291015628,False,2026-09-25 19:19:49+00:00,GLD260929P00385000
GLD,2026-09-25,393.4100036621094,2026-09-29,P,386.0,0.37,0.46,0.44,69.0,53.0,0.147469462890625,False,2026-09-25 18:43:50+00:00,GLD260929P00386000
GLD,2026-09-25,393.4100036621094,2026-09-29,P,387.0,0.47,0.57,0.54,59.0,116.0,0.143563251953125,False,2026-09-25 20:08:36+00:00,GLD260929P00387000
GLD,2026-09-25,393.4100036621094,2026-09-29,P,388.0,0.61,0.72,0.68,51.0,139.0,0.14075566284179689,False,2026-09-25 20:08:39+00:00,GLD260929P00388000
GLD,2026-09-25,393.4100036621094,2026-09-29,P,389.0,0.81,0.91,0.88,73.0,81.0,0.13831428100585938,False,2026-09-25 20:06:52+00:00,GLD260929P00389000
GLD,2026-09-25,393.4100036621094,2026-09-29,P,390.0,1.04,1.17,1.16,111.0,257.0,0.13758186645507814,False,2026-09-25 20:04:53+00:00,GLD260929P00390000
GLD,2026-09-25,393.4100036621094,2026-09-29,P,391.0,1.33,1.48,1.38,58.0,92.0,0.13666634826660157,False,2026-09-25 19:45:07+00:00,GLD260929P00391000
GLD,2026-09-25,393.4100036621094,2026-09-29,P,392.0,1.68,1.87,1.78,118.0,180.0,0.13697152099609378,False,2026-09-25 19:58:56+00:00,GLD260929P00392000
GLD,2026-09-25,393.4100036621094,2026-09-29,P,393.0,2.11,2.29,2.32,250.0,212.0,0.13562876098632815,False,2026-09-25 19:29:00+00:00,GLD260929P00393000
GLD,2026-09-25,393.4100036621094,2026-09-29,P,394.0,2.62,2.82,2.73,293.0,104.0,0.13672738281250002,True,2026-09-25 20:10:41+00:00,GLD260929P00394000
GLD,2026-09-25,393.4100036621094,2026-09-29,P,395.0,3.1,3.45,3.35,19.0,52.0,0.14002324829101562,True,2026-09-25 20:05:37+00:00,GLD260929P00395000
GLD,2026-09-25,393.4100036621094,2026-09-29,P,396.0,3.8,4.1,4.45,5.0,44.0,0.1412439392089844,True,2026-09-25 16:23:47+00:00,GLD260929P00396000
GLD,2026-09-25,393.4100036621094,2026-09-29,P,397.0,4.45,4.85,4.35,6.0,166.0,0.14527221923828126,True,2026-09-25 18:56:48+00:00,GLD260929P00397000
GLD,2026-09-25,393.4100036621094,2026-09-29,P,398.0,5.15,5.6,5.5,6.0,76.0,0.14661497924804687,True,2026-09-25 18:25:35+00:00,GLD260929P00398000
GLD,2026-09-25,393.4100036621094,2026-09-29,P,399.0,6.0,6.45,6.75,2.0,76.0,0.15223015747070315,True,2026-09-25 16:34:00+00:00,GLD260929P00399000
GLD,2026-09-25,393.4100036621094,2026-09-29,P,400.0,6.85,7.3,6.76,4.0,150.0,0.15564809204101562,True,2026-09-25 18:59:30+00:00,GLD260929P00400000
GLD,2026-09-25,393.4100036621094,2026-09-29,P,401.0,7.55,8.2,11.61,8.0,17.0,0.16138533935546873,True,2026-09-24 15:39:33+00:00,GLD260929P00401000
GLD,2026-09-25,393.4100036621094,2026-09-29,P,402.0,8.65,9.1,10.06,2.0,4.0,0.16529155029296877,True,2026-09-25 15:23:01+00:00,GLD260929P00402000
GLD,2026-09-25,393.4100036621094,2026-09-29,P,404.0,10.3,11.0,10.6,1.0,7.0,0.17945156494140624,True,2026-09-25 19:23:11+00:00,GLD260929P00404000
GLD,2026-09-25,393.4100036621094,2026-09-29,P,405.0,11.3,12.0,11.85,6.0,18.0,0.1914143359375,True,2026-09-25 18:33:45+00:00,GLD260929P00405000
GLD,2026-09-25,393.4100036621094,2026-09-29,P,406.0,12.25,12.95,9.52,24.0,5.0,0.19654123779296873,True,2026-09-18 14:02:58+00:00,GLD260929P00406000
GLD,2026-09-25,393.4100036621094,2026-09-29,P,407.0,13.25,13.95,12.95,2.0,0.0,0.20801573242187496,True,2026-09-23 19:52:49+00:00,GLD260929P00407000
GLD,2026-09-25,393.4100036621094,2026-09-29,P,409.0,15.2,15.9,12.2,1.0,0.0,0.2224198852539062,True,2026-09-21 14:10:48+00:00,GLD260929P00409000
GLD,2026-09-25,393.4100036621094,2026-09-29,P,410.0,16.15,16.9,17.33,1.0,0.0,0.2329178271484375,True,2026-09-23 19:42:17+00:00,GLD260929P00410000
GLD,2026-09-25,393.4100036621094,2026-09-29,P,413.0,19.15,19.9,14.85,,0.0,0.2644116528320312,True,2026-09-17 16:46:15+00:00,GLD260929P00413000
GLD,2026-09-25,393.4100036621094,2026-09-29,P,417.0,22.6,24.0,24.25,1.0,0.0,0.3232489550781249,True,2026-09-25 16:34:01+00:00,GLD260929P00417000
GLD,2026-09-25,393.4100036621094,2026-09-29,P,419.0,24.7,27.15,18.65,1.0,0.0,0.48608912353515626,True,2026-09-18 16:28:33+00:00,GLD260929P00419000
GLD,2026-09-25,393.4100036621094,2026-09-30,C,250.0,142.65,144.5,154.37,2.0,26.0,1.478518232421875,True,2026-09-09 19:31:58+00:00,GLD260930C00250000
GLD,2026-09-25,393.4100036621094,2026-09-30,C,255.0,117.8,121.75,127.13,1.0,0.0,1.0000000000000003e-05,True,2026-06-10 16:00:17+00:00,GLD260930C00255000
GLD,2026-09-25,393.4100036621094,2026-09-30,C,260.0,0.0,0.0,142.05,1.0,0.0,1.0000000000000003e-05,True,2026-08-11 18:00:18+00:00,GLD260930C00260000
GLD,2026-09-25,393.4100036621094,2026-09-30,C,265.0,127.65,129.45,126.8,1.0,4.0,1.2793004785156248,True,2026-09-24 13:37:38+00:00,GLD260930C00265000
GLD,2026-09-25,393.4100036621094,2026-09-30,C,270.0,0.0,0.0,132.3,1.0,0.0,1.0000000000000003e-05,True,2026-08-11 18:00:03+00:00,GLD260930C00270000
GLD,2026-09-25,393.4100036621094,2026-09-30,C,275.0,0.0,0.0,149.24,,0.0,1.0000000000000003e-05,True,2026-03-30 15:33:12+00:00,GLD260930C00275000
GLD,2026-09-25,393.4100036621094,2026-09-30,C,280.0,112.6,114.45,126.28,1.0,37.0,1.08984830078125,True,2026-09-04 18:57:14+00:00,GLD260930C00280000
GLD,2026-09-25,393.4100036621094,2026-09-30,C,285.0,0.0,0.0,117.5,1.0,0.0,1.0000000000000003e-05,True,2026-08-11 15:41:43+00:00,GLD260930C00285000
GLD,2026-09-25,393.4100036621094,2026-09-30,C,290.0,102.75,104.4,108.72,1.0,63.0,1.0351610742187503,True,2026-09-21 19:14:11+00:00,GLD260930C00290000
GLD,2026-09-25,393.4100036621094,2026-09-30,C,295.0,164.6,168.8,129.48,1.0,3.0,6.509157136993409,True,2025-12-26 14:59:36+00:00,GLD260930C00295000
GLD,2026-09-25,393.4100036621094,2026-09-30,C,300.0,92.65,94.45,105.59,2.0,37.0,0.91211025390625,True,2026-09-09 18:30:38+00:00,GLD260930C00300000
GLD,2026-09-25,393.4100036621094,2026-09-30,C,305.0,87.65,89.5,92.2,3.0,18.0,0.8808605664062499,True,2026-09-22 14:39:11+00:00,GLD260930C00305000
GLD,2026-09-25,393.4100036621094,2026-09-30,C,310.0,82.65,84.45,90.62,2.0,21.0,0.813478427734375,True,2026-09-10 17:09:31+00:00,GLD260930C00310000
GLD,2026-09-25,393.4100036621094,2026-09-30,C,315.0,77.65,79.5,85.67,2.0,41.0,0.782228740234375,True,2026-09-10 17:09:31+00:00,GLD260930C00315000
GLD,2026-09-25,393.4100036621094,2026-09-30,C,318.0,74.8,76.25,75.57,2.0,9.0,0.71679970703125,True,2026-09-25 19:54:40+00:00,GLD260930C00318000
GLD,2026-09-25,393.4100036621094,2026-09-30,C,319.0,73.8,75.25,74.57,2.0,10.0,0.708010732421875,True,2026-09-25 19:54:40+00:00,GLD260930C00319000
GLD,2026-09-25,393.4100036621094,2026-09-30,C,320.0,73.1,73.95,79.2,11.0,151.0,0.6992217578125001,True,2026-09-22 18:36:05+00:00,GLD260930C00320000
GLD,2026-09-25,393.4100036621094,2026-09-30,C,321.0,71.8,73.25,72.54,4.0,28.0,0.6894562304687502,True,2026-09-25 20:00:11+00:00,GLD260930C00321000
GLD,2026-09-25,393.4100036621094,2026-09-30,C,322.0,70.8,72.3,71.54,4.0,71.0,0.6982452050781252,True,2026-09-25 20:00:11+00:00,GLD260930C00322000
GLD,2026-09-25,393.4100036621094,2026-09-30,C,323.0,70.1,70.95,70.52,2.0,71.0,0.6709017285156251,True,2026-09-25 19:54:42+00:00,GLD260930C00323000
GLD,2026-09-25,393.4100036621094,2026-09-30,C,324.0,69.1,69.95,69.52,2.0,135.0,0.6621127539062501,True,2026-09-25 19:54:42+00:00,GLD260930C00324000
GLD,2026-09-25,393.4100036621094,2026-09-30,C,325.0,68.1,68.95,68.52,4.0,56.0,0.6523472265625001,True,2026-09-25 19:58:32+00:00,GLD260930C00325000
GLD,2026-09-25,393.4100036621094,2026-09-30,C,326.0,67.1,67.95,67.52,4.0,79.0,0.6425816992187501,True,2026-09-25 19:58:32+00:00,GLD260930C00326000
GLD,2026-09-25,393.4100036621094,2026-09-30,C,327.0,66.1,67.05,66.57,2.0,51.0,0.6660189648437502,True,2026-09-25 19:54:43+00:00,GLD260930C00327000
GLD,2026-09-25,393.4100036621094,2026-09-30,C,328.0,65.1,66.05,65.57,2.0,57.0,0.6562534375000001,True,2026-09-25 19:54:43+00:00,GLD260930C00328000
GLD,2026-09-25,393.4100036621094,2026-09-30,C,329.0,64.1,65.0,64.55,2.0,94.0,0.631839619140625,True,2026-09-25 19:54:43+00:00,GLD260930C00329000
GLD,2026-09-25,393.4100036621094,2026-09-30,C,330.0,63.1,64.0,63.55,2.0,47.0,0.622074091796875,True,2026-09-25 19:54:43+00:00,GLD260930C00330000
GLD,2026-09-25,393.4100036621094,2026-09-30,C,331.0,61.7,63.5,73.3,100.0,32.0,0.64062859375,True,2026-09-09 19:07:42+00:00,GLD260930C00331000
GLD,2026-09-25,393.4100036621094,2026-09-30,C,332.0,61.1,62.0,61.54,2.0,27.0,0.6035195898437502,True,2026-09-25 19:54:44+00:00,GLD260930C00332000
GLD,2026-09-25,393.4100036621094,2026-09-30,C,333.0,60.1,60.95,60.54,2.0,8.0,0.57812921875,True,2026-09-25 19:54:44+00:00,GLD260930C00333000
GLD,2026-09-25,393.4100036621094,2026-09-30,C,334.0,134.0,137.35,101.91,1.0,119.0,5.686526329345703,True,2026-01-13 15:47:02+00:00,GLD260930C00334000
GLD,2026-09-25,393.4100036621094,2026-09-30,C,335.0,57.7,59.5,66.6,1.0,28.0,0.6015664843750002,True,2026-09-17 14:14:59+00:00,GLD260930C00335000
GLD,2026-09-25,393.4100036621094,2026-09-30,C,336.0,132.85,136.4,100.85,10.0,59.0,5.676882786712646,True,2026-02-02 16:01:55+00:00,GLD260930C00336000
GLD,2026-09-25,393.4100036621094,2026-09-30,C,337.0,87.55,89.65,66.1,,103.0,3.0186792111206056,True,2025-12-04 16:18:13+00:00,GLD260930C00337000
GLD,2026-09-25,393.4100036621094,2026-09-30,C,338.0,89.25,91.65,40.01,3.0,272.0,3.161623189697266,True,2026-07-24 18:39:41+00:00,GLD260930C00338000
GLD,2026-09-25,393.4100036621094,2026-09-30,C,339.0,0.0,0.0,69.04,1.0,0.0,1.0000000000000003e-05,True,2026-08-17 16:57:55+00:00,GLD260930C00339000
GLD,2026-09-25,393.4100036621094,2026-09-30,C,340.0,53.1,54.0,71.6,1.0,318.0,0.5293015820312501,True,2026-09-03 14:29:13+00:00,GLD260930C00340000
GLD,2026-09-25,393.4100036621094,2026-09-30,C,341.0,51.7,53.55,58.9,1.0,141.0,0.5546919531250001,True,2026-09-11 18:14:59+00:00,GLD260930C00341000
GLD,2026-09-25,393.4100036621094,2026-09-30,C,342.0,84.55,85.15,62.4,,157.0,2.967653948059082,True,2025-12-03 17:48:21+00:00,GLD260930C00342000
GLD,2026-09-25,393.4100036621094,2026-09-30,C,343.0,137.65,140.85,93.65,1.0,42.0,6.123049221191406,True,2026-01-16 15:06:09+00:00,GLD260930C00343000
GLD,2026-09-25,393.4100036621094,2026-09-30,C,344.0,0.0,0.0,71.93,1.0,0.0,1.0000000000000003e-05,True,2026-08-19 19:32:40+00:00,GLD260930C00344000
GLD,2026-09-25,393.4100036621094,2026-09-30,C,345.0,48.1,49.05,81.55,1.0,252.0,0.6279334082031252,True,2026-08-24 18:14:59+00:00,GLD260930C00345000
GLD,2026-09-25,393.4100036621094,2026-09-30,C,346.0,0.0,0.0,85.9,2.0,0.0,1.0000000000000003e-05,True,2026-03-27 19:09:13+00:00,GLD260930C00346000
GLD,2026-09-25,393.4100036621094,2026-09-30,C,347.0,45.65,47.55,53.9,1.0,7.0,0.6887238159179689,True,2026-09-11 15:09:32+00:00,GLD260930C00347000
GLD,2026-09-25,393.4100036621094,2026-09-30,C,348.0,78.5,82.3,35.78,8.0,24.0,2.9063748043823243,True,2026-07-14 15:32:27+00:00,GLD260930C00348000
GLD,2026-09-25,393.4100036621094,2026-09-30,C,349.0,43.75,45.45,48.85,2.0,38.0,0.6496617065429688,True,2026-09-22 17:45:16+00:00,GLD260930C00349000
GLD,2026-09-25,393.4100036621094,2026-09-30,C,350.0,43.15,43.95,39.88,2.0,135.0,0.5522505712890625,True,2026-09-24 15:33:55+00:00,GLD260930C00350000
GLD,2026-09-25,393.4100036621094,2026-09-30,C,351.0,41.75,43.55,46.92,2.0,12.0,0.639652041015625,True,2026-09-22 17:42:44+00:00,GLD260930C00351000
GLD,2026-09-25,393.4100036621094,2026-09-30,C,352.0,40.7,42.5,45.77,2.0,52.0,0.6206092626953126,True,2026-09-22 17:41:53+00:00,GLD260930C00352000
GLD,2026-09-25,393.4100036621094,2026-09-30,C,353.0,39.7,41.55,44.81,2.0,40.0,0.6152382226562501,True,2026-09-22 17:43:52+00:00,GLD260930C00353000
GLD,2026-09-25,393.4100036621094,2026-09-30,C,354.0,39.1,41.05,44.07,2.0,7.0,0.5312546875,True,2026-09-22 17:43:52+00:00,GLD260930C00354000
GLD,2026-09-25,393.4100036621094,2026-09-30,C,355.0,38.15,39.05,43.01,2.0,154.0,0.51562984375,True,2026-09-22 17:43:52+00:00,GLD260930C00355000
GLD,2026-09-25,393.4100036621094,2026-09-30,C,356.0,36.7,38.5,41.82,2.0,7.0,0.5717816259765626,True,2026-09-22 17:43:52+00:00,GLD260930C00356000
GLD,2026-09-25,393.4100036621094,2026-09-30,C,357.0,35.7,37.5,40.73,2.0,75.0,0.5593305786132813,True,2026-09-22 17:42:15+00:00,GLD260930C00357000
GLD,2026-09-25,393.4100036621094,2026-09-30,C,358.0,34.7,36.55,39.86,2.0,30.0,0.5534712622070312,True,2026-09-22 17:42:15+00:00,GLD260930C00358000
GLD,2026-09-25,393.4100036621094,2026-09-30,C,359.0,33.7,35.5,38.83,2.0,25.0,0.5349167602539062,True,2026-09-22 17:42:44+00:00,GLD260930C00359000
GLD,2026-09-25,393.4100036621094,2026-09-30,C,360.0,33.15,34.05,33.85,4.0,118.0,0.4594780615234375,True,2026-09-25 18:58:24+00:00,GLD260930C00360000
GLD,2026-09-25,393.4100036621094,2026-09-30,C,361.0,31.7,34.0,31.45,1.0,422.0,0.5667767932128907,True,2026-09-24 17:08:21+00:00,GLD260930C00361000
GLD,2026-09-25,393.4100036621094,2026-09-30,C,362.0,30.9,32.9,35.9,2.0,13.0,0.5432174584960938,True,2026-09-22 17:42:15+00:00,GLD260930C00362000
GLD,2026-09-25,393.4100036621094,2026-09-30,C,363.0,29.9,31.9,34.86,2.0,33.0,0.5300339965820313,True,2026-09-22 17:45:16+00:00,GLD260930C00363000
GLD,2026-09-25,393.4100036621094,2026-09-30,C,364.0,28.75,30.65,55.72,5.0,57.0,0.4904836108398438,True,2026-08-28 14:19:44+00:00,GLD260930C00364000
GLD,2026-09-25,393.4100036621094,2026-09-30,C,365.0,28.15,29.1,35.98,2.0,324.0,0.40991801025390623,True,2026-09-17 13:39:41+00:00,GLD260930C00365000
GLD,2026-09-25,393.4100036621094,2026-09-30,C,366.0,26.8,28.25,47.25,1.0,147.0,0.4184628466796875,True,2026-09-03 16:49:35+00:00,GLD260930C00366000
GLD,2026-09-25,393.4100036621094,2026-09-30,C,367.0,25.8,27.55,25.0,3.0,114.0,0.4414118359375,True,2026-09-25 14:46:27+00:00,GLD260930C00367000
GLD,2026-09-25,393.4100036621094,2026-09-30,C,368.0,24.8,26.55,26.35,5.0,158.0,0.42896078857421877,True,2026-09-23 15:10:49+00:00,GLD260930C00368000
GLD,2026-09-25,393.4100036621094,2026-09-30,C,369.0,23.75,25.6,33.85,2.0,30.0,0.42139250488281255,True,2026-09-18 19:15:00+00:00,GLD260930C00369000
GLD,2026-09-25,393.4100036621094,2026-09-30,C,370.0,23.2,24.1,23.73,2.0,349.0,0.35205726074218746,True,2026-09-23 19:15:44+00:00,GLD260930C00370000
GLD,2026-09-25,393.4100036621094,2026-09-30,C,371.0,22.3,23.35,27.6,5.0,280.0,0.36963520996093746,True,2026-09-21 19:21:16+00:00,GLD260930C00371000
GLD,2026-09-25,393.4100036621094,2026-09-30,C,372.0,20.85,22.45,27.29,1.0,315.0,0.3676821044921875,True,2026-09-21 15:21:10+00:00,GLD260930C00372000
GLD,2026-09-25,393.4100036621094,2026-09-30,C,373.0,20.15,21.25,40.96,2.0,309.0,0.33399103515625,True,2026-09-03 16:47:14+00:00,GLD260930C00373000
GLD,2026-09-25,393.4100036621094,2026-09-30,C,374.0,19.35,20.05,25.26,2.0,97.0,0.29883513671874995,True,2026-09-21 18:17:30+00:00,GLD260930C00374000
GLD,2026-09-25,393.4100036621094,2026-09-30,C,375.0,18.35,19.05,16.91,2.0,436.0,0.2868723657226562,True,2026-09-24 18:48:07+00:00,GLD260930C00375000
GLD,2026-09-25,393.4100036621094,2026-09-30,C,376.0,17.35,18.2,15.97,5.0,289.0,0.2916330603027343,True,2026-09-24 18:48:07+00:00,GLD260930C00376000
GLD,2026-09-25,393.4100036621094,2026-09-30,C,377.0,16.4,17.1,18.58,1.0,87.0,0.26856200195312496,True,2026-09-14 20:00:38+00:00,GLD260930C00377000
GLD,2026-09-25,393.4100036621094,2026-09-30,C,378.0,15.4,16.1,15.91,3.0,157.0,0.2564771618652344,True,2026-09-25 19:03:58+00:00,GLD260930C00378000
GLD,2026-09-25,393.4100036621094,2026-09-30,C,379.0,14.45,15.15,19.49,2.0,40.0,0.24927508544921873,True,2026-09-22 17:46:14+00:00,GLD260930C00379000
GLD,2026-09-25,393.4100036621094,2026-09-30,C,380.0,13.5,14.05,13.94,11.0,429.0,0.2268143725585937,True,2026-09-25 18:59:22+00:00,GLD260930C00380000
GLD,2026-09-25,393.4100036621094,2026-09-30,C,381.0,12.5,13.2,12.45,3.0,205.0,0.22876747802734376,True,2026-09-25 18:22:22+00:00,GLD260930C00381000
GLD,2026-09-25,393.4100036621094,2026-09-30,C,382.0,11.6,12.1,11.94,1.0,381.0,0.20655090332031245,True,2026-09-23 19:25:46+00:00,GLD260930C00382000
GLD,2026-09-25,393.4100036621094,2026-09-30,C,383.0,10.65,11.3,16.75,1.0,71.0,0.21094539062499998,True,2026-09-22 18:36:05+00:00,GLD260930C00383000
GLD,2026-09-25,393.4100036621094,2026-09-30,C,384.0,9.7,10.3,8.9,3.0,61.0,0.19739572143554687,True,2026-09-24 19:45:59+00:00,GLD260930C00384000
GLD,2026-09-25,393.4100036621094,2026-09-30,C,385.0,8.85,9.3,9.03,6.0,357.0,0.18360191406249998,True,2026-09-25 19:35:36+00:00,GLD260930C00385000
GLD,2026-09-25,393.4100036621094,2026-09-30,C,386.0,7.95,8.5,8.2,7.0,99.0,0.18372398315429686,True,2026-09-23 17:40:48+00:00,GLD260930C00386000
GLD,2026-09-25,393.4100036621094,2026-09-30,C,387.0,7.15,7.55,7.3,6.0,347.0,0.17212741943359378,True,2026-09-25 19:22:03+00:00,GLD260930C00387000
GLD,2026-09-25,393.4100036621094,2026-09-30,C,388.0,6.35,6.85,5.65,4.0,89.0,0.17505707763671874,True,2026-09-24 17:10:04+00:00,GLD260930C00388000
GLD,2026-09-25,393.4100036621094,2026-09-30,C,389.0,5.6,5.95,5.82,4.0,42.0,0.1641929284667969,True,2026-09-25 19:53:09+00:00,GLD260930C00389000
GLD,2026-09-25,393.4100036621094,2026-09-30,C,390.0,4.9,5.25,5.0,1108.0,835.0,0.16297223754882814,True,2026-09-25 19:57:08+00:00,GLD260930C00390000
GLD,2026-09-25,393.4100036621094,2026-09-30,C,391.0,4.25,4.55,4.4,22.0,110.0,0.1595543029785156,True,2026-09-25 19:13:47+00:00,GLD260930C00391000
GLD,2026-09-25,393.4100036621094,2026-09-30,C,392.0,3.65,3.9,3.7,225.0,245.0,0.15650257568359377,True,2026-09-25 19:57:14+00:00,GLD260930C00392000
GLD,2026-09-25,393.4100036621094,2026-09-30,C,393.0,3.1,3.35,3.2,105.0,216.0,0.15613636840820314,True,2026-09-25 20:10:03+00:00,GLD260930C00393000
GLD,2026-09-25,393.4100036621094,2026-09-30,C,394.0,2.63,2.84,2.78,116.0,196.0,0.1552208502197266,False,2026-09-25 20:03:27+00:00,GLD260930C00394000
GLD,2026-09-25,393.4100036621094,2026-09-30,C,395.0,2.21,2.34,2.35,579.0,2433.0,0.15223015747070315,False,2026-09-25 20:04:07+00:00,GLD260930C00395000
GLD,2026-09-25,393.4100036621094,2026-09-30,C,396.0,1.83,2.01,1.92,390.0,134.0,0.15534291931152344,False,2026-09-25 20:02:49+00:00,GLD260930C00396000
GLD,2026-09-25,393.4100036621094,2026-09-30,C,397.0,1.51,1.65,1.59,284.0,332.0,0.1544274011230469,False,2026-09-25 20:05:05+00:00,GLD260930C00397000
GLD,2026-09-25,393.4100036621094,2026-09-30,C,398.0,1.24,1.36,1.3,156.0,185.0,0.1549156774902344,False,2026-09-25 19:55:52+00:00,GLD260930C00398000
GLD,2026-09-25,393.4100036621094,2026-09-30,C,399.0,1.02,1.11,1.05,163.0,270.0,0.15528188476562502,False,2026-09-25 20:14:21+00:00,GLD260930C00399000
GLD,2026-09-25,393.4100036621094,2026-09-30,C,400.0,0.84,0.9,0.88,1596.0,4646.0,0.1557701611328125,False,2026-09-25 20:14:50+00:00,GLD260930C00400000
GLD,2026-09-25,393.4100036621094,2026-09-30,C,401.0,0.68,0.75,0.75,79.0,570.0,0.15833361206054689,False,2026-09-25 20:11:19+00:00,GLD260930C00401000
GLD,2026-09-25,393.4100036621094,2026-09-30,C,402.0,0.54,0.62,0.59,285.0,472.0,0.16053085571289064,False,2026-09-25 20:14:29+00:00,GLD260930C00402000
GLD,2026-09-25,393.4100036621094,2026-09-30,C,403.0,0.44,0.5,0.5,43.0,1024.0,0.16162947753906248,False,2026-09-25 20:14:09+00:00,GLD260930C00403000
GLD,2026-09-25,393.4100036621094,2026-09-30,C,404.0,0.36,0.42,0.4,18.0,286.0,0.16480327392578126,False,2026-09-25 20:14:31+00:00,GLD260930C00404000
GLD,2026-09-25,393.4100036621094,2026-09-30,C,405.0,0.29,0.34,0.32,164.0,5109.0,0.1662681030273438,False,2026-09-25 19:57:53+00:00,GLD260930C00405000
GLD,2026-09-25,393.4100036621094,2026-09-30,C,406.0,0.24,0.29,0.26,23.0,1170.0,0.17017431396484378,False,2026-09-25 16:54:58+00:00,GLD260930C00406000
GLD,2026-09-25,393.4100036621094,2026-09-30,C,407.0,0.2,0.25,0.21,6.0,1788.0,0.17432466308593753,False,2026-09-25 19:59:12+00:00,GLD260930C00407000
GLD,2026-09-25,393.4100036621094,2026-09-30,C,408.0,0.16,0.21,0.17,23.0,232.0,0.1772543212890625,False,2026-09-25 19:51:00+00:00,GLD260930C00408000
GLD,2026-09-25,393.4100036621094,2026-09-30,C,409.0,0.14,0.16,0.15,19.0,312.0,0.176766044921875,False,2026-09-25 20:05:01+00:00,GLD260930C00409000
GLD,2026-09-25,393.4100036621094,2026-09-30,C,410.0,0.11,0.15,0.14,1195.0,1576.0,0.18311363769531247,False,2026-09-25 19:14:59+00:00,GLD260930C00410000
GLD,2026-09-25,393.4100036621094,2026-09-30,C,411.0,0.09,0.14,0.1,27.0,324.0,0.18946123046875002,False,2026-09-25 19:13:59+00:00,GLD260930C00411000
GLD,2026-09-25,393.4100036621094,2026-09-30,C,412.0,0.08,0.13,0.09,155.0,162.0,0.1958088232421875,False,2026-09-25 19:57:34+00:00,GLD260930C00412000
GLD,2026-09-25,393.4100036621094,2026-09-30,C,413.0,0.07,0.1,0.1,48.0,962.0,0.195320546875,False,2026-09-25 19:45:23+00:00,GLD260930C00413000
GLD,2026-09-25,393.4100036621094,2026-09-30,C,414.0,0.06,0.09,0.07,28.0,468.0,0.20020331054687499,False,2026-09-25 20:12:23+00:00,GLD260930C00414000
GLD,2026-09-25,393.4100036621094,2026-09-30,C,415.0,0.05,0.09,0.06,82.0,1881.0,0.20801573242187496,False,2026-09-25 19:24:13+00:00,GLD260930C00415000
GLD,2026-09-25,393.4100036621094,2026-09-30,C,416.0,0.04,0.08,0.05,46.0,335.0,0.21192194335937498,False,2026-09-25 19:21:54+00:00,GLD260930C00416000
GLD,2026-09-25,393.4100036621094,2026-09-30,C,417.0,0.04,0.07,0.04,3.0,113.0,0.2148516015625,False,2026-09-25 19:20:58+00:00,GLD260930C00417000
GLD,2026-09-25,393.4100036621094,2026-09-30,C,418.0,0.03,0.1,0.06,2.0,693.0,0.2348709326171875,False,2026-09-25 18:25:09+00:00,GLD260930C00418000
GLD,2026-09-25,393.4100036621094,2026-09-30,C,419.0,0.04,0.1,0.08,2.0,94.0,0.24268335449218748,False,2026-09-24 19:58:07+00:00,GLD260930C00419000
GLD,2026-09-25,393.4100036621094,2026-09-30,C,420.0,0.03,0.06,0.03,759.0,3202.0,0.23242955078125,False,2026-09-25 19:03:11+00:00,GLD260930C00420000
GLD,2026-09-25,393.4100036621094,2026-09-30,C,421.0,0.02,0.11,0.12,2.0,210.0,0.2617261328125,False,2026-09-25 13:40:28+00:00,GLD260930C00421000
GLD,2026-09-25,393.4100036621094,2026-09-30,C,422.0,0.01,0.17,0.07,6.0,208.0,0.2890696093749999,False,2026-09-24 19:58:07+00:00,GLD260930C00422000
GLD,2026-09-25,393.4100036621094,2026-09-30,C,423.0,0.01,0.12,0.07,3.0,296.0,0.28076891113281244,False,2026-09-24 19:58:07+00:00,GLD260930C00423000
GLD,2026-09-25,393.4100036621094,2026-09-30,C,424.0,0.01,0.08,0.08,1.0,248.0,0.27149166015625,False,2026-09-25 14:06:28+00:00,GLD260930C00424000
GLD,2026-09-25,393.4100036621094,2026-09-30,C,425.0,0.02,0.04,0.04,213.0,2772.0,0.25391371093750004,False,2026-09-25 18:39:22+00:00,GLD260930C00425000
GLD,2026-09-25,393.4100036621094,2026-09-30,C,426.0,0.01,0.06,0.06,8.0,485.0,0.27539787109374997,False,2026-09-25 14:05:36+00:00,GLD260930C00426000
GLD,2026-09-25,393.4100036621094,2026-09-30,C,427.0,0.01,0.05,0.03,5.0,310.0,0.27539787109374997,False,2026-09-25 20:09:57+00:00,GLD260930C00427000
GLD,2026-09-25,393.4100036621094,2026-09-30,C,428.0,0.01,0.05,0.07,1.0,284.0,0.282233740234375,False,2026-09-25 14:04:18+00:00,GLD260930C00428000
GLD,2026-09-25,393.4100036621094,2026-09-30,C,429.0,0.01,0.08,0.04,2.0,258.0,0.30762411132812495,False,2026-09-25 14:40:01+00:00,GLD260930C00429000
GLD,2026-09-25,393.4100036621094,2026-09-30,C,430.0,0.01,0.05,0.03,46.0,5297.0,0.295905478515625,False,2026-09-25 19:32:21+00:00,GLD260930C00430000
GLD,2026-09-25,393.4100036621094,2026-09-30,C,435.0,0.01,0.04,0.01,26.0,1929.0,0.32031929687499994,False,2026-09-25 18:28:47+00:00,GLD260930C00435000
GLD,2026-09-25,393.4100036621094,2026-09-30,C,440.0,0.0,0.01,0.01,27.0,3084.0,0.304694453125,False,2026-09-25 18:28:18+00:00,GLD260930C00440000
GLD,2026-09-25,393.4100036621094,2026-09-30,C,445.0,0.0,0.03,0.02,11.0,1382.0,0.3711000390625,False,2026-09-25 19:40:33+00:00,GLD260930C00445000
GLD,2026-09-25,393.4100036621094,2026-09-30,C,450.0,0.0,0.01,0.01,8.0,4199.0,0.35938140625,False,2026-09-25 18:27:38+00:00,GLD260930C00450000
GLD,2026-09-25,393.4100036621094,2026-09-30,C,455.0,0.0,0.02,0.02,55.0,2372.0,0.414068359375,False,2026-09-24 16:22:07+00:00,GLD260930C00455000
GLD,2026-09-25,393.4100036621094,2026-09-30,C,460.0,0.0,0.02,0.02,1.0,1278.0,0.4414118359375,False,2026-09-25 16:03:42+00:00,GLD260930C00460000
GLD,2026-09-25,393.4100036621094,2026-09-30,C,465.0,0.0,0.03,0.03,5.0,279.0,0.48633326171875,False,2026-09-24 18:22:37+00:00,GLD260930C00465000
GLD,2026-09-25,393.4100036621094,2026-09-30,C,470.0,0.0,0.01,0.02,3.0,1098.0,0.46094289062500005,False,2026-09-25 16:03:42+00:00,GLD260930C00470000
GLD,2026-09-25,393.4100036621094,2026-09-30,C,475.0,0.0,0.13,0.02,2.0,866.0,0.58789474609375,False,2026-09-24 18:25:05+00:00,GLD260930C00475000
GLD,2026-09-25,393.4100036621094,2026-09-30,C,480.0,0.0,0.17,0.03,10.0,856.0,0.6347692773437501,False,2026-09-22 13:30:14+00:00,GLD260930C00480000
GLD,2026-09-25,393.4100036621094,2026-09-30,C,485.0,0.0,0.17,0.06,18.0,1216.0,0.6640658593750002,False,2026-09-18 15:23:15+00:00,GLD260930C00485000
GLD,2026-09-25,393.4100036621094,2026-09-30,C,490.0,0.0,0.13,0.02,6.0,699.0,0.6718782812500002,False,2026-09-24 16:21:16+00:00,GLD260930C00490000
GLD,2026-09-25,393.4100036621094,2026-09-30,C,495.0,0.0,0.02,0.01,45.0,539.0,0.585941640625,False,2026-09-23 17:59:25+00:00,GLD260930C00495000
GLD,2026-09-25,393.4100036621094,2026-09-30,C,500.0,0.0,0.01,0.01,156.0,3576.0,0.57812921875,False,2026-09-23 15:58:26+00:00,GLD260930C00500000
GLD,2026-09-25,393.4100036621094,2026-09-30,C,505.0,0.0,0.01,0.01,2.0,757.0,0.5937540625000001,False,2026-09-24 15:37:14+00:00,GLD260930C00505000
GLD,2026-09-25,393.4100036621094,2026-09-30,C,510.0,0.0,0.04,0.02,6.0,292.0,0.6953155468750001,False,2026-09-21 19:35:10+00:00,GLD260930C00510000
GLD,2026-09-25,393.4100036621094,2026-09-30,C,515.0,0.0,0.15,0.03,1.0,1090.0,0.8164080859374999,False,2026-09-18 13:41:13+00:00,GLD260930C00515000
GLD,2026-09-25,393.4100036621094,2026-09-30,C,520.0,0.0,0.15,0.11,1.0,514.0,0.84179845703125,False,2026-09-10 18:38:09+00:00,GLD260930C00520000
GLD,2026-09-25,393.4100036621094,2026-09-30,C,525.0,0.0,0.03,0.02,11.0,24105.0,0.7421900781249999,False,2026-09-22 20:04:20+00:00,GLD260930C00525000
GLD,2026-09-25,393.4100036621094,2026-09-30,C,530.0,0.0,0.14,0.03,2.0,24048.0,0.8867198828124999,False,2026-09-15 15:25:04+00:00,GLD260930C00530000
GLD,2026-09-25,393.4100036621094,2026-09-30,C,535.0,0.0,0.14,0.15,1.0,354.0,0.9101571484375,False,2026-09-11 15:22:03+00:00,GLD260930C00535000
GLD,2026-09-25,393.4100036621094,2026-09-30,C,540.0,0.0,0.04,0.02,4.0,207.0,0.8281267187499999,False,2026-09-21 13:51:31+00:00,GLD260930C00540000
GLD,2026-09-25,393.4100036621094,2026-09-30,C,545.0,0.0,0.14,0.02,1.0,207.0,0.9570316796874999,False,2026-09-21 15:34:13+00:00,GLD260930C00545000
GLD,2026-09-25,393.4100036621094,2026-09-30,C,550.0,0.0,0.03,0.01,8.0,628.0,0.851563984375,False,2026-09-21 19:35:10+00:00,GLD260930C00550000
GLD,2026-09-25,393.4100036621094,2026-09-30,C,555.0,0.0,0.13,0.01,28.0,448.0,0.9960937890625,False,2026-09-22 16:41:04+00:00,GLD260930C00555000
GLD,2026-09-25,393.4100036621094,2026-09-30,C,560.0,0.0,0.01,0.02,48.0,911.0,0.8125018749999999,False,2026-09-21 19:27:02+00:00,GLD260930C00560000
GLD,2026-09-25,393.4100036621094,2026-09-30,C,565.0,0.0,0.13,0.02,2.0,607.0,1.0429735351562504,False,2026-09-18 19:43:02+00:00,GLD260930C00565000
GLD,2026-09-25,393.4100036621094,2026-09-30,C,570.0,0.0,0.13,0.01,20.0,422.0,1.0664109179687502,False,2026-09-21 20:11:47+00:00,GLD260930C00570000
GLD,2026-09-25,393.4100036621094,2026-09-30,C,575.0,0.0,0.13,0.07,1.0,806.0,1.0859420703125,False,2026-08-31 19:33:39+00:00,GLD260930C00575000
GLD,2026-09-25,393.4100036621094,2026-09-30,C,580.0,0.0,0.12,0.07,18.0,116.0,1.1015669921875002,False,2026-09-11 17:49:08+00:00,GLD260930C00580000
GLD,2026-09-25,393.4100036621094,2026-09-30,C,585.0,0.0,0.12,0.02,1.0,146.0,1.12109814453125,False,2026-09-15 17:31:52+00:00,GLD260930C00585000
GLD,2026-09-25,393.4100036621094,2026-09-30,C,590.0,0.0,0.12,0.05,2.0,213.0,1.1445355273437499,False,2026-09-11 16:58:46+00:00,GLD260930C00590000
GLD,2026-09-25,393.4100036621094,2026-09-30,C,595.0,0.0,0.12,0.02,44.0,344.0,1.1640666796875,False,2026-09-15 15:22:30+00:00,GLD260930C00595000
GLD,2026-09-25,393.4100036621094,2026-09-30,C,600.0,0.0,0.08,0.01,20.0,590.0,1.140629296875,False,2026-09-21 18:55:30+00:00,GLD260930C00600000
GLD,2026-09-25,393.4100036621094,2026-09-30,C,605.0,0.0,0.12,0.01,10.0,882.0,1.203128984375,False,2026-09-22 16:38:50+00:00,GLD260930C00605000
GLD,2026-09-25,393.4100036621094,2026-09-30,C,610.0,0.0,0.11,0.01,20.0,143.0,1.2148476757812499,False,2026-09-21 18:54:54+00:00,GLD260930C00610000
GLD,2026-09-25,393.4100036621094,2026-09-30,C,615.0,0.0,0.11,0.01,20.0,448.0,1.2343788281249999,False,2026-09-21 15:52:42+00:00,GLD260930C00615000
GLD,2026-09-25,393.4100036621094,2026-09-30,C,620.0,0.0,0.11,0.01,20.0,133.0,1.25390998046875,False,2026-09-21 15:50:56+00:00,GLD260930C00620000
GLD,2026-09-25,393.4100036621094,2026-09-30,C,625.0,0.0,0.11,0.01,20.0,353.0,1.2734411328124997,False,2026-09-21 15:10:23+00:00,GLD260930C00625000
GLD,2026-09-25,393.4100036621094,2026-09-30,C,630.0,0.0,0.11,0.07,2.0,332.0,1.29297228515625,False,2026-08-26 16:28:02+00:00,GLD260930C00630000
GLD,2026-09-25,393.4100036621094,2026-09-30,C,635.0,0.0,0.11,0.01,20.0,481.0,1.3125034374999998,False,2026-09-21 14:28:01+00:00,GLD260930C00635000
GLD,2026-09-25,393.4100036621094,2026-09-30,C,640.0,0.0,0.11,0.01,21.0,260.0,1.3320345898437496,False,2026-09-21 14:27:44+00:00,GLD260930C00640000
GLD,2026-09-25,393.4100036621094,2026-09-30,C,645.0,0.0,0.11,0.01,2.0,676.0,1.3515657421874998,False,2026-08-28 14:30:31+00:00,GLD260930C00645000
GLD,2026-09-25,393.4100036621094,2026-09-30,C,650.0,0.0,0.1,0.01,12.0,917.0,1.359378203125,False,2026-09-18 19:14:16+00:00,GLD260930C00650000
GLD,2026-09-25,393.4100036621094,2026-09-30,C,655.0,0.0,0.01,0.01,12.0,954.0,1.15625421875,False,2026-09-18 19:13:58+00:00,GLD260930C00655000
GLD,2026-09-25,393.4100036621094,2026-09-30,P,250.0,0.0,0.0,0.05,5.0,0.0,0.500005,False,2026-08-14 16:51:27+00:00,GLD260930P00250000
GLD,2026-09-25,393.4100036621094,2026-09-30,P,255.0,0.0,0.09,0.02,6.0,137.0,1.23047259765625,False,2026-09-18 19:43:26+00:00,GLD260930P00255000
GLD,2026-09-25,393.4100036621094,2026-09-30,P,260.0,0.0,0.04,0.03,2.0,227.0,1.09375453125,False,2026-09-11 16:24:55+00:00,GLD260930P00260000
GLD,2026-09-25,393.4100036621094,2026-09-30,P,265.0,0.0,0.09,0.02,2.0,586.0,1.12891060546875,False,2026-09-21 13:57:24+00:00,GLD260930P00265000
GLD,2026-09-25,393.4100036621094,2026-09-30,P,270.0,0.0,0.09,0.03,2.0,176.0,1.0781296093750001,False,2026-09-14 17:10:37+00:00,GLD260930P00270000
GLD,2026-09-25,393.4100036621094,2026-09-30,P,275.0,0.0,0.09,0.01,21.0,662.0,1.0312548437500002,False,2026-09-22 18:28:54+00:00,GLD260930P00275000
GLD,2026-09-25,393.4100036621094,2026-09-30,P,280.0,0.0,0.02,0.09,1.0,2397.0,0.85937640625,False,2026-09-15 16:01:01+00:00,GLD260930P00280000
GLD,2026-09-25,393.4100036621094,2026-09-30,P,285.0,0.0,0.05,0.03,11.0,1535.0,0.8828136718749999,False,2026-09-11 17:58:34+00:00,GLD260930P00285000
GLD,2026-09-25,393.4100036621094,2026-09-30,P,290.0,0.0,0.03,0.01,25.0,785.0,0.804689453125,False,2026-09-23 17:58:55+00:00,GLD260930P00290000
GLD,2026-09-25,393.4100036621094,2026-09-30,P,295.0,0.0,0.03,0.01,17.0,396.0,0.7578149218750001,False,2026-09-23 19:04:23+00:00,GLD260930P00295000
GLD,2026-09-25,393.4100036621094,2026-09-30,P,300.0,0.0,0.11,0.01,1.0,1059.0,0.8164080859374999,False,2026-09-24 15:37:04+00:00,GLD260930P00300000
GLD,2026-09-25,393.4100036621094,2026-09-30,P,305.0,0.0,0.1,0.01,3.0,997.0,0.7656273437500001,False,2026-09-24 16:40:43+00:00,GLD260930P00305000
GLD,2026-09-25,393.4100036621094,2026-09-30,P,310.0,0.0,0.03,0.01,5.0,533.0,0.64062859375,False,2026-09-21 13:42:53+00:00,GLD260930P00310000
GLD,2026-09-25,393.4100036621094,2026-09-30,P,315.0,0.0,0.1,0.01,5.0,603.0,0.6757844921875001,False,2026-09-24 19:04:42+00:00,GLD260930P00315000
GLD,2026-09-25,393.4100036621094,2026-09-30,P,318.0,0.0,0.14,0.02,3.0,569.0,0.6757844921875001,False,2026-09-21 16:45:52+00:00,GLD260930P00318000
GLD,2026-09-25,393.4100036621094,2026-09-30,P,319.0,0.0,0.14,0.04,2.0,38.0,0.6660189648437502,False,2026-09-18 17:44:05+00:00,GLD260930P00319000
GLD,2026-09-25,393.4100036621094,2026-09-30,P,320.0,0.0,0.06,0.01,3.0,1177.0,0.5976602734375001,False,2026-09-23 19:13:34+00:00,GLD260930P00320000
GLD,2026-09-25,393.4100036621094,2026-09-30,P,321.0,0.0,0.1,0.05,4.0,764.0,0.6250037500000001,False,2026-09-18 17:44:38+00:00,GLD260930P00321000
GLD,2026-09-25,393.4100036621094,2026-09-30,P,322.0,0.0,0.13,0.04,2.0,125.0,0.6347692773437501,False,2026-09-18 17:44:49+00:00,GLD260930P00322000
GLD,2026-09-25,393.4100036621094,2026-09-30,P,323.0,0.0,0.09,0.05,1.0,940.0,0.5996133789062501,False,2026-09-22 17:58:00+00:00,GLD260930P00323000
GLD,2026-09-25,393.4100036621094,2026-09-30,P,324.0,0.0,0.12,0.05,2.0,253.0,0.6113320117187502,False,2026-09-18 17:45:09+00:00,GLD260930P00324000
GLD,2026-09-25,393.4100036621094,2026-09-30,P,325.0,0.0,0.01,0.05,2.0,1211.0,0.500005,False,2026-09-18 17:45:20+00:00,GLD260930P00325000
GLD,2026-09-25,393.4100036621094,2026-09-30,P,326.0,0.0,0.06,0.02,1.0,62.0,0.5507857421875001,False,2026-09-22 13:31:55+00:00,GLD260930P00326000
GLD,2026-09-25,393.4100036621094,2026-09-30,P,327.0,0.0,0.15,0.03,2.0,19.0,0.6015664843750002,False,2026-09-22 17:57:45+00:00,GLD260930P00327000
GLD,2026-09-25,393.4100036621094,2026-09-30,P,328.0,0.0,0.12,0.05,6.0,147.0,0.57617611328125,False,2026-09-17 14:36:20+00:00,GLD260930P00328000
GLD,2026-09-25,393.4100036621094,2026-09-30,P,329.0,0.0,0.14,0.07,8.0,35.0,0.57812921875,False,2026-09-16 18:57:51+00:00,GLD260930P00329000
GLD,2026-09-25,393.4100036621094,2026-09-30,P,330.0,0.0,0.01,0.02,1.0,370.0,0.4687553125,False,2026-09-24 13:59:07+00:00,GLD260930P00330000
GLD,2026-09-25,393.4100036621094,2026-09-30,P,331.0,0.0,0.1,0.09,14.0,84.0,0.5390671093750001,False,2026-09-16 19:22:07+00:00,GLD260930P00331000
GLD,2026-09-25,393.4100036621094,2026-09-30,P,332.0,0.0,0.12,0.13,14.0,107.0,0.5429733203125001,False,2026-09-16 19:22:07+00:00,GLD260930P00332000
GLD,2026-09-25,393.4100036621094,2026-09-30,P,333.0,0.0,0.04,0.11,1.0,673.0,0.507817421875,False,2026-09-22 17:57:10+00:00,GLD260930P00333000
GLD,2026-09-25,393.4100036621094,2026-09-30,P,334.0,0.0,0.01,0.01,3.0,36.0,0.437505625,False,2026-09-25 15:59:14+00:00,GLD260930P00334000
GLD,2026-09-25,393.4100036621094,2026-09-30,P,335.0,0.0,0.07,0.01,6.0,100.0,0.52539537109375,False,2026-09-25 17:47:35+00:00,GLD260930P00335000
GLD,2026-09-25,393.4100036621094,2026-09-30,P,336.0,0.0,0.01,0.03,1.0,26.0,0.42188078125,False,2026-09-23 15:04:54+00:00,GLD260930P00336000
GLD,2026-09-25,393.4100036621094,2026-09-30,P,337.0,0.0,0.01,0.07,3.0,79.0,0.414068359375,False,2026-09-25 15:31:04+00:00,GLD260930P00337000
GLD,2026-09-25,393.4100036621094,2026-09-30,P,338.0,0.0,0.01,0.01,2.0,1163.0,0.4062559375,False,2026-09-25 18:51:48+00:00,GLD260930P00338000
GLD,2026-09-25,393.4100036621094,2026-09-30,P,339.0,0.01,0.04,0.05,2.0,363.0,0.46094289062500005,False,2026-09-25 16:03:28+00:00,GLD260930P00339000
GLD,2026-09-25,393.4100036621094,2026-09-30,P,340.0,0.01,0.07,0.03,1.0,2745.0,0.48242705078125003,False,2026-09-24 16:21:39+00:00,GLD260930P00340000
GLD,2026-09-25,393.4100036621094,2026-09-30,P,341.0,0.01,0.07,0.09,1.0,189.0,0.47461462890625,False,2026-09-18 16:47:40+00:00,GLD260930P00341000
GLD,2026-09-25,393.4100036621094,2026-09-30,P,342.0,0.01,0.04,0.05,4.0,148.0,0.43555251953125,False,2026-09-25 16:03:36+00:00,GLD260930P00342000
GLD,2026-09-25,393.4100036621094,2026-09-30,P,343.0,0.01,0.05,0.05,2.0,110.0,0.43945873046875,False,2026-09-25 16:03:51+00:00,GLD260930P00343000
GLD,2026-09-25,393.4100036621094,2026-09-30,P,344.0,0.01,0.05,0.05,4.0,393.0,0.42969320312500003,False,2026-09-22 17:57:04+00:00,GLD260930P00344000
GLD,2026-09-25,393.4100036621094,2026-09-30,P,345.0,0.01,0.03,0.05,1.0,289.0,0.398443515625,False,2026-09-22 13:35:00+00:00,GLD260930P00345000
GLD,2026-09-25,393.4100036621094,2026-09-30,P,346.0,0.01,0.05,0.03,10.0,63.0,0.414068359375,False,2026-09-25 16:04:27+00:00,GLD260930P00346000
GLD,2026-09-25,393.4100036621094,2026-09-30,P,347.0,0.01,0.05,0.05,3.0,133.0,0.4062559375,False,2026-09-25 14:00:18+00:00,GLD260930P00347000
GLD,2026-09-25,393.4100036621094,2026-09-30,P,348.0,0.01,0.05,0.05,4.0,303.0,0.39649041015625003,False,2026-09-25 18:42:13+00:00,GLD260930P00348000
GLD,2026-09-25,393.4100036621094,2026-09-30,P,349.0,0.01,0.07,0.02,3.0,405.0,0.4062559375,False,2026-09-25 18:13:29+00:00,GLD260930P00349000
GLD,2026-09-25,393.4100036621094,2026-09-30,P,350.0,0.01,0.06,0.03,2.0,1043.0,0.38867798828125,False,2026-09-25 18:14:41+00:00,GLD260930P00350000
GLD,2026-09-25,393.4100036621094,2026-09-30,P,351.0,0.01,0.05,0.01,2.0,174.0,0.37305314453125,False,2026-09-25 18:13:29+00:00,GLD260930P00351000
GLD,2026-09-25,393.4100036621094,2026-09-30,P,352.0,0.01,0.05,0.05,8.0,55.0,0.36426416992187505,False,2026-09-25 18:42:55+00:00,GLD260930P00352000
GLD,2026-09-25,393.4100036621094,2026-09-30,P,353.0,0.01,0.05,0.05,7.0,251.0,0.35547519531249994,False,2026-09-25 18:43:23+00:00,GLD260930P00353000
GLD,2026-09-25,393.4100036621094,2026-09-30,P,354.0,0.01,0.05,0.03,13.0,200.0,0.34766277343749996,False,2026-09-25 16:05:16+00:00,GLD260930P00354000
GLD,2026-09-25,393.4100036621094,2026-09-30,P,355.0,0.02,0.04,0.04,13.0,425.0,0.33008482421874996,False,2026-09-25 19:08:21+00:00,GLD260930P00355000
GLD,2026-09-25,393.4100036621094,2026-09-30,P,356.0,0.01,0.1,0.1,1.0,579.0,0.3632876171875,False,2026-09-25 13:34:56+00:00,GLD260930P00356000
GLD,2026-09-25,393.4100036621094,2026-09-30,P,357.0,0.01,0.07,0.05,2.0,63.0,0.33789724609375,False,2026-09-25 16:00:00+00:00,GLD260930P00357000
GLD,2026-09-25,393.4100036621094,2026-09-30,P,358.0,0.01,0.04,0.04,3.0,200.0,0.30664755859375,False,2026-09-25 17:51:09+00:00,GLD260930P00358000
GLD,2026-09-25,393.4100036621094,2026-09-30,P,359.0,0.01,0.05,0.04,3.0,336.0,0.30664755859375,False,2026-09-25 17:51:19+00:00,GLD260930P00359000
GLD,2026-09-25,393.4100036621094,2026-09-30,P,360.0,0.02,0.04,0.04,22.0,2090.0,0.2910227148437499,False,2026-09-25 19:38:02+00:00,GLD260930P00360000
GLD,2026-09-25,393.4100036621094,2026-09-30,P,361.0,0.02,0.05,0.05,7.0,303.0,0.2910227148437499,False,2026-09-25 17:51:40+00:00,GLD260930P00361000
GLD,2026-09-25,393.4100036621094,2026-09-30,P,362.0,0.02,0.05,0.06,8.0,416.0,0.282233740234375,False,2026-09-25 17:50:44+00:00,GLD260930P00362000
GLD,2026-09-25,393.4100036621094,2026-09-30,P,363.0,0.02,0.08,0.06,9.0,424.0,0.2919992675781249,False,2026-09-25 14:27:25+00:00,GLD260930P00363000
GLD,2026-09-25,393.4100036621094,2026-09-30,P,364.0,0.02,0.15,0.06,2.0,208.0,0.31201859863281245,False,2026-09-25 14:28:08+00:00,GLD260930P00364000
GLD,2026-09-25,393.4100036621094,2026-09-30,P,365.0,0.03,0.07,0.07,1.0,461.0,0.2695385546875,False,2026-09-25 17:46:46+00:00,GLD260930P00365000
GLD,2026-09-25,393.4100036621094,2026-09-30,P,366.0,0.03,0.07,0.05,8.0,160.0,0.260749580078125,False,2026-09-25 18:35:47+00:00,GLD260930P00366000
GLD,2026-09-25,393.4100036621094,2026-09-30,P,367.0,0.04,0.06,0.05,5.0,354.0,0.247077841796875,False,2026-09-25 19:33:06+00:00,GLD260930P00367000
GLD,2026-09-25,393.4100036621094,2026-09-30,P,368.0,0.04,0.08,0.07,15.0,142.0,0.249030947265625,False,2026-09-25 17:33:13+00:00,GLD260930P00368000
GLD,2026-09-25,393.4100036621094,2026-09-30,P,369.0,0.04,0.1,0.05,7.0,172.0,0.24805439453125,False,2026-09-25 18:47:39+00:00,GLD260930P00369000
GLD,2026-09-25,393.4100036621094,2026-09-30,P,370.0,0.05,0.08,0.05,7.0,1575.0,0.231452998046875,False,2026-09-25 18:48:44+00:00,GLD260930P00370000
GLD,2026-09-25,393.4100036621094,2026-09-30,P,371.0,0.05,0.08,0.07,9.0,273.0,0.22266402343749997,False,2026-09-25 19:32:54+00:00,GLD260930P00371000
GLD,2026-09-25,393.4100036621094,2026-09-30,P,372.0,0.06,0.09,0.06,18.0,1430.0,0.21778125976562498,False,2026-09-25 19:33:10+00:00,GLD260930P00372000
GLD,2026-09-25,393.4100036621094,2026-09-30,P,373.0,0.07,0.1,0.07,15.0,112.0,0.21289849609375,False,2026-09-25 19:36:15+00:00,GLD260930P00373000
GLD,2026-09-25,393.4100036621094,2026-09-30,P,374.0,0.08,0.11,0.08,3.0,2401.0,0.20703917968749996,False,2026-09-25 19:33:35+00:00,GLD260930P00374000
GLD,2026-09-25,393.4100036621094,2026-09-30,P,375.0,0.09,0.12,0.11,21.0,7064.0,0.20069158691406247,False,2026-09-25 19:49:03+00:00,GLD260930P00375000
GLD,2026-09-25,393.4100036621094,2026-09-30,P,376.0,0.1,0.13,0.11,2.0,153.0,0.19385571777343752,False,2026-09-24 19:57:59+00:00,GLD260930P00376000
GLD,2026-09-25,393.4100036621094,2026-09-30,P,377.0,0.11,0.15,0.15,9.0,337.0,0.18946123046875002,False,2026-09-25 18:02:02+00:00,GLD260930P00377000
GLD,2026-09-25,393.4100036621094,2026-09-30,P,378.0,0.14,0.17,0.15,28.0,218.0,0.1840901904296875,False,2026-09-25 19:51:06+00:00,GLD260930P00378000
GLD,2026-09-25,393.4100036621094,2026-09-30,P,379.0,0.15,0.21,0.18,8.0,520.0,0.1821370849609375,False,2026-09-25 18:49:35+00:00,GLD260930P00379000
GLD,2026-09-25,393.4100036621094,2026-09-30,P,380.0,0.19,0.22,0.21,264.0,4885.0,0.1733481103515625,False,2026-09-25 19:51:38+00:00,GLD260930P00380000
GLD,2026-09-25,393.4100036621094,2026-09-30,P,381.0,0.24,0.26,0.24,3370.0,337.0,0.1694418994140625,False,2026-09-25 19:16:07+00:00,GLD260930P00381000
GLD,2026-09-25,393.4100036621094,2026-09-30,P,382.0,0.27,0.34,0.3,14.0,217.0,0.1694418994140625,False,2026-09-25 18:45:42+00:00,GLD260930P00382000
GLD,2026-09-25,393.4100036621094,2026-09-30,P,383.0,0.34,0.39,0.38,14.0,414.0,0.1638267211914063,False,2026-09-25 19:22:38+00:00,GLD260930P00383000
GLD,2026-09-25,393.4100036621094,2026-09-30,P,384.0,0.41,0.47,0.45,25.0,272.0,0.16040878662109376,False,2026-09-25 18:51:27+00:00,GLD260930P00384000
GLD,2026-09-25,393.4100036621094,2026-09-30,P,385.0,0.52,0.58,0.54,61.0,2361.0,0.15821154296875,False,2026-09-25 19:47:25+00:00,GLD260930P00385000
GLD,2026-09-25,393.4100036621094,2026-09-30,P,386.0,0.64,0.72,0.67,41.0,494.0,0.15662464477539065,False,2026-09-25 19:52:44+00:00,GLD260930P00386000
GLD,2026-09-25,393.4100036621094,2026-09-30,P,387.0,0.77,0.9,0.82,59.0,720.0,0.1557701611328125,False,2026-09-25 19:46:42+00:00,GLD260930P00387000
GLD,2026-09-25,393.4100036621094,2026-09-30,P,388.0,0.98,1.08,1.03,61.0,417.0,0.15271843383789066,False,2026-09-25 19:53:39+00:00,GLD260930P00388000
GLD,2026-09-25,393.4100036621094,2026-09-30,P,389.0,1.2,1.32,1.25,47.0,1021.0,0.15137567382812503,False,2026-09-25 20:00:30+00:00,GLD260930P00389000
GLD,2026-09-25,393.4100036621094,2026-09-30,P,390.0,1.47,1.63,1.58,131.0,955.0,0.1514977429199219,False,2026-09-25 19:56:27+00:00,GLD260930P00390000
GLD,2026-09-25,393.4100036621094,2026-09-30,P,391.0,1.8,1.96,1.82,14.0,303.0,0.15015498291015628,False,2026-09-25 19:48:57+00:00,GLD260930P00391000
GLD,2026-09-25,393.4100036621094,2026-09-30,P,392.0,2.17,2.35,2.35,22.0,224.0,0.14948360290527346,False,2026-09-25 18:44:27+00:00,GLD260930P00392000
GLD,2026-09-25,393.4100036621094,2026-09-30,P,393.0,2.61,2.82,2.8,132.0,186.0,0.15015498291015628,False,2026-09-25 19:30:51+00:00,GLD260930P00393000
GLD,2026-09-25,393.4100036621094,2026-09-30,P,394.0,3.1,3.35,3.2,23.0,115.0,0.15125360473632815,True,2026-09-25 19:53:04+00:00,GLD260930P00394000
GLD,2026-09-25,393.4100036621094,2026-09-30,P,395.0,3.65,3.9,3.71,52.0,594.0,0.15076532836914067,True,2026-09-25 19:51:38+00:00,GLD260930P00395000
GLD,2026-09-25,393.4100036621094,2026-09-30,P,396.0,4.25,4.55,4.16,13.0,209.0,0.15271843383789066,True,2026-09-25 19:15:27+00:00,GLD260930P00396000
GLD,2026-09-25,393.4100036621094,2026-09-30,P,397.0,4.9,5.25,4.8,46.0,125.0,0.1550377465820313,True,2026-09-25 19:15:27+00:00,GLD260930P00397000
GLD,2026-09-25,393.4100036621094,2026-09-30,P,398.0,5.6,6.0,5.97,106.0,309.0,0.15784533569335937,True,2026-09-25 19:34:17+00:00,GLD260930P00398000
GLD,2026-09-25,393.4100036621094,2026-09-30,P,399.0,6.35,6.75,7.1,117.0,310.0,0.15845568115234376,True,2026-09-25 17:35:34+00:00,GLD260930P00399000
GLD,2026-09-25,393.4100036621094,2026-09-30,P,400.0,7.15,7.6,7.45,18.0,1486.0,0.16333844482421878,True,2026-09-25 19:49:27+00:00,GLD260930P00400000
GLD,2026-09-25,393.4100036621094,2026-09-30,P,401.0,8.0,8.55,9.49,3.0,142.0,0.17383638671875,True,2026-09-25 15:21:25+00:00,GLD260930P00401000
GLD,2026-09-25,393.4100036621094,2026-09-30,P,402.0,8.85,9.3,10.41,10.0,93.0,0.16797707031250003,True,2026-09-25 15:12:05+00:00,GLD260930P00402000
GLD,2026-09-25,393.4100036621094,2026-09-30,P,403.0,9.75,10.3,12.5,6.0,121.0,0.1805501867675781,True,2026-09-24 14:27:13+00:00,GLD260930P00403000
GLD,2026-09-25,393.4100036621094,2026-09-30,P,404.0,10.65,11.15,12.07,2.0,126.0,0.1790853576660156,True,2026-09-24 17:12:12+00:00,GLD260930P00404000
GLD,2026-09-25,393.4100036621094,2026-09-30,P,405.0,11.6,12.1,11.56,42.0,867.0,0.18555501953124998,True,2026-09-25 19:17:03+00:00,GLD260930P00405000
GLD,2026-09-25,393.4100036621094,2026-09-30,P,406.0,12.5,13.1,14.06,2.0,1683.0,0.1966633068847656,True,2026-09-24 15:00:48+00:00,GLD260930P00406000
GLD,2026-09-25,393.4100036621094,2026-09-30,P,407.0,13.45,14.05,15.18,6.0,82.0,0.20191227783203125,True,2026-09-24 16:49:42+00:00,GLD260930P00407000
GLD,2026-09-25,393.4100036621094,2026-09-30,P,408.0,14.45,15.0,18.12,1.0,55.0,0.20655090332031245,True,2026-09-24 15:00:48+00:00,GLD260930P00408000
GLD,2026-09-25,393.4100036621094,2026-09-30,P,409.0,15.45,15.95,15.68,3.0,94.0,0.21021297607421874,True,2026-09-25 19:59:32+00:00,GLD260930P00409000
GLD,2026-09-25,393.4100036621094,2026-09-30,P,410.0,16.4,16.95,17.03,2.0,86.0,0.22022264160156246,True,2026-09-25 16:22:35+00:00,GLD260930P00410000
GLD,2026-09-25,393.4100036621094,2026-09-30,P,411.0,17.35,17.95,15.83,3.0,35.0,0.2299881689453125,True,2026-09-16 14:37:55+00:00,GLD260930P00411000
GLD,2026-09-25,393.4100036621094,2026-09-30,P,412.0,18.4,18.85,18.63,4.0,45.0,0.22339643798828124,True,2026-09-25 20:14:06+00:00,GLD260930P00412000
GLD,2026-09-25,393.4100036621094,2026-09-30,P,413.0,19.35,19.9,19.33,3.0,4.0,0.241218525390625,True,2026-09-25 18:52:11+00:00,GLD260930P00413000
GLD,2026-09-25,393.4100036621094,2026-09-30,P,414.0,19.15,21.05,22.35,2.0,0.0,0.27368890380859373,True,2026-09-24 19:58:45+00:00,GLD260930P00414000
GLD,2026-09-25,393.4100036621094,2026-09-30,P,415.0,21.15,22.0,24.55,3.0,7.0,0.2761302856445312,True,2026-09-24 14:05:46+00:00,GLD260930P00415000
GLD,2026-09-25,393.4100036621094,2026-09-30,P,416.0,21.8,22.9,23.1,4.0,0.0,0.2690502783203125,True,2026-09-23 19:26:12+00:00,GLD260930P00416000
GLD,2026-09-25,393.4100036621094,2026-09-30,P,417.0,22.95,24.7,25.73,3.0,0.0,0.3794007373046875,True,2026-09-24 19:59:09+00:00,GLD260930P00417000
GLD,2026-09-25,393.4100036621094,2026-09-30,P,418.0,23.65,25.15,18.92,1.0,1.0,0.3266668896484375,True,2026-09-17 17:07:12+00:00,GLD260930P00418000
GLD,2026-09-25,393.4100036621094,2026-09-30,P,419.0,24.7,26.7,20.3,4.0,5.0,0.40112903564453123,True,2026-09-21 19:39:18+00:00,GLD260930P00419000
GLD,2026-09-25,393.4100036621094,2026-09-30,P,420.0,25.95,27.0,27.0,60.0,61.0,0.32300481689453114,True,2026-09-25 19:52:55+00:00,GLD260930P00420000
GLD,2026-09-25,393.4100036621094,2026-09-30,P,421.0,26.7,29.0,28.1,1.0,0.0,0.4523980541992188,True,2026-09-23 19:16:59+00:00,GLD260930P00421000
GLD,2026-09-25,393.4100036621094,2026-09-30,P,422.0,27.9,28.95,32.9,3.0,1.0,0.3320379296875,True,2026-09-16 19:18:39+00:00,GLD260930P00422000
GLD,2026-09-25,393.4100036621094,2026-09-30,P,423.0,28.05,30.65,29.4,751.0,769.0,0.43774976318359377,True,2026-09-25 19:52:55+00:00,GLD260930P00423000
GLD,2026-09-25,393.4100036621094,2026-09-30,P,424.0,29.65,32.1,26.83,1.0,0.0,0.4946339599609375,True,2026-09-21 14:16:37+00:00,GLD260930P00424000
GLD,2026-09-25,393.4100036621094,2026-09-30,P,425.0,30.85,31.9,27.4,113.0,1.0,0.3481510498046875,True,2026-09-22 17:10:51+00:00,GLD260930P00425000
GLD,2026-09-25,393.4100036621094,2026-09-30,P,426.0,31.7,34.15,33.9,1.0,2.0,0.5210008837890624,True,2026-09-24 13:30:09+00:00,GLD260930P00426000
GLD,2026-09-25,393.4100036621094,2026-09-30,P,427.0,31.9,35.0,36.39,2.0,0.0,0.516606396484375,True,2026-09-16 18:57:40+00:00,GLD260930P00427000
GLD,2026-09-25,393.4100036621094,2026-09-30,P,428.0,33.7,36.1,25.55,1.0,0.0,0.5373581420898439,True,2026-09-09 18:31:24+00:00,GLD260930P00428000
GLD,2026-09-25,393.4100036621094,2026-09-30,P,429.0,34.75,37.1,37.53,1.0,0.0,0.5477340148925782,True,2026-09-24 20:08:59+00:00,GLD260930P00429000
GLD,2026-09-25,393.4100036621094,2026-09-30,P,430.0,36.0,37.0,38.51,1.0,3.0,0.4116269775390625,True,2026-09-24 20:08:59+00:00,GLD260930P00430000
GLD,2026-09-25,393.4100036621094,2026-09-30,P,435.0,41.25,42.4,41.8,55.0,43.0,0.5224657128906249,True,2026-09-25 19:52:55+00:00,GLD260930P00435000
GLD,2026-09-25,393.4100036621094,2026-09-30,P,440.0,46.25,47.55,46.38,8.0,20.0,0.5893595751953126,True,2026-09-24 20:06:20+00:00,GLD260930P00440000
GLD,2026-09-25,393.4100036621094,2026-09-30,P,445.0,51.25,52.45,51.42,23.0,0.0,0.6189002954101563,True,2026-09-24 20:09:22+00:00,GLD260930P00445000
GLD,2026-09-25,393.4100036621094,2026-09-30,P,450.0,55.7,58.0,58.19,1.0,3.0,0.5312546875,True,2026-09-24 20:09:22+00:00,GLD260930P00450000
GLD,2026-09-25,393.4100036621094,2026-09-30,P,455.0,61.0,62.0,62.06,2.0,0.0,0.6113320117187502,True,2026-09-23 19:49:53+00:00,GLD260930P00455000
GLD,2026-09-25,393.4100036621094,2026-09-30,P,460.0,0.0,0.0,39.9,5.0,0.0,1.0000000000000003e-05,True,2026-08-21 16:11:17+00:00,GLD260930P00460000
GLD,2026-09-25,393.4100036621094,2026-09-30,P,465.0,40.4,41.6,92.85,120.0,0.0,1.0000000000000003e-05,True,2026-06-25 19:13:32+00:00,GLD260930P00465000
GLD,2026-09-25,393.4100036621094,2026-09-30,P,470.0,76.1,77.0,51.8,2.0,0.0,0.72070591796875,True,2026-08-28 14:42:18+00:00,GLD260930P00470000
GLD,2026-09-25,393.4100036621094,2026-09-30,P,475.0,0.0,0.0,85.53,22.0,0.0,1.0000000000000003e-05,True,2026-08-06 17:59:52+00:00,GLD260930P00475000
GLD,2026-09-25,393.4100036621094,2026-09-30,P,480.0,85.7,87.7,90.11,1.0,1.0,0.6562534375000001,True,2026-09-24 16:13:01+00:00,GLD260930P00480000
GLD,2026-09-25,393.4100036621094,2026-09-30,P,485.0,91.15,92.0,93.64,1.0,0.0,0.8237322314453124,True,2026-09-16 19:50:17+00:00,GLD260930P00485000
GLD,2026-09-25,393.4100036621094,2026-09-30,P,490.0,95.7,98.0,98.35,4.0,0.0,0.8007832421875,True,2026-09-24 19:33:35+00:00,GLD260930P00490000
GLD,2026-09-25,393.4100036621094,2026-09-30,P,495.0,101.1,102.25,93.03,1.0,0.0,0.72070591796875,True,2026-09-18 19:47:26+00:00,GLD260930P00495000
GLD,2026-09-25,393.4100036621094,2026-09-30,P,500.0,105.7,108.0,108.14,1.0,1.0,0.8623060644531251,True,2026-09-24 16:58:54+00:00,GLD260930P00500000
GLD,2026-09-25,393.4100036621094,2026-09-30,P,505.0,110.95,112.0,109.67,1.0,0.0,0.9531254687499999,True,2026-09-14 19:48:26+00:00,GLD260930P00505000
GLD,2026-09-25,393.4100036621094,2026-09-30,P,510.0,81.5,85.3,138.84,14.0,0.0,1.0000000000000003e-05,True,2026-07-23 18:28:36+00:00,GLD260930P00510000
GLD,2026-09-25,393.4100036621094,2026-09-30,P,515.0,0.0,0.0,101.57,302.0,0.0,1.0000000000000003e-05,True,2026-03-25 17:08:16+00:00,GLD260930P00515000
GLD,2026-09-25,393.4100036621094,2026-09-30,P,520.0,0.0,0.0,106.11,26.0,0.0,1.0000000000000003e-05,True,2026-03-25 17:04:39+00:00,GLD260930P00520000
GLD,2026-09-25,393.4100036621094,2026-09-30,P,525.0,0.0,0.0,110.27,200.0,0.0,1.0000000000000003e-05,True,2026-03-25 17:00:32+00:00,GLD260930P00525000
GLD,2026-09-25,393.4100036621094,2026-09-30,P,530.0,0.0,0.0,114.72,2.0,0.0,1.0000000000000003e-05,True,2026-03-25 17:00:51+00:00,GLD260930P00530000
GLD,2026-09-25,393.4100036621094,2026-09-30,P,535.0,160.75,164.7,141.8,2.0,0.0,3.007448770446777,True,2026-06-09 15:45:10+00:00,GLD260930P00535000
GLD,2026-09-25,393.4100036621094,2026-09-30,P,540.0,140.7,144.85,99.0,3.0,0.0,1.0000000000000003e-05,True,2026-04-20 13:52:34+00:00,GLD260930P00540000
GLD,2026-09-25,393.4100036621094,2026-09-30,P,545.0,145.7,149.85,112.67,1.0,0.0,1.0000000000000003e-05,True,2026-05-07 20:06:10+00:00,GLD260930P00545000
GLD,2026-09-25,393.4100036621094,2026-09-30,P,550.0,0.0,0.0,133.72,2.0,0.0,1.0000000000000003e-05,True,2026-03-25 17:10:16+00:00,GLD260930P00550000
GLD,2026-09-25,393.4100036621094,2026-09-30,P,555.0,0.0,0.0,138.85,40.0,0.0,1.0000000000000003e-05,True,2026-05-21 19:29:36+00:00,GLD260930P00555000
GLD,2026-09-25,393.4100036621094,2026-09-30,P,560.0,131.15,135.45,188.83,14.0,0.0,1.0000000000000003e-05,True,2026-07-23 18:28:36+00:00,GLD260930P00560000
GLD,2026-09-25,393.4100036621094,2026-09-30,P,565.0,118.65,122.4,108.22,4.0,2.0,1.0000000000000003e-05,True,2026-03-17 18:19:30+00:00,GLD260930P00565000
GLD,2026-09-25,393.4100036621094,2026-09-30,P,570.0,123.45,127.25,125.0,3.0,32.0,1.0000000000000003e-05,True,2026-03-18 14:26:35+00:00,GLD260930P00570000
GLD,2026-09-25,393.4100036621094,2026-09-30,P,575.0,0.0,0.0,115.5,2.0,0.0,1.0000000000000003e-05,True,2026-03-05 17:55:59+00:00,GLD260930P00575000
GLD,2026-09-25,393.4100036621094,2026-09-30,P,580.0,120.85,124.2,105.4,,6.0,1.0000000000000003e-05,True,2026-01-29 20:33:11+00:00,GLD260930P00580000
GLD,2026-09-25,393.4100036621094,2026-09-30,P,585.0,0.0,0.0,124.3,2.0,0.0,1.0000000000000003e-05,True,2026-03-05 17:55:53+00:00,GLD260930P00585000
GLD,2026-09-25,393.4100036621094,2026-09-30,P,590.0,120.25,122.15,125.21,,18.0,1.0000000000000003e-05,True,2026-01-27 19:19:00+00:00,GLD260930P00590000
GLD,2026-09-25,393.4100036621094,2026-09-30,P,595.0,134.55,138.1,163.45,20.0,18.0,1.0000000000000003e-05,True,2026-02-02 17:09:19+00:00,GLD260930P00595000
GLD,2026-09-25,393.4100036621094,2026-09-30,P,600.0,139.5,142.85,109.0,,60.0,1.0000000000000003e-05,True,2026-01-29 14:35:32+00:00,GLD260930P00600000
GLD,2026-09-25,393.4100036621094,2026-09-30,P,605.0,133.9,137.5,140.3,,300.0,1.0000000000000003e-05,True,2026-01-27 14:44:16+00:00,GLD260930P00605000
GLD,2026-09-25,393.4100036621094,2026-09-30,P,610.0,148.75,152.35,177.9,4.0,17.0,1.0000000000000003e-05,True,2026-02-02 17:09:45+00:00,GLD260930P00610000
GLD,2026-09-25,393.4100036621094,2026-09-30,P,615.0,153.85,157.15,164.85,2.0,8.0,1.0000000000000003e-05,True,2026-02-03 15:27:28+00:00,GLD260930P00615000
GLD,2026-09-25,393.4100036621094,2026-09-30,P,620.0,147.9,151.6,154.35,,1.0,1.0000000000000003e-05,True,2026-01-26 15:47:16+00:00,GLD260930P00620000
GLD,2026-09-25,393.4100036621094,2026-09-30,P,625.0,206.0,210.85,187.82,1.0,0.0,1.0000000000000003e-05,True,2026-04-10 19:58:23+00:00,GLD260930P00625000
GLD,2026-09-25,393.4100036621094,2026-09-30,P,630.0,157.4,161.1,163.1,,1.0,1.0000000000000003e-05,True,2026-01-26 15:58:17+00:00,GLD260930P00630000
GLD,2026-09-25,393.4100036621094,2026-09-30,P,635.0,187.7,192.0,187.75,1.0,0.0,1.0000000000000003e-05,True,2026-03-18 14:23:33+00:00,GLD260930P00635000
GLD,2026-09-25,393.4100036621094,2026-09-30,P,640.0,177.75,181.45,194.2,2.0,0.0,1.0000000000000003e-05,True,2026-01-30 18:01:22+00:00,GLD260930P00640000
GLD,2026-09-25,393.4100036621094,2026-09-30,P,655.0,0.0,0.0,265.75,,0.0,1.0000000000000003e-05,True,2026-08-06 19:00:35+00:00,GLD260930P00655000
GLD,2026-09-25,393.4100036621094,2026-10-01,C,283.0,109.15,112.05,115.15,,1.0,1.0449266503906252,True,2026-09-22 15:10:01+00:00,GLD261001C00283000
GLD,2026-09-25,393.4100036621094,2026-10-01,C,292.0,100.15,102.6,106.15,,1.0,1.2895543334960937,True,2026-09-22 15:10:01+00:00,GLD261001C00292000
GLD,2026-09-25,393.4100036621094,2026-10-01,C,370.0,22.5,24.55,27.7,,1.0,0.37354142089843745,True,2026-09-22 15:55:27+00:00,GLD261001C00370000
GLD,2026-09-25,393.4100036621094,2026-10-01,C,375.0,18.45,19.2,19.71,8.0,17.0,0.28137925659179686,True,2026-09-23 13:42:16+00:00,GLD261001C00375000
GLD,2026-09-25,393.4100036621094,2026-10-01,C,376.0,17.45,18.2,21.51,,3.0,0.2700268310546875,True,2026-09-22 15:53:29+00:00,GLD261001C00376000
GLD,2026-09-25,393.4100036621094,2026-10-01,C,385.0,9.1,9.6,8.56,10.0,1.0,0.19031571411132814,True,2026-09-25 14:56:54+00:00,GLD261001C00385000
GLD,2026-09-25,393.4100036621094,2026-10-01,C,386.0,8.3,8.75,7.5,1.0,9.0,0.18579915771484373,True,2026-09-25 14:47:36+00:00,GLD261001C00386000
GLD,2026-09-25,393.4100036621094,2026-10-01,C,390.0,5.35,5.65,5.7,29.0,110.0,0.1708456939697266,True,2026-09-25 19:37:03+00:00,GLD261001C00390000
GLD,2026-09-25,393.4100036621094,2026-10-01,C,391.0,4.7,5.0,4.44,12.0,15.0,0.16931983032226564,True,2026-09-25 18:02:56+00:00,GLD261001C00391000
GLD,2026-09-25,393.4100036621094,2026-10-01,C,392.0,4.1,4.4,4.35,22.0,80.0,0.16834327758789067,True,2026-09-25 19:37:02+00:00,GLD261001C00392000
GLD,2026-09-25,393.4100036621094,2026-10-01,C,393.0,3.6,3.8,3.8,269.0,182.0,0.16529155029296877,True,2026-09-25 20:14:40+00:00,GLD261001C00393000
GLD,2026-09-25,393.4100036621094,2026-10-01,C,394.0,3.05,3.3,3.05,11.0,118.0,0.16492534301757814,False,2026-09-25 18:40:02+00:00,GLD261001C00394000
GLD,2026-09-25,393.4100036621094,2026-10-01,C,395.0,2.65,2.85,3.05,144.0,65.0,0.16480327392578126,False,2026-09-25 19:14:32+00:00,GLD261001C00395000
GLD,2026-09-25,393.4100036621094,2026-10-01,C,396.0,2.25,2.43,2.35,140.0,21.0,0.1640098248291016,False,2026-09-25 19:29:15+00:00,GLD261001C00396000
GLD,2026-09-25,393.4100036621094,2026-10-01,C,397.0,1.91,2.07,1.91,63.0,42.0,0.16407085937500002,False,2026-09-25 19:43:33+00:00,GLD261001C00397000
GLD,2026-09-25,393.4100036621094,2026-10-01,C,398.0,1.61,1.75,1.71,240.0,39.0,0.16407085937500002,False,2026-09-25 20:12:42+00:00,GLD261001C00398000
GLD,2026-09-25,393.4100036621094,2026-10-01,C,399.0,1.35,1.49,1.36,48.0,89.0,0.16529155029296877,False,2026-09-25 16:58:00+00:00,GLD261001C00399000
GLD,2026-09-25,393.4100036621094,2026-10-01,C,400.0,1.13,1.24,1.18,269.0,189.0,0.1651694812011719,False,2026-09-25 20:08:18+00:00,GLD261001C00400000
GLD,2026-09-25,393.4100036621094,2026-10-01,C,401.0,0.95,1.05,1.09,13.0,33.0,0.1667563793945313,False,2026-09-25 19:47:45+00:00,GLD261001C00401000
GLD,2026-09-25,393.4100036621094,2026-10-01,C,402.0,0.8,0.89,0.89,11.0,97.0,0.16858741577148442,False,2026-09-25 19:14:32+00:00,GLD261001C00402000
GLD,2026-09-25,393.4100036621094,2026-10-01,C,403.0,0.67,0.74,0.72,23.0,74.0,0.1694418994140625,False,2026-09-25 20:13:21+00:00,GLD261001C00403000
GLD,2026-09-25,393.4100036621094,2026-10-01,C,404.0,0.55,0.63,0.64,23.0,857.0,0.17176121215820314,False,2026-09-25 19:59:41+00:00,GLD261001C00404000
GLD,2026-09-25,393.4100036621094,2026-10-01,C,405.0,0.47,0.52,0.52,70.0,137.0,0.1726156958007813,False,2026-09-25 20:14:08+00:00,GLD261001C00405000
GLD,2026-09-25,393.4100036621094,2026-10-01,C,406.0,0.39,0.47,0.4,8.0,7.0,0.17798673583984376,False,2026-09-25 18:26:49+00:00,GLD261001C00406000
GLD,2026-09-25,393.4100036621094,2026-10-01,C,407.0,0.33,0.4,0.37,4.0,32.0,0.18042811767578126,False,2026-09-25 19:43:33+00:00,GLD261001C00407000
GLD,2026-09-25,393.4100036621094,2026-10-01,C,408.0,0.28,0.36,0.3,3.0,119.0,0.18506674316406246,False,2026-09-25 17:04:18+00:00,GLD261001C00408000
GLD,2026-09-25,393.4100036621094,2026-10-01,C,409.0,0.23,0.3,0.25,9.0,14.0,0.186531572265625,False,2026-09-25 19:04:00+00:00,GLD261001C00409000
GLD,2026-09-25,393.4100036621094,2026-10-01,C,410.0,0.2,0.24,0.24,46.0,103.0,0.18628743408203124,False,2026-09-25 19:52:04+00:00,GLD261001C00410000
GLD,2026-09-25,393.4100036621094,2026-10-01,C,411.0,0.15,0.26,2.18,5.0,4.0,0.198250205078125,False,2026-09-18 14:59:07+00:00,GLD261001C00411000
GLD,2026-09-25,393.4100036621094,2026-10-01,C,412.0,0.13,0.2,0.22,8.0,69.0,0.196297099609375,False,2026-09-24 20:13:27+00:00,GLD261001C00412000
GLD,2026-09-25,393.4100036621094,2026-10-01,C,413.0,0.11,0.2,0.18,50.0,54.0,0.2043536596679687,False,2026-09-25 16:33:56+00:00,GLD261001C00413000
GLD,2026-09-25,393.4100036621094,2026-10-01,C,414.0,0.1,0.16,0.31,5.0,8.0,0.20410952148437497,False,2026-09-23 19:36:37+00:00,GLD261001C00414000
GLD,2026-09-25,393.4100036621094,2026-10-01,C,415.0,0.08,0.25,0.19,1.0,32.0,0.23023230712890624,False,2026-09-24 14:38:12+00:00,GLD261001C00415000
GLD,2026-09-25,393.4100036621094,2026-10-01,C,416.0,0.07,0.22,0.57,1.0,30.0,0.23267368896484375,False,2026-09-22 16:25:06+00:00,GLD261001C00416000
GLD,2026-09-25,393.4100036621094,2026-10-01,C,417.0,0.06,0.23,1.2,2.0,1.0,0.24268335449218748,False,2026-09-18 14:59:07+00:00,GLD261001C00417000
GLD,2026-09-25,393.4100036621094,2026-10-01,C,418.0,0.05,0.22,0.24,1.0,1.0,0.2485426708984375,False,2026-09-23 13:30:01+00:00,GLD261001C00418000
GLD,2026-09-25,393.4100036621094,2026-10-01,C,419.0,0.03,0.21,0.61,,,0.25440198730468755,False,2026-09-21 19:34:11+00:00,GLD261001C00419000
GLD,2026-09-25,393.4100036621094,2026-10-01,C,420.0,0.03,0.2,0.05,10.0,16.0,0.25977302734375,False,2026-09-24 16:20:17+00:00,GLD261001C00420000
GLD,2026-09-25,393.4100036621094,2026-10-01,C,421.0,0.02,0.11,0.18,7.0,5.0,0.242195078125,False,2026-09-23 18:46:23+00:00,GLD261001C00421000
GLD,2026-09-25,393.4100036621094,2026-10-01,C,423.0,0.01,0.19,0.11,1.0,148.0,0.2802806347656249,False,2026-09-24 13:48:26+00:00,GLD261001C00423000
GLD,2026-09-25,393.4100036621094,2026-10-01,C,425.0,0.02,0.18,0.06,1.0,3.0,0.2924875439453124,False,2026-09-24 15:32:14+00:00,GLD261001C00425000
GLD,2026-09-25,393.4100036621094,2026-10-01,C,430.0,0.02,0.09,0.03,5.0,2.0,0.295905478515625,False,2026-09-25 18:21:49+00:00,GLD261001C00430000
GLD,2026-09-25,393.4100036621094,2026-10-01,C,434.0,0.01,0.17,0.4,1.0,1.0,0.35352208984374994,False,2026-09-18 13:54:44+00:00,GLD261001C00434000
GLD,2026-09-25,393.4100036621094,2026-10-01,C,435.0,0.01,0.14,0.14,1.0,3.0,0.3501041552734374,False,2026-09-25 19:08:34+00:00,GLD261001C00435000
GLD,2026-09-25,393.4100036621094,2026-10-01,C,440.0,0.01,0.16,0.2,,3.0,0.39111937011718745,False,2026-09-21 15:06:32+00:00,GLD261001C00440000
GLD,2026-09-25,393.4100036621094,2026-10-01,C,455.0,0.0,0.15,0.01,3.0,3.0,0.48340360351562506,False,2026-09-25 16:00:09+00:00,GLD261001C00455000
GLD,2026-09-25,393.4100036621094,2026-10-01,C,460.0,0.0,0.15,0.03,1.0,1.0,0.514653291015625,False,2026-09-24 14:50:40+00:00,GLD261001C00460000
GLD,2026-09-25,393.4100036621094,2026-10-01,C,485.0,0.0,0.17,0.03,,2.0,0.6152382226562501,False,2026-09-22 16:57:43+00:00,GLD261001C00485000
GLD,2026-09-25,393.4100036621094,2026-10-01,C,500.0,0.0,0.03,0.06,2.0,1.0,0.5820354296875,False,2026-09-18 14:32:38+00:00,GLD261001C00500000
GLD,2026-09-25,393.4100036621094,2026-10-01,C,510.0,0.0,0.16,0.07,2.0,1.0,0.73633076171875,False,2026-09-18 14:32:03+00:00,GLD261001C00510000
GLD,2026-09-25,393.4100036621094,2026-10-01,P,297.0,0.0,0.12,0.01,,3.0,0.789064609375,False,2026-09-17 14:19:31+00:00,GLD261001P00297000
GLD,2026-09-25,393.4100036621094,2026-10-01,P,298.0,0.0,0.13,0.01,,2.0,0.789064609375,False,2026-09-17 14:19:10+00:00,GLD261001P00298000
GLD,2026-09-25,393.4100036621094,2026-10-01,P,299.0,0.0,0.13,0.07,,3.0,0.77929908203125,False,2026-09-17 14:24:54+00:00,GLD261001P00299000
GLD,2026-09-25,393.4100036621094,2026-10-01,P,300.0,0.0,0.13,0.06,,3.0,0.77148666015625,False,2026-09-17 14:25:24+00:00,GLD261001P00300000
GLD,2026-09-25,393.4100036621094,2026-10-01,P,302.0,0.0,0.13,0.03,1.0,5.0,0.7539087109375,False,2026-09-21 14:07:11+00:00,GLD261001P00302000
GLD,2026-09-25,393.4100036621094,2026-10-01,P,303.0,0.0,0.13,0.04,1.0,6.0,0.7460962890625,False,2026-09-21 14:04:13+00:00,GLD261001P00303000
GLD,2026-09-25,393.4100036621094,2026-10-01,P,304.0,0.0,0.13,0.04,1.0,10.0,0.73633076171875,False,2026-09-24 13:37:01+00:00,GLD261001P00304000
GLD,2026-09-25,393.4100036621094,2026-10-01,P,305.0,0.0,0.13,0.13,,4.0,0.72851833984375,False,2026-09-17 15:10:36+00:00,GLD261001P00305000
GLD,2026-09-25,393.4100036621094,2026-10-01,P,306.0,0.0,0.13,0.04,,5.0,0.7187528125,False,2026-09-17 15:10:40+00:00,GLD261001P00306000
GLD,2026-09-25,393.4100036621094,2026-10-01,P,307.0,0.0,0.13,0.12,,4.0,0.710940390625,False,2026-09-17 14:24:27+00:00,GLD261001P00307000
GLD,2026-09-25,393.4100036621094,2026-10-01,P,308.0,0.0,0.13,0.01,,3.0,0.70312796875,False,2026-09-17 14:22:17+00:00,GLD261001P00308000
GLD,2026-09-25,393.4100036621094,2026-10-01,P,309.0,0.0,0.13,0.04,1.0,4.0,0.6953155468750001,False,2026-09-24 18:20:48+00:00,GLD261001P00309000
GLD,2026-09-25,393.4100036621094,2026-10-01,P,310.0,0.0,0.14,0.04,,6.0,0.6914093359375001,False,2026-09-17 14:24:39+00:00,GLD261001P00310000
GLD,2026-09-25,393.4100036621094,2026-10-01,P,311.0,0.0,0.14,0.04,1.0,2.0,0.6835969140625001,False,2026-09-24 18:21:46+00:00,GLD261001P00311000
GLD,2026-09-25,393.4100036621094,2026-10-01,P,312.0,0.0,0.14,0.04,1.0,3.0,0.6757844921875001,False,2026-09-24 18:22:12+00:00,GLD261001P00312000
GLD,2026-09-25,393.4100036621094,2026-10-01,P,315.0,0.0,0.06,0.07,1.0,1.0,0.5937540625000001,False,2026-09-25 16:36:06+00:00,GLD261001P00315000
GLD,2026-09-25,393.4100036621094,2026-10-01,P,320.0,0.01,0.06,0.06,4.0,1.0,0.5625043750000001,False,2026-09-25 15:32:45+00:00,GLD261001P00320000
GLD,2026-09-25,393.4100036621094,2026-10-01,P,325.0,0.01,0.08,0.08,1.0,0.0,0.5390671093750001,False,2026-09-25 14:40:21+00:00,GLD261001P00325000
GLD,2026-09-25,393.4100036621094,2026-10-01,P,330.0,0.01,0.07,0.07,2.0,4.0,0.5273484765625001,False,2026-09-25 15:33:44+00:00,GLD261001P00330000
GLD,2026-09-25,393.4100036621094,2026-10-01,P,335.0,0.01,0.04,0.04,2.0,3.0,0.45703667968750006,False,2026-09-25 13:58:07+00:00,GLD261001P00335000
GLD,2026-09-25,393.4100036621094,2026-10-01,P,345.0,0.01,0.08,0.07,,1.0,0.414068359375,False,2026-09-22 18:15:27+00:00,GLD261001P00345000
GLD,2026-09-25,393.4100036621094,2026-10-01,P,350.0,0.01,0.09,0.09,,2.0,0.379889013671875,False,2026-09-21 19:24:19+00:00,GLD261001P00350000
GLD,2026-09-25,393.4100036621094,2026-10-01,P,370.0,0.09,0.12,0.09,19.0,12.0,0.22852333984375,False,2026-09-25 19:33:00+00:00,GLD261001P00370000
GLD,2026-09-25,393.4100036621094,2026-10-01,P,375.0,0.15,0.23,0.25,11.0,41.0,0.20972469970703123,False,2026-09-25 14:56:02+00:00,GLD261001P00375000
GLD,2026-09-25,393.4100036621094,2026-10-01,P,378.0,0.22,0.38,0.47,6.0,5.0,0.20313296874999998,False,2026-09-23 15:09:51+00:00,GLD261001P00378000
GLD,2026-09-25,393.4100036621094,2026-10-01,P,379.0,0.26,0.35,0.3,60.0,6.0,0.1889729541015625,False,2026-09-25 19:03:10+00:00,GLD261001P00379000
GLD,2026-09-25,393.4100036621094,2026-10-01,P,380.0,0.3,0.39,0.42,267.0,134.0,0.18360191406249998,False,2026-09-25 17:00:12+00:00,GLD261001P00380000
GLD,2026-09-25,393.4100036621094,2026-10-01,P,381.0,0.36,0.53,0.64,2.0,1.0,0.18799640136718748,False,2026-09-25 14:24:16+00:00,GLD261001P00381000
GLD,2026-09-25,393.4100036621094,2026-10-01,P,382.0,0.43,0.53,0.55,21.0,6.0,0.176766044921875,False,2026-09-25 19:37:07+00:00,GLD261001P00382000
GLD,2026-09-25,393.4100036621094,2026-10-01,P,383.0,0.53,0.62,0.56,6.0,71.0,0.17359224853515626,False,2026-09-25 19:19:22+00:00,GLD261001P00383000
GLD,2026-09-25,393.4100036621094,2026-10-01,P,384.0,0.63,0.72,0.75,1.0,11.0,0.16980810668945315,False,2026-09-25 17:00:29+00:00,GLD261001P00384000
GLD,2026-09-25,393.4100036621094,2026-10-01,P,385.0,0.75,0.85,0.8,40.0,533.0,0.1671225866699219,False,2026-09-25 19:57:31+00:00,GLD261001P00385000
GLD,2026-09-25,393.4100036621094,2026-10-01,P,386.0,0.9,1.01,0.98,23.0,47.0,0.16492534301757814,False,2026-09-25 17:10:15+00:00,GLD261001P00386000
GLD,2026-09-25,393.4100036621094,2026-10-01,P,387.0,1.11,1.19,1.17,20.0,27.0,0.16236189208984375,False,2026-09-25 20:11:30+00:00,GLD261001P00387000
GLD,2026-09-25,393.4100036621094,2026-10-01,P,388.0,1.29,1.43,1.43,63.0,63.0,0.16162947753906248,False,2026-09-25 17:21:06+00:00,GLD261001P00388000
GLD,2026-09-25,393.4100036621094,2026-10-01,P,389.0,1.57,1.7,1.7,9.0,448.0,0.16053085571289064,False,2026-09-25 19:35:41+00:00,GLD261001P00389000
GLD,2026-09-25,393.4100036621094,2026-10-01,P,390.0,1.86,2.01,2.05,60.0,148.0,0.15943223388671873,False,2026-09-25 18:18:23+00:00,GLD261001P00390000
GLD,2026-09-25,393.4100036621094,2026-10-01,P,391.0,2.21,2.36,2.45,8.0,63.0,0.15833361206054689,False,2026-09-25 18:17:17+00:00,GLD261001P00391000
GLD,2026-09-25,393.4100036621094,2026-10-01,P,392.0,2.59,2.78,2.95,8.0,17.0,0.15857775024414064,False,2026-09-25 16:59:18+00:00,GLD261001P00392000
GLD,2026-09-25,393.4100036621094,2026-10-01,P,393.0,3.0,3.25,3.23,121.0,70.0,0.15888292297363282,False,2026-09-25 18:44:09+00:00,GLD261001P00393000
GLD,2026-09-25,393.4100036621094,2026-10-01,P,394.0,3.5,3.75,4.31,1.0,58.0,0.15845568115234376,True,2026-09-25 15:42:10+00:00,GLD261001P00394000
GLD,2026-09-25,393.4100036621094,2026-10-01,P,395.0,4.05,4.3,4.28,11.0,24.0,0.15833361206054689,True,2026-09-25 18:44:37+00:00,GLD261001P00395000
GLD,2026-09-25,393.4100036621094,2026-10-01,P,396.0,4.65,4.95,4.62,1.0,4.0,0.16071395935058597,True,2026-09-25 18:57:33+00:00,GLD261001P00396000
GLD,2026-09-25,393.4100036621094,2026-10-01,P,397.0,5.25,5.65,5.6,5.0,65.0,0.16358258300781253,True,2026-09-25 19:31:32+00:00,GLD261001P00397000
GLD,2026-09-25,393.4100036621094,2026-10-01,P,398.0,5.95,6.35,5.92,2.0,143.0,0.16468120483398438,True,2026-09-25 18:57:33+00:00,GLD261001P00398000
GLD,2026-09-25,393.4100036621094,2026-10-01,P,399.0,6.7,7.1,9.77,1.0,12.0,0.16651224121093755,True,2026-09-24 14:47:08+00:00,GLD261001P00399000
GLD,2026-09-25,393.4100036621094,2026-10-01,P,400.0,7.45,7.9,10.62,4.0,14.0,0.16931983032226564,True,2026-09-24 14:46:09+00:00,GLD261001P00400000
GLD,2026-09-25,393.4100036621094,2026-10-01,P,401.0,8.25,8.7,10.47,3.0,15.0,0.1706625903320313,True,2026-09-24 14:05:08+00:00,GLD261001P00401000
GLD,2026-09-25,393.4100036621094,2026-10-01,P,402.0,9.1,9.65,12.85,2.0,4.0,0.1801839794921875,True,2026-09-24 15:37:55+00:00,GLD261001P00402000
GLD,2026-09-25,393.4100036621094,2026-10-01,P,403.0,9.95,10.5,8.0,,1.0,0.1821370849609375,True,2026-09-22 14:14:58+00:00,GLD261001P00403000
GLD,2026-09-25,393.4100036621094,2026-10-01,P,404.0,10.85,11.35,12.85,1.0,2.0,0.1825032922363281,True,2026-09-24 13:43:35+00:00,GLD261001P00404000
GLD,2026-09-25,393.4100036621094,2026-10-01,P,405.0,11.75,12.25,12.97,89.0,7.0,0.18531088134765622,True,2026-09-25 15:23:26+00:00,GLD261001P00405000
GLD,2026-09-25,393.4100036621094,2026-10-01,P,410.0,16.45,17.0,17.3,4.0,25.0,0.21021297607421874,True,2026-09-23 19:53:21+00:00,GLD261001P00410000
GLD,2026-09-25,393.4100036621094,2026-10-01,P,411.0,17.4,18.0,21.1,2.0,2.0,0.21949022705078125,True,2026-09-24 14:57:01+00:00,GLD261001P00411000
GLD,2026-09-25,393.4100036621094,2026-10-01,P,417.0,22.15,25.0,23.55,3.0,0.0,0.3773255627441406,True,2026-09-23 15:08:56+00:00,GLD261001P00417000
GLD,2026-09-25,393.4100036621094,2026-10-01,P,418.0,23.6,26.0,27.5,2.0,0.0,0.3878235046386719,True,2026-09-24 17:41:11+00:00,GLD261001P00418000
GLD,2026-09-25,393.4100036621094,2026-10-01,P,425.0,30.55,33.0,23.8,2.0,0.0,0.4587456469726563,True,2026-09-18 16:33:30+00:00,GLD261001P00425000
GLD,2026-09-25,393.4100036621094,2026-10-01,P,426.0,31.05,34.1,35.61,1.0,0.0,0.4777884252929688,True,2026-09-24 14:50:04+00:00,GLD261001P00426000
GLD,2026-09-25,393.4100036621094,2026-10-02,C,220.0,172.75,174.4,180.27,,1.0,1.60547072265625,True,2026-09-17 18:05:50+00:00,GLD261002C00220000
GLD,2026-09-25,393.4100036621094,2026-10-02,C,225.0,167.75,169.55,176.97,,1.0,1.62109564453125,True,2026-09-02 18:32:38+00:00,GLD261002C00225000
GLD,2026-09-25,393.4100036621094,2026-10-02,C,250.0,142.7,145.25,178.3,4.0,3.0,1.5166039794921873,True,2026-08-24 15:21:41+00:00,GLD261002C00250000
GLD,2026-09-25,393.4100036621094,2026-10-02,C,290.0,103.25,104.15,103.22,1.0,1.0,0.9677737597656251,True,2026-09-25 18:05:24+00:00,GLD261002C00290000
GLD,2026-09-25,393.4100036621094,2026-10-02,C,305.0,87.8,89.65,107.26,,3.0,0.8369156933593749,True,2026-09-03 18:17:58+00:00,GLD261002C00305000
GLD,2026-09-25,393.4100036621094,2026-10-02,C,320.0,0.0,0.0,84.43,,0.0,1.0000000000000003e-05,True,2026-08-14 14:35:21+00:00,GLD261002C00320000
GLD,2026-09-25,393.4100036621094,2026-10-02,C,340.0,53.2,54.5,53.13,14.0,5.0,0.5512740185546876,True,2026-09-25 16:42:05+00:00,GLD261002C00340000
GLD,2026-09-25,393.4100036621094,2026-10-02,C,345.0,48.3,50.45,61.38,,6.0,0.5939982006835938,True,2026-09-09 18:26:32+00:00,GLD261002C00345000
GLD,2026-09-25,393.4100036621094,2026-10-02,C,350.0,43.35,45.35,43.9,1.0,6.0,0.5390671093750001,True,2026-09-23 15:24:23+00:00,GLD261002C00350000
GLD,2026-09-25,393.4100036621094,2026-10-02,C,353.0,40.3,42.3,52.15,,1.0,0.5017139672851563,True,2026-09-08 17:05:02+00:00,GLD261002C00353000
GLD,2026-09-25,393.4100036621094,2026-10-02,C,355.0,38.35,39.5,47.4,1.0,12.0,0.5056201782226561,True,2026-09-18 16:33:29+00:00,GLD261002C00355000
GLD,2026-09-25,393.4100036621094,2026-10-02,C,357.0,0.0,0.0,49.35,,0.0,1.0000000000000003e-05,True,2026-08-18 14:28:14+00:00,GLD261002C00357000
GLD,2026-09-25,393.4100036621094,2026-10-02,C,359.0,34.4,35.25,34.85,23.0,23.0,0.43408769042968753,True,2026-09-25 19:49:09+00:00,GLD261002C00359000
GLD,2026-09-25,393.4100036621094,2026-10-02,C,360.0,33.4,34.5,32.32,10.0,23.0,0.45264219238281256,True,2026-09-25 15:19:39+00:00,GLD261002C00360000
GLD,2026-09-25,393.4100036621094,2026-10-02,C,361.0,32.4,33.75,42.1,1.0,6.0,0.4672904833984375,True,2026-09-18 19:29:59+00:00,GLD261002C00361000
GLD,2026-09-25,393.4100036621094,2026-10-02,C,362.0,31.4,33.2,33.72,,6.0,0.4968312036132813,True,2026-09-14 16:16:30+00:00,GLD261002C00362000
GLD,2026-09-25,393.4100036621094,2026-10-02,C,363.0,30.4,32.4,64.95,2.0,1.0,0.5015918981933594,True,2026-08-24 17:31:26+00:00,GLD261002C00363000
GLD,2026-09-25,393.4100036621094,2026-10-02,C,365.0,28.45,29.65,32.55,10.0,11.0,0.41370215209960937,True,2026-09-22 16:02:07+00:00,GLD261002C00365000
GLD,2026-09-25,393.4100036621094,2026-10-02,C,366.0,27.4,28.9,32.45,1.0,3.0,0.4250545776367188,True,2026-09-21 14:36:59+00:00,GLD261002C00366000
GLD,2026-09-25,393.4100036621094,2026-10-02,C,367.0,26.45,28.35,31.55,1.0,3.0,0.4498346032714844,True,2026-09-21 14:36:59+00:00,GLD261002C00367000
GLD,2026-09-25,393.4100036621094,2026-10-02,C,368.0,25.45,27.45,27.6,1.0,5.0,0.445318046875,True,2026-09-15 15:50:28+00:00,GLD261002C00368000
GLD,2026-09-25,393.4100036621094,2026-10-02,C,369.0,24.45,26.35,31.1,3.0,8.0,0.42578699218750005,True,2026-09-17 15:00:36+00:00,GLD261002C00369000
GLD,2026-09-25,393.4100036621094,2026-10-02,C,370.0,23.5,24.35,24.01,3.0,25.0,0.33081723876953123,True,2026-09-25 19:01:24+00:00,GLD261002C00370000
GLD,2026-09-25,393.4100036621094,2026-10-02,C,371.0,22.5,24.5,28.35,1.0,5.0,0.41211525390625,True,2026-09-22 17:52:47+00:00,GLD261002C00371000
GLD,2026-09-25,393.4100036621094,2026-10-02,C,372.0,21.55,22.9,28.86,4.0,4.0,0.35584140258789054,True,2026-09-17 18:23:04+00:00,GLD261002C00372000
GLD,2026-09-25,393.4100036621094,2026-10-02,C,373.0,20.65,22.35,19.45,1.0,5.0,0.37695935546875,True,2026-09-24 13:35:15+00:00,GLD261002C00373000
GLD,2026-09-25,393.4100036621094,2026-10-02,C,374.0,19.5,21.0,27.22,12.0,8.0,0.3397282824707031,True,2026-09-17 15:39:03+00:00,GLD261002C00374000
GLD,2026-09-25,393.4100036621094,2026-10-02,C,375.0,18.75,19.2,18.96,3.0,20.0,0.26319096191406255,True,2026-09-25 13:49:17+00:00,GLD261002C00375000
GLD,2026-09-25,393.4100036621094,2026-10-02,C,376.0,17.75,18.3,18.19,10.0,16.0,0.26148199462890626,True,2026-09-25 18:37:06+00:00,GLD261002C00376000
GLD,2026-09-25,393.4100036621094,2026-10-02,C,377.0,16.8,17.25,14.75,2.0,27.0,0.24622335815429688,True,2026-09-25 14:23:15+00:00,GLD261002C00377000
GLD,2026-09-25,393.4100036621094,2026-10-02,C,378.0,15.85,16.3,14.0,1.0,4.0,0.2395095581054687,True,2026-09-25 14:30:00+00:00,GLD261002C00378000
GLD,2026-09-25,393.4100036621094,2026-10-02,C,379.0,14.9,15.4,15.1,14.0,23.0,0.23633576171874998,True,2026-09-23 16:45:28+00:00,GLD261002C00379000
GLD,2026-09-25,393.4100036621094,2026-10-02,C,380.0,14.0,14.45,14.45,4.0,26.0,0.22852333984375,True,2026-09-25 19:48:41+00:00,GLD261002C00380000
GLD,2026-09-25,393.4100036621094,2026-10-02,C,381.0,13.15,13.55,19.05,1.0,5.0,0.22400678344726557,True,2026-09-21 13:43:52+00:00,GLD261002C00381000
GLD,2026-09-25,393.4100036621094,2026-10-02,C,382.0,12.2,12.65,11.37,1.0,20.0,0.2186357434082031,True,2026-09-24 18:12:33+00:00,GLD261002C00382000
GLD,2026-09-25,393.4100036621094,2026-10-02,C,383.0,11.35,11.8,11.15,19.0,21.0,0.2157060852050781,True,2026-09-25 17:34:56+00:00,GLD261002C00383000
GLD,2026-09-25,393.4100036621094,2026-10-02,C,384.0,10.5,10.95,10.73,6.0,27.0,0.2117998742675781,True,2026-09-25 19:24:52+00:00,GLD261002C00384000
GLD,2026-09-25,393.4100036621094,2026-10-02,C,385.0,9.7,10.1,9.99,87.0,271.0,0.20703917968749996,True,2026-09-25 19:53:18+00:00,GLD261002C00385000
GLD,2026-09-25,393.4100036621094,2026-10-02,C,386.0,8.9,9.3,9.0,17.0,5.0,0.20386538330078124,True,2026-09-25 19:34:00+00:00,GLD261002C00386000
GLD,2026-09-25,393.4100036621094,2026-10-02,C,387.0,8.15,8.55,8.7,7.0,22.0,0.20215641601562498,True,2026-09-25 19:41:56+00:00,GLD261002C00387000
GLD,2026-09-25,393.4100036621094,2026-10-02,C,388.0,7.4,7.8,7.62,11.0,29.0,0.1992267578125,True,2026-09-25 19:48:16+00:00,GLD261002C00388000
GLD,2026-09-25,393.4100036621094,2026-10-02,C,389.0,6.7,7.1,6.9,88.0,99.0,0.19733468688964845,True,2026-09-25 19:57:50+00:00,GLD261002C00389000
GLD,2026-09-25,393.4100036621094,2026-10-02,C,390.0,6.05,6.4,6.25,235.0,721.0,0.19409985595703128,True,2026-09-25 20:07:21+00:00,GLD261002C00390000
GLD,2026-09-25,393.4100036621094,2026-10-02,C,391.0,5.45,5.7,5.6,108.0,127.0,0.18952226501464847,True,2026-09-25 20:07:27+00:00,GLD261002C00391000
GLD,2026-09-25,393.4100036621094,2026-10-02,C,392.0,4.85,5.15,5.0,231.0,161.0,0.1900715759277344,True,2026-09-25 19:58:58+00:00,GLD261002C00392000
GLD,2026-09-25,393.4100036621094,2026-10-02,C,393.0,4.35,4.55,4.48,215.0,249.0,0.18695881408691406,True,2026-09-25 20:14:14+00:00,GLD261002C00393000
GLD,2026-09-25,393.4100036621094,2026-10-02,C,394.0,3.8,4.05,3.9,513.0,270.0,0.186531572265625,False,2026-09-25 19:57:43+00:00,GLD261002C00394000
GLD,2026-09-25,393.4100036621094,2026-10-02,C,395.0,3.4,3.55,3.45,1019.0,1353.0,0.18457846679687498,False,2026-09-25 20:07:27+00:00,GLD261002C00395000
GLD,2026-09-25,393.4100036621094,2026-10-02,C,396.0,2.96,3.15,3.0,198.0,179.0,0.1854329504394531,False,2026-09-25 19:57:40+00:00,GLD261002C00396000
GLD,2026-09-25,393.4100036621094,2026-10-02,C,397.0,2.57,2.78,2.7,579.0,492.0,0.1859212268066406,False,2026-09-25 19:57:53+00:00,GLD261002C00397000
GLD,2026-09-25,393.4100036621094,2026-10-02,C,398.0,2.27,2.44,2.36,387.0,379.0,0.18640950317382812,False,2026-09-25 20:12:26+00:00,GLD261002C00398000
GLD,2026-09-25,393.4100036621094,2026-10-02,C,399.0,1.93,2.11,2.03,183.0,164.0,0.18567708862304685,False,2026-09-25 20:14:45+00:00,GLD261002C00399000
GLD,2026-09-25,393.4100036621094,2026-10-02,C,400.0,1.72,1.79,1.75,6417.0,1503.0,0.18384605224609374,False,2026-09-25 20:06:04+00:00,GLD261002C00400000
GLD,2026-09-25,393.4100036621094,2026-10-02,C,401.0,1.43,1.6,1.49,162.0,467.0,0.1871419177246094,False,2026-09-25 19:58:01+00:00,GLD261002C00401000
GLD,2026-09-25,393.4100036621094,2026-10-02,C,402.0,1.26,1.35,1.34,169.0,512.0,0.18579915771484373,False,2026-09-25 20:12:57+00:00,GLD261002C00402000
GLD,2026-09-25,393.4100036621094,2026-10-02,C,403.0,1.07,1.19,1.12,224.0,750.0,0.18824053955078124,False,2026-09-25 20:03:59+00:00,GLD261002C00403000
GLD,2026-09-25,393.4100036621094,2026-10-02,C,404.0,0.9,1.02,0.98,173.0,318.0,0.18885088500976563,False,2026-09-25 20:06:38+00:00,GLD261002C00404000
GLD,2026-09-25,393.4100036621094,2026-10-02,C,405.0,0.8,0.86,0.84,2200.0,2599.0,0.18860674682617187,False,2026-09-25 20:05:10+00:00,GLD261002C00405000
GLD,2026-09-25,393.4100036621094,2026-10-02,C,406.0,0.67,0.75,0.73,188.0,157.0,0.19068192138671874,False,2026-09-25 20:14:27+00:00,GLD261002C00406000
GLD,2026-09-25,393.4100036621094,2026-10-02,C,407.0,0.57,0.68,0.61,188.0,780.0,0.19495433959960937,False,2026-09-25 20:14:37+00:00,GLD261002C00407000
GLD,2026-09-25,393.4100036621094,2026-10-02,C,408.0,0.5,0.53,0.52,1108.0,2299.0,0.19104812866210938,False,2026-09-25 20:14:37+00:00,GLD261002C00408000
GLD,2026-09-25,393.4100036621094,2026-10-02,C,409.0,0.41,0.48,0.45,96.0,867.0,0.195320546875,False,2026-09-25 20:00:43+00:00,GLD261002C00409000
GLD,2026-09-25,393.4100036621094,2026-10-02,C,410.0,0.35,0.41,0.38,349.0,1265.0,0.19654123779296873,False,2026-09-25 20:00:39+00:00,GLD261002C00410000
GLD,2026-09-25,393.4100036621094,2026-10-02,C,411.0,0.29,0.39,0.31,57.0,182.0,0.20288883056640622,False,2026-09-25 20:01:17+00:00,GLD261002C00411000
GLD,2026-09-25,393.4100036621094,2026-10-02,C,412.0,0.26,0.34,0.27,107.0,1073.0,0.2048419360351562,False,2026-09-25 19:58:48+00:00,GLD261002C00412000
GLD,2026-09-25,393.4100036621094,2026-10-02,C,413.0,0.23,0.27,0.25,64.0,443.0,0.20288883056640622,False,2026-09-25 20:00:36+00:00,GLD261002C00413000
GLD,2026-09-25,393.4100036621094,2026-10-02,C,414.0,0.19,0.27,0.2,43.0,222.0,0.21094539062499998,False,2026-09-25 19:58:48+00:00,GLD261002C00414000
GLD,2026-09-25,393.4100036621094,2026-10-02,C,415.0,0.18,0.2,0.19,1102.0,1114.0,0.2063067651367187,False,2026-09-25 20:03:35+00:00,GLD261002C00415000
GLD,2026-09-25,393.4100036621094,2026-10-02,C,416.0,0.15,0.19,0.15,73.0,907.0,0.21192194335937498,False,2026-09-25 19:58:47+00:00,GLD261002C00416000
GLD,2026-09-25,393.4100036621094,2026-10-02,C,417.0,0.13,0.17,0.13,28.0,453.0,0.2148516015625,False,2026-09-25 19:58:47+00:00,GLD261002C00417000
GLD,2026-09-25,393.4100036621094,2026-10-02,C,418.0,0.12,0.15,0.12,31.0,180.0,0.2172929833984375,False,2026-09-25 19:58:47+00:00,GLD261002C00418000
GLD,2026-09-25,393.4100036621094,2026-10-02,C,419.0,0.11,0.13,0.11,1001.0,1006.0,0.2192460888671875,False,2026-09-25 19:58:47+00:00,GLD261002C00419000
GLD,2026-09-25,393.4100036621094,2026-10-02,C,420.0,0.1,0.11,0.1,298.0,1275.0,0.21973436523437498,False,2026-09-25 20:08:46+00:00,GLD261002C00420000
GLD,2026-09-25,393.4100036621094,2026-10-02,C,421.0,0.08,0.11,0.09,28.0,751.0,0.22657023437499998,False,2026-09-25 19:58:47+00:00,GLD261002C00421000
GLD,2026-09-25,393.4100036621094,2026-10-02,C,422.0,0.07,0.1,0.08,33.0,163.0,0.2299881689453125,False,2026-09-25 19:58:47+00:00,GLD261002C00422000
GLD,2026-09-25,393.4100036621094,2026-10-02,C,423.0,0.06,0.1,0.07,27.0,121.0,0.23633576171874998,False,2026-09-25 19:58:47+00:00,GLD261002C00423000
GLD,2026-09-25,393.4100036621094,2026-10-02,C,424.0,0.03,0.09,0.06,28.0,483.0,0.23926541992187497,False,2026-09-25 19:58:47+00:00,GLD261002C00424000
GLD,2026-09-25,393.4100036621094,2026-10-02,C,425.0,0.04,0.08,0.06,143.0,877.0,0.241218525390625,False,2026-09-25 19:58:47+00:00,GLD261002C00425000
GLD,2026-09-25,393.4100036621094,2026-10-02,C,426.0,0.04,0.09,0.05,31.0,1438.0,0.25196060546875,False,2026-09-25 19:58:47+00:00,GLD261002C00426000
GLD,2026-09-25,393.4100036621094,2026-10-02,C,427.0,0.04,0.08,0.05,27.0,377.0,0.25391371093750004,False,2026-09-25 19:58:47+00:00,GLD261002C00427000
GLD,2026-09-25,393.4100036621094,2026-10-02,C,428.0,0.04,0.1,0.05,41.0,315.0,0.26856200195312496,False,2026-09-25 19:58:47+00:00,GLD261002C00428000
GLD,2026-09-25,393.4100036621094,2026-10-02,C,429.0,0.03,0.08,0.04,31.0,113.0,0.266608896484375,False,2026-09-25 19:58:47+00:00,GLD261002C00429000
GLD,2026-09-25,393.4100036621094,2026-10-02,C,430.0,0.03,0.07,0.04,43.0,1169.0,0.26758544921875,False,2026-09-25 19:58:47+00:00,GLD261002C00430000
GLD,2026-09-25,393.4100036621094,2026-10-02,C,431.0,0.01,0.07,0.04,30.0,58.0,0.273444765625,False,2026-09-25 19:58:47+00:00,GLD261002C00431000
GLD,2026-09-25,393.4100036621094,2026-10-02,C,432.0,0.02,0.07,0.03,28.0,82.0,0.27930408203124996,False,2026-09-25 19:58:47+00:00,GLD261002C00432000
GLD,2026-09-25,393.4100036621094,2026-10-02,C,433.0,0.02,0.07,0.03,27.0,169.0,0.28516339843749994,False,2026-09-25 19:58:47+00:00,GLD261002C00433000
GLD,2026-09-25,393.4100036621094,2026-10-02,C,434.0,0.01,0.06,0.03,29.0,53.0,0.28516339843749994,False,2026-09-25 19:58:47+00:00,GLD261002C00434000
GLD,2026-09-25,393.4100036621094,2026-10-02,C,435.0,0.03,0.08,0.06,8.0,559.0,0.30274134765625,False,2026-09-25 20:12:30+00:00,GLD261002C00435000
GLD,2026-09-25,393.4100036621094,2026-10-02,C,440.0,0.03,0.06,0.04,6.0,1012.0,0.32031929687499994,False,2026-09-25 18:52:03+00:00,GLD261002C00440000
GLD,2026-09-25,393.4100036621094,2026-10-02,C,445.0,0.02,0.05,0.03,149.0,561.0,0.3398503515625,False,2026-09-25 20:12:30+00:00,GLD261002C00445000
GLD,2026-09-25,393.4100036621094,2026-10-02,C,450.0,0.01,0.03,0.03,980.0,1352.0,0.34766277343749996,False,2026-09-24 19:01:09+00:00,GLD261002C00450000
GLD,2026-09-25,393.4100036621094,2026-10-02,C,455.0,0.01,0.03,0.02,3.0,386.0,0.3711000390625,False,2026-09-25 19:53:24+00:00,GLD261002C00455000
GLD,2026-09-25,393.4100036621094,2026-10-02,C,460.0,0.01,0.03,0.02,16.0,335.0,0.39649041015625003,False,2026-09-25 18:23:32+00:00,GLD261002C00460000
GLD,2026-09-25,393.4100036621094,2026-10-02,C,465.0,0.01,0.03,0.02,10.0,323.0,0.42188078125,False,2026-09-25 18:24:52+00:00,GLD261002C00465000
GLD,2026-09-25,393.4100036621094,2026-10-02,C,470.0,0.01,0.02,0.02,20.0,341.0,0.42578699218750005,False,2026-09-24 18:26:36+00:00,GLD261002C00470000
GLD,2026-09-25,393.4100036621094,2026-10-02,C,475.0,0.0,0.03,0.06,2.0,196.0,0.4687553125,False,2026-09-22 16:09:51+00:00,GLD261002C00475000
GLD,2026-09-25,393.4100036621094,2026-10-02,C,480.0,0.0,0.02,0.05,1.0,303.0,0.4726615234375,False,2026-09-24 18:26:53+00:00,GLD261002C00480000
GLD,2026-09-25,393.4100036621094,2026-10-02,C,485.0,0.0,0.03,0.02,5.0,459.0,0.51562984375,False,2026-09-22 19:02:23+00:00,GLD261002C00485000
GLD,2026-09-25,393.4100036621094,2026-10-02,C,490.0,0.0,0.02,0.03,10.0,613.0,0.51562984375,False,2026-09-24 16:19:51+00:00,GLD261002C00490000
GLD,2026-09-25,393.4100036621094,2026-10-02,C,495.0,0.0,0.03,0.02,6.0,22.0,0.523442265625,False,2026-09-21 18:24:37+00:00,GLD261002C00495000
GLD,2026-09-25,393.4100036621094,2026-10-02,C,500.0,0.0,0.03,0.05,2.0,201.0,0.5468795312500001,False,2026-09-24 13:38:24+00:00,GLD261002C00500000
GLD,2026-09-25,393.4100036621094,2026-10-02,C,505.0,0.01,0.05,0.01,217.0,252.0,0.6015664843750002,False,2026-09-25 16:54:33+00:00,GLD261002C00505000
GLD,2026-09-25,393.4100036621094,2026-10-02,C,510.0,0.0,0.1,0.01,40.0,118.0,0.6562534375000001,False,2026-09-25 16:00:42+00:00,GLD261002C00510000
GLD,2026-09-25,393.4100036621094,2026-10-02,C,515.0,0.0,0.08,0.04,1.0,4.0,0.6621127539062501,False,2026-09-23 15:47:11+00:00,GLD261002C00515000
GLD,2026-09-25,393.4100036621094,2026-10-02,C,520.0,0.0,0.06,0.01,202.0,1017.0,0.6640658593750002,False,2026-09-25 14:41:58+00:00,GLD261002C00520000
GLD,2026-09-25,393.4100036621094,2026-10-02,C,525.0,0.0,0.08,0.02,10.0,29.0,0.70312796875,False,2026-09-23 14:43:41+00:00,GLD261002C00525000
GLD,2026-09-25,393.4100036621094,2026-10-02,C,530.0,0.0,0.09,0.03,21.0,26.0,0.73437765625,False,2026-09-21 18:52:21+00:00,GLD261002C00530000
GLD,2026-09-25,393.4100036621094,2026-10-02,C,535.0,0.0,0.09,0.03,2.0,163.0,0.7539087109375,False,2026-09-23 18:16:01+00:00,GLD261002C00535000
GLD,2026-09-25,393.4100036621094,2026-10-02,C,540.0,0.0,0.09,0.02,22.0,49.0,0.773439765625,False,2026-09-22 19:02:58+00:00,GLD261002C00540000
GLD,2026-09-25,393.4100036621094,2026-10-02,C,545.0,0.0,0.09,0.01,1.0,116.0,0.7929708203125,False,2026-09-24 15:37:43+00:00,GLD261002C00545000
GLD,2026-09-25,393.4100036621094,2026-10-02,C,550.0,0.0,0.01,0.03,31.0,264.0,0.6718782812500002,False,2026-09-18 19:08:20+00:00,GLD261002C00550000
GLD,2026-09-25,393.4100036621094,2026-10-02,C,555.0,0.0,0.01,0.03,30.0,34.0,0.6875031250000001,False,2026-09-18 19:18:42+00:00,GLD261002C00555000
GLD,2026-09-25,393.4100036621094,2026-10-02,C,560.0,0.0,0.01,0.03,10.0,12.0,0.7187528125,False,2026-09-18 18:27:41+00:00,GLD261002C00560000
GLD,2026-09-25,393.4100036621094,2026-10-02,C,565.0,0.0,0.01,0.01,11.0,19.0,0.7187528125,False,2026-09-18 15:35:54+00:00,GLD261002C00565000
GLD,2026-09-25,393.4100036621094,2026-10-02,C,570.0,0.0,0.01,0.04,1.0,168.0,0.7500025,False,2026-09-18 17:25:28+00:00,GLD261002C00570000
GLD,2026-09-25,393.4100036621094,2026-10-02,C,575.0,0.0,0.08,0.04,1.0,244.0,0.8984385156249999,False,2026-09-18 17:25:16+00:00,GLD261002C00575000
GLD,2026-09-25,393.4100036621094,2026-10-02,C,580.0,0.0,0.01,0.01,20.0,150.0,0.7812521875,False,2026-09-18 16:58:57+00:00,GLD261002C00580000
GLD,2026-09-25,393.4100036621094,2026-10-02,C,585.0,0.0,0.08,0.03,1.0,5.0,0.9335944140625,False,2026-09-14 15:39:18+00:00,GLD261002C00585000
GLD,2026-09-25,393.4100036621094,2026-10-02,C,590.0,0.0,0.01,0.01,1.0,265.0,0.8125018749999999,False,2026-09-22 19:17:44+00:00,GLD261002C00590000
GLD,2026-09-25,393.4100036621094,2026-10-02,C,595.0,0.0,0.01,0.03,3.0,6.0,0.8125018749999999,False,2026-09-16 18:17:58+00:00,GLD261002C00595000
GLD,2026-09-25,393.4100036621094,2026-10-02,C,600.0,0.0,0.01,0.04,3.0,78.0,0.8437515624999999,False,2026-09-16 18:08:15+00:00,GLD261002C00600000
GLD,2026-09-25,393.4100036621094,2026-10-02,C,605.0,0.0,0.01,0.04,6.0,34.0,0.8437515624999999,False,2026-09-16 18:07:43+00:00,GLD261002C00605000
GLD,2026-09-25,393.4100036621094,2026-10-02,C,610.0,0.0,0.08,0.04,6.0,175.0,1.0234423828125,False,2026-09-15 17:00:06+00:00,GLD261002C00610000
GLD,2026-09-25,393.4100036621094,2026-10-02,C,615.0,0.0,0.08,0.1,1.0,188.0,1.0390673046875003,False,2026-09-09 19:10:27+00:00,GLD261002C00615000
GLD,2026-09-25,393.4100036621094,2026-10-02,C,620.0,0.0,0.07,0.09,1.0,22.0,1.0429735351562504,False,2026-08-31 15:45:25+00:00,GLD261002C00620000
GLD,2026-09-25,393.4100036621094,2026-10-02,C,625.0,0.0,0.07,0.11,4.0,9.0,1.05859845703125,False,2026-08-31 15:45:18+00:00,GLD261002C00625000
GLD,2026-09-25,393.4100036621094,2026-10-02,C,630.0,0.0,0.07,0.11,7.0,460.0,1.0742233789062503,False,2026-08-31 15:44:52+00:00,GLD261002C00630000
GLD,2026-09-25,393.4100036621094,2026-10-02,C,635.0,0.0,0.07,0.1,,4.0,1.09375453125,False,2026-08-26 19:36:33+00:00,GLD261002C00635000
GLD,2026-09-25,393.4100036621094,2026-10-02,C,640.0,0.0,0.07,0.04,1.0,3.0,1.109379453125,False,2026-08-31 16:02:39+00:00,GLD261002C00640000
GLD,2026-09-25,393.4100036621094,2026-10-02,C,645.0,0.0,0.07,0.16,8.0,8.0,1.125004375,False,2026-08-26 19:37:00+00:00,GLD261002C00645000
GLD,2026-09-25,393.4100036621094,2026-10-02,C,650.0,0.0,0.01,0.02,2.0,2284.0,0.9687503125,False,2026-09-16 14:50:44+00:00,GLD261002C00650000
GLD,2026-09-25,393.4100036621094,2026-10-02,P,205.0,0.0,0.01,0.03,2.0,4.0,1.3125034374999998,False,2026-09-21 13:50:11+00:00,GLD261002P00205000
GLD,2026-09-25,393.4100036621094,2026-10-02,P,210.0,0.0,0.05,0.01,,1.0,1.421877890625,False,2026-09-09 17:15:41+00:00,GLD261002P00210000
GLD,2026-09-25,393.4100036621094,2026-10-02,P,240.0,0.0,0.05,0.04,2.0,0.0,1.140629296875,False,2026-08-25 17:18:25+00:00,GLD261002P00240000
GLD,2026-09-25,393.4100036621094,2026-10-02,P,250.0,0.0,0.05,0.03,15.0,16.0,1.0468797656250002,False,2026-09-11 18:05:09+00:00,GLD261002P00250000
GLD,2026-09-25,393.4100036621094,2026-10-02,P,255.0,0.0,0.06,0.06,6.0,7.0,1.0234423828125,False,2026-09-14 15:56:35+00:00,GLD261002P00255000
GLD,2026-09-25,393.4100036621094,2026-10-02,P,260.0,0.0,0.06,0.02,4.0,2.0,0.98437515625,False,2026-09-14 17:16:06+00:00,GLD261002P00260000
GLD,2026-09-25,393.4100036621094,2026-10-02,P,265.0,0.0,0.07,0.08,15.0,18.0,0.9531254687499999,False,2026-09-16 19:00:52+00:00,GLD261002P00265000
GLD,2026-09-25,393.4100036621094,2026-10-02,P,270.0,0.0,0.01,0.01,44.0,79.0,0.7812521875,False,2026-09-21 19:02:13+00:00,GLD261002P00270000
GLD,2026-09-25,393.4100036621094,2026-10-02,P,275.0,0.0,0.01,0.02,8.0,7.0,0.73437765625,False,2026-09-18 18:56:14+00:00,GLD261002P00275000
GLD,2026-09-25,393.4100036621094,2026-10-02,P,280.0,0.0,0.01,0.02,1.0,11.0,0.70312796875,False,2026-09-21 16:58:41+00:00,GLD261002P00280000
GLD,2026-09-25,393.4100036621094,2026-10-02,P,285.0,0.0,0.01,0.01,14.0,44.0,0.6718782812500002,False,2026-09-24 14:41:12+00:00,GLD261002P00285000
GLD,2026-09-25,393.4100036621094,2026-10-02,P,290.0,0.0,0.01,0.01,1.0,203.0,0.6250037500000001,False,2026-09-25 15:37:03+00:00,GLD261002P00290000
GLD,2026-09-25,393.4100036621094,2026-10-02,P,295.0,0.0,0.01,0.01,45.0,57.0,0.5937540625000001,False,2026-09-24 18:45:36+00:00,GLD261002P00295000
GLD,2026-09-25,393.4100036621094,2026-10-02,P,300.0,0.0,0.01,0.01,412.0,146.0,0.5625043750000001,False,2026-09-25 18:50:56+00:00,GLD261002P00300000
GLD,2026-09-25,393.4100036621094,2026-10-02,P,305.0,0.01,0.03,0.03,15.0,107.0,0.6015664843750002,False,2026-09-24 19:05:51+00:00,GLD261002P00305000
GLD,2026-09-25,393.4100036621094,2026-10-02,P,310.0,0.01,0.03,0.03,2.0,165.0,0.570316796875,False,2026-09-23 16:58:40+00:00,GLD261002P00310000
GLD,2026-09-25,393.4100036621094,2026-10-02,P,315.0,0.01,0.03,0.09,1.0,413.0,0.5312546875,False,2026-09-23 13:53:31+00:00,GLD261002P00315000
GLD,2026-09-25,393.4100036621094,2026-10-02,P,320.0,0.01,0.03,0.02,10.0,176.0,0.500005,False,2026-09-25 15:34:34+00:00,GLD261002P00320000
GLD,2026-09-25,393.4100036621094,2026-10-02,P,325.0,0.01,0.03,0.02,1210.0,543.0,0.48438015625,False,2026-09-25 15:35:07+00:00,GLD261002P00325000
GLD,2026-09-25,393.4100036621094,2026-10-02,P,330.0,0.02,0.03,0.05,1.0,48.0,0.44922425781249997,False,2026-09-25 14:10:16+00:00,GLD261002P00330000
GLD,2026-09-25,393.4100036621094,2026-10-02,P,335.0,0.03,0.05,0.03,3.0,393.0,0.437505625,False,2026-09-25 17:15:37+00:00,GLD261002P00335000
GLD,2026-09-25,393.4100036621094,2026-10-02,P,340.0,0.02,0.07,0.03,10.0,85.0,0.41797457031249996,False,2026-09-25 14:40:47+00:00,GLD261002P00340000
GLD,2026-09-25,393.4100036621094,2026-10-02,P,345.0,0.01,0.08,0.05,5.0,2224.0,0.387701435546875,False,2026-09-25 18:44:01+00:00,GLD261002P00345000
GLD,2026-09-25,393.4100036621094,2026-10-02,P,346.0,0.01,0.09,0.07,3.0,38.0,0.3857483300781249,False,2026-09-25 14:26:10+00:00,GLD261002P00346000
GLD,2026-09-25,393.4100036621094,2026-10-02,P,347.0,0.02,0.07,0.08,3.0,7.0,0.366217275390625,False,2026-09-25 14:40:45+00:00,GLD261002P00347000
GLD,2026-09-25,393.4100036621094,2026-10-02,P,348.0,0.01,0.11,0.08,5.0,6.0,0.38086556640624997,False,2026-09-25 16:00:01+00:00,GLD261002P00348000
GLD,2026-09-25,393.4100036621094,2026-10-02,P,349.0,0.02,0.09,0.09,2.0,9.0,0.3632876171875,False,2026-09-25 15:57:28+00:00,GLD261002P00349000
GLD,2026-09-25,393.4100036621094,2026-10-02,P,350.0,0.02,0.08,0.06,2951.0,1719.0,0.34961587890624996,False,2026-09-25 15:34:24+00:00,GLD261002P00350000
GLD,2026-09-25,393.4100036621094,2026-10-02,P,351.0,0.03,0.09,0.06,2.0,10.0,0.34766277343749996,False,2026-09-25 17:52:38+00:00,GLD261002P00351000
GLD,2026-09-25,393.4100036621094,2026-10-02,P,352.0,0.02,0.1,0.05,27.0,6.0,0.34570966796874997,False,2026-09-25 19:58:47+00:00,GLD261002P00352000
GLD,2026-09-25,393.4100036621094,2026-10-02,P,353.0,0.03,0.1,0.05,29.0,14.0,0.33789724609375,False,2026-09-25 19:58:47+00:00,GLD261002P00353000
GLD,2026-09-25,393.4100036621094,2026-10-02,P,354.0,0.02,0.1,0.05,27.0,30.0,0.33008482421874996,False,2026-09-25 19:58:47+00:00,GLD261002P00354000
GLD,2026-09-25,393.4100036621094,2026-10-02,P,355.0,0.04,0.1,0.06,536.0,140.0,0.32227240234374993,False,2026-09-25 19:58:47+00:00,GLD261002P00355000
GLD,2026-09-25,393.4100036621094,2026-10-02,P,356.0,0.05,0.09,0.06,27.0,49.0,0.31055376953124997,False,2026-09-25 19:58:47+00:00,GLD261002P00356000
GLD,2026-09-25,393.4100036621094,2026-10-02,P,357.0,0.04,0.09,0.06,27.0,33.0,0.30274134765625,False,2026-09-25 19:58:47+00:00,GLD261002P00357000
GLD,2026-09-25,393.4100036621094,2026-10-02,P,358.0,0.06,0.09,0.06,65.0,42.0,0.29492892578124996,False,2026-09-25 19:58:47+00:00,GLD261002P00358000
GLD,2026-09-25,393.4100036621094,2026-10-02,P,359.0,0.05,0.09,0.07,70.0,30.0,0.28711650390624993,False,2026-09-25 19:58:47+00:00,GLD261002P00359000
GLD,2026-09-25,393.4100036621094,2026-10-02,P,360.0,0.07,0.09,0.09,891.0,292.0,0.2802806347656249,False,2026-09-25 20:06:04+00:00,GLD261002P00360000
GLD,2026-09-25,393.4100036621094,2026-10-02,P,361.0,0.04,0.11,0.08,67.0,36.0,0.2802806347656249,False,2026-09-25 19:58:47+00:00,GLD261002P00361000
GLD,2026-09-25,393.4100036621094,2026-10-02,P,362.0,0.06,0.1,0.08,66.0,36.0,0.2690502783203125,False,2026-09-25 19:58:47+00:00,GLD261002P00362000
GLD,2026-09-25,393.4100036621094,2026-10-02,P,363.0,0.06,0.12,0.09,82.0,712.0,0.26856200195312496,False,2026-09-25 19:58:47+00:00,GLD261002P00363000
GLD,2026-09-25,393.4100036621094,2026-10-02,P,364.0,0.08,0.12,0.09,133.0,1429.0,0.260749580078125,False,2026-09-25 19:58:47+00:00,GLD261002P00364000
GLD,2026-09-25,393.4100036621094,2026-10-02,P,365.0,0.09,0.12,0.1,162.0,223.0,0.252937158203125,False,2026-09-25 20:06:53+00:00,GLD261002P00365000
GLD,2026-09-25,393.4100036621094,2026-10-02,P,366.0,0.1,0.13,0.11,65.0,37.0,0.24805439453125,False,2026-09-25 19:58:47+00:00,GLD261002P00366000
GLD,2026-09-25,393.4100036621094,2026-10-02,P,367.0,0.11,0.14,0.12,1041.0,62.0,0.243171630859375,False,2026-09-25 19:58:47+00:00,GLD261002P00367000
GLD,2026-09-25,393.4100036621094,2026-10-02,P,368.0,0.11,0.15,0.13,78.0,46.0,0.23780059082031246,False,2026-09-25 19:58:47+00:00,GLD261002P00368000
GLD,2026-09-25,393.4100036621094,2026-10-02,P,369.0,0.12,0.17,0.13,69.0,63.0,0.2348709326171875,False,2026-09-25 19:58:47+00:00,GLD261002P00369000
GLD,2026-09-25,393.4100036621094,2026-10-02,P,370.0,0.14,0.17,0.15,163.0,1303.0,0.22657023437499998,False,2026-09-25 19:58:47+00:00,GLD261002P00370000
GLD,2026-09-25,393.4100036621094,2026-10-02,P,371.0,0.15,0.19,0.16,1039.0,49.0,0.22266402343749997,False,2026-09-25 19:58:47+00:00,GLD261002P00371000
GLD,2026-09-25,393.4100036621094,2026-10-02,P,372.0,0.17,0.22,0.18,74.0,812.0,0.22022264160156246,False,2026-09-25 19:58:47+00:00,GLD261002P00372000
GLD,2026-09-25,393.4100036621094,2026-10-02,P,373.0,0.19,0.25,0.2,50.0,62.0,0.2172929833984375,False,2026-09-25 19:58:42+00:00,GLD261002P00373000
GLD,2026-09-25,393.4100036621094,2026-10-02,P,374.0,0.22,0.26,0.22,29.0,116.0,0.20996883789062498,False,2026-09-25 19:58:48+00:00,GLD261002P00374000
GLD,2026-09-25,393.4100036621094,2026-10-02,P,375.0,0.24,0.33,0.26,620.0,490.0,0.21167780517578122,False,2026-09-25 19:58:47+00:00,GLD261002P00375000
GLD,2026-09-25,393.4100036621094,2026-10-02,P,376.0,0.28,0.37,0.3,68.0,1030.0,0.20777159423828123,False,2026-09-25 19:58:47+00:00,GLD261002P00376000
GLD,2026-09-25,393.4100036621094,2026-10-02,P,377.0,0.32,0.38,0.34,1681.0,128.0,0.19947089599609374,False,2026-09-25 19:58:42+00:00,GLD261002P00377000
GLD,2026-09-25,393.4100036621094,2026-10-02,P,378.0,0.37,0.45,0.41,249.0,199.0,0.19800606689453126,False,2026-09-25 20:02:58+00:00,GLD261002P00378000
GLD,2026-09-25,393.4100036621094,2026-10-02,P,379.0,0.44,0.53,0.46,141.0,175.0,0.19654123779296873,False,2026-09-25 19:58:48+00:00,GLD261002P00379000
GLD,2026-09-25,393.4100036621094,2026-10-02,P,380.0,0.53,0.57,0.55,3329.0,10810.0,0.18994950683593753,False,2026-09-25 20:14:37+00:00,GLD261002P00380000
GLD,2026-09-25,393.4100036621094,2026-10-02,P,381.0,0.61,0.71,0.65,148.0,557.0,0.19165847412109377,False,2026-09-25 20:14:37+00:00,GLD261002P00381000
GLD,2026-09-25,393.4100036621094,2026-10-02,P,382.0,0.71,0.83,0.75,71.0,506.0,0.18994950683593753,False,2026-09-25 19:58:47+00:00,GLD261002P00382000
GLD,2026-09-25,393.4100036621094,2026-10-02,P,383.0,0.81,0.94,0.86,110.0,254.0,0.18628743408203124,False,2026-09-25 20:02:58+00:00,GLD261002P00383000
GLD,2026-09-25,393.4100036621094,2026-10-02,P,384.0,0.98,1.08,1.03,99.0,793.0,0.18360191406249998,False,2026-09-25 19:58:48+00:00,GLD261002P00384000
GLD,2026-09-25,393.4100036621094,2026-10-02,P,385.0,1.12,1.29,1.21,889.0,1022.0,0.1840901904296875,False,2026-09-25 19:58:48+00:00,GLD261002P00385000
GLD,2026-09-25,393.4100036621094,2026-10-02,P,386.0,1.32,1.46,1.41,71.0,321.0,0.1805501867675781,False,2026-09-25 19:58:48+00:00,GLD261002P00386000
GLD,2026-09-25,393.4100036621094,2026-10-02,P,387.0,1.55,1.73,1.66,49.0,612.0,0.18116053222656248,False,2026-09-25 19:59:48+00:00,GLD261002P00387000
GLD,2026-09-25,393.4100036621094,2026-10-02,P,388.0,1.79,1.97,1.91,188.0,282.0,0.178719150390625,False,2026-09-25 19:57:50+00:00,GLD261002P00388000
GLD,2026-09-25,393.4100036621094,2026-10-02,P,389.0,2.1,2.29,2.21,134.0,483.0,0.17859708129882812,False,2026-09-25 19:58:01+00:00,GLD261002P00389000
GLD,2026-09-25,393.4100036621094,2026-10-02,P,390.0,2.45,2.61,2.55,819.0,1659.0,0.17688811401367188,False,2026-09-25 20:04:16+00:00,GLD261002P00390000
GLD,2026-09-25,393.4100036621094,2026-10-02,P,391.0,2.8,3.0,2.9,49.0,233.0,0.17670501037597658,False,2026-09-25 19:58:00+00:00,GLD261002P00391000
GLD,2026-09-25,393.4100036621094,2026-10-02,P,392.0,3.2,3.45,3.35,1272.0,446.0,0.17749845947265624,False,2026-09-25 19:57:31+00:00,GLD261002P00392000
GLD,2026-09-25,393.4100036621094,2026-10-02,P,393.0,3.7,3.85,3.9,457.0,422.0,0.1744467321777344,False,2026-09-25 19:59:34+00:00,GLD261002P00393000
GLD,2026-09-25,393.4100036621094,2026-10-02,P,394.0,4.15,4.4,4.25,227.0,112.0,0.17627776855468752,True,2026-09-25 20:05:27+00:00,GLD261002P00394000
GLD,2026-09-25,393.4100036621094,2026-10-02,P,395.0,4.65,4.95,4.85,177.0,673.0,0.1763998376464844,True,2026-09-25 19:59:00+00:00,GLD261002P00395000
GLD,2026-09-25,393.4100036621094,2026-10-02,P,396.0,5.2,5.55,5.35,116.0,123.0,0.17701018310546873,True,2026-09-25 19:54:53+00:00,GLD261002P00396000
GLD,2026-09-25,393.4100036621094,2026-10-02,P,397.0,5.8,6.2,6.0,37.0,193.0,0.17829190856933597,True,2026-09-25 20:07:57+00:00,GLD261002P00397000
GLD,2026-09-25,393.4100036621094,2026-10-02,P,398.0,6.35,6.85,6.86,22.0,174.0,0.17798673583984376,True,2026-09-25 19:30:53+00:00,GLD261002P00398000
GLD,2026-09-25,393.4100036621094,2026-10-02,P,399.0,7.15,7.6,7.7,11.0,234.0,0.18079432495117187,True,2026-09-25 18:14:30+00:00,GLD261002P00399000
GLD,2026-09-25,393.4100036621094,2026-10-02,P,400.0,7.8,8.3,8.09,73.0,407.0,0.179695703125,True,2026-09-25 19:58:51+00:00,GLD261002P00400000
GLD,2026-09-25,393.4100036621094,2026-10-02,P,401.0,8.65,9.1,8.69,25.0,130.0,0.18225915405273438,True,2026-09-25 18:50:11+00:00,GLD261002P00401000
GLD,2026-09-25,393.4100036621094,2026-10-02,P,402.0,9.45,9.9,10.81,2.0,673.0,0.18360191406249998,True,2026-09-25 15:20:04+00:00,GLD261002P00402000
GLD,2026-09-25,393.4100036621094,2026-10-02,P,403.0,10.2,10.75,10.9,1.0,594.0,0.18640950317382812,True,2026-09-25 16:34:01+00:00,GLD261002P00403000
GLD,2026-09-25,393.4100036621094,2026-10-02,P,404.0,11.1,11.6,11.81,1.0,103.0,0.18824053955078124,True,2026-09-25 16:41:31+00:00,GLD261002P00404000
GLD,2026-09-25,393.4100036621094,2026-10-02,P,405.0,12.0,12.45,13.35,8.0,221.0,0.18860674682617187,True,2026-09-25 15:02:20+00:00,GLD261002P00405000
GLD,2026-09-25,393.4100036621094,2026-10-02,P,406.0,12.75,13.35,14.77,5.0,134.0,0.1915364050292969,True,2026-09-24 19:33:26+00:00,GLD261002P00406000
GLD,2026-09-25,393.4100036621094,2026-10-02,P,407.0,13.65,14.25,14.5,2.0,90.0,0.19336744140625,True,2026-09-25 18:15:56+00:00,GLD261002P00407000
GLD,2026-09-25,393.4100036621094,2026-10-02,P,408.0,14.65,15.2,16.82,4.0,94.0,0.1986164123535156,True,2026-09-25 14:02:13+00:00,GLD261002P00408000
GLD,2026-09-25,393.4100036621094,2026-10-02,P,409.0,15.45,16.15,16.7,1.0,22.0,0.20337710693359373,True,2026-09-23 19:37:02+00:00,GLD261002P00409000
GLD,2026-09-25,393.4100036621094,2026-10-02,P,410.0,16.6,17.1,16.87,8.0,343.0,0.20752745605468748,True,2026-09-25 18:45:33+00:00,GLD261002P00410000
GLD,2026-09-25,393.4100036621094,2026-10-02,P,411.0,17.55,18.05,18.31,2.0,40.0,0.21106745971679686,True,2026-09-25 17:35:33+00:00,GLD261002P00411000
GLD,2026-09-25,393.4100036621094,2026-10-02,P,412.0,18.5,19.0,19.99,3.0,65.0,0.213875048828125,True,2026-09-25 15:45:12+00:00,GLD261002P00412000
GLD,2026-09-25,393.4100036621094,2026-10-02,P,413.0,19.3,20.0,21.6,1.0,10.0,0.2224198852539062,True,2026-09-24 19:00:07+00:00,GLD261002P00413000
GLD,2026-09-25,393.4100036621094,2026-10-02,P,414.0,20.25,21.1,21.2,2.0,14.0,0.24292749267578123,True,2026-09-25 18:15:56+00:00,GLD261002P00414000
GLD,2026-09-25,393.4100036621094,2026-10-02,P,415.0,21.35,21.95,21.44,31.0,79.0,0.23242955078125,True,2026-09-25 19:51:00+00:00,GLD261002P00415000
GLD,2026-09-25,393.4100036621094,2026-10-02,P,416.0,22.2,23.05,22.49,1.0,0.0,0.25391371093750004,True,2026-09-25 19:03:31+00:00,GLD261002P00416000
GLD,2026-09-25,393.4100036621094,2026-10-02,P,417.0,22.05,24.05,24.36,5.0,0.0,0.2622144091796875,True,2026-09-23 16:57:35+00:00,GLD261002P00417000
GLD,2026-09-25,393.4100036621094,2026-10-02,P,418.0,22.95,25.5,28.65,2.0,0.0,0.3198310205078124,True,2026-09-24 15:12:55+00:00,GLD261002P00418000
GLD,2026-09-25,393.4100036621094,2026-10-02,P,419.0,24.85,26.05,22.75,3.0,0.0,0.27857166748046874,True,2026-09-22 16:22:59+00:00,GLD261002P00419000
GLD,2026-09-25,393.4100036621094,2026-10-02,P,420.0,26.3,26.9,26.8,36.0,30.0,0.26416751464843746,True,2026-09-25 19:52:55+00:00,GLD261002P00420000
GLD,2026-09-25,393.4100036621094,2026-10-02,P,421.0,26.7,29.0,30.85,1.0,1.0,0.39172971557617187,True,2026-09-24 14:49:26+00:00,GLD261002P00421000
GLD,2026-09-25,393.4100036621094,2026-10-02,P,422.0,27.65,30.05,30.45,3.0,5.0,0.405279384765625,True,2026-09-24 18:25:18+00:00,GLD261002P00422000
GLD,2026-09-25,393.4100036621094,2026-10-02,P,423.0,28.65,31.0,24.47,7.0,1.0,0.4106504248046875,True,2026-09-17 19:13:28+00:00,GLD261002P00423000
GLD,2026-09-25,393.4100036621094,2026-10-02,P,424.0,29.7,31.55,33.68,4.0,0.0,0.3781800463867187,True,2026-09-24 14:51:07+00:00,GLD261002P00424000
GLD,2026-09-25,393.4100036621094,2026-10-02,P,425.0,31.15,31.9,33.36,2.0,6.0,0.301764794921875,True,2026-09-24 19:59:15+00:00,GLD261002P00425000
GLD,2026-09-25,393.4100036621094,2026-10-02,P,426.0,31.65,34.0,27.35,1.0,1.0,0.4382380395507813,True,2026-09-18 13:51:47+00:00,GLD261002P00426000
GLD,2026-09-25,393.4100036621094,2026-10-02,P,427.0,32.75,35.0,29.0,20.0,0.0,0.44739322143554683,True,2026-09-17 20:01:51+00:00,GLD261002P00427000
GLD,2026-09-25,393.4100036621094,2026-10-02,P,428.0,33.85,36.0,29.9,20.0,4.0,0.45642633422851564,True,2026-09-17 20:01:51+00:00,GLD261002P00428000
GLD,2026-09-25,393.4100036621094,2026-10-02,P,429.0,34.65,37.05,29.3,2.0,0.0,0.4699760034179688,True,2026-09-17 17:07:27+00:00,GLD261002P00429000
GLD,2026-09-25,393.4100036621094,2026-10-02,P,430.0,36.0,37.5,36.85,75.0,76.0,0.42383388671875,True,2026-09-25 19:52:55+00:00,GLD261002P00430000
GLD,2026-09-25,393.4100036621094,2026-10-02,P,431.0,36.7,39.1,31.13,4.0,0.0,0.49231464721679696,True,2026-09-17 15:45:37+00:00,GLD261002P00431000
GLD,2026-09-25,393.4100036621094,2026-10-02,P,433.0,38.7,41.1,32.85,,0.0,0.5100146655273439,True,2026-09-11 14:48:40+00:00,GLD261002P00433000
GLD,2026-09-25,393.4100036621094,2026-10-02,P,435.0,41.15,42.8,41.15,4.0,0.0,0.4978077563476563,True,2026-09-15 19:37:14+00:00,GLD261002P00435000
GLD,2026-09-25,393.4100036621094,2026-10-02,P,440.0,45.75,48.15,50.8,1.0,0.0,0.5749554223632812,True,2026-09-16 19:29:01+00:00,GLD261002P00440000
GLD,2026-09-25,393.4100036621094,2026-10-02,P,445.0,50.55,52.65,46.25,,,0.561527822265625,True,2026-09-22 18:41:52+00:00,GLD261002P00445000
GLD,2026-09-25,393.4100036621094,2026-10-02,P,450.0,56.1,57.0,57.3,12.0,0.0,0.49658706542968756,True,2026-09-25 16:50:37+00:00,GLD261002P00450000
GLD,2026-09-25,393.4100036621094,2026-10-02,P,455.0,61.15,62.4,61.23,10.0,0.0,0.601810622558594,True,2026-09-23 15:02:13+00:00,GLD261002P00455000
GLD,2026-09-25,393.4100036621094,2026-10-02,P,460.0,65.7,68.0,47.3,1.0,0.0,0.5214891601562499,True,2026-08-28 16:08:11+00:00,GLD261002P00460000
GLD,2026-09-25,393.4100036621094,2026-10-05,C,380.0,14.25,14.9,13.38,7.0,9.0,0.2215654016113281,True,2026-09-24 19:41:27+00:00,GLD261005C00380000
GLD,2026-09-25,393.4100036621094,2026-10-05,C,387.0,8.45,9.1,14.16,,1.0,0.19568675415039063,True,2026-09-21 19:29:21+00:00,GLD261005C00387000
GLD,2026-09-25,393.4100036621094,2026-10-05,C,388.0,7.75,8.2,8.04,3.0,25.0,0.1862263995361328,True,2026-09-25 19:48:16+00:00,GLD261005C00388000
GLD,2026-09-25,393.4100036621094,2026-10-05,C,389.0,7.1,7.5,7.32,97.0,22.0,0.1840901904296875,True,2026-09-25 19:57:50+00:00,GLD261005C00389000
GLD,2026-09-25,393.4100036621094,2026-10-05,C,390.0,6.45,6.85,6.95,277.0,30.0,0.1828084649658203,True,2026-09-25 19:19:24+00:00,GLD261005C00390000
GLD,2026-09-25,393.4100036621094,2026-10-05,C,393.0,4.75,5.0,4.88,13.0,35.0,0.1759725958251953,True,2026-09-25 19:36:29+00:00,GLD261005C00393000
GLD,2026-09-25,393.4100036621094,2026-10-05,C,394.0,4.25,4.5,4.35,25.0,123.0,0.1756063885498047,False,2026-09-25 20:06:03+00:00,GLD261005C00394000
GLD,2026-09-25,393.4100036621094,2026-10-05,C,395.0,3.8,4.0,4.05,28.0,44.0,0.17408052490234377,False,2026-09-25 19:45:06+00:00,GLD261005C00395000
GLD,2026-09-25,393.4100036621094,2026-10-05,C,396.0,3.35,3.6,3.53,3.0,13.0,0.1749960430908203,False,2026-09-25 19:25:04+00:00,GLD261005C00396000
GLD,2026-09-25,393.4100036621094,2026-10-05,C,397.0,2.97,3.2,3.13,18.0,50.0,0.17469087036132813,False,2026-09-25 19:36:03+00:00,GLD261005C00397000
GLD,2026-09-25,393.4100036621094,2026-10-05,C,398.0,2.62,2.81,2.72,21.0,53.0,0.17359224853515626,False,2026-09-25 18:39:44+00:00,GLD261005C00398000
GLD,2026-09-25,393.4100036621094,2026-10-05,C,399.0,2.32,2.48,2.47,2.0,51.0,0.1735312139892578,False,2026-09-25 19:25:11+00:00,GLD261005C00399000
GLD,2026-09-25,393.4100036621094,2026-10-05,C,400.0,2.03,2.18,2.22,99.0,133.0,0.1735312139892578,False,2026-09-25 19:48:09+00:00,GLD261005C00400000
GLD,2026-09-25,393.4100036621094,2026-10-05,C,401.0,1.79,1.92,1.95,88.0,30.0,0.17408052490234377,False,2026-09-25 19:43:51+00:00,GLD261005C00401000
GLD,2026-09-25,393.4100036621094,2026-10-05,C,402.0,1.56,1.68,1.63,55.0,30.0,0.17432466308593753,False,2026-09-25 20:08:34+00:00,GLD261005C00402000
GLD,2026-09-25,393.4100036621094,2026-10-05,C,403.0,1.37,1.48,1.31,1.0,33.0,0.17536225036621095,False,2026-09-25 17:58:25+00:00,GLD261005C00403000
GLD,2026-09-25,393.4100036621094,2026-10-05,C,404.0,1.19,1.3,1.34,24.0,13.0,0.17633880310058597,False,2026-09-25 19:51:27+00:00,GLD261005C00404000
GLD,2026-09-25,393.4100036621094,2026-10-05,C,405.0,1.05,1.15,1.16,24.0,208.0,0.17786466674804688,False,2026-09-25 20:14:53+00:00,GLD261005C00405000
GLD,2026-09-25,393.4100036621094,2026-10-05,C,406.0,0.92,1.01,0.97,6.0,27.0,0.1790853576660156,False,2026-09-25 20:09:39+00:00,GLD261005C00406000
GLD,2026-09-25,393.4100036621094,2026-10-05,C,408.0,0.7,0.8,0.77,47.0,44.0,0.18323570678710935,False,2026-09-24 19:19:52+00:00,GLD261005C00408000
GLD,2026-09-25,393.4100036621094,2026-10-05,C,409.0,0.61,0.73,0.61,40.0,10.0,0.18665364135742188,False,2026-09-25 17:58:25+00:00,GLD261005C00409000
GLD,2026-09-25,393.4100036621094,2026-10-05,C,410.0,0.53,0.64,0.58,233.0,108.0,0.1878743322753906,False,2026-09-25 19:35:38+00:00,GLD261005C00410000
GLD,2026-09-25,393.4100036621094,2026-10-05,C,411.0,0.47,0.57,0.52,30.0,47.0,0.18994950683593753,False,2026-09-25 19:54:10+00:00,GLD261005C00411000
GLD,2026-09-25,393.4100036621094,2026-10-05,C,412.0,0.42,0.45,0.45,15.0,2.0,0.18628743408203124,False,2026-09-25 19:59:19+00:00,GLD261005C00412000
GLD,2026-09-25,393.4100036621094,2026-10-05,C,413.0,0.36,0.45,0.4,6.0,28.0,0.19373364868164064,False,2026-09-25 19:03:49+00:00,GLD261005C00413000
GLD,2026-09-25,393.4100036621094,2026-10-05,C,415.0,0.28,0.35,0.33,11.0,14.0,0.19678537597656248,False,2026-09-24 16:14:59+00:00,GLD261005C00415000
GLD,2026-09-25,393.4100036621094,2026-10-05,C,418.0,0.19,0.3,1.2,,1.0,0.21070125244140625,False,2026-09-22 18:09:07+00:00,GLD261005C00418000
GLD,2026-09-25,393.4100036621094,2026-10-05,C,420.0,0.16,0.21,0.2,17.0,153.0,0.20899228515624996,False,2026-09-25 18:41:00+00:00,GLD261005C00420000
GLD,2026-09-25,393.4100036621094,2026-10-05,C,421.0,0.13,0.24,0.25,1.0,6.0,0.22071091796874998,False,2026-09-25 13:43:58+00:00,GLD261005C00421000
GLD,2026-09-25,393.4100036621094,2026-10-05,C,425.0,0.09,0.3,0.18,1.0,7.0,0.2556226782226563,False,2026-09-25 14:16:11+00:00,GLD261005C00425000
GLD,2026-09-25,393.4100036621094,2026-10-05,C,430.0,0.07,0.21,0.11,42.0,101.0,0.2690502783203125,False,2026-09-25 16:03:20+00:00,GLD261005C00430000
GLD,2026-09-25,393.4100036621094,2026-10-05,C,450.0,0.02,0.22,0.11,1.0,2.0,0.38184211914062494,False,2026-09-25 13:45:34+00:00,GLD261005C00450000
GLD,2026-09-25,393.4100036621094,2026-10-05,C,455.0,0.01,0.06,0.05,3.0,102.0,0.34278000976562495,False,2026-09-24 16:23:57+00:00,GLD261005C00455000
GLD,2026-09-25,393.4100036621094,2026-10-05,C,460.0,0.01,0.16,0.03,2.0,2.0,0.414068359375,False,2026-09-25 13:46:42+00:00,GLD261005C00460000
GLD,2026-09-25,393.4100036621094,2026-10-05,C,465.0,0.01,0.2,0.09,,1.0,0.45215391601562505,False,2026-09-22 14:19:06+00:00,GLD261005C00465000
GLD,2026-09-25,393.4100036621094,2026-10-05,C,475.0,0.01,0.09,0.09,2.0,1.0,0.45117736328125,False,2026-09-25 13:46:01+00:00,GLD261005C00475000
GLD,2026-09-25,393.4100036621094,2026-10-05,C,480.0,0.01,0.08,0.08,3.0,5.0,0.46582565429687506,False,2026-09-25 17:49:48+00:00,GLD261005C00480000
GLD,2026-09-25,393.4100036621094,2026-10-05,C,485.0,0.01,0.1,0.06,2.0,2.0,0.500005,False,2026-09-24 14:31:43+00:00,GLD261005C00485000
GLD,2026-09-25,393.4100036621094,2026-10-05,C,490.0,0.01,0.09,0.05,6.0,2.0,0.514653291015625,False,2026-09-25 18:43:04+00:00,GLD261005C00490000
GLD,2026-09-25,393.4100036621094,2026-10-05,C,495.0,0.0,0.09,0.09,1.0,2.0,0.5351608984375,False,2026-09-25 16:04:00+00:00,GLD261005C00495000
GLD,2026-09-25,393.4100036621094,2026-10-05,C,500.0,0.0,0.16,0.09,4.0,4.0,0.5488326367187502,False,2026-09-24 14:32:52+00:00,GLD261005C00500000
GLD,2026-09-25,393.4100036621094,2026-10-05,C,505.0,0.0,0.17,0.1,,1.0,0.5722699023437501,False,2026-09-22 14:19:51+00:00,GLD261005C00505000
GLD,2026-09-25,393.4100036621094,2026-10-05,C,510.0,0.0,0.16,0.03,,1.0,0.58789474609375,False,2026-09-22 18:59:09+00:00,GLD261005C00510000
GLD,2026-09-25,393.4100036621094,2026-10-05,P,310.0,0.01,0.08,0.08,1.0,2.0,0.52539537109375,False,2026-09-25 14:00:26+00:00,GLD261005P00310000
GLD,2026-09-25,393.4100036621094,2026-10-05,P,325.0,0.01,0.06,0.06,4.0,6.0,0.445318046875,False,2026-09-25 19:35:39+00:00,GLD261005P00325000
GLD,2026-09-25,393.4100036621094,2026-10-05,P,330.0,0.01,0.09,0.09,1.0,3.0,0.4335994140625,False,2026-09-25 19:32:24+00:00,GLD261005P00330000
GLD,2026-09-25,393.4100036621094,2026-10-05,P,335.0,0.01,0.13,0.12,1.0,2.0,0.42090422851562503,False,2026-09-23 14:05:16+00:00,GLD261005P00335000
GLD,2026-09-25,393.4100036621094,2026-10-05,P,340.0,0.01,0.09,0.14,3.0,4.0,0.36817038085937503,False,2026-09-23 14:18:43+00:00,GLD261005P00340000
GLD,2026-09-25,393.4100036621094,2026-10-05,P,345.0,0.01,0.13,0.13,1.0,2.0,0.35352208984374994,False,2026-09-25 13:50:42+00:00,GLD261005P00345000
GLD,2026-09-25,393.4100036621094,2026-10-05,P,355.0,0.06,0.28,0.12,1.0,2.0,0.3237372314453124,False,2026-09-24 13:30:07+00:00,GLD261005P00355000
GLD,2026-09-25,393.4100036621094,2026-10-05,P,360.0,0.09,0.14,0.13,3.0,115.0,0.25489026367187506,False,2026-09-25 14:42:27+00:00,GLD261005P00360000
GLD,2026-09-25,393.4100036621094,2026-10-05,P,375.0,0.37,0.51,0.46,6.0,32.0,0.19995917236328126,False,2026-09-25 16:11:07+00:00,GLD261005P00375000
GLD,2026-09-25,393.4100036621094,2026-10-05,P,377.0,0.5,0.53,0.5,33.0,39.0,0.1848226049804687,False,2026-09-25 20:07:14+00:00,GLD261005P00377000
GLD,2026-09-25,393.4100036621094,2026-10-05,P,379.0,0.62,0.72,0.64,58.0,9.0,0.18262536132812499,False,2026-09-25 19:02:23+00:00,GLD261005P00379000
GLD,2026-09-25,393.4100036621094,2026-10-05,P,382.0,0.94,1.05,0.97,21.0,44.0,0.17554535400390625,False,2026-09-25 18:34:30+00:00,GLD261005P00382000
GLD,2026-09-25,393.4100036621094,2026-10-05,P,384.0,1.23,1.36,1.32,2.0,32.0,0.17151707397460939,False,2026-09-25 17:05:02+00:00,GLD261005P00384000
GLD,2026-09-25,393.4100036621094,2026-10-05,P,385.0,1.42,1.55,1.46,29.0,52.0,0.16980810668945315,False,2026-09-25 16:07:36+00:00,GLD261005P00385000
GLD,2026-09-25,393.4100036621094,2026-10-05,P,387.0,1.88,2.01,2.05,10.0,46.0,0.16687844848632816,False,2026-09-25 17:40:14+00:00,GLD261005P00387000
GLD,2026-09-25,393.4100036621094,2026-10-05,P,388.0,2.14,2.31,2.29,54.0,38.0,0.16663431030273443,False,2026-09-25 19:29:55+00:00,GLD261005P00388000
GLD,2026-09-25,393.4100036621094,2026-10-05,P,390.0,2.78,2.97,2.97,51.0,106.0,0.16480327392578126,False,2026-09-25 18:30:40+00:00,GLD261005P00390000
GLD,2026-09-25,393.4100036621094,2026-10-05,P,391.0,3.15,3.4,3.34,5.0,139.0,0.16577982666015628,False,2026-09-25 19:31:09+00:00,GLD261005P00391000
GLD,2026-09-25,393.4100036621094,2026-10-05,P,392.0,3.55,3.8,3.73,192.0,58.0,0.1643760321044922,False,2026-09-25 19:32:30+00:00,GLD261005P00392000
GLD,2026-09-25,393.4100036621094,2026-10-05,P,393.0,4.0,4.25,4.21,191.0,13.0,0.16352154846191408,False,2026-09-25 19:32:30+00:00,GLD261005P00393000
GLD,2026-09-25,393.4100036621094,2026-10-05,P,394.0,4.5,4.75,4.75,1.0,69.0,0.1632163757324219,True,2026-09-25 18:30:40+00:00,GLD261005P00394000
GLD,2026-09-25,393.4100036621094,2026-10-05,P,395.0,5.05,5.3,4.95,7.0,41.0,0.16339947937011723,True,2026-09-25 19:01:48+00:00,GLD261005P00395000
GLD,2026-09-25,393.4100036621094,2026-10-05,P,396.0,5.6,5.9,6.67,2.0,3.0,0.1641929284667969,True,2026-09-23 20:13:07+00:00,GLD261005P00396000
GLD,2026-09-25,393.4100036621094,2026-10-05,P,397.0,6.2,6.55,7.86,248.0,264.0,0.16553568847656253,True,2026-09-23 17:15:43+00:00,GLD261005P00397000
GLD,2026-09-25,393.4100036621094,2026-10-05,P,398.0,6.8,7.2,7.94,2.0,251.0,0.16571879211425783,True,2026-09-25 13:35:18+00:00,GLD261005P00398000
GLD,2026-09-25,393.4100036621094,2026-10-05,P,399.0,7.5,8.0,9.99,2.0,65.0,0.17072362487792972,True,2026-09-24 14:26:51+00:00,GLD261005P00399000
GLD,2026-09-25,393.4100036621094,2026-10-05,P,400.0,8.2,8.65,8.5,2.0,73.0,0.16846534667968754,True,2026-09-25 19:05:00+00:00,GLD261005P00400000
GLD,2026-09-25,393.4100036621094,2026-10-05,P,401.0,8.95,9.45,6.7,,130.0,0.17145603942871096,True,2026-09-22 17:52:46+00:00,GLD261005P00401000
GLD,2026-09-25,393.4100036621094,2026-10-05,P,402.0,9.75,10.25,11.04,2.0,1.0,0.17347017944335938,True,2026-09-25 15:20:04+00:00,GLD261005P00402000
GLD,2026-09-25,393.4100036621094,2026-10-05,P,403.0,10.55,11.05,8.45,,13.0,0.1744467321777344,True,2026-09-22 15:14:04+00:00,GLD261005P00403000
GLD,2026-09-25,393.4100036621094,2026-10-05,P,405.0,12.25,12.7,15.1,10.0,11.0,0.17566742309570313,True,2026-09-24 17:49:22+00:00,GLD261005P00405000
GLD,2026-09-25,393.4100036621094,2026-10-05,P,409.0,15.8,16.25,17.12,2.0,2.0,0.18140467041015623,True,2026-09-25 15:42:00+00:00,GLD261005P00409000
GLD,2026-09-25,393.4100036621094,2026-10-05,P,410.0,16.7,17.2,16.98,7.0,4.0,0.18555501953124998,True,2026-09-25 17:33:36+00:00,GLD261005P00410000
GLD,2026-09-25,393.4100036621094,2026-10-05,P,418.0,23.75,26.15,20.0,,1.0,0.3193427441406249,True,2026-09-22 17:52:47+00:00,GLD261005P00418000
GLD,2026-09-25,393.4100036621094,2026-10-06,C,391.0,6.15,6.5,5.24,1.0,10.0,0.1834798449707031,True,2026-09-24 14:38:28+00:00,GLD261006C00391000
GLD,2026-09-25,393.4100036621094,2026-10-06,C,396.0,3.7,3.9,3.75,1.0,3.0,0.17829190856933597,False,2026-09-24 13:39:07+00:00,GLD261006C00396000
GLD,2026-09-25,393.4100036621094,2026-10-06,C,397.0,3.3,3.5,3.55,11.0,7.0,0.1782308740234375,False,2026-09-25 16:01:03+00:00,GLD261006C00397000
GLD,2026-09-25,393.4100036621094,2026-10-06,C,398.0,2.94,3.15,2.82,5.0,103.0,0.1789022540283203,False,2026-09-25 17:34:23+00:00,GLD261006C00398000
GLD,2026-09-25,393.4100036621094,2026-10-06,C,399.0,2.62,2.78,2.53,24.0,7.0,0.17774259765625,False,2026-09-25 17:34:22+00:00,GLD261006C00399000
GLD,2026-09-25,393.4100036621094,2026-10-06,C,400.0,2.34,2.48,2.46,85.0,117.0,0.1782308740234375,False,2026-09-25 19:39:56+00:00,GLD261006C00400000
GLD,2026-09-25,393.4100036621094,2026-10-06,C,401.0,2.04,2.19,2.0,4.0,3.0,0.17798673583984376,False,2026-09-25 17:42:19+00:00,GLD261006C00401000
GLD,2026-09-25,393.4100036621094,2026-10-06,C,402.0,1.81,1.97,1.89,8.0,153.0,0.179695703125,False,2026-09-25 19:23:51+00:00,GLD261006C00402000
GLD,2026-09-25,393.4100036621094,2026-10-06,C,403.0,1.6,1.73,1.64,5.0,71.0,0.1795125994873047,False,2026-09-25 19:03:57+00:00,GLD261006C00403000
GLD,2026-09-25,393.4100036621094,2026-10-06,C,404.0,1.41,1.55,1.05,1.0,17.0,0.18116053222656248,False,2026-09-24 13:55:04+00:00,GLD261006C00404000
GLD,2026-09-25,393.4100036621094,2026-10-06,C,405.0,1.25,1.36,1.41,4.0,38.0,0.18140467041015623,False,2026-09-25 19:17:24+00:00,GLD261006C00405000
GLD,2026-09-25,393.4100036621094,2026-10-06,C,406.0,1.1,1.21,1.26,16.0,28.0,0.1826863958740234,False,2026-09-24 16:19:44+00:00,GLD261006C00406000
GLD,2026-09-25,393.4100036621094,2026-10-06,C,408.0,0.84,0.97,0.66,1.0,100.0,0.18628743408203124,False,2026-09-24 19:50:14+00:00,GLD261006C00408000
GLD,2026-09-25,393.4100036621094,2026-10-06,C,410.0,0.66,0.77,0.56,41.0,78.0,0.18946123046875002,False,2026-09-25 15:58:20+00:00,GLD261006C00410000
GLD,2026-09-25,393.4100036621094,2026-10-06,C,411.0,0.55,0.7,0.66,1.0,1.0,0.19214675048828128,False,2026-09-24 14:31:52+00:00,GLD261006C00411000
GLD,2026-09-25,393.4100036621094,2026-10-06,C,413.0,0.44,0.55,0.47,1.0,503.0,0.1948322705078125,False,2026-09-25 16:15:22+00:00,GLD261006C00413000
GLD,2026-09-25,393.4100036621094,2026-10-06,P,385.0,1.64,1.78,1.75,15.0,130.0,0.17310397216796874,False,2026-09-25 18:19:57+00:00,GLD261006P00385000
GLD,2026-09-25,393.4100036621094,2026-10-06,P,387.0,2.1,2.27,2.24,46.0,54.0,0.170479486694336,False,2026-09-25 18:19:57+00:00,GLD261006P00387000
GLD,2026-09-25,393.4100036621094,2026-10-06,P,388.0,2.39,2.56,2.54,6.0,27.0,0.16938086486816406,False,2026-09-25 18:19:57+00:00,GLD261006P00388000
GLD,2026-09-25,393.4100036621094,2026-10-06,P,389.0,2.72,2.89,2.66,11.0,8.0,0.1687094848632813,False,2026-09-25 18:50:41+00:00,GLD261006P00389000
GLD,2026-09-25,393.4100036621094,2026-10-06,P,390.0,3.05,3.25,3.25,30.0,19.0,0.1680991394042969,False,2026-09-25 18:30:40+00:00,GLD261006P00390000
GLD,2026-09-25,393.4100036621094,2026-10-06,P,391.0,3.45,3.65,4.37,5.0,35.0,0.16773293212890628,False,2026-09-25 14:39:39+00:00,GLD261006P00391000
GLD,2026-09-25,393.4100036621094,2026-10-06,P,392.0,3.85,4.1,4.75,34.0,17.0,0.16797707031250003,False,2026-09-25 15:51:50+00:00,GLD261006P00392000
GLD,2026-09-25,393.4100036621094,2026-10-06,P,393.0,4.3,4.45,4.25,41.0,15.0,0.16358258300781253,False,2026-09-25 18:49:57+00:00,GLD261006P00393000
GLD,2026-09-25,393.4100036621094,2026-10-06,P,394.0,4.8,5.05,6.48,4.0,5.0,0.1667563793945313,True,2026-09-24 18:12:59+00:00,GLD261006P00394000
GLD,2026-09-25,393.4100036621094,2026-10-06,P,395.0,5.3,5.6,6.55,6.0,8.0,0.16706155212402346,True,2026-09-23 19:18:52+00:00,GLD261006P00395000
GLD,2026-09-25,393.4100036621094,2026-10-06,P,396.0,5.85,6.15,8.0,1.0,1.0,0.16614603393554692,True,2026-09-24 14:27:13+00:00,GLD261006P00396000
GLD,2026-09-25,393.4100036621094,2026-10-06,P,397.0,6.4,6.8,9.17,2.0,3.0,0.16767189758300782,True,2026-09-24 15:47:59+00:00,GLD261006P00397000
GLD,2026-09-25,393.4100036621094,2026-10-06,P,400.0,8.35,8.85,9.05,4.0,6.0,0.1694418994140625,True,2026-09-25 15:30:05+00:00,GLD261006P00400000
GLD,2026-09-25,393.4100036621094,2026-10-06,P,407.0,13.95,14.55,17.94,2.0,2.0,0.1772543212890625,True,2026-09-24 15:31:35+00:00,GLD261006P00407000
GLD,2026-09-25,393.4100036621094,2026-10-06,P,411.0,17.55,18.25,17.25,1.0,1.0,0.18909502319335939,True,2026-09-23 13:33:38+00:00,GLD261006P00411000
