symbol,snapshot_date,spot,expiry,right,strike,bid,ask,last_price,volume,open_interest,implied_vol,in_the_money,last_trade_date,contract_symbol
GLD,2026-10-02,382.76,2026-10-02,C,220.0,161.55,163.7,162.58,1.0,2,5.5820342724609375,True,2026-10-01 18:48:06+00:00,GLD261002C00220000
GLD,2026-10-02,382.76,2026-10-02,C,225.0,156.5,158.75,154.27,1.0,1,5.429690712890624,True,2026-09-28 19:52:31+00:00,GLD261002C00225000
GLD,2026-10-02,382.76,2026-10-02,C,250.0,131.55,133.85,178.3,4.0,3,4.560551174316406,True,2026-08-24 15:21:41+00:00,GLD261002C00250000
GLD,2026-10-02,382.76,2026-10-02,C,290.0,92.3,93.3,92.6,1.0,2,1.984375078125,True,2026-10-01 18:48:06+00:00,GLD261002C00290000
GLD,2026-10-02,382.76,2026-10-02,C,305.0,77.1,78.3,107.26,,3,2.355472861328124,True,2026-09-03 18:17:58+00:00,GLD261002C00305000
GLD,2026-10-02,382.76,2026-10-02,C,320.0,61.55,63.8,62.03,1.0,0,2.200199812011718,True,2026-10-01 17:05:30+00:00,GLD261002C00320000
GLD,2026-10-02,382.76,2026-10-02,C,340.0,42.45,43.4,41.2,60.0,77,1.115238798828125,True,2026-09-30 19:32:55+00:00,GLD261002C00340000
GLD,2026-10-02,382.76,2026-10-02,C,345.0,37.5,38.45,35.49,1.0,8,1.0410204199218753,True,2026-09-29 17:08:06+00:00,GLD261002C00345000
GLD,2026-10-02,382.76,2026-10-02,C,350.0,32.6,33.35,32.98,6.0,11,0.9179695703125,True,2026-10-01 19:24:48+00:00,GLD261002C00350000
GLD,2026-10-02,382.76,2026-10-02,C,353.0,29.55,30.35,29.95,6.0,2,0.8261736132812498,True,2026-10-01 20:03:22+00:00,GLD261002C00353000
GLD,2026-10-02,382.76,2026-10-02,C,355.0,27.55,28.35,27.62,13.0,14,0.778322529296875,True,2026-10-01 17:22:16+00:00,GLD261002C00355000
GLD,2026-10-02,382.76,2026-10-02,C,357.0,25.25,26.55,25.23,20.0,0,0.69336244140625,True,2026-10-01 16:00:03+00:00,GLD261002C00357000
GLD,2026-10-02,382.76,2026-10-02,C,359.0,23.65,24.35,23.62,46.0,19,0.710940390625,True,2026-10-01 17:23:02+00:00,GLD261002C00359000
GLD,2026-10-02,382.76,2026-10-02,C,360.0,22.6,23.35,23.04,25.0,20,0.6718782812500002,True,2026-10-01 17:43:27+00:00,GLD261002C00360000
GLD,2026-10-02,382.76,2026-10-02,C,361.0,21.45,22.55,21.69,14.0,7,0.6611362011718751,True,2026-10-01 18:34:55+00:00,GLD261002C00361000
GLD,2026-10-02,382.76,2026-10-02,C,362.0,20.55,21.45,21.08,9.0,6,0.6357458300781251,True,2026-10-01 19:30:15+00:00,GLD261002C00362000
GLD,2026-10-02,382.76,2026-10-02,C,363.0,19.6,20.55,20.08,9.0,1,0.6455113574218749,True,2026-10-01 19:30:15+00:00,GLD261002C00363000
GLD,2026-10-02,382.76,2026-10-02,C,365.0,17.6,18.35,17.22,14.0,15,0.5468795312500001,True,2026-10-01 16:35:25+00:00,GLD261002C00365000
GLD,2026-10-02,382.76,2026-10-02,C,366.0,16.55,17.45,15.15,2.0,3,0.53320779296875,True,2026-10-01 15:30:26+00:00,GLD261002C00366000
GLD,2026-10-02,382.76,2026-10-02,C,367.0,15.15,16.55,16.3,1.0,3,0.6831086376953126,True,2026-09-21 14:36:59+00:00,GLD261002C00367000
GLD,2026-10-02,382.76,2026-10-02,C,368.0,14.6,15.35,15.25,31.0,35,0.5991251025390626,True,2026-10-01 13:32:49+00:00,GLD261002C00368000
GLD,2026-10-02,382.76,2026-10-02,C,369.0,13.6,14.25,14.3,31.0,38,0.5405319384765627,True,2026-10-01 13:32:49+00:00,GLD261002C00369000
GLD,2026-10-02,382.76,2026-10-02,C,370.0,12.65,13.3,12.83,18.0,61,0.5249070947265625,True,2026-10-01 19:40:04+00:00,GLD261002C00370000
GLD,2026-10-02,382.76,2026-10-02,C,371.0,11.65,12.3,11.08,8.0,28,0.49414568359375005,True,2026-10-01 15:30:39+00:00,GLD261002C00371000
GLD,2026-10-02,382.76,2026-10-02,C,372.0,10.65,11.3,11.07,17.0,18,0.4633842724609375,True,2026-10-01 20:01:15+00:00,GLD261002C00372000
GLD,2026-10-02,382.76,2026-10-02,C,373.0,9.8,10.3,9.95,18.0,8,0.4321345849609375,True,2026-10-01 19:16:09+00:00,GLD261002C00373000
GLD,2026-10-02,382.76,2026-10-02,C,374.0,8.85,9.4,9.1,26.0,13,0.4233456103515625,True,2026-10-01 18:34:55+00:00,GLD261002C00374000
GLD,2026-10-02,382.76,2026-10-02,C,375.0,7.9,8.4,8.32,71.0,131,0.39014281738281253,True,2026-10-01 20:03:25+00:00,GLD261002C00375000
GLD,2026-10-02,382.76,2026-10-02,C,376.0,6.95,7.45,6.9,119.0,40,0.3657289990234375,True,2026-10-01 16:14:26+00:00,GLD261002C00376000
GLD,2026-10-02,382.76,2026-10-02,C,377.0,6.1,6.55,6.0,24.0,178,0.34888346435546874,True,2026-10-01 17:05:31+00:00,GLD261002C00377000
GLD,2026-10-02,382.76,2026-10-02,C,378.0,5.25,5.7,5.4,29.0,180,0.3364324169921875,True,2026-10-01 19:59:30+00:00,GLD261002C00378000
GLD,2026-10-02,382.76,2026-10-02,C,379.0,4.45,4.85,4.55,41.0,180,0.3193427441406249,True,2026-10-01 19:48:25+00:00,GLD261002C00379000
GLD,2026-10-02,382.76,2026-10-02,C,380.0,3.7,4.1,3.9,736.0,1506,0.3112861840820312,True,2026-10-01 19:51:43+00:00,GLD261002C00380000
GLD,2026-10-02,382.76,2026-10-02,C,381.0,3.1,3.4,3.27,406.0,525,0.30322962402343745,True,2026-10-01 20:04:44+00:00,GLD261002C00381000
GLD,2026-10-02,382.76,2026-10-02,C,382.0,2.55,2.7,2.62,2366.0,287,0.2880930566406249,True,2026-10-01 20:12:54+00:00,GLD261002C00382000
GLD,2026-10-02,382.76,2026-10-02,C,383.0,2.07,2.12,2.07,1790.0,406,0.2797923583984374,False,2026-10-01 20:13:45+00:00,GLD261002C00383000
GLD,2026-10-02,382.76,2026-10-02,C,384.0,1.59,1.68,1.66,752.0,707,0.2805247729492187,False,2026-10-01 20:14:55+00:00,GLD261002C00384000
GLD,2026-10-02,382.76,2026-10-02,C,385.0,1.23,1.32,1.23,2346.0,2784,0.2827220166015625,False,2026-10-01 20:06:48+00:00,GLD261002C00385000
GLD,2026-10-02,382.76,2026-10-02,C,386.0,0.93,1.01,0.99,696.0,649,0.2829661547851562,False,2026-10-01 20:14:54+00:00,GLD261002C00386000
GLD,2026-10-02,382.76,2026-10-02,C,387.0,0.71,0.76,0.71,978.0,1122,0.2836985693359374,False,2026-10-01 20:14:41+00:00,GLD261002C00387000
GLD,2026-10-02,382.76,2026-10-02,C,388.0,0.51,0.57,0.55,511.0,618,0.2858958129882812,False,2026-10-01 20:13:41+00:00,GLD261002C00388000
GLD,2026-10-02,382.76,2026-10-02,C,389.0,0.37,0.43,0.4,596.0,564,0.29004616210937495,False,2026-10-01 20:14:25+00:00,GLD261002C00389000
GLD,2026-10-02,382.76,2026-10-02,C,390.0,0.28,0.31,0.31,1367.0,2319,0.2910227148437499,False,2026-10-01 20:14:46+00:00,GLD261002C00390000
GLD,2026-10-02,382.76,2026-10-02,C,391.0,0.21,0.23,0.23,999.0,1065,0.2954172021484375,False,2026-10-01 20:14:47+00:00,GLD261002C00391000
GLD,2026-10-02,382.76,2026-10-02,C,392.0,0.15,0.19,0.16,1305.0,494,0.30762411132812495,False,2026-10-01 20:13:14+00:00,GLD261002C00392000
GLD,2026-10-02,382.76,2026-10-02,C,393.0,0.11,0.14,0.12,140.0,513,0.31153032226562494,False,2026-10-01 20:13:41+00:00,GLD261002C00393000
GLD,2026-10-02,382.76,2026-10-02,C,394.0,0.08,0.11,0.1,143.0,703,0.3193427441406249,False,2026-10-01 20:08:47+00:00,GLD261002C00394000
GLD,2026-10-02,382.76,2026-10-02,C,395.0,0.08,0.09,0.09,1088.0,2840,0.33008482421874996,False,2026-10-01 20:01:48+00:00,GLD261002C00395000
GLD,2026-10-02,382.76,2026-10-02,C,396.0,0.05,0.07,0.05,745.0,964,0.335944140625,False,2026-10-01 20:07:09+00:00,GLD261002C00396000
GLD,2026-10-02,382.76,2026-10-02,C,397.0,0.03,0.06,0.05,22.0,681,0.34766277343749996,False,2026-10-01 19:59:41+00:00,GLD261002C00397000
GLD,2026-10-02,382.76,2026-10-02,C,398.0,0.03,0.06,0.04,28.0,359,0.36914693359375,False,2026-10-01 20:13:41+00:00,GLD261002C00398000
GLD,2026-10-02,382.76,2026-10-02,C,399.0,0.02,0.05,0.03,47.0,261,0.3789124609375,False,2026-10-01 19:52:37+00:00,GLD261002C00399000
GLD,2026-10-02,382.76,2026-10-02,C,400.0,0.02,0.04,0.02,456.0,17292,0.38477177734374995,False,2026-10-01 20:03:40+00:00,GLD261002C00400000
GLD,2026-10-02,382.76,2026-10-02,C,401.0,0.01,0.04,0.02,50.0,528,0.4023497265625,False,2026-10-01 20:07:09+00:00,GLD261002C00401000
GLD,2026-10-02,382.76,2026-10-02,C,402.0,0.01,0.04,0.03,21.0,625,0.42188078125,False,2026-10-01 19:32:15+00:00,GLD261002C00402000
GLD,2026-10-02,382.76,2026-10-02,C,403.0,0.01,0.04,0.03,27.0,930,0.4414118359375,False,2026-10-01 19:19:32+00:00,GLD261002C00403000
GLD,2026-10-02,382.76,2026-10-02,C,404.0,0.01,0.03,0.02,35.0,598,0.4414118359375,False,2026-10-01 19:57:12+00:00,GLD261002C00404000
GLD,2026-10-02,382.76,2026-10-02,C,405.0,0.01,0.03,0.02,603.0,4129,0.46094289062500005,False,2026-10-01 20:00:09+00:00,GLD261002C00405000
GLD,2026-10-02,382.76,2026-10-02,C,406.0,0.0,0.05,0.03,10.0,215,0.5097705273437501,False,2026-10-01 18:11:22+00:00,GLD261002C00406000
GLD,2026-10-02,382.76,2026-10-02,C,407.0,0.0,0.03,0.02,26.0,751,0.49219257812500006,False,2026-10-01 19:29:51+00:00,GLD261002C00407000
GLD,2026-10-02,382.76,2026-10-02,C,408.0,0.0,0.04,0.02,23.0,2969,0.5312546875,False,2026-10-01 19:29:04+00:00,GLD261002C00408000
GLD,2026-10-02,382.76,2026-10-02,C,409.0,0.0,0.04,0.02,10.0,1411,0.5039112109375,False,2026-10-01 17:26:10+00:00,GLD261002C00409000
GLD,2026-10-02,382.76,2026-10-02,C,410.0,0.0,0.01,0.01,38.0,1447,0.48438015625,False,2026-10-01 19:35:48+00:00,GLD261002C00410000
GLD,2026-10-02,382.76,2026-10-02,C,411.0,0.0,0.01,0.01,36.0,220,0.500005,False,2026-10-01 17:01:36+00:00,GLD261002C00411000
GLD,2026-10-02,382.76,2026-10-02,C,412.0,0.0,0.03,0.01,3.0,1140,0.5390671093750001,False,2026-10-01 14:29:22+00:00,GLD261002C00412000
GLD,2026-10-02,382.76,2026-10-02,C,413.0,0.0,0.03,0.01,6.0,447,0.5546919531250001,False,2026-09-30 19:49:10+00:00,GLD261002C00413000
GLD,2026-10-02,382.76,2026-10-02,C,414.0,0.0,0.03,0.02,4.0,404,0.570316796875,False,2026-10-01 16:59:24+00:00,GLD261002C00414000
GLD,2026-10-02,382.76,2026-10-02,C,415.0,0.0,0.03,0.01,14.0,1997,0.585941640625,False,2026-10-01 16:54:16+00:00,GLD261002C00415000
GLD,2026-10-02,382.76,2026-10-02,C,416.0,0.0,0.03,0.01,1.0,942,0.5937540625000001,False,2026-09-30 19:54:18+00:00,GLD261002C00416000
GLD,2026-10-02,382.76,2026-10-02,C,417.0,0.0,0.03,0.02,8.0,402,0.6093789062500001,False,2026-10-01 19:22:28+00:00,GLD261002C00417000
GLD,2026-10-02,382.76,2026-10-02,C,418.0,0.0,0.03,0.01,2.0,189,0.6250037500000001,False,2026-10-01 14:31:47+00:00,GLD261002C00418000
GLD,2026-10-02,382.76,2026-10-02,C,419.0,0.0,0.03,0.02,1.0,2044,0.64062859375,False,2026-10-01 15:33:09+00:00,GLD261002C00419000
GLD,2026-10-02,382.76,2026-10-02,C,420.0,0.0,0.01,0.01,246.0,1244,0.5937540625000001,False,2026-10-01 20:08:00+00:00,GLD261002C00420000
GLD,2026-10-02,382.76,2026-10-02,C,421.0,0.0,0.03,0.02,1.0,781,0.6718782812500002,False,2026-09-29 15:29:55+00:00,GLD261002C00421000
GLD,2026-10-02,382.76,2026-10-02,C,422.0,0.0,0.02,0.02,5.0,184,0.6562534375000001,False,2026-10-01 18:53:00+00:00,GLD261002C00422000
GLD,2026-10-02,382.76,2026-10-02,C,423.0,0.0,0.03,0.02,4.0,146,0.70312796875,False,2026-09-29 16:58:39+00:00,GLD261002C00423000
GLD,2026-10-02,382.76,2026-10-02,C,424.0,0.0,0.01,0.01,1.0,541,0.6562534375000001,False,2026-10-01 17:20:10+00:00,GLD261002C00424000
GLD,2026-10-02,382.76,2026-10-02,C,425.0,0.0,0.03,0.03,410.0,905,0.73437765625,False,2026-10-01 19:48:43+00:00,GLD261002C00425000
GLD,2026-10-02,382.76,2026-10-02,C,426.0,0.0,0.01,0.01,5.0,1469,0.6718782812500002,False,2026-10-01 13:56:04+00:00,GLD261002C00426000
GLD,2026-10-02,382.76,2026-10-02,C,427.0,0.0,0.03,0.02,1.0,385,0.7656273437500001,False,2026-09-29 14:34:09+00:00,GLD261002C00427000
GLD,2026-10-02,382.76,2026-10-02,C,428.0,0.0,0.02,0.02,2.0,333,0.7500025,False,2026-09-29 16:58:39+00:00,GLD261002C00428000
GLD,2026-10-02,382.76,2026-10-02,C,429.0,0.0,0.03,0.01,22.0,153,0.789064609375,False,2026-09-29 18:42:20+00:00,GLD261002C00429000
GLD,2026-10-02,382.76,2026-10-02,C,430.0,0.0,0.03,0.02,203.0,1087,0.804689453125,False,2026-10-01 14:22:09+00:00,GLD261002C00430000
GLD,2026-10-02,382.76,2026-10-02,C,431.0,0.0,0.03,0.01,11.0,80,0.8203142968749999,False,2026-09-29 16:45:58+00:00,GLD261002C00431000
GLD,2026-10-02,382.76,2026-10-02,C,432.0,0.0,0.03,0.02,6.0,104,0.8359391406249999,False,2026-09-28 14:53:16+00:00,GLD261002C00432000
GLD,2026-10-02,382.76,2026-10-02,C,433.0,0.0,0.03,0.01,31.0,212,0.8437515624999999,False,2026-09-29 15:27:56+00:00,GLD261002C00433000
GLD,2026-10-02,382.76,2026-10-02,C,434.0,0.0,0.03,0.03,101.0,104,0.85937640625,False,2026-09-28 17:26:47+00:00,GLD261002C00434000
GLD,2026-10-02,382.76,2026-10-02,C,435.0,0.0,0.03,0.02,1.0,547,0.87500125,False,2026-10-01 16:27:54+00:00,GLD261002C00435000
GLD,2026-10-02,382.76,2026-10-02,C,440.0,0.0,0.01,0.01,28.0,989,0.85937640625,False,2026-09-29 18:00:56+00:00,GLD261002C00440000
GLD,2026-10-02,382.76,2026-10-02,C,445.0,0.0,0.03,0.01,103.0,656,1.015629921875,False,2026-09-28 18:28:49+00:00,GLD261002C00445000
GLD,2026-10-02,382.76,2026-10-02,C,450.0,0.0,0.01,0.01,6.0,1362,0.9687503125,False,2026-10-01 13:48:08+00:00,GLD261002C00450000
GLD,2026-10-02,382.76,2026-10-02,C,455.0,0.0,0.03,0.02,3.0,375,1.15625421875,False,2026-09-25 19:53:24+00:00,GLD261002C00455000
GLD,2026-10-02,382.76,2026-10-02,C,460.0,0.0,0.03,0.02,31.0,359,1.21875390625,False,2026-09-28 13:58:05+00:00,GLD261002C00460000
GLD,2026-10-02,382.76,2026-10-02,C,465.0,0.0,0.01,0.03,1.0,325,1.15625421875,False,2026-10-01 13:30:00+00:00,GLD261002C00465000
GLD,2026-10-02,382.76,2026-10-02,C,470.0,0.0,0.01,0.01,15.0,341,1.21875390625,False,2026-09-28 13:59:56+00:00,GLD261002C00470000
GLD,2026-10-02,382.76,2026-10-02,C,475.0,0.0,0.03,0.01,2.0,194,1.40625296875,False,2026-09-30 16:35:33+00:00,GLD261002C00475000
GLD,2026-10-02,382.76,2026-10-02,C,480.0,0.0,0.01,0.01,3.0,303,1.3437532812499997,False,2026-09-30 15:34:15+00:00,GLD261002C00480000
GLD,2026-10-02,382.76,2026-10-02,C,485.0,0.0,0.03,0.01,2.0,450,1.5312523437499999,False,2026-09-30 14:02:19+00:00,GLD261002C00485000
GLD,2026-10-02,382.76,2026-10-02,C,490.0,0.0,0.01,0.03,10.0,612,1.4375028125,False,2026-09-24 16:19:51+00:00,GLD261002C00490000
GLD,2026-10-02,382.76,2026-10-02,C,495.0,0.0,0.01,0.02,6.0,22,1.5000025,False,2026-09-21 18:24:37+00:00,GLD261002C00495000
GLD,2026-10-02,382.76,2026-10-02,C,500.0,0.0,0.03,0.02,4.0,199,1.703126484375,False,2026-09-30 15:34:15+00:00,GLD261002C00500000
GLD,2026-10-02,382.76,2026-10-02,C,505.0,0.0,0.07,0.08,1.0,299,1.9062504687500001,False,2026-09-30 17:09:08+00:00,GLD261002C00505000
GLD,2026-10-02,382.76,2026-10-02,C,510.0,0.0,0.07,0.01,40.0,129,1.9609376953125,False,2026-09-25 16:00:42+00:00,GLD261002C00510000
GLD,2026-10-02,382.76,2026-10-02,C,515.0,0.0,0.06,0.04,1.0,4,1.9921875390625,False,2026-09-23 15:47:11+00:00,GLD261002C00515000
GLD,2026-10-02,382.76,2026-10-02,C,520.0,0.0,0.06,0.01,1.0,1108,2.0468798828125,False,2026-10-01 13:30:00+00:00,GLD261002C00520000
GLD,2026-10-02,382.76,2026-10-02,C,525.0,0.0,0.06,0.02,10.0,29,2.1093797265624996,False,2026-09-23 14:43:41+00:00,GLD261002C00525000
GLD,2026-10-02,382.76,2026-10-02,C,530.0,0.0,0.05,0.03,21.0,26,2.1250046874999997,False,2026-09-21 18:52:21+00:00,GLD261002C00530000
GLD,2026-10-02,382.76,2026-10-02,C,535.0,0.0,0.05,0.03,2.0,163,2.1875045312499997,False,2026-09-23 18:16:01+00:00,GLD261002C00535000
GLD,2026-10-02,382.76,2026-10-02,C,540.0,0.0,0.05,0.02,22.0,49,2.2343794140624995,False,2026-09-22 19:02:58+00:00,GLD261002C00540000
GLD,2026-10-02,382.76,2026-10-02,C,545.0,0.0,0.02,0.01,1.0,116,2.1250046874999997,False,2026-09-24 15:37:43+00:00,GLD261002C00545000
GLD,2026-10-02,382.76,2026-10-02,C,550.0,0.0,0.01,0.03,31.0,264,2.0625048437499998,False,2026-09-18 19:08:20+00:00,GLD261002C00550000
GLD,2026-10-02,382.76,2026-10-02,C,555.0,0.0,0.01,0.03,30.0,34,2.1250046874999997,False,2026-09-18 19:18:42+00:00,GLD261002C00555000
GLD,2026-10-02,382.76,2026-10-02,C,560.0,0.0,0.01,0.03,10.0,12,2.1250046874999997,False,2026-09-18 18:27:41+00:00,GLD261002C00560000
GLD,2026-10-02,382.76,2026-10-02,C,565.0,0.0,0.01,0.01,11.0,19,2.1875045312499997,False,2026-09-18 15:35:54+00:00,GLD261002C00565000
GLD,2026-10-02,382.76,2026-10-02,C,570.0,0.0,0.01,0.04,1.0,168,2.2500043749999996,False,2026-09-18 17:25:28+00:00,GLD261002C00570000
GLD,2026-10-02,382.76,2026-10-02,C,575.0,0.0,0.05,0.04,1.0,244,2.593753515625,False,2026-09-18 17:25:16+00:00,GLD261002C00575000
GLD,2026-10-02,382.76,2026-10-02,C,580.0,0.0,0.05,0.01,20.0,150,2.6562533593750004,False,2026-09-18 16:58:57+00:00,GLD261002C00580000
GLD,2026-10-02,382.76,2026-10-02,C,585.0,0.0,0.05,0.03,1.0,5,2.68750328125,False,2026-09-14 15:39:18+00:00,GLD261002C00585000
GLD,2026-10-02,382.76,2026-10-02,C,590.0,0.0,0.01,0.01,1.0,265,2.43750390625,False,2026-09-22 19:17:44+00:00,GLD261002C00590000
GLD,2026-10-02,382.76,2026-10-02,C,595.0,0.0,0.01,0.03,3.0,6,2.43750390625,False,2026-09-16 18:17:58+00:00,GLD261002C00595000
GLD,2026-10-02,382.76,2026-10-02,C,600.0,0.0,0.01,0.04,3.0,78,2.50000375,False,2026-09-16 18:08:15+00:00,GLD261002C00600000
GLD,2026-10-02,382.76,2026-10-02,C,605.0,0.0,0.01,0.04,6.0,34,2.56250359375,False,2026-09-16 18:07:43+00:00,GLD261002C00605000
GLD,2026-10-02,382.76,2026-10-02,C,610.0,0.0,0.05,0.04,6.0,175,2.93750265625,False,2026-09-15 17:00:06+00:00,GLD261002C00610000
GLD,2026-10-02,382.76,2026-10-02,C,615.0,0.0,0.05,0.1,1.0,188,2.9843775390625,False,2026-09-09 19:10:27+00:00,GLD261002C00615000
GLD,2026-10-02,382.76,2026-10-02,C,620.0,0.0,0.05,0.09,1.0,22,3.031252421875,False,2026-08-31 15:45:25+00:00,GLD261002C00620000
GLD,2026-10-02,382.76,2026-10-02,C,625.0,0.0,0.02,0.11,4.0,9,2.8750028125,False,2026-08-31 15:45:18+00:00,GLD261002C00625000
GLD,2026-10-02,382.76,2026-10-02,C,630.0,0.0,0.05,0.04,1.0,461,3.1250021875,False,2026-09-28 16:23:50+00:00,GLD261002C00630000
GLD,2026-10-02,382.76,2026-10-02,C,635.0,0.0,0.05,0.1,,4,3.156252109375,False,2026-08-26 19:36:33+00:00,GLD261002C00635000
GLD,2026-10-02,382.76,2026-10-02,C,640.0,0.0,0.01,0.04,1.0,3,2.81250296875,False,2026-08-31 16:02:39+00:00,GLD261002C00640000
GLD,2026-10-02,382.76,2026-10-02,C,645.0,0.0,0.01,0.16,8.0,8,2.8750028125,False,2026-08-26 19:37:00+00:00,GLD261002C00645000
GLD,2026-10-02,382.76,2026-10-02,C,650.0,0.0,0.01,0.02,2.0,2284,2.8750028125,False,2026-09-16 14:50:44+00:00,GLD261002C00650000
GLD,2026-10-02,382.76,2026-10-02,P,205.0,0.0,0.01,0.03,2.0,4,3.50000125,False,2026-09-21 13:50:11+00:00,GLD261002P00205000
GLD,2026-10-02,382.76,2026-10-02,P,210.0,0.0,0.05,0.01,,1,3.8750003125,False,2026-09-09 17:15:41+00:00,GLD261002P00210000
GLD,2026-10-02,382.76,2026-10-02,P,240.0,0.0,0.05,0.04,2.0,0,3.06250234375,False,2026-08-25 17:18:25+00:00,GLD261002P00240000
GLD,2026-10-02,382.76,2026-10-02,P,250.0,0.0,0.05,0.03,15.0,16,2.81250296875,False,2026-09-11 18:05:09+00:00,GLD261002P00250000
GLD,2026-10-02,382.76,2026-10-02,P,255.0,0.0,0.05,0.06,6.0,7,2.68750328125,False,2026-09-14 15:56:35+00:00,GLD261002P00255000
GLD,2026-10-02,382.76,2026-10-02,P,260.0,0.0,0.05,0.02,4.0,2,2.56250359375,False,2026-09-14 17:16:06+00:00,GLD261002P00260000
GLD,2026-10-02,382.76,2026-10-02,P,265.0,0.0,0.05,0.08,15.0,18,2.4531288671875,False,2026-09-16 19:00:52+00:00,GLD261002P00265000
GLD,2026-10-02,382.76,2026-10-02,P,270.0,0.0,0.05,0.01,3.0,76,2.3437541406249993,False,2026-09-28 14:36:49+00:00,GLD261002P00270000
GLD,2026-10-02,382.76,2026-10-02,P,275.0,0.0,0.05,0.01,2.0,7,2.2187544531249994,False,2026-10-01 14:11:27+00:00,GLD261002P00275000
GLD,2026-10-02,382.76,2026-10-02,P,280.0,0.0,0.05,0.02,1.0,11,2.1093797265624996,False,2026-09-21 16:58:41+00:00,GLD261002P00280000
GLD,2026-10-02,382.76,2026-10-02,P,285.0,0.0,0.05,0.01,18.0,35,2.000005,False,2026-09-28 14:16:02+00:00,GLD261002P00285000
GLD,2026-10-02,382.76,2026-10-02,P,290.0,0.0,0.03,0.01,20.0,301,1.8125009374999999,False,2026-10-01 15:20:23+00:00,GLD261002P00290000
GLD,2026-10-02,382.76,2026-10-02,P,295.0,0.0,0.05,0.01,4.0,98,1.78125109375,False,2026-10-01 15:29:01+00:00,GLD261002P00295000
GLD,2026-10-02,382.76,2026-10-02,P,300.0,0.0,0.03,0.01,8.0,556,1.5937520312499998,False,2026-09-28 19:38:05+00:00,GLD261002P00300000
GLD,2026-10-02,382.76,2026-10-02,P,305.0,0.0,0.05,0.01,41.0,145,1.5781271093749998,False,2026-09-29 13:42:51+00:00,GLD261002P00305000
GLD,2026-10-02,382.76,2026-10-02,P,310.0,0.0,0.01,0.02,54.0,177,1.2812535937499998,False,2026-09-29 16:13:02+00:00,GLD261002P00310000
GLD,2026-10-02,382.76,2026-10-02,P,315.0,0.0,0.08,0.05,3.0,415,1.4375028125,False,2026-09-28 19:33:18+00:00,GLD261002P00315000
GLD,2026-10-02,382.76,2026-10-02,P,320.0,0.0,0.07,0.08,2.0,182,1.3125034374999998,False,2026-09-28 14:52:19+00:00,GLD261002P00320000
GLD,2026-10-02,382.76,2026-10-02,P,325.0,0.0,0.06,0.01,2.0,1341,1.1953165234375,False,2026-09-29 20:06:06+00:00,GLD261002P00325000
GLD,2026-10-02,382.76,2026-10-02,P,330.0,0.0,0.06,0.01,10.0,79,1.09375453125,False,2026-09-30 19:19:07+00:00,GLD261002P00330000
GLD,2026-10-02,382.76,2026-10-02,P,335.0,0.0,0.03,0.02,3.0,435,0.92187578125,False,2026-10-01 15:24:08+00:00,GLD261002P00335000
GLD,2026-10-02,382.76,2026-10-02,P,340.0,0.0,0.03,0.01,7.0,143,0.8281267187499999,False,2026-09-30 19:36:06+00:00,GLD261002P00340000
GLD,2026-10-02,382.76,2026-10-02,P,345.0,0.0,0.02,0.01,1.0,2152,0.70312796875,False,2026-09-30 19:36:20+00:00,GLD261002P00345000
GLD,2026-10-02,382.76,2026-10-02,P,346.0,0.0,0.03,0.01,2.0,84,0.7187528125,False,2026-10-01 17:52:25+00:00,GLD261002P00346000
GLD,2026-10-02,382.76,2026-10-02,P,347.0,0.0,0.01,0.01,27.0,64,0.6250037500000001,False,2026-10-01 13:59:46+00:00,GLD261002P00347000
GLD,2026-10-02,382.76,2026-10-02,P,348.0,0.0,0.01,0.01,4.0,99,0.6093789062500001,False,2026-10-01 20:10:50+00:00,GLD261002P00348000
GLD,2026-10-02,382.76,2026-10-02,P,349.0,0.0,0.1,0.04,16.0,130,0.7617211328125001,False,2026-09-30 14:26:47+00:00,GLD261002P00349000
GLD,2026-10-02,382.76,2026-10-02,P,350.0,0.0,0.03,0.01,27.0,5186,0.64062859375,False,2026-10-01 16:14:32+00:00,GLD261002P00350000
GLD,2026-10-02,382.76,2026-10-02,P,351.0,0.0,0.01,0.01,23.0,58,0.5625043750000001,False,2026-10-01 15:02:12+00:00,GLD261002P00351000
GLD,2026-10-02,382.76,2026-10-02,P,352.0,0.0,0.03,0.01,33.0,558,0.6093789062500001,False,2026-10-01 16:57:22+00:00,GLD261002P00352000
GLD,2026-10-02,382.76,2026-10-02,P,353.0,0.0,0.03,0.01,3.0,61,0.585941640625,False,2026-10-01 16:57:39+00:00,GLD261002P00353000
GLD,2026-10-02,382.76,2026-10-02,P,354.0,0.0,0.03,0.01,4.0,87,0.570316796875,False,2026-10-01 16:57:49+00:00,GLD261002P00354000
GLD,2026-10-02,382.76,2026-10-02,P,355.0,0.0,0.02,0.01,14.0,1020,0.5312546875,False,2026-10-01 16:58:06+00:00,GLD261002P00355000
GLD,2026-10-02,382.76,2026-10-02,P,356.0,0.0,0.02,0.01,373.0,118,0.507817421875,False,2026-10-01 18:08:36+00:00,GLD261002P00356000
GLD,2026-10-02,382.76,2026-10-02,P,357.0,0.0,0.02,0.01,135.0,85,0.5312546875,False,2026-10-01 18:01:27+00:00,GLD261002P00357000
GLD,2026-10-02,382.76,2026-10-02,P,358.0,0.0,0.02,0.01,103.0,153,0.5117236328125,False,2026-10-01 18:05:51+00:00,GLD261002P00358000
GLD,2026-10-02,382.76,2026-10-02,P,359.0,0.0,0.01,0.01,345.0,143,0.45313046875,False,2026-10-01 19:40:16+00:00,GLD261002P00359000
GLD,2026-10-02,382.76,2026-10-02,P,360.0,0.0,0.01,0.01,688.0,1929,0.437505625,False,2026-10-01 20:07:41+00:00,GLD261002P00360000
GLD,2026-10-02,382.76,2026-10-02,P,361.0,0.0,0.01,0.01,10.0,114,0.42188078125,False,2026-10-01 20:01:40+00:00,GLD261002P00361000
GLD,2026-10-02,382.76,2026-10-02,P,362.0,0.01,0.02,0.01,124.0,275,0.437505625,False,2026-10-01 20:10:10+00:00,GLD261002P00362000
GLD,2026-10-02,382.76,2026-10-02,P,363.0,0.01,0.04,0.02,10.0,2081,0.45313046875,False,2026-10-01 15:35:38+00:00,GLD261002P00363000
GLD,2026-10-02,382.76,2026-10-02,P,364.0,0.01,0.04,0.02,213.0,1525,0.4335994140625,False,2026-10-01 19:48:03+00:00,GLD261002P00364000
GLD,2026-10-02,382.76,2026-10-02,P,365.0,0.01,0.04,0.02,213.0,1195,0.414068359375,False,2026-10-01 20:10:42+00:00,GLD261002P00365000
GLD,2026-10-02,382.76,2026-10-02,P,366.0,0.01,0.06,0.02,17.0,205,0.41602146484374997,False,2026-10-01 19:41:49+00:00,GLD261002P00366000
GLD,2026-10-02,382.76,2026-10-02,P,367.0,0.02,0.06,0.04,98.0,1119,0.39453730468750003,False,2026-10-01 19:52:57+00:00,GLD261002P00367000
GLD,2026-10-02,382.76,2026-10-02,P,368.0,0.03,0.05,0.04,98.0,269,0.3632876171875,False,2026-10-01 19:56:35+00:00,GLD261002P00368000
GLD,2026-10-02,382.76,2026-10-02,P,369.0,0.04,0.06,0.05,99.0,1922,0.35156898437499995,False,2026-10-01 20:08:18+00:00,GLD261002P00369000
GLD,2026-10-02,382.76,2026-10-02,P,370.0,0.05,0.07,0.07,774.0,3706,0.33789724609375,False,2026-10-01 20:14:57+00:00,GLD261002P00370000
GLD,2026-10-02,382.76,2026-10-02,P,371.0,0.06,0.1,0.08,42.0,1368,0.335944140625,False,2026-10-01 19:49:15+00:00,GLD261002P00371000
GLD,2026-10-02,382.76,2026-10-02,P,372.0,0.1,0.13,0.12,150.0,1415,0.32813171874999997,False,2026-10-01 20:12:20+00:00,GLD261002P00372000
GLD,2026-10-02,382.76,2026-10-02,P,373.0,0.11,0.15,0.12,227.0,399,0.31250687499999996,False,2026-10-01 20:01:37+00:00,GLD261002P00373000
GLD,2026-10-02,382.76,2026-10-02,P,374.0,0.15,0.18,0.18,495.0,682,0.29834686035156244,False,2026-10-01 20:12:58+00:00,GLD261002P00374000
GLD,2026-10-02,382.76,2026-10-02,P,375.0,0.2,0.23,0.23,1727.0,2266,0.2880930566406249,False,2026-10-01 20:11:19+00:00,GLD261002P00375000
GLD,2026-10-02,382.76,2026-10-02,P,376.0,0.27,0.31,0.31,3227.0,1145,0.282233740234375,False,2026-10-01 20:10:39+00:00,GLD261002P00376000
GLD,2026-10-02,382.76,2026-10-02,P,377.0,0.37,0.41,0.4,1427.0,1451,0.2749095947265625,False,2026-10-01 20:14:51+00:00,GLD261002P00377000
GLD,2026-10-02,382.76,2026-10-02,P,378.0,0.51,0.56,0.53,357.0,548,0.2710033837890625,False,2026-10-01 20:12:01+00:00,GLD261002P00378000
GLD,2026-10-02,382.76,2026-10-02,P,379.0,0.67,0.74,0.74,493.0,1220,0.2651440673828125,False,2026-10-01 20:09:23+00:00,GLD261002P00379000
GLD,2026-10-02,382.76,2026-10-02,P,380.0,0.93,0.98,0.96,1994.0,12006,0.26050544189453123,False,2026-10-01 20:14:54+00:00,GLD261002P00380000
GLD,2026-10-02,382.76,2026-10-02,P,381.0,1.21,1.31,1.31,1862.0,716,0.25977302734375,False,2026-10-01 20:08:48+00:00,GLD261002P00381000
GLD,2026-10-02,382.76,2026-10-02,P,382.0,1.61,1.72,1.69,930.0,1211,0.2602613037109375,False,2026-10-01 20:12:01+00:00,GLD261002P00382000
GLD,2026-10-02,382.76,2026-10-02,P,383.0,2.08,2.18,2.12,347.0,927,0.2573316455078125,True,2026-10-01 20:14:40+00:00,GLD261002P00383000
GLD,2026-10-02,382.76,2026-10-02,P,384.0,2.59,2.78,2.76,67.0,879,0.26270268554687504,True,2026-10-01 19:54:35+00:00,GLD261002P00384000
GLD,2026-10-02,382.76,2026-10-02,P,385.0,3.1,3.5,3.45,309.0,1362,0.27466545654296876,True,2026-10-01 19:58:50+00:00,GLD261002P00385000
GLD,2026-10-02,382.76,2026-10-02,P,386.0,3.75,4.2,4.15,12.0,315,0.2756420092773437,True,2026-10-01 17:30:02+00:00,GLD261002P00386000
GLD,2026-10-02,382.76,2026-10-02,P,387.0,4.5,5.0,4.78,58.0,627,0.2836985693359374,True,2026-10-01 20:11:18+00:00,GLD261002P00387000
GLD,2026-10-02,382.76,2026-10-02,P,388.0,5.4,5.8,5.6,126.0,408,0.2841868457031249,True,2026-10-01 20:05:55+00:00,GLD261002P00388000
GLD,2026-10-02,382.76,2026-10-02,P,389.0,6.2,6.7,6.24,13.0,501,0.2963937548828125,True,2026-10-01 18:36:26+00:00,GLD261002P00389000
GLD,2026-10-02,382.76,2026-10-02,P,390.0,7.2,7.6,7.4,320.0,1339,0.30371790039062496,True,2026-10-01 20:14:56+00:00,GLD261002P00390000
GLD,2026-10-02,382.76,2026-10-02,P,391.0,7.9,8.55,8.36,11.0,231,0.3193427441406249,True,2026-10-01 18:54:32+00:00,GLD261002P00391000
GLD,2026-10-02,382.76,2026-10-02,P,392.0,8.95,9.5,9.25,25.0,1096,0.331061376953125,True,2026-10-01 19:29:33+00:00,GLD261002P00392000
GLD,2026-10-02,382.76,2026-10-02,P,393.0,9.8,10.5,9.95,36.0,736,0.35742830078125,True,2026-10-01 16:50:36+00:00,GLD261002P00393000
GLD,2026-10-02,382.76,2026-10-02,P,394.0,10.8,11.5,11.27,27.0,189,0.3833069482421875,True,2026-10-01 19:59:32+00:00,GLD261002P00394000
GLD,2026-10-02,382.76,2026-10-02,P,395.0,11.8,12.5,12.27,140.0,485,0.40869731933593745,True,2026-10-01 19:52:13+00:00,GLD261002P00395000
GLD,2026-10-02,382.76,2026-10-02,P,396.0,12.8,13.6,13.89,7.0,138,0.4682670361328125,True,2026-10-01 15:58:30+00:00,GLD261002P00396000
GLD,2026-10-02,382.76,2026-10-02,P,397.0,13.7,14.7,13.6,69.0,42,0.52539537109375,True,2026-10-01 19:39:31+00:00,GLD261002P00397000
GLD,2026-10-02,382.76,2026-10-02,P,398.0,14.65,15.65,14.55,62.0,39,0.5361374511718751,True,2026-10-01 19:39:31+00:00,GLD261002P00398000
GLD,2026-10-02,382.76,2026-10-02,P,399.0,15.8,16.55,16.47,15.0,7,0.526371923828125,True,2026-10-01 17:09:05+00:00,GLD261002P00399000
GLD,2026-10-02,382.76,2026-10-02,P,400.0,16.8,17.6,16.85,336.0,78,0.5698285205078125,True,2026-10-01 19:36:58+00:00,GLD261002P00400000
GLD,2026-10-02,382.76,2026-10-02,P,401.0,17.7,18.8,19.44,12.0,8,0.6611362011718751,True,2026-10-01 17:03:54+00:00,GLD261002P00401000
GLD,2026-10-02,382.76,2026-10-02,P,402.0,18.55,19.95,18.45,300.0,63,0.7309597216796875,True,2026-10-01 19:36:58+00:00,GLD261002P00402000
GLD,2026-10-02,382.76,2026-10-02,P,403.0,19.8,20.6,20.96,8.0,5,0.6425816992187501,True,2026-10-01 15:48:10+00:00,GLD261002P00403000
GLD,2026-10-02,382.76,2026-10-02,P,404.0,20.0,21.5,21.95,8.0,2,0.62305064453125,True,2026-10-01 15:48:10+00:00,GLD261002P00404000
GLD,2026-10-02,382.76,2026-10-02,P,405.0,21.7,22.8,22.21,48.0,6,0.76367423828125,True,2026-10-01 20:12:04+00:00,GLD261002P00405000
GLD,2026-10-02,382.76,2026-10-02,P,406.0,22.6,23.7,23.19,46.0,0,0.752932158203125,True,2026-10-01 20:12:04+00:00,GLD261002P00406000
GLD,2026-10-02,382.76,2026-10-02,P,407.0,23.5,24.75,25.35,2.0,0,0.7954122021484374,True,2026-10-01 17:04:43+00:00,GLD261002P00407000
GLD,2026-10-02,382.76,2026-10-02,P,408.0,24.75,25.65,26.0,8.0,2,0.7812521875,True,2026-10-01 16:35:01+00:00,GLD261002P00408000
GLD,2026-10-02,382.76,2026-10-02,P,409.0,25.65,26.85,27.0,12.0,5,0.8793957373046875,True,2026-10-01 16:35:01+00:00,GLD261002P00409000
GLD,2026-10-02,382.76,2026-10-02,P,410.0,26.8,27.5,27.0,276.0,47,0.754885263671875,True,2026-10-01 19:36:58+00:00,GLD261002P00410000
GLD,2026-10-02,382.76,2026-10-02,P,411.0,27.15,29.85,30.05,5.0,5,0.7763694238281251,True,2026-09-30 19:29:11+00:00,GLD261002P00411000
GLD,2026-10-02,382.76,2026-10-02,P,412.0,28.65,29.6,29.95,8.0,8,0.84961087890625,True,2026-10-01 16:34:51+00:00,GLD261002P00412000
GLD,2026-10-02,382.76,2026-10-02,P,413.0,29.55,30.7,30.95,8.0,0,0.9169930175781251,True,2026-10-01 16:34:51+00:00,GLD261002P00413000
GLD,2026-10-02,382.76,2026-10-02,P,414.0,30.15,32.85,21.2,2.0,0,0.8398453515625,True,2026-09-25 18:15:56+00:00,GLD261002P00414000
GLD,2026-10-02,382.76,2026-10-02,P,415.0,31.8,32.55,32.65,45.0,14,0.8896495410156249,True,2026-10-01 19:38:04+00:00,GLD261002P00415000
GLD,2026-10-02,382.76,2026-10-02,P,416.0,32.4,34.85,22.49,1.0,0,0.9492192578124999,True,2026-09-25 19:03:31+00:00,GLD261002P00416000
GLD,2026-10-02,382.76,2026-10-02,P,417.0,33.75,34.6,34.97,10.0,0,0.9589847851562499,True,2026-10-01 16:35:32+00:00,GLD261002P00417000
GLD,2026-10-02,382.76,2026-10-02,P,418.0,34.65,35.65,35.97,10.0,0,1.0048877880859375,True,2026-10-01 16:35:32+00:00,GLD261002P00418000
GLD,2026-10-02,382.76,2026-10-02,P,419.0,35.65,36.6,36.54,2.0,0,1.0009815576171874,True,2026-10-01 16:09:32+00:00,GLD261002P00419000
GLD,2026-10-02,382.76,2026-10-02,P,420.0,36.75,37.6,36.9,85.0,29,1.0224658251953125,True,2026-10-01 19:39:31+00:00,GLD261002P00420000
GLD,2026-10-02,382.76,2026-10-02,P,421.0,37.35,39.85,30.85,1.0,1,1.0429735351562504,True,2026-09-24 14:49:26+00:00,GLD261002P00421000
GLD,2026-10-02,382.76,2026-10-02,P,422.0,38.75,39.6,42.76,2.0,3,1.0644578027343752,True,2026-09-28 16:47:47+00:00,GLD261002P00422000
GLD,2026-10-02,382.76,2026-10-02,P,423.0,39.35,41.85,24.47,7.0,1,1.0849655126953124,True,2026-09-17 19:13:28+00:00,GLD261002P00423000
GLD,2026-10-02,382.76,2026-10-02,P,424.0,40.35,42.85,33.68,4.0,0,1.1054732226562503,True,2026-09-24 14:51:07+00:00,GLD261002P00424000
GLD,2026-10-02,382.76,2026-10-02,P,425.0,41.45,42.85,33.36,2.0,6,1.2490271923828122,True,2026-09-24 19:59:15+00:00,GLD261002P00425000
GLD,2026-10-02,382.76,2026-10-02,P,426.0,42.35,44.7,27.35,1.0,1,1.0996138769531252,True,2026-09-18 13:51:47+00:00,GLD261002P00426000
GLD,2026-10-02,382.76,2026-10-02,P,427.0,43.45,44.75,44.48,1.0,0,1.2460975195312498,True,2026-10-01 20:01:56+00:00,GLD261002P00427000
GLD,2026-10-02,382.76,2026-10-02,P,428.0,44.5,45.95,45.46,1.0,4,1.3564485302734375,True,2026-10-01 20:01:56+00:00,GLD261002P00428000
GLD,2026-10-02,382.76,2026-10-02,P,429.0,45.35,47.7,46.81,3.0,0,1.158207333984375,True,2026-09-29 19:47:37+00:00,GLD261002P00429000
GLD,2026-10-02,382.76,2026-10-02,P,430.0,46.65,47.85,47.85,524.0,76,0.7812521875,True,2026-10-01 19:36:58+00:00,GLD261002P00430000
GLD,2026-10-02,382.76,2026-10-02,P,431.0,47.55,48.75,48.62,10.0,0,1.3300814746093748,True,2026-10-01 16:09:22+00:00,GLD261002P00431000
GLD,2026-10-02,382.76,2026-10-02,P,433.0,49.6,50.8,51.05,2.0,0,1.396487392578125,True,2026-10-01 16:34:30+00:00,GLD261002P00433000
GLD,2026-10-02,382.76,2026-10-02,P,435.0,51.65,52.75,52.06,1.0,0,1.4121123144531251,True,2026-09-15 19:37:14+00:00,GLD261002P00435000
GLD,2026-10-02,382.76,2026-10-02,P,440.0,56.6,57.5,57.27,8.0,7,1.3457063964843747,True,2026-09-29 19:47:40+00:00,GLD261002P00440000
GLD,2026-10-02,382.76,2026-10-02,P,445.0,61.6,62.75,62.64,7.0,0,1.609376953125,True,2026-09-29 19:47:40+00:00,GLD261002P00445000
GLD,2026-10-02,382.76,2026-10-02,P,450.0,66.65,67.85,70.04,12.0,0,1.0468797656250002,True,2026-09-28 13:33:01+00:00,GLD261002P00450000
GLD,2026-10-02,382.76,2026-10-02,P,455.0,71.65,72.85,76.48,1.0,0,1.109379453125,True,2026-09-28 14:46:03+00:00,GLD261002P00455000
GLD,2026-10-02,382.76,2026-10-02,P,460.0,76.15,78.7,77.79,1.0,1,1.61328318359375,True,2026-09-29 19:47:37+00:00,GLD261002P00460000
GLD,2026-10-02,382.76,2026-10-05,C,377.0,6.55,7.0,6.9,23.0,17,0.21204401245117185,True,2026-10-01 19:00:33+00:00,GLD261005C00377000
GLD,2026-10-02,382.76,2026-10-05,C,380.0,4.35,4.8,4.53,71.0,287,0.2030108996582031,True,2026-10-01 20:14:49+00:00,GLD261005C00380000
GLD,2026-10-02,382.76,2026-10-05,C,381.0,3.75,4.15,3.92,32.0,238,0.20020331054687499,True,2026-10-01 19:27:47+00:00,GLD261005C00381000
GLD,2026-10-02,382.76,2026-10-05,C,383.0,2.68,2.87,2.85,267.0,174,0.18689777954101564,False,2026-10-01 20:02:19+00:00,GLD261005C00383000
GLD,2026-10-02,382.76,2026-10-05,C,384.0,2.23,2.39,2.33,191.0,57,0.1854329504394531,False,2026-10-01 20:14:17+00:00,GLD261005C00384000
GLD,2026-10-02,382.76,2026-10-05,C,385.0,1.83,1.97,1.9,267.0,151,0.18433432861328125,False,2026-10-01 20:12:47+00:00,GLD261005C00385000
GLD,2026-10-02,382.76,2026-10-05,C,387.0,1.18,1.31,1.27,90.0,186,0.1840901904296875,False,2026-10-01 19:54:44+00:00,GLD261005C00387000
GLD,2026-10-02,382.76,2026-10-05,C,388.0,0.96,1.06,1.01,165.0,69,0.1848226049804687,False,2026-10-01 20:14:49+00:00,GLD261005C00388000
GLD,2026-10-02,382.76,2026-10-05,C,389.0,0.76,0.86,0.84,62.0,308,0.18640950317382812,False,2026-10-01 20:03:26+00:00,GLD261005C00389000
GLD,2026-10-02,382.76,2026-10-05,C,390.0,0.62,0.68,0.67,1813.0,483,0.18677571044921876,False,2026-10-01 20:14:35+00:00,GLD261005C00390000
GLD,2026-10-02,382.76,2026-10-05,C,391.0,0.49,0.56,0.54,38.0,51,0.1901936450195313,False,2026-10-01 20:14:32+00:00,GLD261005C00391000
GLD,2026-10-02,382.76,2026-10-05,C,392.0,0.39,0.45,0.45,99.0,68,0.19214675048828128,False,2026-10-01 20:13:36+00:00,GLD261005C00392000
GLD,2026-10-02,382.76,2026-10-05,C,393.0,0.3,0.4,0.41,71.0,99,0.1997150341796875,False,2026-10-01 17:50:21+00:00,GLD261005C00393000
GLD,2026-10-02,382.76,2026-10-05,C,394.0,0.23,0.34,0.32,194.0,210,0.20459779785156246,False,2026-10-01 18:42:46+00:00,GLD261005C00394000
GLD,2026-10-02,382.76,2026-10-05,C,395.0,0.2,0.24,0.21,619.0,827,0.20069158691406247,False,2026-10-01 19:57:24+00:00,GLD261005C00395000
GLD,2026-10-02,382.76,2026-10-05,C,396.0,0.16,0.26,0.2,18.0,52,0.21680470703125,False,2026-10-01 20:14:25+00:00,GLD261005C00396000
GLD,2026-10-02,382.76,2026-10-05,C,397.0,0.13,0.2,0.2,13.0,137,0.21656056884765623,False,2026-10-01 17:26:36+00:00,GLD261005C00397000
GLD,2026-10-02,382.76,2026-10-05,C,398.0,0.1,0.17,0.12,17.0,162,0.22071091796874998,False,2026-10-01 20:01:16+00:00,GLD261005C00398000
GLD,2026-10-02,382.76,2026-10-05,C,399.0,0.09,0.14,0.12,15.0,53,0.22364057617187497,False,2026-10-01 19:15:19+00:00,GLD261005C00399000
GLD,2026-10-02,382.76,2026-10-05,C,400.0,0.07,0.11,0.11,423.0,978,0.22510540527343748,False,2026-10-01 20:02:46+00:00,GLD261005C00400000
GLD,2026-10-02,382.76,2026-10-05,C,401.0,0.05,0.12,0.09,87.0,132,0.23926541992187497,False,2026-10-01 17:13:46+00:00,GLD261005C00401000
GLD,2026-10-02,382.76,2026-10-05,C,402.0,0.05,0.11,0.07,18.0,660,0.2461012890625,False,2026-10-01 15:49:28+00:00,GLD261005C00402000
GLD,2026-10-02,382.76,2026-10-05,C,403.0,0.04,0.11,0.05,14.0,40,0.25586681640625003,False,2026-10-01 15:39:07+00:00,GLD261005C00403000
GLD,2026-10-02,382.76,2026-10-05,C,404.0,0.03,0.08,0.11,2.0,39,0.252937158203125,False,2026-10-01 15:23:13+00:00,GLD261005C00404000
GLD,2026-10-02,382.76,2026-10-05,C,405.0,0.04,0.07,0.05,39.0,1910,0.257819921875,False,2026-10-01 20:04:09+00:00,GLD261005C00405000
GLD,2026-10-02,382.76,2026-10-05,C,406.0,0.02,0.09,0.1,2.0,224,0.27735097656249996,False,2026-10-01 15:30:57+00:00,GLD261005C00406000
GLD,2026-10-02,382.76,2026-10-05,C,407.0,0.02,0.07,0.04,2.0,46,0.27637442382812494,False,2026-10-01 15:30:57+00:00,GLD261005C00407000
GLD,2026-10-02,382.76,2026-10-05,C,408.0,0.02,0.07,0.08,6.0,46,0.28613995117187496,False,2026-10-01 15:22:48+00:00,GLD261005C00408000
GLD,2026-10-02,382.76,2026-10-05,C,409.0,0.01,0.07,0.05,14.0,52,0.29492892578124996,False,2026-10-01 16:25:00+00:00,GLD261005C00409000
GLD,2026-10-02,382.76,2026-10-05,C,410.0,0.01,0.05,0.03,3.0,527,0.2910227148437499,False,2026-10-01 15:53:09+00:00,GLD261005C00410000
GLD,2026-10-02,382.76,2026-10-05,C,411.0,0.01,0.1,0.01,1.0,81,0.331061376953125,False,2026-10-01 15:26:48+00:00,GLD261005C00411000
GLD,2026-10-02,382.76,2026-10-05,C,412.0,0.01,0.08,0.06,1.0,20,0.32910827148437494,False,2026-10-01 15:26:20+00:00,GLD261005C00412000
GLD,2026-10-02,382.76,2026-10-05,C,413.0,0.01,0.05,0.02,10.0,30,0.317389638671875,False,2026-10-01 14:33:26+00:00,GLD261005C00413000
GLD,2026-10-02,382.76,2026-10-05,C,414.0,0.01,0.07,0.11,1.0,19,0.340826904296875,False,2026-10-01 14:30:51+00:00,GLD261005C00414000
GLD,2026-10-02,382.76,2026-10-05,C,415.0,0.01,0.04,0.03,3.0,16,0.32617861328125,False,2026-10-01 18:54:07+00:00,GLD261005C00415000
GLD,2026-10-02,382.76,2026-10-05,C,416.0,0.01,0.06,0.06,2.0,53,0.35156898437499995,False,2026-09-30 19:20:52+00:00,GLD261005C00416000
GLD,2026-10-02,382.76,2026-10-05,C,418.0,0.0,0.04,0.03,4.0,1,0.35156898437499995,False,2026-10-01 18:53:37+00:00,GLD261005C00418000
GLD,2026-10-02,382.76,2026-10-05,C,420.0,0.0,0.1,0.02,104.0,83,0.414068359375,False,2026-09-30 14:47:31+00:00,GLD261005C00420000
GLD,2026-10-02,382.76,2026-10-05,C,421.0,0.0,0.06,0.06,2.0,6,0.39453730468750003,False,2026-10-01 13:40:56+00:00,GLD261005C00421000
GLD,2026-10-02,382.76,2026-10-05,C,422.0,0.0,0.06,0.09,4.0,5,0.40332627929687503,False,2026-10-01 14:33:21+00:00,GLD261005C00422000
GLD,2026-10-02,382.76,2026-10-05,C,423.0,0.0,0.05,0.06,2.0,4,0.4023497265625,False,2026-10-01 13:40:19+00:00,GLD261005C00423000
GLD,2026-10-02,382.76,2026-10-05,C,425.0,0.0,0.05,0.05,2.0,6,0.41797457031249996,False,2026-10-01 17:03:38+00:00,GLD261005C00425000
GLD,2026-10-02,382.76,2026-10-05,C,426.0,0.0,0.05,0.11,1.0,5,0.42774009765625004,False,2026-10-01 13:34:36+00:00,GLD261005C00426000
GLD,2026-10-02,382.76,2026-10-05,C,428.0,0.0,0.02,0.01,4.0,4,0.398443515625,False,2026-10-01 20:12:25+00:00,GLD261005C00428000
GLD,2026-10-02,382.76,2026-10-05,C,429.0,0.0,0.02,0.01,45.0,52,0.4062559375,False,2026-09-30 17:47:15+00:00,GLD261005C00429000
GLD,2026-10-02,382.76,2026-10-05,C,430.0,0.0,0.12,0.04,102.0,61,0.514653291015625,False,2026-09-30 13:49:30+00:00,GLD261005C00430000
GLD,2026-10-02,382.76,2026-10-05,C,435.0,0.0,0.18,0.01,5.0,6,0.5371140039062501,False,2026-09-30 13:38:26+00:00,GLD261005C00435000
GLD,2026-10-02,382.76,2026-10-05,C,445.0,0.0,0.16,0.02,1.0,5,0.6093789062500001,False,2026-09-29 16:52:24+00:00,GLD261005C00445000
GLD,2026-10-02,382.76,2026-10-05,C,450.0,0.0,0.11,0.11,1.0,3,0.6210975390625001,False,2026-09-25 13:45:34+00:00,GLD261005C00450000
GLD,2026-10-02,382.76,2026-10-05,C,455.0,0.0,0.11,0.1,1.0,102,0.6562534375000001,False,2026-09-28 14:17:23+00:00,GLD261005C00455000
GLD,2026-10-02,382.76,2026-10-05,C,460.0,0.0,0.15,0.03,2.0,3,0.7187528125,False,2026-09-25 13:46:42+00:00,GLD261005C00460000
GLD,2026-10-02,382.76,2026-10-05,C,465.0,0.0,0.15,0.09,,1,0.7539087109375,False,2026-09-22 14:19:06+00:00,GLD261005C00465000
GLD,2026-10-02,382.76,2026-10-05,C,470.0,0.0,0.15,0.04,,1,0.79101771484375,False,2026-09-24 16:45:24+00:00,GLD261005C00470000
GLD,2026-10-02,382.76,2026-10-05,C,475.0,0.0,0.01,0.09,2.0,3,0.64062859375,False,2026-09-25 13:46:38+00:00,GLD261005C00475000
GLD,2026-10-02,382.76,2026-10-05,C,480.0,0.0,0.02,0.08,3.0,7,0.70312796875,False,2026-09-25 17:49:48+00:00,GLD261005C00480000
GLD,2026-10-02,382.76,2026-10-05,C,485.0,0.0,0.14,0.06,2.0,2,0.8886729882812499,False,2026-09-24 14:31:43+00:00,GLD261005C00485000
GLD,2026-10-02,382.76,2026-10-05,C,490.0,0.0,0.13,0.05,6.0,7,0.914063359375,False,2026-09-25 18:43:04+00:00,GLD261005C00490000
GLD,2026-10-02,382.76,2026-10-05,C,495.0,0.0,0.02,0.09,1.0,3,0.79687703125,False,2026-09-25 16:04:00+00:00,GLD261005C00495000
GLD,2026-10-02,382.76,2026-10-05,C,500.0,0.0,0.03,0.09,4.0,4,0.851563984375,False,2026-09-24 14:32:52+00:00,GLD261005C00500000
GLD,2026-10-02,382.76,2026-10-05,C,505.0,0.0,0.12,0.1,,1,1.0039112304687499,False,2026-09-22 14:19:51+00:00,GLD261005C00505000
GLD,2026-10-02,382.76,2026-10-05,C,510.0,0.0,0.12,0.03,,1,1.0351610742187503,False,2026-09-22 18:59:09+00:00,GLD261005C00510000
GLD,2026-10-02,382.76,2026-10-05,P,285.0,0.0,0.1,0.04,2.0,3,1.0742233789062503,False,2026-09-28 19:29:10+00:00,GLD261005P00285000
GLD,2026-10-02,382.76,2026-10-05,P,290.0,0.0,0.1,0.03,2.0,6,1.015629921875,False,2026-09-28 19:56:14+00:00,GLD261005P00290000
GLD,2026-10-02,382.76,2026-10-05,P,295.0,0.0,0.11,0.08,1.0,5,0.9687503125,False,2026-09-28 16:44:48+00:00,GLD261005P00295000
GLD,2026-10-02,382.76,2026-10-05,P,300.0,0.0,0.12,0.02,10.0,29,0.92187578125,False,2026-09-30 13:46:11+00:00,GLD261005P00300000
GLD,2026-10-02,382.76,2026-10-05,P,305.0,0.0,0.12,0.1,1.0,4,0.8632826171875,False,2026-09-28 14:54:29+00:00,GLD261005P00305000
GLD,2026-10-02,382.76,2026-10-05,P,310.0,0.0,0.13,0.1,1.0,4,0.8164080859374999,False,2026-09-28 14:32:55+00:00,GLD261005P00310000
GLD,2026-10-02,382.76,2026-10-05,P,315.0,0.0,0.13,0.08,3.0,4,0.7617211328125001,False,2026-09-25 13:59:38+00:00,GLD261005P00315000
GLD,2026-10-02,382.76,2026-10-05,P,320.0,0.0,0.08,0.02,10.0,15,0.6679720703125002,False,2026-09-30 19:17:59+00:00,GLD261005P00320000
GLD,2026-10-02,382.76,2026-10-05,P,325.0,0.0,0.15,0.03,3.0,13,0.6621127539062501,False,2026-09-30 14:29:01+00:00,GLD261005P00325000
GLD,2026-10-02,382.76,2026-10-05,P,330.0,0.0,0.1,0.03,10.0,27,0.57812921875,False,2026-09-30 14:29:21+00:00,GLD261005P00330000
GLD,2026-10-02,382.76,2026-10-05,P,335.0,0.0,0.03,0.01,11.0,3,0.49609878906250005,False,2026-10-01 14:00:59+00:00,GLD261005P00335000
GLD,2026-10-02,382.76,2026-10-05,P,340.0,0.0,0.03,0.04,2.0,11,0.445318046875,False,2026-10-01 14:32:19+00:00,GLD261005P00340000
GLD,2026-10-02,382.76,2026-10-05,P,345.0,0.0,0.03,0.05,2.0,18,0.39649041015625003,False,2026-10-01 14:30:05+00:00,GLD261005P00345000
GLD,2026-10-02,382.76,2026-10-05,P,350.0,0.01,0.03,0.01,87.0,66,0.34766277343749996,False,2026-10-01 18:46:04+00:00,GLD261005P00350000
GLD,2026-10-02,382.76,2026-10-05,P,355.0,0.01,0.03,0.02,25.0,35,0.29688203124999996,False,2026-10-01 18:46:25+00:00,GLD261005P00355000
GLD,2026-10-02,382.76,2026-10-05,P,360.0,0.03,0.04,0.04,96.0,249,0.257819921875,False,2026-10-01 20:11:38+00:00,GLD261005P00360000
GLD,2026-10-02,382.76,2026-10-05,P,365.0,0.06,0.09,0.09,97.0,1344,0.233406103515625,False,2026-10-01 20:01:49+00:00,GLD261005P00365000
GLD,2026-10-02,382.76,2026-10-05,P,370.0,0.15,0.2,0.17,88.0,193,0.20557435058593748,False,2026-10-01 20:05:00+00:00,GLD261005P00370000
GLD,2026-10-02,382.76,2026-10-05,P,375.0,0.47,0.57,0.54,371.0,852,0.187508125,False,2026-10-01 20:14:32+00:00,GLD261005P00375000
GLD,2026-10-02,382.76,2026-10-05,P,376.0,0.61,0.67,0.64,130.0,491,0.18091639404296872,False,2026-10-01 20:12:25+00:00,GLD261005P00376000
GLD,2026-10-02,382.76,2026-10-05,P,377.0,0.77,0.85,0.84,114.0,380,0.179695703125,False,2026-10-01 19:36:05+00:00,GLD261005P00377000
GLD,2026-10-02,382.76,2026-10-05,P,378.0,0.95,1.06,1.03,175.0,160,0.17786466674804688,False,2026-10-01 20:10:38+00:00,GLD261005P00378000
GLD,2026-10-02,382.76,2026-10-05,P,379.0,1.19,1.32,1.31,41.0,91,0.17652190673828128,False,2026-10-01 18:40:21+00:00,GLD261005P00379000
GLD,2026-10-02,382.76,2026-10-05,P,380.0,1.48,1.63,1.51,276.0,438,0.17554535400390625,False,2026-10-01 20:07:18+00:00,GLD261005P00380000
GLD,2026-10-02,382.76,2026-10-05,P,381.0,1.83,1.98,1.92,123.0,71,0.17383638671875,False,2026-10-01 20:10:06+00:00,GLD261005P00381000
GLD,2026-10-02,382.76,2026-10-05,P,382.0,2.22,2.42,2.35,336.0,106,0.17432466308593753,False,2026-10-01 20:10:06+00:00,GLD261005P00382000
GLD,2026-10-02,382.76,2026-10-05,P,383.0,2.69,2.88,2.91,96.0,54,0.1724936267089844,True,2026-10-01 19:53:02+00:00,GLD261005P00383000
GLD,2026-10-02,382.76,2026-10-05,P,384.0,3.2,3.45,3.5,4.0,45,0.17408052490234377,True,2026-10-01 19:04:33+00:00,GLD261005P00384000
GLD,2026-10-02,382.76,2026-10-05,P,385.0,3.75,4.1,4.0,19.0,122,0.1772543212890625,True,2026-10-01 17:30:02+00:00,GLD261005P00385000
GLD,2026-10-02,382.76,2026-10-05,P,386.0,4.35,4.75,4.59,3.0,40,0.17701018310546873,True,2026-10-01 17:30:02+00:00,GLD261005P00386000
GLD,2026-10-02,382.76,2026-10-05,P,387.0,5.05,5.45,5.8,2.0,49,0.176766044921875,True,2026-10-01 15:39:07+00:00,GLD261005P00387000
GLD,2026-10-02,382.76,2026-10-05,P,388.0,5.85,6.25,5.97,23.0,46,0.18079432495117187,True,2026-10-01 19:22:58+00:00,GLD261005P00388000
GLD,2026-10-02,382.76,2026-10-05,P,389.0,6.65,7.05,7.31,2.0,74,0.18201501586914062,True,2026-10-01 18:16:49+00:00,GLD261005P00389000
GLD,2026-10-02,382.76,2026-10-05,P,390.0,7.45,7.9,7.6,26.0,163,0.1848226049804687,True,2026-10-01 19:22:33+00:00,GLD261005P00390000
GLD,2026-10-02,382.76,2026-10-05,P,391.0,8.35,8.8,9.45,3.0,140,0.1901936450195313,True,2026-09-30 14:03:22+00:00,GLD261005P00391000
GLD,2026-10-02,382.76,2026-10-05,P,392.0,9.25,9.7,10.7,1.0,65,0.19336744140625,True,2026-10-01 15:19:36+00:00,GLD261005P00392000
GLD,2026-10-02,382.76,2026-10-05,P,393.0,10.1,10.65,10.82,15.0,34,0.20117986328124998,True,2026-10-01 18:19:58+00:00,GLD261005P00393000
GLD,2026-10-02,382.76,2026-10-05,P,394.0,11.05,11.55,11.9,12.0,67,0.20020331054687499,True,2026-10-01 18:01:43+00:00,GLD261005P00394000
GLD,2026-10-02,382.76,2026-10-05,P,395.0,12.0,12.55,12.9,8.0,44,0.21314263427734376,True,2026-10-01 18:01:42+00:00,GLD261005P00395000
GLD,2026-10-02,382.76,2026-10-05,P,396.0,12.95,13.5,13.19,4.0,14,0.21680470703125,True,2026-10-01 19:33:34+00:00,GLD261005P00396000
GLD,2026-10-02,382.76,2026-10-05,P,397.0,13.95,14.5,16.07,1.0,138,0.22901161621093752,True,2026-09-30 17:05:44+00:00,GLD261005P00397000
GLD,2026-10-02,382.76,2026-10-05,P,398.0,14.95,15.5,15.25,3.0,137,0.241218525390625,True,2026-10-01 17:40:39+00:00,GLD261005P00398000
GLD,2026-10-02,382.76,2026-10-05,P,399.0,15.95,16.5,16.88,1.0,65,0.2534254345703125,True,2026-09-29 14:21:40+00:00,GLD261005P00399000
GLD,2026-10-02,382.76,2026-10-05,P,400.0,16.95,17.5,18.5,2.0,73,0.2651440673828125,True,2026-09-30 14:33:12+00:00,GLD261005P00400000
GLD,2026-10-02,382.76,2026-10-05,P,401.0,17.95,18.5,18.3,5.0,32,0.27686270019531245,True,2026-09-30 14:03:22+00:00,GLD261005P00401000
GLD,2026-10-02,382.76,2026-10-05,P,402.0,18.85,19.5,20.56,2.0,0,0.2885813330078124,True,2026-09-30 15:34:59+00:00,GLD261005P00402000
GLD,2026-10-02,382.76,2026-10-05,P,403.0,19.6,20.7,21.4,2.0,0,0.3398503515625,True,2026-10-01 15:32:55+00:00,GLD261005P00403000
GLD,2026-10-02,382.76,2026-10-05,P,405.0,21.6,22.95,23.95,2.0,0,0.405279384765625,True,2026-10-01 15:04:47+00:00,GLD261005P00405000
GLD,2026-10-02,382.76,2026-10-05,P,407.0,23.45,24.8,25.17,2.0,0,0.4067442138671875,True,2026-10-01 17:07:00+00:00,GLD261005P00407000
GLD,2026-10-02,382.76,2026-10-05,P,408.0,24.5,25.9,26.16,2.0,0,0.43555251953125,True,2026-10-01 17:07:00+00:00,GLD261005P00408000
GLD,2026-10-02,382.76,2026-10-05,P,409.0,25.05,27.85,31.47,20.0,0,0.5730023168945313,True,2026-09-28 14:58:31+00:00,GLD261005P00409000
GLD,2026-10-02,382.76,2026-10-05,P,410.0,26.45,27.65,32.54,6.0,0,0.41358008300781246,True,2026-09-28 20:12:45+00:00,GLD261005P00410000
GLD,2026-10-02,382.76,2026-10-05,P,411.0,27.25,29.7,18.41,,0,0.5837443969726561,True,2026-09-23 14:51:42+00:00,GLD261005P00411000
GLD,2026-10-02,382.76,2026-10-05,P,415.0,31.15,33.85,35.74,6.0,0,0.6564975756835938,True,2026-09-28 18:21:26+00:00,GLD261005P00415000
GLD,2026-10-02,382.76,2026-10-05,P,416.0,32.05,34.85,38.35,2.0,0,0.6699251757812501,True,2026-09-28 15:15:00+00:00,GLD261005P00416000
GLD,2026-10-02,382.76,2026-10-05,P,418.0,34.05,36.85,20.0,,0,0.6967803759765626,True,2026-09-22 17:52:47+00:00,GLD261005P00418000
GLD,2026-10-02,382.76,2026-10-05,P,425.0,41.6,42.75,32.93,,0,0.6020547607421877,True,2026-09-24 19:58:35+00:00,GLD261005P00425000
GLD,2026-10-02,382.76,2026-10-06,C,375.0,8.55,8.95,7.75,22.0,23,0.2205888488769531,True,2026-09-28 17:11:54+00:00,GLD261006C00375000
GLD,2026-10-02,382.76,2026-10-06,C,376.0,7.7,8.1,7.35,1.0,3,0.21460746337890624,True,2026-09-30 15:12:48+00:00,GLD261006C00376000
GLD,2026-10-02,382.76,2026-10-06,C,381.0,4.15,4.45,4.35,17.0,112,0.196297099609375,True,2026-10-01 18:57:58+00:00,GLD261006C00381000
GLD,2026-10-02,382.76,2026-10-06,C,384.0,2.62,2.82,2.69,78.0,52,0.1901936450195313,False,2026-10-01 19:22:44+00:00,GLD261006C00384000
GLD,2026-10-02,382.76,2026-10-06,C,385.0,2.21,2.39,2.43,225.0,226,0.18933916137695314,False,2026-10-01 19:25:48+00:00,GLD261006C00385000
GLD,2026-10-02,382.76,2026-10-06,C,387.0,1.54,1.66,1.61,183.0,45,0.1871419177246094,False,2026-10-01 19:40:42+00:00,GLD261006C00387000
GLD,2026-10-02,382.76,2026-10-06,C,388.0,1.27,1.38,1.32,530.0,706,0.18738605590820312,False,2026-10-01 20:13:43+00:00,GLD261006C00388000
GLD,2026-10-02,382.76,2026-10-06,C,389.0,1.05,1.15,1.14,51.0,23,0.188484677734375,False,2026-10-01 19:41:34+00:00,GLD261006C00389000
GLD,2026-10-02,382.76,2026-10-06,C,390.0,0.86,0.95,0.9,62.0,77,0.18946123046875002,False,2026-10-01 19:50:36+00:00,GLD261006C00390000
GLD,2026-10-02,382.76,2026-10-06,C,391.0,0.71,0.78,0.79,45.0,22,0.19031571411132814,False,2026-10-01 20:02:20+00:00,GLD261006C00391000
GLD,2026-10-02,382.76,2026-10-06,C,392.0,0.58,0.65,0.71,7.0,367,0.19263502685546874,False,2026-10-01 19:23:28+00:00,GLD261006C00392000
GLD,2026-10-02,382.76,2026-10-06,C,393.0,0.47,0.56,0.52,2.0,18,0.19690744506835936,False,2026-10-01 17:18:47+00:00,GLD261006C00393000
GLD,2026-10-02,382.76,2026-10-06,C,394.0,0.42,0.43,0.42,37.0,51,0.1948322705078125,False,2026-10-01 20:13:36+00:00,GLD261006C00394000
GLD,2026-10-02,382.76,2026-10-06,C,395.0,0.31,0.37,0.35,22.0,52,0.1992267578125,False,2026-10-01 20:12:51+00:00,GLD261006C00395000
GLD,2026-10-02,382.76,2026-10-06,C,396.0,0.25,0.33,0.34,9.0,845,0.20508607421874997,False,2026-10-01 15:09:01+00:00,GLD261006C00396000
GLD,2026-10-02,382.76,2026-10-06,C,397.0,0.22,0.26,0.26,12.0,83,0.20508607421874997,False,2026-10-01 20:13:45+00:00,GLD261006C00397000
GLD,2026-10-02,382.76,2026-10-06,C,398.0,0.18,0.22,0.18,13.0,128,0.2082598706054687,False,2026-10-01 20:13:45+00:00,GLD261006C00398000
GLD,2026-10-02,382.76,2026-10-06,C,399.0,0.14,0.19,0.19,826.0,22,0.2124102197265625,False,2026-10-01 20:05:07+00:00,GLD261006C00399000
GLD,2026-10-02,382.76,2026-10-06,C,400.0,0.12,0.16,0.13,295.0,199,0.2153398779296875,False,2026-10-01 20:05:07+00:00,GLD261006C00400000
GLD,2026-10-02,382.76,2026-10-06,C,401.0,0.1,0.15,0.14,25.0,10,0.22266402343749997,False,2026-10-01 19:04:51+00:00,GLD261006C00401000
GLD,2026-10-02,382.76,2026-10-06,C,402.0,0.09,0.13,0.17,38.0,156,0.22657023437499998,False,2026-10-01 17:44:08+00:00,GLD261006C00402000
GLD,2026-10-02,382.76,2026-10-06,C,403.0,0.08,0.12,0.14,46.0,76,0.23242955078125,False,2026-10-01 18:07:06+00:00,GLD261006C00403000
GLD,2026-10-02,382.76,2026-10-06,C,404.0,0.07,0.11,0.09,44.0,17,0.23828886718749998,False,2026-10-01 18:07:06+00:00,GLD261006C00404000
GLD,2026-10-02,382.76,2026-10-06,C,405.0,0.06,0.1,0.08,44.0,89,0.243171630859375,False,2026-10-01 18:06:26+00:00,GLD261006C00405000
GLD,2026-10-02,382.76,2026-10-06,C,406.0,0.05,0.11,0.08,24.0,222,0.25586681640625003,False,2026-10-01 18:05:46+00:00,GLD261006C00406000
GLD,2026-10-02,382.76,2026-10-06,C,407.0,0.04,0.1,0.07,22.0,80,0.260749580078125,False,2026-10-01 18:03:36+00:00,GLD261006C00407000
GLD,2026-10-02,382.76,2026-10-06,C,408.0,0.03,0.1,0.06,8.0,102,0.2695385546875,False,2026-10-01 18:03:36+00:00,GLD261006C00408000
GLD,2026-10-02,382.76,2026-10-06,C,409.0,0.03,0.07,0.08,22.0,6,0.26367923828125,False,2026-09-30 19:49:15+00:00,GLD261006C00409000
GLD,2026-10-02,382.76,2026-10-06,C,410.0,0.03,0.11,0.08,1.0,124,0.2910227148437499,False,2026-09-30 19:48:25+00:00,GLD261006C00410000
GLD,2026-10-02,382.76,2026-10-06,C,411.0,0.02,0.08,0.66,1.0,1,0.28613995117187496,False,2026-09-24 14:31:52+00:00,GLD261006C00411000
GLD,2026-10-02,382.76,2026-10-06,C,412.0,0.02,0.09,0.14,1.0,3,0.299811689453125,False,2026-09-29 14:19:44+00:00,GLD261006C00412000
GLD,2026-10-02,382.76,2026-10-06,C,413.0,0.02,0.11,0.1,15.0,518,0.317389638671875,False,2026-09-30 16:12:25+00:00,GLD261006C00413000
GLD,2026-10-02,382.76,2026-10-06,C,415.0,0.01,0.13,0.13,5.0,4,0.34278000976562495,False,2026-09-28 14:58:10+00:00,GLD261006C00415000
GLD,2026-10-02,382.76,2026-10-06,C,420.0,0.01,0.1,0.14,4.0,11,0.370123486328125,False,2026-09-30 19:56:17+00:00,GLD261006C00420000
GLD,2026-10-02,382.76,2026-10-06,C,424.0,0.01,0.06,0.1,1.0,25,0.37500625,False,2026-09-29 14:45:58+00:00,GLD261006C00424000
GLD,2026-10-02,382.76,2026-10-06,C,427.0,0.01,0.06,0.07,1.0,31,0.398443515625,False,2026-10-01 13:46:50+00:00,GLD261006C00427000
GLD,2026-10-02,382.76,2026-10-06,C,430.0,0.01,0.04,0.11,1.0,3,0.40039662109375,False,2026-09-30 13:44:18+00:00,GLD261006C00430000
GLD,2026-10-02,382.76,2026-10-06,C,435.0,0.0,0.05,0.05,4.0,2,0.44727115234375,False,2026-10-01 13:43:40+00:00,GLD261006C00435000
GLD,2026-10-02,382.76,2026-10-06,C,530.0,0.0,0.06,0.04,,6,0.9687503125,False,2026-09-24 19:26:49+00:00,GLD261006C00530000
GLD,2026-10-02,382.76,2026-10-06,P,275.0,0.0,0.05,0.04,4.0,5,0.992187578125,False,2026-09-28 19:34:46+00:00,GLD261006P00275000
GLD,2026-10-02,382.76,2026-10-06,P,285.0,0.0,0.06,0.02,10.0,14,0.9101571484375,False,2026-09-29 13:43:54+00:00,GLD261006P00285000
GLD,2026-10-02,382.76,2026-10-06,P,315.0,0.0,0.06,0.03,5.0,9,0.6250037500000001,False,2026-09-30 13:40:10+00:00,GLD261006P00315000
GLD,2026-10-02,382.76,2026-10-06,P,370.0,0.26,0.31,0.31,124.0,1041,0.20313296874999998,False,2026-10-01 20:00:12+00:00,GLD261006P00370000
GLD,2026-10-02,382.76,2026-10-06,P,375.0,0.71,0.77,0.73,63.0,148,0.18616536499023437,False,2026-10-01 20:14:43+00:00,GLD261006P00375000
GLD,2026-10-02,382.76,2026-10-06,P,376.0,0.86,0.95,1.27,1.0,16,0.18518881225585934,False,2026-10-01 14:52:38+00:00,GLD261006P00376000
GLD,2026-10-02,382.76,2026-10-06,P,377.0,1.03,1.16,1.94,26.0,260,0.18396812133789062,False,2026-10-01 14:05:18+00:00,GLD261006P00377000
GLD,2026-10-02,382.76,2026-10-06,P,378.0,1.27,1.39,1.44,22.0,98,0.18164880859375,False,2026-10-01 18:52:27+00:00,GLD261006P00378000
GLD,2026-10-02,382.76,2026-10-06,P,379.0,1.54,1.67,2.13,7.0,256,0.1801839794921875,False,2026-10-01 16:41:14+00:00,GLD261006P00379000
GLD,2026-10-02,382.76,2026-10-06,P,380.0,1.83,1.99,2.0,548.0,227,0.178719150390625,False,2026-10-01 19:48:13+00:00,GLD261006P00380000
GLD,2026-10-02,382.76,2026-10-06,P,381.0,2.2,2.35,3.02,26.0,78,0.176766044921875,False,2026-10-01 17:01:16+00:00,GLD261006P00381000
GLD,2026-10-02,382.76,2026-10-06,P,382.0,2.61,2.77,2.73,35.0,90,0.17566742309570313,False,2026-10-01 20:04:42+00:00,GLD261006P00382000
GLD,2026-10-02,382.76,2026-10-06,P,383.0,3.05,3.25,3.23,10.0,46,0.17505707763671874,True,2026-10-01 19:10:48+00:00,GLD261006P00383000
GLD,2026-10-02,382.76,2026-10-06,P,384.0,3.6,3.8,3.73,1.0,57,0.17554535400390625,True,2026-10-01 20:13:24+00:00,GLD261006P00384000
GLD,2026-10-02,382.76,2026-10-06,P,385.0,4.05,4.4,4.5,6.0,141,0.17603363037109376,True,2026-10-01 16:10:23+00:00,GLD261006P00385000
GLD,2026-10-02,382.76,2026-10-06,P,386.0,4.65,5.05,7.26,2.0,28,0.17664397583007813,True,2026-09-29 16:36:48+00:00,GLD261006P00386000
GLD,2026-10-02,382.76,2026-10-06,P,387.0,5.3,5.8,5.7,4.0,117,0.18079432495117187,True,2026-10-01 19:47:33+00:00,GLD261006P00387000
GLD,2026-10-02,382.76,2026-10-06,P,388.0,6.1,6.5,6.7,1.0,26,0.17920742675781248,True,2026-10-01 14:40:51+00:00,GLD261006P00388000
GLD,2026-10-02,382.76,2026-10-06,P,389.0,6.85,7.3,7.5,1.0,19,0.18189294677734374,True,2026-10-01 14:40:51+00:00,GLD261006P00389000
GLD,2026-10-02,382.76,2026-10-06,P,390.0,7.7,8.1,8.2,2.0,28,0.18225915405273438,True,2026-09-30 14:17:57+00:00,GLD261006P00390000
GLD,2026-10-02,382.76,2026-10-06,P,391.0,8.4,8.95,8.75,1.0,33,0.1840901904296875,True,2026-10-01 19:30:04+00:00,GLD261006P00391000
GLD,2026-10-02,382.76,2026-10-06,P,392.0,9.4,9.8,10.06,2.0,47,0.18360191406249998,True,2026-10-01 18:21:23+00:00,GLD261006P00392000
GLD,2026-10-02,382.76,2026-10-06,P,393.0,10.15,10.7,11.41,7.0,38,0.18579915771484373,True,2026-09-30 14:49:22+00:00,GLD261006P00393000
GLD,2026-10-02,382.76,2026-10-06,P,394.0,11.05,11.65,13.75,1.0,4,0.192390888671875,True,2026-09-30 20:03:25+00:00,GLD261006P00394000
GLD,2026-10-02,382.76,2026-10-06,P,395.0,11.95,12.6,14.25,4.0,10,0.1977619287109375,True,2026-09-30 19:53:18+00:00,GLD261006P00395000
GLD,2026-10-02,382.76,2026-10-06,P,396.0,12.9,13.55,8.0,1.0,1,0.20215641601562498,True,2026-09-24 14:27:13+00:00,GLD261006P00396000
GLD,2026-10-02,382.76,2026-10-06,P,397.0,13.85,14.5,16.42,2.0,3,0.20508607421874997,True,2026-10-01 14:32:17+00:00,GLD261006P00397000
GLD,2026-10-02,382.76,2026-10-06,P,398.0,14.85,15.5,19.32,1.0,4,0.215828154296875,True,2026-09-28 19:18:52+00:00,GLD261006P00398000
GLD,2026-10-02,382.76,2026-10-06,P,399.0,15.8,16.45,16.3,1.0,3,0.21680470703125,True,2026-10-01 17:30:00+00:00,GLD261006P00399000
GLD,2026-10-02,382.76,2026-10-06,P,400.0,16.8,17.45,17.4,1.0,8,0.22705851074218747,True,2026-09-30 14:19:53+00:00,GLD261006P00400000
GLD,2026-10-02,382.76,2026-10-06,P,405.0,21.7,22.75,27.51,5.0,0,0.33399103515625,True,2026-09-28 14:50:37+00:00,GLD261006P00405000
GLD,2026-10-02,382.76,2026-10-06,P,406.0,22.8,24.1,15.04,,0,0.39331661376953125,True,2026-09-24 20:02:09+00:00,GLD261006P00406000
GLD,2026-10-02,382.76,2026-10-06,P,407.0,23.35,24.6,17.94,2.0,0,0.32959654785156245,True,2026-09-24 15:31:35+00:00,GLD261006P00407000
GLD,2026-10-02,382.76,2026-10-06,P,409.0,25.1,27.7,28.85,1.0,0,0.4973194799804688,True,2026-09-28 16:27:36+00:00,GLD261006P00409000
GLD,2026-10-02,382.76,2026-10-06,P,410.0,26.45,27.8,30.52,25.0,0,0.39624627197265627,True,2026-09-28 18:50:01+00:00,GLD261006P00410000
GLD,2026-10-02,382.76,2026-10-06,P,411.0,27.2,29.75,17.25,1.0,0,0.5273484765625001,True,2026-09-23 13:33:38+00:00,GLD261006P00411000
GLD,2026-10-02,382.76,2026-10-06,P,412.0,28.05,30.85,32.2,2.0,0,0.5502974658203126,True,2026-09-28 14:25:50+00:00,GLD261006P00412000
GLD,2026-10-02,382.76,2026-10-06,P,414.0,30.1,32.85,34.55,1.0,0,0.5749554223632812,True,2026-09-28 14:22:05+00:00,GLD261006P00414000
GLD,2026-10-02,382.76,2026-10-06,P,428.0,44.05,46.85,34.65,1.0,0,0.7375514526367187,True,2026-09-25 15:59:55+00:00,GLD261006P00428000
GLD,2026-10-02,382.76,2026-10-07,C,350.0,32.7,33.5,32.26,11.0,1,0.4809622216796875,True,2026-10-01 18:12:33+00:00,GLD261007C00350000
GLD,2026-10-02,382.76,2026-10-07,C,384.0,3.05,3.25,3.15,40.0,92,0.19568675415039063,False,2026-10-01 19:24:33+00:00,GLD261007C00384000
GLD,2026-10-02,382.76,2026-10-07,C,387.0,1.91,2.05,2.12,12.0,9,0.19300123413085937,False,2026-10-01 19:26:40+00:00,GLD261007C00387000
GLD,2026-10-02,382.76,2026-10-07,C,388.0,1.62,1.75,1.69,122.0,104,0.19336744140625,False,2026-10-01 18:21:23+00:00,GLD261007C00388000
GLD,2026-10-02,382.76,2026-10-07,C,389.0,1.36,1.48,1.44,37.0,37,0.19336744140625,False,2026-10-01 16:13:35+00:00,GLD261007C00389000
GLD,2026-10-02,382.76,2026-10-07,C,390.0,1.14,1.25,1.24,47.0,87,0.19373364868164064,False,2026-10-01 20:03:59+00:00,GLD261007C00390000
GLD,2026-10-02,382.76,2026-10-07,C,391.0,0.96,1.06,1.03,124.0,36,0.19495433959960937,False,2026-10-01 19:42:09+00:00,GLD261007C00391000
GLD,2026-10-02,382.76,2026-10-07,C,392.0,0.8,0.9,0.84,4.0,103,0.19654123779296873,False,2026-10-01 19:57:25+00:00,GLD261007C00392000
GLD,2026-10-02,382.76,2026-10-07,C,393.0,0.67,0.76,0.7,19.0,77,0.19800606689453126,False,2026-10-01 20:00:01+00:00,GLD261007C00393000
GLD,2026-10-02,382.76,2026-10-07,C,394.0,0.57,0.62,0.59,22.0,113,0.19751779052734375,False,2026-10-01 20:14:28+00:00,GLD261007C00394000
GLD,2026-10-02,382.76,2026-10-07,C,395.0,0.46,0.53,0.48,109.0,98,0.20020331054687499,False,2026-10-01 16:20:37+00:00,GLD261007C00395000
GLD,2026-10-02,382.76,2026-10-07,C,396.0,0.39,0.45,0.4,51.0,153,0.2024005541992187,False,2026-09-30 19:58:48+00:00,GLD261007C00396000
GLD,2026-10-02,382.76,2026-10-07,C,397.0,0.32,0.38,0.36,2.0,69,0.2043536596679687,False,2026-10-01 14:39:09+00:00,GLD261007C00397000
GLD,2026-10-02,382.76,2026-10-07,C,398.0,0.27,0.32,0.32,2.0,107,0.2063067651367187,False,2026-10-01 20:13:40+00:00,GLD261007C00398000
GLD,2026-10-02,382.76,2026-10-07,C,399.0,0.22,0.34,0.3,1.0,897,0.21949022705078125,False,2026-09-30 19:58:48+00:00,GLD261007C00399000
GLD,2026-10-02,382.76,2026-10-07,C,400.0,0.19,0.29,0.22,12.0,344,0.22168747070312497,False,2026-10-01 19:56:53+00:00,GLD261007C00400000
GLD,2026-10-02,382.76,2026-10-07,C,401.0,0.16,0.35,0.19,28.0,95,0.241218525390625,False,2026-09-30 19:58:48+00:00,GLD261007C00401000
GLD,2026-10-02,382.76,2026-10-07,C,402.0,0.14,0.25,0.25,2.0,86,0.23365024169921872,False,2026-10-01 16:07:02+00:00,GLD261007C00402000
GLD,2026-10-02,382.76,2026-10-07,C,403.0,0.12,0.32,0.14,31.0,76,0.25586681640625003,False,2026-09-30 19:58:47+00:00,GLD261007C00403000
GLD,2026-10-02,382.76,2026-10-07,C,404.0,0.1,0.19,0.17,23.0,69,0.23926541992187497,False,2026-10-01 19:50:48+00:00,GLD261007C00404000
GLD,2026-10-02,382.76,2026-10-07,C,405.0,0.09,0.17,0.11,18.0,106,0.243171630859375,False,2026-10-01 19:56:53+00:00,GLD261007C00405000
GLD,2026-10-02,382.76,2026-10-07,C,406.0,0.08,0.12,0.1,17.0,84,0.23731231445312498,False,2026-10-01 19:53:43+00:00,GLD261007C00406000
GLD,2026-10-02,382.76,2026-10-07,C,407.0,0.07,0.11,0.08,19.0,69,0.242195078125,False,2026-10-01 19:53:43+00:00,GLD261007C00407000
GLD,2026-10-02,382.76,2026-10-07,C,408.0,0.06,0.17,0.08,17.0,53,0.26856200195312496,False,2026-10-01 19:53:04+00:00,GLD261007C00408000
GLD,2026-10-02,382.76,2026-10-07,C,409.0,0.05,0.14,0.09,17.0,98,0.26856200195312496,False,2026-10-01 19:51:25+00:00,GLD261007C00409000
GLD,2026-10-02,382.76,2026-10-07,C,410.0,0.05,0.1,0.09,4.0,120,0.2622144091796875,False,2026-10-01 19:02:17+00:00,GLD261007C00410000
GLD,2026-10-02,382.76,2026-10-07,C,414.0,0.03,0.06,0.04,2.0,54,0.27246821289062495,False,2026-10-01 19:58:01+00:00,GLD261007C00414000
GLD,2026-10-02,382.76,2026-10-07,C,415.0,0.03,0.06,0.03,2.0,369,0.27930408203124996,False,2026-10-01 19:57:50+00:00,GLD261007C00415000
GLD,2026-10-02,382.76,2026-10-07,C,416.0,0.02,0.06,0.03,2.0,61,0.28711650390624993,False,2026-10-01 19:57:50+00:00,GLD261007C00416000
GLD,2026-10-02,382.76,2026-10-07,C,420.0,0.02,0.04,0.02,2.0,59,0.299811689453125,False,2026-10-01 19:57:40+00:00,GLD261007C00420000
GLD,2026-10-02,382.76,2026-10-07,C,422.0,0.01,0.04,0.01,1.0,66,0.31250687499999996,False,2026-10-01 19:57:50+00:00,GLD261007C00422000
GLD,2026-10-02,382.76,2026-10-07,C,423.0,0.01,0.04,0.02,21.0,52,0.32031929687499994,False,2026-10-01 19:57:40+00:00,GLD261007C00423000
GLD,2026-10-02,382.76,2026-10-07,C,424.0,0.01,0.1,0.1,2.0,25,0.367193828125,False,2026-10-01 14:58:27+00:00,GLD261007C00424000
GLD,2026-10-02,382.76,2026-10-07,C,425.0,0.01,0.09,0.05,2.0,1,0.36914693359375,False,2026-10-01 15:04:39+00:00,GLD261007C00425000
GLD,2026-10-02,382.76,2026-10-07,C,431.0,0.01,0.1,0.09,2.0,5,0.41699801757812494,False,2026-10-01 15:02:08+00:00,GLD261007C00431000
GLD,2026-10-02,382.76,2026-10-07,C,432.0,0.01,0.1,0.1,3.0,4,0.42383388671875,False,2026-10-01 15:02:22+00:00,GLD261007C00432000
GLD,2026-10-02,382.76,2026-10-07,C,433.0,0.01,0.03,0.1,3.0,4,0.3711000390625,False,2026-10-01 15:02:35+00:00,GLD261007C00433000
GLD,2026-10-02,382.76,2026-10-07,C,435.0,0.01,0.03,0.06,5.0,3,0.38477177734374995,False,2026-09-30 16:00:33+00:00,GLD261007C00435000
GLD,2026-10-02,382.76,2026-10-07,C,440.0,0.01,0.03,0.09,2.0,10,0.414068359375,False,2026-10-01 15:03:08+00:00,GLD261007C00440000
GLD,2026-10-02,382.76,2026-10-07,C,445.0,0.01,0.05,0.05,4.0,3,0.47070841796875,False,2026-10-01 15:29:02+00:00,GLD261007C00445000
GLD,2026-10-02,382.76,2026-10-07,C,455.0,0.0,0.16,0.01,2.0,4,0.56055126953125,False,2026-09-30 14:32:06+00:00,GLD261007C00455000
GLD,2026-10-02,382.76,2026-10-07,C,460.0,0.0,0.12,0.02,7.0,7,0.5722699023437501,False,2026-09-28 14:59:24+00:00,GLD261007C00460000
GLD,2026-10-02,382.76,2026-10-07,C,470.0,0.0,0.14,0.12,1.0,1,0.64062859375,False,2026-09-25 13:48:53+00:00,GLD261007C00470000
GLD,2026-10-02,382.76,2026-10-07,C,485.0,0.0,0.08,0.03,2.0,2,0.6835969140625001,False,2026-09-25 13:48:49+00:00,GLD261007C00485000
GLD,2026-10-02,382.76,2026-10-07,C,495.0,0.0,0.13,0.1,2.0,2,0.773439765625,False,2026-09-25 13:48:45+00:00,GLD261007C00495000
GLD,2026-10-02,382.76,2026-10-07,C,515.0,0.0,0.12,0.01,,10,0.8710950390625,False,2026-09-24 19:15:07+00:00,GLD261007C00515000
GLD,2026-10-02,382.76,2026-10-07,C,520.0,0.0,0.06,0.09,,1,0.8359391406249999,False,2026-09-24 19:14:24+00:00,GLD261007C00520000
GLD,2026-10-02,382.76,2026-10-07,C,525.0,0.0,0.06,0.08,1.0,2,0.85937640625,False,2026-09-25 19:24:55+00:00,GLD261007C00525000
GLD,2026-10-02,382.76,2026-10-07,C,530.0,0.0,0.12,0.08,1.0,4,0.945313046875,False,2026-09-25 19:19:51+00:00,GLD261007C00530000
GLD,2026-10-02,382.76,2026-10-07,C,535.0,0.0,0.06,0.03,1.0,4,0.9062509375,False,2026-09-25 19:18:29+00:00,GLD261007C00535000
GLD,2026-10-02,382.76,2026-10-07,C,545.0,0.0,0.11,0.04,,3,1.0078174609375,False,2026-09-24 19:22:34+00:00,GLD261007C00545000
GLD,2026-10-02,382.76,2026-10-07,P,275.0,0.0,0.1,0.02,10.0,22,0.9726565234375,False,2026-09-29 13:44:05+00:00,GLD261007P00275000
GLD,2026-10-02,382.76,2026-10-07,P,280.0,0.0,0.11,0.08,1.0,5,0.9335944140625,False,2026-09-28 17:07:29+00:00,GLD261007P00280000
GLD,2026-10-02,382.76,2026-10-07,P,285.0,0.0,0.05,0.04,1.0,4,0.8164080859374999,False,2026-10-01 19:59:21+00:00,GLD261007P00285000
GLD,2026-10-02,382.76,2026-10-07,P,290.0,0.0,0.03,0.01,28.0,4,0.73437765625,False,2026-10-01 19:44:27+00:00,GLD261007P00290000
GLD,2026-10-02,382.76,2026-10-07,P,295.0,0.0,0.06,0.01,16.0,1,0.7421900781249999,False,2026-10-01 19:45:38+00:00,GLD261007P00295000
GLD,2026-10-02,382.76,2026-10-07,P,300.0,0.0,0.07,0.07,3.0,107,0.710940390625,False,2026-10-01 19:45:38+00:00,GLD261007P00300000
GLD,2026-10-02,382.76,2026-10-07,P,305.0,0.0,0.06,0.01,2.0,111,0.6562534375000001,False,2026-10-01 18:53:34+00:00,GLD261007P00305000
GLD,2026-10-02,382.76,2026-10-07,P,310.0,0.0,0.06,0.04,3.0,5,0.6132851171875001,False,2026-09-30 15:19:37+00:00,GLD261007P00310000
GLD,2026-10-02,382.76,2026-10-07,P,315.0,0.0,0.03,0.02,7.0,5,0.5312546875,False,2026-10-01 14:23:05+00:00,GLD261007P00315000
GLD,2026-10-02,382.76,2026-10-07,P,320.0,0.01,0.04,0.01,12.0,3,0.5195360546875,False,2026-10-01 20:04:49+00:00,GLD261007P00320000
GLD,2026-10-02,382.76,2026-10-07,P,325.0,0.01,0.04,0.05,6.0,4,0.5019581054687501,False,2026-10-01 18:30:57+00:00,GLD261007P00325000
GLD,2026-10-02,382.76,2026-10-07,P,330.0,0.01,0.05,0.05,4.0,5,0.4726615234375,False,2026-10-01 15:27:22+00:00,GLD261007P00330000
GLD,2026-10-02,382.76,2026-10-07,P,335.0,0.01,0.1,0.05,7.0,2,0.4687553125,False,2026-10-01 18:31:32+00:00,GLD261007P00335000
GLD,2026-10-02,382.76,2026-10-07,P,340.0,0.01,0.06,0.1,1.0,263,0.39453730468750003,False,2026-10-01 13:38:17+00:00,GLD261007P00340000
GLD,2026-10-02,382.76,2026-10-07,P,370.0,0.38,0.46,0.45,1978.0,304,0.20508607421874997,False,2026-10-01 19:35:20+00:00,GLD261007P00370000
GLD,2026-10-02,382.76,2026-10-07,P,376.0,1.12,1.22,1.23,78.0,15,0.1878743322753906,False,2026-10-01 19:46:49+00:00,GLD261007P00376000
GLD,2026-10-02,382.76,2026-10-07,P,377.0,1.33,1.46,1.39,174.0,805,0.18726398681640627,False,2026-10-01 20:13:48+00:00,GLD261007P00377000
GLD,2026-10-02,382.76,2026-10-07,P,378.0,1.58,1.71,1.73,56.0,175,0.18506674316406246,False,2026-10-01 19:48:12+00:00,GLD261007P00378000
GLD,2026-10-02,382.76,2026-10-07,P,379.0,1.87,2.01,2.03,12.0,109,0.18384605224609374,False,2026-10-01 19:48:27+00:00,GLD261007P00379000
GLD,2026-10-02,382.76,2026-10-07,P,380.0,2.21,2.36,2.25,42.0,117,0.18311363769531247,False,2026-10-01 20:01:31+00:00,GLD261007P00380000
GLD,2026-10-02,382.76,2026-10-07,P,381.0,2.58,2.75,2.78,82.0,31,0.1823201885986328,False,2026-10-01 17:46:25+00:00,GLD261007P00381000
GLD,2026-10-02,382.76,2026-10-07,P,382.0,2.98,3.2,3.15,68.0,48,0.18238122314453126,False,2026-10-01 19:46:07+00:00,GLD261007P00382000
GLD,2026-10-02,382.76,2026-10-07,P,383.0,3.45,3.65,3.48,21.0,37,0.1801839794921875,True,2026-10-01 20:00:36+00:00,GLD261007P00383000
GLD,2026-10-02,382.76,2026-10-07,P,384.0,3.95,4.2,4.29,6.0,33,0.18079432495117187,True,2026-10-01 17:22:23+00:00,GLD261007P00384000
GLD,2026-10-02,382.76,2026-10-07,P,385.0,4.5,4.75,5.0,10.0,64,0.17914639221191403,True,2026-10-01 18:13:03+00:00,GLD261007P00385000
GLD,2026-10-02,382.76,2026-10-07,P,386.0,5.1,5.45,5.5,2.0,4,0.18311363769531247,True,2026-10-01 18:45:53+00:00,GLD261007P00386000
GLD,2026-10-02,382.76,2026-10-07,P,387.0,5.75,6.1,6.03,4.0,77,0.1823201885986328,True,2026-10-01 19:47:33+00:00,GLD261007P00387000
GLD,2026-10-02,382.76,2026-10-07,P,388.0,6.45,6.85,7.42,11.0,73,0.18506674316406246,True,2026-10-01 16:27:53+00:00,GLD261007P00388000
GLD,2026-10-02,382.76,2026-10-07,P,389.0,7.2,7.65,8.54,2.0,5,0.1889729541015625,True,2026-09-29 14:21:56+00:00,GLD261007P00389000
GLD,2026-10-02,382.76,2026-10-07,P,390.0,7.95,8.35,8.15,5.0,13,0.18433432861328125,True,2026-10-01 19:49:08+00:00,GLD261007P00390000
GLD,2026-10-02,382.76,2026-10-07,P,391.0,8.75,9.2,10.21,2.0,5,0.18763019409179688,True,2026-10-01 16:54:50+00:00,GLD261007P00391000
GLD,2026-10-02,382.76,2026-10-07,P,392.0,9.6,10.1,11.29,3.0,24,0.19348951049804688,True,2026-09-29 15:08:19+00:00,GLD261007P00392000
GLD,2026-10-02,382.76,2026-10-07,P,393.0,10.45,10.95,11.6,3.0,4,0.19361157958984376,True,2026-09-29 14:30:16+00:00,GLD261007P00393000
GLD,2026-10-02,382.76,2026-10-07,P,394.0,11.35,11.85,12.53,1.0,2,0.1966633068847656,True,2026-09-29 19:50:39+00:00,GLD261007P00394000
GLD,2026-10-02,382.76,2026-10-07,P,395.0,12.25,12.75,12.55,1.0,24,0.19800606689453126,True,2026-10-01 18:50:45+00:00,GLD261007P00395000
GLD,2026-10-02,382.76,2026-10-07,P,396.0,13.15,13.7,8.1,,4,0.2036212451171875,True,2026-09-24 14:17:54+00:00,GLD261007P00396000
GLD,2026-10-02,382.76,2026-10-07,P,397.0,14.1,14.6,6.55,9.0,9,0.20191227783203125,True,2026-09-25 16:07:16+00:00,GLD261007P00397000
GLD,2026-10-02,382.76,2026-10-07,P,398.0,15.05,15.55,15.55,1.0,1,0.20508607421874997,True,2026-10-01 18:23:17+00:00,GLD261007P00398000
GLD,2026-10-02,382.76,2026-10-07,P,399.0,16.0,16.5,16.05,1.0,1,0.20703917968749996,True,2026-09-24 18:25:18+00:00,GLD261007P00399000
GLD,2026-10-02,382.76,2026-10-07,P,400.0,16.95,17.5,9.14,3.0,4,0.21656056884765623,True,2026-09-25 16:20:46+00:00,GLD261007P00400000
GLD,2026-10-02,382.76,2026-10-07,P,401.0,17.95,18.5,18.0,1.0,4,0.2260819580078125,True,2026-09-30 15:34:59+00:00,GLD261007P00401000
GLD,2026-10-02,382.76,2026-10-07,P,402.0,18.85,19.45,21.55,2.0,2,0.225593681640625,True,2026-09-29 15:27:19+00:00,GLD261007P00402000
GLD,2026-10-02,382.76,2026-10-07,P,403.0,19.15,21.5,25.11,1.0,2,0.36524072265625,True,2026-09-28 15:36:35+00:00,GLD261007P00403000
GLD,2026-10-02,382.76,2026-10-07,P,405.0,21.75,22.65,12.96,,0,0.29004616210937495,True,2026-09-23 15:14:33+00:00,GLD261007P00405000
GLD,2026-10-02,382.76,2026-10-07,P,406.0,22.15,24.7,15.29,,0,0.418951123046875,True,2026-09-24 18:38:37+00:00,GLD261007P00406000
GLD,2026-10-02,382.76,2026-10-07,P,410.0,26.55,27.85,32.15,25.0,0,0.36914693359375,True,2026-09-28 15:35:28+00:00,GLD261007P00410000
GLD,2026-10-02,382.76,2026-10-07,P,411.0,27.2,29.85,18.0,1.0,0,0.4909718872070313,True,2026-09-25 19:37:02+00:00,GLD261007P00411000
GLD,2026-10-02,382.76,2026-10-07,P,412.0,28.25,30.75,29.99,1.0,0,0.49268085449218757,True,2026-09-29 14:44:11+00:00,GLD261007P00412000
GLD,2026-10-02,382.76,2026-10-07,P,413.0,29.1,31.85,31.02,1.0,0,0.5136767382812499,True,2026-09-29 14:44:11+00:00,GLD261007P00413000
GLD,2026-10-02,382.76,2026-10-07,P,414.0,30.1,32.05,36.08,2.0,0,0.43604079589843747,True,2026-09-28 15:20:43+00:00,GLD261007P00414000
GLD,2026-10-02,382.76,2026-10-07,P,418.0,34.05,36.85,24.28,1.0,0,0.5688519677734375,True,2026-09-25 16:03:45+00:00,GLD261007P00418000
GLD,2026-10-02,382.76,2026-10-08,C,383.0,3.9,4.1,4.15,20.0,50,0.19947089599609374,False,2026-10-01 18:50:44+00:00,GLD261008C00383000
GLD,2026-10-02,382.76,2026-10-08,C,387.0,2.24,2.39,2.39,2.0,74,0.19617503051757812,False,2026-10-01 16:08:30+00:00,GLD261008C00387000
GLD,2026-10-02,382.76,2026-10-08,C,389.0,1.66,1.77,1.72,8.0,61,0.1955036505126953,False,2026-10-01 18:21:23+00:00,GLD261008C00389000
GLD,2026-10-02,382.76,2026-10-08,C,390.0,1.41,1.53,1.53,13.0,136,0.19641916870117188,False,2026-10-01 19:35:51+00:00,GLD261008C00390000
GLD,2026-10-02,382.76,2026-10-08,C,391.0,1.21,1.3,1.18,4.0,61,0.19617503051757812,False,2026-10-01 16:46:15+00:00,GLD261008C00391000
GLD,2026-10-02,382.76,2026-10-08,C,392.0,1.02,1.13,1.12,6.0,79,0.198250205078125,False,2026-10-01 16:07:02+00:00,GLD261008C00392000
GLD,2026-10-02,382.76,2026-10-08,C,393.0,0.87,0.97,0.89,10.0,70,0.19947089599609374,False,2026-10-01 16:38:02+00:00,GLD261008C00393000
GLD,2026-10-02,382.76,2026-10-08,C,394.0,0.74,0.83,0.86,1.0,113,0.20069158691406247,False,2026-10-01 17:30:02+00:00,GLD261008C00394000
GLD,2026-10-02,382.76,2026-10-08,C,395.0,0.63,0.69,0.65,865.0,28,0.20020331054687499,False,2026-10-01 16:00:51+00:00,GLD261008C00395000
GLD,2026-10-02,382.76,2026-10-08,C,397.0,0.45,0.52,0.56,5.0,1,0.20508607421874997,False,2026-10-01 16:07:02+00:00,GLD261008C00397000
GLD,2026-10-02,382.76,2026-10-08,C,398.0,0.38,0.44,0.47,15.0,12,0.2063067651367187,False,2026-10-01 19:30:37+00:00,GLD261008C00398000
GLD,2026-10-02,382.76,2026-10-08,C,399.0,0.32,0.38,0.38,1.0,10,0.20850400878906244,False,2026-10-01 17:30:02+00:00,GLD261008C00399000
GLD,2026-10-02,382.76,2026-10-08,C,400.0,0.28,0.33,0.35,25.0,532,0.2111895288085937,False,2026-10-01 17:20:42+00:00,GLD261008C00400000
GLD,2026-10-02,382.76,2026-10-08,C,401.0,0.23,0.29,0.62,5.0,11,0.21411918701171873,False,2026-09-29 14:34:58+00:00,GLD261008C00401000
GLD,2026-10-02,382.76,2026-10-08,C,402.0,0.21,0.26,2.61,10.0,5,0.2180253979492187,False,2026-09-25 19:14:33+00:00,GLD261008C00402000
GLD,2026-10-02,382.76,2026-10-08,C,404.0,0.13,0.21,0.57,3.0,2,0.225593681640625,False,2026-09-28 15:40:27+00:00,GLD261008C00404000
GLD,2026-10-02,382.76,2026-10-08,C,405.0,0.14,0.19,0.43,3.0,24,0.229499892578125,False,2026-09-28 14:28:29+00:00,GLD261008C00405000
GLD,2026-10-02,382.76,2026-10-08,C,406.0,0.13,0.17,0.18,8.0,34,0.2329178271484375,False,2026-10-01 16:40:44+00:00,GLD261008C00406000
GLD,2026-10-02,382.76,2026-10-08,C,407.0,0.11,0.16,0.17,8.0,3,0.23828886718749998,False,2026-10-01 16:55:59+00:00,GLD261008C00407000
GLD,2026-10-02,382.76,2026-10-08,C,410.0,0.07,0.14,0.1,8.0,34,0.25586681640625003,False,2026-10-01 16:54:44+00:00,GLD261008C00410000
GLD,2026-10-02,382.76,2026-10-08,P,370.0,0.53,0.64,0.63,21.0,40,0.2082598706054687,False,2026-10-01 19:29:02+00:00,GLD261008P00370000
GLD,2026-10-02,382.76,2026-10-08,P,376.0,1.38,1.5,1.93,2.0,46,0.19104812866210938,False,2026-10-01 15:22:21+00:00,GLD261008P00376000
GLD,2026-10-02,382.76,2026-10-08,P,378.0,1.88,2.02,2.22,17.0,49,0.18811847045898436,False,2026-10-01 17:11:25+00:00,GLD261008P00378000
GLD,2026-10-02,382.76,2026-10-08,P,379.0,2.19,2.32,3.0,11.0,87,0.18616536499023437,False,2026-10-01 15:32:02+00:00,GLD261008P00379000
GLD,2026-10-02,382.76,2026-10-08,P,380.0,2.51,2.67,2.9,29.0,55,0.18494467407226559,False,2026-10-01 16:06:41+00:00,GLD261008P00380000
GLD,2026-10-02,382.76,2026-10-08,P,381.0,2.91,3.1,4.25,99.0,77,0.18567708862304685,False,2026-09-30 19:59:34+00:00,GLD261008P00381000
GLD,2026-10-02,382.76,2026-10-08,P,382.0,3.3,3.5,3.6,28.0,30,0.18311363769531247,False,2026-10-01 19:09:03+00:00,GLD261008P00382000
GLD,2026-10-02,382.76,2026-10-08,P,383.0,3.8,4.0,4.1,3.0,46,0.18335777587890623,True,2026-10-01 17:22:23+00:00,GLD261008P00383000
GLD,2026-10-02,382.76,2026-10-08,P,384.0,4.3,4.5,4.1,3.0,6,0.18170984313964844,True,2026-09-29 15:47:19+00:00,GLD261008P00384000
GLD,2026-10-02,382.76,2026-10-08,P,385.0,4.85,5.05,5.15,2.0,32,0.18042811767578126,True,2026-10-01 16:10:53+00:00,GLD261008P00385000
GLD,2026-10-02,382.76,2026-10-08,P,386.0,5.35,5.7,6.62,3.0,7,0.18207605041503905,True,2026-10-01 16:52:26+00:00,GLD261008P00386000
GLD,2026-10-02,382.76,2026-10-08,P,387.0,5.95,6.4,8.39,1.0,2,0.1844563977050781,True,2026-09-30 18:26:48+00:00,GLD261008P00387000
GLD,2026-10-02,382.76,2026-10-08,P,388.0,6.7,7.1,10.01,1.0,3,0.18494467407226559,True,2026-09-28 13:43:48+00:00,GLD261008P00388000
GLD,2026-10-02,382.76,2026-10-08,P,389.0,7.35,7.85,9.58,3.0,4,0.186531572265625,True,2026-09-30 17:30:31+00:00,GLD261008P00389000
GLD,2026-10-02,382.76,2026-10-08,P,390.0,8.1,8.6,8.89,3.0,1212,0.18628743408203124,True,2026-10-01 14:52:20+00:00,GLD261008P00390000
GLD,2026-10-02,382.76,2026-10-08,P,391.0,8.95,9.4,9.26,5.0,162,0.18726398681640627,True,2026-10-01 19:54:01+00:00,GLD261008P00391000
GLD,2026-10-02,382.76,2026-10-08,P,392.0,9.75,10.2,12.31,1.0,1208,0.18640950317382812,True,2026-09-30 18:26:48+00:00,GLD261008P00392000
GLD,2026-10-02,382.76,2026-10-08,P,393.0,10.5,11.05,11.82,1.0,2,0.18738605590820312,True,2026-09-29 19:04:48+00:00,GLD261008P00393000
GLD,2026-10-02,382.76,2026-10-08,P,395.0,12.25,12.8,13.79,1.0,4,0.18824053955078124,True,2026-10-01 13:59:09+00:00,GLD261008P00395000
GLD,2026-10-02,382.76,2026-10-08,P,399.0,15.95,16.55,18.37,1.0,1,0.1992267578125,True,2026-09-24 14:55:58+00:00,GLD261008P00399000
GLD,2026-10-02,382.76,2026-10-08,P,400.0,16.85,17.55,17.25,2.0,4,0.2082598706054687,True,2026-10-01 18:48:41+00:00,GLD261008P00400000
GLD,2026-10-02,382.76,2026-10-09,C,205.0,176.75,178.9,194.0,1.0,2,1.5546897265624997,True,2026-09-22 17:52:47+00:00,GLD261009C00205000
GLD,2026-10-02,382.76,2026-10-09,C,225.0,156.7,159.2,166.86,,1,1.509768076171875,True,2026-09-24 19:45:57+00:00,GLD261009C00225000
GLD,2026-10-02,382.76,2026-10-09,C,250.0,131.85,134.2,143.7,1.0,0,1.291019169921875,True,2026-09-23 18:21:02+00:00,GLD261009C00250000
GLD,2026-10-02,382.76,2026-10-09,C,280.0,101.8,104.05,112.03,,1,0.91992267578125,True,2026-09-24 19:45:57+00:00,GLD261009C00280000
GLD,2026-10-02,382.76,2026-10-09,C,330.0,51.9,54.3,76.26,,1,0.5366257275390626,True,2026-09-09 17:43:25+00:00,GLD261009C00330000
GLD,2026-10-02,382.76,2026-10-09,C,335.0,47.1,49.15,71.35,8.0,2,0.660281717529297,True,2026-09-09 17:43:25+00:00,GLD261009C00335000
GLD,2026-10-02,382.76,2026-10-09,C,340.0,41.95,44.2,41.35,10.0,13,0.6093789062500001,True,2026-09-29 17:10:59+00:00,GLD261009C00340000
GLD,2026-10-02,382.76,2026-10-09,C,350.0,33.1,33.75,31.91,2.0,25,0.44751529052734373,True,2026-09-28 13:48:54+00:00,GLD261009C00350000
GLD,2026-10-02,382.76,2026-10-09,C,365.0,18.4,18.9,18.83,173.0,41,0.29444064941406245,True,2026-10-01 18:42:37+00:00,GLD261009C00365000
GLD,2026-10-02,382.76,2026-10-09,C,368.0,15.6,16.1,16.0,347.0,8,0.27368890380859373,True,2026-10-01 18:43:28+00:00,GLD261009C00368000
GLD,2026-10-02,382.76,2026-10-09,C,369.0,14.65,15.1,15.3,4.0,60,0.2612378564453125,True,2026-10-01 18:34:56+00:00,GLD261009C00369000
GLD,2026-10-02,382.76,2026-10-09,C,370.0,13.75,14.2,14.25,114.0,120,0.2555006091308594,True,2026-10-01 18:37:24+00:00,GLD261009C00370000
GLD,2026-10-02,382.76,2026-10-09,C,371.0,12.9,13.3,13.37,2.0,7,0.24915301635742187,True,2026-10-01 18:37:24+00:00,GLD261009C00371000
GLD,2026-10-02,382.76,2026-10-09,C,372.0,12.0,12.4,20.9,3.0,2,0.242195078125,True,2026-09-24 18:21:57+00:00,GLD261009C00372000
GLD,2026-10-02,382.76,2026-10-09,C,373.0,11.15,11.55,10.2,1.0,11,0.2375564526367187,True,2026-09-28 14:17:20+00:00,GLD261009C00373000
GLD,2026-10-02,382.76,2026-10-09,C,374.0,10.35,10.75,9.25,3.0,70,0.23474886352539062,True,2026-09-30 19:59:00+00:00,GLD261009C00374000
GLD,2026-10-02,382.76,2026-10-09,C,375.0,9.55,9.9,9.7,9.0,56,0.2283402362060547,True,2026-10-01 14:53:21+00:00,GLD261009C00375000
GLD,2026-10-02,382.76,2026-10-09,C,376.0,8.75,9.15,8.96,2.0,24,0.22620402709960938,True,2026-10-01 16:09:52+00:00,GLD261009C00376000
GLD,2026-10-02,382.76,2026-10-09,C,377.0,8.05,8.4,8.19,13.0,72,0.22290816162109373,True,2026-10-01 20:01:15+00:00,GLD261009C00377000
GLD,2026-10-02,382.76,2026-10-09,C,378.0,7.3,7.65,7.4,14.0,171,0.21839160522460935,True,2026-10-01 18:28:48+00:00,GLD261009C00378000
GLD,2026-10-02,382.76,2026-10-09,C,379.0,6.65,7.0,7.0,15.0,45,0.21741505249023438,True,2026-10-01 18:23:49+00:00,GLD261009C00379000
GLD,2026-10-02,382.76,2026-10-09,C,380.0,6.0,6.3,6.35,250.0,276,0.21277642700195312,True,2026-10-01 18:47:48+00:00,GLD261009C00380000
GLD,2026-10-02,382.76,2026-10-09,C,381.0,5.4,5.7,5.75,79.0,110,0.21143366699218746,True,2026-10-01 19:24:07+00:00,GLD261009C00381000
GLD,2026-10-02,382.76,2026-10-09,C,382.0,4.95,5.05,4.95,38.0,210,0.2063067651367187,True,2026-10-01 19:56:55+00:00,GLD261009C00382000
GLD,2026-10-02,382.76,2026-10-09,C,383.0,4.45,4.5,4.5,128.0,193,0.20423159057617185,False,2026-10-01 20:14:35+00:00,GLD261009C00383000
GLD,2026-10-02,382.76,2026-10-09,C,384.0,3.8,4.05,4.04,297.0,241,0.20508607421874997,False,2026-10-01 19:33:02+00:00,GLD261009C00384000
GLD,2026-10-02,382.76,2026-10-09,C,385.0,3.45,3.55,3.5,294.0,993,0.20215641601562498,False,2026-10-01 20:13:37+00:00,GLD261009C00385000
GLD,2026-10-02,382.76,2026-10-09,C,386.0,2.99,3.15,3.17,250.0,115,0.20215641601562498,False,2026-10-01 19:15:43+00:00,GLD261009C00386000
GLD,2026-10-02,382.76,2026-10-09,C,387.0,2.63,2.75,2.71,122.0,119,0.2005695178222656,False,2026-10-01 20:07:07+00:00,GLD261009C00387000
GLD,2026-10-02,382.76,2026-10-09,C,388.0,2.29,2.42,2.37,176.0,87,0.20081365600585935,False,2026-10-01 19:51:08+00:00,GLD261009C00388000
GLD,2026-10-02,382.76,2026-10-09,C,389.0,1.99,2.12,2.09,160.0,62,0.20093572509765623,False,2026-10-01 20:03:48+00:00,GLD261009C00389000
GLD,2026-10-02,382.76,2026-10-09,C,390.0,1.73,1.84,1.78,386.0,1056,0.2005695178222656,False,2026-10-01 20:13:37+00:00,GLD261009C00390000
GLD,2026-10-02,382.76,2026-10-09,C,391.0,1.49,1.58,1.5,42.0,220,0.19983710327148438,False,2026-10-01 19:58:48+00:00,GLD261009C00391000
GLD,2026-10-02,382.76,2026-10-09,C,392.0,1.28,1.37,1.3,377.0,115,0.20032537963867186,False,2026-10-01 19:58:42+00:00,GLD261009C00392000
GLD,2026-10-02,382.76,2026-10-09,C,393.0,1.11,1.19,1.16,736.0,225,0.20117986328124998,False,2026-10-01 20:00:53+00:00,GLD261009C00393000
GLD,2026-10-02,382.76,2026-10-09,C,394.0,0.95,1.02,0.99,97.0,210,0.20142400146484374,False,2026-10-01 20:05:28+00:00,GLD261009C00394000
GLD,2026-10-02,382.76,2026-10-09,C,395.0,0.84,0.88,0.82,1163.0,711,0.2024005541992187,False,2026-10-01 19:58:41+00:00,GLD261009C00395000
GLD,2026-10-02,382.76,2026-10-09,C,396.0,0.71,0.77,0.73,742.0,841,0.2043536596679687,False,2026-10-01 20:14:33+00:00,GLD261009C00396000
GLD,2026-10-02,382.76,2026-10-09,C,397.0,0.6,0.67,0.61,32.0,54,0.20606262695312497,False,2026-10-01 19:58:41+00:00,GLD261009C00397000
GLD,2026-10-02,382.76,2026-10-09,C,398.0,0.52,0.58,0.53,36.0,222,0.20752745605468748,False,2026-10-01 19:58:42+00:00,GLD261009C00398000
GLD,2026-10-02,382.76,2026-10-09,C,399.0,0.46,0.49,0.47,1294.0,928,0.20777159423828123,False,2026-10-01 20:05:28+00:00,GLD261009C00399000
GLD,2026-10-02,382.76,2026-10-09,C,400.0,0.4,0.42,0.41,1611.0,2780,0.2087481469726562,False,2026-10-01 19:59:37+00:00,GLD261009C00400000
GLD,2026-10-02,382.76,2026-10-09,C,401.0,0.34,0.38,0.35,50.0,124,0.21265435791015624,False,2026-10-01 19:59:40+00:00,GLD261009C00401000
GLD,2026-10-02,382.76,2026-10-09,C,402.0,0.29,0.33,0.3,26.0,81,0.21460746337890624,False,2026-10-01 19:58:53+00:00,GLD261009C00402000
GLD,2026-10-02,382.76,2026-10-09,C,403.0,0.26,0.29,0.26,24.0,958,0.21680470703125,False,2026-10-01 19:58:47+00:00,GLD261009C00403000
GLD,2026-10-02,382.76,2026-10-09,C,404.0,0.23,0.26,0.23,19.0,144,0.22022264160156246,False,2026-10-01 19:58:41+00:00,GLD261009C00404000
GLD,2026-10-02,382.76,2026-10-09,C,405.0,0.2,0.22,0.2,1481.0,514,0.22071091796874998,False,2026-10-01 19:58:47+00:00,GLD261009C00405000
GLD,2026-10-02,382.76,2026-10-09,C,406.0,0.18,0.2,0.18,33.0,82,0.22461712890624996,False,2026-10-01 19:58:47+00:00,GLD261009C00406000
GLD,2026-10-02,382.76,2026-10-09,C,407.0,0.16,0.18,0.16,47.0,136,0.22754678710937498,False,2026-10-01 19:58:52+00:00,GLD261009C00407000
GLD,2026-10-02,382.76,2026-10-09,C,408.0,0.14,0.17,0.14,25.0,254,0.2329178271484375,False,2026-10-01 19:58:41+00:00,GLD261009C00408000
GLD,2026-10-02,382.76,2026-10-09,C,409.0,0.12,0.15,0.12,22.0,533,0.2348709326171875,False,2026-10-01 19:58:47+00:00,GLD261009C00409000
GLD,2026-10-02,382.76,2026-10-09,C,410.0,0.11,0.14,0.11,95.0,2196,0.23926541992187497,False,2026-10-01 19:58:47+00:00,GLD261009C00410000
GLD,2026-10-02,382.76,2026-10-09,C,411.0,0.1,0.12,0.1,1013.0,661,0.24024197265624997,False,2026-10-01 19:58:47+00:00,GLD261009C00411000
GLD,2026-10-02,382.76,2026-10-09,C,412.0,0.09,0.12,0.09,32.0,228,0.247077841796875,False,2026-10-01 19:58:41+00:00,GLD261009C00412000
GLD,2026-10-02,382.76,2026-10-09,C,413.0,0.08,0.11,0.08,47.0,200,0.25098405273437496,False,2026-10-01 19:58:47+00:00,GLD261009C00413000
GLD,2026-10-02,382.76,2026-10-09,C,414.0,0.08,0.1,0.08,27.0,165,0.25391371093750004,False,2026-10-01 19:58:52+00:00,GLD261009C00414000
GLD,2026-10-02,382.76,2026-10-09,C,415.0,0.07,0.09,0.07,35.0,787,0.2563550927734375,False,2026-10-01 19:58:47+00:00,GLD261009C00415000
GLD,2026-10-02,382.76,2026-10-09,C,416.0,0.06,0.09,0.06,72.0,502,0.26270268554687504,False,2026-10-01 19:58:47+00:00,GLD261009C00416000
GLD,2026-10-02,382.76,2026-10-09,C,417.0,0.06,0.08,0.06,20.0,884,0.264655791015625,False,2026-10-01 19:58:47+00:00,GLD261009C00417000
GLD,2026-10-02,382.76,2026-10-09,C,418.0,0.05,0.08,0.05,43.0,142,0.27149166015625,False,2026-10-01 19:58:47+00:00,GLD261009C00418000
GLD,2026-10-02,382.76,2026-10-09,C,419.0,0.05,0.08,0.05,18.0,159,0.27735097656249996,False,2026-10-01 19:58:47+00:00,GLD261009C00419000
GLD,2026-10-02,382.76,2026-10-09,C,420.0,0.05,0.07,0.05,70.0,961,0.278327529296875,False,2026-10-01 19:58:47+00:00,GLD261009C00420000
GLD,2026-10-02,382.76,2026-10-09,C,421.0,0.04,0.07,0.04,18.0,1504,0.28516339843749994,False,2026-10-01 19:58:47+00:00,GLD261009C00421000
GLD,2026-10-02,382.76,2026-10-09,C,422.0,0.04,0.07,0.04,18.0,109,0.2910227148437499,False,2026-10-01 19:58:41+00:00,GLD261009C00422000
GLD,2026-10-02,382.76,2026-10-09,C,423.0,0.04,0.06,0.04,18.0,168,0.2910227148437499,False,2026-10-01 19:58:47+00:00,GLD261009C00423000
GLD,2026-10-02,382.76,2026-10-09,C,424.0,0.04,0.06,0.03,20.0,469,0.29688203124999996,False,2026-10-01 19:58:53+00:00,GLD261009C00424000
GLD,2026-10-02,382.76,2026-10-09,C,425.0,0.04,0.06,0.03,34.0,999,0.30274134765625,False,2026-10-01 19:58:52+00:00,GLD261009C00425000
GLD,2026-10-02,382.76,2026-10-09,C,426.0,0.03,0.07,0.06,4.0,260,0.31445998046874996,False,2026-10-01 19:07:40+00:00,GLD261009C00426000
GLD,2026-10-02,382.76,2026-10-09,C,427.0,0.03,0.07,0.12,1.0,103,0.32129584960937496,False,2026-09-29 14:20:25+00:00,GLD261009C00427000
GLD,2026-10-02,382.76,2026-10-09,C,428.0,0.03,0.06,0.12,2.0,195,0.32031929687499994,False,2026-09-30 14:42:52+00:00,GLD261009C00428000
GLD,2026-10-02,382.76,2026-10-09,C,429.0,0.02,0.06,0.06,2.0,136,0.32617861328125,False,2026-09-30 19:19:02+00:00,GLD261009C00429000
GLD,2026-10-02,382.76,2026-10-09,C,430.0,0.02,0.06,0.04,10.0,581,0.3320379296875,False,2026-10-01 13:30:00+00:00,GLD261009C00430000
GLD,2026-10-02,382.76,2026-10-09,C,431.0,0.02,0.06,0.11,1.0,41,0.33789724609375,False,2026-09-30 13:50:16+00:00,GLD261009C00431000
GLD,2026-10-02,382.76,2026-10-09,C,432.0,0.02,0.06,0.08,5.0,28,0.3437565625,False,2026-09-29 14:34:26+00:00,GLD261009C00432000
GLD,2026-10-02,382.76,2026-10-09,C,433.0,0.02,0.06,0.07,51.0,182,0.34961587890624996,False,2026-09-29 18:39:09+00:00,GLD261009C00433000
GLD,2026-10-02,382.76,2026-10-09,C,434.0,0.02,0.04,0.09,31.0,411,0.33789724609375,False,2026-09-28 17:06:28+00:00,GLD261009C00434000
GLD,2026-10-02,382.76,2026-10-09,C,435.0,0.02,0.05,0.05,1.0,124,0.35352208984374994,False,2026-09-30 18:09:05+00:00,GLD261009C00435000
GLD,2026-10-02,382.76,2026-10-09,C,440.0,0.01,0.05,0.04,1.0,333,0.38086556640624997,False,2026-10-01 13:47:09+00:00,GLD261009C00440000
GLD,2026-10-02,382.76,2026-10-09,C,445.0,0.01,0.05,0.05,9.0,179,0.407232490234375,False,2026-09-29 15:16:13+00:00,GLD261009C00445000
GLD,2026-10-02,382.76,2026-10-09,C,450.0,0.01,0.03,0.02,6.0,505,0.4101621484375,False,2026-10-01 17:10:16+00:00,GLD261009C00450000
GLD,2026-10-02,382.76,2026-10-09,C,455.0,0.01,0.03,0.02,5.0,423,0.4335994140625,False,2026-09-30 16:36:26+00:00,GLD261009C00455000
GLD,2026-10-02,382.76,2026-10-09,C,460.0,0.01,0.03,0.02,3.0,122,0.46094289062500005,False,2026-10-01 16:45:14+00:00,GLD261009C00460000
GLD,2026-10-02,382.76,2026-10-09,C,465.0,0.01,0.03,0.02,1.0,94,0.48438015625,False,2026-09-30 13:50:37+00:00,GLD261009C00465000
GLD,2026-10-02,382.76,2026-10-09,C,470.0,0.01,0.03,0.06,1.0,84,0.507817421875,False,2026-09-30 13:50:33+00:00,GLD261009C00470000
GLD,2026-10-02,382.76,2026-10-09,C,475.0,0.01,0.03,0.04,2.0,112,0.507817421875,False,2026-09-28 17:00:28+00:00,GLD261009C00475000
GLD,2026-10-02,382.76,2026-10-09,C,480.0,0.0,0.03,0.01,15.0,412,0.51562984375,False,2026-10-01 13:47:50+00:00,GLD261009C00480000
GLD,2026-10-02,382.76,2026-10-09,C,485.0,0.0,0.03,0.09,1.0,21,0.5390671093750001,False,2026-09-22 14:21:48+00:00,GLD261009C00485000
GLD,2026-10-02,382.76,2026-10-09,C,490.0,0.0,0.03,0.02,5.0,119,0.5625043750000001,False,2026-09-29 16:48:12+00:00,GLD261009C00490000
GLD,2026-10-02,382.76,2026-10-09,C,495.0,0.0,0.03,0.05,2.0,47,0.5820354296875,False,2026-09-23 13:47:08+00:00,GLD261009C00495000
GLD,2026-10-02,382.76,2026-10-09,C,500.0,0.0,0.03,0.01,60.0,179,0.6015664843750002,False,2026-10-01 19:12:23+00:00,GLD261009C00500000
GLD,2026-10-02,382.76,2026-10-09,C,505.0,0.0,0.02,0.01,163.0,74,0.6015664843750002,False,2026-10-01 19:11:23+00:00,GLD261009C00505000
GLD,2026-10-02,382.76,2026-10-09,C,510.0,0.0,0.02,0.07,1.0,7,0.6250037500000001,False,2026-09-22 14:22:04+00:00,GLD261009C00510000
GLD,2026-10-02,382.76,2026-10-09,C,515.0,0.0,0.02,0.06,5.0,91,0.64062859375,False,2026-09-22 19:23:25+00:00,GLD261009C00515000
GLD,2026-10-02,382.76,2026-10-09,C,520.0,0.0,0.02,0.02,79.0,752,0.6562534375000001,False,2026-09-30 19:45:03+00:00,GLD261009C00520000
GLD,2026-10-02,382.76,2026-10-09,C,525.0,0.0,0.02,0.04,3.0,7,0.6796907031250001,False,2026-09-24 17:27:03+00:00,GLD261009C00525000
GLD,2026-10-02,382.76,2026-10-09,C,530.0,0.0,0.02,0.05,2.0,3,0.6953155468750001,False,2026-09-28 18:51:30+00:00,GLD261009C00530000
GLD,2026-10-02,382.76,2026-10-09,C,535.0,0.0,0.02,0.03,1.0,7,0.7187528125,False,2026-09-24 16:16:19+00:00,GLD261009C00535000
GLD,2026-10-02,382.76,2026-10-09,C,540.0,0.0,0.02,0.02,3.0,6,0.73437765625,False,2026-09-28 19:50:27+00:00,GLD261009C00540000
GLD,2026-10-02,382.76,2026-10-09,C,545.0,0.0,0.02,0.02,250.0,880,0.7500025,False,2026-09-28 15:16:09+00:00,GLD261009C00545000
GLD,2026-10-02,382.76,2026-10-09,C,550.0,0.0,0.02,0.03,45.0,142,0.7656273437500001,False,2026-09-25 15:52:23+00:00,GLD261009C00550000
GLD,2026-10-02,382.76,2026-10-09,C,555.0,0.0,0.02,0.03,6.0,10,0.7812521875,False,2026-09-25 15:39:25+00:00,GLD261009C00555000
GLD,2026-10-02,382.76,2026-10-09,C,560.0,0.0,0.02,0.04,1.0,8,0.79687703125,False,2026-09-25 17:45:00+00:00,GLD261009C00560000
GLD,2026-10-02,382.76,2026-10-09,C,565.0,0.0,0.02,0.04,1.0,5,0.8203142968749999,False,2026-09-25 17:44:51+00:00,GLD261009C00565000
GLD,2026-10-02,382.76,2026-10-09,C,570.0,0.0,0.02,0.03,20.0,21,0.8359391406249999,False,2026-09-24 19:07:34+00:00,GLD261009C00570000
GLD,2026-10-02,382.76,2026-10-09,C,575.0,0.0,0.02,0.08,1.0,3,0.851563984375,False,2026-09-22 14:22:51+00:00,GLD261009C00575000
GLD,2026-10-02,382.76,2026-10-09,C,580.0,0.0,0.02,0.03,,1,0.87500125,False,2026-09-22 18:42:37+00:00,GLD261009C00580000
GLD,2026-10-02,382.76,2026-10-09,C,585.0,0.0,0.02,0.04,,3,0.8906260937499999,False,2026-09-22 17:27:13+00:00,GLD261009C00585000
GLD,2026-10-02,382.76,2026-10-09,C,590.0,0.0,0.02,0.05,1.0,12,0.9062509375,False,2026-09-23 13:38:25+00:00,GLD261009C00590000
GLD,2026-10-02,382.76,2026-10-09,C,595.0,0.0,0.02,0.04,6.0,10,0.92187578125,False,2026-09-28 16:59:46+00:00,GLD261009C00595000
GLD,2026-10-02,382.76,2026-10-09,C,600.0,0.0,0.02,0.04,3.0,4,0.937500625,False,2026-09-22 19:19:09+00:00,GLD261009C00600000
GLD,2026-10-02,382.76,2026-10-09,C,605.0,0.0,0.02,0.04,2.0,3,0.9531254687499999,False,2026-09-22 19:18:56+00:00,GLD261009C00605000
GLD,2026-10-02,382.76,2026-10-09,C,610.0,0.0,0.02,0.02,1.0,4,0.9687503125,False,2026-09-23 13:41:00+00:00,GLD261009C00610000
GLD,2026-10-02,382.76,2026-10-09,C,615.0,0.0,0.02,0.01,2.0,445,0.98437515625,False,2026-09-18 13:55:37+00:00,GLD261009C00615000
GLD,2026-10-02,382.76,2026-10-09,C,620.0,0.0,0.02,0.02,1.0,931,0.992187578125,False,2026-09-24 14:38:59+00:00,GLD261009C00620000
GLD,2026-10-02,382.76,2026-10-09,C,625.0,0.0,0.02,0.01,1.0,52,1.015629921875,False,2026-09-17 16:29:59+00:00,GLD261009C00625000
GLD,2026-10-02,382.76,2026-10-09,C,630.0,0.0,0.02,0.01,1.0,20,1.0312548437500002,False,2026-09-17 17:37:16+00:00,GLD261009C00630000
GLD,2026-10-02,382.76,2026-10-09,C,635.0,0.0,0.02,0.01,1.0,2,1.0390673046875003,False,2026-09-17 17:37:11+00:00,GLD261009C00635000
GLD,2026-10-02,382.76,2026-10-09,C,640.0,0.0,0.02,0.01,1.0,5,1.0468797656250002,False,2026-09-17 18:25:32+00:00,GLD261009C00640000
GLD,2026-10-02,382.76,2026-10-09,C,645.0,0.0,0.02,0.01,1.0,3,1.0625046875000002,False,2026-09-17 17:36:38+00:00,GLD261009C00645000
GLD,2026-10-02,382.76,2026-10-09,C,650.0,0.0,0.02,0.03,2.0,53,1.0781296093750001,False,2026-09-18 13:54:51+00:00,GLD261009C00650000
GLD,2026-10-02,382.76,2026-10-09,P,205.0,0.0,0.02,0.02,2.0,2,1.3125034374999998,False,2026-09-14 16:40:47+00:00,GLD261009P00205000
GLD,2026-10-02,382.76,2026-10-09,P,210.0,0.0,0.02,0.02,,0,1.2656286718749998,False,2026-09-14 16:40:54+00:00,GLD261009P00210000
GLD,2026-10-02,382.76,2026-10-09,P,215.0,0.0,0.02,0.02,,0,1.21875390625,False,2026-09-14 16:42:22+00:00,GLD261009P00215000
GLD,2026-10-02,382.76,2026-10-09,P,220.0,0.0,0.02,0.02,,1,1.171879140625,False,2026-09-14 16:42:31+00:00,GLD261009P00220000
GLD,2026-10-02,382.76,2026-10-09,P,225.0,0.0,0.02,0.03,,1,1.125004375,False,2026-09-14 16:43:10+00:00,GLD261009P00225000
GLD,2026-10-02,382.76,2026-10-09,P,230.0,0.0,0.02,0.03,2.0,2,1.09375453125,False,2026-09-14 16:46:28+00:00,GLD261009P00230000
GLD,2026-10-02,382.76,2026-10-09,P,235.0,0.0,0.02,0.03,2.0,1,1.0468797656250002,False,2026-09-14 16:46:44+00:00,GLD261009P00235000
GLD,2026-10-02,382.76,2026-10-09,P,240.0,0.0,0.02,0.01,1.0,2,1.000005,False,2026-09-15 13:56:44+00:00,GLD261009P00240000
GLD,2026-10-02,382.76,2026-10-09,P,245.0,0.0,0.02,0.01,4.0,2,0.9531254687499999,False,2026-09-14 17:22:21+00:00,GLD261009P00245000
GLD,2026-10-02,382.76,2026-10-09,P,250.0,0.0,0.02,0.02,11.0,16,0.92187578125,False,2026-09-28 14:58:49+00:00,GLD261009P00250000
GLD,2026-10-02,382.76,2026-10-09,P,255.0,0.0,0.02,0.04,2.0,8,0.87500125,False,2026-09-28 13:47:51+00:00,GLD261009P00255000
GLD,2026-10-02,382.76,2026-10-09,P,260.0,0.0,0.02,0.01,12.0,34,0.8437515624999999,False,2026-09-28 16:15:44+00:00,GLD261009P00260000
GLD,2026-10-02,382.76,2026-10-09,P,265.0,0.0,0.02,0.02,10.0,42,0.79687703125,False,2026-09-29 13:44:25+00:00,GLD261009P00265000
GLD,2026-10-02,382.76,2026-10-09,P,270.0,0.0,0.02,0.05,2.0,14,0.7656273437500001,False,2026-09-28 16:08:41+00:00,GLD261009P00270000
GLD,2026-10-02,382.76,2026-10-09,P,275.0,0.0,0.02,0.05,2.0,102,0.726565234375,False,2026-09-28 16:08:20+00:00,GLD261009P00275000
GLD,2026-10-02,382.76,2026-10-09,P,280.0,0.0,0.02,0.05,2.0,18,0.6875031250000001,False,2026-09-28 16:07:42+00:00,GLD261009P00280000
GLD,2026-10-02,382.76,2026-10-09,P,285.0,0.0,0.02,0.05,2.0,25,0.6562534375000001,False,2026-09-28 16:07:19+00:00,GLD261009P00285000
GLD,2026-10-02,382.76,2026-10-09,P,290.0,0.0,0.02,0.02,10.0,39,0.6171913281250001,False,2026-09-29 14:35:30+00:00,GLD261009P00290000
GLD,2026-10-02,382.76,2026-10-09,P,295.0,0.0,0.02,0.01,216.0,12,0.57812921875,False,2026-10-01 19:24:18+00:00,GLD261009P00295000
GLD,2026-10-02,382.76,2026-10-09,P,300.0,0.0,0.01,0.01,7.0,194,0.51562984375,False,2026-10-01 20:05:28+00:00,GLD261009P00300000
GLD,2026-10-02,382.76,2026-10-09,P,305.0,0.01,0.02,0.02,100.0,209,0.5312546875,False,2026-09-29 16:48:02+00:00,GLD261009P00305000
GLD,2026-10-02,382.76,2026-10-09,P,310.0,0.01,0.02,0.08,37.0,38,0.507817421875,False,2026-09-28 16:12:12+00:00,GLD261009P00310000
GLD,2026-10-02,382.76,2026-10-09,P,315.0,0.01,0.03,0.05,3.0,13,0.49219257812500006,False,2026-09-30 14:45:53+00:00,GLD261009P00315000
GLD,2026-10-02,382.76,2026-10-09,P,320.0,0.01,0.03,0.05,6.0,373,0.45703667968750006,False,2026-09-30 15:08:51+00:00,GLD261009P00320000
GLD,2026-10-02,382.76,2026-10-09,P,325.0,0.01,0.03,0.03,1.0,9,0.42188078125,False,2026-10-01 16:44:58+00:00,GLD261009P00325000
GLD,2026-10-02,382.76,2026-10-09,P,330.0,0.02,0.03,0.08,2.0,477,0.38672488281249995,False,2026-09-29 17:08:57+00:00,GLD261009P00330000
GLD,2026-10-02,382.76,2026-10-09,P,335.0,0.03,0.04,0.05,9.0,457,0.36133451171875,False,2026-10-01 16:13:07+00:00,GLD261009P00335000
GLD,2026-10-02,382.76,2026-10-09,P,340.0,0.05,0.07,0.07,1.0,560,0.34961587890624996,False,2026-10-01 19:12:47+00:00,GLD261009P00340000
GLD,2026-10-02,382.76,2026-10-09,P,345.0,0.05,0.08,0.05,40.0,177,0.31641308593749995,False,2026-10-01 19:58:47+00:00,GLD261009P00345000
GLD,2026-10-02,382.76,2026-10-09,P,350.0,0.08,0.1,0.08,1044.0,1239,0.28711650390624993,False,2026-10-01 20:03:05+00:00,GLD261009P00350000
GLD,2026-10-02,382.76,2026-10-09,P,355.0,0.12,0.14,0.12,1083.0,2269,0.2612378564453125,False,2026-10-01 19:58:48+00:00,GLD261009P00355000
GLD,2026-10-02,382.76,2026-10-09,P,360.0,0.2,0.22,0.2,108.0,1559,0.2387771435546875,False,2026-10-01 19:58:47+00:00,GLD261009P00360000
GLD,2026-10-02,382.76,2026-10-09,P,362.0,0.24,0.27,0.25,41.0,445,0.2299881689453125,False,2026-10-01 19:58:47+00:00,GLD261009P00362000
GLD,2026-10-02,382.76,2026-10-09,P,363.0,0.27,0.3,0.28,47.0,74,0.22583781982421874,False,2026-10-01 19:58:41+00:00,GLD261009P00363000
GLD,2026-10-02,382.76,2026-10-09,P,365.0,0.35,0.38,0.36,123.0,6090,0.21851367431640623,False,2026-10-01 19:58:47+00:00,GLD261009P00365000
GLD,2026-10-02,382.76,2026-10-09,P,366.0,0.4,0.44,0.41,65.0,1387,0.21607229248046872,False,2026-10-01 19:58:47+00:00,GLD261009P00366000
GLD,2026-10-02,382.76,2026-10-09,P,367.0,0.45,0.5,0.47,76.0,131,0.21289849609375,False,2026-10-01 19:58:47+00:00,GLD261009P00367000
GLD,2026-10-02,382.76,2026-10-09,P,368.0,0.53,0.56,0.54,1307.0,723,0.2087481469726562,False,2026-10-01 19:58:47+00:00,GLD261009P00368000
GLD,2026-10-02,382.76,2026-10-09,P,369.0,0.59,0.66,0.62,99.0,180,0.20764952514648435,False,2026-10-01 19:58:47+00:00,GLD261009P00369000
GLD,2026-10-02,382.76,2026-10-09,P,370.0,0.67,0.76,0.72,228.0,508,0.20520814331054685,False,2026-10-01 19:58:47+00:00,GLD261009P00370000
GLD,2026-10-02,382.76,2026-10-09,P,371.0,0.78,0.87,0.83,84.0,136,0.20252262329101559,False,2026-10-01 19:58:47+00:00,GLD261009P00371000
GLD,2026-10-02,382.76,2026-10-09,P,372.0,0.9,1.0,0.96,76.0,300,0.20020331054687499,False,2026-10-01 19:58:47+00:00,GLD261009P00372000
GLD,2026-10-02,382.76,2026-10-09,P,373.0,1.04,1.15,1.11,129.0,105,0.19788399780273438,False,2026-10-01 19:58:41+00:00,GLD261009P00373000
GLD,2026-10-02,382.76,2026-10-09,P,374.0,1.2,1.33,1.28,68.0,418,0.196297099609375,False,2026-10-01 19:58:48+00:00,GLD261009P00374000
GLD,2026-10-02,382.76,2026-10-09,P,375.0,1.41,1.53,1.48,220.0,1699,0.19458813232421873,False,2026-10-01 19:58:48+00:00,GLD261009P00375000
GLD,2026-10-02,382.76,2026-10-09,P,376.0,1.63,1.75,1.65,39.0,178,0.1925129577636719,False,2026-10-01 20:04:00+00:00,GLD261009P00376000
GLD,2026-10-02,382.76,2026-10-09,P,377.0,1.85,2.02,1.96,56.0,459,0.19165847412109377,False,2026-10-01 16:28:07+00:00,GLD261009P00377000
GLD,2026-10-02,382.76,2026-10-09,P,378.0,2.13,2.28,2.25,41.0,1752,0.18885088500976563,False,2026-10-01 18:45:53+00:00,GLD261009P00378000
GLD,2026-10-02,382.76,2026-10-09,P,379.0,2.46,2.6,2.55,33.0,239,0.18744709045410157,False,2026-10-01 19:31:06+00:00,GLD261009P00379000
GLD,2026-10-02,382.76,2026-10-09,P,380.0,2.82,2.96,2.9,421.0,1457,0.18628743408203124,False,2026-10-01 19:31:06+00:00,GLD261009P00380000
GLD,2026-10-02,382.76,2026-10-09,P,381.0,3.2,3.35,3.45,25.0,560,0.18494467407226559,False,2026-10-01 19:10:11+00:00,GLD261009P00381000
GLD,2026-10-02,382.76,2026-10-09,P,382.0,3.6,3.8,3.75,18.0,347,0.18457846679687498,False,2026-10-01 18:53:30+00:00,GLD261009P00382000
GLD,2026-10-02,382.76,2026-10-09,P,383.0,4.1,4.3,4.3,26.0,210,0.1848226049804687,True,2026-10-01 19:47:17+00:00,GLD261009P00383000
GLD,2026-10-02,382.76,2026-10-09,P,384.0,4.6,4.8,4.8,11.0,249,0.18335777587890623,True,2026-10-01 19:32:32+00:00,GLD261009P00384000
GLD,2026-10-02,382.76,2026-10-09,P,385.0,5.15,5.35,5.36,29.0,361,0.18238122314453126,True,2026-10-01 19:45:41+00:00,GLD261009P00385000
GLD,2026-10-02,382.76,2026-10-09,P,386.0,5.6,6.0,5.93,11.0,221,0.18421225952148437,True,2026-10-01 17:49:43+00:00,GLD261009P00386000
GLD,2026-10-02,382.76,2026-10-09,P,387.0,6.25,6.65,6.58,5.0,85,0.18451743225097655,True,2026-10-01 18:53:30+00:00,GLD261009P00387000
GLD,2026-10-02,382.76,2026-10-09,P,388.0,6.9,7.35,7.2,5.0,179,0.18555501953124998,True,2026-10-01 19:17:29+00:00,GLD261009P00388000
GLD,2026-10-02,382.76,2026-10-09,P,389.0,7.55,8.05,7.88,8.0,97,0.185005708618164,True,2026-10-01 17:31:27+00:00,GLD261009P00389000
GLD,2026-10-02,382.76,2026-10-09,P,390.0,8.3,8.8,8.76,64.0,1600,0.1854329504394531,True,2026-10-01 18:34:53+00:00,GLD261009P00390000
GLD,2026-10-02,382.76,2026-10-09,P,391.0,9.05,9.55,10.05,1.0,215,0.18421225952148437,True,2026-09-30 18:34:47+00:00,GLD261009P00391000
GLD,2026-10-02,382.76,2026-10-09,P,392.0,9.85,10.35,11.05,3.0,1227,0.18421225952148437,True,2026-10-01 16:48:54+00:00,GLD261009P00392000
GLD,2026-10-02,382.76,2026-10-09,P,393.0,10.7,11.2,11.25,14.0,101,0.1859212268066406,True,2026-10-01 15:06:36+00:00,GLD261009P00393000
GLD,2026-10-02,382.76,2026-10-09,P,394.0,11.5,12.05,12.43,1.0,112,0.18628743408203124,True,2026-10-01 16:19:41+00:00,GLD261009P00394000
GLD,2026-10-02,382.76,2026-10-09,P,395.0,12.45,12.95,12.73,24.0,267,0.1889729541015625,True,2026-10-01 18:39:42+00:00,GLD261009P00395000
GLD,2026-10-02,382.76,2026-10-09,P,396.0,13.25,13.85,14.85,1.0,81,0.19068192138671874,True,2026-09-30 14:38:29+00:00,GLD261009P00396000
GLD,2026-10-02,382.76,2026-10-09,P,397.0,14.2,14.75,14.54,32.0,291,0.1909260595703125,True,2026-10-01 19:14:12+00:00,GLD261009P00397000
GLD,2026-10-02,382.76,2026-10-09,P,398.0,15.25,15.7,15.63,3.0,109,0.195320546875,True,2026-10-01 17:35:21+00:00,GLD261009P00398000
GLD,2026-10-02,382.76,2026-10-09,P,399.0,16.05,16.6,16.51,4.0,132,0.19263502685546874,True,2026-10-01 19:58:41+00:00,GLD261009P00399000
GLD,2026-10-02,382.76,2026-10-09,P,400.0,16.95,17.55,17.4,52.0,535,0.1948322705078125,True,2026-10-01 19:59:30+00:00,GLD261009P00400000
GLD,2026-10-02,382.76,2026-10-09,P,401.0,17.9,18.55,18.05,10.0,42,0.20337710693359373,True,2026-10-01 17:30:00+00:00,GLD261009P00401000
GLD,2026-10-02,382.76,2026-10-09,P,402.0,18.85,19.5,19.25,21.0,159,0.20410952148437497,True,2026-10-01 19:35:33+00:00,GLD261009P00402000
GLD,2026-10-02,382.76,2026-10-09,P,403.0,19.8,20.5,20.25,1.0,37,0.21216608154296873,True,2026-09-30 13:59:32+00:00,GLD261009P00403000
GLD,2026-10-02,382.76,2026-10-09,P,404.0,20.8,21.5,21.2,14.0,140,0.22022264160156246,True,2026-10-01 19:06:38+00:00,GLD261009P00404000
GLD,2026-10-02,382.76,2026-10-09,P,405.0,21.8,22.5,22.3,18.0,194,0.22827920166015625,True,2026-10-01 19:53:41+00:00,GLD261009P00405000
GLD,2026-10-02,382.76,2026-10-09,P,406.0,22.8,23.45,23.15,2.0,133,0.22657023437499998,True,2026-09-28 19:45:44+00:00,GLD261009P00406000
GLD,2026-10-02,382.76,2026-10-09,P,407.0,23.8,24.45,24.4,3.0,90,0.23438265625,True,2026-10-01 17:30:00+00:00,GLD261009P00407000
GLD,2026-10-02,382.76,2026-10-09,P,408.0,24.8,25.45,25.63,6.0,35,0.24195093994140626,True,2026-09-29 19:43:25+00:00,GLD261009P00408000
GLD,2026-10-02,382.76,2026-10-09,P,409.0,25.8,26.55,26.3,2.0,9,0.26856200195312496,True,2026-10-01 19:42:55+00:00,GLD261009P00409000
GLD,2026-10-02,382.76,2026-10-09,P,410.0,26.8,27.55,27.5,62.0,40,0.27637442382812494,True,2026-10-01 19:39:31+00:00,GLD261009P00410000
GLD,2026-10-02,382.76,2026-10-09,P,411.0,27.2,29.4,29.72,1.0,0,0.38635867553710934,True,2026-09-29 15:57:25+00:00,GLD261009P00411000
GLD,2026-10-02,382.76,2026-10-09,P,412.0,28.7,29.4,29.2,7.0,0,0.25928475097656256,True,2026-10-01 20:11:48+00:00,GLD261009P00412000
GLD,2026-10-02,382.76,2026-10-09,P,413.0,29.55,31.0,29.45,25.0,12,0.3632876171875,True,2026-10-01 19:38:04+00:00,GLD261009P00413000
GLD,2026-10-02,382.76,2026-10-09,P,414.0,30.65,32.45,22.63,2.0,0,0.418951123046875,True,2026-09-24 18:27:17+00:00,GLD261009P00414000
GLD,2026-10-02,382.76,2026-10-09,P,415.0,31.8,32.8,34.6,2.0,0,0.3549869189453124,True,2026-09-29 16:47:55+00:00,GLD261009P00415000
GLD,2026-10-02,382.76,2026-10-09,P,416.0,32.65,34.35,34.19,1.0,0,0.4274959594726563,True,2026-09-29 14:50:15+00:00,GLD261009P00416000
GLD,2026-10-02,382.76,2026-10-09,P,417.0,33.1,35.85,36.15,1.0,0,0.4831594653320313,True,2026-09-28 14:01:31+00:00,GLD261009P00417000
GLD,2026-10-02,382.76,2026-10-09,P,418.0,34.1,36.85,24.77,2.0,0,0.49268085449218757,True,2026-09-23 15:02:15+00:00,GLD261009P00418000
GLD,2026-10-02,382.76,2026-10-09,P,419.0,35.2,37.85,41.0,2.0,0,0.5019581054687501,True,2026-09-28 15:44:05+00:00,GLD261009P00419000
GLD,2026-10-02,382.76,2026-10-09,P,420.0,36.8,38.7,42.6,1.0,10,0.4975636181640626,True,2026-09-28 14:48:45+00:00,GLD261009P00420000
GLD,2026-10-02,382.76,2026-10-09,P,421.0,37.25,39.85,27.6,2.0,0,0.5205126074218749,True,2026-09-25 19:39:28+00:00,GLD261009P00421000
GLD,2026-10-02,382.76,2026-10-09,P,422.0,38.3,40.85,28.62,1.0,0,0.5295457202148439,True,2026-09-14 18:49:24+00:00,GLD261009P00422000
GLD,2026-10-02,382.76,2026-10-09,P,423.0,39.55,41.6,30.62,2.0,0,0.514653291015625,True,2026-09-23 16:01:53+00:00,GLD261009P00423000
GLD,2026-10-02,382.76,2026-10-09,P,424.0,40.8,42.3,23.22,2.0,0,0.49170430175781255,True,2026-09-18 17:25:49+00:00,GLD261009P00424000
GLD,2026-10-02,382.76,2026-10-09,P,425.0,41.75,43.2,45.59,1.0,0,0.48828636718750007,True,2026-09-28 18:58:39+00:00,GLD261009P00425000
GLD,2026-10-02,382.76,2026-10-09,P,426.0,42.3,44.85,25.67,2.0,0,0.565556102294922,True,2026-09-18 16:30:17+00:00,GLD261009P00426000
GLD,2026-10-02,382.76,2026-10-09,P,427.0,43.1,45.85,26.55,4.0,0,0.5744671459960937,True,2026-09-18 16:30:17+00:00,GLD261009P00427000
GLD,2026-10-02,382.76,2026-10-09,P,428.0,44.1,46.85,28.87,2.0,0,0.5832561206054687,True,2026-09-18 14:52:03+00:00,GLD261009P00428000
GLD,2026-10-02,382.76,2026-10-09,P,429.0,45.05,47.85,26.4,1.0,0,0.591923026123047,True,2026-09-04 20:11:37+00:00,GLD261009P00429000
GLD,2026-10-02,382.76,2026-10-09,P,430.0,46.35,48.85,38.0,1.0,0,0.6005899316406251,True,2026-09-25 13:31:13+00:00,GLD261009P00430000
GLD,2026-10-02,382.76,2026-10-09,P,431.0,47.15,49.85,28.58,1.0,0,0.6092568371582032,True,2026-08-31 13:59:56+00:00,GLD261009P00431000
GLD,2026-10-02,382.76,2026-10-09,P,432.0,48.35,50.85,38.5,58.0,0,0.6179237426757813,True,2026-09-24 18:45:02+00:00,GLD261009P00432000
GLD,2026-10-02,382.76,2026-10-09,P,433.0,49.15,51.85,39.53,2.0,0,0.6263465100097658,True,2026-09-15 18:07:19+00:00,GLD261009P00433000
GLD,2026-10-02,382.76,2026-10-09,P,434.0,50.35,52.85,41.62,7.0,0,0.6347692773437501,True,2026-09-14 15:07:20+00:00,GLD261009P00434000
GLD,2026-10-02,382.76,2026-10-09,P,435.0,51.35,53.85,36.06,1.0,0,0.6433141137695313,True,2026-09-17 13:45:03+00:00,GLD261009P00435000
GLD,2026-10-02,382.76,2026-10-09,P,440.0,56.15,58.55,35.65,1.0,0,0.6513706738281251,True,2026-09-04 20:11:47+00:00,GLD261009P00440000
GLD,2026-10-02,382.76,2026-10-09,P,500.0,116.05,118.4,88.11,,0,1.0459032080078128,True,2026-09-03 17:36:29+00:00,GLD261009P00500000
GLD,2026-10-02,382.76,2026-10-16,C,205.0,176.85,179.2,186.28,1.0,1,1.3320345898437496,True,2026-09-25 14:08:23+00:00,GLD261016C00205000
GLD,2026-10-02,382.76,2026-10-16,C,210.0,172.75,173.7,172.99,1.0,0,1.3867218164062498,True,2026-10-01 18:48:06+00:00,GLD261016C00210000
GLD,2026-10-02,382.76,2026-10-16,C,215.0,0.0,0.0,187.24,2.0,0,1.0000000000000003e-05,True,2026-08-13 15:57:08+00:00,GLD261016C00215000
GLD,2026-10-02,382.76,2026-10-16,C,220.0,161.85,164.2,181.1,2.0,27,1.193363408203125,True,2026-09-22 19:33:25+00:00,GLD261016C00220000
GLD,2026-10-02,382.76,2026-10-16,C,225.0,201.15,204.9,150.0,2.0,9,4.571781629028321,True,2026-07-14 17:07:12+00:00,GLD261016C00225000
GLD,2026-10-02,382.76,2026-10-16,C,235.0,0.0,0.0,176.83,1.0,0,1.0000000000000003e-05,True,2026-03-23 19:17:00+00:00,GLD261016C00235000
GLD,2026-10-02,382.76,2026-10-16,C,240.0,224.5,228.75,212.14,1.0,0,6.21411356048584,True,2026-01-30 18:00:00+00:00,GLD261016C00240000
GLD,2026-10-02,382.76,2026-10-16,C,250.0,132.85,133.7,131.59,2.0,15,1.0376024682617189,True,2026-09-29 15:46:14+00:00,GLD261016C00250000
GLD,2026-10-02,382.76,2026-10-16,C,255.0,126.95,129.3,145.55,3.0,4,0.9443364941406249,True,2026-09-17 15:59:51+00:00,GLD261016C00255000
GLD,2026-10-02,382.76,2026-10-16,C,265.0,117.5,118.75,128.72,1.0,70,0.8652357226562499,True,2026-09-23 19:55:58+00:00,GLD261016C00265000
GLD,2026-10-02,382.76,2026-10-16,C,270.0,111.95,114.2,130.68,4.0,6,0.8085956640624999,True,2026-09-17 17:23:01+00:00,GLD261016C00270000
GLD,2026-10-02,382.76,2026-10-16,C,275.0,126.05,129.5,160.7,3.0,0,2.25232370513916,True,2026-05-13 18:36:58+00:00,GLD261016C00275000
GLD,2026-10-02,382.76,2026-10-16,C,280.0,102.85,103.95,103.11,1.0,4,0.8217791259765624,True,2026-10-01 18:48:06+00:00,GLD261016C00280000
GLD,2026-10-02,382.76,2026-10-16,C,285.0,97.05,99.35,108.9,3.0,0,0.73437765625,True,2026-09-23 18:50:09+00:00,GLD261016C00285000
GLD,2026-10-02,382.76,2026-10-16,C,290.0,0.0,0.0,115.5,10.0,0,1.0000000000000003e-05,True,2026-08-10 19:31:38+00:00,GLD261016C00290000
GLD,2026-10-02,382.76,2026-10-16,C,295.0,131.7,135.5,79.45,2.0,10,3.072084839324951,True,2026-06-29 14:23:33+00:00,GLD261016C00295000
GLD,2026-10-02,382.76,2026-10-16,C,300.0,82.1,84.05,82.64,2.0,501,0.5908244042968751,True,2026-09-29 18:22:03+00:00,GLD261016C00300000
GLD,2026-10-02,382.76,2026-10-16,C,305.0,146.85,149.7,125.59,2.0,6,3.8838503880310054,True,2026-03-19 16:35:42+00:00,GLD261016C00305000
GLD,2026-10-02,382.76,2026-10-16,C,310.0,72.2,74.45,90.36,1.0,11,0.5756878369140624,True,2026-09-17 19:08:16+00:00,GLD261016C00310000
GLD,2026-10-02,382.76,2026-10-16,C,315.0,67.1,69.3,78.15,3.0,50,0.5153857055664062,True,2026-09-14 14:06:33+00:00,GLD261016C00315000
GLD,2026-10-02,382.76,2026-10-16,C,320.0,62.15,64.3,61.42,1.0,134,0.6213416772460938,True,2026-09-30 19:54:34+00:00,GLD261016C00320000
GLD,2026-10-02,382.76,2026-10-16,C,325.0,57.95,59.25,65.47,10.0,160,0.5043994873046875,True,2026-09-24 15:06:58+00:00,GLD261016C00325000
GLD,2026-10-02,382.76,2026-10-16,C,330.0,52.4,54.15,72.59,10.0,83,0.523442265625,True,2026-09-18 19:43:10+00:00,GLD261016C00330000
GLD,2026-10-02,382.76,2026-10-16,C,335.0,47.3,49.25,58.53,1.0,159,0.4907277490234375,True,2026-09-14 13:30:07+00:00,GLD261016C00335000
GLD,2026-10-02,382.76,2026-10-16,C,340.0,43.1,44.1,43.11,15.0,104,0.4366511413574219,True,2026-10-01 16:16:22+00:00,GLD261016C00340000
GLD,2026-10-02,382.76,2026-10-16,C,341.0,41.35,43.7,77.75,9.0,11,0.47412635253906255,True,2026-08-28 15:40:28+00:00,GLD261016C00341000
GLD,2026-10-02,382.76,2026-10-16,C,342.0,65.5,67.4,45.69,2.0,12,1.4753444201660155,True,2026-08-05 13:30:04+00:00,GLD261016C00342000
GLD,2026-10-02,382.76,2026-10-16,C,343.0,39.35,41.9,62.53,10.0,11,0.47009807250976565,True,2026-09-08 14:19:34+00:00,GLD261016C00343000
GLD,2026-10-02,382.76,2026-10-16,C,344.0,0.0,0.0,58.65,10.0,0,1.0000000000000003e-05,True,2026-08-07 20:00:48+00:00,GLD261016C00344000
GLD,2026-10-02,382.76,2026-10-16,C,345.0,37.4,39.45,35.4,1.0,39,0.42163664306640625,True,2026-09-28 19:15:23+00:00,GLD261016C00345000
GLD,2026-10-02,382.76,2026-10-16,C,346.0,36.4,38.8,37.64,1.0,3,0.43677321044921874,True,2026-09-29 19:22:39+00:00,GLD261016C00346000
GLD,2026-10-02,382.76,2026-10-16,C,347.0,35.4,37.8,48.81,2.0,12,0.4278621667480469,True,2026-09-15 17:44:30+00:00,GLD261016C00347000
GLD,2026-10-02,382.76,2026-10-16,C,348.0,34.45,36.65,72.25,1.0,2,0.40930766479492187,True,2026-08-28 14:45:25+00:00,GLD261016C00348000
GLD,2026-10-02,382.76,2026-10-16,C,349.0,33.45,35.7,33.45,2.0,3,0.40369248657226564,True,2026-09-30 17:04:04+00:00,GLD261016C00349000
GLD,2026-10-02,382.76,2026-10-16,C,350.0,33.35,34.2,32.01,4.0,154,0.36133451171875,True,2026-09-29 16:41:21+00:00,GLD261016C00350000
GLD,2026-10-02,382.76,2026-10-16,C,351.0,31.5,33.95,28.82,2.0,2,0.40112903564453123,True,2026-09-28 15:21:33+00:00,GLD261016C00351000
GLD,2026-10-02,382.76,2026-10-16,C,352.0,31.55,32.3,27.92,6.0,8,0.3513248461914062,True,2026-09-28 15:21:33+00:00,GLD261016C00352000
GLD,2026-10-02,382.76,2026-10-16,C,353.0,29.6,31.8,28.97,3.0,3,0.37402969726562496,True,2026-09-30 18:47:05+00:00,GLD261016C00353000
GLD,2026-10-02,382.76,2026-10-16,C,354.0,29.6,30.75,25.7,2.0,4,0.36206692626953124,True,2026-09-28 15:47:25+00:00,GLD261016C00354000
GLD,2026-10-02,382.76,2026-10-16,C,355.0,28.65,29.35,29.29,6.0,55,0.32874206420898433,True,2026-10-01 18:46:37+00:00,GLD261016C00355000
GLD,2026-10-02,382.76,2026-10-16,C,356.0,27.7,28.4,28.13,15.0,26,0.3232489550781249,True,2026-10-01 18:53:11+00:00,GLD261016C00356000
GLD,2026-10-02,382.76,2026-10-16,C,357.0,26.75,27.45,27.25,11.0,21,0.3175117077636719,True,2026-10-01 18:53:11+00:00,GLD261016C00357000
GLD,2026-10-02,382.76,2026-10-16,C,358.0,25.8,26.5,26.37,4.0,28,0.31153032226562494,True,2026-10-01 18:45:46+00:00,GLD261016C00358000
GLD,2026-10-02,382.76,2026-10-16,C,359.0,24.95,25.55,24.97,32.0,16,0.3055489367675781,True,2026-10-01 18:30:12+00:00,GLD261016C00359000
GLD,2026-10-02,382.76,2026-10-16,C,360.0,23.95,24.45,24.27,32.0,622,0.29077857666015616,True,2026-10-01 18:50:38+00:00,GLD261016C00360000
GLD,2026-10-02,382.76,2026-10-16,C,361.0,23.05,23.65,23.39,47.0,41,0.292853751220703,True,2026-10-01 18:53:23+00:00,GLD261016C00361000
GLD,2026-10-02,382.76,2026-10-16,C,362.0,22.15,22.7,22.42,45.0,72,0.2863840893554687,True,2026-10-01 18:53:23+00:00,GLD261016C00362000
GLD,2026-10-02,382.76,2026-10-16,C,363.0,21.2,21.7,21.9,18.0,13,0.2770458038330078,True,2026-10-01 18:36:00+00:00,GLD261016C00363000
GLD,2026-10-02,382.76,2026-10-16,C,364.0,20.3,20.75,20.5,6.0,49,0.27027096923828126,True,2026-10-01 19:27:12+00:00,GLD261016C00364000
GLD,2026-10-02,382.76,2026-10-16,C,365.0,19.4,19.85,19.83,17.0,237,0.26569337829589845,True,2026-10-01 19:23:06+00:00,GLD261016C00365000
GLD,2026-10-02,382.76,2026-10-16,C,366.0,18.5,18.9,18.45,7.0,81,0.25843026733398444,True,2026-10-01 18:13:02+00:00,GLD261016C00366000
GLD,2026-10-02,382.76,2026-10-16,C,367.0,17.65,18.1,17.1,7.0,13,0.25794199096679693,True,2026-10-01 14:53:21+00:00,GLD261016C00367000
GLD,2026-10-02,382.76,2026-10-16,C,368.0,16.8,17.35,15.52,14.0,741,0.2590406127929688,True,2026-09-30 17:20:59+00:00,GLD261016C00368000
GLD,2026-10-02,382.76,2026-10-16,C,369.0,15.95,16.4,16.25,4.0,183,0.25086198364257806,True,2026-10-01 17:44:54+00:00,GLD261016C00369000
GLD,2026-10-02,382.76,2026-10-16,C,370.0,15.1,15.5,15.47,4.0,3154,0.24457542541503907,True,2026-10-01 17:44:54+00:00,GLD261016C00370000
GLD,2026-10-02,382.76,2026-10-16,C,371.0,14.3,14.85,14.5,4.0,57,0.24799335998535155,True,2026-09-30 14:57:21+00:00,GLD261016C00371000
GLD,2026-10-02,382.76,2026-10-16,C,372.0,13.5,14.0,13.77,4.0,61,0.24280542358398435,True,2026-09-30 14:57:21+00:00,GLD261016C00372000
GLD,2026-10-02,382.76,2026-10-16,C,373.0,12.7,13.15,12.75,4.0,66,0.2371902453613281,True,2026-10-01 18:13:02+00:00,GLD261016C00373000
GLD,2026-10-02,382.76,2026-10-16,C,374.0,11.95,12.45,11.75,1.0,59,0.23670196899414062,True,2026-09-29 13:30:00+00:00,GLD261016C00374000
GLD,2026-10-02,382.76,2026-10-16,C,375.0,11.25,11.6,11.8,7.0,674,0.23011023803710937,True,2026-10-01 18:42:42+00:00,GLD261016C00375000
GLD,2026-10-02,382.76,2026-10-16,C,376.0,10.5,11.0,11.37,1.0,261,0.23188023986816403,True,2026-09-30 13:46:07+00:00,GLD261016C00376000
GLD,2026-10-02,382.76,2026-10-16,C,377.0,9.8,10.3,10.1,11.0,161,0.22943885803222658,True,2026-09-30 17:31:12+00:00,GLD261016C00377000
GLD,2026-10-02,382.76,2026-10-16,C,378.0,9.15,9.6,9.47,1.0,777,0.22632609619140626,True,2026-10-01 19:35:49+00:00,GLD261016C00378000
GLD,2026-10-02,382.76,2026-10-16,C,379.0,8.55,8.95,8.85,15.0,388,0.22425092163085933,True,2026-10-01 16:07:03+00:00,GLD261016C00379000
GLD,2026-10-02,382.76,2026-10-16,C,380.0,7.95,8.2,8.1,147.0,6758,0.21820850158691402,True,2026-10-01 19:53:23+00:00,GLD261016C00380000
GLD,2026-10-02,382.76,2026-10-16,C,381.0,7.35,7.6,7.7,104.0,243,0.21637746520996093,True,2026-10-01 19:23:50+00:00,GLD261016C00381000
GLD,2026-10-02,382.76,2026-10-16,C,382.0,6.8,7.05,7.0,160.0,367,0.21546194702148438,True,2026-10-01 19:46:01+00:00,GLD261016C00382000
GLD,2026-10-02,382.76,2026-10-16,C,383.0,6.3,6.5,6.42,101.0,189,0.21375297973632812,False,2026-10-01 19:37:07+00:00,GLD261016C00383000
GLD,2026-10-02,382.76,2026-10-16,C,384.0,5.8,6.0,6.1,14.0,175,0.21289849609375,False,2026-10-01 18:47:30+00:00,GLD261016C00384000
GLD,2026-10-02,382.76,2026-10-16,C,385.0,5.35,5.5,5.4,1417.0,1856,0.21125056335449216,False,2026-10-01 20:00:16+00:00,GLD261016C00385000
GLD,2026-10-02,382.76,2026-10-16,C,386.0,4.85,5.1,4.99,8.0,364,0.21210504699707028,False,2026-10-01 18:51:32+00:00,GLD261016C00386000
GLD,2026-10-02,382.76,2026-10-16,C,387.0,4.45,4.65,4.55,13.0,78,0.21051814880371095,False,2026-10-01 19:56:05+00:00,GLD261016C00387000
GLD,2026-10-02,382.76,2026-10-16,C,388.0,4.05,4.25,4.23,62.0,296,0.20978573425292968,False,2026-10-01 20:01:41+00:00,GLD261016C00388000
GLD,2026-10-02,382.76,2026-10-16,C,389.0,3.7,3.9,3.9,6.0,151,0.20996883789062498,False,2026-10-01 19:18:50+00:00,GLD261016C00389000
GLD,2026-10-02,382.76,2026-10-16,C,390.0,3.4,3.5,3.35,428.0,10002,0.20758849060058593,False,2026-10-01 20:14:24+00:00,GLD261016C00390000
GLD,2026-10-02,382.76,2026-10-16,C,391.0,3.05,3.25,3.4,26.0,1043,0.20978573425292968,False,2026-10-01 18:34:55+00:00,GLD261016C00391000
GLD,2026-10-02,382.76,2026-10-16,C,392.0,2.8,2.94,3.1,20.0,528,0.2090533197021484,False,2026-10-01 18:34:55+00:00,GLD261016C00392000
GLD,2026-10-02,382.76,2026-10-16,C,393.0,2.53,2.67,2.56,74.0,286,0.2090533197021484,False,2026-10-01 17:54:54+00:00,GLD261016C00393000
GLD,2026-10-02,382.76,2026-10-16,C,394.0,2.3,2.45,2.68,18.0,218,0.21021297607421874,False,2026-10-01 14:56:18+00:00,GLD261016C00394000
GLD,2026-10-02,382.76,2026-10-16,C,395.0,2.09,2.2,2.14,327.0,5794,0.20954159606933592,False,2026-10-01 20:13:23+00:00,GLD261016C00395000
GLD,2026-10-02,382.76,2026-10-16,C,396.0,1.88,2.01,1.99,25.0,283,0.21057918334960937,False,2026-10-01 18:34:48+00:00,GLD261016C00396000
GLD,2026-10-02,382.76,2026-10-16,C,397.0,1.7,1.81,1.75,67.0,824,0.21051814880371095,False,2026-10-01 19:57:11+00:00,GLD261016C00397000
GLD,2026-10-02,382.76,2026-10-16,C,398.0,1.55,1.65,1.6,11.0,216,0.21155573608398434,False,2026-10-01 20:14:50+00:00,GLD261016C00398000
GLD,2026-10-02,382.76,2026-10-16,C,399.0,1.38,1.49,1.44,33.0,2371,0.21204401245117185,False,2026-10-01 19:15:59+00:00,GLD261016C00399000
GLD,2026-10-02,382.76,2026-10-16,C,400.0,1.27,1.31,1.28,1009.0,19671,0.2106402178955078,False,2026-10-01 20:13:23+00:00,GLD261016C00400000
GLD,2026-10-02,382.76,2026-10-16,C,401.0,1.13,1.23,1.17,50.0,454,0.21399711791992188,False,2026-10-01 19:50:04+00:00,GLD261016C00401000
GLD,2026-10-02,382.76,2026-10-16,C,402.0,1.01,1.1,1.04,29.0,890,0.2140581524658203,False,2026-10-01 19:58:06+00:00,GLD261016C00402000
GLD,2026-10-02,382.76,2026-10-16,C,403.0,0.92,1.01,0.96,27.0,1273,0.21595022338867187,False,2026-10-01 20:14:50+00:00,GLD261016C00403000
GLD,2026-10-02,382.76,2026-10-16,C,404.0,0.81,0.93,0.97,115.0,2799,0.21790332885742186,False,2026-10-01 17:37:11+00:00,GLD261016C00404000
GLD,2026-10-02,382.76,2026-10-16,C,405.0,0.75,0.81,0.79,309.0,5496,0.21656056884765623,False,2026-10-01 19:52:41+00:00,GLD261016C00405000
GLD,2026-10-02,382.76,2026-10-16,C,406.0,0.67,0.71,0.75,63.0,680,0.215828154296875,False,2026-10-01 18:34:48+00:00,GLD261016C00406000
GLD,2026-10-02,382.76,2026-10-16,C,407.0,0.61,0.66,0.67,6.0,395,0.21851367431640623,False,2026-10-01 18:17:22+00:00,GLD261016C00407000
GLD,2026-10-02,382.76,2026-10-16,C,408.0,0.55,0.6,0.59,145.0,1506,0.21973436523437498,False,2026-10-01 19:34:51+00:00,GLD261016C00408000
GLD,2026-10-02,382.76,2026-10-16,C,409.0,0.49,0.55,0.53,4.0,525,0.2215654016113281,False,2026-10-01 18:34:48+00:00,GLD261016C00409000
GLD,2026-10-02,382.76,2026-10-16,C,410.0,0.46,0.49,0.47,913.0,12974,0.2219316088867187,False,2026-10-01 20:00:49+00:00,GLD261016C00410000
GLD,2026-10-02,382.76,2026-10-16,C,411.0,0.41,0.45,0.43,24.0,276,0.2238847143554687,False,2026-10-01 15:08:55+00:00,GLD261016C00411000
GLD,2026-10-02,382.76,2026-10-16,C,412.0,0.38,0.41,0.45,99.0,440,0.22534954345703123,False,2026-10-01 18:47:26+00:00,GLD261016C00412000
GLD,2026-10-02,382.76,2026-10-16,C,413.0,0.34,0.38,0.39,15.0,323,0.22754678710937498,False,2026-10-01 17:08:44+00:00,GLD261016C00413000
GLD,2026-10-02,382.76,2026-10-16,C,414.0,0.31,0.35,0.38,36.0,274,0.229499892578125,False,2026-10-01 19:28:43+00:00,GLD261016C00414000
GLD,2026-10-02,382.76,2026-10-16,C,415.0,0.29,0.32,0.3,330.0,7316,0.2309647216796875,False,2026-10-01 19:57:22+00:00,GLD261016C00415000
GLD,2026-10-02,382.76,2026-10-16,C,416.0,0.26,0.3,0.3,64.0,554,0.23365024169921872,False,2026-10-01 19:39:10+00:00,GLD261016C00416000
GLD,2026-10-02,382.76,2026-10-16,C,417.0,0.24,0.27,0.31,5.0,218,0.23462679443359374,False,2026-10-01 18:39:27+00:00,GLD261016C00417000
GLD,2026-10-02,382.76,2026-10-16,C,418.0,0.23,0.25,0.26,133.0,605,0.23657989990234374,False,2026-10-01 19:34:51+00:00,GLD261016C00418000
GLD,2026-10-02,382.76,2026-10-16,C,419.0,0.21,0.24,0.24,75.0,5511,0.24024197265624997,False,2026-10-01 19:15:42+00:00,GLD261016C00419000
GLD,2026-10-02,382.76,2026-10-16,C,420.0,0.2,0.22,0.2,527.0,9108,0.2417068017578125,False,2026-10-01 19:58:17+00:00,GLD261016C00420000
GLD,2026-10-02,382.76,2026-10-16,C,421.0,0.18,0.21,0.23,6.0,157,0.24488059814453128,False,2026-10-01 18:45:22+00:00,GLD261016C00421000
GLD,2026-10-02,382.76,2026-10-16,C,422.0,0.17,0.19,0.18,24.0,575,0.24585715087890625,False,2026-10-01 19:53:05+00:00,GLD261016C00422000
GLD,2026-10-02,382.76,2026-10-16,C,423.0,0.15,0.19,0.21,3.0,290,0.25098405273437496,False,2026-09-30 18:51:02+00:00,GLD261016C00423000
GLD,2026-10-02,382.76,2026-10-16,C,424.0,0.15,0.17,0.17,3.0,238,0.2512281909179687,False,2026-10-01 14:31:42+00:00,GLD261016C00424000
GLD,2026-10-02,382.76,2026-10-16,C,425.0,0.14,0.16,0.15,159.0,14798,0.25391371093750004,False,2026-10-01 19:53:06+00:00,GLD261016C00425000
GLD,2026-10-02,382.76,2026-10-16,C,426.0,0.13,0.17,0.21,14.0,199,0.260749580078125,False,2026-09-30 15:30:41+00:00,GLD261016C00426000
GLD,2026-10-02,382.76,2026-10-16,C,427.0,0.12,0.16,0.15,20.0,329,0.26319096191406255,False,2026-10-01 14:09:45+00:00,GLD261016C00427000
GLD,2026-10-02,382.76,2026-10-16,C,428.0,0.12,0.15,0.15,2.0,565,0.2651440673828125,False,2026-10-01 13:54:25+00:00,GLD261016C00428000
GLD,2026-10-02,382.76,2026-10-16,C,429.0,0.11,0.15,0.19,2.0,310,0.2700268310546875,False,2026-09-30 14:16:01+00:00,GLD261016C00429000
GLD,2026-10-02,382.76,2026-10-16,C,430.0,0.11,0.13,0.12,256.0,9505,0.2690502783203125,False,2026-10-01 19:59:33+00:00,GLD261016C00430000
GLD,2026-10-02,382.76,2026-10-16,C,431.0,0.1,0.13,0.17,33.0,41,0.273444765625,False,2026-09-30 16:21:06+00:00,GLD261016C00431000
GLD,2026-10-02,382.76,2026-10-16,C,432.0,0.09,0.13,0.22,30.0,77,0.278327529296875,False,2026-09-28 19:48:57+00:00,GLD261016C00432000
GLD,2026-10-02,382.76,2026-10-16,C,433.0,0.09,0.12,0.2,5.0,6,0.27930408203124996,False,2026-09-29 14:47:15+00:00,GLD261016C00433000
GLD,2026-10-02,382.76,2026-10-16,C,434.0,0.09,0.12,0.41,69.0,56,0.2836985693359374,False,2026-09-25 19:53:13+00:00,GLD261016C00434000
GLD,2026-10-02,382.76,2026-10-16,C,435.0,0.08,0.11,0.09,34.0,5285,0.2846751220703124,False,2026-10-01 19:57:22+00:00,GLD261016C00435000
GLD,2026-10-02,382.76,2026-10-16,C,440.0,0.07,0.09,0.09,1456.0,16441,0.29883513671874995,False,2026-10-01 19:20:30+00:00,GLD261016C00440000
GLD,2026-10-02,382.76,2026-10-16,C,445.0,0.06,0.08,0.07,8.0,6407,0.31445998046874996,False,2026-10-01 19:53:36+00:00,GLD261016C00445000
GLD,2026-10-02,382.76,2026-10-16,C,450.0,0.05,0.07,0.06,287.0,40278,0.32910827148437494,False,2026-10-01 19:53:36+00:00,GLD261016C00450000
GLD,2026-10-02,382.76,2026-10-16,C,455.0,0.03,0.07,0.06,2.0,4262,0.348639326171875,False,2026-10-01 19:39:37+00:00,GLD261016C00455000
GLD,2026-10-02,382.76,2026-10-16,C,460.0,0.04,0.07,0.05,268.0,5390,0.36817038085937503,False,2026-10-01 19:32:12+00:00,GLD261016C00460000
GLD,2026-10-02,382.76,2026-10-16,C,465.0,0.02,0.06,0.04,100.0,1333,0.379889013671875,False,2026-10-01 18:11:32+00:00,GLD261016C00465000
GLD,2026-10-02,382.76,2026-10-16,C,470.0,0.03,0.06,0.04,1.0,2263,0.398443515625,False,2026-09-30 15:07:02+00:00,GLD261016C00470000
GLD,2026-10-02,382.76,2026-10-16,C,475.0,0.02,0.05,0.03,5.0,2446,0.40820904296875,False,2026-10-01 19:39:37+00:00,GLD261016C00475000
GLD,2026-10-02,382.76,2026-10-16,C,480.0,0.02,0.04,0.03,31.0,3260,0.41602146484374997,False,2026-10-01 13:51:32+00:00,GLD261016C00480000
GLD,2026-10-02,382.76,2026-10-16,C,485.0,0.01,0.03,0.03,2.0,1948,0.41992767578125,False,2026-10-01 13:48:39+00:00,GLD261016C00485000
GLD,2026-10-02,382.76,2026-10-16,C,490.0,0.01,0.03,0.03,2.0,2025,0.437505625,False,2026-10-01 14:32:24+00:00,GLD261016C00490000
GLD,2026-10-02,382.76,2026-10-16,C,495.0,0.01,0.03,0.04,19.0,1455,0.45313046875,False,2026-09-28 19:01:51+00:00,GLD261016C00495000
GLD,2026-10-02,382.76,2026-10-16,C,500.0,0.01,0.03,0.02,37.0,9253,0.4687553125,False,2026-10-01 14:03:50+00:00,GLD261016C00500000
GLD,2026-10-02,382.76,2026-10-16,C,505.0,0.01,0.04,0.02,10.0,20679,0.49805189453125004,False,2026-10-01 16:05:08+00:00,GLD261016C00505000
GLD,2026-10-02,382.76,2026-10-16,C,510.0,0.01,0.04,0.03,1.0,1098,0.5136767382812499,False,2026-09-30 13:51:32+00:00,GLD261016C00510000
GLD,2026-10-02,382.76,2026-10-16,C,515.0,0.01,0.04,0.02,6.0,1261,0.5039112109375,False,2026-09-28 19:02:29+00:00,GLD261016C00515000
GLD,2026-10-02,382.76,2026-10-16,C,520.0,0.01,0.04,0.02,5.0,817,0.5195360546875,False,2026-10-01 13:40:31+00:00,GLD261016C00520000
GLD,2026-10-02,382.76,2026-10-16,C,525.0,0.01,0.03,0.02,1.0,652,0.523442265625,False,2026-10-01 13:32:21+00:00,GLD261016C00525000
GLD,2026-10-02,382.76,2026-10-16,C,530.0,0.01,0.03,0.03,2.0,427,0.5390671093750001,False,2026-09-24 16:26:55+00:00,GLD261016C00530000
GLD,2026-10-02,382.76,2026-10-16,C,535.0,0.01,0.03,0.1,1.0,431,0.5546919531250001,False,2026-09-28 14:33:30+00:00,GLD261016C00535000
GLD,2026-10-02,382.76,2026-10-16,C,540.0,0.01,0.03,0.05,1.0,920,0.5664105859375,False,2026-09-28 14:55:47+00:00,GLD261016C00540000
GLD,2026-10-02,382.76,2026-10-16,C,545.0,0.0,0.03,0.02,1.0,809,0.5664105859375,False,2026-09-29 14:36:01+00:00,GLD261016C00545000
GLD,2026-10-02,382.76,2026-10-16,C,550.0,0.0,0.03,0.02,30.0,1981,0.57812921875,False,2026-09-28 19:43:19+00:00,GLD261016C00550000
GLD,2026-10-02,382.76,2026-10-16,C,555.0,0.0,0.03,0.03,1.0,864,0.5937540625000001,False,2026-09-28 14:34:12+00:00,GLD261016C00555000
GLD,2026-10-02,382.76,2026-10-16,C,560.0,0.0,0.03,0.09,1.0,716,0.6054726953125001,False,2026-09-24 16:26:36+00:00,GLD261016C00560000
GLD,2026-10-02,382.76,2026-10-16,C,565.0,0.01,0.03,0.1,2.0,659,0.632816171875,False,2026-09-24 16:26:59+00:00,GLD261016C00565000
GLD,2026-10-02,382.76,2026-10-16,C,570.0,0.0,0.03,0.07,7.0,222,0.632816171875,False,2026-09-28 14:44:02+00:00,GLD261016C00570000
GLD,2026-10-02,382.76,2026-10-16,C,575.0,0.0,0.03,0.08,1.0,2567,0.64062859375,False,2026-09-28 14:42:53+00:00,GLD261016C00575000
GLD,2026-10-02,382.76,2026-10-16,C,580.0,0.0,0.03,0.09,1.0,467,0.6562534375000001,False,2026-09-28 14:42:15+00:00,GLD261016C00580000
GLD,2026-10-02,382.76,2026-10-16,C,585.0,0.01,0.03,0.05,1.0,479,0.6835969140625001,False,2026-09-25 19:28:13+00:00,GLD261016C00585000
GLD,2026-10-02,382.76,2026-10-16,C,590.0,0.0,0.03,0.05,4.0,195,0.6796907031250001,False,2026-09-28 15:23:51+00:00,GLD261016C00590000
GLD,2026-10-02,382.76,2026-10-16,C,595.0,0.01,0.02,0.08,1.0,637,0.6914093359375001,False,2026-09-28 14:41:39+00:00,GLD261016C00595000
GLD,2026-10-02,382.76,2026-10-16,C,600.0,0.01,0.02,0.07,1.0,6080,0.70312796875,False,2026-09-22 18:09:58+00:00,GLD261016C00600000
GLD,2026-10-02,382.76,2026-10-16,C,605.0,0.01,0.02,0.04,5.0,296,0.7148466015625,False,2026-09-29 19:53:19+00:00,GLD261016C00605000
GLD,2026-10-02,382.76,2026-10-16,C,610.0,0.0,0.02,0.01,1.0,185,0.70312796875,False,2026-10-01 14:06:23+00:00,GLD261016C00610000
GLD,2026-10-02,382.76,2026-10-16,C,615.0,0.0,0.02,0.01,10.0,318,0.7187528125,False,2026-09-29 13:45:14+00:00,GLD261016C00615000
GLD,2026-10-02,382.76,2026-10-16,C,620.0,0.0,0.02,0.02,20.0,579,0.726565234375,False,2026-09-24 15:56:13+00:00,GLD261016C00620000
GLD,2026-10-02,382.76,2026-10-16,C,625.0,0.0,0.02,0.05,414.0,536,0.73437765625,False,2026-09-14 16:45:11+00:00,GLD261016C00625000
GLD,2026-10-02,382.76,2026-10-16,C,630.0,0.0,0.02,0.06,2.0,467,0.7500025,False,2026-09-15 18:42:22+00:00,GLD261016C00630000
GLD,2026-10-02,382.76,2026-10-16,C,635.0,0.0,0.02,0.05,1.0,570,0.7578149218750001,False,2026-09-14 16:38:55+00:00,GLD261016C00635000
GLD,2026-10-02,382.76,2026-10-16,C,640.0,0.0,0.02,0.1,1.0,301,0.7656273437500001,False,2026-09-17 16:40:04+00:00,GLD261016C00640000
GLD,2026-10-02,382.76,2026-10-16,C,645.0,0.0,0.02,0.02,1.0,376,0.7812521875,False,2026-09-22 13:57:15+00:00,GLD261016C00645000
GLD,2026-10-02,382.76,2026-10-16,C,650.0,0.0,0.02,0.03,2.0,500,0.789064609375,False,2026-09-22 19:31:04+00:00,GLD261016C00650000
GLD,2026-10-02,382.76,2026-10-16,C,655.0,0.0,0.02,0.12,1.0,251,0.79687703125,False,2026-09-10 19:42:53+00:00,GLD261016C00655000
GLD,2026-10-02,382.76,2026-10-16,C,660.0,0.0,0.02,0.13,3.0,729,0.8125018749999999,False,2026-09-10 15:53:49+00:00,GLD261016C00660000
GLD,2026-10-02,382.76,2026-10-16,C,665.0,0.0,0.02,0.02,1.0,520,0.8203142968749999,False,2026-09-22 13:52:31+00:00,GLD261016C00665000
GLD,2026-10-02,382.76,2026-10-16,C,670.0,0.0,0.02,0.08,2.0,284,0.8281267187499999,False,2026-09-15 19:25:01+00:00,GLD261016C00670000
GLD,2026-10-02,382.76,2026-10-16,C,675.0,0.0,0.02,0.02,30.0,256,0.8437515624999999,False,2026-09-18 13:39:38+00:00,GLD261016C00675000
GLD,2026-10-02,382.76,2026-10-16,C,680.0,0.0,0.02,0.05,19.0,630,0.851563984375,False,2026-09-08 19:16:35+00:00,GLD261016C00680000
GLD,2026-10-02,382.76,2026-10-16,C,685.0,0.0,0.02,0.03,25.0,275,0.85937640625,False,2026-09-17 13:42:08+00:00,GLD261016C00685000
GLD,2026-10-02,382.76,2026-10-16,C,690.0,0.0,0.02,0.03,31.0,1298,0.87500125,False,2026-09-08 18:14:11+00:00,GLD261016C00690000
GLD,2026-10-02,382.76,2026-10-16,C,695.0,0.0,0.02,0.02,30.0,1136,0.87500125,False,2026-09-16 17:36:31+00:00,GLD261016C00695000
GLD,2026-10-02,382.76,2026-10-16,C,700.0,0.0,0.02,0.02,15.0,633,0.8906260937499999,False,2026-09-25 16:18:20+00:00,GLD261016C00700000
GLD,2026-10-02,382.76,2026-10-16,C,705.0,0.0,0.02,0.01,1.0,276,0.8984385156249999,False,2026-09-24 16:24:04+00:00,GLD261016C00705000
GLD,2026-10-02,382.76,2026-10-16,C,710.0,0.0,0.02,0.01,1.0,451,0.9062509375,False,2026-09-24 16:03:47+00:00,GLD261016C00710000
GLD,2026-10-02,382.76,2026-10-16,C,715.0,0.0,0.02,0.01,1.0,692,0.92187578125,False,2026-09-24 16:23:59+00:00,GLD261016C00715000
GLD,2026-10-02,382.76,2026-10-16,C,720.0,0.0,0.02,0.01,1.0,115,0.92187578125,False,2026-09-24 16:23:50+00:00,GLD261016C00720000
GLD,2026-10-02,382.76,2026-10-16,C,725.0,0.0,0.02,0.01,1.0,184,0.937500625,False,2026-09-24 16:23:30+00:00,GLD261016C00725000
GLD,2026-10-02,382.76,2026-10-16,C,730.0,0.0,0.02,0.01,10.0,2769,0.945313046875,False,2026-09-16 13:30:00+00:00,GLD261016C00730000
GLD,2026-10-02,382.76,2026-10-16,C,735.0,0.0,0.02,0.01,1.0,101,0.9531254687499999,False,2026-09-24 16:17:58+00:00,GLD261016C00735000
GLD,2026-10-02,382.76,2026-10-16,C,740.0,0.0,0.02,0.09,4.0,609,0.9687503125,False,2026-09-10 18:14:07+00:00,GLD261016C00740000
GLD,2026-10-02,382.76,2026-10-16,C,745.0,0.0,0.02,0.09,2.0,182,0.9687503125,False,2026-09-10 18:13:42+00:00,GLD261016C00745000
GLD,2026-10-02,382.76,2026-10-16,C,750.0,0.0,0.02,0.09,1.0,265,0.98437515625,False,2026-09-10 18:13:31+00:00,GLD261016C00750000
GLD,2026-10-02,382.76,2026-10-16,C,755.0,0.0,0.02,0.02,10.0,309,0.98437515625,False,2026-09-08 14:53:35+00:00,GLD261016C00755000
GLD,2026-10-02,382.76,2026-10-16,C,760.0,0.0,0.02,0.09,1.0,209,0.9960937890625,False,2026-08-31 16:24:48+00:00,GLD261016C00760000
GLD,2026-10-02,382.76,2026-10-16,C,770.0,0.0,0.02,0.05,2.0,129,1.015629921875,False,2026-09-09 18:54:56+00:00,GLD261016C00770000
GLD,2026-10-02,382.76,2026-10-16,C,780.0,0.0,0.02,0.02,35.0,1278,1.0312548437500002,False,2026-09-23 17:48:06+00:00,GLD261016C00780000
GLD,2026-10-02,382.76,2026-10-16,C,790.0,0.0,0.02,0.01,1.0,302,1.0468797656250002,False,2026-09-24 16:04:05+00:00,GLD261016C00790000
GLD,2026-10-02,382.76,2026-10-16,C,800.0,0.0,0.02,0.01,10.0,120,1.0625046875000002,False,2026-09-24 16:17:41+00:00,GLD261016C00800000
GLD,2026-10-02,382.76,2026-10-16,C,810.0,0.0,0.02,0.01,10.0,306,1.0781296093750001,False,2026-09-22 14:12:42+00:00,GLD261016C00810000
GLD,2026-10-02,382.76,2026-10-16,C,820.0,0.0,0.02,0.07,2.0,303,1.09375453125,False,2026-09-10 14:17:47+00:00,GLD261016C00820000
GLD,2026-10-02,382.76,2026-10-16,C,830.0,0.0,0.02,0.02,18.0,230,1.109379453125,False,2026-09-09 15:00:51+00:00,GLD261016C00830000
GLD,2026-10-02,382.76,2026-10-16,C,840.0,0.0,0.02,0.06,2.0,134,1.125004375,False,2026-09-10 13:48:39+00:00,GLD261016C00840000
GLD,2026-10-02,382.76,2026-10-16,C,850.0,0.0,0.02,0.01,10.0,1208,1.140629296875,False,2026-09-22 14:12:20+00:00,GLD261016C00850000
GLD,2026-10-02,382.76,2026-10-16,C,860.0,0.0,0.02,0.01,175.0,1104,1.15625421875,False,2026-09-21 19:03:02+00:00,GLD261016C00860000
GLD,2026-10-02,382.76,2026-10-16,C,870.0,0.0,0.02,0.02,1.0,166,1.171879140625,False,2026-09-22 19:31:04+00:00,GLD261016C00870000
GLD,2026-10-02,382.76,2026-10-16,C,880.0,0.0,0.02,0.01,1.0,1123,1.1875040625,False,2026-09-21 13:34:35+00:00,GLD261016C00880000
GLD,2026-10-02,382.76,2026-10-16,C,890.0,0.0,0.02,0.01,1.0,1478,1.203128984375,False,2026-09-18 18:05:18+00:00,GLD261016C00890000
GLD,2026-10-02,382.76,2026-10-16,C,900.0,0.0,0.01,0.01,15.0,3941,1.15625421875,False,2026-09-25 16:17:50+00:00,GLD261016C00900000
GLD,2026-10-02,382.76,2026-10-16,P,205.0,0.0,0.02,0.01,77.0,130,0.9687503125,False,2026-09-23 19:50:22+00:00,GLD261016P00205000
GLD,2026-10-02,382.76,2026-10-16,P,210.0,0.0,0.02,0.01,130.0,148,0.92187578125,False,2026-09-23 19:43:23+00:00,GLD261016P00210000
GLD,2026-10-02,382.76,2026-10-16,P,215.0,0.0,0.02,0.01,19.0,36,0.8906260937499999,False,2026-09-23 19:35:21+00:00,GLD261016P00215000
GLD,2026-10-02,382.76,2026-10-16,P,220.0,0.0,0.02,0.01,109.0,286,0.85937640625,False,2026-09-10 15:56:24+00:00,GLD261016P00220000
GLD,2026-10-02,382.76,2026-10-16,P,225.0,0.0,0.02,0.02,1.0,101,0.8281267187499999,False,2026-09-22 17:44:56+00:00,GLD261016P00225000
GLD,2026-10-02,382.76,2026-10-16,P,230.0,0.0,0.02,0.01,10.0,197,0.79687703125,False,2026-09-29 13:44:41+00:00,GLD261016P00230000
GLD,2026-10-02,382.76,2026-10-16,P,235.0,0.0,0.02,0.01,4.0,66,0.7656273437500001,False,2026-10-01 15:20:23+00:00,GLD261016P00235000
GLD,2026-10-02,382.76,2026-10-16,P,240.0,0.0,0.02,0.01,4.0,7751,0.73437765625,False,2026-10-01 15:23:23+00:00,GLD261016P00240000
GLD,2026-10-02,382.76,2026-10-16,P,245.0,0.0,0.02,0.01,9.0,371,0.70312796875,False,2026-10-01 15:16:17+00:00,GLD261016P00245000
GLD,2026-10-02,382.76,2026-10-16,P,250.0,0.0,0.02,0.01,26.0,1085,0.6718782812500002,False,2026-10-01 19:45:38+00:00,GLD261016P00250000
GLD,2026-10-02,382.76,2026-10-16,P,255.0,0.0,0.02,0.01,11.0,129,0.64062859375,False,2026-10-01 19:11:38+00:00,GLD261016P00255000
GLD,2026-10-02,382.76,2026-10-16,P,260.0,0.0,0.02,0.01,10.0,234,0.6093789062500001,False,2026-10-01 20:06:06+00:00,GLD261016P00260000
GLD,2026-10-02,382.76,2026-10-16,P,265.0,0.0,0.02,0.02,6.0,91,0.585941640625,False,2026-09-29 17:15:53+00:00,GLD261016P00265000
GLD,2026-10-02,382.76,2026-10-16,P,270.0,0.01,0.02,0.02,5.0,384,0.57812921875,False,2026-10-01 17:30:03+00:00,GLD261016P00270000
GLD,2026-10-02,382.76,2026-10-16,P,275.0,0.01,0.02,0.02,10.0,311,0.5468795312500001,False,2026-09-29 17:12:07+00:00,GLD261016P00275000
GLD,2026-10-02,382.76,2026-10-16,P,280.0,0.01,0.02,0.05,14.0,8740,0.5195360546875,False,2026-09-28 17:13:14+00:00,GLD261016P00280000
GLD,2026-10-02,382.76,2026-10-16,P,285.0,0.01,0.02,0.04,1.0,403,0.507817421875,False,2026-09-30 17:45:39+00:00,GLD261016P00285000
GLD,2026-10-02,382.76,2026-10-16,P,290.0,0.01,0.03,0.01,1.0,1042,0.49609878906250005,False,2026-09-28 18:02:54+00:00,GLD261016P00290000
GLD,2026-10-02,382.76,2026-10-16,P,295.0,0.02,0.03,0.04,6.0,687,0.4687553125,False,2026-09-29 17:08:36+00:00,GLD261016P00295000
GLD,2026-10-02,382.76,2026-10-16,P,300.0,0.01,0.04,0.02,2.0,2772,0.45508357421875,False,2026-10-01 15:30:39+00:00,GLD261016P00300000
GLD,2026-10-02,382.76,2026-10-16,P,305.0,0.02,0.04,0.08,7.0,482,0.42578699218750005,False,2026-09-29 16:30:03+00:00,GLD261016P00305000
GLD,2026-10-02,382.76,2026-10-16,P,310.0,0.04,0.05,0.05,1.0,926,0.40820904296875,False,2026-10-01 17:42:34+00:00,GLD261016P00310000
GLD,2026-10-02,382.76,2026-10-16,P,315.0,0.06,0.07,0.07,3.0,705,0.39649041015625003,False,2026-10-01 15:38:54+00:00,GLD261016P00315000
GLD,2026-10-02,382.76,2026-10-16,P,320.0,0.05,0.07,0.08,2.0,7613,0.367193828125,False,2026-10-01 14:09:11+00:00,GLD261016P00320000
GLD,2026-10-02,382.76,2026-10-16,P,325.0,0.08,0.1,0.09,136.0,2173,0.3544986425781249,False,2026-10-01 19:57:02+00:00,GLD261016P00325000
GLD,2026-10-02,382.76,2026-10-16,P,330.0,0.09,0.13,0.14,20.0,4449,0.33740896972656254,False,2026-10-01 18:46:08+00:00,GLD261016P00330000
GLD,2026-10-02,382.76,2026-10-16,P,335.0,0.13,0.16,0.15,171.0,8302,0.31690136230468746,False,2026-10-01 18:46:08+00:00,GLD261016P00335000
GLD,2026-10-02,382.76,2026-10-16,P,340.0,0.17,0.2,0.19,33.0,3339,0.29688203124999996,False,2026-10-01 19:34:23+00:00,GLD261016P00340000
GLD,2026-10-02,382.76,2026-10-16,P,341.0,0.17,0.21,0.31,3.0,18,0.2929758203124999,False,2026-09-30 18:59:02+00:00,GLD261016P00341000
GLD,2026-10-02,382.76,2026-10-16,P,342.0,0.19,0.22,0.25,3.0,17,0.2885813330078124,False,2026-10-01 14:34:01+00:00,GLD261016P00342000
GLD,2026-10-02,382.76,2026-10-16,P,343.0,0.2,0.24,0.28,1.0,43,0.2866282275390625,False,2026-09-29 17:51:21+00:00,GLD261016P00343000
GLD,2026-10-02,382.76,2026-10-16,P,344.0,0.21,0.25,0.34,53.0,1321,0.282233740234375,False,2026-09-30 15:26:22+00:00,GLD261016P00344000
GLD,2026-10-02,382.76,2026-10-16,P,345.0,0.22,0.27,0.27,12.0,5153,0.27930408203124996,False,2026-10-01 19:21:03+00:00,GLD261016P00345000
GLD,2026-10-02,382.76,2026-10-16,P,346.0,0.24,0.28,0.26,2.0,24,0.2749095947265625,False,2026-10-01 19:39:57+00:00,GLD261016P00346000
GLD,2026-10-02,382.76,2026-10-16,P,347.0,0.25,0.3,0.41,219.0,318,0.27149166015625,False,2026-09-30 15:26:29+00:00,GLD261016P00347000
GLD,2026-10-02,382.76,2026-10-16,P,348.0,0.27,0.32,0.48,1.0,296,0.26807372558593745,False,2026-09-29 13:43:36+00:00,GLD261016P00348000
GLD,2026-10-02,382.76,2026-10-16,P,349.0,0.29,0.34,0.48,2.0,331,0.264655791015625,False,2026-09-29 14:57:28+00:00,GLD261016P00349000
GLD,2026-10-02,382.76,2026-10-16,P,350.0,0.31,0.36,0.34,58.0,10708,0.260749580078125,False,2026-10-01 19:59:03+00:00,GLD261016P00350000
GLD,2026-10-02,382.76,2026-10-16,P,351.0,0.33,0.38,1.13,1.0,49,0.256843369140625,False,2026-09-28 14:57:22+00:00,GLD261016P00351000
GLD,2026-10-02,382.76,2026-10-16,P,352.0,0.36,0.41,0.43,1.0,180,0.2536695727539063,False,2026-10-01 18:15:27+00:00,GLD261016P00352000
GLD,2026-10-02,382.76,2026-10-16,P,353.0,0.38,0.44,0.97,8.0,29,0.25049577636718745,False,2026-09-28 16:30:57+00:00,GLD261016P00353000
GLD,2026-10-02,382.76,2026-10-16,P,354.0,0.42,0.47,0.45,6.0,50,0.247077841796875,False,2026-10-01 20:00:33+00:00,GLD261016P00354000
GLD,2026-10-02,382.76,2026-10-16,P,355.0,0.45,0.5,0.53,13.0,3833,0.243171630859375,False,2026-10-01 18:55:29+00:00,GLD261016P00355000
GLD,2026-10-02,382.76,2026-10-16,P,356.0,0.49,0.54,0.56,3.0,267,0.2401199035644531,False,2026-10-01 18:55:41+00:00,GLD261016P00356000
GLD,2026-10-02,382.76,2026-10-16,P,357.0,0.53,0.58,0.84,11.0,424,0.2368240380859375,False,2026-09-30 16:09:28+00:00,GLD261016P00357000
GLD,2026-10-02,382.76,2026-10-16,P,358.0,0.58,0.63,0.73,6.0,310,0.23401644897460935,False,2026-10-01 16:17:37+00:00,GLD261016P00358000
GLD,2026-10-02,382.76,2026-10-16,P,359.0,0.63,0.69,0.73,71.0,175,0.23169713623046873,False,2026-10-01 17:22:26+00:00,GLD261016P00359000
GLD,2026-10-02,382.76,2026-10-16,P,360.0,0.69,0.75,0.71,243.0,4410,0.22901161621093752,False,2026-10-01 19:37:10+00:00,GLD261016P00360000
GLD,2026-10-02,382.76,2026-10-16,P,361.0,0.75,0.81,1.08,110.0,158,0.22583781982421874,False,2026-10-01 15:11:53+00:00,GLD261016P00361000
GLD,2026-10-02,382.76,2026-10-16,P,362.0,0.82,0.89,1.18,324.0,196,0.22364057617187497,False,2026-10-01 15:11:53+00:00,GLD261016P00362000
GLD,2026-10-02,382.76,2026-10-16,P,363.0,0.9,0.99,1.16,4.0,146,0.2224198852539062,False,2026-10-01 13:53:27+00:00,GLD261016P00363000
GLD,2026-10-02,382.76,2026-10-16,P,364.0,0.98,1.09,1.1,9.0,199,0.22046677978515622,False,2026-10-01 18:49:30+00:00,GLD261016P00364000
GLD,2026-10-02,382.76,2026-10-16,P,365.0,1.1,1.16,1.14,1106.0,3359,0.2161943615722656,False,2026-10-01 19:50:29+00:00,GLD261016P00365000
GLD,2026-10-02,382.76,2026-10-16,P,366.0,1.18,1.29,1.28,137.0,6877,0.21497367065429687,False,2026-10-01 15:11:54+00:00,GLD261016P00366000
GLD,2026-10-02,382.76,2026-10-16,P,367.0,1.3,1.4,1.7,6.0,229,0.21216608154296873,False,2026-10-01 13:40:43+00:00,GLD261016P00367000
GLD,2026-10-02,382.76,2026-10-16,P,368.0,1.44,1.53,1.55,54.0,219,0.20972469970703123,False,2026-10-01 14:51:31+00:00,GLD261016P00368000
GLD,2026-10-02,382.76,2026-10-16,P,369.0,1.58,1.69,1.65,50.0,213,0.20819883605957026,False,2026-10-01 17:30:39+00:00,GLD261016P00369000
GLD,2026-10-02,382.76,2026-10-16,P,370.0,1.74,1.86,1.77,401.0,7141,0.206489868774414,False,2026-10-01 20:03:40+00:00,GLD261016P00370000
GLD,2026-10-02,382.76,2026-10-16,P,371.0,1.91,2.04,2.06,47.0,292,0.204536763305664,False,2026-10-01 19:49:26+00:00,GLD261016P00371000
GLD,2026-10-02,382.76,2026-10-16,P,372.0,2.11,2.26,2.22,57.0,458,0.2036212451171875,False,2026-10-01 19:49:52+00:00,GLD261016P00372000
GLD,2026-10-02,382.76,2026-10-16,P,373.0,2.33,2.47,2.5,40.0,945,0.20154607055664062,False,2026-10-01 19:49:52+00:00,GLD261016P00373000
GLD,2026-10-02,382.76,2026-10-16,P,374.0,2.57,2.71,3.46,129.0,492,0.19995917236328126,False,2026-10-01 14:06:09+00:00,GLD261016P00374000
GLD,2026-10-02,382.76,2026-10-16,P,375.0,2.83,2.98,2.97,435.0,2233,0.19873848144531248,False,2026-10-01 19:58:24+00:00,GLD261016P00375000
GLD,2026-10-02,382.76,2026-10-16,P,376.0,3.1,3.3,3.35,115.0,375,0.1986164123535156,False,2026-10-01 19:01:33+00:00,GLD261016P00376000
GLD,2026-10-02,382.76,2026-10-16,P,377.0,3.4,3.6,3.7,5.0,443,0.19690744506835936,False,2026-10-01 17:50:36+00:00,GLD261016P00377000
GLD,2026-10-02,382.76,2026-10-16,P,378.0,3.75,3.95,3.8,44.0,577,0.19617503051757812,False,2026-10-01 19:31:18+00:00,GLD261016P00378000
GLD,2026-10-02,382.76,2026-10-16,P,379.0,4.1,4.3,4.15,68.0,639,0.19458813232421873,False,2026-10-01 19:31:18+00:00,GLD261016P00379000
GLD,2026-10-02,382.76,2026-10-16,P,380.0,4.5,4.7,4.5,391.0,11812,0.19385571777343752,False,2026-10-01 20:02:38+00:00,GLD261016P00380000
GLD,2026-10-02,382.76,2026-10-16,P,381.0,4.9,5.15,5.75,12.0,441,0.1939777868652344,False,2026-10-01 15:37:26+00:00,GLD261016P00381000
GLD,2026-10-02,382.76,2026-10-16,P,382.0,5.35,5.6,5.51,101.0,531,0.1931843377685547,False,2026-10-01 18:40:44+00:00,GLD261016P00382000
GLD,2026-10-02,382.76,2026-10-16,P,383.0,5.8,6.05,5.97,146.0,435,0.1915364050292969,True,2026-10-01 19:59:23+00:00,GLD261016P00383000
GLD,2026-10-02,382.76,2026-10-16,P,384.0,6.3,6.55,6.55,26.0,157,0.19062088684082032,True,2026-10-01 19:40:29+00:00,GLD261016P00384000
GLD,2026-10-02,382.76,2026-10-16,P,385.0,6.85,7.1,7.04,374.0,7364,0.19049881774902344,True,2026-10-01 19:50:37+00:00,GLD261016P00385000
GLD,2026-10-02,382.76,2026-10-16,P,386.0,7.4,7.65,7.95,2.0,896,0.18946123046875002,True,2026-10-01 18:01:43+00:00,GLD261016P00386000
GLD,2026-10-02,382.76,2026-10-16,P,387.0,7.95,8.3,9.84,4.0,808,0.1909260595703125,True,2026-09-30 18:38:56+00:00,GLD261016P00387000
GLD,2026-10-02,382.76,2026-10-16,P,388.0,8.55,8.9,9.74,13.0,195,0.18982743774414065,True,2026-10-01 16:52:54+00:00,GLD261016P00388000
GLD,2026-10-02,382.76,2026-10-16,P,389.0,9.2,9.5,9.2,40.0,190,0.18781329772949218,True,2026-10-01 18:35:30+00:00,GLD261016P00389000
GLD,2026-10-02,382.76,2026-10-16,P,390.0,9.85,10.2,10.15,93.0,10298,0.18836260864257812,True,2026-10-01 19:41:40+00:00,GLD261016P00390000
GLD,2026-10-02,382.76,2026-10-16,P,391.0,10.55,10.9,10.95,28.0,227,0.18811847045898436,True,2026-10-01 17:30:00+00:00,GLD261016P00391000
GLD,2026-10-02,382.76,2026-10-16,P,392.0,11.25,11.65,11.45,7.0,402,0.1889729541015625,True,2026-10-01 18:39:21+00:00,GLD261016P00392000
GLD,2026-10-02,382.76,2026-10-16,P,393.0,12.0,12.4,12.25,17.0,251,0.1889729541015625,True,2026-10-01 19:59:23+00:00,GLD261016P00393000
GLD,2026-10-02,382.76,2026-10-16,P,394.0,12.75,13.2,15.6,17.0,221,0.1901936450195313,True,2026-09-29 17:25:08+00:00,GLD261016P00394000
GLD,2026-10-02,382.76,2026-10-16,P,395.0,13.55,13.95,13.81,323.0,4473,0.188484677734375,True,2026-10-01 19:57:27+00:00,GLD261016P00395000
GLD,2026-10-02,382.76,2026-10-16,P,396.0,14.35,14.75,15.03,11.0,440,0.18799640136718748,True,2026-10-01 18:13:03+00:00,GLD261016P00396000
GLD,2026-10-02,382.76,2026-10-16,P,397.0,15.15,15.55,16.27,9.0,244,0.18665364135742188,True,2026-10-01 15:55:47+00:00,GLD261016P00397000
GLD,2026-10-02,382.76,2026-10-16,P,398.0,16.0,16.4,17.77,2.0,213,0.18689777954101564,True,2026-10-01 14:09:07+00:00,GLD261016P00398000
GLD,2026-10-02,382.76,2026-10-16,P,399.0,16.85,17.25,17.8,5.0,350,0.18628743408203124,True,2026-10-01 16:32:00+00:00,GLD261016P00399000
GLD,2026-10-02,382.76,2026-10-16,P,400.0,17.75,18.15,18.1,200.0,37670,0.18775226318359373,True,2026-10-01 19:48:36+00:00,GLD261016P00400000
GLD,2026-10-02,382.76,2026-10-16,P,401.0,18.65,19.05,19.3,4.0,420,0.18872881591796875,True,2026-10-01 17:15:49+00:00,GLD261016P00401000
GLD,2026-10-02,382.76,2026-10-16,P,402.0,19.5,19.95,19.77,5.0,1876,0.18885088500976563,True,2026-10-01 17:48:37+00:00,GLD261016P00402000
GLD,2026-10-02,382.76,2026-10-16,P,403.0,20.45,20.85,20.65,15.0,1215,0.18824053955078124,True,2026-10-01 17:48:37+00:00,GLD261016P00403000
GLD,2026-10-02,382.76,2026-10-16,P,404.0,21.35,21.85,22.59,1.0,240,0.1948322705078125,True,2026-10-01 13:37:03+00:00,GLD261016P00404000
GLD,2026-10-02,382.76,2026-10-16,P,405.0,22.3,22.75,22.6,6.0,2969,0.1928791650390625,True,2026-10-01 18:23:18+00:00,GLD261016P00405000
GLD,2026-10-02,382.76,2026-10-16,P,406.0,23.2,23.7,25.93,2.0,315,0.19458813232421873,True,2026-09-30 17:46:58+00:00,GLD261016P00406000
GLD,2026-10-02,382.76,2026-10-16,P,407.0,24.15,24.65,25.25,3.0,167,0.1958088232421875,True,2026-09-29 15:02:03+00:00,GLD261016P00407000
GLD,2026-10-02,382.76,2026-10-16,P,408.0,24.95,25.6,25.6,5.0,674,0.196297099609375,True,2026-10-01 16:01:31+00:00,GLD261016P00408000
GLD,2026-10-02,382.76,2026-10-16,P,409.0,25.9,26.6,26.3,3.0,352,0.20215641601562498,True,2026-10-01 19:50:36+00:00,GLD261016P00409000
GLD,2026-10-02,382.76,2026-10-16,P,410.0,26.85,27.5,27.36,185.0,10631,0.195320546875,True,2026-10-01 18:27:23+00:00,GLD261016P00410000
GLD,2026-10-02,382.76,2026-10-16,P,411.0,27.85,29.8,29.91,2.0,109,0.30762411132812495,True,2026-09-30 15:50:12+00:00,GLD261016P00411000
GLD,2026-10-02,382.76,2026-10-16,P,412.0,28.75,29.75,28.72,15.0,132,0.2362136926269531,True,2026-10-01 17:30:41+00:00,GLD261016P00412000
GLD,2026-10-02,382.76,2026-10-16,P,413.0,29.8,30.45,31.81,1.0,83,0.20386538330078124,True,2026-09-30 15:50:12+00:00,GLD261016P00413000
GLD,2026-10-02,382.76,2026-10-16,P,414.0,30.8,31.6,32.43,1.0,81,0.2309647216796875,True,2026-10-01 13:48:41+00:00,GLD261016P00414000
GLD,2026-10-02,382.76,2026-10-16,P,415.0,31.8,32.55,32.0,3012.0,2656,0.2299881689453125,True,2026-10-01 18:37:07+00:00,GLD261016P00415000
GLD,2026-10-02,382.76,2026-10-16,P,416.0,32.55,33.6,34.06,4.0,10,0.242195078125,True,2026-09-28 19:48:28+00:00,GLD261016P00416000
GLD,2026-10-02,382.76,2026-10-16,P,417.0,32.75,35.7,37.12,4.0,0,0.34326828613281246,True,2026-09-28 13:40:01+00:00,GLD261016P00417000
GLD,2026-10-02,382.76,2026-10-16,P,418.0,34.05,36.1,36.1,1.0,0,0.3051827294921875,True,2026-09-29 19:04:57+00:00,GLD261016P00418000
GLD,2026-10-02,382.76,2026-10-16,P,419.0,35.05,37.7,36.94,3.0,5,0.3566958862304687,True,2026-09-29 19:29:26+00:00,GLD261016P00419000
GLD,2026-10-02,382.76,2026-10-16,P,420.0,36.8,37.55,37.4,175.0,50,0.256843369140625,True,2026-10-01 19:36:58+00:00,GLD261016P00420000
GLD,2026-10-02,382.76,2026-10-16,P,421.0,37.8,38.55,40.28,22.0,0,0.2622144091796875,True,2026-09-30 19:59:40+00:00,GLD261016P00421000
GLD,2026-10-02,382.76,2026-10-16,P,422.0,38.55,40.0,38.05,51.0,20,0.3205634350585937,True,2026-10-01 19:38:04+00:00,GLD261016P00422000
GLD,2026-10-02,382.76,2026-10-16,P,423.0,39.2,41.85,42.1,1.0,6,0.3934386828613281,True,2026-09-29 13:34:55+00:00,GLD261016P00423000
GLD,2026-10-02,382.76,2026-10-16,P,424.0,40.5,42.85,45.72,4.0,6,0.4000304138183594,True,2026-09-28 19:50:51+00:00,GLD261016P00424000
GLD,2026-10-02,382.76,2026-10-16,P,425.0,41.8,42.65,41.85,274.0,49,0.2981027221679687,True,2026-10-01 19:36:58+00:00,GLD261016P00425000
GLD,2026-10-02,382.76,2026-10-16,P,426.0,42.45,43.95,44.8,246.0,31,0.33887379882812496,True,2026-10-01 19:39:31+00:00,GLD261016P00426000
GLD,2026-10-02,382.76,2026-10-16,P,427.0,43.05,45.1,45.07,3.0,9,0.35950347534179683,True,2026-09-29 14:42:24+00:00,GLD261016P00427000
GLD,2026-10-02,382.76,2026-10-16,P,428.0,44.1,46.85,36.4,3.0,6,0.4260311303710938,True,2026-09-25 14:56:32+00:00,GLD261016P00428000
GLD,2026-10-02,382.76,2026-10-16,P,429.0,45.5,46.95,46.66,42.0,15,0.35596347167968745,True,2026-10-01 19:38:04+00:00,GLD261016P00429000
GLD,2026-10-02,382.76,2026-10-16,P,430.0,46.8,47.55,47.26,265.0,43,0.3086006640625,True,2026-10-01 19:36:58+00:00,GLD261016P00430000
GLD,2026-10-02,382.76,2026-10-16,P,433.0,49.05,51.85,34.48,,0,0.45752495605468757,True,2026-09-22 17:56:35+00:00,GLD261016P00433000
GLD,2026-10-02,382.76,2026-10-16,P,435.0,51.65,52.9,52.24,1.0,5,0.38355108642578123,True,2026-09-24 18:55:27+00:00,GLD261016P00435000
GLD,2026-10-02,382.76,2026-10-16,P,440.0,56.7,57.55,56.7,40.0,14,0.3579165771484375,True,2026-10-01 19:38:04+00:00,GLD261016P00440000
GLD,2026-10-02,382.76,2026-10-16,P,445.0,61.15,63.8,48.0,1.0,0,0.5256395092773438,True,2026-09-22 14:51:26+00:00,GLD261016P00445000
GLD,2026-10-02,382.76,2026-10-16,P,450.0,66.6,67.6,57.05,1.0,0,0.41480077392578124,True,2026-09-25 17:29:01+00:00,GLD261016P00450000
GLD,2026-10-02,382.76,2026-10-16,P,455.0,71.35,73.1,72.5,5.0,8,0.5122119091796875,True,2026-10-01 17:54:12+00:00,GLD261016P00455000
GLD,2026-10-02,382.76,2026-10-16,P,460.0,76.35,77.6,77.73,3.0,0,0.4606987524414063,True,2026-09-29 19:47:37+00:00,GLD261016P00460000
GLD,2026-10-02,382.76,2026-10-16,P,465.0,81.7,82.75,81.55,122.0,20,0.5112353564453125,True,2026-10-01 19:38:04+00:00,GLD261016P00465000
GLD,2026-10-02,382.76,2026-10-16,P,470.0,86.75,87.75,86.75,250.0,35,0.534184345703125,True,2026-10-01 19:39:31+00:00,GLD261016P00470000
GLD,2026-10-02,382.76,2026-10-16,P,475.0,91.75,92.85,92.5,1.0,0,0.5737347314453125,True,2026-10-01 19:58:26+00:00,GLD261016P00475000
GLD,2026-10-02,382.76,2026-10-16,P,480.0,96.65,97.7,97.48,2.0,2,0.5688519677734375,True,2026-10-01 19:58:26+00:00,GLD261016P00480000
GLD,2026-10-02,382.76,2026-10-16,P,485.0,101.65,102.7,102.27,1.0,0,0.5898478515625001,True,2026-10-01 19:46:20+00:00,GLD261016P00485000
GLD,2026-10-02,382.76,2026-10-16,P,490.0,106.1,108.7,80.81,2.0,0,0.526371923828125,True,2026-08-28 19:36:09+00:00,GLD261016P00490000
GLD,2026-10-02,382.76,2026-10-16,P,495.0,111.05,113.7,70.24,11.0,0,0.53320779296875,True,2026-08-25 14:40:20+00:00,GLD261016P00495000
GLD,2026-10-02,382.76,2026-10-16,P,500.0,116.4,118.7,99.4,1.0,0,0.6147499462890625,True,2026-09-17 16:00:52+00:00,GLD261016P00500000
GLD,2026-10-02,382.76,2026-10-16,P,505.0,130.75,134.7,118.5,52.0,0,1.3856231890869137,True,2026-06-11 19:52:25+00:00,GLD261016P00505000
GLD,2026-10-02,382.76,2026-10-16,P,510.0,135.75,139.7,112.52,2.0,0,1.4152861267089847,True,2026-06-08 13:51:45+00:00,GLD261016P00510000
GLD,2026-10-02,382.76,2026-10-16,P,515.0,131.1,133.7,92.82,1.0,0,0.6162147753906251,True,2026-08-27 20:05:45+00:00,GLD261016P00515000
GLD,2026-10-02,382.76,2026-10-16,P,520.0,136.05,138.7,97.8,1.0,0,0.6210975390625001,True,2026-08-27 20:05:45+00:00,GLD261016P00520000
GLD,2026-10-02,382.76,2026-10-16,P,525.0,73.9,77.45,67.8,1.0,2,1.0000000000000003e-05,True,2026-01-29 15:39:19+00:00,GLD261016P00525000
GLD,2026-10-02,382.76,2026-10-16,P,530.0,0.0,0.0,114.08,2.0,0,1.0000000000000003e-05,True,2026-05-20 15:05:01+00:00,GLD261016P00530000
GLD,2026-10-02,382.76,2026-10-16,P,535.0,0.0,0.0,117.0,20.0,0,1.0000000000000003e-05,True,2026-05-21 18:12:23+00:00,GLD261016P00535000
GLD,2026-10-02,382.76,2026-10-16,P,540.0,0.0,0.0,123.3,5.0,0,1.0000000000000003e-05,True,2026-05-21 18:12:23+00:00,GLD261016P00540000
GLD,2026-10-02,382.76,2026-10-16,P,545.0,0.0,0.0,132.99,2.0,0,1.0000000000000003e-05,True,2026-03-27 18:53:44+00:00,GLD261016P00545000
GLD,2026-10-02,382.76,2026-10-16,P,550.0,0.0,0.0,137.52,4.0,0,1.0000000000000003e-05,True,2026-03-27 18:48:13+00:00,GLD261016P00550000
GLD,2026-10-02,382.76,2026-10-16,P,555.0,0.0,0.0,142.25,2.0,0,1.0000000000000003e-05,True,2026-03-27 18:53:44+00:00,GLD261016P00555000
GLD,2026-10-02,382.76,2026-10-16,P,560.0,141.0,145.85,122.55,1.0,0,1.0000000000000003e-05,True,2026-04-10 19:18:04+00:00,GLD261016P00560000
GLD,2026-10-02,382.76,2026-10-16,P,565.0,190.95,194.7,170.96,2.0,0,1.7166151864624024,True,2026-06-09 14:51:54+00:00,GLD261016P00565000
GLD,2026-10-02,382.76,2026-10-16,P,570.0,186.3,188.7,177.14,1.0,0,0.8413101806640625,True,2026-09-23 19:52:19+00:00,GLD261016P00570000
GLD,2026-10-02,382.76,2026-10-16,P,575.0,191.65,192.7,192.7,130.0,20,0.9238288867187501,True,2026-10-01 19:39:31+00:00,GLD261016P00575000
GLD,2026-10-02,382.76,2026-10-16,P,580.0,196.1,198.7,198.07,1.0,0,0.823243955078125,True,2026-09-29 19:47:44+00:00,GLD261016P00580000
GLD,2026-10-02,382.76,2026-10-16,P,585.0,125.15,129.2,130.47,100.0,197,1.0000000000000003e-05,True,2026-02-04 15:08:05+00:00,GLD261016P00585000
GLD,2026-10-02,382.76,2026-10-16,P,590.0,129.85,133.35,141.55,2.0,8,1.0000000000000003e-05,True,2026-02-04 16:28:48+00:00,GLD261016P00590000
GLD,2026-10-02,382.76,2026-10-16,P,595.0,134.65,138.35,140.38,8.0,9,1.0000000000000003e-05,True,2026-02-04 15:09:59+00:00,GLD261016P00595000
GLD,2026-10-02,382.76,2026-10-16,P,600.0,139.35,143.05,123.0,,55,1.0000000000000003e-05,True,2026-01-29 15:25:09+00:00,GLD261016P00600000
GLD,2026-10-02,382.76,2026-10-16,P,605.0,143.95,147.55,136.0,2.0,126,1.0000000000000003e-05,True,2026-01-29 16:00:49+00:00,GLD261016P00605000
GLD,2026-10-02,382.76,2026-10-16,P,610.0,148.55,152.6,158.0,2.0,2,1.0000000000000003e-05,True,2026-02-03 17:22:37+00:00,GLD261016P00610000
GLD,2026-10-02,382.76,2026-10-16,P,615.0,153.35,157.35,163.07,1.0,67,1.0000000000000003e-05,True,2026-02-04 15:31:24+00:00,GLD261016P00615000
GLD,2026-10-02,382.76,2026-10-16,P,620.0,0.0,0.0,211.55,40.0,0,1.0000000000000003e-05,True,2026-03-23 19:01:06+00:00,GLD261016P00620000
GLD,2026-10-02,382.76,2026-10-16,P,625.0,0.0,0.0,217.45,40.0,0,1.0000000000000003e-05,True,2026-03-23 19:01:06+00:00,GLD261016P00625000
GLD,2026-10-02,382.76,2026-10-16,P,630.0,167.8,171.7,146.66,,6,1.0000000000000003e-05,True,2026-01-29 18:49:10+00:00,GLD261016P00630000
GLD,2026-10-02,382.76,2026-10-16,P,635.0,161.95,164.65,148.7,,1,1.0000000000000003e-05,True,2026-01-28 20:07:01+00:00,GLD261016P00635000
GLD,2026-10-02,382.76,2026-10-16,P,640.0,177.55,181.6,207.45,10.0,7,1.0000000000000003e-05,True,2026-02-02 15:12:30+00:00,GLD261016P00640000
GLD,2026-10-02,382.76,2026-10-16,P,645.0,182.45,186.5,148.0,,17,1.0000000000000003e-05,True,2026-01-29 14:44:27+00:00,GLD261016P00645000
GLD,2026-10-02,382.76,2026-10-16,P,650.0,221.45,225.25,273.56,10.0,0,1.0000000000000003e-05,True,2026-07-10 19:14:00+00:00,GLD261016P00650000
GLD,2026-10-02,382.76,2026-10-16,P,655.0,226.45,230.25,278.73,20.0,0,1.0000000000000003e-05,True,2026-07-10 19:14:00+00:00,GLD261016P00655000
GLD,2026-10-02,382.76,2026-10-16,P,660.0,197.6,201.3,213.0,32.0,0,1.0000000000000003e-05,True,2026-01-30 17:47:58+00:00,GLD261016P00660000
GLD,2026-10-02,382.76,2026-10-16,P,680.0,217.05,221.3,251.6,,0,1.0000000000000003e-05,True,2026-02-02 15:46:41+00:00,GLD261016P00680000
GLD,2026-10-02,382.76,2026-10-16,P,690.0,0.0,0.0,274.46,2.0,0,1.0000000000000003e-05,True,2026-03-27 18:45:51+00:00,GLD261016P00690000
GLD,2026-10-02,382.76,2026-10-16,P,700.0,0.0,0.0,221.72,1.0,0,1.0000000000000003e-05,True,2026-02-23 17:10:58+00:00,GLD261016P00700000
GLD,2026-10-02,382.76,2026-10-16,P,900.0,437.0,441.3,428.05,,0,1.0000000000000003e-05,True,2026-01-29 15:28:03+00:00,GLD261016P00900000
GLD,2026-10-02,382.76,2026-10-23,C,250.0,131.75,134.95,144.18,4.0,2,0.87500125,True,2026-09-15 14:34:38+00:00,GLD261023C00250000
GLD,2026-10-02,382.76,2026-10-23,C,315.0,67.2,70.5,92.68,1.0,1,0.5070850073242188,True,2026-09-04 13:54:49+00:00,GLD261023C00315000
GLD,2026-10-02,382.76,2026-10-23,C,345.0,37.85,40.1,56.85,1.0,1,0.38385625915527344,True,2026-09-16 15:19:54+00:00,GLD261023C00345000
GLD,2026-10-02,382.76,2026-10-23,C,350.0,34.05,34.95,32.35,1.0,2,0.33875172973632806,True,2026-09-29 18:00:07+00:00,GLD261023C00350000
GLD,2026-10-02,382.76,2026-10-23,C,355.0,29.4,29.9,28.85,3.0,2,0.2986520330810546,True,2026-09-29 13:31:01+00:00,GLD261023C00355000
GLD,2026-10-02,382.76,2026-10-23,C,360.0,24.75,25.25,23.27,2.0,111,0.27539787109374997,True,2026-09-30 18:52:40+00:00,GLD261023C00360000
GLD,2026-10-02,382.76,2026-10-23,C,365.0,20.35,20.8,19.82,2.0,8,0.2556226782226563,True,2026-09-29 13:31:01+00:00,GLD261023C00365000
GLD,2026-10-02,382.76,2026-10-23,C,370.0,16.25,16.7,16.58,11.0,19,0.2415236981201172,True,2026-10-01 14:53:21+00:00,GLD261023C00370000
GLD,2026-10-02,382.76,2026-10-23,C,371.0,15.45,15.9,15.15,3.0,18,0.23834990173339843,True,2026-09-29 13:31:01+00:00,GLD261023C00371000
GLD,2026-10-02,382.76,2026-10-23,C,372.0,14.7,15.15,14.45,2.0,8,0.23633576171874998,True,2026-09-29 13:31:01+00:00,GLD261023C00372000
GLD,2026-10-02,382.76,2026-10-23,C,373.0,13.95,14.4,13.75,2.0,41,0.23395541442871093,True,2026-09-29 13:31:00+00:00,GLD261023C00373000
GLD,2026-10-02,382.76,2026-10-23,C,374.0,13.25,13.65,12.6,4.0,9,0.23114782531738282,True,2026-09-28 14:12:19+00:00,GLD261023C00374000
GLD,2026-10-02,382.76,2026-10-23,C,375.0,12.55,12.95,11.49,18.0,27,0.22940834075927735,True,2026-09-28 16:39:09+00:00,GLD261023C00375000
GLD,2026-10-02,382.76,2026-10-23,C,376.0,11.9,12.3,10.9,17.0,25,0.22864540893554688,True,2026-09-28 18:30:49+00:00,GLD261023C00376000
GLD,2026-10-02,382.76,2026-10-23,C,377.0,11.2,11.6,10.45,3.0,91,0.22595988891601562,True,2026-09-30 18:51:59+00:00,GLD261023C00377000
GLD,2026-10-02,382.76,2026-10-23,C,378.0,10.55,10.9,10.77,1.0,32,0.22290816162109373,True,2026-10-01 17:30:02+00:00,GLD261023C00378000
GLD,2026-10-02,382.76,2026-10-23,C,379.0,9.95,10.3,9.3,6.0,23,0.22205367797851558,True,2026-09-30 18:00:07+00:00,GLD261023C00379000
GLD,2026-10-02,382.76,2026-10-23,C,380.0,9.35,9.7,9.57,29.0,48,0.22077195251464843,True,2026-10-01 16:11:56+00:00,GLD261023C00380000
GLD,2026-10-02,382.76,2026-10-23,C,381.0,8.8,9.1,8.55,18.0,38,0.21894091613769529,True,2026-10-01 18:09:19+00:00,GLD261023C00381000
GLD,2026-10-02,382.76,2026-10-23,C,382.0,8.25,8.55,8.35,28.0,364,0.2179948806762695,True,2026-10-01 19:53:41+00:00,GLD261023C00382000
GLD,2026-10-02,382.76,2026-10-23,C,383.0,7.7,8.05,7.75,22.0,26,0.2178422943115234,False,2026-10-01 19:48:17+00:00,GLD261023C00383000
GLD,2026-10-02,382.76,2026-10-23,C,384.0,7.2,7.5,13.95,11.0,23,0.215828154296875,False,2026-09-25 15:38:30+00:00,GLD261023C00384000
GLD,2026-10-02,382.76,2026-10-23,C,385.0,6.75,7.05,7.1,124.0,98,0.2160112579345703,False,2026-10-01 18:34:55+00:00,GLD261023C00385000
GLD,2026-10-02,382.76,2026-10-23,C,386.0,6.3,6.6,6.44,17.0,28,0.2156145333862305,False,2026-10-01 19:27:27+00:00,GLD261023C00386000
GLD,2026-10-02,382.76,2026-10-23,C,387.0,5.85,6.15,6.02,6.0,363,0.21472953247070312,False,2026-10-01 19:52:54+00:00,GLD261023C00387000
GLD,2026-10-02,382.76,2026-10-23,C,388.0,5.45,5.75,5.7,1.0,38,0.2146684979248047,False,2026-10-01 18:42:02+00:00,GLD261023C00388000
GLD,2026-10-02,382.76,2026-10-23,C,389.0,5.05,5.35,4.95,9.0,134,0.2140581524658203,False,2026-10-01 14:33:14+00:00,GLD261023C00389000
GLD,2026-10-02,382.76,2026-10-23,C,390.0,4.7,4.95,4.55,117.0,307,0.21295953063964845,False,2026-10-01 18:09:19+00:00,GLD261023C00390000
GLD,2026-10-02,382.76,2026-10-23,C,391.0,4.35,4.6,3.99,9.0,300,0.21265435791015624,False,2026-10-01 14:18:58+00:00,GLD261023C00391000
GLD,2026-10-02,382.76,2026-10-23,C,392.0,4.05,4.3,4.2,9.0,140,0.2133867724609375,False,2026-10-01 15:38:31+00:00,GLD261023C00392000
GLD,2026-10-02,382.76,2026-10-23,C,393.0,3.75,3.95,3.81,63.0,425,0.21204401245117185,False,2026-10-01 19:40:17+00:00,GLD261023C00393000
GLD,2026-10-02,382.76,2026-10-23,C,394.0,3.45,3.65,3.28,17.0,230,0.21173883972167967,False,2026-10-01 13:37:27+00:00,GLD261023C00394000
GLD,2026-10-02,382.76,2026-10-23,C,395.0,3.2,3.4,3.26,34.0,554,0.2124102197265625,False,2026-10-01 18:28:17+00:00,GLD261023C00395000
GLD,2026-10-02,382.76,2026-10-23,C,396.0,2.95,3.15,2.98,2.0,178,0.2125933233642578,False,2026-10-01 14:37:41+00:00,GLD261023C00396000
GLD,2026-10-02,382.76,2026-10-23,C,397.0,2.72,2.88,2.6,6.0,130,0.21167780517578122,False,2026-10-01 18:12:36+00:00,GLD261023C00397000
GLD,2026-10-02,382.76,2026-10-23,C,398.0,2.5,2.66,2.44,36.0,266,0.21186090881347652,False,2026-10-01 14:49:07+00:00,GLD261023C00398000
GLD,2026-10-02,382.76,2026-10-23,C,399.0,2.31,2.46,2.33,1.0,163,0.2122881506347656,False,2026-10-01 16:24:21+00:00,GLD261023C00399000
GLD,2026-10-02,382.76,2026-10-23,C,400.0,2.13,2.27,2.1,549.0,2358,0.2125933233642578,False,2026-10-01 18:14:26+00:00,GLD261023C00400000
GLD,2026-10-02,382.76,2026-10-23,C,401.0,1.96,2.09,1.95,21.0,64,0.21283746154785155,False,2026-10-01 16:00:11+00:00,GLD261023C00401000
GLD,2026-10-02,382.76,2026-10-23,C,402.0,1.81,1.93,1.73,7.0,258,0.2133867724609375,False,2026-10-01 15:21:53+00:00,GLD261023C00402000
GLD,2026-10-02,382.76,2026-10-23,C,403.0,1.67,1.78,1.71,2.0,82,0.213875048828125,False,2026-10-01 18:32:47+00:00,GLD261023C00403000
GLD,2026-10-02,382.76,2026-10-23,C,404.0,1.54,1.64,1.38,6.0,185,0.21436332519531248,False,2026-10-01 15:18:00+00:00,GLD261023C00404000
GLD,2026-10-02,382.76,2026-10-23,C,405.0,1.42,1.52,1.46,23.0,328,0.2153398779296875,False,2026-10-01 19:57:37+00:00,GLD261023C00405000
GLD,2026-10-02,382.76,2026-10-23,C,406.0,1.3,1.4,1.69,1.0,195,0.21595022338867187,False,2026-09-30 14:22:50+00:00,GLD261023C00406000
GLD,2026-10-02,382.76,2026-10-23,C,407.0,1.2,1.3,1.26,35.0,125,0.21704884521484374,False,2026-09-30 18:14:25+00:00,GLD261023C00407000
GLD,2026-10-02,382.76,2026-10-23,C,408.0,1.11,1.2,1.18,64.0,379,0.21778125976562498,False,2026-10-01 19:40:17+00:00,GLD261023C00408000
GLD,2026-10-02,382.76,2026-10-23,C,409.0,1.03,1.11,0.98,4.0,109,0.21875781249999998,False,2026-10-01 14:22:23+00:00,GLD261023C00409000
GLD,2026-10-02,382.76,2026-10-23,C,410.0,0.95,1.03,1.01,32.0,260,0.21985643432617186,False,2026-10-01 18:53:00+00:00,GLD261023C00410000
GLD,2026-10-02,382.76,2026-10-23,C,411.0,0.87,0.96,0.9,5.0,47,0.22132126342773437,False,2026-10-01 16:12:54+00:00,GLD261023C00411000
GLD,2026-10-02,382.76,2026-10-23,C,412.0,0.8,0.89,0.86,9.0,181,0.2224198852539062,False,2026-10-01 17:30:42+00:00,GLD261023C00412000
GLD,2026-10-02,382.76,2026-10-23,C,413.0,0.75,0.83,0.77,4.0,948,0.22376264526367184,False,2026-10-01 16:13:51+00:00,GLD261023C00413000
GLD,2026-10-02,382.76,2026-10-23,C,414.0,0.69,0.77,0.73,6.0,46,0.2249833361816406,False,2026-10-01 14:40:32+00:00,GLD261023C00414000
GLD,2026-10-02,382.76,2026-10-23,C,415.0,0.64,0.72,0.69,22.0,751,0.2264481652832031,False,2026-10-01 17:54:47+00:00,GLD261023C00415000
GLD,2026-10-02,382.76,2026-10-23,C,416.0,0.59,0.67,0.63,4.0,145,0.22779092529296874,False,2026-10-01 18:09:59+00:00,GLD261023C00416000
GLD,2026-10-02,382.76,2026-10-23,C,417.0,0.54,0.64,0.61,2.0,82,0.23035437622070312,False,2026-10-01 17:30:42+00:00,GLD261023C00417000
GLD,2026-10-02,382.76,2026-10-23,C,418.0,0.5,0.63,0.55,4.0,199,0.23450472534179687,False,2026-10-01 18:09:27+00:00,GLD261023C00418000
GLD,2026-10-02,382.76,2026-10-23,C,419.0,0.48,0.59,0.7,2.0,707,0.23596955444335935,False,2026-09-30 14:06:30+00:00,GLD261023C00419000
GLD,2026-10-02,382.76,2026-10-23,C,420.0,0.45,0.53,0.48,7.0,3568,0.23535920898437498,False,2026-10-01 17:48:28+00:00,GLD261023C00420000
GLD,2026-10-02,382.76,2026-10-23,C,421.0,0.41,0.52,0.62,6.0,173,0.2391433508300781,False,2026-09-29 15:56:31+00:00,GLD261023C00421000
GLD,2026-10-02,382.76,2026-10-23,C,422.0,0.39,0.47,0.41,8.0,210,0.2387771435546875,False,2026-10-01 18:10:40+00:00,GLD261023C00422000
GLD,2026-10-02,382.76,2026-10-23,C,423.0,0.32,0.46,0.42,1.0,59,0.24243921630859372,False,2026-10-01 13:30:01+00:00,GLD261023C00423000
GLD,2026-10-02,382.76,2026-10-23,C,424.0,0.3,0.42,0.35,2.0,41,0.24268335449218748,False,2026-10-01 17:30:42+00:00,GLD261023C00424000
GLD,2026-10-02,382.76,2026-10-23,C,425.0,0.32,0.38,0.36,15.0,1099,0.24243921630859372,False,2026-10-01 18:11:00+00:00,GLD261023C00425000
GLD,2026-10-02,382.76,2026-10-23,C,426.0,0.25,0.38,0.5,3.0,57,0.24683370361328127,False,2026-09-29 14:03:22+00:00,GLD261023C00426000
GLD,2026-10-02,382.76,2026-10-23,C,427.0,0.23,0.36,0.38,10.0,181,0.24878680908203127,False,2026-09-30 15:17:57+00:00,GLD261023C00427000
GLD,2026-10-02,382.76,2026-10-23,C,428.0,0.27,0.34,0.28,9.0,29,0.25049577636718745,False,2026-10-01 18:11:23+00:00,GLD261023C00428000
GLD,2026-10-02,382.76,2026-10-23,C,429.0,0.2,0.32,0.25,2.0,71,0.25196060546875,False,2026-10-01 17:30:42+00:00,GLD261023C00429000
GLD,2026-10-02,382.76,2026-10-23,C,430.0,0.24,0.27,0.27,15.0,413,0.24878680908203127,False,2026-10-01 19:48:08+00:00,GLD261023C00430000
GLD,2026-10-02,382.76,2026-10-23,C,431.0,0.17,0.31,0.36,52.0,102,0.25879647460937505,False,2026-09-29 16:39:54+00:00,GLD261023C00431000
GLD,2026-10-02,382.76,2026-10-23,C,432.0,0.15,0.3,0.26,6.0,370,0.26148199462890626,False,2026-10-01 13:48:08+00:00,GLD261023C00432000
GLD,2026-10-02,382.76,2026-10-23,C,433.0,0.14,0.29,0.72,49.0,43,0.26416751464843746,False,2026-09-24 17:52:25+00:00,GLD261023C00433000
GLD,2026-10-02,382.76,2026-10-23,C,434.0,0.13,0.27,0.35,2.0,6,0.26489992919921873,False,2026-09-29 13:37:19+00:00,GLD261023C00434000
GLD,2026-10-02,382.76,2026-10-23,C,435.0,0.18,0.22,0.2,28.0,115,0.2602613037109375,False,2026-10-01 17:22:38+00:00,GLD261023C00435000
GLD,2026-10-02,382.76,2026-10-23,C,440.0,0.14,0.2,0.16,4.0,681,0.27539787109374997,False,2026-10-01 17:13:07+00:00,GLD261023C00440000
GLD,2026-10-02,382.76,2026-10-23,C,445.0,0.05,0.21,0.18,1.0,154,0.2963937548828125,False,2026-09-30 18:56:39+00:00,GLD261023C00445000
GLD,2026-10-02,382.76,2026-10-23,C,450.0,0.09,0.14,0.12,3.0,2130,0.29688203124999996,False,2026-09-30 14:17:39+00:00,GLD261023C00450000
GLD,2026-10-02,382.76,2026-10-23,C,455.0,0.06,0.17,0.16,200.0,385,0.3227606787109374,False,2026-09-29 13:30:55+00:00,GLD261023C00455000
GLD,2026-10-02,382.76,2026-10-23,C,460.0,0.01,0.16,0.16,1.0,309,0.336920693359375,False,2026-09-29 14:09:11+00:00,GLD261023C00460000
GLD,2026-10-02,382.76,2026-10-23,C,465.0,0.01,0.15,0.11,15.0,23,0.35108070800781244,False,2026-09-29 15:30:13+00:00,GLD261023C00465000
GLD,2026-10-02,382.76,2026-10-23,C,470.0,0.04,0.14,0.06,1.0,30,0.36426416992187505,False,2026-10-01 13:41:40+00:00,GLD261023C00470000
GLD,2026-10-02,382.76,2026-10-23,C,475.0,0.04,0.1,0.1,1.0,28,0.36426416992187505,False,2026-09-29 13:30:09+00:00,GLD261023C00475000
GLD,2026-10-02,382.76,2026-10-23,C,480.0,0.03,0.09,0.04,2.0,305,0.37500625,False,2026-10-01 13:52:24+00:00,GLD261023C00480000
GLD,2026-10-02,382.76,2026-10-23,C,485.0,0.01,0.05,0.03,6.0,40,0.36524072265625,False,2026-09-30 18:12:20+00:00,GLD261023C00485000
GLD,2026-10-02,382.76,2026-10-23,C,490.0,0.01,0.05,0.04,2.0,62,0.3789124609375,False,2026-09-29 16:59:54+00:00,GLD261023C00490000
GLD,2026-10-02,382.76,2026-10-23,C,495.0,0.01,0.05,0.05,52.0,107,0.39258419921875,False,2026-09-29 17:38:28+00:00,GLD261023C00495000
GLD,2026-10-02,382.76,2026-10-23,C,500.0,0.01,0.11,0.08,1.0,77,0.44336494140625,False,2026-09-30 14:02:55+00:00,GLD261023C00500000
GLD,2026-10-02,382.76,2026-10-23,C,505.0,0.01,0.05,0.07,2.0,73,0.41992767578125,False,2026-10-01 13:41:22+00:00,GLD261023C00505000
GLD,2026-10-02,382.76,2026-10-23,C,520.0,0.01,0.05,0.05,233.0,309,0.45898978515625005,False,2026-09-28 14:21:08+00:00,GLD261023C00520000
GLD,2026-10-02,382.76,2026-10-23,C,525.0,0.01,0.1,0.06,40.0,48,0.507817421875,False,2026-09-25 17:12:08+00:00,GLD261023C00525000
GLD,2026-10-02,382.76,2026-10-23,C,530.0,0.01,0.09,0.04,8.0,536,0.514653291015625,False,2026-09-28 14:36:03+00:00,GLD261023C00530000
GLD,2026-10-02,382.76,2026-10-23,C,535.0,0.01,0.1,0.08,2.0,302,0.5019581054687501,False,2026-09-28 14:35:10+00:00,GLD261023C00535000
GLD,2026-10-02,382.76,2026-10-23,C,540.0,0.01,0.09,0.22,1.0,1,0.507817421875,False,2026-09-18 14:18:54+00:00,GLD261023C00540000
GLD,2026-10-02,382.76,2026-10-23,C,545.0,0.01,0.09,0.16,1.0,1,0.5214891601562499,False,2026-09-18 14:19:17+00:00,GLD261023C00545000
GLD,2026-10-02,382.76,2026-10-23,C,550.0,0.01,0.09,0.04,1.0,2,0.53320779296875,False,2026-09-28 19:56:12+00:00,GLD261023C00550000
GLD,2026-10-02,382.76,2026-10-23,C,555.0,0.01,0.04,0.07,4.0,4,0.5117236328125,False,2026-09-28 14:35:51+00:00,GLD261023C00555000
GLD,2026-10-02,382.76,2026-10-23,C,560.0,0.01,0.08,0.07,4.0,14,0.5507857421875001,False,2026-09-25 15:48:31+00:00,GLD261023C00560000
GLD,2026-10-02,382.76,2026-10-23,C,565.0,0.01,0.03,0.03,1.0,4,0.523442265625,False,2026-09-29 18:33:36+00:00,GLD261023C00565000
GLD,2026-10-02,382.76,2026-10-23,C,570.0,0.01,0.07,0.24,,3,0.5664105859375,False,2026-09-10 14:36:29+00:00,GLD261023C00570000
GLD,2026-10-02,382.76,2026-10-23,C,575.0,0.01,0.07,0.04,1.0,11,0.57812921875,False,2026-10-01 15:48:11+00:00,GLD261023C00575000
GLD,2026-10-02,382.76,2026-10-23,C,580.0,0.0,0.03,0.04,2.0,4,0.5390671093750001,False,2026-09-25 15:46:06+00:00,GLD261023C00580000
GLD,2026-10-02,382.76,2026-10-23,C,585.0,0.0,0.07,0.05,371.0,371,0.5937540625000001,False,2026-09-21 19:44:14+00:00,GLD261023C00585000
GLD,2026-10-02,382.76,2026-10-23,C,590.0,0.0,0.08,0.05,2.0,5,0.6093789062500001,False,2026-09-21 19:38:29+00:00,GLD261023C00590000
GLD,2026-10-02,382.76,2026-10-23,C,595.0,0.0,0.07,0.04,1.0,8,0.6132851171875001,False,2026-09-22 13:49:29+00:00,GLD261023C00595000
GLD,2026-10-02,382.76,2026-10-23,C,600.0,0.0,0.04,0.04,1.0,8,0.5937540625000001,False,2026-09-21 19:36:48+00:00,GLD261023C00600000
GLD,2026-10-02,382.76,2026-10-23,C,605.0,0.01,0.06,0.05,35.0,37,0.632816171875,False,2026-09-21 19:36:29+00:00,GLD261023C00605000
GLD,2026-10-02,382.76,2026-10-23,C,610.0,0.0,0.06,0.03,2.0,1,0.6367223828125,False,2026-09-25 15:46:56+00:00,GLD261023C00610000
GLD,2026-10-02,382.76,2026-10-23,C,615.0,0.0,0.06,0.02,1.0,3,0.6445348046875,False,2026-09-28 20:00:10+00:00,GLD261023C00615000
GLD,2026-10-02,382.76,2026-10-23,C,620.0,0.0,0.06,0.03,2.0,15,0.6562534375000001,False,2026-09-25 15:48:20+00:00,GLD261023C00620000
GLD,2026-10-02,382.76,2026-10-23,C,625.0,0.0,0.06,0.03,2.0,15,0.6640658593750002,False,2026-09-25 15:48:33+00:00,GLD261023C00625000
GLD,2026-10-02,382.76,2026-10-23,C,630.0,0.0,0.07,0.05,2.0,2,0.6835969140625001,False,2026-09-25 15:47:57+00:00,GLD261023C00630000
GLD,2026-10-02,382.76,2026-10-23,C,635.0,0.0,0.07,0.05,2.0,2,0.69336244140625,False,2026-09-25 15:47:52+00:00,GLD261023C00635000
GLD,2026-10-02,382.76,2026-10-23,C,640.0,0.0,0.07,0.02,2.0,5,0.70312796875,False,2026-09-29 17:51:48+00:00,GLD261023C00640000
GLD,2026-10-02,382.76,2026-10-23,C,645.0,0.0,0.06,0.02,3.0,6,0.70312796875,False,2026-09-29 18:00:54+00:00,GLD261023C00645000
GLD,2026-10-02,382.76,2026-10-23,C,650.0,0.0,0.07,0.08,1.0,12,0.7226590234375,False,2026-09-25 19:06:42+00:00,GLD261023C00650000
GLD,2026-10-02,382.76,2026-10-23,P,210.0,0.0,0.03,0.03,,1,0.789064609375,False,2026-09-10 19:26:20+00:00,GLD261023P00210000
GLD,2026-10-02,382.76,2026-10-23,P,215.0,0.0,0.05,0.03,1.0,2,0.79687703125,False,2026-09-22 13:55:01+00:00,GLD261023P00215000
GLD,2026-10-02,382.76,2026-10-23,P,220.0,0.0,0.05,0.01,10.0,17,0.7656273437500001,False,2026-09-28 18:07:18+00:00,GLD261023P00220000
GLD,2026-10-02,382.76,2026-10-23,P,225.0,0.0,0.05,0.02,10.0,15,0.73437765625,False,2026-09-29 13:45:28+00:00,GLD261023P00225000
GLD,2026-10-02,382.76,2026-10-23,P,230.0,0.0,0.04,0.04,4.0,9,0.6953155468750001,False,2026-09-25 18:45:31+00:00,GLD261023P00230000
GLD,2026-10-02,382.76,2026-10-23,P,235.0,0.0,0.05,0.04,8.0,21,0.6796907031250001,False,2026-09-25 18:45:18+00:00,GLD261023P00235000
GLD,2026-10-02,382.76,2026-10-23,P,240.0,0.0,0.06,0.03,2.0,7,0.6640658593750002,False,2026-09-30 15:11:59+00:00,GLD261023P00240000
GLD,2026-10-02,382.76,2026-10-23,P,245.0,0.0,0.06,0.02,3.0,10,0.6367223828125,False,2026-09-29 18:34:55+00:00,GLD261023P00245000
GLD,2026-10-02,382.76,2026-10-23,P,250.0,0.01,0.06,0.03,3.0,7,0.6171913281250001,False,2026-09-25 17:54:26+00:00,GLD261023P00250000
GLD,2026-10-02,382.76,2026-10-23,P,255.0,0.01,0.06,0.04,2.0,16,0.5918009570312501,False,2026-09-28 14:01:55+00:00,GLD261023P00255000
GLD,2026-10-02,382.76,2026-10-23,P,260.0,0.01,0.07,0.04,2.0,12,0.5742230078125,False,2026-09-25 17:53:56+00:00,GLD261023P00260000
GLD,2026-10-02,382.76,2026-10-23,P,265.0,0.01,0.07,0.04,2.0,6,0.5468795312500001,False,2026-09-25 17:53:47+00:00,GLD261023P00265000
GLD,2026-10-02,382.76,2026-10-23,P,270.0,0.01,0.08,0.04,2.0,4,0.5273484765625001,False,2026-09-25 17:53:36+00:00,GLD261023P00270000
GLD,2026-10-02,382.76,2026-10-23,P,275.0,0.01,0.08,0.04,2.0,11,0.5019581054687501,False,2026-09-23 19:07:41+00:00,GLD261023P00275000
GLD,2026-10-02,382.76,2026-10-23,P,280.0,0.02,0.09,0.05,4.0,591,0.514653291015625,False,2026-09-28 14:51:52+00:00,GLD261023P00280000
GLD,2026-10-02,382.76,2026-10-23,P,285.0,0.02,0.05,0.05,1.0,40,0.45703667968750006,False,2026-10-01 19:31:57+00:00,GLD261023P00285000
GLD,2026-10-02,382.76,2026-10-23,P,290.0,0.01,0.07,0.07,2.0,72,0.44922425781249997,False,2026-09-30 17:05:42+00:00,GLD261023P00290000
GLD,2026-10-02,382.76,2026-10-23,P,295.0,0.03,0.07,0.07,1.0,308,0.42383388671875,False,2026-10-01 19:12:05+00:00,GLD261023P00295000
GLD,2026-10-02,382.76,2026-10-23,P,300.0,0.01,0.1,0.08,4.0,370,0.41699801757812494,False,2026-09-30 18:34:18+00:00,GLD261023P00300000
GLD,2026-10-02,382.76,2026-10-23,P,305.0,0.06,0.1,0.11,2.0,68,0.39160764648437496,False,2026-09-30 17:04:22+00:00,GLD261023P00305000
GLD,2026-10-02,382.76,2026-10-23,P,310.0,0.06,0.17,0.12,2.0,25,0.393560751953125,False,2026-09-30 17:04:03+00:00,GLD261023P00310000
GLD,2026-10-02,382.76,2026-10-23,P,315.0,0.07,0.2,0.16,2.0,28,0.3754945263671875,False,2026-09-30 17:03:25+00:00,GLD261023P00315000
GLD,2026-10-02,382.76,2026-10-23,P,320.0,0.12,0.16,0.16,9.0,37,0.33789724609375,False,2026-10-01 18:11:57+00:00,GLD261023P00320000
GLD,2026-10-02,382.76,2026-10-23,P,325.0,0.15,0.19,0.19,3.0,53,0.32031929687499994,False,2026-10-01 18:12:15+00:00,GLD261023P00325000
GLD,2026-10-02,382.76,2026-10-23,P,330.0,0.19,0.3,0.25,7.0,706,0.31690136230468746,False,2026-09-30 16:35:08+00:00,GLD261023P00330000
GLD,2026-10-02,382.76,2026-10-23,P,335.0,0.24,0.3,0.3,7.0,1184,0.28955788574218744,False,2026-10-01 18:12:49+00:00,GLD261023P00335000
GLD,2026-10-02,382.76,2026-10-23,P,340.0,0.32,0.39,0.37,9.0,1427,0.2751537329101562,False,2026-10-01 16:20:43+00:00,GLD261023P00340000
GLD,2026-10-02,382.76,2026-10-23,P,345.0,0.42,0.51,0.47,2.0,247,0.26050544189453123,False,2026-10-01 19:59:03+00:00,GLD261023P00345000
GLD,2026-10-02,382.76,2026-10-23,P,350.0,0.58,0.68,0.67,9.0,327,0.24634542724609376,False,2026-10-01 18:13:42+00:00,GLD261023P00350000
GLD,2026-10-02,382.76,2026-10-23,P,355.0,0.82,0.91,0.93,15.0,221,0.23194127441406248,False,2026-10-01 18:14:33+00:00,GLD261023P00355000
GLD,2026-10-02,382.76,2026-10-23,P,360.0,1.19,1.29,1.34,21.0,1141,0.22034471069335934,False,2026-10-01 18:14:58+00:00,GLD261023P00360000
GLD,2026-10-02,382.76,2026-10-23,P,365.0,1.75,1.87,1.91,70.0,1726,0.2104571142578125,False,2026-10-01 17:22:41+00:00,GLD261023P00365000
GLD,2026-10-02,382.76,2026-10-23,P,370.0,2.61,2.75,2.71,36.0,1851,0.20233951965332028,False,2026-10-01 19:00:17+00:00,GLD261023P00370000
GLD,2026-10-02,382.76,2026-10-23,P,371.0,2.82,2.97,3.1,4.0,178,0.20087469055175777,False,2026-10-01 18:18:05+00:00,GLD261023P00371000
GLD,2026-10-02,382.76,2026-10-23,P,372.0,3.05,3.25,3.35,1.0,88,0.20087469055175777,False,2026-09-30 13:51:55+00:00,GLD261023P00372000
GLD,2026-10-02,382.76,2026-10-23,P,373.0,3.3,3.5,4.06,6.0,101,0.19934882690429687,False,2026-10-01 15:10:57+00:00,GLD261023P00373000
GLD,2026-10-02,382.76,2026-10-23,P,374.0,3.55,3.75,5.25,3.0,104,0.19730416961669922,False,2026-09-29 17:08:26+00:00,GLD261023P00374000
GLD,2026-10-02,382.76,2026-10-23,P,375.0,3.85,4.05,3.95,21.0,696,0.196297099609375,False,2026-10-01 19:22:55+00:00,GLD261023P00375000
GLD,2026-10-02,382.76,2026-10-23,P,376.0,4.15,4.4,6.0,31.0,234,0.1961445132446289,False,2026-09-29 17:08:26+00:00,GLD261023P00376000
GLD,2026-10-02,382.76,2026-10-23,P,377.0,4.5,4.7,4.61,8.0,453,0.19403882141113282,False,2026-10-01 19:31:26+00:00,GLD261023P00377000
GLD,2026-10-02,382.76,2026-10-23,P,378.0,4.85,5.1,5.1,43.0,439,0.1941608905029297,False,2026-10-01 17:30:00+00:00,GLD261023P00378000
GLD,2026-10-02,382.76,2026-10-23,P,379.0,5.2,5.45,6.15,3.0,51,0.19232985412597658,False,2026-10-01 14:10:09+00:00,GLD261023P00379000
GLD,2026-10-02,382.76,2026-10-23,P,380.0,5.65,5.85,5.85,38.0,607,0.19135330139160156,False,2026-10-01 19:07:16+00:00,GLD261023P00380000
GLD,2026-10-02,382.76,2026-10-23,P,381.0,6.05,6.3,6.15,7.0,382,0.1911091632080078,False,2026-10-01 18:43:47+00:00,GLD261023P00381000
GLD,2026-10-02,382.76,2026-10-23,P,382.0,6.5,6.75,6.59,5.0,197,0.1902546795654297,False,2026-10-01 19:31:26+00:00,GLD261023P00382000
GLD,2026-10-02,382.76,2026-10-23,P,383.0,7.0,7.25,7.19,4.0,486,0.19016312774658206,True,2026-10-01 19:13:34+00:00,GLD261023P00383000
GLD,2026-10-02,382.76,2026-10-23,P,384.0,7.45,7.75,8.96,1.0,48,0.18946123046875002,True,2026-09-29 13:55:12+00:00,GLD261023P00384000
GLD,2026-10-02,382.76,2026-10-23,P,385.0,8.0,8.25,8.11,33.0,427,0.18817950500488279,True,2026-10-01 20:14:56+00:00,GLD261023P00385000
GLD,2026-10-02,382.76,2026-10-23,P,386.0,8.5,8.8,8.66,4.0,72,0.18763019409179688,True,2026-10-01 19:53:41+00:00,GLD261023P00386000
GLD,2026-10-02,382.76,2026-10-23,P,387.0,9.05,9.4,9.4,27.0,327,0.1878438150024414,True,2026-09-28 19:30:49+00:00,GLD261023P00387000
GLD,2026-10-02,382.76,2026-10-23,P,388.0,9.6,10.0,10.83,1.0,143,0.18744709045410157,True,2026-09-29 19:37:24+00:00,GLD261023P00388000
GLD,2026-10-02,382.76,2026-10-23,P,389.0,10.2,10.6,11.85,1.0,86,0.18647053771972655,True,2026-10-01 14:17:19+00:00,GLD261023P00389000
GLD,2026-10-02,382.76,2026-10-23,P,390.0,10.85,11.25,11.14,18.0,811,0.18628743408203124,True,2026-10-01 19:49:41+00:00,GLD261023P00390000
GLD,2026-10-02,382.76,2026-10-23,P,391.0,11.4,11.9,12.15,1.0,162,0.1854329504394531,True,2026-10-01 18:16:27+00:00,GLD261023P00391000
GLD,2026-10-02,382.76,2026-10-23,P,392.0,12.1,12.6,14.7,3.0,196,0.18549398498535152,True,2026-09-29 18:00:32+00:00,GLD261023P00392000
GLD,2026-10-02,382.76,2026-10-23,P,393.0,12.8,13.3,12.95,3.0,70,0.185005708618164,True,2026-10-01 18:34:56+00:00,GLD261023P00393000
GLD,2026-10-02,382.76,2026-10-23,P,394.0,13.55,14.05,14.05,12.0,171,0.1854329504394531,True,2026-10-01 19:07:16+00:00,GLD261023P00394000
GLD,2026-10-02,382.76,2026-10-23,P,395.0,14.25,14.8,14.52,6.0,174,0.18531088134765622,True,2026-10-01 19:32:36+00:00,GLD261023P00395000
GLD,2026-10-02,382.76,2026-10-23,P,396.0,15.05,15.55,15.82,1.0,110,0.18457846679687498,True,2026-10-01 18:16:27+00:00,GLD261023P00396000
GLD,2026-10-02,382.76,2026-10-23,P,397.0,15.8,16.35,16.1,2.0,27,0.185005708618164,True,2026-10-01 17:40:39+00:00,GLD261023P00397000
GLD,2026-10-02,382.76,2026-10-23,P,398.0,16.6,17.15,17.05,253.0,39,0.1848226049804687,True,2026-10-01 16:08:44+00:00,GLD261023P00398000
GLD,2026-10-02,382.76,2026-10-23,P,399.0,17.4,17.95,17.65,1.0,66,0.1840901904296875,True,2026-10-01 17:47:55+00:00,GLD261023P00399000
GLD,2026-10-02,382.76,2026-10-23,P,400.0,18.2,18.8,19.0,11.0,200,0.1848226049804687,True,2026-10-01 18:19:11+00:00,GLD261023P00400000
GLD,2026-10-02,382.76,2026-10-23,P,401.0,19.05,19.6,20.15,4.0,48,0.18274743041992186,True,2026-09-30 14:42:51+00:00,GLD261023P00401000
GLD,2026-10-02,382.76,2026-10-23,P,402.0,19.9,20.5,24.12,4.0,115,0.18457846679687498,True,2026-09-28 19:24:52+00:00,GLD261023P00402000
GLD,2026-10-02,382.76,2026-10-23,P,403.0,20.8,21.35,23.2,3.0,23,0.1834798449707031,True,2026-09-29 13:33:04+00:00,GLD261023P00403000
GLD,2026-10-02,382.76,2026-10-23,P,404.0,21.65,22.25,14.65,40.0,47,0.18433432861328125,True,2026-09-25 17:42:28+00:00,GLD261023P00404000
GLD,2026-10-02,382.76,2026-10-23,P,405.0,22.55,23.1,27.6,1.0,34,0.18189294677734374,True,2026-09-28 14:42:24+00:00,GLD261023P00405000
GLD,2026-10-02,382.76,2026-10-23,P,406.0,23.45,24.0,26.05,1.0,5,0.1815267395019531,True,2026-09-29 13:33:45+00:00,GLD261023P00406000
GLD,2026-10-02,382.76,2026-10-23,P,407.0,24.35,24.95,28.66,2.0,7,0.18384605224609374,True,2026-09-28 19:24:52+00:00,GLD261023P00407000
GLD,2026-10-02,382.76,2026-10-23,P,408.0,25.3,25.85,18.25,2.0,7,0.18238122314453126,True,2026-09-23 13:51:45+00:00,GLD261023P00408000
GLD,2026-10-02,382.76,2026-10-23,P,409.0,26.2,26.8,28.7,1.0,6,0.18384605224609374,True,2026-09-28 14:02:50+00:00,GLD261023P00409000
GLD,2026-10-02,382.76,2026-10-23,P,410.0,27.15,27.75,28.01,1.0,31,0.18506674316406246,True,2026-10-01 18:21:05+00:00,GLD261023P00410000
GLD,2026-10-02,382.76,2026-10-23,P,411.0,28.1,28.7,20.5,1.0,3,0.1859212268066406,True,2026-09-23 15:32:05+00:00,GLD261023P00411000
GLD,2026-10-02,382.76,2026-10-23,P,412.0,29.05,29.65,32.42,5.0,16,0.18628743408203124,True,2026-09-29 17:57:40+00:00,GLD261023P00412000
GLD,2026-10-02,382.76,2026-10-23,P,413.0,29.95,30.75,35.5,2.0,4,0.2000812414550781,True,2026-09-28 15:52:16+00:00,GLD261023P00413000
GLD,2026-10-02,382.76,2026-10-23,P,414.0,30.9,32.55,36.21,1.0,1,0.258369232788086,True,2026-09-28 15:38:24+00:00,GLD261023P00414000
GLD,2026-10-02,382.76,2026-10-23,P,415.0,31.9,32.65,32.96,1.0,19,0.2005695178222656,True,2026-10-01 18:21:05+00:00,GLD261023P00415000
GLD,2026-10-02,382.76,2026-10-23,P,416.0,32.4,34.9,27.43,1.0,227,0.28833719482421866,True,2026-09-15 14:41:24+00:00,GLD261023P00416000
GLD,2026-10-02,382.76,2026-10-23,P,417.0,33.6,34.7,35.85,12.0,3,0.2148516015625,True,2026-10-01 15:35:17+00:00,GLD261023P00417000
GLD,2026-10-02,382.76,2026-10-23,P,418.0,34.55,35.75,35.65,2.0,1,0.2243729907226562,True,2026-10-01 18:20:43+00:00,GLD261023P00418000
GLD,2026-10-02,382.76,2026-10-23,P,420.0,35.55,39.05,38.65,4.0,9,0.3189765368652343,True,2026-09-29 14:03:54+00:00,GLD261023P00420000
GLD,2026-10-02,382.76,2026-10-23,P,421.0,36.4,40.05,25.0,1.0,0,0.32459171508789053,True,2026-09-17 19:04:52+00:00,GLD261023P00421000
GLD,2026-10-02,382.76,2026-10-23,P,422.0,38.6,40.2,37.7,20.0,13,0.2795482202148437,True,2026-10-01 19:38:04+00:00,GLD261023P00422000
GLD,2026-10-02,382.76,2026-10-23,P,423.0,38.4,42.05,44.84,2.0,0,0.3358220715332031,True,2026-09-28 15:36:32+00:00,GLD261023P00423000
GLD,2026-10-02,382.76,2026-10-23,P,424.0,39.5,43.05,27.0,,0,0.3413151806640625,True,2026-09-17 18:07:27+00:00,GLD261023P00424000
GLD,2026-10-02,382.76,2026-10-23,P,425.0,40.55,43.6,27.99,1.0,0,0.3210517114257812,True,2026-09-18 14:10:03+00:00,GLD261023P00425000
GLD,2026-10-02,382.76,2026-10-23,P,426.0,41.3,45.05,30.55,,0,0.3523013989257812,True,2026-09-22 14:38:54+00:00,GLD261023P00426000
GLD,2026-10-02,382.76,2026-10-23,P,427.0,42.3,46.1,34.9,,0,0.36048002807617185,True,2026-09-23 14:23:38+00:00,GLD261023P00427000
GLD,2026-10-02,382.76,2026-10-23,P,428.0,43.65,47.1,35.37,2.0,0,0.3658510681152344,True,2026-09-23 14:42:10+00:00,GLD261023P00428000
GLD,2026-10-02,382.76,2026-10-23,P,429.0,44.35,48.1,36.3,3.0,0,0.3712221081542969,True,2026-09-23 14:42:10+00:00,GLD261023P00429000
GLD,2026-10-02,382.76,2026-10-23,P,430.0,45.35,49.1,32.15,,0,0.3765931481933594,True,2026-09-17 17:37:57+00:00,GLD261023P00430000
GLD,2026-10-02,382.76,2026-10-23,P,431.0,46.35,50.1,32.6,,0,0.38196418823242184,True,2026-09-17 13:52:02+00:00,GLD261023P00431000
GLD,2026-10-02,382.76,2026-10-23,P,432.0,47.25,51.1,34.6,,0,0.38721315917968746,True,2026-09-17 19:17:00+00:00,GLD261023P00432000
GLD,2026-10-02,382.76,2026-10-23,P,433.0,48.35,52.1,37.05,,0,0.3924621301269531,True,2026-09-22 14:38:54+00:00,GLD261023P00433000
GLD,2026-10-02,382.76,2026-10-23,P,434.0,49.35,53.1,41.65,,0,0.39771110107421875,True,2026-09-15 16:39:10+00:00,GLD261023P00434000
GLD,2026-10-02,382.76,2026-10-23,P,435.0,50.35,54.05,42.45,,0,0.4000304138183594,True,2026-09-15 17:02:03+00:00,GLD261023P00435000
GLD,2026-10-02,382.76,2026-10-23,P,440.0,55.3,59.05,41.55,1.0,0,0.4255428540039063,True,2026-09-22 18:41:52+00:00,GLD261023P00440000
GLD,2026-10-02,382.76,2026-10-23,P,450.0,65.4,69.05,56.6,3.0,0,0.47449255981445315,True,2026-09-25 19:36:28+00:00,GLD261023P00450000
GLD,2026-10-02,382.76,2026-10-23,P,455.0,70.5,73.6,55.75,,0,0.4660697924804688,True,2026-09-17 17:39:54+00:00,GLD261023P00455000
GLD,2026-10-02,382.76,2026-10-23,P,465.0,80.4,84.0,65.18,,0,0.540287800292969,True,2026-09-11 17:39:37+00:00,GLD261023P00465000
