symbol,snapshot_date,spot,expiry,right,strike,bid,ask,last_price,volume,open_interest,implied_vol,in_the_money,last_trade_date,contract_symbol
GLD,2026-09-23,392.8800048828125,2026-09-23,C,285.0,107.45,108.45,107.42,10.0,1.0,2.3984415039062497,True,2026-09-23 18:46:45+00:00,GLD260923C00285000
GLD,2026-09-23,392.8800048828125,2026-09-23,C,290.0,102.35,103.4,102.49,18.0,1.0,2.9863306591796874,True,2026-09-23 18:46:45+00:00,GLD260923C00290000
GLD,2026-09-23,392.8800048828125,2026-09-23,C,295.0,97.35,98.45,97.28,10.0,1.0,1.9062504687500001,True,2026-09-23 17:18:44+00:00,GLD260923C00295000
GLD,2026-09-23,392.8800048828125,2026-09-23,C,300.0,92.35,93.55,92.33,5.0,1.0,2.0468798828125,True,2026-09-23 17:10:59+00:00,GLD260923C00300000
GLD,2026-09-23,392.8800048828125,2026-09-23,C,305.0,87.35,88.4,87.4,6.0,2.0,2.5546911132812498,True,2026-09-23 17:10:59+00:00,GLD260923C00305000
GLD,2026-09-23,392.8800048828125,2026-09-23,C,310.0,82.3,83.5,82.37,16.0,,1.5937520312499998,True,2026-09-23 17:19:23+00:00,GLD260923C00310000
GLD,2026-09-23,392.8800048828125,2026-09-23,C,315.0,77.35,78.5,77.43,20.0,1.0,1.625001875,True,2026-09-23 17:19:23+00:00,GLD260923C00315000
GLD,2026-09-23,392.8800048828125,2026-09-23,C,320.0,72.3,73.55,72.93,11.0,1.0,1.5234398828124998,True,2026-09-23 16:47:06+00:00,GLD260923C00320000
GLD,2026-09-23,392.8800048828125,2026-09-23,C,325.0,67.35,68.5,67.55,16.0,1.0,1.421877890625,True,2026-09-23 17:08:40+00:00,GLD260923C00325000
GLD,2026-09-23,392.8800048828125,2026-09-23,C,345.0,47.35,48.65,47.67,3.0,2.0,1.1484417578125,True,2026-09-23 16:09:50+00:00,GLD260923C00345000
GLD,2026-09-23,392.8800048828125,2026-09-23,C,350.0,42.35,43.45,42.77,12.0,8.0,0.8281267187499999,True,2026-09-23 18:24:16+00:00,GLD260923C00350000
GLD,2026-09-23,392.8800048828125,2026-09-23,C,375.0,17.35,18.45,17.79,48.0,40.0,0.6679720703125002,True,2026-09-23 19:59:19+00:00,GLD260923C00375000
GLD,2026-09-23,392.8800048828125,2026-09-23,C,376.0,16.4,17.25,16.81,92.0,28.0,0.5742230078125,True,2026-09-23 19:59:19+00:00,GLD260923C00376000
GLD,2026-09-23,392.8800048828125,2026-09-23,C,377.0,15.35,16.25,15.8,124.0,36.0,0.5473678076171876,True,2026-09-23 19:58:47+00:00,GLD260923C00377000
GLD,2026-09-23,392.8800048828125,2026-09-23,C,378.0,14.35,15.3,14.82,106.0,48.0,0.5366257275390626,True,2026-09-23 19:58:47+00:00,GLD260923C00378000
GLD,2026-09-23,392.8800048828125,2026-09-23,C,379.0,13.35,14.45,13.67,155.0,108.0,0.551762294921875,True,2026-09-23 19:40:27+00:00,GLD260923C00379000
GLD,2026-09-23,392.8800048828125,2026-09-23,C,380.0,12.5,13.35,12.67,140.0,101.0,0.495122236328125,True,2026-09-23 19:40:27+00:00,GLD260923C00380000
GLD,2026-09-23,392.8800048828125,2026-09-23,C,381.0,11.2,12.35,11.9,90.0,2.0,0.46631393066406257,True,2026-09-23 18:52:23+00:00,GLD260923C00381000
GLD,2026-09-23,392.8800048828125,2026-09-23,C,382.0,10.35,11.25,10.8,200.0,25.0,0.4096738720703125,True,2026-09-23 19:23:37+00:00,GLD260923C00382000
GLD,2026-09-23,392.8800048828125,2026-09-23,C,383.0,9.25,10.45,9.7,135.0,2.0,0.43164630859375,True,2026-09-23 20:00:37+00:00,GLD260923C00383000
GLD,2026-09-23,392.8800048828125,2026-09-23,C,384.0,8.4,9.3,8.72,54.0,4.0,0.36524072265625,True,2026-09-23 20:00:37+00:00,GLD260923C00384000
GLD,2026-09-23,392.8800048828125,2026-09-23,C,385.0,7.35,8.25,8.3,94.0,7.0,0.3227606787109374,True,2026-09-23 19:01:21+00:00,GLD260923C00385000
GLD,2026-09-23,392.8800048828125,2026-09-23,C,386.0,6.35,7.25,7.13,83.0,5.0,0.2929758203124999,True,2026-09-23 18:40:12+00:00,GLD260923C00386000
GLD,2026-09-23,392.8800048828125,2026-09-23,C,387.0,5.3,6.3,6.02,55.0,8.0,0.273444765625,True,2026-09-23 18:46:30+00:00,GLD260923C00387000
GLD,2026-09-23,392.8800048828125,2026-09-23,C,388.0,4.65,5.45,4.87,43.0,4.0,0.2700268310546875,True,2026-09-23 20:02:33+00:00,GLD260923C00388000
GLD,2026-09-23,392.8800048828125,2026-09-23,C,389.0,3.4,4.25,3.6,26.0,3.0,0.19873848144531248,True,2026-09-23 19:45:07+00:00,GLD260923C00389000
GLD,2026-09-23,392.8800048828125,2026-09-23,C,390.0,2.31,3.45,2.76,92.0,39.0,0.19800606689453126,True,2026-09-23 19:54:48+00:00,GLD260923C00390000
GLD,2026-09-23,392.8800048828125,2026-09-23,C,391.0,1.32,2.26,1.75,77.0,11.0,0.13037979003906247,True,2026-09-23 20:00:31+00:00,GLD260923C00391000
GLD,2026-09-23,392.8800048828125,2026-09-23,C,392.0,0.76,1.18,0.72,1489.0,35.0,0.07886663330078125,True,2026-09-23 19:58:17+00:00,GLD260923C00392000
GLD,2026-09-23,392.8800048828125,2026-09-23,C,393.0,0.1,0.15,0.12,7361.0,73.0,0.0249120947265625,False,2026-09-23 20:14:45+00:00,GLD260923C00393000
GLD,2026-09-23,392.8800048828125,2026-09-23,C,394.0,0.0,0.01,0.01,8778.0,152.0,0.0312596875,False,2026-09-23 20:09:00+00:00,GLD260923C00394000
GLD,2026-09-23,392.8800048828125,2026-09-23,C,395.0,0.0,0.01,0.01,6826.0,432.0,0.05274384765625,False,2026-09-23 20:06:13+00:00,GLD260923C00395000
GLD,2026-09-23,392.8800048828125,2026-09-23,C,396.0,0.0,0.01,0.01,4548.0,242.0,0.07227490234375,False,2026-09-23 20:10:38+00:00,GLD260923C00396000
GLD,2026-09-23,392.8800048828125,2026-09-23,C,397.0,0.0,0.01,0.01,1872.0,761.0,0.09180595703125,False,2026-09-23 19:34:43+00:00,GLD260923C00397000
GLD,2026-09-23,392.8800048828125,2026-09-23,C,398.0,0.0,0.01,0.01,1349.0,285.0,0.10938390625,False,2026-09-23 19:27:42+00:00,GLD260923C00398000
GLD,2026-09-23,392.8800048828125,2026-09-23,C,399.0,0.0,0.01,0.01,420.0,208.0,0.1289149609375,False,2026-09-23 19:51:32+00:00,GLD260923C00399000
GLD,2026-09-23,392.8800048828125,2026-09-23,C,400.0,0.0,0.01,0.01,1326.0,1797.0,0.148446015625,False,2026-09-23 19:57:34+00:00,GLD260923C00400000
GLD,2026-09-23,392.8800048828125,2026-09-23,C,401.0,0.0,0.01,0.03,251.0,511.0,0.16407085937500002,False,2026-09-23 20:06:32+00:00,GLD260923C00401000
GLD,2026-09-23,392.8800048828125,2026-09-23,C,402.0,0.0,0.01,0.02,496.0,743.0,0.179695703125,False,2026-09-23 19:56:31+00:00,GLD260923C00402000
GLD,2026-09-23,392.8800048828125,2026-09-23,C,403.0,0.0,0.01,0.01,608.0,620.0,0.1992267578125,False,2026-09-23 19:15:19+00:00,GLD260923C00403000
GLD,2026-09-23,392.8800048828125,2026-09-23,C,404.0,0.0,0.01,0.01,531.0,1357.0,0.2148516015625,False,2026-09-23 20:11:15+00:00,GLD260923C00404000
GLD,2026-09-23,392.8800048828125,2026-09-23,C,405.0,0.0,0.01,0.01,671.0,1257.0,0.23438265625,False,2026-09-23 19:45:22+00:00,GLD260923C00405000
GLD,2026-09-23,392.8800048828125,2026-09-23,C,406.0,0.0,0.01,0.02,257.0,687.0,0.2500075,False,2026-09-23 19:46:09+00:00,GLD260923C00406000
GLD,2026-09-23,392.8800048828125,2026-09-23,C,407.0,0.0,0.01,0.01,50.0,603.0,0.26563234375,False,2026-09-23 19:13:59+00:00,GLD260923C00407000
GLD,2026-09-23,392.8800048828125,2026-09-23,C,408.0,0.0,0.01,0.01,103.0,209.0,0.28125718749999995,False,2026-09-23 19:42:24+00:00,GLD260923C00408000
GLD,2026-09-23,392.8800048828125,2026-09-23,C,409.0,0.0,0.06,0.03,63.0,208.0,0.37695935546875,False,2026-09-23 19:27:26+00:00,GLD260923C00409000
GLD,2026-09-23,392.8800048828125,2026-09-23,C,410.0,0.0,0.04,0.01,118.0,1365.0,0.37305314453125,False,2026-09-23 17:14:42+00:00,GLD260923C00410000
GLD,2026-09-23,392.8800048828125,2026-09-23,C,411.0,0.0,0.01,0.01,2.0,127.0,0.32813171874999997,False,2026-09-23 14:24:13+00:00,GLD260923C00411000
GLD,2026-09-23,392.8800048828125,2026-09-23,C,412.0,0.0,0.01,0.01,1.0,336.0,0.3437565625,False,2026-09-22 20:05:02+00:00,GLD260923C00412000
GLD,2026-09-23,392.8800048828125,2026-09-23,C,413.0,0.0,0.01,0.01,4.0,245.0,0.35938140625,False,2026-09-23 15:41:14+00:00,GLD260923C00413000
GLD,2026-09-23,392.8800048828125,2026-09-23,C,414.0,0.0,0.01,0.03,1.0,1498.0,0.37500625,False,2026-09-23 13:30:01+00:00,GLD260923C00414000
GLD,2026-09-23,392.8800048828125,2026-09-23,C,415.0,0.0,0.01,0.01,32.0,202.0,0.39063109375,False,2026-09-23 18:03:05+00:00,GLD260923C00415000
GLD,2026-09-23,392.8800048828125,2026-09-23,C,416.0,0.0,0.01,0.01,1.0,187.0,0.4062559375,False,2026-09-23 14:22:57+00:00,GLD260923C00416000
GLD,2026-09-23,392.8800048828125,2026-09-23,C,417.0,0.0,0.01,0.05,2.0,61.0,0.42188078125,False,2026-09-22 19:53:32+00:00,GLD260923C00417000
GLD,2026-09-23,392.8800048828125,2026-09-23,C,418.0,0.0,0.01,0.01,4.0,50.0,0.437505625,False,2026-09-22 19:47:42+00:00,GLD260923C00418000
GLD,2026-09-23,392.8800048828125,2026-09-23,C,419.0,0.0,0.01,0.01,16.0,71.0,0.45313046875,False,2026-09-23 19:45:08+00:00,GLD260923C00419000
GLD,2026-09-23,392.8800048828125,2026-09-23,C,420.0,0.0,0.01,0.01,2.0,137.0,0.4687553125,False,2026-09-23 14:21:48+00:00,GLD260923C00420000
GLD,2026-09-23,392.8800048828125,2026-09-23,C,421.0,0.0,0.01,0.02,7.0,61.0,0.48438015625,False,2026-09-22 16:44:09+00:00,GLD260923C00421000
GLD,2026-09-23,392.8800048828125,2026-09-23,C,422.0,0.0,0.01,0.05,10.0,73.0,0.500005,False,2026-09-21 19:20:04+00:00,GLD260923C00422000
GLD,2026-09-23,392.8800048828125,2026-09-23,C,423.0,0.0,0.01,0.02,10.0,44.0,0.51562984375,False,2026-09-22 19:20:43+00:00,GLD260923C00423000
GLD,2026-09-23,392.8800048828125,2026-09-23,C,424.0,0.0,0.01,0.03,769.0,802.0,0.500005,False,2026-09-22 20:04:14+00:00,GLD260923C00424000
GLD,2026-09-23,392.8800048828125,2026-09-23,C,425.0,0.0,0.01,0.02,397.0,44.0,0.500005,False,2026-09-23 15:07:59+00:00,GLD260923C00425000
GLD,2026-09-23,392.8800048828125,2026-09-23,C,426.0,0.0,0.01,0.02,1186.0,49.0,0.5312546875,False,2026-09-23 15:22:18+00:00,GLD260923C00426000
GLD,2026-09-23,392.8800048828125,2026-09-23,C,427.0,0.0,0.01,0.01,1731.0,36.0,0.5312546875,False,2026-09-23 15:22:18+00:00,GLD260923C00427000
GLD,2026-09-23,392.8800048828125,2026-09-23,C,428.0,0.0,0.01,0.01,938.0,214.0,0.5468795312500001,False,2026-09-23 14:34:31+00:00,GLD260923C00428000
GLD,2026-09-23,392.8800048828125,2026-09-23,C,429.0,0.0,0.01,0.01,60.0,171.0,0.5625043750000001,False,2026-09-23 14:41:24+00:00,GLD260923C00429000
GLD,2026-09-23,392.8800048828125,2026-09-23,C,430.0,0.0,0.01,0.01,59.0,1625.0,0.57812921875,False,2026-09-23 14:41:24+00:00,GLD260923C00430000
GLD,2026-09-23,392.8800048828125,2026-09-23,C,431.0,0.0,0.14,0.01,19.0,51.0,0.7851583984375,False,2026-09-22 20:07:35+00:00,GLD260923C00431000
GLD,2026-09-23,392.8800048828125,2026-09-23,C,432.0,0.0,0.14,0.01,2.0,38.0,0.8007832421875,False,2026-09-22 20:06:50+00:00,GLD260923C00432000
GLD,2026-09-23,392.8800048828125,2026-09-23,C,433.0,0.0,0.01,0.01,10.0,42.0,0.6250037500000001,False,2026-09-22 20:02:22+00:00,GLD260923C00433000
GLD,2026-09-23,392.8800048828125,2026-09-23,C,434.0,0.0,0.1,0.04,4.0,33.0,0.8007832421875,False,2026-09-21 19:14:40+00:00,GLD260923C00434000
GLD,2026-09-23,392.8800048828125,2026-09-23,C,435.0,0.0,0.14,0.02,1.0,32.0,0.851563984375,False,2026-09-22 15:00:36+00:00,GLD260923C00435000
GLD,2026-09-23,392.8800048828125,2026-09-23,C,436.0,0.0,0.01,0.02,493.0,32.0,0.6562534375000001,False,2026-09-23 15:25:40+00:00,GLD260923C00436000
GLD,2026-09-23,392.8800048828125,2026-09-23,C,437.0,0.0,0.04,0.01,493.0,33.0,0.7656273437500001,False,2026-09-23 15:25:40+00:00,GLD260923C00437000
GLD,2026-09-23,392.8800048828125,2026-09-23,C,438.0,0.0,0.01,0.09,99.0,32.0,0.6875031250000001,False,2026-09-23 14:37:43+00:00,GLD260923C00438000
GLD,2026-09-23,392.8800048828125,2026-09-23,C,439.0,0.0,0.01,0.01,99.0,32.0,0.6875031250000001,False,2026-09-21 19:15:22+00:00,GLD260923C00439000
GLD,2026-09-23,392.8800048828125,2026-09-23,C,440.0,0.0,0.01,0.01,790.0,51.0,0.7187528125,False,2026-09-23 13:46:43+00:00,GLD260923C00440000
GLD,2026-09-23,392.8800048828125,2026-09-23,C,441.0,0.0,0.01,0.01,2170.0,67.0,0.7187528125,False,2026-09-23 15:09:00+00:00,GLD260923C00441000
GLD,2026-09-23,392.8800048828125,2026-09-23,C,442.0,0.0,0.01,0.01,1774.0,34.0,0.73437765625,False,2026-09-23 15:09:00+00:00,GLD260923C00442000
GLD,2026-09-23,392.8800048828125,2026-09-23,C,443.0,0.0,0.01,0.01,394.0,37.0,0.7500025,False,2026-09-23 13:58:09+00:00,GLD260923C00443000
GLD,2026-09-23,392.8800048828125,2026-09-23,C,445.0,0.0,0.15,0.01,2.0,36.0,1.021489267578125,False,2026-09-22 15:14:28+00:00,GLD260923C00445000
GLD,2026-09-23,392.8800048828125,2026-09-23,C,450.0,0.0,0.01,0.01,25.0,47.0,0.8437515624999999,False,2026-09-23 14:59:32+00:00,GLD260923C00450000
GLD,2026-09-23,392.8800048828125,2026-09-23,C,455.0,0.0,0.01,0.03,12.0,45.0,0.9062509375,False,2026-09-18 16:55:16+00:00,GLD260923C00455000
GLD,2026-09-23,392.8800048828125,2026-09-23,C,460.0,0.0,0.14,0.01,16.0,17.0,1.2421912890624998,False,2026-09-17 19:58:45+00:00,GLD260923C00460000
GLD,2026-09-23,392.8800048828125,2026-09-23,C,465.0,0.0,0.15,0.01,,17.0,1.3281283593749997,False,2026-09-17 19:58:28+00:00,GLD260923C00465000
GLD,2026-09-23,392.8800048828125,2026-09-23,C,470.0,0.0,0.15,0.01,,63.0,1.40234673828125,False,2026-09-17 17:33:32+00:00,GLD260923C00470000
GLD,2026-09-23,392.8800048828125,2026-09-23,C,475.0,0.0,0.16,0.09,1.0,2.0,1.484377578125,False,2026-09-16 19:35:15+00:00,GLD260923C00475000
GLD,2026-09-23,392.8800048828125,2026-09-23,C,480.0,0.0,0.15,0.08,,4.0,1.54297103515625,False,2026-09-16 19:36:00+00:00,GLD260923C00480000
GLD,2026-09-23,392.8800048828125,2026-09-23,C,500.0,0.0,0.01,0.01,1.0,1.0,1.40625296875,False,2026-09-15 18:31:16+00:00,GLD260923C00500000
GLD,2026-09-23,392.8800048828125,2026-09-23,P,285.0,0.0,0.01,0.07,,1.0,1.875000625,False,2026-09-11 16:36:39+00:00,GLD260923P00285000
GLD,2026-09-23,392.8800048828125,2026-09-23,P,290.0,0.0,0.01,0.08,,1.0,1.8125009374999999,False,2026-09-11 13:37:26+00:00,GLD260923P00290000
GLD,2026-09-23,392.8800048828125,2026-09-23,P,295.0,0.0,0.01,0.03,2.0,2.0,1.6875015625,False,2026-09-14 16:57:01+00:00,GLD260923P00295000
GLD,2026-09-23,392.8800048828125,2026-09-23,P,300.0,0.0,0.01,0.01,2.0,1.0,1.5937520312499998,False,2026-09-23 19:57:21+00:00,GLD260923P00300000
GLD,2026-09-23,392.8800048828125,2026-09-23,P,305.0,0.0,0.04,0.03,2.0,0.0,1.703126484375,False,2026-09-23 19:57:21+00:00,GLD260923P00305000
GLD,2026-09-23,392.8800048828125,2026-09-23,P,310.0,0.0,0.01,0.02,1.0,2.0,1.4375028125,False,2026-09-18 14:57:31+00:00,GLD260923P00310000
GLD,2026-09-23,392.8800048828125,2026-09-23,P,315.0,0.0,0.01,0.07,,833.0,1.3125034374999998,False,2026-09-14 16:55:28+00:00,GLD260923P00315000
GLD,2026-09-23,392.8800048828125,2026-09-23,P,320.0,0.0,0.14,0.01,,4.0,1.6015644921874999,False,2026-09-17 17:33:17+00:00,GLD260923P00320000
GLD,2026-09-23,392.8800048828125,2026-09-23,P,325.0,0.0,0.04,0.07,,3.0,1.3046909765624997,False,2026-09-16 19:34:48+00:00,GLD260923P00325000
GLD,2026-09-23,392.8800048828125,2026-09-23,P,330.0,0.0,0.04,0.07,,2.0,1.203128984375,False,2026-09-16 19:35:00+00:00,GLD260923P00330000
GLD,2026-09-23,392.8800048828125,2026-09-23,P,335.0,0.0,0.14,0.05,,3.0,1.2773473632812498,False,2026-09-16 19:59:31+00:00,GLD260923P00335000
GLD,2026-09-23,392.8800048828125,2026-09-23,P,340.0,0.0,0.14,0.06,10.0,17.0,1.171879140625,False,2026-09-22 16:13:04+00:00,GLD260923P00340000
GLD,2026-09-23,392.8800048828125,2026-09-23,P,345.0,0.0,0.14,0.02,,85.0,1.0664109179687502,False,2026-09-17 16:43:11+00:00,GLD260923P00345000
GLD,2026-09-23,392.8800048828125,2026-09-23,P,350.0,0.0,0.04,0.01,56.0,96.0,0.8281267187499999,False,2026-09-16 19:58:49+00:00,GLD260923P00350000
GLD,2026-09-23,392.8800048828125,2026-09-23,P,355.0,0.0,0.15,0.05,6.0,105.0,0.867188828125,False,2026-09-18 18:42:02+00:00,GLD260923P00355000
GLD,2026-09-23,392.8800048828125,2026-09-23,P,360.0,0.0,0.14,0.01,34.0,189.0,0.7539087109375,False,2026-09-21 19:18:40+00:00,GLD260923P00360000
GLD,2026-09-23,392.8800048828125,2026-09-23,P,365.0,0.0,0.01,0.01,43.0,200.0,0.51562984375,False,2026-09-21 19:49:36+00:00,GLD260923P00365000
GLD,2026-09-23,392.8800048828125,2026-09-23,P,370.0,0.0,0.01,0.01,65.0,171.0,0.42969320312500003,False,2026-09-21 19:51:29+00:00,GLD260923P00370000
GLD,2026-09-23,392.8800048828125,2026-09-23,P,375.0,0.0,0.01,0.01,3612.0,1799.0,0.3437565625,False,2026-09-23 15:09:00+00:00,GLD260923P00375000
GLD,2026-09-23,392.8800048828125,2026-09-23,P,376.0,0.0,0.01,0.01,4787.0,116.0,0.3242255078124999,False,2026-09-23 15:25:40+00:00,GLD260923P00376000
GLD,2026-09-23,392.8800048828125,2026-09-23,P,377.0,0.0,0.01,0.01,1353.0,106.0,0.304694453125,False,2026-09-23 15:25:40+00:00,GLD260923P00377000
GLD,2026-09-23,392.8800048828125,2026-09-23,P,378.0,0.0,0.07,0.1,158.0,133.0,0.37500625,False,2026-09-23 14:41:24+00:00,GLD260923P00378000
GLD,2026-09-23,392.8800048828125,2026-09-23,P,379.0,0.0,0.01,0.04,5.0,140.0,0.273444765625,False,2026-09-23 19:07:26+00:00,GLD260923P00379000
GLD,2026-09-23,392.8800048828125,2026-09-23,P,380.0,0.0,0.01,0.01,43.0,622.0,0.25391371093750004,False,2026-09-23 20:03:38+00:00,GLD260923P00380000
GLD,2026-09-23,392.8800048828125,2026-09-23,P,381.0,0.0,0.01,0.03,4.0,96.0,0.23438265625,False,2026-09-23 15:30:04+00:00,GLD260923P00381000
GLD,2026-09-23,392.8800048828125,2026-09-23,P,382.0,0.0,0.01,0.01,394.0,91.0,0.21875781249999998,False,2026-09-23 14:31:39+00:00,GLD260923P00382000
GLD,2026-09-23,392.8800048828125,2026-09-23,P,383.0,0.0,0.01,0.01,712.0,182.0,0.1992267578125,False,2026-09-23 18:10:52+00:00,GLD260923P00383000
GLD,2026-09-23,392.8800048828125,2026-09-23,P,384.0,0.0,0.01,0.01,593.0,100.0,0.179695703125,False,2026-09-23 16:34:52+00:00,GLD260923P00384000
GLD,2026-09-23,392.8800048828125,2026-09-23,P,385.0,0.0,0.01,0.01,108.0,359.0,0.16407085937500002,False,2026-09-23 17:18:58+00:00,GLD260923P00385000
GLD,2026-09-23,392.8800048828125,2026-09-23,P,386.0,0.0,0.01,0.01,124.0,80.0,0.1445398046875,False,2026-09-23 19:28:49+00:00,GLD260923P00386000
GLD,2026-09-23,392.8800048828125,2026-09-23,P,387.0,0.0,0.01,0.02,137.0,479.0,0.12500875,False,2026-09-23 17:29:54+00:00,GLD260923P00387000
GLD,2026-09-23,392.8800048828125,2026-09-23,P,388.0,0.0,0.01,0.01,281.0,184.0,0.10743080078125,False,2026-09-23 19:53:36+00:00,GLD260923P00388000
GLD,2026-09-23,392.8800048828125,2026-09-23,P,389.0,0.0,0.01,0.01,502.0,115.0,0.08789974609375001,False,2026-09-23 19:46:48+00:00,GLD260923P00389000
GLD,2026-09-23,392.8800048828125,2026-09-23,P,390.0,0.0,0.01,0.01,3389.0,2495.0,0.06836869140625002,False,2026-09-23 20:10:54+00:00,GLD260923P00390000
GLD,2026-09-23,392.8800048828125,2026-09-23,P,391.0,0.0,0.01,0.01,6959.0,166.0,0.04688453125,False,2026-09-23 20:10:49+00:00,GLD260923P00391000
GLD,2026-09-23,392.8800048828125,2026-09-23,P,392.0,0.0,0.01,0.01,7657.0,177.0,0.02540037109375,False,2026-09-23 20:11:16+00:00,GLD260923P00392000
GLD,2026-09-23,392.8800048828125,2026-09-23,P,393.0,0.11,0.4,0.22,4401.0,560.0,0.04102521484375,True,2026-09-23 20:06:10+00:00,GLD260923P00393000
GLD,2026-09-23,392.8800048828125,2026-09-23,P,394.0,0.74,1.31,1.31,1824.0,495.0,0.07154248779296876,True,2026-09-23 20:04:35+00:00,GLD260923P00394000
GLD,2026-09-23,392.8800048828125,2026-09-23,P,395.0,1.76,2.49,2.13,537.0,428.0,0.13697152099609378,True,2026-09-23 20:14:41+00:00,GLD260923P00395000
GLD,2026-09-23,392.8800048828125,2026-09-23,P,396.0,2.77,3.5,3.13,688.0,668.0,0.17359224853515626,True,2026-09-23 20:14:41+00:00,GLD260923P00396000
GLD,2026-09-23,392.8800048828125,2026-09-23,P,397.0,3.8,4.3,4.22,376.0,350.0,0.16309430664062502,True,2026-09-23 20:03:34+00:00,GLD260923P00397000
GLD,2026-09-23,392.8800048828125,2026-09-23,P,398.0,4.55,5.45,5.05,267.0,1150.0,0.22705851074218747,True,2026-09-23 20:14:33+00:00,GLD260923P00398000
GLD,2026-09-23,392.8800048828125,2026-09-23,P,399.0,5.75,6.6,6.3,101.0,320.0,0.2893137475585937,True,2026-09-23 19:41:50+00:00,GLD260923P00399000
GLD,2026-09-23,392.8800048828125,2026-09-23,P,400.0,6.75,7.4,7.03,141.0,293.0,0.27246821289062495,True,2026-09-23 20:14:33+00:00,GLD260923P00400000
GLD,2026-09-23,392.8800048828125,2026-09-23,P,401.0,7.55,8.65,8.65,142.0,118.0,0.36035795898437495,True,2026-09-23 19:57:09+00:00,GLD260923P00401000
GLD,2026-09-23,392.8800048828125,2026-09-23,P,402.0,8.8,9.55,9.0,190.0,127.0,0.366217275390625,True,2026-09-23 19:42:57+00:00,GLD260923P00402000
GLD,2026-09-23,392.8800048828125,2026-09-23,P,403.0,9.55,10.3,10.2,236.0,56.0,0.317389638671875,True,2026-09-23 19:55:40+00:00,GLD260923P00403000
GLD,2026-09-23,392.8800048828125,2026-09-23,P,404.0,10.75,11.6,11.43,125.0,37.0,0.43457596679687505,True,2026-09-23 19:43:15+00:00,GLD260923P00404000
GLD,2026-09-23,392.8800048828125,2026-09-23,P,405.0,11.7,12.65,12.25,136.0,84.0,0.47461462890625,True,2026-09-23 20:00:06+00:00,GLD260923P00405000
GLD,2026-09-23,392.8800048828125,2026-09-23,P,406.0,12.55,13.6,13.23,115.0,8.0,0.48828636718750007,True,2026-09-23 20:00:06+00:00,GLD260923P00406000
GLD,2026-09-23,392.8800048828125,2026-09-23,P,407.0,13.5,14.7,13.97,164.0,3.0,0.5419967675781252,True,2026-09-23 19:35:21+00:00,GLD260923P00407000
GLD,2026-09-23,392.8800048828125,2026-09-23,P,408.0,14.75,15.6,14.97,201.0,5.0,0.5410202148437502,True,2026-09-23 19:35:21+00:00,GLD260923P00408000
GLD,2026-09-23,392.8800048828125,2026-09-23,P,409.0,15.7,16.7,15.95,183.0,1.0,0.5952188916015625,True,2026-09-23 18:57:02+00:00,GLD260923P00409000
GLD,2026-09-23,392.8800048828125,2026-09-23,P,410.0,16.75,17.55,17.15,268.0,13.0,0.57617611328125,True,2026-09-23 19:42:17+00:00,GLD260923P00410000
GLD,2026-09-23,392.8800048828125,2026-09-23,P,411.0,17.7,18.6,18.13,259.0,1.0,0.6171913281250001,True,2026-09-23 19:13:08+00:00,GLD260923P00411000
GLD,2026-09-23,392.8800048828125,2026-09-23,P,412.0,18.75,19.65,18.87,224.0,4.0,0.6577182666015625,True,2026-09-23 19:07:01+00:00,GLD260923P00412000
GLD,2026-09-23,392.8800048828125,2026-09-23,P,413.0,19.5,20.65,19.8,240.0,4.0,0.6826203613281252,True,2026-09-23 19:07:01+00:00,GLD260923P00413000
GLD,2026-09-23,392.8800048828125,2026-09-23,P,414.0,20.75,21.6,21.1,144.0,13.0,0.6904327832031252,True,2026-09-23 19:23:12+00:00,GLD260923P00414000
GLD,2026-09-23,392.8800048828125,2026-09-23,P,415.0,21.75,22.85,21.7,77.0,4.0,0.5839885351562499,True,2026-09-23 18:03:15+00:00,GLD260923P00415000
GLD,2026-09-23,392.8800048828125,2026-09-23,P,416.0,22.55,23.6,23.18,62.0,1.0,0.7382838671874999,True,2026-09-23 18:35:02+00:00,GLD260923P00416000
GLD,2026-09-23,392.8800048828125,2026-09-23,P,417.0,23.75,24.55,24.16,85.0,6.0,0.7436549072265625,True,2026-09-23 18:35:02+00:00,GLD260923P00417000
GLD,2026-09-23,392.8800048828125,2026-09-23,P,418.0,24.55,25.65,25.15,81.0,1.0,0.8037129003906249,True,2026-09-23 18:50:01+00:00,GLD260923P00418000
GLD,2026-09-23,392.8800048828125,2026-09-23,P,419.0,25.5,26.7,26.07,345.0,,0.8447281152343749,True,2026-09-23 18:50:01+00:00,GLD260923P00419000
GLD,2026-09-23,392.8800048828125,2026-09-23,P,421.0,27.45,28.65,28.01,108.0,0.0,0.8735364208984374,True,2026-09-23 18:54:54+00:00,GLD260923P00421000
GLD,2026-09-23,392.8800048828125,2026-09-23,P,422.0,28.55,29.65,28.84,119.0,0.0,0.8964854101562498,True,2026-09-23 17:59:52+00:00,GLD260923P00422000
GLD,2026-09-23,392.8800048828125,2026-09-23,P,423.0,29.55,30.65,29.89,170.0,,0.918946123046875,True,2026-09-23 19:32:07+00:00,GLD260923P00423000
GLD,2026-09-23,392.8800048828125,2026-09-23,P,424.0,30.55,31.7,30.89,187.0,0.0,0.500005,True,2026-09-23 19:32:07+00:00,GLD260923P00424000
GLD,2026-09-23,392.8800048828125,2026-09-23,P,425.0,31.45,32.85,31.89,166.0,0.0,0.6093789062500001,True,2026-09-23 18:56:04+00:00,GLD260923P00425000
GLD,2026-09-23,392.8800048828125,2026-09-23,P,426.0,32.45,33.7,32.95,275.0,,1.0058643457031249,True,2026-09-23 19:33:54+00:00,GLD260923P00426000
GLD,2026-09-23,392.8800048828125,2026-09-23,P,427.0,33.45,34.6,33.95,259.0,,0.9882813671875,True,2026-09-23 19:33:54+00:00,GLD260923P00427000
GLD,2026-09-23,392.8800048828125,2026-09-23,P,428.0,34.7,35.5,34.65,111.0,,0.963867548828125,True,2026-09-23 19:04:03+00:00,GLD260923P00428000
GLD,2026-09-23,392.8800048828125,2026-09-23,P,429.0,35.6,36.65,35.7,103.0,,0.5625043750000001,True,2026-09-23 19:10:04+00:00,GLD260923P00429000
GLD,2026-09-23,392.8800048828125,2026-09-23,P,430.0,36.55,37.75,36.62,139.0,,0.6914093359375001,True,2026-09-23 19:10:04+00:00,GLD260923P00430000
GLD,2026-09-23,392.8800048828125,2026-09-23,P,432.0,38.6,39.65,39.65,213.0,,0.6093789062500001,True,2026-09-23 17:17:25+00:00,GLD260923P00432000
GLD,2026-09-23,392.8800048828125,2026-09-23,P,433.0,39.75,40.7,40.18,195.0,2.0,0.8632826171875,True,2026-09-23 19:57:28+00:00,GLD260923P00433000
GLD,2026-09-23,392.8800048828125,2026-09-23,P,435.0,41.6,42.65,42.02,140.0,0.0,0.64062859375,True,2026-09-23 17:52:04+00:00,GLD260923P00435000
GLD,2026-09-23,392.8800048828125,2026-09-23,P,436.0,42.6,43.65,43.5,136.0,,0.6562534375000001,True,2026-09-23 17:43:40+00:00,GLD260923P00436000
GLD,2026-09-23,392.8800048828125,2026-09-23,P,437.0,43.55,44.65,43.85,95.0,,1.22266013671875,True,2026-09-23 18:30:08+00:00,GLD260923P00437000
GLD,2026-09-23,392.8800048828125,2026-09-23,P,438.0,44.5,45.65,44.97,108.0,,1.2431678466796874,True,2026-09-23 19:33:13+00:00,GLD260923P00438000
GLD,2026-09-23,392.8800048828125,2026-09-23,P,465.0,71.55,72.65,72.63,16.0,0.0,1.765626171875,True,2026-09-23 17:09:01+00:00,GLD260923P00465000
GLD,2026-09-23,392.8800048828125,2026-09-23,P,470.0,76.5,77.65,77.56,14.0,0.0,1.85546947265625,True,2026-09-23 17:09:01+00:00,GLD260923P00470000
GLD,2026-09-23,392.8800048828125,2026-09-23,P,475.0,81.55,82.65,82.08,3.0,,1.9433596582031252,True,2026-09-23 16:42:19+00:00,GLD260923P00475000
GLD,2026-09-23,392.8800048828125,2026-09-24,C,376.0,16.45,17.5,16.9,6.0,1.0,0.4621635815429688,True,2026-09-23 16:38:06+00:00,GLD260924C00376000
GLD,2026-09-23,392.8800048828125,2026-09-24,C,377.0,15.4,16.65,15.9,10.0,2.0,0.46924358886718753,True,2026-09-23 16:33:37+00:00,GLD260924C00377000
GLD,2026-09-23,392.8800048828125,2026-09-24,C,378.0,14.4,15.5,15.11,10.0,1.0,0.4206600903320313,True,2026-09-23 15:29:49+00:00,GLD260924C00378000
GLD,2026-09-23,392.8800048828125,2026-09-24,C,380.0,12.55,13.65,13.46,7.0,7.0,0.40381455566406255,True,2026-09-23 18:13:50+00:00,GLD260924C00380000
GLD,2026-09-23,392.8800048828125,2026-09-24,C,381.0,11.65,12.4,16.81,,1.0,0.3393620751953125,True,2026-09-22 16:50:07+00:00,GLD260924C00381000
GLD,2026-09-23,392.8800048828125,2026-09-24,C,384.0,8.75,9.45,8.78,25.0,2.0,0.28321029296874994,True,2026-09-23 17:27:20+00:00,GLD260924C00384000
GLD,2026-09-23,392.8800048828125,2026-09-24,C,385.0,7.75,8.45,7.81,31.0,2.0,0.26099371826171874,True,2026-09-23 19:41:23+00:00,GLD260924C00385000
GLD,2026-09-23,392.8800048828125,2026-09-24,C,386.0,6.9,7.55,7.07,11.0,1.0,0.25220474365234374,True,2026-09-23 19:48:43+00:00,GLD260924C00386000
GLD,2026-09-23,392.8800048828125,2026-09-24,C,387.0,5.95,6.55,6.17,43.0,1.0,0.2280350634765625,True,2026-09-23 19:48:43+00:00,GLD260924C00387000
GLD,2026-09-23,392.8800048828125,2026-09-24,C,388.0,5.05,5.7,5.24,38.0,1.0,0.2211991943359375,True,2026-09-23 20:02:33+00:00,GLD260924C00388000
GLD,2026-09-23,392.8800048828125,2026-09-24,C,389.0,4.25,4.7,4.25,51.0,7.0,0.19458813232421873,True,2026-09-23 19:34:55+00:00,GLD260924C00389000
GLD,2026-09-23,392.8800048828125,2026-09-24,C,390.0,3.45,3.9,3.7,145.0,39.0,0.1870198486328125,True,2026-09-23 19:41:23+00:00,GLD260924C00390000
GLD,2026-09-23,392.8800048828125,2026-09-24,C,391.0,2.79,3.1,3.15,73.0,16.0,0.174812939453125,True,2026-09-23 19:28:59+00:00,GLD260924C00391000
GLD,2026-09-23,392.8800048828125,2026-09-24,C,392.0,2.16,2.43,2.31,523.0,68.0,0.16895362304687503,True,2026-09-23 20:13:06+00:00,GLD260924C00392000
GLD,2026-09-23,392.8800048828125,2026-09-24,C,393.0,1.64,1.73,1.72,1857.0,48.0,0.15418326293945314,False,2026-09-23 20:14:05+00:00,GLD260924C00393000
GLD,2026-09-23,392.8800048828125,2026-09-24,C,394.0,1.2,1.25,1.26,783.0,20.0,0.15088739746093754,False,2026-09-23 20:14:56+00:00,GLD260924C00394000
GLD,2026-09-23,392.8800048828125,2026-09-24,C,395.0,0.87,0.94,0.88,1611.0,369.0,0.15528188476562502,False,2026-09-23 20:13:39+00:00,GLD260924C00395000
GLD,2026-09-23,392.8800048828125,2026-09-24,C,396.0,0.6,0.69,0.7,694.0,128.0,0.15845568115234376,False,2026-09-23 20:14:54+00:00,GLD260924C00396000
GLD,2026-09-23,392.8800048828125,2026-09-24,C,397.0,0.45,0.47,0.45,1023.0,101.0,0.15796740478515625,False,2026-09-23 20:14:42+00:00,GLD260924C00397000
GLD,2026-09-23,392.8800048828125,2026-09-24,C,398.0,0.28,0.33,0.33,707.0,243.0,0.1606529248046875,False,2026-09-23 20:12:52+00:00,GLD260924C00398000
GLD,2026-09-23,392.8800048828125,2026-09-24,C,399.0,0.21,0.24,0.23,365.0,122.0,0.16553568847656253,False,2026-09-23 20:10:28+00:00,GLD260924C00399000
GLD,2026-09-23,392.8800048828125,2026-09-24,C,400.0,0.15,0.16,0.16,1023.0,231.0,0.16700051757812504,False,2026-09-23 20:14:51+00:00,GLD260924C00400000
GLD,2026-09-23,392.8800048828125,2026-09-24,C,401.0,0.08,0.13,0.13,178.0,142.0,0.17627776855468752,False,2026-09-23 20:07:54+00:00,GLD260924C00401000
GLD,2026-09-23,392.8800048828125,2026-09-24,C,402.0,0.08,0.11,0.09,235.0,278.0,0.186531572265625,False,2026-09-23 20:07:57+00:00,GLD260924C00402000
GLD,2026-09-23,392.8800048828125,2026-09-24,C,403.0,0.05,0.09,0.09,218.0,114.0,0.195320546875,False,2026-09-23 20:07:14+00:00,GLD260924C00403000
GLD,2026-09-23,392.8800048828125,2026-09-24,C,404.0,0.04,0.09,0.05,233.0,422.0,0.20996883789062498,False,2026-09-23 20:08:11+00:00,GLD260924C00404000
GLD,2026-09-23,392.8800048828125,2026-09-24,C,405.0,0.02,0.08,0.08,215.0,304.0,0.22071091796874998,False,2026-09-23 20:11:35+00:00,GLD260924C00405000
GLD,2026-09-23,392.8800048828125,2026-09-24,C,406.0,0.02,0.06,0.04,108.0,368.0,0.22461712890624996,False,2026-09-23 19:59:13+00:00,GLD260924C00406000
GLD,2026-09-23,392.8800048828125,2026-09-24,C,407.0,0.01,0.06,0.04,91.0,365.0,0.23828886718749998,False,2026-09-23 17:14:34+00:00,GLD260924C00407000
GLD,2026-09-23,392.8800048828125,2026-09-24,C,408.0,0.01,0.06,0.03,76.0,110.0,0.25196060546875,False,2026-09-23 19:39:49+00:00,GLD260924C00408000
GLD,2026-09-23,392.8800048828125,2026-09-24,C,409.0,0.01,0.04,0.03,51.0,290.0,0.2500075,False,2026-09-23 19:21:39+00:00,GLD260924C00409000
GLD,2026-09-23,392.8800048828125,2026-09-24,C,410.0,0.0,0.02,0.03,118.0,798.0,0.242195078125,False,2026-09-23 19:52:45+00:00,GLD260924C00410000
GLD,2026-09-23,392.8800048828125,2026-09-24,C,411.0,0.0,0.02,0.02,18.0,38.0,0.25391371093750004,False,2026-09-23 20:13:55+00:00,GLD260924C00411000
GLD,2026-09-23,392.8800048828125,2026-09-24,C,412.0,0.0,0.02,0.01,16.0,60.0,0.26563234375,False,2026-09-23 18:36:52+00:00,GLD260924C00412000
GLD,2026-09-23,392.8800048828125,2026-09-24,C,413.0,0.0,0.03,0.02,56.0,77.0,0.2910227148437499,False,2026-09-23 20:02:02+00:00,GLD260924C00413000
GLD,2026-09-23,392.8800048828125,2026-09-24,C,414.0,0.0,0.05,0.05,2.0,92.0,0.3242255078124999,False,2026-09-23 13:31:43+00:00,GLD260924C00414000
GLD,2026-09-23,392.8800048828125,2026-09-24,C,415.0,0.01,0.02,0.01,60.0,172.0,0.3007882421875,False,2026-09-23 20:13:13+00:00,GLD260924C00415000
GLD,2026-09-23,392.8800048828125,2026-09-24,C,416.0,0.0,0.01,0.01,28.0,52.0,0.2890696093749999,False,2026-09-23 16:49:57+00:00,GLD260924C00416000
GLD,2026-09-23,392.8800048828125,2026-09-24,C,417.0,0.0,0.01,0.02,52.0,13.0,0.29688203124999996,False,2026-09-23 19:12:08+00:00,GLD260924C00417000
GLD,2026-09-23,392.8800048828125,2026-09-24,C,418.0,0.0,0.01,0.01,1200.0,352.0,0.31250687499999996,False,2026-09-23 15:36:10+00:00,GLD260924C00418000
GLD,2026-09-23,392.8800048828125,2026-09-24,C,419.0,0.0,0.01,0.02,1186.0,951.0,0.32031929687499994,False,2026-09-23 15:35:50+00:00,GLD260924C00419000
GLD,2026-09-23,392.8800048828125,2026-09-24,C,420.0,0.0,0.01,0.01,15.0,1869.0,0.3320379296875,False,2026-09-23 15:04:50+00:00,GLD260924C00420000
GLD,2026-09-23,392.8800048828125,2026-09-24,C,421.0,0.0,0.04,0.02,10.0,24.0,0.40039662109375,False,2026-09-23 16:57:52+00:00,GLD260924C00421000
GLD,2026-09-23,392.8800048828125,2026-09-24,C,422.0,0.0,0.03,0.05,1.0,17.0,0.398443515625,False,2026-09-23 15:02:33+00:00,GLD260924C00422000
GLD,2026-09-23,392.8800048828125,2026-09-24,C,423.0,0.0,0.03,0.06,2.0,17.0,0.4101621484375,False,2026-09-22 17:34:50+00:00,GLD260924C00423000
GLD,2026-09-23,392.8800048828125,2026-09-24,C,424.0,0.0,0.03,0.03,51.0,80.0,0.42188078125,False,2026-09-22 19:39:31+00:00,GLD260924C00424000
GLD,2026-09-23,392.8800048828125,2026-09-24,C,425.0,0.0,0.04,0.08,55.0,144.0,0.44727115234375,False,2026-09-22 19:39:39+00:00,GLD260924C00425000
GLD,2026-09-23,392.8800048828125,2026-09-24,C,426.0,0.0,0.04,0.04,7.0,17.0,0.45898978515625005,False,2026-09-22 17:35:39+00:00,GLD260924C00426000
GLD,2026-09-23,392.8800048828125,2026-09-24,C,427.0,0.0,0.04,0.03,54.0,53.0,0.47070841796875,False,2026-09-22 19:39:31+00:00,GLD260924C00427000
GLD,2026-09-23,392.8800048828125,2026-09-24,C,428.0,0.0,0.04,0.05,63.0,85.0,0.48242705078125003,False,2026-09-22 19:39:39+00:00,GLD260924C00428000
GLD,2026-09-23,392.8800048828125,2026-09-24,C,429.0,0.0,0.04,0.08,1.0,35.0,0.49414568359375005,False,2026-09-22 13:53:45+00:00,GLD260924C00429000
GLD,2026-09-23,392.8800048828125,2026-09-24,C,430.0,0.0,0.04,0.06,12.0,52.0,0.5039112109375,False,2026-09-22 16:43:36+00:00,GLD260924C00430000
GLD,2026-09-23,392.8800048828125,2026-09-24,C,431.0,0.0,0.15,0.02,3.0,4.0,0.5585981640625001,False,2026-09-22 16:43:36+00:00,GLD260924C00431000
GLD,2026-09-23,392.8800048828125,2026-09-24,C,432.0,0.0,0.15,0.04,2.0,9.0,0.5722699023437501,False,2026-09-22 14:41:07+00:00,GLD260924C00432000
GLD,2026-09-23,392.8800048828125,2026-09-24,C,433.0,0.0,0.15,0.02,4.0,602.0,0.5839885351562499,False,2026-09-22 16:56:07+00:00,GLD260924C00433000
GLD,2026-09-23,392.8800048828125,2026-09-24,C,434.0,0.0,0.09,0.02,98.0,3.0,0.5585981640625001,False,2026-09-23 18:26:58+00:00,GLD260924C00434000
GLD,2026-09-23,392.8800048828125,2026-09-24,C,435.0,0.0,0.01,0.01,98.0,11.0,0.48438015625,False,2026-09-23 18:26:58+00:00,GLD260924C00435000
GLD,2026-09-23,392.8800048828125,2026-09-24,C,436.0,,0.15,0.04,,3.0,0.6816438085937502,False,2026-09-22 14:39:38+00:00,GLD260924C00436000
GLD,2026-09-23,392.8800048828125,2026-09-24,C,437.0,0.0,0.15,0.03,4.0,3.0,0.63086306640625,False,2026-09-22 14:21:44+00:00,GLD260924C00437000
GLD,2026-09-23,392.8800048828125,2026-09-24,C,438.0,0.0,0.15,0.02,10.0,6.0,0.6425816992187501,False,2026-09-22 17:10:34+00:00,GLD260924C00438000
GLD,2026-09-23,392.8800048828125,2026-09-24,C,439.0,0.0,0.15,0.03,4.0,10.0,0.6543003320312502,False,2026-09-22 14:20:52+00:00,GLD260924C00439000
GLD,2026-09-23,392.8800048828125,2026-09-24,C,440.0,0.0,0.07,0.02,1.0,3.0,0.6054726953125001,False,2026-09-22 14:21:03+00:00,GLD260924C00440000
GLD,2026-09-23,392.8800048828125,2026-09-24,C,441.0,0.0,0.15,0.01,5.0,6.0,0.6757844921875001,False,2026-09-22 14:05:52+00:00,GLD260924C00441000
GLD,2026-09-23,392.8800048828125,2026-09-24,C,442.0,0.0,0.15,0.01,26.0,28.0,0.6875031250000001,False,2026-09-22 14:06:46+00:00,GLD260924C00442000
GLD,2026-09-23,392.8800048828125,2026-09-24,C,443.0,0.0,0.14,0.01,2.0,3.0,0.69336244140625,False,2026-09-22 14:04:04+00:00,GLD260924C00443000
GLD,2026-09-23,392.8800048828125,2026-09-24,C,445.0,0.0,0.15,0.08,1.0,5.0,0.7226590234375,False,2026-09-21 13:38:50+00:00,GLD260924C00445000
GLD,2026-09-23,392.8800048828125,2026-09-24,C,450.0,0.0,0.01,0.04,22.0,26.0,0.5937540625000001,False,2026-09-21 19:44:32+00:00,GLD260924C00450000
GLD,2026-09-23,392.8800048828125,2026-09-24,C,455.0,,0.14,0.07,,2.0,0.903321279296875,False,2026-09-21 13:39:13+00:00,GLD260924C00455000
GLD,2026-09-23,392.8800048828125,2026-09-24,C,460.0,0.0,0.14,0.07,,6.0,0.8789074609374999,False,2026-09-15 13:52:22+00:00,GLD260924C00460000
GLD,2026-09-23,392.8800048828125,2026-09-24,C,465.0,0.0,0.14,0.11,2.0,4.0,0.93164130859375,False,2026-09-18 14:21:27+00:00,GLD260924C00465000
GLD,2026-09-23,392.8800048828125,2026-09-24,C,470.0,0.0,0.02,0.13,,1.0,0.8125018749999999,False,2026-09-15 13:51:39+00:00,GLD260924C00470000
GLD,2026-09-23,392.8800048828125,2026-09-24,C,475.0,0.0,0.14,0.07,,4.0,1.0332079589843752,False,2026-09-16 19:59:03+00:00,GLD260924C00475000
GLD,2026-09-23,392.8800048828125,2026-09-24,C,480.0,0.0,0.14,0.06,1.0,5.0,1.08203583984375,False,2026-09-17 19:07:10+00:00,GLD260924C00480000
GLD,2026-09-23,392.8800048828125,2026-09-24,C,490.0,0.0,0.14,0.12,,2.0,1.1796916015624999,False,2026-09-16 14:02:32+00:00,GLD260924C00490000
GLD,2026-09-23,392.8800048828125,2026-09-24,C,495.0,0.0,0.14,0.08,,2.0,1.2265663671875,False,2026-09-16 19:47:51+00:00,GLD260924C00495000
GLD,2026-09-23,392.8800048828125,2026-09-24,C,500.0,,0.03,0.02,,1.0,1.1640666796875,False,2026-09-22 17:57:13+00:00,GLD260924C00500000
GLD,2026-09-23,392.8800048828125,2026-09-24,P,280.0,0.0,0.01,0.07,,1.0,1.40625296875,False,2026-09-11 16:37:09+00:00,GLD260924P00280000
GLD,2026-09-23,392.8800048828125,2026-09-24,P,285.0,0.0,0.11,0.04,1.0,1.0,1.6484392578125,False,2026-09-23 19:58:35+00:00,GLD260924P00285000
GLD,2026-09-23,392.8800048828125,2026-09-24,P,290.0,0.0,0.11,0.09,1.0,1.0,1.5703146484375,False,2026-09-23 19:58:35+00:00,GLD260924P00290000
GLD,2026-09-23,392.8800048828125,2026-09-24,P,300.0,0.0,0.11,0.02,6.0,7.0,1.41015919921875,False,2026-09-18 16:50:17+00:00,GLD260924P00300000
GLD,2026-09-23,392.8800048828125,2026-09-24,P,305.0,0.0,0.11,0.01,8.0,4.0,1.3320345898437496,False,2026-09-18 19:57:00+00:00,GLD260924P00305000
GLD,2026-09-23,392.8800048828125,2026-09-24,P,310.0,0.0,0.11,0.08,,3.0,1.25390998046875,False,2026-09-16 15:25:50+00:00,GLD260924P00310000
GLD,2026-09-23,392.8800048828125,2026-09-24,P,315.0,0.0,0.01,0.01,1.0,847.0,0.937500625,False,2026-09-23 16:06:51+00:00,GLD260924P00315000
GLD,2026-09-23,392.8800048828125,2026-09-24,P,325.0,0.0,0.15,0.05,,3.0,1.0644578027343752,False,2026-09-16 19:15:53+00:00,GLD260924P00325000
GLD,2026-09-23,392.8800048828125,2026-09-24,P,330.0,0.0,0.15,0.03,,5.0,0.9882813671875,False,2026-09-16 19:46:38+00:00,GLD260924P00330000
GLD,2026-09-23,392.8800048828125,2026-09-24,P,335.0,0.0,0.15,0.03,,2.0,0.91211025390625,False,2026-09-17 15:49:51+00:00,GLD260924P00335000
GLD,2026-09-23,392.8800048828125,2026-09-24,P,340.0,0.0,0.15,0.04,30.0,30.0,0.8359391406249999,False,2026-09-21 17:28:51+00:00,GLD260924P00340000
GLD,2026-09-23,392.8800048828125,2026-09-24,P,345.0,0.0,0.15,0.05,3.0,7.0,0.7617211328125001,False,2026-09-18 18:50:25+00:00,GLD260924P00345000
GLD,2026-09-23,392.8800048828125,2026-09-24,P,350.0,0.0,0.01,0.05,3.0,4.0,0.51562984375,False,2026-09-18 19:20:13+00:00,GLD260924P00350000
GLD,2026-09-23,392.8800048828125,2026-09-24,P,370.0,0.0,0.01,0.01,4.0,32.0,0.304694453125,False,2026-09-23 19:25:00+00:00,GLD260924P00370000
GLD,2026-09-23,392.8800048828125,2026-09-24,P,375.0,0.01,0.02,0.01,710.0,101.0,0.2617261328125,False,2026-09-23 20:07:09+00:00,GLD260924P00375000
GLD,2026-09-23,392.8800048828125,2026-09-24,P,376.0,0.01,0.02,0.01,286.0,14.0,0.2500075,False,2026-09-23 20:04:35+00:00,GLD260924P00376000
GLD,2026-09-23,392.8800048828125,2026-09-24,P,377.0,0.0,0.02,0.03,8.0,16.0,0.23438265625,False,2026-09-23 19:49:01+00:00,GLD260924P00377000
GLD,2026-09-23,392.8800048828125,2026-09-24,P,378.0,0.01,0.05,0.04,90.0,15.0,0.25196060546875,False,2026-09-23 18:10:52+00:00,GLD260924P00378000
GLD,2026-09-23,392.8800048828125,2026-09-24,P,379.0,0.01,0.06,0.03,26.0,51.0,0.24414818359375,False,2026-09-23 20:03:12+00:00,GLD260924P00379000
GLD,2026-09-23,392.8800048828125,2026-09-24,P,380.0,0.02,0.07,0.05,353.0,2766.0,0.23438265625,False,2026-09-23 19:57:05+00:00,GLD260924P00380000
GLD,2026-09-23,392.8800048828125,2026-09-24,P,381.0,0.02,0.09,0.06,41.0,6.0,0.22852333984375,False,2026-09-23 19:16:49+00:00,GLD260924P00381000
GLD,2026-09-23,392.8800048828125,2026-09-24,P,382.0,0.04,0.08,0.08,86.0,41.0,0.20801573242187496,False,2026-09-23 20:02:10+00:00,GLD260924P00382000
GLD,2026-09-23,392.8800048828125,2026-09-24,P,383.0,0.06,0.09,0.09,207.0,69.0,0.196297099609375,False,2026-09-23 20:06:11+00:00,GLD260924P00383000
GLD,2026-09-23,392.8800048828125,2026-09-24,P,384.0,0.09,0.11,0.11,351.0,739.0,0.186531572265625,False,2026-09-23 20:11:48+00:00,GLD260924P00384000
GLD,2026-09-23,392.8800048828125,2026-09-24,P,385.0,0.12,0.14,0.15,1354.0,2751.0,0.178719150390625,False,2026-09-23 20:13:52+00:00,GLD260924P00385000
GLD,2026-09-23,392.8800048828125,2026-09-24,P,386.0,0.14,0.19,0.18,336.0,607.0,0.17285983398437502,False,2026-09-23 20:12:39+00:00,GLD260924P00386000
GLD,2026-09-23,392.8800048828125,2026-09-24,P,387.0,0.2,0.27,0.26,427.0,82.0,0.16895362304687503,False,2026-09-23 20:04:51+00:00,GLD260924P00387000
GLD,2026-09-23,392.8800048828125,2026-09-24,P,388.0,0.29,0.37,0.39,1131.0,107.0,0.16358258300781253,False,2026-09-23 19:59:57+00:00,GLD260924P00388000
GLD,2026-09-23,392.8800048828125,2026-09-24,P,389.0,0.43,0.52,0.48,729.0,135.0,0.15992051025390625,False,2026-09-23 20:14:46+00:00,GLD260924P00389000
GLD,2026-09-23,392.8800048828125,2026-09-24,P,390.0,0.63,0.7,0.7,1507.0,4126.0,0.15406119384765626,False,2026-09-23 20:13:51+00:00,GLD260924P00390000
GLD,2026-09-23,392.8800048828125,2026-09-24,P,391.0,0.93,1.01,1.01,627.0,35.0,0.15515981567382814,False,2026-09-23 20:13:41+00:00,GLD260924P00391000
GLD,2026-09-23,392.8800048828125,2026-09-24,P,392.0,1.31,1.37,1.38,617.0,73.0,0.15320671020507814,False,2026-09-23 20:14:16+00:00,GLD260924P00392000
GLD,2026-09-23,392.8800048828125,2026-09-24,P,393.0,1.69,1.9,1.76,1126.0,213.0,0.15845568115234376,True,2026-09-23 20:14:33+00:00,GLD260924P00393000
GLD,2026-09-23,392.8800048828125,2026-09-24,P,394.0,2.2,2.46,2.45,1227.0,333.0,0.15894395751953128,True,2026-09-23 19:58:51+00:00,GLD260924P00394000
GLD,2026-09-23,392.8800048828125,2026-09-24,P,395.0,2.69,3.15,3.11,66.0,234.0,0.1638267211914063,True,2026-09-23 19:23:37+00:00,GLD260924P00395000
GLD,2026-09-23,392.8800048828125,2026-09-24,P,396.0,3.45,3.85,3.87,163.0,331.0,0.16272809936523439,True,2026-09-23 19:45:04+00:00,GLD260924P00396000
GLD,2026-09-23,392.8800048828125,2026-09-24,P,397.0,4.25,4.7,4.74,225.0,525.0,0.17163914306640626,True,2026-09-23 19:46:00+00:00,GLD260924P00397000
GLD,2026-09-23,392.8800048828125,2026-09-24,P,398.0,5.05,5.55,5.5,61.0,211.0,0.1753012158203125,True,2026-09-23 19:56:42+00:00,GLD260924P00398000
GLD,2026-09-23,392.8800048828125,2026-09-24,P,399.0,5.95,6.45,5.95,7.0,144.0,0.18164880859375,True,2026-09-23 20:05:39+00:00,GLD260924P00399000
GLD,2026-09-23,392.8800048828125,2026-09-24,P,400.0,6.85,7.55,7.2,114.0,383.0,0.21826953613281247,True,2026-09-23 19:50:47+00:00,GLD260924P00400000
GLD,2026-09-23,392.8800048828125,2026-09-24,P,401.0,7.85,8.65,8.4,19.0,195.0,0.25489026367187506,True,2026-09-23 19:42:49+00:00,GLD260924P00401000
GLD,2026-09-23,392.8800048828125,2026-09-24,P,402.0,8.75,9.6,9.15,15.0,62.0,0.26758544921875,True,2026-09-23 19:52:57+00:00,GLD260924P00402000
GLD,2026-09-23,392.8800048828125,2026-09-24,P,403.0,9.75,10.6,10.45,8.0,44.0,0.2876047802734374,True,2026-09-23 19:44:42+00:00,GLD260924P00403000
GLD,2026-09-23,392.8800048828125,2026-09-24,P,404.0,10.45,11.7,11.32,8.0,135.0,0.3244696459960937,True,2026-09-23 14:17:23+00:00,GLD260924P00404000
GLD,2026-09-23,392.8800048828125,2026-09-24,P,405.0,11.75,12.6,12.27,64.0,316.0,0.32642275146484373,True,2026-09-23 19:56:17+00:00,GLD260924P00405000
GLD,2026-09-23,392.8800048828125,2026-09-24,P,406.0,12.6,13.65,13.64,1.0,19.0,0.3549869189453124,True,2026-09-23 15:52:50+00:00,GLD260924P00406000
GLD,2026-09-23,392.8800048828125,2026-09-24,P,407.0,13.45,14.65,13.52,3.0,3.0,0.37402969726562496,True,2026-09-23 15:23:55+00:00,GLD260924P00407000
GLD,2026-09-23,392.8800048828125,2026-09-24,P,408.0,14.4,15.7,15.34,2.0,12.0,0.4023497265625,True,2026-09-23 15:38:11+00:00,GLD260924P00408000
GLD,2026-09-23,392.8800048828125,2026-09-24,P,409.0,15.45,16.7,14.5,4.0,6.0,0.42090422851562503,True,2026-09-23 13:38:14+00:00,GLD260924P00409000
GLD,2026-09-23,392.8800048828125,2026-09-24,P,410.0,16.5,17.7,17.2,6.0,15.0,0.43945873046875,True,2026-09-23 16:49:34+00:00,GLD260924P00410000
GLD,2026-09-23,392.8800048828125,2026-09-24,P,411.0,17.45,18.65,18.2,5.0,2.0,0.44727115234375,True,2026-09-23 16:49:34+00:00,GLD260924P00411000
GLD,2026-09-23,392.8800048828125,2026-09-24,P,412.0,18.5,19.8,19.17,4.0,11.0,0.4958546508789063,True,2026-09-23 16:33:54+00:00,GLD260924P00412000
GLD,2026-09-23,392.8800048828125,2026-09-24,P,413.0,19.55,20.7,20.38,4.0,1.0,0.4936574072265626,True,2026-09-23 15:45:16+00:00,GLD260924P00413000
GLD,2026-09-23,392.8800048828125,2026-09-24,P,414.0,20.45,22.15,21.08,16.0,1.0,0.596683720703125,True,2026-09-23 19:23:12+00:00,GLD260924P00414000
GLD,2026-09-23,392.8800048828125,2026-09-24,P,415.0,21.45,22.7,22.26,6.0,1.0,0.5288133056640626,True,2026-09-23 16:49:54+00:00,GLD260924P00415000
GLD,2026-09-23,392.8800048828125,2026-09-24,P,416.0,22.7,23.7,23.18,8.0,2.0,0.5459029785156251,True,2026-09-23 16:33:46+00:00,GLD260924P00416000
GLD,2026-09-23,392.8800048828125,2026-09-24,P,417.0,23.55,24.7,24.11,17.0,3.0,0.5634809277343751,True,2026-09-23 20:06:29+00:00,GLD260924P00417000
GLD,2026-09-23,392.8800048828125,2026-09-24,P,418.0,24.45,25.65,25.09,8.0,3.0,0.56836369140625,True,2026-09-23 20:06:29+00:00,GLD260924P00418000
GLD,2026-09-23,392.8800048828125,2026-09-24,P,419.0,25.25,26.75,22.06,2.0,9.0,0.6088906298828126,True,2026-09-22 14:23:37+00:00,GLD260924P00419000
GLD,2026-09-23,392.8800048828125,2026-09-24,P,420.0,26.45,27.65,23.05,,1.0,0.6010782080078126,True,2026-09-22 14:23:37+00:00,GLD260924P00420000
GLD,2026-09-23,392.8800048828125,2026-09-24,P,421.0,27.45,28.65,23.41,,,0.6176796044921876,True,2026-09-22 16:50:13+00:00,GLD260924P00421000
GLD,2026-09-23,392.8800048828125,2026-09-24,P,422.0,28.7,29.65,24.41,,1.0,0.6337927246093751,True,2026-09-22 16:50:13+00:00,GLD260924P00422000
GLD,2026-09-23,392.8800048828125,2026-09-24,P,423.0,29.75,30.65,30.2,4.0,0.0,0.6499058447265625,True,2026-09-23 19:38:33+00:00,GLD260924P00423000
GLD,2026-09-23,392.8800048828125,2026-09-24,P,445.0,51.55,52.65,47.8,,,0.9794923925781251,True,2026-09-22 14:39:11+00:00,GLD260924P00445000
GLD,2026-09-23,392.8800048828125,2026-09-24,P,460.0,66.6,67.7,58.06,10.0,0.0,0.8007832421875,True,2026-09-18 19:47:49+00:00,GLD260924P00460000
GLD,2026-09-23,392.8800048828125,2026-09-24,P,465.0,71.6,72.65,63.08,5.0,0.0,0.7187528125,True,2026-09-18 19:47:49+00:00,GLD260924P00465000
GLD,2026-09-23,392.8800048828125,2026-09-25,C,215.0,177.4,178.95,183.38,1.0,1.0,2.9140652148437503,True,2026-09-21 19:27:37+00:00,GLD260925C00215000
GLD,2026-09-23,392.8800048828125,2026-09-25,C,220.0,172.4,173.95,172.79,1.0,1.0,2.81250296875,True,2026-09-23 17:37:30+00:00,GLD260925C00220000
GLD,2026-09-23,392.8800048828125,2026-09-25,C,225.0,167.4,169.3,167.83,1.0,1.0,2.895510573730469,True,2026-09-23 17:37:30+00:00,GLD260925C00225000
GLD,2026-09-23,392.8800048828125,2026-09-25,C,230.0,162.4,164.0,178.11,2.0,1.0,2.646487758789063,True,2026-09-04 15:16:30+00:00,GLD260925C00230000
GLD,2026-09-23,392.8800048828125,2026-09-25,C,250.0,142.4,143.4,147.2,1.0,4.0,1.671876640625,True,2026-09-16 18:21:14+00:00,GLD260925C00250000
GLD,2026-09-23,392.8800048828125,2026-09-25,C,265.0,127.4,129.0,143.14,2.0,1.0,2.009770600585937,True,2026-09-04 15:17:27+00:00,GLD260925C00265000
GLD,2026-09-23,392.8800048828125,2026-09-25,C,270.0,121.8,124.05,138.18,2.0,1.0,1.5234398828124998,True,2026-09-04 15:17:27+00:00,GLD260925C00270000
GLD,2026-09-23,392.8800048828125,2026-09-25,C,280.0,112.4,114.0,120.55,,1.0,1.759766826171875,True,2026-09-10 16:31:49+00:00,GLD260925C00280000
GLD,2026-09-23,392.8800048828125,2026-09-25,C,290.0,102.4,104.0,110.27,1.0,2.0,1.5976582617187498,True,2026-09-17 17:14:57+00:00,GLD260925C00290000
GLD,2026-09-23,392.8800048828125,2026-09-25,C,295.0,96.8,99.05,102.45,,1.0,1.1875040625,True,2026-09-10 19:26:02+00:00,GLD260925C00295000
GLD,2026-09-23,392.8800048828125,2026-09-25,C,300.0,0.0,0.0,122.57,2.0,0.0,1.0000000000000003e-05,True,2026-08-21 14:13:11+00:00,GLD260925C00300000
GLD,2026-09-23,392.8800048828125,2026-09-25,C,305.0,86.35,89.65,103.25,2.0,0.0,1.19141029296875,True,2026-09-04 15:18:25+00:00,GLD260925C00305000
GLD,2026-09-23,392.8800048828125,2026-09-25,C,310.0,82.4,84.0,98.29,2.0,0.0,1.2880894970703123,True,2026-09-04 15:18:25+00:00,GLD260925C00310000
GLD,2026-09-23,392.8800048828125,2026-09-25,C,315.0,77.4,79.6,85.35,,7.0,1.3554719726562499,True,2026-09-10 16:45:32+00:00,GLD260925C00315000
GLD,2026-09-23,392.8800048828125,2026-09-25,C,330.0,62.4,64.0,69.77,1.0,12.0,0.99023447265625,True,2026-09-10 18:07:40+00:00,GLD260925C00330000
GLD,2026-09-23,392.8800048828125,2026-09-25,C,335.0,57.45,59.05,65.2,14.0,25.0,0.940430283203125,True,2026-09-18 16:15:49+00:00,GLD260925C00335000
GLD,2026-09-23,392.8800048828125,2026-09-25,C,340.0,52.4,54.0,60.59,2.0,1.0,0.8447281152343749,True,2026-09-10 15:18:42+00:00,GLD260925C00340000
GLD,2026-09-23,392.8800048828125,2026-09-25,C,345.0,47.5,48.65,53.8,4.0,9.0,0.711916943359375,True,2026-09-10 18:54:55+00:00,GLD260925C00345000
GLD,2026-09-23,392.8800048828125,2026-09-25,C,346.0,46.45,48.05,53.08,1.0,10.0,0.778322529296875,True,2026-09-18 15:13:04+00:00,GLD260925C00346000
GLD,2026-09-23,392.8800048828125,2026-09-25,C,347.0,45.45,47.05,52.4,5.0,24.0,0.76367423828125,True,2026-09-22 19:00:53+00:00,GLD260925C00347000
GLD,2026-09-23,392.8800048828125,2026-09-25,C,348.0,44.45,46.05,51.46,5.0,7.0,0.7485376708984376,True,2026-09-22 19:00:53+00:00,GLD260925C00348000
GLD,2026-09-23,392.8800048828125,2026-09-25,C,349.0,43.45,45.05,51.95,33.0,14.0,0.7338893798828124,True,2026-09-17 16:05:46+00:00,GLD260925C00349000
GLD,2026-09-23,392.8800048828125,2026-09-25,C,350.0,42.55,43.5,43.02,6.0,21.0,0.6152382226562501,True,2026-09-23 16:55:41+00:00,GLD260925C00350000
GLD,2026-09-23,392.8800048828125,2026-09-25,C,351.0,41.45,43.05,43.83,26.0,18.0,0.7045927978515626,True,2026-09-15 19:51:51+00:00,GLD260925C00351000
GLD,2026-09-23,392.8800048828125,2026-09-25,C,352.0,39.45,42.1,47.34,1.0,29.0,0.8945323046874999,True,2026-09-18 15:15:47+00:00,GLD260925C00352000
GLD,2026-09-23,392.8800048828125,2026-09-25,C,353.0,39.45,41.05,46.55,1.0,11.0,0.6748079394531252,True,2026-09-18 15:23:57+00:00,GLD260925C00353000
GLD,2026-09-23,392.8800048828125,2026-09-25,C,354.0,38.45,40.1,45.52,1.0,21.0,0.6689486230468751,True,2026-09-18 15:20:07+00:00,GLD260925C00354000
GLD,2026-09-23,392.8800048828125,2026-09-25,C,355.0,37.55,38.75,45.95,10.0,27.0,0.6093789062500001,True,2026-09-17 16:01:22+00:00,GLD260925C00355000
GLD,2026-09-23,392.8800048828125,2026-09-25,C,356.0,36.55,37.7,44.57,35.0,18.0,0.584965087890625,True,2026-09-17 15:56:51+00:00,GLD260925C00356000
GLD,2026-09-23,392.8800048828125,2026-09-25,C,357.0,35.2,37.55,42.58,1.0,15.0,0.6533237792968751,True,2026-09-17 15:22:43+00:00,GLD260925C00357000
GLD,2026-09-23,392.8800048828125,2026-09-25,C,358.0,34.45,36.05,42.98,14.0,12.0,0.6015664843750002,True,2026-09-17 16:05:46+00:00,GLD260925C00358000
GLD,2026-09-23,392.8800048828125,2026-09-25,C,359.0,33.45,35.05,43.09,23.0,20.0,0.586918193359375,True,2026-09-18 19:30:22+00:00,GLD260925C00359000
GLD,2026-09-23,392.8800048828125,2026-09-25,C,360.0,32.55,33.7,37.1,1.0,31.0,0.5293015820312501,True,2026-09-22 15:45:06+00:00,GLD260925C00360000
GLD,2026-09-23,392.8800048828125,2026-09-25,C,361.0,30.35,33.05,41.3,1.0,20.0,0.7270535107421875,True,2026-09-18 19:29:59+00:00,GLD260925C00361000
GLD,2026-09-23,392.8800048828125,2026-09-25,C,362.0,30.45,32.0,30.13,11.0,24.0,0.5351608984375,True,2026-09-16 19:46:49+00:00,GLD260925C00362000
GLD,2026-09-23,392.8800048828125,2026-09-25,C,363.0,29.45,31.05,37.47,14.0,25.0,0.5278367529296876,True,2026-09-17 15:51:23+00:00,GLD260925C00363000
GLD,2026-09-23,392.8800048828125,2026-09-25,C,364.0,28.45,30.05,35.33,22.0,19.0,0.5127001855468749,True,2026-09-17 18:51:10+00:00,GLD260925C00364000
GLD,2026-09-23,392.8800048828125,2026-09-25,C,365.0,27.55,28.7,28.12,3.0,74.0,0.5969278588867188,True,2026-09-23 13:53:06+00:00,GLD260925C00365000
GLD,2026-09-23,392.8800048828125,2026-09-25,C,366.0,26.65,27.5,27.15,2.0,36.0,0.5415084912109377,True,2026-09-22 13:52:21+00:00,GLD260925C00366000
GLD,2026-09-23,392.8800048828125,2026-09-25,C,367.0,25.55,26.7,32.33,3.0,82.0,0.5632367895507813,True,2026-09-18 14:44:54+00:00,GLD260925C00367000
GLD,2026-09-23,392.8800048828125,2026-09-25,C,368.0,24.55,25.7,25.74,2.0,15.0,0.5463912548828126,True,2026-09-23 15:13:23+00:00,GLD260925C00368000
GLD,2026-09-23,392.8800048828125,2026-09-25,C,369.0,23.55,24.7,23.75,5.0,34.0,0.5293015820312501,True,2026-09-23 15:50:54+00:00,GLD260925C00369000
GLD,2026-09-23,392.8800048828125,2026-09-25,C,370.0,22.5,23.7,23.3,14.0,57.0,0.5122119091796875,True,2026-09-23 17:48:59+00:00,GLD260925C00370000
GLD,2026-09-23,392.8800048828125,2026-09-25,C,371.0,21.55,22.7,22.11,2.0,35.0,0.495122236328125,True,2026-09-23 16:38:42+00:00,GLD260925C00371000
GLD,2026-09-23,392.8800048828125,2026-09-25,C,372.0,20.6,21.7,21.02,2.0,75.0,0.47803256347656253,True,2026-09-23 16:49:50+00:00,GLD260925C00372000
GLD,2026-09-23,392.8800048828125,2026-09-25,C,373.0,19.5,20.6,20.02,6.0,86.0,0.4445856323242187,True,2026-09-23 16:49:50+00:00,GLD260925C00373000
GLD,2026-09-23,392.8800048828125,2026-09-25,C,374.0,18.55,19.75,18.95,7.0,20.0,0.4506890869140625,True,2026-09-23 15:36:48+00:00,GLD260925C00374000
GLD,2026-09-23,392.8800048828125,2026-09-25,C,375.0,17.7,18.8,18.16,5.0,61.0,0.44043528320312497,True,2026-09-23 16:39:40+00:00,GLD260925C00375000
GLD,2026-09-23,392.8800048828125,2026-09-25,C,376.0,16.8,17.8,17.18,16.0,20.0,0.42236905761718746,True,2026-09-23 19:27:19+00:00,GLD260925C00376000
GLD,2026-09-23,392.8800048828125,2026-09-25,C,377.0,15.85,16.8,16.07,2.0,37.0,0.40430283203125,True,2026-09-23 15:30:41+00:00,GLD260925C00377000
GLD,2026-09-23,392.8800048828125,2026-09-25,C,378.0,14.85,15.8,20.01,1.0,24.0,0.3859924682617187,True,2026-09-22 16:51:34+00:00,GLD260925C00378000
GLD,2026-09-23,392.8800048828125,2026-09-25,C,379.0,13.85,14.85,14.22,1.0,26.0,0.37402969726562496,True,2026-09-23 13:50:04+00:00,GLD260925C00379000
GLD,2026-09-23,392.8800048828125,2026-09-25,C,380.0,12.9,13.55,13.0,1.0,41.0,0.3161689477539062,True,2026-09-23 15:48:14+00:00,GLD260925C00380000
GLD,2026-09-23,392.8800048828125,2026-09-25,C,381.0,11.95,12.6,11.72,3.0,18.0,0.3051827294921875,True,2026-09-23 17:02:42+00:00,GLD260925C00381000
GLD,2026-09-23,392.8800048828125,2026-09-25,C,382.0,10.95,11.6,11.0,3.0,29.0,0.2868723657226562,True,2026-09-23 17:02:06+00:00,GLD260925C00382000
GLD,2026-09-23,392.8800048828125,2026-09-25,C,383.0,10.05,10.65,9.81,3.0,174.0,0.27466545654296876,True,2026-09-23 17:02:06+00:00,GLD260925C00383000
GLD,2026-09-23,392.8800048828125,2026-09-25,C,384.0,9.1,9.7,9.1,22.0,80.0,0.26148199462890626,True,2026-09-23 17:02:06+00:00,GLD260925C00384000
GLD,2026-09-23,392.8800048828125,2026-09-25,C,385.0,8.15,8.75,8.1,13.0,433.0,0.24732197998046873,True,2026-09-23 17:02:06+00:00,GLD260925C00385000
GLD,2026-09-23,392.8800048828125,2026-09-25,C,386.0,7.35,7.85,7.65,53.0,51.0,0.23731231445312498,True,2026-09-23 18:49:47+00:00,GLD260925C00386000
GLD,2026-09-23,392.8800048828125,2026-09-25,C,387.0,6.45,6.95,6.36,15.0,50.0,0.225593681640625,True,2026-09-23 17:02:06+00:00,GLD260925C00387000
GLD,2026-09-23,392.8800048828125,2026-09-25,C,388.0,5.6,6.1,5.5,6.0,78.0,0.21680470703125,True,2026-09-23 17:21:38+00:00,GLD260925C00388000
GLD,2026-09-23,392.8800048828125,2026-09-25,C,389.0,4.85,5.3,5.12,6.0,115.0,0.20972469970703123,True,2026-09-23 19:51:14+00:00,GLD260925C00389000
GLD,2026-09-23,392.8800048828125,2026-09-25,C,390.0,4.1,4.55,4.13,523.0,1371.0,0.20374331420898437,True,2026-09-23 19:41:19+00:00,GLD260925C00390000
GLD,2026-09-23,392.8800048828125,2026-09-25,C,391.0,3.4,3.85,3.62,68.0,126.0,0.198250205078125,True,2026-09-23 19:22:36+00:00,GLD260925C00391000
GLD,2026-09-23,392.8800048828125,2026-09-25,C,392.0,2.94,3.15,3.0,323.0,69.0,0.18933916137695314,True,2026-09-23 20:02:36+00:00,GLD260925C00392000
GLD,2026-09-23,392.8800048828125,2026-09-25,C,393.0,2.41,2.61,2.53,1152.0,105.0,0.1878743322753906,False,2026-09-23 20:07:09+00:00,GLD260925C00393000
GLD,2026-09-23,392.8800048828125,2026-09-25,C,394.0,1.95,2.12,2.02,625.0,70.0,0.18567708862304685,False,2026-09-23 20:14:40+00:00,GLD260925C00394000
GLD,2026-09-23,392.8800048828125,2026-09-25,C,395.0,1.56,1.63,1.63,1216.0,1069.0,0.1790853576660156,False,2026-09-23 20:14:46+00:00,GLD260925C00395000
GLD,2026-09-23,392.8800048828125,2026-09-25,C,396.0,1.23,1.32,1.28,484.0,136.0,0.18128260131835935,False,2026-09-23 20:14:55+00:00,GLD260925C00396000
GLD,2026-09-23,392.8800048828125,2026-09-25,C,397.0,0.94,1.06,1.07,1843.0,400.0,0.1834798449707031,False,2026-09-23 20:14:39+00:00,GLD260925C00397000
GLD,2026-09-23,392.8800048828125,2026-09-25,C,398.0,0.73,0.84,0.87,445.0,282.0,0.18531088134765622,False,2026-09-23 20:08:25+00:00,GLD260925C00398000
GLD,2026-09-23,392.8800048828125,2026-09-25,C,399.0,0.56,0.65,0.68,302.0,267.0,0.1860432958984375,False,2026-09-23 20:11:50+00:00,GLD260925C00399000
GLD,2026-09-23,392.8800048828125,2026-09-25,C,400.0,0.44,0.48,0.48,3237.0,3545.0,0.18457846679687498,False,2026-09-23 20:14:38+00:00,GLD260925C00400000
GLD,2026-09-23,392.8800048828125,2026-09-25,C,401.0,0.32,0.4,0.37,224.0,490.0,0.1909260595703125,False,2026-09-23 20:14:13+00:00,GLD260925C00401000
GLD,2026-09-23,392.8800048828125,2026-09-25,C,402.0,0.25,0.32,0.3,386.0,709.0,0.1948322705078125,False,2026-09-23 20:11:21+00:00,GLD260925C00402000
GLD,2026-09-23,392.8800048828125,2026-09-25,C,403.0,0.21,0.28,0.24,137.0,690.0,0.20313296874999998,False,2026-09-23 19:50:45+00:00,GLD260925C00403000
GLD,2026-09-23,392.8800048828125,2026-09-25,C,404.0,0.17,0.23,0.19,138.0,629.0,0.20801573242187496,False,2026-09-23 19:13:11+00:00,GLD260925C00404000
GLD,2026-09-23,392.8800048828125,2026-09-25,C,405.0,0.15,0.17,0.16,693.0,3344.0,0.20801573242187496,False,2026-09-23 20:14:44+00:00,GLD260925C00405000
GLD,2026-09-23,392.8800048828125,2026-09-25,C,406.0,0.1,0.14,0.14,152.0,324.0,0.21289849609375,False,2026-09-23 20:05:52+00:00,GLD260925C00406000
GLD,2026-09-23,392.8800048828125,2026-09-25,C,407.0,0.09,0.12,0.12,197.0,729.0,0.2192460888671875,False,2026-09-23 19:58:02+00:00,GLD260925C00407000
GLD,2026-09-23,392.8800048828125,2026-09-25,C,408.0,0.07,0.11,0.1,157.0,973.0,0.22754678710937498,False,2026-09-23 19:58:25+00:00,GLD260925C00408000
GLD,2026-09-23,392.8800048828125,2026-09-25,C,409.0,0.06,0.09,0.09,853.0,1078.0,0.231452998046875,False,2026-09-23 19:58:35+00:00,GLD260925C00409000
GLD,2026-09-23,392.8800048828125,2026-09-25,C,410.0,0.06,0.08,0.07,1224.0,3651.0,0.23926541992187497,False,2026-09-23 20:07:24+00:00,GLD260925C00410000
GLD,2026-09-23,392.8800048828125,2026-09-25,C,411.0,0.05,0.07,0.07,103.0,1707.0,0.245124736328125,False,2026-09-23 20:13:09+00:00,GLD260925C00411000
GLD,2026-09-23,392.8800048828125,2026-09-25,C,412.0,0.04,0.07,0.05,89.0,592.0,0.25586681640625003,False,2026-09-23 20:11:21+00:00,GLD260925C00412000
GLD,2026-09-23,392.8800048828125,2026-09-25,C,413.0,0.04,0.06,0.06,76.0,480.0,0.260749580078125,False,2026-09-23 19:58:44+00:00,GLD260925C00413000
GLD,2026-09-23,392.8800048828125,2026-09-25,C,414.0,0.04,0.05,0.05,41.0,5183.0,0.264655791015625,False,2026-09-23 19:58:43+00:00,GLD260925C00414000
GLD,2026-09-23,392.8800048828125,2026-09-25,C,415.0,0.04,0.05,0.05,306.0,3046.0,0.27539787109374997,False,2026-09-23 19:59:20+00:00,GLD260925C00415000
GLD,2026-09-23,392.8800048828125,2026-09-25,C,416.0,0.02,0.05,0.05,22.0,354.0,0.28516339843749994,False,2026-09-23 19:58:44+00:00,GLD260925C00416000
GLD,2026-09-23,392.8800048828125,2026-09-25,C,417.0,0.03,0.05,0.05,46.0,786.0,0.295905478515625,False,2026-09-23 19:58:45+00:00,GLD260925C00417000
GLD,2026-09-23,392.8800048828125,2026-09-25,C,418.0,0.03,0.05,0.05,21.0,2134.0,0.30664755859375,False,2026-09-23 19:58:44+00:00,GLD260925C00418000
GLD,2026-09-23,392.8800048828125,2026-09-25,C,419.0,0.02,0.05,0.04,13.0,310.0,0.31641308593749995,False,2026-09-23 19:58:37+00:00,GLD260925C00419000
GLD,2026-09-23,392.8800048828125,2026-09-25,C,420.0,0.02,0.04,0.04,369.0,3905.0,0.31641308593749995,False,2026-09-23 19:58:43+00:00,GLD260925C00420000
GLD,2026-09-23,392.8800048828125,2026-09-25,C,421.0,0.02,0.04,0.04,31.0,603.0,0.32617861328125,False,2026-09-23 19:58:44+00:00,GLD260925C00421000
GLD,2026-09-23,392.8800048828125,2026-09-25,C,422.0,0.02,0.04,0.04,11.0,174.0,0.335944140625,False,2026-09-23 19:58:44+00:00,GLD260925C00422000
GLD,2026-09-23,392.8800048828125,2026-09-25,C,423.0,0.02,0.04,0.04,114.0,330.0,0.34570966796874997,False,2026-09-23 19:58:45+00:00,GLD260925C00423000
GLD,2026-09-23,392.8800048828125,2026-09-25,C,424.0,0.02,0.03,0.04,10.0,578.0,0.3437565625,False,2026-09-23 19:58:36+00:00,GLD260925C00424000
GLD,2026-09-23,392.8800048828125,2026-09-25,C,425.0,0.02,0.03,0.03,99.0,3996.0,0.35156898437499995,False,2026-09-23 19:58:43+00:00,GLD260925C00425000
GLD,2026-09-23,392.8800048828125,2026-09-25,C,426.0,0.0,0.05,0.03,22.0,2373.0,0.38477177734374995,False,2026-09-23 19:58:37+00:00,GLD260925C00426000
GLD,2026-09-23,392.8800048828125,2026-09-25,C,427.0,0.0,0.05,0.03,9.0,266.0,0.39453730468750003,False,2026-09-23 19:58:44+00:00,GLD260925C00427000
GLD,2026-09-23,392.8800048828125,2026-09-25,C,428.0,0.0,0.03,0.03,9.0,305.0,0.38086556640624997,False,2026-09-23 19:58:37+00:00,GLD260925C00428000
GLD,2026-09-23,392.8800048828125,2026-09-25,C,429.0,0.0,0.05,0.03,9.0,213.0,0.414068359375,False,2026-09-23 19:58:37+00:00,GLD260925C00429000
GLD,2026-09-23,392.8800048828125,2026-09-25,C,430.0,0.0,0.03,0.03,30.0,1349.0,0.398443515625,False,2026-09-23 19:58:44+00:00,GLD260925C00430000
GLD,2026-09-23,392.8800048828125,2026-09-25,C,431.0,0.0,0.03,0.03,40.0,269.0,0.4062559375,False,2026-09-23 19:58:45+00:00,GLD260925C00431000
GLD,2026-09-23,392.8800048828125,2026-09-25,C,432.0,0.0,0.03,0.03,9.0,469.0,0.41797457031249996,False,2026-09-23 19:58:37+00:00,GLD260925C00432000
GLD,2026-09-23,392.8800048828125,2026-09-25,C,433.0,0.0,0.03,0.03,9.0,2027.0,0.42578699218750005,False,2026-09-23 19:58:37+00:00,GLD260925C00433000
GLD,2026-09-23,392.8800048828125,2026-09-25,C,434.0,0.0,0.03,0.03,11.0,221.0,0.4335994140625,False,2026-09-23 19:58:37+00:00,GLD260925C00434000
GLD,2026-09-23,392.8800048828125,2026-09-25,C,435.0,0.01,0.03,0.03,43.0,4904.0,0.44336494140625,False,2026-09-23 19:58:37+00:00,GLD260925C00435000
GLD,2026-09-23,392.8800048828125,2026-09-25,C,440.0,0.0,0.01,0.01,317.0,2517.0,0.437505625,False,2026-09-23 19:58:31+00:00,GLD260925C00440000
GLD,2026-09-23,392.8800048828125,2026-09-25,C,445.0,0.0,0.01,0.01,69.0,580.0,0.476567734375,False,2026-09-23 19:58:31+00:00,GLD260925C00445000
GLD,2026-09-23,392.8800048828125,2026-09-25,C,450.0,0.0,0.01,0.01,7.0,905.0,0.51562984375,False,2026-09-22 18:16:15+00:00,GLD260925C00450000
GLD,2026-09-23,392.8800048828125,2026-09-25,C,455.0,0.0,0.01,0.01,2.0,1288.0,0.51562984375,False,2026-09-23 19:58:22+00:00,GLD260925C00455000
GLD,2026-09-23,392.8800048828125,2026-09-25,C,460.0,0.0,0.01,0.01,13.0,12282.0,0.5625043750000001,False,2026-09-23 16:50:24+00:00,GLD260925C00460000
GLD,2026-09-23,392.8800048828125,2026-09-25,C,465.0,0.0,0.14,0.01,3.0,590.0,0.7617211328125001,False,2026-09-22 14:36:47+00:00,GLD260925C00465000
GLD,2026-09-23,392.8800048828125,2026-09-25,C,470.0,0.0,0.01,0.01,4.0,157.0,0.6250037500000001,False,2026-09-23 15:23:52+00:00,GLD260925C00470000
GLD,2026-09-23,392.8800048828125,2026-09-25,C,475.0,0.0,0.07,0.04,3.0,262.0,0.7812521875,False,2026-09-22 13:34:30+00:00,GLD260925C00475000
GLD,2026-09-23,392.8800048828125,2026-09-25,C,480.0,0.0,0.02,0.01,4.0,443.0,0.73437765625,False,2026-09-23 15:23:52+00:00,GLD260925C00480000
GLD,2026-09-23,392.8800048828125,2026-09-25,C,485.0,0.0,0.06,0.03,1.0,438.0,0.8437515624999999,False,2026-09-21 16:37:01+00:00,GLD260925C00485000
GLD,2026-09-23,392.8800048828125,2026-09-25,C,490.0,0.0,0.02,0.01,1.0,1591.0,0.79687703125,False,2026-09-22 17:34:39+00:00,GLD260925C00490000
GLD,2026-09-23,392.8800048828125,2026-09-25,C,495.0,0.0,0.02,0.01,3.0,35.0,0.8281267187499999,False,2026-09-22 17:35:25+00:00,GLD260925C00495000
GLD,2026-09-23,392.8800048828125,2026-09-25,C,500.0,0.0,0.03,0.01,1.0,990.0,0.8906260937499999,False,2026-09-23 13:35:07+00:00,GLD260925C00500000
GLD,2026-09-23,392.8800048828125,2026-09-25,C,505.0,0.0,0.14,0.05,1.0,109.0,1.0781296093750001,False,2026-09-17 13:48:33+00:00,GLD260925C00505000
GLD,2026-09-23,392.8800048828125,2026-09-25,C,510.0,0.0,0.02,0.01,1.0,247.0,0.92187578125,False,2026-09-22 14:10:51+00:00,GLD260925C00510000
GLD,2026-09-23,392.8800048828125,2026-09-25,C,515.0,0.0,0.14,0.05,5.0,13.0,1.15234798828125,False,2026-09-21 14:02:04+00:00,GLD260925C00515000
GLD,2026-09-23,392.8800048828125,2026-09-25,C,520.0,0.0,0.14,0.03,3.0,70.0,1.1875040625,False,2026-09-16 17:09:19+00:00,GLD260925C00520000
GLD,2026-09-23,392.8800048828125,2026-09-25,C,525.0,0.0,0.05,0.01,45.0,1074.0,1.1015669921875002,False,2026-09-17 17:37:59+00:00,GLD260925C00525000
GLD,2026-09-23,392.8800048828125,2026-09-25,C,530.0,0.0,0.05,0.01,56.0,579.0,1.140629296875,False,2026-09-17 17:37:08+00:00,GLD260925C00530000
GLD,2026-09-23,392.8800048828125,2026-09-25,C,535.0,0.0,0.05,0.01,126.0,357.0,1.171879140625,False,2026-09-17 17:36:38+00:00,GLD260925C00535000
GLD,2026-09-23,392.8800048828125,2026-09-25,C,540.0,0.0,0.14,0.08,1.0,38.0,1.3281283593749997,False,2026-09-18 18:00:27+00:00,GLD260925C00540000
GLD,2026-09-23,392.8800048828125,2026-09-25,C,545.0,0.0,0.01,0.01,139.0,143.0,1.09375453125,False,2026-09-17 17:35:39+00:00,GLD260925C00545000
GLD,2026-09-23,392.8800048828125,2026-09-25,C,550.0,0.0,0.01,0.01,1.0,21.0,1.09375453125,False,2026-09-18 16:54:32+00:00,GLD260925C00550000
GLD,2026-09-23,392.8800048828125,2026-09-25,C,555.0,0.0,0.14,0.09,1.0,52.0,1.4257841210937499,False,2026-09-16 15:22:33+00:00,GLD260925C00555000
GLD,2026-09-23,392.8800048828125,2026-09-25,C,560.0,0.0,0.1,0.03,3.0,60.0,1.41015919921875,False,2026-09-15 17:34:47+00:00,GLD260925C00560000
GLD,2026-09-23,392.8800048828125,2026-09-25,C,565.0,0.0,0.14,0.02,40.0,46.0,1.4921900390624998,False,2026-09-15 13:59:32+00:00,GLD260925C00565000
GLD,2026-09-23,392.8800048828125,2026-09-25,C,570.0,0.0,0.14,0.05,3.0,67.0,1.5234398828124998,False,2026-09-16 15:23:22+00:00,GLD260925C00570000
GLD,2026-09-23,392.8800048828125,2026-09-25,C,575.0,0.0,0.01,0.01,1.0,329.0,1.2500037499999999,False,2026-09-21 18:41:52+00:00,GLD260925C00575000
GLD,2026-09-23,392.8800048828125,2026-09-25,C,580.0,0.0,0.13,0.07,2.0,6.0,1.57422087890625,False,2026-09-16 15:23:20+00:00,GLD260925C00580000
GLD,2026-09-23,392.8800048828125,2026-09-25,C,585.0,0.0,0.14,0.01,1.0,5.0,1.6171894140625,False,2026-09-18 18:01:07+00:00,GLD260925C00585000
GLD,2026-09-23,392.8800048828125,2026-09-25,C,590.0,0.0,0.13,0.07,2.0,4.0,1.6328143359374998,False,2026-09-16 15:23:21+00:00,GLD260925C00590000
GLD,2026-09-23,392.8800048828125,2026-09-25,C,595.0,0.0,0.07,0.19,1.0,2.0,1.5703146484375,False,2026-08-28 14:35:43+00:00,GLD260925C00595000
GLD,2026-09-23,392.8800048828125,2026-09-25,C,600.0,0.0,0.01,0.01,12.0,23.0,1.3750031249999999,False,2026-09-23 14:42:28+00:00,GLD260925C00600000
GLD,2026-09-23,392.8800048828125,2026-09-25,C,605.0,0.0,0.13,0.06,1.0,3.0,1.72265763671875,False,2026-09-09 19:04:46+00:00,GLD260925C00605000
GLD,2026-09-23,392.8800048828125,2026-09-25,C,610.0,0.0,0.12,0.04,5.0,9.0,1.7382825585937498,False,2026-09-09 14:30:53+00:00,GLD260925C00610000
GLD,2026-09-23,392.8800048828125,2026-09-25,C,615.0,0.0,0.12,0.02,,11.0,1.765626171875,False,2026-09-09 14:30:43+00:00,GLD260925C00615000
GLD,2026-09-23,392.8800048828125,2026-09-25,C,620.0,0.0,0.12,0.04,16.0,18.0,1.7968760156249999,False,2026-09-09 19:06:16+00:00,GLD260925C00620000
GLD,2026-09-23,392.8800048828125,2026-09-25,C,625.0,0.0,0.12,0.04,,12.0,1.8203133984375,False,2026-09-09 15:59:58+00:00,GLD260925C00625000
GLD,2026-09-23,392.8800048828125,2026-09-25,C,630.0,0.0,0.12,0.01,5.0,52.0,1.8515632421875,False,2026-09-15 13:53:48+00:00,GLD260925C00630000
GLD,2026-09-23,392.8800048828125,2026-09-25,C,635.0,0.0,0.01,0.01,1.0,8.0,1.5312523437499999,False,2026-09-18 18:19:46+00:00,GLD260925C00635000
GLD,2026-09-23,392.8800048828125,2026-09-25,C,640.0,0.0,0.01,0.01,1.0,11.0,1.5625021874999998,False,2026-09-15 13:52:53+00:00,GLD260925C00640000
GLD,2026-09-23,392.8800048828125,2026-09-25,C,645.0,0.0,0.01,0.01,10.0,261.0,1.5625021874999998,False,2026-09-14 19:54:07+00:00,GLD260925C00645000
GLD,2026-09-23,392.8800048828125,2026-09-25,C,650.0,0.0,0.01,0.01,1.0,385.0,1.5937520312499998,False,2026-09-14 15:15:11+00:00,GLD260925C00650000
GLD,2026-09-23,392.8800048828125,2026-09-25,P,205.0,0.0,0.01,0.02,1.0,2.0,2.1250046874999997,False,2026-09-18 17:10:47+00:00,GLD260925P00205000
GLD,2026-09-23,392.8800048828125,2026-09-25,P,210.0,0.0,0.0,0.04,,0.0,0.500005,False,2026-08-14 15:26:23+00:00,GLD260925P00210000
GLD,2026-09-23,392.8800048828125,2026-09-25,P,225.0,0.0,0.0,0.04,2.0,0.0,0.500005,False,2026-08-18 17:20:14+00:00,GLD260925P00225000
GLD,2026-09-23,392.8800048828125,2026-09-25,P,230.0,0.0,0.1,0.01,,1.0,2.1406296484375,False,2026-08-27 14:54:11+00:00,GLD260925P00230000
GLD,2026-09-23,392.8800048828125,2026-09-25,P,235.0,0.0,0.1,0.01,,1.0,2.0546923632812497,False,2026-08-25 14:41:47+00:00,GLD260925P00235000
GLD,2026-09-23,392.8800048828125,2026-09-25,P,240.0,0.0,0.1,0.03,2.0,2.0,1.9765626171875001,False,2026-09-02 16:52:35+00:00,GLD260925P00240000
GLD,2026-09-23,392.8800048828125,2026-09-25,P,245.0,0.0,0.0,0.04,,0.0,0.500005,False,2026-08-14 16:49:56+00:00,GLD260925P00245000
GLD,2026-09-23,392.8800048828125,2026-09-25,P,250.0,0.0,0.01,0.04,2.0,3.0,1.5000025,False,2026-09-03 13:51:08+00:00,GLD260925P00250000
GLD,2026-09-23,392.8800048828125,2026-09-25,P,255.0,0.0,0.01,0.03,2.0,1.0,1.4375028125,False,2026-09-02 16:53:47+00:00,GLD260925P00255000
GLD,2026-09-23,392.8800048828125,2026-09-25,P,260.0,0.0,0.01,0.03,4.0,1.0,1.3750031249999999,False,2026-09-02 16:55:23+00:00,GLD260925P00260000
GLD,2026-09-23,392.8800048828125,2026-09-25,P,265.0,0.0,0.1,0.03,1.0,5.0,1.609376953125,False,2026-09-08 16:56:41+00:00,GLD260925P00265000
GLD,2026-09-23,392.8800048828125,2026-09-25,P,270.0,0.0,0.11,0.03,2.0,11.0,1.5546897265624997,False,2026-09-11 16:15:10+00:00,GLD260925P00270000
GLD,2026-09-23,392.8800048828125,2026-09-25,P,275.0,0.0,0.03,0.04,2.0,26.0,1.3125034374999998,False,2026-09-11 14:32:22+00:00,GLD260925P00275000
GLD,2026-09-23,392.8800048828125,2026-09-25,P,280.0,0.0,0.03,0.01,3.0,411.0,1.2500037499999999,False,2026-09-21 13:52:19+00:00,GLD260925P00280000
GLD,2026-09-23,392.8800048828125,2026-09-25,P,285.0,0.0,0.03,0.02,11.0,41.0,1.1875040625,False,2026-09-16 17:11:44+00:00,GLD260925P00285000
GLD,2026-09-23,392.8800048828125,2026-09-25,P,290.0,0.0,0.1,0.01,1.0,14.0,1.2695349023437497,False,2026-09-21 15:09:09+00:00,GLD260925P00290000
GLD,2026-09-23,392.8800048828125,2026-09-25,P,295.0,0.0,0.03,0.03,4.0,521.0,1.0703171484375003,False,2026-09-14 19:57:38+00:00,GLD260925P00295000
GLD,2026-09-23,392.8800048828125,2026-09-25,P,300.0,0.0,0.03,0.02,100.0,1394.0,1.015629921875,False,2026-09-18 13:49:41+00:00,GLD260925P00300000
GLD,2026-09-23,392.8800048828125,2026-09-25,P,305.0,0.0,0.04,0.01,91.0,492.0,0.98437515625,False,2026-09-18 16:17:58+00:00,GLD260925P00305000
GLD,2026-09-23,392.8800048828125,2026-09-25,P,310.0,0.0,0.09,0.07,5.0,13.0,1.000005,False,2026-09-14 19:56:08+00:00,GLD260925P00310000
GLD,2026-09-23,392.8800048828125,2026-09-25,P,315.0,0.0,0.14,0.13,6.0,11.0,0.9882813671875,False,2026-09-16 18:12:34+00:00,GLD260925P00315000
GLD,2026-09-23,392.8800048828125,2026-09-25,P,320.0,0.0,0.09,0.05,1.0,114.0,0.8789074609374999,False,2026-09-21 13:52:19+00:00,GLD260925P00320000
GLD,2026-09-23,392.8800048828125,2026-09-25,P,325.0,0.0,0.01,0.02,3.0,586.0,0.6562534375000001,False,2026-09-18 14:29:28+00:00,GLD260925P00325000
GLD,2026-09-23,392.8800048828125,2026-09-25,P,330.0,0.0,0.01,0.02,2.0,313.0,0.6250037500000001,False,2026-09-18 16:53:04+00:00,GLD260925P00330000
GLD,2026-09-23,392.8800048828125,2026-09-25,P,335.0,0.0,0.01,0.01,6.0,59.0,0.5625043750000001,False,2026-09-21 16:43:51+00:00,GLD260925P00335000
GLD,2026-09-23,392.8800048828125,2026-09-25,P,340.0,0.0,0.01,0.01,2.0,717.0,0.51562984375,False,2026-09-23 19:43:37+00:00,GLD260925P00340000
GLD,2026-09-23,392.8800048828125,2026-09-25,P,345.0,0.0,0.03,0.02,1.0,247.0,0.5195360546875,False,2026-09-23 19:44:40+00:00,GLD260925P00345000
GLD,2026-09-23,392.8800048828125,2026-09-25,P,346.0,0.0,0.04,0.01,5.0,31.0,0.523442265625,False,2026-09-21 19:50:21+00:00,GLD260925P00346000
GLD,2026-09-23,392.8800048828125,2026-09-25,P,347.0,0.0,0.01,0.09,3.0,13.0,0.476567734375,False,2026-09-21 19:14:18+00:00,GLD260925P00347000
GLD,2026-09-23,392.8800048828125,2026-09-25,P,348.0,0.0,0.03,0.03,3.0,18.0,0.523442265625,False,2026-09-21 14:29:45+00:00,GLD260925P00348000
GLD,2026-09-23,392.8800048828125,2026-09-25,P,349.0,0.0,0.01,0.03,2.0,33.0,0.46094289062500005,False,2026-09-21 14:30:20+00:00,GLD260925P00349000
GLD,2026-09-23,392.8800048828125,2026-09-25,P,350.0,0.0,0.01,0.01,2.0,4073.0,0.445318046875,False,2026-09-23 19:01:32+00:00,GLD260925P00350000
GLD,2026-09-23,392.8800048828125,2026-09-25,P,351.0,0.0,0.04,0.05,2.0,28.0,0.507817421875,False,2026-09-22 18:56:49+00:00,GLD260925P00351000
GLD,2026-09-23,392.8800048828125,2026-09-25,P,352.0,0.0,0.01,0.02,11.0,18.0,0.42969320312500003,False,2026-09-22 16:14:40+00:00,GLD260925P00352000
GLD,2026-09-23,392.8800048828125,2026-09-25,P,353.0,0.0,0.03,0.01,1.0,25.0,0.4687553125,False,2026-09-23 17:53:30+00:00,GLD260925P00353000
GLD,2026-09-23,392.8800048828125,2026-09-25,P,354.0,0.0,0.03,0.01,9.0,25.0,0.45703667968750006,False,2026-09-22 17:27:10+00:00,GLD260925P00354000
GLD,2026-09-23,392.8800048828125,2026-09-25,P,355.0,0.0,0.01,0.06,1.0,127.0,0.398443515625,False,2026-09-22 16:19:02+00:00,GLD260925P00355000
GLD,2026-09-23,392.8800048828125,2026-09-25,P,356.0,0.0,0.01,0.06,2.0,384.0,0.39063109375,False,2026-09-22 16:19:35+00:00,GLD260925P00356000
GLD,2026-09-23,392.8800048828125,2026-09-25,P,357.0,0.0,0.01,0.06,1.0,114.0,0.37500625,False,2026-09-22 14:11:28+00:00,GLD260925P00357000
GLD,2026-09-23,392.8800048828125,2026-09-25,P,358.0,0.0,0.01,0.01,6.0,66.0,0.367193828125,False,2026-09-23 19:02:26+00:00,GLD260925P00358000
GLD,2026-09-23,392.8800048828125,2026-09-25,P,359.0,0.0,0.03,0.03,25.0,371.0,0.4023497265625,False,2026-09-23 19:58:06+00:00,GLD260925P00359000
GLD,2026-09-23,392.8800048828125,2026-09-25,P,360.0,0.01,0.03,0.03,6.0,2682.0,0.39063109375,False,2026-09-23 13:57:09+00:00,GLD260925P00360000
GLD,2026-09-23,392.8800048828125,2026-09-25,P,361.0,0.01,0.04,0.04,11.0,43.0,0.39453730468750003,False,2026-09-23 19:58:06+00:00,GLD260925P00361000
GLD,2026-09-23,392.8800048828125,2026-09-25,P,362.0,0.0,0.04,0.05,9.0,457.0,0.38281867187499996,False,2026-09-23 19:58:19+00:00,GLD260925P00362000
GLD,2026-09-23,392.8800048828125,2026-09-25,P,363.0,0.0,0.04,0.04,3.0,231.0,0.3711000390625,False,2026-09-23 19:58:06+00:00,GLD260925P00363000
GLD,2026-09-23,392.8800048828125,2026-09-25,P,364.0,0.0,0.04,0.04,16.0,70.0,0.35938140625,False,2026-09-23 19:58:13+00:00,GLD260925P00364000
GLD,2026-09-23,392.8800048828125,2026-09-25,P,365.0,0.0,0.04,0.02,9.0,691.0,0.34766277343749996,False,2026-09-23 20:03:26+00:00,GLD260925P00365000
GLD,2026-09-23,392.8800048828125,2026-09-25,P,366.0,0.02,0.04,0.04,768.0,988.0,0.335944140625,False,2026-09-23 19:58:45+00:00,GLD260925P00366000
GLD,2026-09-23,392.8800048828125,2026-09-25,P,367.0,0.01,0.05,0.05,19.0,204.0,0.335944140625,False,2026-09-23 19:58:40+00:00,GLD260925P00367000
GLD,2026-09-23,392.8800048828125,2026-09-25,P,368.0,0.01,0.05,0.05,8.0,473.0,0.3242255078124999,False,2026-09-23 19:58:46+00:00,GLD260925P00368000
GLD,2026-09-23,392.8800048828125,2026-09-25,P,369.0,0.01,0.05,0.06,9.0,110.0,0.31250687499999996,False,2026-09-23 19:58:39+00:00,GLD260925P00369000
GLD,2026-09-23,392.8800048828125,2026-09-25,P,370.0,0.01,0.05,0.05,34.0,793.0,0.3007882421875,False,2026-09-23 19:58:46+00:00,GLD260925P00370000
GLD,2026-09-23,392.8800048828125,2026-09-25,P,371.0,0.01,0.06,0.06,9.0,1397.0,0.295905478515625,False,2026-09-23 19:58:47+00:00,GLD260925P00371000
GLD,2026-09-23,392.8800048828125,2026-09-25,P,372.0,0.03,0.06,0.06,33.0,1078.0,0.2841868457031249,False,2026-09-23 19:58:46+00:00,GLD260925P00372000
GLD,2026-09-23,392.8800048828125,2026-09-25,P,373.0,0.03,0.06,0.06,9.0,129.0,0.27149166015625,False,2026-09-23 19:58:38+00:00,GLD260925P00373000
GLD,2026-09-23,392.8800048828125,2026-09-25,P,374.0,0.03,0.07,0.07,54.0,169.0,0.26563234375,False,2026-09-23 19:58:27+00:00,GLD260925P00374000
GLD,2026-09-23,392.8800048828125,2026-09-25,P,375.0,0.03,0.08,0.08,65.0,2517.0,0.25879647460937505,False,2026-09-23 19:58:47+00:00,GLD260925P00375000
GLD,2026-09-23,392.8800048828125,2026-09-25,P,376.0,0.04,0.07,0.07,38.0,1526.0,0.241218525390625,False,2026-09-23 20:10:18+00:00,GLD260925P00376000
GLD,2026-09-23,392.8800048828125,2026-09-25,P,377.0,0.04,0.1,0.1,31.0,169.0,0.243171630859375,False,2026-09-23 19:58:47+00:00,GLD260925P00377000
GLD,2026-09-23,392.8800048828125,2026-09-25,P,378.0,0.05,0.11,0.11,92.0,282.0,0.233406103515625,False,2026-09-23 19:58:47+00:00,GLD260925P00378000
GLD,2026-09-23,392.8800048828125,2026-09-25,P,379.0,0.07,0.13,0.12,91.0,123.0,0.22754678710937498,False,2026-09-23 19:58:47+00:00,GLD260925P00379000
GLD,2026-09-23,392.8800048828125,2026-09-25,P,380.0,0.09,0.15,0.15,178.0,2842.0,0.21973436523437498,False,2026-09-23 19:58:40+00:00,GLD260925P00380000
GLD,2026-09-23,392.8800048828125,2026-09-25,P,381.0,0.11,0.16,0.14,1115.0,814.0,0.20850400878906244,False,2026-09-23 20:13:11+00:00,GLD260925P00381000
GLD,2026-09-23,392.8800048828125,2026-09-25,P,382.0,0.15,0.19,0.2,204.0,2510.0,0.20142400146484374,False,2026-09-23 20:10:32+00:00,GLD260925P00382000
GLD,2026-09-23,392.8800048828125,2026-09-25,P,383.0,0.16,0.24,0.2,147.0,156.0,0.19702951416015624,False,2026-09-23 20:05:37+00:00,GLD260925P00383000
GLD,2026-09-23,392.8800048828125,2026-09-25,P,384.0,0.23,0.3,0.26,1394.0,501.0,0.19214675048828128,False,2026-09-23 20:14:13+00:00,GLD260925P00384000
GLD,2026-09-23,392.8800048828125,2026-09-25,P,385.0,0.32,0.37,0.38,1294.0,3782.0,0.186531572265625,False,2026-09-23 19:58:47+00:00,GLD260925P00385000
GLD,2026-09-23,392.8800048828125,2026-09-25,P,386.0,0.39,0.5,0.47,257.0,1035.0,0.1860432958984375,False,2026-09-23 20:00:33+00:00,GLD260925P00386000
GLD,2026-09-23,392.8800048828125,2026-09-25,P,387.0,0.52,0.61,0.58,144.0,583.0,0.17993984130859375,False,2026-09-23 20:12:40+00:00,GLD260925P00387000
GLD,2026-09-23,392.8800048828125,2026-09-25,P,388.0,0.69,0.78,0.75,395.0,489.0,0.176766044921875,False,2026-09-23 20:12:04+00:00,GLD260925P00388000
GLD,2026-09-23,392.8800048828125,2026-09-25,P,389.0,0.88,1.01,1.05,214.0,493.0,0.17554535400390625,False,2026-09-23 19:58:47+00:00,GLD260925P00389000
GLD,2026-09-23,392.8800048828125,2026-09-25,P,390.0,1.14,1.26,1.23,1508.0,10479.0,0.17188328125000002,False,2026-09-23 20:14:36+00:00,GLD260925P00390000
GLD,2026-09-23,392.8800048828125,2026-09-25,P,391.0,1.46,1.61,1.5,792.0,350.0,0.17188328125000002,False,2026-09-23 20:10:45+00:00,GLD260925P00391000
GLD,2026-09-23,392.8800048828125,2026-09-25,P,392.0,1.9,2.01,1.99,842.0,674.0,0.17090672851562502,False,2026-09-23 20:14:19+00:00,GLD260925P00392000
GLD,2026-09-23,392.8800048828125,2026-09-25,P,393.0,2.3,2.5,2.35,352.0,266.0,0.17163914306640626,True,2026-09-23 20:10:52+00:00,GLD260925P00393000
GLD,2026-09-23,392.8800048828125,2026-09-25,P,394.0,2.82,3.05,2.95,343.0,252.0,0.17212741943359378,True,2026-09-23 20:05:58+00:00,GLD260925P00394000
GLD,2026-09-23,392.8800048828125,2026-09-25,P,395.0,3.35,3.65,3.67,595.0,1714.0,0.17163914306640626,True,2026-09-23 20:00:21+00:00,GLD260925P00395000
GLD,2026-09-23,392.8800048828125,2026-09-25,P,396.0,3.95,4.4,4.37,81.0,533.0,0.17810880493164064,True,2026-09-23 19:59:48+00:00,GLD260925P00396000
GLD,2026-09-23,392.8800048828125,2026-09-25,P,397.0,4.65,5.1,4.94,560.0,788.0,0.17664397583007813,True,2026-09-23 19:51:40+00:00,GLD260925P00397000
GLD,2026-09-23,392.8800048828125,2026-09-25,P,398.0,5.45,5.9,5.9,410.0,858.0,0.17957363403320312,True,2026-09-23 19:58:55+00:00,GLD260925P00398000
GLD,2026-09-23,392.8800048828125,2026-09-25,P,399.0,6.25,6.8,6.55,38.0,573.0,0.18921709228515626,True,2026-09-23 19:34:44+00:00,GLD260925P00399000
GLD,2026-09-23,392.8800048828125,2026-09-25,P,400.0,7.25,7.6,7.25,1408.0,2376.0,0.18457846679687498,True,2026-09-23 20:14:19+00:00,GLD260925P00400000
GLD,2026-09-23,392.8800048828125,2026-09-25,P,401.0,8.0,8.55,8.58,31.0,341.0,0.19507640869140624,True,2026-09-23 19:41:19+00:00,GLD260925P00401000
GLD,2026-09-23,392.8800048828125,2026-09-25,P,402.0,9.0,9.6,9.33,34.0,331.0,0.21851367431640623,True,2026-09-23 19:52:04+00:00,GLD260925P00402000
GLD,2026-09-23,392.8800048828125,2026-09-25,P,403.0,9.85,10.65,10.15,73.0,217.0,0.2417068017578125,True,2026-09-23 19:52:29+00:00,GLD260925P00403000
GLD,2026-09-23,392.8800048828125,2026-09-25,P,404.0,10.8,11.7,11.07,5.0,357.0,0.26489992919921873,True,2026-09-23 16:38:10+00:00,GLD260925P00404000
GLD,2026-09-23,392.8800048828125,2026-09-25,P,405.0,11.8,12.45,12.15,58.0,371.0,0.2417068017578125,True,2026-09-23 19:58:01+00:00,GLD260925P00405000
GLD,2026-09-23,392.8800048828125,2026-09-25,P,406.0,12.8,13.6,12.62,21.0,134.0,0.2819896020507812,True,2026-09-23 18:05:58+00:00,GLD260925P00406000
GLD,2026-09-23,392.8800048828125,2026-09-25,P,407.0,13.75,14.6,13.69,4.0,157.0,0.2973703076171874,True,2026-09-23 18:06:20+00:00,GLD260925P00407000
GLD,2026-09-23,392.8800048828125,2026-09-25,P,408.0,14.6,15.55,14.9,1.0,84.0,0.30371790039062496,True,2026-09-23 17:56:53+00:00,GLD260925P00408000
GLD,2026-09-23,392.8800048828125,2026-09-25,P,409.0,15.45,16.55,16.04,2.0,133.0,0.31836619140624994,True,2026-09-23 14:37:36+00:00,GLD260925P00409000
GLD,2026-09-23,392.8800048828125,2026-09-25,P,410.0,16.45,17.6,17.06,116.0,526.0,0.34180345703125,True,2026-09-23 19:53:22+00:00,GLD260925P00410000
GLD,2026-09-23,392.8800048828125,2026-09-25,P,411.0,17.4,18.75,16.32,5.0,44.0,0.38184211914062494,True,2026-09-23 13:32:12+00:00,GLD260925P00411000
GLD,2026-09-23,392.8800048828125,2026-09-25,P,412.0,18.45,19.55,19.18,4.0,65.0,0.36084623535156246,True,2026-09-23 19:18:58+00:00,GLD260925P00412000
GLD,2026-09-23,392.8800048828125,2026-09-25,P,413.0,19.7,20.6,20.1,1.0,269.0,0.38477177734374995,True,2026-09-23 13:57:48+00:00,GLD260925P00413000
GLD,2026-09-23,392.8800048828125,2026-09-25,P,414.0,20.65,21.75,17.89,8.0,36.0,0.42627526855468756,True,2026-09-22 14:48:15+00:00,GLD260925P00414000
GLD,2026-09-23,392.8800048828125,2026-09-25,P,415.0,21.45,23.35,22.26,31.0,261.0,0.5300339965820313,True,2026-09-23 19:38:46+00:00,GLD260925P00415000
GLD,2026-09-23,392.8800048828125,2026-09-25,P,416.0,22.2,23.7,22.45,2.0,74.0,0.4458063232421875,True,2026-09-23 15:26:34+00:00,GLD260925P00416000
GLD,2026-09-23,392.8800048828125,2026-09-25,P,417.0,23.6,24.75,24.36,2.0,40.0,0.46924358886718753,True,2026-09-23 15:41:19+00:00,GLD260925P00417000
GLD,2026-09-23,392.8800048828125,2026-09-25,P,418.0,24.5,25.75,25.35,6.0,58.0,0.48340360351562506,True,2026-09-23 15:41:19+00:00,GLD260925P00418000
GLD,2026-09-23,392.8800048828125,2026-09-25,P,419.0,25.15,26.7,24.95,2.0,91.0,0.4875539526367188,True,2026-09-23 14:53:42+00:00,GLD260925P00419000
GLD,2026-09-23,392.8800048828125,2026-09-25,P,420.0,26.45,27.55,25.95,45.0,233.0,0.4687553125,True,2026-09-23 14:53:43+00:00,GLD260925P00420000
GLD,2026-09-23,392.8800048828125,2026-09-25,P,421.0,27.25,28.7,27.0,2.0,227.0,0.514653291015625,True,2026-09-23 14:53:42+00:00,GLD260925P00421000
GLD,2026-09-23,392.8800048828125,2026-09-25,P,422.0,28.45,29.75,28.0,2.0,35.0,0.5383346948242189,True,2026-09-23 14:53:42+00:00,GLD260925P00422000
GLD,2026-09-23,392.8800048828125,2026-09-25,P,423.0,29.55,30.65,29.0,2.0,44.0,0.5307664111328125,True,2026-09-23 14:53:42+00:00,GLD260925P00423000
GLD,2026-09-23,392.8800048828125,2026-09-25,P,424.0,30.65,31.65,30.0,2.0,259.0,0.543949873046875,True,2026-09-23 14:53:42+00:00,GLD260925P00424000
GLD,2026-09-23,392.8800048828125,2026-09-25,P,425.0,31.7,32.65,31.1,11.0,141.0,0.5566450585937501,True,2026-09-23 14:53:42+00:00,GLD260925P00425000
GLD,2026-09-23,392.8800048828125,2026-09-25,P,426.0,32.6,33.65,31.95,2.0,242.0,0.5698285205078125,True,2026-09-16 19:54:08+00:00,GLD260925P00426000
GLD,2026-09-23,392.8800048828125,2026-09-25,P,427.0,33.65,34.9,28.57,8.0,0.0,0.6352575537109376,True,2026-09-11 19:15:16+00:00,GLD260925P00427000
GLD,2026-09-23,392.8800048828125,2026-09-25,P,428.0,34.15,36.15,28.38,4.0,2.0,0.6938507177734375,True,2026-09-17 16:58:10+00:00,GLD260925P00428000
GLD,2026-09-23,392.8800048828125,2026-09-25,P,429.0,35.15,37.15,28.35,2.0,12.0,0.708010732421875,True,2026-09-11 14:48:49+00:00,GLD260925P00429000
GLD,2026-09-23,392.8800048828125,2026-09-25,P,430.0,36.65,37.65,29.72,52.0,120.0,0.6201209863281252,True,2026-09-17 14:22:12+00:00,GLD260925P00430000
GLD,2026-09-23,392.8800048828125,2026-09-25,P,431.0,37.15,39.15,28.45,12.0,0.0,0.735354208984375,True,2026-09-09 18:50:38+00:00,GLD260925P00431000
GLD,2026-09-23,392.8800048828125,2026-09-25,P,432.0,38.15,40.15,29.7,8.0,0.0,0.7490259472656251,True,2026-09-09 19:01:23+00:00,GLD260925P00432000
GLD,2026-09-23,392.8800048828125,2026-09-25,P,433.0,39.35,40.65,30.55,,0.0,0.657229990234375,True,2026-09-09 19:01:23+00:00,GLD260925P00433000
GLD,2026-09-23,392.8800048828125,2026-09-25,P,434.0,40.15,42.15,43.71,1.0,0.0,0.7758811474609376,True,2026-09-16 19:35:00+00:00,GLD260925P00434000
GLD,2026-09-23,392.8800048828125,2026-09-25,P,435.0,41.5,42.65,39.74,2.0,6.0,0.6816438085937502,True,2026-09-14 17:04:12+00:00,GLD260925P00435000
GLD,2026-09-23,392.8800048828125,2026-09-25,P,440.0,46.5,47.9,30.25,4.0,0.0,0.5488326367187502,True,2026-09-03 17:59:53+00:00,GLD260925P00440000
GLD,2026-09-23,392.8800048828125,2026-09-25,P,445.0,51.45,52.65,46.58,1.0,0.0,0.799806689453125,True,2026-09-17 20:05:50+00:00,GLD260925P00445000
GLD,2026-09-23,392.8800048828125,2026-09-25,P,450.0,56.25,57.75,52.14,12.0,13.0,0.8852550537109375,True,2026-09-22 17:12:06+00:00,GLD260925P00450000
GLD,2026-09-23,392.8800048828125,2026-09-25,P,460.0,66.75,67.9,57.43,3.0,0.0,0.8281267187499999,True,2026-09-18 18:10:55+00:00,GLD260925P00460000
GLD,2026-09-23,392.8800048828125,2026-09-25,P,480.0,86.5,87.65,78.45,,0.0,1.171879140625,True,2026-09-11 14:16:55+00:00,GLD260925P00480000
GLD,2026-09-23,392.8800048828125,2026-09-25,P,485.0,91.5,92.85,85.2,,0.0,0.9003916210937499,True,2026-09-16 15:47:10+00:00,GLD260925P00485000
GLD,2026-09-23,392.8800048828125,2026-09-25,P,530.0,0.0,0.0,127.9,,0.0,1.0000000000000003e-05,True,2026-08-13 17:04:27+00:00,GLD260925P00530000
GLD,2026-09-23,392.8800048828125,2026-09-25,P,630.0,236.45,237.65,234.96,,0.0,2.3750040624999995,True,2026-09-14 16:47:05+00:00,GLD260925P00630000
GLD,2026-09-23,392.8800048828125,2026-09-25,P,650.0,0.0,0.0,248.6,,0.0,1.0000000000000003e-05,True,2026-08-14 19:44:50+00:00,GLD260925P00650000
GLD,2026-09-23,392.8800048828125,2026-09-28,C,290.0,102.55,104.05,108.5,,1.0,1.1777384863281248,True,2026-09-16 18:00:53+00:00,GLD260928C00290000
GLD,2026-09-23,392.8800048828125,2026-09-28,C,370.0,22.65,23.85,22.7,10.0,11.0,0.37915659912109373,True,2026-09-23 14:19:56+00:00,GLD260928C00370000
GLD,2026-09-23,392.8800048828125,2026-09-28,C,375.0,18.0,18.85,22.5,,3.0,0.31629101684570304,True,2026-09-22 17:01:18+00:00,GLD260928C00375000
GLD,2026-09-23,392.8800048828125,2026-09-28,C,381.0,12.2,13.0,12.04,3.0,4.0,0.2500075,True,2026-09-18 16:56:19+00:00,GLD260928C00381000
GLD,2026-09-23,392.8800048828125,2026-09-28,C,382.0,11.25,11.85,11.6,4.0,1.0,0.22425092163085933,True,2026-09-23 19:49:21+00:00,GLD260928C00382000
GLD,2026-09-23,392.8800048828125,2026-09-28,C,384.0,9.45,10.25,13.97,,2.0,0.22534954345703123,True,2026-09-22 16:48:40+00:00,GLD260928C00384000
GLD,2026-09-23,392.8800048828125,2026-09-28,C,386.0,7.7,8.25,13.15,,1.0,0.19458813232421873,True,2026-09-16 18:30:30+00:00,GLD260928C00386000
GLD,2026-09-23,392.8800048828125,2026-09-28,C,387.0,6.9,7.4,10.47,11.0,16.0,0.18799640136718748,True,2026-09-22 14:56:03+00:00,GLD260928C00387000
GLD,2026-09-23,392.8800048828125,2026-09-28,C,388.0,6.1,6.65,6.26,6.0,17.0,0.18579915771484373,True,2026-09-23 19:59:54+00:00,GLD260928C00388000
GLD,2026-09-23,392.8800048828125,2026-09-28,C,389.0,5.35,5.85,5.6,2.0,1.0,0.1790853576660156,True,2026-09-23 20:08:32+00:00,GLD260928C00389000
GLD,2026-09-23,392.8800048828125,2026-09-28,C,390.0,4.65,5.15,4.89,40.0,15.0,0.17603363037109376,True,2026-09-23 20:08:32+00:00,GLD260928C00390000
GLD,2026-09-23,392.8800048828125,2026-09-28,C,391.0,4.1,4.5,4.1,2.0,9.0,0.17359224853515626,True,2026-09-23 17:02:05+00:00,GLD260928C00391000
GLD,2026-09-23,392.8800048828125,2026-09-28,C,392.0,3.55,3.8,3.68,84.0,9.0,0.1664512066650391,True,2026-09-23 19:46:54+00:00,GLD260928C00392000
GLD,2026-09-23,392.8800048828125,2026-09-28,C,393.0,3.0,3.25,3.14,186.0,19.0,0.16468120483398438,False,2026-09-23 20:14:29+00:00,GLD260928C00393000
GLD,2026-09-23,392.8800048828125,2026-09-28,C,394.0,2.58,2.74,2.66,33.0,54.0,0.16248396118164063,False,2026-09-23 20:11:51+00:00,GLD260928C00394000
GLD,2026-09-23,392.8800048828125,2026-09-28,C,395.0,2.13,2.34,2.28,980.0,170.0,0.16333844482421878,False,2026-09-23 19:55:51+00:00,GLD260928C00395000
GLD,2026-09-23,392.8800048828125,2026-09-28,C,396.0,1.78,1.95,1.82,354.0,19.0,0.16236189208984375,False,2026-09-23 19:43:13+00:00,GLD260928C00396000
GLD,2026-09-23,392.8800048828125,2026-09-28,C,397.0,1.47,1.62,1.51,102.0,38.0,0.16211775390625,False,2026-09-23 19:44:48+00:00,GLD260928C00397000
GLD,2026-09-23,392.8800048828125,2026-09-28,C,398.0,1.21,1.36,1.3,205.0,91.0,0.16358258300781253,False,2026-09-23 19:53:46+00:00,GLD260928C00398000
GLD,2026-09-23,392.8800048828125,2026-09-28,C,399.0,0.99,1.13,1.2,241.0,242.0,0.1645591357421875,False,2026-09-23 18:59:42+00:00,GLD260928C00399000
GLD,2026-09-23,392.8800048828125,2026-09-28,C,400.0,0.8,0.92,0.89,122.0,213.0,0.16468120483398438,False,2026-09-23 19:41:55+00:00,GLD260928C00400000
GLD,2026-09-23,392.8800048828125,2026-09-28,C,401.0,0.67,0.77,0.73,280.0,110.0,0.16700051757812504,False,2026-09-23 19:37:05+00:00,GLD260928C00401000
GLD,2026-09-23,392.8800048828125,2026-09-28,C,402.0,0.56,0.66,0.68,55.0,160.0,0.1706625903320313,False,2026-09-23 18:21:11+00:00,GLD260928C00402000
GLD,2026-09-23,392.8800048828125,2026-09-28,C,403.0,0.42,0.55,0.52,32.0,254.0,0.17285983398437502,False,2026-09-23 19:33:51+00:00,GLD260928C00403000
GLD,2026-09-23,392.8800048828125,2026-09-28,C,404.0,0.35,0.49,0.41,12.0,79.0,0.1783529431152344,False,2026-09-23 19:59:17+00:00,GLD260928C00404000
GLD,2026-09-23,392.8800048828125,2026-09-28,C,405.0,0.3,0.39,0.38,69.0,101.0,0.1782308740234375,False,2026-09-23 19:10:33+00:00,GLD260928C00405000
GLD,2026-09-23,392.8800048828125,2026-09-28,C,406.0,0.24,0.36,0.28,40.0,63.0,0.18506674316406246,False,2026-09-23 19:37:42+00:00,GLD260928C00406000
GLD,2026-09-23,392.8800048828125,2026-09-28,C,407.0,0.2,0.3,0.24,9.0,145.0,0.1870198486328125,False,2026-09-23 15:28:09+00:00,GLD260928C00407000
GLD,2026-09-23,392.8800048828125,2026-09-28,C,408.0,0.17,0.24,0.21,16.0,95.0,0.187508125,False,2026-09-23 19:41:55+00:00,GLD260928C00408000
GLD,2026-09-23,392.8800048828125,2026-09-28,C,409.0,0.14,0.21,0.2,18.0,92.0,0.19165847412109377,False,2026-09-23 18:25:29+00:00,GLD260928C00409000
GLD,2026-09-23,392.8800048828125,2026-09-28,C,410.0,0.13,0.18,0.14,437.0,683.0,0.1948322705078125,False,2026-09-23 19:37:42+00:00,GLD260928C00410000
GLD,2026-09-23,392.8800048828125,2026-09-28,C,411.0,0.1,0.16,0.15,1.0,845.0,0.1992267578125,False,2026-09-23 13:57:50+00:00,GLD260928C00411000
GLD,2026-09-23,392.8800048828125,2026-09-28,C,412.0,0.09,0.14,0.14,107.0,232.0,0.20313296874999998,False,2026-09-23 17:26:42+00:00,GLD260928C00412000
GLD,2026-09-23,392.8800048828125,2026-09-28,C,413.0,0.07,0.13,0.12,23.0,54.0,0.20899228515624996,False,2026-09-23 18:54:33+00:00,GLD260928C00413000
GLD,2026-09-23,392.8800048828125,2026-09-28,C,414.0,0.06,0.12,0.09,4.0,47.0,0.213875048828125,False,2026-09-23 18:54:33+00:00,GLD260928C00414000
GLD,2026-09-23,392.8800048828125,2026-09-28,C,415.0,0.08,0.1,0.08,144.0,1105.0,0.215828154296875,False,2026-09-23 19:49:57+00:00,GLD260928C00415000
GLD,2026-09-23,392.8800048828125,2026-09-28,C,416.0,0.05,0.1,0.07,43.0,63.0,0.22364057617187497,False,2026-09-23 18:52:15+00:00,GLD260928C00416000
GLD,2026-09-23,392.8800048828125,2026-09-28,C,417.0,0.04,0.09,0.06,1.0,322.0,0.22754678710937498,False,2026-09-23 18:53:49+00:00,GLD260928C00417000
GLD,2026-09-23,392.8800048828125,2026-09-28,C,418.0,0.04,0.09,0.38,3.0,18.0,0.23535920898437498,False,2026-09-21 14:03:32+00:00,GLD260928C00418000
GLD,2026-09-23,392.8800048828125,2026-09-28,C,419.0,0.03,0.09,0.09,3.0,21.0,0.243171630859375,False,2026-09-23 13:48:41+00:00,GLD260928C00419000
GLD,2026-09-23,392.8800048828125,2026-09-28,C,420.0,0.05,0.07,0.07,26.0,50.0,0.241218525390625,False,2026-09-23 19:06:38+00:00,GLD260928C00420000
GLD,2026-09-23,392.8800048828125,2026-09-28,C,421.0,0.02,0.06,0.08,23.0,3.0,0.24414818359375,False,2026-09-23 13:48:41+00:00,GLD260928C00421000
GLD,2026-09-23,392.8800048828125,2026-09-28,C,422.0,0.02,0.07,0.07,3.0,3.0,0.25586681640625003,False,2026-09-23 13:48:41+00:00,GLD260928C00422000
GLD,2026-09-23,392.8800048828125,2026-09-28,C,423.0,0.01,0.07,0.02,90.0,7.0,0.26367923828125,False,2026-09-23 19:01:31+00:00,GLD260928C00423000
GLD,2026-09-23,392.8800048828125,2026-09-28,C,424.0,0.02,0.06,0.06,87.0,7.0,0.26563234375,False,2026-09-23 19:02:47+00:00,GLD260928C00424000
GLD,2026-09-23,392.8800048828125,2026-09-28,C,425.0,0.01,0.06,0.04,13.0,38.0,0.27246821289062495,False,2026-09-23 13:45:05+00:00,GLD260928C00425000
GLD,2026-09-23,392.8800048828125,2026-09-28,C,426.0,0.01,0.06,0.01,88.0,10.0,0.27930408203124996,False,2026-09-23 19:01:31+00:00,GLD260928C00426000
GLD,2026-09-23,392.8800048828125,2026-09-28,C,430.0,0.01,0.03,0.01,2.0,114.0,0.28125718749999995,False,2026-09-23 20:06:16+00:00,GLD260928C00430000
GLD,2026-09-23,392.8800048828125,2026-09-28,C,432.0,0.0,0.03,0.14,4.0,3.0,0.29492892578124996,False,2026-09-23 13:44:57+00:00,GLD260928C00432000
GLD,2026-09-23,392.8800048828125,2026-09-28,C,433.0,0.0,0.03,0.07,,1.0,0.3007882421875,False,2026-09-22 18:38:11+00:00,GLD260928C00433000
GLD,2026-09-23,392.8800048828125,2026-09-28,C,434.0,0.0,0.03,0.06,,2.0,0.30664755859375,False,2026-09-22 18:38:00+00:00,GLD260928C00434000
GLD,2026-09-23,392.8800048828125,2026-09-28,C,435.0,0.0,0.03,0.09,41.0,61.0,0.31250687499999996,False,2026-09-21 19:22:25+00:00,GLD260928C00435000
GLD,2026-09-23,392.8800048828125,2026-09-28,C,440.0,0.0,0.03,0.08,,1.0,0.3437565625,False,2026-09-22 15:38:19+00:00,GLD260928C00440000
GLD,2026-09-23,392.8800048828125,2026-09-28,C,445.0,0.0,0.03,0.01,2.0,8.0,0.37500625,False,2026-09-23 18:20:35+00:00,GLD260928C00445000
GLD,2026-09-23,392.8800048828125,2026-09-28,C,450.0,0.0,0.03,0.01,19.0,7.0,0.40430283203125,False,2026-09-23 18:20:55+00:00,GLD260928C00450000
GLD,2026-09-23,392.8800048828125,2026-09-28,C,455.0,0.0,0.04,0.06,4.0,4.0,0.44727115234375,False,2026-09-18 16:12:09+00:00,GLD260928C00455000
GLD,2026-09-23,392.8800048828125,2026-09-28,C,465.0,0.0,0.08,0.12,,2.0,0.5039112109375,False,2026-09-17 14:56:49+00:00,GLD260928C00465000
GLD,2026-09-23,392.8800048828125,2026-09-28,C,470.0,0.0,0.15,0.05,1.0,3.0,0.5722699023437501,False,2026-09-22 18:57:00+00:00,GLD260928C00470000
GLD,2026-09-23,392.8800048828125,2026-09-28,C,475.0,0.0,0.15,0.07,,1.0,0.6015664843750002,False,2026-09-17 15:55:42+00:00,GLD260928C00475000
GLD,2026-09-23,392.8800048828125,2026-09-28,C,480.0,0.0,0.15,0.06,3.0,3.0,0.63086306640625,False,2026-09-21 19:10:12+00:00,GLD260928C00480000
GLD,2026-09-23,392.8800048828125,2026-09-28,C,485.0,0.0,0.19,0.05,2.0,2.0,0.6777375976562501,False,2026-09-21 19:10:27+00:00,GLD260928C00485000
GLD,2026-09-23,392.8800048828125,2026-09-28,C,490.0,,0.15,0.05,,2.0,0.7460962890625,False,2026-09-21 19:12:58+00:00,GLD260928C00490000
GLD,2026-09-23,392.8800048828125,2026-09-28,C,495.0,0.0,0.18,0.06,,1.0,0.72851833984375,False,2026-09-17 19:05:19+00:00,GLD260928C00495000
GLD,2026-09-23,392.8800048828125,2026-09-28,P,305.0,0.0,0.14,0.04,,0.0,0.789064609375,False,2026-09-16 19:45:26+00:00,GLD260928P00305000
GLD,2026-09-23,392.8800048828125,2026-09-28,P,310.0,0.0,0.14,0.07,,1.0,0.74414318359375,False,2026-09-16 19:45:17+00:00,GLD260928P00310000
GLD,2026-09-23,392.8800048828125,2026-09-28,P,315.0,0.0,0.16,0.04,1.0,3.0,0.70898728515625,False,2026-09-18 15:37:03+00:00,GLD260928P00315000
GLD,2026-09-23,392.8800048828125,2026-09-28,P,320.0,0.0,0.15,0.08,,1.0,0.6601596484375001,False,2026-09-17 18:32:49+00:00,GLD260928P00320000
GLD,2026-09-23,392.8800048828125,2026-09-28,P,325.0,0.0,0.15,0.04,2.0,3.0,0.6152382226562501,False,2026-09-21 19:22:02+00:00,GLD260928P00325000
GLD,2026-09-23,392.8800048828125,2026-09-28,P,330.0,0.0,0.01,0.04,3.0,3.0,0.46094289062500005,False,2026-09-21 19:41:42+00:00,GLD260928P00330000
GLD,2026-09-23,392.8800048828125,2026-09-28,P,335.0,0.0,0.01,0.02,5.0,7.0,0.42188078125,False,2026-09-21 19:50:41+00:00,GLD260928P00335000
GLD,2026-09-23,392.8800048828125,2026-09-28,P,340.0,0.0,0.01,0.01,11.0,3.0,0.39063109375,False,2026-09-23 19:03:27+00:00,GLD260928P00340000
GLD,2026-09-23,392.8800048828125,2026-09-28,P,345.0,0.0,0.01,0.01,2.0,7.0,0.35156898437499995,False,2026-09-23 19:03:36+00:00,GLD260928P00345000
GLD,2026-09-23,392.8800048828125,2026-09-28,P,350.0,0.0,0.04,0.06,2.0,3.0,0.367193828125,False,2026-09-23 13:31:14+00:00,GLD260928P00350000
GLD,2026-09-23,392.8800048828125,2026-09-28,P,355.0,0.0,0.04,0.02,1.0,3.0,0.32617861328125,False,2026-09-23 16:41:24+00:00,GLD260928P00355000
GLD,2026-09-23,392.8800048828125,2026-09-28,P,360.0,0.02,0.04,0.03,2.0,5.0,0.28711650390624993,False,2026-09-23 18:43:15+00:00,GLD260928P00360000
GLD,2026-09-23,392.8800048828125,2026-09-28,P,365.0,0.02,0.07,0.04,2.0,10.0,0.26563234375,False,2026-09-23 17:44:32+00:00,GLD260928P00365000
GLD,2026-09-23,392.8800048828125,2026-09-28,P,370.0,0.04,0.09,0.06,6.0,71.0,0.231452998046875,False,2026-09-23 17:17:05+00:00,GLD260928P00370000
GLD,2026-09-23,392.8800048828125,2026-09-28,P,375.0,0.09,0.16,0.14,4.0,18.0,0.20655090332031245,False,2026-09-23 18:43:33+00:00,GLD260928P00375000
GLD,2026-09-23,392.8800048828125,2026-09-28,P,376.0,0.1,0.17,0.16,8.0,4.0,0.19873848144531248,False,2026-09-23 19:19:15+00:00,GLD260928P00376000
GLD,2026-09-23,392.8800048828125,2026-09-28,P,377.0,0.12,0.19,0.18,13.0,26.0,0.19336744140625,False,2026-09-23 19:37:42+00:00,GLD260928P00377000
GLD,2026-09-23,392.8800048828125,2026-09-28,P,378.0,0.14,0.24,0.14,1.0,113.0,0.192390888671875,False,2026-09-22 17:05:57+00:00,GLD260928P00378000
GLD,2026-09-23,392.8800048828125,2026-09-28,P,379.0,0.18,0.29,0.23,13.0,74.0,0.18994950683593753,False,2026-09-23 14:07:41+00:00,GLD260928P00379000
GLD,2026-09-23,392.8800048828125,2026-09-28,P,380.0,0.21,0.3,0.28,8.0,186.0,0.180672255859375,False,2026-09-23 18:18:45+00:00,GLD260928P00380000
GLD,2026-09-23,392.8800048828125,2026-09-28,P,381.0,0.26,0.39,0.32,5.0,73.0,0.18116053222656248,False,2026-09-23 19:37:42+00:00,GLD260928P00381000
GLD,2026-09-23,392.8800048828125,2026-09-28,P,382.0,0.32,0.43,0.38,66.0,1527.0,0.17408052490234377,False,2026-09-23 19:57:53+00:00,GLD260928P00382000
GLD,2026-09-23,392.8800048828125,2026-09-28,P,383.0,0.39,0.52,0.47,52.0,41.0,0.1713950048828125,False,2026-09-23 19:16:41+00:00,GLD260928P00383000
GLD,2026-09-23,392.8800048828125,2026-09-28,P,384.0,0.47,0.6,0.6,67.0,46.0,0.1662681030273438,False,2026-09-23 20:14:47+00:00,GLD260928P00384000
GLD,2026-09-23,392.8800048828125,2026-09-28,P,385.0,0.57,0.71,0.63,53.0,157.0,0.16236189208984375,False,2026-09-23 20:08:32+00:00,GLD260928P00385000
GLD,2026-09-23,392.8800048828125,2026-09-28,P,386.0,0.7,0.85,0.82,76.0,116.0,0.159188095703125,False,2026-09-23 20:12:51+00:00,GLD260928P00386000
GLD,2026-09-23,392.8800048828125,2026-09-28,P,387.0,0.92,1.03,1.04,83.0,38.0,0.15699085205078128,False,2026-09-23 19:59:27+00:00,GLD260928P00387000
GLD,2026-09-23,392.8800048828125,2026-09-28,P,388.0,1.08,1.25,1.23,211.0,176.0,0.15515981567382814,False,2026-09-23 19:59:54+00:00,GLD260928P00388000
GLD,2026-09-23,392.8800048828125,2026-09-28,P,389.0,1.33,1.51,1.43,221.0,68.0,0.1534508483886719,False,2026-09-23 20:08:32+00:00,GLD260928P00389000
GLD,2026-09-23,392.8800048828125,2026-09-28,P,390.0,1.66,1.81,1.84,119.0,147.0,0.15161981201171876,False,2026-09-23 19:57:53+00:00,GLD260928P00390000
GLD,2026-09-23,392.8800048828125,2026-09-28,P,391.0,1.99,2.22,2.14,49.0,150.0,0.1530846411132813,False,2026-09-23 20:05:28+00:00,GLD260928P00391000
GLD,2026-09-23,392.8800048828125,2026-09-28,P,392.0,2.38,2.7,2.74,128.0,174.0,0.15546498840332032,False,2026-09-23 19:39:25+00:00,GLD260928P00392000
GLD,2026-09-23,392.8800048828125,2026-09-28,P,393.0,2.84,3.1,3.05,234.0,38.0,0.15125360473632815,True,2026-09-23 19:52:43+00:00,GLD260928P00393000
GLD,2026-09-23,392.8800048828125,2026-09-28,P,394.0,3.35,3.65,3.3,26.0,181.0,0.1519860192871094,True,2026-09-23 19:07:07+00:00,GLD260928P00394000
GLD,2026-09-23,392.8800048828125,2026-09-28,P,395.0,3.95,4.25,4.26,21.0,85.0,0.15259636474609378,True,2026-09-23 18:52:11+00:00,GLD260928P00395000
GLD,2026-09-23,392.8800048828125,2026-09-28,P,396.0,4.5,4.95,5.04,17.0,92.0,0.15601429931640626,True,2026-09-23 19:37:32+00:00,GLD260928P00396000
GLD,2026-09-23,392.8800048828125,2026-09-28,P,397.0,5.15,5.65,5.21,12.0,236.0,0.15711292114257813,True,2026-09-23 17:55:15+00:00,GLD260928P00397000
GLD,2026-09-23,392.8800048828125,2026-09-28,P,398.0,5.85,6.45,6.41,12.0,98.0,0.16187361572265624,True,2026-09-23 19:41:50+00:00,GLD260928P00398000
GLD,2026-09-23,392.8800048828125,2026-09-28,P,399.0,6.6,7.2,7.15,2.0,130.0,0.16138533935546873,True,2026-09-23 18:47:59+00:00,GLD260928P00399000
GLD,2026-09-23,392.8800048828125,2026-09-28,P,400.0,7.45,7.95,7.28,19.0,59.0,0.15833361206054689,True,2026-09-23 15:10:24+00:00,GLD260928P00400000
GLD,2026-09-23,392.8800048828125,2026-09-28,P,401.0,8.3,8.85,8.89,3.0,32.0,0.1638267211914063,True,2026-09-23 15:39:12+00:00,GLD260928P00401000
GLD,2026-09-23,392.8800048828125,2026-09-28,P,402.0,9.2,9.7,9.6,2.0,10.0,0.1638267211914063,True,2026-09-23 16:46:21+00:00,GLD260928P00402000
GLD,2026-09-23,392.8800048828125,2026-09-28,P,403.0,10.1,10.7,10.95,1.0,9.0,0.17566742309570313,True,2026-09-23 17:35:18+00:00,GLD260928P00403000
GLD,2026-09-23,392.8800048828125,2026-09-28,P,404.0,11.0,11.75,10.83,5.0,5.0,0.19214675048828128,True,2026-09-23 15:25:42+00:00,GLD260928P00404000
GLD,2026-09-23,392.8800048828125,2026-09-28,P,405.0,11.95,12.7,12.7,3.0,72.0,0.19886055053710935,True,2026-09-23 17:24:08+00:00,GLD260928P00405000
GLD,2026-09-23,392.8800048828125,2026-09-28,P,406.0,12.9,13.75,12.7,1.0,4.0,0.21521780883789063,True,2026-09-23 15:23:55+00:00,GLD260928P00406000
GLD,2026-09-23,392.8800048828125,2026-09-28,P,407.0,13.85,14.7,14.7,2.0,7.0,0.2211991943359375,True,2026-09-23 16:53:48+00:00,GLD260928P00407000
GLD,2026-09-23,392.8800048828125,2026-09-28,P,408.0,14.85,15.65,15.22,2.0,2.0,0.22669230346679686,True,2026-09-23 19:49:04+00:00,GLD260928P00408000
GLD,2026-09-23,392.8800048828125,2026-09-28,P,409.0,15.8,16.65,11.0,,4.0,0.23731231445312498,True,2026-09-21 19:38:17+00:00,GLD260928P00409000
GLD,2026-09-23,392.8800048828125,2026-09-28,P,410.0,16.8,17.6,17.79,5.0,6.0,0.2417068017578125,True,2026-09-23 17:19:36+00:00,GLD260928P00410000
GLD,2026-09-23,392.8800048828125,2026-09-28,P,412.0,18.8,19.6,21.67,,2.0,0.2622144091796875,True,2026-09-14 13:43:50+00:00,GLD260928P00412000
GLD,2026-09-23,392.8800048828125,2026-09-28,P,414.0,20.75,21.75,20.48,2.0,3.0,0.30152065673828127,True,2026-09-23 14:48:32+00:00,GLD260928P00414000
GLD,2026-09-23,392.8800048828125,2026-09-28,P,415.0,21.6,22.8,22.68,5.0,6.0,0.31763377685546873,True,2026-09-23 17:19:36+00:00,GLD260928P00415000
GLD,2026-09-23,392.8800048828125,2026-09-28,P,418.0,24.15,26.15,16.65,1.0,1.0,0.3881897119140625,True,2026-09-18 18:43:04+00:00,GLD260928P00418000
GLD,2026-09-23,392.8800048828125,2026-09-28,P,420.0,26.25,27.75,21.32,,1.0,0.36133451171875,True,2026-09-17 15:03:11+00:00,GLD260928P00420000
GLD,2026-09-23,392.8800048828125,2026-09-28,P,425.0,30.7,33.15,25.96,,1.0,0.46094289062500005,True,2026-09-17 18:58:26+00:00,GLD260928P00425000
GLD,2026-09-23,392.8800048828125,2026-09-28,P,433.0,39.15,41.15,44.25,,0.0,0.5393112475585939,True,2026-09-16 19:10:29+00:00,GLD260928P00433000
GLD,2026-09-23,392.8800048828125,2026-09-29,C,330.0,62.6,64.1,68.6,,9.0,0.692385888671875,True,2026-09-22 17:52:35+00:00,GLD260929C00330000
GLD,2026-09-23,392.8800048828125,2026-09-29,C,375.0,17.9,18.65,18.7,1.0,1.0,0.27368890380859373,True,2026-09-23 14:35:59+00:00,GLD260929C00375000
GLD,2026-09-23,392.8800048828125,2026-09-29,C,381.0,12.15,12.95,15.6,,9.0,0.22779092529296874,True,2026-09-15 15:59:50+00:00,GLD260929C00381000
GLD,2026-09-23,392.8800048828125,2026-09-29,C,382.0,11.2,12.0,18.8,,1.0,0.2186357434082031,True,2026-09-17 16:55:29+00:00,GLD260929C00382000
GLD,2026-09-23,392.8800048828125,2026-09-29,C,384.0,9.5,10.25,13.3,,2.0,0.20862607788085932,True,2026-09-15 15:55:41+00:00,GLD260929C00384000
GLD,2026-09-23,392.8800048828125,2026-09-29,C,385.0,8.65,9.4,12.6,,34.0,0.20374331420898437,True,2026-09-15 15:55:41+00:00,GLD260929C00385000
GLD,2026-09-23,392.8800048828125,2026-09-29,C,388.0,6.35,6.95,13.6,,1.0,0.18775226318359373,True,2026-09-17 18:22:07+00:00,GLD260929C00388000
GLD,2026-09-23,392.8800048828125,2026-09-29,C,389.0,5.65,6.25,6.11,2.0,3.0,0.1859212268066406,True,2026-09-23 13:49:34+00:00,GLD260929C00389000
GLD,2026-09-23,392.8800048828125,2026-09-29,C,390.0,5.05,5.5,5.1,7.0,7.0,0.17993984130859375,True,2026-09-23 13:42:17+00:00,GLD260929C00390000
GLD,2026-09-23,392.8800048828125,2026-09-29,C,391.0,4.5,4.9,4.6,9.0,6.0,0.17957363403320312,True,2026-09-23 19:59:48+00:00,GLD260929C00391000
GLD,2026-09-23,392.8800048828125,2026-09-29,C,392.0,4.0,4.25,4.11,1174.0,2.0,0.1749350085449219,True,2026-09-23 19:16:37+00:00,GLD260929C00392000
GLD,2026-09-23,392.8800048828125,2026-09-29,C,394.0,3.0,3.25,3.09,58.0,1.0,0.17408052490234377,False,2026-09-23 19:56:40+00:00,GLD260929C00394000
GLD,2026-09-23,392.8800048828125,2026-09-29,C,395.0,2.6,2.8,2.7,146.0,65.0,0.1729819030761719,False,2026-09-23 19:52:40+00:00,GLD260929C00395000
GLD,2026-09-23,392.8800048828125,2026-09-29,C,396.0,2.21,2.4,2.63,1.0,26.0,0.17237155761718753,False,2026-09-23 14:08:41+00:00,GLD260929C00396000
GLD,2026-09-23,392.8800048828125,2026-09-29,C,397.0,1.87,2.07,1.96,35.0,56.0,0.17310397216796874,False,2026-09-23 19:58:48+00:00,GLD260929C00397000
GLD,2026-09-23,392.8800048828125,2026-09-29,C,398.0,1.58,1.77,1.65,20.0,81.0,0.17359224853515626,False,2026-09-23 19:40:56+00:00,GLD260929C00398000
GLD,2026-09-23,392.8800048828125,2026-09-29,C,399.0,1.33,1.48,1.41,11.0,81.0,0.1726767303466797,False,2026-09-23 17:23:32+00:00,GLD260929C00399000
GLD,2026-09-23,392.8800048828125,2026-09-29,C,400.0,1.11,1.26,1.16,56.0,266.0,0.17383638671875,False,2026-09-23 19:39:47+00:00,GLD260929C00400000
GLD,2026-09-23,392.8800048828125,2026-09-29,C,401.0,0.95,1.09,1.13,41.0,123.0,0.1763998376464844,False,2026-09-23 18:51:22+00:00,GLD260929C00401000
GLD,2026-09-23,392.8800048828125,2026-09-29,C,402.0,0.76,0.92,1.08,10.0,38.0,0.17737639038085937,False,2026-09-23 14:55:40+00:00,GLD260929C00402000
GLD,2026-09-23,392.8800048828125,2026-09-29,C,403.0,0.67,0.76,0.77,123.0,393.0,0.1772543212890625,False,2026-09-23 20:11:42+00:00,GLD260929C00403000
GLD,2026-09-23,392.8800048828125,2026-09-29,C,404.0,0.56,0.66,0.62,64.0,96.0,0.18042811767578126,False,2026-09-23 19:39:19+00:00,GLD260929C00404000
GLD,2026-09-23,392.8800048828125,2026-09-29,C,405.0,0.43,0.56,0.56,20.0,127.0,0.1821370849609375,False,2026-09-23 19:33:39+00:00,GLD260929C00405000
GLD,2026-09-23,392.8800048828125,2026-09-29,C,406.0,0.36,0.5,0.6,6.0,117.0,0.18665364135742188,False,2026-09-23 13:44:08+00:00,GLD260929C00406000
GLD,2026-09-23,392.8800048828125,2026-09-29,C,407.0,0.31,0.41,0.37,13.0,324.0,0.18677571044921876,False,2026-09-23 19:55:42+00:00,GLD260929C00407000
GLD,2026-09-23,392.8800048828125,2026-09-29,C,408.0,0.27,0.39,0.36,3.0,70.0,0.19409985595703128,False,2026-09-23 13:33:52+00:00,GLD260929C00408000
GLD,2026-09-23,392.8800048828125,2026-09-29,C,409.0,0.22,0.34,0.29,1.0,336.0,0.19702951416015624,False,2026-09-23 19:39:15+00:00,GLD260929C00409000
GLD,2026-09-23,392.8800048828125,2026-09-29,C,410.0,0.2,0.26,0.24,102.0,220.0,0.194343994140625,False,2026-09-23 18:20:45+00:00,GLD260929C00410000
GLD,2026-09-23,392.8800048828125,2026-09-29,C,411.0,0.14,0.26,0.39,9.0,888.0,0.20288883056640622,False,2026-09-23 13:31:47+00:00,GLD260929C00411000
GLD,2026-09-23,392.8800048828125,2026-09-29,C,412.0,0.14,0.22,0.19,27.0,28.0,0.20459779785156246,False,2026-09-23 19:55:42+00:00,GLD260929C00412000
GLD,2026-09-23,392.8800048828125,2026-09-29,C,413.0,0.11,0.2,0.88,37.0,38.0,0.20899228515624996,False,2026-09-22 19:58:25+00:00,GLD260929C00413000
GLD,2026-09-23,392.8800048828125,2026-09-29,C,414.0,0.09,0.18,0.15,1.0,29.0,0.21289849609375,False,2026-09-23 15:35:54+00:00,GLD260929C00414000
GLD,2026-09-23,392.8800048828125,2026-09-29,C,415.0,0.08,0.16,0.16,3.0,90.0,0.21631643066406248,False,2026-09-23 17:50:34+00:00,GLD260929C00415000
GLD,2026-09-23,392.8800048828125,2026-09-29,C,416.0,0.08,0.15,0.12,15.0,27.0,0.2211991943359375,False,2026-09-23 15:46:11+00:00,GLD260929C00416000
GLD,2026-09-23,392.8800048828125,2026-09-29,C,417.0,0.06,0.13,0.11,1.0,7.0,0.22364057617187497,False,2026-09-23 15:35:54+00:00,GLD260929C00417000
GLD,2026-09-23,392.8800048828125,2026-09-29,C,418.0,0.07,0.12,1.12,138.0,139.0,0.2280350634765625,False,2026-09-18 17:59:23+00:00,GLD260929C00418000
GLD,2026-09-23,392.8800048828125,2026-09-29,C,419.0,0.04,0.14,0.18,4.0,14.0,0.241218525390625,False,2026-09-23 13:40:01+00:00,GLD260929C00419000
GLD,2026-09-23,392.8800048828125,2026-09-29,C,420.0,0.05,0.11,0.1,53.0,297.0,0.23926541992187497,False,2026-09-23 17:34:45+00:00,GLD260929C00420000
GLD,2026-09-23,392.8800048828125,2026-09-29,C,422.0,0.03,0.1,0.18,2.0,132.0,0.2500075,False,2026-09-22 14:39:21+00:00,GLD260929C00422000
GLD,2026-09-23,392.8800048828125,2026-09-29,C,423.0,0.03,0.09,0.09,1.0,5.0,0.252937158203125,False,2026-09-23 14:06:07+00:00,GLD260929C00423000
GLD,2026-09-23,392.8800048828125,2026-09-29,C,424.0,0.02,0.09,0.06,1.0,3.0,0.25977302734375,False,2026-09-23 16:34:34+00:00,GLD260929C00424000
GLD,2026-09-23,392.8800048828125,2026-09-29,C,425.0,0.02,0.08,0.19,2.0,14.0,0.2617261328125,False,2026-09-22 19:58:21+00:00,GLD260929C00425000
GLD,2026-09-23,392.8800048828125,2026-09-29,C,426.0,0.01,0.08,0.38,336.0,336.0,0.26856200195312496,False,2026-09-18 14:55:31+00:00,GLD260929C00426000
GLD,2026-09-23,392.8800048828125,2026-09-29,C,427.0,0.01,0.07,0.46,1.0,11.0,0.270515107421875,False,2026-09-18 17:41:29+00:00,GLD260929C00427000
GLD,2026-09-23,392.8800048828125,2026-09-29,C,429.0,0.01,0.07,0.1,4.0,5.0,0.28321029296874994,False,2026-09-23 13:40:01+00:00,GLD260929C00429000
GLD,2026-09-23,392.8800048828125,2026-09-29,C,430.0,0.01,0.07,0.1,,1.0,0.29004616210937495,False,2026-09-22 14:15:02+00:00,GLD260929C00430000
GLD,2026-09-23,392.8800048828125,2026-09-29,C,431.0,0.01,0.06,0.09,,1.0,0.29004616210937495,False,2026-09-22 14:14:45+00:00,GLD260929C00431000
GLD,2026-09-23,392.8800048828125,2026-09-29,C,432.0,0.01,0.06,0.17,1.0,6.0,0.29688203124999996,False,2026-09-22 14:14:41+00:00,GLD260929C00432000
GLD,2026-09-23,392.8800048828125,2026-09-29,C,433.0,0.01,0.06,0.16,,5.0,0.30274134765625,False,2026-09-22 14:14:54+00:00,GLD260929C00433000
GLD,2026-09-23,392.8800048828125,2026-09-29,C,434.0,0.01,0.06,0.12,5.0,5.0,0.3086006640625,False,2026-09-21 14:41:31+00:00,GLD260929C00434000
GLD,2026-09-23,392.8800048828125,2026-09-29,C,445.0,0.0,0.05,0.12,1.0,1.0,0.367193828125,False,2026-09-18 15:33:03+00:00,GLD260929C00445000
GLD,2026-09-23,392.8800048828125,2026-09-29,C,455.0,0.0,0.04,0.03,,3.0,0.414068359375,False,2026-09-22 14:16:02+00:00,GLD260929C00455000
GLD,2026-09-23,392.8800048828125,2026-09-29,C,460.0,0.0,0.05,0.02,1.0,1.0,0.45117736328125,False,2026-09-23 15:56:37+00:00,GLD260929C00460000
GLD,2026-09-23,392.8800048828125,2026-09-29,C,465.0,0.0,0.06,0.1,,2.0,0.48828636718750007,False,2026-09-22 14:15:55+00:00,GLD260929C00465000
GLD,2026-09-23,392.8800048828125,2026-09-29,C,475.0,0.0,0.1,0.09,1.0,2.0,0.5312546875,False,2026-09-22 14:15:37+00:00,GLD260929C00475000
GLD,2026-09-23,392.8800048828125,2026-09-29,C,480.0,0.0,0.09,0.03,1.0,21.0,0.5507857421875001,False,2026-09-23 14:36:44+00:00,GLD260929C00480000
GLD,2026-09-23,392.8800048828125,2026-09-29,C,485.0,,0.1,0.05,,3.0,0.63086306640625,False,2026-09-22 18:56:45+00:00,GLD260929C00485000
GLD,2026-09-23,392.8800048828125,2026-09-29,C,490.0,0.0,0.1,0.08,1.0,2.0,0.6074258007812501,False,2026-09-22 18:58:39+00:00,GLD260929C00490000
GLD,2026-09-23,392.8800048828125,2026-09-29,C,495.0,0.0,0.09,0.05,,1.0,0.6250037500000001,False,2026-09-17 15:57:14+00:00,GLD260929C00495000
GLD,2026-09-23,392.8800048828125,2026-09-29,C,500.0,0.0,0.03,0.01,1.0,5.0,0.585941640625,False,2026-09-21 17:38:25+00:00,GLD260929C00500000
GLD,2026-09-23,392.8800048828125,2026-09-29,P,305.0,0.0,0.07,0.08,,1.0,0.6796907031250001,False,2026-09-17 14:42:27+00:00,GLD260929P00305000
GLD,2026-09-23,392.8800048828125,2026-09-29,P,310.0,0.0,0.07,0.03,1.0,2.0,0.63867548828125,False,2026-09-18 13:44:41+00:00,GLD260929P00310000
GLD,2026-09-23,392.8800048828125,2026-09-29,P,315.0,0.0,0.08,0.04,1.0,2.0,0.6093789062500001,False,2026-09-18 15:36:46+00:00,GLD260929P00315000
GLD,2026-09-23,392.8800048828125,2026-09-29,P,320.0,0.0,0.04,0.04,1.0,2.0,0.5312546875,False,2026-09-21 19:16:26+00:00,GLD260929P00320000
GLD,2026-09-23,392.8800048828125,2026-09-29,P,325.0,,0.08,0.08,,4.0,0.5742230078125,False,2026-09-22 13:37:01+00:00,GLD260929P00325000
GLD,2026-09-23,392.8800048828125,2026-09-29,P,330.0,0.0,0.05,0.08,,6.0,0.5039112109375,False,2026-09-22 13:41:03+00:00,GLD260929P00330000
GLD,2026-09-23,392.8800048828125,2026-09-29,P,335.0,0.0,0.04,0.05,,1.0,0.45313046875,False,2026-09-21 19:31:56+00:00,GLD260929P00335000
GLD,2026-09-23,392.8800048828125,2026-09-29,P,345.0,0.02,0.04,0.14,1.0,6.0,0.37695935546875,False,2026-09-22 18:42:46+00:00,GLD260929P00345000
GLD,2026-09-23,392.8800048828125,2026-09-29,P,350.0,0.0,0.05,0.05,6.0,12.0,0.34961587890624996,False,2026-09-22 18:44:08+00:00,GLD260929P00350000
GLD,2026-09-23,392.8800048828125,2026-09-29,P,355.0,0.02,0.05,0.05,1.0,5.0,0.31055376953124997,False,2026-09-23 13:57:26+00:00,GLD260929P00355000
GLD,2026-09-23,392.8800048828125,2026-09-29,P,360.0,0.01,0.07,0.04,1.0,10.0,0.28516339843749994,False,2026-09-22 19:28:01+00:00,GLD260929P00360000
GLD,2026-09-23,392.8800048828125,2026-09-29,P,365.0,0.02,0.09,0.06,1.0,10.0,0.25489026367187506,False,2026-09-23 17:38:30+00:00,GLD260929P00365000
GLD,2026-09-23,392.8800048828125,2026-09-29,P,370.0,0.05,0.13,0.11,,6.0,0.22705851074218747,False,2026-09-22 15:41:13+00:00,GLD260929P00370000
GLD,2026-09-23,392.8800048828125,2026-09-29,P,375.0,0.13,0.22,0.19,13.0,6.0,0.20313296874999998,False,2026-09-23 19:31:27+00:00,GLD260929P00375000
GLD,2026-09-23,392.8800048828125,2026-09-29,P,376.0,0.17,0.34,0.24,502.0,7.0,0.21289849609375,False,2026-09-23 17:33:18+00:00,GLD260929P00376000
GLD,2026-09-23,392.8800048828125,2026-09-29,P,377.0,0.17,0.3,0.27,7.0,13.0,0.19727365234375,False,2026-09-23 18:45:17+00:00,GLD260929P00377000
GLD,2026-09-23,392.8800048828125,2026-09-29,P,378.0,0.23,0.32,0.31,2.0,150.0,0.18994950683593753,False,2026-09-23 19:35:11+00:00,GLD260929P00378000
GLD,2026-09-23,392.8800048828125,2026-09-29,P,379.0,0.26,0.4,0.32,2.0,204.0,0.18994950683593753,False,2026-09-23 14:41:03+00:00,GLD260929P00379000
GLD,2026-09-23,392.8800048828125,2026-09-29,P,380.0,0.31,0.44,0.39,40.0,14.0,0.18384605224609374,False,2026-09-23 19:57:12+00:00,GLD260929P00380000
GLD,2026-09-23,392.8800048828125,2026-09-29,P,381.0,0.38,0.52,0.49,26.0,7.0,0.18140467041015623,False,2026-09-23 17:01:50+00:00,GLD260929P00381000
GLD,2026-09-23,392.8800048828125,2026-09-29,P,382.0,0.45,0.62,0.58,95.0,19.0,0.17920742675781248,False,2026-09-23 18:45:11+00:00,GLD260929P00382000
GLD,2026-09-23,392.8800048828125,2026-09-29,P,383.0,0.57,0.7,0.73,398.0,15.0,0.17420259399414065,False,2026-09-23 17:21:46+00:00,GLD260929P00383000
GLD,2026-09-23,392.8800048828125,2026-09-29,P,384.0,0.71,0.82,0.77,82.0,12.0,0.17115086669921875,False,2026-09-23 18:21:46+00:00,GLD260929P00384000
GLD,2026-09-23,392.8800048828125,2026-09-29,P,385.0,0.84,0.96,0.94,58.0,69.0,0.1680991394042969,False,2026-09-23 14:42:00+00:00,GLD260929P00385000
GLD,2026-09-23,392.8800048828125,2026-09-29,P,386.0,1.0,1.14,1.17,25.0,56.0,0.16614603393554692,False,2026-09-23 19:45:45+00:00,GLD260929P00386000
GLD,2026-09-23,392.8800048828125,2026-09-29,P,387.0,1.19,1.35,1.33,44.0,51.0,0.16431499755859375,False,2026-09-23 17:23:32+00:00,GLD260929P00387000
GLD,2026-09-23,392.8800048828125,2026-09-29,P,388.0,1.42,1.59,1.55,56.0,87.0,0.16236189208984375,False,2026-09-23 19:49:51+00:00,GLD260929P00388000
GLD,2026-09-23,392.8800048828125,2026-09-29,P,389.0,1.69,1.87,1.8,50.0,71.0,0.1606529248046875,False,2026-09-23 18:21:46+00:00,GLD260929P00389000
GLD,2026-09-23,392.8800048828125,2026-09-29,P,390.0,2.04,2.33,2.2,233.0,65.0,0.16590189575195316,False,2026-09-23 18:17:35+00:00,GLD260929P00390000
GLD,2026-09-23,392.8800048828125,2026-09-29,P,391.0,2.37,2.69,2.55,35.0,60.0,0.1640098248291016,False,2026-09-23 20:03:34+00:00,GLD260929P00391000
GLD,2026-09-23,392.8800048828125,2026-09-29,P,392.0,2.78,3.1,3.0,33.0,86.0,0.16248396118164063,False,2026-09-23 19:48:16+00:00,GLD260929P00392000
GLD,2026-09-23,392.8800048828125,2026-09-29,P,393.0,3.25,3.5,3.38,39.0,136.0,0.15845568115234376,True,2026-09-23 17:49:21+00:00,GLD260929P00393000
GLD,2026-09-23,392.8800048828125,2026-09-29,P,394.0,3.75,4.1,4.1,1.0,101.0,0.16156844299316403,True,2026-09-23 15:44:23+00:00,GLD260929P00394000
GLD,2026-09-23,392.8800048828125,2026-09-29,P,395.0,4.35,4.65,4.9,20.0,58.0,0.16028671752929688,True,2026-09-23 19:38:23+00:00,GLD260929P00395000
GLD,2026-09-23,392.8800048828125,2026-09-29,P,396.0,4.9,5.25,2.48,18.0,47.0,0.159188095703125,True,2026-09-22 19:13:03+00:00,GLD260929P00396000
GLD,2026-09-23,392.8800048828125,2026-09-29,P,397.0,5.5,6.0,6.0,7.0,166.0,0.16358258300781253,True,2026-09-23 19:39:01+00:00,GLD260929P00397000
GLD,2026-09-23,392.8800048828125,2026-09-29,P,398.0,6.2,6.7,5.1,1.0,77.0,0.16346051391601565,True,2026-09-22 19:45:23+00:00,GLD260929P00398000
GLD,2026-09-23,392.8800048828125,2026-09-29,P,399.0,6.7,7.45,3.62,115.0,74.0,0.1641929284667969,True,2026-09-22 19:16:59+00:00,GLD260929P00399000
GLD,2026-09-23,392.8800048828125,2026-09-29,P,400.0,7.8,8.25,7.87,9.0,145.0,0.16590189575195316,True,2026-09-23 16:40:42+00:00,GLD260929P00400000
GLD,2026-09-23,392.8800048828125,2026-09-29,P,401.0,8.55,9.05,7.87,5.0,4.0,0.16577982666015628,True,2026-09-23 13:36:34+00:00,GLD260929P00401000
GLD,2026-09-23,392.8800048828125,2026-09-29,P,402.0,9.4,9.9,9.24,2.0,16.0,0.16724465576171876,True,2026-09-22 18:26:48+00:00,GLD260929P00402000
GLD,2026-09-23,392.8800048828125,2026-09-29,P,404.0,10.9,11.7,11.8,1.0,4.0,0.17347017944335938,True,2026-09-23 17:02:05+00:00,GLD260929P00404000
GLD,2026-09-23,392.8800048828125,2026-09-29,P,405.0,12.1,12.65,13.1,10.0,8.0,0.17945156494140624,True,2026-09-23 17:04:08+00:00,GLD260929P00405000
GLD,2026-09-23,392.8800048828125,2026-09-29,P,406.0,13.0,13.6,9.52,24.0,6.0,0.18470053588867186,True,2026-09-18 14:02:58+00:00,GLD260929P00406000
GLD,2026-09-23,392.8800048828125,2026-09-29,P,407.0,13.8,14.5,14.25,2.0,5.0,0.18335777587890623,True,2026-09-23 19:52:49+00:00,GLD260929P00407000
GLD,2026-09-23,392.8800048828125,2026-09-29,P,409.0,15.6,16.45,12.2,1.0,7.0,0.1958088232421875,True,2026-09-21 14:10:48+00:00,GLD260929P00409000
GLD,2026-09-23,392.8800048828125,2026-09-29,P,410.0,16.65,17.45,17.33,1.0,1.0,0.2048419360351562,True,2026-09-23 19:42:17+00:00,GLD260929P00410000
GLD,2026-09-23,392.8800048828125,2026-09-29,P,413.0,19.25,21.1,14.85,,1.0,0.3042061767578125,True,2026-09-17 16:46:15+00:00,GLD260929P00413000
GLD,2026-09-23,392.8800048828125,2026-09-29,P,417.0,23.45,24.75,17.67,1.0,1.0,0.30713583496093744,True,2026-09-18 16:11:56+00:00,GLD260929P00417000
GLD,2026-09-23,392.8800048828125,2026-09-29,P,419.0,25.15,27.15,18.65,1.0,1.0,0.36939107177734376,True,2026-09-18 16:28:33+00:00,GLD260929P00419000
GLD,2026-09-23,392.8800048828125,2026-09-30,C,250.0,141.25,144.55,154.37,2.0,26.0,1.0234423828125,True,2026-09-09 19:31:58+00:00,GLD260930C00250000
GLD,2026-09-23,392.8800048828125,2026-09-30,C,255.0,117.8,121.75,127.13,1.0,0.0,1.0000000000000003e-05,True,2026-06-10 16:00:17+00:00,GLD260930C00255000
GLD,2026-09-23,392.8800048828125,2026-09-30,C,260.0,0.0,0.0,142.05,1.0,0.0,1.0000000000000003e-05,True,2026-08-11 18:00:18+00:00,GLD260930C00260000
GLD,2026-09-23,392.8800048828125,2026-09-30,C,265.0,184.0,187.9,155.91,1.0,4.0,5.943484015960694,True,2026-03-20 19:53:59+00:00,GLD260930C00265000
GLD,2026-09-23,392.8800048828125,2026-09-30,C,270.0,0.0,0.0,132.3,1.0,0.0,1.0000000000000003e-05,True,2026-08-11 18:00:03+00:00,GLD260930C00270000
GLD,2026-09-23,392.8800048828125,2026-09-30,C,275.0,0.0,0.0,149.24,,0.0,1.0000000000000003e-05,True,2026-03-30 15:33:12+00:00,GLD260930C00275000
GLD,2026-09-23,392.8800048828125,2026-09-30,C,280.0,112.2,113.95,126.28,1.0,37.0,1.0058643457031249,True,2026-09-04 18:57:14+00:00,GLD260930C00280000
GLD,2026-09-23,392.8800048828125,2026-09-30,C,285.0,0.0,0.0,117.5,1.0,0.0,1.0000000000000003e-05,True,2026-08-11 15:41:43+00:00,GLD260930C00285000
GLD,2026-09-23,392.8800048828125,2026-09-30,C,290.0,102.5,103.8,108.72,1.0,63.0,0.95507857421875,True,2026-09-21 19:14:11+00:00,GLD260930C00290000
GLD,2026-09-23,392.8800048828125,2026-09-30,C,295.0,169.5,173.65,129.48,1.0,3.0,5.9418971038818365,True,2025-12-26 14:59:36+00:00,GLD260930C00295000
GLD,2026-09-23,392.8800048828125,2026-09-30,C,300.0,92.25,94.1,105.59,2.0,37.0,0.8720715917968749,True,2026-09-09 18:30:38+00:00,GLD260930C00300000
GLD,2026-09-23,392.8800048828125,2026-09-30,C,305.0,86.9,89.15,92.2,3.0,18.0,0.747072841796875,True,2026-09-22 14:39:11+00:00,GLD260930C00305000
GLD,2026-09-23,392.8800048828125,2026-09-30,C,310.0,82.25,84.15,90.62,2.0,21.0,0.7885763330078125,True,2026-09-10 17:09:31+00:00,GLD260930C00310000
GLD,2026-09-23,392.8800048828125,2026-09-30,C,315.0,77.2,79.75,85.67,2.0,41.0,0.8237322314453124,True,2026-09-10 17:09:31+00:00,GLD260930C00315000
GLD,2026-09-23,392.8800048828125,2026-09-30,C,318.0,149.65,153.25,122.3,7.0,9.0,5.398562822113036,True,2026-02-02 16:45:06+00:00,GLD260930C00318000
GLD,2026-09-23,392.8800048828125,2026-09-30,C,319.0,107.2,111.0,65.65,10.0,10.0,3.1628438897705085,True,2026-07-06 16:15:07+00:00,GLD260930C00319000
GLD,2026-09-23,392.8800048828125,2026-09-30,C,320.0,72.65,73.5,79.2,11.0,151.0,0.64648791015625,True,2026-09-22 18:36:05+00:00,GLD260930C00320000
GLD,2026-09-23,392.8800048828125,2026-09-30,C,321.0,105.2,109.0,63.8,11.0,28.0,3.117800057067871,True,2026-07-06 16:15:09+00:00,GLD260930C00321000
GLD,2026-09-23,392.8800048828125,2026-09-30,C,322.0,129.95,133.15,108.25,1.0,71.0,4.4408613825225824,True,2026-03-19 15:40:14+00:00,GLD260930C00322000
GLD,2026-09-23,392.8800048828125,2026-09-30,C,323.0,69.25,71.1,76.55,10.0,71.0,0.6611362011718751,True,2026-09-11 18:13:58+00:00,GLD260930C00323000
GLD,2026-09-23,392.8800048828125,2026-09-30,C,324.0,68.25,70.1,75.55,10.0,135.0,0.6518589501953126,True,2026-09-11 18:13:58+00:00,GLD260930C00324000
GLD,2026-09-23,392.8800048828125,2026-09-30,C,325.0,67.25,68.9,74.55,1.0,56.0,0.6035195898437502,True,2026-09-11 18:13:58+00:00,GLD260930C00325000
GLD,2026-09-23,392.8800048828125,2026-09-30,C,326.0,66.25,67.9,78.25,101.0,79.0,0.59570716796875,True,2026-09-09 19:07:42+00:00,GLD260930C00326000
GLD,2026-09-23,392.8800048828125,2026-09-30,C,327.0,65.25,67.1,73.99,50.0,51.0,0.6250037500000001,True,2026-09-10 17:19:10+00:00,GLD260930C00327000
GLD,2026-09-23,392.8800048828125,2026-09-30,C,328.0,140.25,143.85,111.7,110.0,57.0,5.136417153701783,True,2026-02-02 16:33:30+00:00,GLD260930C00328000
GLD,2026-09-23,392.8800048828125,2026-09-30,C,329.0,94.5,98.1,72.52,113.0,94.0,2.7915069274902344,True,2025-12-04 16:22:51+00:00,GLD260930C00329000
GLD,2026-09-23,392.8800048828125,2026-09-30,C,330.0,62.25,64.0,70.75,26.0,47.0,0.5810588769531251,True,2026-09-10 17:12:23+00:00,GLD260930C00330000
GLD,2026-09-23,392.8800048828125,2026-09-30,C,331.0,61.65,62.95,73.3,100.0,32.0,0.6254920263671876,True,2026-09-09 19:07:42+00:00,GLD260930C00331000
GLD,2026-09-23,392.8800048828125,2026-09-30,C,332.0,60.25,62.15,69.05,50.0,27.0,0.5883830224609375,True,2026-09-10 17:19:10+00:00,GLD260930C00332000
GLD,2026-09-23,392.8800048828125,2026-09-30,C,333.0,93.3,97.15,45.96,1.0,8.0,2.8564481713867185,True,2026-07-21 14:36:10+00:00,GLD260930C00333000
GLD,2026-09-23,392.8800048828125,2026-09-30,C,334.0,134.0,137.35,101.91,1.0,119.0,4.944339757080078,True,2026-01-13 15:47:02+00:00,GLD260930C00334000
GLD,2026-09-23,392.8800048828125,2026-09-30,C,335.0,57.6,59.15,66.6,1.0,28.0,0.6064492480468751,True,2026-09-17 14:14:59+00:00,GLD260930C00335000
GLD,2026-09-23,392.8800048828125,2026-09-30,C,336.0,132.85,136.4,100.85,20.0,59.0,4.93579484588623,True,2026-02-02 16:01:55+00:00,GLD260930C00336000
GLD,2026-09-23,392.8800048828125,2026-09-30,C,337.0,87.55,89.65,66.1,,103.0,2.6339145480346677,True,2025-12-04 16:18:13+00:00,GLD260930C00337000
GLD,2026-09-23,392.8800048828125,2026-09-30,C,338.0,89.25,91.65,40.01,3.0,272.0,2.757388360443115,True,2026-07-24 18:39:41+00:00,GLD260930C00338000
GLD,2026-09-23,392.8800048828125,2026-09-30,C,339.0,0.0,0.0,69.04,1.0,0.0,1.0000000000000003e-05,True,2026-08-17 16:57:55+00:00,GLD260930C00339000
GLD,2026-09-23,392.8800048828125,2026-09-30,C,340.0,52.5,53.85,71.6,1.0,318.0,0.5102588037109376,True,2026-09-03 14:29:13+00:00,GLD260930C00340000
GLD,2026-09-23,392.8800048828125,2026-09-30,C,341.0,51.0,53.2,58.9,1.0,141.0,0.6787141503906251,True,2026-09-11 18:14:59+00:00,GLD260930C00341000
GLD,2026-09-23,392.8800048828125,2026-09-30,C,342.0,84.55,85.15,62.4,,157.0,2.588992785339355,True,2025-12-03 17:48:21+00:00,GLD260930C00342000
GLD,2026-09-23,392.8800048828125,2026-09-30,C,343.0,154.75,157.15,93.65,1.0,42.0,6.17602767059326,True,2026-01-16 15:06:09+00:00,GLD260930C00343000
GLD,2026-09-23,392.8800048828125,2026-09-30,C,344.0,0.0,0.0,71.93,1.0,0.0,1.0000000000000003e-05,True,2026-08-19 19:32:40+00:00,GLD260930C00344000
GLD,2026-09-23,392.8800048828125,2026-09-30,C,345.0,47.5,48.65,81.55,1.0,252.0,0.56055126953125,True,2026-08-24 18:14:59+00:00,GLD260930C00345000
GLD,2026-09-23,392.8800048828125,2026-09-30,C,346.0,0.0,0.0,85.9,2.0,0.0,1.0000000000000003e-05,True,2026-03-27 19:09:13+00:00,GLD260930C00346000
GLD,2026-09-23,392.8800048828125,2026-09-30,C,347.0,45.3,47.15,53.9,1.0,7.0,0.6074258007812501,True,2026-09-11 15:09:32+00:00,GLD260930C00347000
GLD,2026-09-23,392.8800048828125,2026-09-30,C,348.0,78.5,82.3,35.78,8.0,24.0,2.535159912109375,True,2026-07-14 15:32:27+00:00,GLD260930C00348000
GLD,2026-09-23,392.8800048828125,2026-09-30,C,349.0,43.3,44.95,48.85,2.0,38.0,0.5617719604492188,True,2026-09-22 17:45:16+00:00,GLD260930C00349000
GLD,2026-09-23,392.8800048828125,2026-09-30,C,350.0,42.7,43.65,48.09,2.0,133.0,0.5107470800781251,True,2026-09-22 17:42:44+00:00,GLD260930C00350000
GLD,2026-09-23,392.8800048828125,2026-09-30,C,351.0,41.3,43.0,46.92,2.0,12.0,0.5466353930664063,True,2026-09-22 17:42:44+00:00,GLD260930C00351000
GLD,2026-09-23,392.8800048828125,2026-09-30,C,352.0,40.3,42.15,45.77,2.0,52.0,0.5534712622070312,True,2026-09-22 17:41:53+00:00,GLD260930C00352000
GLD,2026-09-23,392.8800048828125,2026-09-30,C,353.0,39.3,41.2,44.81,2.0,40.0,0.5481002221679689,True,2026-09-22 17:43:52+00:00,GLD260930C00353000
GLD,2026-09-23,392.8800048828125,2026-09-30,C,354.0,38.3,40.15,44.07,2.0,7.0,0.5317429638671876,True,2026-09-22 17:43:52+00:00,GLD260930C00354000
GLD,2026-09-23,392.8800048828125,2026-09-30,C,355.0,37.8,38.7,43.01,2.0,154.0,0.4672904833984375,True,2026-09-22 17:43:52+00:00,GLD260930C00355000
GLD,2026-09-23,392.8800048828125,2026-09-30,C,356.0,36.55,38.2,41.82,2.0,7.0,0.5151415673828125,True,2026-09-22 17:43:52+00:00,GLD260930C00356000
GLD,2026-09-23,392.8800048828125,2026-09-30,C,357.0,35.3,37.1,40.73,2.0,75.0,0.4936574072265626,True,2026-09-22 17:42:15+00:00,GLD260930C00357000
GLD,2026-09-23,392.8800048828125,2026-09-30,C,358.0,34.65,36.0,39.86,2.0,30.0,0.4721732470703125,True,2026-09-22 17:42:15+00:00,GLD260930C00358000
GLD,2026-09-23,392.8800048828125,2026-09-30,C,359.0,33.7,35.1,38.83,2.0,25.0,0.4721732470703125,True,2026-09-22 17:42:44+00:00,GLD260930C00359000
GLD,2026-09-23,392.8800048828125,2026-09-30,C,360.0,32.8,33.95,38.07,2.0,124.0,0.4454401159667969,True,2026-09-22 17:42:44+00:00,GLD260930C00360000
GLD,2026-09-23,392.8800048828125,2026-09-30,C,361.0,31.75,33.05,36.96,2.0,421.0,0.445318046875,True,2026-09-22 17:42:15+00:00,GLD260930C00361000
GLD,2026-09-23,392.8800048828125,2026-09-30,C,362.0,30.4,31.75,35.9,2.0,13.0,0.40210558837890625,True,2026-09-22 17:42:15+00:00,GLD260930C00362000
GLD,2026-09-23,392.8800048828125,2026-09-30,C,363.0,29.35,30.65,34.86,2.0,33.0,0.38013315185546875,True,2026-09-22 17:45:16+00:00,GLD260930C00363000
GLD,2026-09-23,392.8800048828125,2026-09-30,C,364.0,28.35,29.7,55.72,5.0,57.0,0.37573866455078125,True,2026-08-28 14:19:44+00:00,GLD260930C00364000
GLD,2026-09-23,392.8800048828125,2026-09-30,C,365.0,27.8,28.95,35.98,2.0,324.0,0.39197385375976557,True,2026-09-17 13:39:41+00:00,GLD260930C00365000
GLD,2026-09-23,392.8800048828125,2026-09-30,C,366.0,26.75,28.2,47.25,1.0,147.0,0.4046690393066406,True,2026-09-03 16:49:35+00:00,GLD260930C00366000
GLD,2026-09-23,392.8800048828125,2026-09-30,C,367.0,25.85,27.25,29.75,7.0,115.0,0.3978331701660156,True,2026-09-22 14:35:18+00:00,GLD260930C00367000
GLD,2026-09-23,392.8800048828125,2026-09-30,C,368.0,24.85,25.95,26.35,5.0,163.0,0.35962554443359374,True,2026-09-23 15:10:49+00:00,GLD260930C00368000
GLD,2026-09-23,392.8800048828125,2026-09-30,C,369.0,22.7,25.25,33.85,2.0,30.0,0.3751283190917969,True,2026-09-18 19:15:00+00:00,GLD260930C00369000
GLD,2026-09-23,392.8800048828125,2026-09-30,C,370.0,22.8,23.8,23.73,2.0,350.0,0.3236151623535155,True,2026-09-23 19:15:44+00:00,GLD260930C00370000
GLD,2026-09-23,392.8800048828125,2026-09-30,C,371.0,21.15,23.1,27.6,5.0,280.0,0.3398503515625,True,2026-09-21 19:21:16+00:00,GLD260930C00371000
GLD,2026-09-23,392.8800048828125,2026-09-30,C,372.0,20.9,21.75,27.29,1.0,315.0,0.2973703076171874,True,2026-09-21 15:21:10+00:00,GLD260930C00372000
GLD,2026-09-23,392.8800048828125,2026-09-30,C,373.0,19.5,20.95,40.96,2.0,309.0,0.304694453125,True,2026-09-03 16:47:14+00:00,GLD260930C00373000
GLD,2026-09-23,392.8800048828125,2026-09-30,C,374.0,19.0,19.75,25.26,2.0,97.0,0.27600821655273433,True,2026-09-21 18:17:30+00:00,GLD260930C00374000
GLD,2026-09-23,392.8800048828125,2026-09-30,C,375.0,18.05,18.8,24.45,9.0,436.0,0.2695385546875,True,2026-09-21 18:19:39+00:00,GLD260930C00375000
GLD,2026-09-23,392.8800048828125,2026-09-30,C,376.0,17.1,17.85,25.62,1.0,291.0,0.26282475463867194,True,2026-09-17 14:02:04+00:00,GLD260930C00376000
GLD,2026-09-23,392.8800048828125,2026-09-30,C,377.0,16.15,16.85,18.58,1.0,87.0,0.25171646728515623,True,2026-09-14 20:00:38+00:00,GLD260930C00377000
GLD,2026-09-23,392.8800048828125,2026-09-30,C,378.0,15.2,15.9,19.65,3.0,157.0,0.2442702526855469,True,2026-09-14 18:58:50+00:00,GLD260930C00378000
GLD,2026-09-23,392.8800048828125,2026-09-30,C,379.0,14.25,14.95,19.49,2.0,40.0,0.23657989990234374,True,2026-09-22 17:46:14+00:00,GLD260930C00379000
GLD,2026-09-23,392.8800048828125,2026-09-30,C,380.0,13.4,14.05,13.87,2.0,433.0,0.23194127441406248,True,2026-09-23 18:34:51+00:00,GLD260930C00380000
GLD,2026-09-23,392.8800048828125,2026-09-30,C,381.0,12.45,13.15,20.05,4.0,205.0,0.22669230346679686,True,2026-09-10 19:24:23+00:00,GLD260930C00381000
GLD,2026-09-23,392.8800048828125,2026-09-30,C,382.0,11.7,12.25,11.94,1.0,380.0,0.22071091796874998,True,2026-09-23 19:25:46+00:00,GLD260930C00382000
GLD,2026-09-23,392.8800048828125,2026-09-30,C,383.0,10.65,11.35,16.75,1.0,71.0,0.21411918701171873,True,2026-09-22 18:36:05+00:00,GLD260930C00383000
GLD,2026-09-23,392.8800048828125,2026-09-30,C,384.0,9.85,10.5,10.75,3.0,62.0,0.20972469970703123,True,2026-09-23 15:04:10+00:00,GLD260930C00384000
GLD,2026-09-23,392.8800048828125,2026-09-30,C,385.0,9.15,9.7,8.96,11.0,367.0,0.20703917968749996,True,2026-09-23 15:49:08+00:00,GLD260930C00385000
GLD,2026-09-23,392.8800048828125,2026-09-30,C,386.0,8.3,8.9,8.2,7.0,98.0,0.20331607238769528,True,2026-09-23 17:40:49+00:00,GLD260930C00386000
GLD,2026-09-23,392.8800048828125,2026-09-30,C,387.0,7.55,8.1,8.02,6.0,343.0,0.19849434326171872,True,2026-09-23 18:50:12+00:00,GLD260930C00387000
GLD,2026-09-23,392.8800048828125,2026-09-30,C,388.0,6.8,7.35,7.0,8.0,89.0,0.19489330505371094,True,2026-09-23 16:27:12+00:00,GLD260930C00388000
GLD,2026-09-23,392.8800048828125,2026-09-30,C,389.0,6.15,6.6,6.43,6.0,30.0,0.1900715759277344,True,2026-09-23 20:09:39+00:00,GLD260930C00389000
GLD,2026-09-23,392.8800048828125,2026-09-30,C,390.0,5.5,5.9,5.76,247.0,678.0,0.18628743408203124,True,2026-09-23 20:09:39+00:00,GLD260930C00390000
GLD,2026-09-23,392.8800048828125,2026-09-30,C,391.0,5.0,5.3,4.85,42.0,69.0,0.18549398498535152,True,2026-09-23 17:40:49+00:00,GLD260930C00391000
GLD,2026-09-23,392.8800048828125,2026-09-30,C,392.0,4.45,4.7,4.57,300.0,134.0,0.18311363769531247,True,2026-09-23 20:02:28+00:00,GLD260930C00392000
GLD,2026-09-23,392.8800048828125,2026-09-30,C,393.0,3.9,4.15,4.02,202.0,135.0,0.18140467041015623,False,2026-09-23 20:12:14+00:00,GLD260930C00393000
GLD,2026-09-23,392.8800048828125,2026-09-30,C,394.0,3.45,3.7,3.45,92.0,152.0,0.18225915405273438,False,2026-09-23 19:58:00+00:00,GLD260930C00394000
GLD,2026-09-23,392.8800048828125,2026-09-30,C,395.0,3.0,3.25,3.05,3251.0,1165.0,0.18164880859375,False,2026-09-23 19:58:01+00:00,GLD260930C00395000
GLD,2026-09-23,392.8800048828125,2026-09-30,C,396.0,2.63,2.82,2.67,114.0,45.0,0.18012294494628905,False,2026-09-23 19:58:01+00:00,GLD260930C00396000
GLD,2026-09-23,392.8800048828125,2026-09-30,C,397.0,2.27,2.47,2.33,111.0,301.0,0.18061122131347657,False,2026-09-23 19:39:50+00:00,GLD260930C00397000
GLD,2026-09-23,392.8800048828125,2026-09-30,C,398.0,1.96,2.15,2.03,38.0,140.0,0.18091639404296872,False,2026-09-23 19:58:01+00:00,GLD260930C00398000
GLD,2026-09-23,392.8800048828125,2026-09-30,C,399.0,1.68,1.86,1.76,27.0,265.0,0.18109949768066402,False,2026-09-23 19:58:00+00:00,GLD260930C00399000
GLD,2026-09-23,392.8800048828125,2026-09-30,C,400.0,1.49,1.57,1.55,3998.0,3120.0,0.17957363403320312,False,2026-09-23 20:13:38+00:00,GLD260930C00400000
GLD,2026-09-23,392.8800048828125,2026-09-30,C,401.0,1.23,1.4,1.25,44.0,557.0,0.18311363769531247,False,2026-09-23 19:58:49+00:00,GLD260930C00401000
GLD,2026-09-23,392.8800048828125,2026-09-30,C,402.0,1.05,1.21,1.06,58.0,447.0,0.18421225952148437,False,2026-09-23 19:58:48+00:00,GLD260930C00402000
GLD,2026-09-23,392.8800048828125,2026-09-30,C,403.0,0.9,1.04,0.9,69.0,981.0,0.18506674316406246,False,2026-09-23 19:58:48+00:00,GLD260930C00403000
GLD,2026-09-23,392.8800048828125,2026-09-30,C,404.0,0.78,0.92,0.82,60.0,278.0,0.18811847045898436,False,2026-09-23 20:01:10+00:00,GLD260930C00404000
GLD,2026-09-23,392.8800048828125,2026-09-30,C,405.0,0.66,0.79,0.66,2484.0,6375.0,0.18921709228515626,False,2026-09-23 19:58:48+00:00,GLD260930C00405000
GLD,2026-09-23,392.8800048828125,2026-09-30,C,406.0,0.56,0.71,0.56,1089.0,282.0,0.19312330322265625,False,2026-09-23 19:58:48+00:00,GLD260930C00406000
GLD,2026-09-23,392.8800048828125,2026-09-30,C,407.0,0.5,0.57,0.48,168.0,1956.0,0.19068192138671874,False,2026-09-23 19:58:49+00:00,GLD260930C00407000
GLD,2026-09-23,392.8800048828125,2026-09-30,C,408.0,0.4,0.55,0.4,88.0,192.0,0.198250205078125,False,2026-09-23 19:58:48+00:00,GLD260930C00408000
GLD,2026-09-23,392.8800048828125,2026-09-30,C,409.0,0.34,0.48,0.36,92.0,252.0,0.20032537963867186,False,2026-09-23 19:58:48+00:00,GLD260930C00409000
GLD,2026-09-23,392.8800048828125,2026-09-30,C,410.0,0.29,0.37,0.29,131.0,1255.0,0.19654123779296873,False,2026-09-23 19:58:48+00:00,GLD260930C00410000
GLD,2026-09-23,392.8800048828125,2026-09-30,C,411.0,0.25,0.32,0.26,214.0,351.0,0.19849434326171872,False,2026-09-23 19:58:48+00:00,GLD260930C00411000
GLD,2026-09-23,392.8800048828125,2026-09-30,C,412.0,0.22,0.28,0.22,39.0,193.0,0.20093572509765623,False,2026-09-23 19:58:48+00:00,GLD260930C00412000
GLD,2026-09-23,392.8800048828125,2026-09-30,C,413.0,0.19,0.25,0.19,39.0,950.0,0.20410952148437497,False,2026-09-23 19:58:48+00:00,GLD260930C00413000
GLD,2026-09-23,392.8800048828125,2026-09-30,C,414.0,0.16,0.23,0.16,67.0,483.0,0.20850400878906244,False,2026-09-23 19:58:48+00:00,GLD260930C00414000
GLD,2026-09-23,392.8800048828125,2026-09-30,C,415.0,0.15,0.19,0.15,154.0,1868.0,0.20850400878906244,False,2026-09-23 19:58:42+00:00,GLD260930C00415000
GLD,2026-09-23,392.8800048828125,2026-09-30,C,416.0,0.13,0.18,0.13,33.0,311.0,0.213875048828125,False,2026-09-23 19:58:49+00:00,GLD260930C00416000
GLD,2026-09-23,392.8800048828125,2026-09-30,C,417.0,0.1,0.16,0.12,32.0,95.0,0.21680470703125,False,2026-09-23 19:58:47+00:00,GLD260930C00417000
GLD,2026-09-23,392.8800048828125,2026-09-30,C,418.0,0.09,0.15,0.09,43.0,710.0,0.2211991943359375,False,2026-09-23 19:58:48+00:00,GLD260930C00418000
GLD,2026-09-23,392.8800048828125,2026-09-30,C,419.0,0.09,0.13,0.09,29.0,67.0,0.22315229980468748,False,2026-09-23 19:58:47+00:00,GLD260930C00419000
GLD,2026-09-23,392.8800048828125,2026-09-30,C,420.0,0.08,0.16,0.08,1757.0,2181.0,0.23780059082031246,False,2026-09-23 19:58:49+00:00,GLD260930C00420000
GLD,2026-09-23,392.8800048828125,2026-09-30,C,421.0,0.07,0.12,0.08,103.0,206.0,0.233406103515625,False,2026-09-23 19:58:47+00:00,GLD260930C00421000
GLD,2026-09-23,392.8800048828125,2026-09-30,C,422.0,0.07,0.11,0.07,87.0,198.0,0.23731231445312498,False,2026-09-23 19:58:47+00:00,GLD260930C00422000
GLD,2026-09-23,392.8800048828125,2026-09-30,C,423.0,0.06,0.11,0.08,31.0,269.0,0.2436599072265625,False,2026-09-23 19:59:04+00:00,GLD260930C00423000
GLD,2026-09-23,392.8800048828125,2026-09-30,C,424.0,0.06,0.09,0.06,72.0,239.0,0.243171630859375,False,2026-09-23 19:58:47+00:00,GLD260930C00424000
GLD,2026-09-23,392.8800048828125,2026-09-30,C,425.0,0.06,0.1,0.05,2339.0,3137.0,0.252937158203125,False,2026-09-23 19:58:47+00:00,GLD260930C00425000
GLD,2026-09-23,392.8800048828125,2026-09-30,C,426.0,0.04,0.09,0.07,427.0,74.0,0.25586681640625003,False,2026-09-23 19:58:54+00:00,GLD260930C00426000
GLD,2026-09-23,392.8800048828125,2026-09-30,C,427.0,0.04,0.08,0.04,28.0,284.0,0.257819921875,False,2026-09-23 19:58:49+00:00,GLD260930C00427000
GLD,2026-09-23,392.8800048828125,2026-09-30,C,428.0,0.04,0.08,0.04,29.0,225.0,0.26367923828125,False,2026-09-23 19:58:47+00:00,GLD260930C00428000
GLD,2026-09-23,392.8800048828125,2026-09-30,C,429.0,0.04,0.07,0.04,124.0,310.0,0.264655791015625,False,2026-09-23 19:58:47+00:00,GLD260930C00429000
GLD,2026-09-23,392.8800048828125,2026-09-30,C,430.0,0.04,0.07,0.04,68.0,5339.0,0.27149166015625,False,2026-09-23 19:58:47+00:00,GLD260930C00430000
GLD,2026-09-23,392.8800048828125,2026-09-30,C,435.0,0.03,0.05,0.06,13.0,1946.0,0.2880930566406249,False,2026-09-23 19:58:25+00:00,GLD260930C00435000
GLD,2026-09-23,392.8800048828125,2026-09-30,C,440.0,0.03,0.06,0.06,791.0,3570.0,0.3232489550781249,False,2026-09-23 19:58:23+00:00,GLD260930C00440000
GLD,2026-09-23,392.8800048828125,2026-09-30,C,445.0,0.0,0.05,0.05,6.0,1393.0,0.3437565625,False,2026-09-23 19:58:27+00:00,GLD260930C00445000
GLD,2026-09-23,392.8800048828125,2026-09-30,C,450.0,0.0,0.04,0.01,4.0,4229.0,0.36133451171875,False,2026-09-23 19:29:09+00:00,GLD260930C00450000
GLD,2026-09-23,392.8800048828125,2026-09-30,C,455.0,0.0,0.04,0.04,2.0,2373.0,0.38672488281249995,False,2026-09-23 18:01:53+00:00,GLD260930C00455000
GLD,2026-09-23,392.8800048828125,2026-09-30,C,460.0,0.0,0.04,0.04,5.0,1280.0,0.41211525390625,False,2026-09-23 17:10:00+00:00,GLD260930C00460000
GLD,2026-09-23,392.8800048828125,2026-09-30,C,465.0,0.0,0.03,0.03,4.0,279.0,0.42383388671875,False,2026-09-22 14:30:09+00:00,GLD260930C00465000
GLD,2026-09-23,392.8800048828125,2026-09-30,C,470.0,0.0,0.03,0.01,3.0,1100.0,0.44922425781249997,False,2026-09-23 17:10:00+00:00,GLD260930C00470000
GLD,2026-09-23,392.8800048828125,2026-09-30,C,475.0,0.0,0.03,0.04,2.0,867.0,0.4726615234375,False,2026-09-22 19:19:54+00:00,GLD260930C00475000
GLD,2026-09-23,392.8800048828125,2026-09-30,C,480.0,0.0,0.03,0.03,10.0,856.0,0.49609878906250005,False,2026-09-22 13:30:14+00:00,GLD260930C00480000
GLD,2026-09-23,392.8800048828125,2026-09-30,C,485.0,0.0,0.06,0.06,18.0,1216.0,0.51562984375,False,2026-09-18 15:23:15+00:00,GLD260930C00485000
GLD,2026-09-23,392.8800048828125,2026-09-30,C,490.0,0.0,0.05,0.02,10.0,689.0,0.5312546875,False,2026-09-23 17:01:06+00:00,GLD260930C00490000
GLD,2026-09-23,392.8800048828125,2026-09-30,C,495.0,0.0,0.06,0.01,45.0,514.0,0.5625043750000001,False,2026-09-23 17:59:25+00:00,GLD260930C00495000
GLD,2026-09-23,392.8800048828125,2026-09-30,C,500.0,0.0,0.06,0.01,156.0,3586.0,0.5820354296875,False,2026-09-23 15:58:26+00:00,GLD260930C00500000
GLD,2026-09-23,392.8800048828125,2026-09-30,C,505.0,0.0,0.01,0.01,3.0,755.0,0.51562984375,False,2026-09-21 19:35:10+00:00,GLD260930C00505000
GLD,2026-09-23,392.8800048828125,2026-09-30,C,510.0,0.0,0.06,0.02,6.0,292.0,0.6250037500000001,False,2026-09-21 19:35:10+00:00,GLD260930C00510000
GLD,2026-09-23,392.8800048828125,2026-09-30,C,515.0,0.0,0.06,0.03,1.0,1090.0,0.648441015625,False,2026-09-18 13:41:13+00:00,GLD260930C00515000
GLD,2026-09-23,392.8800048828125,2026-09-30,C,520.0,0.0,0.06,0.11,1.0,514.0,0.6679720703125002,False,2026-09-10 18:38:09+00:00,GLD260930C00520000
GLD,2026-09-23,392.8800048828125,2026-09-30,C,525.0,0.0,0.05,0.02,11.0,24105.0,0.6757844921875001,False,2026-09-22 20:04:20+00:00,GLD260930C00525000
GLD,2026-09-23,392.8800048828125,2026-09-30,C,530.0,0.0,0.01,0.03,2.0,24048.0,0.6093789062500001,False,2026-09-15 15:25:04+00:00,GLD260930C00530000
GLD,2026-09-23,392.8800048828125,2026-09-30,C,535.0,0.0,0.05,0.15,1.0,354.0,0.7148466015625,False,2026-09-11 15:22:03+00:00,GLD260930C00535000
GLD,2026-09-23,392.8800048828125,2026-09-30,C,540.0,0.0,0.05,0.02,1.0,207.0,0.73437765625,False,2026-09-21 13:51:31+00:00,GLD260930C00540000
GLD,2026-09-23,392.8800048828125,2026-09-30,C,545.0,0.0,0.05,0.02,1.0,207.0,0.7539087109375,False,2026-09-21 15:34:13+00:00,GLD260930C00545000
GLD,2026-09-23,392.8800048828125,2026-09-30,C,550.0,0.0,0.03,0.01,8.0,628.0,0.7421900781249999,False,2026-09-21 19:35:10+00:00,GLD260930C00550000
GLD,2026-09-23,392.8800048828125,2026-09-30,C,555.0,0.0,0.05,0.01,28.0,448.0,0.789064609375,False,2026-09-22 16:41:04+00:00,GLD260930C00555000
GLD,2026-09-23,392.8800048828125,2026-09-30,C,560.0,0.0,0.05,0.02,48.0,911.0,0.8125018749999999,False,2026-09-21 19:27:02+00:00,GLD260930C00560000
GLD,2026-09-23,392.8800048828125,2026-09-30,C,565.0,0.0,0.05,0.02,2.0,607.0,0.8281267187499999,False,2026-09-18 19:43:02+00:00,GLD260930C00565000
GLD,2026-09-23,392.8800048828125,2026-09-30,C,570.0,0.0,0.05,0.01,20.0,422.0,0.8437515624999999,False,2026-09-21 20:11:47+00:00,GLD260930C00570000
GLD,2026-09-23,392.8800048828125,2026-09-30,C,575.0,0.0,0.05,0.07,1.0,806.0,0.8632826171875,False,2026-08-31 19:33:39+00:00,GLD260930C00575000
GLD,2026-09-23,392.8800048828125,2026-09-30,C,580.0,0.0,0.05,0.07,18.0,116.0,0.8828136718749999,False,2026-09-11 17:49:08+00:00,GLD260930C00580000
GLD,2026-09-23,392.8800048828125,2026-09-30,C,585.0,0.0,0.05,0.02,1.0,146.0,0.8984385156249999,False,2026-09-15 17:31:52+00:00,GLD260930C00585000
GLD,2026-09-23,392.8800048828125,2026-09-30,C,590.0,0.0,0.05,0.05,2.0,213.0,0.914063359375,False,2026-09-11 16:58:46+00:00,GLD260930C00590000
GLD,2026-09-23,392.8800048828125,2026-09-30,C,595.0,0.0,0.05,0.02,44.0,344.0,0.929688203125,False,2026-09-15 15:22:30+00:00,GLD260930C00595000
GLD,2026-09-23,392.8800048828125,2026-09-30,C,600.0,0.0,0.08,0.01,20.0,590.0,0.992187578125,False,2026-09-21 18:55:30+00:00,GLD260930C00600000
GLD,2026-09-23,392.8800048828125,2026-09-30,C,605.0,0.0,0.06,0.01,10.0,882.0,0.98437515625,False,2026-09-22 16:38:50+00:00,GLD260930C00605000
GLD,2026-09-23,392.8800048828125,2026-09-30,C,610.0,0.0,0.06,0.01,20.0,153.0,0.9960937890625,False,2026-09-21 18:54:54+00:00,GLD260930C00610000
GLD,2026-09-23,392.8800048828125,2026-09-30,C,615.0,0.0,0.08,0.01,20.0,449.0,1.0390673046875003,False,2026-09-21 15:52:42+00:00,GLD260930C00615000
GLD,2026-09-23,392.8800048828125,2026-09-30,C,620.0,0.0,0.05,0.01,20.0,134.0,1.015629921875,False,2026-09-21 15:50:56+00:00,GLD260930C00620000
GLD,2026-09-23,392.8800048828125,2026-09-30,C,625.0,0.0,0.05,0.01,20.0,353.0,1.0312548437500002,False,2026-09-21 15:10:23+00:00,GLD260930C00625000
GLD,2026-09-23,392.8800048828125,2026-09-30,C,630.0,0.0,0.08,0.07,2.0,332.0,1.08984830078125,False,2026-08-26 16:28:02+00:00,GLD260930C00630000
GLD,2026-09-23,392.8800048828125,2026-09-30,C,635.0,0.0,0.05,0.01,20.0,481.0,1.0625046875000002,False,2026-09-21 14:28:01+00:00,GLD260930C00635000
GLD,2026-09-23,392.8800048828125,2026-09-30,C,640.0,0.0,0.07,0.01,21.0,261.0,1.109379453125,False,2026-09-21 14:27:44+00:00,GLD260930C00640000
GLD,2026-09-23,392.8800048828125,2026-09-30,C,645.0,0.0,0.07,0.01,2.0,676.0,1.125004375,False,2026-08-28 14:30:31+00:00,GLD260930C00645000
GLD,2026-09-23,392.8800048828125,2026-09-30,C,650.0,0.0,0.07,0.01,12.0,917.0,1.140629296875,False,2026-09-18 19:14:16+00:00,GLD260930C00650000
GLD,2026-09-23,392.8800048828125,2026-09-30,C,655.0,0.0,0.05,0.01,12.0,954.0,1.125004375,False,2026-09-18 19:13:58+00:00,GLD260930C00655000
GLD,2026-09-23,392.8800048828125,2026-09-30,P,250.0,0.0,0.0,0.05,5.0,0.0,0.500005,False,2026-08-14 16:51:27+00:00,GLD260930P00250000
GLD,2026-09-23,392.8800048828125,2026-09-30,P,255.0,0.0,0.05,0.02,6.0,137.0,1.0078174609375,False,2026-09-18 19:43:26+00:00,GLD260930P00255000
GLD,2026-09-23,392.8800048828125,2026-09-30,P,260.0,0.0,0.05,0.03,2.0,227.0,0.9609378906249999,False,2026-09-11 16:24:55+00:00,GLD260930P00260000
GLD,2026-09-23,392.8800048828125,2026-09-30,P,265.0,0.0,0.05,0.02,2.0,586.0,0.92187578125,False,2026-09-21 13:57:24+00:00,GLD260930P00265000
GLD,2026-09-23,392.8800048828125,2026-09-30,P,270.0,0.0,0.06,0.03,2.0,176.0,0.8984385156249999,False,2026-09-14 17:10:37+00:00,GLD260930P00270000
GLD,2026-09-23,392.8800048828125,2026-09-30,P,275.0,0.0,0.05,0.01,21.0,687.0,0.8437515624999999,False,2026-09-22 18:28:54+00:00,GLD260930P00275000
GLD,2026-09-23,392.8800048828125,2026-09-30,P,280.0,0.0,0.01,0.09,1.0,2397.0,0.70312796875,False,2026-09-15 16:01:01+00:00,GLD260930P00280000
GLD,2026-09-23,392.8800048828125,2026-09-30,P,285.0,0.0,0.05,0.03,11.0,1535.0,0.7656273437500001,False,2026-09-11 17:58:34+00:00,GLD260930P00285000
GLD,2026-09-23,392.8800048828125,2026-09-30,P,290.0,0.0,0.01,0.01,25.0,766.0,0.6250037500000001,False,2026-09-23 17:58:55+00:00,GLD260930P00290000
GLD,2026-09-23,392.8800048828125,2026-09-30,P,295.0,0.0,0.01,0.01,17.0,396.0,0.5937540625000001,False,2026-09-23 19:04:23+00:00,GLD260930P00295000
GLD,2026-09-23,392.8800048828125,2026-09-30,P,300.0,0.0,0.01,0.01,40.0,1059.0,0.5625043750000001,False,2026-09-23 19:06:00+00:00,GLD260930P00300000
GLD,2026-09-23,392.8800048828125,2026-09-30,P,305.0,0.0,0.06,0.01,2.0,995.0,0.6250037500000001,False,2026-09-21 15:54:37+00:00,GLD260930P00305000
GLD,2026-09-23,392.8800048828125,2026-09-30,P,310.0,0.0,0.03,0.01,5.0,533.0,0.5507857421875001,False,2026-09-21 13:42:53+00:00,GLD260930P00310000
GLD,2026-09-23,392.8800048828125,2026-09-30,P,315.0,0.0,0.06,0.01,1.0,602.0,0.5507857421875001,False,2026-09-23 19:13:57+00:00,GLD260930P00315000
GLD,2026-09-23,392.8800048828125,2026-09-30,P,318.0,0.0,0.05,0.02,3.0,570.0,0.5195360546875,False,2026-09-21 16:45:52+00:00,GLD260930P00318000
GLD,2026-09-23,392.8800048828125,2026-09-30,P,319.0,0.0,0.05,0.04,2.0,38.0,0.5117236328125,False,2026-09-18 17:44:05+00:00,GLD260930P00319000
GLD,2026-09-23,392.8800048828125,2026-09-30,P,320.0,0.0,0.06,0.01,3.0,1177.0,0.51562984375,False,2026-09-23 19:13:34+00:00,GLD260930P00320000
GLD,2026-09-23,392.8800048828125,2026-09-30,P,321.0,0.0,0.05,0.05,4.0,764.0,0.500005,False,2026-09-18 17:44:38+00:00,GLD260930P00321000
GLD,2026-09-23,392.8800048828125,2026-09-30,P,322.0,0.0,0.06,0.04,2.0,125.0,0.500005,False,2026-09-18 17:44:49+00:00,GLD260930P00322000
GLD,2026-09-23,392.8800048828125,2026-09-30,P,323.0,0.0,0.07,0.05,1.0,940.0,0.5039112109375,False,2026-09-22 17:58:00+00:00,GLD260930P00323000
GLD,2026-09-23,392.8800048828125,2026-09-30,P,324.0,0.0,0.07,0.05,2.0,253.0,0.5351608984375,False,2026-09-18 17:45:09+00:00,GLD260930P00324000
GLD,2026-09-23,392.8800048828125,2026-09-30,P,325.0,0.0,0.07,0.05,2.0,1211.0,0.5273484765625001,False,2026-09-18 17:45:20+00:00,GLD260930P00325000
GLD,2026-09-23,392.8800048828125,2026-09-30,P,326.0,0.0,0.06,0.02,1.0,64.0,0.5117236328125,False,2026-09-22 13:31:55+00:00,GLD260930P00326000
GLD,2026-09-23,392.8800048828125,2026-09-30,P,327.0,0.0,0.06,0.03,2.0,20.0,0.5039112109375,False,2026-09-22 17:57:45+00:00,GLD260930P00327000
GLD,2026-09-23,392.8800048828125,2026-09-30,P,328.0,0.0,0.07,0.05,6.0,147.0,0.50586431640625,False,2026-09-17 14:36:20+00:00,GLD260930P00328000
GLD,2026-09-23,392.8800048828125,2026-09-30,P,329.0,0.0,0.07,0.07,8.0,35.0,0.49805189453125004,False,2026-09-16 18:57:51+00:00,GLD260930P00329000
GLD,2026-09-23,392.8800048828125,2026-09-30,P,330.0,0.0,0.07,0.01,5.0,375.0,0.49023947265625006,False,2026-09-23 19:13:40+00:00,GLD260930P00330000
GLD,2026-09-23,392.8800048828125,2026-09-30,P,331.0,0.0,0.03,0.09,14.0,84.0,0.437505625,False,2026-09-16 19:22:07+00:00,GLD260930P00331000
GLD,2026-09-23,392.8800048828125,2026-09-30,P,332.0,0.0,0.07,0.13,14.0,107.0,0.47461462890625,False,2026-09-16 19:22:07+00:00,GLD260930P00332000
GLD,2026-09-23,392.8800048828125,2026-09-30,P,333.0,0.0,0.03,0.11,1.0,673.0,0.42578699218750005,False,2026-09-22 17:57:10+00:00,GLD260930P00333000
GLD,2026-09-23,392.8800048828125,2026-09-30,P,334.0,0.0,0.03,0.09,20.0,36.0,0.41797457031249996,False,2026-09-16 19:54:04+00:00,GLD260930P00334000
GLD,2026-09-23,392.8800048828125,2026-09-30,P,335.0,0.0,0.03,0.05,5.0,101.0,0.4101621484375,False,2026-09-17 19:23:00+00:00,GLD260930P00335000
GLD,2026-09-23,392.8800048828125,2026-09-30,P,336.0,0.0,0.03,0.03,1.0,26.0,0.4023497265625,False,2026-09-23 15:04:55+00:00,GLD260930P00336000
GLD,2026-09-23,392.8800048828125,2026-09-30,P,337.0,0.0,0.07,0.08,2.0,75.0,0.437505625,False,2026-09-17 19:06:42+00:00,GLD260930P00337000
GLD,2026-09-23,392.8800048828125,2026-09-30,P,338.0,0.0,0.03,0.02,1.0,1164.0,0.39063109375,False,2026-09-23 19:36:09+00:00,GLD260930P00338000
GLD,2026-09-23,392.8800048828125,2026-09-30,P,339.0,0.0,0.03,0.06,4.0,363.0,0.38281867187499996,False,2026-09-17 19:19:56+00:00,GLD260930P00339000
GLD,2026-09-23,392.8800048828125,2026-09-30,P,340.0,0.0,0.04,0.04,34.0,2746.0,0.38867798828125,False,2026-09-18 16:47:59+00:00,GLD260930P00340000
GLD,2026-09-23,392.8800048828125,2026-09-30,P,341.0,0.0,0.04,0.05,7.0,189.0,0.38086556640624997,False,2026-09-18 16:47:40+00:00,GLD260930P00341000
GLD,2026-09-23,392.8800048828125,2026-09-30,P,342.0,0.0,0.08,0.08,2.0,148.0,0.4062559375,False,2026-09-18 16:45:48+00:00,GLD260930P00342000
GLD,2026-09-23,392.8800048828125,2026-09-30,P,343.0,0.0,0.04,0.07,4.0,110.0,0.367193828125,False,2026-09-18 17:50:47+00:00,GLD260930P00343000
GLD,2026-09-23,392.8800048828125,2026-09-30,P,344.0,0.0,0.04,0.04,1.0,394.0,0.35938140625,False,2026-09-22 17:57:04+00:00,GLD260930P00344000
GLD,2026-09-23,392.8800048828125,2026-09-30,P,345.0,0.0,0.04,0.05,1.0,289.0,0.35352208984374994,False,2026-09-22 13:35:00+00:00,GLD260930P00345000
GLD,2026-09-23,392.8800048828125,2026-09-30,P,346.0,0.0,0.05,0.03,2.0,63.0,0.35547519531249994,False,2026-09-22 15:58:42+00:00,GLD260930P00346000
GLD,2026-09-23,392.8800048828125,2026-09-30,P,347.0,0.0,0.05,0.06,21.0,133.0,0.34766277343749996,False,2026-09-18 16:47:31+00:00,GLD260930P00347000
GLD,2026-09-23,392.8800048828125,2026-09-30,P,348.0,0.0,0.05,0.09,2.0,303.0,0.340826904296875,False,2026-09-18 16:47:32+00:00,GLD260930P00348000
GLD,2026-09-23,392.8800048828125,2026-09-30,P,349.0,0.0,0.07,0.1,6.0,405.0,0.34766277343749996,False,2026-09-18 16:48:11+00:00,GLD260930P00349000
GLD,2026-09-23,392.8800048828125,2026-09-30,P,350.0,0.0,0.07,0.04,1.0,1047.0,0.340826904296875,False,2026-09-22 17:56:34+00:00,GLD260930P00350000
GLD,2026-09-23,392.8800048828125,2026-09-30,P,351.0,0.0,0.06,0.06,2.0,174.0,0.32617861328125,False,2026-09-22 15:58:42+00:00,GLD260930P00351000
GLD,2026-09-23,392.8800048828125,2026-09-30,P,352.0,0.01,0.07,0.03,4.0,56.0,0.32617861328125,False,2026-09-22 17:17:56+00:00,GLD260930P00352000
GLD,2026-09-23,392.8800048828125,2026-09-30,P,353.0,0.01,0.07,0.06,2.0,251.0,0.31836619140624994,False,2026-09-22 15:56:46+00:00,GLD260930P00353000
GLD,2026-09-23,392.8800048828125,2026-09-30,P,354.0,0.02,0.08,0.07,2.0,207.0,0.31641308593749995,False,2026-09-22 15:56:21+00:00,GLD260930P00354000
GLD,2026-09-23,392.8800048828125,2026-09-30,P,355.0,0.02,0.06,0.05,2.0,428.0,0.2978585839843749,False,2026-09-23 19:58:30+00:00,GLD260930P00355000
GLD,2026-09-23,392.8800048828125,2026-09-30,P,356.0,0.02,0.09,0.07,6.0,579.0,0.30664755859375,False,2026-09-22 17:17:41+00:00,GLD260930P00356000
GLD,2026-09-23,392.8800048828125,2026-09-30,P,357.0,0.03,0.06,0.03,29.0,45.0,0.28321029296874994,False,2026-09-23 19:58:47+00:00,GLD260930P00357000
GLD,2026-09-23,392.8800048828125,2026-09-30,P,358.0,0.03,0.07,0.03,30.0,175.0,0.28125718749999995,False,2026-09-23 19:58:47+00:00,GLD260930P00358000
GLD,2026-09-23,392.8800048828125,2026-09-30,P,359.0,0.02,0.06,0.04,32.0,315.0,0.26856200195312496,False,2026-09-23 19:58:47+00:00,GLD260930P00359000
GLD,2026-09-23,392.8800048828125,2026-09-30,P,360.0,0.03,0.06,0.04,271.0,2460.0,0.2617261328125,False,2026-09-23 19:58:47+00:00,GLD260930P00360000
GLD,2026-09-23,392.8800048828125,2026-09-30,P,361.0,0.04,0.08,0.04,34.0,272.0,0.264655791015625,False,2026-09-23 19:58:43+00:00,GLD260930P00361000
GLD,2026-09-23,392.8800048828125,2026-09-30,P,362.0,0.04,0.08,0.05,36.0,392.0,0.256843369140625,False,2026-09-23 19:58:47+00:00,GLD260930P00362000
GLD,2026-09-23,392.8800048828125,2026-09-30,P,363.0,0.05,0.09,0.05,36.0,403.0,0.25391371093750004,False,2026-09-23 19:58:48+00:00,GLD260930P00363000
GLD,2026-09-23,392.8800048828125,2026-09-30,P,364.0,0.05,0.09,0.06,34.0,179.0,0.2461012890625,False,2026-09-23 19:58:48+00:00,GLD260930P00364000
GLD,2026-09-23,392.8800048828125,2026-09-30,P,365.0,0.06,0.1,0.06,45.0,445.0,0.242195078125,False,2026-09-23 19:58:48+00:00,GLD260930P00365000
GLD,2026-09-23,392.8800048828125,2026-09-30,P,366.0,0.05,0.11,0.07,42.0,134.0,0.23828886718749998,False,2026-09-23 19:58:48+00:00,GLD260930P00366000
GLD,2026-09-23,392.8800048828125,2026-09-30,P,367.0,0.06,0.13,0.08,39.0,334.0,0.23633576171874998,False,2026-09-23 19:58:48+00:00,GLD260930P00367000
GLD,2026-09-23,392.8800048828125,2026-09-30,P,368.0,0.08,0.14,0.09,44.0,118.0,0.231452998046875,False,2026-09-23 19:58:48+00:00,GLD260930P00368000
GLD,2026-09-23,392.8800048828125,2026-09-30,P,369.0,0.09,0.15,0.11,42.0,154.0,0.2260819580078125,False,2026-09-23 19:58:48+00:00,GLD260930P00369000
GLD,2026-09-23,392.8800048828125,2026-09-30,P,370.0,0.1,0.17,0.11,46.0,1570.0,0.22266402343749997,False,2026-09-23 19:58:49+00:00,GLD260930P00370000
GLD,2026-09-23,392.8800048828125,2026-09-30,P,371.0,0.13,0.19,0.13,39.0,212.0,0.21875781249999998,False,2026-09-23 19:58:48+00:00,GLD260930P00371000
GLD,2026-09-23,392.8800048828125,2026-09-30,P,372.0,0.14,0.21,0.16,287.0,280.0,0.21436332519531248,False,2026-09-23 19:58:48+00:00,GLD260930P00372000
GLD,2026-09-23,392.8800048828125,2026-09-30,P,373.0,0.16,0.23,0.2,37.0,92.0,0.2092364233398437,False,2026-09-23 19:58:48+00:00,GLD260930P00373000
GLD,2026-09-23,392.8800048828125,2026-09-30,P,374.0,0.2,0.26,0.21,35.0,529.0,0.20557435058593748,False,2026-09-23 19:58:48+00:00,GLD260930P00374000
GLD,2026-09-23,392.8800048828125,2026-09-30,P,375.0,0.22,0.32,0.24,372.0,5885.0,0.20557435058593748,False,2026-09-23 19:58:49+00:00,GLD260930P00375000
GLD,2026-09-23,392.8800048828125,2026-09-30,P,376.0,0.26,0.36,0.28,39.0,122.0,0.2016681396484375,False,2026-09-23 19:58:48+00:00,GLD260930P00376000
GLD,2026-09-23,392.8800048828125,2026-09-30,P,377.0,0.31,0.39,0.32,56.0,295.0,0.19605296142578127,False,2026-09-23 19:58:48+00:00,GLD260930P00377000
GLD,2026-09-23,392.8800048828125,2026-09-30,P,378.0,0.33,0.47,0.38,69.0,187.0,0.195320546875,False,2026-09-23 19:58:48+00:00,GLD260930P00378000
GLD,2026-09-23,392.8800048828125,2026-09-30,P,379.0,0.39,0.53,0.43,197.0,478.0,0.19129226684570313,False,2026-09-23 19:58:45+00:00,GLD260930P00379000
GLD,2026-09-23,392.8800048828125,2026-09-30,P,380.0,0.5,0.58,0.56,109.0,4864.0,0.18555501953124998,False,2026-09-23 20:13:56+00:00,GLD260930P00380000
GLD,2026-09-23,392.8800048828125,2026-09-30,P,381.0,0.54,0.71,0.63,42.0,311.0,0.1860432958984375,False,2026-09-23 20:14:14+00:00,GLD260930P00381000
GLD,2026-09-23,392.8800048828125,2026-09-30,P,382.0,0.63,0.8,0.74,38.0,213.0,0.18189294677734374,False,2026-09-23 20:03:38+00:00,GLD260930P00382000
GLD,2026-09-23,392.8800048828125,2026-09-30,P,383.0,0.81,0.92,0.85,39.0,398.0,0.17884121948242188,False,2026-09-23 19:58:48+00:00,GLD260930P00383000
GLD,2026-09-23,392.8800048828125,2026-09-30,P,384.0,0.95,1.07,1.01,195.0,409.0,0.176766044921875,False,2026-09-23 19:58:48+00:00,GLD260930P00384000
GLD,2026-09-23,392.8800048828125,2026-09-30,P,385.0,1.13,1.24,1.18,256.0,2457.0,0.1744467321777344,False,2026-09-23 20:09:39+00:00,GLD260930P00385000
GLD,2026-09-23,392.8800048828125,2026-09-30,P,386.0,1.28,1.44,1.38,55.0,486.0,0.1724936267089844,False,2026-09-23 19:58:49+00:00,GLD260930P00386000
GLD,2026-09-23,392.8800048828125,2026-09-30,P,387.0,1.49,1.68,1.67,150.0,699.0,0.17115086669921875,False,2026-09-23 19:58:17+00:00,GLD260930P00387000
GLD,2026-09-23,392.8800048828125,2026-09-30,P,388.0,1.77,1.94,1.93,248.0,360.0,0.16931983032226564,False,2026-09-23 19:58:26+00:00,GLD260930P00388000
GLD,2026-09-23,392.8800048828125,2026-09-30,P,389.0,2.07,2.24,2.13,180.0,975.0,0.16785500122070315,False,2026-09-23 20:09:39+00:00,GLD260930P00389000
GLD,2026-09-23,392.8800048828125,2026-09-30,P,390.0,2.43,2.64,2.5,525.0,772.0,0.1692587957763672,False,2026-09-23 20:10:38+00:00,GLD260930P00390000
GLD,2026-09-23,392.8800048828125,2026-09-30,P,391.0,2.78,3.05,2.98,48.0,281.0,0.16931983032226564,False,2026-09-23 19:59:26+00:00,GLD260930P00391000
GLD,2026-09-23,392.8800048828125,2026-09-30,P,392.0,3.2,3.5,3.42,28.0,212.0,0.16931983032226564,False,2026-09-23 19:59:26+00:00,GLD260930P00392000
GLD,2026-09-23,392.8800048828125,2026-09-30,P,393.0,3.7,3.9,3.83,93.0,147.0,0.16547465393066407,True,2026-09-23 20:12:14+00:00,GLD260930P00393000
GLD,2026-09-23,392.8800048828125,2026-09-30,P,394.0,4.15,4.45,4.51,74.0,112.0,0.16632913757324225,True,2026-09-23 19:40:08+00:00,GLD260930P00394000
GLD,2026-09-23,392.8800048828125,2026-09-30,P,395.0,4.75,5.0,4.95,315.0,479.0,0.16541361938476565,True,2026-09-23 19:58:06+00:00,GLD260930P00395000
GLD,2026-09-23,392.8800048828125,2026-09-30,P,396.0,5.15,5.65,5.7,22.0,217.0,0.1671225866699219,True,2026-09-23 19:21:34+00:00,GLD260930P00396000
GLD,2026-09-23,392.8800048828125,2026-09-30,P,397.0,5.85,6.35,6.28,13.0,124.0,0.16950293395996097,True,2026-09-23 19:24:05+00:00,GLD260930P00397000
GLD,2026-09-23,392.8800048828125,2026-09-30,P,398.0,6.55,7.05,6.82,8.0,314.0,0.17029638305664066,True,2026-09-23 16:35:01+00:00,GLD260930P00398000
GLD,2026-09-23,392.8800048828125,2026-09-30,P,399.0,7.3,7.75,7.75,14.0,315.0,0.1694418994140625,True,2026-09-23 19:40:08+00:00,GLD260930P00399000
GLD,2026-09-23,392.8800048828125,2026-09-30,P,400.0,8.05,8.55,8.43,129.0,1562.0,0.17212741943359378,True,2026-09-23 19:51:54+00:00,GLD260930P00400000
GLD,2026-09-23,392.8800048828125,2026-09-30,P,401.0,8.65,9.3,9.03,3.0,141.0,0.17041845214843754,True,2026-09-23 17:44:39+00:00,GLD260930P00401000
GLD,2026-09-23,392.8800048828125,2026-09-30,P,402.0,9.55,10.15,10.02,2.0,92.0,0.17310397216796874,True,2026-09-23 19:49:04+00:00,GLD260930P00402000
GLD,2026-09-23,392.8800048828125,2026-09-30,P,403.0,10.45,11.0,10.55,2.0,120.0,0.1744467321777344,True,2026-09-23 18:58:16+00:00,GLD260930P00403000
GLD,2026-09-23,392.8800048828125,2026-09-30,P,404.0,11.35,11.85,11.69,12.0,126.0,0.17432466308593753,True,2026-09-23 19:53:21+00:00,GLD260930P00404000
GLD,2026-09-23,392.8800048828125,2026-09-30,P,405.0,12.25,12.75,12.75,22.0,876.0,0.17652190673828128,True,2026-09-23 19:51:54+00:00,GLD260930P00405000
GLD,2026-09-23,392.8800048828125,2026-09-30,P,406.0,12.95,13.65,13.65,4.0,1687.0,0.17749845947265624,True,2026-09-23 19:42:45+00:00,GLD260930P00406000
GLD,2026-09-23,392.8800048828125,2026-09-30,P,407.0,14.05,14.6,14.6,1.0,79.0,0.1821370849609375,True,2026-09-23 15:38:22+00:00,GLD260930P00407000
GLD,2026-09-23,392.8800048828125,2026-09-30,P,408.0,14.75,15.5,15.54,2.0,54.0,0.18042811767578126,True,2026-09-23 15:38:11+00:00,GLD260930P00408000
GLD,2026-09-23,392.8800048828125,2026-09-30,P,409.0,15.9,16.5,12.18,2.0,149.0,0.18921709228515626,True,2026-09-22 15:08:33+00:00,GLD260930P00409000
GLD,2026-09-23,392.8800048828125,2026-09-30,P,410.0,16.85,17.45,16.92,35.0,700.0,0.19165847412109377,True,2026-09-23 18:56:46+00:00,GLD260930P00410000
GLD,2026-09-23,392.8800048828125,2026-09-30,P,411.0,17.65,18.45,15.83,3.0,150.0,0.19995917236328126,True,2026-09-16 14:37:55+00:00,GLD260930P00411000
GLD,2026-09-23,392.8800048828125,2026-09-30,P,412.0,18.65,19.45,18.57,2.0,98.0,0.2082598706054687,True,2026-09-23 15:16:43+00:00,GLD260930P00412000
GLD,2026-09-23,392.8800048828125,2026-09-30,P,413.0,19.8,21.1,15.97,1.0,57.0,0.2845530529785155,True,2026-09-21 14:11:28+00:00,GLD260930P00413000
GLD,2026-09-23,392.8800048828125,2026-09-30,P,414.0,20.4,22.85,15.85,1.0,74.0,0.35169105346679685,True,2026-09-21 13:57:39+00:00,GLD260930P00414000
GLD,2026-09-23,392.8800048828125,2026-09-30,P,415.0,21.7,22.55,17.6,2.0,294.0,0.24658956542968752,True,2026-09-22 17:10:57+00:00,GLD260930P00415000
GLD,2026-09-23,392.8800048828125,2026-09-30,P,416.0,22.75,23.65,23.1,4.0,9.0,0.26734131103515624,True,2026-09-23 19:26:13+00:00,GLD260930P00416000
GLD,2026-09-23,392.8800048828125,2026-09-30,P,417.0,23.5,24.55,23.53,3.0,35.0,0.2629468237304688,True,2026-09-23 15:27:53+00:00,GLD260930P00417000
GLD,2026-09-23,392.8800048828125,2026-09-30,P,418.0,24.15,26.15,18.92,1.0,23.0,0.33618827880859375,True,2026-09-17 17:07:12+00:00,GLD260930P00418000
GLD,2026-09-23,392.8800048828125,2026-09-30,P,419.0,25.15,27.15,20.3,4.0,114.0,0.3454655297851562,True,2026-09-21 19:39:18+00:00,GLD260930P00419000
GLD,2026-09-23,392.8800048828125,2026-09-30,P,420.0,26.25,27.55,26.95,2.0,444.0,0.28711650390624993,True,2026-09-23 18:50:45+00:00,GLD260930P00420000
GLD,2026-09-23,392.8800048828125,2026-09-30,P,421.0,27.35,28.85,28.1,1.0,16.0,0.33301448242187504,True,2026-09-22 13:52:12+00:00,GLD260930P00421000
GLD,2026-09-23,392.8800048828125,2026-09-30,P,422.0,28.45,30.05,32.9,3.0,35.0,0.3627993408203125,True,2026-09-16 19:18:39+00:00,GLD260930P00422000
GLD,2026-09-23,392.8800048828125,2026-09-30,P,423.0,29.55,30.6,30.58,1.0,826.0,0.3181220532226562,True,2026-09-16 19:00:39+00:00,GLD260930P00423000
GLD,2026-09-23,392.8800048828125,2026-09-30,P,424.0,30.25,31.95,26.83,1.0,14.0,0.36963520996093746,True,2026-09-21 14:16:37+00:00,GLD260930P00424000
GLD,2026-09-23,392.8800048828125,2026-09-30,P,425.0,31.5,33.05,27.4,113.0,846.0,0.38892212646484375,True,2026-09-22 17:10:51+00:00,GLD260930P00425000
GLD,2026-09-23,392.8800048828125,2026-09-30,P,426.0,32.05,34.15,23.8,2.0,37.0,0.4078428356933594,True,2026-09-09 18:31:17+00:00,GLD260930P00426000
GLD,2026-09-23,392.8800048828125,2026-09-30,P,427.0,33.05,35.15,36.39,2.0,3.0,0.4165097412109374,True,2026-09-16 18:57:40+00:00,GLD260930P00427000
GLD,2026-09-23,392.8800048828125,2026-09-30,P,428.0,34.05,36.15,25.55,1.0,3.0,0.4250545776367188,True,2026-09-09 18:31:24+00:00,GLD260930P00428000
GLD,2026-09-23,392.8800048828125,2026-09-30,P,429.0,35.05,37.15,31.7,1.0,1.0,0.4335994140625,True,2026-09-21 14:11:21+00:00,GLD260930P00429000
GLD,2026-09-23,392.8800048828125,2026-09-30,P,430.0,36.55,37.75,28.15,5.0,310.0,0.3942931665039063,True,2026-09-18 17:08:25+00:00,GLD260930P00430000
GLD,2026-09-23,392.8800048828125,2026-09-30,P,435.0,41.45,42.95,34.77,1.0,44.0,0.45972219970703126,True,2026-09-17 13:36:48+00:00,GLD260930P00435000
GLD,2026-09-23,392.8800048828125,2026-09-30,P,440.0,46.15,48.15,40.21,2.0,20.0,0.5236864038085938,True,2026-09-01 14:00:22+00:00,GLD260930P00440000
GLD,2026-09-23,392.8800048828125,2026-09-30,P,445.0,51.15,53.15,45.05,1.0,0.0,0.5627485131835939,True,2026-09-10 17:02:04+00:00,GLD260930P00445000
GLD,2026-09-23,392.8800048828125,2026-09-30,P,450.0,56.65,57.7,57.04,2.0,2.0,0.5336960693359375,True,2026-09-23 19:49:53+00:00,GLD260930P00450000
GLD,2026-09-23,392.8800048828125,2026-09-30,P,455.0,61.3,62.75,62.06,2.0,0.0,0.577152666015625,True,2026-09-23 19:49:53+00:00,GLD260930P00455000
GLD,2026-09-23,392.8800048828125,2026-09-30,P,460.0,0.0,0.0,39.9,5.0,0.0,1.0000000000000003e-05,True,2026-08-21 16:11:17+00:00,GLD260930P00460000
GLD,2026-09-23,392.8800048828125,2026-09-30,P,465.0,40.4,41.6,92.85,120.0,0.0,1.0000000000000003e-05,True,2026-06-25 19:13:32+00:00,GLD260930P00465000
GLD,2026-09-23,392.8800048828125,2026-09-30,P,470.0,76.15,77.9,51.8,2.0,0.0,0.7041045214843751,True,2026-08-28 14:42:18+00:00,GLD260930P00470000
GLD,2026-09-23,392.8800048828125,2026-09-30,P,475.0,0.0,0.0,85.53,22.0,0.0,1.0000000000000003e-05,True,2026-08-06 17:59:52+00:00,GLD260930P00475000
GLD,2026-09-23,392.8800048828125,2026-09-30,P,480.0,86.2,88.0,79.57,1.0,1.0,0.7866232275390624,True,2026-09-17 16:11:31+00:00,GLD260930P00480000
GLD,2026-09-23,392.8800048828125,2026-09-30,P,485.0,90.65,93.2,93.64,1.0,0.0,0.8520522607421875,True,2026-09-16 19:50:17+00:00,GLD260930P00485000
GLD,2026-09-23,392.8800048828125,2026-09-30,P,490.0,96.15,98.15,88.01,1.0,2.0,0.5429733203125001,True,2026-09-18 19:47:26+00:00,GLD260930P00490000
GLD,2026-09-23,392.8800048828125,2026-09-30,P,495.0,101.15,103.15,93.03,1.0,0.0,0.5625043750000001,True,2026-09-18 19:47:26+00:00,GLD260930P00495000
GLD,2026-09-23,392.8800048828125,2026-09-30,P,500.0,106.15,108.05,101.45,1.0,1.0,0.920899228515625,True,2026-09-17 19:50:09+00:00,GLD260930P00500000
GLD,2026-09-23,392.8800048828125,2026-09-30,P,505.0,111.1,113.15,109.67,1.0,0.0,0.5312546875,True,2026-09-14 19:48:26+00:00,GLD260930P00505000
GLD,2026-09-23,392.8800048828125,2026-09-30,P,510.0,81.5,85.3,138.84,14.0,0.0,1.0000000000000003e-05,True,2026-07-23 18:28:36+00:00,GLD260930P00510000
GLD,2026-09-23,392.8800048828125,2026-09-30,P,515.0,0.0,0.0,101.57,302.0,0.0,1.0000000000000003e-05,True,2026-03-25 17:08:16+00:00,GLD260930P00515000
GLD,2026-09-23,392.8800048828125,2026-09-30,P,520.0,0.0,0.0,106.11,26.0,0.0,1.0000000000000003e-05,True,2026-03-25 17:04:39+00:00,GLD260930P00520000
GLD,2026-09-23,392.8800048828125,2026-09-30,P,525.0,0.0,0.0,110.27,200.0,0.0,1.0000000000000003e-05,True,2026-03-25 17:00:32+00:00,GLD260930P00525000
GLD,2026-09-23,392.8800048828125,2026-09-30,P,530.0,0.0,0.0,114.72,2.0,0.0,1.0000000000000003e-05,True,2026-03-25 17:00:51+00:00,GLD260930P00530000
GLD,2026-09-23,392.8800048828125,2026-09-30,P,535.0,160.75,164.7,141.8,2.0,0.0,2.5844761950683597,True,2026-06-09 15:45:10+00:00,GLD260930P00535000
GLD,2026-09-23,392.8800048828125,2026-09-30,P,540.0,140.7,144.85,99.0,3.0,0.0,1.0000000000000003e-05,True,2026-04-20 13:52:34+00:00,GLD260930P00540000
GLD,2026-09-23,392.8800048828125,2026-09-30,P,545.0,145.7,149.85,112.67,1.0,0.0,1.0000000000000003e-05,True,2026-05-07 20:06:10+00:00,GLD260930P00545000
GLD,2026-09-23,392.8800048828125,2026-09-30,P,550.0,0.0,0.0,133.72,2.0,0.0,1.0000000000000003e-05,True,2026-03-25 17:10:16+00:00,GLD260930P00550000
GLD,2026-09-23,392.8800048828125,2026-09-30,P,555.0,0.0,0.0,138.85,40.0,0.0,1.0000000000000003e-05,True,2026-05-21 19:29:36+00:00,GLD260930P00555000
GLD,2026-09-23,392.8800048828125,2026-09-30,P,560.0,131.15,135.45,188.83,14.0,0.0,1.0000000000000003e-05,True,2026-07-23 18:28:36+00:00,GLD260930P00560000
GLD,2026-09-23,392.8800048828125,2026-09-30,P,565.0,118.65,122.4,108.22,4.0,2.0,1.0000000000000003e-05,True,2026-03-17 18:19:30+00:00,GLD260930P00565000
GLD,2026-09-23,392.8800048828125,2026-09-30,P,570.0,123.45,127.25,125.0,3.0,32.0,1.0000000000000003e-05,True,2026-03-18 14:26:35+00:00,GLD260930P00570000
GLD,2026-09-23,392.8800048828125,2026-09-30,P,575.0,0.0,0.0,115.5,2.0,0.0,1.0000000000000003e-05,True,2026-03-05 17:55:59+00:00,GLD260930P00575000
GLD,2026-09-23,392.8800048828125,2026-09-30,P,580.0,120.85,124.2,105.4,,6.0,1.0000000000000003e-05,True,2026-01-29 20:33:11+00:00,GLD260930P00580000
GLD,2026-09-23,392.8800048828125,2026-09-30,P,585.0,0.0,0.0,124.3,2.0,0.0,1.0000000000000003e-05,True,2026-03-05 17:55:53+00:00,GLD260930P00585000
GLD,2026-09-23,392.8800048828125,2026-09-30,P,590.0,106.6,108.5,125.21,,18.0,1.0000000000000003e-05,True,2026-01-27 19:19:00+00:00,GLD260930P00590000
GLD,2026-09-23,392.8800048828125,2026-09-30,P,595.0,134.55,138.1,163.45,,18.0,1.0000000000000003e-05,True,2026-02-02 17:09:19+00:00,GLD260930P00595000
GLD,2026-09-23,392.8800048828125,2026-09-30,P,600.0,139.5,142.85,109.0,,60.0,1.0000000000000003e-05,True,2026-01-29 14:35:32+00:00,GLD260930P00600000
GLD,2026-09-23,392.8800048828125,2026-09-30,P,605.0,119.25,121.7,140.3,,300.0,1.0000000000000003e-05,True,2026-01-27 14:44:16+00:00,GLD260930P00605000
GLD,2026-09-23,392.8800048828125,2026-09-30,P,610.0,148.75,152.35,177.9,,17.0,1.0000000000000003e-05,True,2026-02-02 17:09:45+00:00,GLD260930P00610000
GLD,2026-09-23,392.8800048828125,2026-09-30,P,615.0,153.85,157.15,164.85,2.0,8.0,1.0000000000000003e-05,True,2026-02-03 15:27:28+00:00,GLD260930P00615000
GLD,2026-09-23,392.8800048828125,2026-09-30,P,620.0,133.3,135.2,154.35,,1.0,1.0000000000000003e-05,True,2026-01-26 15:47:16+00:00,GLD260930P00620000
GLD,2026-09-23,392.8800048828125,2026-09-30,P,625.0,206.0,210.85,187.82,1.0,0.0,1.0000000000000003e-05,True,2026-04-10 19:58:23+00:00,GLD260930P00625000
GLD,2026-09-23,392.8800048828125,2026-09-30,P,630.0,142.2,144.4,163.1,,1.0,1.0000000000000003e-05,True,2026-01-26 15:58:17+00:00,GLD260930P00630000
GLD,2026-09-23,392.8800048828125,2026-09-30,P,635.0,187.7,192.0,187.75,1.0,0.0,1.0000000000000003e-05,True,2026-03-18 14:23:33+00:00,GLD260930P00635000
GLD,2026-09-23,392.8800048828125,2026-09-30,P,640.0,177.75,181.45,194.2,,0.0,1.0000000000000003e-05,True,2026-01-30 18:01:22+00:00,GLD260930P00640000
GLD,2026-09-23,392.8800048828125,2026-09-30,P,655.0,0.0,0.0,265.75,,0.0,1.0000000000000003e-05,True,2026-08-06 19:00:35+00:00,GLD260930P00655000
GLD,2026-09-23,392.8800048828125,2026-10-01,C,283.0,108.9,111.35,115.15,,1.0,0.9501958105468749,True,2026-09-22 15:10:01+00:00,GLD261001C00283000
GLD,2026-09-23,392.8800048828125,2026-10-01,C,292.0,99.9,102.85,106.15,,1.0,0.9677737597656251,True,2026-09-22 15:10:01+00:00,GLD261001C00292000
GLD,2026-09-23,392.8800048828125,2026-10-01,C,370.0,22.35,24.5,27.7,,1.0,0.3618227880859375,True,2026-09-22 15:55:27+00:00,GLD261001C00370000
GLD,2026-09-23,392.8800048828125,2026-10-01,C,375.0,18.15,18.9,19.71,8.0,18.0,0.2622144091796875,True,2026-09-23 13:42:16+00:00,GLD261001C00375000
GLD,2026-09-23,392.8800048828125,2026-10-01,C,376.0,17.2,17.95,21.51,,3.0,0.2555006091308594,True,2026-09-22 15:53:29+00:00,GLD261001C00376000
GLD,2026-09-23,392.8800048828125,2026-10-01,C,385.0,9.3,10.0,13.17,,1.0,0.21033504516601562,True,2026-09-22 15:55:27+00:00,GLD261001C00385000
GLD,2026-09-23,392.8800048828125,2026-10-01,C,386.0,8.65,9.2,9.0,6.0,1.0,0.2061236614990234,True,2026-09-23 18:28:02+00:00,GLD261001C00386000
GLD,2026-09-23,392.8800048828125,2026-10-01,C,390.0,5.85,6.3,6.15,68.0,3.0,0.1925129577636719,True,2026-09-23 19:53:15+00:00,GLD261001C00390000
GLD,2026-09-23,392.8800048828125,2026-10-01,C,391.0,5.4,5.7,5.7,5.0,4.0,0.1914143359375,True,2026-09-23 17:44:56+00:00,GLD261001C00391000
GLD,2026-09-23,392.8800048828125,2026-10-01,C,392.0,4.85,5.15,4.88,54.0,1.0,0.19104812866210938,True,2026-09-23 19:39:42+00:00,GLD261001C00392000
GLD,2026-09-23,392.8800048828125,2026-10-01,C,393.0,4.35,4.6,4.1,46.0,61.0,0.18927812683105472,False,2026-09-23 17:02:46+00:00,GLD261001C00393000
GLD,2026-09-23,392.8800048828125,2026-10-01,C,394.0,3.85,4.1,4.2,38.0,62.0,0.18817950500488279,False,2026-09-23 19:06:43+00:00,GLD261001C00394000
GLD,2026-09-23,392.8800048828125,2026-10-01,C,395.0,3.4,3.65,3.75,28.0,23.0,0.18775226318359373,False,2026-09-23 18:10:09+00:00,GLD261001C00395000
GLD,2026-09-23,392.8800048828125,2026-10-01,C,396.0,3.0,3.25,7.0,,16.0,0.18793536682128903,False,2026-09-21 13:57:10+00:00,GLD261001C00396000
GLD,2026-09-23,392.8800048828125,2026-10-01,C,397.0,2.66,2.86,2.93,1.0,46.0,0.18720295227050782,False,2026-09-23 13:54:22+00:00,GLD261001C00397000
GLD,2026-09-23,392.8800048828125,2026-10-01,C,398.0,2.33,2.53,2.51,20.0,29.0,0.18763019409179688,False,2026-09-23 18:34:10+00:00,GLD261001C00398000
GLD,2026-09-23,392.8800048828125,2026-10-01,C,399.0,2.04,2.23,2.35,18.0,70.0,0.18811847045898436,False,2026-09-23 16:26:59+00:00,GLD261001C00399000
GLD,2026-09-23,392.8800048828125,2026-10-01,C,400.0,1.78,1.95,1.8,75.0,130.0,0.18811847045898436,False,2026-09-23 19:27:00+00:00,GLD261001C00400000
GLD,2026-09-23,392.8800048828125,2026-10-01,C,401.0,1.54,1.73,1.67,10.0,28.0,0.18982743774414065,False,2026-09-22 19:55:09+00:00,GLD261001C00401000
GLD,2026-09-23,392.8800048828125,2026-10-01,C,402.0,1.34,1.49,1.6,2.0,97.0,0.18921709228515626,False,2026-09-23 13:56:07+00:00,GLD261001C00402000
GLD,2026-09-23,392.8800048828125,2026-10-01,C,403.0,1.16,1.34,1.24,13.0,39.0,0.19226881958007813,False,2026-09-23 17:20:59+00:00,GLD261001C00403000
GLD,2026-09-23,392.8800048828125,2026-10-01,C,404.0,1.02,1.14,1.16,4.0,89.0,0.19129226684570313,False,2026-09-23 19:06:43+00:00,GLD261001C00404000
GLD,2026-09-23,392.8800048828125,2026-10-01,C,405.0,0.89,1.0,1.08,66.0,113.0,0.1928791650390625,False,2026-09-23 18:02:12+00:00,GLD261001C00405000
GLD,2026-09-23,392.8800048828125,2026-10-01,C,406.0,0.76,0.88,0.9,1.0,7.0,0.19458813232421873,False,2026-09-23 16:41:34+00:00,GLD261001C00406000
GLD,2026-09-23,392.8800048828125,2026-10-01,C,407.0,0.66,0.78,1.09,1.0,24.0,0.19690744506835936,False,2026-09-23 13:37:24+00:00,GLD261001C00407000
GLD,2026-09-23,392.8800048828125,2026-10-01,C,408.0,0.57,0.7,0.68,1.0,118.0,0.19983710327148438,False,2026-09-23 16:33:40+00:00,GLD261001C00408000
GLD,2026-09-23,392.8800048828125,2026-10-01,C,409.0,0.49,0.62,0.7,2.0,13.0,0.2020343469238281,False,2026-09-23 14:05:16+00:00,GLD261001C00409000
GLD,2026-09-23,392.8800048828125,2026-10-01,C,410.0,0.46,0.56,0.52,38.0,91.0,0.20520814331054685,False,2026-09-23 16:38:55+00:00,GLD261001C00410000
GLD,2026-09-23,392.8800048828125,2026-10-01,C,411.0,0.38,0.5,2.18,5.0,4.0,0.20777159423828123,False,2026-09-18 14:59:07+00:00,GLD261001C00411000
GLD,2026-09-23,392.8800048828125,2026-10-01,C,412.0,0.33,0.48,0.5,2.0,59.0,0.213875048828125,False,2026-09-22 13:37:46+00:00,GLD261001C00412000
GLD,2026-09-23,392.8800048828125,2026-10-01,C,413.0,0.29,0.46,1.21,52.0,52.0,0.2199785034179687,False,2026-09-22 18:35:49+00:00,GLD261001C00413000
GLD,2026-09-23,392.8800048828125,2026-10-01,C,414.0,0.26,0.38,0.31,5.0,7.0,0.21826953613281247,False,2026-09-23 19:36:37+00:00,GLD261001C00414000
GLD,2026-09-23,392.8800048828125,2026-10-01,C,415.0,0.22,0.35,0.65,2.0,32.0,0.2219316088867187,False,2026-09-22 16:48:38+00:00,GLD261001C00415000
GLD,2026-09-23,392.8800048828125,2026-10-01,C,416.0,0.2,0.37,0.57,1.0,30.0,0.23242955078125,False,2026-09-22 16:25:06+00:00,GLD261001C00416000
GLD,2026-09-23,392.8800048828125,2026-10-01,C,417.0,0.17,0.3,1.2,2.0,1.0,0.22974403076171873,False,2026-09-18 14:59:07+00:00,GLD261001C00417000
GLD,2026-09-23,392.8800048828125,2026-10-01,C,418.0,0.15,0.27,0.24,1.0,1.0,0.23218541259765624,False,2026-09-23 13:30:01+00:00,GLD261001C00418000
GLD,2026-09-23,392.8800048828125,2026-10-01,C,419.0,0.14,0.32,0.61,,,0.24732197998046873,False,2026-09-21 19:34:11+00:00,GLD261001C00419000
GLD,2026-09-23,392.8800048828125,2026-10-01,C,420.0,0.12,0.23,0.18,18.0,22.0,0.23902128173828124,False,2026-09-23 16:53:18+00:00,GLD261001C00420000
GLD,2026-09-23,392.8800048828125,2026-10-01,C,421.0,0.11,0.21,0.18,7.0,1.0,0.24195093994140626,False,2026-09-23 18:46:23+00:00,GLD261001C00421000
GLD,2026-09-23,392.8800048828125,2026-10-01,C,423.0,0.09,0.26,1.02,148.0,147.0,0.26538820556640624,False,2026-09-18 17:59:45+00:00,GLD261001C00423000
GLD,2026-09-23,392.8800048828125,2026-10-01,C,425.0,0.08,0.25,0.88,2.0,2.0,0.2771068383789062,False,2026-09-18 18:15:46+00:00,GLD261001C00425000
GLD,2026-09-23,392.8800048828125,2026-10-01,C,430.0,0.05,0.13,0.13,1.0,1.0,0.27930408203124996,False,2026-09-22 14:26:23+00:00,GLD261001C00430000
GLD,2026-09-23,392.8800048828125,2026-10-01,C,434.0,0.03,0.2,0.4,1.0,1.0,0.3237372314453124,False,2026-09-18 13:54:44+00:00,GLD261001C00434000
GLD,2026-09-23,392.8800048828125,2026-10-01,C,435.0,0.03,0.1,0.22,,2.0,0.2978585839843749,False,2026-09-22 18:21:36+00:00,GLD261001C00435000
GLD,2026-09-23,392.8800048828125,2026-10-01,C,440.0,0.01,0.09,0.2,,3.0,0.32129584960937496,False,2026-09-21 15:06:32+00:00,GLD261001C00440000
GLD,2026-09-23,392.8800048828125,2026-10-01,C,455.0,0.01,0.08,0.05,,3.0,0.39551385742187506,False,2026-09-22 13:34:52+00:00,GLD261001C00455000
GLD,2026-09-23,392.8800048828125,2026-10-01,C,460.0,0.01,0.06,0.07,,1.0,0.4062559375,False,2026-09-21 14:01:07+00:00,GLD261001C00460000
GLD,2026-09-23,392.8800048828125,2026-10-01,C,485.0,0.0,0.05,0.03,,2.0,0.5136767382812499,False,2026-09-22 16:57:43+00:00,GLD261001C00485000
GLD,2026-09-23,392.8800048828125,2026-10-01,C,500.0,0.0,0.1,0.06,2.0,1.0,0.57812921875,False,2026-09-18 14:32:38+00:00,GLD261001C00500000
GLD,2026-09-23,392.8800048828125,2026-10-01,C,510.0,0.0,0.09,0.07,2.0,1.0,0.6132851171875001,False,2026-09-18 14:32:03+00:00,GLD261001C00510000
GLD,2026-09-23,392.8800048828125,2026-10-01,P,297.0,0.0,0.08,0.01,,3.0,0.6640658593750002,False,2026-09-17 14:19:31+00:00,GLD261001P00297000
GLD,2026-09-23,392.8800048828125,2026-10-01,P,298.0,0.0,0.08,0.01,,2.0,0.6562534375000001,False,2026-09-17 14:19:10+00:00,GLD261001P00298000
GLD,2026-09-23,392.8800048828125,2026-10-01,P,299.0,0.0,0.08,0.07,,3.0,0.648441015625,False,2026-09-17 14:24:54+00:00,GLD261001P00299000
GLD,2026-09-23,392.8800048828125,2026-10-01,P,300.0,0.0,0.08,0.06,,3.0,0.6425816992187501,False,2026-09-17 14:25:24+00:00,GLD261001P00300000
GLD,2026-09-23,392.8800048828125,2026-10-01,P,302.0,0.0,0.08,0.03,1.0,5.0,0.6289099609375001,False,2026-09-21 14:07:11+00:00,GLD261001P00302000
GLD,2026-09-23,392.8800048828125,2026-10-01,P,303.0,0.0,0.08,0.04,1.0,6.0,0.6210975390625001,False,2026-09-21 14:04:13+00:00,GLD261001P00303000
GLD,2026-09-23,392.8800048828125,2026-10-01,P,304.0,0.0,0.08,0.04,3.0,9.0,0.6132851171875001,False,2026-09-21 14:07:18+00:00,GLD261001P00304000
GLD,2026-09-23,392.8800048828125,2026-10-01,P,305.0,0.0,0.08,0.13,,4.0,0.6054726953125001,False,2026-09-17 15:10:36+00:00,GLD261001P00305000
GLD,2026-09-23,392.8800048828125,2026-10-01,P,306.0,0.0,0.08,0.04,,5.0,0.5996133789062501,False,2026-09-17 15:10:40+00:00,GLD261001P00306000
GLD,2026-09-23,392.8800048828125,2026-10-01,P,307.0,0.0,0.09,0.12,,4.0,0.5996133789062501,False,2026-09-17 14:24:27+00:00,GLD261001P00307000
GLD,2026-09-23,392.8800048828125,2026-10-01,P,308.0,0.0,0.08,0.01,,3.0,0.585941640625,False,2026-09-17 14:22:17+00:00,GLD261001P00308000
GLD,2026-09-23,392.8800048828125,2026-10-01,P,309.0,0.0,0.09,0.12,,3.0,0.585941640625,False,2026-09-17 14:50:43+00:00,GLD261001P00309000
GLD,2026-09-23,392.8800048828125,2026-10-01,P,310.0,0.0,0.09,0.04,,6.0,0.57812921875,False,2026-09-17 14:24:39+00:00,GLD261001P00310000
GLD,2026-09-23,392.8800048828125,2026-10-01,P,311.0,0.0,0.08,0.03,1.0,1.0,0.5644574804687501,False,2026-09-22 13:57:07+00:00,GLD261001P00311000
GLD,2026-09-23,392.8800048828125,2026-10-01,P,312.0,0.0,0.09,0.04,1.0,1.0,0.5644574804687501,False,2026-09-23 18:17:41+00:00,GLD261001P00312000
GLD,2026-09-23,392.8800048828125,2026-10-01,P,315.0,0.0,0.08,0.02,1.0,1.0,0.5351608984375,False,2026-09-22 15:59:58+00:00,GLD261001P00315000
GLD,2026-09-23,392.8800048828125,2026-10-01,P,320.0,0.0,0.05,0.02,2.0,2.0,0.5136767382812499,False,2026-09-22 18:05:53+00:00,GLD261001P00320000
GLD,2026-09-23,392.8800048828125,2026-10-01,P,325.0,0.0,0.06,0.02,1.0,0.0,0.48828636718750007,False,2026-09-22 16:27:54+00:00,GLD261001P00325000
GLD,2026-09-23,392.8800048828125,2026-10-01,P,330.0,0.02,0.06,0.06,1.0,2.0,0.45313046875,False,2026-09-22 17:39:06+00:00,GLD261001P00330000
GLD,2026-09-23,392.8800048828125,2026-10-01,P,335.0,0.01,0.06,0.06,,3.0,0.41797457031249996,False,2026-09-22 17:51:58+00:00,GLD261001P00335000
GLD,2026-09-23,392.8800048828125,2026-10-01,P,345.0,0.01,0.07,0.07,,1.0,0.35547519531249994,False,2026-09-22 18:15:27+00:00,GLD261001P00345000
GLD,2026-09-23,392.8800048828125,2026-10-01,P,350.0,0.01,0.16,0.09,,2.0,0.36084623535156246,False,2026-09-21 19:24:19+00:00,GLD261001P00350000
GLD,2026-09-23,392.8800048828125,2026-10-01,P,370.0,0.16,0.28,0.19,1.0,1.0,0.2304764453125,False,2026-09-23 16:09:47+00:00,GLD261001P00370000
GLD,2026-09-23,392.8800048828125,2026-10-01,P,375.0,0.31,0.44,0.32,10.0,5.0,0.2087481469726562,False,2026-09-23 13:39:48+00:00,GLD261001P00375000
GLD,2026-09-23,392.8800048828125,2026-10-01,P,378.0,0.49,0.62,0.47,6.0,6.0,0.198250205078125,False,2026-09-23 15:09:51+00:00,GLD261001P00378000
GLD,2026-09-23,392.8800048828125,2026-10-01,P,379.0,0.56,0.7,0.55,,2.0,0.19519847778320312,False,2026-09-21 15:11:14+00:00,GLD261001P00379000
GLD,2026-09-23,392.8800048828125,2026-10-01,P,380.0,0.66,0.79,0.76,20.0,7.0,0.19190261230468753,False,2026-09-23 19:57:53+00:00,GLD261001P00380000
GLD,2026-09-23,392.8800048828125,2026-10-01,P,381.0,0.75,0.89,0.59,,1.0,0.18860674682617187,False,2026-09-22 16:30:04+00:00,GLD261001P00381000
GLD,2026-09-23,392.8800048828125,2026-10-01,P,382.0,0.88,1.03,0.97,2.0,2.0,0.1870198486328125,False,2026-09-23 19:15:17+00:00,GLD261001P00382000
GLD,2026-09-23,392.8800048828125,2026-10-01,P,383.0,1.02,1.16,0.78,1.0,71.0,0.18372398315429686,False,2026-09-22 16:30:04+00:00,GLD261001P00383000
GLD,2026-09-23,392.8800048828125,2026-10-01,P,384.0,1.19,1.33,1.44,5.0,7.0,0.18177087768554687,False,2026-09-23 14:09:46+00:00,GLD261001P00384000
GLD,2026-09-23,392.8800048828125,2026-10-01,P,385.0,1.35,1.51,1.72,17.0,517.0,0.17914639221191403,False,2026-09-23 17:02:48+00:00,GLD261001P00385000
GLD,2026-09-23,392.8800048828125,2026-10-01,P,386.0,1.56,1.74,1.93,31.0,24.0,0.17786466674804688,False,2026-09-23 17:02:48+00:00,GLD261001P00386000
GLD,2026-09-23,392.8800048828125,2026-10-01,P,387.0,1.8,2.0,2.23,20.0,6.0,0.176766044921875,False,2026-09-23 17:02:47+00:00,GLD261001P00387000
GLD,2026-09-23,392.8800048828125,2026-10-01,P,388.0,2.09,2.29,2.27,65.0,30.0,0.17566742309570313,False,2026-09-23 19:57:53+00:00,GLD261001P00388000
GLD,2026-09-23,392.8800048828125,2026-10-01,P,389.0,2.4,2.61,2.55,81.0,435.0,0.1744467321777344,False,2026-09-23 18:38:49+00:00,GLD261001P00389000
GLD,2026-09-23,392.8800048828125,2026-10-01,P,390.0,2.77,3.1,2.94,30.0,133.0,0.1790853576660156,False,2026-09-23 19:54:18+00:00,GLD261001P00390000
GLD,2026-09-23,392.8800048828125,2026-10-01,P,391.0,3.15,3.4,3.4,3.0,63.0,0.17408052490234377,False,2026-09-23 13:42:56+00:00,GLD261001P00391000
GLD,2026-09-23,392.8800048828125,2026-10-01,P,392.0,3.55,3.8,3.79,8.0,16.0,0.17188328125000002,False,2026-09-23 19:15:17+00:00,GLD261001P00392000
GLD,2026-09-23,392.8800048828125,2026-10-01,P,393.0,4.05,4.3,4.34,82.0,7.0,0.17224948852539065,True,2026-09-23 16:55:12+00:00,GLD261001P00393000
GLD,2026-09-23,392.8800048828125,2026-10-01,P,394.0,4.55,4.85,4.76,129.0,51.0,0.17310397216796874,True,2026-09-23 19:48:16+00:00,GLD261001P00394000
GLD,2026-09-23,392.8800048828125,2026-10-01,P,395.0,5.1,5.4,2.49,13.0,22.0,0.1724936267089844,True,2026-09-22 19:41:46+00:00,GLD261001P00395000
GLD,2026-09-23,392.8800048828125,2026-10-01,P,396.0,5.6,6.0,5.75,1.0,3.0,0.17237155761718753,True,2026-09-23 19:06:00+00:00,GLD261001P00396000
GLD,2026-09-23,392.8800048828125,2026-10-01,P,397.0,6.2,6.65,6.62,9.0,60.0,0.1729819030761719,True,2026-09-22 13:33:44+00:00,GLD261001P00397000
GLD,2026-09-23,392.8800048828125,2026-10-01,P,398.0,6.7,7.35,4.1,39.0,143.0,0.17420259399414065,True,2026-09-22 18:47:00+00:00,GLD261001P00398000
GLD,2026-09-23,392.8800048828125,2026-10-01,P,399.0,7.55,8.1,8.19,1.0,11.0,0.17646087219238282,True,2026-09-23 17:29:14+00:00,GLD261001P00399000
GLD,2026-09-23,392.8800048828125,2026-10-01,P,400.0,8.3,8.8,8.95,2.0,10.0,0.1749350085449219,True,2026-09-23 17:29:14+00:00,GLD261001P00400000
GLD,2026-09-23,392.8800048828125,2026-10-01,P,401.0,8.85,9.6,9.18,1.0,12.0,0.17688811401367188,True,2026-09-23 17:48:47+00:00,GLD261001P00401000
GLD,2026-09-23,392.8800048828125,2026-10-01,P,402.0,9.85,10.4,10.15,1.0,4.0,0.17768156311035155,True,2026-09-22 14:52:53+00:00,GLD261001P00402000
GLD,2026-09-23,392.8800048828125,2026-10-01,P,403.0,10.45,11.2,8.0,,1.0,0.17701018310546873,True,2026-09-22 14:14:58+00:00,GLD261001P00403000
GLD,2026-09-23,392.8800048828125,2026-10-01,P,404.0,11.55,12.05,8.48,1.0,1.0,0.17798673583984376,True,2026-09-21 17:46:21+00:00,GLD261001P00404000
GLD,2026-09-23,392.8800048828125,2026-10-01,P,405.0,12.15,13.05,10.28,,5.0,0.18824053955078124,True,2026-09-22 14:40:36+00:00,GLD261001P00405000
GLD,2026-09-23,392.8800048828125,2026-10-01,P,410.0,17.0,17.55,17.3,4.0,21.0,0.19214675048828128,True,2026-09-23 19:53:22+00:00,GLD261001P00410000
GLD,2026-09-23,392.8800048828125,2026-10-01,P,411.0,17.95,18.55,13.24,,1.0,0.2004474487304687,True,2026-09-21 18:31:55+00:00,GLD261001P00411000
GLD,2026-09-23,392.8800048828125,2026-10-01,P,417.0,23.6,24.65,23.55,3.0,2.0,0.2600171655273438,True,2026-09-23 15:08:56+00:00,GLD261001P00417000
GLD,2026-09-23,392.8800048828125,2026-10-01,P,418.0,24.15,26.3,18.23,,3.0,0.32947447875976554,True,2026-09-22 19:32:28+00:00,GLD261001P00418000
GLD,2026-09-23,392.8800048828125,2026-10-01,P,425.0,31.15,33.25,23.8,2.0,1.0,0.38550419189453117,True,2026-09-18 16:33:30+00:00,GLD261001P00425000
GLD,2026-09-23,392.8800048828125,2026-10-01,P,426.0,32.15,34.25,24.74,2.0,1.0,0.39380489013671877,True,2026-09-18 16:33:30+00:00,GLD261001P00426000
GLD,2026-09-23,392.8800048828125,2026-10-02,C,220.0,172.55,173.95,180.27,,1.0,1.588869243164062,True,2026-09-17 18:05:50+00:00,GLD261002C00220000
GLD,2026-09-23,392.8800048828125,2026-10-02,C,225.0,167.5,169.15,176.97,,1.0,1.5732443212890623,True,2026-09-02 18:32:38+00:00,GLD261002C00225000
GLD,2026-09-23,392.8800048828125,2026-10-02,C,250.0,142.55,144.15,178.3,4.0,3.0,1.3154331103515622,True,2026-08-24 15:21:41+00:00,GLD261002C00250000
GLD,2026-09-23,392.8800048828125,2026-10-02,C,290.0,102.65,104.25,110.39,,1.0,0.9584965087890623,True,2026-09-17 18:05:50+00:00,GLD261002C00290000
GLD,2026-09-23,392.8800048828125,2026-10-02,C,305.0,87.55,89.05,107.26,,3.0,0.7797873583984375,True,2026-09-03 18:17:58+00:00,GLD261002C00305000
GLD,2026-09-23,392.8800048828125,2026-10-02,C,320.0,0.0,0.0,84.43,,0.0,1.0000000000000003e-05,True,2026-08-14 14:35:21+00:00,GLD261002C00320000
GLD,2026-09-23,392.8800048828125,2026-10-02,C,340.0,52.7,54.3,66.29,,5.0,0.5224657128906249,True,2026-09-09 18:26:32+00:00,GLD261002C00340000
GLD,2026-09-23,392.8800048828125,2026-10-02,C,345.0,47.7,49.35,61.38,,6.0,0.5837443969726561,True,2026-09-09 18:26:32+00:00,GLD261002C00345000
GLD,2026-09-23,392.8800048828125,2026-10-02,C,350.0,42.85,43.75,43.9,1.0,5.0,0.4694877270507813,True,2026-09-23 15:24:23+00:00,GLD261002C00350000
GLD,2026-09-23,392.8800048828125,2026-10-02,C,353.0,39.75,41.2,52.15,,1.0,0.4901174035644532,True,2026-09-08 17:05:02+00:00,GLD261002C00353000
GLD,2026-09-23,392.8800048828125,2026-10-02,C,355.0,37.75,39.15,47.4,1.0,12.0,0.46582565429687506,True,2026-09-18 16:33:29+00:00,GLD261002C00355000
GLD,2026-09-23,392.8800048828125,2026-10-02,C,357.0,0.0,0.0,49.35,,0.0,1.0000000000000003e-05,True,2026-08-18 14:28:14+00:00,GLD261002C00357000
GLD,2026-09-23,392.8800048828125,2026-10-02,C,359.0,33.8,35.1,43.52,23.0,23.0,0.4222469885253906,True,2026-09-18 19:30:22+00:00,GLD261002C00359000
GLD,2026-09-23,392.8800048828125,2026-10-02,C,360.0,32.9,33.85,43.53,4.0,23.0,0.38843385009765624,True,2026-09-18 18:15:21+00:00,GLD261002C00360000
GLD,2026-09-23,392.8800048828125,2026-10-02,C,361.0,31.8,33.05,42.1,1.0,6.0,0.39819937744140627,True,2026-09-18 19:29:59+00:00,GLD261002C00361000
GLD,2026-09-23,392.8800048828125,2026-10-02,C,362.0,30.85,32.35,33.72,,6.0,0.41431249755859373,True,2026-09-14 16:16:30+00:00,GLD261002C00362000
GLD,2026-09-23,392.8800048828125,2026-10-02,C,363.0,29.85,31.4,64.95,2.0,1.0,0.40820904296875,True,2026-08-24 17:31:26+00:00,GLD261002C00363000
GLD,2026-09-23,392.8800048828125,2026-10-02,C,365.0,27.9,28.9,32.55,10.0,11.0,0.3460758752441406,True,2026-09-22 16:02:07+00:00,GLD261002C00365000
GLD,2026-09-23,392.8800048828125,2026-10-02,C,366.0,26.9,28.05,32.45,1.0,3.0,0.34961587890624996,True,2026-09-21 14:36:59+00:00,GLD261002C00366000
GLD,2026-09-23,392.8800048828125,2026-10-02,C,367.0,26.1,27.0,31.55,1.0,3.0,0.3355779333496094,True,2026-09-21 14:36:59+00:00,GLD261002C00367000
GLD,2026-09-23,392.8800048828125,2026-10-02,C,368.0,24.95,26.05,27.6,1.0,5.0,0.3298406860351562,True,2026-09-15 15:50:28+00:00,GLD261002C00368000
GLD,2026-09-23,392.8800048828125,2026-10-02,C,369.0,24.0,25.5,31.1,3.0,8.0,0.3537662280273437,True,2026-09-17 15:00:36+00:00,GLD261002C00369000
GLD,2026-09-23,392.8800048828125,2026-10-02,C,370.0,23.2,24.15,24.11,13.0,25.0,0.3178779150390625,True,2026-09-23 17:50:31+00:00,GLD261002C00370000
GLD,2026-09-23,392.8800048828125,2026-10-02,C,371.0,22.05,23.55,28.35,1.0,5.0,0.3360662097167969,True,2026-09-22 17:52:47+00:00,GLD261002C00371000
GLD,2026-09-23,392.8800048828125,2026-10-02,C,372.0,21.1,22.5,28.86,4.0,4.0,0.3220282641601562,True,2026-09-17 18:23:04+00:00,GLD261002C00372000
GLD,2026-09-23,392.8800048828125,2026-10-02,C,373.0,20.4,21.45,20.4,1.0,5.0,0.30799031860351556,True,2026-09-17 18:23:04+00:00,GLD261002C00373000
GLD,2026-09-23,392.8800048828125,2026-10-02,C,374.0,19.6,20.45,27.22,12.0,8.0,0.2973703076171874,True,2026-09-17 15:39:03+00:00,GLD261002C00374000
GLD,2026-09-23,392.8800048828125,2026-10-02,C,375.0,18.7,19.2,19.52,1.0,19.0,0.2701489001464844,True,2026-09-23 17:59:49+00:00,GLD261002C00375000
GLD,2026-09-23,392.8800048828125,2026-10-02,C,376.0,17.7,18.55,18.03,10.0,6.0,0.28186753295898437,True,2026-09-23 19:27:19+00:00,GLD261002C00376000
GLD,2026-09-23,392.8800048828125,2026-10-02,C,377.0,16.85,17.35,24.85,2.0,27.0,0.2585523364257813,True,2026-09-17 14:34:28+00:00,GLD261002C00377000
GLD,2026-09-23,392.8800048828125,2026-10-02,C,378.0,15.9,16.5,23.97,2.0,3.0,0.2567213000488281,True,2026-09-17 14:34:28+00:00,GLD261002C00378000
GLD,2026-09-23,392.8800048828125,2026-10-02,C,379.0,15.05,15.65,15.1,14.0,17.0,0.2541578491210938,True,2026-09-23 14:15:31+00:00,GLD261002C00379000
GLD,2026-09-23,392.8800048828125,2026-10-02,C,380.0,14.15,14.7,14.3,9.0,15.0,0.24536887451171874,True,2026-09-23 19:22:42+00:00,GLD261002C00380000
GLD,2026-09-23,392.8800048828125,2026-10-02,C,381.0,13.25,13.9,19.05,1.0,5.0,0.2442702526855469,True,2026-09-21 13:43:52+00:00,GLD261002C00381000
GLD,2026-09-23,392.8800048828125,2026-10-02,C,382.0,12.45,12.95,18.6,11.0,21.0,0.23474886352539062,True,2026-09-21 16:07:13+00:00,GLD261002C00382000
GLD,2026-09-23,392.8800048828125,2026-10-02,C,383.0,11.6,12.15,17.48,1.0,8.0,0.23230748168945312,True,2026-09-21 18:24:11+00:00,GLD261002C00383000
GLD,2026-09-23,392.8800048828125,2026-10-02,C,384.0,10.8,11.3,17.15,2.0,11.0,0.22657023437499998,True,2026-09-18 14:39:11+00:00,GLD261002C00384000
GLD,2026-09-23,392.8800048828125,2026-10-02,C,385.0,10.0,10.55,10.0,177.0,126.0,0.22486126708984372,True,2026-09-23 19:57:28+00:00,GLD261002C00385000
GLD,2026-09-23,392.8800048828125,2026-10-02,C,386.0,9.25,9.75,9.84,4.0,4.0,0.2199785034179687,True,2026-09-23 15:26:42+00:00,GLD261002C00386000
GLD,2026-09-23,392.8800048828125,2026-10-02,C,387.0,8.55,9.05,8.85,2.0,19.0,0.21857470886230468,True,2026-09-23 19:28:12+00:00,GLD261002C00387000
GLD,2026-09-23,392.8800048828125,2026-10-02,C,388.0,7.85,8.35,7.49,2.0,25.0,0.2161943615722656,True,2026-09-23 13:36:10+00:00,GLD261002C00388000
GLD,2026-09-23,392.8800048828125,2026-10-02,C,389.0,7.2,7.6,7.54,4.0,69.0,0.21076228698730468,True,2026-09-23 19:15:36+00:00,GLD261002C00389000
GLD,2026-09-23,392.8800048828125,2026-10-02,C,390.0,6.6,7.0,6.8,21.0,78.0,0.21039607971191404,True,2026-09-23 19:19:09+00:00,GLD261002C00390000
GLD,2026-09-23,392.8800048828125,2026-10-02,C,391.0,6.05,6.35,6.21,128.0,50.0,0.2069781451416015,True,2026-09-23 20:14:25+00:00,GLD261002C00391000
GLD,2026-09-23,392.8800048828125,2026-10-02,C,392.0,5.5,5.75,5.62,199.0,60.0,0.20447572875976558,True,2026-09-23 20:14:25+00:00,GLD261002C00392000
GLD,2026-09-23,392.8800048828125,2026-10-02,C,393.0,4.95,5.25,5.0,254.0,86.0,0.20459779785156246,False,2026-09-23 19:57:23+00:00,GLD261002C00393000
GLD,2026-09-23,392.8800048828125,2026-10-02,C,394.0,4.45,4.75,4.82,32.0,73.0,0.2036212451171875,False,2026-09-23 18:59:42+00:00,GLD261002C00394000
GLD,2026-09-23,392.8800048828125,2026-10-02,C,395.0,4.05,4.2,4.14,254.0,1264.0,0.19959296508789062,False,2026-09-23 20:14:48+00:00,GLD261002C00395000
GLD,2026-09-23,392.8800048828125,2026-10-02,C,396.0,3.6,3.85,3.65,89.0,105.0,0.20209538146972655,False,2026-09-23 20:00:07+00:00,GLD261002C00396000
GLD,2026-09-23,392.8800048828125,2026-10-02,C,397.0,3.25,3.4,3.45,45.0,511.0,0.19947089599609374,False,2026-09-23 20:14:53+00:00,GLD261002C00397000
GLD,2026-09-23,392.8800048828125,2026-10-02,C,398.0,2.89,3.1,3.05,34.0,110.0,0.20179020874023437,False,2026-09-23 18:38:55+00:00,GLD261002C00398000
GLD,2026-09-23,392.8800048828125,2026-10-02,C,399.0,2.56,2.78,2.6,59.0,140.0,0.20215641601562498,False,2026-09-23 19:25:01+00:00,GLD261002C00399000
GLD,2026-09-23,392.8800048828125,2026-10-02,C,400.0,2.3,2.46,2.36,450.0,844.0,0.20142400146484374,False,2026-09-23 20:04:56+00:00,GLD261002C00400000
GLD,2026-09-23,392.8800048828125,2026-10-02,C,401.0,2.04,2.24,2.06,453.0,113.0,0.2039874523925781,False,2026-09-23 19:57:29+00:00,GLD261002C00401000
GLD,2026-09-23,392.8800048828125,2026-10-02,C,402.0,1.78,1.97,1.95,107.0,403.0,0.20325503784179685,False,2026-09-23 19:13:20+00:00,GLD261002C00402000
GLD,2026-09-23,392.8800048828125,2026-10-02,C,403.0,1.57,1.75,1.73,64.0,109.0,0.20386538330078124,False,2026-09-23 19:13:18+00:00,GLD261002C00403000
GLD,2026-09-23,392.8800048828125,2026-10-02,C,404.0,1.4,1.55,1.46,106.0,278.0,0.2043536596679687,False,2026-09-23 20:01:03+00:00,GLD261002C00404000
GLD,2026-09-23,392.8800048828125,2026-10-02,C,405.0,1.24,1.38,1.32,286.0,2487.0,0.20551331604003903,False,2026-09-23 19:58:19+00:00,GLD261002C00405000
GLD,2026-09-23,392.8800048828125,2026-10-02,C,406.0,1.07,1.23,1.27,32.0,129.0,0.2067950415039062,False,2026-09-23 18:20:08+00:00,GLD261002C00406000
GLD,2026-09-23,392.8800048828125,2026-10-02,C,407.0,0.95,1.08,0.98,719.0,250.0,0.20716124877929684,False,2026-09-23 20:00:42+00:00,GLD261002C00407000
GLD,2026-09-23,392.8800048828125,2026-10-02,C,408.0,0.85,0.99,0.91,727.0,206.0,0.21057918334960937,False,2026-09-23 19:58:31+00:00,GLD261002C00408000
GLD,2026-09-23,392.8800048828125,2026-10-02,C,409.0,0.74,0.89,0.76,734.0,134.0,0.21265435791015624,False,2026-09-23 20:00:41+00:00,GLD261002C00409000
GLD,2026-09-23,392.8800048828125,2026-10-02,C,410.0,0.67,0.81,0.7,441.0,1266.0,0.21546194702148438,False,2026-09-23 19:20:01+00:00,GLD261002C00410000
GLD,2026-09-23,392.8800048828125,2026-10-02,C,411.0,0.59,0.7,0.69,27.0,148.0,0.21509573974609375,False,2026-09-23 19:51:24+00:00,GLD261002C00411000
GLD,2026-09-23,392.8800048828125,2026-10-02,C,412.0,0.51,0.65,0.61,44.0,170.0,0.21912401977539062,False,2026-09-23 17:45:38+00:00,GLD261002C00412000
GLD,2026-09-23,392.8800048828125,2026-10-02,C,413.0,0.45,0.56,0.56,54.0,360.0,0.21875781249999998,False,2026-09-23 19:55:34+00:00,GLD261002C00413000
GLD,2026-09-23,392.8800048828125,2026-10-02,C,414.0,0.41,0.49,0.47,28.0,183.0,0.21949022705078125,False,2026-09-23 16:50:16+00:00,GLD261002C00414000
GLD,2026-09-23,392.8800048828125,2026-10-02,C,415.0,0.36,0.44,0.42,150.0,1026.0,0.22144333251953124,False,2026-09-23 20:04:19+00:00,GLD261002C00415000
GLD,2026-09-23,392.8800048828125,2026-10-02,C,416.0,0.33,0.4,0.34,608.0,411.0,0.22412885253906245,False,2026-09-23 19:57:52+00:00,GLD261002C00416000
GLD,2026-09-23,392.8800048828125,2026-10-02,C,417.0,0.29,0.36,0.37,372.0,166.0,0.22632609619140626,False,2026-09-23 18:20:09+00:00,GLD261002C00417000
GLD,2026-09-23,392.8800048828125,2026-10-02,C,418.0,0.26,0.38,0.33,30.0,118.0,0.23609162353515623,False,2026-09-23 19:46:29+00:00,GLD261002C00418000
GLD,2026-09-23,392.8800048828125,2026-10-02,C,419.0,0.24,0.32,0.33,2.0,74.0,0.23462679443359374,False,2026-09-23 18:20:09+00:00,GLD261002C00419000
GLD,2026-09-23,392.8800048828125,2026-10-02,C,420.0,0.2,0.3,0.27,727.0,1359.0,0.23853300537109373,False,2026-09-23 19:05:04+00:00,GLD261002C00420000
GLD,2026-09-23,392.8800048828125,2026-10-02,C,421.0,0.18,0.27,0.21,344.0,402.0,0.24024197265624997,False,2026-09-23 19:57:36+00:00,GLD261002C00421000
GLD,2026-09-23,392.8800048828125,2026-10-02,C,422.0,0.17,0.26,0.35,4.0,145.0,0.245124736328125,False,2026-09-23 13:58:55+00:00,GLD261002C00422000
GLD,2026-09-23,392.8800048828125,2026-10-02,C,423.0,0.15,0.23,0.26,7.0,120.0,0.2461012890625,False,2026-09-23 14:56:54+00:00,GLD261002C00423000
GLD,2026-09-23,392.8800048828125,2026-10-02,C,424.0,0.13,0.23,0.2,6.0,467.0,0.25269302001953126,False,2026-09-23 19:21:44+00:00,GLD261002C00424000
GLD,2026-09-23,392.8800048828125,2026-10-02,C,425.0,0.14,0.2,0.14,61.0,896.0,0.252937158203125,False,2026-09-23 20:07:24+00:00,GLD261002C00425000
GLD,2026-09-23,392.8800048828125,2026-10-02,C,426.0,0.1,0.21,0.17,1.0,581.0,0.2612378564453125,False,2026-09-23 14:19:16+00:00,GLD261002C00426000
GLD,2026-09-23,392.8800048828125,2026-10-02,C,427.0,0.11,0.19,0.17,2.0,362.0,0.26270268554687504,False,2026-09-23 19:16:59+00:00,GLD261002C00427000
GLD,2026-09-23,392.8800048828125,2026-10-02,C,428.0,0.13,0.17,0.15,46.0,98.0,0.26416751464843746,False,2026-09-23 19:46:29+00:00,GLD261002C00428000
GLD,2026-09-23,392.8800048828125,2026-10-02,C,429.0,0.09,0.16,0.14,15.0,92.0,0.26758544921875,False,2026-09-23 19:57:28+00:00,GLD261002C00429000
GLD,2026-09-23,392.8800048828125,2026-10-02,C,430.0,0.09,0.14,0.12,365.0,912.0,0.26758544921875,False,2026-09-23 19:57:25+00:00,GLD261002C00430000
GLD,2026-09-23,392.8800048828125,2026-10-02,C,431.0,0.08,0.15,0.12,1.0,40.0,0.27637442382812494,False,2026-09-23 18:12:12+00:00,GLD261002C00431000
GLD,2026-09-23,392.8800048828125,2026-10-02,C,432.0,0.06,0.15,0.39,1.0,49.0,0.282233740234375,False,2026-09-21 14:25:14+00:00,GLD261002C00432000
GLD,2026-09-23,392.8800048828125,2026-10-02,C,433.0,0.06,0.14,0.26,130.0,148.0,0.28516339843749994,False,2026-09-22 18:08:36+00:00,GLD261002C00433000
GLD,2026-09-23,392.8800048828125,2026-10-02,C,434.0,0.05,0.14,0.8,1.0,31.0,0.29053443847656246,False,2026-09-17 13:30:10+00:00,GLD261002C00434000
GLD,2026-09-23,392.8800048828125,2026-10-02,C,435.0,0.05,0.12,0.09,7.0,622.0,0.28955788574218744,False,2026-09-23 19:05:44+00:00,GLD261002C00435000
GLD,2026-09-23,392.8800048828125,2026-10-02,C,440.0,0.05,0.09,0.06,493.0,771.0,0.304694453125,False,2026-09-23 19:57:25+00:00,GLD261002C00440000
GLD,2026-09-23,392.8800048828125,2026-10-02,C,445.0,0.02,0.08,0.06,8.0,601.0,0.32617861328125,False,2026-09-23 19:38:02+00:00,GLD261002C00445000
GLD,2026-09-23,392.8800048828125,2026-10-02,C,450.0,0.05,0.07,0.05,53.0,608.0,0.344733115234375,False,2026-09-23 18:02:47+00:00,GLD261002C00450000
GLD,2026-09-23,392.8800048828125,2026-10-02,C,455.0,0.01,0.07,0.07,2.0,378.0,0.36914693359375,False,2026-09-22 19:51:45+00:00,GLD261002C00455000
GLD,2026-09-23,392.8800048828125,2026-10-02,C,460.0,0.01,0.06,0.05,5.0,336.0,0.38672488281249995,False,2026-09-23 19:16:44+00:00,GLD261002C00460000
GLD,2026-09-23,392.8800048828125,2026-10-02,C,465.0,0.01,0.08,0.03,1.0,324.0,0.42383388671875,False,2026-09-23 17:43:23+00:00,GLD261002C00465000
GLD,2026-09-23,392.8800048828125,2026-10-02,C,470.0,0.01,0.06,0.03,1.0,340.0,0.43164630859375,False,2026-09-23 17:43:23+00:00,GLD261002C00470000
GLD,2026-09-23,392.8800048828125,2026-10-02,C,475.0,0.0,0.07,0.06,2.0,196.0,0.46191944335937507,False,2026-09-22 16:09:51+00:00,GLD261002C00475000
GLD,2026-09-23,392.8800048828125,2026-10-02,C,480.0,0.0,0.06,0.03,1.0,306.0,0.476567734375,False,2026-09-23 16:23:06+00:00,GLD261002C00480000
GLD,2026-09-23,392.8800048828125,2026-10-02,C,485.0,0.0,0.05,0.02,5.0,462.0,0.48828636718750007,False,2026-09-22 19:02:23+00:00,GLD261002C00485000
GLD,2026-09-23,392.8800048828125,2026-10-02,C,490.0,0.0,0.06,0.01,341.0,610.0,0.5195360546875,False,2026-09-22 19:07:29+00:00,GLD261002C00490000
GLD,2026-09-23,392.8800048828125,2026-10-02,C,495.0,0.0,0.04,0.02,6.0,22.0,0.51758294921875,False,2026-09-21 18:24:37+00:00,GLD261002C00495000
GLD,2026-09-23,392.8800048828125,2026-10-02,C,500.0,0.0,0.06,0.03,11.0,210.0,0.523442265625,False,2026-09-21 18:14:14+00:00,GLD261002C00500000
GLD,2026-09-23,392.8800048828125,2026-10-02,C,505.0,0.01,0.05,0.03,1.0,253.0,0.5410202148437502,False,2026-09-18 19:14:30+00:00,GLD261002C00505000
GLD,2026-09-23,392.8800048828125,2026-10-02,C,510.0,0.01,0.05,0.03,3.0,102.0,0.5585981640625001,False,2026-09-23 19:00:04+00:00,GLD261002C00510000
GLD,2026-09-23,392.8800048828125,2026-10-02,C,515.0,0.0,0.04,0.04,1.0,4.0,0.5585981640625001,False,2026-09-23 15:47:11+00:00,GLD261002C00515000
GLD,2026-09-23,392.8800048828125,2026-10-02,C,520.0,0.01,0.05,0.05,1.0,181.0,0.5976602734375001,False,2026-09-23 13:30:09+00:00,GLD261002C00520000
GLD,2026-09-23,392.8800048828125,2026-10-02,C,525.0,0.0,0.04,0.02,10.0,19.0,0.5937540625000001,False,2026-09-23 14:43:41+00:00,GLD261002C00525000
GLD,2026-09-23,392.8800048828125,2026-10-02,C,530.0,0.0,0.05,0.03,21.0,26.0,0.6210975390625001,False,2026-09-21 18:52:21+00:00,GLD261002C00530000
GLD,2026-09-23,392.8800048828125,2026-10-02,C,535.0,0.0,0.03,0.03,2.0,163.0,0.6093789062500001,False,2026-09-23 18:16:02+00:00,GLD261002C00535000
GLD,2026-09-23,392.8800048828125,2026-10-02,C,540.0,0.0,0.05,0.02,22.0,49.0,0.6562534375000001,False,2026-09-22 19:02:58+00:00,GLD261002C00540000
GLD,2026-09-23,392.8800048828125,2026-10-02,C,545.0,0.0,0.04,0.01,97.0,115.0,0.6601596484375001,False,2026-09-22 19:01:28+00:00,GLD261002C00545000
GLD,2026-09-23,392.8800048828125,2026-10-02,C,550.0,0.0,0.05,0.03,31.0,264.0,0.6914093359375001,False,2026-09-18 19:08:20+00:00,GLD261002C00550000
GLD,2026-09-23,392.8800048828125,2026-10-02,C,555.0,0.0,0.18,0.03,30.0,34.0,0.8027363476562499,False,2026-09-18 19:18:42+00:00,GLD261002C00555000
GLD,2026-09-23,392.8800048828125,2026-10-02,C,560.0,0.0,0.18,0.03,10.0,12.0,0.8203142968749999,False,2026-09-18 18:27:41+00:00,GLD261002C00560000
GLD,2026-09-23,392.8800048828125,2026-10-02,C,565.0,0.0,0.01,0.01,11.0,19.0,0.6562534375000001,False,2026-09-18 15:35:54+00:00,GLD261002C00565000
GLD,2026-09-23,392.8800048828125,2026-10-02,C,570.0,0.0,0.16,0.04,1.0,168.0,0.8457046679687499,False,2026-09-18 17:25:28+00:00,GLD261002C00570000
GLD,2026-09-23,392.8800048828125,2026-10-02,C,575.0,0.0,0.16,0.04,1.0,244.0,0.8632826171875,False,2026-09-18 17:25:16+00:00,GLD261002C00575000
GLD,2026-09-23,392.8800048828125,2026-10-02,C,580.0,0.0,0.01,0.01,20.0,150.0,0.6875031250000001,False,2026-09-18 16:58:57+00:00,GLD261002C00580000
GLD,2026-09-23,392.8800048828125,2026-10-02,C,585.0,0.0,0.16,0.03,1.0,5.0,0.8964854101562498,False,2026-09-14 15:39:18+00:00,GLD261002C00585000
GLD,2026-09-23,392.8800048828125,2026-10-02,C,590.0,0.0,0.01,0.01,1.0,265.0,0.7187528125,False,2026-09-22 19:17:44+00:00,GLD261002C00590000
GLD,2026-09-23,392.8800048828125,2026-10-02,C,595.0,0.0,0.16,0.03,3.0,6.0,0.929688203125,False,2026-09-16 18:17:58+00:00,GLD261002C00595000
GLD,2026-09-23,392.8800048828125,2026-10-02,C,600.0,0.0,0.01,0.04,3.0,78.0,0.7500025,False,2026-09-16 18:08:15+00:00,GLD261002C00600000
GLD,2026-09-23,392.8800048828125,2026-10-02,C,605.0,0.0,0.15,0.04,6.0,34.0,0.9570316796874999,False,2026-09-16 18:07:43+00:00,GLD261002C00605000
GLD,2026-09-23,392.8800048828125,2026-10-02,C,610.0,0.0,0.15,0.04,6.0,175.0,0.9726565234375,False,2026-09-15 17:00:06+00:00,GLD261002C00610000
GLD,2026-09-23,392.8800048828125,2026-10-02,C,615.0,0.0,0.15,0.1,1.0,188.0,0.9882813671875,False,2026-09-09 19:10:27+00:00,GLD261002C00615000
GLD,2026-09-23,392.8800048828125,2026-10-02,C,620.0,0.0,0.15,0.09,1.0,22.0,1.0039112304687499,False,2026-08-31 15:45:25+00:00,GLD261002C00620000
GLD,2026-09-23,392.8800048828125,2026-10-02,C,625.0,0.0,0.15,0.11,4.0,9.0,1.01953615234375,False,2026-08-31 15:45:18+00:00,GLD261002C00625000
GLD,2026-09-23,392.8800048828125,2026-10-02,C,630.0,0.0,0.15,0.11,7.0,460.0,1.0351610742187503,False,2026-08-31 15:44:52+00:00,GLD261002C00630000
GLD,2026-09-23,392.8800048828125,2026-10-02,C,635.0,0.0,0.14,0.1,,4.0,1.0429735351562504,False,2026-08-26 19:36:33+00:00,GLD261002C00635000
GLD,2026-09-23,392.8800048828125,2026-10-02,C,640.0,0.0,0.14,0.04,1.0,3.0,1.05859845703125,False,2026-08-31 16:02:39+00:00,GLD261002C00640000
GLD,2026-09-23,392.8800048828125,2026-10-02,C,645.0,0.0,0.15,0.16,8.0,8.0,1.0800827246093752,False,2026-08-26 19:37:00+00:00,GLD261002C00645000
GLD,2026-09-23,392.8800048828125,2026-10-02,C,650.0,0.0,0.02,0.02,2.0,2284.0,0.92187578125,False,2026-09-16 14:50:44+00:00,GLD261002C00650000
GLD,2026-09-23,392.8800048828125,2026-10-02,P,205.0,0.0,0.05,0.03,2.0,4.0,1.3203158984374999,False,2026-09-21 13:50:11+00:00,GLD261002P00205000
GLD,2026-09-23,392.8800048828125,2026-10-02,P,210.0,0.0,0.1,0.01,,1.0,1.3554719726562499,False,2026-09-09 17:15:41+00:00,GLD261002P00210000
GLD,2026-09-23,392.8800048828125,2026-10-02,P,240.0,0.0,0.11,0.04,2.0,0.0,1.09375453125,False,2026-08-25 17:18:25+00:00,GLD261002P00240000
GLD,2026-09-23,392.8800048828125,2026-10-02,P,250.0,0.0,0.12,0.03,15.0,16.0,1.01953615234375,False,2026-09-11 18:05:09+00:00,GLD261002P00250000
GLD,2026-09-23,392.8800048828125,2026-10-02,P,255.0,0.0,0.12,0.06,6.0,7.0,0.9785158398437501,False,2026-09-14 15:56:35+00:00,GLD261002P00255000
GLD,2026-09-23,392.8800048828125,2026-10-02,P,260.0,0.0,0.03,0.02,4.0,2.0,0.8203142968749999,False,2026-09-14 17:16:06+00:00,GLD261002P00260000
GLD,2026-09-23,392.8800048828125,2026-10-02,P,265.0,0.0,0.13,0.08,15.0,18.0,0.9062509375,False,2026-09-16 19:00:52+00:00,GLD261002P00265000
GLD,2026-09-23,392.8800048828125,2026-10-02,P,270.0,0.0,0.01,0.01,44.0,79.0,0.6875031250000001,False,2026-09-21 19:02:13+00:00,GLD261002P00270000
GLD,2026-09-23,392.8800048828125,2026-10-02,P,275.0,0.0,0.13,0.02,8.0,7.0,0.8281267187499999,False,2026-09-18 18:56:14+00:00,GLD261002P00275000
GLD,2026-09-23,392.8800048828125,2026-10-02,P,280.0,0.0,0.05,0.02,1.0,11.0,0.7187528125,False,2026-09-21 16:58:41+00:00,GLD261002P00280000
GLD,2026-09-23,392.8800048828125,2026-10-02,P,285.0,0.01,0.05,0.03,18.0,14.0,0.6953155468750001,False,2026-09-23 14:45:17+00:00,GLD261002P00285000
GLD,2026-09-23,392.8800048828125,2026-10-02,P,290.0,0.0,0.05,0.02,4.0,203.0,0.648441015625,False,2026-09-21 14:13:47+00:00,GLD261002P00290000
GLD,2026-09-23,392.8800048828125,2026-10-02,P,295.0,0.01,0.06,0.04,2.0,11.0,0.6367223828125,False,2026-09-23 15:10:41+00:00,GLD261002P00295000
GLD,2026-09-23,392.8800048828125,2026-10-02,P,300.0,0.0,0.04,0.04,2.0,133.0,0.570316796875,False,2026-09-23 17:34:18+00:00,GLD261002P00300000
GLD,2026-09-23,392.8800048828125,2026-10-02,P,305.0,0.01,0.06,0.08,1.0,97.0,0.5664105859375,False,2026-09-23 13:52:21+00:00,GLD261002P00305000
GLD,2026-09-23,392.8800048828125,2026-10-02,P,310.0,0.0,0.06,0.03,2.0,165.0,0.5273484765625001,False,2026-09-23 16:58:40+00:00,GLD261002P00310000
GLD,2026-09-23,392.8800048828125,2026-10-02,P,315.0,0.0,0.06,0.09,1.0,412.0,0.5312546875,False,2026-09-23 13:53:31+00:00,GLD261002P00315000
GLD,2026-09-23,392.8800048828125,2026-10-02,P,320.0,0.0,0.06,0.09,1.0,176.0,0.49805189453125004,False,2026-09-23 13:54:13+00:00,GLD261002P00320000
GLD,2026-09-23,392.8800048828125,2026-10-02,P,325.0,0.0,0.06,0.03,12.0,545.0,0.46289599609375004,False,2026-09-22 16:59:06+00:00,GLD261002P00325000
GLD,2026-09-23,392.8800048828125,2026-10-02,P,330.0,0.01,0.07,0.04,3.0,49.0,0.437505625,False,2026-09-23 14:33:03+00:00,GLD261002P00330000
GLD,2026-09-23,392.8800048828125,2026-10-02,P,335.0,0.01,0.05,0.03,2.0,392.0,0.38867798828125,False,2026-09-23 14:45:17+00:00,GLD261002P00335000
GLD,2026-09-23,392.8800048828125,2026-10-02,P,340.0,0.02,0.08,0.03,19.0,87.0,0.37695935546875,False,2026-09-23 15:24:31+00:00,GLD261002P00340000
GLD,2026-09-23,392.8800048828125,2026-10-02,P,345.0,0.05,0.08,0.06,1501.0,87.0,0.3437565625,False,2026-09-23 16:23:29+00:00,GLD261002P00345000
GLD,2026-09-23,392.8800048828125,2026-10-02,P,346.0,0.02,0.08,0.08,2.0,37.0,0.336920693359375,False,2026-09-22 17:47:31+00:00,GLD261002P00346000
GLD,2026-09-23,392.8800048828125,2026-10-02,P,347.0,0.01,0.09,0.09,2.0,5.0,0.334967587890625,False,2026-09-22 17:46:49+00:00,GLD261002P00347000
GLD,2026-09-23,392.8800048828125,2026-10-02,P,348.0,0.02,0.1,0.08,6.0,7.0,0.33301448242187504,False,2026-09-22 18:49:17+00:00,GLD261002P00348000
GLD,2026-09-23,392.8800048828125,2026-10-02,P,349.0,0.02,0.09,0.08,6.0,5.0,0.32129584960937496,False,2026-09-22 17:46:17+00:00,GLD261002P00349000
GLD,2026-09-23,392.8800048828125,2026-10-02,P,350.0,0.04,0.09,0.06,87.0,461.0,0.3154365332031249,False,2026-09-23 19:56:05+00:00,GLD261002P00350000
GLD,2026-09-23,392.8800048828125,2026-10-02,P,351.0,0.03,0.11,0.09,16.0,4.0,0.31690136230468746,False,2026-09-23 19:56:05+00:00,GLD261002P00351000
GLD,2026-09-23,392.8800048828125,2026-10-02,P,352.0,0.04,0.09,0.09,26.0,5.0,0.301764794921875,False,2026-09-23 19:41:30+00:00,GLD261002P00352000
GLD,2026-09-23,392.8800048828125,2026-10-02,P,353.0,0.05,0.11,0.09,26.0,15.0,0.30274134765625,False,2026-09-23 19:46:54+00:00,GLD261002P00353000
GLD,2026-09-23,392.8800048828125,2026-10-02,P,354.0,0.05,0.12,0.1,24.0,6.0,0.299811689453125,False,2026-09-23 19:54:51+00:00,GLD261002P00354000
GLD,2026-09-23,392.8800048828125,2026-10-02,P,355.0,0.06,0.12,0.09,68.0,130.0,0.2929758203124999,False,2026-09-23 19:57:32+00:00,GLD261002P00355000
GLD,2026-09-23,392.8800048828125,2026-10-02,P,356.0,0.06,0.13,0.11,28.0,17.0,0.2890696093749999,False,2026-09-23 19:53:56+00:00,GLD261002P00356000
GLD,2026-09-23,392.8800048828125,2026-10-02,P,357.0,0.07,0.13,0.12,28.0,8.0,0.282233740234375,False,2026-09-23 19:53:39+00:00,GLD261002P00357000
GLD,2026-09-23,392.8800048828125,2026-10-02,P,358.0,0.07,0.15,0.13,28.0,16.0,0.28125718749999995,False,2026-09-23 19:52:54+00:00,GLD261002P00358000
GLD,2026-09-23,392.8800048828125,2026-10-02,P,359.0,0.08,0.14,0.13,29.0,1.0,0.27149166015625,False,2026-09-23 19:52:22+00:00,GLD261002P00359000
GLD,2026-09-23,392.8800048828125,2026-10-02,P,360.0,0.11,0.15,0.15,34.0,293.0,0.26709717285156254,False,2026-09-23 19:51:53+00:00,GLD261002P00360000
GLD,2026-09-23,392.8800048828125,2026-10-02,P,361.0,0.09,0.17,0.15,28.0,7.0,0.2651440673828125,False,2026-09-23 19:51:16+00:00,GLD261002P00361000
GLD,2026-09-23,392.8800048828125,2026-10-02,P,362.0,0.1,0.18,0.17,30.0,16.0,0.2602613037109375,False,2026-09-23 19:51:16+00:00,GLD261002P00362000
GLD,2026-09-23,392.8800048828125,2026-10-02,P,363.0,0.12,0.18,0.15,372.0,353.0,0.252937158203125,False,2026-09-23 19:57:22+00:00,GLD261002P00363000
GLD,2026-09-23,392.8800048828125,2026-10-02,P,364.0,0.13,0.22,0.2,28.0,516.0,0.25440198730468755,False,2026-09-23 19:50:21+00:00,GLD261002P00364000
GLD,2026-09-23,392.8800048828125,2026-10-02,P,365.0,0.15,0.22,0.2,91.0,90.0,0.24683370361328127,False,2026-09-23 19:58:15+00:00,GLD261002P00365000
GLD,2026-09-23,392.8800048828125,2026-10-02,P,366.0,0.16,0.25,0.23,21.0,14.0,0.245124736328125,False,2026-09-23 19:49:45+00:00,GLD261002P00366000
GLD,2026-09-23,392.8800048828125,2026-10-02,P,367.0,0.18,0.27,0.25,19.0,31.0,0.24073024902343748,False,2026-09-23 19:49:27+00:00,GLD261002P00367000
GLD,2026-09-23,392.8800048828125,2026-10-02,P,368.0,0.17,0.3,0.26,5.0,20.0,0.23780059082031246,False,2026-09-23 19:07:49+00:00,GLD261002P00368000
GLD,2026-09-23,392.8800048828125,2026-10-02,P,369.0,0.23,0.32,0.29,6.0,40.0,0.2329178271484375,False,2026-09-23 18:24:44+00:00,GLD261002P00369000
GLD,2026-09-23,392.8800048828125,2026-10-02,P,370.0,0.26,0.35,0.31,53.0,286.0,0.22901161621093752,False,2026-09-23 18:54:16+00:00,GLD261002P00370000
GLD,2026-09-23,392.8800048828125,2026-10-02,P,371.0,0.28,0.41,0.26,9.0,28.0,0.22876747802734376,False,2026-09-22 17:35:04+00:00,GLD261002P00371000
GLD,2026-09-23,392.8800048828125,2026-10-02,P,372.0,0.33,0.4,0.35,346.0,476.0,0.21900195068359374,False,2026-09-23 19:57:49+00:00,GLD261002P00372000
GLD,2026-09-23,392.8800048828125,2026-10-02,P,373.0,0.36,0.46,0.48,4.0,43.0,0.21753712158203126,False,2026-09-23 17:40:43+00:00,GLD261002P00373000
GLD,2026-09-23,392.8800048828125,2026-10-02,P,374.0,0.41,0.5,0.47,20.0,88.0,0.21314263427734376,False,2026-09-23 18:01:14+00:00,GLD261002P00374000
GLD,2026-09-23,392.8800048828125,2026-10-02,P,375.0,0.45,0.59,0.54,76.0,441.0,0.21314263427734376,False,2026-09-23 19:13:08+00:00,GLD261002P00375000
GLD,2026-09-23,392.8800048828125,2026-10-02,P,376.0,0.53,0.66,0.6,7.0,34.0,0.21021297607421874,False,2026-09-23 18:41:07+00:00,GLD261002P00376000
GLD,2026-09-23,392.8800048828125,2026-10-02,P,377.0,0.58,0.75,0.68,62.0,50.0,0.20838193969726557,False,2026-09-23 18:42:29+00:00,GLD261002P00377000
GLD,2026-09-23,392.8800048828125,2026-10-02,P,378.0,0.7,0.84,0.85,2.0,117.0,0.20557435058593748,False,2026-09-23 17:38:48+00:00,GLD261002P00378000
GLD,2026-09-23,392.8800048828125,2026-10-02,P,379.0,0.8,0.93,0.9,61.0,78.0,0.20215641601562498,False,2026-09-23 19:41:30+00:00,GLD261002P00379000
GLD,2026-09-23,392.8800048828125,2026-10-02,P,380.0,0.89,1.04,0.98,1565.0,8444.0,0.1992267578125,False,2026-09-23 19:57:27+00:00,GLD261002P00380000
GLD,2026-09-23,392.8800048828125,2026-10-02,P,381.0,1.04,1.17,1.15,9.0,524.0,0.19678537597656248,False,2026-09-23 19:37:09+00:00,GLD261002P00381000
GLD,2026-09-23,392.8800048828125,2026-10-02,P,382.0,1.15,1.32,1.3,48.0,484.0,0.1947102014160156,False,2026-09-23 19:57:49+00:00,GLD261002P00382000
GLD,2026-09-23,392.8800048828125,2026-10-02,P,383.0,1.31,1.49,1.47,34.0,185.0,0.19263502685546874,False,2026-09-23 19:57:56+00:00,GLD261002P00383000
GLD,2026-09-23,392.8800048828125,2026-10-02,P,384.0,1.5,1.7,1.64,370.0,439.0,0.19165847412109377,False,2026-09-23 19:57:39+00:00,GLD261002P00384000
GLD,2026-09-23,392.8800048828125,2026-10-02,P,385.0,1.8,1.9,1.85,272.0,835.0,0.18909502319335939,False,2026-09-23 20:12:57+00:00,GLD261002P00385000
GLD,2026-09-23,392.8800048828125,2026-10-02,P,386.0,1.96,2.16,2.15,83.0,221.0,0.18836260864257812,False,2026-09-23 19:35:44+00:00,GLD261002P00386000
GLD,2026-09-23,392.8800048828125,2026-10-02,P,387.0,2.23,2.43,2.45,100.0,559.0,0.18677571044921876,False,2026-09-23 19:15:24+00:00,GLD261002P00387000
GLD,2026-09-23,392.8800048828125,2026-10-02,P,388.0,2.54,2.74,2.7,111.0,272.0,0.18579915771484373,False,2026-09-23 19:51:45+00:00,GLD261002P00388000
GLD,2026-09-23,392.8800048828125,2026-10-02,P,389.0,2.88,3.1,3.14,222.0,195.0,0.18567708862304685,False,2026-09-23 19:41:30+00:00,GLD261002P00389000
GLD,2026-09-23,392.8800048828125,2026-10-02,P,390.0,3.25,3.45,3.35,481.0,1344.0,0.18384605224609374,False,2026-09-23 19:58:53+00:00,GLD261002P00390000
GLD,2026-09-23,392.8800048828125,2026-10-02,P,391.0,3.65,3.9,3.9,170.0,172.0,0.18476157043457028,False,2026-09-23 19:59:20+00:00,GLD261002P00391000
GLD,2026-09-23,392.8800048828125,2026-10-02,P,392.0,4.05,4.3,4.31,74.0,406.0,0.18244225769042968,False,2026-09-23 19:59:20+00:00,GLD261002P00392000
GLD,2026-09-23,392.8800048828125,2026-10-02,P,393.0,4.55,4.8,4.72,207.0,383.0,0.1826863958740234,True,2026-09-23 18:53:37+00:00,GLD261002P00393000
GLD,2026-09-23,392.8800048828125,2026-10-02,P,394.0,5.05,5.35,5.25,37.0,107.0,0.18360191406249998,True,2026-09-23 19:57:26+00:00,GLD261002P00394000
GLD,2026-09-23,392.8800048828125,2026-10-02,P,395.0,5.6,5.9,5.87,86.0,681.0,0.18323570678710935,True,2026-09-23 19:38:06+00:00,GLD261002P00395000
GLD,2026-09-23,392.8800048828125,2026-10-02,P,396.0,6.15,6.45,6.42,6.0,135.0,0.1815267395019531,True,2026-09-23 18:09:39+00:00,GLD261002P00396000
GLD,2026-09-23,392.8800048828125,2026-10-02,P,397.0,6.75,7.25,7.1,14.0,202.0,0.18860674682617187,True,2026-09-23 19:35:17+00:00,GLD261002P00397000
GLD,2026-09-23,392.8800048828125,2026-10-02,P,398.0,7.4,7.95,7.6,71.0,187.0,0.19062088684082032,True,2026-09-23 19:57:12+00:00,GLD261002P00398000
GLD,2026-09-23,392.8800048828125,2026-10-02,P,399.0,8.0,8.6,8.55,9.0,239.0,0.18933916137695314,True,2026-09-23 19:41:19+00:00,GLD261002P00399000
GLD,2026-09-23,392.8800048828125,2026-10-02,P,400.0,8.75,9.3,9.0,213.0,283.0,0.1889729541015625,True,2026-09-23 19:51:45+00:00,GLD261002P00400000
GLD,2026-09-23,392.8800048828125,2026-10-02,P,401.0,9.45,10.05,9.83,7.0,135.0,0.18970536865234378,True,2026-09-23 16:46:21+00:00,GLD261002P00401000
GLD,2026-09-23,392.8800048828125,2026-10-02,P,402.0,10.25,10.85,10.51,24.0,765.0,0.19165847412109377,True,2026-09-23 19:52:29+00:00,GLD261002P00402000
GLD,2026-09-23,392.8800048828125,2026-10-02,P,403.0,11.05,11.65,11.55,217.0,638.0,0.19263502685546874,True,2026-09-23 19:23:03+00:00,GLD261002P00403000
GLD,2026-09-23,392.8800048828125,2026-10-02,P,404.0,11.85,12.5,12.32,1.0,102.0,0.19519847778320312,True,2026-09-23 14:13:50+00:00,GLD261002P00404000
GLD,2026-09-23,392.8800048828125,2026-10-02,P,405.0,12.7,13.25,13.64,2.0,208.0,0.19104812866210938,True,2026-09-23 17:05:02+00:00,GLD261002P00405000
GLD,2026-09-23,392.8800048828125,2026-10-02,P,406.0,13.55,14.15,14.18,2.0,130.0,0.19458813232421873,True,2026-09-23 14:24:39+00:00,GLD261002P00406000
GLD,2026-09-23,392.8800048828125,2026-10-02,P,407.0,14.45,15.2,10.67,1.0,90.0,0.20728331787109372,True,2026-09-22 17:52:35+00:00,GLD261002P00407000
GLD,2026-09-23,392.8800048828125,2026-10-02,P,408.0,15.35,15.95,14.26,1.0,94.0,0.19947089599609374,True,2026-09-21 16:05:44+00:00,GLD261002P00408000
GLD,2026-09-23,392.8800048828125,2026-10-02,P,409.0,16.25,16.9,16.7,1.0,22.0,0.20459779785156246,True,2026-09-23 19:37:02+00:00,GLD261002P00409000
GLD,2026-09-23,392.8800048828125,2026-10-02,P,410.0,17.15,17.85,17.5,44.0,349.0,0.2092364233398437,True,2026-09-23 19:13:18+00:00,GLD261002P00410000
GLD,2026-09-23,392.8800048828125,2026-10-02,P,411.0,18.1,18.85,16.1,19.0,41.0,0.21778125976562498,True,2026-09-16 17:33:45+00:00,GLD261002P00411000
GLD,2026-09-23,392.8800048828125,2026-10-02,P,412.0,19.05,19.8,19.45,3.0,64.0,0.2219316088867187,True,2026-09-23 19:37:02+00:00,GLD261002P00412000
GLD,2026-09-23,392.8800048828125,2026-10-02,P,413.0,19.95,20.8,16.55,2.0,16.0,0.2299881689453125,True,2026-09-22 14:13:36+00:00,GLD261002P00413000
GLD,2026-09-23,392.8800048828125,2026-10-02,P,414.0,20.9,21.75,19.99,1.0,16.0,0.23352817260742187,True,2026-09-23 13:41:37+00:00,GLD261002P00414000
GLD,2026-09-23,392.8800048828125,2026-10-02,P,415.0,21.55,22.7,22.36,38.0,117.0,0.23657989990234374,True,2026-09-23 19:56:25+00:00,GLD261002P00415000
GLD,2026-09-23,392.8800048828125,2026-10-02,P,416.0,22.85,23.75,22.9,1.0,52.0,0.24927508544921873,True,2026-09-22 13:44:10+00:00,GLD261002P00416000
GLD,2026-09-23,392.8800048828125,2026-10-02,P,417.0,23.7,24.6,24.36,5.0,43.0,0.241218525390625,True,2026-09-23 16:57:35+00:00,GLD261002P00417000
GLD,2026-09-23,392.8800048828125,2026-10-02,P,418.0,24.8,25.9,24.73,4.0,65.0,0.27930408203124996,True,2026-09-23 15:27:39+00:00,GLD261002P00418000
GLD,2026-09-23,392.8800048828125,2026-10-02,P,419.0,25.7,26.8,22.75,3.0,46.0,0.27747304565429687,True,2026-09-22 16:22:59+00:00,GLD261002P00419000
GLD,2026-09-23,392.8800048828125,2026-10-02,P,420.0,26.8,27.65,27.1,1.0,508.0,0.2690502783203125,True,2026-09-23 14:06:47+00:00,GLD261002P00420000
GLD,2026-09-23,392.8800048828125,2026-10-02,P,421.0,27.3,28.8,24.93,8.0,14.0,0.29273168212890616,True,2026-09-16 14:17:24+00:00,GLD261002P00421000
GLD,2026-09-23,392.8800048828125,2026-10-02,P,422.0,28.6,29.9,29.14,1.0,22.0,0.3103096313476562,True,2026-09-23 16:41:33+00:00,GLD261002P00422000
GLD,2026-09-23,392.8800048828125,2026-10-02,P,423.0,29.35,30.85,24.47,7.0,38.0,0.3129951513671875,True,2026-09-17 19:13:28+00:00,GLD261002P00423000
GLD,2026-09-23,392.8800048828125,2026-10-02,P,424.0,30.5,31.85,22.63,8.0,19.0,0.3205634350585937,True,2026-09-18 19:10:25+00:00,GLD261002P00424000
GLD,2026-09-23,392.8800048828125,2026-10-02,P,425.0,31.7,32.65,28.08,3.0,219.0,0.3051827294921875,True,2026-09-22 14:10:24+00:00,GLD261002P00425000
GLD,2026-09-23,392.8800048828125,2026-10-02,P,426.0,32.15,34.15,27.35,1.0,47.0,0.36475244628906256,True,2026-09-18 13:51:47+00:00,GLD261002P00426000
GLD,2026-09-23,392.8800048828125,2026-10-02,P,427.0,33.25,34.9,29.0,20.0,6.0,0.3479069116210937,True,2026-09-17 20:01:51+00:00,GLD261002P00427000
GLD,2026-09-23,392.8800048828125,2026-10-02,P,428.0,34.25,36.05,29.9,20.0,463.0,0.3706117626953125,True,2026-09-17 20:01:51+00:00,GLD261002P00428000
GLD,2026-09-23,392.8800048828125,2026-10-02,P,429.0,35.15,37.15,29.3,2.0,20.0,0.3878235046386719,True,2026-09-17 17:07:27+00:00,GLD261002P00429000
GLD,2026-09-23,392.8800048828125,2026-10-02,P,430.0,36.55,37.55,31.34,52.0,190.0,0.32569033691406246,True,2026-09-22 17:54:26+00:00,GLD261002P00430000
GLD,2026-09-23,392.8800048828125,2026-10-02,P,431.0,37.05,39.15,31.13,4.0,3.0,0.4028380029296875,True,2026-09-17 15:45:37+00:00,GLD261002P00431000
GLD,2026-09-23,392.8800048828125,2026-10-02,P,433.0,39.05,41.15,32.85,,5.0,0.4177304321289062,True,2026-09-11 14:48:40+00:00,GLD261002P00433000
GLD,2026-09-23,392.8800048828125,2026-10-02,P,435.0,41.15,43.1,41.15,4.0,24.0,0.4272518212890626,True,2026-09-15 19:37:14+00:00,GLD261002P00435000
GLD,2026-09-23,392.8800048828125,2026-10-02,P,440.0,46.2,48.15,50.8,1.0,1.0,0.4682670361328125,True,2026-09-16 19:29:01+00:00,GLD261002P00440000
GLD,2026-09-23,392.8800048828125,2026-10-02,P,445.0,51.75,52.8,46.25,,,0.4602104760742188,True,2026-09-22 18:41:52+00:00,GLD261002P00445000
GLD,2026-09-23,392.8800048828125,2026-10-02,P,450.0,56.2,58.15,57.15,3.0,0.0,0.5373581420898439,True,2026-09-15 15:28:48+00:00,GLD261002P00450000
GLD,2026-09-23,392.8800048828125,2026-10-02,P,455.0,61.6,62.95,61.23,10.0,0.0,0.5451705639648439,True,2026-09-23 15:02:13+00:00,GLD261002P00455000
GLD,2026-09-23,392.8800048828125,2026-10-02,P,460.0,66.15,68.15,47.3,1.0,0.0,0.602787175292969,True,2026-08-28 16:08:11+00:00,GLD261002P00460000
