symbol,snapshot_date,spot,expiry,right,strike,bid,ask,last_price,volume,open_interest,implied_vol,in_the_money,last_trade_date,contract_symbol
GLD,2026-10-06,379.54998779296875,2026-10-06,C,350.0,29.0,30.0,29.23,5.0,2,0.9775392871093751,True,2026-10-05 18:31:42+00:00,GLD261006C00350000
GLD,2026-10-06,379.54998779296875,2026-10-06,C,365.0,13.65,15.05,14.42,6.0,2,0.5712933496093751,True,2026-10-05 18:47:58+00:00,GLD261006C00365000
GLD,2026-10-06,379.54998779296875,2026-10-06,C,370.0,9.2,9.85,9.52,9.0,28,0.36426416992187505,True,2026-10-05 20:04:38+00:00,GLD261006C00370000
GLD,2026-10-06,379.54998779296875,2026-10-06,C,375.0,4.45,4.9,4.79,52.0,54,0.22412885253906245,True,2026-10-05 19:52:52+00:00,GLD261006C00375000
GLD,2026-10-06,379.54998779296875,2026-10-06,C,376.0,3.55,4.0,3.91,150.0,7,0.20948056152343747,True,2026-10-05 19:52:52+00:00,GLD261006C00376000
GLD,2026-10-06,379.54998779296875,2026-10-06,C,377.0,2.79,3.15,3.37,40.0,3,0.19678537597656248,True,2026-10-05 19:34:49+00:00,GLD261006C00377000
GLD,2026-10-06,379.54998779296875,2026-10-06,C,378.0,2.17,2.44,2.29,286.0,155,0.19507640869140624,True,2026-10-05 20:14:41+00:00,GLD261006C00378000
GLD,2026-10-06,379.54998779296875,2026-10-06,C,379.0,1.63,1.7,1.66,1269.0,76,0.17774259765625,True,2026-10-05 20:14:41+00:00,GLD261006C00379000
GLD,2026-10-06,379.54998779296875,2026-10-06,C,380.0,1.13,1.15,1.17,1967.0,130,0.17188328125000002,False,2026-10-05 20:14:49+00:00,GLD261006C00380000
GLD,2026-10-06,379.54998779296875,2026-10-06,C,381.0,0.75,0.8,0.77,759.0,112,0.1772543212890625,False,2026-10-05 20:14:46+00:00,GLD261006C00381000
GLD,2026-10-06,379.54998779296875,2026-10-06,C,382.0,0.48,0.52,0.52,1133.0,311,0.178719150390625,False,2026-10-05 20:14:52+00:00,GLD261006C00382000
GLD,2026-10-06,379.54998779296875,2026-10-06,C,383.0,0.3,0.33,0.31,1156.0,490,0.18164880859375,False,2026-10-05 20:14:54+00:00,GLD261006C00383000
GLD,2026-10-06,379.54998779296875,2026-10-06,C,384.0,0.2,0.21,0.21,872.0,210,0.1860432958984375,False,2026-10-05 20:14:30+00:00,GLD261006C00384000
GLD,2026-10-06,379.54998779296875,2026-10-06,C,385.0,0.12,0.14,0.12,701.0,340,0.19336744140625,False,2026-10-05 20:10:28+00:00,GLD261006C00385000
GLD,2026-10-06,379.54998779296875,2026-10-06,C,386.0,0.07,0.09,0.09,392.0,272,0.1992267578125,False,2026-10-05 20:03:37+00:00,GLD261006C00386000
GLD,2026-10-06,379.54998779296875,2026-10-06,C,387.0,0.06,0.07,0.07,399.0,151,0.21289849609375,False,2026-10-05 20:14:18+00:00,GLD261006C00387000
GLD,2026-10-06,379.54998779296875,2026-10-06,C,388.0,0.03,0.05,0.04,193.0,416,0.22266402343749997,False,2026-10-05 20:10:57+00:00,GLD261006C00388000
GLD,2026-10-06,379.54998779296875,2026-10-06,C,389.0,0.02,0.04,0.03,2180.0,161,0.23438265625,False,2026-10-05 20:03:14+00:00,GLD261006C00389000
GLD,2026-10-06,379.54998779296875,2026-10-06,C,390.0,0.02,0.03,0.03,259.0,1367,0.24414818359375,False,2026-10-05 19:20:43+00:00,GLD261006C00390000
GLD,2026-10-06,379.54998779296875,2026-10-06,C,391.0,0.01,0.03,0.03,42.0,87,0.26367923828125,False,2026-10-05 17:26:53+00:00,GLD261006C00391000
GLD,2026-10-06,379.54998779296875,2026-10-06,C,392.0,0.01,0.03,0.02,14.0,381,0.28321029296874994,False,2026-10-05 19:51:40+00:00,GLD261006C00392000
GLD,2026-10-06,379.54998779296875,2026-10-06,C,393.0,0.0,0.02,0.01,20.0,29,0.28516339843749994,False,2026-10-05 18:21:36+00:00,GLD261006C00393000
GLD,2026-10-06,379.54998779296875,2026-10-06,C,394.0,0.0,0.02,0.02,29.0,87,0.304694453125,False,2026-10-05 17:03:47+00:00,GLD261006C00394000
GLD,2026-10-06,379.54998779296875,2026-10-06,C,395.0,0.0,0.01,0.03,24.0,74,0.29688203124999996,False,2026-10-05 20:04:52+00:00,GLD261006C00395000
GLD,2026-10-06,379.54998779296875,2026-10-06,C,396.0,0.0,0.02,0.01,827.0,845,0.3398503515625,False,2026-10-05 20:04:52+00:00,GLD261006C00396000
GLD,2026-10-06,379.54998779296875,2026-10-06,C,397.0,0.0,0.02,0.01,36.0,79,0.35938140625,False,2026-10-05 16:40:49+00:00,GLD261006C00397000
GLD,2026-10-06,379.54998779296875,2026-10-06,C,398.0,0.0,0.02,0.01,20.0,137,0.37500625,False,2026-10-05 18:44:31+00:00,GLD261006C00398000
GLD,2026-10-06,379.54998779296875,2026-10-06,C,399.0,0.0,0.02,0.05,10.0,823,0.39453730468750003,False,2026-10-05 14:20:16+00:00,GLD261006C00399000
GLD,2026-10-06,379.54998779296875,2026-10-06,C,400.0,0.0,0.01,0.01,125.0,487,0.38281867187499996,False,2026-10-05 19:52:13+00:00,GLD261006C00400000
GLD,2026-10-06,379.54998779296875,2026-10-06,C,401.0,0.0,0.02,0.01,26.0,13,0.42969320312500003,False,2026-10-05 16:15:04+00:00,GLD261006C00401000
GLD,2026-10-06,379.54998779296875,2026-10-06,C,402.0,0.0,0.01,0.01,9.0,221,0.414068359375,False,2026-10-05 16:14:57+00:00,GLD261006C00402000
GLD,2026-10-06,379.54998779296875,2026-10-06,C,403.0,0.0,0.02,0.17,9.0,77,0.46094289062500005,False,2026-10-05 14:15:53+00:00,GLD261006C00403000
GLD,2026-10-06,379.54998779296875,2026-10-06,C,404.0,0.0,0.07,0.07,6.0,82,0.5117236328125,False,2026-10-05 17:58:20+00:00,GLD261006C00404000
GLD,2026-10-06,379.54998779296875,2026-10-06,C,405.0,0.0,0.02,0.02,12.0,106,0.49219257812500006,False,2026-10-05 18:09:08+00:00,GLD261006C00405000
GLD,2026-10-06,379.54998779296875,2026-10-06,C,406.0,0.0,0.16,0.08,5.0,222,0.6113320117187502,False,2026-10-05 14:18:53+00:00,GLD261006C00406000
GLD,2026-10-06,379.54998779296875,2026-10-06,C,407.0,0.0,0.14,0.18,1.0,84,0.6171913281250001,False,2026-10-05 14:19:35+00:00,GLD261006C00407000
GLD,2026-10-06,379.54998779296875,2026-10-06,C,408.0,0.0,0.01,0.08,1.0,101,0.507817421875,False,2026-10-02 19:03:38+00:00,GLD261006C00408000
GLD,2026-10-06,379.54998779296875,2026-10-06,C,409.0,0.0,0.05,0.01,4.0,10,0.5742230078125,False,2026-10-05 20:00:49+00:00,GLD261006C00409000
GLD,2026-10-06,379.54998779296875,2026-10-06,C,410.0,0.0,0.01,0.01,4.0,126,0.500005,False,2026-10-05 19:58:22+00:00,GLD261006C00410000
GLD,2026-10-06,379.54998779296875,2026-10-06,C,411.0,0.0,0.03,0.08,4.0,5,0.57812921875,False,2026-10-02 13:35:30+00:00,GLD261006C00411000
GLD,2026-10-06,379.54998779296875,2026-10-06,C,412.0,0.0,0.03,0.02,11.0,9,0.5937540625000001,False,2026-10-02 14:54:22+00:00,GLD261006C00412000
GLD,2026-10-06,379.54998779296875,2026-10-06,C,413.0,0.0,0.02,0.02,3.0,506,0.57812921875,False,2026-10-02 14:54:42+00:00,GLD261006C00413000
GLD,2026-10-06,379.54998779296875,2026-10-06,C,414.0,0.0,0.03,0.02,3.0,4,0.6250037500000001,False,2026-10-02 14:54:48+00:00,GLD261006C00414000
GLD,2026-10-06,379.54998779296875,2026-10-06,C,415.0,0.0,0.03,0.08,1.0,3,0.64062859375,False,2026-10-02 13:35:50+00:00,GLD261006C00415000
GLD,2026-10-06,379.54998779296875,2026-10-06,C,416.0,0.0,0.22,0.08,1.0,2,0.8320329296874999,False,2026-10-02 13:36:12+00:00,GLD261006C00416000
GLD,2026-10-06,379.54998779296875,2026-10-06,C,417.0,0.0,0.22,0.08,1.0,3,0.84961087890625,False,2026-10-02 13:36:29+00:00,GLD261006C00417000
GLD,2026-10-06,379.54998779296875,2026-10-06,C,418.0,0.0,0.07,0.08,1.0,3,0.7500025,False,2026-10-02 13:36:50+00:00,GLD261006C00418000
GLD,2026-10-06,379.54998779296875,2026-10-06,C,419.0,0.0,0.05,0.02,6.0,19,0.73437765625,False,2026-10-02 14:50:36+00:00,GLD261006C00419000
GLD,2026-10-06,379.54998779296875,2026-10-06,C,420.0,0.0,0.03,0.02,4.0,10,0.710940390625,False,2026-10-02 16:23:38+00:00,GLD261006C00420000
GLD,2026-10-06,379.54998779296875,2026-10-06,C,421.0,0.0,0.21,0.08,1.0,2,0.9179695703125,False,2026-10-02 13:35:13+00:00,GLD261006C00421000
GLD,2026-10-06,379.54998779296875,2026-10-06,C,422.0,0.0,0.21,0.14,,3,0.9335944140625,False,2026-09-30 13:43:11+00:00,GLD261006C00422000
GLD,2026-10-06,379.54998779296875,2026-10-06,C,423.0,0.0,0.21,0.1,,1,0.9531254687499999,False,2026-09-28 14:57:54+00:00,GLD261006C00423000
GLD,2026-10-06,379.54998779296875,2026-10-06,C,424.0,0.0,0.21,0.1,1.0,25,0.9707034179687499,False,2026-09-29 14:45:58+00:00,GLD261006C00424000
GLD,2026-10-06,379.54998779296875,2026-10-06,C,425.0,0.0,0.03,0.13,,2,0.7812521875,False,2026-09-30 13:42:33+00:00,GLD261006C00425000
GLD,2026-10-06,379.54998779296875,2026-10-06,C,426.0,0.0,0.2,0.12,,2,0.99804689453125,False,2026-09-30 13:42:49+00:00,GLD261006C00426000
GLD,2026-10-06,379.54998779296875,2026-10-06,C,427.0,0.0,0.01,0.13,2.0,34,0.73437765625,False,2026-10-05 16:01:53+00:00,GLD261006C00427000
GLD,2026-10-06,379.54998779296875,2026-10-06,C,428.0,0.0,0.02,0.09,2.0,2,0.79687703125,False,2026-10-05 16:01:53+00:00,GLD261006C00428000
GLD,2026-10-06,379.54998779296875,2026-10-06,C,429.0,0.0,0.2,0.11,,1,1.05078599609375,False,2026-09-30 13:43:49+00:00,GLD261006C00429000
GLD,2026-10-06,379.54998779296875,2026-10-06,C,430.0,0.0,0.17,0.11,1.0,3,1.0429735351562504,False,2026-09-30 13:44:18+00:00,GLD261006C00430000
GLD,2026-10-06,379.54998779296875,2026-10-06,C,431.0,0.0,0.13,0.11,,2,1.0273486132812502,False,2026-09-30 13:44:29+00:00,GLD261006C00431000
GLD,2026-10-06,379.54998779296875,2026-10-06,C,432.0,0.0,0.1,0.11,,1,1.0078174609375,False,2026-09-30 13:44:37+00:00,GLD261006C00432000
GLD,2026-10-06,379.54998779296875,2026-10-06,C,434.0,0.0,0.19,0.06,,5,1.126957490234375,False,2026-10-01 13:45:43+00:00,GLD261006C00434000
GLD,2026-10-06,379.54998779296875,2026-10-06,C,435.0,0.0,0.16,0.05,4.0,6,1.1171919140625,False,2026-10-01 14:58:21+00:00,GLD261006C00435000
GLD,2026-10-06,379.54998779296875,2026-10-06,C,445.0,0.0,0.19,0.01,,7,1.3046909765624997,False,2026-09-30 13:42:17+00:00,GLD261006C00445000
GLD,2026-10-06,379.54998779296875,2026-10-06,C,455.0,0.0,0.18,0.02,,6,1.453127734375,False,2026-09-29 18:57:24+00:00,GLD261006C00455000
GLD,2026-10-06,379.54998779296875,2026-10-06,C,465.0,0.0,0.16,0.1,,1,1.5781271093749998,False,2026-09-28 14:20:49+00:00,GLD261006C00465000
GLD,2026-10-06,379.54998779296875,2026-10-06,C,470.0,0.0,0.16,0.1,,1,1.65234548828125,False,2026-09-28 14:20:57+00:00,GLD261006C00470000
GLD,2026-10-06,379.54998779296875,2026-10-06,C,530.0,0.0,0.06,0.04,,6,2.2187544531249994,False,2026-09-24 19:26:49+00:00,GLD261006C00530000
GLD,2026-10-06,379.54998779296875,2026-10-06,P,275.0,0.0,0.05,0.02,9.0,5,2.1718795703125,False,2026-10-05 18:12:48+00:00,GLD261006P00275000
GLD,2026-10-06,379.54998779296875,2026-10-06,P,280.0,0.0,0.02,0.01,138.0,3,1.9062504687500001,False,2026-10-05 18:14:13+00:00,GLD261006P00280000
GLD,2026-10-06,379.54998779296875,2026-10-06,P,285.0,0.0,0.01,0.01,6.0,14,1.6875015625,False,2026-10-05 19:17:15+00:00,GLD261006P00285000
GLD,2026-10-06,379.54998779296875,2026-10-06,P,290.0,0.0,0.04,0.04,26.0,1,1.7968760156249999,False,2026-10-05 19:17:15+00:00,GLD261006P00290000
GLD,2026-10-06,379.54998779296875,2026-10-06,P,295.0,0.0,0.06,0.02,8.0,3,1.765626171875,False,2026-10-05 18:22:27+00:00,GLD261006P00295000
GLD,2026-10-06,379.54998779296875,2026-10-06,P,300.0,0.0,0.01,0.01,,23,1.40625296875,False,2026-10-01 19:06:05+00:00,GLD261006P00300000
GLD,2026-10-06,379.54998779296875,2026-10-06,P,305.0,0.0,0.09,0.04,4.0,7,1.6171894140625,False,2026-10-05 19:20:49+00:00,GLD261006P00305000
GLD,2026-10-06,379.54998779296875,2026-10-06,P,310.0,0.0,0.02,0.01,5.0,3,1.3125034374999998,False,2026-10-05 19:25:53+00:00,GLD261006P00310000
GLD,2026-10-06,379.54998779296875,2026-10-06,P,315.0,0.0,0.03,0.03,5.0,9,1.2500037499999999,False,2026-09-30 13:40:10+00:00,GLD261006P00315000
GLD,2026-10-06,379.54998779296875,2026-10-06,P,320.0,0.0,0.03,0.03,,6,1.15625421875,False,2026-09-30 17:48:16+00:00,GLD261006P00320000
GLD,2026-10-06,379.54998779296875,2026-10-06,P,325.0,0.0,0.12,0.05,,2,1.23047259765625,False,2026-09-30 15:54:18+00:00,GLD261006P00325000
GLD,2026-10-06,379.54998779296875,2026-10-06,P,330.0,0.0,0.07,0.05,,2,1.0546922265625,False,2026-09-30 15:54:20+00:00,GLD261006P00330000
GLD,2026-10-06,379.54998779296875,2026-10-06,P,335.0,0.0,0.15,0.06,,1,1.0449266503906252,False,2026-09-30 15:54:22+00:00,GLD261006P00335000
GLD,2026-10-06,379.54998779296875,2026-10-06,P,340.0,0.0,0.13,0.02,1.0,14,0.9179695703125,False,2026-10-05 14:20:39+00:00,GLD261006P00340000
GLD,2026-10-06,379.54998779296875,2026-10-06,P,345.0,0.0,0.02,0.01,10.0,25,0.6562534375000001,False,2026-10-05 16:22:35+00:00,GLD261006P00345000
GLD,2026-10-06,379.54998779296875,2026-10-06,P,350.0,0.0,0.01,0.01,4.0,25,0.5312546875,False,2026-10-05 17:34:32+00:00,GLD261006P00350000
GLD,2026-10-06,379.54998779296875,2026-10-06,P,355.0,0.0,0.01,0.07,1.0,63,0.476567734375,False,2026-10-05 13:40:39+00:00,GLD261006P00355000
GLD,2026-10-06,379.54998779296875,2026-10-06,P,360.0,0.0,0.01,0.01,231.0,867,0.38281867187499996,False,2026-10-05 20:04:38+00:00,GLD261006P00360000
GLD,2026-10-06,379.54998779296875,2026-10-06,P,365.0,0.0,0.01,0.01,149.0,1193,0.2929758203124999,False,2026-10-05 20:14:40+00:00,GLD261006P00365000
GLD,2026-10-06,379.54998779296875,2026-10-06,P,370.0,0.03,0.05,0.03,959.0,1397,0.25196060546875,False,2026-10-05 20:14:46+00:00,GLD261006P00370000
GLD,2026-10-06,379.54998779296875,2026-10-06,P,375.0,0.24,0.26,0.25,1586.0,166,0.2036212451171875,False,2026-10-05 20:14:03+00:00,GLD261006P00375000
GLD,2026-10-06,379.54998779296875,2026-10-06,P,376.0,0.35,0.39,0.37,297.0,25,0.198250205078125,False,2026-10-05 20:13:24+00:00,GLD261006P00376000
GLD,2026-10-06,379.54998779296875,2026-10-06,P,377.0,0.55,0.58,0.57,770.0,377,0.19336744140625,False,2026-10-05 20:14:18+00:00,GLD261006P00377000
GLD,2026-10-06,379.54998779296875,2026-10-06,P,378.0,0.81,0.86,0.83,1980.0,76,0.1909260595703125,False,2026-10-05 20:14:30+00:00,GLD261006P00378000
GLD,2026-10-06,379.54998779296875,2026-10-06,P,379.0,1.17,1.24,1.22,1060.0,313,0.18921709228515626,False,2026-10-05 20:14:46+00:00,GLD261006P00379000
GLD,2026-10-06,379.54998779296875,2026-10-06,P,380.0,1.66,1.73,1.69,683.0,339,0.188484677734375,True,2026-10-05 20:14:30+00:00,GLD261006P00380000
GLD,2026-10-06,379.54998779296875,2026-10-06,P,381.0,2.19,2.51,2.38,137.0,109,0.2124102197265625,True,2026-10-05 20:14:30+00:00,GLD261006P00381000
GLD,2026-10-06,379.54998779296875,2026-10-06,P,382.0,2.9,3.25,2.84,57.0,88,0.22144333251953124,True,2026-10-05 19:31:16+00:00,GLD261006P00382000
GLD,2026-10-06,379.54998779296875,2026-10-06,P,383.0,3.7,4.15,3.7,87.0,44,0.24634542724609376,True,2026-10-05 19:58:38+00:00,GLD261006P00383000
GLD,2026-10-06,379.54998779296875,2026-10-06,P,384.0,4.55,5.05,4.45,1.0,75,0.26636475830078127,True,2026-10-05 13:38:13+00:00,GLD261006P00384000
GLD,2026-10-06,379.54998779296875,2026-10-06,P,385.0,5.45,6.1,5.77,97.0,155,0.31055376953124997,True,2026-10-05 20:14:03+00:00,GLD261006P00385000
GLD,2026-10-06,379.54998779296875,2026-10-06,P,386.0,6.4,7.15,7.05,1.0,28,0.3540103662109374,True,2026-09-29 16:36:48+00:00,GLD261006P00386000
GLD,2026-10-06,379.54998779296875,2026-10-06,P,387.0,7.4,8.15,7.54,10.0,115,0.38721315917968746,True,2026-10-05 19:24:48+00:00,GLD261006P00387000
GLD,2026-10-06,379.54998779296875,2026-10-06,P,388.0,8.4,9.1,8.62,6.0,27,0.4094297338867187,True,2026-10-05 18:53:38+00:00,GLD261006P00388000
GLD,2026-10-06,379.54998779296875,2026-10-06,P,389.0,8.95,10.0,9.85,4.0,20,0.41797457031249996,True,2026-10-05 18:27:08+00:00,GLD261006P00389000
GLD,2026-10-06,379.54998779296875,2026-10-06,P,390.0,10.05,10.85,11.0,3.0,29,0.40869731933593745,True,2026-10-05 18:27:08+00:00,GLD261006P00390000
GLD,2026-10-06,379.54998779296875,2026-10-06,P,391.0,11.1,12.75,12.09,1.0,33,0.6352575537109376,True,2026-10-05 18:27:08+00:00,GLD261006P00391000
GLD,2026-10-06,379.54998779296875,2026-10-06,P,392.0,12.0,13.15,13.03,1.0,47,0.5429733203125001,True,2026-10-05 18:15:55+00:00,GLD261006P00392000
GLD,2026-10-06,379.54998779296875,2026-10-06,P,393.0,13.15,14.8,13.65,16.0,42,0.5268602001953125,True,2026-10-05 18:53:38+00:00,GLD261006P00393000
GLD,2026-10-06,379.54998779296875,2026-10-06,P,394.0,14.05,15.3,15.2,10.0,14,0.6372106591796876,True,2026-10-05 13:46:25+00:00,GLD261006P00394000
GLD,2026-10-06,379.54998779296875,2026-10-06,P,395.0,15.0,16.0,16.36,2.0,10,0.5888712988281251,True,2026-10-05 16:15:43+00:00,GLD261006P00395000
GLD,2026-10-06,379.54998779296875,2026-10-06,P,396.0,16.0,17.05,17.42,1.0,2,0.6303747900390625,True,2026-10-05 16:34:02+00:00,GLD261006P00396000
GLD,2026-10-06,379.54998779296875,2026-10-06,P,397.0,17.0,18.0,18.61,3.0,2,0.6425816992187501,True,2026-10-05 17:13:02+00:00,GLD261006P00397000
GLD,2026-10-06,379.54998779296875,2026-10-06,P,398.0,17.95,18.95,19.54,4.0,1,0.6533237792968751,True,2026-10-05 17:13:02+00:00,GLD261006P00398000
GLD,2026-10-06,379.54998779296875,2026-10-06,P,399.0,19.05,19.95,20.33,2.0,0,0.6787141503906251,True,2026-10-05 17:05:31+00:00,GLD261006P00399000
GLD,2026-10-06,379.54998779296875,2026-10-06,P,400.0,19.95,21.35,21.03,1.0,0,0.579105771484375,True,2026-10-05 16:06:50+00:00,GLD261006P00400000
GLD,2026-10-06,379.54998779296875,2026-10-06,P,401.0,20.3,23.1,23.49,,0,0.6279334082031252,True,2026-09-28 15:06:31+00:00,GLD261006P00401000
GLD,2026-10-06,379.54998779296875,2026-10-06,P,403.0,23.05,24.7,22.52,,0,0.7509790527343749,True,2026-09-30 19:19:21+00:00,GLD261006P00403000
GLD,2026-10-06,379.54998779296875,2026-10-06,P,404.0,24.0,24.95,24.98,1.0,0,0.8037129003906249,True,2026-10-05 16:06:52+00:00,GLD261006P00404000
GLD,2026-10-06,379.54998779296875,2026-10-06,P,405.0,25.05,26.05,25.92,1.0,0,0.6132851171875001,True,2026-10-05 16:06:52+00:00,GLD261006P00405000
GLD,2026-10-06,379.54998779296875,2026-10-06,P,406.0,25.35,27.45,15.04,,0,1.0107471337890623,True,2026-09-24 20:02:09+00:00,GLD261006P00406000
GLD,2026-10-06,379.54998779296875,2026-10-06,P,407.0,26.65,28.6,17.94,2.0,0,0.7128934960937501,True,2026-09-24 15:31:35+00:00,GLD261006P00407000
GLD,2026-10-06,379.54998779296875,2026-10-06,P,408.0,28.0,28.95,29.49,14.0,0,0.5585981640625001,True,2026-10-05 17:11:28+00:00,GLD261006P00408000
GLD,2026-10-06,379.54998779296875,2026-10-06,P,409.0,28.95,30.0,30.48,4.0,0,0.5742230078125,True,2026-10-05 17:11:28+00:00,GLD261006P00409000
GLD,2026-10-06,379.54998779296875,2026-10-06,P,410.0,30.0,31.05,30.52,25.0,0,0.6796907031250001,True,2026-09-28 18:50:01+00:00,GLD261006P00410000
GLD,2026-10-06,379.54998779296875,2026-10-06,P,411.0,31.0,31.95,32.39,2.0,0,0.6093789062500001,True,2026-10-05 16:30:28+00:00,GLD261006P00411000
GLD,2026-10-06,379.54998779296875,2026-10-06,P,412.0,32.05,32.9,33.39,4.0,0,0.6250037500000001,True,2026-10-05 16:30:28+00:00,GLD261006P00412000
GLD,2026-10-06,379.54998779296875,2026-10-06,P,414.0,34.0,35.0,34.91,6.0,0,0.7148466015625,True,2026-10-05 16:06:09+00:00,GLD261006P00414000
GLD,2026-10-06,379.54998779296875,2026-10-06,P,428.0,48.0,50.1,34.65,1.0,0,1.3886749316406248,True,2026-09-25 15:59:55+00:00,GLD261006P00428000
GLD,2026-10-06,379.54998779296875,2026-10-07,C,305.0,74.15,75.05,78.25,,2,1.15625421875,True,2026-10-01 17:30:00+00:00,GLD261007C00305000
GLD,2026-10-06,379.54998779296875,2026-10-07,C,340.0,38.7,40.05,41.95,,1,0.903321279296875,True,2026-09-28 13:30:09+00:00,GLD261007C00340000
GLD,2026-10-06,379.54998779296875,2026-10-07,C,345.0,34.1,35.15,33.3,2.0,0,0.5839885351562499,True,2026-10-02 16:02:19+00:00,GLD261007C00345000
GLD,2026-10-06,379.54998779296875,2026-10-07,C,350.0,29.1,30.15,28.35,2.0,5,0.507817421875,True,2026-10-02 16:02:19+00:00,GLD261007C00350000
GLD,2026-10-06,379.54998779296875,2026-10-07,C,355.0,24.2,25.1,23.35,13.0,2,0.6215858154296876,True,2026-10-02 16:02:19+00:00,GLD261007C00355000
GLD,2026-10-06,379.54998779296875,2026-10-07,C,360.0,18.75,20.15,18.5,2.0,1,0.5307664111328125,True,2026-10-02 16:02:19+00:00,GLD261007C00360000
GLD,2026-10-06,379.54998779296875,2026-10-07,C,365.0,14.25,14.95,13.75,3.0,4,0.38184211914062494,True,2026-10-05 17:26:53+00:00,GLD261007C00365000
GLD,2026-10-06,379.54998779296875,2026-10-07,C,370.0,9.4,10.0,8.92,19.0,364,0.2876047802734374,True,2026-10-05 16:42:15+00:00,GLD261007C00370000
GLD,2026-10-06,379.54998779296875,2026-10-07,C,375.0,5.0,5.3,5.3,42.0,3,0.21167780517578122,True,2026-10-05 19:46:56+00:00,GLD261007C00375000
GLD,2026-10-06,379.54998779296875,2026-10-07,C,376.0,4.1,4.55,4.35,13.0,2,0.2117998742675781,True,2026-10-05 16:05:02+00:00,GLD261007C00376000
GLD,2026-10-06,379.54998779296875,2026-10-07,C,377.0,3.45,3.8,3.82,15.0,9,0.2063067651367187,True,2026-10-05 19:00:06+00:00,GLD261007C00377000
GLD,2026-10-06,379.54998779296875,2026-10-07,C,378.0,2.76,3.15,3.21,232.0,50,0.2048419360351562,True,2026-10-05 19:44:00+00:00,GLD261007C00378000
GLD,2026-10-06,379.54998779296875,2026-10-07,C,379.0,2.25,2.42,2.48,107.0,76,0.19043778320312502,True,2026-10-05 19:58:35+00:00,GLD261007C00379000
GLD,2026-10-06,379.54998779296875,2026-10-07,C,380.0,1.81,1.88,1.89,623.0,151,0.1870198486328125,False,2026-10-05 20:14:42+00:00,GLD261007C00380000
GLD,2026-10-06,379.54998779296875,2026-10-07,C,381.0,1.39,1.45,1.37,619.0,93,0.186531572265625,False,2026-10-05 20:06:00+00:00,GLD261007C00381000
GLD,2026-10-06,379.54998779296875,2026-10-07,C,382.0,1.04,1.12,1.1,334.0,422,0.1889729541015625,False,2026-10-05 20:00:13+00:00,GLD261007C00382000
GLD,2026-10-06,379.54998779296875,2026-10-07,C,383.0,0.79,0.83,0.86,102.0,303,0.18872881591796875,False,2026-10-05 20:10:54+00:00,GLD261007C00383000
GLD,2026-10-06,379.54998779296875,2026-10-07,C,384.0,0.58,0.61,0.63,308.0,170,0.18946123046875002,False,2026-10-05 20:13:18+00:00,GLD261007C00384000
GLD,2026-10-06,379.54998779296875,2026-10-07,C,385.0,0.42,0.45,0.45,544.0,827,0.19190261230468753,False,2026-10-05 20:13:55+00:00,GLD261007C00385000
GLD,2026-10-06,379.54998779296875,2026-10-07,C,386.0,0.29,0.34,0.34,462.0,86,0.19654123779296873,False,2026-10-05 20:12:20+00:00,GLD261007C00386000
GLD,2026-10-06,379.54998779296875,2026-10-07,C,387.0,0.22,0.27,0.27,160.0,82,0.20386538330078124,False,2026-10-05 20:01:11+00:00,GLD261007C00387000
GLD,2026-10-06,379.54998779296875,2026-10-07,C,388.0,0.16,0.22,0.17,170.0,433,0.21216608154296873,False,2026-10-05 19:55:27+00:00,GLD261007C00388000
GLD,2026-10-06,379.54998779296875,2026-10-07,C,389.0,0.12,0.14,0.12,277.0,81,0.20850400878906244,False,2026-10-05 19:58:06+00:00,GLD261007C00389000
GLD,2026-10-06,379.54998779296875,2026-10-07,C,390.0,0.09,0.11,0.1,552.0,103,0.2148516015625,False,2026-10-05 19:58:40+00:00,GLD261007C00390000
GLD,2026-10-06,379.54998779296875,2026-10-07,C,391.0,0.07,0.09,0.08,37.0,162,0.22266402343749997,False,2026-10-05 20:13:49+00:00,GLD261007C00391000
GLD,2026-10-06,379.54998779296875,2026-10-07,C,392.0,0.05,0.08,0.05,32.0,1424,0.233406103515625,False,2026-10-05 19:58:06+00:00,GLD261007C00392000
GLD,2026-10-06,379.54998779296875,2026-10-07,C,393.0,0.04,0.06,0.04,22.0,90,0.23731231445312498,False,2026-10-05 19:58:06+00:00,GLD261007C00393000
GLD,2026-10-06,379.54998779296875,2026-10-07,C,394.0,0.03,0.05,0.03,27.0,128,0.24414818359375,False,2026-10-05 18:41:58+00:00,GLD261007C00394000
GLD,2026-10-06,379.54998779296875,2026-10-07,C,395.0,0.02,0.05,0.03,132.0,1029,0.257819921875,False,2026-10-05 19:58:06+00:00,GLD261007C00395000
GLD,2026-10-06,379.54998779296875,2026-10-07,C,396.0,0.02,0.04,0.02,7.0,154,0.26367923828125,False,2026-10-05 19:58:13+00:00,GLD261007C00396000
GLD,2026-10-06,379.54998779296875,2026-10-07,C,397.0,0.01,0.04,0.01,5.0,74,0.27735097656249996,False,2026-10-05 19:58:13+00:00,GLD261007C00397000
GLD,2026-10-06,379.54998779296875,2026-10-07,C,398.0,0.01,0.04,0.01,3.0,107,0.2910227148437499,False,2026-10-05 19:58:13+00:00,GLD261007C00398000
GLD,2026-10-06,379.54998779296875,2026-10-07,C,399.0,0.01,0.03,0.03,12.0,905,0.2929758203124999,False,2026-10-05 20:00:32+00:00,GLD261007C00399000
GLD,2026-10-06,379.54998779296875,2026-10-07,C,400.0,0.01,0.03,0.01,17.0,396,0.304694453125,False,2026-10-05 19:58:06+00:00,GLD261007C00400000
GLD,2026-10-06,379.54998779296875,2026-10-07,C,401.0,0.01,0.03,0.01,9.0,98,0.31641308593749995,False,2026-10-05 14:17:22+00:00,GLD261007C00401000
GLD,2026-10-06,379.54998779296875,2026-10-07,C,402.0,0.01,0.03,0.02,8.0,83,0.33008482421874996,False,2026-10-05 20:07:38+00:00,GLD261007C00402000
GLD,2026-10-06,379.54998779296875,2026-10-07,C,403.0,0.01,0.02,0.01,9.0,75,0.32617861328125,False,2026-10-05 20:07:38+00:00,GLD261007C00403000
GLD,2026-10-06,379.54998779296875,2026-10-07,C,404.0,0.01,0.03,0.01,14.0,79,0.35547519531249994,False,2026-10-05 14:06:13+00:00,GLD261007C00404000
GLD,2026-10-06,379.54998779296875,2026-10-07,C,405.0,0.01,0.03,0.01,3.0,109,0.367193828125,False,2026-10-05 19:58:07+00:00,GLD261007C00405000
GLD,2026-10-06,379.54998779296875,2026-10-07,C,406.0,0.0,0.03,0.09,1.0,90,0.3789124609375,False,2026-10-02 19:58:13+00:00,GLD261007C00406000
GLD,2026-10-06,379.54998779296875,2026-10-07,C,407.0,0.0,0.03,0.03,4.0,71,0.39063109375,False,2026-10-05 13:34:40+00:00,GLD261007C00407000
GLD,2026-10-06,379.54998779296875,2026-10-07,C,408.0,0.0,0.01,0.11,1.0,60,0.35938140625,False,2026-10-05 13:34:21+00:00,GLD261007C00408000
GLD,2026-10-06,379.54998779296875,2026-10-07,C,409.0,0.0,0.01,0.11,1.0,102,0.367193828125,False,2026-10-02 19:58:13+00:00,GLD261007C00409000
GLD,2026-10-06,379.54998779296875,2026-10-07,C,410.0,0.0,0.02,0.02,4.0,121,0.4062559375,False,2026-10-02 19:58:06+00:00,GLD261007C00410000
GLD,2026-10-06,379.54998779296875,2026-10-07,C,411.0,0.0,0.01,0.01,3.0,54,0.39063109375,False,2026-10-05 19:39:37+00:00,GLD261007C00411000
GLD,2026-10-06,379.54998779296875,2026-10-07,C,412.0,0.0,0.03,0.07,1.0,54,0.44922425781249997,False,2026-10-05 13:45:24+00:00,GLD261007C00412000
GLD,2026-10-06,379.54998779296875,2026-10-07,C,413.0,0.0,0.02,0.01,1.0,53,0.4414118359375,False,2026-10-02 19:58:13+00:00,GLD261007C00413000
GLD,2026-10-06,379.54998779296875,2026-10-07,C,414.0,0.0,0.02,0.06,3.0,57,0.45313046875,False,2026-10-05 14:08:30+00:00,GLD261007C00414000
GLD,2026-10-06,379.54998779296875,2026-10-07,C,415.0,0.0,0.03,0.01,3.0,371,0.48438015625,False,2026-10-05 17:53:04+00:00,GLD261007C00415000
GLD,2026-10-06,379.54998779296875,2026-10-07,C,416.0,0.0,0.03,0.01,1.0,63,0.49609878906250005,False,2026-10-02 19:58:06+00:00,GLD261007C00416000
GLD,2026-10-06,379.54998779296875,2026-10-07,C,417.0,0.0,0.02,0.01,1.0,55,0.48438015625,False,2026-10-02 19:58:18+00:00,GLD261007C00417000
GLD,2026-10-06,379.54998779296875,2026-10-07,C,418.0,0.0,0.02,0.02,,52,0.49609878906250005,False,2026-10-01 19:57:50+00:00,GLD261007C00418000
GLD,2026-10-06,379.54998779296875,2026-10-07,C,419.0,0.0,0.02,0.01,12.0,67,0.507817421875,False,2026-10-05 13:55:59+00:00,GLD261007C00419000
GLD,2026-10-06,379.54998779296875,2026-10-07,C,420.0,0.0,0.02,0.02,2.0,59,0.5195360546875,False,2026-10-01 19:57:40+00:00,GLD261007C00420000
GLD,2026-10-06,379.54998779296875,2026-10-07,C,421.0,0.0,0.02,0.01,1.0,53,0.5312546875,False,2026-10-02 19:58:52+00:00,GLD261007C00421000
GLD,2026-10-06,379.54998779296875,2026-10-07,C,422.0,0.0,0.02,0.01,1.0,68,0.500005,False,2026-10-02 19:58:06+00:00,GLD261007C00422000
GLD,2026-10-06,379.54998779296875,2026-10-07,C,423.0,0.0,0.01,0.01,11.0,73,0.51562984375,False,2026-10-02 20:04:56+00:00,GLD261007C00423000
GLD,2026-10-06,379.54998779296875,2026-10-07,C,424.0,0.0,0.09,0.01,1.0,28,0.6152382226562501,False,2026-10-02 19:58:07+00:00,GLD261007C00424000
GLD,2026-10-06,379.54998779296875,2026-10-07,C,425.0,0.0,0.05,0.05,1.0,3,0.585941640625,False,2026-10-01 15:04:39+00:00,GLD261007C00425000
GLD,2026-10-06,379.54998779296875,2026-10-07,C,426.0,0.0,0.11,0.03,2.0,3,0.6523472265625001,False,2026-10-02 13:42:27+00:00,GLD261007C00426000
GLD,2026-10-06,379.54998779296875,2026-10-07,C,427.0,0.0,0.1,0.08,1.0,2,0.6562534375000001,False,2026-10-05 20:13:40+00:00,GLD261007C00427000
GLD,2026-10-06,379.54998779296875,2026-10-07,C,428.0,0.0,0.12,0.04,1.0,22,0.6835969140625001,False,2026-10-05 20:13:40+00:00,GLD261007C00428000
GLD,2026-10-06,379.54998779296875,2026-10-07,C,429.0,0.0,0.02,0.02,2.0,4,0.57812921875,False,2026-10-05 15:41:44+00:00,GLD261007C00429000
GLD,2026-10-06,379.54998779296875,2026-10-07,C,430.0,0.0,0.07,0.06,,7,0.6640658593750002,False,2026-09-30 18:31:59+00:00,GLD261007C00430000
GLD,2026-10-06,379.54998779296875,2026-10-07,C,431.0,0.0,0.1,0.09,2.0,6,0.70312796875,False,2026-10-01 15:02:09+00:00,GLD261007C00431000
GLD,2026-10-06,379.54998779296875,2026-10-07,C,432.0,0.0,0.1,0.02,3.0,8,0.7148466015625,False,2026-10-02 13:53:18+00:00,GLD261007C00432000
GLD,2026-10-06,379.54998779296875,2026-10-07,C,433.0,0.0,0.1,0.1,3.0,7,0.726565234375,False,2026-10-01 15:02:40+00:00,GLD261007C00433000
GLD,2026-10-06,379.54998779296875,2026-10-07,C,434.0,0.0,0.03,0.04,,3,0.648441015625,False,2026-10-01 15:08:06+00:00,GLD261007C00434000
GLD,2026-10-06,379.54998779296875,2026-10-07,C,435.0,0.0,0.07,0.06,5.0,3,0.7187528125,False,2026-09-30 16:00:33+00:00,GLD261007C00435000
GLD,2026-10-06,379.54998779296875,2026-10-07,C,440.0,0.0,0.14,0.09,2.0,10,0.8339860351562498,False,2026-10-01 15:03:29+00:00,GLD261007C00440000
GLD,2026-10-06,379.54998779296875,2026-10-07,C,445.0,0.0,0.12,0.05,4.0,5,0.8730481445312499,False,2026-10-01 15:29:02+00:00,GLD261007C00445000
GLD,2026-10-06,379.54998779296875,2026-10-07,C,450.0,0.0,0.15,0.01,,5,0.9511723632812499,False,2026-09-30 18:12:09+00:00,GLD261007C00450000
GLD,2026-10-06,379.54998779296875,2026-10-07,C,455.0,0.0,0.1,0.01,2.0,4,0.9609378906249999,False,2026-09-30 14:32:06+00:00,GLD261007C00455000
GLD,2026-10-06,379.54998779296875,2026-10-07,C,460.0,0.0,0.16,0.02,7.0,7,1.0664109179687502,False,2026-09-28 14:59:24+00:00,GLD261007C00460000
GLD,2026-10-06,379.54998779296875,2026-10-07,C,465.0,0.0,0.17,0.1,,6,1.125004375,False,2026-09-28 14:59:00+00:00,GLD261007C00465000
GLD,2026-10-06,379.54998779296875,2026-10-07,C,470.0,0.0,0.17,0.12,1.0,1,1.1757853710937498,False,2026-09-25 13:48:53+00:00,GLD261007C00470000
GLD,2026-10-06,379.54998779296875,2026-10-07,C,475.0,0.0,0.09,0.02,,1,1.1445355273437499,False,2026-09-29 16:54:17+00:00,GLD261007C00475000
GLD,2026-10-06,379.54998779296875,2026-10-07,C,480.0,0.0,0.03,0.02,3.0,3,1.0781296093750001,False,2026-10-05 20:01:07+00:00,GLD261007C00480000
GLD,2026-10-06,379.54998779296875,2026-10-07,C,485.0,0.0,0.08,0.03,2.0,2,1.22266013671875,False,2026-09-25 13:48:49+00:00,GLD261007C00485000
GLD,2026-10-06,379.54998779296875,2026-10-07,C,495.0,0.0,0.15,0.1,2.0,2,1.40234673828125,False,2026-09-25 13:48:45+00:00,GLD261007C00495000
GLD,2026-10-06,379.54998779296875,2026-10-07,C,515.0,0.0,0.14,0.01,,10,1.5703146484375,False,2026-09-24 19:15:07+00:00,GLD261007C00515000
GLD,2026-10-06,379.54998779296875,2026-10-07,C,520.0,0.0,0.13,0.09,,1,1.6015644921874999,False,2026-09-24 19:14:24+00:00,GLD261007C00520000
GLD,2026-10-06,379.54998779296875,2026-10-07,C,525.0,0.0,0.13,0.08,1.0,2,1.6484392578125,False,2026-09-25 19:24:55+00:00,GLD261007C00525000
GLD,2026-10-06,379.54998779296875,2026-10-07,C,530.0,0.0,0.13,0.08,1.0,4,1.6875015625,False,2026-09-25 19:19:51+00:00,GLD261007C00530000
GLD,2026-10-06,379.54998779296875,2026-10-07,C,535.0,0.0,0.13,0.03,1.0,4,1.7304700976562502,False,2026-09-25 19:18:29+00:00,GLD261007C00535000
GLD,2026-10-06,379.54998779296875,2026-10-07,C,545.0,0.0,0.12,0.04,,3,1.7968760156249999,False,2026-09-24 19:22:34+00:00,GLD261007C00545000
GLD,2026-10-06,379.54998779296875,2026-10-07,P,275.0,0.0,0.01,0.01,4.0,22,1.3437532812499997,False,2026-10-05 19:26:33+00:00,GLD261007P00275000
GLD,2026-10-06,379.54998779296875,2026-10-07,P,280.0,0.0,0.03,0.01,83.0,16,1.3906280468749999,False,2026-10-05 19:44:54+00:00,GLD261007P00280000
GLD,2026-10-06,379.54998779296875,2026-10-07,P,285.0,0.0,0.09,0.02,36.0,10,1.4609401953124999,False,2026-10-05 19:48:29+00:00,GLD261007P00285000
GLD,2026-10-06,379.54998779296875,2026-10-07,P,290.0,0.0,0.1,0.01,4.0,10,1.3984405078125,False,2026-10-05 19:51:39+00:00,GLD261007P00290000
GLD,2026-10-06,379.54998779296875,2026-10-07,P,295.0,0.0,0.1,0.01,24.0,4,1.3164096679687498,False,2026-10-02 19:06:35+00:00,GLD261007P00295000
GLD,2026-10-06,379.54998779296875,2026-10-07,P,300.0,0.0,0.09,0.01,1.0,107,1.22266013671875,False,2026-10-02 14:16:35+00:00,GLD261007P00300000
GLD,2026-10-06,379.54998779296875,2026-10-07,P,305.0,0.0,0.09,0.01,6.0,113,1.1445355273437499,False,2026-10-02 17:22:05+00:00,GLD261007P00305000
GLD,2026-10-06,379.54998779296875,2026-10-07,P,310.0,0.0,0.12,0.04,3.0,5,1.1015669921875002,False,2026-09-30 15:19:37+00:00,GLD261007P00310000
GLD,2026-10-06,379.54998779296875,2026-10-07,P,315.0,0.0,0.12,0.02,7.0,11,1.0234423828125,False,2026-10-01 14:48:11+00:00,GLD261007P00315000
GLD,2026-10-06,379.54998779296875,2026-10-07,P,320.0,0.0,0.01,0.01,12.0,15,0.7500025,False,2026-10-01 20:04:49+00:00,GLD261007P00320000
GLD,2026-10-06,379.54998779296875,2026-10-07,P,325.0,0.0,0.05,0.02,4.0,10,0.789064609375,False,2026-10-02 15:16:08+00:00,GLD261007P00325000
GLD,2026-10-06,379.54998779296875,2026-10-07,P,330.0,0.0,0.01,0.01,6.0,8,0.6250037500000001,False,2026-10-02 19:47:51+00:00,GLD261007P00330000
GLD,2026-10-06,379.54998779296875,2026-10-07,P,335.0,0.0,0.01,0.01,24.0,30,0.5625043750000001,False,2026-10-02 20:04:29+00:00,GLD261007P00335000
GLD,2026-10-06,379.54998779296875,2026-10-07,P,340.0,0.0,0.01,0.03,6.0,267,0.500005,False,2026-10-05 13:42:26+00:00,GLD261007P00340000
GLD,2026-10-06,379.54998779296875,2026-10-07,P,345.0,0.0,0.01,0.01,4.0,262,0.46094289062500005,False,2026-10-05 15:08:31+00:00,GLD261007P00345000
GLD,2026-10-06,379.54998779296875,2026-10-07,P,350.0,0.0,0.01,0.01,207.0,660,0.398443515625,False,2026-10-05 18:41:30+00:00,GLD261007P00350000
GLD,2026-10-06,379.54998779296875,2026-10-07,P,355.0,0.0,0.01,0.01,52.0,317,0.335944140625,False,2026-10-05 20:00:24+00:00,GLD261007P00355000
GLD,2026-10-06,379.54998779296875,2026-10-07,P,360.0,0.01,0.03,0.02,101.0,426,0.3086006640625,False,2026-10-05 20:06:56+00:00,GLD261007P00360000
GLD,2026-10-06,379.54998779296875,2026-10-07,P,365.0,0.03,0.05,0.03,661.0,3242,0.25586681640625003,False,2026-10-05 19:58:29+00:00,GLD261007P00365000
GLD,2026-10-06,379.54998779296875,2026-10-07,P,370.0,0.13,0.15,0.14,1212.0,2114,0.21875781249999998,False,2026-10-05 20:14:50+00:00,GLD261007P00370000
GLD,2026-10-06,379.54998779296875,2026-10-07,P,375.0,0.61,0.64,0.61,181.0,459,0.198250205078125,False,2026-10-05 20:14:50+00:00,GLD261007P00375000
GLD,2026-10-06,379.54998779296875,2026-10-07,P,376.0,0.81,0.88,0.86,53.0,200,0.19873848144531248,False,2026-10-05 20:07:00+00:00,GLD261007P00376000
GLD,2026-10-06,379.54998779296875,2026-10-07,P,377.0,1.07,1.13,1.09,104.0,569,0.194343994140625,False,2026-10-05 20:13:35+00:00,GLD261007P00377000
GLD,2026-10-06,379.54998779296875,2026-10-07,P,378.0,1.4,1.5,1.47,396.0,175,0.19556468505859376,False,2026-10-05 19:59:33+00:00,GLD261007P00378000
GLD,2026-10-06,379.54998779296875,2026-10-07,P,379.0,1.83,1.9,1.92,99.0,148,0.19312330322265625,False,2026-10-05 20:04:41+00:00,GLD261007P00379000
GLD,2026-10-06,379.54998779296875,2026-10-07,P,380.0,2.23,2.4,2.39,198.0,140,0.19336744140625,True,2026-10-05 20:05:39+00:00,GLD261007P00380000
GLD,2026-10-06,379.54998779296875,2026-10-07,P,381.0,2.84,3.1,2.83,49.0,172,0.20508607421874997,True,2026-10-05 18:55:54+00:00,GLD261007P00381000
GLD,2026-10-06,379.54998779296875,2026-10-07,P,382.0,3.45,3.75,3.55,3.0,67,0.20655090332031245,True,2026-10-05 15:05:26+00:00,GLD261007P00382000
GLD,2026-10-06,379.54998779296875,2026-10-07,P,383.0,4.15,4.5,4.2,10.0,56,0.21216608154296873,True,2026-10-05 19:15:52+00:00,GLD261007P00383000
GLD,2026-10-06,379.54998779296875,2026-10-07,P,384.0,4.95,5.35,5.52,22.0,51,0.22412885253906245,True,2026-10-05 17:57:50+00:00,GLD261007P00384000
GLD,2026-10-06,379.54998779296875,2026-10-07,P,385.0,5.8,6.2,5.63,55.0,72,0.23218541259765624,True,2026-10-05 19:42:40+00:00,GLD261007P00385000
GLD,2026-10-06,379.54998779296875,2026-10-07,P,386.0,6.65,7.05,6.5,6.0,9,0.23657989990234374,True,2026-10-05 19:15:13+00:00,GLD261007P00386000
GLD,2026-10-06,379.54998779296875,2026-10-07,P,387.0,7.5,8.2,7.58,2.0,78,0.28076891113281244,True,2026-10-05 19:52:24+00:00,GLD261007P00387000
GLD,2026-10-06,379.54998779296875,2026-10-07,P,388.0,8.45,9.2,9.5,2.0,76,0.3042061767578125,True,2026-10-05 17:00:07+00:00,GLD261007P00388000
GLD,2026-10-06,379.54998779296875,2026-10-07,P,389.0,9.4,10.15,8.54,2.0,5,0.3193427441406249,True,2026-09-29 14:21:56+00:00,GLD261007P00389000
GLD,2026-10-06,379.54998779296875,2026-10-07,P,390.0,10.4,11.15,10.84,8.0,28,0.3413151806640625,True,2026-10-05 17:02:34+00:00,GLD261007P00390000
GLD,2026-10-06,379.54998779296875,2026-10-07,P,391.0,11.35,12.15,12.43,1.0,8,0.3627993408203125,True,2026-10-05 17:02:34+00:00,GLD261007P00391000
GLD,2026-10-06,379.54998779296875,2026-10-07,P,392.0,12.35,13.15,12.6,13.0,35,0.383795224609375,True,2026-10-05 14:47:50+00:00,GLD261007P00392000
GLD,2026-10-06,379.54998779296875,2026-10-07,P,393.0,13.05,14.4,14.2,30.0,4,0.44507390869140623,True,2026-10-05 16:56:28+00:00,GLD261007P00393000
GLD,2026-10-06,379.54998779296875,2026-10-07,P,394.0,14.0,14.9,14.2,24.0,2,0.3764710791015625,True,2026-10-05 14:09:13+00:00,GLD261007P00394000
GLD,2026-10-06,379.54998779296875,2026-10-07,P,395.0,15.05,16.35,12.55,1.0,25,0.4797415307617187,True,2026-10-01 18:50:45+00:00,GLD261007P00395000
GLD,2026-10-06,379.54998779296875,2026-10-07,P,396.0,15.75,18.1,8.1,,4,0.6123085644531252,True,2026-09-24 14:17:54+00:00,GLD261007P00396000
GLD,2026-10-06,379.54998779296875,2026-10-07,P,397.0,17.05,19.1,6.55,9.0,9,0.6350134155273439,True,2026-09-25 16:07:16+00:00,GLD261007P00397000
GLD,2026-10-06,379.54998779296875,2026-10-07,P,398.0,18.05,20.3,15.55,1.0,1,0.508793974609375,True,2026-10-01 18:23:17+00:00,GLD261007P00398000
GLD,2026-10-06,379.54998779296875,2026-10-07,P,399.0,19.0,21.3,16.05,1.0,2,0.5231981274414061,True,2026-10-01 17:30:05+00:00,GLD261007P00399000
GLD,2026-10-06,379.54998779296875,2026-10-07,P,400.0,20.05,21.45,20.16,4.0,3,0.5986368261718751,True,2026-10-02 19:58:01+00:00,GLD261007P00400000
GLD,2026-10-06,379.54998779296875,2026-10-07,P,401.0,20.2,23.3,21.59,1.0,1,0.7517114672851561,True,2026-10-02 15:29:01+00:00,GLD261007P00401000
GLD,2026-10-06,379.54998779296875,2026-10-07,P,402.0,21.85,24.3,21.55,2.0,1,0.5629926513671876,True,2026-09-29 15:27:19+00:00,GLD261007P00402000
GLD,2026-10-06,379.54998779296875,2026-10-07,P,403.0,22.4,25.3,25.11,1.0,0,0.5239305419921875,True,2026-09-28 15:36:34+00:00,GLD261007P00403000
GLD,2026-10-06,379.54998779296875,2026-10-07,P,405.0,24.95,26.3,12.96,,0,0.6660189648437502,True,2026-09-23 15:14:33+00:00,GLD261007P00405000
GLD,2026-10-06,379.54998779296875,2026-10-07,P,406.0,25.6,28.15,15.29,,0,0.5810588769531251,True,2026-09-24 18:38:37+00:00,GLD261007P00406000
GLD,2026-10-06,379.54998779296875,2026-10-07,P,410.0,30.0,30.95,32.15,25.0,0,0.6689486230468751,True,2026-09-28 15:35:28+00:00,GLD261007P00410000
GLD,2026-10-06,379.54998779296875,2026-10-07,P,411.0,30.35,33.1,18.0,1.0,0,0.6084023535156251,True,2026-09-25 19:37:02+00:00,GLD261007P00411000
GLD,2026-10-06,379.54998779296875,2026-10-07,P,412.0,32.05,34.1,29.99,1.0,0,0.7368190380859375,True,2026-09-29 14:44:11+00:00,GLD261007P00412000
GLD,2026-10-06,379.54998779296875,2026-10-07,P,413.0,32.35,35.1,31.02,1.0,0,0.6381872119140625,True,2026-09-29 14:44:11+00:00,GLD261007P00413000
GLD,2026-10-06,379.54998779296875,2026-10-07,P,414.0,34.0,36.1,36.08,2.0,0,0.762697685546875,True,2026-09-28 15:20:43+00:00,GLD261007P00414000
GLD,2026-10-06,379.54998779296875,2026-10-07,P,418.0,37.4,40.1,24.28,1.0,0,0.7226590234375,True,2026-09-25 16:03:45+00:00,GLD261007P00418000
GLD,2026-10-06,379.54998779296875,2026-10-08,C,350.0,29.25,30.15,30.46,20.0,9,0.6010782080078126,True,2026-10-02 19:34:35+00:00,GLD261008C00350000
GLD,2026-10-06,379.54998779296875,2026-10-08,C,355.0,23.8,25.15,24.59,8.0,4,0.5180712255859375,True,2026-10-02 15:42:33+00:00,GLD261008C00355000
GLD,2026-10-06,379.54998779296875,2026-10-08,C,360.0,18.95,20.15,20.01,7.0,7,0.4335994140625,True,2026-10-02 15:42:13+00:00,GLD261008C00360000
GLD,2026-10-06,379.54998779296875,2026-10-08,C,365.0,14.35,15.0,13.85,5.0,11,0.3210517114257812,True,2026-10-05 17:26:53+00:00,GLD261008C00365000
GLD,2026-10-06,379.54998779296875,2026-10-08,C,370.0,9.6,10.2,13.4,,3,0.26270268554687504,True,2026-09-29 14:47:09+00:00,GLD261008C00370000
GLD,2026-10-06,379.54998779296875,2026-10-08,C,375.0,5.35,5.7,5.75,11.0,119,0.21021297607421874,True,2026-10-05 19:44:20+00:00,GLD261008C00375000
GLD,2026-10-06,379.54998779296875,2026-10-08,C,376.0,4.6,4.95,5.05,9.0,3,0.20691711059570309,True,2026-10-05 19:44:20+00:00,GLD261008C00376000
GLD,2026-10-06,379.54998779296875,2026-10-08,C,377.0,3.95,4.25,3.65,10.0,1,0.20410952148437497,True,2026-10-05 17:08:57+00:00,GLD261008C00377000
GLD,2026-10-06,379.54998779296875,2026-10-08,C,378.0,3.35,3.65,3.1,55.0,34,0.2048419360351562,True,2026-10-05 17:29:47+00:00,GLD261008C00378000
GLD,2026-10-06,379.54998779296875,2026-10-08,C,379.0,2.79,2.96,3.06,15.0,18,0.19507640869140624,True,2026-10-05 19:45:17+00:00,GLD261008C00379000
GLD,2026-10-06,379.54998779296875,2026-10-08,C,380.0,2.31,2.45,2.38,215.0,60,0.194343994140625,False,2026-10-05 19:56:26+00:00,GLD261008C00380000
GLD,2026-10-06,379.54998779296875,2026-10-08,C,381.0,1.86,1.99,1.99,22.0,73,0.1928791650390625,False,2026-10-05 19:56:26+00:00,GLD261008C00381000
GLD,2026-10-06,379.54998779296875,2026-10-08,C,382.0,1.49,1.62,1.57,33.0,159,0.19373364868164064,False,2026-10-05 19:56:38+00:00,GLD261008C00382000
GLD,2026-10-06,379.54998779296875,2026-10-08,C,383.0,1.19,1.29,1.3,28.0,108,0.19336744140625,False,2026-10-05 19:56:38+00:00,GLD261008C00383000
GLD,2026-10-06,379.54998779296875,2026-10-08,C,384.0,0.94,1.03,0.98,22.0,124,0.1948322705078125,False,2026-10-05 20:03:41+00:00,GLD261008C00384000
GLD,2026-10-06,379.54998779296875,2026-10-08,C,385.0,0.74,0.81,0.74,77.0,129,0.19568675415039063,False,2026-10-05 20:07:13+00:00,GLD261008C00385000
GLD,2026-10-06,379.54998779296875,2026-10-08,C,386.0,0.57,0.64,0.65,32.0,37,0.1977619287109375,False,2026-10-05 20:14:04+00:00,GLD261008C00386000
GLD,2026-10-06,379.54998779296875,2026-10-08,C,387.0,0.45,0.52,0.51,21.0,80,0.20215641601562498,False,2026-10-05 19:57:03+00:00,GLD261008C00387000
GLD,2026-10-06,379.54998779296875,2026-10-08,C,388.0,0.35,0.42,0.38,9.0,130,0.20606262695312497,False,2026-10-05 19:52:24+00:00,GLD261008C00388000
GLD,2026-10-06,379.54998779296875,2026-10-08,C,389.0,0.28,0.33,0.3,9.0,68,0.20850400878906244,False,2026-10-05 19:57:14+00:00,GLD261008C00389000
GLD,2026-10-06,379.54998779296875,2026-10-08,C,390.0,0.22,0.26,0.21,240.0,153,0.21143366699218746,False,2026-10-05 20:11:59+00:00,GLD261008C00390000
GLD,2026-10-06,379.54998779296875,2026-10-08,C,391.0,0.16,0.2,0.2,17.0,68,0.2133867724609375,False,2026-10-05 20:11:59+00:00,GLD261008C00391000
GLD,2026-10-06,379.54998779296875,2026-10-08,C,392.0,0.13,0.19,0.18,9.0,87,0.22461712890624996,False,2026-10-05 16:24:12+00:00,GLD261008C00392000
GLD,2026-10-06,379.54998779296875,2026-10-08,C,393.0,0.1,0.17,0.24,2.0,75,0.233406103515625,False,2026-10-05 14:24:05+00:00,GLD261008C00393000
GLD,2026-10-06,379.54998779296875,2026-10-08,C,394.0,0.09,0.14,0.13,1.0,117,0.23731231445312498,False,2026-10-05 20:14:12+00:00,GLD261008C00394000
GLD,2026-10-06,379.54998779296875,2026-10-08,C,395.0,0.07,0.1,0.07,8.0,1852,0.23584748535156247,False,2026-10-05 20:14:12+00:00,GLD261008C00395000
GLD,2026-10-06,379.54998779296875,2026-10-08,C,396.0,0.06,0.09,0.08,3.0,27,0.24414818359375,False,2026-10-05 19:50:40+00:00,GLD261008C00396000
GLD,2026-10-06,379.54998779296875,2026-10-08,C,397.0,0.05,0.13,0.1,3.0,7,0.27246821289062495,False,2026-10-05 14:48:32+00:00,GLD261008C00397000
GLD,2026-10-06,379.54998779296875,2026-10-08,C,398.0,0.04,0.11,0.17,2.0,22,0.27637442382812494,False,2026-10-02 18:46:48+00:00,GLD261008C00398000
GLD,2026-10-06,379.54998779296875,2026-10-08,C,399.0,0.04,0.06,0.07,2.0,11,0.26270268554687504,False,2026-10-05 19:42:07+00:00,GLD261008C00399000
GLD,2026-10-06,379.54998779296875,2026-10-08,C,400.0,0.03,0.06,0.06,225.0,228,0.273444765625,False,2026-10-05 19:52:13+00:00,GLD261008C00400000
GLD,2026-10-06,379.54998779296875,2026-10-08,C,401.0,0.02,0.1,0.08,6.0,13,0.30762411132812495,False,2026-10-05 20:10:33+00:00,GLD261008C00401000
GLD,2026-10-06,379.54998779296875,2026-10-08,C,402.0,0.02,0.05,0.03,8.0,5,0.2880930566406249,False,2026-10-05 20:10:33+00:00,GLD261008C00402000
GLD,2026-10-06,379.54998779296875,2026-10-08,C,403.0,0.02,0.09,0.07,19.0,22,0.32520206054687495,False,2026-10-02 18:13:37+00:00,GLD261008C00403000
GLD,2026-10-06,379.54998779296875,2026-10-08,C,404.0,0.02,0.05,0.03,4.0,6,0.309577216796875,False,2026-10-05 18:30:36+00:00,GLD261008C00404000
GLD,2026-10-06,379.54998779296875,2026-10-08,C,405.0,0.02,0.07,0.05,30.0,28,0.335944140625,False,2026-10-05 17:29:21+00:00,GLD261008C00405000
GLD,2026-10-06,379.54998779296875,2026-10-08,C,406.0,0.01,0.04,0.14,1.0,27,0.32031929687499994,False,2026-10-05 13:36:29+00:00,GLD261008C00406000
GLD,2026-10-06,379.54998779296875,2026-10-08,C,407.0,0.01,0.05,0.04,2.0,5,0.340826904296875,False,2026-10-05 17:21:27+00:00,GLD261008C00407000
GLD,2026-10-06,379.54998779296875,2026-10-08,C,408.0,0.01,0.06,0.11,1.0,6,0.35938140625,False,2026-10-02 14:20:54+00:00,GLD261008C00408000
GLD,2026-10-06,379.54998779296875,2026-10-08,C,409.0,0.01,0.09,0.13,1.0,3,0.39258419921875,False,2026-10-05 13:36:54+00:00,GLD261008C00409000
GLD,2026-10-06,379.54998779296875,2026-10-08,C,410.0,0.01,0.07,0.05,3.0,36,0.38867798828125,False,2026-10-05 15:06:03+00:00,GLD261008C00410000
GLD,2026-10-06,379.54998779296875,2026-10-08,C,411.0,0.01,0.07,0.07,1.0,3,0.39942006835937505,False,2026-10-05 17:21:36+00:00,GLD261008C00411000
GLD,2026-10-06,379.54998779296875,2026-10-08,C,412.0,0.01,0.09,0.09,1.0,3,0.42383388671875,False,2026-10-02 13:38:31+00:00,GLD261008C00412000
GLD,2026-10-06,379.54998779296875,2026-10-08,C,413.0,0.01,0.03,0.03,4.0,11,0.3789124609375,False,2026-10-05 17:30:38+00:00,GLD261008C00413000
GLD,2026-10-06,379.54998779296875,2026-10-08,C,414.0,0.01,0.03,0.01,7.0,2,0.38672488281249995,False,2026-10-05 19:27:17+00:00,GLD261008C00414000
GLD,2026-10-06,379.54998779296875,2026-10-08,C,415.0,0.01,0.03,0.01,6.0,3,0.39649041015625003,False,2026-10-05 19:27:17+00:00,GLD261008C00415000
GLD,2026-10-06,379.54998779296875,2026-10-08,C,416.0,0.01,0.08,0.05,6.0,13,0.45898978515625005,False,2026-10-05 19:27:28+00:00,GLD261008C00416000
GLD,2026-10-06,379.54998779296875,2026-10-08,C,417.0,0.01,0.08,0.05,6.0,2,0.4687553125,False,2026-10-05 19:27:28+00:00,GLD261008C00417000
GLD,2026-10-06,379.54998779296875,2026-10-08,C,418.0,0.01,0.04,0.03,4.0,1,0.43945873046875,False,2026-10-05 14:04:53+00:00,GLD261008C00418000
GLD,2026-10-06,379.54998779296875,2026-10-08,C,419.0,0.01,0.05,0.1,1.0,2,0.46094289062500005,False,2026-10-05 13:38:34+00:00,GLD261008C00419000
GLD,2026-10-06,379.54998779296875,2026-10-08,C,420.0,0.0,0.03,0.1,1.0,3,0.4414118359375,False,2026-09-29 13:50:01+00:00,GLD261008C00420000
GLD,2026-10-06,379.54998779296875,2026-10-08,C,421.0,0.0,0.03,0.01,7.0,1,0.45313046875,False,2026-10-05 13:39:02+00:00,GLD261008C00421000
GLD,2026-10-06,379.54998779296875,2026-10-08,C,422.0,0.0,0.03,0.02,5.0,1,0.46094289062500005,False,2026-10-05 14:08:39+00:00,GLD261008C00422000
GLD,2026-10-06,379.54998779296875,2026-10-08,C,423.0,0.0,0.08,0.1,1.0,1,0.5293015820312501,False,2026-10-05 13:39:23+00:00,GLD261008C00423000
GLD,2026-10-06,379.54998779296875,2026-10-08,C,424.0,0.0,0.05,0.1,6.0,3,0.507817421875,False,2026-10-05 14:05:29+00:00,GLD261008C00424000
GLD,2026-10-06,379.54998779296875,2026-10-08,C,425.0,0.0,0.06,0.03,4.0,1,0.5293015820312501,False,2026-10-05 14:03:23+00:00,GLD261008C00425000
GLD,2026-10-06,379.54998779296875,2026-10-08,C,426.0,0.0,0.06,0.09,3.0,0,0.5390671093750001,False,2026-10-05 13:40:33+00:00,GLD261008C00426000
GLD,2026-10-06,379.54998779296875,2026-10-08,C,427.0,0.0,0.03,0.03,4.0,7,0.507817421875,False,2026-10-05 14:03:49+00:00,GLD261008C00427000
GLD,2026-10-06,379.54998779296875,2026-10-08,C,429.0,0.0,0.06,0.03,2.0,1,0.523442265625,False,2026-10-05 13:43:59+00:00,GLD261008C00429000
GLD,2026-10-06,379.54998779296875,2026-10-08,C,430.0,0.0,0.05,0.02,2.0,71,0.523442265625,False,2026-10-05 13:52:43+00:00,GLD261008C00430000
GLD,2026-10-06,379.54998779296875,2026-10-08,C,431.0,0.0,0.1,0.03,4.0,1,0.5742230078125,False,2026-10-02 13:50:58+00:00,GLD261008C00431000
GLD,2026-10-06,379.54998779296875,2026-10-08,C,432.0,0.0,0.03,0.02,2.0,3,0.51562984375,False,2026-10-05 15:41:31+00:00,GLD261008C00432000
GLD,2026-10-06,379.54998779296875,2026-10-08,C,433.0,0.0,0.1,0.04,3.0,3,0.5918009570312501,False,2026-10-02 18:36:06+00:00,GLD261008C00433000
GLD,2026-10-06,379.54998779296875,2026-10-08,C,434.0,0.0,0.04,0.03,6.0,3,0.5429733203125001,False,2026-10-02 13:48:02+00:00,GLD261008C00434000
GLD,2026-10-06,379.54998779296875,2026-10-08,C,435.0,0.0,0.05,0.02,2.0,6,0.5664105859375,False,2026-10-05 15:41:20+00:00,GLD261008C00435000
GLD,2026-10-06,379.54998779296875,2026-10-08,C,440.0,0.0,0.07,0.03,2.0,2,0.6289099609375001,False,2026-10-02 13:45:16+00:00,GLD261008C00440000
GLD,2026-10-06,379.54998779296875,2026-10-08,C,445.0,0.0,0.14,0.02,4.0,2,0.726565234375,False,2026-10-02 13:45:58+00:00,GLD261008C00445000
GLD,2026-10-06,379.54998779296875,2026-10-08,C,450.0,0.0,0.17,0.06,,2,0.789064609375,False,2026-10-01 14:01:00+00:00,GLD261008C00450000
GLD,2026-10-06,379.54998779296875,2026-10-08,C,455.0,0.0,0.13,0.01,,7,0.80664255859375,False,2026-10-01 16:45:02+00:00,GLD261008C00455000
GLD,2026-10-06,379.54998779296875,2026-10-08,C,460.0,0.0,0.06,0.01,,5,0.7812521875,False,2026-10-01 16:35:33+00:00,GLD261008C00460000
GLD,2026-10-06,379.54998779296875,2026-10-08,C,465.0,0.0,0.16,0.01,,4,0.91211025390625,False,2026-10-01 19:21:44+00:00,GLD261008C00465000
GLD,2026-10-06,379.54998779296875,2026-10-08,P,275.0,0.0,0.01,0.02,,10,1.09375453125,False,2026-09-29 13:44:14+00:00,GLD261008P00275000
GLD,2026-10-06,379.54998779296875,2026-10-08,P,280.0,0.0,0.12,0.08,,1,1.3007847460937496,False,2026-09-28 19:33:56+00:00,GLD261008P00280000
GLD,2026-10-06,379.54998779296875,2026-10-08,P,285.0,0.0,0.12,0.02,6.0,4,1.23047259765625,False,2026-10-05 14:22:21+00:00,GLD261008P00285000
GLD,2026-10-06,379.54998779296875,2026-10-08,P,295.0,0.0,0.12,0.04,,2,1.0976607617187502,False,2026-09-30 16:43:26+00:00,GLD261008P00295000
GLD,2026-10-06,379.54998779296875,2026-10-08,P,300.0,0.0,0.13,0.07,1.0,2,1.0390673046875003,False,2026-10-05 19:53:52+00:00,GLD261008P00300000
GLD,2026-10-06,379.54998779296875,2026-10-08,P,305.0,0.0,0.01,0.02,8.0,34,0.7500025,False,2026-10-05 14:31:33+00:00,GLD261008P00305000
GLD,2026-10-06,379.54998779296875,2026-10-08,P,310.0,0.0,0.04,0.02,10.0,9,0.804689453125,False,2026-10-05 17:04:52+00:00,GLD261008P00310000
GLD,2026-10-06,379.54998779296875,2026-10-08,P,315.0,0.0,0.08,0.01,6.0,2,0.8007832421875,False,2026-10-05 19:51:39+00:00,GLD261008P00315000
GLD,2026-10-06,379.54998779296875,2026-10-08,P,320.0,0.0,0.01,0.01,22.0,24,0.6093789062500001,False,2026-10-02 20:05:00+00:00,GLD261008P00320000
GLD,2026-10-06,379.54998779296875,2026-10-08,P,325.0,0.0,0.04,0.02,17.0,15,0.6289099609375001,False,2026-10-05 14:14:20+00:00,GLD261008P00325000
GLD,2026-10-06,379.54998779296875,2026-10-08,P,330.0,0.0,0.01,0.01,15.0,0,0.500005,False,2026-10-05 15:37:38+00:00,GLD261008P00330000
GLD,2026-10-06,379.54998779296875,2026-10-08,P,340.0,0.0,0.01,0.01,21.0,1,0.42969320312500003,False,2026-10-05 19:28:00+00:00,GLD261008P00340000
GLD,2026-10-06,379.54998779296875,2026-10-08,P,345.0,0.01,0.04,0.01,42.0,5,0.43945873046875,False,2026-10-05 20:08:39+00:00,GLD261008P00345000
GLD,2026-10-06,379.54998779296875,2026-10-08,P,350.0,0.02,0.1,0.08,1.0,20,0.43164630859375,False,2026-10-02 15:23:31+00:00,GLD261008P00350000
GLD,2026-10-06,379.54998779296875,2026-10-08,P,355.0,0.01,0.11,0.1,6.0,16,0.372076591796875,False,2026-10-05 13:40:29+00:00,GLD261008P00355000
GLD,2026-10-06,379.54998779296875,2026-10-08,P,360.0,0.04,0.12,0.12,5.0,109,0.309577216796875,False,2026-10-05 16:07:15+00:00,GLD261008P00360000
GLD,2026-10-06,379.54998779296875,2026-10-08,P,365.0,0.09,0.12,0.1,1173.0,81,0.241218525390625,False,2026-10-05 20:08:27+00:00,GLD261008P00365000
GLD,2026-10-06,379.54998779296875,2026-10-08,P,370.0,0.29,0.31,0.3,74.0,87,0.21192194335937498,False,2026-10-05 20:13:45+00:00,GLD261008P00370000
GLD,2026-10-06,379.54998779296875,2026-10-08,P,375.0,0.96,1.02,0.98,101.0,1189,0.19849434326171872,False,2026-10-05 20:08:27+00:00,GLD261008P00375000
GLD,2026-10-06,379.54998779296875,2026-10-08,P,376.0,1.21,1.31,1.2,35.0,105,0.19947089599609374,False,2026-10-05 19:46:59+00:00,GLD261008P00376000
GLD,2026-10-06,379.54998779296875,2026-10-08,P,377.0,1.5,1.63,1.46,42.0,159,0.1986164123535156,False,2026-10-05 19:37:24+00:00,GLD261008P00377000
GLD,2026-10-06,379.54998779296875,2026-10-08,P,378.0,1.87,2.01,1.84,48.0,226,0.198250205078125,False,2026-10-05 19:05:32+00:00,GLD261008P00378000
GLD,2026-10-06,379.54998779296875,2026-10-08,P,379.0,2.29,2.42,2.42,14.0,153,0.1958088232421875,False,2026-10-05 18:39:48+00:00,GLD261008P00379000
GLD,2026-10-06,379.54998779296875,2026-10-08,P,380.0,2.77,2.94,2.95,26.0,104,0.19727365234375,True,2026-10-05 18:30:46+00:00,GLD261008P00380000
GLD,2026-10-06,379.54998779296875,2026-10-08,P,381.0,3.3,3.5,3.28,4.0,129,0.19727365234375,True,2026-10-05 19:05:32+00:00,GLD261008P00381000
GLD,2026-10-06,379.54998779296875,2026-10-08,P,382.0,3.9,4.2,4.25,4.0,73,0.20386538330078124,True,2026-10-02 19:10:39+00:00,GLD261008P00382000
GLD,2026-10-06,379.54998779296875,2026-10-08,P,383.0,4.55,5.0,5.7,1.0,48,0.21472953247070312,True,2026-10-05 17:11:02+00:00,GLD261008P00383000
GLD,2026-10-06,379.54998779296875,2026-10-08,P,384.0,5.3,5.75,6.24,1.0,18,0.21851367431640623,True,2026-10-05 16:54:50+00:00,GLD261008P00384000
GLD,2026-10-06,379.54998779296875,2026-10-08,P,385.0,6.1,6.5,6.4,5.0,38,0.21887988159179686,True,2026-10-05 15:13:48+00:00,GLD261008P00385000
GLD,2026-10-06,379.54998779296875,2026-10-08,P,386.0,6.9,7.35,7.08,2.0,7,0.22534954345703123,True,2026-10-05 14:14:45+00:00,GLD261008P00386000
GLD,2026-10-06,379.54998779296875,2026-10-08,P,387.0,7.8,8.2,8.63,1.0,2,0.22925575439453127,True,2026-10-05 15:26:09+00:00,GLD261008P00387000
GLD,2026-10-06,379.54998779296875,2026-10-08,P,388.0,8.65,9.25,9.5,2.0,5,0.2541578491210938,True,2026-10-05 15:26:09+00:00,GLD261008P00388000
GLD,2026-10-06,379.54998779296875,2026-10-08,P,389.0,9.55,10.25,9.4,4.0,4,0.2727123510742187,True,2026-10-02 19:40:34+00:00,GLD261008P00389000
GLD,2026-10-06,379.54998779296875,2026-10-08,P,390.0,10.5,11.2,10.3,3.0,1214,0.2849192602539062,True,2026-10-02 19:31:26+00:00,GLD261008P00390000
GLD,2026-10-06,379.54998779296875,2026-10-08,P,391.0,11.45,12.2,12.06,88.0,112,0.30274134765625,True,2026-10-02 17:36:30+00:00,GLD261008P00391000
GLD,2026-10-06,379.54998779296875,2026-10-08,P,392.0,12.45,13.15,12.31,1.0,1207,0.313483427734375,True,2026-09-30 18:26:48+00:00,GLD261008P00392000
GLD,2026-10-06,379.54998779296875,2026-10-08,P,393.0,13.4,14.1,14.08,29.0,2,0.3232489550781249,True,2026-10-05 15:27:54+00:00,GLD261008P00393000
GLD,2026-10-06,379.54998779296875,2026-10-08,P,394.0,14.4,15.15,14.49,11.0,2,0.34717449707031245,True,2026-10-05 19:26:56+00:00,GLD261008P00394000
GLD,2026-10-06,379.54998779296875,2026-10-08,P,395.0,15.35,16.1,16.58,2.0,5,0.35596347167968745,True,2026-10-05 16:43:17+00:00,GLD261008P00395000
GLD,2026-10-06,379.54998779296875,2026-10-08,P,396.0,16.35,17.1,17.67,3.0,3,0.372076591796875,True,2026-10-05 16:25:43+00:00,GLD261008P00396000
GLD,2026-10-06,379.54998779296875,2026-10-08,P,399.0,19.05,21.1,18.37,1.0,0,0.5546919531250001,True,2026-10-01 14:06:22+00:00,GLD261008P00399000
GLD,2026-10-06,379.54998779296875,2026-10-08,P,400.0,19.7,21.6,17.25,2.0,3,0.5097705273437501,True,2026-10-01 18:48:41+00:00,GLD261008P00400000
GLD,2026-10-06,379.54998779296875,2026-10-08,P,401.0,20.65,23.1,17.65,,0,0.5903361279296876,True,2026-09-30 13:40:30+00:00,GLD261008P00401000
GLD,2026-10-06,379.54998779296875,2026-10-08,P,402.0,22.05,23.25,22.83,1.0,0,0.4899953344726563,True,2026-10-05 15:43:01+00:00,GLD261008P00402000
GLD,2026-10-06,379.54998779296875,2026-10-08,P,404.0,23.25,25.55,24.97,1.0,0,0.5676312768554688,True,2026-10-05 15:41:54+00:00,GLD261008P00404000
GLD,2026-10-06,379.54998779296875,2026-10-08,P,406.0,25.3,28.3,25.72,,0,0.7009307250976562,True,2026-09-30 17:46:58+00:00,GLD261008P00406000
GLD,2026-10-06,379.54998779296875,2026-10-08,P,410.0,29.95,30.95,30.75,1.0,0,0.5463912548828126,True,2026-10-05 15:41:52+00:00,GLD261008P00410000
GLD,2026-10-06,379.54998779296875,2026-10-09,C,205.0,173.55,175.2,174.11,1.0,2,2.8935574536132815,True,2026-10-05 16:22:41+00:00,GLD261009C00205000
GLD,2026-10-06,379.54998779296875,2026-10-09,C,225.0,153.55,155.15,166.86,,1,2.469730388183594,True,2026-09-24 19:45:57+00:00,GLD261009C00225000
GLD,2026-10-06,379.54998779296875,2026-10-09,C,250.0,128.6,130.3,143.7,1.0,0,2.1015672460937496,True,2026-09-23 18:21:02+00:00,GLD261009C00250000
GLD,2026-10-06,379.54998779296875,2026-10-09,C,280.0,98.6,100.35,112.03,,1,1.6201190869140625,True,2026-09-24 19:45:57+00:00,GLD261009C00280000
GLD,2026-10-06,379.54998779296875,2026-10-09,C,290.0,88.6,90.35,89.3,1.0,1,1.4609401953124999,True,2026-10-02 16:59:06+00:00,GLD261009C00290000
GLD,2026-10-06,379.54998779296875,2026-10-09,C,330.0,49.35,50.25,76.26,,1,0.6865265722656251,True,2026-09-09 17:43:25+00:00,GLD261009C00330000
GLD,2026-10-06,379.54998779296875,2026-10-09,C,335.0,44.35,45.3,71.35,8.0,2,0.6337927246093751,True,2026-09-09 17:43:25+00:00,GLD261009C00335000
GLD,2026-10-06,379.54998779296875,2026-10-09,C,340.0,39.4,40.3,40.33,17.0,24,0.579105771484375,True,2026-10-02 19:45:30+00:00,GLD261009C00340000
GLD,2026-10-06,379.54998779296875,2026-10-09,C,345.0,34.4,35.3,34.33,1.0,13,0.514653291015625,True,2026-10-05 15:38:22+00:00,GLD261009C00345000
GLD,2026-10-06,379.54998779296875,2026-10-09,C,350.0,28.95,30.3,29.1,11.0,14,0.5488326367187502,True,2026-10-05 18:43:55+00:00,GLD261009C00350000
GLD,2026-10-06,379.54998779296875,2026-10-09,C,355.0,24.4,25.3,24.85,3.0,1,0.47412635253906255,True,2026-10-02 15:44:32+00:00,GLD261009C00355000
GLD,2026-10-06,379.54998779296875,2026-10-09,C,360.0,19.0,20.2,19.88,21.0,13,0.3833069482421875,True,2026-10-05 19:57:46+00:00,GLD261009C00360000
GLD,2026-10-06,379.54998779296875,2026-10-09,C,362.0,17.4,18.0,17.67,62.0,7,0.32129584960937496,True,2026-10-05 20:08:58+00:00,GLD261009C00362000
GLD,2026-10-06,379.54998779296875,2026-10-09,C,363.0,16.5,17.0,16.77,125.0,25,0.30713583496093744,True,2026-10-05 20:08:58+00:00,GLD261009C00363000
GLD,2026-10-06,379.54998779296875,2026-10-09,C,364.0,15.55,16.05,16.07,176.0,23,0.30054410400390624,True,2026-10-05 19:48:55+00:00,GLD261009C00364000
GLD,2026-10-06,379.54998779296875,2026-10-09,C,365.0,14.55,15.05,15.1,178.0,56,0.28565167480468745,True,2026-10-05 19:35:37+00:00,GLD261009C00365000
GLD,2026-10-06,379.54998779296875,2026-10-09,C,366.0,13.6,14.1,14.15,122.0,12,0.27808339111328123,True,2026-10-05 19:45:28+00:00,GLD261009C00366000
GLD,2026-10-06,379.54998779296875,2026-10-09,C,367.0,12.65,13.15,13.22,199.0,40,0.26929441650390623,True,2026-10-05 19:45:28+00:00,GLD261009C00367000
GLD,2026-10-06,379.54998779296875,2026-10-09,C,368.0,11.75,12.2,12.09,306.0,18,0.2600171655273438,True,2026-10-05 19:56:08+00:00,GLD261009C00368000
GLD,2026-10-06,379.54998779296875,2026-10-09,C,369.0,10.85,11.25,11.04,274.0,60,0.24951922363281248,True,2026-10-05 20:11:57+00:00,GLD261009C00369000
GLD,2026-10-06,379.54998779296875,2026-10-09,C,370.0,9.9,10.35,10.12,218.0,201,0.24390404541015626,True,2026-10-05 20:11:57+00:00,GLD261009C00370000
GLD,2026-10-06,379.54998779296875,2026-10-09,C,371.0,9.0,9.45,9.22,144.0,24,0.23657989990234374,True,2026-10-05 20:11:11+00:00,GLD261009C00371000
GLD,2026-10-06,379.54998779296875,2026-10-09,C,372.0,8.15,8.6,8.47,115.0,20,0.23242955078125,True,2026-10-05 19:56:15+00:00,GLD261009C00372000
GLD,2026-10-06,379.54998779296875,2026-10-09,C,373.0,7.3,7.8,7.55,67.0,13,0.2304764453125,True,2026-10-05 20:03:26+00:00,GLD261009C00373000
GLD,2026-10-06,379.54998779296875,2026-10-09,C,374.0,6.6,6.95,6.75,58.0,501,0.22217574707031246,True,2026-10-05 20:12:27+00:00,GLD261009C00374000
GLD,2026-10-06,379.54998779296875,2026-10-09,C,375.0,5.9,6.2,6.05,100.0,86,0.21949022705078125,True,2026-10-05 20:12:27+00:00,GLD261009C00375000
GLD,2026-10-06,379.54998779296875,2026-10-09,C,376.0,5.1,5.45,5.27,94.0,29,0.21436332519531248,True,2026-10-05 20:11:01+00:00,GLD261009C00376000
GLD,2026-10-06,379.54998779296875,2026-10-09,C,377.0,4.45,4.75,4.6,100.0,82,0.21021297607421874,True,2026-10-05 20:09:47+00:00,GLD261009C00377000
GLD,2026-10-06,379.54998779296875,2026-10-09,C,378.0,3.85,4.1,3.97,102.0,184,0.20655090332031245,True,2026-10-05 20:09:47+00:00,GLD261009C00378000
GLD,2026-10-06,379.54998779296875,2026-10-09,C,379.0,3.3,3.5,3.42,323.0,81,0.20313296874999998,True,2026-10-05 20:02:36+00:00,GLD261009C00379000
GLD,2026-10-06,379.54998779296875,2026-10-09,C,380.0,2.85,3.0,2.95,1185.0,628,0.2030108996582031,False,2026-10-05 20:12:29+00:00,GLD261009C00380000
GLD,2026-10-06,379.54998779296875,2026-10-09,C,381.0,2.41,2.52,2.55,199.0,309,0.2010577941894531,False,2026-10-05 19:58:04+00:00,GLD261009C00381000
GLD,2026-10-06,379.54998779296875,2026-10-09,C,382.0,1.96,2.11,2.11,368.0,580,0.20032537963867186,False,2026-10-05 19:58:00+00:00,GLD261009C00382000
GLD,2026-10-06,379.54998779296875,2026-10-09,C,383.0,1.62,1.75,1.71,789.0,469,0.19983710327148438,False,2026-10-05 20:02:22+00:00,GLD261009C00383000
GLD,2026-10-06,379.54998779296875,2026-10-09,C,384.0,1.32,1.44,1.44,269.0,329,0.19959296508789062,False,2026-10-05 19:52:32+00:00,GLD261009C00384000
GLD,2026-10-06,379.54998779296875,2026-10-09,C,385.0,1.11,1.18,1.12,805.0,1493,0.19995917236328126,False,2026-10-05 20:12:37+00:00,GLD261009C00385000
GLD,2026-10-06,379.54998779296875,2026-10-09,C,386.0,0.88,0.97,0.93,252.0,478,0.20130193237304686,False,2026-10-05 19:59:04+00:00,GLD261009C00386000
GLD,2026-10-06,379.54998779296875,2026-10-09,C,387.0,0.71,0.78,0.74,175.0,424,0.20142400146484374,False,2026-10-05 20:06:04+00:00,GLD261009C00387000
GLD,2026-10-06,379.54998779296875,2026-10-09,C,388.0,0.55,0.63,0.59,435.0,470,0.20264469238281246,False,2026-10-05 20:06:08+00:00,GLD261009C00388000
GLD,2026-10-06,379.54998779296875,2026-10-09,C,389.0,0.45,0.53,0.48,851.0,591,0.20655090332031245,False,2026-10-05 20:02:05+00:00,GLD261009C00389000
GLD,2026-10-06,379.54998779296875,2026-10-09,C,390.0,0.39,0.42,0.37,2644.0,1817,0.20703917968749996,False,2026-10-05 20:03:04+00:00,GLD261009C00390000
GLD,2026-10-06,379.54998779296875,2026-10-09,C,391.0,0.3,0.34,0.31,700.0,332,0.2092364233398437,False,2026-10-05 19:58:47+00:00,GLD261009C00391000
GLD,2026-10-06,379.54998779296875,2026-10-09,C,392.0,0.24,0.28,0.27,208.0,434,0.2124102197265625,False,2026-10-05 19:58:48+00:00,GLD261009C00392000
GLD,2026-10-06,379.54998779296875,2026-10-09,C,393.0,0.2,0.24,0.21,795.0,1101,0.2172929833984375,False,2026-10-05 19:58:47+00:00,GLD261009C00393000
GLD,2026-10-06,379.54998779296875,2026-10-09,C,394.0,0.16,0.19,0.18,617.0,295,0.21875781249999998,False,2026-10-05 19:58:47+00:00,GLD261009C00394000
GLD,2026-10-06,379.54998779296875,2026-10-09,C,395.0,0.13,0.17,0.14,687.0,3086,0.22510540527343748,False,2026-10-05 19:58:47+00:00,GLD261009C00395000
GLD,2026-10-06,379.54998779296875,2026-10-09,C,396.0,0.11,0.14,0.11,1248.0,2457,0.2280350634765625,False,2026-10-05 19:58:47+00:00,GLD261009C00396000
GLD,2026-10-06,379.54998779296875,2026-10-09,C,397.0,0.09,0.13,0.09,68.0,488,0.23584748535156247,False,2026-10-05 19:58:47+00:00,GLD261009C00397000
GLD,2026-10-06,379.54998779296875,2026-10-09,C,398.0,0.07,0.11,0.08,70.0,307,0.23926541992187497,False,2026-10-05 19:58:47+00:00,GLD261009C00398000
GLD,2026-10-06,379.54998779296875,2026-10-09,C,399.0,0.06,0.09,0.07,129.0,3001,0.242195078125,False,2026-10-05 19:58:47+00:00,GLD261009C00399000
GLD,2026-10-06,379.54998779296875,2026-10-09,C,400.0,0.06,0.08,0.06,651.0,4477,0.247077841796875,False,2026-10-05 20:06:08+00:00,GLD261009C00400000
GLD,2026-10-06,379.54998779296875,2026-10-09,C,401.0,0.05,0.07,0.05,53.0,210,0.25196060546875,False,2026-10-05 19:58:47+00:00,GLD261009C00401000
GLD,2026-10-06,379.54998779296875,2026-10-09,C,402.0,0.04,0.07,0.04,44.0,124,0.2617261328125,False,2026-10-05 19:58:47+00:00,GLD261009C00402000
GLD,2026-10-06,379.54998779296875,2026-10-09,C,403.0,0.03,0.06,0.04,80.0,982,0.26563234375,False,2026-10-05 19:58:47+00:00,GLD261009C00403000
GLD,2026-10-06,379.54998779296875,2026-10-09,C,404.0,0.03,0.06,0.03,55.0,1108,0.27539787109374997,False,2026-10-05 19:58:47+00:00,GLD261009C00404000
GLD,2026-10-06,379.54998779296875,2026-10-09,C,405.0,0.03,0.05,0.03,219.0,1591,0.27735097656249996,False,2026-10-05 19:58:47+00:00,GLD261009C00405000
GLD,2026-10-06,379.54998779296875,2026-10-09,C,406.0,0.02,0.06,0.02,52.0,112,0.2929758203124999,False,2026-10-05 19:58:47+00:00,GLD261009C00406000
GLD,2026-10-06,379.54998779296875,2026-10-09,C,407.0,0.02,0.05,0.02,44.0,183,0.29492892578124996,False,2026-10-05 19:58:47+00:00,GLD261009C00407000
GLD,2026-10-06,379.54998779296875,2026-10-09,C,408.0,0.02,0.05,0.02,48.0,266,0.304694453125,False,2026-10-05 19:58:47+00:00,GLD261009C00408000
GLD,2026-10-06,379.54998779296875,2026-10-09,C,409.0,0.01,0.05,0.02,43.0,575,0.31250687499999996,False,2026-10-05 19:58:38+00:00,GLD261009C00409000
GLD,2026-10-06,379.54998779296875,2026-10-09,C,410.0,0.02,0.04,0.02,42.0,2292,0.31250687499999996,False,2026-10-05 20:09:34+00:00,GLD261009C00410000
GLD,2026-10-06,379.54998779296875,2026-10-09,C,411.0,0.01,0.03,0.01,53.0,1575,0.31055376953124997,False,2026-10-05 19:58:32+00:00,GLD261009C00411000
GLD,2026-10-06,379.54998779296875,2026-10-09,C,412.0,0.01,0.03,0.01,3.0,244,0.31836619140624994,False,2026-10-05 19:58:35+00:00,GLD261009C00412000
GLD,2026-10-06,379.54998779296875,2026-10-09,C,413.0,0.01,0.03,0.01,3.0,231,0.32813171874999997,False,2026-10-05 19:58:36+00:00,GLD261009C00413000
GLD,2026-10-06,379.54998779296875,2026-10-09,C,414.0,0.01,0.04,0.01,22.0,198,0.34766277343749996,False,2026-10-05 19:58:33+00:00,GLD261009C00414000
GLD,2026-10-06,379.54998779296875,2026-10-09,C,415.0,0.01,0.03,0.01,20.0,839,0.3437565625,False,2026-10-05 19:58:33+00:00,GLD261009C00415000
GLD,2026-10-06,379.54998779296875,2026-10-09,C,416.0,0.01,0.03,0.01,3.0,540,0.35156898437499995,False,2026-10-05 16:41:19+00:00,GLD261009C00416000
GLD,2026-10-06,379.54998779296875,2026-10-09,C,417.0,0.01,0.03,0.01,4.0,899,0.35938140625,False,2026-10-05 19:58:06+00:00,GLD261009C00417000
GLD,2026-10-06,379.54998779296875,2026-10-09,C,418.0,0.01,0.03,0.01,2.0,130,0.367193828125,False,2026-10-05 15:12:02+00:00,GLD261009C00418000
GLD,2026-10-06,379.54998779296875,2026-10-09,C,419.0,0.01,0.03,0.01,1.0,174,0.37500625,False,2026-10-05 19:58:52+00:00,GLD261009C00419000
GLD,2026-10-06,379.54998779296875,2026-10-09,C,420.0,0.01,0.02,0.01,45.0,896,0.367193828125,False,2026-10-05 19:58:06+00:00,GLD261009C00420000
GLD,2026-10-06,379.54998779296875,2026-10-09,C,421.0,0.0,0.03,0.01,5.0,1568,0.39063109375,False,2026-10-05 19:58:06+00:00,GLD261009C00421000
GLD,2026-10-06,379.54998779296875,2026-10-09,C,422.0,0.0,0.03,0.01,1.0,115,0.398443515625,False,2026-10-05 19:58:06+00:00,GLD261009C00422000
GLD,2026-10-06,379.54998779296875,2026-10-09,C,423.0,0.0,0.03,0.01,13.0,172,0.4062559375,False,2026-10-05 18:18:24+00:00,GLD261009C00423000
GLD,2026-10-06,379.54998779296875,2026-10-09,C,424.0,0.0,0.03,0.01,2.0,487,0.414068359375,False,2026-10-05 16:11:48+00:00,GLD261009C00424000
GLD,2026-10-06,379.54998779296875,2026-10-09,C,425.0,0.01,0.03,0.03,4.0,1014,0.42188078125,False,2026-10-05 20:09:34+00:00,GLD261009C00425000
GLD,2026-10-06,379.54998779296875,2026-10-09,C,426.0,0.01,0.03,0.02,1.0,260,0.42969320312500003,False,2026-10-05 18:06:48+00:00,GLD261009C00426000
GLD,2026-10-06,379.54998779296875,2026-10-09,C,427.0,0.0,0.03,0.03,3.0,102,0.437505625,False,2026-10-05 14:29:51+00:00,GLD261009C00427000
GLD,2026-10-06,379.54998779296875,2026-10-09,C,428.0,0.0,0.03,0.04,6.0,189,0.445318046875,False,2026-10-02 13:35:30+00:00,GLD261009C00428000
GLD,2026-10-06,379.54998779296875,2026-10-09,C,429.0,0.0,0.03,0.02,2.0,136,0.45313046875,False,2026-10-05 19:11:33+00:00,GLD261009C00429000
GLD,2026-10-06,379.54998779296875,2026-10-09,C,430.0,0.01,0.03,0.01,6.0,569,0.46094289062500005,False,2026-10-05 17:43:07+00:00,GLD261009C00430000
GLD,2026-10-06,379.54998779296875,2026-10-09,C,431.0,0.0,0.03,0.01,4.0,41,0.4687553125,False,2026-09-30 13:50:16+00:00,GLD261009C00431000
GLD,2026-10-06,379.54998779296875,2026-10-09,C,432.0,0.0,0.03,0.02,10.0,28,0.476567734375,False,2026-10-05 16:09:13+00:00,GLD261009C00432000
GLD,2026-10-06,379.54998779296875,2026-10-09,C,433.0,0.0,0.03,0.02,29.0,209,0.48438015625,False,2026-10-02 19:02:26+00:00,GLD261009C00433000
GLD,2026-10-06,379.54998779296875,2026-10-09,C,434.0,0.01,0.03,0.01,1.0,411,0.49219257812500006,False,2026-09-28 17:06:28+00:00,GLD261009C00434000
GLD,2026-10-06,379.54998779296875,2026-10-09,C,435.0,0.0,0.03,0.01,47.0,124,0.500005,False,2026-10-05 15:57:05+00:00,GLD261009C00435000
GLD,2026-10-06,379.54998779296875,2026-10-09,C,440.0,0.0,0.03,0.01,25.0,342,0.500005,False,2026-10-05 17:43:07+00:00,GLD261009C00440000
GLD,2026-10-06,379.54998779296875,2026-10-09,C,445.0,0.0,0.03,0.01,79.0,257,0.5312546875,False,2026-10-02 17:46:23+00:00,GLD261009C00445000
GLD,2026-10-06,379.54998779296875,2026-10-09,C,450.0,0.0,0.03,0.05,3.0,529,0.570316796875,False,2026-10-05 16:53:02+00:00,GLD261009C00450000
GLD,2026-10-06,379.54998779296875,2026-10-09,C,455.0,0.0,0.03,0.01,21.0,434,0.6015664843750002,False,2026-10-02 16:21:46+00:00,GLD261009C00455000
GLD,2026-10-06,379.54998779296875,2026-10-09,C,460.0,0.0,0.02,0.04,3.0,152,0.6093789062500001,False,2026-10-05 16:53:02+00:00,GLD261009C00460000
GLD,2026-10-06,379.54998779296875,2026-10-09,C,465.0,0.0,0.02,0.02,1.0,94,0.64062859375,False,2026-09-30 13:50:37+00:00,GLD261009C00465000
GLD,2026-10-06,379.54998779296875,2026-10-09,C,470.0,0.0,0.02,0.01,11.0,89,0.6718782812500002,False,2026-10-02 14:46:55+00:00,GLD261009C00470000
GLD,2026-10-06,379.54998779296875,2026-10-09,C,475.0,0.0,0.02,0.04,2.0,112,0.70312796875,False,2026-09-28 17:00:28+00:00,GLD261009C00475000
GLD,2026-10-06,379.54998779296875,2026-10-09,C,480.0,0.0,0.02,0.01,30.0,419,0.73437765625,False,2026-10-02 15:23:53+00:00,GLD261009C00480000
GLD,2026-10-06,379.54998779296875,2026-10-09,C,485.0,0.0,0.02,0.09,1.0,21,0.7656273437500001,False,2026-09-22 14:21:48+00:00,GLD261009C00485000
GLD,2026-10-06,379.54998779296875,2026-10-09,C,490.0,0.0,0.02,0.02,5.0,119,0.789064609375,False,2026-09-29 16:48:12+00:00,GLD261009C00490000
GLD,2026-10-06,379.54998779296875,2026-10-09,C,495.0,0.0,0.02,0.05,2.0,47,0.8125018749999999,False,2026-09-23 13:47:08+00:00,GLD261009C00495000
GLD,2026-10-06,379.54998779296875,2026-10-09,C,500.0,0.0,0.02,0.01,60.0,191,0.8437515624999999,False,2026-10-01 19:12:23+00:00,GLD261009C00500000
GLD,2026-10-06,379.54998779296875,2026-10-09,C,505.0,0.0,0.02,0.01,163.0,171,0.87500125,False,2026-10-01 19:11:44+00:00,GLD261009C00505000
GLD,2026-10-06,379.54998779296875,2026-10-09,C,510.0,0.0,0.02,0.07,1.0,7,0.9062509375,False,2026-09-22 14:22:04+00:00,GLD261009C00510000
GLD,2026-10-06,379.54998779296875,2026-10-09,C,515.0,0.0,0.01,0.06,5.0,91,0.87500125,False,2026-09-22 19:23:25+00:00,GLD261009C00515000
GLD,2026-10-06,379.54998779296875,2026-10-09,C,520.0,0.0,0.02,0.02,79.0,752,0.9531254687499999,False,2026-09-30 19:45:03+00:00,GLD261009C00520000
GLD,2026-10-06,379.54998779296875,2026-10-09,C,525.0,0.0,0.02,0.04,3.0,7,0.98437515625,False,2026-09-24 17:27:03+00:00,GLD261009C00525000
GLD,2026-10-06,379.54998779296875,2026-10-09,C,530.0,0.0,0.02,0.05,2.0,3,1.000005,False,2026-09-28 18:51:30+00:00,GLD261009C00530000
GLD,2026-10-06,379.54998779296875,2026-10-09,C,535.0,0.0,0.02,0.03,1.0,7,1.0312548437500002,False,2026-09-24 16:16:19+00:00,GLD261009C00535000
GLD,2026-10-06,379.54998779296875,2026-10-09,C,540.0,0.0,0.02,0.02,3.0,6,1.0625046875000002,False,2026-09-28 19:50:27+00:00,GLD261009C00540000
GLD,2026-10-06,379.54998779296875,2026-10-09,C,545.0,0.0,0.02,0.02,250.0,880,1.0781296093750001,False,2026-09-28 15:16:09+00:00,GLD261009C00545000
GLD,2026-10-06,379.54998779296875,2026-10-09,C,550.0,0.0,0.02,0.03,45.0,142,1.109379453125,False,2026-09-25 15:52:23+00:00,GLD261009C00550000
GLD,2026-10-06,379.54998779296875,2026-10-09,C,555.0,0.0,0.02,0.03,6.0,10,1.125004375,False,2026-09-25 15:39:25+00:00,GLD261009C00555000
GLD,2026-10-06,379.54998779296875,2026-10-09,C,560.0,0.0,0.02,0.04,1.0,8,1.15625421875,False,2026-09-25 17:45:00+00:00,GLD261009C00560000
GLD,2026-10-06,379.54998779296875,2026-10-09,C,565.0,0.0,0.02,0.04,1.0,5,1.1875040625,False,2026-09-25 17:44:51+00:00,GLD261009C00565000
GLD,2026-10-06,379.54998779296875,2026-10-09,C,570.0,0.0,0.02,0.03,20.0,21,1.203128984375,False,2026-09-24 19:07:34+00:00,GLD261009C00570000
GLD,2026-10-06,379.54998779296875,2026-10-09,C,575.0,0.0,0.02,0.08,1.0,3,1.2343788281249999,False,2026-09-22 14:22:51+00:00,GLD261009C00575000
GLD,2026-10-06,379.54998779296875,2026-10-09,C,580.0,0.0,0.02,0.03,,1,1.2500037499999999,False,2026-09-22 18:42:37+00:00,GLD261009C00580000
GLD,2026-10-06,379.54998779296875,2026-10-09,C,585.0,0.0,0.02,0.04,,3,1.2812535937499998,False,2026-09-22 17:27:13+00:00,GLD261009C00585000
GLD,2026-10-06,379.54998779296875,2026-10-09,C,590.0,0.0,0.02,0.05,1.0,12,1.2968785156249998,False,2026-09-23 13:38:25+00:00,GLD261009C00590000
GLD,2026-10-06,379.54998779296875,2026-10-09,C,595.0,0.0,0.02,0.04,6.0,10,1.3125034374999998,False,2026-09-28 16:59:46+00:00,GLD261009C00595000
GLD,2026-10-06,379.54998779296875,2026-10-09,C,600.0,0.0,0.02,0.04,3.0,4,1.3437532812499997,False,2026-09-22 19:19:09+00:00,GLD261009C00600000
GLD,2026-10-06,379.54998779296875,2026-10-09,C,605.0,0.0,0.02,0.04,2.0,3,1.359378203125,False,2026-09-22 19:18:56+00:00,GLD261009C00605000
GLD,2026-10-06,379.54998779296875,2026-10-09,C,610.0,0.0,0.02,0.02,1.0,4,1.3906280468749999,False,2026-09-23 13:41:00+00:00,GLD261009C00610000
GLD,2026-10-06,379.54998779296875,2026-10-09,C,615.0,0.0,0.02,0.01,2.0,445,1.40625296875,False,2026-09-18 13:55:37+00:00,GLD261009C00615000
GLD,2026-10-06,379.54998779296875,2026-10-09,C,620.0,0.0,0.02,0.02,1.0,931,1.4375028125,False,2026-09-24 14:38:59+00:00,GLD261009C00620000
GLD,2026-10-06,379.54998779296875,2026-10-09,C,625.0,0.0,0.02,0.01,1.0,52,1.453127734375,False,2026-09-17 16:29:59+00:00,GLD261009C00625000
GLD,2026-10-06,379.54998779296875,2026-10-09,C,630.0,0.0,0.02,0.01,1.0,20,1.46875265625,False,2026-09-17 17:37:16+00:00,GLD261009C00630000
GLD,2026-10-06,379.54998779296875,2026-10-09,C,635.0,0.0,0.02,0.01,1.0,2,1.5000025,False,2026-09-17 17:37:11+00:00,GLD261009C00635000
GLD,2026-10-06,379.54998779296875,2026-10-09,C,640.0,0.0,0.02,0.01,1.0,5,1.5156274218749999,False,2026-09-17 18:25:32+00:00,GLD261009C00640000
GLD,2026-10-06,379.54998779296875,2026-10-09,C,645.0,0.0,0.02,0.01,1.0,3,1.5312523437499999,False,2026-09-17 17:36:38+00:00,GLD261009C00645000
GLD,2026-10-06,379.54998779296875,2026-10-09,C,650.0,0.0,0.02,0.03,2.0,53,1.5625021874999998,False,2026-09-18 13:54:51+00:00,GLD261009C00650000
GLD,2026-10-06,379.54998779296875,2026-10-09,P,205.0,0.0,0.02,0.02,2.0,2,1.8437507812499998,False,2026-09-14 16:40:47+00:00,GLD261009P00205000
GLD,2026-10-06,379.54998779296875,2026-10-09,P,210.0,0.0,0.02,0.02,,0,1.78125109375,False,2026-09-14 16:40:54+00:00,GLD261009P00210000
GLD,2026-10-06,379.54998779296875,2026-10-09,P,215.0,0.0,0.02,0.02,,0,1.703126484375,False,2026-09-14 16:42:22+00:00,GLD261009P00215000
GLD,2026-10-06,379.54998779296875,2026-10-09,P,220.0,0.0,0.02,0.02,,1,1.640626796875,False,2026-09-14 16:42:31+00:00,GLD261009P00220000
GLD,2026-10-06,379.54998779296875,2026-10-09,P,225.0,0.0,0.02,0.03,,1,1.5781271093749998,False,2026-09-14 16:43:10+00:00,GLD261009P00225000
GLD,2026-10-06,379.54998779296875,2026-10-09,P,230.0,0.0,0.02,0.03,2.0,2,1.5156274218749999,False,2026-09-14 16:46:28+00:00,GLD261009P00230000
GLD,2026-10-06,379.54998779296875,2026-10-09,P,235.0,0.0,0.02,0.03,2.0,1,1.453127734375,False,2026-09-14 16:46:44+00:00,GLD261009P00235000
GLD,2026-10-06,379.54998779296875,2026-10-09,P,240.0,0.0,0.02,0.01,1.0,2,1.3906280468749999,False,2026-09-15 13:56:44+00:00,GLD261009P00240000
GLD,2026-10-06,379.54998779296875,2026-10-09,P,245.0,0.0,0.02,0.01,4.0,2,1.3437532812499997,False,2026-09-14 17:22:21+00:00,GLD261009P00245000
GLD,2026-10-06,379.54998779296875,2026-10-09,P,250.0,0.0,0.02,0.02,11.0,16,1.2812535937499998,False,2026-09-28 14:58:49+00:00,GLD261009P00250000
GLD,2026-10-06,379.54998779296875,2026-10-09,P,255.0,0.0,0.02,0.04,2.0,8,1.21875390625,False,2026-09-28 13:47:51+00:00,GLD261009P00255000
GLD,2026-10-06,379.54998779296875,2026-10-09,P,260.0,0.0,0.02,0.01,2.0,34,1.15625421875,False,2026-10-02 13:59:24+00:00,GLD261009P00260000
GLD,2026-10-06,379.54998779296875,2026-10-09,P,265.0,0.0,0.02,0.02,10.0,42,1.109379453125,False,2026-09-29 13:44:25+00:00,GLD261009P00265000
GLD,2026-10-06,379.54998779296875,2026-10-09,P,270.0,0.0,0.02,0.01,1.0,14,1.0625046875000002,False,2026-10-05 17:25:12+00:00,GLD261009P00270000
GLD,2026-10-06,379.54998779296875,2026-10-09,P,275.0,0.0,0.02,0.05,2.0,102,1.000005,False,2026-09-28 16:08:20+00:00,GLD261009P00275000
GLD,2026-10-06,379.54998779296875,2026-10-09,P,280.0,0.0,0.02,0.05,2.0,18,0.9531254687499999,False,2026-09-28 16:07:42+00:00,GLD261009P00280000
GLD,2026-10-06,379.54998779296875,2026-10-09,P,285.0,0.0,0.02,0.05,2.0,25,0.8906260937499999,False,2026-09-28 16:07:19+00:00,GLD261009P00285000
GLD,2026-10-06,379.54998779296875,2026-10-09,P,290.0,0.0,0.02,0.01,10.0,39,0.8437515624999999,False,2026-10-02 14:28:39+00:00,GLD261009P00290000
GLD,2026-10-06,379.54998779296875,2026-10-09,P,295.0,0.0,0.02,0.01,216.0,225,0.79687703125,False,2026-10-01 19:24:18+00:00,GLD261009P00295000
GLD,2026-10-06,379.54998779296875,2026-10-09,P,300.0,0.0,0.01,0.01,5.0,196,0.70312796875,False,2026-10-05 14:40:46+00:00,GLD261009P00300000
GLD,2026-10-06,379.54998779296875,2026-10-09,P,305.0,0.0,0.02,0.01,64.0,319,0.70312796875,False,2026-10-05 18:43:10+00:00,GLD261009P00305000
GLD,2026-10-06,379.54998779296875,2026-10-09,P,310.0,0.0,0.02,0.01,12.0,78,0.6562534375000001,False,2026-10-05 19:22:08+00:00,GLD261009P00310000
GLD,2026-10-06,379.54998779296875,2026-10-09,P,315.0,0.0,0.02,0.01,14.0,13,0.6015664843750002,False,2026-10-05 19:17:36+00:00,GLD261009P00315000
GLD,2026-10-06,379.54998779296875,2026-10-09,P,320.0,0.0,0.01,0.01,13.0,374,0.5312546875,False,2026-10-05 16:49:59+00:00,GLD261009P00320000
GLD,2026-10-06,379.54998779296875,2026-10-09,P,325.0,0.0,0.01,0.01,9.0,9,0.507817421875,False,2026-10-05 19:25:51+00:00,GLD261009P00325000
GLD,2026-10-06,379.54998779296875,2026-10-09,P,330.0,0.0,0.01,0.01,25.0,477,0.46094289062500005,False,2026-10-05 19:36:09+00:00,GLD261009P00330000
GLD,2026-10-06,379.54998779296875,2026-10-09,P,335.0,0.01,0.02,0.01,58.0,477,0.44922425781249997,False,2026-10-05 20:08:56+00:00,GLD261009P00335000
GLD,2026-10-06,379.54998779296875,2026-10-09,P,340.0,0.0,0.03,0.02,15.0,554,0.41797457031249996,False,2026-10-05 19:58:42+00:00,GLD261009P00340000
GLD,2026-10-06,379.54998779296875,2026-10-09,P,345.0,0.01,0.03,0.01,31.0,267,0.367193828125,False,2026-10-05 19:58:33+00:00,GLD261009P00345000
GLD,2026-10-06,379.54998779296875,2026-10-09,P,350.0,0.01,0.04,0.01,29.0,3158,0.33008482421874996,False,2026-10-05 19:58:32+00:00,GLD261009P00350000
GLD,2026-10-06,379.54998779296875,2026-10-09,P,355.0,0.02,0.04,0.02,208.0,3640,0.27930408203124996,False,2026-10-05 19:58:47+00:00,GLD261009P00355000
GLD,2026-10-06,379.54998779296875,2026-10-09,P,360.0,0.05,0.07,0.06,306.0,1730,0.2461012890625,False,2026-10-05 20:06:30+00:00,GLD261009P00360000
GLD,2026-10-06,379.54998779296875,2026-10-09,P,362.0,0.08,0.11,0.08,609.0,4207,0.241218525390625,False,2026-10-05 19:58:47+00:00,GLD261009P00362000
GLD,2026-10-06,379.54998779296875,2026-10-09,P,363.0,0.09,0.14,0.09,103.0,172,0.23926541992187497,False,2026-10-05 19:58:47+00:00,GLD261009P00363000
GLD,2026-10-06,379.54998779296875,2026-10-09,P,364.0,0.12,0.15,0.14,222.0,1938,0.2304764453125,False,2026-10-05 20:03:11+00:00,GLD261009P00364000
GLD,2026-10-06,379.54998779296875,2026-10-09,P,365.0,0.15,0.19,0.16,213.0,5587,0.22852333984375,False,2026-10-05 20:05:24+00:00,GLD261009P00365000
GLD,2026-10-06,379.54998779296875,2026-10-09,P,366.0,0.18,0.22,0.2,128.0,1542,0.22217574707031246,False,2026-10-05 20:05:24+00:00,GLD261009P00366000
GLD,2026-10-06,379.54998779296875,2026-10-09,P,367.0,0.23,0.27,0.22,650.0,244,0.21875781249999998,False,2026-10-05 19:58:47+00:00,GLD261009P00367000
GLD,2026-10-06,379.54998779296875,2026-10-09,P,368.0,0.28,0.33,0.27,220.0,4286,0.2153398779296875,False,2026-10-05 19:58:47+00:00,GLD261009P00368000
GLD,2026-10-06,379.54998779296875,2026-10-09,P,369.0,0.35,0.4,0.36,130.0,298,0.21167780517578122,False,2026-10-05 20:01:00+00:00,GLD261009P00369000
GLD,2026-10-06,379.54998779296875,2026-10-09,P,370.0,0.44,0.5,0.42,1046.0,836,0.20972469970703123,False,2026-10-05 19:58:47+00:00,GLD261009P00370000
GLD,2026-10-06,379.54998779296875,2026-10-09,P,371.0,0.55,0.64,0.54,169.0,1176,0.20996883789062498,False,2026-10-05 19:59:17+00:00,GLD261009P00371000
GLD,2026-10-06,379.54998779296875,2026-10-09,P,372.0,0.68,0.77,0.77,155.0,539,0.2063067651367187,False,2026-10-05 20:10:25+00:00,GLD261009P00372000
GLD,2026-10-06,379.54998779296875,2026-10-09,P,373.0,0.84,0.94,0.81,121.0,237,0.2039874523925781,False,2026-10-05 19:58:48+00:00,GLD261009P00373000
GLD,2026-10-06,379.54998779296875,2026-10-09,P,374.0,1.02,1.13,1.08,105.0,592,0.20081365600585935,False,2026-10-05 20:06:30+00:00,GLD261009P00374000
GLD,2026-10-06,379.54998779296875,2026-10-09,P,375.0,1.27,1.37,1.29,335.0,2706,0.19886055053710935,False,2026-10-05 20:01:14+00:00,GLD261009P00375000
GLD,2026-10-06,379.54998779296875,2026-10-09,P,376.0,1.55,1.67,1.62,137.0,243,0.19837227416992187,False,2026-10-05 20:04:24+00:00,GLD261009P00376000
GLD,2026-10-06,379.54998779296875,2026-10-09,P,377.0,1.86,1.99,1.92,198.0,651,0.19617503051757812,False,2026-10-05 20:08:53+00:00,GLD261009P00377000
GLD,2026-10-06,379.54998779296875,2026-10-09,P,378.0,2.21,2.39,2.23,286.0,1693,0.19617503051757812,False,2026-10-05 19:58:14+00:00,GLD261009P00378000
GLD,2026-10-06,379.54998779296875,2026-10-09,P,379.0,2.67,2.82,2.8,237.0,452,0.19495433959960937,False,2026-10-05 20:03:37+00:00,GLD261009P00379000
GLD,2026-10-06,379.54998779296875,2026-10-09,P,380.0,3.15,3.35,3.3,278.0,1565,0.1966633068847656,True,2026-10-05 20:04:24+00:00,GLD261009P00380000
GLD,2026-10-06,379.54998779296875,2026-10-09,P,381.0,3.65,3.9,3.66,42.0,589,0.19654123779296873,True,2026-10-05 19:58:57+00:00,GLD261009P00381000
GLD,2026-10-06,379.54998779296875,2026-10-09,P,382.0,4.25,4.55,4.29,75.0,359,0.1997150341796875,True,2026-10-05 19:15:18+00:00,GLD261009P00382000
GLD,2026-10-06,379.54998779296875,2026-10-09,P,383.0,4.9,5.25,5.05,24.0,233,0.20325503784179685,True,2026-10-05 18:35:12+00:00,GLD261009P00383000
GLD,2026-10-06,379.54998779296875,2026-10-09,P,384.0,5.6,5.95,5.65,10.0,370,0.2039874523925781,True,2026-10-05 20:00:07+00:00,GLD261009P00384000
GLD,2026-10-06,379.54998779296875,2026-10-09,P,385.0,6.3,6.75,6.38,53.0,384,0.2093584924316406,True,2026-10-05 19:08:52+00:00,GLD261009P00385000
GLD,2026-10-06,379.54998779296875,2026-10-09,P,386.0,7.1,7.55,7.51,2.0,220,0.2122881506347656,True,2026-10-05 18:29:39+00:00,GLD261009P00386000
GLD,2026-10-06,379.54998779296875,2026-10-09,P,387.0,7.95,8.4,8.0,8.0,69,0.2172929833984375,True,2026-10-05 20:00:07+00:00,GLD261009P00387000
GLD,2026-10-06,379.54998779296875,2026-10-09,P,388.0,8.8,9.25,9.27,6.0,183,0.2199785034179687,True,2026-10-05 18:28:34+00:00,GLD261009P00388000
GLD,2026-10-06,379.54998779296875,2026-10-09,P,389.0,9.7,10.15,9.63,5.0,88,0.22583781982421874,True,2026-10-05 19:02:28+00:00,GLD261009P00389000
GLD,2026-10-06,379.54998779296875,2026-10-09,P,390.0,10.6,11.1,10.89,47.0,1617,0.2356033471679687,True,2026-10-05 18:46:00+00:00,GLD261009P00390000
GLD,2026-10-06,379.54998779296875,2026-10-09,P,391.0,11.45,12.0,12.05,12.0,171,0.23853300537109373,True,2026-10-05 13:47:58+00:00,GLD261009P00391000
GLD,2026-10-06,379.54998779296875,2026-10-09,P,392.0,12.4,12.95,12.4,7.0,1227,0.2461012890625,True,2026-10-05 19:44:25+00:00,GLD261009P00392000
GLD,2026-10-06,379.54998779296875,2026-10-09,P,393.0,13.3,13.95,14.08,15.0,98,0.2600171655273438,True,2026-10-05 15:27:54+00:00,GLD261009P00393000
GLD,2026-10-06,379.54998779296875,2026-10-09,P,394.0,14.25,14.9,15.4,1.0,122,0.26636475830078127,True,2026-10-05 16:34:02+00:00,GLD261009P00394000
GLD,2026-10-06,379.54998779296875,2026-10-09,P,395.0,15.2,15.9,15.77,20.0,269,0.2795482202148437,True,2026-10-05 18:37:34+00:00,GLD261009P00395000
GLD,2026-10-06,379.54998779296875,2026-10-09,P,396.0,16.2,16.85,15.98,1.0,80,0.28443098388671867,True,2026-10-05 14:57:06+00:00,GLD261009P00396000
GLD,2026-10-06,379.54998779296875,2026-10-09,P,397.0,17.15,17.85,18.0,3.0,281,0.2971261694335937,True,2026-10-05 17:52:28+00:00,GLD261009P00397000
GLD,2026-10-06,379.54998779296875,2026-10-09,P,398.0,18.15,18.85,19.5,5.0,106,0.309577216796875,True,2026-10-05 17:47:01+00:00,GLD261009P00398000
GLD,2026-10-06,379.54998779296875,2026-10-09,P,399.0,19.05,19.9,20.64,1.0,131,0.331061376953125,True,2026-10-05 16:21:57+00:00,GLD261009P00399000
GLD,2026-10-06,379.54998779296875,2026-10-09,P,400.0,20.05,20.9,20.93,27.0,531,0.3435124243164062,True,2026-10-05 17:50:48+00:00,GLD261009P00400000
GLD,2026-10-06,379.54998779296875,2026-10-09,P,401.0,21.0,21.9,21.52,3.0,44,0.35596347167968745,True,2026-10-05 14:51:13+00:00,GLD261009P00401000
GLD,2026-10-06,379.54998779296875,2026-10-09,P,402.0,22.05,22.9,22.71,3.0,145,0.36817038085937503,True,2026-10-05 15:35:44+00:00,GLD261009P00402000
GLD,2026-10-06,379.54998779296875,2026-10-09,P,403.0,22.5,25.0,20.52,7.0,10,0.5302781347656251,True,2026-10-02 14:40:52+00:00,GLD261009P00403000
GLD,2026-10-06,379.54998779296875,2026-10-09,P,404.0,24.0,25.9,23.55,2.0,87,0.5336960693359375,True,2026-10-05 14:37:52+00:00,GLD261009P00404000
GLD,2026-10-06,379.54998779296875,2026-10-09,P,405.0,25.05,26.85,25.3,35.0,31,0.5422409057617189,True,2026-10-02 19:53:32+00:00,GLD261009P00405000
GLD,2026-10-06,379.54998779296875,2026-10-09,P,406.0,25.4,28.05,23.15,2.0,8,0.5795940478515625,True,2026-10-01 17:30:00+00:00,GLD261009P00406000
GLD,2026-10-06,379.54998779296875,2026-10-09,P,407.0,26.4,28.7,24.4,3.0,12,0.551762294921875,True,2026-10-01 19:40:42+00:00,GLD261009P00407000
GLD,2026-10-06,379.54998779296875,2026-10-09,P,408.0,28.05,29.0,29.95,1.0,0,0.4594780615234375,True,2026-10-05 17:50:52+00:00,GLD261009P00408000
GLD,2026-10-06,379.54998779296875,2026-10-09,P,409.0,29.0,31.1,29.5,1.0,0,0.6279334082031252,True,2026-10-02 18:08:22+00:00,GLD261009P00409000
GLD,2026-10-06,379.54998779296875,2026-10-09,P,410.0,30.05,31.25,30.38,21.0,39,0.5271043383789062,True,2026-10-05 20:00:40+00:00,GLD261009P00410000
GLD,2026-10-06,379.54998779296875,2026-10-09,P,411.0,31.0,32.1,31.93,1.0,0,0.5136767382812499,True,2026-10-05 15:43:24+00:00,GLD261009P00411000
GLD,2026-10-06,379.54998779296875,2026-10-09,P,412.0,32.0,33.8,32.6,3.0,0,0.631839619140625,True,2026-10-05 20:05:11+00:00,GLD261009P00412000
GLD,2026-10-06,379.54998779296875,2026-10-09,P,413.0,32.75,34.85,28.3,1.0,0,0.6516148120117189,True,2026-10-02 13:40:21+00:00,GLD261009P00413000
GLD,2026-10-06,379.54998779296875,2026-10-09,P,414.0,33.4,35.85,22.63,2.0,0,0.6647982739257814,True,2026-09-24 18:27:17+00:00,GLD261009P00414000
GLD,2026-10-06,379.54998779296875,2026-10-09,P,415.0,35.0,36.05,34.6,2.0,0,0.5507857421875001,True,2026-09-29 16:47:55+00:00,GLD261009P00415000
GLD,2026-10-06,379.54998779296875,2026-10-09,P,416.0,35.95,37.9,34.19,1.0,0,0.5356491748046875,True,2026-09-29 14:50:15+00:00,GLD261009P00416000
GLD,2026-10-06,379.54998779296875,2026-10-09,P,417.0,36.9,38.9,36.15,1.0,0,0.5405319384765627,True,2026-09-28 14:01:31+00:00,GLD261009P00417000
GLD,2026-10-06,379.54998779296875,2026-10-09,P,418.0,37.5,39.95,24.77,2.0,0,0.5029346582031251,True,2026-09-23 15:02:15+00:00,GLD261009P00418000
GLD,2026-10-06,379.54998779296875,2026-10-09,P,419.0,38.5,41.1,41.0,2.0,0,0.5361374511718751,True,2026-09-28 15:44:05+00:00,GLD261009P00419000
GLD,2026-10-06,379.54998779296875,2026-10-09,P,420.0,40.0,40.9,42.6,1.0,10,0.5727581787109376,True,2026-09-28 14:48:45+00:00,GLD261009P00420000
GLD,2026-10-06,379.54998779296875,2026-10-09,P,421.0,40.55,43.1,27.6,2.0,0,0.5634809277343751,True,2026-09-25 19:39:28+00:00,GLD261009P00421000
GLD,2026-10-06,379.54998779296875,2026-10-09,P,422.0,41.2,44.1,28.62,1.0,0,0.5151415673828125,True,2026-09-14 18:49:24+00:00,GLD261009P00422000
GLD,2026-10-06,379.54998779296875,2026-10-09,P,423.0,43.0,45.1,30.62,2.0,0,0.64062859375,True,2026-09-23 16:01:53+00:00,GLD261009P00423000
GLD,2026-10-06,379.54998779296875,2026-10-09,P,424.0,43.4,45.95,23.22,2.0,0,0.543949873046875,True,2026-09-18 17:25:49+00:00,GLD261009P00424000
GLD,2026-10-06,379.54998779296875,2026-10-09,P,425.0,45.0,45.9,45.59,1.0,0,0.6254920263671876,True,2026-09-28 18:58:39+00:00,GLD261009P00425000
GLD,2026-10-06,379.54998779296875,2026-10-09,P,426.0,45.5,47.9,25.67,2.0,0,0.5732464550781251,True,2026-09-18 16:30:17+00:00,GLD261009P00426000
GLD,2026-10-06,379.54998779296875,2026-10-09,P,427.0,46.55,49.1,26.55,4.0,0,0.6250037500000001,True,2026-09-18 16:30:17+00:00,GLD261009P00427000
GLD,2026-10-06,379.54998779296875,2026-10-09,P,428.0,48.0,49.95,28.87,2.0,0,0.6762727685546877,True,2026-09-18 14:52:03+00:00,GLD261009P00428000
GLD,2026-10-06,379.54998779296875,2026-10-09,P,429.0,48.4,50.95,26.4,1.0,0,0.5918009570312501,True,2026-09-04 20:11:37+00:00,GLD261009P00429000
GLD,2026-10-06,379.54998779296875,2026-10-09,P,430.0,50.0,50.9,50.75,13.0,13,0.676761044921875,True,2026-10-02 18:06:30+00:00,GLD261009P00430000
GLD,2026-10-06,379.54998779296875,2026-10-09,P,431.0,50.35,53.1,28.58,1.0,0,0.6303747900390625,True,2026-08-31 13:59:56+00:00,GLD261009P00431000
GLD,2026-10-06,379.54998779296875,2026-10-09,P,432.0,52.0,54.1,38.5,58.0,0,0.73633076171875,True,2026-09-24 18:45:02+00:00,GLD261009P00432000
GLD,2026-10-06,379.54998779296875,2026-10-09,P,433.0,53.0,53.9,53.86,1.0,0,0.7070341796875,True,2026-09-15 18:07:19+00:00,GLD261009P00433000
GLD,2026-10-06,379.54998779296875,2026-10-09,P,434.0,54.05,54.9,54.79,2.0,0,0.71679970703125,True,2026-10-05 15:39:28+00:00,GLD261009P00434000
GLD,2026-10-06,379.54998779296875,2026-10-09,P,435.0,55.0,55.9,55.97,1.0,0,0.7270535107421875,True,2026-10-05 15:39:28+00:00,GLD261009P00435000
GLD,2026-10-06,379.54998779296875,2026-10-09,P,440.0,59.95,60.95,35.65,1.0,0,0.7905294384765625,True,2026-09-04 20:11:47+00:00,GLD261009P00440000
GLD,2026-10-06,379.54998779296875,2026-10-09,P,500.0,120.0,120.95,88.11,,0,0.92187578125,True,2026-09-03 17:36:29+00:00,GLD261009P00500000
GLD,2026-10-06,379.54998779296875,2026-10-12,C,330.0,49.4,50.4,49.65,2.0,0,0.5498091894531252,True,2026-10-02 15:42:08+00:00,GLD261012C00330000
GLD,2026-10-06,379.54998779296875,2026-10-12,C,340.0,39.45,40.35,39.8,2.0,0,0.5339402075195312,True,2026-10-02 15:41:22+00:00,GLD261012C00340000
GLD,2026-10-06,379.54998779296875,2026-10-12,C,350.0,29.4,30.3,32.0,,1,0.41480077392578124,True,2026-09-28 14:02:14+00:00,GLD261012C00350000
GLD,2026-10-06,379.54998779296875,2026-10-12,C,360.0,19.1,20.4,19.1,1.0,2,0.31165239135742184,True,2026-10-05 16:34:15+00:00,GLD261012C00360000
GLD,2026-10-06,379.54998779296875,2026-10-12,C,365.0,14.8,15.35,15.4,,1,0.2467116345214844,True,2026-09-28 19:55:59+00:00,GLD261012C00365000
GLD,2026-10-06,379.54998779296875,2026-10-12,C,370.0,10.2,10.75,11.64,9.0,18,0.21399711791992188,True,2026-10-02 19:31:08+00:00,GLD261012C00370000
GLD,2026-10-06,379.54998779296875,2026-10-12,C,375.0,6.25,6.6,6.62,9.0,10,0.18763019409179688,True,2026-10-05 19:51:16+00:00,GLD261012C00375000
GLD,2026-10-06,379.54998779296875,2026-10-12,C,376.0,5.55,5.95,5.79,2.0,11,0.1878743322753906,True,2026-10-05 19:50:53+00:00,GLD261012C00376000
GLD,2026-10-06,379.54998779296875,2026-10-12,C,377.0,4.95,5.3,5.16,4.0,38,0.18628743408203124,True,2026-10-05 19:49:13+00:00,GLD261012C00377000
GLD,2026-10-06,379.54998779296875,2026-10-12,C,378.0,4.35,4.55,4.64,14.0,129,0.1779257012939453,True,2026-10-05 19:49:13+00:00,GLD261012C00378000
GLD,2026-10-06,379.54998779296875,2026-10-12,C,379.0,3.8,4.0,3.99,47.0,51,0.1774374249267578,True,2026-10-05 19:50:53+00:00,GLD261012C00379000
GLD,2026-10-06,379.54998779296875,2026-10-12,C,380.0,3.3,3.45,3.37,168.0,198,0.1749350085449219,False,2026-10-05 20:13:39+00:00,GLD261012C00380000
GLD,2026-10-06,379.54998779296875,2026-10-12,C,381.0,2.85,2.97,2.81,19.0,58,0.17371431762695314,False,2026-10-05 18:26:36+00:00,GLD261012C00381000
GLD,2026-10-06,379.54998779296875,2026-10-12,C,382.0,2.45,2.55,2.5,161.0,85,0.17322604125976562,False,2026-10-05 20:08:19+00:00,GLD261012C00382000
GLD,2026-10-06,379.54998779296875,2026-10-12,C,383.0,2.07,2.17,2.2,137.0,49,0.1726767303466797,False,2026-10-05 19:48:14+00:00,GLD261012C00383000
GLD,2026-10-06,379.54998779296875,2026-10-12,C,384.0,1.74,1.85,1.92,127.0,175,0.17310397216796874,False,2026-10-05 19:48:14+00:00,GLD261012C00384000
GLD,2026-10-06,379.54998779296875,2026-10-12,C,385.0,1.46,1.57,1.62,161.0,158,0.17371431762695314,False,2026-10-05 19:32:11+00:00,GLD261012C00385000
GLD,2026-10-06,379.54998779296875,2026-10-12,C,386.0,1.22,1.33,1.38,20.0,11,0.17469087036132813,False,2026-10-05 19:42:28+00:00,GLD261012C00386000
GLD,2026-10-06,379.54998779296875,2026-10-12,C,387.0,1.04,1.1,1.06,106.0,46,0.17420259399414065,False,2026-10-05 20:06:22+00:00,GLD261012C00387000
GLD,2026-10-06,379.54998779296875,2026-10-12,C,388.0,0.86,0.94,0.95,25.0,57,0.17652190673828128,False,2026-10-05 19:45:26+00:00,GLD261012C00388000
GLD,2026-10-06,379.54998779296875,2026-10-12,C,389.0,0.72,0.8,0.76,62.0,126,0.17859708129882812,False,2026-10-05 20:06:46+00:00,GLD261012C00389000
GLD,2026-10-06,379.54998779296875,2026-10-12,C,390.0,0.59,0.67,0.63,50.0,202,0.17981777221679687,False,2026-10-05 20:06:46+00:00,GLD261012C00390000
GLD,2026-10-06,379.54998779296875,2026-10-12,C,391.0,0.5,0.59,0.58,910.0,247,0.1840901904296875,False,2026-10-05 18:08:12+00:00,GLD261012C00391000
GLD,2026-10-06,379.54998779296875,2026-10-12,C,392.0,0.42,0.5,0.5,4.0,39,0.1860432958984375,False,2026-10-05 19:43:22+00:00,GLD261012C00392000
GLD,2026-10-06,379.54998779296875,2026-10-12,C,393.0,0.35,0.43,0.4,3.0,26,0.18885088500976563,False,2026-10-05 16:06:00+00:00,GLD261012C00393000
GLD,2026-10-06,379.54998779296875,2026-10-12,C,394.0,0.29,0.36,0.34,40.0,37,0.19043778320312502,False,2026-10-05 19:24:18+00:00,GLD261012C00394000
GLD,2026-10-06,379.54998779296875,2026-10-12,C,395.0,0.25,0.31,0.28,19.0,51,0.19336744140625,False,2026-10-05 18:58:55+00:00,GLD261012C00395000
GLD,2026-10-06,379.54998779296875,2026-10-12,C,396.0,0.21,0.35,1.05,,2,0.2082598706054687,False,2026-09-30 19:32:59+00:00,GLD261012C00396000
GLD,2026-10-06,379.54998779296875,2026-10-12,C,397.0,0.18,0.24,0.24,3.0,15,0.20069158691406247,False,2026-10-05 17:06:32+00:00,GLD261012C00397000
GLD,2026-10-06,379.54998779296875,2026-10-12,C,398.0,0.16,0.29,0.18,6.0,5,0.21778125976562498,False,2026-10-05 19:08:04+00:00,GLD261012C00398000
GLD,2026-10-06,379.54998779296875,2026-10-12,C,399.0,0.13,0.2,0.18,15.0,22,0.2104571142578125,False,2026-10-05 19:24:18+00:00,GLD261012C00399000
GLD,2026-10-06,379.54998779296875,2026-10-12,C,400.0,0.12,0.17,0.15,186.0,162,0.2124102197265625,False,2026-10-05 18:58:46+00:00,GLD261012C00400000
GLD,2026-10-06,379.54998779296875,2026-10-12,C,401.0,0.11,0.15,0.13,5.0,27,0.215828154296875,False,2026-10-05 16:27:38+00:00,GLD261012C00401000
GLD,2026-10-06,379.54998779296875,2026-10-12,C,402.0,0.09,0.16,0.19,19.0,3,0.2260819580078125,False,2026-10-05 16:39:37+00:00,GLD261012C00402000
GLD,2026-10-06,379.54998779296875,2026-10-12,C,403.0,0.08,0.14,0.11,7.0,1,0.22901161621093752,False,2026-10-05 16:39:37+00:00,GLD261012C00403000
GLD,2026-10-06,379.54998779296875,2026-10-12,C,404.0,0.08,0.11,0.12,132.0,7,0.22754678710937498,False,2026-10-05 19:59:57+00:00,GLD261012C00404000
GLD,2026-10-06,379.54998779296875,2026-10-12,C,405.0,0.06,0.16,0.1,63.0,20,0.2500075,False,2026-10-05 16:53:42+00:00,GLD261012C00405000
GLD,2026-10-06,379.54998779296875,2026-10-12,C,406.0,0.06,0.11,0.18,65.0,32,0.242195078125,False,2026-10-05 16:39:10+00:00,GLD261012C00406000
GLD,2026-10-06,379.54998779296875,2026-10-12,C,408.0,0.05,0.15,0.15,71.0,7,0.270515107421875,False,2026-10-05 16:38:56+00:00,GLD261012C00408000
GLD,2026-10-06,379.54998779296875,2026-10-12,C,410.0,0.04,0.09,0.08,260.0,59,0.26367923828125,False,2026-10-05 16:55:35+00:00,GLD261012C00410000
GLD,2026-10-06,379.54998779296875,2026-10-12,C,411.0,0.04,0.1,0.13,17.0,34,0.27539787109374997,False,2026-10-05 16:38:28+00:00,GLD261012C00411000
GLD,2026-10-06,379.54998779296875,2026-10-12,C,412.0,0.04,0.1,0.08,25.0,40,0.282233740234375,False,2026-10-05 16:53:00+00:00,GLD261012C00412000
GLD,2026-10-06,379.54998779296875,2026-10-12,C,413.0,0.04,0.11,0.11,9.0,10,0.2929758203124999,False,2026-10-05 16:37:56+00:00,GLD261012C00413000
GLD,2026-10-06,379.54998779296875,2026-10-12,C,414.0,0.02,0.12,0.13,1.0,33,0.3042061767578125,False,2026-10-05 13:43:28+00:00,GLD261012C00414000
GLD,2026-10-06,379.54998779296875,2026-10-12,C,415.0,0.03,0.1,0.13,1.0,17,0.30274134765625,False,2026-10-01 16:12:31+00:00,GLD261012C00415000
GLD,2026-10-06,379.54998779296875,2026-10-12,C,416.0,0.03,0.1,0.06,2.0,20,0.3100654931640625,False,2026-10-05 16:56:18+00:00,GLD261012C00416000
GLD,2026-10-06,379.54998779296875,2026-10-12,C,418.0,0.02,0.13,0.14,1.0,3,0.3364324169921875,False,2026-10-05 13:42:13+00:00,GLD261012C00418000
GLD,2026-10-06,379.54998779296875,2026-10-12,C,419.0,0.02,0.13,0.08,4.0,1,0.3437565625,False,2026-10-05 13:46:33+00:00,GLD261012C00419000
GLD,2026-10-06,379.54998779296875,2026-10-12,C,420.0,0.02,0.1,0.12,2.0,3,0.33740896972656254,False,2026-10-05 13:44:22+00:00,GLD261012C00420000
GLD,2026-10-06,379.54998779296875,2026-10-12,C,421.0,0.02,0.13,0.12,1.0,1,0.35742830078125,False,2026-10-05 13:44:29+00:00,GLD261012C00421000
GLD,2026-10-06,379.54998779296875,2026-10-12,C,424.0,0.02,0.11,0.11,1.0,1,0.36914693359375,False,2026-10-02 17:55:36+00:00,GLD261012C00424000
GLD,2026-10-06,379.54998779296875,2026-10-12,C,430.0,0.01,0.05,0.03,16.0,2,0.36914693359375,False,2026-10-05 19:42:43+00:00,GLD261012C00430000
GLD,2026-10-06,379.54998779296875,2026-10-12,C,435.0,0.01,0.04,0.03,3.0,107,0.38867798828125,False,2026-10-05 19:40:41+00:00,GLD261012C00435000
GLD,2026-10-06,379.54998779296875,2026-10-12,C,440.0,0.01,0.03,0.03,13.0,1,0.4062559375,False,2026-10-05 13:58:46+00:00,GLD261012C00440000
GLD,2026-10-06,379.54998779296875,2026-10-12,C,445.0,0.01,0.03,0.03,4.0,5,0.4335994140625,False,2026-10-02 14:53:07+00:00,GLD261012C00445000
GLD,2026-10-06,379.54998779296875,2026-10-12,C,450.0,0.01,0.03,0.09,1.0,5,0.45898978515625005,False,2026-10-02 14:52:35+00:00,GLD261012C00450000
GLD,2026-10-06,379.54998779296875,2026-10-12,C,455.0,0.01,0.03,0.09,1.0,6,0.48438015625,False,2026-10-02 14:52:09+00:00,GLD261012C00455000
GLD,2026-10-06,379.54998779296875,2026-10-12,C,460.0,0.01,0.03,0.02,1.0,18,0.5117236328125,False,2026-10-05 16:59:48+00:00,GLD261012C00460000
GLD,2026-10-06,379.54998779296875,2026-10-12,C,465.0,0.0,0.03,0.02,20.0,4,0.500005,False,2026-10-05 15:38:44+00:00,GLD261012C00465000
GLD,2026-10-06,379.54998779296875,2026-10-12,C,475.0,0.0,0.03,0.02,1.0,1,0.5468795312500001,False,2026-10-02 13:35:59+00:00,GLD261012C00475000
GLD,2026-10-06,379.54998779296875,2026-10-12,C,480.0,0.0,0.03,0.05,,2,0.570316796875,False,2026-10-01 15:01:45+00:00,GLD261012C00480000
GLD,2026-10-06,379.54998779296875,2026-10-12,C,485.0,0.0,0.15,0.05,,8,0.6992217578125001,False,2026-09-30 19:17:52+00:00,GLD261012C00485000
GLD,2026-10-06,379.54998779296875,2026-10-12,P,280.0,0.0,0.12,0.07,,3,0.851563984375,False,2026-09-30 14:00:16+00:00,GLD261012P00280000
GLD,2026-10-06,379.54998779296875,2026-10-12,P,285.0,0.0,0.01,0.04,,13,0.64062859375,False,2026-10-01 18:28:35+00:00,GLD261012P00285000
GLD,2026-10-06,379.54998779296875,2026-10-12,P,290.0,0.0,0.01,0.01,,12,0.6093789062500001,False,2026-10-01 20:05:41+00:00,GLD261012P00290000
GLD,2026-10-06,379.54998779296875,2026-10-12,P,295.0,0.0,0.07,0.04,5.0,7,0.6796907031250001,False,2026-10-02 16:12:16+00:00,GLD261012P00295000
GLD,2026-10-06,379.54998779296875,2026-10-12,P,300.0,0.0,0.01,0.02,12.0,13,0.5312546875,False,2026-10-02 20:07:07+00:00,GLD261012P00300000
GLD,2026-10-06,379.54998779296875,2026-10-12,P,305.0,0.0,0.03,0.01,18.0,4,0.5468795312500001,False,2026-10-05 15:38:22+00:00,GLD261012P00305000
GLD,2026-10-06,379.54998779296875,2026-10-12,P,310.0,0.0,0.04,0.04,4.0,5,0.523442265625,False,2026-10-05 17:11:23+00:00,GLD261012P00310000
GLD,2026-10-06,379.54998779296875,2026-10-12,P,315.0,0.01,0.02,0.01,12.0,3,0.48828636718750007,False,2026-10-05 20:09:10+00:00,GLD261012P00315000
GLD,2026-10-06,379.54998779296875,2026-10-12,P,320.0,0.01,0.07,0.09,1.0,4,0.51562984375,False,2026-10-02 13:35:47+00:00,GLD261012P00320000
GLD,2026-10-06,379.54998779296875,2026-10-12,P,325.0,0.01,0.08,0.1,3.0,4,0.48242705078125003,False,2026-10-05 14:01:40+00:00,GLD261012P00325000
GLD,2026-10-06,379.54998779296875,2026-10-12,P,330.0,0.01,0.07,0.04,5.0,2,0.432622861328125,False,2026-10-05 17:22:46+00:00,GLD261012P00330000
GLD,2026-10-06,379.54998779296875,2026-10-12,P,335.0,0.01,0.07,0.05,3.0,8,0.39160764648437496,False,2026-10-05 17:22:36+00:00,GLD261012P00335000
GLD,2026-10-06,379.54998779296875,2026-10-12,P,340.0,0.02,0.07,0.07,16.0,16,0.3505924316406249,False,2026-10-05 15:11:18+00:00,GLD261012P00340000
GLD,2026-10-06,379.54998779296875,2026-10-12,P,345.0,0.02,0.12,0.05,8.0,1,0.33399103515625,False,2026-10-05 18:57:03+00:00,GLD261012P00345000
GLD,2026-10-06,379.54998779296875,2026-10-12,P,350.0,0.05,0.11,0.08,11.0,24,0.28711650390624993,False,2026-10-05 16:48:24+00:00,GLD261012P00350000
GLD,2026-10-06,379.54998779296875,2026-10-12,P,355.0,0.07,0.14,0.14,172.0,42,0.2534254345703125,False,2026-10-05 17:13:51+00:00,GLD261012P00355000
GLD,2026-10-06,379.54998779296875,2026-10-12,P,360.0,0.13,0.16,0.15,16.0,60,0.2133867724609375,False,2026-10-05 20:04:04+00:00,GLD261012P00360000
GLD,2026-10-06,379.54998779296875,2026-10-12,P,365.0,0.28,0.34,0.31,28.0,74,0.19605296142578127,False,2026-10-05 20:06:46+00:00,GLD261012P00365000
GLD,2026-10-06,379.54998779296875,2026-10-12,P,370.0,0.67,0.75,0.75,92.0,86,0.18042811767578126,False,2026-10-05 20:06:48+00:00,GLD261012P00370000
GLD,2026-10-06,379.54998779296875,2026-10-12,P,375.0,1.66,1.76,1.75,110.0,151,0.1720053503417969,False,2026-10-05 19:09:34+00:00,GLD261012P00375000
GLD,2026-10-06,379.54998779296875,2026-10-12,P,376.0,1.95,2.07,2.21,1.0,38,0.17090672851562502,False,2026-10-05 18:23:07+00:00,GLD261012P00376000
GLD,2026-10-06,379.54998779296875,2026-10-12,P,377.0,2.3,2.42,2.5,21.0,65,0.16993017578125003,False,2026-10-05 18:34:08+00:00,GLD261012P00377000
GLD,2026-10-06,379.54998779296875,2026-10-12,P,378.0,2.69,2.83,3.17,27.0,15,0.16968603759765627,False,2026-10-05 17:43:02+00:00,GLD261012P00378000
GLD,2026-10-06,379.54998779296875,2026-10-12,P,379.0,3.1,3.25,3.2,23.0,7,0.16791603576660158,False,2026-10-05 20:13:39+00:00,GLD261012P00379000
GLD,2026-10-06,379.54998779296875,2026-10-12,P,380.0,3.6,3.8,4.27,165.0,84,0.17017431396484378,True,2026-10-05 17:39:46+00:00,GLD261012P00380000
GLD,2026-10-06,379.54998779296875,2026-10-12,P,381.0,4.1,4.35,4.13,17.0,21,0.17035741760253909,True,2026-10-05 19:05:25+00:00,GLD261012P00381000
GLD,2026-10-06,379.54998779296875,2026-10-12,P,382.0,4.7,4.95,4.8,5.0,25,0.17078465942382814,True,2026-10-05 14:55:43+00:00,GLD261012P00382000
GLD,2026-10-06,379.54998779296875,2026-10-12,P,383.0,5.3,5.75,6.02,8.0,11,0.17932949584960936,True,2026-10-05 16:06:43+00:00,GLD261012P00383000
GLD,2026-10-06,379.54998779296875,2026-10-12,P,384.0,5.95,6.4,6.92,3.0,8,0.17847501220703127,True,2026-10-05 16:47:28+00:00,GLD261012P00384000
GLD,2026-10-06,379.54998779296875,2026-10-12,P,385.0,6.7,7.15,7.67,3.0,18,0.1810384631347656,True,2026-10-05 16:47:28+00:00,GLD261012P00385000
GLD,2026-10-06,379.54998779296875,2026-10-12,P,386.0,7.45,7.85,8.52,7.0,30,0.17884121948242188,True,2026-10-05 16:44:28+00:00,GLD261012P00386000
GLD,2026-10-06,379.54998779296875,2026-10-12,P,387.0,8.25,8.65,8.78,2.0,66,0.180672255859375,True,2026-10-05 14:40:35+00:00,GLD261012P00387000
GLD,2026-10-06,379.54998779296875,2026-10-12,P,388.0,9.05,9.5,9.15,14.0,9,0.18421225952148437,True,2026-10-05 19:54:06+00:00,GLD261012P00388000
GLD,2026-10-06,379.54998779296875,2026-10-12,P,389.0,9.95,10.3,10.18,40.0,47,0.18238122314453126,True,2026-10-05 14:16:47+00:00,GLD261012P00389000
GLD,2026-10-06,379.54998779296875,2026-10-12,P,390.0,10.8,11.25,10.82,1.0,2,0.19068192138671874,True,2026-10-05 14:09:48+00:00,GLD261012P00390000
GLD,2026-10-06,379.54998779296875,2026-10-12,P,391.0,11.7,12.35,12.97,1.0,3,0.2104571142578125,True,2026-10-05 16:25:43+00:00,GLD261012P00391000
GLD,2026-10-06,379.54998779296875,2026-10-12,P,392.0,12.65,13.25,13.8,1.0,3,0.213875048828125,True,2026-10-05 16:46:21+00:00,GLD261012P00392000
GLD,2026-10-06,379.54998779296875,2026-10-12,P,393.0,13.55,14.2,13.68,18.0,10,0.22083298706054685,True,2026-10-05 19:54:06+00:00,GLD261012P00393000
GLD,2026-10-06,379.54998779296875,2026-10-12,P,394.0,14.5,15.2,14.73,4.0,4,0.23194127441406248,True,2026-10-02 19:51:08+00:00,GLD261012P00394000
GLD,2026-10-06,379.54998779296875,2026-10-12,P,395.0,15.5,16.15,16.65,21.0,23,0.23804472900390622,True,2026-10-05 16:43:17+00:00,GLD261012P00395000
GLD,2026-10-06,379.54998779296875,2026-10-12,P,396.0,16.45,17.15,16.55,4.0,6,0.2485426708984375,True,2026-10-02 18:38:48+00:00,GLD261012P00396000
GLD,2026-10-06,379.54998779296875,2026-10-12,P,397.0,17.45,18.1,18.7,5.0,0,0.25391371093750004,True,2026-10-02 15:56:46+00:00,GLD261012P00397000
GLD,2026-10-06,379.54998779296875,2026-10-12,P,400.0,20.05,20.9,21.14,3.0,1,0.25977302734375,True,2026-10-05 17:56:38+00:00,GLD261012P00400000
GLD,2026-10-06,379.54998779296875,2026-10-12,P,401.0,21.05,22.0,22.25,1.0,7,0.282233740234375,True,2026-10-05 15:22:53+00:00,GLD261012P00401000
GLD,2026-10-06,379.54998779296875,2026-10-12,P,402.0,22.05,23.4,22.54,40.0,40,0.33618827880859375,True,2026-10-05 14:16:47+00:00,GLD261012P00402000
GLD,2026-10-06,379.54998779296875,2026-10-12,P,403.0,23.05,24.0,23.48,1.0,1,0.3012765185546875,True,2026-10-05 15:12:24+00:00,GLD261012P00403000
GLD,2026-10-06,379.54998779296875,2026-10-12,P,404.0,24.05,24.9,24.39,1.0,1,0.2966378930664062,True,2026-10-02 19:16:24+00:00,GLD261012P00404000
GLD,2026-10-06,379.54998779296875,2026-10-12,P,405.0,25.05,25.9,22.65,,91,0.305671005859375,True,2026-10-01 18:30:04+00:00,GLD261012P00405000
GLD,2026-10-06,379.54998779296875,2026-10-12,P,410.0,29.65,32.05,31.4,1.0,0,0.48071808349609374,True,2026-10-02 17:30:30+00:00,GLD261012P00410000
GLD,2026-10-06,379.54998779296875,2026-10-12,P,415.0,35.05,36.25,34.12,,0,0.4445856323242187,True,2026-09-28 13:51:48+00:00,GLD261012P00415000
GLD,2026-10-06,379.54998779296875,2026-10-13,C,355.0,23.85,26.05,24.9,4.0,2,0.40796490478515623,True,2026-10-02 15:50:56+00:00,GLD261013C00355000
GLD,2026-10-06,379.54998779296875,2026-10-13,C,363.0,16.85,17.2,19.95,,1,0.2387771435546875,True,2026-10-01 14:53:21+00:00,GLD261013C00363000
GLD,2026-10-06,379.54998779296875,2026-10-13,C,367.0,12.9,13.45,16.3,,1,0.215828154296875,True,2026-10-01 14:53:42+00:00,GLD261013C00367000
GLD,2026-10-06,379.54998779296875,2026-10-13,C,368.0,12.0,12.55,13.3,1.0,4,0.21143366699218746,True,2026-10-02 15:18:10+00:00,GLD261013C00368000
GLD,2026-10-06,379.54998779296875,2026-10-13,C,370.0,10.25,10.8,13.65,,2,0.20337710693359373,True,2026-10-01 14:00:00+00:00,GLD261013C00370000
GLD,2026-10-06,379.54998779296875,2026-10-13,C,373.0,8.05,8.35,12.03,,6,0.19373364868164064,True,2026-09-29 14:46:56+00:00,GLD261013C00373000
GLD,2026-10-06,379.54998779296875,2026-10-13,C,376.0,5.85,6.2,6.19,2.0,2,0.18763019409179688,True,2026-10-05 19:52:58+00:00,GLD261013C00376000
GLD,2026-10-06,379.54998779296875,2026-10-13,C,377.0,5.2,5.55,5.03,1.0,10,0.18579915771484373,True,2026-10-05 16:16:04+00:00,GLD261013C00377000
GLD,2026-10-06,379.54998779296875,2026-10-13,C,378.0,4.7,4.95,4.7,17.0,9,0.18457846679687498,True,2026-10-05 16:07:41+00:00,GLD261013C00378000
GLD,2026-10-06,379.54998779296875,2026-10-13,C,379.0,4.15,4.35,4.4,14.0,9,0.18164880859375,True,2026-10-05 19:38:48+00:00,GLD261013C00379000
GLD,2026-10-06,379.54998779296875,2026-10-13,C,380.0,3.65,3.85,3.83,1585.0,17,0.1815267395019531,False,2026-10-05 19:59:01+00:00,GLD261013C00380000
GLD,2026-10-06,379.54998779296875,2026-10-13,C,381.0,3.2,3.35,3.2,9.0,27,0.17957363403320312,False,2026-10-05 20:14:24+00:00,GLD261013C00381000
GLD,2026-10-06,379.54998779296875,2026-10-13,C,382.0,2.77,2.92,2.94,8.0,22,0.1790853576660156,False,2026-10-05 19:53:31+00:00,GLD261013C00382000
GLD,2026-10-06,379.54998779296875,2026-10-13,C,383.0,2.41,2.54,2.37,18.0,144,0.1790853576660156,False,2026-10-05 16:23:42+00:00,GLD261013C00383000
GLD,2026-10-06,379.54998779296875,2026-10-13,C,384.0,2.07,2.19,2.26,13.0,10,0.178719150390625,False,2026-10-05 18:04:47+00:00,GLD261013C00384000
GLD,2026-10-06,379.54998779296875,2026-10-13,C,385.0,1.77,1.89,1.95,2.0,12,0.1790853576660156,False,2026-10-05 19:42:22+00:00,GLD261013C00385000
GLD,2026-10-06,379.54998779296875,2026-10-13,C,386.0,1.52,1.62,2.34,16.0,21,0.17932949584960936,False,2026-10-02 19:59:41+00:00,GLD261013C00386000
GLD,2026-10-06,379.54998779296875,2026-10-13,C,387.0,1.29,1.38,1.29,2.0,15,0.17957363403320312,False,2026-10-05 16:28:12+00:00,GLD261013C00387000
GLD,2026-10-06,379.54998779296875,2026-10-13,C,388.0,1.11,1.18,1.16,3.0,48,0.18042811767578126,False,2026-10-02 15:46:16+00:00,GLD261013C00388000
GLD,2026-10-06,379.54998779296875,2026-10-13,C,389.0,0.94,1.02,1.23,1.0,31,0.18225915405273438,False,2026-10-02 14:49:45+00:00,GLD261013C00389000
GLD,2026-10-06,379.54998779296875,2026-10-13,C,390.0,0.8,0.87,0.86,71.0,72,0.18335777587890623,False,2026-10-05 18:53:26+00:00,GLD261013C00390000
GLD,2026-10-06,379.54998779296875,2026-10-13,C,391.0,0.67,0.75,1.02,9.0,37,0.18531088134765622,False,2026-10-02 18:42:46+00:00,GLD261013C00391000
GLD,2026-10-06,379.54998779296875,2026-10-13,C,392.0,0.57,0.65,0.6,103.0,44,0.18763019409179688,False,2026-10-05 18:15:48+00:00,GLD261013C00392000
GLD,2026-10-06,379.54998779296875,2026-10-13,C,393.0,0.5,0.58,0.56,8.0,8,0.1915364050292969,False,2026-10-05 19:39:41+00:00,GLD261013C00393000
GLD,2026-10-06,379.54998779296875,2026-10-13,C,394.0,0.41,0.51,0.45,111.0,1,0.19458813232421873,False,2026-10-05 17:04:11+00:00,GLD261013C00394000
GLD,2026-10-06,379.54998779296875,2026-10-13,C,395.0,0.36,0.43,0.41,9.0,2,0.195320546875,False,2026-10-05 19:36:59+00:00,GLD261013C00395000
GLD,2026-10-06,379.54998779296875,2026-10-13,C,397.0,0.27,0.41,0.42,1.0,141,0.2111895288085937,False,2026-10-05 13:40:17+00:00,GLD261013C00397000
GLD,2026-10-06,379.54998779296875,2026-10-13,C,398.0,0.24,0.27,0.28,113.0,63,0.20069158691406247,False,2026-10-05 19:01:04+00:00,GLD261013C00398000
GLD,2026-10-06,379.54998779296875,2026-10-13,C,399.0,0.19,0.24,0.46,542.0,542,0.20410952148437497,False,2026-10-02 15:43:51+00:00,GLD261013C00399000
GLD,2026-10-06,379.54998779296875,2026-10-13,C,400.0,0.17,0.21,0.23,52.0,83,0.20655090332031245,False,2026-10-05 19:22:32+00:00,GLD261013C00400000
GLD,2026-10-06,379.54998779296875,2026-10-13,C,401.0,0.15,0.19,0.24,2.0,5,0.2104571142578125,False,2026-10-05 16:31:48+00:00,GLD261013C00401000
GLD,2026-10-06,379.54998779296875,2026-10-13,C,402.0,0.14,0.17,0.19,2.0,2,0.213875048828125,False,2026-10-05 16:31:48+00:00,GLD261013C00402000
GLD,2026-10-06,379.54998779296875,2026-10-13,C,403.0,0.12,0.16,0.18,2.0,112,0.2192460888671875,False,2026-10-05 16:31:01+00:00,GLD261013C00403000
GLD,2026-10-06,379.54998779296875,2026-10-13,C,404.0,0.11,0.14,0.18,22.0,47,0.2211991943359375,False,2026-10-05 17:17:14+00:00,GLD261013C00404000
GLD,2026-10-06,379.54998779296875,2026-10-13,C,405.0,0.1,0.13,0.13,22.0,181,0.225593681640625,False,2026-10-05 17:17:14+00:00,GLD261013C00405000
GLD,2026-10-06,379.54998779296875,2026-10-13,C,406.0,0.09,0.12,0.11,22.0,50,0.2299881689453125,False,2026-10-05 17:16:40+00:00,GLD261013C00406000
GLD,2026-10-06,379.54998779296875,2026-10-13,C,409.0,0.02,0.1,0.33,,115,0.24414818359375,False,2026-09-30 19:11:39+00:00,GLD261013C00409000
GLD,2026-10-06,379.54998779296875,2026-10-13,C,410.0,0.01,0.1,0.19,42.0,90,0.25049577636718745,False,2026-10-02 15:50:25+00:00,GLD261013C00410000
GLD,2026-10-06,379.54998779296875,2026-10-13,C,412.0,0.01,0.19,0.26,,100,0.2919992675781249,False,2026-09-30 18:55:30+00:00,GLD261013C00412000
GLD,2026-10-06,379.54998779296875,2026-10-13,C,414.0,0.01,0.18,0.31,,1,0.30322962402343745,False,2026-09-30 14:11:25+00:00,GLD261013C00414000
GLD,2026-10-06,379.54998779296875,2026-10-13,C,415.0,0.04,0.18,0.11,1.0,1,0.31055376953124997,False,2026-10-02 20:14:09+00:00,GLD261013C00415000
GLD,2026-10-06,379.54998779296875,2026-10-13,C,416.0,0.01,0.17,0.15,1.0,1,0.31445998046874996,False,2026-10-02 19:23:07+00:00,GLD261013C00416000
GLD,2026-10-06,379.54998779296875,2026-10-13,C,417.0,0.01,0.17,0.15,1.0,1,0.32129584960937496,False,2026-10-02 18:42:46+00:00,GLD261013C00417000
GLD,2026-10-06,379.54998779296875,2026-10-13,C,424.0,0.02,0.16,0.18,,1,0.36475244628906256,False,2026-09-30 14:10:18+00:00,GLD261013C00424000
GLD,2026-10-06,379.54998779296875,2026-10-13,C,455.0,0.01,0.06,0.06,1.0,8,0.49023947265625006,False,2026-10-05 18:34:28+00:00,GLD261013C00455000
GLD,2026-10-06,379.54998779296875,2026-10-13,C,460.0,0.01,0.06,0.06,1.0,2,0.51562984375,False,2026-10-05 18:34:19+00:00,GLD261013C00460000
GLD,2026-10-06,379.54998779296875,2026-10-13,C,465.0,0.01,0.06,0.06,1.0,6,0.5117236328125,False,2026-10-05 14:15:04+00:00,GLD261013C00465000
GLD,2026-10-06,379.54998779296875,2026-10-13,C,470.0,0.01,0.03,0.06,2.0,1,0.507817421875,False,2026-10-05 13:47:52+00:00,GLD261013C00470000
GLD,2026-10-06,379.54998779296875,2026-10-13,C,475.0,0.0,0.03,0.08,1.0,2,0.51562984375,False,2026-10-02 14:43:55+00:00,GLD261013C00475000
GLD,2026-10-06,379.54998779296875,2026-10-13,C,480.0,0.0,0.02,0.02,10.0,2,0.51562984375,False,2026-10-05 15:42:18+00:00,GLD261013C00480000
GLD,2026-10-06,379.54998779296875,2026-10-13,C,485.0,0.0,0.02,0.05,,3,0.5390671093750001,False,2026-10-01 18:42:35+00:00,GLD261013C00485000
GLD,2026-10-06,379.54998779296875,2026-10-13,C,490.0,0.0,0.08,0.05,,1,0.632816171875,False,2026-10-01 18:42:26+00:00,GLD261013C00490000
GLD,2026-10-06,379.54998779296875,2026-10-13,C,495.0,0.0,0.08,0.02,,1,0.6562534375000001,False,2026-09-30 19:01:30+00:00,GLD261013C00495000
GLD,2026-10-06,379.54998779296875,2026-10-13,P,275.0,0.0,0.06,0.04,,3,0.7812521875,False,2026-09-30 17:07:28+00:00,GLD261013P00275000
GLD,2026-10-06,379.54998779296875,2026-10-13,P,280.0,0.0,0.06,0.08,,2,0.7421900781249999,False,2026-09-30 14:02:23+00:00,GLD261013P00280000
GLD,2026-10-06,379.54998779296875,2026-10-13,P,290.0,0.0,0.07,0.03,16.0,17,0.6718782812500002,False,2026-10-02 18:18:13+00:00,GLD261013P00290000
GLD,2026-10-06,379.54998779296875,2026-10-13,P,295.0,0.0,0.03,0.03,17.0,7,0.585941640625,False,2026-10-05 15:42:13+00:00,GLD261013P00295000
GLD,2026-10-06,379.54998779296875,2026-10-13,P,300.0,0.0,0.04,0.02,4.0,2,0.5625043750000001,False,2026-10-02 14:05:58+00:00,GLD261013P00300000
GLD,2026-10-06,379.54998779296875,2026-10-13,P,305.0,0.01,0.03,0.01,10.0,2,0.5273484765625001,False,2026-10-05 20:09:41+00:00,GLD261013P00305000
GLD,2026-10-06,379.54998779296875,2026-10-13,P,310.0,0.01,0.04,0.05,1.0,4,0.500005,False,2026-10-05 18:21:52+00:00,GLD261013P00310000
GLD,2026-10-06,379.54998779296875,2026-10-13,P,320.0,0.01,0.05,0.04,2.0,1,0.46289599609375004,False,2026-10-02 14:58:02+00:00,GLD261013P00320000
GLD,2026-10-06,379.54998779296875,2026-10-13,P,325.0,0.01,0.06,0.06,2.0,1,0.43555251953125,False,2026-10-05 19:02:48+00:00,GLD261013P00325000
GLD,2026-10-06,379.54998779296875,2026-10-13,P,330.0,0.01,0.05,0.06,2.0,1,0.38867798828125,False,2026-10-02 14:59:10+00:00,GLD261013P00330000
GLD,2026-10-06,379.54998779296875,2026-10-13,P,335.0,0.02,0.04,0.07,2.0,21,0.34180345703125,False,2026-10-05 19:29:00+00:00,GLD261013P00335000
GLD,2026-10-06,379.54998779296875,2026-10-13,P,340.0,0.03,0.06,0.08,3.0,22,0.32129584960937496,False,2026-10-02 16:35:17+00:00,GLD261013P00340000
GLD,2026-10-06,379.54998779296875,2026-10-13,P,345.0,0.01,0.07,0.17,,1,0.2890696093749999,False,2026-09-30 14:12:43+00:00,GLD261013P00345000
GLD,2026-10-06,379.54998779296875,2026-10-13,P,350.0,0.06,0.09,0.13,1.0,21,0.2602613037109375,False,2026-10-05 14:12:47+00:00,GLD261013P00350000
GLD,2026-10-06,379.54998779296875,2026-10-13,P,355.0,0.1,0.13,0.13,5.0,4,0.23389437988281248,False,2026-10-05 19:46:11+00:00,GLD261013P00355000
GLD,2026-10-06,379.54998779296875,2026-10-13,P,360.0,0.19,0.32,0.26,10.0,0,0.22901161621093752,False,2026-10-05 19:22:16+00:00,GLD261013P00360000
GLD,2026-10-06,379.54998779296875,2026-10-13,P,363.0,0.3,0.39,0.34,2.0,58,0.20972469970703123,False,2026-10-05 19:38:54+00:00,GLD261013P00363000
GLD,2026-10-06,379.54998779296875,2026-10-13,P,364.0,0.34,0.42,0.53,3.0,122,0.20337710693359373,False,2026-10-05 16:31:04+00:00,GLD261013P00364000
GLD,2026-10-06,379.54998779296875,2026-10-13,P,365.0,0.4,0.46,0.43,10.0,508,0.1977619287109375,False,2026-10-05 19:36:37+00:00,GLD261013P00365000
GLD,2026-10-06,379.54998779296875,2026-10-13,P,366.0,0.47,0.53,0.5,5.0,55,0.19458813232421873,False,2026-10-05 19:56:12+00:00,GLD261013P00366000
GLD,2026-10-06,379.54998779296875,2026-10-13,P,367.0,0.55,0.62,0.58,2.0,53,0.192390888671875,False,2026-10-05 19:56:12+00:00,GLD261013P00367000
GLD,2026-10-06,379.54998779296875,2026-10-13,P,368.0,0.63,0.71,0.74,1.0,42,0.1889729541015625,False,2026-10-05 18:28:56+00:00,GLD261013P00368000
GLD,2026-10-06,379.54998779296875,2026-10-13,P,369.0,0.74,0.83,0.9,1.0,49,0.18677571044921876,False,2026-10-02 14:50:24+00:00,GLD261013P00369000
GLD,2026-10-06,379.54998779296875,2026-10-13,P,370.0,0.88,0.97,0.9,5.0,36,0.18470053588867186,False,2026-10-05 19:41:19+00:00,GLD261013P00370000
GLD,2026-10-06,379.54998779296875,2026-10-13,P,371.0,1.03,1.13,1.25,1.0,6,0.18262536132812499,False,2026-09-30 18:28:42+00:00,GLD261013P00371000
GLD,2026-10-06,379.54998779296875,2026-10-13,P,372.0,1.22,1.3,1.21,6.0,38,0.179695703125,False,2026-10-05 19:35:03+00:00,GLD261013P00372000
GLD,2026-10-06,379.54998779296875,2026-10-13,P,373.0,1.44,1.53,1.9,14.0,28,0.17896328857421873,False,2026-10-05 16:20:17+00:00,GLD261013P00373000
GLD,2026-10-06,379.54998779296875,2026-10-13,P,374.0,1.67,1.78,1.66,11.0,17,0.17749845947265624,False,2026-10-05 19:35:03+00:00,GLD261013P00374000
GLD,2026-10-06,379.54998779296875,2026-10-13,P,375.0,1.95,2.07,2.7,118.0,722,0.17652190673828128,False,2026-10-05 15:22:39+00:00,GLD261013P00375000
GLD,2026-10-06,379.54998779296875,2026-10-13,P,376.0,2.26,2.39,2.34,45.0,17,0.1753012158203125,False,2026-10-05 18:37:14+00:00,GLD261013P00376000
GLD,2026-10-06,379.54998779296875,2026-10-13,P,377.0,2.63,2.75,3.69,,25,0.17426362854003907,False,2026-09-30 19:40:36+00:00,GLD261013P00377000
GLD,2026-10-06,379.54998779296875,2026-10-13,P,378.0,3.0,3.15,3.34,4.0,17,0.17322604125976562,False,2026-10-05 17:54:44+00:00,GLD261013P00378000
GLD,2026-10-06,379.54998779296875,2026-10-13,P,379.0,3.45,3.6,3.36,3.0,12,0.17273776489257814,False,2026-10-05 19:38:42+00:00,GLD261013P00379000
GLD,2026-10-06,379.54998779296875,2026-10-13,P,380.0,3.9,4.1,4.0,9.0,7,0.1726156958007813,True,2026-10-02 16:33:04+00:00,GLD261013P00380000
GLD,2026-10-06,379.54998779296875,2026-10-13,P,381.0,4.45,4.65,3.3,5.0,9,0.17285983398437502,True,2026-10-02 13:45:05+00:00,GLD261013P00381000
GLD,2026-10-06,379.54998779296875,2026-10-13,P,382.0,5.0,5.25,4.99,10.0,4,0.17359224853515626,True,2026-10-02 15:02:41+00:00,GLD261013P00382000
GLD,2026-10-06,379.54998779296875,2026-10-13,P,383.0,5.55,5.9,6.9,,83,0.174812939453125,True,2026-09-29 17:33:55+00:00,GLD261013P00383000
GLD,2026-10-06,379.54998779296875,2026-10-13,P,384.0,6.2,6.55,7.15,,8,0.17432466308593753,True,2026-09-30 18:59:27+00:00,GLD261013P00384000
GLD,2026-10-06,379.54998779296875,2026-10-13,P,385.0,6.8,7.35,8.15,1.0,11,0.179695703125,True,2026-10-05 15:22:34+00:00,GLD261013P00385000
GLD,2026-10-06,379.54998779296875,2026-10-13,P,388.0,9.05,9.7,9.37,2.0,3,0.18470053588867186,True,2026-10-02 19:40:34+00:00,GLD261013P00388000
GLD,2026-10-06,379.54998779296875,2026-10-13,P,389.0,9.9,10.5,10.1,3.0,3,0.18433432861328125,True,2026-10-02 19:59:25+00:00,GLD261013P00389000
GLD,2026-10-06,379.54998779296875,2026-10-13,P,390.0,10.95,11.35,11.0,1.0,2,0.18567708862304685,True,2026-10-02 18:44:34+00:00,GLD261013P00390000
GLD,2026-10-06,379.54998779296875,2026-10-13,P,391.0,11.85,12.25,12.27,1.0,1,0.18933916137695314,True,2026-10-05 13:48:34+00:00,GLD261013P00391000
GLD,2026-10-06,379.54998779296875,2026-10-13,P,392.0,12.55,13.2,12.95,,2,0.19605296142578127,True,2026-09-29 15:28:13+00:00,GLD261013P00392000
GLD,2026-10-06,379.54998779296875,2026-10-13,P,393.0,13.5,14.1,11.66,,1,0.19800606689453126,True,2026-09-30 14:12:43+00:00,GLD261013P00393000
GLD,2026-10-06,379.54998779296875,2026-10-13,P,395.0,15.35,16.0,11.4,1.0,1,0.2082598706054687,True,2026-10-02 13:40:06+00:00,GLD261013P00395000
GLD,2026-10-06,379.54998779296875,2026-10-13,P,398.0,18.25,18.9,17.85,1.0,1,0.22510540527343748,True,2026-10-02 19:55:59+00:00,GLD261013P00398000
GLD,2026-10-06,379.54998779296875,2026-10-14,C,363.0,16.85,17.45,21.7,,5,0.24732197998046873,True,2026-09-30 14:13:59+00:00,GLD261014C00363000
GLD,2026-10-06,379.54998779296875,2026-10-14,C,364.0,15.9,16.5,20.78,,5,0.24048611083984373,True,2026-09-30 14:13:59+00:00,GLD261014C00364000
GLD,2026-10-06,379.54998779296875,2026-10-14,C,366.0,14.35,14.7,18.7,,4,0.2329178271484375,True,2026-10-01 18:34:57+00:00,GLD261014C00366000
GLD,2026-10-06,379.54998779296875,2026-10-14,C,367.0,13.2,13.8,14.29,3.0,2,0.2280350634765625,True,2026-10-02 19:54:03+00:00,GLD261014C00367000
GLD,2026-10-06,379.54998779296875,2026-10-14,C,368.0,12.55,12.95,16.9,1.0,1,0.22571575073242187,True,2026-10-02 14:07:02+00:00,GLD261014C00368000
GLD,2026-10-06,379.54998779296875,2026-10-14,C,370.0,10.8,11.25,10.45,1.0,1,0.2180253979492187,True,2026-10-05 15:22:34+00:00,GLD261014C00370000
GLD,2026-10-06,379.54998779296875,2026-10-14,C,377.0,5.9,6.15,6.82,2.0,11,0.20117986328124998,True,2026-10-02 19:54:03+00:00,GLD261014C00377000
GLD,2026-10-06,379.54998779296875,2026-10-14,C,378.0,5.35,5.55,5.3,5.0,2,0.1995319305419922,True,2026-10-05 16:49:31+00:00,GLD261014C00378000
GLD,2026-10-06,379.54998779296875,2026-10-14,C,379.0,4.8,5.0,4.78,131.0,4,0.1986164123535156,True,2026-10-05 18:23:01+00:00,GLD261014C00379000
GLD,2026-10-06,379.54998779296875,2026-10-14,C,380.0,4.35,4.55,4.41,11.0,9,0.2005695178222656,False,2026-10-05 20:14:15+00:00,GLD261014C00380000
GLD,2026-10-06,379.54998779296875,2026-10-14,C,381.0,3.85,4.0,3.89,2.0,7,0.19684641052246094,False,2026-10-05 18:35:16+00:00,GLD261014C00381000
GLD,2026-10-06,379.54998779296875,2026-10-14,C,382.0,3.4,3.55,3.35,3.0,8,0.1959308923339844,False,2026-10-05 16:53:24+00:00,GLD261014C00382000
GLD,2026-10-06,379.54998779296875,2026-10-14,C,383.0,2.99,3.15,3.09,16.0,8,0.19568675415039063,False,2026-10-05 18:35:16+00:00,GLD261014C00383000
GLD,2026-10-06,379.54998779296875,2026-10-14,C,384.0,2.67,2.8,2.67,3.0,13,0.19623606506347657,False,2026-10-05 17:52:18+00:00,GLD261014C00384000
GLD,2026-10-06,379.54998779296875,2026-10-14,C,385.0,2.35,2.47,2.45,8.0,29,0.196297099609375,False,2026-10-05 19:23:29+00:00,GLD261014C00385000
GLD,2026-10-06,379.54998779296875,2026-10-14,C,386.0,2.03,2.16,2.72,7.0,120,0.1959308923339844,False,2026-10-02 17:52:21+00:00,GLD261014C00386000
GLD,2026-10-06,379.54998779296875,2026-10-14,C,387.0,1.8,1.91,1.84,3.0,36,0.19702951416015624,False,2026-10-05 15:21:41+00:00,GLD261014C00387000
GLD,2026-10-06,379.54998779296875,2026-10-14,C,388.0,1.55,1.68,2.6,14.0,35,0.19788399780273438,False,2026-10-02 15:04:53+00:00,GLD261014C00388000
GLD,2026-10-06,379.54998779296875,2026-10-14,C,389.0,1.36,1.46,1.55,61.0,43,0.19800606689453126,False,2026-10-05 14:06:40+00:00,GLD261014C00389000
GLD,2026-10-06,379.54998779296875,2026-10-14,C,390.0,1.19,1.28,1.23,106.0,95,0.19916572326660154,False,2026-10-05 20:12:02+00:00,GLD261014C00390000
GLD,2026-10-06,379.54998779296875,2026-10-14,C,391.0,1.02,1.13,1.13,94.0,109,0.20093572509765623,False,2026-10-05 19:31:31+00:00,GLD261014C00391000
GLD,2026-10-06,379.54998779296875,2026-10-14,C,392.0,0.89,0.99,0.97,2.0,150,0.20227848510742186,False,2026-10-05 19:49:32+00:00,GLD261014C00392000
GLD,2026-10-06,379.54998779296875,2026-10-14,C,393.0,0.78,0.87,0.83,92.0,5,0.20386538330078124,False,2026-10-05 18:45:56+00:00,GLD261014C00393000
GLD,2026-10-06,379.54998779296875,2026-10-14,C,394.0,0.68,0.75,0.9,1.0,6,0.20447572875976558,False,2026-10-05 14:02:02+00:00,GLD261014C00394000
GLD,2026-10-06,379.54998779296875,2026-10-14,C,395.0,0.59,0.69,0.65,5.0,4,0.20899228515624996,False,2026-10-05 19:37:50+00:00,GLD261014C00395000
GLD,2026-10-06,379.54998779296875,2026-10-14,C,396.0,0.51,0.61,1.7,,2,0.21106745971679686,False,2026-09-30 16:03:07+00:00,GLD261014C00396000
GLD,2026-10-06,379.54998779296875,2026-10-14,C,397.0,0.45,0.51,0.53,101.0,14,0.21021297607421874,False,2026-10-05 20:00:13+00:00,GLD261014C00397000
GLD,2026-10-06,379.54998779296875,2026-10-14,C,400.0,0.31,0.38,0.38,2.0,15,0.22022264160156246,False,2026-10-02 16:03:09+00:00,GLD261014C00400000
GLD,2026-10-06,379.54998779296875,2026-10-14,C,401.0,0.27,0.41,0.73,,113,0.23218541259765624,False,2026-10-01 15:06:18+00:00,GLD261014C00401000
GLD,2026-10-06,379.54998779296875,2026-10-14,C,402.0,0.23,0.38,0.75,,1,0.23633576171874998,False,2026-10-01 14:29:19+00:00,GLD261014C00402000
GLD,2026-10-06,379.54998779296875,2026-10-14,C,403.0,0.2,0.36,0.6,,437,0.24146266357421875,False,2026-10-01 15:06:18+00:00,GLD261014C00403000
GLD,2026-10-06,379.54998779296875,2026-10-14,C,406.0,0.13,0.29,0.52,5.0,5,0.2534254345703125,False,2026-10-02 13:55:34+00:00,GLD261014C00406000
GLD,2026-10-06,379.54998779296875,2026-10-14,C,407.0,0.1,0.28,0.28,5.0,5,0.25879647460937505,False,2026-10-02 17:24:08+00:00,GLD261014C00407000
GLD,2026-10-06,379.54998779296875,2026-10-14,C,409.0,0.07,0.25,0.39,,46,0.26758544921875,False,2026-10-01 19:48:28+00:00,GLD261014C00409000
GLD,2026-10-06,379.54998779296875,2026-10-14,C,410.0,0.06,0.25,0.26,17.0,17,0.2749095947265625,False,2026-10-02 16:15:17+00:00,GLD261014C00410000
GLD,2026-10-06,379.54998779296875,2026-10-14,C,411.0,0.11,0.21,0.16,1.0,26,0.2732006274414062,False,2026-10-05 15:11:51+00:00,GLD261014C00411000
GLD,2026-10-06,379.54998779296875,2026-10-14,C,415.0,0.02,0.2,0.21,,1,0.2978585839843749,False,2026-10-01 18:25:45+00:00,GLD261014C00415000
GLD,2026-10-06,379.54998779296875,2026-10-14,C,475.0,0.01,0.06,0.06,4.0,1,0.52539537109375,False,2026-10-05 14:00:51+00:00,GLD261014C00475000
GLD,2026-10-06,379.54998779296875,2026-10-14,C,480.0,0.01,0.05,0.05,1.0,1,0.5390671093750001,False,2026-10-05 18:42:21+00:00,GLD261014C00480000
GLD,2026-10-06,379.54998779296875,2026-10-14,C,485.0,0.0,0.05,0.05,1.0,1,0.5507857421875001,False,2026-10-05 18:42:12+00:00,GLD261014C00485000
GLD,2026-10-06,379.54998779296875,2026-10-14,P,280.0,0.0,0.07,0.04,2.0,2,0.710940390625,False,2026-10-02 16:11:54+00:00,GLD261014P00280000
GLD,2026-10-06,379.54998779296875,2026-10-14,P,285.0,0.0,0.05,0.04,1.0,10,0.648441015625,False,2026-10-02 18:18:33+00:00,GLD261014P00285000
GLD,2026-10-06,379.54998779296875,2026-10-14,P,290.0,0.0,0.04,0.01,11.0,4,0.6015664843750002,False,2026-10-05 18:52:15+00:00,GLD261014P00290000
GLD,2026-10-06,379.54998779296875,2026-10-14,P,310.0,0.01,0.05,0.03,1.0,2,0.5097705273437501,False,2026-10-05 19:41:07+00:00,GLD261014P00310000
GLD,2026-10-06,379.54998779296875,2026-10-14,P,315.0,0.01,0.06,0.05,2.0,1,0.48242705078125003,False,2026-10-02 14:56:32+00:00,GLD261014P00315000
GLD,2026-10-06,379.54998779296875,2026-10-14,P,320.0,0.01,0.11,0.05,4.0,1,0.48242705078125003,False,2026-10-05 17:23:31+00:00,GLD261014P00320000
GLD,2026-10-06,379.54998779296875,2026-10-14,P,325.0,0.02,0.11,0.08,3.0,1,0.44336494140625,False,2026-10-05 13:59:21+00:00,GLD261014P00325000
GLD,2026-10-06,379.54998779296875,2026-10-14,P,330.0,0.02,0.12,0.07,3.0,8,0.4101621484375,False,2026-10-05 19:32:00+00:00,GLD261014P00330000
GLD,2026-10-06,379.54998779296875,2026-10-14,P,335.0,0.01,0.15,0.09,2.0,1,0.383795224609375,False,2026-10-02 15:34:22+00:00,GLD261014P00335000
GLD,2026-10-06,379.54998779296875,2026-10-14,P,350.0,0.11,0.2,0.17,2.0,1,0.2788158056640625,False,2026-10-05 15:49:53+00:00,GLD261014P00350000
GLD,2026-10-06,379.54998779296875,2026-10-14,P,355.0,0.17,0.32,0.28,3.0,251,0.2602613037109375,False,2026-10-05 15:19:49+00:00,GLD261014P00355000
GLD,2026-10-06,379.54998779296875,2026-10-14,P,360.0,0.31,0.44,0.48,3.0,1,0.23194127441406248,False,2026-10-05 14:04:53+00:00,GLD261014P00360000
GLD,2026-10-06,379.54998779296875,2026-10-14,P,363.0,0.47,0.56,0.58,90.0,35,0.21643849975585935,False,2026-10-05 18:45:56+00:00,GLD261014P00363000
GLD,2026-10-06,379.54998779296875,2026-10-14,P,364.0,0.54,0.63,1.01,2.0,22,0.21314263427734376,False,2026-10-02 17:26:46+00:00,GLD261014P00364000
GLD,2026-10-06,379.54998779296875,2026-10-14,P,365.0,0.62,0.71,0.63,98.0,4,0.21009090698242186,False,2026-10-05 19:41:07+00:00,GLD261014P00365000
GLD,2026-10-06,379.54998779296875,2026-10-14,P,366.0,0.73,0.8,0.73,1.0,22,0.20691711059570309,False,2026-10-05 20:09:51+00:00,GLD261014P00366000
GLD,2026-10-06,379.54998779296875,2026-10-14,P,367.0,0.83,0.92,1.34,,33,0.20508607421874997,False,2026-10-01 13:40:21+00:00,GLD261014P00367000
GLD,2026-10-06,379.54998779296875,2026-10-14,P,368.0,0.95,1.05,1.2,,21,0.20288883056640622,False,2026-10-01 18:34:55+00:00,GLD261014P00368000
GLD,2026-10-06,379.54998779296875,2026-10-14,P,369.0,1.1,1.2,1.14,3.0,24,0.20093572509765623,False,2026-10-05 19:02:06+00:00,GLD261014P00369000
GLD,2026-10-06,379.54998779296875,2026-10-14,P,370.0,1.28,1.37,1.29,5.0,48,0.19904365417480469,False,2026-10-05 19:02:06+00:00,GLD261014P00370000
GLD,2026-10-06,379.54998779296875,2026-10-14,P,371.0,1.46,1.55,1.93,,59,0.19654123779296873,False,2026-10-01 14:32:23+00:00,GLD261014P00371000
GLD,2026-10-06,379.54998779296875,2026-10-14,P,372.0,1.67,1.77,2.1,1.0,27,0.19507640869140624,False,2026-10-05 15:22:01+00:00,GLD261014P00372000
GLD,2026-10-06,379.54998779296875,2026-10-14,P,373.0,1.92,2.0,1.95,2.0,22,0.19275709594726562,False,2026-10-05 20:09:44+00:00,GLD261014P00373000
GLD,2026-10-06,379.54998779296875,2026-10-14,P,374.0,2.19,2.3,2.73,8.0,87,0.19263502685546874,False,2026-10-05 15:22:00+00:00,GLD261014P00374000
GLD,2026-10-06,379.54998779296875,2026-10-14,P,375.0,2.49,2.62,2.68,18.0,54,0.19196364685058598,False,2026-10-05 18:05:10+00:00,GLD261014P00375000
GLD,2026-10-06,379.54998779296875,2026-10-14,P,376.0,2.83,2.96,3.25,,17,0.19080399047851562,False,2026-10-01 13:32:06+00:00,GLD261014P00376000
GLD,2026-10-06,379.54998779296875,2026-10-14,P,377.0,3.2,3.35,3.63,5.0,17,0.1903767486572266,False,2026-10-05 17:46:59+00:00,GLD261014P00377000
GLD,2026-10-06,379.54998779296875,2026-10-14,P,378.0,3.6,3.8,4.3,2.0,8,0.19104812866210938,False,2026-10-05 17:20:51+00:00,GLD261014P00378000
GLD,2026-10-06,379.54998779296875,2026-10-14,P,379.0,4.05,4.2,4.12,1.0,4,0.18811847045898436,False,2026-10-05 20:14:15+00:00,GLD261014P00379000
GLD,2026-10-06,379.54998779296875,2026-10-14,P,380.0,4.55,4.75,5.0,54.0,60,0.1900715759277344,True,2026-10-05 16:00:52+00:00,GLD261014P00380000
GLD,2026-10-06,379.54998779296875,2026-10-14,P,381.0,5.05,5.3,5.75,2.0,3,0.1905598522949219,True,2026-10-02 16:35:11+00:00,GLD261014P00381000
GLD,2026-10-06,379.54998779296875,2026-10-14,P,383.0,6.15,6.45,5.65,,2,0.1891560577392578,True,2026-10-01 17:54:12+00:00,GLD261014P00383000
GLD,2026-10-06,379.54998779296875,2026-10-14,P,385.0,7.35,7.85,8.5,13.0,15,0.19312330322265625,True,2026-10-02 16:24:46+00:00,GLD261014P00385000
GLD,2026-10-06,379.54998779296875,2026-10-14,P,386.0,8.0,8.55,10.0,9.0,8,0.19300123413085937,True,2026-10-02 16:02:19+00:00,GLD261014P00386000
GLD,2026-10-06,379.54998779296875,2026-10-14,P,387.0,8.7,9.3,8.15,,3,0.19403882141113282,True,2026-10-01 16:30:24+00:00,GLD261014P00387000
GLD,2026-10-06,379.54998779296875,2026-10-14,P,388.0,9.65,10.1,9.96,3.0,1,0.19641916870117188,True,2026-10-05 14:21:58+00:00,GLD261014P00388000
GLD,2026-10-06,379.54998779296875,2026-10-14,P,389.0,10.45,10.9,10.43,1.0,1,0.19751779052734375,True,2026-10-05 13:39:32+00:00,GLD261014P00389000
GLD,2026-10-06,379.54998779296875,2026-10-14,P,390.0,11.3,11.7,11.32,1.0,2,0.19739572143554687,True,2026-10-05 19:26:56+00:00,GLD261014P00390000
GLD,2026-10-06,379.54998779296875,2026-10-14,P,391.0,11.95,12.55,13.95,2.0,1,0.1991046887207031,True,2026-10-02 16:02:19+00:00,GLD261014P00391000
GLD,2026-10-06,379.54998779296875,2026-10-14,P,402.0,22.1,24.2,20.63,,1,0.3579165771484375,True,2026-10-01 13:32:06+00:00,GLD261014P00402000
GLD,2026-10-06,379.54998779296875,2026-10-14,P,403.0,22.65,24.75,21.56,,1,0.3347234497070312,True,2026-10-01 13:32:06+00:00,GLD261014P00403000
GLD,2026-10-06,379.54998779296875,2026-10-14,P,404.0,23.5,26.15,22.49,,1,0.3742738354492187,True,2026-10-01 13:32:06+00:00,GLD261014P00404000
GLD,2026-10-06,379.54998779296875,2026-10-14,P,405.0,24.55,26.75,23.45,,1,0.35352208984374994,True,2026-10-01 13:32:06+00:00,GLD261014P00405000
GLD,2026-10-06,379.54998779296875,2026-10-14,P,407.0,27.05,28.7,25.37,,1,0.3679262426757813,True,2026-10-01 13:32:07+00:00,GLD261014P00407000
GLD,2026-10-06,379.54998779296875,2026-10-15,C,375.0,7.5,8.0,8.1,1.0,1,0.21772022521972656,True,2026-10-02 17:14:45+00:00,GLD261015C00375000
GLD,2026-10-06,379.54998779296875,2026-10-15,C,379.0,5.15,5.35,4.85,58.0,1,0.2024005541992187,True,2026-10-05 17:17:05+00:00,GLD261015C00379000
GLD,2026-10-06,379.54998779296875,2026-10-15,C,380.0,4.65,4.85,4.65,67.0,3,0.2022174505615234,False,2026-10-05 18:20:53+00:00,GLD261015C00380000
GLD,2026-10-06,379.54998779296875,2026-10-15,C,381.0,4.2,4.35,4.05,1.0,6,0.20081365600585935,False,2026-10-05 15:22:34+00:00,GLD261015C00381000
GLD,2026-10-06,379.54998779296875,2026-10-15,C,382.0,3.75,3.9,3.83,10.0,16,0.2000812414550781,False,2026-10-05 20:10:23+00:00,GLD261015C00382000
GLD,2026-10-06,379.54998779296875,2026-10-15,C,383.0,3.35,3.5,3.22,4.0,15,0.2000812414550781,False,2026-10-05 17:26:17+00:00,GLD261015C00383000
GLD,2026-10-06,379.54998779296875,2026-10-15,C,384.0,2.98,3.15,3.06,7.0,7,0.20099675964355468,False,2026-10-05 20:10:23+00:00,GLD261015C00384000
GLD,2026-10-06,379.54998779296875,2026-10-15,C,385.0,2.65,2.77,2.91,39.0,2,0.19934882690429687,False,2026-10-05 15:24:42+00:00,GLD261015C00385000
GLD,2026-10-06,379.54998779296875,2026-10-15,C,386.0,2.33,2.46,2.66,4.0,1,0.19947089599609374,False,2026-10-05 14:45:06+00:00,GLD261015C00386000
GLD,2026-10-06,379.54998779296875,2026-10-15,C,388.0,1.83,1.93,2.01,18.0,18,0.2002643450927734,False,2026-10-05 16:01:34+00:00,GLD261015C00388000
GLD,2026-10-06,379.54998779296875,2026-10-15,C,389.0,1.61,1.72,1.87,3.0,9,0.20160710510253904,False,2026-10-05 15:09:40+00:00,GLD261015C00389000
GLD,2026-10-06,379.54998779296875,2026-10-15,C,390.0,1.4,1.51,1.55,27.0,5,0.20179020874023437,False,2026-10-05 19:38:30+00:00,GLD261015C00390000
GLD,2026-10-06,379.54998779296875,2026-10-15,C,391.0,1.23,1.33,1.33,75.0,1,0.20252262329101559,False,2026-10-05 19:23:45+00:00,GLD261015C00391000
GLD,2026-10-06,379.54998779296875,2026-10-15,C,392.0,1.08,1.18,1.52,35.0,5,0.2039874523925781,False,2026-10-05 13:32:02+00:00,GLD261015C00392000
GLD,2026-10-06,379.54998779296875,2026-10-15,C,393.0,0.95,1.06,1.09,1.0,11,0.20642883422851557,False,2026-10-05 15:54:34+00:00,GLD261015C00393000
GLD,2026-10-06,379.54998779296875,2026-10-15,C,394.0,0.84,0.93,2.57,3.0,8,0.20728331787109372,False,2026-10-02 13:39:38+00:00,GLD261015C00394000
GLD,2026-10-06,379.54998779296875,2026-10-15,C,395.0,0.74,0.83,0.79,7.0,1,0.2092364233398437,False,2026-10-05 16:34:35+00:00,GLD261015C00395000
GLD,2026-10-06,379.54998779296875,2026-10-15,C,396.0,0.65,0.75,0.7,1.0,3,0.21204401245117185,False,2026-10-05 17:52:29+00:00,GLD261015C00396000
GLD,2026-10-06,379.54998779296875,2026-10-15,C,400.0,0.4,0.48,0.48,124.0,17,0.22046677978515622,False,2026-10-05 19:38:30+00:00,GLD261015C00400000
GLD,2026-10-06,379.54998779296875,2026-10-15,C,410.0,0.15,0.34,0.29,403.0,379,0.27637442382812494,False,2026-10-02 16:15:17+00:00,GLD261015C00410000
GLD,2026-10-06,379.54998779296875,2026-10-15,C,412.0,0.13,0.29,0.35,70.0,70,0.2815013256835937,False,2026-10-02 14:29:41+00:00,GLD261015C00412000
GLD,2026-10-06,379.54998779296875,2026-10-15,C,415.0,0.1,0.24,0.28,45.0,45,0.2915109912109374,False,2026-10-02 14:28:25+00:00,GLD261015C00415000
GLD,2026-10-06,379.54998779296875,2026-10-15,C,418.0,0.09,0.15,0.14,6.0,40,0.2876047802734374,False,2026-10-05 13:50:50+00:00,GLD261015C00418000
GLD,2026-10-06,379.54998779296875,2026-10-15,C,455.0,0.01,0.05,0.05,2.0,100,0.42969320312500003,False,2026-10-05 14:56:59+00:00,GLD261015C00455000
GLD,2026-10-06,379.54998779296875,2026-10-15,C,460.0,0.01,0.05,0.05,2.0,100,0.45117736328125,False,2026-10-05 14:58:30+00:00,GLD261015C00460000
GLD,2026-10-06,379.54998779296875,2026-10-15,C,500.0,0.0,0.05,0.05,2.0,1,0.57812921875,False,2026-10-05 14:54:12+00:00,GLD261015C00500000
GLD,2026-10-06,379.54998779296875,2026-10-15,P,275.0,0.0,0.06,0.03,2.0,2,0.6992217578125001,False,2026-10-02 15:09:28+00:00,GLD261015P00275000
GLD,2026-10-06,379.54998779296875,2026-10-15,P,280.0,0.0,0.06,0.02,16.0,11,0.6640658593750002,False,2026-10-05 15:43:59+00:00,GLD261015P00280000
GLD,2026-10-06,379.54998779296875,2026-10-15,P,350.0,0.14,0.31,0.24,10.0,411,0.2866282275390625,False,2026-10-05 13:33:33+00:00,GLD261015P00350000
GLD,2026-10-06,379.54998779296875,2026-10-15,P,360.0,0.41,0.56,0.61,2.0,2,0.233406103515625,False,2026-10-05 14:28:52+00:00,GLD261015P00360000
GLD,2026-10-06,379.54998779296875,2026-10-15,P,363.0,0.59,0.71,0.75,10.0,1,0.21900195068359374,False,2026-10-05 13:33:33+00:00,GLD261015P00363000
GLD,2026-10-06,379.54998779296875,2026-10-15,P,364.0,0.67,0.77,1.12,1.0,1,0.21411918701171873,False,2026-10-02 17:39:23+00:00,GLD261015P00364000
GLD,2026-10-06,379.54998779296875,2026-10-15,P,365.0,0.78,0.86,1.03,1.0,15,0.2111895288085937,False,2026-10-05 16:13:50+00:00,GLD261015P00365000
GLD,2026-10-06,379.54998779296875,2026-10-15,P,367.0,1.0,1.08,0.96,1.0,1,0.2054522814941406,False,2026-10-02 13:44:44+00:00,GLD261015P00367000
GLD,2026-10-06,379.54998779296875,2026-10-15,P,368.0,1.14,1.23,1.58,4.0,12,0.20386538330078124,False,2026-10-05 15:22:38+00:00,GLD261015P00368000
GLD,2026-10-06,379.54998779296875,2026-10-15,P,369.0,1.31,1.4,1.35,1.0,12,0.2024005541992187,False,2026-10-05 19:10:08+00:00,GLD261015P00369000
GLD,2026-10-06,379.54998779296875,2026-10-15,P,370.0,1.5,1.57,1.62,3.0,18,0.1998981378173828,False,2026-10-05 18:37:50+00:00,GLD261015P00370000
GLD,2026-10-06,379.54998779296875,2026-10-15,P,371.0,1.69,1.78,2.26,4.0,1,0.19849434326171872,False,2026-10-05 15:22:38+00:00,GLD261015P00371000
GLD,2026-10-06,379.54998779296875,2026-10-15,P,372.0,1.92,2.01,2.27,7.0,2,0.19690744506835936,False,2026-10-05 13:50:37+00:00,GLD261015P00372000
GLD,2026-10-06,379.54998779296875,2026-10-15,P,373.0,2.19,2.29,2.67,1.0,1,0.19654123779296873,False,2026-10-05 17:09:47+00:00,GLD261015P00373000
GLD,2026-10-06,379.54998779296875,2026-10-15,P,374.0,2.46,2.58,2.64,7.0,140,0.195320546875,False,2026-10-05 18:37:50+00:00,GLD261015P00374000
GLD,2026-10-06,379.54998779296875,2026-10-15,P,375.0,2.78,2.9,2.79,12.0,712,0.19422192504882813,False,2026-10-05 19:27:20+00:00,GLD261015P00375000
GLD,2026-10-06,379.54998779296875,2026-10-15,P,376.0,3.1,3.25,3.4,11.0,9,0.1931843377685547,False,2026-10-05 17:55:21+00:00,GLD261015P00376000
GLD,2026-10-06,379.54998779296875,2026-10-15,P,377.0,3.5,3.65,3.93,1.0,308,0.1928791650390625,False,2026-10-05 14:01:25+00:00,GLD261015P00377000
GLD,2026-10-06,379.54998779296875,2026-10-15,P,378.0,3.9,4.1,4.55,30.0,11,0.19336744140625,False,2026-10-02 14:55:39+00:00,GLD261015P00378000
GLD,2026-10-06,379.54998779296875,2026-10-15,P,379.0,4.35,4.55,4.69,1.0,9,0.1925129577636719,False,2026-10-05 14:19:13+00:00,GLD261015P00379000
GLD,2026-10-06,379.54998779296875,2026-10-15,P,380.0,4.85,5.05,5.35,8.0,9,0.19226881958007813,True,2026-10-05 15:26:09+00:00,GLD261015P00380000
GLD,2026-10-06,379.54998779296875,2026-10-15,P,381.0,5.35,5.6,4.25,24.0,23,0.19275709594726562,True,2026-10-02 13:53:59+00:00,GLD261015P00381000
GLD,2026-10-06,379.54998779296875,2026-10-15,P,382.0,5.9,6.15,4.6,2.0,1,0.19196364685058598,True,2026-10-02 13:44:00+00:00,GLD261015P00382000
GLD,2026-10-06,379.54998779296875,2026-10-15,P,383.0,6.5,6.85,6.8,2.0,21,0.19605296142578127,True,2026-10-05 14:19:02+00:00,GLD261015P00383000
GLD,2026-10-06,379.54998779296875,2026-10-15,P,384.0,7.05,7.5,5.4,2.0,2,0.19678537597656248,True,2026-10-02 13:48:27+00:00,GLD261015P00384000
GLD,2026-10-06,379.54998779296875,2026-10-15,P,385.0,7.75,8.2,8.75,5.0,10,0.19849434326171872,True,2026-10-02 17:14:44+00:00,GLD261015P00385000
GLD,2026-10-06,379.54998779296875,2026-10-15,P,386.0,8.4,9.0,6.45,2.0,2,0.2036212451171875,True,2026-10-02 13:48:27+00:00,GLD261015P00386000
GLD,2026-10-06,379.54998779296875,2026-10-15,P,387.0,9.15,9.75,7.1,1.0,1,0.2054522814941406,True,2026-10-02 13:46:53+00:00,GLD261015P00387000
GLD,2026-10-06,379.54998779296875,2026-10-15,P,397.0,17.7,18.35,18.3,1.0,2,0.23303989624023438,True,2026-10-05 17:52:28+00:00,GLD261015P00397000
GLD,2026-10-06,379.54998779296875,2026-10-15,P,400.0,20.25,21.0,20.5,1.0,1,0.2280350634765625,True,2026-10-05 13:54:04+00:00,GLD261015P00400000
GLD,2026-10-06,379.54998779296875,2026-10-15,P,402.0,22.15,24.25,23.17,1.0,1,0.34278000976562495,True,2026-10-02 17:30:27+00:00,GLD261015P00402000
