symbol,snapshot_date,spot,expiry,right,strike,bid,ask,last_price,volume,open_interest,implied_vol,in_the_money,last_trade_date,contract_symbol
SPY,2026-10-03,769.64,2026-10-05,C,595.0,174.1,175.85,174.65,6.0,0,1.2656286718749998,True,2026-10-02 18:28:42+00:00,SPY261005C00595000
SPY,2026-10-03,769.64,2026-10-05,C,680.0,89.22,90.87,90.16,82.0,45,0.6894562304687502,True,2026-10-02 19:59:41+00:00,SPY261005C00680000
SPY,2026-10-03,769.64,2026-10-05,C,685.0,84.11,85.87,84.65,152.0,22,0.639652041015625,True,2026-10-02 19:59:02+00:00,SPY261005C00685000
SPY,2026-10-03,769.64,2026-10-05,C,690.0,79.12,80.87,79.95,193.0,45,0.6069375244140626,True,2026-10-02 19:39:26+00:00,SPY261005C00690000
SPY,2026-10-03,769.64,2026-10-05,C,695.0,74.12,75.88,73.87,106.0,28,0.5742230078125,True,2026-10-02 19:57:58+00:00,SPY261005C00695000
SPY,2026-10-03,769.64,2026-10-05,C,700.0,69.04,70.88,69.76,127.0,23,0.5297898583984376,True,2026-10-02 19:58:18+00:00,SPY261005C00700000
SPY,2026-10-03,769.64,2026-10-05,C,705.0,64.09,65.87,64.62,140.0,42,0.5004932763671875,True,2026-10-02 19:32:53+00:00,SPY261005C00705000
SPY,2026-10-03,769.64,2026-10-05,C,710.0,59.2,60.88,59.67,151.0,33,0.6015664843750002,True,2026-10-02 19:57:20+00:00,SPY261005C00710000
SPY,2026-10-03,769.64,2026-10-05,C,720.0,49.19,50.88,49.83,105.0,53,0.5192919165039063,True,2026-10-02 19:49:27+00:00,SPY261005C00720000
SPY,2026-10-03,769.64,2026-10-05,C,725.0,44.12,45.88,44.34,76.0,93,0.477544287109375,True,2026-10-02 18:47:36+00:00,SPY261005C00725000
SPY,2026-10-03,769.64,2026-10-05,C,727.0,42.08,43.89,42.24,66.0,34,0.46179737426757816,True,2026-10-02 19:12:44+00:00,SPY261005C00727000
SPY,2026-10-03,769.64,2026-10-05,C,728.0,41.19,42.7,41.23,68.0,60,0.4351863122558594,True,2026-10-02 19:15:10+00:00,SPY261005C00728000
SPY,2026-10-03,769.64,2026-10-05,C,729.0,40.19,41.9,40.84,57.0,53,0.4458063232421875,True,2026-10-02 19:51:06+00:00,SPY261005C00729000
SPY,2026-10-03,769.64,2026-10-05,C,730.0,39.19,40.89,39.73,125.0,89,0.436529072265625,True,2026-10-02 19:50:53+00:00,SPY261005C00730000
SPY,2026-10-03,769.64,2026-10-05,C,733.0,36.19,37.67,36.78,101.0,89,0.39111937011718745,True,2026-10-02 19:58:48+00:00,SPY261005C00733000
SPY,2026-10-03,769.64,2026-10-05,C,734.0,35.19,36.74,35.92,142.0,39,0.3891662646484375,True,2026-10-02 20:06:59+00:00,SPY261005C00734000
SPY,2026-10-03,769.64,2026-10-05,C,735.0,34.21,35.81,34.97,111.0,84,0.3869690209960937,True,2026-10-02 20:06:59+00:00,SPY261005C00735000
SPY,2026-10-03,769.64,2026-10-05,C,736.0,33.19,34.88,33.57,169.0,84,0.38440557006835935,True,2026-10-02 19:56:41+00:00,SPY261005C00736000
SPY,2026-10-03,769.64,2026-10-05,C,737.0,32.19,33.8,32.53,99.0,85,0.36914693359375,True,2026-10-02 19:53:26+00:00,SPY261005C00737000
SPY,2026-10-03,769.64,2026-10-05,C,739.0,30.19,31.68,30.65,75.0,58,0.34180345703125,True,2026-10-02 19:54:46+00:00,SPY261005C00739000
SPY,2026-10-03,769.64,2026-10-05,C,740.0,29.07,30.8,29.59,266.0,92,0.34326828613281246,True,2026-10-02 20:00:10+00:00,SPY261005C00740000
SPY,2026-10-03,769.64,2026-10-05,C,742.0,27.19,28.81,28.33,160.0,306,0.3267889587402344,True,2026-10-02 19:53:39+00:00,SPY261005C00742000
SPY,2026-10-03,769.64,2026-10-05,C,743.0,26.19,27.7,26.09,340.0,87,0.30933307861328124,True,2026-10-02 19:45:12+00:00,SPY261005C00743000
SPY,2026-10-03,769.64,2026-10-05,C,744.0,25.19,26.46,25.89,346.0,267,0.28064684204101553,True,2026-10-02 20:05:12+00:00,SPY261005C00744000
SPY,2026-10-03,769.64,2026-10-05,C,745.0,24.18,25.29,24.86,213.0,299,0.256843369140625,True,2026-10-02 20:05:12+00:00,SPY261005C00745000
SPY,2026-10-03,769.64,2026-10-05,C,746.0,23.13,24.35,23.96,111.0,387,0.25427991821289064,True,2026-10-02 19:48:48+00:00,SPY261005C00746000
SPY,2026-10-03,769.64,2026-10-05,C,747.0,22.2,23.45,22.58,176.0,130,0.25476819458007816,True,2026-10-02 19:31:14+00:00,SPY261005C00747000
SPY,2026-10-03,769.64,2026-10-05,C,748.0,21.11,22.72,22.09,179.0,141,0.26709717285156254,True,2026-10-02 19:38:33+00:00,SPY261005C00748000
SPY,2026-10-03,769.64,2026-10-05,C,749.0,20.24,21.5,21.09,354.0,172,0.24182887084960938,True,2026-10-02 19:38:33+00:00,SPY261005C00749000
SPY,2026-10-03,769.64,2026-10-05,C,750.0,19.2,20.54,20.17,234.0,1420,0.2362136926269531,True,2026-10-02 20:14:54+00:00,SPY261005C00750000
SPY,2026-10-03,769.64,2026-10-05,C,751.0,18.2,19.5,18.58,49.0,404,0.22449505981445309,True,2026-10-02 16:11:49+00:00,SPY261005C00751000
SPY,2026-10-03,769.64,2026-10-05,C,752.0,17.21,18.74,17.86,291.0,1077,0.23242955078125,True,2026-10-02 19:34:49+00:00,SPY261005C00752000
SPY,2026-10-03,769.64,2026-10-05,C,753.0,16.21,17.36,16.38,63.0,733,0.19654123779296873,True,2026-10-02 18:51:29+00:00,SPY261005C00753000
SPY,2026-10-03,769.64,2026-10-05,C,754.0,15.21,16.37,15.78,188.0,1119,0.18860674682617187,True,2026-10-02 19:25:56+00:00,SPY261005C00754000
SPY,2026-10-03,769.64,2026-10-05,C,755.0,14.24,15.37,15.03,428.0,489,0.17981777221679687,True,2026-10-02 20:02:03+00:00,SPY261005C00755000
SPY,2026-10-03,769.64,2026-10-05,C,756.0,13.24,14.37,13.93,149.0,460,0.1710287976074219,True,2026-10-02 19:36:05+00:00,SPY261005C00756000
SPY,2026-10-03,769.64,2026-10-05,C,757.0,13.05,13.39,12.8,233.0,525,0.16346051391601565,True,2026-10-02 20:12:22+00:00,SPY261005C00757000
SPY,2026-10-03,769.64,2026-10-05,C,758.0,11.69,12.4,11.95,2076.0,581,0.1550377465820313,True,2026-10-02 19:59:36+00:00,SPY261005C00758000
SPY,2026-10-03,769.64,2026-10-05,C,759.0,11.16,11.42,11.35,408.0,968,0.1469811865234375,True,2026-10-02 20:14:42+00:00,SPY261005C00759000
SPY,2026-10-03,769.64,2026-10-05,C,760.0,10.2,10.44,10.25,2420.0,2210,0.1388025573730469,True,2026-10-02 20:14:08+00:00,SPY261005C00760000
SPY,2026-10-03,769.64,2026-10-05,C,761.0,9.25,9.5,9.2,922.0,1498,0.13257703369140628,True,2026-10-02 20:14:43+00:00,SPY261005C00761000
SPY,2026-10-03,769.64,2026-10-05,C,762.0,8.04,8.55,8.08,1230.0,1306,0.1253139227294922,True,2026-10-02 20:01:19+00:00,SPY261005C00762000
SPY,2026-10-03,769.64,2026-10-05,C,763.0,7.39,7.62,7.43,2004.0,1606,0.11853908813476563,True,2026-10-02 20:14:12+00:00,SPY261005C00763000
SPY,2026-10-03,769.64,2026-10-05,C,764.0,6.5,6.57,6.58,3204.0,1447,0.1054776953125,True,2026-10-02 20:14:33+00:00,SPY261005C00764000
SPY,2026-10-03,769.64,2026-10-05,C,765.0,5.64,5.68,5.72,5308.0,2050,0.09949630981445312,True,2026-10-02 20:14:33+00:00,SPY261005C00765000
SPY,2026-10-03,769.64,2026-10-05,C,766.0,4.79,4.86,4.88,3558.0,1841,0.09546802978515626,True,2026-10-02 20:14:21+00:00,SPY261005C00766000
SPY,2026-10-03,769.64,2026-10-05,C,767.0,4.01,4.05,4.09,12044.0,2043,0.09040216247558594,True,2026-10-02 20:14:26+00:00,SPY261005C00767000
SPY,2026-10-03,769.64,2026-10-05,C,768.0,3.28,3.31,3.37,19263.0,1767,0.08631284790039065,True,2026-10-02 20:14:40+00:00,SPY261005C00768000
SPY,2026-10-03,769.64,2026-10-05,C,769.0,2.61,2.64,2.67,51784.0,1938,0.08289491333007815,True,2026-10-02 20:14:53+00:00,SPY261005C00769000
SPY,2026-10-03,769.64,2026-10-05,C,770.0,2.02,2.04,2.05,83425.0,3563,0.07953801330566407,False,2026-10-02 20:14:56+00:00,SPY261005C00770000
SPY,2026-10-03,769.64,2026-10-05,C,771.0,1.51,1.52,1.51,58732.0,2095,0.07648628601074221,False,2026-10-02 20:14:58+00:00,SPY261005C00771000
SPY,2026-10-03,769.64,2026-10-05,C,772.0,1.08,1.09,1.08,63718.0,1312,0.07386180053710939,False,2026-10-02 20:14:59+00:00,SPY261005C00772000
SPY,2026-10-03,769.64,2026-10-05,C,773.0,0.74,0.75,0.75,44386.0,1644,0.07154248779296876,False,2026-10-02 20:14:58+00:00,SPY261005C00773000
SPY,2026-10-03,769.64,2026-10-05,C,774.0,0.49,0.5,0.5,48660.0,1789,0.06995558959960937,False,2026-10-02 20:14:53+00:00,SPY261005C00774000
SPY,2026-10-03,769.64,2026-10-05,C,775.0,0.31,0.32,0.31,50487.0,3588,0.06861282958984377,False,2026-10-02 20:14:58+00:00,SPY261005C00775000
SPY,2026-10-03,769.64,2026-10-05,C,776.0,0.19,0.2,0.19,22057.0,2456,0.06788041503906252,False,2026-10-02 20:14:58+00:00,SPY261005C00776000
SPY,2026-10-03,769.64,2026-10-05,C,777.0,0.12,0.13,0.12,22857.0,2820,0.06836869140625002,False,2026-10-02 20:14:55+00:00,SPY261005C00777000
SPY,2026-10-03,769.64,2026-10-05,C,778.0,0.07,0.08,0.08,19078.0,1194,0.06861282958984377,False,2026-10-02 20:14:59+00:00,SPY261005C00778000
SPY,2026-10-03,769.64,2026-10-05,C,779.0,0.04,0.05,0.05,14963.0,1889,0.06934524414062501,False,2026-10-02 20:14:58+00:00,SPY261005C00779000
SPY,2026-10-03,769.64,2026-10-05,C,780.0,0.03,0.04,0.04,20011.0,3977,0.0727631787109375,False,2026-10-02 20:14:40+00:00,SPY261005C00780000
SPY,2026-10-03,769.64,2026-10-05,C,781.0,0.02,0.03,0.03,5103.0,2108,0.07520456054687502,False,2026-10-02 20:14:32+00:00,SPY261005C00781000
SPY,2026-10-03,769.64,2026-10-05,C,782.0,0.01,0.02,0.02,6847.0,942,0.07618111328125002,False,2026-10-02 20:14:46+00:00,SPY261005C00782000
SPY,2026-10-03,769.64,2026-10-05,C,783.0,0.01,0.02,0.02,2953.0,596,0.08204042968750001,False,2026-10-02 20:12:30+00:00,SPY261005C00783000
SPY,2026-10-03,769.64,2026-10-05,C,784.0,0.01,0.02,0.01,1706.0,1487,0.08692319335937501,False,2026-10-02 20:00:33+00:00,SPY261005C00784000
SPY,2026-10-03,769.64,2026-10-05,C,785.0,0.0,0.01,0.01,1491.0,879,0.08594664062500001,False,2026-10-02 20:14:00+00:00,SPY261005C00785000
SPY,2026-10-03,769.64,2026-10-05,C,786.0,0.01,0.02,0.02,3284.0,1468,0.0976652734375,False,2026-10-02 20:14:35+00:00,SPY261005C00786000
SPY,2026-10-03,769.64,2026-10-05,C,787.0,0.0,0.01,0.01,514.0,1054,0.09571216796875001,False,2026-10-02 19:59:44+00:00,SPY261005C00787000
SPY,2026-10-03,769.64,2026-10-05,C,788.0,0.0,0.01,0.01,106.0,553,0.09961837890625,False,2026-10-02 19:45:54+00:00,SPY261005C00788000
SPY,2026-10-03,769.64,2026-10-05,C,789.0,0.0,0.01,0.02,39.0,537,0.1054776953125,False,2026-10-02 17:01:15+00:00,SPY261005C00789000
SPY,2026-10-03,769.64,2026-10-05,C,790.0,0.0,0.01,0.01,263.0,1159,0.10938390625,False,2026-10-02 20:12:37+00:00,SPY261005C00790000
SPY,2026-10-03,769.64,2026-10-05,C,791.0,0.0,0.01,0.01,22.0,1439,0.1132901171875,False,2026-10-02 19:38:10+00:00,SPY261005C00791000
SPY,2026-10-03,769.64,2026-10-05,C,792.0,0.0,0.01,0.01,51.0,1325,0.11914943359374999,False,2026-10-02 18:52:57+00:00,SPY261005C00792000
SPY,2026-10-03,769.64,2026-10-05,C,793.0,0.0,0.01,0.01,936.0,9442,0.12305564453125001,False,2026-10-02 19:41:41+00:00,SPY261005C00793000
SPY,2026-10-03,769.64,2026-10-05,C,794.0,0.0,0.01,0.01,21.0,2304,0.1289149609375,False,2026-10-02 19:41:39+00:00,SPY261005C00794000
SPY,2026-10-03,769.64,2026-10-05,C,795.0,0.0,0.01,0.01,412.0,2844,0.132821171875,False,2026-10-02 19:21:46+00:00,SPY261005C00795000
SPY,2026-10-03,769.64,2026-10-05,C,796.0,0.0,0.01,0.01,91.0,707,0.13672738281250002,False,2026-10-02 19:33:36+00:00,SPY261005C00796000
SPY,2026-10-03,769.64,2026-10-05,C,797.0,0.0,0.01,0.04,2.0,596,0.14063359375,False,2026-09-29 17:24:32+00:00,SPY261005C00797000
SPY,2026-10-03,769.64,2026-10-05,C,798.0,0.0,0.01,0.02,3.0,160,0.14649291015625,False,2026-10-01 13:54:52+00:00,SPY261005C00798000
SPY,2026-10-03,769.64,2026-10-05,C,799.0,0.0,0.01,0.01,709.0,243,0.15039912109375003,False,2026-10-02 13:59:06+00:00,SPY261005C00799000
SPY,2026-10-03,769.64,2026-10-05,C,800.0,0.0,0.01,0.01,28.0,1307,0.1562584375,False,2026-10-02 17:12:01+00:00,SPY261005C00800000
SPY,2026-10-03,769.64,2026-10-05,C,801.0,0.0,0.01,0.01,10.0,552,0.1601646484375,False,2026-10-01 13:50:31+00:00,SPY261005C00801000
SPY,2026-10-03,769.64,2026-10-05,C,802.0,0.0,0.01,0.01,1869.0,1717,0.16407085937500002,False,2026-10-01 20:10:01+00:00,SPY261005C00802000
SPY,2026-10-03,769.64,2026-10-05,C,803.0,0.0,0.01,0.01,101.0,1121,0.16797707031250003,False,2026-10-02 13:58:47+00:00,SPY261005C00803000
SPY,2026-10-03,769.64,2026-10-05,C,804.0,0.0,0.01,0.01,278.0,338,0.17188328125000002,False,2026-10-01 19:50:45+00:00,SPY261005C00804000
SPY,2026-10-03,769.64,2026-10-05,C,805.0,0.0,0.01,0.01,51.0,1631,0.17774259765625,False,2026-10-02 13:43:50+00:00,SPY261005C00805000
SPY,2026-10-03,769.64,2026-10-05,C,806.0,0.0,0.01,0.01,2.0,111,0.18360191406249998,False,2026-10-02 13:40:36+00:00,SPY261005C00806000
SPY,2026-10-03,769.64,2026-10-05,C,807.0,0.0,0.01,0.01,4.0,346,0.187508125,False,2026-10-02 18:43:12+00:00,SPY261005C00807000
SPY,2026-10-03,769.64,2026-10-05,C,808.0,0.0,0.01,0.01,2.0,35,0.1914143359375,False,2026-10-02 13:53:26+00:00,SPY261005C00808000
SPY,2026-10-03,769.64,2026-10-05,C,809.0,0.0,0.01,0.01,240.0,539,0.195320546875,False,2026-10-01 18:11:26+00:00,SPY261005C00809000
SPY,2026-10-03,769.64,2026-10-05,C,810.0,0.0,0.01,0.01,2.0,261,0.1992267578125,False,2026-10-02 13:45:20+00:00,SPY261005C00810000
SPY,2026-10-03,769.64,2026-10-05,C,815.0,0.0,0.01,0.01,127.0,462,0.22266402343749997,False,2026-10-01 16:38:45+00:00,SPY261005C00815000
SPY,2026-10-03,769.64,2026-10-05,C,820.0,0.0,0.01,0.01,1.0,228,0.242195078125,False,2026-10-01 14:10:52+00:00,SPY261005C00820000
SPY,2026-10-03,769.64,2026-10-05,C,825.0,0.0,0.01,0.01,702.0,889,0.26563234375,False,2026-10-01 14:11:28+00:00,SPY261005C00825000
SPY,2026-10-03,769.64,2026-10-05,C,830.0,0.0,0.01,0.01,12.0,83,0.28516339843749994,False,2026-10-01 15:53:54+00:00,SPY261005C00830000
SPY,2026-10-03,769.64,2026-10-05,C,840.0,0.0,0.01,0.01,1.0,5,0.3242255078124999,False,2026-09-29 17:25:22+00:00,SPY261005C00840000
SPY,2026-10-03,769.64,2026-10-05,C,850.0,0.0,0.01,0.01,11.0,21,0.367193828125,False,2026-09-30 20:09:56+00:00,SPY261005C00850000
SPY,2026-10-03,769.64,2026-10-05,C,865.0,0.0,0.01,0.01,5.0,102,0.42188078125,False,2026-09-30 15:44:48+00:00,SPY261005C00865000
SPY,2026-10-03,769.64,2026-10-05,C,880.0,0.0,0.01,0.01,3.0,68,0.476567734375,False,2026-09-29 14:28:21+00:00,SPY261005C00880000
SPY,2026-10-03,769.64,2026-10-05,P,550.0,0.0,0.01,0.01,181.0,181,1.09375453125,False,2026-09-25 17:17:35+00:00,SPY261005P00550000
SPY,2026-10-03,769.64,2026-10-05,P,555.0,0.0,0.01,0.01,5.0,110,1.0625046875000002,False,2026-09-28 13:38:54+00:00,SPY261005P00555000
SPY,2026-10-03,769.64,2026-10-05,P,565.0,0.0,0.01,0.01,210.0,511,1.000005,False,2026-09-28 15:13:47+00:00,SPY261005P00565000
SPY,2026-10-03,769.64,2026-10-05,P,570.0,0.0,0.01,0.01,1.0,361,0.9687503125,False,2026-09-30 14:26:36+00:00,SPY261005P00570000
SPY,2026-10-03,769.64,2026-10-05,P,585.0,0.0,0.01,0.01,207.0,138,0.8906260937499999,False,2026-09-28 16:42:17+00:00,SPY261005P00585000
SPY,2026-10-03,769.64,2026-10-05,P,595.0,0.0,0.01,0.01,200.0,225,0.8437515624999999,False,2026-09-28 18:16:24+00:00,SPY261005P00595000
SPY,2026-10-03,769.64,2026-10-05,P,600.0,0.0,0.01,0.02,180.0,251,0.8125018749999999,False,2026-09-25 17:21:01+00:00,SPY261005P00600000
SPY,2026-10-03,769.64,2026-10-05,P,605.0,0.0,0.01,0.01,1.0,6,0.7812521875,False,2026-09-25 18:24:58+00:00,SPY261005P00605000
SPY,2026-10-03,769.64,2026-10-05,P,610.0,0.0,0.01,0.01,1.0,102,0.7656273437500001,False,2026-10-01 16:02:59+00:00,SPY261005P00610000
SPY,2026-10-03,769.64,2026-10-05,P,615.0,0.0,0.01,0.01,1.0,221,0.7500025,False,2026-09-29 16:06:38+00:00,SPY261005P00615000
SPY,2026-10-03,769.64,2026-10-05,P,630.0,0.0,0.01,0.02,26.0,18,0.6562534375000001,False,2026-09-28 13:48:40+00:00,SPY261005P00630000
SPY,2026-10-03,769.64,2026-10-05,P,640.0,0.0,0.01,0.01,640.0,642,0.6250037500000001,False,2026-09-30 18:55:35+00:00,SPY261005P00640000
SPY,2026-10-03,769.64,2026-10-05,P,650.0,0.0,0.01,0.01,368.0,480,0.5625043750000001,False,2026-10-01 20:00:39+00:00,SPY261005P00650000
SPY,2026-10-03,769.64,2026-10-05,P,655.0,0.0,0.01,0.01,252.0,257,0.5468795312500001,False,2026-10-01 17:50:15+00:00,SPY261005P00655000
SPY,2026-10-03,769.64,2026-10-05,P,660.0,0.0,0.01,0.02,249.0,246,0.51562984375,False,2026-10-01 14:31:24+00:00,SPY261005P00660000
SPY,2026-10-03,769.64,2026-10-05,P,665.0,0.0,0.01,0.01,95.0,39,0.500005,False,2026-10-01 16:31:06+00:00,SPY261005P00665000
SPY,2026-10-03,769.64,2026-10-05,P,670.0,0.0,0.01,0.01,1.0,9667,0.500005,False,2026-10-02 15:24:55+00:00,SPY261005P00670000
SPY,2026-10-03,769.64,2026-10-05,P,675.0,0.0,0.01,0.01,124.0,5424,0.476567734375,False,2026-10-01 15:59:22+00:00,SPY261005P00675000
SPY,2026-10-03,769.64,2026-10-05,P,680.0,0.0,0.01,0.01,3599.0,2871,0.45313046875,False,2026-10-02 17:27:42+00:00,SPY261005P00680000
SPY,2026-10-03,769.64,2026-10-05,P,685.0,0.0,0.01,0.01,1265.0,52,0.42188078125,False,2026-10-02 19:32:48+00:00,SPY261005P00685000
SPY,2026-10-03,769.64,2026-10-05,P,690.0,0.0,0.01,0.01,338.0,109,0.398443515625,False,2026-10-02 19:36:53+00:00,SPY261005P00690000
SPY,2026-10-03,769.64,2026-10-05,P,695.0,0.0,0.01,0.01,272.0,328,0.37500625,False,2026-10-02 19:42:36+00:00,SPY261005P00695000
SPY,2026-10-03,769.64,2026-10-05,P,700.0,0.0,0.01,0.01,685.0,403,0.35156898437499995,False,2026-10-02 19:54:51+00:00,SPY261005P00700000
SPY,2026-10-03,769.64,2026-10-05,P,705.0,0.0,0.01,0.02,249.0,134,0.32813171874999997,False,2026-10-02 17:55:22+00:00,SPY261005P00705000
SPY,2026-10-03,769.64,2026-10-05,P,710.0,0.0,0.01,0.01,1403.0,1136,0.304694453125,False,2026-10-02 20:00:24+00:00,SPY261005P00710000
SPY,2026-10-03,769.64,2026-10-05,P,715.0,0.0,0.01,0.01,14537.0,408,0.28125718749999995,False,2026-10-02 20:10:42+00:00,SPY261005P00715000
SPY,2026-10-03,769.64,2026-10-05,P,720.0,0.01,0.02,0.01,16461.0,358,0.273444765625,False,2026-10-02 20:13:13+00:00,SPY261005P00720000
SPY,2026-10-03,769.64,2026-10-05,P,723.0,0.01,0.02,0.02,6312.0,22,0.257819921875,False,2026-10-02 19:23:41+00:00,SPY261005P00723000
SPY,2026-10-03,769.64,2026-10-05,P,724.0,0.01,0.02,0.02,4914.0,19,0.25196060546875,False,2026-10-02 19:26:17+00:00,SPY261005P00724000
SPY,2026-10-03,769.64,2026-10-05,P,725.0,0.01,0.02,0.01,8460.0,121,0.24805439453125,False,2026-10-02 19:48:32+00:00,SPY261005P00725000
SPY,2026-10-03,769.64,2026-10-05,P,726.0,0.01,0.02,0.02,43900.0,169,0.242195078125,False,2026-10-02 19:41:22+00:00,SPY261005P00726000
SPY,2026-10-03,769.64,2026-10-05,P,727.0,0.01,0.02,0.01,4588.0,75,0.23828886718749998,False,2026-10-02 19:37:33+00:00,SPY261005P00727000
SPY,2026-10-03,769.64,2026-10-05,P,728.0,0.01,0.02,0.01,3400.0,243,0.23242955078125,False,2026-10-02 19:42:30+00:00,SPY261005P00728000
SPY,2026-10-03,769.64,2026-10-05,P,729.0,0.01,0.02,0.01,3933.0,217,0.22657023437499998,False,2026-10-02 20:13:43+00:00,SPY261005P00729000
SPY,2026-10-03,769.64,2026-10-05,P,730.0,0.01,0.02,0.01,5140.0,356,0.22266402343749997,False,2026-10-02 19:58:18+00:00,SPY261005P00730000
SPY,2026-10-03,769.64,2026-10-05,P,731.0,0.01,0.02,0.02,3310.0,440,0.21680470703125,False,2026-10-02 19:50:57+00:00,SPY261005P00731000
SPY,2026-10-03,769.64,2026-10-05,P,732.0,0.01,0.02,0.01,6325.0,550,0.21094539062499998,False,2026-10-02 19:46:05+00:00,SPY261005P00732000
SPY,2026-10-03,769.64,2026-10-05,P,733.0,0.01,0.02,0.02,1967.0,270,0.20703917968749996,False,2026-10-02 19:43:13+00:00,SPY261005P00733000
SPY,2026-10-03,769.64,2026-10-05,P,734.0,0.01,0.02,0.02,1554.0,665,0.20117986328124998,False,2026-10-02 20:13:00+00:00,SPY261005P00734000
SPY,2026-10-03,769.64,2026-10-05,P,735.0,0.01,0.02,0.02,2742.0,2756,0.195320546875,False,2026-10-02 19:47:09+00:00,SPY261005P00735000
SPY,2026-10-03,769.64,2026-10-05,P,736.0,0.01,0.02,0.02,1508.0,1491,0.1914143359375,False,2026-10-02 20:08:42+00:00,SPY261005P00736000
SPY,2026-10-03,769.64,2026-10-05,P,737.0,0.01,0.02,0.01,2631.0,579,0.18555501953124998,False,2026-10-02 19:51:07+00:00,SPY261005P00737000
SPY,2026-10-03,769.64,2026-10-05,P,738.0,0.01,0.02,0.01,920.0,884,0.179695703125,False,2026-10-02 20:11:37+00:00,SPY261005P00738000
SPY,2026-10-03,769.64,2026-10-05,P,739.0,0.01,0.02,0.01,3119.0,914,0.1757894921875,False,2026-10-02 19:57:31+00:00,SPY261005P00739000
SPY,2026-10-03,769.64,2026-10-05,P,740.0,0.01,0.02,0.02,3827.0,1874,0.16993017578125003,False,2026-10-02 20:14:45+00:00,SPY261005P00740000
SPY,2026-10-03,769.64,2026-10-05,P,741.0,0.01,0.02,0.01,524.0,772,0.16407085937500002,False,2026-10-02 19:59:46+00:00,SPY261005P00741000
SPY,2026-10-03,769.64,2026-10-05,P,742.0,0.01,0.02,0.01,3716.0,833,0.1601646484375,False,2026-10-02 19:59:56+00:00,SPY261005P00742000
SPY,2026-10-03,769.64,2026-10-05,P,743.0,0.01,0.02,0.02,1078.0,988,0.15430533203125002,False,2026-10-02 20:14:32+00:00,SPY261005P00743000
SPY,2026-10-03,769.64,2026-10-05,P,744.0,0.02,0.03,0.02,1333.0,1637,0.1562584375,False,2026-10-02 20:14:31+00:00,SPY261005P00744000
SPY,2026-10-03,769.64,2026-10-05,P,745.0,0.02,0.03,0.03,1591.0,1779,0.15039912109375003,False,2026-10-02 20:08:33+00:00,SPY261005P00745000
SPY,2026-10-03,769.64,2026-10-05,P,746.0,0.02,0.03,0.03,245.0,904,0.145516357421875,False,2026-10-02 19:44:05+00:00,SPY261005P00746000
SPY,2026-10-03,769.64,2026-10-05,P,747.0,0.02,0.03,0.03,3099.0,1172,0.139657041015625,False,2026-10-02 20:12:24+00:00,SPY261005P00747000
SPY,2026-10-03,769.64,2026-10-05,P,748.0,0.02,0.03,0.03,627.0,2060,0.13477427734375003,False,2026-10-02 20:10:37+00:00,SPY261005P00748000
SPY,2026-10-03,769.64,2026-10-05,P,749.0,0.02,0.03,0.02,3714.0,1800,0.1289149609375,False,2026-10-02 20:06:26+00:00,SPY261005P00749000
SPY,2026-10-03,769.64,2026-10-05,P,750.0,0.02,0.03,0.03,7207.0,8208,0.12305564453125001,False,2026-10-02 20:13:44+00:00,SPY261005P00750000
SPY,2026-10-03,769.64,2026-10-05,P,751.0,0.02,0.03,0.03,3056.0,1568,0.118172880859375,False,2026-10-02 20:13:57+00:00,SPY261005P00751000
SPY,2026-10-03,769.64,2026-10-05,P,752.0,0.03,0.04,0.03,2106.0,2473,0.116219775390625,False,2026-10-02 20:12:24+00:00,SPY261005P00752000
SPY,2026-10-03,769.64,2026-10-05,P,753.0,0.03,0.04,0.05,4567.0,1988,0.11084873535156249,False,2026-10-02 20:14:27+00:00,SPY261005P00753000
SPY,2026-10-03,769.64,2026-10-05,P,754.0,0.03,0.04,0.04,9438.0,968,0.1049894189453125,False,2026-10-02 20:13:11+00:00,SPY261005P00754000
SPY,2026-10-03,769.64,2026-10-05,P,755.0,0.04,0.05,0.05,9505.0,6686,0.10254803710937499,False,2026-10-02 20:14:31+00:00,SPY261005P00755000
SPY,2026-10-03,769.64,2026-10-05,P,756.0,0.05,0.06,0.05,6679.0,1176,0.0991301025390625,False,2026-10-02 20:14:47+00:00,SPY261005P00756000
SPY,2026-10-03,769.64,2026-10-05,P,757.0,0.06,0.07,0.06,6626.0,1240,0.09522389160156251,False,2026-10-02 20:14:55+00:00,SPY261005P00757000
SPY,2026-10-03,769.64,2026-10-05,P,758.0,0.08,0.09,0.09,12764.0,1268,0.092782509765625,False,2026-10-02 20:14:55+00:00,SPY261005P00758000
SPY,2026-10-03,769.64,2026-10-05,P,759.0,0.1,0.11,0.11,15142.0,1499,0.08960871337890625,False,2026-10-02 20:14:50+00:00,SPY261005P00759000
SPY,2026-10-03,769.64,2026-10-05,P,760.0,0.13,0.14,0.14,48257.0,4443,0.08692319335937501,False,2026-10-02 20:14:59+00:00,SPY261005P00760000
SPY,2026-10-03,769.64,2026-10-05,P,761.0,0.17,0.18,0.18,19353.0,1540,0.08423767333984378,False,2026-10-02 20:14:58+00:00,SPY261005P00761000
SPY,2026-10-03,769.64,2026-10-05,P,762.0,0.23,0.24,0.24,16018.0,1586,0.08228456787109376,False,2026-10-02 20:14:57+00:00,SPY261005P00762000
SPY,2026-10-03,769.64,2026-10-05,P,763.0,0.29,0.3,0.3,16316.0,2044,0.07886663330078125,False,2026-10-02 20:14:58+00:00,SPY261005P00763000
SPY,2026-10-03,769.64,2026-10-05,P,764.0,0.39,0.4,0.4,25576.0,2478,0.07691352783203126,False,2026-10-02 20:14:54+00:00,SPY261005P00764000
SPY,2026-10-03,769.64,2026-10-05,P,765.0,0.51,0.52,0.52,58573.0,2714,0.07422800781250001,False,2026-10-02 20:14:57+00:00,SPY261005P00765000
SPY,2026-10-03,769.64,2026-10-05,P,766.0,0.67,0.68,0.68,39011.0,1919,0.0717866259765625,False,2026-10-02 20:14:58+00:00,SPY261005P00766000
SPY,2026-10-03,769.64,2026-10-05,P,767.0,0.88,0.89,0.88,40699.0,1195,0.06946731323242189,False,2026-10-02 20:14:58+00:00,SPY261005P00767000
SPY,2026-10-03,769.64,2026-10-05,P,768.0,1.15,1.16,1.15,55694.0,1461,0.06714800048828126,False,2026-10-02 20:14:59+00:00,SPY261005P00768000
SPY,2026-10-03,769.64,2026-10-05,P,769.0,1.47,1.49,1.47,95455.0,1739,0.06440144592285156,False,2026-10-02 20:14:59+00:00,SPY261005P00769000
SPY,2026-10-03,769.64,2026-10-05,P,770.0,1.88,1.89,1.88,67293.0,1578,0.06122764953613283,True,2026-10-02 20:14:59+00:00,SPY261005P00770000
SPY,2026-10-03,769.64,2026-10-05,P,771.0,2.35,2.39,2.35,31039.0,664,0.058175922241210945,True,2026-10-02 20:14:57+00:00,SPY261005P00771000
SPY,2026-10-03,769.64,2026-10-05,P,772.0,2.91,2.96,2.92,21328.0,274,0.05359833129882813,True,2026-10-02 20:14:46+00:00,SPY261005P00772000
SPY,2026-10-03,769.64,2026-10-05,P,773.0,3.58,3.62,3.6,6486.0,440,0.04688453125,True,2026-10-02 20:14:59+00:00,SPY261005P00773000
SPY,2026-10-03,769.64,2026-10-05,P,774.0,4.32,4.37,4.33,4419.0,245,0.028330029296875,True,2026-10-02 20:14:59+00:00,SPY261005P00774000
SPY,2026-10-03,769.64,2026-10-05,P,775.0,5.14,5.19,5.16,2380.0,477,1.0000000000000003e-05,True,2026-10-02 20:14:55+00:00,SPY261005P00775000
SPY,2026-10-03,769.64,2026-10-05,P,776.0,5.9,6.29,5.9,1249.0,77,1.0000000000000003e-05,True,2026-10-02 20:14:56+00:00,SPY261005P00776000
SPY,2026-10-03,769.64,2026-10-05,P,777.0,6.81,7.24,7.14,1089.0,119,1.0000000000000003e-05,True,2026-10-02 20:02:31+00:00,SPY261005P00777000
SPY,2026-10-03,769.64,2026-10-05,P,778.0,7.77,8.18,8.1,579.0,3,1.0000000000000003e-05,True,2026-10-02 20:05:00+00:00,SPY261005P00778000
SPY,2026-10-03,769.64,2026-10-05,P,779.0,8.52,10.0,9.39,282.0,10,0.12488668090820312,True,2026-10-02 19:59:34+00:00,SPY261005P00779000
SPY,2026-10-03,769.64,2026-10-05,P,780.0,9.68,10.88,10.07,928.0,54,0.12549702636718751,True,2026-10-02 20:07:45+00:00,SPY261005P00780000
SPY,2026-10-03,769.64,2026-10-05,P,781.0,10.19,11.89,11.39,264.0,2,0.13465220825195315,True,2026-10-02 19:59:34+00:00,SPY261005P00781000
SPY,2026-10-03,769.64,2026-10-05,P,782.0,11.2,13.07,12.39,136.0,25,0.1557701611328125,True,2026-10-02 19:59:34+00:00,SPY261005P00782000
SPY,2026-10-03,769.64,2026-10-05,P,783.0,12.2,14.05,13.38,329.0,5,0.16285016845703126,True,2026-10-02 19:59:34+00:00,SPY261005P00783000
SPY,2026-10-03,769.64,2026-10-05,P,784.0,13.19,14.89,14.0,305.0,4,0.159188095703125,True,2026-10-02 19:45:05+00:00,SPY261005P00784000
SPY,2026-10-03,769.64,2026-10-05,P,785.0,14.16,15.91,14.99,317.0,0,0.1687094848632813,True,2026-10-02 19:45:06+00:00,SPY261005P00785000
SPY,2026-10-03,769.64,2026-10-05,P,786.0,15.19,16.89,15.98,21.0,4,0.1749350085449219,True,2026-10-02 19:45:06+00:00,SPY261005P00786000
SPY,2026-10-03,769.64,2026-10-05,P,788.0,17.2,19.05,17.99,7.0,0,0.20386538330078124,True,2026-10-02 19:45:05+00:00,SPY261005P00788000
SPY,2026-10-03,769.64,2026-10-05,P,790.0,19.19,20.95,20.01,10.0,0,0.21094539062499998,True,2026-10-02 19:45:06+00:00,SPY261005P00790000
SPY,2026-10-03,769.64,2026-10-05,P,791.0,20.2,22.05,21.08,7.0,2,0.2274247180175781,True,2026-10-02 19:45:06+00:00,SPY261005P00791000
SPY,2026-10-03,769.64,2026-10-05,P,794.0,23.19,24.89,24.46,2.0,0,0.2348709326171875,True,2026-10-02 17:28:21+00:00,SPY261005P00794000
SPY,2026-10-03,769.64,2026-10-05,P,795.0,24.19,25.95,25.08,6.0,1,0.24829853271484376,True,2026-10-02 19:39:10+00:00,SPY261005P00795000
SPY,2026-10-03,769.64,2026-10-05,P,797.0,26.2,28.05,27.11,8.0,0,0.2727123510742187,True,2026-10-02 19:40:22+00:00,SPY261005P00797000
SPY,2026-10-03,769.64,2026-10-06,C,710.0,59.3,60.78,61.98,8.0,27,0.5111132873535156,True,2026-10-02 13:46:53+00:00,SPY261006C00710000
SPY,2026-10-03,769.64,2026-10-06,C,741.0,28.3,29.78,28.0,4.0,76,0.2884592639160155,True,2026-10-02 18:26:53+00:00,SPY261006C00741000
SPY,2026-10-03,769.64,2026-10-06,C,742.0,27.3,28.72,28.19,69.0,143,0.27674063110351554,True,2026-10-02 19:38:33+00:00,SPY261006C00742000
SPY,2026-10-03,769.64,2026-10-06,C,743.0,26.3,27.92,26.0,12.0,46,0.2825999475097656,True,2026-10-02 18:25:59+00:00,SPY261006C00743000
SPY,2026-10-03,769.64,2026-10-06,C,745.0,24.31,25.48,24.07,20.0,112,0.23731231445312498,True,2026-10-02 18:25:20+00:00,SPY261006C00745000
SPY,2026-10-03,769.64,2026-10-06,C,747.0,22.32,23.78,21.52,13.0,153,0.24280542358398435,True,2026-10-02 15:17:25+00:00,SPY261006C00747000
SPY,2026-10-03,769.64,2026-10-06,C,748.0,21.32,22.84,21.13,24.0,65,0.2387771435546875,True,2026-10-02 15:29:54+00:00,SPY261006C00748000
SPY,2026-10-03,769.64,2026-10-06,C,749.0,20.33,21.81,21.29,10.0,225,0.2291336853027344,True,2026-10-02 17:01:12+00:00,SPY261006C00749000
SPY,2026-10-03,769.64,2026-10-06,C,750.0,19.34,20.88,18.59,29.0,76,0.22534954345703123,True,2026-10-02 15:46:35+00:00,SPY261006C00750000
SPY,2026-10-03,769.64,2026-10-06,C,751.0,18.36,19.88,19.18,84.0,249,0.2172929833984375,True,2026-10-02 19:38:07+00:00,SPY261006C00751000
SPY,2026-10-03,769.64,2026-10-06,C,752.0,17.39,18.53,17.09,56.0,99,0.18872881591796875,True,2026-10-02 17:24:47+00:00,SPY261006C00752000
SPY,2026-10-03,769.64,2026-10-06,C,753.0,16.4,17.56,16.79,136.0,121,0.1828694995117187,True,2026-10-02 16:56:16+00:00,SPY261006C00753000
SPY,2026-10-03,769.64,2026-10-06,C,755.0,15.25,15.6,14.9,164.0,865,0.1694418994140625,True,2026-10-02 19:54:50+00:00,SPY261006C00755000
SPY,2026-10-03,769.64,2026-10-06,C,756.0,13.9,14.55,13.9,79.0,134,0.15857775024414064,True,2026-10-02 20:05:48+00:00,SPY261006C00756000
SPY,2026-10-03,769.64,2026-10-06,C,757.0,12.95,13.59,12.95,389.0,271,0.15271843383789066,True,2026-10-02 20:05:48+00:00,SPY261006C00757000
SPY,2026-10-03,769.64,2026-10-06,C,760.0,10.02,10.83,10.18,312.0,414,0.13904669555664065,True,2026-10-02 19:36:29+00:00,SPY261006C00760000
SPY,2026-10-03,769.64,2026-10-06,C,761.0,9.4,9.93,9.37,478.0,411,0.1344080700683594,True,2026-10-02 19:48:06+00:00,SPY261006C00761000
SPY,2026-10-03,769.64,2026-10-06,C,762.0,8.61,8.99,8.6,1648.0,549,0.12757220092773439,True,2026-10-02 20:00:08+00:00,SPY261006C00762000
SPY,2026-10-03,769.64,2026-10-06,C,763.0,7.73,8.11,7.55,1318.0,641,0.12275047180175781,True,2026-10-02 19:56:47+00:00,SPY261006C00763000
SPY,2026-10-03,769.64,2026-10-06,C,764.0,6.94,7.22,7.08,935.0,598,0.1168911553955078,True,2026-10-02 20:08:29+00:00,SPY261006C00764000
SPY,2026-10-03,769.64,2026-10-06,C,765.0,6.13,6.4,6.29,1691.0,1928,0.1128018408203125,True,2026-10-02 20:14:25+00:00,SPY261006C00765000
SPY,2026-10-03,769.64,2026-10-06,C,766.0,5.42,5.61,5.48,618.0,832,0.1088956298828125,True,2026-10-02 20:06:40+00:00,SPY261006C00766000
SPY,2026-10-03,769.64,2026-10-06,C,767.0,4.69,4.84,4.8,1471.0,986,0.10456217712402342,True,2026-10-02 20:14:51+00:00,SPY261006C00767000
SPY,2026-10-03,769.64,2026-10-06,C,768.0,3.99,4.14,4.07,3677.0,1547,0.10132734619140624,True,2026-10-02 20:14:56+00:00,SPY261006C00768000
SPY,2026-10-03,769.64,2026-10-06,C,769.0,3.39,3.44,3.48,13047.0,963,0.09674975524902345,True,2026-10-02 20:14:35+00:00,SPY261006C00769000
SPY,2026-10-03,769.64,2026-10-06,C,770.0,2.81,2.83,2.86,9038.0,2074,0.09351492431640626,False,2026-10-02 20:14:32+00:00,SPY261006C00770000
SPY,2026-10-03,769.64,2026-10-06,C,771.0,2.28,2.31,2.3,6783.0,847,0.09137871520996094,False,2026-10-02 20:14:53+00:00,SPY261006C00771000
SPY,2026-10-03,769.64,2026-10-06,C,772.0,1.82,1.83,1.84,10265.0,774,0.08869319519042969,False,2026-10-02 20:14:56+00:00,SPY261006C00772000
SPY,2026-10-03,769.64,2026-10-06,C,773.0,1.41,1.43,1.45,7113.0,877,0.0867400897216797,False,2026-10-02 20:14:30+00:00,SPY261006C00773000
SPY,2026-10-03,769.64,2026-10-06,C,774.0,1.08,1.09,1.09,3910.0,677,0.08484801879882814,False,2026-10-02 20:14:59+00:00,SPY261006C00774000
SPY,2026-10-03,769.64,2026-10-06,C,775.0,0.8,0.82,0.82,13373.0,4620,0.08350525878906252,False,2026-10-02 20:14:57+00:00,SPY261006C00775000
SPY,2026-10-03,769.64,2026-10-06,C,776.0,0.58,0.59,0.6,4239.0,895,0.08161318786621095,False,2026-10-02 20:14:45+00:00,SPY261006C00776000
SPY,2026-10-03,769.64,2026-10-06,C,777.0,0.41,0.42,0.43,4487.0,788,0.08033146240234376,False,2026-10-02 20:14:55+00:00,SPY261006C00777000
SPY,2026-10-03,769.64,2026-10-06,C,778.0,0.29,0.3,0.3,5073.0,1115,0.07984318603515625,False,2026-10-02 20:14:57+00:00,SPY261006C00778000
SPY,2026-10-03,769.64,2026-10-06,C,779.0,0.2,0.21,0.21,2972.0,797,0.07947697875976564,False,2026-10-02 20:14:50+00:00,SPY261006C00779000
SPY,2026-10-03,769.64,2026-10-06,C,780.0,0.14,0.15,0.14,6704.0,1220,0.07984318603515625,False,2026-10-02 20:14:54+00:00,SPY261006C00780000
SPY,2026-10-03,769.64,2026-10-06,C,781.0,0.09,0.1,0.1,2841.0,844,0.07911077148437501,False,2026-10-02 20:14:49+00:00,SPY261006C00781000
SPY,2026-10-03,769.64,2026-10-06,C,782.0,0.06,0.07,0.07,2145.0,1364,0.07959904785156251,False,2026-10-02 20:14:49+00:00,SPY261006C00782000
SPY,2026-10-03,769.64,2026-10-06,C,783.0,0.04,0.05,0.05,1131.0,555,0.0805756005859375,False,2026-10-02 19:58:47+00:00,SPY261006C00783000
SPY,2026-10-03,769.64,2026-10-06,C,784.0,0.03,0.04,0.03,654.0,240,0.08301698242187502,False,2026-10-02 20:10:42+00:00,SPY261006C00784000
SPY,2026-10-03,769.64,2026-10-06,C,785.0,0.02,0.03,0.03,2248.0,740,0.08399353515625002,False,2026-10-02 20:06:19+00:00,SPY261006C00785000
SPY,2026-10-03,769.64,2026-10-06,C,786.0,0.01,0.02,0.02,1219.0,2167,0.08399353515625002,False,2026-10-02 20:14:19+00:00,SPY261006C00786000
SPY,2026-10-03,769.64,2026-10-06,C,787.0,0.01,0.02,0.01,727.0,561,0.088876298828125,False,2026-10-02 19:46:51+00:00,SPY261006C00787000
SPY,2026-10-03,769.64,2026-10-06,C,788.0,0.01,0.02,0.01,908.0,1830,0.0937590625,False,2026-10-02 19:40:35+00:00,SPY261006C00788000
SPY,2026-10-03,769.64,2026-10-06,C,789.0,0.01,0.02,0.02,1161.0,1598,0.0976652734375,False,2026-10-02 18:29:05+00:00,SPY261006C00789000
SPY,2026-10-03,769.64,2026-10-06,C,790.0,0.01,0.02,0.02,387.0,516,0.10157148437499999,False,2026-10-02 17:50:36+00:00,SPY261006C00790000
SPY,2026-10-03,769.64,2026-10-06,C,791.0,0.01,0.02,0.01,140.0,698,0.106454248046875,False,2026-10-02 17:24:55+00:00,SPY261006C00791000
SPY,2026-10-03,769.64,2026-10-06,C,792.0,0.01,0.02,0.02,891.0,717,0.11133701171874999,False,2026-10-02 19:21:10+00:00,SPY261006C00792000
SPY,2026-10-03,769.64,2026-10-06,C,793.0,0.0,0.01,0.01,292.0,165,0.10743080078125,False,2026-10-02 20:08:19+00:00,SPY261006C00793000
SPY,2026-10-03,769.64,2026-10-06,C,794.0,0.0,0.01,0.02,288.0,175,0.11133701171874999,False,2026-10-02 13:58:11+00:00,SPY261006C00794000
SPY,2026-10-03,769.64,2026-10-06,C,795.0,0.0,0.01,0.01,1246.0,330,0.11524322265625,False,2026-10-02 19:48:39+00:00,SPY261006C00795000
SPY,2026-10-03,769.64,2026-10-06,C,796.0,0.01,0.02,0.01,492.0,477,0.127938408203125,False,2026-10-02 20:14:48+00:00,SPY261006C00796000
SPY,2026-10-03,769.64,2026-10-06,C,797.0,0.0,0.01,0.02,130.0,624,0.12305564453125001,False,2026-10-01 17:30:02+00:00,SPY261006C00797000
SPY,2026-10-03,769.64,2026-10-06,C,798.0,0.0,0.01,0.02,43.0,555,0.12696185546875,False,2026-10-01 17:09:35+00:00,SPY261006C00798000
SPY,2026-10-03,769.64,2026-10-06,C,799.0,0.0,0.01,0.02,240.0,299,0.13086806640624998,False,2026-10-01 13:31:14+00:00,SPY261006C00799000
SPY,2026-10-03,769.64,2026-10-06,C,800.0,0.0,0.01,0.01,45.0,503,0.13477427734375003,False,2026-10-02 19:52:34+00:00,SPY261006C00800000
SPY,2026-10-03,769.64,2026-10-06,C,801.0,0.0,0.01,0.04,5.0,66,0.13868048828125001,False,2026-09-30 16:45:52+00:00,SPY261006C00801000
SPY,2026-10-03,769.64,2026-10-06,C,802.0,0.0,0.01,0.02,281.0,401,0.14258669921875,False,2026-10-01 15:39:26+00:00,SPY261006C00802000
SPY,2026-10-03,769.64,2026-10-06,C,803.0,0.0,0.01,0.02,122.0,675,0.14649291015625,False,2026-10-01 15:54:43+00:00,SPY261006C00803000
SPY,2026-10-03,769.64,2026-10-06,C,804.0,0.0,0.01,0.04,80.0,478,0.15039912109375003,False,2026-09-30 16:01:40+00:00,SPY261006C00804000
SPY,2026-10-03,769.64,2026-10-06,C,805.0,0.0,0.01,0.01,2.0,827,0.15235222656250003,False,2026-10-02 16:57:32+00:00,SPY261006C00805000
SPY,2026-10-03,769.64,2026-10-06,C,807.0,0.0,0.01,0.02,160.0,128,0.1601646484375,False,2026-10-01 18:03:16+00:00,SPY261006C00807000
SPY,2026-10-03,769.64,2026-10-06,C,808.0,0.0,0.01,0.03,1.0,485,0.16407085937500002,False,2026-10-02 13:49:42+00:00,SPY261006C00808000
SPY,2026-10-03,769.64,2026-10-06,C,810.0,0.0,0.01,0.01,42.0,44417,0.17188328125000002,False,2026-10-02 16:11:12+00:00,SPY261006C00810000
SPY,2026-10-03,769.64,2026-10-06,C,815.0,0.0,0.01,0.01,452.0,226,0.1914143359375,False,2026-10-02 17:21:28+00:00,SPY261006C00815000
SPY,2026-10-03,769.64,2026-10-06,C,820.0,0.0,0.01,0.01,4.0,319,0.21094539062499998,False,2026-10-02 16:50:16+00:00,SPY261006C00820000
SPY,2026-10-03,769.64,2026-10-06,C,825.0,0.0,0.01,0.01,138.0,2942,0.22657023437499998,False,2026-10-01 19:46:21+00:00,SPY261006C00825000
SPY,2026-10-03,769.64,2026-10-06,C,835.0,0.0,0.01,0.01,1137.0,1134,0.26563234375,False,2026-10-01 17:00:21+00:00,SPY261006C00835000
SPY,2026-10-03,769.64,2026-10-06,C,845.0,0.0,0.01,0.01,82.0,90,0.29688203124999996,False,2026-10-01 15:45:07+00:00,SPY261006C00845000
SPY,2026-10-03,769.64,2026-10-06,P,550.0,0.0,0.01,0.01,151.0,151,0.937500625,False,2026-09-28 14:11:09+00:00,SPY261006P00550000
SPY,2026-10-03,769.64,2026-10-06,P,575.0,0.0,0.01,0.01,70.0,75,0.8125018749999999,False,2026-09-29 13:44:24+00:00,SPY261006P00575000
SPY,2026-10-03,769.64,2026-10-06,P,580.0,0.0,0.01,0.01,10.0,82,0.79687703125,False,2026-09-29 15:53:29+00:00,SPY261006P00580000
SPY,2026-10-03,769.64,2026-10-06,P,600.0,0.0,0.01,0.04,,5,0.70312796875,False,2026-09-24 17:47:45+00:00,SPY261006P00600000
SPY,2026-10-03,769.64,2026-10-06,P,615.0,0.0,0.01,0.02,152.0,159,0.64062859375,False,2026-09-30 17:40:09+00:00,SPY261006P00615000
SPY,2026-10-03,769.64,2026-10-06,P,655.0,0.0,0.01,0.01,4645.0,3,0.500005,False,2026-10-02 14:03:50+00:00,SPY261006P00655000
SPY,2026-10-03,769.64,2026-10-06,P,660.0,0.0,0.01,0.01,36.0,1,0.476567734375,False,2026-10-02 18:57:35+00:00,SPY261006P00660000
SPY,2026-10-03,769.64,2026-10-06,P,665.0,0.0,0.01,0.01,3130.0,145,0.45313046875,False,2026-10-02 18:57:52+00:00,SPY261006P00665000
SPY,2026-10-03,769.64,2026-10-06,P,670.0,0.0,0.01,0.02,101.0,8334,0.42969320312500003,False,2026-10-02 14:44:18+00:00,SPY261006P00670000
SPY,2026-10-03,769.64,2026-10-06,P,675.0,0.0,0.01,0.02,76.0,81,0.414068359375,False,2026-10-01 18:36:28+00:00,SPY261006P00675000
SPY,2026-10-03,769.64,2026-10-06,P,690.0,0.01,0.02,0.01,34.0,216,0.3711000390625,False,2026-10-02 20:14:23+00:00,SPY261006P00690000
SPY,2026-10-03,769.64,2026-10-06,P,695.0,0.01,0.02,0.01,210.0,1948,0.34766277343749996,False,2026-10-02 19:34:20+00:00,SPY261006P00695000
SPY,2026-10-03,769.64,2026-10-06,P,700.0,0.01,0.02,0.02,286.0,1254,0.3242255078124999,False,2026-10-02 19:42:22+00:00,SPY261006P00700000
SPY,2026-10-03,769.64,2026-10-06,P,705.0,0.01,0.02,0.02,20.0,3393,0.30274134765625,False,2026-10-02 17:59:09+00:00,SPY261006P00705000
SPY,2026-10-03,769.64,2026-10-06,P,710.0,0.01,0.02,0.03,26.0,1590,0.28125718749999995,False,2026-10-02 18:13:05+00:00,SPY261006P00710000
SPY,2026-10-03,769.64,2026-10-06,P,715.0,0.01,0.02,0.03,34.0,2852,0.257819921875,False,2026-10-02 19:37:32+00:00,SPY261006P00715000
SPY,2026-10-03,769.64,2026-10-06,P,720.0,0.02,0.03,0.03,162.0,738,0.2461012890625,False,2026-10-02 19:44:33+00:00,SPY261006P00720000
SPY,2026-10-03,769.64,2026-10-06,P,723.0,0.02,0.03,0.04,67.0,60,0.23242955078125,False,2026-10-02 18:33:01+00:00,SPY261006P00723000
SPY,2026-10-03,769.64,2026-10-06,P,724.0,0.02,0.03,0.04,18.0,22,0.22852333984375,False,2026-10-02 17:52:57+00:00,SPY261006P00724000
SPY,2026-10-03,769.64,2026-10-06,P,725.0,0.02,0.03,0.03,12.0,549,0.22461712890624996,False,2026-10-02 19:49:08+00:00,SPY261006P00725000
SPY,2026-10-03,769.64,2026-10-06,P,726.0,0.02,0.03,0.03,1.0,114,0.21875781249999998,False,2026-10-01 19:54:45+00:00,SPY261006P00726000
SPY,2026-10-03,769.64,2026-10-06,P,727.0,0.02,0.03,0.03,22.0,9,0.2148516015625,False,2026-10-02 19:51:53+00:00,SPY261006P00727000
SPY,2026-10-03,769.64,2026-10-06,P,728.0,0.02,0.03,0.04,1.0,324,0.20996883789062498,False,2026-10-02 18:18:57+00:00,SPY261006P00728000
SPY,2026-10-03,769.64,2026-10-06,P,729.0,0.02,0.03,0.03,12.0,294,0.20508607421874997,False,2026-10-02 19:49:08+00:00,SPY261006P00729000
SPY,2026-10-03,769.64,2026-10-06,P,730.0,0.02,0.03,0.05,85.0,988,0.20117986328124998,False,2026-10-02 17:52:36+00:00,SPY261006P00730000
SPY,2026-10-03,769.64,2026-10-06,P,731.0,0.02,0.03,0.05,16.0,93,0.196297099609375,False,2026-10-02 18:29:05+00:00,SPY261006P00731000
SPY,2026-10-03,769.64,2026-10-06,P,732.0,0.02,0.03,0.03,2.0,485,0.1914143359375,False,2026-10-02 19:40:35+00:00,SPY261006P00732000
SPY,2026-10-03,769.64,2026-10-06,P,733.0,0.02,0.03,0.06,41.0,546,0.187508125,False,2026-10-02 18:18:57+00:00,SPY261006P00733000
SPY,2026-10-03,769.64,2026-10-06,P,734.0,0.02,0.03,0.03,30.0,468,0.18164880859375,False,2026-10-02 20:11:25+00:00,SPY261006P00734000
SPY,2026-10-03,769.64,2026-10-06,P,735.0,0.03,0.04,0.04,144.0,654,0.18360191406249998,False,2026-10-02 17:19:25+00:00,SPY261006P00735000
SPY,2026-10-03,769.64,2026-10-06,P,736.0,0.03,0.04,0.06,34.0,262,0.178719150390625,False,2026-10-02 14:10:59+00:00,SPY261006P00736000
SPY,2026-10-03,769.64,2026-10-06,P,737.0,0.03,0.04,0.04,20.0,473,0.17383638671875,False,2026-10-02 19:13:47+00:00,SPY261006P00737000
SPY,2026-10-03,769.64,2026-10-06,P,738.0,0.03,0.04,0.04,138.0,963,0.16895362304687503,False,2026-10-02 19:35:18+00:00,SPY261006P00738000
SPY,2026-10-03,769.64,2026-10-06,P,739.0,0.03,0.04,0.04,66.0,478,0.16407085937500002,False,2026-10-02 15:55:06+00:00,SPY261006P00739000
SPY,2026-10-03,769.64,2026-10-06,P,740.0,0.03,0.04,0.03,711.0,1466,0.1601646484375,False,2026-10-02 20:01:41+00:00,SPY261006P00740000
SPY,2026-10-03,769.64,2026-10-06,P,741.0,0.04,0.05,0.09,26.0,542,0.159188095703125,False,2026-10-02 15:08:59+00:00,SPY261006P00741000
SPY,2026-10-03,769.64,2026-10-06,P,742.0,0.04,0.05,0.04,217.0,1376,0.15430533203125002,False,2026-10-02 20:01:19+00:00,SPY261006P00742000
SPY,2026-10-03,769.64,2026-10-06,P,743.0,0.04,0.05,0.05,154.0,475,0.149422568359375,False,2026-10-02 19:46:33+00:00,SPY261006P00743000
SPY,2026-10-03,769.64,2026-10-06,P,744.0,0.04,0.05,0.05,504.0,694,0.1445398046875,False,2026-10-02 20:07:19+00:00,SPY261006P00744000
SPY,2026-10-03,769.64,2026-10-06,P,745.0,0.05,0.06,0.05,195.0,1131,0.1430749755859375,False,2026-10-02 20:12:38+00:00,SPY261006P00745000
SPY,2026-10-03,769.64,2026-10-06,P,746.0,0.05,0.06,0.06,372.0,455,0.13770393554687502,False,2026-10-02 20:12:17+00:00,SPY261006P00746000
SPY,2026-10-03,769.64,2026-10-06,P,747.0,0.06,0.07,0.07,365.0,768,0.13575083007812502,False,2026-10-02 19:53:38+00:00,SPY261006P00747000
SPY,2026-10-03,769.64,2026-10-06,P,748.0,0.06,0.07,0.07,1057.0,1219,0.13086806640624998,False,2026-10-02 20:00:24+00:00,SPY261006P00748000
SPY,2026-10-03,769.64,2026-10-06,P,749.0,0.07,0.08,0.07,231.0,316,0.127938408203125,False,2026-10-02 20:03:27+00:00,SPY261006P00749000
SPY,2026-10-03,769.64,2026-10-06,P,750.0,0.08,0.09,0.09,16832.0,1836,0.12500875,False,2026-10-02 20:14:48+00:00,SPY261006P00750000
SPY,2026-10-03,769.64,2026-10-06,P,751.0,0.09,0.1,0.09,370.0,702,0.1215908154296875,False,2026-10-02 20:08:10+00:00,SPY261006P00751000
SPY,2026-10-03,769.64,2026-10-06,P,752.0,0.11,0.12,0.11,415.0,532,0.11963770996093749,False,2026-10-02 20:06:54+00:00,SPY261006P00752000
SPY,2026-10-03,769.64,2026-10-06,P,753.0,0.13,0.14,0.14,638.0,635,0.117196328125,False,2026-10-02 20:04:54+00:00,SPY261006P00753000
SPY,2026-10-03,769.64,2026-10-06,P,754.0,0.15,0.16,0.15,1030.0,833,0.11426666992187501,False,2026-10-02 20:03:37+00:00,SPY261006P00754000
SPY,2026-10-03,769.64,2026-10-06,P,755.0,0.17,0.18,0.18,4145.0,1116,0.11084873535156249,False,2026-10-02 20:14:54+00:00,SPY261006P00755000
SPY,2026-10-03,769.64,2026-10-06,P,756.0,0.2,0.21,0.2,1910.0,344,0.10816321533203124,False,2026-10-02 20:14:59+00:00,SPY261006P00756000
SPY,2026-10-03,769.64,2026-10-06,P,757.0,0.25,0.26,0.26,1435.0,639,0.10669838623046876,False,2026-10-02 20:14:55+00:00,SPY261006P00757000
SPY,2026-10-03,769.64,2026-10-06,P,758.0,0.29,0.3,0.3,2900.0,673,0.10352458984374999,False,2026-10-02 20:14:55+00:00,SPY261006P00758000
SPY,2026-10-03,769.64,2026-10-06,P,759.0,0.35,0.36,0.37,1364.0,697,0.10132734619140624,False,2026-10-02 20:12:11+00:00,SPY261006P00759000
SPY,2026-10-03,769.64,2026-10-06,P,760.0,0.42,0.43,0.43,24127.0,3207,0.09900803344726564,False,2026-10-02 20:14:59+00:00,SPY261006P00760000
SPY,2026-10-03,769.64,2026-10-06,P,761.0,0.5,0.51,0.52,5130.0,2108,0.09632251342773437,False,2026-10-02 20:14:22+00:00,SPY261006P00761000
SPY,2026-10-03,769.64,2026-10-06,P,762.0,0.61,0.62,0.62,2056.0,797,0.09449147705078126,False,2026-10-02 20:14:59+00:00,SPY261006P00762000
SPY,2026-10-03,769.64,2026-10-06,P,763.0,0.73,0.74,0.74,2280.0,969,0.09192802612304687,False,2026-10-02 20:14:40+00:00,SPY261006P00763000
SPY,2026-10-03,769.64,2026-10-06,P,764.0,0.88,0.89,0.89,3383.0,1776,0.08960871337890625,False,2026-10-02 20:14:53+00:00,SPY261006P00764000
SPY,2026-10-03,769.64,2026-10-06,P,765.0,1.06,1.07,1.07,9345.0,1265,0.08735043518066407,False,2026-10-02 20:14:47+00:00,SPY261006P00765000
SPY,2026-10-03,769.64,2026-10-06,P,766.0,1.27,1.29,1.28,4534.0,618,0.08521422607421877,False,2026-10-02 20:14:34+00:00,SPY261006P00766000
SPY,2026-10-03,769.64,2026-10-06,P,767.0,1.52,1.54,1.55,5739.0,809,0.08271180969238283,False,2026-10-02 20:14:12+00:00,SPY261006P00767000
SPY,2026-10-03,769.64,2026-10-06,P,768.0,1.83,1.84,1.82,14455.0,472,0.08027042785644532,False,2026-10-02 20:14:39+00:00,SPY261006P00768000
SPY,2026-10-03,769.64,2026-10-06,P,769.0,2.18,2.2,2.19,12510.0,402,0.07801214965820313,False,2026-10-02 20:14:55+00:00,SPY261006P00769000
SPY,2026-10-03,769.64,2026-10-06,P,770.0,2.59,2.61,2.59,14331.0,1372,0.07544869873046878,True,2026-10-02 20:14:45+00:00,SPY261006P00770000
SPY,2026-10-03,769.64,2026-10-06,P,771.0,3.05,3.08,3.07,5405.0,352,0.07264110961914064,True,2026-10-02 20:14:18+00:00,SPY261006P00771000
SPY,2026-10-03,769.64,2026-10-06,P,772.0,3.54,3.62,3.54,5437.0,294,0.06977248596191407,True,2026-10-02 20:14:59+00:00,SPY261006P00772000
SPY,2026-10-03,769.64,2026-10-06,P,773.0,4.12,4.24,4.21,3730.0,301,0.06696489685058594,True,2026-10-02 20:14:27+00:00,SPY261006P00773000
SPY,2026-10-03,769.64,2026-10-06,P,774.0,4.7,5.03,5.42,476.0,258,0.06812455322265626,True,2026-10-02 19:55:58+00:00,SPY261006P00774000
SPY,2026-10-03,769.64,2026-10-06,P,775.0,5.42,5.78,5.67,427.0,444,0.0649507568359375,True,2026-10-02 20:12:27+00:00,SPY261006P00775000
SPY,2026-10-03,769.64,2026-10-06,P,776.0,6.25,6.6,7.17,286.0,38,0.06177696044921876,True,2026-10-02 19:00:09+00:00,SPY261006P00776000
SPY,2026-10-03,769.64,2026-10-06,P,777.0,7.04,7.46,7.3,290.0,29,0.0561617822265625,True,2026-10-02 20:13:08+00:00,SPY261006P00777000
SPY,2026-10-03,769.64,2026-10-06,P,778.0,7.91,9.02,9.69,65.0,4,0.10132734619140624,True,2026-10-02 17:28:30+00:00,SPY261006P00778000
SPY,2026-10-03,769.64,2026-10-06,P,779.0,8.83,9.95,9.3,77.0,0,0.10535562622070313,True,2026-10-02 19:52:07+00:00,SPY261006P00779000
SPY,2026-10-03,769.64,2026-10-06,P,780.0,9.76,10.18,9.9,81.0,10,1.0000000000000003e-05,True,2026-10-02 20:06:27+00:00,SPY261006P00780000
SPY,2026-10-03,769.64,2026-10-06,P,781.0,10.54,11.89,12.52,284.0,0,0.11658598266601564,True,2026-10-02 18:27:49+00:00,SPY261006P00781000
SPY,2026-10-03,769.64,2026-10-06,P,782.0,11.51,12.88,12.5,9.0,1,0.12317771362304689,True,2026-10-02 16:25:33+00:00,SPY261006P00782000
SPY,2026-10-03,769.64,2026-10-06,P,785.0,14.04,15.86,15.88,231.0,8,0.14246463012695312,True,2026-10-02 18:52:05+00:00,SPY261006P00785000
SPY,2026-10-03,769.64,2026-10-06,P,786.0,15.24,17.07,13.52,2.0,0,0.16394879028320314,True,2026-10-02 14:31:32+00:00,SPY261006P00786000
SPY,2026-10-03,769.64,2026-10-06,P,788.0,17.19,19.07,19.31,15.0,0,0.17798673583984376,True,2026-10-02 15:15:37+00:00,SPY261006P00788000
SPY,2026-10-03,769.64,2026-10-06,P,790.0,19.2,20.89,21.02,3.0,0,0.17798673583984376,True,2026-10-02 19:10:26+00:00,SPY261006P00790000
SPY,2026-10-03,769.64,2026-10-07,C,705.0,64.38,65.84,64.59,26.0,4,0.4939015454101563,True,2026-10-02 16:35:18+00:00,SPY261007C00705000
SPY,2026-10-03,769.64,2026-10-07,C,728.0,41.24,42.86,43.2,4.0,13,0.3490055334472656,True,2026-10-02 14:02:14+00:00,SPY261007C00728000
SPY,2026-10-03,769.64,2026-10-07,C,729.0,40.24,42.08,40.5,19.0,17,0.35767243896484374,True,2026-10-02 18:33:19+00:00,SPY261007C00729000
SPY,2026-10-03,769.64,2026-10-07,C,730.0,39.24,40.84,40.15,8.0,29,0.33460138061523437,True,2026-10-02 19:39:32+00:00,SPY261007C00730000
SPY,2026-10-03,769.64,2026-10-07,C,731.0,38.28,39.78,39.14,97.0,17,0.3237372314453124,True,2026-10-02 19:39:06+00:00,SPY261007C00731000
SPY,2026-10-03,769.64,2026-10-07,C,733.0,36.27,37.8,36.32,13.0,10,0.31214066772460936,True,2026-10-02 18:36:42+00:00,SPY261007C00733000
SPY,2026-10-03,769.64,2026-10-07,C,740.0,29.44,30.84,29.99,129.0,38,0.26843993286132806,True,2026-10-02 19:34:44+00:00,SPY261007C00740000
SPY,2026-10-03,769.64,2026-10-07,C,744.0,25.46,26.9,26.04,86.0,46,0.2447585290527344,True,2026-10-02 19:34:46+00:00,SPY261007C00744000
SPY,2026-10-03,769.64,2026-10-07,C,745.0,24.47,25.97,24.25,82.0,134,0.2417068017578125,True,2026-10-02 17:31:36+00:00,SPY261007C00745000
SPY,2026-10-03,769.64,2026-10-07,C,750.0,19.55,21.02,20.22,189.0,47,0.2085650433349609,True,2026-10-02 19:36:05+00:00,SPY261007C00750000
SPY,2026-10-03,769.64,2026-10-07,C,751.0,18.58,20.14,18.66,150.0,201,0.20691711059570309,True,2026-10-02 19:16:21+00:00,SPY261007C00751000
SPY,2026-10-03,769.64,2026-10-07,C,752.0,17.61,18.76,17.77,28.0,96,0.1810384631347656,True,2026-10-02 19:05:43+00:00,SPY261007C00752000
SPY,2026-10-03,769.64,2026-10-07,C,755.0,14.75,15.88,15.76,209.0,93,0.16498637756347656,True,2026-10-02 20:14:35+00:00,SPY261007C00755000
SPY,2026-10-03,769.64,2026-10-07,C,756.0,13.69,14.92,14.1,32.0,204,0.15924913024902343,True,2026-10-02 19:05:11+00:00,SPY261007C00756000
SPY,2026-10-03,769.64,2026-10-07,C,757.0,12.95,13.91,13.79,325.0,212,0.1511315356445313,True,2026-10-02 20:06:24+00:00,SPY261007C00757000
SPY,2026-10-03,769.64,2026-10-07,C,758.0,12.41,13.07,12.14,310.0,140,0.1500329138183594,True,2026-10-02 18:13:04+00:00,SPY261007C00758000
SPY,2026-10-03,769.64,2026-10-07,C,759.0,11.69,12.16,11.29,174.0,103,0.14557739196777342,True,2026-10-02 18:41:39+00:00,SPY261007C00759000
SPY,2026-10-03,769.64,2026-10-07,C,760.0,10.83,11.22,11.0,218.0,252,0.13959600646972659,True,2026-10-02 19:38:26+00:00,SPY261007C00760000
SPY,2026-10-03,769.64,2026-10-07,C,761.0,9.96,10.38,9.84,365.0,338,0.13691048645019532,True,2026-10-02 19:18:44+00:00,SPY261007C00761000
SPY,2026-10-03,769.64,2026-10-07,C,762.0,9.11,9.52,9.17,517.0,513,0.13294324096679688,True,2026-10-02 19:44:30+00:00,SPY261007C00762000
SPY,2026-10-03,769.64,2026-10-07,C,763.0,8.3,8.67,8.4,362.0,560,0.1287928918457031,True,2026-10-02 20:08:41+00:00,SPY261007C00763000
SPY,2026-10-03,769.64,2026-10-07,C,764.0,7.52,7.77,7.35,515.0,624,0.12244529907226565,True,2026-10-02 19:58:26+00:00,SPY261007C00764000
SPY,2026-10-03,769.64,2026-10-07,C,765.0,6.77,7.06,6.77,1539.0,1309,0.12146874633789062,True,2026-10-02 20:13:18+00:00,SPY261007C00765000
SPY,2026-10-03,769.64,2026-10-07,C,766.0,6.05,6.27,6.12,1741.0,992,0.117196328125,True,2026-10-02 20:13:45+00:00,SPY261007C00766000
SPY,2026-10-03,769.64,2026-10-07,C,767.0,5.38,5.48,5.35,1976.0,883,0.11213046081542967,True,2026-10-02 20:08:07+00:00,SPY261007C00767000
SPY,2026-10-03,769.64,2026-10-07,C,768.0,4.7,4.75,4.68,2791.0,1526,0.1079190771484375,True,2026-10-02 20:14:16+00:00,SPY261007C00768000
SPY,2026-10-03,769.64,2026-10-07,C,769.0,4.05,4.13,4.1,6296.0,813,0.10581338531494139,True,2026-10-02 20:14:49+00:00,SPY261007C00769000
SPY,2026-10-03,769.64,2026-10-07,C,770.0,3.48,3.5,3.53,6379.0,1682,0.10230389892578123,False,2026-10-02 20:14:46+00:00,SPY261007C00770000
SPY,2026-10-03,769.64,2026-10-07,C,771.0,2.94,2.96,2.98,4853.0,485,0.10004562072753906,False,2026-10-02 20:14:52+00:00,SPY261007C00771000
SPY,2026-10-03,769.64,2026-10-07,C,772.0,2.45,2.48,2.49,6985.0,834,0.09821458435058594,False,2026-10-02 20:14:48+00:00,SPY261007C00772000
SPY,2026-10-03,769.64,2026-10-07,C,773.0,2.02,2.04,2.06,1916.0,624,0.09613940979003907,False,2026-10-02 20:14:35+00:00,SPY261007C00773000
SPY,2026-10-03,769.64,2026-10-07,C,774.0,1.64,1.65,1.65,2199.0,656,0.09418630432128906,False,2026-10-02 20:13:27+00:00,SPY261007C00774000
SPY,2026-10-03,769.64,2026-10-07,C,775.0,1.3,1.32,1.32,2731.0,1401,0.09253837158203124,False,2026-10-02 20:14:57+00:00,SPY261007C00775000
SPY,2026-10-03,769.64,2026-10-07,C,776.0,1.02,1.04,1.05,1400.0,543,0.09107354248046876,False,2026-10-02 20:14:44+00:00,SPY261007C00776000
SPY,2026-10-03,769.64,2026-10-07,C,777.0,0.79,0.81,0.8,1569.0,708,0.0898528515625,False,2026-10-02 20:14:58+00:00,SPY261007C00777000
SPY,2026-10-03,769.64,2026-10-07,C,778.0,0.61,0.62,0.62,1476.0,900,0.08875422973632813,False,2026-10-02 20:14:58+00:00,SPY261007C00778000
SPY,2026-10-03,769.64,2026-10-07,C,779.0,0.46,0.47,0.46,1022.0,1407,0.08789974609375001,False,2026-10-02 20:14:17+00:00,SPY261007C00779000
SPY,2026-10-03,769.64,2026-10-07,C,780.0,0.34,0.35,0.34,5790.0,1071,0.08704526245117189,False,2026-10-02 20:14:59+00:00,SPY261007C00780000
SPY,2026-10-03,769.64,2026-10-07,C,781.0,0.25,0.26,0.25,1797.0,666,0.08655698608398438,False,2026-10-02 20:14:28+00:00,SPY261007C00781000
SPY,2026-10-03,769.64,2026-10-07,C,782.0,0.18,0.19,0.18,2686.0,498,0.08606870971679689,False,2026-10-02 20:14:33+00:00,SPY261007C00782000
SPY,2026-10-03,769.64,2026-10-07,C,783.0,0.13,0.14,0.14,721.0,1791,0.08594664062500001,False,2026-10-02 20:14:46+00:00,SPY261007C00783000
SPY,2026-10-03,769.64,2026-10-07,C,784.0,0.1,0.11,0.1,3036.0,1190,0.08716733154296877,False,2026-10-02 20:13:40+00:00,SPY261007C00784000
SPY,2026-10-03,769.64,2026-10-07,C,785.0,0.07,0.08,0.08,1431.0,2017,0.08741146972656251,False,2026-10-02 20:14:21+00:00,SPY261007C00785000
SPY,2026-10-03,769.64,2026-10-07,C,786.0,0.05,0.06,0.05,2403.0,1959,0.08789974609375001,False,2026-10-02 20:13:30+00:00,SPY261007C00786000
SPY,2026-10-03,769.64,2026-10-07,C,787.0,0.04,0.05,0.04,990.0,1747,0.0898528515625,False,2026-10-02 19:49:28+00:00,SPY261007C00787000
SPY,2026-10-03,769.64,2026-10-07,C,788.0,0.03,0.04,0.04,358.0,636,0.0913176806640625,False,2026-10-02 19:16:10+00:00,SPY261007C00788000
SPY,2026-10-03,769.64,2026-10-07,C,789.0,0.02,0.03,0.03,1117.0,700,0.09180595703125,False,2026-10-02 20:13:00+00:00,SPY261007C00789000
SPY,2026-10-03,769.64,2026-10-07,C,790.0,0.02,0.03,0.05,1137.0,1635,0.09571216796875001,False,2026-10-02 19:12:34+00:00,SPY261007C00790000
SPY,2026-10-03,769.64,2026-10-07,C,791.0,0.02,0.03,0.03,341.0,266,0.1001066552734375,False,2026-10-02 19:07:04+00:00,SPY261007C00791000
SPY,2026-10-03,769.64,2026-10-07,C,792.0,0.01,0.02,0.02,3.0,124,0.09961837890625,False,2026-10-02 19:39:10+00:00,SPY261007C00792000
SPY,2026-10-03,769.64,2026-10-07,C,793.0,0.01,0.02,0.02,63.0,570,0.10352458984374999,False,2026-10-02 19:16:58+00:00,SPY261007C00793000
SPY,2026-10-03,769.64,2026-10-07,C,794.0,0.01,0.02,0.03,291.0,44,0.106454248046875,False,2026-10-02 17:46:17+00:00,SPY261007C00794000
SPY,2026-10-03,769.64,2026-10-07,C,795.0,0.01,0.02,0.02,504.0,711,0.11036045898437499,False,2026-10-02 19:39:10+00:00,SPY261007C00795000
SPY,2026-10-03,769.64,2026-10-07,C,796.0,0.01,0.02,0.02,1301.0,164,0.11426666992187501,False,2026-10-02 17:34:25+00:00,SPY261007C00796000
SPY,2026-10-03,769.64,2026-10-07,C,797.0,0.01,0.02,0.03,511.0,243,0.118172880859375,False,2026-10-02 13:31:49+00:00,SPY261007C00797000
SPY,2026-10-03,769.64,2026-10-07,C,798.0,0.01,0.02,0.02,388.0,398,0.12207909179687501,False,2026-10-01 18:55:48+00:00,SPY261007C00798000
SPY,2026-10-03,769.64,2026-10-07,C,799.0,0.01,0.02,0.03,25.0,2964,0.12500875,False,2026-10-02 17:43:55+00:00,SPY261007C00799000
SPY,2026-10-03,769.64,2026-10-07,C,800.0,0.01,0.02,0.02,965.0,865,0.1289149609375,False,2026-10-01 19:55:19+00:00,SPY261007C00800000
SPY,2026-10-03,769.64,2026-10-07,C,801.0,0.01,0.02,0.01,330.0,14115,0.132821171875,False,2026-10-02 19:57:42+00:00,SPY261007C00801000
SPY,2026-10-03,769.64,2026-10-07,C,802.0,0.01,0.02,0.01,114.0,16881,0.13672738281250002,False,2026-10-02 19:58:08+00:00,SPY261007C00802000
SPY,2026-10-03,769.64,2026-10-07,C,804.0,0.01,0.02,0.02,383.0,389,0.1445398046875,False,2026-10-01 17:20:36+00:00,SPY261007C00804000
SPY,2026-10-03,769.64,2026-10-07,C,805.0,0.01,0.02,0.02,499.0,369,0.148446015625,False,2026-10-01 19:18:17+00:00,SPY261007C00805000
SPY,2026-10-03,769.64,2026-10-07,C,806.0,0.01,0.02,0.01,873.0,1291,0.15137567382812503,False,2026-10-02 19:13:17+00:00,SPY261007C00806000
SPY,2026-10-03,769.64,2026-10-07,C,808.0,0.01,0.02,0.01,621.0,6880,0.15821154296875,False,2026-10-01 19:37:29+00:00,SPY261007C00808000
SPY,2026-10-03,769.64,2026-10-07,C,809.0,0.01,0.02,0.01,70.0,1827,0.16211775390625,False,2026-10-02 20:13:21+00:00,SPY261007C00809000
SPY,2026-10-03,769.64,2026-10-07,C,810.0,0.01,0.02,0.01,4369.0,14322,0.16602396484375004,False,2026-10-01 18:08:51+00:00,SPY261007C00810000
SPY,2026-10-03,769.64,2026-10-07,C,815.0,0.0,0.01,0.01,329.0,237,0.17188328125000002,False,2026-10-01 18:48:28+00:00,SPY261007C00815000
SPY,2026-10-03,769.64,2026-10-07,C,820.0,0.0,0.01,0.02,69.0,118,0.187508125,False,2026-09-30 19:50:58+00:00,SPY261007C00820000
SPY,2026-10-03,769.64,2026-10-07,C,825.0,0.0,0.01,0.05,12.0,29,0.20313296874999998,False,2026-09-25 17:01:36+00:00,SPY261007C00825000
SPY,2026-10-03,769.64,2026-10-07,C,830.0,0.0,0.01,0.01,170.0,1173,0.21875781249999998,False,2026-10-01 18:49:37+00:00,SPY261007C00830000
SPY,2026-10-03,769.64,2026-10-07,C,855.0,0.0,0.01,0.01,2.0,1,0.29688203124999996,False,2026-09-25 18:31:13+00:00,SPY261007C00855000
SPY,2026-10-03,769.64,2026-10-07,C,875.0,0.0,0.01,0.01,20.0,20,0.35547519531249994,False,2026-09-25 16:20:25+00:00,SPY261007C00875000
SPY,2026-10-03,769.64,2026-10-07,P,565.0,0.0,0.01,0.03,,72,0.7812521875,False,2026-09-24 17:22:02+00:00,SPY261007P00565000
SPY,2026-10-03,769.64,2026-10-07,P,570.0,0.0,0.01,0.03,,72,0.7500025,False,2026-09-24 19:49:29+00:00,SPY261007P00570000
SPY,2026-10-03,769.64,2026-10-07,P,575.0,0.0,0.01,0.03,10.0,10,0.73437765625,False,2026-09-25 17:35:00+00:00,SPY261007P00575000
SPY,2026-10-03,769.64,2026-10-07,P,585.0,0.0,0.01,0.04,,5,0.6875031250000001,False,2026-09-24 17:48:10+00:00,SPY261007P00585000
SPY,2026-10-03,769.64,2026-10-07,P,595.0,0.0,0.01,0.01,226.0,343,0.6562534375000001,False,2026-10-01 20:07:38+00:00,SPY261007P00595000
SPY,2026-10-03,769.64,2026-10-07,P,645.0,0.0,0.01,0.01,631.0,129,0.48438015625,False,2026-10-02 20:13:51+00:00,SPY261007P00645000
SPY,2026-10-03,769.64,2026-10-07,P,650.0,0.01,0.02,0.01,511.0,65,0.49219257812500006,False,2026-10-02 20:14:10+00:00,SPY261007P00650000
SPY,2026-10-03,769.64,2026-10-07,P,665.0,0.01,0.02,0.02,583.0,102,0.42969320312500003,False,2026-10-02 19:52:52+00:00,SPY261007P00665000
SPY,2026-10-03,769.64,2026-10-07,P,670.0,0.01,0.02,0.02,80.0,326,0.4101621484375,False,2026-10-02 20:13:51+00:00,SPY261007P00670000
SPY,2026-10-03,769.64,2026-10-07,P,675.0,0.01,0.02,0.01,553.0,9762,0.39063109375,False,2026-10-02 20:06:18+00:00,SPY261007P00675000
SPY,2026-10-03,769.64,2026-10-07,P,685.0,0.01,0.02,0.02,2162.0,15,0.35156898437499995,False,2026-10-02 20:14:00+00:00,SPY261007P00685000
SPY,2026-10-03,769.64,2026-10-07,P,695.0,0.02,0.03,0.02,52.0,231,0.3242255078124999,False,2026-10-02 20:08:58+00:00,SPY261007P00695000
SPY,2026-10-03,769.64,2026-10-07,P,700.0,0.02,0.03,0.03,3681.0,1558,0.30274134765625,False,2026-10-02 19:59:54+00:00,SPY261007P00700000
SPY,2026-10-03,769.64,2026-10-07,P,705.0,0.03,0.04,0.04,74.0,125,0.2910227148437499,False,2026-10-02 19:11:42+00:00,SPY261007P00705000
SPY,2026-10-03,769.64,2026-10-07,P,710.0,0.03,0.04,0.04,214.0,640,0.2695385546875,False,2026-10-02 19:38:24+00:00,SPY261007P00710000
SPY,2026-10-03,769.64,2026-10-07,P,715.0,0.03,0.04,0.06,337.0,226,0.249030947265625,False,2026-10-02 16:14:49+00:00,SPY261007P00715000
SPY,2026-10-03,769.64,2026-10-07,P,720.0,0.03,0.04,0.04,1658.0,1692,0.22852333984375,False,2026-10-02 19:59:53+00:00,SPY261007P00720000
SPY,2026-10-03,769.64,2026-10-07,P,723.0,0.04,0.05,0.04,683.0,169,0.22071091796874998,False,2026-10-02 19:50:51+00:00,SPY261007P00723000
SPY,2026-10-03,769.64,2026-10-07,P,725.0,0.04,0.05,0.05,5334.0,214,0.21289849609375,False,2026-10-02 19:41:00+00:00,SPY261007P00725000
SPY,2026-10-03,769.64,2026-10-07,P,726.0,0.04,0.05,0.05,5355.0,161,0.20801573242187496,False,2026-10-02 19:41:17+00:00,SPY261007P00726000
SPY,2026-10-03,769.64,2026-10-07,P,727.0,0.04,0.05,0.05,342.0,109,0.20410952148437497,False,2026-10-02 19:38:35+00:00,SPY261007P00727000
SPY,2026-10-03,769.64,2026-10-07,P,728.0,0.04,0.05,0.05,11.0,168,0.1992267578125,False,2026-10-02 19:32:51+00:00,SPY261007P00728000
SPY,2026-10-03,769.64,2026-10-07,P,729.0,0.04,0.05,0.05,104.0,221,0.195320546875,False,2026-10-02 20:08:21+00:00,SPY261007P00729000
SPY,2026-10-03,769.64,2026-10-07,P,730.0,0.05,0.06,0.05,240.0,1744,0.195320546875,False,2026-10-02 19:36:02+00:00,SPY261007P00730000
SPY,2026-10-03,769.64,2026-10-07,P,731.0,0.05,0.06,0.09,100.0,3403,0.19043778320312502,False,2026-10-02 17:33:00+00:00,SPY261007P00731000
SPY,2026-10-03,769.64,2026-10-07,P,732.0,0.05,0.06,0.06,99.0,1901,0.186531572265625,False,2026-10-02 19:38:34+00:00,SPY261007P00732000
SPY,2026-10-03,769.64,2026-10-07,P,733.0,0.05,0.06,0.1,189.0,277,0.18164880859375,False,2026-10-02 15:27:32+00:00,SPY261007P00733000
SPY,2026-10-03,769.64,2026-10-07,P,734.0,0.05,0.06,0.06,113.0,495,0.17774259765625,False,2026-10-02 20:12:21+00:00,SPY261007P00734000
SPY,2026-10-03,769.64,2026-10-07,P,735.0,0.06,0.07,0.05,261.0,768,0.176766044921875,False,2026-10-02 19:52:16+00:00,SPY261007P00735000
SPY,2026-10-03,769.64,2026-10-07,P,736.0,0.06,0.07,0.07,172.0,410,0.17188328125000002,False,2026-10-02 19:49:19+00:00,SPY261007P00736000
SPY,2026-10-03,769.64,2026-10-07,P,737.0,0.06,0.07,0.06,564.0,656,0.16748879394531252,False,2026-10-02 19:49:19+00:00,SPY261007P00737000
SPY,2026-10-03,769.64,2026-10-07,P,738.0,0.06,0.07,0.07,17.0,384,0.16309430664062502,False,2026-10-02 20:12:57+00:00,SPY261007P00738000
SPY,2026-10-03,769.64,2026-10-07,P,739.0,0.07,0.08,0.08,232.0,245,0.161141201171875,False,2026-10-02 19:40:04+00:00,SPY261007P00739000
SPY,2026-10-03,769.64,2026-10-07,P,740.0,0.07,0.08,0.07,580.0,9196,0.15674671386718753,False,2026-10-02 20:07:37+00:00,SPY261007P00740000
SPY,2026-10-03,769.64,2026-10-07,P,741.0,0.08,0.09,0.12,94.0,492,0.15479360839843753,False,2026-10-02 18:22:42+00:00,SPY261007P00741000
SPY,2026-10-03,769.64,2026-10-07,P,742.0,0.08,0.09,0.09,235.0,530,0.14991084472656252,False,2026-10-02 20:04:36+00:00,SPY261007P00742000
SPY,2026-10-03,769.64,2026-10-07,P,743.0,0.09,0.1,0.1,301.0,761,0.147469462890625,False,2026-10-02 19:54:40+00:00,SPY261007P00743000
SPY,2026-10-03,769.64,2026-10-07,P,744.0,0.1,0.11,0.1,190.0,657,0.1450280810546875,False,2026-10-02 19:43:31+00:00,SPY261007P00744000
SPY,2026-10-03,769.64,2026-10-07,P,745.0,0.1,0.11,0.1,584.0,1662,0.1401453173828125,False,2026-10-02 20:14:20+00:00,SPY261007P00745000
SPY,2026-10-03,769.64,2026-10-07,P,746.0,0.12,0.13,0.13,212.0,501,0.13892462646484377,False,2026-10-02 19:59:55+00:00,SPY261007P00746000
SPY,2026-10-03,769.64,2026-10-07,P,747.0,0.13,0.14,0.13,643.0,1239,0.13575083007812502,False,2026-10-02 20:00:39+00:00,SPY261007P00747000
SPY,2026-10-03,769.64,2026-10-07,P,748.0,0.14,0.15,0.16,748.0,734,0.13208875732421876,False,2026-10-02 19:54:01+00:00,SPY261007P00748000
SPY,2026-10-03,769.64,2026-10-07,P,749.0,0.16,0.17,0.18,297.0,1281,0.129891513671875,False,2026-10-02 19:59:52+00:00,SPY261007P00749000
SPY,2026-10-03,769.64,2026-10-07,P,750.0,0.18,0.19,0.19,6335.0,969,0.12720599365234375,False,2026-10-02 20:14:14+00:00,SPY261007P00750000
SPY,2026-10-03,769.64,2026-10-07,P,751.0,0.21,0.22,0.21,939.0,532,0.12549702636718751,False,2026-10-02 20:11:37+00:00,SPY261007P00751000
SPY,2026-10-03,769.64,2026-10-07,P,752.0,0.24,0.25,0.25,1393.0,753,0.12317771362304689,False,2026-10-02 20:07:58+00:00,SPY261007P00752000
SPY,2026-10-03,769.64,2026-10-07,P,753.0,0.27,0.28,0.28,737.0,618,0.12037012451171875,False,2026-10-02 20:14:38+00:00,SPY261007P00753000
SPY,2026-10-03,769.64,2026-10-07,P,754.0,0.31,0.32,0.32,1144.0,553,0.118172880859375,False,2026-10-02 20:12:42+00:00,SPY261007P00754000
SPY,2026-10-03,769.64,2026-10-07,P,755.0,0.36,0.37,0.36,1812.0,953,0.116219775390625,False,2026-10-02 20:14:20+00:00,SPY261007P00755000
SPY,2026-10-03,769.64,2026-10-07,P,756.0,0.41,0.42,0.44,967.0,613,0.11365632446289062,False,2026-10-02 19:55:01+00:00,SPY261007P00756000
SPY,2026-10-03,769.64,2026-10-07,P,757.0,0.48,0.49,0.49,1813.0,515,0.11182528808593749,False,2026-10-02 20:05:37+00:00,SPY261007P00757000
SPY,2026-10-03,769.64,2026-10-07,P,758.0,0.55,0.56,0.56,1472.0,683,0.10938390625,False,2026-10-02 20:14:07+00:00,SPY261007P00758000
SPY,2026-10-03,769.64,2026-10-07,P,759.0,0.64,0.65,0.65,1453.0,573,0.10743080078125,False,2026-10-02 20:14:55+00:00,SPY261007P00759000
SPY,2026-10-03,769.64,2026-10-07,P,760.0,0.74,0.75,0.75,7987.0,9272,0.10523355712890625,False,2026-10-02 20:14:55+00:00,SPY261007P00760000
SPY,2026-10-03,769.64,2026-10-07,P,761.0,0.86,0.87,0.88,1001.0,340,0.10315838256835935,False,2026-10-02 20:13:18+00:00,SPY261007P00761000
SPY,2026-10-03,769.64,2026-10-07,P,762.0,0.99,1.01,1.01,1359.0,456,0.10114424255371093,False,2026-10-02 20:14:42+00:00,SPY261007P00762000
SPY,2026-10-03,769.64,2026-10-07,P,763.0,1.15,1.17,1.16,1773.0,419,0.09900803344726564,False,2026-10-02 20:14:27+00:00,SPY261007P00763000
SPY,2026-10-03,769.64,2026-10-07,P,764.0,1.34,1.35,1.34,2273.0,2508,0.09674975524902345,False,2026-10-02 20:14:33+00:00,SPY261007P00764000
SPY,2026-10-03,769.64,2026-10-07,P,765.0,1.56,1.57,1.56,2672.0,942,0.09485768432617189,False,2026-10-02 20:14:48+00:00,SPY261007P00765000
SPY,2026-10-03,769.64,2026-10-07,P,766.0,1.79,1.81,1.81,1808.0,379,0.09253837158203124,False,2026-10-02 20:14:11+00:00,SPY261007P00766000
SPY,2026-10-03,769.64,2026-10-07,P,767.0,2.07,2.09,2.13,2111.0,620,0.0903411279296875,False,2026-10-02 20:13:36+00:00,SPY261007P00767000
SPY,2026-10-03,769.64,2026-10-07,P,768.0,2.4,2.42,2.4,4315.0,545,0.08838802246093751,False,2026-10-02 20:14:57+00:00,SPY261007P00768000
SPY,2026-10-03,769.64,2026-10-07,P,769.0,2.76,2.78,2.76,5316.0,522,0.08600767517089845,False,2026-10-02 20:14:49+00:00,SPY261007P00769000
SPY,2026-10-03,769.64,2026-10-07,P,770.0,3.17,3.2,3.17,14621.0,1223,0.08393250061035158,True,2026-10-02 20:14:27+00:00,SPY261007P00770000
SPY,2026-10-03,769.64,2026-10-07,P,771.0,3.63,3.66,3.61,4824.0,352,0.08149111877441408,True,2026-10-02 20:14:35+00:00,SPY261007P00771000
SPY,2026-10-03,769.64,2026-10-07,P,772.0,4.09,4.19,4.2,3145.0,139,0.07935490966796876,True,2026-10-02 20:07:12+00:00,SPY261007P00772000
SPY,2026-10-03,769.64,2026-10-07,P,773.0,4.66,4.75,4.77,955.0,48,0.07636421691894534,True,2026-10-02 20:05:50+00:00,SPY261007P00773000
SPY,2026-10-03,769.64,2026-10-07,P,774.0,5.27,5.42,5.4,190.0,73,0.07489938781738283,True,2026-10-02 20:05:50+00:00,SPY261007P00774000
SPY,2026-10-03,769.64,2026-10-07,P,775.0,5.86,6.2,6.41,168.0,290,0.07544869873046878,True,2026-10-02 19:59:34+00:00,SPY261007P00775000
SPY,2026-10-03,769.64,2026-10-07,P,776.0,6.67,6.97,6.74,244.0,58,0.07392283508300783,True,2026-10-02 20:06:24+00:00,SPY261007P00776000
SPY,2026-10-03,769.64,2026-10-07,P,777.0,7.35,7.78,8.51,107.0,30,0.07190869506835937,True,2026-10-02 18:12:40+00:00,SPY261007P00777000
SPY,2026-10-03,769.64,2026-10-07,P,778.0,8.16,8.63,8.68,249.0,38,0.06958938232421877,True,2026-10-02 20:04:59+00:00,SPY261007P00778000
SPY,2026-10-03,769.64,2026-10-07,P,779.0,9.03,10.33,9.78,244.0,5,0.11170321899414062,True,2026-10-02 19:18:58+00:00,SPY261007P00779000
SPY,2026-10-03,769.64,2026-10-07,P,780.0,9.9,11.26,10.76,93.0,1,0.11597563720703125,True,2026-10-02 19:33:42+00:00,SPY261007P00780000
SPY,2026-10-03,769.64,2026-10-07,P,781.0,10.82,11.5,11.5,169.0,1,0.07569283691406252,True,2026-10-02 20:02:55+00:00,SPY261007P00781000
SPY,2026-10-03,769.64,2026-10-07,P,785.0,14.18,16.05,15.45,123.0,3,0.13916876464843753,True,2026-10-02 19:25:57+00:00,SPY261007P00785000
SPY,2026-10-03,769.64,2026-10-08,C,738.0,31.56,33.15,31.62,64.0,17,0.274421318359375,True,2026-10-02 19:22:02+00:00,SPY261008C00738000
SPY,2026-10-03,769.64,2026-10-08,C,748.0,21.7,23.05,22.35,78.0,10,0.2049640051269531,True,2026-10-02 19:35:57+00:00,SPY261008C00748000
SPY,2026-10-03,769.64,2026-10-08,C,750.0,19.74,21.12,19.41,25.0,66,0.1948322705078125,True,2026-10-02 19:36:49+00:00,SPY261008C00750000
SPY,2026-10-03,769.64,2026-10-08,C,751.0,18.77,19.96,18.81,42.0,26,0.1810384631347656,True,2026-10-02 18:30:08+00:00,SPY261008C00751000
SPY,2026-10-03,769.64,2026-10-08,C,755.0,15.28,16.18,15.63,254.0,124,0.16272809936523439,True,2026-10-02 17:10:22+00:00,SPY261008C00755000
SPY,2026-10-03,769.64,2026-10-08,C,756.0,14.61,15.24,14.87,149.0,155,0.1579063702392578,True,2026-10-02 19:39:09+00:00,SPY261008C00756000
SPY,2026-10-03,769.64,2026-10-08,C,760.0,11.19,11.61,10.85,139.0,151,0.14051152465820313,True,2026-10-02 19:03:22+00:00,SPY261008C00760000
SPY,2026-10-03,769.64,2026-10-08,C,761.0,10.36,10.76,10.4,158.0,199,0.13715462463378908,True,2026-10-02 19:45:03+00:00,SPY261008C00761000
SPY,2026-10-03,769.64,2026-10-08,C,762.0,9.58,9.86,9.23,248.0,266,0.131844619140625,True,2026-10-02 19:59:23+00:00,SPY261008C00762000
SPY,2026-10-03,769.64,2026-10-08,C,764.0,8.02,8.31,7.97,426.0,646,0.12720599365234375,True,2026-10-02 20:02:04+00:00,SPY261008C00764000
SPY,2026-10-03,769.64,2026-10-08,C,765.0,7.25,7.54,7.21,968.0,1348,0.12415426635742188,True,2026-10-02 20:02:04+00:00,SPY261008C00765000
SPY,2026-10-03,769.64,2026-10-08,C,766.0,6.57,6.74,6.58,406.0,293,0.11957667541503905,True,2026-10-02 20:13:37+00:00,SPY261008C00766000
SPY,2026-10-03,769.64,2026-10-08,C,767.0,5.86,6.03,5.83,250.0,365,0.11676908630371094,True,2026-10-02 20:10:20+00:00,SPY261008C00767000
SPY,2026-10-03,769.64,2026-10-08,C,768.0,5.2,5.39,4.86,1696.0,1541,0.11499908447265625,True,2026-10-02 19:57:56+00:00,SPY261008C00768000
SPY,2026-10-03,769.64,2026-10-08,C,769.0,4.62,4.74,4.55,1227.0,595,0.11213046081542967,True,2026-10-02 20:13:37+00:00,SPY261008C00769000
SPY,2026-10-03,769.64,2026-10-08,C,770.0,4.04,4.07,4.08,2237.0,887,0.10785804260253906,False,2026-10-02 20:14:35+00:00,SPY261008C00770000
SPY,2026-10-03,769.64,2026-10-08,C,771.0,3.49,3.52,3.43,1184.0,281,0.1056607989501953,False,2026-10-02 20:10:31+00:00,SPY261008C00771000
SPY,2026-10-03,769.64,2026-10-08,C,772.0,2.98,3.02,2.98,1613.0,397,0.10376872802734374,False,2026-10-02 20:10:07+00:00,SPY261008C00772000
SPY,2026-10-03,769.64,2026-10-08,C,773.0,2.53,2.56,2.55,934.0,453,0.10184613983154298,False,2026-10-02 20:13:28+00:00,SPY261008C00773000
SPY,2026-10-03,769.64,2026-10-08,C,774.0,2.13,2.15,2.11,1753.0,613,0.1001066552734375,False,2026-10-02 20:09:55+00:00,SPY261008C00774000
SPY,2026-10-03,769.64,2026-10-08,C,775.0,1.77,1.79,1.77,1917.0,464,0.098641826171875,False,2026-10-02 20:14:16+00:00,SPY261008C00775000
SPY,2026-10-03,769.64,2026-10-08,C,776.0,1.45,1.47,1.45,846.0,290,0.0971769970703125,False,2026-10-02 20:11:00+00:00,SPY261008C00776000
SPY,2026-10-03,769.64,2026-10-08,C,777.0,1.18,1.19,1.18,854.0,304,0.09571216796875001,False,2026-10-02 20:14:16+00:00,SPY261008C00777000
SPY,2026-10-03,769.64,2026-10-08,C,778.0,0.94,0.96,0.96,947.0,384,0.09461354614257814,False,2026-10-02 20:14:33+00:00,SPY261008C00778000
SPY,2026-10-03,769.64,2026-10-08,C,779.0,0.75,0.76,0.76,911.0,271,0.09345388977050782,False,2026-10-02 20:14:17+00:00,SPY261008C00779000
SPY,2026-10-03,769.64,2026-10-08,C,780.0,0.59,0.6,0.61,3184.0,1387,0.09266044067382811,False,2026-10-02 20:14:52+00:00,SPY261008C00780000
SPY,2026-10-03,769.64,2026-10-08,C,781.0,0.46,0.47,0.46,946.0,676,0.09192802612304687,False,2026-10-02 20:14:30+00:00,SPY261008C00781000
SPY,2026-10-03,769.64,2026-10-08,C,782.0,0.35,0.37,0.35,505.0,464,0.09180595703125,False,2026-10-02 20:14:14+00:00,SPY261008C00782000
SPY,2026-10-03,769.64,2026-10-08,C,783.0,0.27,0.28,0.28,530.0,223,0.09095147338867188,False,2026-10-02 20:14:37+00:00,SPY261008C00783000
SPY,2026-10-03,769.64,2026-10-08,C,784.0,0.2,0.21,0.21,234.0,166,0.09021905883789064,False,2026-10-02 20:14:37+00:00,SPY261008C00784000
SPY,2026-10-03,769.64,2026-10-08,C,785.0,0.16,0.17,0.17,3271.0,379,0.09107354248046876,False,2026-10-02 20:14:36+00:00,SPY261008C00785000
SPY,2026-10-03,769.64,2026-10-08,C,786.0,0.12,0.13,0.11,838.0,737,0.09107354248046876,False,2026-10-02 19:42:38+00:00,SPY261008C00786000
SPY,2026-10-03,769.64,2026-10-08,C,787.0,0.09,0.1,0.1,2779.0,2401,0.0913176806640625,False,2026-10-02 20:10:43+00:00,SPY261008C00787000
SPY,2026-10-03,769.64,2026-10-08,C,788.0,0.07,0.08,0.06,1943.0,189,0.0922942333984375,False,2026-10-02 19:59:25+00:00,SPY261008C00788000
SPY,2026-10-03,769.64,2026-10-08,C,789.0,0.05,0.06,0.06,495.0,796,0.0922942333984375,False,2026-10-02 19:58:03+00:00,SPY261008C00789000
SPY,2026-10-03,769.64,2026-10-08,C,790.0,0.04,0.05,0.04,3378.0,355,0.0937590625,False,2026-10-02 20:13:42+00:00,SPY261008C00790000
SPY,2026-10-03,769.64,2026-10-08,C,791.0,0.03,0.04,0.05,117.0,204,0.09473561523437501,False,2026-10-02 18:51:53+00:00,SPY261008C00791000
SPY,2026-10-03,769.64,2026-10-08,C,792.0,0.03,0.04,0.02,261.0,23,0.098641826171875,False,2026-10-02 19:52:13+00:00,SPY261008C00792000
SPY,2026-10-03,769.64,2026-10-08,C,793.0,0.02,0.03,0.03,647.0,77,0.098641826171875,False,2026-10-02 20:13:58+00:00,SPY261008C00793000
SPY,2026-10-03,769.64,2026-10-08,C,794.0,0.02,0.03,0.02,273.0,20,0.10254803710937499,False,2026-10-02 19:57:19+00:00,SPY261008C00794000
SPY,2026-10-03,769.64,2026-10-08,C,795.0,0.01,0.02,0.02,6644.0,185,0.100594931640625,False,2026-10-02 19:58:43+00:00,SPY261008C00795000
SPY,2026-10-03,769.64,2026-10-08,C,796.0,0.01,0.02,0.02,6224.0,59,0.10450114257812498,False,2026-10-02 19:55:40+00:00,SPY261008C00796000
SPY,2026-10-03,769.64,2026-10-08,C,797.0,0.01,0.02,0.01,8.0,52,0.10743080078125,False,2026-10-02 19:49:05+00:00,SPY261008C00797000
SPY,2026-10-03,769.64,2026-10-08,C,798.0,0.01,0.02,0.03,27.0,94,0.11133701171874999,False,2026-10-01 17:05:09+00:00,SPY261008C00798000
SPY,2026-10-03,769.64,2026-10-08,C,799.0,0.01,0.02,0.03,10.0,102,0.11524322265625,False,2026-10-02 15:29:05+00:00,SPY261008C00799000
SPY,2026-10-03,769.64,2026-10-08,C,800.0,0.01,0.02,0.03,360.0,270,0.118172880859375,False,2026-10-02 15:19:39+00:00,SPY261008C00800000
SPY,2026-10-03,769.64,2026-10-08,C,801.0,0.01,0.02,0.03,137.0,47,0.1211025390625,False,2026-09-30 17:16:39+00:00,SPY261008C00801000
SPY,2026-10-03,769.64,2026-10-08,C,802.0,0.01,0.02,0.02,128.0,45,0.12500875,False,2026-10-02 19:03:21+00:00,SPY261008C00802000
SPY,2026-10-03,769.64,2026-10-08,C,803.0,0.01,0.02,0.02,276.0,24,0.127938408203125,False,2026-10-02 14:15:57+00:00,SPY261008C00803000
SPY,2026-10-03,769.64,2026-10-08,C,804.0,0.01,0.02,0.08,44.0,13,0.13086806640624998,False,2026-09-28 17:54:27+00:00,SPY261008C00804000
SPY,2026-10-03,769.64,2026-10-08,C,805.0,0.01,0.02,0.02,242.0,137,0.13477427734375003,False,2026-10-02 17:48:21+00:00,SPY261008C00805000
SPY,2026-10-03,769.64,2026-10-08,C,807.0,0.01,0.02,0.06,1.0,15,0.141610146484375,False,2026-09-28 19:06:14+00:00,SPY261008C00807000
SPY,2026-10-03,769.64,2026-10-08,C,808.0,0.01,0.02,0.06,86.0,40,0.1445398046875,False,2026-09-28 18:51:10+00:00,SPY261008C00808000
SPY,2026-10-03,769.64,2026-10-08,C,809.0,0.01,0.02,0.04,8.0,8,0.148446015625,False,2026-09-28 15:37:44+00:00,SPY261008C00809000
SPY,2026-10-03,769.64,2026-10-08,C,810.0,0.01,0.02,0.02,3921.0,2130,0.15137567382812503,False,2026-10-01 18:09:24+00:00,SPY261008C00810000
SPY,2026-10-03,769.64,2026-10-08,C,815.0,0.01,0.02,0.01,472.0,51,0.16797707031250003,False,2026-10-02 19:58:43+00:00,SPY261008C00815000
SPY,2026-10-03,769.64,2026-10-08,C,830.0,0.0,0.01,0.04,24.0,24,0.1992267578125,False,2026-09-25 19:05:55+00:00,SPY261008C00830000
SPY,2026-10-03,769.64,2026-10-08,C,835.0,0.0,0.01,0.03,2.0,77,0.2148516015625,False,2026-09-29 19:56:14+00:00,SPY261008C00835000
SPY,2026-10-03,769.64,2026-10-08,C,850.0,0.0,0.01,0.01,1702.0,1156,0.257819921875,False,2026-10-01 19:57:18+00:00,SPY261008C00850000
SPY,2026-10-03,769.64,2026-10-08,C,880.0,0.0,0.01,0.01,15.0,15,0.335944140625,False,2026-09-25 17:33:40+00:00,SPY261008C00880000
SPY,2026-10-03,769.64,2026-10-08,P,550.0,0.0,0.01,0.02,20.0,22,0.7656273437500001,False,2026-09-29 14:21:50+00:00,SPY261008P00550000
SPY,2026-10-03,769.64,2026-10-08,P,580.0,0.0,0.01,0.01,1.0,73,0.6562534375000001,False,2026-09-30 19:11:56+00:00,SPY261008P00580000
SPY,2026-10-03,769.64,2026-10-08,P,585.0,0.0,0.01,0.01,70.0,109,0.6250037500000001,False,2026-10-01 13:55:06+00:00,SPY261008P00585000
SPY,2026-10-03,769.64,2026-10-08,P,625.0,0.0,0.01,0.03,81.0,102,0.51562984375,False,2026-10-02 20:12:47+00:00,SPY261008P00625000
SPY,2026-10-03,769.64,2026-10-08,P,665.0,0.01,0.02,0.03,70.0,185,0.39453730468750003,False,2026-10-01 18:34:45+00:00,SPY261008P00665000
SPY,2026-10-03,769.64,2026-10-08,P,675.0,0.02,0.03,0.09,316.0,571,0.3711000390625,False,2026-09-29 17:39:02+00:00,SPY261008P00675000
SPY,2026-10-03,769.64,2026-10-08,P,680.0,0.02,0.03,0.03,2.0,7229,0.35156898437499995,False,2026-10-02 18:41:43+00:00,SPY261008P00680000
SPY,2026-10-03,769.64,2026-10-08,P,690.0,0.03,0.04,0.04,811.0,55,0.3242255078124999,False,2026-10-02 19:35:18+00:00,SPY261008P00690000
SPY,2026-10-03,769.64,2026-10-08,P,695.0,0.03,0.04,0.04,964.0,24,0.304694453125,False,2026-10-02 19:46:43+00:00,SPY261008P00695000
SPY,2026-10-03,769.64,2026-10-08,P,700.0,0.03,0.04,0.03,1178.0,263,0.28516339843749994,False,2026-10-02 19:57:28+00:00,SPY261008P00700000
SPY,2026-10-03,769.64,2026-10-08,P,705.0,0.04,0.05,0.04,909.0,214,0.27246821289062495,False,2026-10-02 19:48:53+00:00,SPY261008P00705000
SPY,2026-10-03,769.64,2026-10-08,P,710.0,0.04,0.05,0.06,37.0,1244,0.252937158203125,False,2026-10-02 16:10:50+00:00,SPY261008P00710000
SPY,2026-10-03,769.64,2026-10-08,P,715.0,0.04,0.05,0.05,614.0,223,0.233406103515625,False,2026-10-02 19:50:01+00:00,SPY261008P00715000
SPY,2026-10-03,769.64,2026-10-08,P,720.0,0.05,0.06,0.05,167.0,535,0.21875781249999998,False,2026-10-02 20:14:10+00:00,SPY261008P00720000
SPY,2026-10-03,769.64,2026-10-08,P,723.0,0.05,0.06,0.22,59.0,56,0.20606262695312497,False,2026-10-01 16:46:33+00:00,SPY261008P00723000
SPY,2026-10-03,769.64,2026-10-08,P,724.0,0.06,0.07,0.15,77.0,238,0.20606262695312497,False,2026-10-01 19:59:59+00:00,SPY261008P00724000
SPY,2026-10-03,769.64,2026-10-08,P,725.0,0.06,0.07,0.06,81.0,998,0.20215641601562498,False,2026-10-02 19:47:20+00:00,SPY261008P00725000
SPY,2026-10-03,769.64,2026-10-08,P,726.0,0.06,0.07,0.18,862.0,836,0.198250205078125,False,2026-10-01 20:12:07+00:00,SPY261008P00726000
SPY,2026-10-03,769.64,2026-10-08,P,727.0,0.06,0.07,0.18,486.0,362,0.194343994140625,False,2026-10-01 19:59:59+00:00,SPY261008P00727000
SPY,2026-10-03,769.64,2026-10-08,P,728.0,0.06,0.07,0.08,6.0,463,0.18994950683593753,False,2026-10-02 13:44:36+00:00,SPY261008P00728000
SPY,2026-10-03,769.64,2026-10-08,P,729.0,0.07,0.08,0.1,109.0,150,0.18946123046875002,False,2026-10-02 18:12:18+00:00,SPY261008P00729000
SPY,2026-10-03,769.64,2026-10-08,P,730.0,0.07,0.08,0.11,568.0,816,0.18506674316406246,False,2026-10-02 17:14:44+00:00,SPY261008P00730000
SPY,2026-10-03,769.64,2026-10-08,P,731.0,0.07,0.08,0.11,8.0,144,0.180672255859375,False,2026-10-02 17:17:35+00:00,SPY261008P00731000
SPY,2026-10-03,769.64,2026-10-08,P,732.0,0.08,0.09,0.13,1.0,188,0.179695703125,False,2026-10-02 15:22:15+00:00,SPY261008P00732000
SPY,2026-10-03,769.64,2026-10-08,P,733.0,0.08,0.09,0.12,102.0,918,0.1753012158203125,False,2026-10-02 17:24:00+00:00,SPY261008P00733000
SPY,2026-10-03,769.64,2026-10-08,P,734.0,0.08,0.09,0.13,141.0,601,0.17090672851562502,False,2026-10-02 17:50:16+00:00,SPY261008P00734000
SPY,2026-10-03,769.64,2026-10-08,P,735.0,0.09,0.1,0.09,75.0,1210,0.1694418994140625,False,2026-10-02 20:02:24+00:00,SPY261008P00735000
SPY,2026-10-03,769.64,2026-10-08,P,736.0,0.09,0.1,0.1,32.0,209,0.165047412109375,False,2026-10-02 20:14:50+00:00,SPY261008P00736000
SPY,2026-10-03,769.64,2026-10-08,P,737.0,0.1,0.11,0.14,121.0,603,0.16309430664062502,False,2026-10-02 18:19:47+00:00,SPY261008P00737000
SPY,2026-10-03,769.64,2026-10-08,P,738.0,0.1,0.11,0.12,81.0,1026,0.15869981933593752,False,2026-10-02 20:14:45+00:00,SPY261008P00738000
SPY,2026-10-03,769.64,2026-10-08,P,739.0,0.11,0.12,0.11,501.0,549,0.1562584375,False,2026-10-02 17:17:34+00:00,SPY261008P00739000
SPY,2026-10-03,769.64,2026-10-08,P,740.0,0.12,0.13,0.12,168.0,934,0.1538170556640625,False,2026-10-02 20:13:44+00:00,SPY261008P00740000
SPY,2026-10-03,769.64,2026-10-08,P,741.0,0.13,0.14,0.14,647.0,617,0.15137567382812503,False,2026-10-02 17:50:41+00:00,SPY261008P00741000
SPY,2026-10-03,769.64,2026-10-08,P,742.0,0.14,0.15,0.13,118.0,408,0.148446015625,False,2026-10-02 20:04:53+00:00,SPY261008P00742000
SPY,2026-10-03,769.64,2026-10-08,P,743.0,0.15,0.16,0.15,216.0,249,0.145516357421875,False,2026-10-02 19:59:52+00:00,SPY261008P00743000
SPY,2026-10-03,769.64,2026-10-08,P,745.0,0.18,0.19,0.19,1217.0,664,0.14038945556640625,False,2026-10-02 20:10:18+00:00,SPY261008P00745000
SPY,2026-10-03,769.64,2026-10-08,P,746.0,0.2,0.21,0.2,242.0,1505,0.13794807373046875,False,2026-10-02 20:09:04+00:00,SPY261008P00746000
SPY,2026-10-03,769.64,2026-10-08,P,747.0,0.22,0.23,0.25,649.0,336,0.1355066918945313,False,2026-10-02 19:56:16+00:00,SPY261008P00747000
SPY,2026-10-03,769.64,2026-10-08,P,748.0,0.24,0.25,0.25,1338.0,618,0.13269910278320313,False,2026-10-02 19:19:29+00:00,SPY261008P00748000
SPY,2026-10-03,769.64,2026-10-08,P,749.0,0.27,0.28,0.28,788.0,446,0.13062392822265623,False,2026-10-02 20:09:35+00:00,SPY261008P00749000
SPY,2026-10-03,769.64,2026-10-08,P,750.0,0.3,0.31,0.31,904.0,651,0.12818254638671872,False,2026-10-02 20:10:18+00:00,SPY261008P00750000
SPY,2026-10-03,769.64,2026-10-08,P,751.0,0.34,0.35,0.35,1993.0,589,0.1263515100097656,False,2026-10-02 20:10:41+00:00,SPY261008P00751000
SPY,2026-10-03,769.64,2026-10-08,P,752.0,0.38,0.39,0.5,2047.0,638,0.124032197265625,False,2026-10-02 18:33:09+00:00,SPY261008P00752000
SPY,2026-10-03,769.64,2026-10-08,P,753.0,0.43,0.44,0.44,581.0,571,0.12207909179687501,False,2026-10-02 20:10:53+00:00,SPY261008P00753000
SPY,2026-10-03,769.64,2026-10-08,P,754.0,0.49,0.5,0.49,468.0,222,0.12024805541992187,False,2026-10-02 20:14:37+00:00,SPY261008P00754000
SPY,2026-10-03,769.64,2026-10-08,P,755.0,0.55,0.56,0.55,1552.0,895,0.11805081176757812,False,2026-10-02 20:14:37+00:00,SPY261008P00755000
SPY,2026-10-03,769.64,2026-10-08,P,756.0,0.62,0.64,0.65,710.0,309,0.11634184448242188,False,2026-10-02 20:10:53+00:00,SPY261008P00756000
SPY,2026-10-03,769.64,2026-10-08,P,757.0,0.71,0.72,0.72,874.0,367,0.11414460083007813,False,2026-10-02 20:06:52+00:00,SPY261008P00757000
SPY,2026-10-03,769.64,2026-10-08,P,758.0,0.8,0.82,0.81,394.0,370,0.11237459899902343,False,2026-10-02 20:14:45+00:00,SPY261008P00758000
SPY,2026-10-03,769.64,2026-10-08,P,759.0,0.92,0.93,0.92,417.0,194,0.11042149353027343,False,2026-10-02 20:05:52+00:00,SPY261008P00759000
SPY,2026-10-03,769.64,2026-10-08,P,760.0,1.04,1.06,1.06,1866.0,1415,0.10865149169921876,False,2026-10-02 20:08:13+00:00,SPY261008P00760000
SPY,2026-10-03,769.64,2026-10-08,P,761.0,1.18,1.2,1.22,687.0,234,0.10657631713867188,False,2026-10-02 20:13:44+00:00,SPY261008P00761000
SPY,2026-10-03,769.64,2026-10-08,P,762.0,1.35,1.36,1.36,643.0,233,0.10456217712402342,False,2026-10-02 20:14:36+00:00,SPY261008P00762000
SPY,2026-10-03,769.64,2026-10-08,P,763.0,1.53,1.55,1.57,1133.0,497,0.10279217529296875,False,2026-10-02 20:12:46+00:00,SPY261008P00763000
SPY,2026-10-03,769.64,2026-10-08,P,764.0,1.74,1.76,1.75,1038.0,846,0.10090010437011719,False,2026-10-02 20:14:45+00:00,SPY261008P00764000
SPY,2026-10-03,769.64,2026-10-08,P,765.0,1.97,1.99,2.01,2021.0,1034,0.09876389526367188,False,2026-10-02 20:08:13+00:00,SPY261008P00765000
SPY,2026-10-03,769.64,2026-10-08,P,766.0,2.24,2.26,2.24,829.0,355,0.09693285888671876,False,2026-10-02 20:14:46+00:00,SPY261008P00766000
SPY,2026-10-03,769.64,2026-10-08,P,767.0,2.53,2.56,2.54,1011.0,298,0.09497975341796877,False,2026-10-02 20:14:33+00:00,SPY261008P00767000
SPY,2026-10-03,769.64,2026-10-08,P,768.0,2.86,2.89,2.93,1311.0,324,0.09287406158447264,False,2026-10-02 20:08:11+00:00,SPY261008P00768000
SPY,2026-10-03,769.64,2026-10-08,P,769.0,3.23,3.27,3.26,1648.0,155,0.09101250793457032,False,2026-10-02 20:14:12+00:00,SPY261008P00769000
SPY,2026-10-03,769.64,2026-10-08,P,770.0,3.65,3.68,3.65,2479.0,166,0.08881526428222657,True,2026-10-02 20:14:42+00:00,SPY261008P00770000
SPY,2026-10-03,769.64,2026-10-08,P,771.0,4.1,4.14,4.25,1763.0,94,0.0867400897216797,True,2026-10-02 20:00:50+00:00,SPY261008P00771000
SPY,2026-10-03,769.64,2026-10-08,P,772.0,4.55,4.68,5.1,858.0,35,0.08545836425781252,True,2026-10-02 19:48:53+00:00,SPY261008P00772000
SPY,2026-10-03,769.64,2026-10-08,P,773.0,5.08,5.22,5.26,571.0,108,0.08289491333007815,True,2026-10-02 20:05:44+00:00,SPY261008P00773000
SPY,2026-10-03,769.64,2026-10-08,P,774.0,5.66,5.82,6.16,204.0,46,0.08045353149414064,True,2026-10-02 19:54:25+00:00,SPY261008P00774000
SPY,2026-10-03,769.64,2026-10-08,P,775.0,6.3,6.48,6.77,266.0,142,0.07819525329589845,True,2026-10-02 19:54:43+00:00,SPY261008P00775000
SPY,2026-10-03,769.64,2026-10-08,P,776.0,6.98,7.24,7.33,88.0,21,0.07758490783691407,True,2026-10-02 19:37:26+00:00,SPY261008P00776000
SPY,2026-10-03,769.64,2026-10-08,P,778.0,8.41,8.8,9.77,104.0,10,0.0727631787109375,True,2026-10-02 18:28:48+00:00,SPY261008P00778000
SPY,2026-10-03,769.64,2026-10-08,P,779.0,9.28,9.65,9.7,397.0,28,0.07032179687500001,True,2026-10-02 20:01:00+00:00,SPY261008P00779000
SPY,2026-10-03,769.64,2026-10-08,P,780.0,10.07,10.51,10.64,166.0,10,0.06519489501953124,True,2026-10-02 19:48:54+00:00,SPY261008P00780000
SPY,2026-10-03,769.64,2026-10-08,P,781.0,10.96,12.21,12.85,30.0,0,0.11023838989257811,True,2026-10-02 17:28:17+00:00,SPY261008P00781000
SPY,2026-10-03,769.64,2026-10-08,P,782.0,11.92,13.15,13.4,103.0,1,0.11390046264648437,True,2026-10-02 17:24:06+00:00,SPY261008P00782000
SPY,2026-10-03,769.64,2026-10-08,P,784.0,13.5,14.9,12.16,12.0,2,0.11316804809570313,True,2026-10-02 14:31:49+00:00,SPY261008P00784000
SPY,2026-10-03,769.64,2026-10-09,C,500.0,269.45,271.22,269.52,5.0,13,1.4477566674804687,True,2026-10-02 18:09:50+00:00,SPY261009C00500000
SPY,2026-10-03,769.64,2026-10-09,C,505.0,264.58,266.18,263.78,4.0,1,1.4306669091796875,True,2026-09-25 14:38:16+00:00,SPY261009C00505000
SPY,2026-10-03,769.64,2026-10-09,C,520.0,249.47,251.26,248.11,,0,1.3383822143554682,True,2026-09-08 18:28:49+00:00,SPY261009C00520000
SPY,2026-10-03,769.64,2026-10-09,C,530.0,239.42,241.28,245.0,,2,1.276859084472656,True,2026-09-22 14:26:51+00:00,SPY261009C00530000
SPY,2026-10-03,769.64,2026-10-09,C,535.0,234.57,236.26,239.75,,3,1.2646521142578124,True,2026-09-22 14:29:47+00:00,SPY261009C00535000
SPY,2026-10-03,769.64,2026-10-09,C,540.0,229.47,231.27,234.69,2.0,2,1.2255898095703124,True,2026-09-22 14:36:29+00:00,SPY261009C00540000
SPY,2026-10-03,769.64,2026-10-09,C,545.0,224.63,226.23,216.91,,0,1.2114297241210936,True,2026-09-17 15:37:01+00:00,SPY261009C00545000
SPY,2026-10-03,769.64,2026-10-09,C,550.0,219.62,221.23,218.54,48.0,7,1.1826212744140623,True,2026-09-25 14:35:29+00:00,SPY261009C00550000
SPY,2026-10-03,769.64,2026-10-09,C,555.0,214.63,216.23,210.04,1.0,0,1.1557659399414062,True,2026-09-11 19:58:33+00:00,SPY261009C00555000
SPY,2026-10-03,769.64,2026-10-09,C,560.0,209.63,211.24,200.66,2.0,1,1.12891060546875,True,2026-10-01 16:11:45+00:00,SPY261009C00560000
SPY,2026-10-03,769.64,2026-10-09,C,565.0,204.44,206.31,197.19,,0,1.0883834643554686,True,2026-09-01 18:29:13+00:00,SPY261009C00565000
SPY,2026-10-03,769.64,2026-10-09,C,570.0,199.64,201.25,189.18,,0,1.076176494140625,True,2026-09-16 14:22:36+00:00,SPY261009C00570000
SPY,2026-10-03,769.64,2026-10-09,C,575.0,194.45,196.32,193.63,2.0,2,1.0366259106445317,True,2026-09-08 13:58:19+00:00,SPY261009C00575000
SPY,2026-10-03,769.64,2026-10-09,C,580.0,189.65,191.26,177.78,2.0,0,1.023930661621094,True,2026-09-15 14:22:47+00:00,SPY261009C00580000
SPY,2026-10-03,769.64,2026-10-09,C,585.0,184.5,186.28,184.89,38.0,1,0.9841310180664062,True,2026-10-02 17:09:01+00:00,SPY261009C00585000
SPY,2026-10-03,769.64,2026-10-09,C,590.0,179.66,181.27,176.87,2.0,1,0.9721682470703125,True,2026-09-28 19:13:47+00:00,SPY261009C00590000
SPY,2026-10-03,769.64,2026-10-09,C,595.0,174.63,175.86,173.96,5.0,288,0.9008798974609374,True,2026-10-02 15:11:29+00:00,SPY261009C00595000
SPY,2026-10-03,769.64,2026-10-09,C,600.0,169.67,171.28,172.41,13.0,81,0.920899228515625,True,2026-10-02 14:38:22+00:00,SPY261009C00600000
SPY,2026-10-03,769.64,2026-10-09,C,605.0,164.58,165.91,164.62,58.0,365,0.8500991552734375,True,2026-10-02 18:37:31+00:00,SPY261009C00605000
SPY,2026-10-03,769.64,2026-10-09,C,610.0,159.68,161.27,159.92,1.0,23,0.868165380859375,True,2026-10-02 16:06:06+00:00,SPY261009C00610000
SPY,2026-10-03,769.64,2026-10-09,C,615.0,154.58,155.96,146.42,2.0,254,0.804689453125,True,2026-10-01 16:12:41+00:00,SPY261009C00615000
SPY,2026-10-03,769.64,2026-10-09,C,620.0,149.69,151.3,147.21,1.0,11,0.8193377441406249,True,2026-09-24 14:41:07+00:00,SPY261009C00620000
SPY,2026-10-03,769.64,2026-10-09,C,625.0,144.67,146.35,141.95,2.0,24,0.795900478515625,True,2026-09-28 19:13:47+00:00,SPY261009C00625000
SPY,2026-10-03,769.64,2026-10-09,C,630.0,139.61,141.37,135.04,1.0,4,0.7668480346679689,True,2026-10-01 18:48:51+00:00,SPY261009C00630000
SPY,2026-10-03,769.64,2026-10-09,C,635.0,134.71,136.31,134.75,2.0,32,0.74414318359375,True,2026-10-02 16:29:22+00:00,SPY261009C00635000
SPY,2026-10-03,769.64,2026-10-09,C,640.0,129.61,131.36,129.74,2.0,47,0.7148466015625,True,2026-10-02 16:29:06+00:00,SPY261009C00640000
SPY,2026-10-03,769.64,2026-10-09,C,645.0,124.72,126.32,124.71,2.0,3,0.694338994140625,True,2026-10-02 16:28:51+00:00,SPY261009C00645000
SPY,2026-10-03,769.64,2026-10-09,C,650.0,119.69,120.98,119.72,31.0,302,0.6420934228515626,True,2026-10-02 18:36:55+00:00,SPY261009C00650000
SPY,2026-10-03,769.64,2026-10-09,C,655.0,114.73,116.34,114.63,2.0,4,0.6452672192382812,True,2026-10-02 18:36:38+00:00,SPY261009C00655000
SPY,2026-10-03,769.64,2026-10-09,C,660.0,109.74,111.34,104.29,2.0,66,0.6203651245117189,True,2026-10-01 13:47:39+00:00,SPY261009C00660000
SPY,2026-10-03,769.64,2026-10-09,C,665.0,104.75,106.35,100.34,3.0,7,0.5961954443359375,True,2026-10-01 19:44:08+00:00,SPY261009C00665000
SPY,2026-10-03,769.64,2026-10-09,C,670.0,99.72,101.42,100.07,16.0,26,0.5732464550781251,True,2026-10-02 17:09:24+00:00,SPY261009C00670000
SPY,2026-10-03,769.64,2026-10-09,C,675.0,94.56,95.97,96.65,6.0,101,0.5095263891601562,True,2026-10-02 13:35:44+00:00,SPY261009C00675000
SPY,2026-10-03,769.64,2026-10-09,C,680.0,89.78,90.97,90.42,3.0,1258,0.5614057531738281,True,2026-10-02 14:10:54+00:00,SPY261009C00680000
SPY,2026-10-03,769.64,2026-10-09,C,685.0,84.78,86.38,84.59,6.0,12,0.567387138671875,True,2026-10-02 17:35:33+00:00,SPY261009C00685000
SPY,2026-10-03,769.64,2026-10-09,C,690.0,79.78,81.38,79.63,8.0,15,0.5395553857421876,True,2026-10-02 17:39:55+00:00,SPY261009C00690000
SPY,2026-10-03,769.64,2026-10-09,C,695.0,74.75,76.06,74.91,5.0,1129,0.48816429809570316,True,2026-10-02 19:49:37+00:00,SPY261009C00695000
SPY,2026-10-03,769.64,2026-10-09,C,700.0,69.66,71.07,69.83,9.0,570,0.46179737426757816,True,2026-10-02 18:03:39+00:00,SPY261009C00700000
SPY,2026-10-03,769.64,2026-10-09,C,705.0,64.81,66.41,67.18,6.0,80,0.45740288696289066,True,2026-10-02 14:32:56+00:00,SPY261009C00705000
SPY,2026-10-03,769.64,2026-10-09,C,710.0,59.82,61.43,59.47,7.0,32,0.4304256176757813,True,2026-10-02 17:40:53+00:00,SPY261009C00710000
SPY,2026-10-03,769.64,2026-10-09,C,715.0,54.8,56.5,54.84,10.0,17,0.40601179931640624,True,2026-10-02 17:35:07+00:00,SPY261009C00715000
SPY,2026-10-03,769.64,2026-10-09,C,720.0,49.66,51.5,50.07,7.0,25,0.37708142456054683,True,2026-10-02 15:28:41+00:00,SPY261009C00720000
SPY,2026-10-03,769.64,2026-10-09,C,721.0,48.85,50.45,48.64,12.0,15,0.36853658813476564,True,2026-10-02 17:44:38+00:00,SPY261009C00721000
SPY,2026-10-03,769.64,2026-10-09,C,722.0,47.85,49.46,50.26,4.0,59,0.3632876171875,True,2026-10-02 13:50:34+00:00,SPY261009C00722000
SPY,2026-10-03,769.64,2026-10-09,C,723.0,46.82,48.53,46.5,8.0,13,0.36121244262695307,True,2026-10-02 17:41:36+00:00,SPY261009C00723000
SPY,2026-10-03,769.64,2026-10-09,C,724.0,45.86,47.46,45.2,12.0,8,0.35169105346679685,True,2026-10-02 17:09:39+00:00,SPY261009C00724000
SPY,2026-10-03,769.64,2026-10-09,C,725.0,44.86,46.14,45.52,17.0,239,0.3282537878417968,True,2026-10-02 20:14:09+00:00,SPY261009C00725000
SPY,2026-10-03,769.64,2026-10-09,C,726.0,43.87,45.47,43.38,12.0,38,0.34052173156738286,True,2026-10-02 17:42:33+00:00,SPY261009C00726000
SPY,2026-10-03,769.64,2026-10-09,C,727.0,42.87,44.47,42.93,24.0,44,0.3346624151611328,True,2026-10-02 19:22:42+00:00,SPY261009C00727000
SPY,2026-10-03,769.64,2026-10-09,C,728.0,41.88,43.14,41.48,40.0,490,0.3112861840820312,True,2026-10-02 17:43:06+00:00,SPY261009C00728000
SPY,2026-10-03,769.64,2026-10-09,C,729.0,40.88,42.48,40.9,22.0,98,0.3233710241699218,True,2026-10-02 17:47:46+00:00,SPY261009C00729000
SPY,2026-10-03,769.64,2026-10-09,C,730.0,39.89,40.98,39.79,18.0,339,0.29090064575195307,True,2026-10-02 19:12:17+00:00,SPY261009C00730000
SPY,2026-10-03,769.64,2026-10-09,C,731.0,38.89,40.5,39.06,46.0,6,0.3125679095458984,True,2026-10-02 19:21:04+00:00,SPY261009C00731000
SPY,2026-10-03,769.64,2026-10-09,C,732.0,37.9,39.5,38.44,34.0,33,0.30664755859375,True,2026-10-02 19:42:01+00:00,SPY261009C00732000
SPY,2026-10-03,769.64,2026-10-09,C,733.0,36.91,38.51,38.09,59.0,35,0.3011544494628906,True,2026-10-02 19:59:25+00:00,SPY261009C00733000
SPY,2026-10-03,769.64,2026-10-09,C,734.0,35.91,37.07,37.1,49.0,168,0.2732006274414062,True,2026-10-02 19:59:14+00:00,SPY261009C00734000
SPY,2026-10-03,769.64,2026-10-09,C,735.0,34.92,36.18,36.07,60.0,1165,0.27307855834960937,True,2026-10-02 19:58:21+00:00,SPY261009C00735000
SPY,2026-10-03,769.64,2026-10-09,C,736.0,33.93,35.12,33.62,59.0,330,0.26428958374023437,True,2026-10-02 19:56:49+00:00,SPY261009C00736000
SPY,2026-10-03,769.64,2026-10-09,C,737.0,32.94,34.55,33.4,136.0,19,0.2788158056640625,True,2026-10-02 19:59:23+00:00,SPY261009C00737000
SPY,2026-10-03,769.64,2026-10-09,C,738.0,31.95,33.56,32.45,187.0,48,0.2732006274414062,True,2026-10-02 19:58:11+00:00,SPY261009C00738000
SPY,2026-10-03,769.64,2026-10-09,C,739.0,30.96,32.12,31.74,149.0,123,0.2467116345214844,True,2026-10-02 19:53:03+00:00,SPY261009C00739000
SPY,2026-10-03,769.64,2026-10-09,C,740.0,29.99,31.18,30.26,81.0,1049,0.24372094177246095,True,2026-10-02 19:48:44+00:00,SPY261009C00740000
SPY,2026-10-03,769.64,2026-10-09,C,741.0,28.99,30.59,29.66,262.0,105,0.2559888854980469,True,2026-10-02 19:54:33+00:00,SPY261009C00741000
SPY,2026-10-03,769.64,2026-10-09,C,742.0,28.01,29.62,28.43,109.0,77,0.25098405273437496,True,2026-10-02 19:57:12+00:00,SPY261009C00742000
SPY,2026-10-03,769.64,2026-10-09,C,743.0,27.04,28.64,27.12,128.0,38,0.24549094360351562,True,2026-10-02 19:59:52+00:00,SPY261009C00743000
SPY,2026-10-03,769.64,2026-10-09,C,744.0,26.05,27.66,27.28,162.0,60,0.2399978344726562,True,2026-10-02 19:57:32+00:00,SPY261009C00744000
SPY,2026-10-03,769.64,2026-10-09,C,745.0,25.09,26.31,25.63,517.0,1732,0.2192460888671875,True,2026-10-02 19:58:50+00:00,SPY261009C00745000
SPY,2026-10-03,769.64,2026-10-09,C,746.0,24.11,25.72,24.31,43.0,149,0.22956092712402343,True,2026-10-02 18:46:53+00:00,SPY261009C00746000
SPY,2026-10-03,769.64,2026-10-09,C,747.0,23.13,24.43,22.93,28.0,309,0.21173883972167967,True,2026-10-02 16:29:48+00:00,SPY261009C00747000
SPY,2026-10-03,769.64,2026-10-09,C,748.0,22.18,23.46,22.33,142.0,330,0.20655090332031245,True,2026-10-02 19:22:31+00:00,SPY261009C00748000
SPY,2026-10-03,769.64,2026-10-09,C,749.0,21.18,22.9,20.53,50.0,73,0.21649953430175778,True,2026-10-02 19:00:33+00:00,SPY261009C00749000
SPY,2026-10-03,769.64,2026-10-09,C,750.0,20.22,21.61,21.13,158.0,676,0.19934882690429687,True,2026-10-02 20:07:10+00:00,SPY261009C00750000
SPY,2026-10-03,769.64,2026-10-09,C,751.0,19.26,21.01,19.7,433.0,49,0.2067950415039062,True,2026-10-02 19:59:37+00:00,SPY261009C00751000
SPY,2026-10-03,769.64,2026-10-09,C,752.0,18.3,20.03,18.81,133.0,332,0.2005695178222656,True,2026-10-02 19:50:35+00:00,SPY261009C00752000
SPY,2026-10-03,769.64,2026-10-09,C,753.0,17.38,19.12,17.64,141.0,162,0.19660227233886718,True,2026-10-02 18:58:41+00:00,SPY261009C00753000
SPY,2026-10-03,769.64,2026-10-09,C,754.0,16.29,18.12,16.91,78.0,428,0.18952226501464847,True,2026-10-02 17:55:39+00:00,SPY261009C00754000
SPY,2026-10-03,769.64,2026-10-09,C,755.0,16.17,16.72,16.17,227.0,788,0.16938086486816406,True,2026-10-02 19:44:30+00:00,SPY261009C00755000
SPY,2026-10-03,769.64,2026-10-09,C,756.0,15.3,15.81,15.04,36.0,629,0.16529155029296877,True,2026-10-02 20:01:44+00:00,SPY261009C00756000
SPY,2026-10-03,769.64,2026-10-09,C,757.0,14.4,14.91,14.07,374.0,1012,0.16126327026367188,True,2026-10-02 19:29:00+00:00,SPY261009C00757000
SPY,2026-10-03,769.64,2026-10-09,C,758.0,13.55,14.01,13.17,111.0,1562,0.15699085205078128,True,2026-10-02 19:22:51+00:00,SPY261009C00758000
SPY,2026-10-03,769.64,2026-10-09,C,759.0,12.7,13.13,12.53,95.0,1140,0.1530846411132813,True,2026-10-02 19:49:43+00:00,SPY261009C00759000
SPY,2026-10-03,769.64,2026-10-09,C,760.0,11.99,12.28,11.68,2471.0,2130,0.14966670654296876,True,2026-10-02 19:59:40+00:00,SPY261009C00760000
SPY,2026-10-03,769.64,2026-10-09,C,761.0,11.09,11.41,10.91,279.0,1230,0.14539428833007811,True,2026-10-02 19:49:38+00:00,SPY261009C00761000
SPY,2026-10-03,769.64,2026-10-09,C,762.0,10.26,10.58,10.25,665.0,2509,0.14185428466796873,True,2026-10-02 20:04:55+00:00,SPY261009C00762000
SPY,2026-10-03,769.64,2026-10-09,C,763.0,9.47,9.75,9.64,246.0,1984,0.13788703918457032,True,2026-10-02 20:10:43+00:00,SPY261009C00763000
SPY,2026-10-03,769.64,2026-10-09,C,764.0,8.75,8.92,8.69,434.0,3171,0.13355358642578125,True,2026-10-02 20:10:29+00:00,SPY261009C00764000
SPY,2026-10-03,769.64,2026-10-09,C,765.0,8.05,8.12,8.05,3049.0,4420,0.12952530639648438,True,2026-10-02 20:14:51+00:00,SPY261009C00765000
SPY,2026-10-03,769.64,2026-10-09,C,766.0,7.25,7.48,7.35,1392.0,2400,0.12888444366455076,True,2026-10-02 20:14:28+00:00,SPY261009C00766000
SPY,2026-10-03,769.64,2026-10-09,C,767.0,6.59,6.78,6.64,911.0,3487,0.1261684063720703,True,2026-10-02 20:14:19+00:00,SPY261009C00767000
SPY,2026-10-03,769.64,2026-10-09,C,768.0,5.91,6.08,6.05,3572.0,3148,0.12287254089355469,True,2026-10-02 20:14:35+00:00,SPY261009C00768000
SPY,2026-10-03,769.64,2026-10-09,C,769.0,5.29,5.42,5.37,6420.0,2002,0.1198208135986328,True,2026-10-02 20:14:47+00:00,SPY261009C00769000
SPY,2026-10-03,769.64,2026-10-09,C,770.0,4.75,4.77,4.78,27312.0,7750,0.11634184448242188,False,2026-10-02 20:14:55+00:00,SPY261009C00770000
SPY,2026-10-03,769.64,2026-10-09,C,771.0,4.19,4.21,4.25,6024.0,1715,0.11417511810302736,False,2026-10-02 20:14:33+00:00,SPY261009C00771000
SPY,2026-10-03,769.64,2026-10-09,C,772.0,3.67,3.68,3.67,12251.0,2368,0.11194735717773435,False,2026-10-02 20:14:13+00:00,SPY261009C00772000
SPY,2026-10-03,769.64,2026-10-09,C,773.0,3.19,3.2,3.23,4096.0,1555,0.1100552862548828,False,2026-10-02 20:14:38+00:00,SPY261009C00773000
SPY,2026-10-03,769.64,2026-10-09,C,774.0,2.74,2.76,2.79,3350.0,8343,0.10822424987792968,False,2026-10-02 20:14:42+00:00,SPY261009C00774000
SPY,2026-10-03,769.64,2026-10-09,C,775.0,2.35,2.37,2.37,11932.0,11236,0.10682045532226564,False,2026-10-02 20:14:53+00:00,SPY261009C00775000
SPY,2026-10-03,769.64,2026-10-09,C,776.0,1.99,2.01,2.02,3468.0,2020,0.10517252258300781,False,2026-10-02 20:14:33+00:00,SPY261009C00776000
SPY,2026-10-03,769.64,2026-10-09,C,777.0,1.68,1.69,1.68,2522.0,1782,0.1037076934814453,False,2026-10-02 20:13:58+00:00,SPY261009C00777000
SPY,2026-10-03,769.64,2026-10-09,C,778.0,1.4,1.41,1.42,2986.0,3981,0.10236493347167967,False,2026-10-02 20:14:49+00:00,SPY261009C00778000
SPY,2026-10-03,769.64,2026-10-09,C,779.0,1.16,1.17,1.17,3223.0,2488,0.10132734619140624,False,2026-10-02 20:14:45+00:00,SPY261009C00779000
SPY,2026-10-03,769.64,2026-10-09,C,780.0,0.95,0.96,0.97,21889.0,50715,0.10022872436523436,False,2026-10-02 20:14:45+00:00,SPY261009C00780000
SPY,2026-10-03,769.64,2026-10-09,C,781.0,0.77,0.79,0.79,2055.0,1339,0.09961837890625,False,2026-10-02 20:14:45+00:00,SPY261009C00781000
SPY,2026-10-03,769.64,2026-10-09,C,782.0,0.63,0.64,0.63,1290.0,2174,0.09876389526367188,False,2026-10-02 20:13:42+00:00,SPY261009C00782000
SPY,2026-10-03,769.64,2026-10-09,C,783.0,0.51,0.52,0.51,5144.0,7607,0.09839768798828125,False,2026-10-02 20:13:42+00:00,SPY261009C00783000
SPY,2026-10-03,769.64,2026-10-09,C,784.0,0.4,0.42,0.4,1498.0,4352,0.09803148071289064,False,2026-10-02 20:13:42+00:00,SPY261009C00784000
SPY,2026-10-03,769.64,2026-10-09,C,785.0,0.32,0.33,0.34,27727.0,104934,0.0971769970703125,False,2026-10-02 20:14:53+00:00,SPY261009C00785000
SPY,2026-10-03,769.64,2026-10-09,C,786.0,0.26,0.27,0.26,5126.0,1881,0.09754320434570313,False,2026-10-02 20:14:42+00:00,SPY261009C00786000
SPY,2026-10-03,769.64,2026-10-09,C,787.0,0.21,0.22,0.21,246654.0,1714,0.09790941162109376,False,2026-10-02 20:14:14+00:00,SPY261009C00787000
SPY,2026-10-03,769.64,2026-10-09,C,788.0,0.16,0.17,0.17,3482.0,769,0.09729906616210937,False,2026-10-02 20:14:17+00:00,SPY261009C00788000
SPY,2026-10-03,769.64,2026-10-09,C,789.0,0.13,0.14,0.13,1222.0,1072,0.09790941162109376,False,2026-10-02 20:13:42+00:00,SPY261009C00789000
SPY,2026-10-03,769.64,2026-10-09,C,790.0,0.1,0.11,0.1,2287.0,9418,0.09790941162109376,False,2026-10-02 20:13:42+00:00,SPY261009C00790000
SPY,2026-10-03,769.64,2026-10-09,C,791.0,0.08,0.09,0.08,2462.0,1060,0.098641826171875,False,2026-10-02 20:13:42+00:00,SPY261009C00791000
SPY,2026-10-03,769.64,2026-10-09,C,792.0,0.07,0.08,0.07,505.0,1026,0.100594931640625,False,2026-10-02 20:14:20+00:00,SPY261009C00792000
SPY,2026-10-03,769.64,2026-10-09,C,793.0,0.05,0.06,0.05,861.0,6069,0.1001066552734375,False,2026-10-02 20:14:20+00:00,SPY261009C00793000
SPY,2026-10-03,769.64,2026-10-09,C,794.0,0.04,0.05,0.04,295.0,1532,0.1010832080078125,False,2026-10-02 20:14:20+00:00,SPY261009C00794000
SPY,2026-10-03,769.64,2026-10-09,C,795.0,0.04,0.05,0.04,322.0,2136,0.10450114257812498,False,2026-10-02 20:14:20+00:00,SPY261009C00795000
SPY,2026-10-03,769.64,2026-10-09,C,796.0,0.03,0.04,0.03,379.0,623,0.1049894189453125,False,2026-10-02 20:14:33+00:00,SPY261009C00796000
SPY,2026-10-03,769.64,2026-10-09,C,797.0,0.03,0.04,0.03,932.0,2492,0.108407353515625,False,2026-10-02 20:14:33+00:00,SPY261009C00797000
SPY,2026-10-03,769.64,2026-10-09,C,798.0,0.02,0.03,0.03,82.0,575,0.1079190771484375,False,2026-10-02 20:14:39+00:00,SPY261009C00798000
SPY,2026-10-03,769.64,2026-10-09,C,799.0,0.02,0.03,0.03,16.0,6370,0.11133701171874999,False,2026-10-02 18:09:06+00:00,SPY261009C00799000
SPY,2026-10-03,769.64,2026-10-09,C,800.0,0.02,0.03,0.03,2788.0,9635,0.11426666992187501,False,2026-10-02 20:12:26+00:00,SPY261009C00800000
SPY,2026-10-03,769.64,2026-10-09,C,801.0,0.02,0.03,0.03,34.0,3206,0.118172880859375,False,2026-10-02 19:32:45+00:00,SPY261009C00801000
SPY,2026-10-03,769.64,2026-10-09,C,802.0,0.01,0.02,0.01,13.0,1522,0.11524322265625,False,2026-10-02 20:10:31+00:00,SPY261009C00802000
SPY,2026-10-03,769.64,2026-10-09,C,803.0,0.01,0.02,0.03,390.0,4619,0.11914943359374999,False,2026-10-02 19:28:08+00:00,SPY261009C00803000
SPY,2026-10-03,769.64,2026-10-09,C,804.0,0.01,0.02,0.03,16.0,4151,0.1211025390625,False,2026-10-02 19:28:20+00:00,SPY261009C00804000
SPY,2026-10-03,769.64,2026-10-09,C,805.0,0.01,0.02,0.01,130.0,1223,0.12500875,False,2026-10-02 19:46:19+00:00,SPY261009C00805000
SPY,2026-10-03,769.64,2026-10-09,C,806.0,0.01,0.02,0.02,5.0,3108,0.127938408203125,False,2026-10-02 15:07:44+00:00,SPY261009C00806000
SPY,2026-10-03,769.64,2026-10-09,C,807.0,0.01,0.02,0.02,3.0,423,0.13086806640624998,False,2026-10-02 19:27:21+00:00,SPY261009C00807000
SPY,2026-10-03,769.64,2026-10-09,C,808.0,0.01,0.02,0.03,615.0,488,0.133797724609375,False,2026-10-02 13:46:56+00:00,SPY261009C00808000
SPY,2026-10-03,769.64,2026-10-09,C,809.0,0.01,0.02,0.03,2.0,187,0.13672738281250002,False,2026-10-02 18:54:59+00:00,SPY261009C00809000
SPY,2026-10-03,769.64,2026-10-09,C,810.0,0.01,0.02,0.03,123.0,752,0.14063359375,False,2026-10-02 18:54:59+00:00,SPY261009C00810000
SPY,2026-10-03,769.64,2026-10-09,C,811.0,0.01,0.02,0.05,4.0,294,0.14258669921875,False,2026-09-30 13:47:49+00:00,SPY261009C00811000
SPY,2026-10-03,769.64,2026-10-09,C,812.0,0.01,0.02,0.04,51.0,791,0.14649291015625,False,2026-09-30 19:13:12+00:00,SPY261009C00812000
SPY,2026-10-03,769.64,2026-10-09,C,813.0,0.01,0.02,0.02,7.0,133,0.148446015625,False,2026-10-02 14:11:07+00:00,SPY261009C00813000
SPY,2026-10-03,769.64,2026-10-09,C,814.0,0.01,0.02,0.02,1264.0,8623,0.15235222656250003,False,2026-10-02 14:39:39+00:00,SPY261009C00814000
SPY,2026-10-03,769.64,2026-10-09,C,815.0,0.01,0.02,0.01,1287.0,8531,0.15430533203125002,False,2026-10-02 18:46:41+00:00,SPY261009C00815000
SPY,2026-10-03,769.64,2026-10-09,C,816.0,0.01,0.02,0.02,12858.0,847,0.15821154296875,False,2026-10-02 15:03:48+00:00,SPY261009C00816000
SPY,2026-10-03,769.64,2026-10-09,C,817.0,0.01,0.02,0.02,13171.0,235,0.1601646484375,False,2026-10-02 13:42:19+00:00,SPY261009C00817000
SPY,2026-10-03,769.64,2026-10-09,C,818.0,0.01,0.02,0.02,324.0,1624,0.16407085937500002,False,2026-10-02 13:46:48+00:00,SPY261009C00818000
SPY,2026-10-03,769.64,2026-10-09,C,819.0,0.01,0.02,0.02,46.0,1735,0.16602396484375004,False,2026-10-02 13:46:57+00:00,SPY261009C00819000
SPY,2026-10-03,769.64,2026-10-09,C,820.0,0.01,0.02,0.01,8.0,742,0.16993017578125003,False,2026-10-02 16:03:30+00:00,SPY261009C00820000
SPY,2026-10-03,769.64,2026-10-09,C,821.0,0.01,0.02,0.02,1526.0,584,0.17188328125000002,False,2026-10-01 18:32:09+00:00,SPY261009C00821000
SPY,2026-10-03,769.64,2026-10-09,C,822.0,0.01,0.02,0.01,1.0,972,0.1757894921875,False,2026-10-01 17:57:58+00:00,SPY261009C00822000
SPY,2026-10-03,769.64,2026-10-09,C,823.0,0.0,0.01,0.02,1.0,8257,0.16797707031250003,False,2026-10-01 18:00:36+00:00,SPY261009C00823000
SPY,2026-10-03,769.64,2026-10-09,C,824.0,0.0,0.01,0.03,7830.0,7968,0.16993017578125003,False,2026-09-30 19:12:26+00:00,SPY261009C00824000
SPY,2026-10-03,769.64,2026-10-09,C,825.0,0.0,0.01,0.02,21.0,383,0.17188328125000002,False,2026-10-02 14:21:51+00:00,SPY261009C00825000
SPY,2026-10-03,769.64,2026-10-09,C,830.0,0.0,0.01,0.01,3.0,254,0.187508125,False,2026-10-02 17:51:37+00:00,SPY261009C00830000
SPY,2026-10-03,769.64,2026-10-09,C,835.0,0.0,0.01,0.01,1027.0,320,0.1992267578125,False,2026-10-02 19:37:20+00:00,SPY261009C00835000
SPY,2026-10-03,769.64,2026-10-09,C,840.0,0.0,0.01,0.01,77.0,766,0.21094539062499998,False,2026-10-02 17:49:07+00:00,SPY261009C00840000
SPY,2026-10-03,769.64,2026-10-09,C,845.0,0.0,0.01,0.01,45.0,1042,0.22657023437499998,False,2026-10-02 15:09:57+00:00,SPY261009C00845000
SPY,2026-10-03,769.64,2026-10-09,C,850.0,0.0,0.01,0.01,53.0,356,0.23828886718749998,False,2026-10-02 15:03:48+00:00,SPY261009C00850000
SPY,2026-10-03,769.64,2026-10-09,C,855.0,0.0,0.01,0.01,271.0,77,0.2500075,False,2026-10-02 13:42:19+00:00,SPY261009C00855000
SPY,2026-10-03,769.64,2026-10-09,C,860.0,0.0,0.01,0.01,52.0,2635,0.26563234375,False,2026-10-01 20:10:18+00:00,SPY261009C00860000
SPY,2026-10-03,769.64,2026-10-09,C,865.0,0.0,0.01,0.01,641.0,166,0.27735097656249996,False,2026-10-01 17:57:27+00:00,SPY261009C00865000
SPY,2026-10-03,769.64,2026-10-09,C,870.0,0.0,0.01,0.01,1.0,250,0.2890696093749999,False,2026-10-02 16:20:07+00:00,SPY261009C00870000
SPY,2026-10-03,769.64,2026-10-09,C,875.0,0.0,0.01,0.01,961.0,400,0.3007882421875,False,2026-10-01 17:03:40+00:00,SPY261009C00875000
SPY,2026-10-03,769.64,2026-10-09,C,880.0,0.0,0.01,0.01,5.0,13,0.31250687499999996,False,2026-10-01 13:50:43+00:00,SPY261009C00880000
SPY,2026-10-03,769.64,2026-10-09,C,890.0,0.0,0.01,0.02,1.0,3,0.335944140625,False,2026-09-30 15:37:30+00:00,SPY261009C00890000
SPY,2026-10-03,769.64,2026-10-09,C,895.0,0.0,0.01,0.02,,13,0.35156898437499995,False,2026-09-22 14:13:48+00:00,SPY261009C00895000
SPY,2026-10-03,769.64,2026-10-09,C,900.0,0.0,0.01,0.01,1.0,1003,0.35938140625,False,2026-09-28 13:56:40+00:00,SPY261009C00900000
SPY,2026-10-03,769.64,2026-10-09,C,930.0,0.0,0.01,0.01,,1,0.42969320312500003,False,2026-09-09 14:26:41+00:00,SPY261009C00930000
SPY,2026-10-03,769.64,2026-10-09,P,500.0,0.0,0.01,0.01,12.0,633,0.9062509375,False,2026-09-30 19:51:38+00:00,SPY261009P00500000
SPY,2026-10-03,769.64,2026-10-09,P,505.0,0.0,0.01,0.01,10.0,332,0.87500125,False,2026-09-25 20:08:57+00:00,SPY261009P00505000
SPY,2026-10-03,769.64,2026-10-09,P,510.0,0.0,0.01,0.01,230.0,781,0.85937640625,False,2026-09-29 20:09:58+00:00,SPY261009P00510000
SPY,2026-10-03,769.64,2026-10-09,P,515.0,0.0,0.01,0.01,24.0,244,0.8437515624999999,False,2026-09-30 13:30:01+00:00,SPY261009P00515000
SPY,2026-10-03,769.64,2026-10-09,P,520.0,0.0,0.01,0.04,26.0,66,0.8125018749999999,False,2026-09-18 15:03:40+00:00,SPY261009P00520000
SPY,2026-10-03,769.64,2026-10-09,P,525.0,0.0,0.01,0.01,5000.0,181,0.79687703125,False,2026-10-02 16:53:23+00:00,SPY261009P00525000
SPY,2026-10-03,769.64,2026-10-09,P,530.0,0.0,0.01,0.02,2.0,253,0.7812521875,False,2026-09-25 15:22:35+00:00,SPY261009P00530000
SPY,2026-10-03,769.64,2026-10-09,P,535.0,0.0,0.01,0.01,100.0,359,0.7656273437500001,False,2026-09-30 15:57:16+00:00,SPY261009P00535000
SPY,2026-10-03,769.64,2026-10-09,P,540.0,0.0,0.01,0.01,30.0,345,0.7500025,False,2026-10-01 19:03:43+00:00,SPY261009P00540000
SPY,2026-10-03,769.64,2026-10-09,P,545.0,0.0,0.01,0.01,90.0,530,0.7187528125,False,2026-10-01 20:14:15+00:00,SPY261009P00545000
SPY,2026-10-03,769.64,2026-10-09,P,550.0,0.0,0.01,0.01,224.0,274,0.70312796875,False,2026-10-01 20:04:21+00:00,SPY261009P00550000
SPY,2026-10-03,769.64,2026-10-09,P,555.0,0.0,0.01,0.01,560.0,840,0.6875031250000001,False,2026-10-01 17:13:07+00:00,SPY261009P00555000
SPY,2026-10-03,769.64,2026-10-09,P,560.0,0.0,0.01,0.01,90.0,565,0.6718782812500002,False,2026-10-02 14:24:48+00:00,SPY261009P00560000
SPY,2026-10-03,769.64,2026-10-09,P,565.0,0.0,0.01,0.03,625.0,700,0.6562534375000001,False,2026-09-25 19:17:18+00:00,SPY261009P00565000
SPY,2026-10-03,769.64,2026-10-09,P,570.0,0.0,0.01,0.01,4.0,196,0.64062859375,False,2026-09-30 18:41:11+00:00,SPY261009P00570000
SPY,2026-10-03,769.64,2026-10-09,P,575.0,0.0,0.01,0.01,13.0,499,0.6250037500000001,False,2026-10-02 13:30:35+00:00,SPY261009P00575000
SPY,2026-10-03,769.64,2026-10-09,P,580.0,0.0,0.01,0.01,93.0,1825,0.5937540625000001,False,2026-10-02 13:43:43+00:00,SPY261009P00580000
SPY,2026-10-03,769.64,2026-10-09,P,585.0,0.0,0.01,0.01,2046.0,277,0.57812921875,False,2026-10-02 19:19:19+00:00,SPY261009P00585000
SPY,2026-10-03,769.64,2026-10-09,P,590.0,0.0,0.01,0.02,77324.0,291,0.5625043750000001,False,2026-10-02 20:12:47+00:00,SPY261009P00590000
SPY,2026-10-03,769.64,2026-10-09,P,595.0,0.01,0.02,0.01,90.0,245,0.6015664843750002,False,2026-10-02 18:08:48+00:00,SPY261009P00595000
SPY,2026-10-03,769.64,2026-10-09,P,600.0,0.01,0.02,0.01,451.0,677,0.57812921875,False,2026-10-02 14:45:21+00:00,SPY261009P00600000
SPY,2026-10-03,769.64,2026-10-09,P,605.0,0.01,0.02,0.02,400.0,359,0.5625043750000001,False,2026-10-01 18:13:28+00:00,SPY261009P00605000
SPY,2026-10-03,769.64,2026-10-09,P,610.0,0.01,0.02,0.03,244.0,602,0.5468795312500001,False,2026-10-01 18:14:10+00:00,SPY261009P00610000
SPY,2026-10-03,769.64,2026-10-09,P,615.0,0.01,0.02,0.01,2.0,373,0.5273484765625001,False,2026-10-02 19:23:14+00:00,SPY261009P00615000
SPY,2026-10-03,769.64,2026-10-09,P,620.0,0.01,0.02,0.03,105.0,245,0.507817421875,False,2026-10-01 18:29:10+00:00,SPY261009P00620000
SPY,2026-10-03,769.64,2026-10-09,P,625.0,0.01,0.02,0.01,4.0,528,0.5039112109375,False,2026-10-01 18:07:00+00:00,SPY261009P00625000
SPY,2026-10-03,769.64,2026-10-09,P,630.0,0.01,0.02,0.01,23.0,866,0.48828636718750007,False,2026-10-02 14:46:54+00:00,SPY261009P00630000
SPY,2026-10-03,769.64,2026-10-09,P,635.0,0.01,0.02,0.02,835.0,262,0.4687553125,False,2026-10-02 18:27:14+00:00,SPY261009P00635000
SPY,2026-10-03,769.64,2026-10-09,P,640.0,0.01,0.02,0.02,49.0,357,0.45313046875,False,2026-10-02 19:51:12+00:00,SPY261009P00640000
SPY,2026-10-03,769.64,2026-10-09,P,645.0,0.02,0.03,0.03,1.0,414,0.44922425781249997,False,2026-10-02 13:30:06+00:00,SPY261009P00645000
SPY,2026-10-03,769.64,2026-10-09,P,650.0,0.02,0.03,0.02,47.0,474,0.4335994140625,False,2026-10-02 19:47:03+00:00,SPY261009P00650000
SPY,2026-10-03,769.64,2026-10-09,P,655.0,0.02,0.03,0.04,101.0,309,0.414068359375,False,2026-10-02 17:31:50+00:00,SPY261009P00655000
SPY,2026-10-03,769.64,2026-10-09,P,660.0,0.02,0.03,0.03,830.0,548,0.39649041015625003,False,2026-10-02 19:29:42+00:00,SPY261009P00660000
SPY,2026-10-03,769.64,2026-10-09,P,665.0,0.02,0.03,0.04,42.0,621,0.3789124609375,False,2026-10-02 19:23:30+00:00,SPY261009P00665000
SPY,2026-10-03,769.64,2026-10-09,P,670.0,0.02,0.03,0.03,119.0,2915,0.36133451171875,False,2026-10-02 19:47:43+00:00,SPY261009P00670000
SPY,2026-10-03,769.64,2026-10-09,P,675.0,0.03,0.04,0.04,9807.0,3788,0.35352208984374994,False,2026-10-02 19:57:07+00:00,SPY261009P00675000
SPY,2026-10-03,769.64,2026-10-09,P,680.0,0.03,0.04,0.04,22.0,772,0.335944140625,False,2026-10-02 19:27:51+00:00,SPY261009P00680000
SPY,2026-10-03,769.64,2026-10-09,P,685.0,0.03,0.04,0.05,8006.0,1980,0.31836619140624994,False,2026-10-02 17:12:25+00:00,SPY261009P00685000
SPY,2026-10-03,769.64,2026-10-09,P,690.0,0.04,0.05,0.05,63.0,3149,0.30664755859375,False,2026-10-02 19:46:42+00:00,SPY261009P00690000
SPY,2026-10-03,769.64,2026-10-09,P,695.0,0.04,0.05,0.05,124.0,2893,0.2890696093749999,False,2026-10-02 20:05:46+00:00,SPY261009P00695000
SPY,2026-10-03,769.64,2026-10-09,P,700.0,0.05,0.06,0.05,1703.0,3528,0.27637442382812494,False,2026-10-02 19:59:00+00:00,SPY261009P00700000
SPY,2026-10-03,769.64,2026-10-09,P,705.0,0.05,0.06,0.06,187.0,2449,0.257819921875,False,2026-10-02 19:54:39+00:00,SPY261009P00705000
SPY,2026-10-03,769.64,2026-10-09,P,710.0,0.06,0.07,0.06,71.0,2333,0.24414818359375,False,2026-10-02 19:54:12+00:00,SPY261009P00710000
SPY,2026-10-03,769.64,2026-10-09,P,715.0,0.06,0.07,0.08,126.0,2710,0.22461712890624996,False,2026-10-02 19:35:24+00:00,SPY261009P00715000
SPY,2026-10-03,769.64,2026-10-09,P,720.0,0.07,0.08,0.07,544.0,2245,0.20996883789062498,False,2026-10-02 20:13:12+00:00,SPY261009P00720000
SPY,2026-10-03,769.64,2026-10-09,P,721.0,0.08,0.09,0.11,186.0,1029,0.20899228515624996,False,2026-10-02 18:33:49+00:00,SPY261009P00721000
SPY,2026-10-03,769.64,2026-10-09,P,722.0,0.08,0.09,0.08,127.0,876,0.20508607421874997,False,2026-10-02 18:33:47+00:00,SPY261009P00722000
SPY,2026-10-03,769.64,2026-10-09,P,723.0,0.08,0.09,0.07,1013.0,457,0.20117986328124998,False,2026-10-02 19:49:14+00:00,SPY261009P00723000
SPY,2026-10-03,769.64,2026-10-09,P,724.0,0.08,0.09,0.1,153.0,1390,0.19727365234375,False,2026-10-02 19:10:27+00:00,SPY261009P00724000
SPY,2026-10-03,769.64,2026-10-09,P,725.0,0.09,0.1,0.1,77785.0,78757,0.196297099609375,False,2026-10-02 19:51:46+00:00,SPY261009P00725000
SPY,2026-10-03,769.64,2026-10-09,P,726.0,0.09,0.1,0.1,380.0,962,0.192390888671875,False,2026-10-02 19:55:50+00:00,SPY261009P00726000
SPY,2026-10-03,769.64,2026-10-09,P,727.0,0.09,0.1,0.1,169.0,1898,0.188484677734375,False,2026-10-02 20:14:25+00:00,SPY261009P00727000
SPY,2026-10-03,769.64,2026-10-09,P,728.0,0.1,0.11,0.1,161.0,2639,0.1870198486328125,False,2026-10-02 20:12:38+00:00,SPY261009P00728000
SPY,2026-10-03,769.64,2026-10-09,P,729.0,0.1,0.11,0.12,669.0,1464,0.18311363769531247,False,2026-10-02 19:34:36+00:00,SPY261009P00729000
SPY,2026-10-03,769.64,2026-10-09,P,730.0,0.11,0.12,0.11,965.0,3321,0.18116053222656248,False,2026-10-02 20:03:38+00:00,SPY261009P00730000
SPY,2026-10-03,769.64,2026-10-09,P,731.0,0.11,0.12,0.14,268.0,727,0.1772543212890625,False,2026-10-02 19:01:05+00:00,SPY261009P00731000
SPY,2026-10-03,769.64,2026-10-09,P,732.0,0.12,0.13,0.12,256.0,724,0.1753012158203125,False,2026-10-02 20:02:08+00:00,SPY261009P00732000
SPY,2026-10-03,769.64,2026-10-09,P,733.0,0.12,0.13,0.13,118.0,1093,0.1713950048828125,False,2026-10-02 20:13:12+00:00,SPY261009P00733000
SPY,2026-10-03,769.64,2026-10-09,P,734.0,0.13,0.14,0.2,523.0,1928,0.16895362304687503,False,2026-10-02 17:27:15+00:00,SPY261009P00734000
SPY,2026-10-03,769.64,2026-10-09,P,735.0,0.14,0.15,0.15,6112.0,10647,0.1667563793945313,False,2026-10-02 20:14:37+00:00,SPY261009P00735000
SPY,2026-10-03,769.64,2026-10-09,P,736.0,0.14,0.15,0.15,498.0,1277,0.1626060302734375,False,2026-10-02 20:10:43+00:00,SPY261009P00736000
SPY,2026-10-03,769.64,2026-10-09,P,737.0,0.15,0.16,0.15,189.0,1316,0.1601646484375,False,2026-10-02 20:02:14+00:00,SPY261009P00737000
SPY,2026-10-03,769.64,2026-10-09,P,738.0,0.16,0.17,0.18,209.0,4293,0.15747912841796874,False,2026-10-02 19:38:34+00:00,SPY261009P00738000
SPY,2026-10-03,769.64,2026-10-09,P,739.0,0.17,0.18,0.17,684.0,1502,0.15479360839843753,False,2026-10-02 20:06:43+00:00,SPY261009P00739000
SPY,2026-10-03,769.64,2026-10-09,P,740.0,0.19,0.2,0.2,4857.0,8417,0.1530846411132813,False,2026-10-02 20:14:58+00:00,SPY261009P00740000
SPY,2026-10-03,769.64,2026-10-09,P,741.0,0.2,0.21,0.2,238.0,1501,0.14991084472656252,False,2026-10-02 20:05:12+00:00,SPY261009P00741000
SPY,2026-10-03,769.64,2026-10-09,P,742.0,0.22,0.23,0.23,640.0,20754,0.14795773925781253,False,2026-10-02 20:13:48+00:00,SPY261009P00742000
SPY,2026-10-03,769.64,2026-10-09,P,743.0,0.24,0.25,0.24,704.0,1060,0.14576049560546872,False,2026-10-02 20:13:42+00:00,SPY261009P00743000
SPY,2026-10-03,769.64,2026-10-09,P,744.0,0.26,0.27,0.26,1876.0,836,0.14331911376953127,False,2026-10-02 20:13:42+00:00,SPY261009P00744000
SPY,2026-10-03,769.64,2026-10-09,P,745.0,0.28,0.29,0.28,80123.0,80934,0.14063359375,False,2026-10-02 20:14:20+00:00,SPY261009P00745000
SPY,2026-10-03,769.64,2026-10-09,P,746.0,0.31,0.32,0.31,853.0,2229,0.13868048828125001,False,2026-10-02 20:13:42+00:00,SPY261009P00746000
SPY,2026-10-03,769.64,2026-10-09,P,747.0,0.34,0.35,0.34,1220.0,1408,0.13648324462890626,False,2026-10-02 20:13:48+00:00,SPY261009P00747000
SPY,2026-10-03,769.64,2026-10-09,P,748.0,0.37,0.38,0.37,2764.0,1697,0.13404186279296876,False,2026-10-02 20:14:20+00:00,SPY261009P00748000
SPY,2026-10-03,769.64,2026-10-09,P,749.0,0.41,0.42,0.41,1252.0,3157,0.13208875732421876,False,2026-10-02 20:14:20+00:00,SPY261009P00749000
SPY,2026-10-03,769.64,2026-10-09,P,750.0,0.45,0.46,0.46,10028.0,7853,0.1297694445800781,False,2026-10-02 20:14:58+00:00,SPY261009P00750000
SPY,2026-10-03,769.64,2026-10-09,P,751.0,0.5,0.51,0.5,2334.0,2152,0.12781633911132811,False,2026-10-02 20:14:35+00:00,SPY261009P00751000
SPY,2026-10-03,769.64,2026-10-09,P,752.0,0.56,0.57,0.57,2571.0,2434,0.12610737182617188,False,2026-10-02 20:14:41+00:00,SPY261009P00752000
SPY,2026-10-03,769.64,2026-10-09,P,753.0,0.62,0.63,0.63,2354.0,7666,0.124032197265625,False,2026-10-02 20:13:42+00:00,SPY261009P00753000
SPY,2026-10-03,769.64,2026-10-09,P,754.0,0.69,0.71,0.7,2188.0,1311,0.12250633361816407,False,2026-10-02 20:13:42+00:00,SPY261009P00754000
SPY,2026-10-03,769.64,2026-10-09,P,755.0,0.77,0.79,0.77,14355.0,6915,0.1206142626953125,False,2026-10-02 20:14:46+00:00,SPY261009P00755000
SPY,2026-10-03,769.64,2026-10-09,P,756.0,0.86,0.88,0.88,3242.0,2175,0.1186611572265625,False,2026-10-02 20:14:52+00:00,SPY261009P00756000
SPY,2026-10-03,769.64,2026-10-09,P,757.0,0.96,0.98,0.97,3363.0,2104,0.1167080517578125,False,2026-10-02 20:14:55+00:00,SPY261009P00757000
SPY,2026-10-03,769.64,2026-10-09,P,758.0,1.08,1.09,1.09,1981.0,1796,0.11463287719726564,False,2026-10-02 20:13:58+00:00,SPY261009P00758000
SPY,2026-10-03,769.64,2026-10-09,P,759.0,1.2,1.22,1.22,2336.0,1680,0.11286287536621094,False,2026-10-02 20:14:14+00:00,SPY261009P00759000
SPY,2026-10-03,769.64,2026-10-09,P,760.0,1.35,1.37,1.36,19542.0,10722,0.11121494262695311,False,2026-10-02 20:14:45+00:00,SPY261009P00760000
SPY,2026-10-03,769.64,2026-10-09,P,761.0,1.51,1.53,1.52,2047.0,3381,0.10932287170410156,False,2026-10-02 20:14:58+00:00,SPY261009P00761000
SPY,2026-10-03,769.64,2026-10-09,P,762.0,1.69,1.71,1.69,3878.0,2553,0.10743080078125,False,2026-10-02 20:14:43+00:00,SPY261009P00762000
SPY,2026-10-03,769.64,2026-10-09,P,763.0,1.89,1.91,1.9,2743.0,3702,0.10553872985839843,False,2026-10-02 20:14:18+00:00,SPY261009P00763000
SPY,2026-10-03,769.64,2026-10-09,P,764.0,2.12,2.14,2.14,2422.0,1542,0.10376872802734374,False,2026-10-02 20:14:16+00:00,SPY261009P00764000
SPY,2026-10-03,769.64,2026-10-09,P,765.0,2.37,2.38,2.4,18815.0,2256,0.10163251892089843,False,2026-10-02 20:14:49+00:00,SPY261009P00765000
SPY,2026-10-03,769.64,2026-10-09,P,766.0,2.64,2.67,2.66,2634.0,1966,0.10004562072753906,False,2026-10-02 20:13:51+00:00,SPY261009P00766000
SPY,2026-10-03,769.64,2026-10-09,P,767.0,2.95,2.98,2.98,17260.0,36611,0.09821458435058594,False,2026-10-02 20:13:42+00:00,SPY261009P00767000
SPY,2026-10-03,769.64,2026-10-09,P,768.0,3.29,3.31,3.32,5360.0,4364,0.0960173406982422,False,2026-10-02 20:14:13+00:00,SPY261009P00768000
SPY,2026-10-03,769.64,2026-10-09,P,769.0,3.66,3.69,3.64,6240.0,771,0.09418630432128906,False,2026-10-02 20:14:35+00:00,SPY261009P00769000
SPY,2026-10-03,769.64,2026-10-09,P,770.0,4.08,4.09,4.08,25851.0,4625,0.09186699157714844,True,2026-10-02 20:14:49+00:00,SPY261009P00770000
SPY,2026-10-03,769.64,2026-10-09,P,771.0,4.52,4.56,4.58,6824.0,1532,0.09028009338378906,True,2026-10-02 20:11:29+00:00,SPY261009P00771000
SPY,2026-10-03,769.64,2026-10-09,P,772.0,4.95,5.09,5.1,3425.0,1058,0.08912043701171876,True,2026-10-02 20:13:02+00:00,SPY261009P00772000
SPY,2026-10-03,769.64,2026-10-09,P,773.0,5.43,5.65,5.63,2428.0,818,0.08759457336425781,True,2026-10-02 20:08:29+00:00,SPY261009P00773000
SPY,2026-10-03,769.64,2026-10-09,P,774.0,5.99,6.23,6.42,586.0,490,0.08545836425781252,True,2026-10-02 19:57:40+00:00,SPY261009P00774000
SPY,2026-10-03,769.64,2026-10-09,P,775.0,6.7,6.84,6.77,971.0,7160,0.0828033615112305,True,2026-10-02 20:14:20+00:00,SPY261009P00775000
SPY,2026-10-03,769.64,2026-10-09,P,776.0,7.24,7.54,7.65,433.0,357,0.0813690496826172,True,2026-10-02 20:00:41+00:00,SPY261009P00776000
SPY,2026-10-03,769.64,2026-10-09,P,777.0,7.94,8.26,8.06,155.0,501,0.07911077148437501,True,2026-10-02 20:06:31+00:00,SPY261009P00777000
SPY,2026-10-03,769.64,2026-10-09,P,778.0,8.7,9.02,9.18,238.0,356,0.07666938964843752,True,2026-10-02 19:54:40+00:00,SPY261009P00778000
SPY,2026-10-03,769.64,2026-10-09,P,779.0,9.44,9.84,9.9,173.0,236,0.07483835327148439,True,2026-10-02 19:45:03+00:00,SPY261009P00779000
SPY,2026-10-03,769.64,2026-10-09,P,780.0,10.25,10.68,10.49,786.0,240,0.07190869506835937,True,2026-10-02 20:06:43+00:00,SPY261009P00780000
SPY,2026-10-03,769.64,2026-10-09,P,781.0,11.09,11.56,11.76,42.0,34,0.06897903686523438,True,2026-10-02 19:38:01+00:00,SPY261009P00781000
SPY,2026-10-03,769.64,2026-10-09,P,782.0,11.51,13.26,12.3,60.0,2,0.10999425170898436,True,2026-10-02 20:14:56+00:00,SPY261009P00782000
SPY,2026-10-03,769.64,2026-10-09,P,783.0,12.43,14.18,13.99,31.0,2,0.11243563354492186,True,2026-10-02 15:59:56+00:00,SPY261009P00783000
SPY,2026-10-03,769.64,2026-10-09,P,784.0,13.36,14.97,15.35,48.0,1,0.10828528442382812,True,2026-10-02 17:12:23+00:00,SPY261009P00784000
SPY,2026-10-03,769.64,2026-10-09,P,785.0,14.31,15.91,16.0,89.0,20,0.11048252807617187,True,2026-10-02 18:30:52+00:00,SPY261009P00785000
SPY,2026-10-03,769.64,2026-10-09,P,786.0,15.2,17.05,16.78,52.0,0,0.12299460998535157,True,2026-10-02 17:56:07+00:00,SPY261009P00786000
SPY,2026-10-03,769.64,2026-10-09,P,787.0,16.17,17.95,18.0,8.0,0,0.12299460998535157,True,2026-10-02 17:08:29+00:00,SPY261009P00787000
SPY,2026-10-03,769.64,2026-10-09,P,788.0,17.26,18.87,18.15,23.0,1,0.12342185180664064,True,2026-10-02 20:02:23+00:00,SPY261009P00788000
SPY,2026-10-03,769.64,2026-10-09,P,789.0,18.26,19.87,19.8,35.0,3,0.12842668457031248,True,2026-10-02 17:07:38+00:00,SPY261009P00789000
SPY,2026-10-03,769.64,2026-10-09,P,790.0,19.26,20.87,20.4,88.0,11,0.1333094482421875,True,2026-10-02 20:05:16+00:00,SPY261009P00790000
SPY,2026-10-03,769.64,2026-10-09,P,791.0,20.18,21.98,23.22,20.0,0,0.14490601196289063,True,2026-10-02 15:10:54+00:00,SPY261009P00791000
SPY,2026-10-03,769.64,2026-10-09,P,792.0,21.26,22.87,24.21,2.0,0,0.14295290649414064,True,2026-10-02 15:11:26+00:00,SPY261009P00792000
SPY,2026-10-03,769.64,2026-10-09,P,793.0,22.26,23.87,25.12,2.0,0,0.14771360107421877,True,2026-10-02 15:12:10+00:00,SPY261009P00793000
SPY,2026-10-03,769.64,2026-10-09,P,794.0,23.18,25.05,21.64,18.0,0,0.16394879028320314,True,2026-10-02 14:27:15+00:00,SPY261009P00794000
SPY,2026-10-03,769.64,2026-10-09,P,795.0,24.18,26.0,26.1,14.0,7,0.16577982666015628,True,2026-10-02 16:48:33+00:00,SPY261009P00795000
SPY,2026-10-03,769.64,2026-10-09,P,796.0,25.26,26.87,26.75,18.0,0,0.16187361572265624,True,2026-10-02 15:17:57+00:00,SPY261009P00796000
SPY,2026-10-03,769.64,2026-10-09,P,797.0,26.26,27.87,26.26,1.0,0,0.16651224121093755,True,2026-09-25 16:36:54+00:00,SPY261009P00797000
SPY,2026-10-03,769.64,2026-10-09,P,798.0,27.26,28.87,27.48,2.0,0,0.17115086669921875,True,2026-09-25 16:34:37+00:00,SPY261009P00798000
SPY,2026-10-03,769.64,2026-10-09,P,799.0,28.26,29.86,29.62,4.0,0,0.1749350085449219,True,2026-10-02 16:53:50+00:00,SPY261009P00799000
SPY,2026-10-03,769.64,2026-10-09,P,800.0,29.26,30.86,28.52,18.0,0,0.17945156494140624,True,2026-10-02 14:52:37+00:00,SPY261009P00800000
SPY,2026-10-03,769.64,2026-10-09,P,802.0,31.26,32.86,32.05,2.0,0,0.188484677734375,True,2026-09-30 14:25:24+00:00,SPY261009P00802000
SPY,2026-10-03,769.64,2026-10-09,P,803.0,32.26,33.87,33.04,2.0,0,0.19373364868164064,True,2026-10-02 15:05:39+00:00,SPY261009P00803000
SPY,2026-10-03,769.64,2026-10-09,P,804.0,33.26,34.87,34.8,4.0,0,0.1981281359863281,True,2026-10-02 18:15:42+00:00,SPY261009P00804000
SPY,2026-10-03,769.64,2026-10-09,P,805.0,34.26,35.86,35.46,2.0,0,0.2016681396484375,True,2026-10-02 17:10:39+00:00,SPY261009P00805000
SPY,2026-10-03,769.64,2026-10-09,P,806.0,35.2,37.0,44.71,,0,0.2172929833984375,True,2026-09-01 17:18:19+00:00,SPY261009P00806000
SPY,2026-10-03,769.64,2026-10-09,P,810.0,39.18,40.89,45.83,1.0,4,0.2260819580078125,True,2026-10-01 20:09:20+00:00,SPY261009P00810000
SPY,2026-10-03,769.64,2026-10-09,P,814.0,43.26,44.87,47.81,,0,0.241218525390625,True,2026-08-31 19:39:51+00:00,SPY261009P00814000
SPY,2026-10-03,769.64,2026-10-09,P,821.0,50.26,51.87,59.6,4.0,0,0.27027096923828126,True,2026-09-14 16:59:20+00:00,SPY261009P00821000
SPY,2026-10-03,769.64,2026-10-09,P,822.0,51.26,52.86,65.41,,0,0.273444765625,True,2026-09-10 18:09:56+00:00,SPY261009P00822000
SPY,2026-10-03,769.64,2026-10-09,P,823.0,52.18,54.01,66.41,,0,0.2919992675781249,True,2026-09-10 18:09:56+00:00,SPY261009P00823000
SPY,2026-10-03,769.64,2026-10-09,P,824.0,53.18,55.01,55.47,1.0,0,0.29614961669921874,True,2026-09-08 13:30:22+00:00,SPY261009P00824000
SPY,2026-10-03,769.64,2026-10-09,P,825.0,54.26,55.87,56.1,1.0,0,0.2866282275390625,True,2026-10-02 18:30:17+00:00,SPY261009P00825000
SPY,2026-10-03,769.64,2026-10-09,P,830.0,59.26,60.87,73.4,,0,0.30664755859375,True,2026-09-10 18:09:56+00:00,SPY261009P00830000
SPY,2026-10-03,769.64,2026-10-09,P,835.0,64.26,65.87,63.91,2.0,0,0.32617861328125,True,2026-09-10 18:09:56+00:00,SPY261009P00835000
SPY,2026-10-03,769.64,2026-10-09,P,840.0,69.18,71.0,83.38,,0,0.3601138208007812,True,2026-09-10 18:10:06+00:00,SPY261009P00840000
SPY,2026-10-03,769.64,2026-10-09,P,880.0,109.26,110.87,118.64,,0,0.4907277490234375,True,2026-09-14 16:59:02+00:00,SPY261009P00880000
SPY,2026-10-03,769.64,2026-10-09,P,915.0,144.26,145.86,153.52,,0,0.6052285571289064,True,2026-09-14 16:59:31+00:00,SPY261009P00915000
SPY,2026-10-03,769.64,2026-10-09,P,925.0,154.26,155.87,163.41,,0,0.63867548828125,True,2026-09-14 17:01:17+00:00,SPY261009P00925000
SPY,2026-10-03,769.64,2026-10-16,C,300.0,469.18,471.82,468.62,24.0,43,2.145512448730469,True,2026-09-25 14:53:40+00:00,SPY261016C00300000
SPY,2026-10-03,769.64,2026-10-16,C,305.0,464.19,466.83,454.74,84.0,62,2.1137742468261718,True,2026-09-18 16:38:59+00:00,SPY261016C00305000
SPY,2026-10-03,769.64,2026-10-16,C,310.0,459.2,461.82,458.44,24.0,1,2.0791063647460932,True,2026-09-25 14:42:55+00:00,SPY261016C00310000
SPY,2026-10-03,769.64,2026-10-16,C,315.0,454.21,456.84,447.83,5.0,0,2.0498095629882815,True,2026-09-17 19:34:37+00:00,SPY261016C00315000
SPY,2026-10-03,769.64,2026-10-16,C,320.0,449.21,451.85,448.74,24.0,3,2.0175830810546875,True,2026-09-25 14:54:15+00:00,SPY261016C00320000
SPY,2026-10-03,769.64,2026-10-16,C,325.0,0.0,0.0,442.67,,0,1.0000000000000003e-05,True,2026-08-20 15:15:59+00:00,SPY261016C00325000
SPY,2026-10-03,769.64,2026-10-16,C,330.0,0.0,0.0,437.51,15.0,0,1.0000000000000003e-05,True,2026-08-20 15:13:32+00:00,SPY261016C00330000
SPY,2026-10-03,769.64,2026-10-16,C,335.0,0.0,0.0,432.71,15.0,0,1.0000000000000003e-05,True,2026-08-20 15:15:59+00:00,SPY261016C00335000
SPY,2026-10-03,769.64,2026-10-16,C,340.0,0.0,0.0,415.74,,0,1.0000000000000003e-05,True,2026-05-28 14:12:58+00:00,SPY261016C00340000
SPY,2026-10-03,769.64,2026-10-16,C,350.0,419.26,421.88,420.38,3.0,0,1.8378914355468747,True,2026-10-02 20:14:19+00:00,SPY261016C00350000
SPY,2026-10-03,769.64,2026-10-16,C,355.0,414.27,416.91,414.21,,0,1.8125009374999999,True,2026-09-23 18:43:14+00:00,SPY261016C00355000
SPY,2026-10-03,769.64,2026-10-16,C,360.0,409.28,411.89,411.77,3.0,0,1.78125109375,True,2026-09-03 15:13:36+00:00,SPY261016C00360000
SPY,2026-10-03,769.64,2026-10-16,C,365.0,398.31,400.99,388.48,,1,1.0000000000000003e-05,True,2026-07-13 14:16:50+00:00,SPY261016C00365000
SPY,2026-10-03,769.64,2026-10-16,C,380.0,389.31,391.92,388.87,6.0,2,1.6723649194335937,True,2026-09-25 14:54:15+00:00,SPY261016C00380000
SPY,2026-10-03,769.64,2026-10-16,C,390.0,379.33,381.94,378.3,1.0,1,1.62109564453125,True,2026-09-28 13:43:02+00:00,SPY261016C00390000
SPY,2026-10-03,769.64,2026-10-16,C,400.0,0.0,0.0,375.11,2.0,0,1.0000000000000003e-05,True,2026-08-10 15:41:32+00:00,SPY261016C00400000
SPY,2026-10-03,769.64,2026-10-16,C,405.0,351.06,354.54,335.63,,1,1.0000000000000003e-05,True,2026-06-12 13:40:45+00:00,SPY261016C00405000
SPY,2026-10-03,769.64,2026-10-16,C,410.0,346.11,349.62,330.56,,1,1.0000000000000003e-05,True,2026-06-12 13:40:46+00:00,SPY261016C00410000
SPY,2026-10-03,769.64,2026-10-16,C,420.0,349.38,351.99,352.54,4.0,0,1.470705771484375,True,2026-08-27 16:42:13+00:00,SPY261016C00420000
SPY,2026-10-03,769.64,2026-10-16,C,440.0,323.5,326.28,298.33,,1,1.0000000000000003e-05,True,2026-06-24 18:48:49+00:00,SPY261016C00440000
SPY,2026-10-03,769.64,2026-10-16,C,445.0,324.42,327.04,314.16,36.0,0,1.3527864392089843,True,2026-09-10 16:50:13+00:00,SPY261016C00445000
SPY,2026-10-03,769.64,2026-10-16,C,450.0,319.43,321.68,317.93,1.0,701,1.2939488427734374,True,2026-09-25 14:05:20+00:00,SPY261016C00450000
SPY,2026-10-03,769.64,2026-10-16,C,455.0,314.44,317.04,308.15,,0,1.3056675341796873,True,2026-09-14 16:48:27+00:00,SPY261016C00455000
SPY,2026-10-03,769.64,2026-10-16,C,460.0,309.44,312.08,302.99,,0,1.284915684814453,True,2026-09-14 17:12:16+00:00,SPY261016C00460000
SPY,2026-10-03,769.64,2026-10-16,C,465.0,304.45,307.06,298.0,9.0,0,1.2602576049804686,True,2026-09-14 17:12:16+00:00,SPY261016C00465000
SPY,2026-10-03,769.64,2026-10-16,C,470.0,299.46,302.08,299.3,,1,1.2387733374023435,True,2026-09-23 18:53:58+00:00,SPY261016C00470000
SPY,2026-10-03,769.64,2026-10-16,C,475.0,294.47,297.09,288.02,,0,1.2170449304199216,True,2026-09-14 17:12:24+00:00,SPY261016C00475000
SPY,2026-10-03,769.64,2026-10-16,C,480.0,289.48,292.1,289.32,2.0,1,1.1953165234375,True,2026-09-23 18:53:58+00:00,SPY261016C00480000
SPY,2026-10-03,769.64,2026-10-16,C,485.0,284.49,287.12,278.24,11.0,0,1.1743205346679688,True,2026-09-14 16:48:31+00:00,SPY261016C00485000
SPY,2026-10-03,769.64,2026-10-16,C,495.0,274.51,277.12,273.4,,0,1.1301313024902346,True,2026-09-08 15:31:54+00:00,SPY261016C00495000
SPY,2026-10-03,769.64,2026-10-16,C,500.0,269.52,272.14,270.64,5.0,20,1.1098677319335937,True,2026-10-02 20:14:19+00:00,SPY261016C00500000
SPY,2026-10-03,769.64,2026-10-16,C,505.0,264.52,267.15,271.05,1.0,1,1.0881393249511717,True,2026-09-21 18:42:33+00:00,SPY261016C00505000
SPY,2026-10-03,769.64,2026-10-16,C,510.0,259.53,262.15,260.15,1.0,2,1.0664109179687502,True,2026-09-23 16:16:56+00:00,SPY261016C00510000
SPY,2026-10-03,769.64,2026-10-16,C,515.0,254.54,257.17,248.17,43.0,43,1.0463914868164066,True,2026-09-09 17:06:50+00:00,SPY261016C00515000
SPY,2026-10-03,769.64,2026-10-16,C,520.0,249.55,252.16,252.78,2.0,73,1.0244189404296877,True,2026-10-02 14:25:09+00:00,SPY261016C00520000
SPY,2026-10-03,769.64,2026-10-16,C,525.0,244.56,247.18,245.57,1.0,5,1.0048877880859375,True,2026-09-23 15:36:58+00:00,SPY261016C00525000
SPY,2026-10-03,769.64,2026-10-16,C,530.0,239.59,242.2,245.5,2.0,84,0.9863282617187501,True,2026-09-22 14:39:11+00:00,SPY261016C00530000
SPY,2026-10-03,769.64,2026-10-16,C,535.0,234.58,237.18,240.0,2.0,2,0.96289099609375,True,2026-09-22 14:44:15+00:00,SPY261016C00535000
SPY,2026-10-03,769.64,2026-10-16,C,540.0,229.59,232.22,235.0,2.0,4,0.9445806323242187,True,2026-09-22 14:47:37+00:00,SPY261016C00540000
SPY,2026-10-03,769.64,2026-10-16,C,545.0,0.0,0.0,203.0,,0,1.0000000000000003e-05,True,2026-05-20 17:27:13+00:00,SPY261016C00545000
SPY,2026-10-03,769.64,2026-10-16,C,550.0,219.61,222.22,218.5,1.0,1,0.9035654174804688,True,2026-09-28 17:00:11+00:00,SPY261016C00550000
SPY,2026-10-03,769.64,2026-10-16,C,555.0,214.62,217.22,199.43,1.0,3,0.8831798791503906,True,2026-09-16 19:55:28+00:00,SPY261016C00555000
SPY,2026-10-03,769.64,2026-10-16,C,560.0,209.63,212.26,205.45,2.0,31,0.8652357226562499,True,2026-09-28 15:01:28+00:00,SPY261016C00560000
SPY,2026-10-03,769.64,2026-10-16,C,565.0,204.64,207.24,205.52,2.0,11,0.8439957006835936,True,2026-09-30 15:20:55+00:00,SPY261016C00565000
SPY,2026-10-03,769.64,2026-10-16,C,570.0,199.65,202.29,191.0,2.0,23,0.8266618896484373,True,2026-10-01 14:05:53+00:00,SPY261016C00570000
SPY,2026-10-03,769.64,2026-10-16,C,575.0,194.66,197.3,195.66,1.0,49,0.8071308349609375,True,2026-09-23 15:38:54+00:00,SPY261016C00575000
SPY,2026-10-03,769.64,2026-10-16,C,580.0,189.67,192.29,183.55,1.0,21,0.7866232275390624,True,2026-10-01 13:49:21+00:00,SPY261016C00580000
SPY,2026-10-03,769.64,2026-10-16,C,585.0,184.68,187.3,176.33,1.0,24,0.7673363110351563,True,2026-09-18 17:24:38+00:00,SPY261016C00585000
SPY,2026-10-03,769.64,2026-10-16,C,590.0,179.69,181.94,179.66,18.0,285,0.7290066162109375,True,2026-09-28 16:25:49+00:00,SPY261016C00590000
SPY,2026-10-03,769.64,2026-10-16,C,595.0,174.7,177.3,172.57,2.0,58,0.7280300634765625,True,2026-09-28 19:12:02+00:00,SPY261016C00595000
SPY,2026-10-03,769.64,2026-10-16,C,600.0,169.72,171.94,170.5,14.0,419,0.6914093359375001,True,2026-10-02 15:08:01+00:00,SPY261016C00600000
SPY,2026-10-03,769.64,2026-10-16,C,605.0,164.73,167.35,167.96,1.0,42,0.6918976123046876,True,2026-10-02 14:45:12+00:00,SPY261016C00605000
SPY,2026-10-03,769.64,2026-10-16,C,610.0,159.74,162.36,156.57,1.0,64,0.6728548339843752,True,2026-09-29 14:41:28+00:00,SPY261016C00610000
SPY,2026-10-03,769.64,2026-10-16,C,615.0,154.75,156.92,151.74,2.0,211,0.6335485864257813,True,2026-09-29 14:41:52+00:00,SPY261016C00615000
SPY,2026-10-03,769.64,2026-10-16,C,620.0,149.76,152.0,150.15,2.0,194,0.6184120190429689,True,2026-10-02 18:50:14+00:00,SPY261016C00620000
SPY,2026-10-03,769.64,2026-10-16,C,625.0,144.78,147.04,142.84,6.0,240,0.601810622558594,True,2026-09-28 19:25:04+00:00,SPY261016C00625000
SPY,2026-10-03,769.64,2026-10-16,C,630.0,139.79,142.43,140.17,4.0,50,0.5988809643554689,True,2026-10-02 18:50:14+00:00,SPY261016C00630000
SPY,2026-10-03,769.64,2026-10-16,C,635.0,134.8,136.8,135.01,3.0,4351,0.553837469482422,True,2026-10-02 15:12:01+00:00,SPY261016C00635000
SPY,2026-10-03,769.64,2026-10-16,C,640.0,129.82,131.98,128.93,10.0,688,0.5434615966796876,True,2026-10-02 15:06:03+00:00,SPY261016C00640000
SPY,2026-10-03,769.64,2026-10-16,C,645.0,124.83,126.96,125.46,4.0,251,0.5239305419921875,True,2026-10-02 16:21:17+00:00,SPY261016C00645000
SPY,2026-10-03,769.64,2026-10-16,C,650.0,119.85,122.09,120.33,13.0,374,0.5107470800781251,True,2026-10-02 17:54:05+00:00,SPY261016C00650000
SPY,2026-10-03,769.64,2026-10-16,C,655.0,114.86,117.49,106.53,4.0,28,0.5061084545898438,True,2026-10-01 15:32:25+00:00,SPY261016C00655000
SPY,2026-10-03,769.64,2026-10-16,C,660.0,109.88,112.13,108.4,18.0,423,0.5417526293945314,True,2026-10-02 15:25:30+00:00,SPY261016C00660000
SPY,2026-10-03,769.64,2026-10-16,C,665.0,104.9,107.12,104.45,30.0,360,0.520390538330078,True,2026-10-02 15:12:01+00:00,SPY261016C00665000
SPY,2026-10-03,769.64,2026-10-16,C,670.0,99.92,102.12,99.11,11.0,340,0.4995167236328125,True,2026-10-02 15:20:38+00:00,SPY261016C00670000
SPY,2026-10-03,769.64,2026-10-16,C,675.0,94.94,97.19,93.48,41.0,498,0.4819387744140625,True,2026-10-02 15:25:33+00:00,SPY261016C00675000
SPY,2026-10-03,769.64,2026-10-16,C,680.0,89.96,92.23,93.0,4.0,2414,0.46283496154785164,True,2026-10-02 13:47:47+00:00,SPY261016C00680000
SPY,2026-10-03,769.64,2026-10-16,C,685.0,84.98,86.67,85.8,46.0,1443,0.4158993957519531,True,2026-10-02 16:29:25+00:00,SPY261016C00685000
SPY,2026-10-03,769.64,2026-10-16,C,690.0,80.0,81.82,81.16,1.0,1179,0.4027159338378906,True,2026-10-02 15:10:26+00:00,SPY261016C00690000
SPY,2026-10-03,769.64,2026-10-16,C,695.0,75.03,77.11,73.58,17.0,927,0.3947204083251954,True,2026-10-02 15:25:30+00:00,SPY261016C00695000
SPY,2026-10-03,769.64,2026-10-16,C,700.0,70.06,71.93,69.94,589.0,1179,0.3663393444824219,True,2026-10-02 18:37:49+00:00,SPY261016C00700000
SPY,2026-10-03,769.64,2026-10-16,C,701.0,69.07,70.92,68.42,127.0,957,0.3618227880859375,True,2026-10-02 15:19:48+00:00,SPY261016C00701000
SPY,2026-10-03,769.64,2026-10-16,C,702.0,68.08,70.71,59.84,2.0,76,0.3880676428222656,True,2026-10-01 15:02:17+00:00,SPY261016C00702000
SPY,2026-10-03,769.64,2026-10-16,C,703.0,67.08,69.7,58.86,4.0,29,0.3833679827880859,True,2026-10-01 15:02:17+00:00,SPY261016C00703000
SPY,2026-10-03,769.64,2026-10-16,C,704.0,66.09,68.73,57.64,4.0,73,0.38007211730957036,True,2026-10-01 15:09:26+00:00,SPY261016C00704000
SPY,2026-10-03,769.64,2026-10-16,C,705.0,65.1,67.35,64.94,94.0,234,0.36188382263183594,True,2026-10-02 17:29:14+00:00,SPY261016C00705000
SPY,2026-10-03,769.64,2026-10-16,C,706.0,64.11,66.75,62.2,6.0,25,0.37201555725097657,True,2026-09-28 19:35:56+00:00,SPY261016C00706000
SPY,2026-10-03,769.64,2026-10-16,C,707.0,63.12,65.76,55.97,1.0,42,0.3679262426757813,True,2026-09-14 13:48:46+00:00,SPY261016C00707000
SPY,2026-10-03,769.64,2026-10-16,C,708.0,62.12,64.76,59.48,3.0,16,0.3635317553710938,True,2026-09-28 15:43:05+00:00,SPY261016C00708000
SPY,2026-10-03,769.64,2026-10-16,C,709.0,61.13,63.77,62.38,10.0,6,0.35950347534179683,True,2026-08-27 16:27:11+00:00,SPY261016C00709000
SPY,2026-10-03,769.64,2026-10-16,C,710.0,60.14,62.31,60.53,44.0,1300,0.3389348333740234,True,2026-10-02 18:16:01+00:00,SPY261016C00710000
SPY,2026-10-03,769.64,2026-10-16,C,711.0,59.15,61.82,60.99,4.0,9,0.3523013989257812,True,2026-09-30 19:00:28+00:00,SPY261016C00711000
SPY,2026-10-03,769.64,2026-10-16,C,712.0,58.16,60.41,59.39,1.0,329,0.33386896606445315,True,2026-09-25 15:56:32+00:00,SPY261016C00712000
SPY,2026-10-03,769.64,2026-10-16,C,713.0,57.17,59.83,50.02,1.0,9,0.3437565625,True,2026-10-01 14:52:11+00:00,SPY261016C00713000
SPY,2026-10-03,769.64,2026-10-16,C,714.0,56.18,58.03,54.04,2.0,193,0.31165239135742184,True,2026-09-28 14:47:06+00:00,SPY261016C00714000
SPY,2026-10-03,769.64,2026-10-16,C,715.0,55.19,57.04,55.7,84.0,468,0.30774618041992186,True,2026-10-02 18:10:20+00:00,SPY261016C00715000
SPY,2026-10-03,769.64,2026-10-16,C,716.0,54.2,56.86,47.65,1.0,19,0.33130551513671874,True,2026-09-16 14:05:12+00:00,SPY261016C00716000
SPY,2026-10-03,769.64,2026-10-16,C,717.0,53.22,55.86,53.6,1.0,8,0.32684999328613284,True,2026-10-02 18:10:20+00:00,SPY261016C00717000
SPY,2026-10-03,769.64,2026-10-16,C,718.0,52.22,54.85,46.01,1.0,31,0.3220282641601562,True,2026-09-14 14:47:59+00:00,SPY261016C00718000
SPY,2026-10-03,769.64,2026-10-16,C,719.0,51.24,53.88,49.64,4.0,13,0.31842722595214834,True,2026-09-30 19:31:16+00:00,SPY261016C00719000
SPY,2026-10-03,769.64,2026-10-16,C,720.0,50.25,52.31,50.32,84.0,517,0.29560030578613283,True,2026-10-02 17:31:24+00:00,SPY261016C00720000
SPY,2026-10-03,769.64,2026-10-16,C,721.0,49.26,51.86,50.92,2.0,53,0.30878376770019533,True,2026-09-23 16:02:14+00:00,SPY261016C00721000
SPY,2026-10-03,769.64,2026-10-16,C,722.0,48.28,50.92,40.96,2.0,78,0.30609824768066407,True,2026-10-01 15:42:46+00:00,SPY261016C00722000
SPY,2026-10-03,769.64,2026-10-16,C,723.0,47.29,49.93,40.82,4.0,20,0.3018258294677735,True,2026-10-01 14:55:04+00:00,SPY261016C00723000
SPY,2026-10-03,769.64,2026-10-16,C,724.0,46.31,48.92,47.71,1.0,13,0.29694306579589835,True,2026-09-24 17:07:35+00:00,SPY261016C00724000
SPY,2026-10-03,769.64,2026-10-16,C,725.0,45.34,47.58,46.39,107.0,1154,0.28211167114257807,True,2026-10-02 20:14:09+00:00,SPY261016C00725000
SPY,2026-10-03,769.64,2026-10-16,C,726.0,44.35,47.0,38.17,3.0,24,0.2901071966552734,True,2026-10-01 17:03:19+00:00,SPY261016C00726000
SPY,2026-10-03,769.64,2026-10-16,C,727.0,43.37,46.0,46.5,1.0,86,0.28552960571289054,True,2026-10-02 14:19:06+00:00,SPY261016C00727000
SPY,2026-10-03,769.64,2026-10-16,C,728.0,42.39,44.26,42.79,1.0,183,0.2588575091552735,True,2026-10-02 18:31:13+00:00,SPY261016C00728000
SPY,2026-10-03,769.64,2026-10-16,C,729.0,41.42,44.08,41.79,4.0,43,0.27851063293457035,True,2026-10-02 18:31:13+00:00,SPY261016C00729000
SPY,2026-10-03,769.64,2026-10-16,C,730.0,40.44,42.45,40.42,73.0,1049,0.2556837127685547,True,2026-10-02 17:31:08+00:00,SPY261016C00730000
SPY,2026-10-03,769.64,2026-10-16,C,731.0,39.47,41.75,32.84,2.0,290,0.25989509643554687,True,2026-10-01 15:00:44+00:00,SPY261016C00731000
SPY,2026-10-03,769.64,2026-10-16,C,732.0,38.49,40.76,31.67,6.0,150,0.2555616436767578,True,2026-10-01 15:01:11+00:00,SPY261016C00732000
SPY,2026-10-03,769.64,2026-10-16,C,733.0,37.53,39.81,38.36,1.0,152,0.25226577819824214,True,2026-10-02 16:27:40+00:00,SPY261016C00733000
SPY,2026-10-03,769.64,2026-10-16,C,734.0,36.56,38.85,33.95,10.0,227,0.24872577453613282,True,2026-09-28 14:49:28+00:00,SPY261016C00734000
SPY,2026-10-03,769.64,2026-10-16,C,735.0,35.59,37.44,36.5,85.0,3591,0.23267368896484375,True,2026-10-02 19:57:53+00:00,SPY261016C00735000
SPY,2026-10-03,769.64,2026-10-16,C,736.0,34.63,36.82,36.62,6.0,161,0.23853300537109373,True,2026-09-23 18:03:49+00:00,SPY261016C00736000
SPY,2026-10-03,769.64,2026-10-16,C,737.0,33.67,35.96,36.51,1.0,181,0.23749541809082028,True,2026-09-25 13:42:42+00:00,SPY261016C00737000
SPY,2026-10-03,769.64,2026-10-16,C,738.0,32.72,35.01,32.7,9.0,410,0.23401644897460935,True,2026-09-30 17:53:45+00:00,SPY261016C00738000
SPY,2026-10-03,769.64,2026-10-16,C,739.0,31.76,33.7,31.43,1.0,652,0.22113815979003904,True,2026-09-30 17:34:57+00:00,SPY261016C00739000
SPY,2026-10-03,769.64,2026-10-16,C,740.0,32.03,32.2,32.18,2074.0,5720,0.2030108996582031,True,2026-10-02 20:14:54+00:00,SPY261016C00740000
SPY,2026-10-03,769.64,2026-10-16,C,741.0,29.87,32.52,24.01,4.0,489,0.23200230895996093,True,2026-10-01 14:24:27+00:00,SPY261016C00741000
SPY,2026-10-03,769.64,2026-10-16,C,742.0,28.92,31.57,22.49,3.0,238,0.22815713256835937,True,2026-10-01 15:45:06+00:00,SPY261016C00742000
SPY,2026-10-03,769.64,2026-10-16,C,743.0,27.98,30.67,28.34,2.0,565,0.22541057800292968,True,2026-10-01 13:39:14+00:00,SPY261016C00743000
SPY,2026-10-03,769.64,2026-10-16,C,744.0,27.05,29.7,28.15,2.0,186,0.22101609069824218,True,2026-10-02 19:51:19+00:00,SPY261016C00744000
SPY,2026-10-03,769.64,2026-10-16,C,745.0,27.22,27.69,26.56,36.0,2663,0.1920551986694336,True,2026-10-02 19:08:47+00:00,SPY261016C00745000
SPY,2026-10-03,769.64,2026-10-16,C,746.0,26.32,26.77,25.52,26.0,316,0.18909502319335939,True,2026-10-02 18:40:10+00:00,SPY261016C00746000
SPY,2026-10-03,769.64,2026-10-16,C,747.0,25.4,25.85,24.93,2.0,243,0.1860432958984375,True,2026-10-02 19:06:32+00:00,SPY261016C00747000
SPY,2026-10-03,769.64,2026-10-16,C,748.0,24.5,24.94,24.3,10.0,188,0.18311363769531247,True,2026-10-02 19:58:29+00:00,SPY261016C00748000
SPY,2026-10-03,769.64,2026-10-16,C,749.0,23.6,24.03,23.16,13.0,317,0.18006191040039063,True,2026-10-02 18:43:02+00:00,SPY261016C00749000
SPY,2026-10-03,769.64,2026-10-16,C,750.0,22.8,22.95,22.89,245.0,7407,0.1731650067138672,True,2026-10-02 20:14:56+00:00,SPY261016C00750000
SPY,2026-10-03,769.64,2026-10-16,C,751.0,21.81,22.23,18.7,92.0,448,0.17414155944824222,True,2026-10-01 19:00:45+00:00,SPY261016C00751000
SPY,2026-10-03,769.64,2026-10-16,C,752.0,20.92,21.34,20.26,2.0,515,0.1712119012451172,True,2026-10-02 18:18:05+00:00,SPY261016C00752000
SPY,2026-10-03,769.64,2026-10-16,C,753.0,20.06,20.44,19.97,77.0,457,0.16797707031250003,True,2026-10-02 19:49:21+00:00,SPY261016C00753000
SPY,2026-10-03,769.64,2026-10-16,C,754.0,19.19,19.57,18.81,18.0,735,0.1651999984741211,True,2026-10-02 19:06:45+00:00,SPY261016C00754000
SPY,2026-10-03,769.64,2026-10-16,C,755.0,18.33,18.72,18.34,131.0,4022,0.16266706481933596,True,2026-10-02 20:01:34+00:00,SPY261016C00755000
SPY,2026-10-03,769.64,2026-10-16,C,756.0,17.5,17.87,17.22,17.0,1053,0.16001206207275392,True,2026-10-02 19:05:10+00:00,SPY261016C00756000
SPY,2026-10-03,769.64,2026-10-16,C,757.0,16.66,17.02,16.47,143.0,755,0.15717395568847659,True,2026-10-02 19:32:55+00:00,SPY261016C00757000
SPY,2026-10-03,769.64,2026-10-16,C,758.0,15.93,16.2,15.7,149.0,1527,0.15473257385253908,True,2026-10-02 19:34:01+00:00,SPY261016C00758000
SPY,2026-10-03,769.64,2026-10-16,C,759.0,15.04,15.39,15.07,272.0,1272,0.15229119201660157,True,2026-10-02 17:08:47+00:00,SPY261016C00759000
SPY,2026-10-03,769.64,2026-10-16,C,760.0,14.34,14.49,14.3,612.0,10332,0.14801877380371098,True,2026-10-02 20:04:20+00:00,SPY261016C00760000
SPY,2026-10-03,769.64,2026-10-16,C,761.0,13.52,13.8,13.34,265.0,2833,0.14737791107177733,True,2026-10-02 19:57:20+00:00,SPY261016C00761000
SPY,2026-10-03,769.64,2026-10-16,C,762.0,12.71,13.01,12.86,376.0,2986,0.14469239105224607,True,2026-10-02 20:06:24+00:00,SPY261016C00762000
SPY,2026-10-03,769.64,2026-10-16,C,763.0,11.96,12.25,11.71,400.0,2503,0.1422815264892578,True,2026-10-02 19:56:09+00:00,SPY261016C00763000
SPY,2026-10-03,769.64,2026-10-16,C,764.0,11.32,11.5,10.99,535.0,2901,0.13984014465332031,True,2026-10-02 19:33:11+00:00,SPY261016C00764000
SPY,2026-10-03,769.64,2026-10-16,C,765.0,10.61,10.75,10.62,2013.0,7640,0.13712410736083985,True,2026-10-02 20:12:22+00:00,SPY261016C00765000
SPY,2026-10-03,769.64,2026-10-16,C,766.0,9.92,10.06,9.94,509.0,7234,0.13517100189208986,True,2026-10-02 20:08:32+00:00,SPY261016C00766000
SPY,2026-10-03,769.64,2026-10-16,C,767.0,9.25,9.39,9.19,879.0,7786,0.13324841369628904,True,2026-10-02 20:10:21+00:00,SPY261016C00767000
SPY,2026-10-03,769.64,2026-10-16,C,768.0,8.51,8.78,8.52,1092.0,4389,0.1320277227783203,True,2026-10-02 20:09:39+00:00,SPY261016C00768000
SPY,2026-10-03,769.64,2026-10-16,C,769.0,7.98,8.11,8.0,1726.0,3508,0.12949478912353518,True,2026-10-02 20:13:08+00:00,SPY261016C00769000
SPY,2026-10-03,769.64,2026-10-16,C,770.0,7.42,7.45,7.43,11541.0,20332,0.12680926910400392,False,2026-10-02 20:14:52+00:00,SPY261016C00770000
SPY,2026-10-03,769.64,2026-10-16,C,771.0,6.84,6.87,6.84,1834.0,3249,0.12510030181884768,False,2026-10-02 20:14:15+00:00,SPY261016C00771000
SPY,2026-10-03,769.64,2026-10-16,C,772.0,6.28,6.32,6.23,3144.0,4786,0.1235134036254883,False,2026-10-02 20:08:07+00:00,SPY261016C00772000
SPY,2026-10-03,769.64,2026-10-16,C,773.0,5.75,5.79,5.73,1642.0,2272,0.1218959881591797,False,2026-10-02 20:12:42+00:00,SPY261016C00773000
SPY,2026-10-03,769.64,2026-10-16,C,774.0,5.26,5.29,5.29,1497.0,3561,0.12043115905761718,False,2026-10-02 20:14:09+00:00,SPY261016C00774000
SPY,2026-10-03,769.64,2026-10-16,C,775.0,4.79,4.82,4.83,8649.0,17774,0.11902736450195311,False,2026-10-02 20:14:44+00:00,SPY261016C00775000
SPY,2026-10-03,769.64,2026-10-16,C,776.0,4.34,4.37,4.32,1731.0,2734,0.11759305267333985,False,2026-10-02 20:12:43+00:00,SPY261016C00776000
SPY,2026-10-03,769.64,2026-10-16,C,777.0,3.93,3.95,3.74,1482.0,3453,0.11625029266357423,False,2026-10-02 19:56:35+00:00,SPY261016C00777000
SPY,2026-10-03,769.64,2026-10-16,C,778.0,3.53,3.56,3.51,1654.0,5226,0.11502960174560548,False,2026-10-02 20:12:37+00:00,SPY261016C00778000
SPY,2026-10-03,769.64,2026-10-16,C,779.0,3.18,3.2,3.05,1829.0,2726,0.11390046264648437,False,2026-10-02 19:57:36+00:00,SPY261016C00779000
SPY,2026-10-03,769.64,2026-10-16,C,780.0,2.84,2.87,2.87,9115.0,19186,0.11292390991210938,False,2026-10-02 20:14:28+00:00,SPY261016C00780000
SPY,2026-10-03,769.64,2026-10-16,C,781.0,2.53,2.56,2.44,6973.0,5554,0.11188632263183593,False,2026-10-02 20:00:38+00:00,SPY261016C00781000
SPY,2026-10-03,769.64,2026-10-16,C,782.0,2.25,2.27,2.26,1427.0,4315,0.11078770080566405,False,2026-10-02 20:14:17+00:00,SPY261016C00782000
SPY,2026-10-03,769.64,2026-10-16,C,783.0,1.99,2.01,2.01,1381.0,7842,0.1098721826171875,False,2026-10-02 20:14:49+00:00,SPY261016C00783000
SPY,2026-10-03,769.64,2026-10-16,C,784.0,1.76,1.78,1.77,1593.0,2552,0.10920080261230468,False,2026-10-02 20:14:28+00:00,SPY261016C00784000
SPY,2026-10-03,769.64,2026-10-16,C,785.0,1.55,1.56,1.55,6076.0,47652,0.10822424987792968,False,2026-10-02 20:12:46+00:00,SPY261016C00785000
SPY,2026-10-03,769.64,2026-10-16,C,786.0,1.36,1.37,1.32,1075.0,5205,0.10755286987304688,False,2026-10-02 20:04:30+00:00,SPY261016C00786000
SPY,2026-10-03,769.64,2026-10-16,C,787.0,1.18,1.2,1.2,833.0,3270,0.10700355895996094,False,2026-10-02 20:14:28+00:00,SPY261016C00787000
SPY,2026-10-03,769.64,2026-10-16,C,788.0,1.03,1.05,1.04,1303.0,1759,0.10651528259277344,False,2026-10-02 20:13:51+00:00,SPY261016C00788000
SPY,2026-10-03,769.64,2026-10-16,C,789.0,0.9,0.91,0.9,584.0,2265,0.10584390258789061,False,2026-10-02 20:11:56+00:00,SPY261016C00789000
SPY,2026-10-03,769.64,2026-10-16,C,790.0,0.78,0.79,0.78,8865.0,30265,0.10541666076660156,False,2026-10-02 20:13:08+00:00,SPY261016C00790000
SPY,2026-10-03,769.64,2026-10-16,C,791.0,0.67,0.69,0.64,665.0,2620,0.10523355712890625,False,2026-10-02 19:57:20+00:00,SPY261016C00791000
SPY,2026-10-03,769.64,2026-10-16,C,792.0,0.58,0.6,0.56,907.0,3340,0.10505045349121094,False,2026-10-02 20:03:20+00:00,SPY261016C00792000
SPY,2026-10-03,769.64,2026-10-16,C,793.0,0.5,0.51,0.5,785.0,7026,0.1043790734863281,False,2026-10-02 20:14:17+00:00,SPY261016C00793000
SPY,2026-10-03,769.64,2026-10-16,C,794.0,0.43,0.45,0.4,214.0,3873,0.10474528076171874,False,2026-10-02 19:53:14+00:00,SPY261016C00794000
SPY,2026-10-03,769.64,2026-10-16,C,795.0,0.37,0.39,0.38,7207.0,22696,0.10474528076171874,False,2026-10-02 20:13:38+00:00,SPY261016C00795000
SPY,2026-10-03,769.64,2026-10-16,C,796.0,0.32,0.34,0.33,481.0,6360,0.10486734985351562,False,2026-10-02 20:04:30+00:00,SPY261016C00796000
SPY,2026-10-03,769.64,2026-10-16,C,797.0,0.28,0.29,0.29,261.0,15659,0.10462321166992186,False,2026-10-02 20:13:20+00:00,SPY261016C00797000
SPY,2026-10-03,769.64,2026-10-16,C,798.0,0.24,0.25,0.25,367.0,8986,0.10462321166992186,False,2026-10-02 20:11:20+00:00,SPY261016C00798000
SPY,2026-10-03,769.64,2026-10-16,C,799.0,0.21,0.22,0.21,2780.0,3211,0.10511148803710937,False,2026-10-02 20:09:44+00:00,SPY261016C00799000
SPY,2026-10-03,769.64,2026-10-16,C,800.0,0.18,0.19,0.18,7811.0,29259,0.10523355712890625,False,2026-10-02 20:13:20+00:00,SPY261016C00800000
SPY,2026-10-03,769.64,2026-10-16,C,801.0,0.16,0.17,0.15,69.0,727,0.10596597167968749,False,2026-10-02 19:24:56+00:00,SPY261016C00801000
SPY,2026-10-03,769.64,2026-10-16,C,802.0,0.14,0.15,0.13,466.0,1301,0.10669838623046876,False,2026-10-02 19:56:09+00:00,SPY261016C00802000
SPY,2026-10-03,769.64,2026-10-16,C,803.0,0.13,0.14,0.13,219.0,789,0.10816321533203124,False,2026-10-02 19:39:24+00:00,SPY261016C00803000
SPY,2026-10-03,769.64,2026-10-16,C,804.0,0.11,0.12,0.13,57.0,756,0.10816321533203124,False,2026-10-02 19:04:11+00:00,SPY261016C00804000
SPY,2026-10-03,769.64,2026-10-16,C,805.0,0.1,0.11,0.1,271.0,11859,0.10938390625,False,2026-10-02 20:08:50+00:00,SPY261016C00805000
SPY,2026-10-03,769.64,2026-10-16,C,806.0,0.09,0.1,0.11,3.0,1795,0.11036045898437499,False,2026-10-02 17:34:22+00:00,SPY261016C00806000
SPY,2026-10-03,769.64,2026-10-16,C,807.0,0.08,0.09,0.08,311.0,1407,0.11133701171874999,False,2026-10-02 19:05:03+00:00,SPY261016C00807000
SPY,2026-10-03,769.64,2026-10-16,C,808.0,0.07,0.08,0.08,72.0,787,0.11182528808593749,False,2026-10-02 19:53:00+00:00,SPY261016C00808000
SPY,2026-10-03,769.64,2026-10-16,C,809.0,0.07,0.08,0.12,510.0,4185,0.11426666992187501,False,2026-10-02 14:53:06+00:00,SPY261016C00809000
SPY,2026-10-03,769.64,2026-10-16,C,810.0,0.06,0.07,0.07,1311.0,16931,0.1147549462890625,False,2026-10-02 20:07:31+00:00,SPY261016C00810000
SPY,2026-10-03,769.64,2026-10-16,C,815.0,0.04,0.05,0.05,105.0,16072,0.1215908154296875,False,2026-10-02 19:54:15+00:00,SPY261016C00815000
SPY,2026-10-03,769.64,2026-10-16,C,820.0,0.03,0.04,0.03,176.0,16194,0.1294032373046875,False,2026-10-02 19:26:53+00:00,SPY261016C00820000
SPY,2026-10-03,769.64,2026-10-16,C,825.0,0.03,0.04,0.03,278.0,15683,0.1401453173828125,False,2026-10-02 19:25:09+00:00,SPY261016C00825000
SPY,2026-10-03,769.64,2026-10-16,C,830.0,0.02,0.03,0.04,30.0,18379,0.14649291015625,False,2026-10-02 14:50:18+00:00,SPY261016C00830000
SPY,2026-10-03,769.64,2026-10-16,C,835.0,0.02,0.03,0.02,17.0,3191,0.1562584375,False,2026-10-02 18:20:15+00:00,SPY261016C00835000
SPY,2026-10-03,769.64,2026-10-16,C,840.0,0.01,0.02,0.01,9.0,3117,0.1601646484375,False,2026-10-02 15:25:50+00:00,SPY261016C00840000
SPY,2026-10-03,769.64,2026-10-16,C,845.0,0.01,0.02,0.01,3.0,1791,0.16993017578125003,False,2026-10-02 16:32:23+00:00,SPY261016C00845000
SPY,2026-10-03,769.64,2026-10-16,C,850.0,0.01,0.02,0.01,6.0,9750,0.179695703125,False,2026-10-01 16:41:42+00:00,SPY261016C00850000
SPY,2026-10-03,769.64,2026-10-16,C,855.0,0.01,0.02,0.02,800.0,763,0.18946123046875002,False,2026-10-01 14:39:42+00:00,SPY261016C00855000
SPY,2026-10-03,769.64,2026-10-16,C,860.0,0.01,0.02,0.02,1.0,2137,0.1992267578125,False,2026-10-02 20:12:31+00:00,SPY261016C00860000
SPY,2026-10-03,769.64,2026-10-16,C,865.0,0.0,0.01,0.02,1.0,1479,0.195320546875,False,2026-10-02 17:50:42+00:00,SPY261016C00865000
SPY,2026-10-03,769.64,2026-10-16,C,870.0,0.0,0.01,0.01,12.0,2235,0.20313296874999998,False,2026-10-02 17:49:17+00:00,SPY261016C00870000
SPY,2026-10-03,769.64,2026-10-16,C,875.0,0.0,0.01,0.01,1.0,1386,0.21289849609375,False,2026-10-01 19:59:31+00:00,SPY261016C00875000
SPY,2026-10-03,769.64,2026-10-16,C,880.0,0.0,0.01,0.01,1.0,395,0.22266402343749997,False,2026-09-24 18:59:27+00:00,SPY261016C00880000
SPY,2026-10-03,769.64,2026-10-16,C,885.0,0.0,0.01,0.01,1.0,3228,0.2304764453125,False,2026-09-29 14:11:58+00:00,SPY261016C00885000
SPY,2026-10-03,769.64,2026-10-16,C,890.0,0.0,0.01,0.02,1.0,2619,0.23828886718749998,False,2026-09-30 18:27:57+00:00,SPY261016C00890000
SPY,2026-10-03,769.64,2026-10-16,C,895.0,0.0,0.01,0.01,241.0,1151,0.2461012890625,False,2026-09-30 14:06:41+00:00,SPY261016C00895000
SPY,2026-10-03,769.64,2026-10-16,C,900.0,0.0,0.01,0.02,281.0,5705,0.25391371093750004,False,2026-09-30 16:43:45+00:00,SPY261016C00900000
SPY,2026-10-03,769.64,2026-10-16,C,905.0,0.0,0.01,0.01,20.0,4009,0.2617261328125,False,2026-09-29 13:35:11+00:00,SPY261016C00905000
SPY,2026-10-03,769.64,2026-10-16,C,910.0,0.0,0.01,0.01,1.0,4029,0.273444765625,False,2026-09-24 18:21:44+00:00,SPY261016C00910000
SPY,2026-10-03,769.64,2026-10-16,C,915.0,0.0,0.01,0.01,60.0,4488,0.28125718749999995,False,2026-09-25 19:41:29+00:00,SPY261016C00915000
SPY,2026-10-03,769.64,2026-10-16,C,920.0,0.0,0.01,0.01,280.0,368,0.2890696093749999,False,2026-09-14 16:46:21+00:00,SPY261016C00920000
SPY,2026-10-03,769.64,2026-10-16,C,925.0,0.0,0.01,0.01,4.0,359,0.29688203124999996,False,2026-09-28 19:58:37+00:00,SPY261016C00925000
SPY,2026-10-03,769.64,2026-10-16,C,930.0,0.0,0.01,0.01,1.0,371,0.304694453125,False,2026-09-11 13:30:51+00:00,SPY261016C00930000
SPY,2026-10-03,769.64,2026-10-16,C,935.0,0.0,0.01,0.01,1.0,598,0.31250687499999996,False,2026-09-15 15:20:35+00:00,SPY261016C00935000
SPY,2026-10-03,769.64,2026-10-16,C,940.0,0.0,0.01,0.01,28.0,1022,0.32031929687499994,False,2026-09-08 14:43:42+00:00,SPY261016C00940000
SPY,2026-10-03,769.64,2026-10-16,C,945.0,0.0,0.01,0.02,1101.0,1136,0.32813171874999997,False,2026-08-24 19:14:01+00:00,SPY261016C00945000
SPY,2026-10-03,769.64,2026-10-16,C,950.0,0.0,0.01,0.01,200.0,1177,0.335944140625,False,2026-09-10 13:42:49+00:00,SPY261016C00950000
SPY,2026-10-03,769.64,2026-10-16,C,955.0,0.0,0.01,0.01,1.0,18,0.3437565625,False,2026-09-01 14:03:48+00:00,SPY261016C00955000
SPY,2026-10-03,769.64,2026-10-16,C,960.0,0.0,0.01,0.01,596.0,1188,0.35156898437499995,False,2026-09-02 14:47:54+00:00,SPY261016C00960000
SPY,2026-10-03,769.64,2026-10-16,C,965.0,0.0,0.01,0.01,206.0,785,0.35938140625,False,2026-09-04 20:08:29+00:00,SPY261016C00965000
SPY,2026-10-03,769.64,2026-10-16,C,970.0,0.0,0.01,0.01,10.0,782,0.367193828125,False,2026-09-08 15:29:45+00:00,SPY261016C00970000
SPY,2026-10-03,769.64,2026-10-16,C,975.0,0.0,0.01,0.01,745.0,1299,0.37500625,False,2026-09-04 20:14:50+00:00,SPY261016C00975000
SPY,2026-10-03,769.64,2026-10-16,C,980.0,0.0,0.01,0.05,532.0,290,0.3789124609375,False,2026-08-04 14:11:08+00:00,SPY261016C00980000
SPY,2026-10-03,769.64,2026-10-16,C,985.0,0.0,0.01,0.01,407.0,595,0.38672488281249995,False,2026-08-28 19:59:44+00:00,SPY261016C00985000
SPY,2026-10-03,769.64,2026-10-16,C,990.0,0.0,0.01,0.01,407.0,628,0.39453730468750003,False,2026-08-28 19:59:44+00:00,SPY261016C00990000
SPY,2026-10-03,769.64,2026-10-16,C,995.0,0.0,0.01,0.01,1.0,72,0.4023497265625,False,2026-08-25 15:10:26+00:00,SPY261016C00995000
SPY,2026-10-03,769.64,2026-10-16,C,1000.0,0.0,0.01,0.01,2.0,1254,0.4062559375,False,2026-09-29 13:30:02+00:00,SPY261016C01000000
SPY,2026-10-03,769.64,2026-10-16,P,300.0,0.0,0.01,0.01,1.0,5236,1.3437532812499997,False,2026-10-02 14:19:06+00:00,SPY261016P00300000
SPY,2026-10-03,769.64,2026-10-16,P,305.0,0.0,0.01,0.01,1.0,2490,1.3125034374999998,False,2026-09-25 17:28:45+00:00,SPY261016P00305000
SPY,2026-10-03,769.64,2026-10-16,P,310.0,0.0,0.01,0.01,220.0,4501,1.2812535937499998,False,2026-09-15 18:43:06+00:00,SPY261016P00310000
SPY,2026-10-03,769.64,2026-10-16,P,315.0,0.0,0.01,0.01,600.0,3539,1.2812535937499998,False,2026-09-16 20:14:45+00:00,SPY261016P00315000
SPY,2026-10-03,769.64,2026-10-16,P,320.0,0.0,0.01,0.02,1641.0,2456,1.2500037499999999,False,2026-08-27 19:36:40+00:00,SPY261016P00320000
SPY,2026-10-03,769.64,2026-10-16,P,325.0,0.0,0.01,0.01,1.0,426,1.21875390625,False,2026-09-25 17:28:33+00:00,SPY261016P00325000
SPY,2026-10-03,769.64,2026-10-16,P,330.0,0.0,0.01,0.01,200.0,4675,1.21875390625,False,2026-09-17 16:13:20+00:00,SPY261016P00330000
SPY,2026-10-03,769.64,2026-10-16,P,335.0,0.0,0.01,0.01,2.0,1158,1.1875040625,False,2026-09-17 13:30:11+00:00,SPY261016P00335000
SPY,2026-10-03,769.64,2026-10-16,P,340.0,0.0,0.01,0.03,400.0,673,1.15625421875,False,2026-09-10 15:40:04+00:00,SPY261016P00340000
SPY,2026-10-03,769.64,2026-10-16,P,345.0,0.0,0.01,0.02,200.0,1045,1.15625421875,False,2026-09-11 19:55:46+00:00,SPY261016P00345000
SPY,2026-10-03,769.64,2026-10-16,P,350.0,0.0,0.01,0.01,25.0,6255,1.125004375,False,2026-10-02 17:41:36+00:00,SPY261016P00350000
SPY,2026-10-03,769.64,2026-10-16,P,355.0,0.0,0.01,0.01,1.0,11300,1.09375453125,False,2026-09-25 17:28:08+00:00,SPY261016P00355000
SPY,2026-10-03,769.64,2026-10-16,P,360.0,0.0,0.01,0.01,1.0,5728,1.09375453125,False,2026-09-21 14:38:01+00:00,SPY261016P00360000
SPY,2026-10-03,769.64,2026-10-16,P,365.0,0.0,0.01,0.01,48.0,1815,1.0625046875000002,False,2026-09-17 13:41:25+00:00,SPY261016P00365000
SPY,2026-10-03,769.64,2026-10-16,P,370.0,0.0,0.01,0.01,102.0,10620,1.0625046875000002,False,2026-09-18 16:03:39+00:00,SPY261016P00370000
SPY,2026-10-03,769.64,2026-10-16,P,375.0,0.0,0.01,0.01,1.0,6868,1.0312548437500002,False,2026-09-25 17:27:55+00:00,SPY261016P00375000
SPY,2026-10-03,769.64,2026-10-16,P,380.0,0.0,0.01,0.01,2.0,2808,1.000005,False,2026-09-25 17:27:40+00:00,SPY261016P00380000
SPY,2026-10-03,769.64,2026-10-16,P,385.0,0.0,0.01,0.01,1.0,3790,0.98437515625,False,2026-09-25 17:27:25+00:00,SPY261016P00385000
SPY,2026-10-03,769.64,2026-10-16,P,390.0,0.0,0.01,0.01,800.0,4584,0.9687503125,False,2026-09-24 14:01:22+00:00,SPY261016P00390000
SPY,2026-10-03,769.64,2026-10-16,P,395.0,0.0,0.01,0.01,301.0,4063,0.9687503125,False,2026-10-02 17:38:37+00:00,SPY261016P00395000
SPY,2026-10-03,769.64,2026-10-16,P,400.0,0.0,0.01,0.01,50.0,21695,0.937500625,False,2026-09-24 13:30:00+00:00,SPY261016P00400000
SPY,2026-10-03,769.64,2026-10-16,P,405.0,0.0,0.01,0.01,1503.0,6236,0.92187578125,False,2026-09-25 17:27:08+00:00,SPY261016P00405000
SPY,2026-10-03,769.64,2026-10-16,P,410.0,0.0,0.01,0.01,1500.0,14221,0.9062509375,False,2026-09-25 15:48:04+00:00,SPY261016P00410000
SPY,2026-10-03,769.64,2026-10-16,P,415.0,0.0,0.01,0.01,2.0,1105,0.8906260937499999,False,2026-09-29 16:45:27+00:00,SPY261016P00415000
SPY,2026-10-03,769.64,2026-10-16,P,420.0,0.0,0.01,0.01,27.0,2102,0.87500125,False,2026-09-28 16:38:10+00:00,SPY261016P00420000
SPY,2026-10-03,769.64,2026-10-16,P,425.0,0.0,0.01,0.01,3.0,154945,0.85937640625,False,2026-09-25 19:32:06+00:00,SPY261016P00425000
SPY,2026-10-03,769.64,2026-10-16,P,430.0,0.0,0.01,0.01,9.0,15749,0.8437515624999999,False,2026-09-29 18:43:40+00:00,SPY261016P00430000
SPY,2026-10-03,769.64,2026-10-16,P,435.0,0.0,0.01,0.01,50.0,1872,0.8281267187499999,False,2026-10-01 14:14:45+00:00,SPY261016P00435000
SPY,2026-10-03,769.64,2026-10-16,P,440.0,0.0,0.01,0.01,830.0,1411,0.8125018749999999,False,2026-09-25 20:14:29+00:00,SPY261016P00440000
SPY,2026-10-03,769.64,2026-10-16,P,445.0,0.0,0.01,0.01,2.0,4548,0.79687703125,False,2026-09-30 13:30:06+00:00,SPY261016P00445000
SPY,2026-10-03,769.64,2026-10-16,P,450.0,0.0,0.01,0.01,10.0,3954,0.7812521875,False,2026-10-01 16:13:52+00:00,SPY261016P00450000
SPY,2026-10-03,769.64,2026-10-16,P,455.0,0.0,0.01,0.01,3816.0,3373,0.7656273437500001,False,2026-09-30 18:31:27+00:00,SPY261016P00455000
SPY,2026-10-03,769.64,2026-10-16,P,460.0,0.0,0.01,0.01,50.0,2248,0.7500025,False,2026-10-01 19:59:26+00:00,SPY261016P00460000
SPY,2026-10-03,769.64,2026-10-16,P,465.0,0.0,0.01,0.01,250.0,3710,0.73437765625,False,2026-09-28 19:46:25+00:00,SPY261016P00465000
SPY,2026-10-03,769.64,2026-10-16,P,470.0,0.0,0.01,0.01,250.0,4216,0.7187528125,False,2026-09-28 20:14:42+00:00,SPY261016P00470000
SPY,2026-10-03,769.64,2026-10-16,P,475.0,0.0,0.01,0.01,10.0,3132,0.70312796875,False,2026-09-29 16:53:58+00:00,SPY261016P00475000
SPY,2026-10-03,769.64,2026-10-16,P,480.0,0.0,0.01,0.02,240.0,2422,0.6875031250000001,False,2026-10-01 14:41:22+00:00,SPY261016P00480000
SPY,2026-10-03,769.64,2026-10-16,P,485.0,0.01,0.02,0.02,94.0,379,0.73437765625,False,2026-10-01 15:57:57+00:00,SPY261016P00485000
SPY,2026-10-03,769.64,2026-10-16,P,490.0,0.01,0.02,0.01,642.0,322,0.7187528125,False,2026-10-02 15:18:58+00:00,SPY261016P00490000
SPY,2026-10-03,769.64,2026-10-16,P,495.0,0.01,0.02,0.01,1778.0,565,0.70312796875,False,2026-10-02 17:50:08+00:00,SPY261016P00495000
SPY,2026-10-03,769.64,2026-10-16,P,500.0,0.01,0.02,0.01,274.0,8790,0.6875031250000001,False,2026-10-02 18:03:50+00:00,SPY261016P00500000
SPY,2026-10-03,769.64,2026-10-16,P,505.0,0.01,0.02,0.02,60.0,692,0.6718782812500002,False,2026-09-30 20:09:35+00:00,SPY261016P00505000
SPY,2026-10-03,769.64,2026-10-16,P,510.0,0.01,0.02,0.02,100.0,1644,0.6562534375000001,False,2026-10-02 13:30:00+00:00,SPY261016P00510000
SPY,2026-10-03,769.64,2026-10-16,P,515.0,0.01,0.02,0.02,2840.0,1520,0.64062859375,False,2026-10-01 20:13:43+00:00,SPY261016P00515000
SPY,2026-10-03,769.64,2026-10-16,P,520.0,0.01,0.02,0.01,6.0,1901,0.6250037500000001,False,2026-10-02 13:30:02+00:00,SPY261016P00520000
SPY,2026-10-03,769.64,2026-10-16,P,525.0,0.01,0.02,0.01,6.0,301779,0.6132851171875001,False,2026-10-02 13:30:03+00:00,SPY261016P00525000
SPY,2026-10-03,769.64,2026-10-16,P,530.0,0.01,0.02,0.01,4.0,889,0.6015664843750002,False,2026-10-02 14:02:36+00:00,SPY261016P00530000
SPY,2026-10-03,769.64,2026-10-16,P,535.0,0.02,0.03,0.02,1.0,775,0.6093789062500001,False,2026-10-02 19:37:27+00:00,SPY261016P00535000
SPY,2026-10-03,769.64,2026-10-16,P,540.0,0.02,0.03,0.01,20.0,4708,0.5937540625000001,False,2026-10-02 15:06:50+00:00,SPY261016P00540000
SPY,2026-10-03,769.64,2026-10-16,P,545.0,0.02,0.03,0.03,1.0,2312,0.5820354296875,False,2026-10-01 19:59:32+00:00,SPY261016P00545000
SPY,2026-10-03,769.64,2026-10-16,P,550.0,0.02,0.03,0.02,2.0,12066,0.5664105859375,False,2026-10-02 13:45:13+00:00,SPY261016P00550000
SPY,2026-10-03,769.64,2026-10-16,P,555.0,0.02,0.03,0.03,1171.0,3803,0.5507857421875001,False,2026-10-01 17:51:10+00:00,SPY261016P00555000
SPY,2026-10-03,769.64,2026-10-16,P,560.0,0.02,0.03,0.03,19377.0,318,0.5390671093750001,False,2026-10-02 20:08:16+00:00,SPY261016P00560000
SPY,2026-10-03,769.64,2026-10-16,P,565.0,0.03,0.04,0.03,17553.0,973,0.5390671093750001,False,2026-10-02 18:56:42+00:00,SPY261016P00565000
SPY,2026-10-03,769.64,2026-10-16,P,570.0,0.03,0.04,0.03,29.0,1334,0.52539537109375,False,2026-10-02 14:44:09+00:00,SPY261016P00570000
SPY,2026-10-03,769.64,2026-10-16,P,575.0,0.03,0.04,0.03,100.0,1219,0.5117236328125,False,2026-10-02 17:07:30+00:00,SPY261016P00575000
SPY,2026-10-03,769.64,2026-10-16,P,580.0,0.03,0.04,0.03,1.0,1643,0.5039112109375,False,2026-10-02 13:30:01+00:00,SPY261016P00580000
SPY,2026-10-03,769.64,2026-10-16,P,585.0,0.04,0.05,0.04,34.0,1746,0.500005,False,2026-10-02 19:01:06+00:00,SPY261016P00585000
SPY,2026-10-03,769.64,2026-10-16,P,590.0,0.04,0.05,0.05,5.0,3183,0.48633326171875,False,2026-10-02 17:08:34+00:00,SPY261016P00590000
SPY,2026-10-03,769.64,2026-10-16,P,595.0,0.04,0.05,0.04,258.0,1783,0.4726615234375,False,2026-10-02 19:48:57+00:00,SPY261016P00595000
SPY,2026-10-03,769.64,2026-10-16,P,600.0,0.04,0.05,0.06,576.0,12672,0.45703667968750006,False,2026-10-02 19:28:26+00:00,SPY261016P00600000
SPY,2026-10-03,769.64,2026-10-16,P,605.0,0.05,0.06,0.05,281.0,2797,0.45117736328125,False,2026-10-02 19:04:32+00:00,SPY261016P00605000
SPY,2026-10-03,769.64,2026-10-16,P,610.0,0.05,0.06,0.06,187.0,3590,0.437505625,False,2026-10-02 19:25:38+00:00,SPY261016P00610000
SPY,2026-10-03,769.64,2026-10-16,P,615.0,0.06,0.07,0.06,196.0,1308,0.43066975585937506,False,2026-10-02 19:51:39+00:00,SPY261016P00615000
SPY,2026-10-03,769.64,2026-10-16,P,620.0,0.06,0.07,0.07,1567.0,3678,0.41602146484374997,False,2026-10-02 19:31:45+00:00,SPY261016P00620000
SPY,2026-10-03,769.64,2026-10-16,P,625.0,0.07,0.08,0.08,2000.0,156395,0.40820904296875,False,2026-10-02 20:12:31+00:00,SPY261016P00625000
SPY,2026-10-03,769.64,2026-10-16,P,630.0,0.07,0.08,0.09,10.0,33464,0.39453730468750003,False,2026-10-02 18:38:59+00:00,SPY261016P00630000
SPY,2026-10-03,769.64,2026-10-16,P,635.0,0.08,0.09,0.09,70.0,2437,0.38477177734374995,False,2026-10-02 17:39:03+00:00,SPY261016P00635000
SPY,2026-10-03,769.64,2026-10-16,P,640.0,0.08,0.09,0.09,53.0,6002,0.3711000390625,False,2026-10-02 19:48:36+00:00,SPY261016P00640000
SPY,2026-10-03,769.64,2026-10-16,P,645.0,0.09,0.1,0.1,308.0,5553,0.36133451171875,False,2026-10-02 18:48:55+00:00,SPY261016P00645000
SPY,2026-10-03,769.64,2026-10-16,P,650.0,0.1,0.11,0.1,294.0,26811,0.3505924316406249,False,2026-10-02 20:14:49+00:00,SPY261016P00650000
SPY,2026-10-03,769.64,2026-10-16,P,655.0,0.11,0.12,0.11,2567.0,13007,0.3398503515625,False,2026-10-02 20:14:47+00:00,SPY261016P00655000
SPY,2026-10-03,769.64,2026-10-16,P,660.0,0.11,0.12,0.12,41.0,12240,0.32569033691406246,False,2026-10-02 20:13:42+00:00,SPY261016P00660000
SPY,2026-10-03,769.64,2026-10-16,P,665.0,0.12,0.13,0.13,40.0,5348,0.31445998046874996,False,2026-10-02 19:58:30+00:00,SPY261016P00665000
SPY,2026-10-03,769.64,2026-10-16,P,670.0,0.13,0.14,0.14,292.0,16740,0.30274134765625,False,2026-10-02 20:05:12+00:00,SPY261016P00670000
SPY,2026-10-03,769.64,2026-10-16,P,675.0,0.15,0.16,0.14,1817.0,14811,0.2934640966796874,False,2026-10-02 20:06:41+00:00,SPY261016P00675000
SPY,2026-10-03,769.64,2026-10-16,P,680.0,0.16,0.17,0.17,5376.0,29743,0.28125718749999995,False,2026-10-02 20:09:04+00:00,SPY261016P00680000
SPY,2026-10-03,769.64,2026-10-16,P,685.0,0.17,0.18,0.18,180.0,9870,0.2688061401367187,False,2026-10-02 19:51:39+00:00,SPY261016P00685000
SPY,2026-10-03,769.64,2026-10-16,P,690.0,0.19,0.2,0.19,5168.0,20818,0.257819921875,False,2026-10-02 20:00:18+00:00,SPY261016P00690000
SPY,2026-10-03,769.64,2026-10-16,P,695.0,0.21,0.22,0.22,260.0,7140,0.24658956542968752,False,2026-10-02 20:13:42+00:00,SPY261016P00695000
SPY,2026-10-03,769.64,2026-10-16,P,700.0,0.23,0.24,0.23,1858.0,33114,0.23438265625,False,2026-10-02 20:11:24+00:00,SPY261016P00700000
SPY,2026-10-03,769.64,2026-10-16,P,701.0,0.24,0.25,0.3,64.0,2964,0.2329178271484375,False,2026-10-02 15:19:48+00:00,SPY261016P00701000
SPY,2026-10-03,769.64,2026-10-16,P,702.0,0.24,0.25,0.27,19.0,1130,0.2299881689453125,False,2026-10-02 17:51:00+00:00,SPY261016P00702000
SPY,2026-10-03,769.64,2026-10-16,P,703.0,0.25,0.26,0.25,18.0,1379,0.22827920166015625,False,2026-10-02 20:04:42+00:00,SPY261016P00703000
SPY,2026-10-03,769.64,2026-10-16,P,704.0,0.25,0.26,0.3,40.0,1517,0.22510540527343748,False,2026-10-02 16:56:35+00:00,SPY261016P00704000
SPY,2026-10-03,769.64,2026-10-16,P,705.0,0.26,0.27,0.27,340.0,13349,0.22339643798828124,False,2026-10-02 19:58:33+00:00,SPY261016P00705000
SPY,2026-10-03,769.64,2026-10-16,P,706.0,0.26,0.27,0.29,87.0,1083,0.22022264160156246,False,2026-10-02 19:20:02+00:00,SPY261016P00706000
SPY,2026-10-03,769.64,2026-10-16,P,707.0,0.27,0.28,0.28,18.0,1193,0.21851367431640623,False,2026-10-02 19:58:30+00:00,SPY261016P00707000
SPY,2026-10-03,769.64,2026-10-16,P,708.0,0.28,0.29,0.31,34.0,3334,0.21656056884765623,False,2026-10-02 19:12:59+00:00,SPY261016P00708000
SPY,2026-10-03,769.64,2026-10-16,P,709.0,0.28,0.29,0.32,17.0,2350,0.21363091064453127,False,2026-10-02 18:52:24+00:00,SPY261016P00709000
SPY,2026-10-03,769.64,2026-10-16,P,710.0,0.29,0.3,0.3,658.0,19665,0.21167780517578122,False,2026-10-02 20:04:28+00:00,SPY261016P00710000
SPY,2026-10-03,769.64,2026-10-16,P,711.0,0.3,0.31,0.35,6.0,3973,0.20972469970703123,False,2026-10-02 18:10:02+00:00,SPY261016P00711000
SPY,2026-10-03,769.64,2026-10-16,P,712.0,0.31,0.32,0.31,46.0,1331,0.20752745605468748,False,2026-10-02 20:10:31+00:00,SPY261016P00712000
SPY,2026-10-03,769.64,2026-10-16,P,713.0,0.31,0.32,0.31,19.0,1112,0.2043536596679687,False,2026-10-02 20:08:43+00:00,SPY261016P00713000
SPY,2026-10-03,769.64,2026-10-16,P,714.0,0.32,0.33,0.33,58.0,5066,0.2024005541992187,False,2026-10-02 19:59:42+00:00,SPY261016P00714000
SPY,2026-10-03,769.64,2026-10-16,P,715.0,0.33,0.34,0.36,431.0,8088,0.20020331054687499,False,2026-10-02 19:56:44+00:00,SPY261016P00715000
SPY,2026-10-03,769.64,2026-10-16,P,716.0,0.34,0.35,0.35,13.0,10980,0.19800606689453126,False,2026-10-02 19:20:02+00:00,SPY261016P00716000
SPY,2026-10-03,769.64,2026-10-16,P,717.0,0.35,0.36,0.36,45.0,1297,0.1958088232421875,False,2026-10-02 20:10:31+00:00,SPY261016P00717000
SPY,2026-10-03,769.64,2026-10-16,P,718.0,0.36,0.37,0.38,93.0,4666,0.19348951049804688,False,2026-10-02 19:58:21+00:00,SPY261016P00718000
SPY,2026-10-03,769.64,2026-10-16,P,719.0,0.37,0.38,0.39,128.0,1197,0.19117019775390626,False,2026-10-02 19:59:42+00:00,SPY261016P00719000
SPY,2026-10-03,769.64,2026-10-16,P,720.0,0.39,0.4,0.4,1549.0,33969,0.18970536865234378,False,2026-10-02 20:14:39+00:00,SPY261016P00720000
SPY,2026-10-03,769.64,2026-10-16,P,721.0,0.4,0.41,0.45,102.0,1293,0.18726398681640627,False,2026-10-02 19:17:30+00:00,SPY261016P00721000
SPY,2026-10-03,769.64,2026-10-16,P,722.0,0.41,0.42,0.42,78.0,20716,0.1848226049804687,False,2026-10-02 19:59:05+00:00,SPY261016P00722000
SPY,2026-10-03,769.64,2026-10-16,P,723.0,0.43,0.44,0.43,296.0,5967,0.18311363769531247,False,2026-10-02 20:12:29+00:00,SPY261016P00723000
SPY,2026-10-03,769.64,2026-10-16,P,724.0,0.44,0.45,0.48,251.0,26708,0.1805501867675781,False,2026-10-02 19:00:03+00:00,SPY261016P00724000
SPY,2026-10-03,769.64,2026-10-16,P,725.0,0.46,0.47,0.47,20821.0,58823,0.178719150390625,False,2026-10-02 20:14:46+00:00,SPY261016P00725000
SPY,2026-10-03,769.64,2026-10-16,P,726.0,0.48,0.49,0.49,90.0,12700,0.176766044921875,False,2026-10-02 20:08:32+00:00,SPY261016P00726000
SPY,2026-10-03,769.64,2026-10-16,P,727.0,0.5,0.51,0.5,162.0,15794,0.174812939453125,False,2026-10-02 20:06:54+00:00,SPY261016P00727000
SPY,2026-10-03,769.64,2026-10-16,P,728.0,0.52,0.53,0.56,88.0,25059,0.17273776489257814,False,2026-10-02 19:49:37+00:00,SPY261016P00728000
SPY,2026-10-03,769.64,2026-10-16,P,729.0,0.54,0.55,0.55,332.0,34891,0.1706625903320313,False,2026-10-02 20:08:33+00:00,SPY261016P00729000
SPY,2026-10-03,769.64,2026-10-16,P,730.0,0.56,0.58,0.56,3106.0,58256,0.1690756921386719,False,2026-10-02 20:11:31+00:00,SPY261016P00730000
SPY,2026-10-03,769.64,2026-10-16,P,731.0,0.59,0.6,0.66,218.0,2127,0.1667563793945313,False,2026-10-02 19:16:01+00:00,SPY261016P00731000
SPY,2026-10-03,769.64,2026-10-16,P,732.0,0.61,0.63,0.64,154.0,56810,0.16492534301757814,False,2026-10-02 19:58:42+00:00,SPY261016P00732000
SPY,2026-10-03,769.64,2026-10-16,P,733.0,0.64,0.66,0.69,485.0,23016,0.16309430664062502,False,2026-10-02 19:54:24+00:00,SPY261016P00733000
SPY,2026-10-03,769.64,2026-10-16,P,734.0,0.68,0.69,0.77,25345.0,35627,0.16108016662597657,False,2026-10-02 19:18:05+00:00,SPY261016P00734000
SPY,2026-10-03,769.64,2026-10-16,P,735.0,0.71,0.72,0.71,814.0,30307,0.1590049920654297,False,2026-10-02 20:05:45+00:00,SPY261016P00735000
SPY,2026-10-03,769.64,2026-10-16,P,736.0,0.75,0.76,0.76,188.0,37972,0.1573570593261719,False,2026-10-02 20:04:30+00:00,SPY261016P00736000
SPY,2026-10-03,769.64,2026-10-16,P,737.0,0.79,0.8,0.86,351.0,5383,0.15552602294921875,False,2026-10-02 19:51:41+00:00,SPY261016P00737000
SPY,2026-10-03,769.64,2026-10-16,P,738.0,0.83,0.84,0.88,352.0,8832,0.1536339520263672,False,2026-10-02 19:47:04+00:00,SPY261016P00738000
SPY,2026-10-03,769.64,2026-10-16,P,739.0,0.87,0.89,0.89,18539.0,3348,0.15204705383300782,False,2026-10-02 20:13:44+00:00,SPY261016P00739000
SPY,2026-10-03,769.64,2026-10-16,P,740.0,0.92,0.94,0.94,53293.0,44873,0.15027705200195315,False,2026-10-02 20:14:16+00:00,SPY261016P00740000
SPY,2026-10-03,769.64,2026-10-16,P,741.0,0.98,0.99,0.99,355.0,4593,0.148446015625,False,2026-10-02 20:05:41+00:00,SPY261016P00741000
SPY,2026-10-03,769.64,2026-10-16,P,742.0,1.03,1.05,1.08,2182.0,8685,0.14685911743164062,False,2026-10-02 19:59:49+00:00,SPY261016P00742000
SPY,2026-10-03,769.64,2026-10-16,P,743.0,1.09,1.11,1.12,956.0,4381,0.14508911560058596,False,2026-10-02 20:12:45+00:00,SPY261016P00743000
SPY,2026-10-03,769.64,2026-10-16,P,744.0,1.16,1.18,1.19,524.0,3598,0.143563251953125,False,2026-10-02 20:00:46+00:00,SPY261016P00744000
SPY,2026-10-03,769.64,2026-10-16,P,745.0,1.24,1.25,1.25,22539.0,52532,0.1417932501220703,False,2026-10-02 20:14:58+00:00,SPY261016P00745000
SPY,2026-10-03,769.64,2026-10-16,P,746.0,1.31,1.33,1.33,517.0,2140,0.14026738647460937,False,2026-10-02 20:12:46+00:00,SPY261016P00746000
SPY,2026-10-03,769.64,2026-10-16,P,747.0,1.39,1.4,1.39,874.0,4236,0.13825324645996095,False,2026-10-02 20:05:48+00:00,SPY261016P00747000
SPY,2026-10-03,769.64,2026-10-16,P,748.0,1.48,1.5,1.5,1343.0,4596,0.13697152099609378,False,2026-10-02 20:12:46+00:00,SPY261016P00748000
SPY,2026-10-03,769.64,2026-10-16,P,749.0,1.57,1.59,1.66,3786.0,2638,0.13514048461914066,False,2026-10-02 19:54:59+00:00,SPY261016P00749000
SPY,2026-10-03,769.64,2026-10-16,P,750.0,1.67,1.69,1.68,12147.0,61370,0.1334925518798828,False,2026-10-02 20:14:37+00:00,SPY261016P00750000
SPY,2026-10-03,769.64,2026-10-16,P,751.0,1.78,1.8,1.79,330.0,3499,0.13190565368652346,False,2026-10-02 20:14:06+00:00,SPY261016P00751000
SPY,2026-10-03,769.64,2026-10-16,P,752.0,1.9,1.92,1.9,779.0,7936,0.13031875549316402,False,2026-10-02 20:04:30+00:00,SPY261016P00752000
SPY,2026-10-03,769.64,2026-10-16,P,753.0,2.02,2.05,2.04,891.0,31559,0.1288234091186523,False,2026-10-02 20:14:58+00:00,SPY261016P00753000
SPY,2026-10-03,769.64,2026-10-16,P,754.0,2.16,2.18,2.2,858.0,3188,0.12708392456054687,False,2026-10-02 20:13:13+00:00,SPY261016P00754000
SPY,2026-10-03,769.64,2026-10-16,P,755.0,2.3,2.32,2.35,6836.0,24743,0.12537495727539064,False,2026-10-02 20:12:56+00:00,SPY261016P00755000
SPY,2026-10-03,769.64,2026-10-16,P,756.0,2.46,2.49,2.49,1070.0,2666,0.12406271453857423,False,2026-10-02 20:14:49+00:00,SPY261016P00756000
SPY,2026-10-03,769.64,2026-10-16,P,757.0,2.63,2.65,2.68,1746.0,27639,0.12232322998046877,False,2026-10-02 20:00:56+00:00,SPY261016P00757000
SPY,2026-10-03,769.64,2026-10-16,P,758.0,2.81,2.84,2.86,1301.0,5336,0.1209194354248047,False,2026-10-02 20:10:27+00:00,SPY261016P00758000
SPY,2026-10-03,769.64,2026-10-16,P,759.0,3.0,3.03,3.21,4856.0,4983,0.11927150268554687,False,2026-10-02 19:59:53+00:00,SPY261016P00759000
SPY,2026-10-03,769.64,2026-10-16,P,760.0,3.21,3.24,3.23,9911.0,24530,0.11774563903808594,False,2026-10-02 20:14:50+00:00,SPY261016P00760000
SPY,2026-10-03,769.64,2026-10-16,P,761.0,3.43,3.46,3.44,3616.0,3628,0.11609770629882812,False,2026-10-02 20:14:38+00:00,SPY261016P00761000
SPY,2026-10-03,769.64,2026-10-16,P,762.0,3.67,3.7,3.66,1556.0,3639,0.1145718426513672,False,2026-10-02 20:14:50+00:00,SPY261016P00762000
SPY,2026-10-03,769.64,2026-10-16,P,763.0,3.92,3.95,3.95,1466.0,3813,0.11286287536621094,False,2026-10-02 20:11:46+00:00,SPY261016P00763000
SPY,2026-10-03,769.64,2026-10-16,P,764.0,4.19,4.22,4.39,1488.0,2580,0.11124545989990234,False,2026-10-02 19:58:43+00:00,SPY261016P00764000
SPY,2026-10-03,769.64,2026-10-16,P,765.0,4.48,4.52,4.48,5800.0,17583,0.10981114807128906,False,2026-10-02 20:14:32+00:00,SPY261016P00765000
SPY,2026-10-03,769.64,2026-10-16,P,766.0,4.79,4.83,4.82,1049.0,5287,0.10816321533203124,False,2026-10-02 20:07:48+00:00,SPY261016P00766000
SPY,2026-10-03,769.64,2026-10-16,P,767.0,5.12,5.16,5.14,1503.0,7226,0.10651528259277344,False,2026-10-02 20:14:03+00:00,SPY261016P00767000
SPY,2026-10-03,769.64,2026-10-16,P,768.0,5.48,5.52,5.46,1426.0,15078,0.1049894189453125,False,2026-10-02 20:14:35+00:00,SPY261016P00768000
SPY,2026-10-03,769.64,2026-10-16,P,769.0,5.85,5.89,5.88,1694.0,3644,0.103249934387207,False,2026-10-02 20:11:11+00:00,SPY261016P00769000
SPY,2026-10-03,769.64,2026-10-16,P,770.0,6.26,6.3,6.25,8265.0,12014,0.10175458801269531,True,2026-10-02 20:14:35+00:00,SPY261016P00770000
SPY,2026-10-03,769.64,2026-10-16,P,771.0,6.68,6.73,6.67,1343.0,1952,0.10013717254638671,True,2026-10-02 20:14:41+00:00,SPY261016P00771000
SPY,2026-10-03,769.64,2026-10-16,P,772.0,7.14,7.18,7.2,2021.0,3015,0.09842820526123047,True,2026-10-02 20:07:48+00:00,SPY261016P00772000
SPY,2026-10-03,769.64,2026-10-16,P,773.0,7.62,7.67,7.73,323.0,1951,0.09687182434082033,True,2026-10-02 20:03:39+00:00,SPY261016P00773000
SPY,2026-10-03,769.64,2026-10-16,P,774.0,8.04,8.25,8.1,667.0,2963,0.09641406524658203,True,2026-10-02 20:06:24+00:00,SPY261016P00774000
SPY,2026-10-03,769.64,2026-10-16,P,775.0,8.6,8.76,8.7,1636.0,7465,0.09418630432128906,True,2026-10-02 20:14:55+00:00,SPY261016P00775000
SPY,2026-10-03,769.64,2026-10-16,P,776.0,9.14,9.44,9.25,1567.0,1453,0.09452199432373048,True,2026-10-02 20:06:36+00:00,SPY261016P00776000
SPY,2026-10-03,769.64,2026-10-16,P,777.0,9.74,10.06,10.25,1613.0,1395,0.09324026885986328,True,2026-10-02 19:25:31+00:00,SPY261016P00777000
SPY,2026-10-03,769.64,2026-10-16,P,778.0,10.35,10.6,11.49,678.0,873,0.08979181701660156,True,2026-10-02 18:40:08+00:00,SPY261016P00778000
SPY,2026-10-03,769.64,2026-10-16,P,779.0,10.99,11.34,11.62,573.0,928,0.08966974792480469,True,2026-10-02 19:30:28+00:00,SPY261016P00779000
SPY,2026-10-03,769.64,2026-10-16,P,780.0,11.66,11.94,11.9,996.0,4791,0.08594664062500001,True,2026-10-02 20:09:51+00:00,SPY261016P00780000
SPY,2026-10-03,769.64,2026-10-16,P,781.0,12.4,12.76,13.24,415.0,515,0.08643491699218751,True,2026-10-02 19:17:18+00:00,SPY261016P00781000
SPY,2026-10-03,769.64,2026-10-16,P,782.0,12.99,13.57,13.76,233.0,248,0.08619077880859377,True,2026-10-02 16:40:00+00:00,SPY261016P00782000
SPY,2026-10-03,769.64,2026-10-16,P,783.0,13.8,14.22,14.12,4.0,283,0.08075870422363281,True,2026-10-02 19:38:33+00:00,SPY261016P00783000
SPY,2026-10-03,769.64,2026-10-16,P,784.0,14.51,15.14,13.74,3.0,218,0.08228456787109376,True,2026-10-02 14:51:08+00:00,SPY261016P00784000
SPY,2026-10-03,769.64,2026-10-16,P,785.0,15.54,15.78,15.76,219.0,7160,0.0729462823486328,True,2026-10-02 20:06:56+00:00,SPY261016P00785000
SPY,2026-10-03,769.64,2026-10-16,P,786.0,16.17,16.81,17.62,2.0,117,0.07776801147460938,True,2026-10-02 18:32:19+00:00,SPY261016P00786000
SPY,2026-10-03,769.64,2026-10-16,P,787.0,16.14,18.7,18.56,4.0,89,0.1110318389892578,True,2026-10-02 15:10:38+00:00,SPY261016P00787000
SPY,2026-10-03,769.64,2026-10-16,P,788.0,17.02,19.57,19.3,5.0,12,0.11145908081054687,True,2026-10-02 15:48:03+00:00,SPY261016P00788000
SPY,2026-10-03,769.64,2026-10-16,P,789.0,17.91,20.49,17.72,2.0,0,0.11304597900390626,True,2026-10-02 14:36:28+00:00,SPY261016P00789000
SPY,2026-10-03,769.64,2026-10-16,P,790.0,19.2,21.41,19.29,1.0,516,0.11444977355957033,True,2026-10-02 14:06:01+00:00,SPY261016P00790000
SPY,2026-10-03,769.64,2026-10-16,P,791.0,19.78,22.35,22.44,5.0,5,0.11628080993652344,True,2026-09-30 16:46:44+00:00,SPY261016P00791000
SPY,2026-10-03,769.64,2026-10-16,P,792.0,20.72,23.3,28.24,100.0,3,0.11829494995117187,True,2026-09-29 18:21:21+00:00,SPY261016P00792000
SPY,2026-10-03,769.64,2026-10-16,P,793.0,21.69,24.27,29.2,100.0,0,0.12098046997070314,True,2026-09-29 18:21:21+00:00,SPY261016P00793000
SPY,2026-10-03,769.64,2026-10-16,P,794.0,22.64,25.25,28.12,1.0,0,0.12391012817382813,True,2026-09-28 14:43:58+00:00,SPY261016P00794000
SPY,2026-10-03,769.64,2026-10-16,P,795.0,23.65,26.24,30.69,4.0,10,0.1271449591064453,True,2026-09-29 19:54:47+00:00,SPY261016P00795000
SPY,2026-10-03,769.64,2026-10-16,P,796.0,24.62,27.24,26.64,180.0,1,0.1307459973144531,True,2026-09-25 15:58:42+00:00,SPY261016P00796000
SPY,2026-10-03,769.64,2026-10-16,P,797.0,25.62,28.24,28.02,42.0,0,0.13428600097656251,True,2026-09-25 15:57:23+00:00,SPY261016P00797000
SPY,2026-10-03,769.64,2026-10-16,P,798.0,26.61,29.24,29.01,36.0,0,0.1378260046386719,True,2026-09-25 15:57:23+00:00,SPY261016P00798000
SPY,2026-10-03,769.64,2026-10-16,P,799.0,27.62,30.24,31.25,2.0,0,0.14136600830078128,True,2026-09-28 16:24:40+00:00,SPY261016P00799000
SPY,2026-10-03,769.64,2026-10-16,P,800.0,29.0,31.24,29.49,16.0,534,0.14478394287109375,True,2026-10-02 13:30:01+00:00,SPY261016P00800000
SPY,2026-10-03,769.64,2026-10-16,P,802.0,30.61,33.24,34.26,2.0,0,0.15174188110351564,True,2026-09-28 16:24:40+00:00,SPY261016P00802000
SPY,2026-10-03,769.64,2026-10-16,P,803.0,31.64,34.24,35.26,2.0,0,0.15515981567382814,True,2026-09-28 16:24:40+00:00,SPY261016P00803000
SPY,2026-10-03,769.64,2026-10-16,P,804.0,32.61,35.24,36.26,2.0,0,0.15857775024414064,True,2026-09-28 16:24:40+00:00,SPY261016P00804000
SPY,2026-10-03,769.64,2026-10-16,P,805.0,33.61,36.24,33.66,16.0,1,0.1619346502685547,True,2026-09-25 16:44:23+00:00,SPY261016P00805000
SPY,2026-10-03,769.64,2026-10-16,P,806.0,34.61,37.23,34.79,3.0,0,0.1648643084716797,True,2026-09-25 16:37:10+00:00,SPY261016P00806000
SPY,2026-10-03,769.64,2026-10-16,P,807.0,35.61,38.23,35.8,4.0,0,0.1682212084960938,True,2026-09-25 17:15:44+00:00,SPY261016P00807000
SPY,2026-10-03,769.64,2026-10-16,P,810.0,38.64,41.24,40.45,2.0,22,0.17859708129882812,True,2026-10-02 19:44:22+00:00,SPY261016P00810000
SPY,2026-10-03,769.64,2026-10-16,P,815.0,43.64,46.24,50.63,1.0,2,0.19477123596191404,True,2026-10-01 20:12:59+00:00,SPY261016P00815000
SPY,2026-10-03,769.64,2026-10-16,P,820.0,48.64,51.24,52.36,1.0,0,0.21057918334960937,True,2026-09-28 14:15:59+00:00,SPY261016P00820000
SPY,2026-10-03,769.64,2026-10-16,P,825.0,53.64,56.24,50.74,1.0,0,0.2260819580078125,True,2026-09-22 14:16:15+00:00,SPY261016P00825000
SPY,2026-10-03,769.64,2026-10-16,P,830.0,58.62,61.23,65.31,8.0,17,0.24073024902343748,True,2026-10-01 19:44:44+00:00,SPY261016P00830000
SPY,2026-10-03,769.64,2026-10-16,P,835.0,63.64,66.23,73.56,4.0,0,0.2556226782226563,True,2026-09-14 16:57:46+00:00,SPY261016P00835000
SPY,2026-10-03,769.64,2026-10-16,P,840.0,68.63,71.24,72.35,1.0,0,0.2708813146972656,True,2026-09-28 14:19:32+00:00,SPY261016P00840000
SPY,2026-10-03,769.64,2026-10-16,P,845.0,73.61,76.24,77.08,2.0,0,0.2854075366210937,True,2026-09-23 19:49:42+00:00,SPY261016P00845000
SPY,2026-10-03,769.64,2026-10-16,P,850.0,78.61,81.24,80.09,4.0,14,0.2995675512695312,True,2026-10-02 19:47:34+00:00,SPY261016P00850000
SPY,2026-10-03,769.64,2026-10-16,P,855.0,83.63,86.23,85.11,4.0,0,0.31287308227539057,True,2026-10-02 19:47:34+00:00,SPY261016P00855000
SPY,2026-10-03,769.64,2026-10-16,P,860.0,88.63,91.24,100.0,1.0,0,0.32739930419921875,True,2026-09-18 14:11:49+00:00,SPY261016P00860000
SPY,2026-10-03,769.64,2026-10-16,P,865.0,0.0,0.0,99.46,1.0,0,1.0000000000000003e-05,True,2026-08-20 14:19:47+00:00,SPY261016P00865000
SPY,2026-10-03,769.64,2026-10-16,P,870.0,98.64,101.23,108.55,,0,0.3537662280273437,True,2026-09-14 16:59:30+00:00,SPY261016P00870000
SPY,2026-10-03,769.64,2026-10-16,P,875.0,103.63,106.24,113.44,,0,0.3676821044921875,True,2026-09-14 17:01:16+00:00,SPY261016P00875000
SPY,2026-10-03,769.64,2026-10-16,P,880.0,108.61,111.23,110.22,33.0,91,0.3800110827636719,True,2026-10-02 20:00:03+00:00,SPY261016P00880000
SPY,2026-10-03,769.64,2026-10-16,P,890.0,118.63,121.24,128.43,,0,0.4066221447753906,True,2026-09-14 17:01:16+00:00,SPY261016P00890000
SPY,2026-10-03,769.64,2026-10-16,P,895.0,123.63,126.24,133.43,4.0,0,0.41919526123046874,True,2026-09-14 17:01:17+00:00,SPY261016P00895000
SPY,2026-10-03,769.64,2026-10-16,P,925.0,153.61,156.24,163.51,,0,0.4924367163085938,True,2026-09-14 16:59:31+00:00,SPY261016P00925000
SPY,2026-10-03,769.64,2026-10-16,P,930.0,158.61,161.24,164.9,,0,0.5041553491210937,True,2026-09-02 19:18:14+00:00,SPY261016P00930000
SPY,2026-10-03,769.64,2026-10-16,P,935.0,163.64,166.24,173.4,,0,0.5158739819335938,True,2026-09-14 17:01:16+00:00,SPY261016P00935000
SPY,2026-10-03,769.64,2026-10-16,P,940.0,168.61,171.24,178.5,,0,0.5273484765625001,True,2026-09-14 16:59:21+00:00,SPY261016P00940000
SPY,2026-10-03,769.64,2026-10-16,P,945.0,173.64,176.24,183.5,,0,0.5388229711914063,True,2026-09-14 16:59:29+00:00,SPY261016P00945000
SPY,2026-10-03,769.64,2026-10-16,P,950.0,178.64,181.23,188.5,,0,0.5491988439941409,True,2026-09-14 16:59:20+00:00,SPY261016P00950000
SPY,2026-10-03,769.64,2026-10-16,P,960.0,188.64,191.24,198.49,,0,0.5725140405273439,True,2026-09-14 16:59:31+00:00,SPY261016P00960000
SPY,2026-10-03,769.64,2026-10-16,P,970.0,198.63,201.24,208.58,,0,0.5946085461425781,True,2026-09-14 16:59:02+00:00,SPY261016P00970000
SPY,2026-10-03,769.64,2026-10-16,P,985.0,213.63,216.24,223.47,,0,0.6269568554687501,True,2026-09-14 16:59:29+00:00,SPY261016P00985000
SPY,2026-10-03,769.64,2026-10-16,P,990.0,218.64,221.24,216.29,2.0,0,0.6374547973632813,True,2026-09-22 15:06:28+00:00,SPY261016P00990000
SPY,2026-10-03,769.64,2026-10-16,P,1000.0,259.32,262.51,250.79,,0,1.5950032456970213,True,2026-06-22 14:16:54+00:00,SPY261016P01000000
SPY,2026-10-03,769.64,2026-10-23,C,500.0,269.92,272.53,270.22,1.0,25,0.9498296032714844,True,2026-10-02 18:09:50+00:00,SPY261023C00500000
SPY,2026-10-03,769.64,2026-10-23,C,510.0,259.95,262.55,254.24,1.0,1,0.9143074975585939,True,2026-09-29 17:05:12+00:00,SPY261023C00510000
SPY,2026-10-03,769.64,2026-10-23,C,515.0,254.96,257.58,244.5,,1,0.8974619628906249,True,2026-09-10 17:53:11+00:00,SPY261023C00515000
SPY,2026-10-03,769.64,2026-10-23,C,520.0,249.98,252.59,237.87,,4,0.8801281518554687,True,2026-09-15 15:30:53+00:00,SPY261023C00520000
SPY,2026-10-03,769.64,2026-10-23,C,525.0,244.99,247.63,246.04,,1,0.8640150317382812,True,2026-09-23 15:36:58+00:00,SPY261023C00525000
SPY,2026-10-03,769.64,2026-10-23,C,530.0,240.01,242.6,239.24,1.0,9,0.8450943225097656,True,2026-09-21 13:47:00+00:00,SPY261023C00530000
SPY,2026-10-03,769.64,2026-10-23,C,535.0,235.02,237.63,223.52,,1,0.8286149951171874,True,2026-09-15 14:26:45+00:00,SPY261023C00535000
SPY,2026-10-03,769.64,2026-10-23,C,540.0,230.04,232.63,229.23,1.0,49,0.8112811840820311,True,2026-09-21 13:47:00+00:00,SPY261023C00540000
SPY,2026-10-03,769.64,2026-10-23,C,550.0,220.07,222.68,219.68,1.0,5,0.7785666674804688,True,2026-09-24 18:28:37+00:00,SPY261023C00550000
SPY,2026-10-03,769.64,2026-10-23,C,555.0,215.08,217.73,199.94,,1,0.7630638928222657,True,2026-09-16 19:55:28+00:00,SPY261023C00555000
SPY,2026-10-03,769.64,2026-10-23,C,575.0,195.15,197.75,198.03,1.0,1,0.6959258923339844,True,2026-09-25 17:29:38+00:00,SPY261023C00575000
SPY,2026-10-03,769.64,2026-10-23,C,580.0,190.17,192.78,186.39,,1,0.6803010485839844,True,2026-09-11 13:34:31+00:00,SPY261023C00580000
SPY,2026-10-03,769.64,2026-10-23,C,585.0,185.19,187.78,177.01,,1,0.6636996520996095,True,2026-09-17 13:41:46+00:00,SPY261023C00585000
SPY,2026-10-03,769.64,2026-10-23,C,590.0,180.21,182.82,172.87,,10,0.648441015625,True,2026-09-17 14:30:43+00:00,SPY261023C00590000
SPY,2026-10-03,769.64,2026-10-23,C,595.0,175.23,177.84,169.81,1.0,1,0.6325720336914062,True,2026-09-29 17:53:53+00:00,SPY261023C00595000
SPY,2026-10-03,769.64,2026-10-23,C,600.0,170.25,172.84,169.82,1.0,3,0.6160927062988282,True,2026-09-30 14:31:29+00:00,SPY261023C00600000
SPY,2026-10-03,769.64,2026-10-23,C,605.0,165.27,167.88,160.15,1.0,1,0.6009561389160158,True,2026-09-29 17:33:32+00:00,SPY261023C00605000
SPY,2026-10-03,769.64,2026-10-23,C,615.0,155.31,157.9,154.8,3.0,3,0.5688519677734375,True,2026-09-21 13:45:37+00:00,SPY261023C00615000
SPY,2026-10-03,769.64,2026-10-23,C,620.0,150.33,152.94,142.33,4.0,2,0.5535933312988282,True,2026-09-18 14:02:56+00:00,SPY261023C00620000
SPY,2026-10-03,769.64,2026-10-23,C,625.0,145.35,147.95,143.31,2.0,4,0.5376022802734376,True,2026-09-28 19:12:02+00:00,SPY261023C00625000
SPY,2026-10-03,769.64,2026-10-23,C,630.0,140.37,142.99,146.44,2.0,20,0.5224657128906249,True,2026-09-21 20:00:19+00:00,SPY261023C00630000
SPY,2026-10-03,769.64,2026-10-23,C,635.0,135.4,138.0,128.93,,15,0.5067188000488281,True,2026-09-17 17:14:07+00:00,SPY261023C00635000
SPY,2026-10-03,769.64,2026-10-23,C,640.0,130.43,133.04,124.0,,0,0.5497481549072267,True,2026-09-17 17:14:58+00:00,SPY261023C00640000
SPY,2026-10-03,769.64,2026-10-23,C,645.0,125.45,128.05,121.1,1.0,2,0.5319871020507813,True,2026-09-18 20:13:49+00:00,SPY261023C00645000
SPY,2026-10-03,769.64,2026-10-23,C,650.0,120.48,123.09,120.85,2.0,5,0.5155077746582031,True,2026-10-02 17:49:26+00:00,SPY261023C00650000
SPY,2026-10-03,769.64,2026-10-23,C,655.0,115.51,118.11,112.77,1.0,23,0.4981739636230469,True,2026-09-28 15:39:06+00:00,SPY261023C00655000
SPY,2026-10-03,769.64,2026-10-23,C,660.0,110.54,113.16,104.28,,12,0.48187773986816407,True,2026-09-17 17:13:06+00:00,SPY261023C00660000
SPY,2026-10-03,769.64,2026-10-23,C,670.0,100.6,103.2,99.01,1.0,9,0.4470880487060547,True,2026-09-30 19:13:43+00:00,SPY261023C00670000
SPY,2026-10-03,769.64,2026-10-23,C,675.0,95.64,98.24,95.01,2.0,25,0.43030354858398445,True,2026-09-28 17:50:03+00:00,SPY261023C00675000
SPY,2026-10-03,769.64,2026-10-23,C,680.0,90.68,93.31,90.09,5.0,26,0.4143735321044921,True,2026-09-28 17:50:23+00:00,SPY261023C00680000
SPY,2026-10-03,769.64,2026-10-23,C,685.0,85.72,88.36,84.3,1.0,6,0.39771110107421875,True,2026-09-24 14:08:31+00:00,SPY261023C00685000
SPY,2026-10-03,769.64,2026-10-23,C,690.0,80.76,83.39,77.08,40.0,5,0.38031625549316406,True,2026-09-30 19:54:31+00:00,SPY261023C00690000
SPY,2026-10-03,769.64,2026-10-23,C,695.0,75.81,78.43,70.98,1.0,20,0.36310451354980466,True,2026-10-01 13:56:07+00:00,SPY261023C00695000
SPY,2026-10-03,769.64,2026-10-23,C,700.0,70.88,73.52,63.93,5.0,52,0.347113462524414,True,2026-10-01 14:03:30+00:00,SPY261023C00700000
SPY,2026-10-03,769.64,2026-10-23,C,705.0,65.95,68.59,69.0,1.0,47,0.3303289624023437,True,2026-10-01 19:44:42+00:00,SPY261023C00705000
SPY,2026-10-03,769.64,2026-10-23,C,710.0,61.03,63.68,52.31,1.0,18,0.3138496350097656,True,2026-10-01 15:03:17+00:00,SPY261023C00710000
SPY,2026-10-03,769.64,2026-10-23,C,715.0,56.13,58.74,53.21,2.0,14,0.2962716857910156,True,2026-09-30 19:53:58+00:00,SPY261023C00715000
SPY,2026-10-03,769.64,2026-10-23,C,720.0,51.26,53.52,45.37,16.0,177,0.271918901977539,True,2026-10-01 14:45:20+00:00,SPY261023C00720000
SPY,2026-10-03,769.64,2026-10-23,C,721.0,50.29,52.93,46.99,1.0,10,0.2775951147460937,True,2026-10-01 17:43:51+00:00,SPY261023C00721000
SPY,2026-10-03,769.64,2026-10-23,C,722.0,49.32,51.98,46.57,2.0,4,0.2747875256347656,True,2026-09-30 19:53:58+00:00,SPY261023C00722000
SPY,2026-10-03,769.64,2026-10-23,C,723.0,48.35,51.0,45.62,2.0,13,0.2713085565185547,True,2026-09-30 19:53:58+00:00,SPY261023C00723000
SPY,2026-10-03,769.64,2026-10-23,C,725.0,46.43,48.66,46.31,7.0,114,0.25592785095214843,True,2026-10-02 14:02:37+00:00,SPY261023C00725000
SPY,2026-10-03,769.64,2026-10-23,C,726.0,45.46,48.11,42.8,40.0,6,0.26187871917724614,True,2026-09-30 19:53:47+00:00,SPY261023C00726000
SPY,2026-10-03,769.64,2026-10-23,C,727.0,44.5,46.77,42.84,2.0,186,0.2505568109130859,True,2026-09-28 19:37:25+00:00,SPY261023C00727000
SPY,2026-10-03,769.64,2026-10-23,C,728.0,43.54,46.2,39.8,1.0,51,0.25580578186035163,True,2026-09-29 16:32:30+00:00,SPY261023C00728000
SPY,2026-10-03,769.64,2026-10-23,C,729.0,42.59,45.22,38.41,3.0,8,0.25220474365234374,True,2026-10-01 18:22:49+00:00,SPY261023C00729000
SPY,2026-10-03,769.64,2026-10-23,C,730.0,41.64,44.29,42.39,1.0,81,0.24961077545166016,True,2026-10-02 19:00:36+00:00,SPY261023C00730000
SPY,2026-10-03,769.64,2026-10-23,C,732.0,39.73,42.37,38.56,1.0,30,0.24311059631347653,True,2026-09-28 16:16:01+00:00,SPY261023C00732000
SPY,2026-10-03,769.64,2026-10-23,C,733.0,38.79,41.44,36.31,2.0,13,0.24039455902099605,True,2026-09-30 19:53:03+00:00,SPY261023C00733000
SPY,2026-10-03,769.64,2026-10-23,C,734.0,37.85,40.5,38.6,6.0,9,0.23743438354492186,True,2026-09-30 15:24:37+00:00,SPY261023C00734000
SPY,2026-10-03,769.64,2026-10-23,C,735.0,36.91,39.56,39.84,1.0,141,0.23447420806884767,True,2026-10-02 13:49:57+00:00,SPY261023C00735000
SPY,2026-10-03,769.64,2026-10-23,C,736.0,37.04,37.55,33.8,1.0,26,0.21021297607421874,True,2026-09-29 14:59:30+00:00,SPY261023C00736000
SPY,2026-10-03,769.64,2026-10-23,C,737.0,36.1,36.64,32.79,2.0,15,0.20801573242187496,True,2026-09-30 19:52:24+00:00,SPY261023C00737000
SPY,2026-10-03,769.64,2026-10-23,C,739.0,34.25,34.78,28.03,2.0,10,0.2026752096557617,True,2026-10-01 14:08:46+00:00,SPY261023C00739000
SPY,2026-10-03,769.64,2026-10-23,C,740.0,33.33,33.85,32.6,3.0,173,0.19992865509033203,True,2026-10-02 17:40:36+00:00,SPY261023C00740000
SPY,2026-10-03,769.64,2026-10-23,C,741.0,32.41,32.94,25.32,1.0,6,0.19751779052734375,True,2026-10-01 15:05:00+00:00,SPY261023C00741000
SPY,2026-10-03,769.64,2026-10-23,C,742.0,31.5,32.01,29.82,5.0,118,0.19464916687011719,True,2026-09-30 19:06:08+00:00,SPY261023C00742000
SPY,2026-10-03,769.64,2026-10-23,C,743.0,30.59,31.1,23.96,1.0,9,0.19211623321533206,True,2026-10-01 14:06:51+00:00,SPY261023C00743000
SPY,2026-10-03,769.64,2026-10-23,C,744.0,29.69,30.2,22.28,24.0,35,0.18967485137939455,True,2026-10-01 15:10:37+00:00,SPY261023C00744000
SPY,2026-10-03,769.64,2026-10-23,C,745.0,28.79,29.29,24.75,84.0,145,0.1870198486328125,True,2026-10-01 17:27:36+00:00,SPY261023C00745000
SPY,2026-10-03,769.64,2026-10-23,C,746.0,26.83,28.38,27.52,13.0,70,0.1842732940673828,True,2026-10-02 18:58:22+00:00,SPY261023C00746000
SPY,2026-10-03,769.64,2026-10-23,C,747.0,25.94,27.51,25.6,1.0,64,0.1821370849609375,True,2026-09-30 13:41:46+00:00,SPY261023C00747000
SPY,2026-10-03,769.64,2026-10-23,C,748.0,25.07,26.62,20.02,1.0,58,0.17960415130615232,True,2026-10-01 14:06:51+00:00,SPY261023C00748000
SPY,2026-10-03,769.64,2026-10-23,C,749.0,24.22,25.74,22.0,5.0,38,0.1771322521972656,True,2026-10-01 17:33:02+00:00,SPY261023C00749000
SPY,2026-10-03,769.64,2026-10-23,C,750.0,23.32,24.85,24.41,707.0,1540,0.1744162149047852,True,2026-10-02 17:06:49+00:00,SPY261023C00750000
SPY,2026-10-03,769.64,2026-10-23,C,751.0,23.54,24.0,20.79,5.0,350,0.17228000579833985,True,2026-09-30 19:54:27+00:00,SPY261023C00751000
SPY,2026-10-03,769.64,2026-10-23,C,752.0,22.74,23.05,22.51,12.0,343,0.16843482940673832,True,2026-10-02 19:33:31+00:00,SPY261023C00752000
SPY,2026-10-03,769.64,2026-10-23,C,753.0,21.85,22.28,22.01,1.0,101,0.16739724212646484,True,2026-10-02 19:38:49+00:00,SPY261023C00753000
SPY,2026-10-03,769.64,2026-10-23,C,754.0,21.02,21.45,21.91,3.0,191,0.16526103302001954,True,2026-10-02 13:58:20+00:00,SPY261023C00754000
SPY,2026-10-03,769.64,2026-10-23,C,755.0,20.2,20.62,22.5,3.0,132,0.16303327209472657,True,2026-10-02 14:28:49+00:00,SPY261023C00755000
SPY,2026-10-03,769.64,2026-10-23,C,756.0,19.38,19.82,20.51,5.0,49,0.1611106838989258,True,2026-10-01 19:36:18+00:00,SPY261023C00756000
SPY,2026-10-03,769.64,2026-10-23,C,757.0,18.58,19.02,20.18,1.0,280,0.15909654388427735,True,2026-10-01 18:48:01+00:00,SPY261023C00757000
SPY,2026-10-03,769.64,2026-10-23,C,758.0,17.79,18.17,19.35,18.0,314,0.15619740295410156,True,2026-10-01 17:38:42+00:00,SPY261023C00758000
SPY,2026-10-03,769.64,2026-10-23,C,759.0,17.0,17.44,14.1,662.0,710,0.1549461947631836,True,2026-10-01 19:55:46+00:00,SPY261023C00759000
SPY,2026-10-03,769.64,2026-10-23,C,760.0,16.24,16.61,16.22,834.0,2121,0.15207757110595704,True,2026-10-02 19:57:57+00:00,SPY261023C00760000
SPY,2026-10-03,769.64,2026-10-23,C,761.0,15.47,15.91,15.45,28.0,539,0.150948432006836,True,2026-10-02 19:57:57+00:00,SPY261023C00761000
SPY,2026-10-03,769.64,2026-10-23,C,762.0,14.8,15.07,14.86,29.0,353,0.14768308380126954,True,2026-10-02 17:21:05+00:00,SPY261023C00762000
SPY,2026-10-03,769.64,2026-10-23,C,763.0,14.04,14.34,14.16,70.0,552,0.14579101287841795,True,2026-10-02 19:39:42+00:00,SPY261023C00763000
SPY,2026-10-03,769.64,2026-10-23,C,764.0,13.32,13.61,13.4,47.0,459,0.1437616142272949,True,2026-10-02 20:12:59+00:00,SPY261023C00764000
SPY,2026-10-03,769.64,2026-10-23,C,765.0,12.71,12.92,12.7,630.0,2540,0.1420984228515625,True,2026-10-02 20:12:59+00:00,SPY261023C00765000
SPY,2026-10-03,769.64,2026-10-23,C,766.0,11.96,12.3,12.0,54.0,1038,0.1412286805725098,True,2026-10-02 20:12:59+00:00,SPY261023C00766000
SPY,2026-10-03,769.64,2026-10-23,C,767.0,11.26,11.54,11.1,278.0,710,0.13823798782348634,True,2026-10-02 18:56:12+00:00,SPY261023C00767000
SPY,2026-10-03,769.64,2026-10-23,C,768.0,10.64,10.88,10.66,459.0,2249,0.1364222100830078,True,2026-10-02 20:13:50+00:00,SPY261023C00768000
SPY,2026-10-03,769.64,2026-10-23,C,769.0,10.0,10.24,10.14,427.0,805,0.13468272552490235,True,2026-10-02 20:14:42+00:00,SPY261023C00769000
SPY,2026-10-03,769.64,2026-10-23,C,770.0,9.5,9.56,9.56,1480.0,2685,0.13218030914306644,False,2026-10-02 20:14:33+00:00,SPY261023C00770000
SPY,2026-10-03,769.64,2026-10-23,C,771.0,8.91,8.95,8.72,583.0,1403,0.1304103073120117,False,2026-10-02 19:57:31+00:00,SPY261023C00771000
SPY,2026-10-03,769.64,2026-10-23,C,772.0,8.34,8.38,8.23,1146.0,1637,0.12894547821044922,False,2026-10-02 20:01:47+00:00,SPY261023C00772000
SPY,2026-10-03,769.64,2026-10-23,C,773.0,7.78,7.83,7.73,1689.0,808,0.1275416836547852,False,2026-10-02 20:09:08+00:00,SPY261023C00773000
SPY,2026-10-03,769.64,2026-10-23,C,774.0,7.25,7.29,7.23,368.0,923,0.1260158200073242,False,2026-10-02 20:06:03+00:00,SPY261023C00774000
SPY,2026-10-03,769.64,2026-10-23,C,775.0,6.74,6.78,6.76,1028.0,2351,0.12464254272460937,False,2026-10-02 20:14:00+00:00,SPY261023C00775000
SPY,2026-10-03,769.64,2026-10-23,C,776.0,6.25,6.29,6.21,433.0,1346,0.12329978271484376,False,2026-10-02 20:12:21+00:00,SPY261023C00776000
SPY,2026-10-03,769.64,2026-10-23,C,777.0,5.79,5.82,5.8,279.0,795,0.12195702270507813,False,2026-10-02 20:13:50+00:00,SPY261023C00777000
SPY,2026-10-03,769.64,2026-10-23,C,778.0,5.35,5.38,5.34,326.0,620,0.12079736633300782,False,2026-10-02 20:13:03+00:00,SPY261023C00778000
SPY,2026-10-03,769.64,2026-10-23,C,779.0,4.92,4.95,4.85,933.0,981,0.1194851235961914,False,2026-10-02 20:02:03+00:00,SPY261023C00779000
SPY,2026-10-03,769.64,2026-10-23,C,780.0,4.53,4.55,4.53,929.0,1474,0.1183254672241211,False,2026-10-02 20:14:56+00:00,SPY261023C00780000
SPY,2026-10-03,769.64,2026-10-23,C,781.0,4.15,4.18,4.07,564.0,1230,0.1173489144897461,False,2026-10-02 19:36:22+00:00,SPY261023C00781000
SPY,2026-10-03,769.64,2026-10-23,C,782.0,3.8,3.82,3.77,248.0,840,0.116219775390625,False,2026-10-02 20:06:55+00:00,SPY261023C00782000
SPY,2026-10-03,769.64,2026-10-23,C,783.0,3.47,3.49,3.45,191.0,935,0.11524322265625,False,2026-10-02 20:11:50+00:00,SPY261023C00783000
SPY,2026-10-03,769.64,2026-10-23,C,784.0,3.16,3.18,3.14,154.0,1102,0.11432770446777345,False,2026-10-02 20:11:50+00:00,SPY261023C00784000
SPY,2026-10-03,769.64,2026-10-23,C,785.0,2.87,2.89,2.8,707.0,1302,0.11341218627929686,False,2026-10-02 20:02:12+00:00,SPY261023C00785000
SPY,2026-10-03,769.64,2026-10-23,C,786.0,2.6,2.62,2.61,274.0,1473,0.11255770263671874,False,2026-10-02 20:13:55+00:00,SPY261023C00786000
SPY,2026-10-03,769.64,2026-10-23,C,787.0,2.34,2.37,2.31,213.0,767,0.11176425354003905,False,2026-10-02 20:00:18+00:00,SPY261023C00787000
SPY,2026-10-03,769.64,2026-10-23,C,788.0,2.12,2.14,2.14,313.0,914,0.1110318389892578,False,2026-10-02 20:13:45+00:00,SPY261023C00788000
SPY,2026-10-03,769.64,2026-10-23,C,789.0,1.91,1.93,1.92,354.0,1437,0.11036045898437499,False,2026-10-02 20:13:26+00:00,SPY261023C00789000
SPY,2026-10-03,769.64,2026-10-23,C,790.0,1.72,1.74,1.66,2155.0,3262,0.10981114807128906,False,2026-10-02 20:03:30+00:00,SPY261023C00790000
SPY,2026-10-03,769.64,2026-10-23,C,791.0,1.55,1.56,1.49,264.0,1044,0.10913976806640624,False,2026-10-02 20:01:12+00:00,SPY261023C00791000
SPY,2026-10-03,769.64,2026-10-23,C,792.0,1.38,1.4,1.36,105.0,629,0.10865149169921876,False,2026-10-02 20:07:31+00:00,SPY261023C00792000
SPY,2026-10-03,769.64,2026-10-23,C,793.0,1.24,1.25,1.23,139.0,750,0.1081021807861328,False,2026-10-02 20:10:28+00:00,SPY261023C00793000
SPY,2026-10-03,769.64,2026-10-23,C,794.0,1.1,1.12,1.08,196.0,709,0.1077359735107422,False,2026-10-02 20:06:18+00:00,SPY261023C00794000
SPY,2026-10-03,769.64,2026-10-23,C,795.0,0.99,1.0,0.97,12826.0,2306,0.10736976623535156,False,2026-10-02 20:11:43+00:00,SPY261023C00795000
SPY,2026-10-03,769.64,2026-10-23,C,796.0,0.88,0.89,0.84,185.0,871,0.1069425244140625,False,2026-10-02 19:00:02+00:00,SPY261023C00796000
SPY,2026-10-03,769.64,2026-10-23,C,797.0,0.78,0.8,0.78,75.0,1416,0.10688148986816406,False,2026-10-02 20:07:31+00:00,SPY261023C00797000
SPY,2026-10-03,769.64,2026-10-23,C,798.0,0.7,0.71,0.71,217.0,1277,0.10657631713867188,False,2026-10-02 20:12:38+00:00,SPY261023C00798000
SPY,2026-10-03,769.64,2026-10-23,C,799.0,0.62,0.64,0.6,533.0,1351,0.10669838623046876,False,2026-10-02 19:34:41+00:00,SPY261023C00799000
SPY,2026-10-03,769.64,2026-10-23,C,800.0,0.55,0.57,0.54,1253.0,7423,0.10657631713867188,False,2026-10-02 19:36:20+00:00,SPY261023C00800000
SPY,2026-10-03,769.64,2026-10-23,C,801.0,0.49,0.51,0.49,76.0,898,0.10657631713867188,False,2026-10-02 20:04:58+00:00,SPY261023C00801000
SPY,2026-10-03,769.64,2026-10-23,C,802.0,0.44,0.45,0.48,431.0,998,0.10633217895507813,False,2026-10-02 17:12:10+00:00,SPY261023C00802000
SPY,2026-10-03,769.64,2026-10-23,C,803.0,0.39,0.41,0.37,92.0,673,0.10682045532226564,False,2026-10-02 19:19:25+00:00,SPY261023C00803000
SPY,2026-10-03,769.64,2026-10-23,C,804.0,0.35,0.36,0.38,15.0,559,0.10657631713867188,False,2026-10-02 16:31:12+00:00,SPY261023C00804000
SPY,2026-10-03,769.64,2026-10-23,C,805.0,0.31,0.33,0.3,653.0,743,0.10718666259765625,False,2026-10-02 19:12:07+00:00,SPY261023C00805000
SPY,2026-10-03,769.64,2026-10-23,C,806.0,0.28,0.29,0.29,45.0,718,0.10706459350585937,False,2026-10-02 17:36:43+00:00,SPY261023C00806000
SPY,2026-10-03,769.64,2026-10-23,C,807.0,0.25,0.26,0.26,12.0,429,0.10718666259765625,False,2026-10-02 14:38:50+00:00,SPY261023C00807000
SPY,2026-10-03,769.64,2026-10-23,C,808.0,0.23,0.24,0.24,7.0,218,0.10804114624023436,False,2026-10-02 18:52:44+00:00,SPY261023C00808000
SPY,2026-10-03,769.64,2026-10-23,C,809.0,0.2,0.22,0.19,27.0,249,0.10865149169921876,False,2026-10-02 19:29:35+00:00,SPY261023C00809000
SPY,2026-10-03,769.64,2026-10-23,C,810.0,0.18,0.2,0.18,205.0,769,0.10913976806640624,False,2026-10-02 19:12:07+00:00,SPY261023C00810000
SPY,2026-10-03,769.64,2026-10-23,C,811.0,0.17,0.18,0.26,1.0,253,0.10962804443359375,False,2026-10-02 13:30:01+00:00,SPY261023C00811000
SPY,2026-10-03,769.64,2026-10-23,C,812.0,0.15,0.16,0.15,58.0,638,0.10962804443359375,False,2026-10-02 19:08:19+00:00,SPY261023C00812000
SPY,2026-10-03,769.64,2026-10-23,C,813.0,0.14,0.15,0.14,238.0,273,0.11060459716796875,False,2026-10-02 18:52:44+00:00,SPY261023C00813000
SPY,2026-10-03,769.64,2026-10-23,C,814.0,0.13,0.14,0.13,63.0,526,0.11158114990234375,False,2026-10-01 17:46:05+00:00,SPY261023C00814000
SPY,2026-10-03,769.64,2026-10-23,C,815.0,0.12,0.13,0.12,250.0,1199,0.11255770263671874,False,2026-10-02 19:16:19+00:00,SPY261023C00815000
SPY,2026-10-03,769.64,2026-10-23,C,816.0,0.11,0.12,0.12,239.0,518,0.1132901171875,False,2026-10-01 13:57:47+00:00,SPY261023C00816000
SPY,2026-10-03,769.64,2026-10-23,C,817.0,0.1,0.11,0.11,1.0,103,0.1137783935546875,False,2026-10-02 18:52:56+00:00,SPY261023C00817000
SPY,2026-10-03,769.64,2026-10-23,C,818.0,0.09,0.1,0.1,26.0,88,0.11426666992187501,False,2026-09-30 18:39:03+00:00,SPY261023C00818000
SPY,2026-10-03,769.64,2026-10-23,C,819.0,0.09,0.1,0.1,171.0,116,0.116219775390625,False,2026-10-01 15:20:38+00:00,SPY261023C00819000
SPY,2026-10-03,769.64,2026-10-23,C,820.0,0.08,0.09,0.09,118.0,363,0.1167080517578125,False,2026-10-02 20:09:04+00:00,SPY261023C00820000
SPY,2026-10-03,769.64,2026-10-23,C,821.0,0.08,0.09,0.08,18.0,317,0.1186611572265625,False,2026-10-02 16:21:04+00:00,SPY261023C00821000
SPY,2026-10-03,769.64,2026-10-23,C,822.0,0.07,0.08,0.08,20.0,189,0.1186611572265625,False,2026-10-02 15:27:56+00:00,SPY261023C00822000
SPY,2026-10-03,769.64,2026-10-23,C,823.0,0.07,0.08,0.09,102.0,221,0.1206142626953125,False,2026-09-30 14:06:41+00:00,SPY261023C00823000
SPY,2026-10-03,769.64,2026-10-23,C,824.0,0.06,0.07,0.07,1.0,25,0.1206142626953125,False,2026-10-02 20:11:51+00:00,SPY261023C00824000
SPY,2026-10-03,769.64,2026-10-23,C,825.0,0.06,0.07,0.06,7.0,1302,0.12207909179687501,False,2026-10-02 19:24:04+00:00,SPY261023C00825000
SPY,2026-10-03,769.64,2026-10-23,C,830.0,0.04,0.05,0.08,23.0,1512,0.12647357910156248,False,2026-10-02 14:51:08+00:00,SPY261023C00830000
SPY,2026-10-03,769.64,2026-10-23,C,835.0,0.03,0.04,0.04,67.0,472,0.131844619140625,False,2026-10-02 19:16:19+00:00,SPY261023C00835000
SPY,2026-10-03,769.64,2026-10-23,C,840.0,0.03,0.04,0.03,1.0,190,0.14063359375,False,2026-10-02 19:15:54+00:00,SPY261023C00840000
SPY,2026-10-03,769.64,2026-10-23,C,845.0,0.02,0.03,0.04,25.0,175,0.1445398046875,False,2026-10-02 13:54:23+00:00,SPY261023C00845000
SPY,2026-10-03,769.64,2026-10-23,C,850.0,0.02,0.03,0.02,126.0,445,0.15235222656250003,False,2026-10-02 19:32:56+00:00,SPY261023C00850000
SPY,2026-10-03,769.64,2026-10-23,C,855.0,0.01,0.02,0.03,49.0,172,0.15430533203125002,False,2026-10-02 17:54:01+00:00,SPY261023C00855000
SPY,2026-10-03,769.64,2026-10-23,C,860.0,0.01,0.02,0.03,3.0,205,0.16211775390625,False,2026-10-01 15:12:32+00:00,SPY261023C00860000
SPY,2026-10-03,769.64,2026-10-23,C,865.0,0.01,0.02,0.03,289.0,408,0.16993017578125003,False,2026-09-23 19:52:34+00:00,SPY261023C00865000
SPY,2026-10-03,769.64,2026-10-23,C,870.0,0.01,0.02,0.01,4.0,210,0.17774259765625,False,2026-09-28 15:15:12+00:00,SPY261023C00870000
SPY,2026-10-03,769.64,2026-10-23,C,875.0,0.01,0.02,0.02,10.0,213,0.18555501953124998,False,2026-10-01 15:57:33+00:00,SPY261023C00875000
SPY,2026-10-03,769.64,2026-10-23,C,880.0,0.01,0.02,0.03,24.0,116,0.1914143359375,False,2026-09-11 20:14:57+00:00,SPY261023C00880000
SPY,2026-10-03,769.64,2026-10-23,C,885.0,0.0,0.01,0.01,1002.0,601,0.187508125,False,2026-09-30 17:10:06+00:00,SPY261023C00885000
SPY,2026-10-03,769.64,2026-10-23,C,890.0,0.0,0.01,0.01,1.0,25,0.195320546875,False,2026-09-25 17:34:20+00:00,SPY261023C00890000
SPY,2026-10-03,769.64,2026-10-23,C,895.0,0.0,0.01,0.03,2.0,26,0.20313296874999998,False,2026-09-22 19:50:09+00:00,SPY261023C00895000
SPY,2026-10-03,769.64,2026-10-23,C,905.0,0.0,0.01,0.01,16.0,26,0.2148516015625,False,2026-10-01 14:03:50+00:00,SPY261023C00905000
SPY,2026-10-03,769.64,2026-10-23,C,915.0,0.0,0.01,0.02,,6,0.22852333984375,False,2026-09-10 20:13:53+00:00,SPY261023C00915000
SPY,2026-10-03,769.64,2026-10-23,C,920.0,0.0,0.01,0.01,,50,0.23438265625,False,2026-09-17 16:21:52+00:00,SPY261023C00920000
SPY,2026-10-03,769.64,2026-10-23,C,930.0,0.0,0.01,0.01,1.0,1,0.2461012890625,False,2026-10-02 13:34:42+00:00,SPY261023C00930000
SPY,2026-10-03,769.64,2026-10-23,P,500.0,0.02,0.03,0.02,115.0,2256,0.585941640625,False,2026-10-02 20:09:15+00:00,SPY261023P00500000
SPY,2026-10-03,769.64,2026-10-23,P,505.0,0.02,0.03,0.03,54.0,158,0.570316796875,False,2026-10-02 17:33:23+00:00,SPY261023P00505000
SPY,2026-10-03,769.64,2026-10-23,P,510.0,0.02,0.03,0.04,319.0,279,0.5585981640625001,False,2026-10-02 19:51:57+00:00,SPY261023P00510000
SPY,2026-10-03,769.64,2026-10-23,P,515.0,0.03,0.04,0.03,216.0,3,0.5625043750000001,False,2026-10-02 16:49:43+00:00,SPY261023P00515000
SPY,2026-10-03,769.64,2026-10-23,P,520.0,0.03,0.04,0.1,1.0,3,0.5507857421875001,False,2026-09-24 13:35:20+00:00,SPY261023P00520000
SPY,2026-10-03,769.64,2026-10-23,P,525.0,0.03,0.04,0.04,1.0,919,0.5371140039062501,False,2026-10-01 19:58:31+00:00,SPY261023P00525000
SPY,2026-10-03,769.64,2026-10-23,P,530.0,0.04,0.05,0.04,22.0,13,0.5371140039062501,False,2026-10-02 19:50:53+00:00,SPY261023P00530000
SPY,2026-10-03,769.64,2026-10-23,P,535.0,0.04,0.05,0.05,100.0,1498,0.523442265625,False,2026-10-01 19:51:33+00:00,SPY261023P00535000
SPY,2026-10-03,769.64,2026-10-23,P,540.0,0.04,0.05,0.05,2.0,85,0.5117236328125,False,2026-09-30 17:15:34+00:00,SPY261023P00540000
SPY,2026-10-03,769.64,2026-10-23,P,545.0,0.04,0.05,0.05,55.0,54,0.500005,False,2026-10-02 14:00:15+00:00,SPY261023P00545000
SPY,2026-10-03,769.64,2026-10-23,P,550.0,0.05,0.06,0.06,1.0,318,0.5009815527343751,False,2026-10-02 18:56:31+00:00,SPY261023P00550000
SPY,2026-10-03,769.64,2026-10-23,P,555.0,0.05,0.06,0.15,1.0,14,0.48828636718750007,False,2026-09-21 14:28:20+00:00,SPY261023P00555000
SPY,2026-10-03,769.64,2026-10-23,P,560.0,0.06,0.07,0.06,100.0,811,0.48340360351562506,False,2026-10-02 17:51:51+00:00,SPY261023P00560000
SPY,2026-10-03,769.64,2026-10-23,P,565.0,0.06,0.07,0.1,2.0,232,0.47070841796875,False,2026-09-30 13:30:04+00:00,SPY261023P00565000
SPY,2026-10-03,769.64,2026-10-23,P,570.0,0.07,0.08,0.11,1.0,38,0.46484910156250003,False,2026-10-01 17:12:41+00:00,SPY261023P00570000
SPY,2026-10-03,769.64,2026-10-23,P,575.0,0.07,0.08,0.08,1.0,31,0.45215391601562505,False,2026-10-02 15:40:00+00:00,SPY261023P00575000
SPY,2026-10-03,769.64,2026-10-23,P,580.0,0.08,0.09,0.11,3.0,65,0.445318046875,False,2026-09-30 17:15:49+00:00,SPY261023P00580000
SPY,2026-10-03,769.64,2026-10-23,P,585.0,0.08,0.09,0.18,1.0,12,0.4335994140625,False,2026-09-25 17:09:31+00:00,SPY261023P00585000
SPY,2026-10-03,769.64,2026-10-23,P,590.0,0.09,0.1,0.1,71.0,239,0.42578699218750005,False,2026-10-02 19:04:50+00:00,SPY261023P00590000
SPY,2026-10-03,769.64,2026-10-23,P,595.0,0.1,0.11,0.1,2.0,80,0.41797457031249996,False,2026-10-02 19:48:06+00:00,SPY261023P00595000
SPY,2026-10-03,769.64,2026-10-23,P,600.0,0.11,0.12,0.12,112.0,441,0.4096738720703125,False,2026-10-02 14:20:50+00:00,SPY261023P00600000
SPY,2026-10-03,769.64,2026-10-23,P,605.0,0.11,0.12,0.11,10.0,295,0.397466962890625,False,2026-10-02 17:00:35+00:00,SPY261023P00605000
SPY,2026-10-03,769.64,2026-10-23,P,610.0,0.12,0.13,0.13,35.0,421,0.38867798828125,False,2026-10-02 16:26:11+00:00,SPY261023P00610000
SPY,2026-10-03,769.64,2026-10-23,P,615.0,0.13,0.14,0.14,9.0,109,0.3794007373046875,False,2026-10-02 15:17:16+00:00,SPY261023P00615000
SPY,2026-10-03,769.64,2026-10-23,P,620.0,0.14,0.15,0.15,25.0,328,0.370123486328125,False,2026-10-02 18:54:27+00:00,SPY261023P00620000
SPY,2026-10-03,769.64,2026-10-23,P,625.0,0.15,0.16,0.16,1.0,483,0.36084623535156246,False,2026-10-02 19:22:57+00:00,SPY261023P00625000
SPY,2026-10-03,769.64,2026-10-23,P,630.0,0.16,0.17,0.17,10.0,122,0.35108070800781244,False,2026-10-02 13:37:51+00:00,SPY261023P00630000
SPY,2026-10-03,769.64,2026-10-23,P,635.0,0.17,0.18,0.19,50.0,215,0.340826904296875,False,2026-10-02 19:57:53+00:00,SPY261023P00635000
SPY,2026-10-03,769.64,2026-10-23,P,640.0,0.19,0.2,0.19,53.0,375,0.33301448242187504,False,2026-10-02 19:28:28+00:00,SPY261023P00640000
SPY,2026-10-03,769.64,2026-10-23,P,645.0,0.2,0.21,0.21,78.0,145,0.3227606787109374,False,2026-10-02 17:51:52+00:00,SPY261023P00645000
SPY,2026-10-03,769.64,2026-10-23,P,650.0,0.21,0.22,0.22,243.0,1718,0.31201859863281245,False,2026-10-02 17:51:52+00:00,SPY261023P00650000
SPY,2026-10-03,769.64,2026-10-23,P,655.0,0.23,0.24,0.24,85.0,300,0.30322962402343745,False,2026-10-02 19:58:00+00:00,SPY261023P00655000
SPY,2026-10-03,769.64,2026-10-23,P,660.0,0.25,0.26,0.25,384.0,326,0.29395237304687494,False,2026-10-02 20:07:58+00:00,SPY261023P00660000
SPY,2026-10-03,769.64,2026-10-23,P,665.0,0.27,0.28,0.28,241.0,993,0.2841868457031249,False,2026-10-02 17:51:53+00:00,SPY261023P00665000
SPY,2026-10-03,769.64,2026-10-23,P,670.0,0.29,0.3,0.3,67.0,1812,0.274421318359375,False,2026-10-02 18:28:01+00:00,SPY261023P00670000
SPY,2026-10-03,769.64,2026-10-23,P,675.0,0.31,0.32,0.31,166.0,2561,0.26416751464843746,False,2026-10-02 20:00:57+00:00,SPY261023P00675000
SPY,2026-10-03,769.64,2026-10-23,P,680.0,0.34,0.35,0.36,1139.0,1498,0.25489026367187506,False,2026-10-02 19:17:18+00:00,SPY261023P00680000
SPY,2026-10-03,769.64,2026-10-23,P,685.0,0.37,0.38,0.39,70.0,1616,0.245124736328125,False,2026-10-02 19:13:09+00:00,SPY261023P00685000
SPY,2026-10-03,769.64,2026-10-23,P,690.0,0.4,0.41,0.41,295.0,1229,0.2348709326171875,False,2026-10-02 20:00:57+00:00,SPY261023P00690000
SPY,2026-10-03,769.64,2026-10-23,P,695.0,0.44,0.45,0.45,36.0,3224,0.22522747436523435,False,2026-10-02 20:09:04+00:00,SPY261023P00695000
SPY,2026-10-03,769.64,2026-10-23,P,700.0,0.49,0.5,0.49,442.0,2895,0.215828154296875,False,2026-10-02 20:11:24+00:00,SPY261023P00700000
SPY,2026-10-03,769.64,2026-10-23,P,705.0,0.55,0.56,0.57,212.0,2219,0.20655090332031245,False,2026-10-02 19:42:25+00:00,SPY261023P00705000
SPY,2026-10-03,769.64,2026-10-23,P,710.0,0.62,0.63,0.63,193.0,8244,0.19715158325195312,False,2026-10-02 20:08:10+00:00,SPY261023P00710000
SPY,2026-10-03,769.64,2026-10-23,P,715.0,0.71,0.72,0.72,543.0,8106,0.18811847045898436,False,2026-10-02 20:12:48+00:00,SPY261023P00715000
SPY,2026-10-03,769.64,2026-10-23,P,720.0,0.83,0.84,0.83,348.0,2383,0.1795125994873047,False,2026-10-02 20:09:04+00:00,SPY261023P00720000
SPY,2026-10-03,769.64,2026-10-23,P,721.0,0.85,0.87,0.95,11.0,322,0.1779257012939453,False,2026-10-02 18:54:41+00:00,SPY261023P00721000
SPY,2026-10-03,769.64,2026-10-23,P,722.0,0.88,0.9,0.9,116.0,254,0.17627776855468752,False,2026-10-02 20:01:51+00:00,SPY261023P00722000
SPY,2026-10-03,769.64,2026-10-23,P,723.0,0.91,0.93,0.97,63.0,256,0.17456880126953128,False,2026-10-02 19:53:10+00:00,SPY261023P00723000
SPY,2026-10-03,769.64,2026-10-23,P,724.0,0.95,0.97,0.96,551.0,565,0.17322604125976562,False,2026-10-02 20:12:17+00:00,SPY261023P00724000
SPY,2026-10-03,769.64,2026-10-23,P,725.0,0.98,1.0,0.99,62138.0,62309,0.1713950048828125,False,2026-10-02 20:12:27+00:00,SPY261023P00725000
SPY,2026-10-03,769.64,2026-10-23,P,726.0,1.02,1.04,1.03,174.0,451,0.16993017578125003,False,2026-10-02 20:01:51+00:00,SPY261023P00726000
SPY,2026-10-03,769.64,2026-10-23,P,727.0,1.06,1.07,1.2,80.0,433,0.16797707031250003,False,2026-10-02 16:01:16+00:00,SPY261023P00727000
SPY,2026-10-03,769.64,2026-10-23,P,728.0,1.1,1.12,1.21,73.0,371,0.1667563793945313,False,2026-10-02 19:17:18+00:00,SPY261023P00728000
SPY,2026-10-03,769.64,2026-10-23,P,729.0,1.14,1.16,1.2,289.0,697,0.165047412109375,False,2026-10-02 19:54:42+00:00,SPY261023P00729000
SPY,2026-10-03,769.64,2026-10-23,P,730.0,1.18,1.2,1.2,509.0,3430,0.16327741027832032,False,2026-10-02 20:07:31+00:00,SPY261023P00730000
SPY,2026-10-03,769.64,2026-10-23,P,731.0,1.23,1.25,1.33,78.0,267,0.16181258117675779,False,2026-10-02 17:32:29+00:00,SPY261023P00731000
SPY,2026-10-03,769.64,2026-10-23,P,732.0,1.28,1.3,1.37,233.0,627,0.16022568298339845,False,2026-10-02 19:32:49+00:00,SPY261023P00732000
SPY,2026-10-03,769.64,2026-10-23,P,733.0,1.33,1.35,1.41,118.0,665,0.15857775024414064,False,2026-10-02 19:51:10+00:00,SPY261023P00733000
SPY,2026-10-03,769.64,2026-10-23,P,734.0,1.39,1.41,1.46,444.0,571,0.15717395568847659,False,2026-10-02 19:34:04+00:00,SPY261023P00734000
SPY,2026-10-03,769.64,2026-10-23,P,735.0,1.45,1.47,1.46,2222.0,2966,0.15564809204101562,False,2026-10-02 20:07:31+00:00,SPY261023P00735000
SPY,2026-10-03,769.64,2026-10-23,P,736.0,1.51,1.53,1.58,162.0,514,0.15406119384765626,False,2026-10-02 19:18:55+00:00,SPY261023P00736000
SPY,2026-10-03,769.64,2026-10-23,P,737.0,1.57,1.6,1.82,137.0,492,0.15265739929199224,False,2026-10-02 18:26:50+00:00,SPY261023P00737000
SPY,2026-10-03,769.64,2026-10-23,P,738.0,1.64,1.66,1.66,155.0,871,0.15088739746093754,False,2026-10-02 20:05:30+00:00,SPY261023P00738000
SPY,2026-10-03,769.64,2026-10-23,P,739.0,1.71,1.74,1.83,70.0,392,0.14954463745117189,False,2026-10-02 19:34:04+00:00,SPY261023P00739000
SPY,2026-10-03,769.64,2026-10-23,P,740.0,1.8,1.82,1.9,1158.0,8234,0.14814084289550783,False,2026-10-02 19:57:25+00:00,SPY261023P00740000
SPY,2026-10-03,769.64,2026-10-23,P,741.0,1.87,1.9,1.94,64.0,612,0.14658446197509767,False,2026-10-02 20:01:05+00:00,SPY261023P00741000
SPY,2026-10-03,769.64,2026-10-23,P,742.0,1.96,1.98,1.98,105.0,695,0.14496704650878905,False,2026-10-02 20:14:30+00:00,SPY261023P00742000
SPY,2026-10-03,769.64,2026-10-23,P,743.0,2.05,2.07,2.14,59.0,381,0.14344118286132812,False,2026-10-02 19:54:08+00:00,SPY261023P00743000
SPY,2026-10-03,769.64,2026-10-23,P,744.0,2.14,2.17,2.2,271.0,689,0.14203738830566404,False,2026-10-02 20:01:28+00:00,SPY261023P00744000
SPY,2026-10-03,769.64,2026-10-23,P,745.0,2.25,2.27,2.28,60918.0,61681,0.14051152465820313,False,2026-10-02 20:12:27+00:00,SPY261023P00745000
SPY,2026-10-03,769.64,2026-10-23,P,746.0,2.35,2.38,2.39,204.0,610,0.13910773010253907,False,2026-10-02 20:00:54+00:00,SPY261023P00746000
SPY,2026-10-03,769.64,2026-10-23,P,747.0,2.47,2.49,2.46,224.0,757,0.13758186645507814,False,2026-10-02 20:06:26+00:00,SPY261023P00747000
SPY,2026-10-03,769.64,2026-10-23,P,748.0,2.58,2.61,2.61,113.0,491,0.13611703735351563,False,2026-10-02 20:06:38+00:00,SPY261023P00748000
SPY,2026-10-03,769.64,2026-10-23,P,749.0,2.71,2.74,3.0,68.0,322,0.13471324279785157,False,2026-10-02 19:07:10+00:00,SPY261023P00749000
SPY,2026-10-03,769.64,2026-10-23,P,750.0,2.85,2.87,2.87,1735.0,2952,0.1331873791503906,False,2026-10-02 20:10:01+00:00,SPY261023P00750000
SPY,2026-10-03,769.64,2026-10-23,P,751.0,2.99,3.01,3.0,153.0,382,0.13172255004882813,False,2026-10-02 20:07:03+00:00,SPY261023P00751000
SPY,2026-10-03,769.64,2026-10-23,P,752.0,3.13,3.17,3.14,85.0,621,0.13044082458496092,False,2026-10-02 20:06:26+00:00,SPY261023P00752000
SPY,2026-10-03,769.64,2026-10-23,P,753.0,3.29,3.32,3.5,3012.0,3095,0.12885392639160154,False,2026-10-02 19:49:34+00:00,SPY261023P00753000
SPY,2026-10-03,769.64,2026-10-23,P,754.0,3.46,3.49,3.67,138.0,775,0.1274501318359375,False,2026-10-02 19:49:58+00:00,SPY261023P00754000
SPY,2026-10-03,769.64,2026-10-23,P,755.0,3.63,3.67,3.67,1956.0,2999,0.12607685455322265,False,2026-10-02 20:13:44+00:00,SPY261023P00755000
SPY,2026-10-03,769.64,2026-10-23,P,756.0,3.82,3.85,4.06,136.0,1355,0.1245204736328125,False,2026-10-02 19:38:34+00:00,SPY261023P00756000
SPY,2026-10-03,769.64,2026-10-23,P,757.0,4.02,4.05,4.29,189.0,618,0.12311667907714845,False,2026-10-02 19:36:34+00:00,SPY261023P00757000
SPY,2026-10-03,769.64,2026-10-23,P,758.0,4.22,4.26,4.42,219.0,1153,0.12171288452148438,False,2026-10-02 19:57:47+00:00,SPY261023P00758000
SPY,2026-10-03,769.64,2026-10-23,P,759.0,4.44,4.48,4.54,334.0,753,0.1202785726928711,False,2026-10-02 20:01:12+00:00,SPY261023P00759000
SPY,2026-10-03,769.64,2026-10-23,P,760.0,4.67,4.71,4.72,2013.0,3108,0.11881374359130858,False,2026-10-02 20:10:50+00:00,SPY261023P00760000
SPY,2026-10-03,769.64,2026-10-23,P,761.0,4.92,4.96,5.11,343.0,686,0.11744046630859376,False,2026-10-02 19:56:13+00:00,SPY261023P00761000
SPY,2026-10-03,769.64,2026-10-23,P,762.0,5.17,5.21,5.19,371.0,1058,0.11585356811523437,False,2026-10-02 20:06:22+00:00,SPY261023P00762000
SPY,2026-10-03,769.64,2026-10-23,P,763.0,5.44,5.48,5.64,232.0,561,0.11437348037719727,False,2026-10-02 19:59:49+00:00,SPY261023P00763000
SPY,2026-10-03,769.64,2026-10-23,P,764.0,5.73,5.77,5.79,863.0,945,0.1129544271850586,False,2026-10-02 20:12:17+00:00,SPY261023P00764000
SPY,2026-10-03,769.64,2026-10-23,P,765.0,6.03,6.07,6.06,642.0,2465,0.11145908081054687,False,2026-10-02 20:14:26+00:00,SPY261023P00765000
SPY,2026-10-03,769.64,2026-10-23,P,766.0,6.35,6.39,6.42,404.0,629,0.10999425170898436,False,2026-10-02 20:04:01+00:00,SPY261023P00766000
SPY,2026-10-03,769.64,2026-10-23,P,767.0,6.68,6.73,7.08,494.0,3473,0.10859045715332032,False,2026-10-02 19:55:52+00:00,SPY261023P00767000
SPY,2026-10-03,769.64,2026-10-23,P,768.0,7.04,7.08,7.06,1433.0,1264,0.10703407623291016,False,2026-10-02 20:14:16+00:00,SPY261023P00768000
SPY,2026-10-03,769.64,2026-10-23,P,769.0,7.41,7.46,7.4,1805.0,1522,0.1056607989501953,False,2026-10-02 20:06:41+00:00,SPY261023P00769000
SPY,2026-10-03,769.64,2026-10-23,P,770.0,7.8,7.85,7.83,1205.0,1821,0.10413493530273435,True,2026-10-02 20:14:18+00:00,SPY261023P00770000
SPY,2026-10-03,769.64,2026-10-23,P,771.0,8.21,8.26,8.6,743.0,2673,0.10260907165527343,True,2026-10-02 19:59:51+00:00,SPY261023P00771000
SPY,2026-10-03,769.64,2026-10-23,P,772.0,8.65,8.7,8.72,579.0,999,0.10117475982666015,True,2026-10-02 20:11:54+00:00,SPY261023P00772000
SPY,2026-10-03,769.64,2026-10-23,P,773.0,9.1,9.16,9.2,209.0,1248,0.09974044799804688,True,2026-10-02 19:45:05+00:00,SPY261023P00773000
SPY,2026-10-03,769.64,2026-10-23,P,774.0,9.58,9.64,10.09,123.0,659,0.09824510162353516,True,2026-10-02 19:17:20+00:00,SPY261023P00774000
SPY,2026-10-03,769.64,2026-10-23,P,775.0,10.0,10.28,11.02,233.0,1366,0.09867234344482423,True,2026-10-02 17:58:12+00:00,SPY261023P00775000
SPY,2026-10-03,769.64,2026-10-23,P,776.0,10.52,10.8,11.51,46.0,1255,0.09708544525146486,True,2026-10-02 17:47:35+00:00,SPY261023P00776000
SPY,2026-10-03,769.64,2026-10-23,P,777.0,11.07,11.38,11.7,5.0,370,0.0960173406982422,True,2026-10-02 15:07:40+00:00,SPY261023P00777000
SPY,2026-10-03,769.64,2026-10-23,P,778.0,11.58,11.96,12.21,4.0,706,0.09458302886962891,True,2026-10-02 16:09:03+00:00,SPY261023P00778000
SPY,2026-10-03,769.64,2026-10-23,P,779.0,12.06,12.64,11.88,2.0,403,0.09430837341308594,True,2026-10-02 13:49:09+00:00,SPY261023P00779000
SPY,2026-10-03,769.64,2026-10-23,P,780.0,12.66,13.29,13.39,38.0,140,0.09324026885986328,True,2026-10-02 19:18:57+00:00,SPY261023P00780000
SPY,2026-10-03,769.64,2026-10-23,P,781.0,13.3,13.94,18.04,2.0,254,0.09177543975830077,True,2026-10-01 13:37:26+00:00,SPY261023P00781000
SPY,2026-10-03,769.64,2026-10-23,P,782.0,14.1,14.46,15.0,43.0,65,0.08753353881835937,True,2026-10-02 15:08:01+00:00,SPY261023P00782000
SPY,2026-10-03,769.64,2026-10-23,P,783.0,14.65,15.24,16.21,1.0,3,0.0873809524536133,True,2026-10-02 15:10:40+00:00,SPY261023P00783000
SPY,2026-10-03,769.64,2026-10-23,P,784.0,15.34,16.05,20.6,3.0,43,0.08747250427246095,True,2026-10-01 17:50:37+00:00,SPY261023P00784000
SPY,2026-10-03,769.64,2026-10-23,P,785.0,16.26,16.6,15.51,41.0,107,0.08158267059326174,True,2026-10-02 13:47:18+00:00,SPY261023P00785000
SPY,2026-10-03,769.64,2026-10-23,P,786.0,16.83,17.58,25.69,1.0,19,0.08454284606933596,True,2026-10-01 15:20:57+00:00,SPY261023P00786000
SPY,2026-10-03,769.64,2026-10-23,P,787.0,17.6,18.38,18.95,30.0,15,0.08307801696777346,True,2026-10-02 15:10:10+00:00,SPY261023P00787000
SPY,2026-10-03,769.64,2026-10-23,P,788.0,18.41,19.19,21.0,20.0,24,0.08124698059082032,True,2026-09-30 15:44:09+00:00,SPY261023P00788000
SPY,2026-10-03,769.64,2026-10-23,P,789.0,19.24,20.03,26.09,6.0,23,0.07953801330566407,True,2026-09-29 17:34:35+00:00,SPY261023P00789000
SPY,2026-10-03,769.64,2026-10-23,P,790.0,19.59,21.85,19.35,181.0,141,0.10428752166748045,True,2026-10-02 14:50:20+00:00,SPY261023P00790000
SPY,2026-10-03,769.64,2026-10-23,P,791.0,20.15,22.68,22.89,10.0,13,0.10352458984374999,True,2026-09-25 15:01:22+00:00,SPY261023P00791000
SPY,2026-10-03,769.64,2026-10-23,P,792.0,21.04,23.58,24.06,33.0,0,0.10425700439453123,True,2026-09-25 15:55:06+00:00,SPY261023P00792000
SPY,2026-10-03,769.64,2026-10-23,P,793.0,21.95,24.52,22.61,21.0,0,0.10584390258789061,True,2026-09-25 16:44:30+00:00,SPY261023P00793000
SPY,2026-10-03,769.64,2026-10-23,P,794.0,22.85,25.41,25.77,9.0,0,0.10590493713378905,True,2026-09-25 15:56:04+00:00,SPY261023P00794000
SPY,2026-10-03,769.64,2026-10-23,P,795.0,23.79,26.37,25.29,1.0,1,0.10779700805664064,True,2026-10-02 19:46:37+00:00,SPY261023P00795000
SPY,2026-10-03,769.64,2026-10-23,P,796.0,24.71,27.32,27.65,40.0,0,0.10926183715820312,True,2026-09-25 15:55:32+00:00,SPY261023P00796000
SPY,2026-10-03,769.64,2026-10-23,P,797.0,25.67,28.28,28.97,1.0,0,0.11097080444335936,True,2026-09-25 15:50:45+00:00,SPY261023P00797000
SPY,2026-10-03,769.64,2026-10-23,P,798.0,26.65,29.25,29.34,19.0,0,0.11292390991210938,True,2026-09-25 15:56:33+00:00,SPY261023P00798000
SPY,2026-10-03,769.64,2026-10-23,P,799.0,27.63,30.24,33.55,1.0,0,0.11542632629394532,True,2026-09-29 13:42:05+00:00,SPY261023P00799000
SPY,2026-10-03,769.64,2026-10-23,P,800.0,28.62,31.25,31.26,131.0,0,0.1186611572265625,True,2026-09-25 15:56:32+00:00,SPY261023P00800000
SPY,2026-10-03,769.64,2026-10-23,P,801.0,29.62,32.24,29.81,20.0,0,0.1211025390625,True,2026-09-25 16:44:17+00:00,SPY261023P00801000
SPY,2026-10-03,769.64,2026-10-23,P,802.0,30.61,33.24,30.77,1.0,0,0.12391012817382813,True,2026-09-25 16:44:17+00:00,SPY261023P00802000
SPY,2026-10-03,769.64,2026-10-23,P,803.0,31.61,34.24,38.55,,0,0.12671771728515624,True,2026-09-24 15:07:49+00:00,SPY261023P00803000
SPY,2026-10-03,769.64,2026-10-23,P,805.0,33.61,36.24,41.44,1.0,0,0.13227186096191407,True,2026-09-24 15:15:27+00:00,SPY261023P00805000
SPY,2026-10-03,769.64,2026-10-23,P,806.0,34.61,37.24,37.86,,0,0.13501841552734378,True,2026-09-24 19:54:22+00:00,SPY261023P00806000
SPY,2026-10-03,769.64,2026-10-23,P,807.0,35.61,38.24,36.24,7.0,0,0.13776497009277344,True,2026-09-25 16:36:54+00:00,SPY261023P00807000
SPY,2026-10-03,769.64,2026-10-23,P,808.0,36.61,39.24,37.22,18.0,0,0.1404504901123047,True,2026-09-25 16:36:37+00:00,SPY261023P00808000
SPY,2026-10-03,769.64,2026-10-23,P,809.0,37.61,40.24,37.65,2.0,0,0.1431970446777344,True,2026-09-25 16:09:33+00:00,SPY261023P00809000
SPY,2026-10-03,769.64,2026-10-23,P,810.0,38.61,41.24,38.87,3.0,0,0.1458825646972656,True,2026-09-25 16:39:22+00:00,SPY261023P00810000
SPY,2026-10-03,769.64,2026-10-23,P,811.0,39.61,42.24,39.06,5.0,0,0.1485680847167969,True,2026-09-25 19:54:23+00:00,SPY261023P00811000
SPY,2026-10-03,769.64,2026-10-23,P,812.0,40.61,43.24,40.69,1.0,0,0.15119257019042973,True,2026-09-25 16:43:46+00:00,SPY261023P00812000
SPY,2026-10-03,769.64,2026-10-23,P,813.0,41.61,44.24,38.33,,0,0.1538170556640625,True,2026-09-22 19:54:03+00:00,SPY261023P00813000
SPY,2026-10-03,769.64,2026-10-23,P,815.0,43.61,46.24,43.72,1.0,0,0.15906602661132813,True,2026-10-02 13:51:54+00:00,SPY261023P00815000
SPY,2026-10-03,769.64,2026-10-23,P,821.0,49.61,52.24,63.75,1.0,0,0.17456880126953128,True,2026-09-10 13:30:04+00:00,SPY261023P00821000
SPY,2026-10-03,769.64,2026-10-23,P,850.0,78.61,81.24,91.9,1.0,0,0.24463645996093752,True,2026-09-14 13:31:58+00:00,SPY261023P00850000
SPY,2026-10-03,769.64,2026-10-23,P,900.0,128.61,131.24,138.53,,0,0.3526676062011719,True,2026-09-14 16:59:30+00:00,SPY261023P00900000
SPY,2026-10-03,769.64,2026-10-30,C,470.0,300.28,302.95,296.35,2.0,4,0.9599613378906249,True,2026-09-24 15:55:53+00:00,SPY261030C00470000
SPY,2026-10-03,769.64,2026-10-30,C,475.0,295.29,297.96,294.23,3.0,15,0.9427495959472656,True,2026-09-08 13:49:58+00:00,SPY261030C00475000
SPY,2026-10-03,769.64,2026-10-30,C,480.0,290.32,292.99,285.74,1.0,1,0.9274909594726561,True,2026-09-11 20:07:17+00:00,SPY261030C00480000
SPY,2026-10-03,769.64,2026-10-30,C,490.0,280.35,283.0,281.55,70.0,71,0.8937998901367187,True,2026-09-21 14:49:58+00:00,SPY261030C00490000
SPY,2026-10-03,769.64,2026-10-30,C,495.0,275.37,278.02,271.78,,1,0.877930908203125,True,2026-09-11 17:18:10+00:00,SPY261030C00495000
SPY,2026-10-03,769.64,2026-10-30,C,500.0,270.39,273.03,267.18,1.0,3,0.8618177880859376,True,2026-09-29 14:43:47+00:00,SPY261030C00500000
SPY,2026-10-03,769.64,2026-10-30,C,520.0,250.47,253.14,251.59,1.0,10,0.8007832421875,True,2026-09-23 15:40:47+00:00,SPY261030C00520000
SPY,2026-10-03,769.64,2026-10-30,C,525.0,245.5,248.14,238.44,,1,0.7851583984375,True,2026-09-17 17:41:22+00:00,SPY261030C00525000
SPY,2026-10-03,769.64,2026-10-30,C,530.0,229.04,232.46,212.98,,2,1.0000000000000003e-05,True,2026-06-10 14:52:40+00:00,SPY261030C00530000
SPY,2026-10-03,769.64,2026-10-30,C,540.0,230.56,233.2,223.69,1.0,3,0.7396266271972656,True,2026-09-14 17:07:26+00:00,SPY261030C00540000
SPY,2026-10-03,769.64,2026-10-30,C,545.0,225.59,228.25,218.57,1.0,2,0.7258328198242188,True,2026-09-14 17:13:00+00:00,SPY261030C00545000
SPY,2026-10-03,769.64,2026-10-30,C,550.0,220.61,223.25,214.12,3.0,3,0.7102079760742188,True,2026-09-14 17:51:43+00:00,SPY261030C00550000
SPY,2026-10-03,769.64,2026-10-30,C,555.0,215.64,218.31,215.84,1.0,3,0.6967803759765626,True,2026-09-30 15:54:27+00:00,SPY261030C00555000
SPY,2026-10-03,769.64,2026-10-30,C,560.0,0.0,0.0,217.1,4.0,0,1.0000000000000003e-05,True,2026-08-10 18:26:07+00:00,SPY261030C00560000
SPY,2026-10-03,769.64,2026-10-30,C,565.0,205.68,208.33,202.15,3.0,4,0.6665072412109377,True,2026-09-29 19:33:52+00:00,SPY261030C00565000
SPY,2026-10-03,769.64,2026-10-30,C,570.0,200.71,202.51,203.35,1.0,1235,0.6278113391113282,True,2026-09-15 14:51:05+00:00,SPY261030C00570000
SPY,2026-10-03,769.64,2026-10-30,C,575.0,195.73,198.41,196.81,1.0,31,0.6383092810058593,True,2026-09-23 15:38:54+00:00,SPY261030C00575000
SPY,2026-10-03,769.64,2026-10-30,C,580.0,190.76,193.02,184.14,1.0,154,0.6130409790039064,True,2026-09-17 18:17:28+00:00,SPY261030C00580000
SPY,2026-10-03,769.64,2026-10-30,C,585.0,185.78,188.42,182.18,1.0,28,0.608524422607422,True,2026-10-01 17:48:23+00:00,SPY261030C00585000
SPY,2026-10-03,769.64,2026-10-30,C,590.0,180.81,183.45,172.76,1.0,59,0.5944254425048829,True,2026-09-18 14:39:11+00:00,SPY261030C00590000
SPY,2026-10-03,769.64,2026-10-30,C,595.0,175.85,178.1,169.13,44.0,315,0.5712323150634766,True,2026-09-17 18:44:00+00:00,SPY261030C00595000
SPY,2026-10-03,769.64,2026-10-30,C,600.0,170.87,173.51,171.5,1.0,24,0.5662885168457032,True,2026-09-23 18:07:21+00:00,SPY261030C00600000
SPY,2026-10-03,769.64,2026-10-30,C,605.0,165.9,168.54,149.83,1.0,10,0.5522505712890625,True,2026-09-16 19:46:46+00:00,SPY261030C00605000
SPY,2026-10-03,769.64,2026-10-30,C,610.0,160.93,163.59,161.22,1.0,28,0.5387009020996094,True,2026-09-23 18:44:08+00:00,SPY261030C00610000
SPY,2026-10-03,769.64,2026-10-30,C,615.0,155.96,158.63,156.11,1.0,5,0.5248460601806642,True,2026-09-30 14:02:03+00:00,SPY261030C00615000
SPY,2026-10-03,769.64,2026-10-30,C,620.0,151.0,153.68,144.38,1.0,25,0.5114794946289063,True,2026-09-17 17:21:44+00:00,SPY261030C00620000
SPY,2026-10-03,769.64,2026-10-30,C,625.0,141.99,145.22,138.49,2.0,0,0.372076591796875,True,2026-07-15 13:53:22+00:00,SPY261030C00625000
SPY,2026-10-03,769.64,2026-10-30,C,630.0,141.09,143.71,134.59,22.0,33,0.5305222729492188,True,2026-09-17 17:12:46+00:00,SPY261030C00630000
SPY,2026-10-03,769.64,2026-10-30,C,635.0,136.11,138.36,136.41,1.0,155,0.5027515545654297,True,2026-09-30 16:12:09+00:00,SPY261030C00635000
SPY,2026-10-03,769.64,2026-10-30,C,640.0,131.15,133.4,131.65,1.0,111,0.4881032635498047,True,2026-10-02 16:57:28+00:00,SPY261030C00640000
SPY,2026-10-03,769.64,2026-10-30,C,641.0,130.16,131.99,121.67,4.0,3239,0.47119669433593747,True,2026-09-16 14:05:29+00:00,SPY261030C00641000
SPY,2026-10-03,769.64,2026-10-30,C,642.0,129.17,131.8,120.47,2.0,53,0.49445085632324226,True,2026-09-15 13:53:01+00:00,SPY261030C00642000
SPY,2026-10-03,769.64,2026-10-30,C,644.0,127.18,129.82,112.72,,1,0.4885915399169922,True,2026-09-16 19:52:09+00:00,SPY261030C00644000
SPY,2026-10-03,769.64,2026-10-30,C,645.0,126.19,128.85,119.67,2.0,21,0.4862111926269531,True,2026-09-17 17:14:25+00:00,SPY261030C00645000
SPY,2026-10-03,769.64,2026-10-30,C,646.0,125.19,127.84,117.68,8.0,7,0.4826711889648438,True,2026-09-16 15:27:28+00:00,SPY261030C00646000
SPY,2026-10-03,769.64,2026-10-30,C,648.0,123.21,125.85,114.96,,1,0.47650669982910154,True,2026-09-10 15:36:26+00:00,SPY261030C00648000
SPY,2026-10-03,769.64,2026-10-30,C,649.0,122.68,125.95,124.55,1.0,0,0.504460521850586,True,2026-08-04 14:38:21+00:00,SPY261030C00649000
SPY,2026-10-03,769.64,2026-10-30,C,650.0,121.23,123.88,123.33,8.0,87,0.4708915216064453,True,2026-10-02 14:01:58+00:00,SPY261030C00650000
SPY,2026-10-03,769.64,2026-10-30,C,651.0,0.0,0.0,120.1,1.0,0,1.0000000000000003e-05,True,2026-05-29 18:01:09+00:00,SPY261030C00651000
SPY,2026-10-03,769.64,2026-10-30,C,652.0,119.25,121.9,114.83,2.0,2,0.4650322052001954,True,2026-09-29 18:06:44+00:00,SPY261030C00652000
SPY,2026-10-03,769.64,2026-10-30,C,654.0,0.0,0.0,121.7,,0,1.0000000000000003e-05,True,2026-08-06 16:01:13+00:00,SPY261030C00654000
SPY,2026-10-03,769.64,2026-10-30,C,655.0,116.27,118.93,117.22,4.0,68,0.45618219604492194,True,2026-10-02 16:20:21+00:00,SPY261030C00655000
SPY,2026-10-03,769.64,2026-10-30,C,656.0,115.28,117.54,109.07,2.0,176,0.44147287048339845,True,2026-10-01 13:59:17+00:00,SPY261030C00656000
SPY,2026-10-03,769.64,2026-10-30,C,657.0,114.29,116.95,109.91,2.0,2,0.45026184509277345,True,2026-09-29 18:06:39+00:00,SPY261030C00657000
SPY,2026-10-03,769.64,2026-10-30,C,658.0,113.31,115.95,106.05,1.0,1,0.44696597961425777,True,2026-09-10 14:24:40+00:00,SPY261030C00658000
SPY,2026-10-03,769.64,2026-10-30,C,659.0,0.0,0.0,109.99,,0,1.0000000000000003e-05,True,2026-05-28 14:12:54+00:00,SPY261030C00659000
SPY,2026-10-03,769.64,2026-10-30,C,660.0,111.33,113.98,106.94,2.0,75,0.44135080139160154,True,2026-09-29 18:06:41+00:00,SPY261030C00660000
SPY,2026-10-03,769.64,2026-10-30,C,661.0,110.34,113.01,110.44,4.0,11,0.4389094195556641,True,2026-09-30 15:24:28+00:00,SPY261030C00661000
SPY,2026-10-03,769.64,2026-10-30,C,662.0,104.82,106.83,99.34,6.0,7,1.0000000000000003e-05,True,2026-05-13 15:28:25+00:00,SPY261030C00662000
SPY,2026-10-03,769.64,2026-10-30,C,663.0,108.35,111.03,110.91,1.0,1,0.4329890686035156,True,2026-09-25 16:25:12+00:00,SPY261030C00663000
SPY,2026-10-03,769.64,2026-10-30,C,664.0,107.36,110.02,107.23,1.0,1,0.4294490649414063,True,2026-09-30 17:15:03+00:00,SPY261030C00664000
SPY,2026-10-03,769.64,2026-10-30,C,665.0,106.37,109.04,106.86,1.0,15,0.42676354492187507,True,2026-09-30 15:53:37+00:00,SPY261030C00665000
SPY,2026-10-03,769.64,2026-10-30,C,666.0,105.39,108.03,105.27,2.0,14,0.4232235412597656,True,2026-10-02 15:11:41+00:00,SPY261030C00666000
SPY,2026-10-03,769.64,2026-10-30,C,668.0,103.41,106.07,95.08,2.0,4,0.4177914666748046,True,2026-09-16 14:15:07+00:00,SPY261030C00668000
SPY,2026-10-03,769.64,2026-10-30,C,669.0,102.42,105.06,93.12,1.0,2,0.41425146301269533,True,2026-09-10 14:05:27+00:00,SPY261030C00669000
SPY,2026-10-03,769.64,2026-10-30,C,670.0,101.43,104.07,102.3,1.0,62,0.4112607702636719,True,2026-09-29 18:06:48+00:00,SPY261030C00670000
SPY,2026-10-03,769.64,2026-10-30,C,671.0,100.44,103.11,91.73,2.0,0,0.40906352661132805,True,2026-09-14 14:59:57+00:00,SPY261030C00671000
SPY,2026-10-03,769.64,2026-10-30,C,672.0,99.45,102.1,102.68,1.0,5,0.4055540402221679,True,2026-09-25 16:28:39+00:00,SPY261030C00672000
SPY,2026-10-03,769.64,2026-10-30,C,673.0,98.47,101.14,93.0,1.0,29,0.40332627929687503,True,2026-09-17 13:30:28+00:00,SPY261030C00673000
SPY,2026-10-03,769.64,2026-10-30,C,674.0,97.48,100.14,87.35,15.0,16,0.4000609310913086,True,2026-09-15 17:39:58+00:00,SPY261030C00674000
SPY,2026-10-03,769.64,2026-10-30,C,675.0,96.5,99.16,97.34,1.0,5,0.39731437652587887,True,2026-10-02 16:26:17+00:00,SPY261030C00675000
SPY,2026-10-03,769.64,2026-10-30,C,677.0,94.52,97.16,93.11,1.0,2,0.39075316284179684,True,2026-09-30 18:30:44+00:00,SPY261030C00677000
SPY,2026-10-03,769.64,2026-10-30,C,678.0,93.53,96.2,93.9,1.0,2,0.38849488464355464,True,2026-10-02 18:50:46+00:00,SPY261030C00678000
SPY,2026-10-03,769.64,2026-10-30,C,679.0,92.55,95.21,93.21,1.0,3,0.38550419189453117,True,2026-08-31 14:17:44+00:00,SPY261030C00679000
SPY,2026-10-03,769.64,2026-10-30,C,680.0,91.56,93.82,86.9,30.0,115,0.3723207299804688,True,2026-10-01 18:01:58+00:00,SPY261030C00680000
SPY,2026-10-03,769.64,2026-10-30,C,681.0,90.58,93.25,84.74,2.0,18,0.379889013671875,True,2026-09-17 15:44:21+00:00,SPY261030C00681000
SPY,2026-10-03,769.64,2026-10-30,C,682.0,89.59,92.27,86.18,1.0,3,0.37711194183349606,True,2026-09-28 14:56:23+00:00,SPY261030C00682000
SPY,2026-10-03,769.64,2026-10-30,C,683.0,88.6,91.27,81.66,1.0,2,0.3738465936279296,True,2026-09-18 15:17:05+00:00,SPY261030C00683000
SPY,2026-10-03,769.64,2026-10-30,C,684.0,87.62,90.3,89.01,2.0,5,0.37128314270019536,True,2026-09-25 15:35:04+00:00,SPY261030C00684000
SPY,2026-10-03,769.64,2026-10-30,C,685.0,86.63,89.31,81.92,7.0,15,0.36820089813232426,True,2026-09-29 18:00:07+00:00,SPY261030C00685000
SPY,2026-10-03,769.64,2026-10-30,C,686.0,85.65,88.29,89.09,3.0,15,0.3644472735595704,True,2026-09-23 13:56:06+00:00,SPY261030C00686000
SPY,2026-10-03,769.64,2026-10-30,C,687.0,84.67,87.33,85.8,2.0,13,0.36206692626953124,True,2026-09-25 15:26:52+00:00,SPY261030C00687000
SPY,2026-10-03,769.64,2026-10-30,C,688.0,83.68,85.95,80.41,58.0,3558,0.34967691345214835,True,2026-09-29 18:56:28+00:00,SPY261030C00688000
SPY,2026-10-03,769.64,2026-10-30,C,689.0,82.7,84.95,88.67,319.0,3379,0.3464420825195312,True,2026-09-22 16:57:34+00:00,SPY261030C00689000
SPY,2026-10-03,769.64,2026-10-30,C,690.0,81.72,83.56,82.36,1.0,727,0.3336248278808594,True,2026-10-02 15:10:26+00:00,SPY261030C00690000
SPY,2026-10-03,769.64,2026-10-30,C,691.0,80.74,83.36,82.15,2.0,3,0.34955484436035156,True,2026-09-23 17:57:32+00:00,SPY261030C00691000
SPY,2026-10-03,769.64,2026-10-30,C,692.0,79.75,81.89,81.73,1.0,142,0.33521172607421873,True,2026-09-25 15:33:35+00:00,SPY261030C00692000
SPY,2026-10-03,769.64,2026-10-30,C,693.0,78.77,81.04,76.1,1.0,2176,0.33551689880371094,True,2026-09-29 14:37:00+00:00,SPY261030C00693000
SPY,2026-10-03,769.64,2026-10-30,C,694.0,77.79,80.46,84.16,3.0,30,0.3418644915771484,True,2026-09-22 15:07:12+00:00,SPY261030C00694000
SPY,2026-10-03,769.64,2026-10-30,C,695.0,76.81,79.08,73.07,6.0,2241,0.3299017205810546,True,2026-09-29 19:59:00+00:00,SPY261030C00695000
SPY,2026-10-03,769.64,2026-10-30,C,696.0,75.83,78.46,75.91,1.0,25,0.33521172607421873,True,2026-10-02 17:58:47+00:00,SPY261030C00696000
SPY,2026-10-03,769.64,2026-10-30,C,697.0,74.85,77.48,73.57,2.0,9,0.33231258514404294,True,2026-09-24 14:34:56+00:00,SPY261030C00697000
SPY,2026-10-03,769.64,2026-10-30,C,698.0,73.87,76.14,79.92,262.0,1494,0.32138740142822264,True,2026-09-22 16:57:34+00:00,SPY261030C00698000
SPY,2026-10-03,769.64,2026-10-30,C,699.0,72.9,75.54,76.5,3.0,47,0.32691102783203124,True,2026-09-23 13:58:03+00:00,SPY261030C00699000
SPY,2026-10-03,769.64,2026-10-30,C,700.0,71.92,73.79,72.36,11.0,1671,0.3068611795043945,True,2026-10-02 13:55:47+00:00,SPY261030C00700000
SPY,2026-10-03,769.64,2026-10-30,C,701.0,70.94,73.59,76.24,1.0,0,0.32129584960937496,True,2026-09-21 16:55:54+00:00,SPY261030C00701000
SPY,2026-10-03,769.64,2026-10-30,C,702.0,69.97,72.62,70.29,1.0,2,0.31854929504394525,True,2026-09-30 15:06:07+00:00,SPY261030C00702000
SPY,2026-10-03,769.64,2026-10-30,C,703.0,68.99,71.64,69.27,1.0,4,0.31558911956787106,True,2026-09-28 13:52:47+00:00,SPY261030C00703000
SPY,2026-10-03,769.64,2026-10-30,C,704.0,68.02,70.67,61.13,3.0,33,0.31284256500244134,True,2026-10-01 16:15:34+00:00,SPY261030C00704000
SPY,2026-10-03,769.64,2026-10-30,C,705.0,67.05,69.7,70.0,1.0,69,0.3100654931640625,True,2026-09-30 19:59:57+00:00,SPY261030C00705000
SPY,2026-10-03,769.64,2026-10-30,C,706.0,66.07,68.72,63.86,1.0,92,0.307074800415039,True,2026-09-30 13:55:24+00:00,SPY261030C00706000
SPY,2026-10-03,769.64,2026-10-30,C,707.0,65.1,67.76,66.0,1.0,29,0.30451134948730463,True,2026-09-30 19:42:51+00:00,SPY261030C00707000
SPY,2026-10-03,769.64,2026-10-30,C,708.0,64.14,66.79,68.34,2.0,17,0.30170376037597657,True,2026-09-21 15:47:10+00:00,SPY261030C00708000
SPY,2026-10-03,769.64,2026-10-30,C,709.0,63.16,65.85,63.45,1.0,17,0.2994759994506836,True,2026-10-02 17:42:36+00:00,SPY261030C00709000
SPY,2026-10-03,769.64,2026-10-30,C,710.0,62.21,64.47,54.53,1.0,767,0.28839822937011705,True,2026-10-01 15:34:39+00:00,SPY261030C00710000
SPY,2026-10-03,769.64,2026-10-30,C,711.0,61.23,63.88,58.93,1.0,98,0.2931894412231445,True,2026-09-30 19:50:01+00:00,SPY261030C00711000
SPY,2026-10-03,769.64,2026-10-30,C,712.0,60.27,62.92,62.1,1.0,41,0.29053443847656246,True,2026-09-25 15:30:07+00:00,SPY261030C00712000
SPY,2026-10-03,769.64,2026-10-30,C,713.0,59.31,61.95,52.6,3.0,79,0.2876352975463866,True,2026-10-01 16:15:34+00:00,SPY261030C00713000
SPY,2026-10-03,769.64,2026-10-30,C,714.0,58.34,61.03,63.07,2.0,27,0.2857127093505859,True,2026-09-04 17:29:04+00:00,SPY261030C00714000
SPY,2026-10-03,769.64,2026-10-30,C,715.0,57.38,59.66,61.07,6.0,998,0.27509269836425776,True,2026-10-01 15:07:13+00:00,SPY261030C00715000
SPY,2026-10-03,769.64,2026-10-30,C,716.0,56.43,59.11,58.32,2.0,16,0.2802501174926757,True,2026-09-25 15:30:07+00:00,SPY261030C00716000
SPY,2026-10-03,769.64,2026-10-30,C,717.0,55.46,58.1,56.95,1.0,24,0.2765575274658203,True,2026-09-25 15:00:04+00:00,SPY261030C00717000
SPY,2026-10-03,769.64,2026-10-30,C,718.0,54.51,57.2,54.86,1.0,28,0.2749095947265625,True,2026-09-30 14:06:03+00:00,SPY261030C00718000
SPY,2026-10-03,769.64,2026-10-30,C,719.0,53.55,55.84,56.22,2.0,106,0.2646863082885742,True,2026-09-23 15:04:23+00:00,SPY261030C00719000
SPY,2026-10-03,769.64,2026-10-30,C,720.0,52.6,54.9,53.41,4.0,1315,0.2623059609985352,True,2026-10-02 15:40:09+00:00,SPY261030C00720000
SPY,2026-10-03,769.64,2026-10-30,C,721.0,51.66,54.3,53.29,1.0,15,0.2660901028442383,True,2026-09-25 15:26:52+00:00,SPY261030C00721000
SPY,2026-10-03,769.64,2026-10-30,C,722.0,50.71,53.39,53.88,6.0,50,0.264106480102539,True,2026-10-02 14:23:08+00:00,SPY261030C00722000
SPY,2026-10-03,769.64,2026-10-30,C,723.0,49.76,52.45,48.7,4.0,40,0.2616040637207031,True,2026-09-30 13:30:06+00:00,SPY261030C00723000
SPY,2026-10-03,769.64,2026-10-30,C,724.0,48.82,51.5,46.0,74.0,95,0.2588575091552735,True,2026-10-01 17:30:30+00:00,SPY261030C00724000
SPY,2026-10-03,769.64,2026-10-30,C,725.0,47.87,50.52,48.54,4.0,525,0.25559216094970705,True,2026-10-02 19:01:35+00:00,SPY261030C00725000
SPY,2026-10-03,769.64,2026-10-30,C,726.0,46.93,49.62,41.2,2.0,79,0.2536695727539063,True,2026-10-01 14:34:36+00:00,SPY261030C00726000
SPY,2026-10-03,769.64,2026-10-30,C,727.0,47.02,47.55,46.48,1.0,56,0.23136144622802735,True,2026-10-02 18:53:47+00:00,SPY261030C00727000
SPY,2026-10-03,769.64,2026-10-30,C,728.0,46.09,46.61,42.03,10.0,287,0.22888954711914064,True,2026-09-30 19:54:52+00:00,SPY261030C00728000
SPY,2026-10-03,769.64,2026-10-30,C,729.0,45.16,45.67,45.87,1.0,95,0.22641764801025388,True,2026-09-25 15:29:59+00:00,SPY261030C00729000
SPY,2026-10-03,769.64,2026-10-30,C,730.0,44.23,44.74,44.5,3.0,870,0.224067817993164,True,2026-10-02 20:14:52+00:00,SPY261030C00730000
SPY,2026-10-03,769.64,2026-10-30,C,731.0,43.3,43.81,38.8,5.0,96,0.22168747070312497,True,2026-09-29 16:32:30+00:00,SPY261030C00731000
SPY,2026-10-03,769.64,2026-10-30,C,732.0,42.38,42.88,40.17,1.0,92,0.21927660614013672,True,2026-09-30 19:29:00+00:00,SPY261030C00732000
SPY,2026-10-03,769.64,2026-10-30,C,733.0,41.46,41.96,41.18,1.0,120,0.21701832794189452,True,2026-10-02 19:00:36+00:00,SPY261030C00733000
SPY,2026-10-03,769.64,2026-10-30,C,734.0,40.54,41.05,36.9,1.0,45,0.2148516015625,True,2026-10-01 17:30:03+00:00,SPY261030C00734000
SPY,2026-10-03,769.64,2026-10-30,C,735.0,39.63,40.12,35.16,38.0,326,0.2123186679077148,True,2026-10-01 17:28:31+00:00,SPY261030C00735000
SPY,2026-10-03,769.64,2026-10-30,C,736.0,38.72,39.22,40.82,1.0,64,0.21024349334716796,True,2026-10-01 18:34:54+00:00,SPY261030C00736000
SPY,2026-10-03,769.64,2026-10-30,C,737.0,37.82,38.31,40.18,1.0,124,0.20795469787597654,True,2026-10-02 14:26:23+00:00,SPY261030C00737000
SPY,2026-10-03,769.64,2026-10-30,C,738.0,36.92,37.4,36.88,1.0,144,0.20563538513183593,True,2026-09-30 14:09:09+00:00,SPY261030C00738000
SPY,2026-10-03,769.64,2026-10-30,C,739.0,36.02,36.5,30.03,102.0,214,0.20340762420654296,True,2026-10-01 14:48:26+00:00,SPY261030C00739000
SPY,2026-10-03,769.64,2026-10-30,C,740.0,35.13,35.61,34.66,15.0,2147,0.20130193237304686,True,2026-10-02 17:22:22+00:00,SPY261030C00740000
SPY,2026-10-03,769.64,2026-10-30,C,741.0,34.27,34.72,35.0,2.0,145,0.1991352059936523,True,2026-10-02 13:41:46+00:00,SPY261030C00741000
SPY,2026-10-03,769.64,2026-10-30,C,742.0,33.36,33.83,27.49,2.0,340,0.19690744506835936,True,2026-10-01 14:49:38+00:00,SPY261030C00742000
SPY,2026-10-03,769.64,2026-10-30,C,743.0,32.48,32.94,26.11,2.0,1063,0.19461864959716796,True,2026-10-01 15:30:05+00:00,SPY261030C00743000
SPY,2026-10-03,769.64,2026-10-30,C,744.0,31.61,32.08,31.63,1.0,278,0.19272657867431642,True,2026-10-02 19:52:29+00:00,SPY261030C00744000
SPY,2026-10-03,769.64,2026-10-30,C,745.0,30.74,31.21,30.75,65.0,1464,0.19062088684082032,True,2026-10-02 19:52:29+00:00,SPY261030C00745000
SPY,2026-10-03,769.64,2026-10-30,C,746.0,29.88,30.35,26.04,5.0,324,0.18860674682617187,True,2026-10-01 17:30:00+00:00,SPY261030C00746000
SPY,2026-10-03,769.64,2026-10-30,C,747.0,29.03,29.49,25.8,10.0,328,0.186531572265625,True,2026-10-01 17:37:01+00:00,SPY261030C00747000
SPY,2026-10-03,769.64,2026-10-30,C,748.0,28.2,28.65,29.39,1.0,89,0.1846395013427734,True,2026-10-01 19:58:21+00:00,SPY261030C00748000
SPY,2026-10-03,769.64,2026-10-30,C,749.0,27.36,27.8,29.62,1.0,462,0.18256432678222656,True,2026-10-02 14:24:42+00:00,SPY261030C00749000
SPY,2026-10-03,769.64,2026-10-30,C,750.0,26.53,26.97,26.5,52.0,2848,0.180672255859375,True,2026-10-02 19:35:09+00:00,SPY261030C00750000
SPY,2026-10-03,769.64,2026-10-30,C,751.0,25.79,26.09,26.5,1.0,371,0.17801725311279298,True,2026-10-01 17:26:08+00:00,SPY261030C00751000
SPY,2026-10-03,769.64,2026-10-30,C,752.0,24.88,25.3,26.0,1.0,193,0.17652190673828128,True,2026-10-02 13:42:07+00:00,SPY261030C00752000
SPY,2026-10-03,769.64,2026-10-30,C,753.0,24.04,24.48,26.16,3.0,57,0.17453828399658206,True,2026-10-02 14:38:56+00:00,SPY261030C00753000
SPY,2026-10-03,769.64,2026-10-30,C,754.0,23.23,23.69,23.18,3.0,211,0.17285983398437502,True,2026-10-02 16:33:34+00:00,SPY261030C00754000
SPY,2026-10-03,769.64,2026-10-30,C,755.0,22.44,22.82,22.52,17.0,1012,0.1700522448730469,True,2026-10-02 20:05:01+00:00,SPY261030C00755000
SPY,2026-10-03,769.64,2026-10-30,C,756.0,21.65,22.04,21.75,24.0,98,0.16831276031494147,True,2026-10-02 19:39:55+00:00,SPY261030C00756000
SPY,2026-10-03,769.64,2026-10-30,C,757.0,21.0,21.23,20.96,12.0,369,0.16611551666259772,True,2026-10-02 20:05:27+00:00,SPY261030C00757000
SPY,2026-10-03,769.64,2026-10-30,C,758.0,20.1,20.48,20.08,26.0,251,0.1645591357421875,True,2026-10-02 16:33:34+00:00,SPY261030C00758000
SPY,2026-10-03,769.64,2026-10-30,C,759.0,19.34,19.71,19.04,15.0,376,0.16266706481933596,True,2026-10-02 18:54:38+00:00,SPY261030C00759000
SPY,2026-10-03,769.64,2026-10-30,C,760.0,18.61,18.95,18.74,1041.0,4071,0.1607749938964844,True,2026-10-02 20:04:58+00:00,SPY261030C00760000
SPY,2026-10-03,769.64,2026-10-30,C,761.0,17.86,18.21,17.33,60.0,503,0.1590355093383789,True,2026-10-02 18:18:06+00:00,SPY261030C00761000
SPY,2026-10-03,769.64,2026-10-30,C,762.0,17.15,17.48,17.14,31.0,655,0.15729602478027344,True,2026-10-02 19:45:31+00:00,SPY261030C00762000
SPY,2026-10-03,769.64,2026-10-30,C,763.0,16.43,16.78,16.38,81.0,959,0.15580067840576173,True,2026-10-02 19:49:02+00:00,SPY261030C00763000
SPY,2026-10-03,769.64,2026-10-30,C,764.0,15.71,16.05,15.9,202.0,939,0.15383231430053712,True,2026-10-02 19:45:04+00:00,SPY261030C00764000
SPY,2026-10-03,769.64,2026-10-30,C,765.0,15.16,15.34,15.11,926.0,3189,0.1519707606506348,True,2026-10-02 20:13:50+00:00,SPY261030C00765000
SPY,2026-10-03,769.64,2026-10-30,C,766.0,14.46,14.66,14.44,147.0,1972,0.15033808654785158,True,2026-10-02 20:13:50+00:00,SPY261030C00766000
SPY,2026-10-03,769.64,2026-10-30,C,767.0,13.8,14.03,13.86,204.0,2351,0.14917843017578125,True,2026-10-02 20:14:42+00:00,SPY261030C00767000
SPY,2026-10-03,769.64,2026-10-30,C,768.0,13.15,13.35,13.21,944.0,2039,0.1472711006164551,True,2026-10-02 20:14:42+00:00,SPY261030C00768000
SPY,2026-10-03,769.64,2026-10-30,C,769.0,12.54,12.7,12.45,1113.0,1673,0.14557739196777342,True,2026-10-02 20:03:26+00:00,SPY261030C00769000
SPY,2026-10-03,769.64,2026-10-30,C,770.0,11.96,12.01,11.96,2808.0,7084,0.14327333786010743,False,2026-10-02 20:11:35+00:00,SPY261030C00770000
SPY,2026-10-03,769.64,2026-10-30,C,771.0,11.36,11.41,11.24,1159.0,1438,0.14188480194091796,False,2026-10-02 19:42:20+00:00,SPY261030C00771000
SPY,2026-10-03,769.64,2026-10-30,C,772.0,10.77,10.83,10.49,610.0,798,0.14054204193115233,False,2026-10-02 19:57:39+00:00,SPY261030C00772000
SPY,2026-10-03,769.64,2026-10-30,C,773.0,10.2,10.25,10.2,623.0,700,0.13907721282958985,False,2026-10-02 20:11:51+00:00,SPY261030C00773000
SPY,2026-10-03,769.64,2026-10-30,C,774.0,9.65,9.69,9.7,393.0,1805,0.1376581596374512,False,2026-10-02 20:14:33+00:00,SPY261030C00774000
SPY,2026-10-03,769.64,2026-10-30,C,775.0,9.11,9.16,9.15,1568.0,5897,0.1364222100830078,False,2026-10-02 20:14:53+00:00,SPY261030C00775000
SPY,2026-10-03,769.64,2026-10-30,C,776.0,8.59,8.64,8.58,577.0,1708,0.13514048461914066,False,2026-10-02 20:11:56+00:00,SPY261030C00776000
SPY,2026-10-03,769.64,2026-10-30,C,777.0,8.09,8.14,8.06,274.0,1471,0.13391979370117188,False,2026-10-02 20:07:39+00:00,SPY261030C00777000
SPY,2026-10-03,769.64,2026-10-30,C,778.0,7.61,7.65,7.57,319.0,1680,0.1326380682373047,False,2026-10-02 20:04:34+00:00,SPY261030C00778000
SPY,2026-10-03,769.64,2026-10-30,C,779.0,7.14,7.19,6.96,427.0,1125,0.1315394464111328,False,2026-10-02 19:59:40+00:00,SPY261030C00779000
SPY,2026-10-03,769.64,2026-10-30,C,780.0,6.7,6.74,6.73,3520.0,8288,0.13037979003906247,False,2026-10-02 20:14:55+00:00,SPY261030C00780000
SPY,2026-10-03,769.64,2026-10-30,C,781.0,6.27,6.31,6.26,393.0,1028,0.12926590957641604,False,2026-10-02 20:11:56+00:00,SPY261030C00781000
SPY,2026-10-03,769.64,2026-10-30,C,782.0,5.86,5.9,5.83,311.0,1852,0.12821306365966795,False,2026-10-02 20:09:21+00:00,SPY261030C00782000
SPY,2026-10-03,769.64,2026-10-30,C,783.0,5.47,5.51,5.46,353.0,22568,0.12720599365234375,False,2026-10-02 20:06:56+00:00,SPY261030C00783000
SPY,2026-10-03,769.64,2026-10-30,C,784.0,5.1,5.14,5.07,899.0,706,0.12629047546386718,False,2026-10-02 20:06:56+00:00,SPY261030C00784000
SPY,2026-10-03,769.64,2026-10-30,C,785.0,4.75,4.78,4.78,1567.0,11137,0.12528340545654298,False,2026-10-02 20:14:53+00:00,SPY261030C00785000
SPY,2026-10-03,769.64,2026-10-30,C,786.0,4.42,4.45,4.31,377.0,813,0.12445943908691406,False,2026-10-02 19:54:24+00:00,SPY261030C00786000
SPY,2026-10-03,769.64,2026-10-30,C,787.0,4.1,4.13,4.05,306.0,556,0.12360495544433595,False,2026-10-02 20:03:02+00:00,SPY261030C00787000
SPY,2026-10-03,769.64,2026-10-30,C,788.0,3.8,3.83,3.8,343.0,647,0.12281150634765625,False,2026-10-02 20:13:02+00:00,SPY261030C00788000
SPY,2026-10-03,769.64,2026-10-30,C,789.0,3.52,3.55,3.46,402.0,1384,0.12207909179687501,False,2026-10-02 20:01:39+00:00,SPY261030C00789000
SPY,2026-10-03,769.64,2026-10-30,C,790.0,3.25,3.28,3.21,1805.0,24236,0.12131615997314452,False,2026-10-02 20:05:15+00:00,SPY261030C00790000
SPY,2026-10-03,769.64,2026-10-30,C,791.0,3.0,3.03,2.97,64.0,664,0.12064477996826173,False,2026-10-02 20:05:15+00:00,SPY261030C00791000
SPY,2026-10-03,769.64,2026-10-30,C,792.0,2.76,2.79,2.65,290.0,1209,0.11991236541748046,False,2026-10-02 19:33:11+00:00,SPY261030C00792000
SPY,2026-10-03,769.64,2026-10-30,C,793.0,2.55,2.57,2.46,290.0,934,0.1193020199584961,False,2026-10-02 19:44:15+00:00,SPY261030C00793000
SPY,2026-10-03,769.64,2026-10-30,C,794.0,2.35,2.37,2.37,217.0,2111,0.11881374359130858,False,2026-10-02 20:14:42+00:00,SPY261030C00794000
SPY,2026-10-03,769.64,2026-10-30,C,795.0,2.16,2.17,2.14,13196.0,5442,0.11811184631347656,False,2026-10-02 20:07:18+00:00,SPY261030C00795000
SPY,2026-10-03,769.64,2026-10-30,C,796.0,1.98,2.0,1.95,541.0,1074,0.11777615631103515,False,2026-10-02 20:05:38+00:00,SPY261030C00796000
SPY,2026-10-03,769.64,2026-10-30,C,797.0,1.81,1.83,1.76,416.0,1820,0.11722684539794923,False,2026-10-02 19:41:08+00:00,SPY261030C00797000
SPY,2026-10-03,769.64,2026-10-30,C,798.0,1.66,1.68,1.66,256.0,5102,0.11686063812255859,False,2026-10-02 19:53:57+00:00,SPY261030C00798000
SPY,2026-10-03,769.64,2026-10-30,C,799.0,1.52,1.54,1.47,49.0,1231,0.1165249481201172,False,2026-10-02 19:06:56+00:00,SPY261030C00799000
SPY,2026-10-03,769.64,2026-10-30,C,800.0,1.39,1.41,1.39,5157.0,38638,0.11615874084472656,False,2026-10-02 20:06:17+00:00,SPY261030C00800000
SPY,2026-10-03,769.64,2026-10-30,C,801.0,1.27,1.29,1.27,600.0,950,0.11585356811523437,False,2026-10-02 20:09:03+00:00,SPY261030C00801000
SPY,2026-10-03,769.64,2026-10-30,C,802.0,1.16,1.18,1.12,244.0,1005,0.11560942993164064,False,2026-10-02 19:58:29+00:00,SPY261030C00802000
SPY,2026-10-03,769.64,2026-10-30,C,803.0,1.06,1.07,1.06,163.0,2144,0.11512115356445313,False,2026-10-02 20:11:52+00:00,SPY261030C00803000
SPY,2026-10-03,769.64,2026-10-30,C,804.0,0.96,0.98,0.93,62.0,1960,0.11506011901855469,False,2026-10-02 19:34:41+00:00,SPY261030C00804000
SPY,2026-10-03,769.64,2026-10-30,C,805.0,0.88,0.9,0.88,365.0,9357,0.11499908447265625,False,2026-10-02 20:08:24+00:00,SPY261030C00805000
SPY,2026-10-03,769.64,2026-10-30,C,806.0,0.8,0.82,0.8,32.0,2812,0.11481598083496095,False,2026-10-02 20:09:03+00:00,SPY261030C00806000
SPY,2026-10-03,769.64,2026-10-30,C,807.0,0.73,0.75,0.73,89.0,3022,0.1147549462890625,False,2026-10-02 20:05:38+00:00,SPY261030C00807000
SPY,2026-10-03,769.64,2026-10-30,C,808.0,0.67,0.69,0.65,3335.0,1288,0.11493804992675781,False,2026-10-02 19:51:47+00:00,SPY261030C00808000
SPY,2026-10-03,769.64,2026-10-30,C,809.0,0.61,0.63,0.58,462.0,2003,0.11487701538085937,False,2026-10-02 19:41:51+00:00,SPY261030C00809000
SPY,2026-10-03,769.64,2026-10-30,C,810.0,0.56,0.57,0.55,1217.0,3478,0.11463287719726564,False,2026-10-02 19:58:23+00:00,SPY261030C00810000
SPY,2026-10-03,769.64,2026-10-30,C,811.0,0.51,0.53,0.5,173.0,692,0.11512115356445313,False,2026-10-02 19:58:29+00:00,SPY261030C00811000
SPY,2026-10-03,769.64,2026-10-30,C,812.0,0.47,0.48,0.46,41.0,347,0.11493804992675781,False,2026-10-02 20:06:00+00:00,SPY261030C00812000
SPY,2026-10-03,769.64,2026-10-30,C,813.0,0.43,0.44,0.44,6.0,420,0.11512115356445313,False,2026-10-02 16:43:32+00:00,SPY261030C00813000
SPY,2026-10-03,769.64,2026-10-30,C,814.0,0.39,0.41,0.38,36.0,1668,0.11560942993164064,False,2026-10-02 18:39:53+00:00,SPY261030C00814000
SPY,2026-10-03,769.64,2026-10-30,C,815.0,0.36,0.37,0.36,810.0,2699,0.11548736083984376,False,2026-10-02 19:45:04+00:00,SPY261030C00815000
SPY,2026-10-03,769.64,2026-10-30,C,816.0,0.33,0.34,0.32,1049.0,2590,0.1157314990234375,False,2026-10-02 18:17:10+00:00,SPY261030C00816000
SPY,2026-10-03,769.64,2026-10-30,C,817.0,0.3,0.32,0.25,215.0,2767,0.11646391357421876,False,2026-10-01 17:38:09+00:00,SPY261030C00817000
SPY,2026-10-03,769.64,2026-10-30,C,818.0,0.28,0.29,0.29,38.0,2320,0.11634184448242188,False,2026-10-02 20:03:40+00:00,SPY261030C00818000
SPY,2026-10-03,769.64,2026-10-30,C,819.0,0.26,0.27,0.31,125.0,1609,0.11695218994140624,False,2026-10-02 13:49:02+00:00,SPY261030C00819000
SPY,2026-10-03,769.64,2026-10-30,C,820.0,0.24,0.25,0.25,374.0,5650,0.11731839721679688,False,2026-10-02 20:13:14+00:00,SPY261030C00820000
SPY,2026-10-03,769.64,2026-10-30,C,821.0,0.22,0.23,0.22,84.0,2817,0.11756253540039063,False,2026-10-02 19:58:07+00:00,SPY261030C00821000
SPY,2026-10-03,769.64,2026-10-30,C,822.0,0.21,0.22,0.3,16.0,678,0.1186611572265625,False,2026-10-02 13:49:30+00:00,SPY261030C00822000
SPY,2026-10-03,769.64,2026-10-30,C,823.0,0.19,0.2,0.23,29.0,879,0.1186611572265625,False,2026-09-30 20:00:01+00:00,SPY261030C00823000
SPY,2026-10-03,769.64,2026-10-30,C,824.0,0.18,0.19,0.2,49.0,1596,0.11963770996093749,False,2026-10-02 15:28:30+00:00,SPY261030C00824000
SPY,2026-10-03,769.64,2026-10-30,C,825.0,0.17,0.18,0.17,326.0,4447,0.12037012451171875,False,2026-10-02 19:58:48+00:00,SPY261030C00825000
SPY,2026-10-03,769.64,2026-10-30,C,826.0,0.16,0.17,0.21,189.0,325,0.1211025390625,False,2026-10-02 15:04:50+00:00,SPY261030C00826000
SPY,2026-10-03,769.64,2026-10-30,C,827.0,0.15,0.16,0.22,41.0,6125,0.12183495361328125,False,2026-10-02 14:53:36+00:00,SPY261030C00827000
SPY,2026-10-03,769.64,2026-10-30,C,828.0,0.14,0.15,0.21,42.0,58,0.12232322998046877,False,2026-10-02 13:47:24+00:00,SPY261030C00828000
SPY,2026-10-03,769.64,2026-10-30,C,829.0,0.13,0.14,0.1,7570.0,7136,0.12305564453125001,False,2026-10-01 16:14:41+00:00,SPY261030C00829000
SPY,2026-10-03,769.64,2026-10-30,C,830.0,0.12,0.13,0.12,295.0,17635,0.12329978271484376,False,2026-10-02 19:26:18+00:00,SPY261030C00830000
SPY,2026-10-03,769.64,2026-10-30,C,831.0,0.11,0.12,0.15,46.0,4112,0.12378805908203125,False,2026-10-01 16:14:56+00:00,SPY261030C00831000
SPY,2026-10-03,769.64,2026-10-30,C,832.0,0.11,0.12,0.16,23.0,1585,0.12549702636718751,False,2026-10-02 14:35:02+00:00,SPY261030C00832000
SPY,2026-10-03,769.64,2026-10-30,C,833.0,0.1,0.11,0.13,564.0,734,0.12549702636718751,False,2026-10-02 15:11:06+00:00,SPY261030C00833000
SPY,2026-10-03,769.64,2026-10-30,C,834.0,0.1,0.11,0.1,2.0,10319,0.12720599365234375,False,2026-10-02 19:02:32+00:00,SPY261030C00834000
SPY,2026-10-03,769.64,2026-10-30,C,835.0,0.09,0.1,0.1,29.0,3307,0.1274501318359375,False,2026-10-02 19:29:05+00:00,SPY261030C00835000
SPY,2026-10-03,769.64,2026-10-30,C,840.0,0.07,0.08,0.08,11.0,879,0.131844619140625,False,2026-10-02 20:08:32+00:00,SPY261030C00840000
SPY,2026-10-03,769.64,2026-10-30,C,845.0,0.06,0.07,0.05,10.0,622,0.13721565917968753,False,2026-10-02 19:58:48+00:00,SPY261030C00845000
SPY,2026-10-03,769.64,2026-10-30,C,850.0,0.04,0.05,0.07,47.0,2344,0.139657041015625,False,2026-10-02 14:24:55+00:00,SPY261030C00850000
SPY,2026-10-03,769.64,2026-10-30,C,855.0,0.04,0.05,0.04,1.0,1092,0.14649291015625,False,2026-10-01 18:06:12+00:00,SPY261030C00855000
SPY,2026-10-03,769.64,2026-10-30,C,860.0,0.03,0.04,0.04,4.0,1618,0.15039912109375003,False,2026-10-02 17:48:25+00:00,SPY261030C00860000
SPY,2026-10-03,769.64,2026-10-30,C,865.0,0.02,0.03,0.04,48.0,995,0.15235222656250003,False,2026-10-02 17:55:34+00:00,SPY261030C00865000
SPY,2026-10-03,769.64,2026-10-30,C,870.0,0.02,0.03,0.03,10.0,658,0.159188095703125,False,2026-10-01 18:35:55+00:00,SPY261030C00870000
SPY,2026-10-03,769.64,2026-10-30,C,875.0,0.01,0.02,0.03,24.0,473,0.1601646484375,False,2026-09-28 19:45:50+00:00,SPY261030C00875000
SPY,2026-10-03,769.64,2026-10-30,C,880.0,0.01,0.02,0.02,101.0,587,0.16602396484375004,False,2026-10-02 14:33:33+00:00,SPY261030C00880000
SPY,2026-10-03,769.64,2026-10-30,C,885.0,0.01,0.02,0.01,3.0,294,0.17285983398437502,False,2026-09-29 17:36:37+00:00,SPY261030C00885000
SPY,2026-10-03,769.64,2026-10-30,C,890.0,0.01,0.02,0.01,20.0,472,0.179695703125,False,2026-09-29 14:59:18+00:00,SPY261030C00890000
SPY,2026-10-03,769.64,2026-10-30,C,895.0,0.01,0.02,0.01,2.0,156,0.18555501953124998,False,2026-09-29 19:32:32+00:00,SPY261030C00895000
SPY,2026-10-03,769.64,2026-10-30,C,900.0,0.01,0.02,0.02,1.0,1639,0.1914143359375,False,2026-10-01 14:05:20+00:00,SPY261030C00900000
SPY,2026-10-03,769.64,2026-10-30,C,910.0,0.0,0.01,0.02,1.0,1,0.1914143359375,False,2026-09-30 13:52:44+00:00,SPY261030C00910000
SPY,2026-10-03,769.64,2026-10-30,C,915.0,0.0,0.01,0.01,1.0,1,0.1992267578125,False,2026-09-25 14:43:02+00:00,SPY261030C00915000
SPY,2026-10-03,769.64,2026-10-30,C,920.0,0.0,0.01,0.01,2.0,16,0.20313296874999998,False,2026-09-30 19:01:06+00:00,SPY261030C00920000
SPY,2026-10-03,769.64,2026-10-30,C,925.0,0.0,0.01,0.01,100.0,100,0.20899228515624996,False,2026-09-25 16:09:02+00:00,SPY261030C00925000
SPY,2026-10-03,769.64,2026-10-30,C,930.0,0.0,0.01,0.01,1.0,17,0.2148516015625,False,2026-09-29 20:03:27+00:00,SPY261030C00930000
SPY,2026-10-03,769.64,2026-10-30,P,470.0,0.03,0.04,0.03,7.0,78126,0.5898478515625001,False,2026-10-02 17:21:59+00:00,SPY261030P00470000
SPY,2026-10-03,769.64,2026-10-30,P,475.0,0.03,0.04,0.05,99.0,386,0.57812921875,False,2026-10-02 19:25:50+00:00,SPY261030P00475000
SPY,2026-10-03,769.64,2026-10-30,P,480.0,0.04,0.05,0.04,72.0,445,0.57812921875,False,2026-10-02 14:06:06+00:00,SPY261030P00480000
SPY,2026-10-03,769.64,2026-10-30,P,485.0,0.04,0.05,0.07,100.0,140,0.5664105859375,False,2026-09-29 13:58:41+00:00,SPY261030P00485000
SPY,2026-10-03,769.64,2026-10-30,P,490.0,0.04,0.05,0.05,22.0,243,0.5546919531250001,False,2026-10-02 13:43:17+00:00,SPY261030P00490000
SPY,2026-10-03,769.64,2026-10-30,P,495.0,0.05,0.06,0.05,22.0,275,0.55273884765625,False,2026-10-02 13:59:09+00:00,SPY261030P00495000
SPY,2026-10-03,769.64,2026-10-30,P,500.0,0.05,0.06,0.05,605.0,1923,0.5410202148437502,False,2026-10-02 19:50:47+00:00,SPY261030P00500000
SPY,2026-10-03,769.64,2026-10-30,P,505.0,0.05,0.06,0.05,10.0,277,0.5302781347656251,False,2026-10-01 15:27:41+00:00,SPY261030P00505000
SPY,2026-10-03,769.64,2026-10-30,P,510.0,0.06,0.07,0.08,180.0,750,0.5273484765625001,False,2026-10-02 17:57:57+00:00,SPY261030P00510000
SPY,2026-10-03,769.64,2026-10-30,P,515.0,0.06,0.07,0.09,4.0,325,0.51562984375,False,2026-10-01 19:44:46+00:00,SPY261030P00515000
SPY,2026-10-03,769.64,2026-10-30,P,520.0,0.07,0.08,0.06,5.0,488,0.5107470800781251,False,2026-10-01 17:50:32+00:00,SPY261030P00520000
SPY,2026-10-03,769.64,2026-10-30,P,525.0,0.07,0.08,0.08,1.0,404,0.500005,False,2026-10-02 16:31:06+00:00,SPY261030P00525000
SPY,2026-10-03,769.64,2026-10-30,P,530.0,0.08,0.09,0.12,1.0,611,0.49707534179687507,False,2026-10-01 17:13:44+00:00,SPY261030P00530000
SPY,2026-10-03,769.64,2026-10-30,P,535.0,0.08,0.09,0.08,1.0,218,0.485356708984375,False,2026-10-02 16:09:59+00:00,SPY261030P00535000
SPY,2026-10-03,769.64,2026-10-30,P,540.0,0.09,0.1,0.08,1.0,572,0.47949739257812496,False,2026-10-01 14:12:42+00:00,SPY261030P00540000
SPY,2026-10-03,769.64,2026-10-30,P,545.0,0.1,0.11,0.1,101.0,479,0.4726615234375,False,2026-10-02 17:55:56+00:00,SPY261030P00545000
SPY,2026-10-03,769.64,2026-10-30,P,550.0,0.1,0.11,0.11,19.0,1181,0.46094289062500005,False,2026-10-02 14:56:39+00:00,SPY261030P00550000
SPY,2026-10-03,769.64,2026-10-30,P,555.0,0.11,0.12,0.11,4.0,443,0.454107021484375,False,2026-10-02 19:30:26+00:00,SPY261030P00555000
SPY,2026-10-03,769.64,2026-10-30,P,560.0,0.12,0.13,0.12,63.0,376,0.446294599609375,False,2026-10-02 20:04:06+00:00,SPY261030P00560000
SPY,2026-10-03,769.64,2026-10-30,P,565.0,0.13,0.14,0.13,11.0,256,0.43848217773437503,False,2026-10-02 18:13:54+00:00,SPY261030P00565000
SPY,2026-10-03,769.64,2026-10-30,P,570.0,0.14,0.15,0.13,6.0,150615,0.43066975585937506,False,2026-10-02 15:22:17+00:00,SPY261030P00570000
SPY,2026-10-03,769.64,2026-10-30,P,575.0,0.15,0.16,0.14,46.0,1306,0.42236905761718746,False,2026-10-02 15:09:30+00:00,SPY261030P00575000
SPY,2026-10-03,769.64,2026-10-30,P,580.0,0.16,0.17,0.16,97.0,2669,0.414068359375,False,2026-10-02 17:51:52+00:00,SPY261030P00580000
SPY,2026-10-03,769.64,2026-10-30,P,585.0,0.17,0.18,0.16,1.0,569,0.405279384765625,False,2026-10-02 14:27:17+00:00,SPY261030P00585000
SPY,2026-10-03,769.64,2026-10-30,P,590.0,0.18,0.19,0.18,31.0,972,0.3969786865234375,False,2026-10-02 18:55:36+00:00,SPY261030P00590000
SPY,2026-10-03,769.64,2026-10-30,P,595.0,0.19,0.2,0.2,448.0,21392,0.387701435546875,False,2026-10-02 19:49:22+00:00,SPY261030P00595000
SPY,2026-10-03,769.64,2026-10-30,P,600.0,0.21,0.22,0.22,284.0,21824,0.38086556640624997,False,2026-10-02 19:46:19+00:00,SPY261030P00600000
SPY,2026-10-03,769.64,2026-10-30,P,605.0,0.22,0.23,0.22,15.0,1100,0.3715883154296875,False,2026-10-02 20:13:01+00:00,SPY261030P00605000
SPY,2026-10-03,769.64,2026-10-30,P,610.0,0.23,0.24,0.25,353.0,1135,0.362311064453125,False,2026-10-02 19:09:53+00:00,SPY261030P00610000
SPY,2026-10-03,769.64,2026-10-30,P,615.0,0.25,0.26,0.25,191.0,718,0.35474278076171867,False,2026-10-02 20:10:16+00:00,SPY261030P00615000
SPY,2026-10-03,769.64,2026-10-30,P,620.0,0.27,0.28,0.29,102.0,2614,0.34668622070312494,False,2026-10-02 18:13:43+00:00,SPY261030P00620000
SPY,2026-10-03,769.64,2026-10-30,P,625.0,0.28,0.29,0.29,78.0,1118,0.336920693359375,False,2026-10-02 18:20:58+00:00,SPY261030P00625000
SPY,2026-10-03,769.64,2026-10-30,P,630.0,0.3,0.31,0.3,168.0,2164,0.3286199951171874,False,2026-10-02 20:06:51+00:00,SPY261030P00630000
SPY,2026-10-03,769.64,2026-10-30,P,635.0,0.33,0.34,0.32,16.0,700,0.32129584960937496,False,2026-10-02 20:06:44+00:00,SPY261030P00635000
SPY,2026-10-03,769.64,2026-10-30,P,640.0,0.35,0.36,0.36,30.0,724,0.31250687499999996,False,2026-10-02 15:23:36+00:00,SPY261030P00640000
SPY,2026-10-03,769.64,2026-10-30,P,641.0,0.35,0.36,0.59,14.0,404,0.3103096313476562,False,2026-10-01 15:49:42+00:00,SPY261030P00641000
SPY,2026-10-03,769.64,2026-10-30,P,642.0,0.36,0.37,0.33,1.0,135,0.3090889404296875,False,2026-10-02 14:43:37+00:00,SPY261030P00642000
SPY,2026-10-03,769.64,2026-10-30,P,643.0,0.36,0.37,0.5,3.0,396,0.30689169677734374,False,2026-10-01 18:39:45+00:00,SPY261030P00643000
SPY,2026-10-03,769.64,2026-10-30,P,644.0,0.37,0.38,0.4,82.0,407,0.305671005859375,False,2026-10-02 16:46:42+00:00,SPY261030P00644000
SPY,2026-10-03,769.64,2026-10-30,P,645.0,0.37,0.38,0.39,334.0,488,0.3034737622070312,False,2026-10-02 17:51:52+00:00,SPY261030P00645000
SPY,2026-10-03,769.64,2026-10-30,P,646.0,0.38,0.39,0.39,1.0,361,0.30225307128906254,False,2026-10-02 16:45:33+00:00,SPY261030P00646000
SPY,2026-10-03,769.64,2026-10-30,P,647.0,0.38,0.39,0.59,202.0,257,0.2999337585449219,False,2026-09-29 15:23:57+00:00,SPY261030P00647000
SPY,2026-10-03,769.64,2026-10-30,P,648.0,0.39,0.4,0.59,5.0,413,0.29883513671874995,False,2026-09-28 13:54:25+00:00,SPY261030P00648000
SPY,2026-10-03,769.64,2026-10-30,P,649.0,0.39,0.4,0.41,147.0,277,0.2963937548828125,False,2026-10-02 18:54:27+00:00,SPY261030P00649000
SPY,2026-10-03,769.64,2026-10-30,P,650.0,0.4,0.41,0.4,775.0,8382,0.2951730639648437,False,2026-10-02 20:10:38+00:00,SPY261030P00650000
SPY,2026-10-03,769.64,2026-10-30,P,651.0,0.41,0.42,0.41,1.0,154,0.29395237304687494,False,2026-10-01 15:08:27+00:00,SPY261030P00651000
SPY,2026-10-03,769.64,2026-10-30,P,652.0,0.41,0.42,0.43,62.0,469,0.2916330603027343,False,2026-10-02 18:54:27+00:00,SPY261030P00652000
SPY,2026-10-03,769.64,2026-10-30,P,653.0,0.42,0.43,0.44,50.0,479,0.2902903002929687,False,2026-10-02 17:51:52+00:00,SPY261030P00653000
SPY,2026-10-03,769.64,2026-10-30,P,654.0,0.42,0.43,0.42,18.0,189,0.2880930566406249,False,2026-10-02 20:14:25+00:00,SPY261030P00654000
SPY,2026-10-03,769.64,2026-10-30,P,655.0,0.43,0.44,0.45,68.0,6221,0.2866282275390625,False,2026-10-02 17:48:08+00:00,SPY261030P00655000
SPY,2026-10-03,769.64,2026-10-30,P,656.0,0.44,0.45,0.46,7.0,455,0.2854075366210937,False,2026-10-02 17:51:52+00:00,SPY261030P00656000
SPY,2026-10-03,769.64,2026-10-30,P,657.0,0.44,0.45,0.6,5.0,505,0.2829661547851562,False,2026-10-01 19:33:11+00:00,SPY261030P00657000
SPY,2026-10-03,769.64,2026-10-30,P,658.0,0.45,0.46,0.47,102.0,85,0.28174546386718746,False,2026-10-02 18:54:27+00:00,SPY261030P00658000
SPY,2026-10-03,769.64,2026-10-30,P,659.0,0.46,0.47,0.47,97.0,316,0.2802806347656249,False,2026-10-02 17:41:05+00:00,SPY261030P00659000
SPY,2026-10-03,769.64,2026-10-30,P,660.0,0.46,0.47,0.47,55.0,962,0.2779613220214844,False,2026-10-02 20:06:28+00:00,SPY261030P00660000
SPY,2026-10-03,769.64,2026-10-30,P,661.0,0.47,0.48,0.49,8.0,89,0.27649649291992184,False,2026-10-02 15:58:30+00:00,SPY261030P00661000
SPY,2026-10-03,769.64,2026-10-30,P,662.0,0.48,0.49,0.5,59.0,256,0.2751537329101562,False,2026-10-02 16:46:02+00:00,SPY261030P00662000
SPY,2026-10-03,769.64,2026-10-30,P,663.0,0.48,0.49,0.51,48.0,544,0.2727123510742187,False,2026-10-02 16:46:02+00:00,SPY261030P00663000
SPY,2026-10-03,769.64,2026-10-30,P,664.0,0.49,0.5,0.52,187.0,821,0.2712475219726562,False,2026-10-02 16:46:02+00:00,SPY261030P00664000
SPY,2026-10-03,769.64,2026-10-30,P,665.0,0.5,0.51,0.52,364.0,644,0.26978269287109374,False,2026-10-02 19:31:10+00:00,SPY261030P00665000
SPY,2026-10-03,769.64,2026-10-30,P,666.0,0.5,0.52,0.5,191.0,378,0.2683178637695312,False,2026-10-02 15:00:26+00:00,SPY261030P00666000
SPY,2026-10-03,769.64,2026-10-30,P,667.0,0.51,0.52,0.51,6.0,308,0.26587648193359376,False,2026-10-02 20:09:05+00:00,SPY261030P00667000
SPY,2026-10-03,769.64,2026-10-30,P,668.0,0.52,0.53,0.67,1.0,76,0.2644116528320312,False,2026-09-30 15:48:17+00:00,SPY261030P00668000
SPY,2026-10-03,769.64,2026-10-30,P,669.0,0.53,0.54,0.93,5.0,141,0.26282475463867194,False,2026-10-01 15:33:31+00:00,SPY261030P00669000
SPY,2026-10-03,769.64,2026-10-30,P,670.0,0.54,0.55,0.54,105.0,76467,0.2612378564453125,False,2026-10-02 19:58:48+00:00,SPY261030P00670000
SPY,2026-10-03,769.64,2026-10-30,P,671.0,0.54,0.56,0.57,5.0,156,0.25965095825195317,False,2026-10-02 19:07:41+00:00,SPY261030P00671000
SPY,2026-10-03,769.64,2026-10-30,P,672.0,0.55,0.57,0.99,1.0,69,0.2580640600585938,False,2026-10-01 14:08:41+00:00,SPY261030P00672000
SPY,2026-10-03,769.64,2026-10-30,P,673.0,0.56,0.57,0.58,1.0,821,0.2556226782226563,False,2026-10-01 19:28:00+00:00,SPY261030P00673000
SPY,2026-10-03,769.64,2026-10-30,P,674.0,0.57,0.58,0.81,4.0,212,0.25403578002929694,False,2026-10-01 17:48:53+00:00,SPY261030P00674000
SPY,2026-10-03,769.64,2026-10-30,P,675.0,0.58,0.59,0.64,218.0,1578,0.2523268127441406,False,2026-10-02 17:47:37+00:00,SPY261030P00675000
SPY,2026-10-03,769.64,2026-10-30,P,676.0,0.59,0.6,0.96,3.0,92,0.25061784545898436,False,2026-10-01 17:04:05+00:00,SPY261030P00676000
SPY,2026-10-03,769.64,2026-10-30,P,677.0,0.6,0.61,0.6,2.0,196,0.249030947265625,False,2026-10-02 14:09:01+00:00,SPY261030P00677000
SPY,2026-10-03,769.64,2026-10-30,P,678.0,0.61,0.62,0.62,2.0,289,0.24732197998046873,False,2026-10-02 19:58:59+00:00,SPY261030P00678000
SPY,2026-10-03,769.64,2026-10-30,P,679.0,0.62,0.63,1.13,1.0,312,0.2456130126953125,False,2026-10-01 15:52:46+00:00,SPY261030P00679000
SPY,2026-10-03,769.64,2026-10-30,P,680.0,0.63,0.64,0.66,84.0,2297,0.24378197631835938,False,2026-10-02 19:40:36+00:00,SPY261030P00680000
SPY,2026-10-03,769.64,2026-10-30,P,681.0,0.64,0.65,0.73,6.0,400,0.2420730090332031,False,2026-10-02 15:24:40+00:00,SPY261030P00681000
SPY,2026-10-03,769.64,2026-10-30,P,682.0,0.65,0.67,0.75,14.0,323,0.24097438720703124,False,2026-10-02 17:28:01+00:00,SPY261030P00682000
SPY,2026-10-03,769.64,2026-10-30,P,683.0,0.66,0.68,0.73,60.0,1885,0.2391433508300781,False,2026-10-02 17:50:40+00:00,SPY261030P00683000
SPY,2026-10-03,769.64,2026-10-30,P,684.0,0.68,0.69,0.73,1.0,594,0.23731231445312498,False,2026-10-02 13:40:53+00:00,SPY261030P00684000
SPY,2026-10-03,769.64,2026-10-30,P,685.0,0.69,0.7,0.7,30.0,12471,0.23548127807617186,False,2026-10-02 20:06:24+00:00,SPY261030P00685000
SPY,2026-10-03,769.64,2026-10-30,P,686.0,0.7,0.71,0.76,8.0,335,0.23365024169921872,False,2026-10-02 18:33:36+00:00,SPY261030P00686000
SPY,2026-10-03,769.64,2026-10-30,P,687.0,0.71,0.73,1.08,4.0,286,0.23242955078125,False,2026-10-01 18:23:54+00:00,SPY261030P00687000
SPY,2026-10-03,769.64,2026-10-30,P,688.0,0.73,0.74,0.82,4.0,3440,0.23059851440429688,False,2026-10-02 15:00:23+00:00,SPY261030P00688000
SPY,2026-10-03,769.64,2026-10-30,P,689.0,0.74,0.76,0.78,2.0,3260,0.22925575439453127,False,2026-10-02 15:03:45+00:00,SPY261030P00689000
SPY,2026-10-03,769.64,2026-10-30,P,690.0,0.75,0.77,0.78,120.0,5647,0.22730264892578123,False,2026-10-02 19:58:48+00:00,SPY261030P00690000
SPY,2026-10-03,769.64,2026-10-30,P,691.0,0.77,0.79,0.85,37.0,418,0.22595988891601562,False,2026-10-02 16:46:02+00:00,SPY261030P00691000
SPY,2026-10-03,769.64,2026-10-30,P,692.0,0.78,0.8,0.86,13.0,136,0.22400678344726557,False,2026-10-02 15:03:45+00:00,SPY261030P00692000
SPY,2026-10-03,769.64,2026-10-30,P,693.0,0.8,0.82,0.85,1986.0,1749,0.2225419543457031,False,2026-10-02 19:55:43+00:00,SPY261030P00693000
SPY,2026-10-03,769.64,2026-10-30,P,694.0,0.82,0.83,0.86,15.0,233,0.2205888488769531,False,2026-10-02 14:01:20+00:00,SPY261030P00694000
SPY,2026-10-03,769.64,2026-10-30,P,695.0,0.83,0.85,0.85,82.0,3409,0.21912401977539062,False,2026-10-02 20:04:05+00:00,SPY261030P00695000
SPY,2026-10-03,769.64,2026-10-30,P,696.0,0.85,0.87,0.98,14.0,543,0.2176591906738281,False,2026-10-02 17:32:15+00:00,SPY261030P00696000
SPY,2026-10-03,769.64,2026-10-30,P,697.0,0.87,0.89,0.9,90.0,405,0.21607229248046872,False,2026-10-02 15:31:25+00:00,SPY261030P00697000
SPY,2026-10-03,769.64,2026-10-30,P,698.0,0.89,0.91,0.92,35.0,1267,0.21448539428710936,False,2026-10-02 19:46:37+00:00,SPY261030P00698000
SPY,2026-10-03,769.64,2026-10-30,P,699.0,0.91,0.93,0.98,35.0,517,0.21289849609375,False,2026-10-02 16:01:18+00:00,SPY261030P00699000
SPY,2026-10-03,769.64,2026-10-30,P,700.0,0.93,0.95,0.95,3211.0,10133,0.21131159790039059,False,2026-10-02 20:07:55+00:00,SPY261030P00700000
SPY,2026-10-03,769.64,2026-10-30,P,701.0,0.95,0.97,1.11,56.0,856,0.20960263061523435,False,2026-10-02 15:13:46+00:00,SPY261030P00701000
SPY,2026-10-03,769.64,2026-10-30,P,702.0,0.97,0.99,0.98,61.0,565,0.20795469787597654,False,2026-10-02 14:58:03+00:00,SPY261030P00702000
SPY,2026-10-03,769.64,2026-10-30,P,703.0,0.99,1.01,1.03,14.0,297,0.20624573059082027,False,2026-10-02 19:46:37+00:00,SPY261030P00703000
SPY,2026-10-03,769.64,2026-10-30,P,704.0,1.02,1.04,1.03,43.0,336,0.2049640051269531,False,2026-10-02 20:13:02+00:00,SPY261030P00704000
SPY,2026-10-03,769.64,2026-10-30,P,705.0,1.04,1.06,1.08,634.0,10290,0.20313296874999998,False,2026-10-02 19:59:02+00:00,SPY261030P00705000
SPY,2026-10-03,769.64,2026-10-30,P,706.0,1.07,1.09,1.18,15.0,448,0.20179020874023437,False,2026-10-02 17:00:53+00:00,SPY261030P00706000
SPY,2026-10-03,769.64,2026-10-30,P,707.0,1.09,1.11,1.19,27.0,21328,0.19995917236328126,False,2026-10-02 16:19:46+00:00,SPY261030P00707000
SPY,2026-10-03,769.64,2026-10-30,P,708.0,1.12,1.14,1.18,35.0,331,0.19849434326171872,False,2026-10-02 15:00:23+00:00,SPY261030P00708000
SPY,2026-10-03,769.64,2026-10-30,P,709.0,1.15,1.17,1.16,25.0,596,0.19702951416015624,False,2026-10-02 20:09:05+00:00,SPY261030P00709000
SPY,2026-10-03,769.64,2026-10-30,P,710.0,1.18,1.2,1.25,452.0,3593,0.1955036505126953,False,2026-10-02 19:50:58+00:00,SPY261030P00710000
SPY,2026-10-03,769.64,2026-10-30,P,711.0,1.21,1.23,1.27,128.0,395,0.19391675231933597,False,2026-10-02 18:39:53+00:00,SPY261030P00711000
SPY,2026-10-03,769.64,2026-10-30,P,712.0,1.24,1.26,1.26,53.0,617,0.19232985412597658,False,2026-10-02 20:09:05+00:00,SPY261030P00712000
SPY,2026-10-03,769.64,2026-10-30,P,713.0,1.28,1.3,1.34,27.0,1534,0.19098709411621095,False,2026-10-02 19:58:14+00:00,SPY261030P00713000
SPY,2026-10-03,769.64,2026-10-30,P,714.0,1.31,1.33,1.47,61.0,1011,0.18933916137695314,False,2026-10-02 17:54:46+00:00,SPY261030P00714000
SPY,2026-10-03,769.64,2026-10-30,P,715.0,1.35,1.37,1.37,419.0,3593,0.18793536682128903,False,2026-10-02 20:13:29+00:00,SPY261030P00715000
SPY,2026-10-03,769.64,2026-10-30,P,716.0,1.39,1.41,1.47,171.0,1425,0.186531572265625,False,2026-10-02 19:29:52+00:00,SPY261030P00716000
SPY,2026-10-03,769.64,2026-10-30,P,717.0,1.43,1.45,1.52,41.0,952,0.185005708618164,False,2026-10-02 19:56:24+00:00,SPY261030P00717000
SPY,2026-10-03,769.64,2026-10-30,P,718.0,1.47,1.49,1.52,68.0,1128,0.1834798449707031,False,2026-10-02 19:58:14+00:00,SPY261030P00718000
SPY,2026-10-03,769.64,2026-10-30,P,719.0,1.51,1.53,1.52,53.0,564,0.1819539813232422,False,2026-10-02 20:05:13+00:00,SPY261030P00719000
SPY,2026-10-03,769.64,2026-10-30,P,720.0,1.56,1.58,1.58,1254.0,8388,0.18061122131347657,False,2026-10-02 20:10:01+00:00,SPY261030P00720000
SPY,2026-10-03,769.64,2026-10-30,P,721.0,1.61,1.63,1.73,115.0,630,0.17926846130371094,False,2026-10-02 19:29:52+00:00,SPY261030P00721000
SPY,2026-10-03,769.64,2026-10-30,P,722.0,1.66,1.67,1.73,94.0,817,0.1775594940185547,False,2026-10-02 19:34:30+00:00,SPY261030P00722000
SPY,2026-10-03,769.64,2026-10-30,P,723.0,1.71,1.72,1.72,87.0,1065,0.17609466491699222,False,2026-10-02 20:10:27+00:00,SPY261030P00723000
SPY,2026-10-03,769.64,2026-10-30,P,724.0,1.76,1.78,1.81,134.0,440,0.174812939453125,False,2026-10-02 19:59:26+00:00,SPY261030P00724000
SPY,2026-10-03,769.64,2026-10-30,P,725.0,1.82,1.83,1.84,955.0,83928,0.17322604125976562,False,2026-10-02 20:09:37+00:00,SPY261030P00725000
SPY,2026-10-03,769.64,2026-10-30,P,726.0,1.87,1.89,1.99,47.0,406,0.17188328125000002,False,2026-10-02 19:55:54+00:00,SPY261030P00726000
SPY,2026-10-03,769.64,2026-10-30,P,727.0,1.93,1.96,1.97,66.0,12058,0.1706625903320313,False,2026-10-02 20:09:05+00:00,SPY261030P00727000
SPY,2026-10-03,769.64,2026-10-30,P,728.0,1.99,2.02,2.03,31.0,2178,0.16919776123046876,False,2026-10-02 20:05:07+00:00,SPY261030P00728000
SPY,2026-10-03,769.64,2026-10-30,P,729.0,2.06,2.08,2.11,52.0,779,0.1676413803100586,False,2026-10-02 20:01:11+00:00,SPY261030P00729000
SPY,2026-10-03,769.64,2026-10-30,P,730.0,2.14,2.15,2.15,2263.0,17308,0.1662681030273438,False,2026-10-02 20:11:19+00:00,SPY261030P00730000
SPY,2026-10-03,769.64,2026-10-30,P,731.0,2.2,2.23,2.29,206.0,1353,0.165047412109375,False,2026-10-02 19:39:54+00:00,SPY261030P00731000
SPY,2026-10-03,769.64,2026-10-30,P,732.0,2.28,2.3,2.36,61.0,952,0.1635520657348633,False,2026-10-02 19:47:06+00:00,SPY261030P00732000
SPY,2026-10-03,769.64,2026-10-30,P,733.0,2.35,2.38,2.45,803.0,725,0.16217878845214845,False,2026-10-02 19:53:57+00:00,SPY261030P00733000
SPY,2026-10-03,769.64,2026-10-30,P,734.0,2.43,2.46,2.51,947.0,741,0.1607749938964844,False,2026-10-02 19:59:26+00:00,SPY261030P00734000
SPY,2026-10-03,769.64,2026-10-30,P,735.0,2.52,2.55,2.55,1037.0,11589,0.15949326843261719,False,2026-10-02 20:09:23+00:00,SPY261030P00735000
SPY,2026-10-03,769.64,2026-10-30,P,736.0,2.61,2.64,2.78,117.0,993,0.15815050842285155,False,2026-10-02 19:28:39+00:00,SPY261030P00736000
SPY,2026-10-03,769.64,2026-10-30,P,737.0,2.7,2.72,2.73,274.0,782,0.15650257568359377,False,2026-10-02 20:09:03+00:00,SPY261030P00737000
SPY,2026-10-03,769.64,2026-10-30,P,738.0,2.8,2.82,2.95,335.0,1263,0.15519033294677737,False,2026-10-02 19:55:23+00:00,SPY261030P00738000
SPY,2026-10-03,769.64,2026-10-30,P,739.0,2.9,2.92,2.96,288.0,1010,0.1538170556640625,False,2026-10-02 20:01:11+00:00,SPY261030P00739000
SPY,2026-10-03,769.64,2026-10-30,P,740.0,3.0,3.03,3.03,4185.0,5711,0.15253533020019533,False,2026-10-02 20:09:23+00:00,SPY261030P00740000
SPY,2026-10-03,769.64,2026-10-30,P,741.0,3.11,3.13,3.23,251.0,1023,0.15097894927978522,False,2026-10-02 19:34:26+00:00,SPY261030P00741000
SPY,2026-10-03,769.64,2026-10-30,P,742.0,3.23,3.26,3.26,178.0,783,0.1498803274536133,False,2026-10-02 20:09:03+00:00,SPY261030P00742000
SPY,2026-10-03,769.64,2026-10-30,P,743.0,3.35,3.38,3.5,114.0,1318,0.14850705017089844,False,2026-10-02 19:59:52+00:00,SPY261030P00743000
SPY,2026-10-03,769.64,2026-10-30,P,744.0,3.47,3.5,3.52,458.0,1243,0.14707273834228518,False,2026-10-02 20:02:06+00:00,SPY261030P00744000
SPY,2026-10-03,769.64,2026-10-30,P,745.0,3.61,3.63,3.62,1207.0,22019,0.1456994610595703,False,2026-10-02 20:06:17+00:00,SPY261030P00745000
SPY,2026-10-03,769.64,2026-10-30,P,746.0,3.74,3.77,3.76,441.0,1755,0.14438721832275392,False,2026-10-02 20:13:04+00:00,SPY261030P00746000
SPY,2026-10-03,769.64,2026-10-30,P,747.0,3.88,3.91,3.89,259.0,1229,0.14298342376708983,False,2026-10-02 20:06:30+00:00,SPY261030P00747000
SPY,2026-10-03,769.64,2026-10-30,P,748.0,4.03,4.06,4.3,293.0,1157,0.1416406637573242,False,2026-10-02 19:22:16+00:00,SPY261030P00748000
SPY,2026-10-03,769.64,2026-10-30,P,749.0,4.19,4.22,4.34,246.0,1108,0.14035893829345703,False,2026-10-02 19:58:16+00:00,SPY261030P00749000
SPY,2026-10-03,769.64,2026-10-30,P,750.0,4.35,4.39,4.38,2706.0,26521,0.13910773010253907,False,2026-10-02 20:14:25+00:00,SPY261030P00750000
SPY,2026-10-03,769.64,2026-10-30,P,751.0,4.52,4.55,4.71,398.0,1191,0.13761238372802737,False,2026-10-02 19:57:03+00:00,SPY261030P00751000
SPY,2026-10-03,769.64,2026-10-30,P,752.0,4.7,4.74,4.93,189.0,1329,0.1364222100830078,False,2026-10-02 19:56:33+00:00,SPY261030P00752000
SPY,2026-10-03,769.64,2026-10-30,P,753.0,4.89,4.92,5.02,297.0,868,0.13498789825439456,False,2026-10-02 19:39:55+00:00,SPY261030P00753000
SPY,2026-10-03,769.64,2026-10-30,P,754.0,5.08,5.11,5.15,191.0,2695,0.13358410369873047,False,2026-10-02 20:02:11+00:00,SPY261030P00754000
SPY,2026-10-03,769.64,2026-10-30,P,755.0,5.28,5.32,5.33,2333.0,83398,0.13233289550781252,False,2026-10-02 20:13:03+00:00,SPY261030P00755000
SPY,2026-10-03,769.64,2026-10-30,P,756.0,5.49,5.53,5.68,235.0,745,0.13095961822509766,False,2026-10-02 19:58:00+00:00,SPY261030P00756000
SPY,2026-10-03,769.64,2026-10-30,P,757.0,5.71,5.75,5.91,153.0,1224,0.1295863409423828,False,2026-10-02 19:58:00+00:00,SPY261030P00757000
SPY,2026-10-03,769.64,2026-10-30,P,758.0,5.94,5.98,5.96,1101.0,1747,0.12821306365966795,False,2026-10-02 20:14:35+00:00,SPY261030P00758000
SPY,2026-10-03,769.64,2026-10-30,P,759.0,6.18,6.22,6.48,195.0,1157,0.12683978637695312,False,2026-10-02 19:56:32+00:00,SPY261030P00759000
SPY,2026-10-03,769.64,2026-10-30,P,760.0,6.43,6.48,6.44,8451.0,22356,0.1255885781860352,False,2026-10-02 20:14:35+00:00,SPY261030P00760000
SPY,2026-10-03,769.64,2026-10-30,P,761.0,6.7,6.74,6.89,356.0,1011,0.12418478363037111,False,2026-10-02 19:13:56+00:00,SPY261030P00761000
SPY,2026-10-03,769.64,2026-10-30,P,762.0,6.97,7.01,6.97,629.0,1720,0.12278098907470703,False,2026-10-02 20:06:24+00:00,SPY261030P00762000
SPY,2026-10-03,769.64,2026-10-30,P,763.0,7.26,7.3,7.48,275.0,1931,0.1214382290649414,False,2026-10-02 19:58:31+00:00,SPY261030P00763000
SPY,2026-10-03,769.64,2026-10-30,P,764.0,7.55,7.6,7.6,548.0,1974,0.12009546905517576,False,2026-10-02 20:06:04+00:00,SPY261030P00764000
SPY,2026-10-03,769.64,2026-10-30,P,765.0,7.87,7.91,7.9,4007.0,4106,0.1186916744995117,False,2026-10-02 20:14:09+00:00,SPY261030P00765000
SPY,2026-10-03,769.64,2026-10-30,P,766.0,8.19,8.23,8.52,509.0,1136,0.11725736267089844,False,2026-10-02 19:54:24+00:00,SPY261030P00766000
SPY,2026-10-03,769.64,2026-10-30,P,767.0,8.53,8.58,8.78,404.0,1309,0.11599089584350586,False,2026-10-02 19:58:12+00:00,SPY261030P00767000
SPY,2026-10-03,769.64,2026-10-30,P,768.0,8.88,8.93,8.97,2078.0,1462,0.11454132537841799,False,2026-10-02 20:05:14+00:00,SPY261030P00768000
SPY,2026-10-03,769.64,2026-10-30,P,769.0,9.25,9.3,9.3,2561.0,628,0.11316804809570313,False,2026-10-02 20:06:22+00:00,SPY261030P00769000
SPY,2026-10-03,769.64,2026-10-30,P,770.0,9.64,9.7,9.66,2700.0,4013,0.11194735717773435,True,2026-10-02 20:14:51+00:00,SPY261030P00770000
SPY,2026-10-03,769.64,2026-10-30,P,771.0,10.04,10.1,10.08,1336.0,1015,0.11052830398559571,True,2026-10-02 20:13:57+00:00,SPY261030P00771000
SPY,2026-10-03,769.64,2026-10-30,P,772.0,10.46,10.52,10.5,1240.0,1543,0.10913976806640624,True,2026-10-02 20:06:22+00:00,SPY261030P00772000
SPY,2026-10-03,769.64,2026-10-30,P,773.0,10.9,10.96,10.99,330.0,828,0.10778174942016602,True,2026-10-02 20:11:57+00:00,SPY261030P00773000
SPY,2026-10-03,769.64,2026-10-30,P,774.0,11.35,11.42,11.97,304.0,669,0.106454248046875,True,2026-10-02 18:57:29+00:00,SPY261030P00774000
SPY,2026-10-03,769.64,2026-10-30,P,775.0,11.83,11.89,11.98,509.0,1302,0.1049894189453125,True,2026-10-02 20:01:32+00:00,SPY261030P00775000
SPY,2026-10-03,769.64,2026-10-30,P,776.0,12.22,12.8,12.75,73.0,548,0.10866675033569337,True,2026-10-02 19:46:25+00:00,SPY261030P00776000
SPY,2026-10-03,769.64,2026-10-30,P,777.0,12.75,13.12,12.85,76.0,1282,0.10495890167236327,True,2026-10-02 20:11:44+00:00,SPY261030P00777000
SPY,2026-10-03,769.64,2026-10-30,P,778.0,13.28,13.87,13.64,6.0,204,0.1063016616821289,True,2026-10-02 20:00:26+00:00,SPY261030P00778000
SPY,2026-10-03,769.64,2026-10-30,P,779.0,13.44,14.43,19.35,14.0,350,0.10508097076416015,True,2026-10-01 13:50:35+00:00,SPY261030P00779000
SPY,2026-10-03,769.64,2026-10-30,P,780.0,14.37,15.02,14.9,354.0,1388,0.10398234893798827,True,2026-10-02 19:50:40+00:00,SPY261030P00780000
SPY,2026-10-03,769.64,2026-10-30,P,781.0,14.95,15.5,16.95,2.0,396,0.10114424255371093,True,2026-09-30 16:51:22+00:00,SPY261030P00781000
SPY,2026-10-03,769.64,2026-10-30,P,782.0,15.16,16.27,21.6,1.0,320,0.10193769165039063,True,2026-10-01 13:49:43+00:00,SPY261030P00782000
SPY,2026-10-03,769.64,2026-10-30,P,783.0,15.77,16.9,16.2,1.0,95,0.100594931640625,True,2026-10-02 14:01:22+00:00,SPY261030P00783000
SPY,2026-10-03,769.64,2026-10-30,P,784.0,16.84,17.57,18.49,4.0,315,0.09952682708740235,True,2026-10-02 15:11:28+00:00,SPY261030P00784000
SPY,2026-10-03,769.64,2026-10-30,P,785.0,17.52,18.25,18.1,38.0,219,0.0983061361694336,True,2026-10-02 19:43:17+00:00,SPY261030P00785000
SPY,2026-10-03,769.64,2026-10-30,P,786.0,18.14,19.67,20.18,32.0,28,0.10813269805908202,True,2026-09-23 14:28:58+00:00,SPY261030P00786000
SPY,2026-10-03,769.64,2026-10-30,P,787.0,18.91,20.41,20.67,1.0,717,0.10767493896484376,True,2026-10-02 15:12:46+00:00,SPY261030P00787000
SPY,2026-10-03,769.64,2026-10-30,P,788.0,19.64,21.15,20.56,5.0,531,0.10697304168701172,True,2026-10-02 15:59:53+00:00,SPY261030P00788000
SPY,2026-10-03,769.64,2026-10-30,P,789.0,19.89,21.95,20.82,31.0,253,0.10703407623291016,True,2026-10-02 19:53:40+00:00,SPY261030P00789000
SPY,2026-10-03,769.64,2026-10-30,P,790.0,20.66,22.0,21.48,41.0,473,0.0932707861328125,True,2026-10-02 20:05:04+00:00,SPY261030P00790000
SPY,2026-10-03,769.64,2026-10-30,P,791.0,21.45,22.79,25.33,1.0,91,0.09198906066894531,True,2026-09-30 19:17:22+00:00,SPY261030P00791000
SPY,2026-10-03,769.64,2026-10-30,P,792.0,22.25,23.59,31.99,4.0,369,0.0905242315673828,True,2026-10-01 15:19:28+00:00,SPY261030P00792000
SPY,2026-10-03,769.64,2026-10-30,P,793.0,23.07,24.43,24.96,1.0,104,0.08954767883300781,True,2026-10-01 15:19:28+00:00,SPY261030P00793000
SPY,2026-10-03,769.64,2026-10-30,P,794.0,23.93,25.26,33.84,1.0,192,0.08796078063964845,True,2026-10-01 15:22:57+00:00,SPY261030P00794000
SPY,2026-10-03,769.64,2026-10-30,P,795.0,24.74,26.43,26.2,35.0,146,0.09485768432617189,True,2026-10-02 19:59:54+00:00,SPY261030P00795000
SPY,2026-10-03,769.64,2026-10-30,P,796.0,25.17,27.74,30.0,55.0,59,0.10486734985351562,True,2026-09-28 19:58:53+00:00,SPY261030P00796000
SPY,2026-10-03,769.64,2026-10-30,P,797.0,26.07,28.63,28.5,2.0,0,0.10501993621826172,True,2026-10-02 17:36:24+00:00,SPY261030P00797000
SPY,2026-10-03,769.64,2026-10-30,P,798.0,26.97,29.54,30.17,4.0,0,0.1054776953125,True,2026-09-28 13:49:32+00:00,SPY261030P00798000
SPY,2026-10-03,769.64,2026-10-30,P,799.0,27.9,30.45,31.28,45.0,0,0.10578286804199218,True,2026-09-28 13:55:26+00:00,SPY261030P00799000
SPY,2026-10-03,769.64,2026-10-30,P,800.0,28.8,31.4,30.0,3.0,11,0.10700355895996094,True,2026-10-02 20:06:24+00:00,SPY261030P00800000
SPY,2026-10-03,769.64,2026-10-30,P,801.0,29.78,32.35,32.65,92.0,0,0.1081021807861328,True,2026-09-25 15:54:53+00:00,SPY261030P00801000
SPY,2026-10-03,769.64,2026-10-30,P,802.0,30.73,33.31,31.01,9.0,9,0.10944494079589843,True,2026-10-02 13:44:04+00:00,SPY261030P00802000
SPY,2026-10-03,769.64,2026-10-30,P,803.0,31.7,34.27,34.85,283.0,0,0.11072666625976563,True,2026-09-25 15:54:15+00:00,SPY261030P00803000
SPY,2026-10-03,769.64,2026-10-30,P,804.0,32.68,35.26,35.35,301.0,1,0.1128018408203125,True,2026-09-25 15:55:13+00:00,SPY261030P00804000
SPY,2026-10-03,769.64,2026-10-30,P,805.0,33.65,36.24,34.69,1.0,2,0.1145718426513672,True,2026-09-25 15:50:59+00:00,SPY261030P00805000
SPY,2026-10-03,769.64,2026-10-30,P,806.0,34.65,37.24,37.41,14.0,0,0.11695218994140624,True,2026-09-25 15:55:18+00:00,SPY261030P00806000
SPY,2026-10-03,769.64,2026-10-30,P,807.0,35.65,38.24,37.35,2.0,0,0.11933253723144531,True,2026-09-25 15:32:13+00:00,SPY261030P00807000
SPY,2026-10-03,769.64,2026-10-30,P,808.0,36.64,39.24,38.9,1.0,0,0.12171288452148438,True,2026-10-02 18:50:14+00:00,SPY261030P00808000
SPY,2026-10-03,769.64,2026-10-30,P,809.0,37.64,40.24,41.25,1.0,0,0.124032197265625,True,2026-09-28 13:34:59+00:00,SPY261030P00809000
SPY,2026-10-03,769.64,2026-10-30,P,810.0,38.88,41.24,45.27,6.0,11,0.1263515100097656,True,2026-10-01 19:42:40+00:00,SPY261030P00810000
SPY,2026-10-03,769.64,2026-10-30,P,811.0,39.63,42.24,40.91,3.0,0,0.12867082275390623,True,2026-09-25 16:00:39+00:00,SPY261030P00811000
SPY,2026-10-03,769.64,2026-10-30,P,812.0,40.64,43.24,41.19,60.0,0,0.13099013549804686,True,2026-09-25 16:41:50+00:00,SPY261030P00812000
SPY,2026-10-03,769.64,2026-10-30,P,813.0,41.61,44.24,43.8,1.0,0,0.1333094482421875,True,2026-10-02 18:50:14+00:00,SPY261030P00813000
SPY,2026-10-03,769.64,2026-10-30,P,814.0,42.64,45.24,42.66,89.0,0,0.13556772644042972,True,2026-09-25 16:44:23+00:00,SPY261030P00814000
SPY,2026-10-03,769.64,2026-10-30,P,815.0,43.64,46.24,43.86,30.0,1,0.1378260046386719,True,2026-09-25 16:45:07+00:00,SPY261030P00815000
SPY,2026-10-03,769.64,2026-10-30,P,816.0,44.64,47.24,45.46,6.0,0,0.14008428283691404,True,2026-09-25 16:34:37+00:00,SPY261030P00816000
SPY,2026-10-03,769.64,2026-10-30,P,817.0,45.64,48.23,46.12,22.0,0,0.1419763537597656,True,2026-09-25 16:34:23+00:00,SPY261030P00817000
SPY,2026-10-03,769.64,2026-10-30,P,818.0,46.64,49.24,46.37,9.0,0,0.14460083923339845,True,2026-09-25 16:16:51+00:00,SPY261030P00818000
SPY,2026-10-03,769.64,2026-10-30,P,819.0,47.64,50.23,50.75,2.0,0,0.14643187561035154,True,2026-09-23 15:51:43+00:00,SPY261030P00819000
SPY,2026-10-03,769.64,2026-10-30,P,820.0,48.61,51.24,60.12,4.0,0,0.14905636108398437,True,2026-10-01 15:17:44+00:00,SPY261030P00820000
SPY,2026-10-03,769.64,2026-10-30,P,825.0,53.63,56.24,53.8,2.0,4,0.16004257934570312,True,2026-09-25 18:32:39+00:00,SPY261030P00825000
SPY,2026-10-03,769.64,2026-10-30,P,834.0,62.64,65.24,72.44,,0,0.17920742675781248,True,2026-09-14 17:01:15+00:00,SPY261030P00834000
SPY,2026-10-03,769.64,2026-10-30,P,835.0,63.64,66.24,65.38,1.0,0,0.18134363586425778,True,2026-08-27 14:30:12+00:00,SPY261030P00835000
SPY,2026-10-03,769.64,2026-10-30,P,840.0,68.61,71.24,70.72,4.0,2,0.19171950866699222,True,2026-10-01 19:46:15+00:00,SPY261030P00840000
SPY,2026-10-03,769.64,2026-10-30,P,845.0,73.64,76.23,80.35,2.0,0,0.2014850360107422,True,2026-10-01 19:46:15+00:00,SPY261030P00845000
SPY,2026-10-03,769.64,2026-10-30,P,850.0,78.61,81.24,76.31,1.0,0,0.21198297790527343,True,2026-09-21 19:59:47+00:00,SPY261030P00850000
SPY,2026-10-03,769.64,2026-10-30,P,855.0,83.64,86.23,90.53,3.0,0,0.22144333251953124,True,2026-10-01 20:13:52+00:00,SPY261030P00855000
SPY,2026-10-03,769.64,2026-10-30,P,860.0,88.64,91.24,95.51,3.0,10,0.23169713623046873,True,2026-10-01 20:13:52+00:00,SPY261030P00860000
SPY,2026-10-03,769.64,2026-10-30,P,865.0,93.63,96.24,99.26,10.0,0,0.24134059448242187,True,2026-09-28 19:45:09+00:00,SPY261030P00865000
SPY,2026-10-03,769.64,2026-10-30,P,875.0,103.63,106.24,113.44,4.0,0,0.2601392346191406,True,2026-09-14 17:01:16+00:00,SPY261030P00875000
SPY,2026-10-03,769.64,2026-10-30,P,900.0,143.85,147.3,145.02,,0,0.6394384201049804,True,2026-06-15 16:32:04+00:00,SPY261030P00900000
SPY,2026-10-03,769.64,2026-10-30,P,930.0,158.61,161.23,159.98,,0,0.35608554077148435,True,2026-09-23 15:09:29+00:00,SPY261030P00930000
