symbol,snapshot_date,spot,expiry,right,strike,bid,ask,last_price,volume,open_interest,implied_vol,in_the_money,last_trade_date,contract_symbol
SPY,2026-09-25,771.3499755859375,2026-09-25,C,500.0,270.85,271.61,270.69,268.0,0.0,3.3867202832031245,True,2026-09-25 16:54:14+00:00,SPY260925C00500000
SPY,2026-09-25,771.3499755859375,2026-09-25,C,520.0,250.99,251.6,250.65,103.0,0.0,3.0937522656249996,True,2026-09-25 17:08:51+00:00,SPY260925C00520000
SPY,2026-09-25,771.3499755859375,2026-09-25,C,550.0,220.99,221.72,220.83,79.0,0.0,1.875000625,True,2026-09-25 18:49:05+00:00,SPY260925C00550000
SPY,2026-09-25,771.3499755859375,2026-09-25,C,555.0,215.19,216.61,215.75,68.0,0.0,2.6406283984375003,True,2026-09-25 16:54:41+00:00,SPY260925C00555000
SPY,2026-09-25,771.3499755859375,2026-09-25,C,565.0,205.19,206.61,205.85,8.0,0.0,2.5117224707031247,True,2026-09-25 17:09:39+00:00,SPY260925C00565000
SPY,2026-09-25,771.3499755859375,2026-09-25,C,570.0,200.99,201.72,201.24,54.0,0.0,1.6875015625,True,2026-09-25 18:22:27+00:00,SPY260925C00570000
SPY,2026-09-25,771.3499755859375,2026-09-25,C,575.0,195.99,196.72,196.25,89.0,0.0,1.625001875,True,2026-09-25 18:34:05+00:00,SPY260925C00575000
SPY,2026-09-25,771.3499755859375,2026-09-25,C,580.0,190.19,191.61,191.25,93.0,0.0,2.3222698193359372,True,2026-09-25 18:34:05+00:00,SPY260925C00580000
SPY,2026-09-25,771.3499755859375,2026-09-25,C,585.0,185.99,186.67,185.81,67.0,39.0,2.3203166992187496,True,2026-09-25 18:47:42+00:00,SPY260925C00585000
SPY,2026-09-25,771.3499755859375,2026-09-25,C,590.0,180.99,181.67,180.81,29.0,0.0,2.2578168554687497,True,2026-09-25 18:47:42+00:00,SPY260925C00590000
SPY,2026-09-25,771.3499755859375,2026-09-25,C,595.0,175.99,176.67,175.63,154.0,3.0,2.1953170117187497,True,2026-09-25 17:09:04+00:00,SPY260925C00595000
SPY,2026-09-25,771.3499755859375,2026-09-25,C,600.0,170.99,171.6,171.65,282.0,11.0,2.064457963867187,True,2026-09-25 19:58:11+00:00,SPY260925C00600000
SPY,2026-09-25,771.3499755859375,2026-09-25,C,605.0,165.19,166.61,165.71,117.0,7.0,2.0136768408203123,True,2026-09-25 19:05:48+00:00,SPY260925C00605000
SPY,2026-09-25,771.3499755859375,2026-09-25,C,610.0,160.99,161.61,161.05,55.0,0.0,1.953125234375,True,2026-09-25 18:35:27+00:00,SPY260925C00610000
SPY,2026-09-25,771.3499755859375,2026-09-25,C,615.0,155.99,156.72,155.98,14.0,0.0,1.2812535937499998,True,2026-09-25 18:46:22+00:00,SPY260925C00615000
SPY,2026-09-25,771.3499755859375,2026-09-25,C,620.0,150.99,151.63,150.98,70.0,26.0,1.8515632421875,True,2026-09-25 18:46:22+00:00,SPY260925C00620000
SPY,2026-09-25,771.3499755859375,2026-09-25,C,625.0,145.19,146.61,145.73,8.0,0.0,1.7734386328124998,True,2026-09-25 17:35:15+00:00,SPY260925C00625000
SPY,2026-09-25,771.3499755859375,2026-09-25,C,630.0,140.99,141.61,141.28,8.0,0.0,1.71484517578125,True,2026-09-25 17:30:22+00:00,SPY260925C00630000
SPY,2026-09-25,771.3499755859375,2026-09-25,C,635.0,135.99,136.61,135.71,117.0,0.0,1.654298603515625,True,2026-09-25 17:35:39+00:00,SPY260925C00635000
SPY,2026-09-25,771.3499755859375,2026-09-25,C,640.0,130.99,131.67,130.71,155.0,0.0,1.642579912109375,True,2026-09-25 17:35:39+00:00,SPY260925C00640000
SPY,2026-09-25,771.3499755859375,2026-09-25,C,645.0,125.99,126.72,123.59,10.0,0.0,1.0312548437500002,True,2026-09-25 15:37:57+00:00,SPY260925C00645000
SPY,2026-09-25,771.3499755859375,2026-09-25,C,650.0,120.99,121.61,121.85,149.0,10.0,1.4794947900390625,True,2026-09-25 19:52:52+00:00,SPY260925C00650000
SPY,2026-09-25,771.3499755859375,2026-09-25,C,655.0,115.99,116.64,115.6,17.0,0.0,1.443362158203125,True,2026-09-25 17:36:39+00:00,SPY260925C00655000
SPY,2026-09-25,771.3499755859375,2026-09-25,C,660.0,110.61,111.6,111.1,84.0,13.0,1.3554719726562499,True,2026-09-25 18:05:33+00:00,SPY260925C00660000
SPY,2026-09-25,771.3499755859375,2026-09-25,C,665.0,105.99,106.6,106.09,571.0,11.0,1.2988316308593748,True,2026-09-25 18:35:03+00:00,SPY260925C00665000
SPY,2026-09-25,771.3499755859375,2026-09-25,C,670.0,100.99,101.6,100.71,23.0,31.0,1.2412147314453121,True,2026-09-25 19:10:14+00:00,SPY260925C00670000
SPY,2026-09-25,771.3499755859375,2026-09-25,C,675.0,95.91,96.59,96.05,24.0,15.0,1.1777384863281248,True,2026-09-25 17:31:32+00:00,SPY260925C00675000
SPY,2026-09-25,771.3499755859375,2026-09-25,C,680.0,90.99,91.67,90.87,71.0,26.0,1.1689494677734376,True,2026-09-25 18:47:08+00:00,SPY260925C00680000
SPY,2026-09-25,771.3499755859375,2026-09-25,C,685.0,85.99,86.61,85.99,24.0,28.0,1.076176494140625,True,2026-09-25 18:45:56+00:00,SPY260925C00685000
SPY,2026-09-25,771.3499755859375,2026-09-25,C,690.0,80.99,81.6,80.99,501.0,46.0,1.013676806640625,True,2026-09-25 18:45:56+00:00,SPY260925C00690000
SPY,2026-09-25,771.3499755859375,2026-09-25,C,695.0,75.93,76.6,72.65,2.0,61.0,0.9570316796874999,True,2026-09-25 13:48:42+00:00,SPY260925C00695000
SPY,2026-09-25,771.3499755859375,2026-09-25,C,700.0,71.16,71.66,71.21,48.0,123.0,0.7460962890625,True,2026-09-25 20:03:28+00:00,SPY260925C00700000
SPY,2026-09-25,771.3499755859375,2026-09-25,C,705.0,66.15,66.64,66.25,15.0,89.0,0.6757844921875001,True,2026-09-25 19:59:16+00:00,SPY260925C00705000
SPY,2026-09-25,771.3499755859375,2026-09-25,C,710.0,61.16,61.66,60.96,110.0,94.0,0.648441015625,True,2026-09-25 16:56:11+00:00,SPY260925C00710000
SPY,2026-09-25,771.3499755859375,2026-09-25,C,715.0,56.2,56.64,56.49,174.0,109.0,0.6113320117187502,True,2026-09-25 19:56:04+00:00,SPY260925C00715000
SPY,2026-09-25,771.3499755859375,2026-09-25,C,720.0,51.15,51.66,50.79,42.0,185.0,0.5449264257812501,True,2026-09-25 17:01:24+00:00,SPY260925C00720000
SPY,2026-09-25,771.3499755859375,2026-09-25,C,721.0,50.16,50.68,49.93,75.0,109.0,0.5507857421875001,True,2026-09-25 19:17:36+00:00,SPY260925C00721000
SPY,2026-09-25,771.3499755859375,2026-09-25,C,722.0,49.15,49.62,49.17,151.0,100.0,0.65820654296875,True,2026-09-25 19:59:16+00:00,SPY260925C00722000
SPY,2026-09-25,771.3499755859375,2026-09-25,C,723.0,48.16,48.62,48.43,104.0,126.0,0.64648791015625,True,2026-09-25 19:56:11+00:00,SPY260925C00723000
SPY,2026-09-25,771.3499755859375,2026-09-25,C,724.0,47.15,47.64,46.84,161.0,104.0,0.6425816992187501,True,2026-09-25 19:38:02+00:00,SPY260925C00724000
SPY,2026-09-25,771.3499755859375,2026-09-25,C,725.0,46.16,46.66,42.31,32.0,74.0,0.5019581054687501,True,2026-09-25 14:30:33+00:00,SPY260925C00725000
SPY,2026-09-25,771.3499755859375,2026-09-25,C,726.0,45.15,45.61,45.23,120.0,123.0,0.6074258007812501,True,2026-09-25 18:13:14+00:00,SPY260925C00726000
SPY,2026-09-25,771.3499755859375,2026-09-25,C,727.0,44.16,44.64,44.26,126.0,85.0,0.6074258007812501,True,2026-09-25 18:13:18+00:00,SPY260925C00727000
SPY,2026-09-25,771.3499755859375,2026-09-25,C,728.0,43.15,43.61,43.17,50.0,108.0,0.5844768115234374,True,2026-09-25 19:56:04+00:00,SPY260925C00728000
SPY,2026-09-25,771.3499755859375,2026-09-25,C,729.0,42.15,42.66,38.33,10.0,63.0,0.5908244042968751,True,2026-09-25 14:30:24+00:00,SPY260925C00729000
SPY,2026-09-25,771.3499755859375,2026-09-25,C,730.0,41.15,41.58,41.4,286.0,43.0,0.5498091894531252,True,2026-09-25 20:06:25+00:00,SPY260925C00730000
SPY,2026-09-25,771.3499755859375,2026-09-25,C,731.0,40.15,40.68,40.23,48.0,59.0,0.5732464550781251,True,2026-09-25 18:13:14+00:00,SPY260925C00731000
SPY,2026-09-25,771.3499755859375,2026-09-25,C,732.0,39.21,39.24,39.41,2059.0,63.0,1.0000000000000003e-05,True,2026-09-25 20:06:22+00:00,SPY260925C00732000
SPY,2026-09-25,771.3499755859375,2026-09-25,C,733.0,38.16,38.65,35.67,10.0,88.0,0.5400436621093752,True,2026-09-25 14:56:48+00:00,SPY260925C00733000
SPY,2026-09-25,771.3499755859375,2026-09-25,C,734.0,37.15,37.68,37.49,6.0,52.0,0.5371140039062501,True,2026-09-25 19:56:04+00:00,SPY260925C00734000
SPY,2026-09-25,771.3499755859375,2026-09-25,C,735.0,36.15,36.62,36.37,481.0,451.0,0.5063525927734375,True,2026-09-25 19:59:07+00:00,SPY260925C00735000
SPY,2026-09-25,771.3499755859375,2026-09-25,C,736.0,35.15,35.62,35.19,22.0,119.0,0.4946339599609375,True,2026-09-25 18:01:43+00:00,SPY260925C00736000
SPY,2026-09-25,771.3499755859375,2026-09-25,C,737.0,34.16,34.64,34.1,88.0,84.0,0.4892629199218751,True,2026-09-25 18:01:33+00:00,SPY260925C00737000
SPY,2026-09-25,771.3499755859375,2026-09-25,C,738.0,33.15,33.66,33.17,190.0,58.0,0.48291532714843755,True,2026-09-25 19:59:35+00:00,SPY260925C00738000
SPY,2026-09-25,771.3499755859375,2026-09-25,C,739.0,32.16,32.66,32.72,313.0,55.0,0.47070841796875,True,2026-09-25 19:09:40+00:00,SPY260925C00739000
SPY,2026-09-25,771.3499755859375,2026-09-25,C,740.0,31.16,31.58,31.38,198.0,440.0,0.43408769042968753,True,2026-09-25 20:02:24+00:00,SPY260925C00740000
SPY,2026-09-25,771.3499755859375,2026-09-25,C,741.0,30.16,30.65,30.36,303.0,254.0,0.44385321777343745,True,2026-09-25 16:17:49+00:00,SPY260925C00741000
SPY,2026-09-25,771.3499755859375,2026-09-25,C,742.0,29.15,29.61,28.26,158.0,313.0,0.41992767578125,True,2026-09-25 19:35:01+00:00,SPY260925C00742000
SPY,2026-09-25,771.3499755859375,2026-09-25,C,743.0,28.21,28.61,28.17,624.0,227.0,0.40820904296875,True,2026-09-25 19:54:10+00:00,SPY260925C00743000
SPY,2026-09-25,771.3499755859375,2026-09-25,C,744.0,27.16,27.61,27.59,532.0,574.0,0.39600213378906257,True,2026-09-25 19:57:27+00:00,SPY260925C00744000
SPY,2026-09-25,771.3499755859375,2026-09-25,C,745.0,26.15,26.62,25.7,32.0,162.0,0.38672488281249995,True,2026-09-25 19:20:45+00:00,SPY260925C00745000
SPY,2026-09-25,771.3499755859375,2026-09-25,C,746.0,25.2,25.27,25.31,418.0,257.0,1.0000000000000003e-05,True,2026-09-25 19:59:14+00:00,SPY260925C00746000
SPY,2026-09-25,771.3499755859375,2026-09-25,C,747.0,24.2,24.27,24.31,487.0,118.0,1.0000000000000003e-05,True,2026-09-25 19:59:14+00:00,SPY260925C00747000
SPY,2026-09-25,771.3499755859375,2026-09-25,C,748.0,23.2,23.27,24.09,432.0,113.0,1.0000000000000003e-05,True,2026-09-25 19:51:23+00:00,SPY260925C00748000
SPY,2026-09-25,771.3499755859375,2026-09-25,C,749.0,22.2,22.27,22.92,364.0,276.0,1.0000000000000003e-05,True,2026-09-25 19:52:27+00:00,SPY260925C00749000
SPY,2026-09-25,771.3499755859375,2026-09-25,C,750.0,21.2,21.27,21.32,566.0,713.0,1.0000000000000003e-05,True,2026-09-25 20:09:55+00:00,SPY260925C00750000
SPY,2026-09-25,771.3499755859375,2026-09-25,C,751.0,20.2,20.27,20.5,1119.0,358.0,1.0000000000000003e-05,True,2026-09-25 19:57:37+00:00,SPY260925C00751000
SPY,2026-09-25,771.3499755859375,2026-09-25,C,752.0,19.2,19.27,19.71,392.0,536.0,1.0000000000000003e-05,True,2026-09-25 19:42:00+00:00,SPY260925C00752000
SPY,2026-09-25,771.3499755859375,2026-09-25,C,753.0,18.2,18.27,18.27,517.0,419.0,1.0000000000000003e-05,True,2026-09-25 19:59:49+00:00,SPY260925C00753000
SPY,2026-09-25,771.3499755859375,2026-09-25,C,754.0,17.2,17.27,17.91,893.0,804.0,1.0000000000000003e-05,True,2026-09-25 19:54:22+00:00,SPY260925C00754000
SPY,2026-09-25,771.3499755859375,2026-09-25,C,755.0,16.2,16.27,16.4,411.0,1075.0,1.0000000000000003e-05,True,2026-09-25 20:06:48+00:00,SPY260925C00755000
SPY,2026-09-25,771.3499755859375,2026-09-25,C,756.0,15.2,15.27,15.48,512.0,818.0,1.0000000000000003e-05,True,2026-09-25 19:56:09+00:00,SPY260925C00756000
SPY,2026-09-25,771.3499755859375,2026-09-25,C,757.0,14.2,14.27,13.47,359.0,1103.0,1.0000000000000003e-05,True,2026-09-25 19:33:50+00:00,SPY260925C00757000
SPY,2026-09-25,771.3499755859375,2026-09-25,C,758.0,13.2,13.27,13.32,1005.0,1588.0,1.0000000000000003e-05,True,2026-09-25 20:01:08+00:00,SPY260925C00758000
SPY,2026-09-25,771.3499755859375,2026-09-25,C,759.0,12.2,12.27,12.37,1595.0,1535.0,1.0000000000000003e-05,True,2026-09-25 20:01:02+00:00,SPY260925C00759000
SPY,2026-09-25,771.3499755859375,2026-09-25,C,760.0,11.21,11.22,11.29,4864.0,5050.0,1.0000000000000003e-05,True,2026-09-25 20:14:43+00:00,SPY260925C00760000
SPY,2026-09-25,771.3499755859375,2026-09-25,C,761.0,10.21,10.22,10.27,2767.0,3125.0,1.0000000000000003e-05,True,2026-09-25 20:13:43+00:00,SPY260925C00761000
SPY,2026-09-25,771.3499755859375,2026-09-25,C,762.0,9.22,9.23,9.23,2566.0,2429.0,1.0000000000000003e-05,True,2026-09-25 20:14:59+00:00,SPY260925C00762000
SPY,2026-09-25,771.3499755859375,2026-09-25,C,763.0,8.22,8.23,8.25,9741.0,5866.0,1.0000000000000003e-05,True,2026-09-25 20:14:10+00:00,SPY260925C00763000
SPY,2026-09-25,771.3499755859375,2026-09-25,C,764.0,7.22,7.23,7.26,12448.0,3917.0,1.0000000000000003e-05,True,2026-09-25 20:12:31+00:00,SPY260925C00764000
SPY,2026-09-25,771.3499755859375,2026-09-25,C,765.0,6.22,6.23,6.27,23863.0,8730.0,1.0000000000000003e-05,True,2026-09-25 20:14:50+00:00,SPY260925C00765000
SPY,2026-09-25,771.3499755859375,2026-09-25,C,766.0,5.22,5.23,5.26,45125.0,4475.0,1.0000000000000003e-05,True,2026-09-25 20:12:20+00:00,SPY260925C00766000
SPY,2026-09-25,771.3499755859375,2026-09-25,C,767.0,4.22,4.23,4.34,129302.0,7629.0,1.0000000000000003e-05,True,2026-09-25 20:14:36+00:00,SPY260925C00767000
SPY,2026-09-25,771.3499755859375,2026-09-25,C,768.0,3.22,3.23,3.27,295962.0,15363.0,1.0000000000000003e-05,True,2026-09-25 20:14:50+00:00,SPY260925C00768000
SPY,2026-09-25,771.3499755859375,2026-09-25,C,769.0,2.23,2.24,2.28,446476.0,10383.0,1.0000000000000003e-05,True,2026-09-25 20:14:50+00:00,SPY260925C00769000
SPY,2026-09-25,771.3499755859375,2026-09-25,C,770.0,1.24,1.25,1.3,706806.0,19889.0,1.0000000000000003e-05,True,2026-09-25 20:14:51+00:00,SPY260925C00770000
SPY,2026-09-25,771.3499755859375,2026-09-25,C,771.0,0.4,0.41,0.41,861948.0,8018.0,0.011484494628906251,True,2026-09-25 20:14:57+00:00,SPY260925C00771000
SPY,2026-09-25,771.3499755859375,2026-09-25,C,772.0,0.06,0.07,0.06,996253.0,22972.0,0.017587949218750003,False,2026-09-25 20:14:59+00:00,SPY260925C00772000
SPY,2026-09-25,771.3499755859375,2026-09-25,C,773.0,0.02,0.03,0.02,685504.0,12727.0,0.0268652001953125,False,2026-09-25 20:14:58+00:00,SPY260925C00773000
SPY,2026-09-25,771.3499755859375,2026-09-25,C,774.0,0.01,0.02,0.01,453407.0,16158.0,0.03614245117187499,False,2026-09-25 20:14:57+00:00,SPY260925C00774000
SPY,2026-09-25,771.3499755859375,2026-09-25,C,775.0,0.0,0.01,0.01,285328.0,27612.0,0.042001767578125,False,2026-09-25 20:14:22+00:00,SPY260925C00775000
SPY,2026-09-25,771.3499755859375,2026-09-25,C,776.0,0.0,0.01,0.01,166161.0,13831.0,0.051767294921875,False,2026-09-25 20:14:00+00:00,SPY260925C00776000
SPY,2026-09-25,771.3499755859375,2026-09-25,C,777.0,0.0,0.01,0.01,44775.0,8765.0,0.06153282226562501,False,2026-09-25 20:08:38+00:00,SPY260925C00777000
SPY,2026-09-25,771.3499755859375,2026-09-25,C,778.0,0.0,0.01,0.01,27051.0,8079.0,0.07032179687500001,False,2026-09-25 20:13:19+00:00,SPY260925C00778000
SPY,2026-09-25,771.3499755859375,2026-09-25,C,779.0,0.0,0.01,0.01,13342.0,3452.0,0.08008732421875,False,2026-09-25 20:09:51+00:00,SPY260925C00779000
SPY,2026-09-25,771.3499755859375,2026-09-25,C,780.0,0.0,0.01,0.01,20133.0,31441.0,0.0898528515625,False,2026-09-25 20:14:51+00:00,SPY260925C00780000
SPY,2026-09-25,771.3499755859375,2026-09-25,C,781.0,0.0,0.01,0.01,12276.0,3781.0,0.0976652734375,False,2026-09-25 20:01:41+00:00,SPY260925C00781000
SPY,2026-09-25,771.3499755859375,2026-09-25,C,782.0,0.0,0.01,0.01,3773.0,5676.0,0.1054776953125,False,2026-09-25 20:00:27+00:00,SPY260925C00782000
SPY,2026-09-25,771.3499755859375,2026-09-25,C,783.0,0.0,0.01,0.01,9443.0,6206.0,0.11524322265625,False,2026-09-25 19:59:16+00:00,SPY260925C00783000
SPY,2026-09-25,771.3499755859375,2026-09-25,C,784.0,0.0,0.01,0.01,6160.0,4458.0,0.12500875,False,2026-09-25 19:07:09+00:00,SPY260925C00784000
SPY,2026-09-25,771.3499755859375,2026-09-25,C,785.0,0.0,0.01,0.01,11460.0,30102.0,0.132821171875,False,2026-09-25 20:00:57+00:00,SPY260925C00785000
SPY,2026-09-25,771.3499755859375,2026-09-25,C,786.0,0.0,0.01,0.01,19203.0,11635.0,0.14063359375,False,2026-09-25 19:45:05+00:00,SPY260925C00786000
SPY,2026-09-25,771.3499755859375,2026-09-25,C,787.0,0.0,0.01,0.01,1004.0,3527.0,0.148446015625,False,2026-09-25 16:02:27+00:00,SPY260925C00787000
SPY,2026-09-25,771.3499755859375,2026-09-25,C,788.0,0.0,0.01,0.01,12.0,4573.0,0.1562584375,False,2026-09-25 19:47:30+00:00,SPY260925C00788000
SPY,2026-09-25,771.3499755859375,2026-09-25,C,789.0,0.0,0.01,0.01,101.0,1798.0,0.16797707031250003,False,2026-09-25 19:47:22+00:00,SPY260925C00789000
SPY,2026-09-25,771.3499755859375,2026-09-25,C,790.0,0.0,0.01,0.01,1245.0,20756.0,0.1757894921875,False,2026-09-25 19:03:01+00:00,SPY260925C00790000
SPY,2026-09-25,771.3499755859375,2026-09-25,C,791.0,0.0,0.01,0.01,473.0,6300.0,0.18360191406249998,False,2026-09-25 13:34:47+00:00,SPY260925C00791000
SPY,2026-09-25,771.3499755859375,2026-09-25,C,792.0,0.0,0.01,0.01,4.0,1449.0,0.1914143359375,False,2026-09-25 19:45:04+00:00,SPY260925C00792000
SPY,2026-09-25,771.3499755859375,2026-09-25,C,793.0,0.0,0.01,0.01,10.0,1763.0,0.1992267578125,False,2026-09-25 19:30:59+00:00,SPY260925C00793000
SPY,2026-09-25,771.3499755859375,2026-09-25,C,794.0,0.0,0.01,0.01,523.0,4278.0,0.20703917968749996,False,2026-09-25 16:44:38+00:00,SPY260925C00794000
SPY,2026-09-25,771.3499755859375,2026-09-25,C,795.0,0.0,0.01,0.01,18.0,3631.0,0.2148516015625,False,2026-09-25 19:53:21+00:00,SPY260925C00795000
SPY,2026-09-25,771.3499755859375,2026-09-25,C,796.0,0.0,0.01,0.01,70.0,2858.0,0.22266402343749997,False,2026-09-25 19:46:50+00:00,SPY260925C00796000
SPY,2026-09-25,771.3499755859375,2026-09-25,C,797.0,0.0,0.01,0.01,12.0,2977.0,0.2304764453125,False,2026-09-25 14:35:31+00:00,SPY260925C00797000
SPY,2026-09-25,771.3499755859375,2026-09-25,C,798.0,0.0,0.01,0.02,17.0,1523.0,0.23828886718749998,False,2026-09-24 18:31:16+00:00,SPY260925C00798000
SPY,2026-09-25,771.3499755859375,2026-09-25,C,799.0,0.0,0.01,0.01,10.0,598.0,0.2461012890625,False,2026-09-24 16:43:00+00:00,SPY260925C00799000
SPY,2026-09-25,771.3499755859375,2026-09-25,C,800.0,0.0,0.01,0.01,8.0,5789.0,0.25391371093750004,False,2026-09-25 20:07:36+00:00,SPY260925C00800000
SPY,2026-09-25,771.3499755859375,2026-09-25,C,801.0,0.0,0.01,0.01,1.0,905.0,0.2617261328125,False,2026-09-25 19:27:44+00:00,SPY260925C00801000
SPY,2026-09-25,771.3499755859375,2026-09-25,C,802.0,0.0,0.01,0.02,1.0,449.0,0.2695385546875,False,2026-09-24 14:33:16+00:00,SPY260925C00802000
SPY,2026-09-25,771.3499755859375,2026-09-25,C,803.0,0.0,0.01,0.01,116.0,537.0,0.27735097656249996,False,2026-09-24 16:17:00+00:00,SPY260925C00803000
SPY,2026-09-25,771.3499755859375,2026-09-25,C,804.0,0.0,0.01,0.03,6.0,678.0,0.28516339843749994,False,2026-09-22 14:41:51+00:00,SPY260925C00804000
SPY,2026-09-25,771.3499755859375,2026-09-25,C,805.0,0.0,0.01,0.01,1.0,1895.0,0.2929758203124999,False,2026-09-24 19:58:14+00:00,SPY260925C00805000
SPY,2026-09-25,771.3499755859375,2026-09-25,C,806.0,0.0,0.01,0.01,242.0,924.0,0.3007882421875,False,2026-09-24 16:37:38+00:00,SPY260925C00806000
SPY,2026-09-25,771.3499755859375,2026-09-25,C,807.0,0.0,0.01,0.01,56.0,710.0,0.3086006640625,False,2026-09-24 16:28:08+00:00,SPY260925C00807000
SPY,2026-09-25,771.3499755859375,2026-09-25,C,808.0,0.0,0.01,0.02,55.0,537.0,0.31641308593749995,False,2026-09-24 20:10:30+00:00,SPY260925C00808000
SPY,2026-09-25,771.3499755859375,2026-09-25,C,809.0,0.0,0.01,0.02,302.0,3018.0,0.3242255078124999,False,2026-09-24 19:50:06+00:00,SPY260925C00809000
SPY,2026-09-25,771.3499755859375,2026-09-25,C,810.0,0.0,0.01,0.05,15.0,1921.0,0.3320379296875,False,2026-09-25 13:54:24+00:00,SPY260925C00810000
SPY,2026-09-25,771.3499755859375,2026-09-25,C,811.0,0.0,0.01,0.01,1.0,334.0,0.3398503515625,False,2026-09-25 13:30:01+00:00,SPY260925C00811000
SPY,2026-09-25,771.3499755859375,2026-09-25,C,812.0,0.0,0.01,0.01,33.0,329.0,0.3437565625,False,2026-09-24 19:50:54+00:00,SPY260925C00812000
SPY,2026-09-25,771.3499755859375,2026-09-25,C,813.0,0.0,0.01,0.01,22.0,598.0,0.35156898437499995,False,2026-09-24 17:30:21+00:00,SPY260925C00813000
SPY,2026-09-25,771.3499755859375,2026-09-25,C,814.0,0.0,0.01,0.01,1805.0,1996.0,0.35938140625,False,2026-09-24 20:13:40+00:00,SPY260925C00814000
SPY,2026-09-25,771.3499755859375,2026-09-25,C,815.0,0.0,0.01,0.01,14.0,1322.0,0.367193828125,False,2026-09-25 13:54:24+00:00,SPY260925C00815000
SPY,2026-09-25,771.3499755859375,2026-09-25,C,816.0,0.0,0.01,0.01,360.0,1291.0,0.37500625,False,2026-09-23 13:30:53+00:00,SPY260925C00816000
SPY,2026-09-25,771.3499755859375,2026-09-25,C,817.0,0.0,0.01,0.01,5.0,579.0,0.38281867187499996,False,2026-09-24 18:56:38+00:00,SPY260925C00817000
SPY,2026-09-25,771.3499755859375,2026-09-25,C,818.0,0.0,0.01,0.01,1.0,367.0,0.39063109375,False,2026-09-25 13:31:02+00:00,SPY260925C00818000
SPY,2026-09-25,771.3499755859375,2026-09-25,C,819.0,0.0,0.01,0.01,2.0,1717.0,0.398443515625,False,2026-09-24 19:05:15+00:00,SPY260925C00819000
SPY,2026-09-25,771.3499755859375,2026-09-25,C,820.0,0.0,0.01,0.01,3.0,3960.0,0.4062559375,False,2026-09-25 13:30:02+00:00,SPY260925C00820000
SPY,2026-09-25,771.3499755859375,2026-09-25,C,821.0,0.0,0.01,0.01,112.0,4230.0,0.414068359375,False,2026-09-22 19:43:27+00:00,SPY260925C00821000
SPY,2026-09-25,771.3499755859375,2026-09-25,C,822.0,0.0,0.01,0.01,11.0,110.0,0.42188078125,False,2026-09-22 18:57:47+00:00,SPY260925C00822000
SPY,2026-09-25,771.3499755859375,2026-09-25,C,823.0,0.0,0.01,0.01,2.0,522.0,0.42969320312500003,False,2026-09-22 18:25:24+00:00,SPY260925C00823000
SPY,2026-09-25,771.3499755859375,2026-09-25,C,824.0,0.0,0.01,0.01,21.0,236.0,0.437505625,False,2026-09-22 18:57:35+00:00,SPY260925C00824000
SPY,2026-09-25,771.3499755859375,2026-09-25,C,825.0,0.0,0.01,0.01,1464.0,3332.0,0.445318046875,False,2026-09-22 20:03:27+00:00,SPY260925C00825000
SPY,2026-09-25,771.3499755859375,2026-09-25,C,830.0,0.0,0.01,0.01,400.0,501.0,0.476567734375,False,2026-09-22 16:47:32+00:00,SPY260925C00830000
SPY,2026-09-25,771.3499755859375,2026-09-25,C,835.0,0.0,0.01,0.01,25.0,283.0,0.51562984375,False,2026-09-21 16:40:23+00:00,SPY260925C00835000
SPY,2026-09-25,771.3499755859375,2026-09-25,C,840.0,0.0,0.01,0.01,15.0,224.0,0.51562984375,False,2026-09-22 13:57:59+00:00,SPY260925C00840000
SPY,2026-09-25,771.3499755859375,2026-09-25,C,845.0,0.0,0.01,0.01,240.0,517.0,0.5468795312500001,False,2026-09-22 13:45:14+00:00,SPY260925C00845000
SPY,2026-09-25,771.3499755859375,2026-09-25,C,850.0,0.0,0.01,0.01,1.0,158.0,0.57812921875,False,2026-09-21 18:24:11+00:00,SPY260925C00850000
SPY,2026-09-25,771.3499755859375,2026-09-25,C,855.0,0.0,0.01,0.01,11.0,203.0,0.6250037500000001,False,2026-09-15 15:50:04+00:00,SPY260925C00855000
SPY,2026-09-25,771.3499755859375,2026-09-25,C,860.0,0.0,0.01,0.02,25.0,94.0,0.6562534375000001,False,2026-09-04 13:33:15+00:00,SPY260925C00860000
SPY,2026-09-25,771.3499755859375,2026-09-25,C,865.0,0.0,0.01,0.01,1.0,59.0,0.6875031250000001,False,2026-09-11 15:16:00+00:00,SPY260925C00865000
SPY,2026-09-25,771.3499755859375,2026-09-25,C,870.0,0.0,0.01,0.02,1.0,242.0,0.7187528125,False,2026-09-22 14:22:36+00:00,SPY260925C00870000
SPY,2026-09-25,771.3499755859375,2026-09-25,C,875.0,0.0,0.01,0.01,10.0,12.0,0.7500025,False,2026-09-25 17:32:00+00:00,SPY260925C00875000
SPY,2026-09-25,771.3499755859375,2026-09-25,C,880.0,0.0,0.01,0.01,1.0,27.0,0.7812521875,False,2026-09-17 18:32:40+00:00,SPY260925C00880000
SPY,2026-09-25,771.3499755859375,2026-09-25,C,885.0,0.0,0.0,0.03,1.0,0.0,0.500005,False,2026-08-19 18:04:13+00:00,SPY260925C00885000
SPY,2026-09-25,771.3499755859375,2026-09-25,C,890.0,0.0,0.01,0.01,3.0,6.0,0.8437515624999999,False,2026-09-04 20:12:21+00:00,SPY260925C00890000
SPY,2026-09-25,771.3499755859375,2026-09-25,C,895.0,0.0,0.01,0.02,1520.0,2755.0,0.87500125,False,2026-09-08 13:47:07+00:00,SPY260925C00895000
SPY,2026-09-25,771.3499755859375,2026-09-25,C,900.0,0.0,0.01,0.01,1480.0,2688.0,0.8906260937499999,False,2026-09-08 13:47:05+00:00,SPY260925C00900000
SPY,2026-09-25,771.3499755859375,2026-09-25,C,910.0,0.0,0.0,0.04,,0.0,0.500005,False,2026-08-13 20:02:30+00:00,SPY260925C00910000
SPY,2026-09-25,771.3499755859375,2026-09-25,C,915.0,0.0,0.01,0.01,40.0,32.0,0.9687503125,False,2026-09-03 15:58:15+00:00,SPY260925C00915000
SPY,2026-09-25,771.3499755859375,2026-09-25,C,920.0,0.0,0.0,0.03,,0.0,0.500005,False,2026-08-12 13:39:54+00:00,SPY260925C00920000
SPY,2026-09-25,771.3499755859375,2026-09-25,C,925.0,0.0,0.01,0.01,1.0,2.0,1.0312548437500002,False,2026-08-24 14:08:22+00:00,SPY260925C00925000
SPY,2026-09-25,771.3499755859375,2026-09-25,C,930.0,0.0,0.01,0.01,3.0,2.0,1.0625046875000002,False,2026-09-25 17:28:01+00:00,SPY260925C00930000
SPY,2026-09-25,771.3499755859375,2026-09-25,P,500.0,0.0,0.01,0.01,6.0,2482.0,2.3750040624999995,False,2026-09-21 20:09:05+00:00,SPY260925P00500000
SPY,2026-09-25,771.3499755859375,2026-09-25,P,505.0,0.0,0.01,0.01,1.0,759.0,2.3125042187499996,False,2026-09-22 13:30:01+00:00,SPY260925P00505000
SPY,2026-09-25,771.3499755859375,2026-09-25,P,510.0,0.0,0.01,0.01,23.0,210.0,2.2500043749999996,False,2026-09-21 20:10:39+00:00,SPY260925P00510000
SPY,2026-09-25,771.3499755859375,2026-09-25,P,515.0,0.0,0.01,0.02,1.0,78.0,2.2500043749999996,False,2026-09-16 18:05:51+00:00,SPY260925P00515000
SPY,2026-09-25,771.3499755859375,2026-09-25,P,520.0,0.0,0.01,0.02,600.0,645.0,2.1875045312499997,False,2026-09-16 20:14:51+00:00,SPY260925P00520000
SPY,2026-09-25,771.3499755859375,2026-09-25,P,525.0,0.0,0.01,0.01,26.0,99.0,2.1250046874999997,False,2026-09-21 19:18:20+00:00,SPY260925P00525000
SPY,2026-09-25,771.3499755859375,2026-09-25,P,530.0,0.0,0.01,0.01,2.0,18140.0,2.0625048437499998,False,2026-09-25 17:22:44+00:00,SPY260925P00530000
SPY,2026-09-25,771.3499755859375,2026-09-25,P,535.0,0.0,0.01,0.01,17.0,109.0,2.000005,False,2026-09-18 15:31:42+00:00,SPY260925P00535000
SPY,2026-09-25,771.3499755859375,2026-09-25,P,540.0,0.0,0.01,0.01,410.0,506.0,1.96875015625,False,2026-09-17 19:05:11+00:00,SPY260925P00540000
SPY,2026-09-25,771.3499755859375,2026-09-25,P,545.0,0.0,0.01,0.01,16.0,81.0,1.9375003125,False,2026-09-21 19:19:14+00:00,SPY260925P00545000
SPY,2026-09-25,771.3499755859375,2026-09-25,P,550.0,0.0,0.01,0.01,39.0,237.0,1.875000625,False,2026-09-17 19:29:43+00:00,SPY260925P00550000
SPY,2026-09-25,771.3499755859375,2026-09-25,P,555.0,0.0,0.01,0.01,110.0,247.0,1.8125009374999999,False,2026-09-17 20:06:55+00:00,SPY260925P00555000
SPY,2026-09-25,771.3499755859375,2026-09-25,P,560.0,0.0,0.01,0.01,10.0,1150.0,1.8125009374999999,False,2026-09-18 13:30:35+00:00,SPY260925P00560000
SPY,2026-09-25,771.3499755859375,2026-09-25,P,565.0,0.0,0.01,0.01,4.0,24.0,1.75000125,False,2026-09-17 20:14:39+00:00,SPY260925P00565000
SPY,2026-09-25,771.3499755859375,2026-09-25,P,570.0,0.0,0.01,0.01,22.0,76.0,1.6875015625,False,2026-09-21 19:19:52+00:00,SPY260925P00570000
SPY,2026-09-25,771.3499755859375,2026-09-25,P,575.0,0.0,0.01,0.01,12.0,157.0,1.65625171875,False,2026-09-22 17:41:28+00:00,SPY260925P00575000
SPY,2026-09-25,771.3499755859375,2026-09-25,P,580.0,0.0,0.01,0.01,27.0,196.0,1.625001875,False,2026-09-21 19:20:45+00:00,SPY260925P00580000
SPY,2026-09-25,771.3499755859375,2026-09-25,P,585.0,0.0,0.01,0.01,5.0,52.0,1.5625021874999998,False,2026-09-21 18:37:08+00:00,SPY260925P00585000
SPY,2026-09-25,771.3499755859375,2026-09-25,P,590.0,0.0,0.01,0.01,38.0,362.0,1.5000025,False,2026-09-21 19:21:17+00:00,SPY260925P00590000
SPY,2026-09-25,771.3499755859375,2026-09-25,P,595.0,0.0,0.01,0.01,1.0,2157.0,1.46875265625,False,2026-09-21 16:18:37+00:00,SPY260925P00595000
SPY,2026-09-25,771.3499755859375,2026-09-25,P,600.0,0.0,0.01,0.01,3.0,599.0,1.4375028125,False,2026-09-23 15:32:32+00:00,SPY260925P00600000
SPY,2026-09-25,771.3499755859375,2026-09-25,P,605.0,0.0,0.01,0.01,4.0,1015.0,1.3750031249999999,False,2026-09-23 15:32:45+00:00,SPY260925P00605000
SPY,2026-09-25,771.3499755859375,2026-09-25,P,610.0,0.0,0.01,0.01,2.0,864.0,1.3437532812499997,False,2026-09-21 18:49:33+00:00,SPY260925P00610000
SPY,2026-09-25,771.3499755859375,2026-09-25,P,615.0,0.0,0.01,0.01,111.0,995.0,1.2812535937499998,False,2026-09-21 19:21:47+00:00,SPY260925P00615000
SPY,2026-09-25,771.3499755859375,2026-09-25,P,620.0,0.0,0.01,0.01,1.0,4758.0,1.2500037499999999,False,2026-09-22 14:47:54+00:00,SPY260925P00620000
SPY,2026-09-25,771.3499755859375,2026-09-25,P,625.0,0.0,0.01,0.01,3.0,1169.0,1.21875390625,False,2026-09-25 16:46:10+00:00,SPY260925P00625000
SPY,2026-09-25,771.3499755859375,2026-09-25,P,630.0,0.0,0.01,0.01,2.0,890.0,1.15625421875,False,2026-09-25 13:39:59+00:00,SPY260925P00630000
SPY,2026-09-25,771.3499755859375,2026-09-25,P,635.0,0.0,0.01,0.01,6.0,1271.0,1.125004375,False,2026-09-25 13:32:29+00:00,SPY260925P00635000
SPY,2026-09-25,771.3499755859375,2026-09-25,P,640.0,0.0,0.01,0.01,10.0,12129.0,1.09375453125,False,2026-09-24 17:41:40+00:00,SPY260925P00640000
SPY,2026-09-25,771.3499755859375,2026-09-25,P,645.0,0.0,0.01,0.01,50.0,1386.0,1.0312548437500002,False,2026-09-24 14:34:57+00:00,SPY260925P00645000
SPY,2026-09-25,771.3499755859375,2026-09-25,P,650.0,0.0,0.01,0.01,1.0,1080.0,0.98437515625,False,2026-09-24 20:09:18+00:00,SPY260925P00650000
SPY,2026-09-25,771.3499755859375,2026-09-25,P,655.0,0.0,0.01,0.01,1.0,1454.0,0.9531254687499999,False,2026-09-23 19:50:38+00:00,SPY260925P00655000
SPY,2026-09-25,771.3499755859375,2026-09-25,P,660.0,0.0,0.01,0.01,172.0,1480.0,0.9062509375,False,2026-09-23 18:56:22+00:00,SPY260925P00660000
SPY,2026-09-25,771.3499755859375,2026-09-25,P,665.0,0.0,0.01,0.01,43.0,2659.0,0.87500125,False,2026-09-24 19:54:59+00:00,SPY260925P00665000
SPY,2026-09-25,771.3499755859375,2026-09-25,P,670.0,0.0,0.01,0.01,10.0,8677.0,0.8281267187499999,False,2026-09-24 19:46:40+00:00,SPY260925P00670000
SPY,2026-09-25,771.3499755859375,2026-09-25,P,675.0,0.0,0.01,0.01,13.0,11447.0,0.7812521875,False,2026-09-24 18:03:53+00:00,SPY260925P00675000
SPY,2026-09-25,771.3499755859375,2026-09-25,P,680.0,0.0,0.01,0.01,1.0,3601.0,0.7500025,False,2026-09-24 17:53:20+00:00,SPY260925P00680000
SPY,2026-09-25,771.3499755859375,2026-09-25,P,685.0,0.0,0.01,0.01,23.0,1772.0,0.7187528125,False,2026-09-24 18:34:16+00:00,SPY260925P00685000
SPY,2026-09-25,771.3499755859375,2026-09-25,P,690.0,0.0,0.01,0.01,32.0,1787.0,0.6718782812500002,False,2026-09-24 18:57:36+00:00,SPY260925P00690000
SPY,2026-09-25,771.3499755859375,2026-09-25,P,695.0,0.0,0.01,0.01,27.0,4759.0,0.6250037500000001,False,2026-09-25 20:13:47+00:00,SPY260925P00695000
SPY,2026-09-25,771.3499755859375,2026-09-25,P,700.0,0.0,0.01,0.01,104.0,2670.0,0.5937540625000001,False,2026-09-25 20:02:38+00:00,SPY260925P00700000
SPY,2026-09-25,771.3499755859375,2026-09-25,P,705.0,0.0,0.01,0.01,13.0,2106.0,0.5468795312500001,False,2026-09-25 20:02:51+00:00,SPY260925P00705000
SPY,2026-09-25,771.3499755859375,2026-09-25,P,710.0,0.0,0.01,0.01,1.0,3449.0,0.500005,False,2026-09-25 15:21:56+00:00,SPY260925P00710000
SPY,2026-09-25,771.3499755859375,2026-09-25,P,715.0,0.0,0.01,0.01,1538.0,4463.0,0.500005,False,2026-09-25 20:04:20+00:00,SPY260925P00715000
SPY,2026-09-25,771.3499755859375,2026-09-25,P,720.0,0.0,0.01,0.01,4.0,3835.0,0.45313046875,False,2026-09-25 19:52:43+00:00,SPY260925P00720000
SPY,2026-09-25,771.3499755859375,2026-09-25,P,721.0,0.0,0.01,0.02,331.0,803.0,0.445318046875,False,2026-09-24 19:39:02+00:00,SPY260925P00721000
SPY,2026-09-25,771.3499755859375,2026-09-25,P,722.0,0.0,0.01,0.02,14.0,1433.0,0.437505625,False,2026-09-24 15:29:05+00:00,SPY260925P00722000
SPY,2026-09-25,771.3499755859375,2026-09-25,P,723.0,0.0,0.01,0.01,1.0,1092.0,0.42969320312500003,False,2026-09-25 14:12:15+00:00,SPY260925P00723000
SPY,2026-09-25,771.3499755859375,2026-09-25,P,724.0,0.0,0.01,0.01,15.0,697.0,0.42188078125,False,2026-09-25 15:49:37+00:00,SPY260925P00724000
SPY,2026-09-25,771.3499755859375,2026-09-25,P,725.0,0.0,0.01,0.01,43.0,12431.0,0.414068359375,False,2026-09-25 17:36:59+00:00,SPY260925P00725000
SPY,2026-09-25,771.3499755859375,2026-09-25,P,726.0,0.0,0.01,0.01,2.0,5459.0,0.4062559375,False,2026-09-24 19:28:45+00:00,SPY260925P00726000
SPY,2026-09-25,771.3499755859375,2026-09-25,P,727.0,0.0,0.01,0.01,32.0,19193.0,0.398443515625,False,2026-09-25 13:30:01+00:00,SPY260925P00727000
SPY,2026-09-25,771.3499755859375,2026-09-25,P,728.0,0.0,0.01,0.01,61.0,3902.0,0.39063109375,False,2026-09-25 14:13:09+00:00,SPY260925P00728000
SPY,2026-09-25,771.3499755859375,2026-09-25,P,729.0,0.0,0.01,0.01,5.0,1073.0,0.38281867187499996,False,2026-09-25 18:01:36+00:00,SPY260925P00729000
SPY,2026-09-25,771.3499755859375,2026-09-25,P,730.0,0.0,0.01,0.01,420.0,141194.0,0.37500625,False,2026-09-25 20:07:37+00:00,SPY260925P00730000
SPY,2026-09-25,771.3499755859375,2026-09-25,P,731.0,0.0,0.01,0.01,12.0,10650.0,0.3632876171875,False,2026-09-25 16:47:47+00:00,SPY260925P00731000
SPY,2026-09-25,771.3499755859375,2026-09-25,P,732.0,0.0,0.01,0.02,319.0,2520.0,0.35156898437499995,False,2026-09-24 20:01:33+00:00,SPY260925P00732000
SPY,2026-09-25,771.3499755859375,2026-09-25,P,733.0,0.0,0.01,0.01,40.0,743.0,0.3437565625,False,2026-09-24 14:43:25+00:00,SPY260925P00733000
SPY,2026-09-25,771.3499755859375,2026-09-25,P,734.0,0.0,0.01,0.01,1745.0,2556.0,0.335944140625,False,2026-09-25 19:31:11+00:00,SPY260925P00734000
SPY,2026-09-25,771.3499755859375,2026-09-25,P,735.0,0.0,0.01,0.01,493.0,4031.0,0.32813171874999997,False,2026-09-25 20:10:21+00:00,SPY260925P00735000
SPY,2026-09-25,771.3499755859375,2026-09-25,P,736.0,0.0,0.01,0.01,5.0,2156.0,0.32031929687499994,False,2026-09-25 17:38:58+00:00,SPY260925P00736000
SPY,2026-09-25,771.3499755859375,2026-09-25,P,737.0,0.0,0.01,0.01,3219.0,1548.0,0.31250687499999996,False,2026-09-25 17:31:15+00:00,SPY260925P00737000
SPY,2026-09-25,771.3499755859375,2026-09-25,P,738.0,0.0,0.01,0.01,486.0,1335.0,0.304694453125,False,2026-09-25 15:31:39+00:00,SPY260925P00738000
SPY,2026-09-25,771.3499755859375,2026-09-25,P,739.0,0.0,0.01,0.01,123.0,3105.0,0.29688203124999996,False,2026-09-25 19:34:01+00:00,SPY260925P00739000
SPY,2026-09-25,771.3499755859375,2026-09-25,P,740.0,0.0,0.01,0.01,347.0,23705.0,0.2890696093749999,False,2026-09-25 19:58:12+00:00,SPY260925P00740000
SPY,2026-09-25,771.3499755859375,2026-09-25,P,741.0,0.0,0.01,0.01,722.0,2429.0,0.28125718749999995,False,2026-09-25 18:30:33+00:00,SPY260925P00741000
SPY,2026-09-25,771.3499755859375,2026-09-25,P,742.0,0.0,0.01,0.01,6882.0,1332.0,0.2695385546875,False,2026-09-25 19:47:22+00:00,SPY260925P00742000
SPY,2026-09-25,771.3499755859375,2026-09-25,P,743.0,0.0,0.01,0.01,6960.0,2815.0,0.2617261328125,False,2026-09-25 19:59:16+00:00,SPY260925P00743000
SPY,2026-09-25,771.3499755859375,2026-09-25,P,744.0,0.0,0.01,0.01,7765.0,2323.0,0.25391371093750004,False,2026-09-25 19:41:48+00:00,SPY260925P00744000
SPY,2026-09-25,771.3499755859375,2026-09-25,P,745.0,0.0,0.01,0.02,15307.0,146716.0,0.2461012890625,False,2026-09-25 19:47:22+00:00,SPY260925P00745000
SPY,2026-09-25,771.3499755859375,2026-09-25,P,746.0,0.0,0.01,0.01,2611.0,3468.0,0.23438265625,False,2026-09-25 19:32:06+00:00,SPY260925P00746000
SPY,2026-09-25,771.3499755859375,2026-09-25,P,747.0,0.0,0.01,0.01,4895.0,4144.0,0.22657023437499998,False,2026-09-25 20:05:15+00:00,SPY260925P00747000
SPY,2026-09-25,771.3499755859375,2026-09-25,P,748.0,0.0,0.01,0.01,2315.0,4564.0,0.21875781249999998,False,2026-09-25 20:00:27+00:00,SPY260925P00748000
SPY,2026-09-25,771.3499755859375,2026-09-25,P,749.0,0.0,0.01,0.01,6034.0,3171.0,0.21094539062499998,False,2026-09-25 18:53:43+00:00,SPY260925P00749000
SPY,2026-09-25,771.3499755859375,2026-09-25,P,750.0,0.0,0.01,0.01,11987.0,24212.0,0.20313296874999998,False,2026-09-25 20:08:50+00:00,SPY260925P00750000
SPY,2026-09-25,771.3499755859375,2026-09-25,P,751.0,0.0,0.01,0.01,9115.0,3498.0,0.195320546875,False,2026-09-25 20:09:24+00:00,SPY260925P00751000
SPY,2026-09-25,771.3499755859375,2026-09-25,P,752.0,0.0,0.01,0.01,10525.0,5488.0,0.18360191406249998,False,2026-09-25 20:08:37+00:00,SPY260925P00752000
SPY,2026-09-25,771.3499755859375,2026-09-25,P,753.0,0.0,0.01,0.01,15131.0,3855.0,0.1757894921875,False,2026-09-25 20:01:02+00:00,SPY260925P00753000
SPY,2026-09-25,771.3499755859375,2026-09-25,P,754.0,0.0,0.01,0.01,7311.0,4976.0,0.16797707031250003,False,2026-09-25 19:42:39+00:00,SPY260925P00754000
SPY,2026-09-25,771.3499755859375,2026-09-25,P,755.0,0.0,0.01,0.01,12466.0,25871.0,0.1601646484375,False,2026-09-25 20:08:37+00:00,SPY260925P00755000
SPY,2026-09-25,771.3499755859375,2026-09-25,P,756.0,0.0,0.01,0.01,9276.0,4995.0,0.148446015625,False,2026-09-25 20:05:18+00:00,SPY260925P00756000
SPY,2026-09-25,771.3499755859375,2026-09-25,P,757.0,0.0,0.01,0.01,11026.0,11034.0,0.14063359375,False,2026-09-25 20:10:18+00:00,SPY260925P00757000
SPY,2026-09-25,771.3499755859375,2026-09-25,P,758.0,0.0,0.01,0.01,33079.0,6740.0,0.132821171875,False,2026-09-25 20:10:00+00:00,SPY260925P00758000
SPY,2026-09-25,771.3499755859375,2026-09-25,P,759.0,0.0,0.01,0.01,50217.0,6502.0,0.12305564453125001,False,2026-09-25 20:13:27+00:00,SPY260925P00759000
SPY,2026-09-25,771.3499755859375,2026-09-25,P,760.0,0.0,0.01,0.01,139536.0,41225.0,0.1132901171875,False,2026-09-25 20:14:09+00:00,SPY260925P00760000
SPY,2026-09-25,771.3499755859375,2026-09-25,P,761.0,0.0,0.01,0.01,107331.0,7331.0,0.1054776953125,False,2026-09-25 20:10:03+00:00,SPY260925P00761000
SPY,2026-09-25,771.3499755859375,2026-09-25,P,762.0,0.0,0.01,0.01,136545.0,12294.0,0.09571216796875001,False,2026-09-25 20:13:45+00:00,SPY260925P00762000
SPY,2026-09-25,771.3499755859375,2026-09-25,P,763.0,0.0,0.01,0.01,241845.0,9457.0,0.08789974609375001,False,2026-09-25 20:07:56+00:00,SPY260925P00763000
SPY,2026-09-25,771.3499755859375,2026-09-25,P,764.0,0.0,0.01,0.01,212447.0,18261.0,0.07813421875000001,False,2026-09-25 20:14:05+00:00,SPY260925P00764000
SPY,2026-09-25,771.3499755859375,2026-09-25,P,765.0,0.0,0.01,0.01,277802.0,14592.0,0.06836869140625002,False,2026-09-25 20:11:48+00:00,SPY260925P00765000
SPY,2026-09-25,771.3499755859375,2026-09-25,P,766.0,0.0,0.01,0.01,376740.0,10741.0,0.058603164062500004,False,2026-09-25 20:14:48+00:00,SPY260925P00766000
SPY,2026-09-25,771.3499755859375,2026-09-25,P,767.0,0.01,0.02,0.01,503295.0,9140.0,0.054696953125,False,2026-09-25 20:14:50+00:00,SPY260925P00767000
SPY,2026-09-25,771.3499755859375,2026-09-25,P,768.0,0.01,0.02,0.01,558870.0,6252.0,0.043954873046874995,False,2026-09-25 20:14:44+00:00,SPY260925P00768000
SPY,2026-09-25,771.3499755859375,2026-09-25,P,769.0,0.01,0.02,0.01,635035.0,3246.0,0.0327245166015625,False,2026-09-25 20:14:58+00:00,SPY260925P00769000
SPY,2026-09-25,771.3499755859375,2026-09-25,P,770.0,0.02,0.03,0.02,684273.0,7487.0,0.0229589892578125,False,2026-09-25 20:14:54+00:00,SPY260925P00770000
SPY,2026-09-25,771.3499755859375,2026-09-25,P,771.0,0.18,0.19,0.19,529190.0,2312.0,0.02088381469726563,False,2026-09-25 20:14:57+00:00,SPY260925P00771000
SPY,2026-09-25,771.3499755859375,2026-09-25,P,772.0,0.84,0.85,0.81,168927.0,4449.0,0.028085891113281247,True,2026-09-25 20:14:57+00:00,SPY260925P00772000
SPY,2026-09-25,771.3499755859375,2026-09-25,P,773.0,1.78,1.79,1.77,54699.0,3790.0,0.04102521484375,True,2026-09-25 20:14:54+00:00,SPY260925P00773000
SPY,2026-09-25,771.3499755859375,2026-09-25,P,774.0,2.79,2.8,2.77,19037.0,1079.0,0.05787074951171876,True,2026-09-25 20:12:09+00:00,SPY260925P00774000
SPY,2026-09-25,771.3499755859375,2026-09-25,P,775.0,3.78,3.79,3.77,8998.0,227.0,0.07105421142578125,True,2026-09-25 20:12:07+00:00,SPY260925P00775000
SPY,2026-09-25,771.3499755859375,2026-09-25,P,776.0,4.78,4.79,4.74,3523.0,21.0,0.08497008789062502,True,2026-09-25 20:14:17+00:00,SPY260925P00776000
SPY,2026-09-25,771.3499755859375,2026-09-25,P,777.0,5.78,5.79,5.52,2539.0,21.0,0.0981535498046875,True,2026-09-25 20:04:28+00:00,SPY260925P00777000
SPY,2026-09-25,771.3499755859375,2026-09-25,P,778.0,6.78,6.79,6.74,1427.0,28.0,0.11133701171874999,True,2026-09-25 20:14:07+00:00,SPY260925P00778000
SPY,2026-09-25,771.3499755859375,2026-09-25,P,779.0,7.73,7.79,7.5,710.0,3.0,0.124032197265625,True,2026-09-25 20:07:06+00:00,SPY260925P00779000
SPY,2026-09-25,771.3499755859375,2026-09-25,P,780.0,8.73,8.79,8.75,3043.0,22.0,0.1362391064453125,True,2026-09-25 20:11:52+00:00,SPY260925P00780000
SPY,2026-09-25,771.3499755859375,2026-09-25,P,781.0,9.73,9.79,9.3,260.0,1.0,0.148446015625,True,2026-09-25 19:45:24+00:00,SPY260925P00781000
SPY,2026-09-25,771.3499755859375,2026-09-25,P,782.0,10.73,10.8,10.51,694.0,0.0,0.1626060302734375,True,2026-09-25 19:50:01+00:00,SPY260925P00782000
SPY,2026-09-25,771.3499755859375,2026-09-25,P,783.0,11.73,11.8,11.62,651.0,0.0,0.174812939453125,True,2026-09-25 20:00:19+00:00,SPY260925P00783000
SPY,2026-09-25,771.3499755859375,2026-09-25,P,784.0,12.73,12.8,13.15,405.0,0.0,0.186531572265625,True,2026-09-25 19:19:42+00:00,SPY260925P00784000
SPY,2026-09-25,771.3499755859375,2026-09-25,P,785.0,13.73,13.8,13.29,493.0,0.0,0.198250205078125,True,2026-09-25 19:44:16+00:00,SPY260925P00785000
SPY,2026-09-25,771.3499755859375,2026-09-25,P,786.0,14.73,14.8,14.09,436.0,0.0,0.20948056152343747,True,2026-09-25 19:45:07+00:00,SPY260925P00786000
SPY,2026-09-25,771.3499755859375,2026-09-25,P,787.0,15.57,15.83,15.81,232.0,0.0,0.22852333984375,True,2026-09-25 19:59:52+00:00,SPY260925P00787000
SPY,2026-09-25,771.3499755859375,2026-09-25,P,788.0,16.57,16.82,16.37,561.0,0.0,0.23780059082031246,True,2026-09-25 18:58:47+00:00,SPY260925P00788000
SPY,2026-09-25,771.3499755859375,2026-09-25,P,789.0,17.57,17.83,17.43,1406.0,0.0,0.25196060546875,True,2026-09-25 19:38:02+00:00,SPY260925P00789000
SPY,2026-09-25,771.3499755859375,2026-09-25,P,790.0,18.57,18.82,18.81,563.0,0.0,0.2602613037109375,True,2026-09-25 19:59:52+00:00,SPY260925P00790000
SPY,2026-09-25,771.3499755859375,2026-09-25,P,791.0,19.57,19.79,19.3,1149.0,0.0,0.2617261328125,True,2026-09-25 19:22:48+00:00,SPY260925P00791000
SPY,2026-09-25,771.3499755859375,2026-09-25,P,792.0,20.57,20.84,20.84,8.0,,0.2880930566406249,True,2026-09-25 18:26:25+00:00,SPY260925P00792000
SPY,2026-09-25,771.3499755859375,2026-09-25,P,793.0,21.57,21.81,21.87,94.0,0.0,0.29004616210937495,True,2026-09-25 17:41:25+00:00,SPY260925P00793000
SPY,2026-09-25,771.3499755859375,2026-09-25,P,794.0,22.57,22.79,23.12,783.0,0.0,0.29395237304687494,True,2026-09-25 17:52:25+00:00,SPY260925P00794000
SPY,2026-09-25,771.3499755859375,2026-09-25,P,795.0,23.57,23.85,23.0,199.0,4.0,0.3242255078124999,True,2026-09-25 19:51:32+00:00,SPY260925P00795000
SPY,2026-09-25,771.3499755859375,2026-09-25,P,796.0,24.57,24.85,24.63,8.0,4.0,0.3354558642578125,True,2026-09-25 20:00:53+00:00,SPY260925P00796000
SPY,2026-09-25,771.3499755859375,2026-09-25,P,797.0,25.43,25.85,25.57,2.0,,0.3461979443359374,True,2026-09-25 19:56:11+00:00,SPY260925P00797000
SPY,2026-09-25,771.3499755859375,2026-09-25,P,798.0,26.36,26.85,26.43,128.0,0.0,0.3569400244140625,True,2026-09-25 17:51:36+00:00,SPY260925P00798000
SPY,2026-09-25,771.3499755859375,2026-09-25,P,799.0,27.43,27.85,28.13,11.0,,0.3676821044921875,True,2026-09-25 17:09:16+00:00,SPY260925P00799000
SPY,2026-09-25,771.3499755859375,2026-09-25,P,800.0,28.35,28.86,29.35,8.0,10.0,0.38184211914062494,True,2026-09-25 18:55:50+00:00,SPY260925P00800000
SPY,2026-09-25,771.3499755859375,2026-09-25,P,801.0,29.34,29.84,29.96,3.0,,0.3857483300781249,True,2026-09-25 19:42:18+00:00,SPY260925P00801000
SPY,2026-09-25,771.3499755859375,2026-09-25,P,802.0,30.43,30.84,30.15,8.0,,0.39600213378906257,True,2026-09-25 19:52:52+00:00,SPY260925P00802000
SPY,2026-09-25,771.3499755859375,2026-09-25,P,803.0,31.33,31.79,32.31,337.0,,0.38672488281249995,True,2026-09-25 19:20:45+00:00,SPY260925P00803000
SPY,2026-09-25,771.3499755859375,2026-09-25,P,804.0,32.39,32.84,33.17,112.0,,0.41699801757812494,True,2026-09-25 17:33:57+00:00,SPY260925P00804000
SPY,2026-09-25,771.3499755859375,2026-09-25,P,805.0,33.4,33.85,36.46,4.0,0.0,0.43066975585937506,True,2026-09-25 15:54:50+00:00,SPY260925P00805000
SPY,2026-09-25,771.3499755859375,2026-09-25,P,806.0,34.36,34.84,35.09,7.0,,0.437505625,True,2026-09-25 18:53:09+00:00,SPY260925P00806000
SPY,2026-09-25,771.3499755859375,2026-09-25,P,807.0,35.33,35.85,36.06,1.0,0.0,0.45166563964843753,True,2026-09-24 19:26:21+00:00,SPY260925P00807000
SPY,2026-09-25,771.3499755859375,2026-09-25,P,808.0,36.43,36.8,37.13,90.0,,0.4414118359375,True,2026-09-25 16:26:16+00:00,SPY260925P00808000
SPY,2026-09-25,771.3499755859375,2026-09-25,P,809.0,37.35,37.85,42.63,2.0,,0.471684970703125,True,2026-09-25 14:15:13+00:00,SPY260925P00809000
SPY,2026-09-25,771.3499755859375,2026-09-25,P,810.0,38.39,38.85,46.49,28.0,0.0,0.48242705078125003,True,2026-09-24 15:13:34+00:00,SPY260925P00810000
SPY,2026-09-25,771.3499755859375,2026-09-25,P,811.0,39.34,39.79,40.01,181.0,0.0,0.46582565429687506,True,2026-09-25 18:08:23+00:00,SPY260925P00811000
SPY,2026-09-25,771.3499755859375,2026-09-25,P,812.0,40.42,40.85,43.41,123.0,,0.5024463818359376,True,2026-09-25 15:11:24+00:00,SPY260925P00812000
SPY,2026-09-25,771.3499755859375,2026-09-25,P,813.0,41.43,41.85,46.44,1.0,,0.5127001855468749,True,2026-09-25 14:18:53+00:00,SPY260925P00813000
SPY,2026-09-25,771.3499755859375,2026-09-25,P,818.0,46.42,47.1,47.26,76.0,,0.5136767382812499,True,2026-09-25 17:01:22+00:00,SPY260925P00818000
SPY,2026-09-25,771.3499755859375,2026-09-25,P,819.0,47.29,47.85,48.69,143.0,,0.5712933496093751,True,2026-09-25 16:49:05+00:00,SPY260925P00819000
SPY,2026-09-25,771.3499755859375,2026-09-25,P,820.0,48.43,49.01,51.35,20.0,0.0,0.5019581054687501,True,2026-09-25 15:13:19+00:00,SPY260925P00820000
SPY,2026-09-25,771.3499755859375,2026-09-25,P,821.0,49.41,50.01,50.11,82.0,,0.500005,True,2026-09-25 17:12:57+00:00,SPY260925P00821000
SPY,2026-09-25,771.3499755859375,2026-09-25,P,823.0,51.38,52.01,52.26,294.0,0.0,0.500005,True,2026-09-25 18:29:17+00:00,SPY260925P00823000
SPY,2026-09-25,771.3499755859375,2026-09-25,P,824.0,52.28,53.01,54.51,9.0,0.0,0.6826203613281252,True,2026-09-25 15:04:37+00:00,SPY260925P00824000
SPY,2026-09-25,771.3499755859375,2026-09-25,P,825.0,53.43,54.01,54.53,16.0,1.0,0.5449264257812501,True,2026-09-25 19:05:20+00:00,SPY260925P00825000
SPY,2026-09-25,771.3499755859375,2026-09-25,P,830.0,58.28,59.01,66.44,30.0,,0.7436549072265625,True,2026-09-24 15:33:52+00:00,SPY260925P00830000
SPY,2026-09-25,771.3499755859375,2026-09-25,P,835.0,63.28,64.01,71.28,26.0,,0.7939473730468749,True,2026-09-24 15:40:19+00:00,SPY260925P00835000
SPY,2026-09-25,771.3499755859375,2026-09-25,P,850.0,78.43,79.08,81.59,7.0,0.0,0.789064609375,True,2026-09-25 15:20:13+00:00,SPY260925P00850000
SPY,2026-09-25,771.3499755859375,2026-09-25,P,855.0,83.3,84.01,83.89,16.0,0.0,0.6250037500000001,True,2026-09-25 18:30:24+00:00,SPY260925P00855000
SPY,2026-09-25,771.3499755859375,2026-09-25,P,865.0,93.28,93.85,93.82,17.0,1.0,0.99023447265625,True,2026-09-25 16:21:04+00:00,SPY260925P00865000
SPY,2026-09-25,771.3499755859375,2026-09-25,P,870.0,98.28,99.01,102.86,12.0,0.0,1.123051259765625,True,2026-09-24 20:13:01+00:00,SPY260925P00870000
SPY,2026-09-25,771.3499755859375,2026-09-28,C,605.0,165.41,167.71,153.4,,0.0,0.9794923925781251,True,2026-09-16 18:41:23+00:00,SPY260928C00605000
SPY,2026-09-25,771.3499755859375,2026-09-28,C,610.0,160.36,162.69,148.38,,0.0,0.929688203125,True,2026-09-16 18:41:22+00:00,SPY260928C00610000
SPY,2026-09-25,771.3499755859375,2026-09-28,C,615.0,155.37,157.69,143.38,,0.0,0.903321279296875,True,2026-09-16 18:41:22+00:00,SPY260928C00615000
SPY,2026-09-25,771.3499755859375,2026-09-28,C,620.0,150.4,152.77,138.38,,0.0,0.90429783203125,True,2026-09-16 18:41:22+00:00,SPY260928C00620000
SPY,2026-09-25,771.3499755859375,2026-09-28,C,645.0,125.4,127.71,119.39,36.0,9.0,0.745119736328125,True,2026-09-24 15:56:02+00:00,SPY260928C00645000
SPY,2026-09-25,771.3499755859375,2026-09-28,C,650.0,120.35,122.33,121.04,97.0,14.0,0.9116219775390625,True,2026-09-25 19:13:58+00:00,SPY260928C00650000
SPY,2026-09-25,771.3499755859375,2026-09-28,C,665.0,105.39,107.37,101.78,20.0,28.0,0.507817421875,True,2026-09-25 14:59:58+00:00,SPY260928C00665000
SPY,2026-09-25,771.3499755859375,2026-09-28,C,670.0,100.42,102.39,101.17,18.0,25.0,0.51562984375,True,2026-09-25 17:59:41+00:00,SPY260928C00670000
SPY,2026-09-25,771.3499755859375,2026-09-28,C,675.0,95.42,97.69,95.44,110.0,41.0,0.5756878369140624,True,2026-09-25 19:31:43+00:00,SPY260928C00675000
SPY,2026-09-25,771.3499755859375,2026-09-28,C,680.0,90.43,92.32,90.51,154.0,72.0,0.7065459033203125,True,2026-09-25 19:31:27+00:00,SPY260928C00680000
SPY,2026-09-25,771.3499755859375,2026-09-28,C,685.0,85.43,87.64,85.9,82.0,59.0,0.5127001855468749,True,2026-09-25 19:20:39+00:00,SPY260928C00685000
SPY,2026-09-25,771.3499755859375,2026-09-28,C,690.0,80.38,82.68,80.95,84.0,55.0,0.6823762231445314,True,2026-09-25 19:19:26+00:00,SPY260928C00690000
SPY,2026-09-25,771.3499755859375,2026-09-28,C,695.0,75.36,77.37,75.97,88.0,43.0,0.611576149902344,True,2026-09-25 19:19:18+00:00,SPY260928C00695000
SPY,2026-09-25,771.3499755859375,2026-09-28,C,700.0,70.42,72.74,71.26,273.0,45.0,0.6176796044921876,True,2026-09-25 20:03:28+00:00,SPY260928C00700000
SPY,2026-09-25,771.3499755859375,2026-09-28,C,705.0,65.36,67.4,66.18,373.0,45.0,0.5468795312500001,True,2026-09-25 19:16:08+00:00,SPY260928C00705000
SPY,2026-09-25,771.3499755859375,2026-09-28,C,710.0,60.39,62.35,61.88,278.0,26.0,0.5070850073242188,True,2026-09-25 19:46:23+00:00,SPY260928C00710000
SPY,2026-09-25,771.3499755859375,2026-09-28,C,715.0,55.44,57.29,55.89,987.0,47.0,0.4664359997558594,True,2026-09-25 19:40:39+00:00,SPY260928C00715000
SPY,2026-09-25,771.3499755859375,2026-09-28,C,718.0,52.39,54.29,52.43,480.0,45.0,0.44605046142578125,True,2026-09-25 19:30:19+00:00,SPY260928C00718000
SPY,2026-09-25,771.3499755859375,2026-09-28,C,719.0,51.42,53.29,52.34,630.0,28.0,0.43921459228515625,True,2026-09-25 20:02:02+00:00,SPY260928C00719000
SPY,2026-09-25,771.3499755859375,2026-09-28,C,720.0,50.38,52.29,50.44,565.0,26.0,0.43237872314453124,True,2026-09-25 19:29:13+00:00,SPY260928C00720000
SPY,2026-09-25,771.3499755859375,2026-09-28,C,721.0,49.42,51.29,50.87,304.0,30.0,0.4255428540039063,True,2026-09-25 19:58:55+00:00,SPY260928C00721000
SPY,2026-09-25,771.3499755859375,2026-09-28,C,722.0,48.42,50.29,49.85,375.0,25.0,0.41870698486328123,True,2026-09-25 19:45:29+00:00,SPY260928C00722000
SPY,2026-09-25,771.3499755859375,2026-09-28,C,723.0,47.44,49.29,48.13,352.0,22.0,0.41174904663085937,True,2026-09-25 19:58:23+00:00,SPY260928C00723000
SPY,2026-09-25,771.3499755859375,2026-09-28,C,724.0,46.44,48.29,47.27,334.0,27.0,0.40479110839843746,True,2026-09-25 20:01:13+00:00,SPY260928C00724000
SPY,2026-09-25,771.3499755859375,2026-09-28,C,725.0,45.44,47.3,46.31,378.0,37.0,0.39893179199218753,True,2026-09-25 20:01:31+00:00,SPY260928C00725000
SPY,2026-09-25,771.3499755859375,2026-09-28,C,726.0,44.44,46.3,45.7,154.0,42.0,0.3920959228515625,True,2026-09-25 19:55:56+00:00,SPY260928C00726000
SPY,2026-09-25,771.3499755859375,2026-09-28,C,727.0,43.41,45.3,44.45,248.0,30.0,0.3850159155273437,True,2026-09-25 20:00:55+00:00,SPY260928C00727000
SPY,2026-09-25,771.3499755859375,2026-09-28,C,728.0,42.4,44.3,43.0,654.0,39.0,0.3781800463867187,True,2026-09-25 19:38:09+00:00,SPY260928C00728000
SPY,2026-09-25,771.3499755859375,2026-09-28,C,729.0,42.26,42.34,41.61,149.0,54.0,1.0000000000000003e-05,True,2026-09-25 19:37:05+00:00,SPY260928C00729000
SPY,2026-09-25,771.3499755859375,2026-09-28,C,730.0,41.27,41.34,41.83,187.0,50.0,1.0000000000000003e-05,True,2026-09-25 19:46:20+00:00,SPY260928C00730000
SPY,2026-09-25,771.3499755859375,2026-09-28,C,731.0,40.27,40.34,41.13,72.0,43.0,1.0000000000000003e-05,True,2026-09-25 19:52:10+00:00,SPY260928C00731000
SPY,2026-09-25,771.3499755859375,2026-09-28,C,732.0,39.26,39.34,38.66,54.0,43.0,1.0000000000000003e-05,True,2026-09-25 19:37:03+00:00,SPY260928C00732000
SPY,2026-09-25,771.3499755859375,2026-09-28,C,733.0,38.26,38.34,39.13,40.0,29.0,1.0000000000000003e-05,True,2026-09-25 19:52:10+00:00,SPY260928C00733000
SPY,2026-09-25,771.3499755859375,2026-09-28,C,734.0,37.26,37.34,37.03,30.0,88.0,1.0000000000000003e-05,True,2026-09-25 18:26:37+00:00,SPY260928C00734000
SPY,2026-09-25,771.3499755859375,2026-09-28,C,735.0,36.26,36.34,36.09,60.0,153.0,1.0000000000000003e-05,True,2026-09-25 19:13:02+00:00,SPY260928C00735000
SPY,2026-09-25,771.3499755859375,2026-09-28,C,736.0,35.27,35.34,34.69,98.0,98.0,1.0000000000000003e-05,True,2026-09-25 19:37:24+00:00,SPY260928C00736000
SPY,2026-09-25,771.3499755859375,2026-09-28,C,737.0,34.27,34.34,34.12,13.0,61.0,1.0000000000000003e-05,True,2026-09-25 19:41:23+00:00,SPY260928C00737000
SPY,2026-09-25,771.3499755859375,2026-09-28,C,738.0,33.27,33.34,32.66,42.0,210.0,1.0000000000000003e-05,True,2026-09-25 19:37:04+00:00,SPY260928C00738000
SPY,2026-09-25,771.3499755859375,2026-09-28,C,739.0,32.27,32.34,32.89,80.0,216.0,1.0000000000000003e-05,True,2026-09-25 17:50:47+00:00,SPY260928C00739000
SPY,2026-09-25,771.3499755859375,2026-09-28,C,740.0,31.27,31.34,31.44,76.0,290.0,1.0000000000000003e-05,True,2026-09-25 20:02:24+00:00,SPY260928C00740000
SPY,2026-09-25,771.3499755859375,2026-09-28,C,741.0,30.27,30.34,29.92,69.0,77.0,1.0000000000000003e-05,True,2026-09-25 19:01:52+00:00,SPY260928C00741000
SPY,2026-09-25,771.3499755859375,2026-09-28,C,742.0,29.27,29.34,25.85,7.0,96.0,1.0000000000000003e-05,True,2026-09-25 14:15:51+00:00,SPY260928C00742000
SPY,2026-09-25,771.3499755859375,2026-09-28,C,743.0,28.27,28.35,27.88,239.0,121.0,0.062509375,True,2026-09-25 19:11:25+00:00,SPY260928C00743000
SPY,2026-09-25,771.3499755859375,2026-09-28,C,744.0,27.27,27.35,27.26,28.0,52.0,0.062509375,True,2026-09-25 17:59:46+00:00,SPY260928C00744000
SPY,2026-09-25,771.3499755859375,2026-09-28,C,745.0,26.27,26.33,26.42,52.0,56.0,1.0000000000000003e-05,True,2026-09-25 20:00:33+00:00,SPY260928C00745000
SPY,2026-09-25,771.3499755859375,2026-09-28,C,746.0,25.28,25.33,25.42,63.0,65.0,1.0000000000000003e-05,True,2026-09-25 20:00:33+00:00,SPY260928C00746000
SPY,2026-09-25,771.3499755859375,2026-09-28,C,747.0,24.29,24.32,24.35,35.0,49.0,1.0000000000000003e-05,True,2026-09-25 20:14:32+00:00,SPY260928C00747000
SPY,2026-09-25,771.3499755859375,2026-09-28,C,748.0,23.27,23.32,23.34,68.0,65.0,1.0000000000000003e-05,True,2026-09-25 20:11:52+00:00,SPY260928C00748000
SPY,2026-09-25,771.3499755859375,2026-09-28,C,749.0,22.28,22.32,22.36,78.0,62.0,1.0000000000000003e-05,True,2026-09-25 20:11:14+00:00,SPY260928C00749000
SPY,2026-09-25,771.3499755859375,2026-09-28,C,750.0,21.28,21.33,21.32,162.0,130.0,1.0000000000000003e-05,True,2026-09-25 20:11:20+00:00,SPY260928C00750000
SPY,2026-09-25,771.3499755859375,2026-09-28,C,751.0,20.29,20.33,20.39,129.0,160.0,1.0000000000000003e-05,True,2026-09-25 20:14:00+00:00,SPY260928C00751000
SPY,2026-09-25,771.3499755859375,2026-09-28,C,752.0,19.3,19.33,19.4,347.0,182.0,1.0000000000000003e-05,True,2026-09-25 20:14:00+00:00,SPY260928C00752000
SPY,2026-09-25,771.3499755859375,2026-09-28,C,753.0,18.29,18.35,18.52,213.0,146.0,0.062509375,True,2026-09-25 20:03:19+00:00,SPY260928C00753000
SPY,2026-09-25,771.3499755859375,2026-09-28,C,754.0,17.31,17.34,17.3,90.0,197.0,1.0000000000000003e-05,True,2026-09-25 20:00:09+00:00,SPY260928C00754000
SPY,2026-09-25,771.3499755859375,2026-09-28,C,755.0,16.32,16.35,16.53,276.0,178.0,0.0312596875,True,2026-09-25 20:09:12+00:00,SPY260928C00755000
SPY,2026-09-25,771.3499755859375,2026-09-28,C,756.0,15.32,15.36,15.46,223.0,273.0,0.07422800781250001,True,2026-09-25 20:02:29+00:00,SPY260928C00756000
SPY,2026-09-25,771.3499755859375,2026-09-28,C,757.0,14.34,14.37,14.95,149.0,198.0,0.07618111328125002,True,2026-09-25 19:54:37+00:00,SPY260928C00757000
SPY,2026-09-25,771.3499755859375,2026-09-28,C,758.0,13.35,13.39,13.4,208.0,304.0,0.07911077148437501,True,2026-09-25 20:01:57+00:00,SPY260928C00758000
SPY,2026-09-25,771.3499755859375,2026-09-28,C,759.0,12.37,12.41,12.47,235.0,207.0,0.07862249511718751,True,2026-09-25 20:14:00+00:00,SPY260928C00759000
SPY,2026-09-25,771.3499755859375,2026-09-28,C,760.0,11.39,11.43,11.43,2264.0,878.0,0.07691352783203126,True,2026-09-25 20:14:14+00:00,SPY260928C00760000
SPY,2026-09-25,771.3499755859375,2026-09-28,C,761.0,10.43,10.47,10.48,572.0,594.0,0.07691352783203126,True,2026-09-25 20:12:42+00:00,SPY260928C00761000
SPY,2026-09-25,771.3499755859375,2026-09-28,C,762.0,9.49,9.52,9.53,710.0,315.0,0.07642525146484377,True,2026-09-25 20:14:13+00:00,SPY260928C00762000
SPY,2026-09-25,771.3499755859375,2026-09-28,C,763.0,8.55,8.58,8.83,636.0,531.0,0.07520456054687502,True,2026-09-25 20:08:26+00:00,SPY260928C00763000
SPY,2026-09-25,771.3499755859375,2026-09-28,C,764.0,7.63,7.67,7.81,2201.0,762.0,0.07459421508789063,True,2026-09-25 20:09:39+00:00,SPY260928C00764000
SPY,2026-09-25,771.3499755859375,2026-09-28,C,765.0,6.73,6.76,6.78,3987.0,1836.0,0.07251904052734376,True,2026-09-25 20:12:07+00:00,SPY260928C00765000
SPY,2026-09-25,771.3499755859375,2026-09-28,C,766.0,5.87,5.9,5.94,5680.0,762.0,0.07166455688476564,True,2026-09-25 20:14:58+00:00,SPY260928C00766000
SPY,2026-09-25,771.3499755859375,2026-09-28,C,767.0,5.05,5.07,5.11,22607.0,1382.0,0.07032179687500001,True,2026-09-25 20:14:32+00:00,SPY260928C00767000
SPY,2026-09-25,771.3499755859375,2026-09-28,C,768.0,4.28,4.29,4.32,45163.0,3737.0,0.06922317504882813,True,2026-09-25 20:14:27+00:00,SPY260928C00768000
SPY,2026-09-25,771.3499755859375,2026-09-28,C,769.0,3.56,3.57,3.62,33058.0,2515.0,0.06830765686035158,True,2026-09-25 20:14:32+00:00,SPY260928C00769000
SPY,2026-09-25,771.3499755859375,2026-09-28,C,770.0,2.91,2.92,2.93,78132.0,5897.0,0.06769731140136721,True,2026-09-25 20:14:52+00:00,SPY260928C00770000
SPY,2026-09-25,771.3499755859375,2026-09-28,C,771.0,2.33,2.34,2.34,65848.0,1456.0,0.06708696594238282,True,2026-09-25 20:14:56+00:00,SPY260928C00771000
SPY,2026-09-25,771.3499755859375,2026-09-28,C,772.0,1.82,1.83,1.84,75752.0,1850.0,0.06635455139160157,False,2026-09-25 20:14:58+00:00,SPY260928C00772000
SPY,2026-09-25,771.3499755859375,2026-09-28,C,773.0,1.4,1.41,1.41,46320.0,4705.0,0.06617144775390627,False,2026-09-25 20:14:57+00:00,SPY260928C00773000
SPY,2026-09-25,771.3499755859375,2026-09-28,C,774.0,1.05,1.06,1.05,32069.0,3388.0,0.06592730957031251,False,2026-09-25 20:14:59+00:00,SPY260928C00774000
SPY,2026-09-25,771.3499755859375,2026-09-28,C,775.0,0.76,0.77,0.77,39694.0,5078.0,0.06537799865722656,False,2026-09-25 20:14:57+00:00,SPY260928C00775000
SPY,2026-09-25,771.3499755859375,2026-09-28,C,776.0,0.55,0.56,0.55,22386.0,2005.0,0.06568317138671875,False,2026-09-25 20:14:57+00:00,SPY260928C00776000
SPY,2026-09-25,771.3499755859375,2026-09-28,C,777.0,0.38,0.39,0.38,34752.0,4229.0,0.065439033203125,False,2026-09-25 20:14:57+00:00,SPY260928C00777000
SPY,2026-09-25,771.3499755859375,2026-09-28,C,778.0,0.27,0.28,0.28,29994.0,2333.0,0.06629351684570314,False,2026-09-25 20:14:59+00:00,SPY260928C00778000
SPY,2026-09-25,771.3499755859375,2026-09-28,C,779.0,0.19,0.2,0.2,21477.0,1477.0,0.06727006958007814,False,2026-09-25 20:14:48+00:00,SPY260928C00779000
SPY,2026-09-25,771.3499755859375,2026-09-28,C,780.0,0.14,0.15,0.15,33901.0,12685.0,0.06910110595703126,False,2026-09-25 20:14:58+00:00,SPY260928C00780000
SPY,2026-09-25,771.3499755859375,2026-09-28,C,781.0,0.1,0.11,0.11,10890.0,3318.0,0.07056593505859377,False,2026-09-25 20:14:52+00:00,SPY260928C00781000
SPY,2026-09-25,771.3499755859375,2026-09-28,C,782.0,0.08,0.09,0.08,9898.0,1233.0,0.07373973144531251,False,2026-09-25 20:14:53+00:00,SPY260928C00782000
SPY,2026-09-25,771.3499755859375,2026-09-28,C,783.0,0.06,0.07,0.06,2286.0,2890.0,0.07569283691406252,False,2026-09-25 20:14:41+00:00,SPY260928C00783000
SPY,2026-09-25,771.3499755859375,2026-09-28,C,784.0,0.05,0.06,0.06,4791.0,968.0,0.07911077148437501,False,2026-09-25 20:14:23+00:00,SPY260928C00784000
SPY,2026-09-25,771.3499755859375,2026-09-28,C,785.0,0.04,0.05,0.05,6247.0,1504.0,0.08204042968750001,False,2026-09-25 20:13:49+00:00,SPY260928C00785000
SPY,2026-09-25,771.3499755859375,2026-09-28,C,786.0,0.04,0.05,0.04,1120.0,1798.0,0.08692319335937501,False,2026-09-25 20:12:02+00:00,SPY260928C00786000
SPY,2026-09-25,771.3499755859375,2026-09-28,C,787.0,0.03,0.04,0.04,1857.0,16237.0,0.088876298828125,False,2026-09-25 20:14:11+00:00,SPY260928C00787000
SPY,2026-09-25,771.3499755859375,2026-09-28,C,788.0,0.03,0.04,0.03,942.0,731.0,0.0937590625,False,2026-09-25 20:05:57+00:00,SPY260928C00788000
SPY,2026-09-25,771.3499755859375,2026-09-28,C,789.0,0.03,0.04,0.03,293.0,516.0,0.098641826171875,False,2026-09-25 19:50:52+00:00,SPY260928C00789000
SPY,2026-09-25,771.3499755859375,2026-09-28,C,790.0,0.02,0.03,0.02,1356.0,882.0,0.09961837890625,False,2026-09-25 20:14:21+00:00,SPY260928C00790000
SPY,2026-09-25,771.3499755859375,2026-09-28,C,791.0,0.02,0.03,0.02,343.0,561.0,0.10352458984374999,False,2026-09-25 20:01:30+00:00,SPY260928C00791000
SPY,2026-09-25,771.3499755859375,2026-09-28,C,792.0,0.02,0.03,0.02,209.0,567.0,0.108407353515625,False,2026-09-25 20:03:17+00:00,SPY260928C00792000
SPY,2026-09-25,771.3499755859375,2026-09-28,C,793.0,0.02,0.03,0.01,782.0,425.0,0.1132901171875,False,2026-09-25 20:01:45+00:00,SPY260928C00793000
SPY,2026-09-25,771.3499755859375,2026-09-28,C,794.0,0.02,0.03,0.02,28.0,913.0,0.117196328125,False,2026-09-25 20:05:38+00:00,SPY260928C00794000
SPY,2026-09-25,771.3499755859375,2026-09-28,C,795.0,0.02,0.03,0.02,257.0,901.0,0.12207909179687501,False,2026-09-25 19:04:30+00:00,SPY260928C00795000
SPY,2026-09-25,771.3499755859375,2026-09-28,C,796.0,0.02,0.03,0.02,346.0,144.0,0.125985302734375,False,2026-09-25 20:05:22+00:00,SPY260928C00796000
SPY,2026-09-25,771.3499755859375,2026-09-28,C,797.0,0.01,0.02,0.02,70.0,1002.0,0.12500875,False,2026-09-25 20:14:27+00:00,SPY260928C00797000
SPY,2026-09-25,771.3499755859375,2026-09-28,C,798.0,0.01,0.02,0.01,229.0,1302.0,0.1289149609375,False,2026-09-25 17:38:42+00:00,SPY260928C00798000
SPY,2026-09-25,771.3499755859375,2026-09-28,C,799.0,0.01,0.02,0.01,954.0,384.0,0.132821171875,False,2026-09-25 19:49:42+00:00,SPY260928C00799000
SPY,2026-09-25,771.3499755859375,2026-09-28,C,800.0,0.01,0.02,0.02,410.0,708.0,0.13672738281250002,False,2026-09-25 20:06:41+00:00,SPY260928C00800000
SPY,2026-09-25,771.3499755859375,2026-09-28,C,801.0,0.01,0.02,0.02,13.0,29.0,0.14063359375,False,2026-09-25 14:45:59+00:00,SPY260928C00801000
SPY,2026-09-25,771.3499755859375,2026-09-28,C,802.0,0.01,0.02,0.02,500.0,182.0,0.145516357421875,False,2026-09-25 19:06:33+00:00,SPY260928C00802000
SPY,2026-09-25,771.3499755859375,2026-09-28,C,803.0,0.01,0.02,0.02,79.0,578.0,0.15039912109375003,False,2026-09-24 17:31:16+00:00,SPY260928C00803000
SPY,2026-09-25,771.3499755859375,2026-09-28,C,804.0,0.01,0.02,0.01,1.0,658.0,0.15430533203125002,False,2026-09-25 19:58:17+00:00,SPY260928C00804000
SPY,2026-09-25,771.3499755859375,2026-09-28,C,805.0,0.01,0.02,0.01,2.0,266.0,0.15821154296875,False,2026-09-25 19:58:58+00:00,SPY260928C00805000
SPY,2026-09-25,771.3499755859375,2026-09-28,C,806.0,0.01,0.02,0.01,30.0,47.0,0.16211775390625,False,2026-09-25 19:53:36+00:00,SPY260928C00806000
SPY,2026-09-25,771.3499755859375,2026-09-28,C,807.0,0.01,0.02,0.02,5.0,42.0,0.16602396484375004,False,2026-09-25 20:08:38+00:00,SPY260928C00807000
SPY,2026-09-25,771.3499755859375,2026-09-28,C,808.0,0.01,0.02,0.02,2512.0,49.0,0.16993017578125003,False,2026-09-25 19:37:59+00:00,SPY260928C00808000
SPY,2026-09-25,771.3499755859375,2026-09-28,C,809.0,0.0,0.01,0.01,3339.0,33.0,0.16211775390625,False,2026-09-25 20:07:35+00:00,SPY260928C00809000
SPY,2026-09-25,771.3499755859375,2026-09-28,C,810.0,0.0,0.01,0.01,187.0,128.0,0.16602396484375004,False,2026-09-25 19:04:30+00:00,SPY260928C00810000
SPY,2026-09-25,771.3499755859375,2026-09-28,C,815.0,0.0,0.01,0.01,5.0,27.0,0.18360191406249998,False,2026-09-25 20:00:15+00:00,SPY260928C00815000
SPY,2026-09-25,771.3499755859375,2026-09-28,C,820.0,0.0,0.01,0.02,242.0,250.0,0.20313296874999998,False,2026-09-24 17:13:32+00:00,SPY260928C00820000
SPY,2026-09-25,771.3499755859375,2026-09-28,C,825.0,0.0,0.01,0.02,251.0,491.0,0.22266402343749997,False,2026-09-24 19:51:21+00:00,SPY260928C00825000
SPY,2026-09-25,771.3499755859375,2026-09-28,C,830.0,0.0,0.01,0.01,1.0,123.0,0.23828886718749998,False,2026-09-23 18:51:35+00:00,SPY260928C00830000
SPY,2026-09-25,771.3499755859375,2026-09-28,C,835.0,0.0,0.01,0.01,5.0,21.0,0.257819921875,False,2026-09-24 19:15:32+00:00,SPY260928C00835000
SPY,2026-09-25,771.3499755859375,2026-09-28,C,840.0,0.0,0.01,0.01,2.0,282.0,0.273444765625,False,2026-09-24 19:51:46+00:00,SPY260928C00840000
SPY,2026-09-25,771.3499755859375,2026-09-28,C,850.0,0.0,0.01,0.01,4.0,93.0,0.3086006640625,False,2026-09-24 19:51:38+00:00,SPY260928C00850000
SPY,2026-09-25,771.3499755859375,2026-09-28,C,855.0,0.0,0.01,0.01,768.0,1284.0,0.32813171874999997,False,2026-09-21 18:59:20+00:00,SPY260928C00855000
SPY,2026-09-25,771.3499755859375,2026-09-28,C,860.0,0.0,0.01,0.01,7.0,366.0,0.3437565625,False,2026-09-21 18:59:16+00:00,SPY260928C00860000
SPY,2026-09-25,771.3499755859375,2026-09-28,C,865.0,0.0,0.01,0.01,20.0,120.0,0.35938140625,False,2026-09-21 18:54:32+00:00,SPY260928C00865000
SPY,2026-09-25,771.3499755859375,2026-09-28,P,550.0,0.0,0.01,0.02,,76.0,0.937500625,False,2026-09-17 18:21:18+00:00,SPY260928P00550000
SPY,2026-09-25,771.3499755859375,2026-09-28,P,555.0,0.0,0.01,0.01,230.0,460.0,0.9062509375,False,2026-09-18 20:05:13+00:00,SPY260928P00555000
SPY,2026-09-25,771.3499755859375,2026-09-28,P,560.0,0.0,0.01,0.01,20.0,150.0,0.9062509375,False,2026-09-18 13:45:06+00:00,SPY260928P00560000
SPY,2026-09-25,771.3499755859375,2026-09-28,P,565.0,0.0,0.01,0.01,60.0,90.0,0.87500125,False,2026-09-18 15:39:27+00:00,SPY260928P00565000
SPY,2026-09-25,771.3499755859375,2026-09-28,P,570.0,0.0,0.01,0.05,,3.0,0.8437515624999999,False,2026-09-16 14:33:31+00:00,SPY260928P00570000
SPY,2026-09-25,771.3499755859375,2026-09-28,P,585.0,0.0,0.01,0.01,220.0,320.0,0.7812521875,False,2026-09-21 13:40:45+00:00,SPY260928P00585000
SPY,2026-09-25,771.3499755859375,2026-09-28,P,590.0,0.0,0.01,0.01,130.0,144.0,0.7500025,False,2026-09-21 16:25:16+00:00,SPY260928P00590000
SPY,2026-09-25,771.3499755859375,2026-09-28,P,595.0,0.0,0.01,0.01,5.0,136.0,0.73437765625,False,2026-09-21 14:45:30+00:00,SPY260928P00595000
SPY,2026-09-25,771.3499755859375,2026-09-28,P,600.0,0.0,0.01,0.01,1.0,34.0,0.7187528125,False,2026-09-22 17:43:09+00:00,SPY260928P00600000
SPY,2026-09-25,771.3499755859375,2026-09-28,P,610.0,0.0,0.01,0.14,,1.0,0.6718782812500002,False,2026-09-16 19:24:56+00:00,SPY260928P00610000
SPY,2026-09-25,771.3499755859375,2026-09-28,P,615.0,0.0,0.01,0.02,10.0,10.0,0.64062859375,False,2026-09-18 19:28:16+00:00,SPY260928P00615000
SPY,2026-09-25,771.3499755859375,2026-09-28,P,620.0,0.0,0.01,0.02,2.0,29.0,0.6250037500000001,False,2026-09-21 17:00:04+00:00,SPY260928P00620000
SPY,2026-09-25,771.3499755859375,2026-09-28,P,625.0,0.0,0.01,0.01,2.0,28.0,0.6093789062500001,False,2026-09-25 13:58:16+00:00,SPY260928P00625000
SPY,2026-09-25,771.3499755859375,2026-09-28,P,630.0,0.0,0.01,0.01,202.0,304.0,0.57812921875,False,2026-09-21 17:45:52+00:00,SPY260928P00630000
SPY,2026-09-25,771.3499755859375,2026-09-28,P,635.0,0.0,0.01,0.03,85.0,102.0,0.5625043750000001,False,2026-09-21 16:52:51+00:00,SPY260928P00635000
SPY,2026-09-25,771.3499755859375,2026-09-28,P,640.0,0.0,0.01,0.01,2.0,183.0,0.5468795312500001,False,2026-09-22 17:34:42+00:00,SPY260928P00640000
SPY,2026-09-25,771.3499755859375,2026-09-28,P,645.0,0.0,0.01,0.01,42.0,92.0,0.51562984375,False,2026-09-23 17:30:15+00:00,SPY260928P00645000
SPY,2026-09-25,771.3499755859375,2026-09-28,P,650.0,0.0,0.01,0.01,2.0,17.0,0.500005,False,2026-09-24 15:26:22+00:00,SPY260928P00650000
SPY,2026-09-25,771.3499755859375,2026-09-28,P,655.0,0.0,0.01,0.01,4.0,6535.0,0.500005,False,2026-09-25 18:07:50+00:00,SPY260928P00655000
SPY,2026-09-25,771.3499755859375,2026-09-28,P,660.0,0.0,0.01,0.01,11.0,4070.0,0.48438015625,False,2026-09-25 17:32:34+00:00,SPY260928P00660000
SPY,2026-09-25,771.3499755859375,2026-09-28,P,665.0,0.0,0.01,0.02,1.0,148.0,0.46094289062500005,False,2026-09-25 17:32:34+00:00,SPY260928P00665000
SPY,2026-09-25,771.3499755859375,2026-09-28,P,670.0,0.0,0.01,0.01,8.0,160.0,0.437505625,False,2026-09-25 18:38:38+00:00,SPY260928P00670000
SPY,2026-09-25,771.3499755859375,2026-09-28,P,675.0,0.0,0.01,0.01,1012.0,2655.0,0.414068359375,False,2026-09-25 18:38:19+00:00,SPY260928P00675000
SPY,2026-09-25,771.3499755859375,2026-09-28,P,680.0,0.0,0.01,0.01,1287.0,147.0,0.398443515625,False,2026-09-25 19:47:38+00:00,SPY260928P00680000
SPY,2026-09-25,771.3499755859375,2026-09-28,P,685.0,0.0,0.01,0.02,518.0,143.0,0.37500625,False,2026-09-25 19:47:29+00:00,SPY260928P00685000
SPY,2026-09-25,771.3499755859375,2026-09-28,P,690.0,0.0,0.01,0.01,76.0,80.0,0.35156898437499995,False,2026-09-25 19:48:05+00:00,SPY260928P00690000
SPY,2026-09-25,771.3499755859375,2026-09-28,P,695.0,0.0,0.01,0.01,2739.0,244.0,0.3320379296875,False,2026-09-25 20:13:10+00:00,SPY260928P00695000
SPY,2026-09-25,771.3499755859375,2026-09-28,P,700.0,0.0,0.01,0.01,68.0,158.0,0.31250687499999996,False,2026-09-25 16:35:45+00:00,SPY260928P00700000
SPY,2026-09-25,771.3499755859375,2026-09-28,P,705.0,0.0,0.01,0.01,84.0,338.0,0.2890696093749999,False,2026-09-25 20:12:27+00:00,SPY260928P00705000
SPY,2026-09-25,771.3499755859375,2026-09-28,P,710.0,0.01,0.02,0.01,544.0,262.0,0.2890696093749999,False,2026-09-25 20:04:51+00:00,SPY260928P00710000
SPY,2026-09-25,771.3499755859375,2026-09-28,P,715.0,0.01,0.02,0.02,261.0,1346.0,0.26563234375,False,2026-09-25 17:46:35+00:00,SPY260928P00715000
SPY,2026-09-25,771.3499755859375,2026-09-28,P,718.0,0.01,0.02,0.01,12376.0,301.0,0.25196060546875,False,2026-09-25 19:59:57+00:00,SPY260928P00718000
SPY,2026-09-25,771.3499755859375,2026-09-28,P,719.0,0.01,0.02,0.02,9500.0,104.0,0.24805439453125,False,2026-09-25 18:45:49+00:00,SPY260928P00719000
SPY,2026-09-25,771.3499755859375,2026-09-28,P,720.0,0.01,0.02,0.02,2774.0,529.0,0.24414818359375,False,2026-09-25 19:51:33+00:00,SPY260928P00720000
SPY,2026-09-25,771.3499755859375,2026-09-28,P,721.0,0.01,0.02,0.02,2385.0,180.0,0.23828886718749998,False,2026-09-25 19:04:51+00:00,SPY260928P00721000
SPY,2026-09-25,771.3499755859375,2026-09-28,P,722.0,0.01,0.02,0.01,2457.0,346.0,0.23438265625,False,2026-09-25 19:28:21+00:00,SPY260928P00722000
SPY,2026-09-25,771.3499755859375,2026-09-28,P,723.0,0.01,0.02,0.02,650.0,369.0,0.2304764453125,False,2026-09-25 19:37:00+00:00,SPY260928P00723000
SPY,2026-09-25,771.3499755859375,2026-09-28,P,724.0,0.01,0.02,0.02,290.0,1069.0,0.22657023437499998,False,2026-09-25 19:36:51+00:00,SPY260928P00724000
SPY,2026-09-25,771.3499755859375,2026-09-28,P,725.0,0.01,0.02,0.02,1950.0,1515.0,0.22071091796874998,False,2026-09-25 19:47:22+00:00,SPY260928P00725000
SPY,2026-09-25,771.3499755859375,2026-09-28,P,726.0,0.01,0.02,0.02,1850.0,314.0,0.21680470703125,False,2026-09-25 19:39:48+00:00,SPY260928P00726000
SPY,2026-09-25,771.3499755859375,2026-09-28,P,727.0,0.01,0.02,0.02,1184.0,565.0,0.21289849609375,False,2026-09-25 19:41:32+00:00,SPY260928P00727000
SPY,2026-09-25,771.3499755859375,2026-09-28,P,728.0,0.01,0.02,0.02,402.0,784.0,0.20703917968749996,False,2026-09-25 19:43:19+00:00,SPY260928P00728000
SPY,2026-09-25,771.3499755859375,2026-09-28,P,729.0,0.01,0.02,0.02,209.0,96.0,0.20313296874999998,False,2026-09-25 20:05:53+00:00,SPY260928P00729000
SPY,2026-09-25,771.3499755859375,2026-09-28,P,730.0,0.01,0.02,0.01,2524.0,888.0,0.1992267578125,False,2026-09-25 20:05:16+00:00,SPY260928P00730000
SPY,2026-09-25,771.3499755859375,2026-09-28,P,731.0,0.01,0.02,0.03,528.0,389.0,0.195320546875,False,2026-09-25 16:52:00+00:00,SPY260928P00731000
SPY,2026-09-25,771.3499755859375,2026-09-28,P,732.0,0.01,0.02,0.02,341.0,326.0,0.18946123046875002,False,2026-09-25 19:46:02+00:00,SPY260928P00732000
SPY,2026-09-25,771.3499755859375,2026-09-28,P,733.0,0.01,0.02,0.02,1106.0,268.0,0.18555501953124998,False,2026-09-25 19:45:55+00:00,SPY260928P00733000
SPY,2026-09-25,771.3499755859375,2026-09-28,P,734.0,0.01,0.02,0.04,2.0,519.0,0.18164880859375,False,2026-09-25 14:20:13+00:00,SPY260928P00734000
SPY,2026-09-25,771.3499755859375,2026-09-28,P,735.0,0.01,0.02,0.02,8148.0,8975.0,0.17774259765625,False,2026-09-25 19:55:25+00:00,SPY260928P00735000
SPY,2026-09-25,771.3499755859375,2026-09-28,P,736.0,0.01,0.02,0.02,5594.0,441.0,0.17188328125000002,False,2026-09-25 19:01:11+00:00,SPY260928P00736000
SPY,2026-09-25,771.3499755859375,2026-09-28,P,737.0,0.01,0.02,0.03,3363.0,892.0,0.16797707031250003,False,2026-09-25 19:01:11+00:00,SPY260928P00737000
SPY,2026-09-25,771.3499755859375,2026-09-28,P,738.0,0.01,0.02,0.02,189.0,607.0,0.16407085937500002,False,2026-09-25 19:55:59+00:00,SPY260928P00738000
SPY,2026-09-25,771.3499755859375,2026-09-28,P,739.0,0.01,0.02,0.02,6060.0,1482.0,0.15821154296875,False,2026-09-25 20:01:50+00:00,SPY260928P00739000
SPY,2026-09-25,771.3499755859375,2026-09-28,P,740.0,0.01,0.02,0.02,3012.0,3112.0,0.15430533203125002,False,2026-09-25 20:11:50+00:00,SPY260928P00740000
SPY,2026-09-25,771.3499755859375,2026-09-28,P,741.0,0.01,0.02,0.02,3522.0,2343.0,0.15039912109375003,False,2026-09-25 20:14:51+00:00,SPY260928P00741000
SPY,2026-09-25,771.3499755859375,2026-09-28,P,742.0,0.02,0.03,0.02,1202.0,521.0,0.15235222656250003,False,2026-09-25 20:06:47+00:00,SPY260928P00742000
SPY,2026-09-25,771.3499755859375,2026-09-28,P,743.0,0.02,0.03,0.02,820.0,900.0,0.147469462890625,False,2026-09-25 20:12:15+00:00,SPY260928P00743000
SPY,2026-09-25,771.3499755859375,2026-09-28,P,744.0,0.02,0.03,0.03,1155.0,662.0,0.14258669921875,False,2026-09-25 19:44:53+00:00,SPY260928P00744000
SPY,2026-09-25,771.3499755859375,2026-09-28,P,745.0,0.02,0.03,0.03,2671.0,1954.0,0.13868048828125001,False,2026-09-25 19:52:29+00:00,SPY260928P00745000
SPY,2026-09-25,771.3499755859375,2026-09-28,P,746.0,0.02,0.03,0.02,414.0,729.0,0.133797724609375,False,2026-09-25 20:14:04+00:00,SPY260928P00746000
SPY,2026-09-25,771.3499755859375,2026-09-28,P,747.0,0.02,0.03,0.03,698.0,490.0,0.1289149609375,False,2026-09-25 19:49:59+00:00,SPY260928P00747000
SPY,2026-09-25,771.3499755859375,2026-09-28,P,748.0,0.02,0.03,0.02,1017.0,1558.0,0.124032197265625,False,2026-09-25 20:07:26+00:00,SPY260928P00748000
SPY,2026-09-25,771.3499755859375,2026-09-28,P,749.0,0.02,0.03,0.02,604.0,2001.0,0.11914943359374999,False,2026-09-25 20:05:22+00:00,SPY260928P00749000
SPY,2026-09-25,771.3499755859375,2026-09-28,P,750.0,0.02,0.03,0.03,2828.0,5264.0,0.11426666992187501,False,2026-09-25 20:13:54+00:00,SPY260928P00750000
SPY,2026-09-25,771.3499755859375,2026-09-28,P,751.0,0.03,0.04,0.03,1182.0,514.0,0.11426666992187501,False,2026-09-25 20:14:29+00:00,SPY260928P00751000
SPY,2026-09-25,771.3499755859375,2026-09-28,P,752.0,0.03,0.04,0.03,1801.0,702.0,0.10938390625,False,2026-09-25 20:06:30+00:00,SPY260928P00752000
SPY,2026-09-25,771.3499755859375,2026-09-28,P,753.0,0.03,0.04,0.03,4754.0,1547.0,0.10450114257812498,False,2026-09-25 20:14:04+00:00,SPY260928P00753000
SPY,2026-09-25,771.3499755859375,2026-09-28,P,754.0,0.04,0.05,0.04,6798.0,1087.0,0.10254803710937499,False,2026-09-25 20:14:56+00:00,SPY260928P00754000
SPY,2026-09-25,771.3499755859375,2026-09-28,P,755.0,0.05,0.06,0.05,5594.0,2932.0,0.1001066552734375,False,2026-09-25 20:14:44+00:00,SPY260928P00755000
SPY,2026-09-25,771.3499755859375,2026-09-28,P,756.0,0.06,0.07,0.07,3471.0,1126.0,0.0971769970703125,False,2026-09-25 20:13:06+00:00,SPY260928P00756000
SPY,2026-09-25,771.3499755859375,2026-09-28,P,757.0,0.07,0.08,0.07,6239.0,4772.0,0.0937590625,False,2026-09-25 20:14:34+00:00,SPY260928P00757000
SPY,2026-09-25,771.3499755859375,2026-09-28,P,758.0,0.08,0.09,0.09,8060.0,3331.0,0.0898528515625,False,2026-09-25 20:14:51+00:00,SPY260928P00758000
SPY,2026-09-25,771.3499755859375,2026-09-28,P,759.0,0.11,0.12,0.12,7000.0,2718.0,0.088876298828125,False,2026-09-25 20:14:41+00:00,SPY260928P00759000
SPY,2026-09-25,771.3499755859375,2026-09-28,P,760.0,0.13,0.14,0.13,26584.0,6497.0,0.08570250244140626,False,2026-09-25 20:14:55+00:00,SPY260928P00760000
SPY,2026-09-25,771.3499755859375,2026-09-28,P,761.0,0.17,0.18,0.17,8892.0,1175.0,0.08374939697265626,False,2026-09-25 20:14:58+00:00,SPY260928P00761000
SPY,2026-09-25,771.3499755859375,2026-09-28,P,762.0,0.22,0.23,0.23,10960.0,2022.0,0.08204042968750001,False,2026-09-25 20:14:54+00:00,SPY260928P00762000
SPY,2026-09-25,771.3499755859375,2026-09-28,P,763.0,0.28,0.29,0.29,15576.0,4971.0,0.07984318603515625,False,2026-09-25 20:14:57+00:00,SPY260928P00763000
SPY,2026-09-25,771.3499755859375,2026-09-28,P,764.0,0.36,0.37,0.36,20110.0,2414.0,0.07789008056640626,False,2026-09-25 20:14:44+00:00,SPY260928P00764000
SPY,2026-09-25,771.3499755859375,2026-09-28,P,765.0,0.47,0.48,0.47,39355.0,4177.0,0.07642525146484377,False,2026-09-25 20:14:57+00:00,SPY260928P00765000
SPY,2026-09-25,771.3499755859375,2026-09-28,P,766.0,0.61,0.62,0.61,28003.0,1804.0,0.07496042236328126,False,2026-09-25 20:14:58+00:00,SPY260928P00766000
SPY,2026-09-25,771.3499755859375,2026-09-28,P,767.0,0.78,0.79,0.78,45708.0,1558.0,0.073251455078125,False,2026-09-25 20:14:54+00:00,SPY260928P00767000
SPY,2026-09-25,771.3499755859375,2026-09-28,P,768.0,1.01,1.02,1.01,65917.0,1770.0,0.07221386779785156,False,2026-09-25 20:14:59+00:00,SPY260928P00768000
SPY,2026-09-25,771.3499755859375,2026-09-28,P,769.0,1.28,1.29,1.28,61245.0,965.0,0.07074903869628907,False,2026-09-25 20:14:58+00:00,SPY260928P00769000
SPY,2026-09-25,771.3499755859375,2026-09-28,P,770.0,1.63,1.64,1.63,81952.0,3072.0,0.06995558959960937,False,2026-09-25 20:14:57+00:00,SPY260928P00770000
SPY,2026-09-25,771.3499755859375,2026-09-28,P,771.0,2.04,2.05,2.04,57751.0,736.0,0.06897903686523438,False,2026-09-25 20:14:56+00:00,SPY260928P00771000
SPY,2026-09-25,771.3499755859375,2026-09-28,P,772.0,2.54,2.55,2.54,29509.0,1208.0,0.06861282958984377,True,2026-09-25 20:14:52+00:00,SPY260928P00772000
SPY,2026-09-25,771.3499755859375,2026-09-28,P,773.0,3.12,3.13,3.12,8951.0,1017.0,0.0684907604980469,True,2026-09-25 20:14:59+00:00,SPY260928P00773000
SPY,2026-09-25,771.3499755859375,2026-09-28,P,774.0,3.77,3.78,3.71,5231.0,1272.0,0.06836869140625002,True,2026-09-25 20:14:39+00:00,SPY260928P00774000
SPY,2026-09-25,771.3499755859375,2026-09-28,P,775.0,4.49,4.5,4.45,4067.0,849.0,0.06855179504394533,True,2026-09-25 20:14:42+00:00,SPY260928P00775000
SPY,2026-09-25,771.3499755859375,2026-09-28,P,776.0,5.26,5.29,5.21,891.0,456.0,0.06922317504882813,True,2026-09-25 20:11:11+00:00,SPY260928P00776000
SPY,2026-09-25,771.3499755859375,2026-09-28,P,777.0,6.1,6.13,6.05,922.0,294.0,0.07019972778320313,True,2026-09-25 20:14:48+00:00,SPY260928P00777000
SPY,2026-09-25,771.3499755859375,2026-09-28,P,778.0,6.98,7.01,6.75,776.0,143.0,0.07142041870117188,True,2026-09-25 20:05:02+00:00,SPY260928P00778000
SPY,2026-09-25,771.3499755859375,2026-09-28,P,779.0,7.9,7.93,7.88,440.0,66.0,0.07349559326171876,True,2026-09-25 20:14:26+00:00,SPY260928P00779000
SPY,2026-09-25,771.3499755859375,2026-09-28,P,780.0,8.85,8.87,8.83,573.0,1.0,0.07569283691406252,True,2026-09-25 20:13:25+00:00,SPY260928P00780000
SPY,2026-09-25,771.3499755859375,2026-09-28,P,781.0,9.8,9.85,9.78,903.0,0.0,0.08033146240234376,True,2026-09-25 20:00:13+00:00,SPY260928P00781000
SPY,2026-09-25,771.3499755859375,2026-09-28,P,782.0,10.79,10.83,10.68,1414.0,0.0,0.08472594970703126,True,2026-09-25 19:59:40+00:00,SPY260928P00782000
SPY,2026-09-25,771.3499755859375,2026-09-28,P,783.0,11.77,11.81,11.62,946.0,0.0,0.08863216064453125,True,2026-09-25 20:00:19+00:00,SPY260928P00783000
SPY,2026-09-25,771.3499755859375,2026-09-28,P,784.0,12.77,12.81,12.64,751.0,0.0,0.09449147705078126,True,2026-09-25 20:02:31+00:00,SPY260928P00784000
SPY,2026-09-25,771.3499755859375,2026-09-28,P,785.0,13.77,13.79,13.72,1364.0,0.0,0.0976652734375,True,2026-09-25 20:11:42+00:00,SPY260928P00785000
SPY,2026-09-25,771.3499755859375,2026-09-28,P,786.0,14.75,14.81,14.72,1967.0,0.0,0.10621010986328125,True,2026-09-25 20:11:42+00:00,SPY260928P00786000
SPY,2026-09-25,771.3499755859375,2026-09-28,P,787.0,15.75,15.8,15.69,866.0,0.0,0.11060459716796875,True,2026-09-25 20:05:27+00:00,SPY260928P00787000
SPY,2026-09-25,771.3499755859375,2026-09-28,P,788.0,16.76,16.8,16.52,1058.0,0.0,0.116219775390625,True,2026-09-25 20:04:55+00:00,SPY260928P00788000
SPY,2026-09-25,771.3499755859375,2026-09-28,P,789.0,17.76,17.8,17.53,1023.0,,0.1215908154296875,True,2026-09-25 20:04:20+00:00,SPY260928P00789000
SPY,2026-09-25,771.3499755859375,2026-09-28,P,790.0,18.76,18.8,18.65,1401.0,0.0,0.12720599365234375,True,2026-09-25 20:00:28+00:00,SPY260928P00790000
SPY,2026-09-25,771.3499755859375,2026-09-28,P,791.0,19.76,19.8,19.69,786.0,0.0,0.132821171875,True,2026-09-25 20:05:27+00:00,SPY260928P00791000
SPY,2026-09-25,771.3499755859375,2026-09-28,P,792.0,20.73,20.84,21.33,807.0,,0.14429566650390624,True,2026-09-25 17:08:47+00:00,SPY260928P00792000
SPY,2026-09-25,771.3499755859375,2026-09-28,P,793.0,21.73,21.84,22.56,798.0,,0.14991084472656252,True,2026-09-25 19:33:13+00:00,SPY260928P00793000
SPY,2026-09-25,771.3499755859375,2026-09-28,P,794.0,22.73,22.84,23.38,729.0,,0.15528188476562502,True,2026-09-25 18:39:06+00:00,SPY260928P00794000
SPY,2026-09-25,771.3499755859375,2026-09-28,P,795.0,23.73,23.79,24.41,807.0,,0.15235222656250003,True,2026-09-25 17:08:23+00:00,SPY260928P00795000
SPY,2026-09-25,771.3499755859375,2026-09-28,P,796.0,24.73,24.84,24.48,807.0,,0.1662681030273438,True,2026-09-25 19:57:31+00:00,SPY260928P00796000
SPY,2026-09-25,771.3499755859375,2026-09-28,P,797.0,24.33,26.73,26.37,420.0,,0.2528150891113281,True,2026-09-25 19:07:09+00:00,SPY260928P00797000
SPY,2026-09-25,771.3499755859375,2026-09-28,P,798.0,25.36,27.69,27.28,396.0,,0.25708750732421876,True,2026-09-25 18:55:26+00:00,SPY260928P00798000
SPY,2026-09-25,771.3499755859375,2026-09-28,P,799.0,26.36,28.69,27.17,348.0,,0.26392337646484376,True,2026-09-25 19:47:21+00:00,SPY260928P00799000
SPY,2026-09-25,771.3499755859375,2026-09-28,P,800.0,27.34,29.7,28.24,260.0,25.0,0.27136959106445313,True,2026-09-25 19:46:40+00:00,SPY260928P00800000
SPY,2026-09-25,771.3499755859375,2026-09-28,P,801.0,28.36,30.73,30.37,504.0,,0.280158565673828,True,2026-09-25 18:57:05+00:00,SPY260928P00801000
SPY,2026-09-25,771.3499755859375,2026-09-28,P,802.0,29.34,31.67,30.81,405.0,,0.2825999475097656,True,2026-09-25 19:45:00+00:00,SPY260928P00802000
SPY,2026-09-25,771.3499755859375,2026-09-28,P,803.0,30.34,32.67,31.87,360.0,,0.28919167846679683,True,2026-09-25 19:44:37+00:00,SPY260928P00803000
SPY,2026-09-25,771.3499755859375,2026-09-28,P,804.0,31.36,33.7,32.72,314.0,,0.29798065307617183,True,2026-09-25 19:44:18+00:00,SPY260928P00804000
SPY,2026-09-25,771.3499755859375,2026-09-28,P,805.0,32.34,34.72,33.75,320.0,,0.3060372131347656,True,2026-09-25 19:43:51+00:00,SPY260928P00805000
SPY,2026-09-25,771.3499755859375,2026-09-28,P,806.0,33.24,35.63,34.24,350.0,,0.305671005859375,True,2026-09-25 19:52:56+00:00,SPY260928P00806000
SPY,2026-09-25,771.3499755859375,2026-09-28,P,807.0,34.24,36.63,36.71,184.0,,0.31201859863281245,True,2026-09-25 19:36:24+00:00,SPY260928P00807000
SPY,2026-09-25,771.3499755859375,2026-09-28,P,808.0,35.33,37.63,36.42,196.0,,0.31836619140624994,True,2026-09-25 19:58:26+00:00,SPY260928P00808000
SPY,2026-09-25,771.3499755859375,2026-09-28,P,809.0,36.32,38.63,37.52,342.0,,0.32471378417968744,True,2026-09-25 19:57:37+00:00,SPY260928P00809000
SPY,2026-09-25,771.3499755859375,2026-09-28,P,810.0,37.32,39.63,38.6,326.0,,0.331061376953125,True,2026-09-25 19:56:42+00:00,SPY260928P00810000
SPY,2026-09-25,771.3499755859375,2026-09-28,P,815.0,42.32,44.72,43.32,574.0,,0.36963520996093746,True,2026-09-25 19:55:25+00:00,SPY260928P00815000
SPY,2026-09-25,771.3499755859375,2026-09-28,P,820.0,47.3,49.72,48.22,274.0,,0.40039662109375,True,2026-09-25 19:55:02+00:00,SPY260928P00820000
SPY,2026-09-25,771.3499755859375,2026-09-28,P,825.0,52.3,54.65,53.2,86.0,,0.42383388671875,True,2026-09-25 19:54:43+00:00,SPY260928P00825000
SPY,2026-09-25,771.3499755859375,2026-09-28,P,830.0,57.3,59.63,58.08,52.0,,0.45093322509765627,True,2026-09-25 19:54:09+00:00,SPY260928P00830000
SPY,2026-09-25,771.3499755859375,2026-09-28,P,835.0,62.3,64.65,63.97,66.0,,0.481450498046875,True,2026-09-25 19:14:22+00:00,SPY260928P00835000
SPY,2026-09-25,771.3499755859375,2026-09-28,P,840.0,67.25,69.63,71.59,28.0,,0.5073291455078125,True,2026-09-25 15:41:30+00:00,SPY260928P00840000
SPY,2026-09-25,771.3499755859375,2026-09-29,C,640.0,130.44,132.67,128.29,16.0,3.0,0.6914093359375001,True,2026-09-25 14:47:34+00:00,SPY260929C00640000
SPY,2026-09-25,771.3499755859375,2026-09-29,C,680.0,90.49,92.37,92.29,76.0,64.0,0.6381872119140625,True,2026-09-25 17:24:18+00:00,SPY260929C00680000
SPY,2026-09-25,771.3499755859375,2026-09-29,C,685.0,86.22,87.3,86.24,36.0,96.0,0.5161181201171875,True,2026-09-25 17:24:03+00:00,SPY260929C00685000
SPY,2026-09-25,771.3499755859375,2026-09-29,C,690.0,80.47,82.4,81.18,134.0,68.0,0.5808147387695313,True,2026-09-25 17:32:10+00:00,SPY260929C00690000
SPY,2026-09-25,771.3499755859375,2026-09-29,C,695.0,75.47,77.36,77.15,34.0,43.0,0.5459029785156251,True,2026-09-25 17:23:01+00:00,SPY260929C00695000
SPY,2026-09-25,771.3499755859375,2026-09-29,C,700.0,70.48,72.36,71.09,134.0,69.0,0.5155077746582031,True,2026-09-25 19:17:40+00:00,SPY260929C00700000
SPY,2026-09-25,771.3499755859375,2026-09-29,C,705.0,65.48,67.37,66.21,86.0,64.0,0.48608912353515626,True,2026-09-25 17:22:50+00:00,SPY260929C00705000
SPY,2026-09-25,771.3499755859375,2026-09-29,C,710.0,60.49,62.37,61.3,83.0,71.0,0.4554497814941406,True,2026-09-25 19:15:38+00:00,SPY260929C00710000
SPY,2026-09-25,771.3499755859375,2026-09-29,C,715.0,55.47,57.37,56.01,64.0,70.0,0.424810439453125,True,2026-09-25 19:03:19+00:00,SPY260929C00715000
SPY,2026-09-25,771.3499755859375,2026-09-29,C,718.0,53.22,54.3,53.95,119.0,445.0,0.39990834472656256,True,2026-09-25 17:18:16+00:00,SPY260929C00718000
SPY,2026-09-25,771.3499755859375,2026-09-29,C,719.0,52.34,52.42,52.93,38.0,251.0,0.25489026367187506,True,2026-09-25 19:46:20+00:00,SPY260929C00719000
SPY,2026-09-25,771.3499755859375,2026-09-29,C,720.0,51.34,51.42,51.35,9.0,100.0,0.25049577636718745,True,2026-09-25 17:17:31+00:00,SPY260929C00720000
SPY,2026-09-25,771.3499755859375,2026-09-29,C,721.0,50.34,50.42,47.64,2.0,156.0,0.2461012890625,True,2026-09-24 18:39:12+00:00,SPY260929C00721000
SPY,2026-09-25,771.3499755859375,2026-09-29,C,722.0,49.35,49.42,48.51,27.0,104.0,0.241218525390625,True,2026-09-25 19:36:45+00:00,SPY260929C00722000
SPY,2026-09-25,771.3499755859375,2026-09-29,C,723.0,48.35,48.42,47.51,15.0,93.0,0.23731231445312498,True,2026-09-25 19:36:45+00:00,SPY260929C00723000
SPY,2026-09-25,771.3499755859375,2026-09-29,C,724.0,47.35,47.42,47.95,1.0,51.0,0.23242955078125,True,2026-09-25 19:46:20+00:00,SPY260929C00724000
SPY,2026-09-25,771.3499755859375,2026-09-29,C,725.0,46.35,46.42,46.95,4.0,83.0,0.22852333984375,True,2026-09-25 19:46:20+00:00,SPY260929C00725000
SPY,2026-09-25,771.3499755859375,2026-09-29,C,726.0,45.34,45.43,44.73,17.0,94.0,0.22754678710937498,True,2026-09-25 19:33:09+00:00,SPY260929C00726000
SPY,2026-09-25,771.3499755859375,2026-09-29,C,727.0,44.35,44.43,45.19,21.0,102.0,0.22315229980468748,True,2026-09-25 19:46:17+00:00,SPY260929C00727000
SPY,2026-09-25,771.3499755859375,2026-09-29,C,728.0,43.35,43.43,43.02,1.0,53.0,0.21875781249999998,True,2026-09-23 19:38:51+00:00,SPY260929C00728000
SPY,2026-09-25,771.3499755859375,2026-09-29,C,729.0,42.35,42.43,42.33,8.0,112.0,0.213875048828125,True,2026-09-25 17:50:05+00:00,SPY260929C00729000
SPY,2026-09-25,771.3499755859375,2026-09-29,C,730.0,41.36,41.43,35.68,1.0,132.0,0.20996883789062498,True,2026-09-24 16:15:07+00:00,SPY260929C00730000
SPY,2026-09-25,771.3499755859375,2026-09-29,C,731.0,40.35,40.43,38.48,2.0,151.0,0.20508607421874997,True,2026-09-25 13:49:21+00:00,SPY260929C00731000
SPY,2026-09-25,771.3499755859375,2026-09-29,C,732.0,39.36,39.43,40.24,64.0,88.0,0.20069158691406247,True,2026-09-25 19:36:45+00:00,SPY260929C00732000
SPY,2026-09-25,771.3499755859375,2026-09-29,C,733.0,38.36,38.44,38.34,1.0,78.0,0.1992267578125,True,2026-09-25 17:49:23+00:00,SPY260929C00733000
SPY,2026-09-25,771.3499755859375,2026-09-29,C,734.0,37.36,37.44,34.14,9.0,141.0,0.1948322705078125,True,2026-09-24 19:19:14+00:00,SPY260929C00734000
SPY,2026-09-25,771.3499755859375,2026-09-29,C,735.0,36.35,36.44,35.56,2.0,147.0,0.18994950683593753,True,2026-09-25 19:36:49+00:00,SPY260929C00735000
SPY,2026-09-25,771.3499755859375,2026-09-29,C,736.0,35.36,35.44,35.32,14.0,70.0,0.18555501953124998,True,2026-09-25 18:26:27+00:00,SPY260929C00736000
SPY,2026-09-25,771.3499755859375,2026-09-29,C,737.0,34.37,34.44,31.42,498.0,92.0,0.180672255859375,True,2026-09-23 19:42:30+00:00,SPY260929C00737000
SPY,2026-09-25,771.3499755859375,2026-09-29,C,738.0,33.37,33.44,32.96,8.0,84.0,0.17627776855468752,True,2026-09-25 18:57:30+00:00,SPY260929C00738000
SPY,2026-09-25,771.3499755859375,2026-09-29,C,739.0,32.37,32.45,29.37,2.0,84.0,0.17432466308593753,True,2026-09-25 14:46:27+00:00,SPY260929C00739000
SPY,2026-09-25,771.3499755859375,2026-09-29,C,740.0,31.38,31.45,31.54,7.0,193.0,0.1694418994140625,True,2026-09-25 18:24:20+00:00,SPY260929C00740000
SPY,2026-09-25,771.3499755859375,2026-09-29,C,741.0,30.38,30.45,27.25,18.0,174.0,0.1645591357421875,True,2026-09-24 18:38:40+00:00,SPY260929C00741000
SPY,2026-09-25,771.3499755859375,2026-09-29,C,742.0,29.38,29.45,28.55,4.0,168.0,0.1601646484375,True,2026-09-25 19:29:21+00:00,SPY260929C00742000
SPY,2026-09-25,771.3499755859375,2026-09-29,C,743.0,28.38,28.46,28.25,7.0,242.0,0.1577232666015625,True,2026-09-25 17:49:07+00:00,SPY260929C00743000
SPY,2026-09-25,771.3499755859375,2026-09-29,C,744.0,27.39,27.46,25.44,1.0,119.0,0.15284050292968754,True,2026-09-25 15:21:26+00:00,SPY260929C00744000
SPY,2026-09-25,771.3499755859375,2026-09-29,C,745.0,26.36,26.47,26.56,6.0,112.0,0.14991084472656252,True,2026-09-25 20:05:44+00:00,SPY260929C00745000
SPY,2026-09-25,771.3499755859375,2026-09-29,C,746.0,25.4,25.47,26.13,36.0,99.0,0.1450280810546875,True,2026-09-25 19:46:32+00:00,SPY260929C00746000
SPY,2026-09-25,771.3499755859375,2026-09-29,C,747.0,24.4,24.48,21.28,205.0,139.0,0.1420984228515625,True,2026-09-24 19:45:02+00:00,SPY260929C00747000
SPY,2026-09-25,771.3499755859375,2026-09-29,C,748.0,23.41,23.48,21.6,1.0,345.0,0.13721565917968753,True,2026-09-25 13:34:10+00:00,SPY260929C00748000
SPY,2026-09-25,771.3499755859375,2026-09-29,C,749.0,22.42,22.49,19.02,14.0,238.0,0.133797724609375,True,2026-09-24 16:23:18+00:00,SPY260929C00749000
SPY,2026-09-25,771.3499755859375,2026-09-29,C,750.0,21.43,21.5,21.77,80.0,558.0,0.13037979003906247,True,2026-09-25 19:57:44+00:00,SPY260929C00750000
SPY,2026-09-25,771.3499755859375,2026-09-29,C,751.0,20.44,20.51,17.83,2.0,194.0,0.12647357910156248,True,2026-09-25 14:49:55+00:00,SPY260929C00751000
SPY,2026-09-25,771.3499755859375,2026-09-29,C,752.0,19.46,19.53,19.58,20.0,145.0,0.124032197265625,True,2026-09-25 19:59:11+00:00,SPY260929C00752000
SPY,2026-09-25,771.3499755859375,2026-09-29,C,753.0,18.47,18.54,19.28,62.0,216.0,0.11988184814453123,True,2026-09-25 19:52:04+00:00,SPY260929C00753000
SPY,2026-09-25,771.3499755859375,2026-09-29,C,754.0,17.49,17.56,18.08,4.0,100.0,0.11695218994140624,True,2026-09-25 19:49:21+00:00,SPY260929C00754000
SPY,2026-09-25,771.3499755859375,2026-09-29,C,755.0,16.49,16.58,16.76,23.0,322.0,0.11353425537109374,True,2026-09-25 18:18:57+00:00,SPY260929C00755000
SPY,2026-09-25,771.3499755859375,2026-09-29,C,756.0,15.55,15.61,15.81,32.0,270.0,0.11084873535156249,True,2026-09-25 20:07:59+00:00,SPY260929C00756000
SPY,2026-09-25,771.3499755859375,2026-09-29,C,757.0,14.58,14.65,14.69,36.0,202.0,0.10852942260742188,True,2026-09-25 19:01:52+00:00,SPY260929C00757000
SPY,2026-09-25,771.3499755859375,2026-09-29,C,758.0,13.63,13.69,14.18,85.0,122.0,0.10572183349609374,True,2026-09-25 19:49:30+00:00,SPY260929C00758000
SPY,2026-09-25,771.3499755859375,2026-09-29,C,759.0,12.65,12.74,12.28,109.0,255.0,0.10315838256835935,True,2026-09-25 16:59:51+00:00,SPY260929C00759000
SPY,2026-09-25,771.3499755859375,2026-09-29,C,760.0,11.72,11.8,12.34,382.0,286.0,0.10071700073242187,True,2026-09-25 19:54:31+00:00,SPY260929C00760000
SPY,2026-09-25,771.3499755859375,2026-09-29,C,761.0,10.81,10.88,11.69,82.0,203.0,0.09876389526367188,True,2026-09-25 19:01:52+00:00,SPY260929C00761000
SPY,2026-09-25,771.3499755859375,2026-09-29,C,762.0,9.89,9.97,9.97,446.0,576.0,0.09656665161132813,True,2026-09-25 20:14:30+00:00,SPY260929C00762000
SPY,2026-09-25,771.3499755859375,2026-09-29,C,763.0,9.0,9.08,8.48,243.0,404.0,0.09449147705078126,True,2026-09-25 19:32:54+00:00,SPY260929C00763000
SPY,2026-09-25,771.3499755859375,2026-09-29,C,764.0,8.15,8.21,8.21,1076.0,448.0,0.09253837158203124,True,2026-09-25 20:14:29+00:00,SPY260929C00764000
SPY,2026-09-25,771.3499755859375,2026-09-29,C,765.0,7.31,7.36,7.46,1048.0,1095.0,0.09040216247558594,True,2026-09-25 20:10:17+00:00,SPY260929C00765000
SPY,2026-09-25,771.3499755859375,2026-09-29,C,766.0,6.5,6.55,6.58,1396.0,323.0,0.08875422973632813,True,2026-09-25 20:12:53+00:00,SPY260929C00766000
SPY,2026-09-25,771.3499755859375,2026-09-29,C,767.0,5.74,5.78,5.98,2368.0,551.0,0.08728940063476565,True,2026-09-25 20:04:47+00:00,SPY260929C00767000
SPY,2026-09-25,771.3499755859375,2026-09-29,C,768.0,5.01,5.04,5.1,4422.0,664.0,0.08564146789550782,True,2026-09-25 20:14:34+00:00,SPY260929C00768000
SPY,2026-09-25,771.3499755859375,2026-09-29,C,769.0,4.34,4.36,4.35,5438.0,904.0,0.08454284606933596,True,2026-09-25 20:11:19+00:00,SPY260929C00769000
SPY,2026-09-25,771.3499755859375,2026-09-29,C,770.0,3.7,3.72,3.71,9421.0,1918.0,0.08326112060546878,True,2026-09-25 20:13:12+00:00,SPY260929C00770000
SPY,2026-09-25,771.3499755859375,2026-09-29,C,771.0,3.13,3.15,3.15,10100.0,1450.0,0.08252870605468751,True,2026-09-25 20:14:54+00:00,SPY260929C00771000
SPY,2026-09-25,771.3499755859375,2026-09-29,C,772.0,2.63,2.64,2.63,10661.0,1334.0,0.08197939514160157,False,2026-09-25 20:14:53+00:00,SPY260929C00772000
SPY,2026-09-25,771.3499755859375,2026-09-29,C,773.0,2.16,2.18,2.18,4291.0,1381.0,0.08130801513671876,False,2026-09-25 20:14:15+00:00,SPY260929C00773000
SPY,2026-09-25,771.3499755859375,2026-09-29,C,774.0,1.77,1.78,1.8,4581.0,1077.0,0.08081973876953125,False,2026-09-25 20:14:30+00:00,SPY260929C00774000
SPY,2026-09-25,771.3499755859375,2026-09-29,C,775.0,1.43,1.44,1.44,5933.0,1550.0,0.08051456604003907,False,2026-09-25 20:14:48+00:00,SPY260929C00775000
SPY,2026-09-25,771.3499755859375,2026-09-29,C,776.0,1.14,1.15,1.16,3352.0,1234.0,0.08033146240234376,False,2026-09-25 20:14:47+00:00,SPY260929C00776000
SPY,2026-09-25,771.3499755859375,2026-09-29,C,777.0,0.91,0.92,0.93,6952.0,1104.0,0.08063663513183594,False,2026-09-25 20:14:00+00:00,SPY260929C00777000
SPY,2026-09-25,771.3499755859375,2026-09-29,C,778.0,0.71,0.72,0.72,4072.0,1494.0,0.0805756005859375,False,2026-09-25 20:14:57+00:00,SPY260929C00778000
SPY,2026-09-25,771.3499755859375,2026-09-29,C,779.0,0.56,0.57,0.57,4413.0,2079.0,0.08118594604492188,False,2026-09-25 20:14:58+00:00,SPY260929C00779000
SPY,2026-09-25,771.3499755859375,2026-09-29,C,780.0,0.44,0.45,0.45,10305.0,1967.0,0.08191836059570315,False,2026-09-25 20:14:58+00:00,SPY260929C00780000
SPY,2026-09-25,771.3499755859375,2026-09-29,C,781.0,0.34,0.35,0.36,2228.0,907.0,0.08252870605468751,False,2026-09-25 20:14:45+00:00,SPY260929C00781000
SPY,2026-09-25,771.3499755859375,2026-09-29,C,782.0,0.27,0.28,0.27,3238.0,1677.0,0.08374939697265626,False,2026-09-25 20:14:58+00:00,SPY260929C00782000
SPY,2026-09-25,771.3499755859375,2026-09-29,C,783.0,0.21,0.22,0.22,4039.0,2232.0,0.08472594970703126,False,2026-09-25 20:14:51+00:00,SPY260929C00783000
SPY,2026-09-25,771.3499755859375,2026-09-29,C,784.0,0.17,0.18,0.17,1894.0,371.0,0.08643491699218751,False,2026-09-25 20:14:51+00:00,SPY260929C00784000
SPY,2026-09-25,771.3499755859375,2026-09-29,C,785.0,0.14,0.15,0.15,1269.0,769.0,0.08863216064453125,False,2026-09-25 20:14:34+00:00,SPY260929C00785000
SPY,2026-09-25,771.3499755859375,2026-09-29,C,786.0,0.11,0.12,0.11,414.0,571.0,0.0898528515625,False,2026-09-25 20:03:02+00:00,SPY260929C00786000
SPY,2026-09-25,771.3499755859375,2026-09-29,C,787.0,0.09,0.1,0.09,609.0,591.0,0.09180595703125,False,2026-09-25 20:13:01+00:00,SPY260929C00787000
SPY,2026-09-25,771.3499755859375,2026-09-29,C,788.0,0.08,0.09,0.09,880.0,234.0,0.09473561523437501,False,2026-09-25 20:13:41+00:00,SPY260929C00788000
SPY,2026-09-25,771.3499755859375,2026-09-29,C,789.0,0.07,0.08,0.07,902.0,1051.0,0.0976652734375,False,2026-09-25 20:12:50+00:00,SPY260929C00789000
SPY,2026-09-25,771.3499755859375,2026-09-29,C,790.0,0.06,0.07,0.07,260.0,706.0,0.1001066552734375,False,2026-09-25 20:11:35+00:00,SPY260929C00790000
SPY,2026-09-25,771.3499755859375,2026-09-29,C,791.0,0.05,0.06,0.06,189.0,651.0,0.10205976074218749,False,2026-09-25 20:08:42+00:00,SPY260929C00791000
SPY,2026-09-25,771.3499755859375,2026-09-29,C,792.0,0.05,0.06,0.05,434.0,833.0,0.106454248046875,False,2026-09-25 20:05:12+00:00,SPY260929C00792000
SPY,2026-09-25,771.3499755859375,2026-09-29,C,793.0,0.04,0.05,0.05,24.0,433.0,0.1079190771484375,False,2026-09-25 19:58:51+00:00,SPY260929C00793000
SPY,2026-09-25,771.3499755859375,2026-09-29,C,794.0,0.04,0.05,0.04,301.0,188.0,0.11231356445312499,False,2026-09-25 19:59:08+00:00,SPY260929C00794000
SPY,2026-09-25,771.3499755859375,2026-09-29,C,795.0,0.04,0.05,0.04,18.0,350.0,0.116219775390625,False,2026-09-25 20:08:16+00:00,SPY260929C00795000
SPY,2026-09-25,771.3499755859375,2026-09-29,C,796.0,0.03,0.04,0.03,32.0,224.0,0.117196328125,False,2026-09-25 19:32:29+00:00,SPY260929C00796000
SPY,2026-09-25,771.3499755859375,2026-09-29,C,797.0,0.03,0.04,0.04,2.0,623.0,0.1211025390625,False,2026-09-25 19:58:32+00:00,SPY260929C00797000
SPY,2026-09-25,771.3499755859375,2026-09-29,C,798.0,0.03,0.04,0.03,21.0,431.0,0.12500875,False,2026-09-25 16:05:26+00:00,SPY260929C00798000
SPY,2026-09-25,771.3499755859375,2026-09-29,C,799.0,0.03,0.04,0.03,3026.0,556.0,0.1289149609375,False,2026-09-25 19:43:54+00:00,SPY260929C00799000
SPY,2026-09-25,771.3499755859375,2026-09-29,C,800.0,0.02,0.03,0.03,1372.0,496.0,0.1289149609375,False,2026-09-25 19:58:20+00:00,SPY260929C00800000
SPY,2026-09-25,771.3499755859375,2026-09-29,C,801.0,0.02,0.03,0.02,1159.0,52.0,0.132821171875,False,2026-09-25 15:07:11+00:00,SPY260929C00801000
SPY,2026-09-25,771.3499755859375,2026-09-29,C,802.0,0.02,0.03,0.03,1.0,15.0,0.13672738281250002,False,2026-09-25 19:45:20+00:00,SPY260929C00802000
SPY,2026-09-25,771.3499755859375,2026-09-29,C,803.0,0.02,0.03,0.02,2.0,44.0,0.14063359375,False,2026-09-25 14:37:05+00:00,SPY260929C00803000
SPY,2026-09-25,771.3499755859375,2026-09-29,C,804.0,0.02,0.03,0.02,44.0,44.0,0.143563251953125,False,2026-09-25 18:45:35+00:00,SPY260929C00804000
SPY,2026-09-25,771.3499755859375,2026-09-29,C,805.0,0.02,0.03,0.02,181.0,40.0,0.147469462890625,False,2026-09-25 19:45:09+00:00,SPY260929C00805000
SPY,2026-09-25,771.3499755859375,2026-09-29,C,806.0,0.02,0.03,0.02,5.0,84.0,0.15137567382812503,False,2026-09-25 17:02:33+00:00,SPY260929C00806000
SPY,2026-09-25,771.3499755859375,2026-09-29,C,807.0,0.02,0.03,0.03,,79.0,0.15528188476562502,False,2026-09-16 19:45:01+00:00,SPY260929C00807000
SPY,2026-09-25,771.3499755859375,2026-09-29,C,808.0,0.02,0.03,0.02,12.0,792.0,0.159188095703125,False,2026-09-25 20:08:41+00:00,SPY260929C00808000
SPY,2026-09-25,771.3499755859375,2026-09-29,C,809.0,0.01,0.02,0.02,130.0,780.0,0.1562584375,False,2026-09-24 16:01:29+00:00,SPY260929C00809000
SPY,2026-09-25,771.3499755859375,2026-09-29,C,810.0,0.01,0.02,0.02,1.0,45.0,0.159188095703125,False,2026-09-25 20:00:23+00:00,SPY260929C00810000
SPY,2026-09-25,771.3499755859375,2026-09-29,C,815.0,0.01,0.02,0.02,122.0,148.0,0.17774259765625,False,2026-09-25 18:26:01+00:00,SPY260929C00815000
SPY,2026-09-25,771.3499755859375,2026-09-29,C,820.0,0.01,0.02,0.01,687.0,3.0,0.195320546875,False,2026-09-25 19:54:11+00:00,SPY260929C00820000
SPY,2026-09-25,771.3499755859375,2026-09-29,C,825.0,0.0,0.01,0.01,1.0,1.0,0.1992267578125,False,2026-09-25 18:47:14+00:00,SPY260929C00825000
SPY,2026-09-25,771.3499755859375,2026-09-29,C,835.0,0.0,0.01,0.01,1.0,242.0,0.2304764453125,False,2026-09-25 18:19:33+00:00,SPY260929C00835000
SPY,2026-09-25,771.3499755859375,2026-09-29,C,845.0,0.0,0.01,0.01,2.0,26.0,0.2617261328125,False,2026-09-24 19:44:05+00:00,SPY260929C00845000
SPY,2026-09-25,771.3499755859375,2026-09-29,C,850.0,0.0,0.01,0.02,,72.0,0.27735097656249996,False,2026-09-17 19:07:37+00:00,SPY260929C00850000
SPY,2026-09-25,771.3499755859375,2026-09-29,C,855.0,0.0,0.01,0.01,6.0,1091.0,0.2890696093749999,False,2026-09-24 20:10:34+00:00,SPY260929C00855000
SPY,2026-09-25,771.3499755859375,2026-09-29,C,860.0,0.0,0.01,0.01,,358.0,0.304694453125,False,2026-09-16 16:31:07+00:00,SPY260929C00860000
SPY,2026-09-25,771.3499755859375,2026-09-29,C,865.0,0.0,0.01,0.01,,183.0,0.32031929687499994,False,2026-09-16 16:31:07+00:00,SPY260929C00865000
SPY,2026-09-25,771.3499755859375,2026-09-29,C,890.0,,0.01,0.01,,1.0,0.39063109375,False,2026-09-22 13:46:58+00:00,SPY260929C00890000
SPY,2026-09-25,771.3499755859375,2026-09-29,P,550.0,0.0,0.01,0.03,,6.0,0.8437515624999999,False,2026-09-17 17:30:16+00:00,SPY260929P00550000
SPY,2026-09-25,771.3499755859375,2026-09-29,P,560.0,,0.01,0.01,,110.0,0.8437515624999999,False,2026-09-21 17:49:06+00:00,SPY260929P00560000
SPY,2026-09-25,771.3499755859375,2026-09-29,P,565.0,0.0,0.01,0.07,,20.0,0.7812521875,False,2026-09-16 19:55:02+00:00,SPY260929P00565000
SPY,2026-09-25,771.3499755859375,2026-09-29,P,570.0,0.0,0.01,0.01,20.0,41.0,0.7500025,False,2026-09-21 15:07:08+00:00,SPY260929P00570000
SPY,2026-09-25,771.3499755859375,2026-09-29,P,575.0,0.0,0.01,0.02,30.0,30.0,0.73437765625,False,2026-09-18 14:14:46+00:00,SPY260929P00575000
SPY,2026-09-25,771.3499755859375,2026-09-29,P,580.0,0.0,0.01,0.03,,48.0,0.7187528125,False,2026-09-17 19:47:27+00:00,SPY260929P00580000
SPY,2026-09-25,771.3499755859375,2026-09-29,P,595.0,0.0,0.01,0.1,,5.0,0.6562534375000001,False,2026-09-16 19:54:35+00:00,SPY260929P00595000
SPY,2026-09-25,771.3499755859375,2026-09-29,P,600.0,0.0,0.01,0.04,15.0,15.0,0.64062859375,False,2026-09-18 14:05:28+00:00,SPY260929P00600000
SPY,2026-09-25,771.3499755859375,2026-09-29,P,605.0,0.0,0.01,0.03,2.0,0.0,0.6250037500000001,False,2026-09-18 18:04:44+00:00,SPY260929P00605000
SPY,2026-09-25,771.3499755859375,2026-09-29,P,610.0,,0.01,0.01,,135.0,0.6250037500000001,False,2026-09-22 13:40:12+00:00,SPY260929P00610000
SPY,2026-09-25,771.3499755859375,2026-09-29,P,615.0,0.0,0.01,0.03,5.0,149.0,0.57812921875,False,2026-09-21 16:53:05+00:00,SPY260929P00615000
SPY,2026-09-25,771.3499755859375,2026-09-29,P,620.0,0.0,0.01,0.02,36.0,95.0,0.5625043750000001,False,2026-09-21 14:13:48+00:00,SPY260929P00620000
SPY,2026-09-25,771.3499755859375,2026-09-29,P,625.0,0.0,0.01,0.05,40.0,41.0,0.5468795312500001,False,2026-09-18 20:02:54+00:00,SPY260929P00625000
SPY,2026-09-25,771.3499755859375,2026-09-29,P,635.0,0.0,0.01,0.08,,21.0,0.500005,False,2026-09-17 14:30:39+00:00,SPY260929P00635000
SPY,2026-09-25,771.3499755859375,2026-09-29,P,640.0,0.0,0.01,0.01,5.0,4.0,0.507817421875,False,2026-09-25 18:40:35+00:00,SPY260929P00640000
SPY,2026-09-25,771.3499755859375,2026-09-29,P,645.0,0.0,0.01,0.01,1265.0,15.0,0.49219257812500006,False,2026-09-25 15:26:46+00:00,SPY260929P00645000
SPY,2026-09-25,771.3499755859375,2026-09-29,P,650.0,0.0,0.01,0.01,26.0,245.0,0.4687553125,False,2026-09-25 18:40:01+00:00,SPY260929P00650000
SPY,2026-09-25,771.3499755859375,2026-09-29,P,655.0,0.0,0.01,0.01,327.0,55.0,0.45313046875,False,2026-09-25 19:49:30+00:00,SPY260929P00655000
SPY,2026-09-25,771.3499755859375,2026-09-29,P,660.0,0.0,0.01,0.02,53.0,8.0,0.42969320312500003,False,2026-09-25 16:43:46+00:00,SPY260929P00660000
SPY,2026-09-25,771.3499755859375,2026-09-29,P,665.0,0.0,0.01,0.01,242.0,1174.0,0.414068359375,False,2026-09-25 19:51:01+00:00,SPY260929P00665000
SPY,2026-09-25,771.3499755859375,2026-09-29,P,670.0,0.01,0.02,0.01,105.0,6777.0,0.41797457031249996,False,2026-09-25 19:52:56+00:00,SPY260929P00670000
SPY,2026-09-25,771.3499755859375,2026-09-29,P,675.0,0.01,0.02,0.02,15.0,8038.0,0.398443515625,False,2026-09-25 15:26:46+00:00,SPY260929P00675000
SPY,2026-09-25,771.3499755859375,2026-09-29,P,680.0,0.01,0.02,0.02,102.0,36.0,0.37695935546875,False,2026-09-25 15:20:31+00:00,SPY260929P00680000
SPY,2026-09-25,771.3499755859375,2026-09-29,P,685.0,0.01,0.02,0.02,22.0,68.0,0.35547519531249994,False,2026-09-25 17:31:14+00:00,SPY260929P00685000
SPY,2026-09-25,771.3499755859375,2026-09-29,P,690.0,0.01,0.02,0.02,28.0,262.0,0.335944140625,False,2026-09-25 19:50:51+00:00,SPY260929P00690000
SPY,2026-09-25,771.3499755859375,2026-09-29,P,695.0,0.01,0.02,0.02,105.0,48.0,0.31641308593749995,False,2026-09-25 19:51:12+00:00,SPY260929P00695000
SPY,2026-09-25,771.3499755859375,2026-09-29,P,700.0,0.01,0.02,0.02,280.0,1498.0,0.29688203124999996,False,2026-09-25 19:51:56+00:00,SPY260929P00700000
SPY,2026-09-25,771.3499755859375,2026-09-29,P,705.0,0.01,0.02,0.02,857.0,971.0,0.27735097656249996,False,2026-09-25 20:13:44+00:00,SPY260929P00705000
SPY,2026-09-25,771.3499755859375,2026-09-29,P,710.0,0.02,0.03,0.02,537.0,671.0,0.26758544921875,False,2026-09-25 19:55:24+00:00,SPY260929P00710000
SPY,2026-09-25,771.3499755859375,2026-09-29,P,715.0,0.02,0.03,0.03,104.0,2505.0,0.24805439453125,False,2026-09-25 17:40:15+00:00,SPY260929P00715000
SPY,2026-09-25,771.3499755859375,2026-09-29,P,718.0,0.02,0.03,0.03,9.0,197.0,0.23633576171874998,False,2026-09-25 19:49:32+00:00,SPY260929P00718000
SPY,2026-09-25,771.3499755859375,2026-09-29,P,719.0,0.02,0.03,0.05,2.0,19.0,0.231452998046875,False,2026-09-25 15:55:42+00:00,SPY260929P00719000
SPY,2026-09-25,771.3499755859375,2026-09-29,P,720.0,0.02,0.03,0.03,323.0,3101.0,0.22657023437499998,False,2026-09-25 19:25:22+00:00,SPY260929P00720000
SPY,2026-09-25,771.3499755859375,2026-09-29,P,721.0,0.02,0.03,0.03,159.0,1.0,0.22266402343749997,False,2026-09-25 19:53:54+00:00,SPY260929P00721000
SPY,2026-09-25,771.3499755859375,2026-09-29,P,722.0,0.02,0.03,0.05,15.0,22.0,0.21875781249999998,False,2026-09-24 16:24:15+00:00,SPY260929P00722000
SPY,2026-09-25,771.3499755859375,2026-09-29,P,723.0,0.02,0.03,0.04,2.0,124.0,0.2148516015625,False,2026-09-25 19:20:04+00:00,SPY260929P00723000
SPY,2026-09-25,771.3499755859375,2026-09-29,P,724.0,0.03,0.04,0.11,1.0,500.0,0.21778125976562498,False,2026-09-23 18:01:01+00:00,SPY260929P00724000
SPY,2026-09-25,771.3499755859375,2026-09-29,P,725.0,0.03,0.04,0.04,100.0,1156.0,0.213875048828125,False,2026-09-25 19:32:03+00:00,SPY260929P00725000
SPY,2026-09-25,771.3499755859375,2026-09-29,P,726.0,0.03,0.04,0.04,108.0,49.0,0.20899228515624996,False,2026-09-25 17:23:44+00:00,SPY260929P00726000
SPY,2026-09-25,771.3499755859375,2026-09-29,P,727.0,0.03,0.04,0.04,196.0,85.0,0.20508607421874997,False,2026-09-25 19:40:20+00:00,SPY260929P00727000
SPY,2026-09-25,771.3499755859375,2026-09-29,P,728.0,0.03,0.04,0.05,1.0,79.0,0.20117986328124998,False,2026-09-25 13:31:31+00:00,SPY260929P00728000
SPY,2026-09-25,771.3499755859375,2026-09-29,P,729.0,0.03,0.04,0.05,3.0,367.0,0.19727365234375,False,2026-09-25 19:44:16+00:00,SPY260929P00729000
SPY,2026-09-25,771.3499755859375,2026-09-29,P,730.0,0.03,0.04,0.05,2.0,444.0,0.192390888671875,False,2026-09-25 18:44:49+00:00,SPY260929P00730000
SPY,2026-09-25,771.3499755859375,2026-09-29,P,731.0,0.03,0.04,0.08,82.0,155.0,0.188484677734375,False,2026-09-25 14:09:26+00:00,SPY260929P00731000
SPY,2026-09-25,771.3499755859375,2026-09-29,P,732.0,0.03,0.04,0.05,30.0,185.0,0.18360191406249998,False,2026-09-25 14:15:55+00:00,SPY260929P00732000
SPY,2026-09-25,771.3499755859375,2026-09-29,P,733.0,0.04,0.05,0.05,132.0,410.0,0.18457846679687498,False,2026-09-25 19:31:55+00:00,SPY260929P00733000
SPY,2026-09-25,771.3499755859375,2026-09-29,P,734.0,0.04,0.05,0.07,6.0,93.0,0.180672255859375,False,2026-09-25 15:03:53+00:00,SPY260929P00734000
SPY,2026-09-25,771.3499755859375,2026-09-29,P,735.0,0.04,0.05,0.05,22.0,693.0,0.1757894921875,False,2026-09-25 17:49:26+00:00,SPY260929P00735000
SPY,2026-09-25,771.3499755859375,2026-09-29,P,736.0,0.04,0.05,0.06,543.0,1067.0,0.17188328125000002,False,2026-09-25 18:45:19+00:00,SPY260929P00736000
SPY,2026-09-25,771.3499755859375,2026-09-29,P,737.0,0.04,0.05,0.05,74.0,217.0,0.16700051757812504,False,2026-09-25 19:54:41+00:00,SPY260929P00737000
SPY,2026-09-25,771.3499755859375,2026-09-29,P,738.0,0.04,0.05,0.09,3.0,325.0,0.16309430664062502,False,2026-09-25 14:39:19+00:00,SPY260929P00738000
SPY,2026-09-25,771.3499755859375,2026-09-29,P,739.0,0.04,0.05,0.05,22.0,849.0,0.15821154296875,False,2026-09-25 20:05:36+00:00,SPY260929P00739000
SPY,2026-09-25,771.3499755859375,2026-09-29,P,740.0,0.05,0.06,0.06,386.0,3207.0,0.15821154296875,False,2026-09-25 20:08:28+00:00,SPY260929P00740000
SPY,2026-09-25,771.3499755859375,2026-09-29,P,741.0,0.05,0.06,0.06,136.0,10228.0,0.15332877929687502,False,2026-09-25 18:48:41+00:00,SPY260929P00741000
SPY,2026-09-25,771.3499755859375,2026-09-29,P,742.0,0.05,0.06,0.07,446.0,295.0,0.1489342919921875,False,2026-09-25 19:31:28+00:00,SPY260929P00742000
SPY,2026-09-25,771.3499755859375,2026-09-29,P,743.0,0.05,0.06,0.07,964.0,603.0,0.1445398046875,False,2026-09-25 19:50:39+00:00,SPY260929P00743000
SPY,2026-09-25,771.3499755859375,2026-09-29,P,744.0,0.06,0.07,0.11,68.0,1126.0,0.1430749755859375,False,2026-09-25 17:15:33+00:00,SPY260929P00744000
SPY,2026-09-25,771.3499755859375,2026-09-29,P,745.0,0.06,0.07,0.06,615.0,1369.0,0.13868048828125001,False,2026-09-25 19:59:49+00:00,SPY260929P00745000
SPY,2026-09-25,771.3499755859375,2026-09-29,P,746.0,0.07,0.08,0.08,140.0,478.0,0.1362391064453125,False,2026-09-25 19:51:27+00:00,SPY260929P00746000
SPY,2026-09-25,771.3499755859375,2026-09-29,P,747.0,0.07,0.08,0.09,115.0,1553.0,0.131844619140625,False,2026-09-25 19:41:14+00:00,SPY260929P00747000
SPY,2026-09-25,771.3499755859375,2026-09-29,P,748.0,0.08,0.09,0.08,210.0,1513.0,0.1294032373046875,False,2026-09-25 20:07:12+00:00,SPY260929P00748000
SPY,2026-09-25,771.3499755859375,2026-09-29,P,749.0,0.09,0.1,0.09,263.0,362.0,0.12647357910156248,False,2026-09-25 20:14:49+00:00,SPY260929P00749000
SPY,2026-09-25,771.3499755859375,2026-09-29,P,750.0,0.1,0.11,0.11,913.0,1315.0,0.1235439208984375,False,2026-09-25 20:10:56+00:00,SPY260929P00750000
SPY,2026-09-25,771.3499755859375,2026-09-29,P,751.0,0.11,0.12,0.12,633.0,481.0,0.1206142626953125,False,2026-09-25 20:11:18+00:00,SPY260929P00751000
SPY,2026-09-25,771.3499755859375,2026-09-29,P,752.0,0.12,0.13,0.12,688.0,1128.0,0.117196328125,False,2026-09-25 20:12:24+00:00,SPY260929P00752000
SPY,2026-09-25,771.3499755859375,2026-09-29,P,753.0,0.14,0.15,0.14,1713.0,949.0,0.11499908447265625,False,2026-09-25 20:09:24+00:00,SPY260929P00753000
SPY,2026-09-25,771.3499755859375,2026-09-29,P,754.0,0.16,0.17,0.16,1732.0,829.0,0.11231356445312499,False,2026-09-25 20:08:50+00:00,SPY260929P00754000
SPY,2026-09-25,771.3499755859375,2026-09-29,P,755.0,0.18,0.19,0.19,1910.0,3413.0,0.10938390625,False,2026-09-25 20:14:24+00:00,SPY260929P00755000
SPY,2026-09-25,771.3499755859375,2026-09-29,P,756.0,0.21,0.22,0.22,932.0,1445.0,0.1069425244140625,False,2026-09-25 20:14:25+00:00,SPY260929P00756000
SPY,2026-09-25,771.3499755859375,2026-09-29,P,757.0,0.24,0.25,0.25,317.0,434.0,0.10425700439453123,False,2026-09-25 20:14:55+00:00,SPY260929P00757000
SPY,2026-09-25,771.3499755859375,2026-09-29,P,758.0,0.29,0.3,0.3,1139.0,1900.0,0.10279217529296875,False,2026-09-25 20:13:57+00:00,SPY260929P00758000
SPY,2026-09-25,771.3499755859375,2026-09-29,P,759.0,0.34,0.35,0.34,1182.0,800.0,0.10047286254882812,False,2026-09-25 20:14:03+00:00,SPY260929P00759000
SPY,2026-09-25,771.3499755859375,2026-09-29,P,760.0,0.4,0.41,0.41,3369.0,1964.0,0.09827561889648437,False,2026-09-25 20:14:24+00:00,SPY260929P00760000
SPY,2026-09-25,771.3499755859375,2026-09-29,P,761.0,0.48,0.49,0.48,1744.0,496.0,0.09656665161132813,False,2026-09-25 20:13:20+00:00,SPY260929P00761000
SPY,2026-09-25,771.3499755859375,2026-09-29,P,762.0,0.57,0.58,0.57,2841.0,859.0,0.09461354614257814,False,2026-09-25 20:14:52+00:00,SPY260929P00762000
SPY,2026-09-25,771.3499755859375,2026-09-29,P,763.0,0.69,0.7,0.68,5848.0,4031.0,0.09320975158691407,False,2026-09-25 20:14:39+00:00,SPY260929P00763000
SPY,2026-09-25,771.3499755859375,2026-09-29,P,764.0,0.82,0.83,0.82,8515.0,1807.0,0.0913176806640625,False,2026-09-25 20:13:47+00:00,SPY260929P00764000
SPY,2026-09-25,771.3499755859375,2026-09-29,P,765.0,0.98,0.99,0.97,6417.0,1992.0,0.08966974792480469,False,2026-09-25 20:13:54+00:00,SPY260929P00765000
SPY,2026-09-25,771.3499755859375,2026-09-29,P,766.0,1.17,1.18,1.17,5081.0,1729.0,0.08808284973144533,False,2026-09-25 20:13:53+00:00,SPY260929P00766000
SPY,2026-09-25,771.3499755859375,2026-09-29,P,767.0,1.4,1.41,1.39,9830.0,1362.0,0.08667905517578126,False,2026-09-25 20:14:48+00:00,SPY260929P00767000
SPY,2026-09-25,771.3499755859375,2026-09-29,P,768.0,1.67,1.69,1.68,8538.0,941.0,0.08570250244140626,False,2026-09-25 20:14:52+00:00,SPY260929P00768000
SPY,2026-09-25,771.3499755859375,2026-09-29,P,769.0,1.99,2.0,1.98,4829.0,1587.0,0.08429870788574222,False,2026-09-25 20:14:20+00:00,SPY260929P00769000
SPY,2026-09-25,771.3499755859375,2026-09-29,P,770.0,2.36,2.37,2.35,8784.0,811.0,0.083291637878418,False,2026-09-25 20:14:54+00:00,SPY260929P00770000
SPY,2026-09-25,771.3499755859375,2026-09-29,P,771.0,2.78,2.8,2.78,11820.0,595.0,0.08252870605468751,False,2026-09-25 20:14:50+00:00,SPY260929P00771000
SPY,2026-09-25,771.3499755859375,2026-09-29,P,772.0,3.27,3.29,3.25,3136.0,300.0,0.08197939514160157,True,2026-09-25 20:14:50+00:00,SPY260929P00772000
SPY,2026-09-25,771.3499755859375,2026-09-29,P,773.0,3.81,3.83,3.78,1204.0,528.0,0.08130801513671876,True,2026-09-25 20:13:57+00:00,SPY260929P00773000
SPY,2026-09-25,771.3499755859375,2026-09-29,P,774.0,4.41,4.44,4.31,999.0,490.0,0.08112491149902344,True,2026-09-25 20:09:27+00:00,SPY260929P00774000
SPY,2026-09-25,771.3499755859375,2026-09-29,P,775.0,5.08,5.11,5.08,830.0,652.0,0.08118594604492188,True,2026-09-25 20:14:22+00:00,SPY260929P00775000
SPY,2026-09-25,771.3499755859375,2026-09-29,P,776.0,5.79,5.83,5.75,101.0,269.0,0.0813690496826172,True,2026-09-25 19:59:40+00:00,SPY260929P00776000
SPY,2026-09-25,771.3499755859375,2026-09-29,P,777.0,6.55,6.6,6.47,200.0,132.0,0.08179629150390627,True,2026-09-25 20:10:26+00:00,SPY260929P00777000
SPY,2026-09-25,771.3499755859375,2026-09-29,P,778.0,7.35,7.41,7.37,91.0,310.0,0.08228456787109376,True,2026-09-25 19:59:30+00:00,SPY260929P00778000
SPY,2026-09-25,771.3499755859375,2026-09-29,P,779.0,8.19,8.27,8.15,215.0,209.0,0.08356629333496096,True,2026-09-25 20:01:46+00:00,SPY260929P00779000
SPY,2026-09-25,771.3499755859375,2026-09-29,P,780.0,9.07,9.15,8.8,113.0,245.0,0.08460388061523438,True,2026-09-25 19:20:43+00:00,SPY260929P00780000
SPY,2026-09-25,771.3499755859375,2026-09-29,P,781.0,9.98,10.03,9.91,193.0,8.0,0.08435974243164066,True,2026-09-25 19:52:55+00:00,SPY260929P00781000
SPY,2026-09-25,771.3499755859375,2026-09-29,P,782.0,10.9,10.97,10.92,388.0,18.0,0.08667905517578126,True,2026-09-25 19:59:25+00:00,SPY260929P00782000
SPY,2026-09-25,771.3499755859375,2026-09-29,P,783.0,11.85,11.91,11.66,397.0,0.0,0.08814388427734376,True,2026-09-25 19:56:31+00:00,SPY260929P00783000
SPY,2026-09-25,771.3499755859375,2026-09-29,P,784.0,12.81,12.87,12.23,172.0,0.0,0.0903411279296875,True,2026-09-25 19:48:35+00:00,SPY260929P00784000
SPY,2026-09-25,771.3499755859375,2026-09-29,P,785.0,13.78,13.85,14.74,177.0,0.0,0.09400320068359375,True,2026-09-25 19:35:12+00:00,SPY260929P00785000
SPY,2026-09-25,771.3499755859375,2026-09-29,P,786.0,14.76,14.83,14.32,133.0,0.0,0.0971769970703125,True,2026-09-25 19:49:08+00:00,SPY260929P00786000
SPY,2026-09-25,771.3499755859375,2026-09-29,P,787.0,15.74,15.85,16.21,170.0,0.0,0.10450114257812498,True,2026-09-25 16:47:36+00:00,SPY260929P00787000
SPY,2026-09-25,771.3499755859375,2026-09-29,P,788.0,16.73,16.81,16.66,168.0,0.0,0.10523355712890625,True,2026-09-25 19:59:46+00:00,SPY260929P00788000
SPY,2026-09-25,771.3499755859375,2026-09-29,P,789.0,17.73,17.81,17.93,195.0,0.0,0.11011632080078124,True,2026-09-25 18:05:30+00:00,SPY260929P00789000
SPY,2026-09-25,771.3499755859375,2026-09-29,P,790.0,18.73,18.8,18.6,687.0,,0.1137783935546875,True,2026-09-25 19:45:05+00:00,SPY260929P00790000
SPY,2026-09-25,771.3499755859375,2026-09-29,P,791.0,19.73,19.81,20.69,223.0,,0.12012598632812499,True,2026-09-25 19:34:11+00:00,SPY260929P00791000
SPY,2026-09-25,771.3499755859375,2026-09-29,P,792.0,20.73,20.81,21.2,149.0,,0.12500875,True,2026-09-25 17:11:37+00:00,SPY260929P00792000
SPY,2026-09-25,771.3499755859375,2026-09-29,P,793.0,21.73,21.81,21.66,159.0,,0.129891513671875,True,2026-09-25 16:14:32+00:00,SPY260929P00793000
SPY,2026-09-25,771.3499755859375,2026-09-29,P,794.0,22.73,22.84,21.99,86.0,,0.13892462646484377,True,2026-09-25 19:51:47+00:00,SPY260929P00794000
SPY,2026-09-25,771.3499755859375,2026-09-29,P,795.0,23.73,23.79,23.6,205.0,,0.1362391064453125,True,2026-09-25 18:18:16+00:00,SPY260929P00795000
SPY,2026-09-25,771.3499755859375,2026-09-29,P,796.0,24.73,24.84,23.99,202.0,,0.14869015380859374,True,2026-09-25 19:51:47+00:00,SPY260929P00796000
SPY,2026-09-25,771.3499755859375,2026-09-29,P,797.0,25.73,25.79,25.89,163.0,,0.14576049560546872,True,2026-09-25 17:59:46+00:00,SPY260929P00797000
SPY,2026-09-25,771.3499755859375,2026-09-29,P,798.0,26.73,26.84,26.89,95.0,,0.15821154296875,True,2026-09-25 17:59:46+00:00,SPY260929P00798000
SPY,2026-09-25,771.3499755859375,2026-09-29,P,799.0,27.73,27.79,27.86,128.0,,0.15479360839843753,True,2026-09-25 18:03:37+00:00,SPY260929P00799000
SPY,2026-09-25,771.3499755859375,2026-09-29,P,800.0,27.53,29.63,29.32,146.0,,0.23828886718749998,True,2026-09-25 19:10:08+00:00,SPY260929P00800000
SPY,2026-09-25,771.3499755859375,2026-09-29,P,801.0,28.34,30.63,31.26,42.0,,0.2442702526855469,True,2026-09-25 19:11:02+00:00,SPY260929P00801000
SPY,2026-09-25,771.3499755859375,2026-09-29,P,802.0,29.35,31.63,31.44,112.0,,0.25012956909179684,True,2026-09-25 19:23:33+00:00,SPY260929P00802000
SPY,2026-09-25,771.3499755859375,2026-09-29,P,803.0,30.62,32.63,32.42,110.0,,0.2559888854980469,True,2026-09-25 19:24:08+00:00,SPY260929P00803000
SPY,2026-09-25,771.3499755859375,2026-09-29,P,804.0,31.35,33.65,33.7,122.0,,0.26319096191406255,True,2026-09-25 19:29:57+00:00,SPY260929P00804000
SPY,2026-09-25,771.3499755859375,2026-09-29,P,805.0,32.33,34.64,34.62,234.0,,0.2683178637695312,True,2026-09-25 19:32:43+00:00,SPY260929P00805000
SPY,2026-09-25,771.3499755859375,2026-09-29,P,806.0,33.35,35.64,35.58,106.0,,0.2740551110839844,True,2026-09-25 19:34:00+00:00,SPY260929P00806000
SPY,2026-09-25,771.3499755859375,2026-09-29,P,807.0,34.38,36.63,36.63,118.0,,0.2790599438476562,True,2026-09-25 19:34:35+00:00,SPY260929P00807000
SPY,2026-09-25,771.3499755859375,2026-09-29,P,808.0,35.63,37.63,37.37,120.0,,0.28479719116210933,True,2026-09-25 19:05:53+00:00,SPY260929P00808000
SPY,2026-09-25,771.3499755859375,2026-09-29,P,809.0,36.52,38.63,38.53,96.0,,0.29053443847656246,True,2026-09-25 19:06:48+00:00,SPY260929P00809000
SPY,2026-09-25,771.3499755859375,2026-09-29,P,810.0,37.37,39.63,39.72,138.0,,0.29614961669921874,True,2026-09-25 19:35:12+00:00,SPY260929P00810000
SPY,2026-09-25,771.3499755859375,2026-09-29,P,815.0,42.37,44.64,44.59,150.0,,0.32459171508789053,True,2026-09-25 19:37:08+00:00,SPY260929P00815000
SPY,2026-09-25,771.3499755859375,2026-09-29,P,820.0,47.68,49.63,49.25,116.0,,0.3508365698242187,True,2026-09-25 19:37:59+00:00,SPY260929P00820000
SPY,2026-09-25,771.3499755859375,2026-09-29,P,825.0,52.35,54.63,53.83,64.0,,0.37744763183593744,True,2026-09-25 17:17:24+00:00,SPY260929P00825000
SPY,2026-09-25,771.3499755859375,2026-09-29,P,830.0,57.68,59.63,59.01,66.0,,0.40332627929687503,True,2026-09-25 19:17:02+00:00,SPY260929P00830000
SPY,2026-09-25,771.3499755859375,2026-09-29,P,835.0,62.33,64.63,64.17,52.0,,0.428716650390625,True,2026-09-25 17:20:36+00:00,SPY260929P00835000
SPY,2026-09-25,771.3499755859375,2026-09-30,C,375.0,395.46,398.36,386.82,1.0,0.0,2.4179727050781246,True,2026-09-14 19:40:11+00:00,SPY260930C00375000
SPY,2026-09-25,771.3499755859375,2026-09-30,C,380.0,390.41,392.83,379.26,9.0,7.0,2.177738930664062,True,2026-09-18 16:45:24+00:00,SPY260930C00380000
SPY,2026-09-25,771.3499755859375,2026-09-30,C,410.0,353.35,356.12,347.15,3.0,1.0,1.0000000000000003e-05,True,2026-07-16 17:36:34+00:00,SPY260930C00410000
SPY,2026-09-25,771.3499755859375,2026-09-30,C,415.0,348.35,351.14,340.0,41.0,73.0,1.0000000000000003e-05,True,2026-07-13 15:48:20+00:00,SPY260930C00415000
SPY,2026-09-25,771.3499755859375,2026-09-30,C,420.0,350.38,352.83,341.52,7.0,0.0,1.8789068554687498,True,2026-09-17 14:35:50+00:00,SPY260930C00420000
SPY,2026-09-25,771.3499755859375,2026-09-30,C,425.0,345.41,347.83,341.62,44.0,3.0,1.857422587890625,True,2026-08-31 19:05:39+00:00,SPY260930C00425000
SPY,2026-09-25,771.3499755859375,2026-09-30,C,440.0,0.0,0.0,303.01,2.0,0.0,1.0000000000000003e-05,True,2026-05-18 14:50:23+00:00,SPY260930C00440000
SPY,2026-09-25,771.3499755859375,2026-09-30,C,450.0,0.0,0.0,303.49,,0.0,1.0000000000000003e-05,True,2026-05-27 14:49:18+00:00,SPY260930C00450000
SPY,2026-09-25,771.3499755859375,2026-09-30,C,460.0,282.14,285.65,229.77,,0.0,1.0000000000000003e-05,True,2026-04-09 17:24:56+00:00,SPY260930C00460000
SPY,2026-09-25,771.3499755859375,2026-09-30,C,470.0,286.58,289.97,275.35,1.0,0.0,1.0000000000000003e-05,True,2026-06-12 18:25:01+00:00,SPY260930C00470000
SPY,2026-09-25,771.3499755859375,2026-09-30,C,475.0,295.23,297.77,287.83,105.0,0.0,1.439455927734375,True,2026-09-17 19:51:13+00:00,SPY260930C00475000
SPY,2026-09-25,771.3499755859375,2026-09-30,C,480.0,290.43,292.82,283.08,2.0,0.0,1.509768076171875,True,2026-09-17 19:56:14+00:00,SPY260930C00480000
SPY,2026-09-25,771.3499755859375,2026-09-30,C,485.0,285.44,287.84,278.1,40.0,0.0,1.4892603662109374,True,2026-09-17 19:56:51+00:00,SPY260930C00485000
SPY,2026-09-25,771.3499755859375,2026-09-30,C,490.0,280.47,282.79,279.48,1.0,1.0,1.453127734375,True,2026-09-21 14:32:01+00:00,SPY260930C00490000
SPY,2026-09-25,771.3499755859375,2026-09-30,C,495.0,275.45,277.77,268.1,25.0,0.0,1.4111357568359377,True,2026-09-17 19:55:58+00:00,SPY260930C00495000
SPY,2026-09-25,771.3499755859375,2026-09-30,C,500.0,270.48,272.81,263.08,50.0,0.0,1.4033232958984376,True,2026-09-17 19:51:41+00:00,SPY260930C00500000
SPY,2026-09-25,771.3499755859375,2026-09-30,C,505.0,265.45,267.81,258.12,30.0,0.0,1.365237548828125,True,2026-09-17 19:56:51+00:00,SPY260930C00505000
SPY,2026-09-25,771.3499755859375,2026-09-30,C,510.0,260.48,262.83,253.09,5.0,1.0,1.3505891845703122,True,2026-09-17 19:56:14+00:00,SPY260930C00510000
SPY,2026-09-25,771.3499755859375,2026-09-30,C,515.0,255.48,257.78,248.08,50.0,0.0,1.3085972070312497,True,2026-09-17 19:51:41+00:00,SPY260930C00515000
SPY,2026-09-25,771.3499755859375,2026-09-30,C,520.0,250.51,252.8,243.12,30.0,0.0,1.29297228515625,True,2026-09-17 19:56:51+00:00,SPY260930C00520000
SPY,2026-09-25,771.3499755859375,2026-09-30,C,525.0,245.51,247.83,238.07,5.0,0.0,1.272464575195312,True,2026-09-17 19:56:14+00:00,SPY260930C00525000
SPY,2026-09-25,771.3499755859375,2026-09-30,C,530.0,240.45,242.85,232.94,50.0,0.0,1.2343788281249999,True,2026-09-17 19:51:41+00:00,SPY260930C00530000
SPY,2026-09-25,771.3499755859375,2026-09-30,C,535.0,235.46,237.84,227.84,50.0,0.0,1.2060586572265624,True,2026-09-17 19:51:41+00:00,SPY260930C00535000
SPY,2026-09-25,771.3499755859375,2026-09-30,C,540.0,230.46,232.82,221.77,27.0,27.0,1.173832255859375,True,2026-09-18 19:05:16+00:00,SPY260930C00540000
SPY,2026-09-25,771.3499755859375,2026-09-30,C,545.0,225.52,227.83,218.07,5.0,0.0,1.1630901220703125,True,2026-09-17 19:56:14+00:00,SPY260930C00545000
SPY,2026-09-25,771.3499755859375,2026-09-30,C,550.0,220.47,222.89,213.07,20.0,0.0,1.1376996240234376,True,2026-09-17 19:55:58+00:00,SPY260930C00550000
SPY,2026-09-25,771.3499755859375,2026-09-30,C,555.0,215.48,217.84,208.07,5.0,0.0,1.1015669921875002,True,2026-09-17 19:55:58+00:00,SPY260930C00555000
SPY,2026-09-25,771.3499755859375,2026-09-30,C,560.0,210.46,212.85,203.07,20.0,0.0,1.0727585424804689,True,2026-09-17 19:55:58+00:00,SPY260930C00560000
SPY,2026-09-25,771.3499755859375,2026-09-30,C,565.0,205.5,207.85,198.07,5.0,0.0,1.0546922265625,True,2026-09-17 19:55:58+00:00,SPY260930C00565000
SPY,2026-09-25,771.3499755859375,2026-09-30,C,570.0,200.16,202.82,192.84,75.0,0.0,0.928711650390625,True,2026-09-17 19:51:13+00:00,SPY260930C00570000
SPY,2026-09-25,771.3499755859375,2026-09-30,C,575.0,195.5,197.85,188.19,250.0,0.0,1.001958115234375,True,2026-09-17 19:55:22+00:00,SPY260930C00575000
SPY,2026-09-25,771.3499755859375,2026-09-30,C,580.0,190.53,192.8,183.07,5.0,0.0,0.971679970703125,True,2026-09-17 19:55:58+00:00,SPY260930C00580000
SPY,2026-09-25,771.3499755859375,2026-09-30,C,585.0,185.48,187.85,177.97,500.0,0.0,0.945313046875,True,2026-09-17 19:51:02+00:00,SPY260930C00585000
SPY,2026-09-25,771.3499755859375,2026-09-30,C,590.0,180.47,182.84,172.9,95.0,0.0,0.9155281884765626,True,2026-09-17 19:51:29+00:00,SPY260930C00590000
SPY,2026-09-25,771.3499755859375,2026-09-30,C,594.0,176.5,178.83,165.7,4.0,4.0,0.8989267919921874,True,2026-09-18 14:14:57+00:00,SPY260930C00594000
SPY,2026-09-25,771.3499755859375,2026-09-30,C,595.0,175.5,177.87,173.57,1.0,0.0,0.901368173828125,True,2026-09-25 14:56:13+00:00,SPY260930C00595000
SPY,2026-09-25,771.3499755859375,2026-09-30,C,596.0,174.54,176.84,172.64,1.0,0.0,0.8974619628906249,True,2026-09-25 14:56:13+00:00,SPY260930C00596000
SPY,2026-09-25,771.3499755859375,2026-09-30,C,597.0,173.54,175.84,166.1,10.0,0.0,0.89257919921875,True,2026-09-17 19:55:58+00:00,SPY260930C00597000
SPY,2026-09-25,771.3499755859375,2026-09-30,C,598.0,172.54,174.83,171.11,1.0,0.0,0.885743330078125,True,2026-09-25 15:30:32+00:00,SPY260930C00598000
SPY,2026-09-25,771.3499755859375,2026-09-30,C,599.0,171.51,173.81,170.18,1.0,0.0,0.8710950390625,True,2026-09-25 15:30:32+00:00,SPY260930C00599000
SPY,2026-09-25,771.3499755859375,2026-09-30,C,600.0,170.49,172.91,171.07,3.0,6.0,0.8808605664062499,True,2026-09-25 19:07:44+00:00,SPY260930C00600000
SPY,2026-09-25,771.3499755859375,2026-09-30,C,601.0,169.54,171.86,161.91,750.0,0.0,0.8754895263671875,True,2026-09-17 19:50:56+00:00,SPY260930C00601000
SPY,2026-09-25,771.3499755859375,2026-09-30,C,602.0,168.5,170.83,169.25,2.0,0.0,0.8579115771484375,True,2026-09-25 17:30:56+00:00,SPY260930C00602000
SPY,2026-09-25,771.3499755859375,2026-09-30,C,603.0,167.49,169.85,168.32,2.0,0.0,0.8544936425781251,True,2026-09-25 17:30:56+00:00,SPY260930C00603000
SPY,2026-09-25,771.3499755859375,2026-09-30,C,604.0,166.18,168.87,165.05,1.0,0.0,0.78711150390625,True,2026-09-25 15:16:52+00:00,SPY260930C00604000
SPY,2026-09-25,771.3499755859375,2026-09-30,C,605.0,165.49,167.81,164.13,1.0,0.0,0.8374039697265624,True,2026-09-25 15:16:52+00:00,SPY260930C00605000
SPY,2026-09-25,771.3499755859375,2026-09-30,C,606.0,164.48,166.88,165.33,2.0,0.0,0.842775009765625,True,2026-09-25 16:44:20+00:00,SPY260930C00606000
SPY,2026-09-25,771.3499755859375,2026-09-30,C,607.0,163.49,165.85,164.4,2.0,0.0,0.8344743115234373,True,2026-09-25 16:44:20+00:00,SPY260930C00607000
SPY,2026-09-25,771.3499755859375,2026-09-30,C,608.0,162.49,164.85,163.82,8.0,0.0,0.8291032714843749,True,2026-09-25 16:17:04+00:00,SPY260930C00608000
SPY,2026-09-25,771.3499755859375,2026-09-30,C,609.0,161.51,163.86,162.89,8.0,0.0,0.8295915478515624,True,2026-09-25 16:17:04+00:00,SPY260930C00609000
SPY,2026-09-25,771.3499755859375,2026-09-30,C,610.0,160.48,162.85,152.92,500.0,0.0,0.8173846386718748,True,2026-09-17 19:51:02+00:00,SPY260930C00610000
SPY,2026-09-25,771.3499755859375,2026-09-30,C,611.0,159.52,161.86,159.43,9.0,0.0,0.8212908496093749,True,2026-09-25 16:59:27+00:00,SPY260930C00611000
SPY,2026-09-25,771.3499755859375,2026-09-30,C,612.0,158.49,160.87,158.5,9.0,2.0,0.8125018749999999,True,2026-09-25 16:59:27+00:00,SPY260930C00612000
SPY,2026-09-25,771.3499755859375,2026-09-30,C,613.0,157.55,159.82,150.01,50.0,0.0,0.8090839404296875,True,2026-09-17 19:51:41+00:00,SPY260930C00613000
SPY,2026-09-25,771.3499755859375,2026-09-30,C,614.0,156.55,158.82,157.29,5.0,0.0,0.8042011767578124,True,2026-09-25 17:30:55+00:00,SPY260930C00614000
SPY,2026-09-25,771.3499755859375,2026-09-30,C,615.0,155.54,157.85,156.36,5.0,0.0,0.8022480712890624,True,2026-09-25 17:30:55+00:00,SPY260930C00615000
SPY,2026-09-25,771.3499755859375,2026-09-30,C,616.0,154.52,156.84,147.03,200.0,0.0,0.7924825439453125,True,2026-09-17 19:53:45+00:00,SPY260930C00616000
SPY,2026-09-25,771.3499755859375,2026-09-30,C,617.0,153.3,155.84,146.03,100.0,0.0,0.7460962890625,True,2026-09-17 19:51:07+00:00,SPY260930C00617000
SPY,2026-09-25,771.3499755859375,2026-09-30,C,618.0,152.54,154.88,144.75,200.0,0.0,0.7919942675781251,True,2026-09-17 19:53:45+00:00,SPY260930C00618000
SPY,2026-09-25,771.3499755859375,2026-09-30,C,619.0,151.55,153.85,144.11,50.0,0.0,0.7836935693359376,True,2026-09-17 19:51:29+00:00,SPY260930C00619000
SPY,2026-09-25,771.3499755859375,2026-09-30,C,620.0,150.54,152.84,148.1,1.0,1.0,0.7753928710937501,True,2026-09-25 14:06:40+00:00,SPY260930C00620000
SPY,2026-09-25,771.3499755859375,2026-09-30,C,621.0,149.52,151.82,142.1,50.0,0.0,0.7641625146484375,True,2026-09-17 19:55:22+00:00,SPY260930C00621000
SPY,2026-09-25,771.3499755859375,2026-09-30,C,622.0,148.55,150.82,141.0,10.0,0.0,0.76367423828125,True,2026-09-17 19:55:58+00:00,SPY260930C00622000
SPY,2026-09-25,771.3499755859375,2026-09-30,C,623.0,147.55,149.87,136.83,2.0,2.0,0.7666038964843751,True,2026-09-18 14:19:08+00:00,SPY260930C00623000
SPY,2026-09-25,771.3499755859375,2026-09-30,C,624.0,146.05,148.87,139.09,5.0,0.0,0.6552768847656252,True,2026-09-17 19:56:14+00:00,SPY260930C00624000
SPY,2026-09-25,771.3499755859375,2026-09-30,C,625.0,145.5,147.88,138.19,250.0,0.0,0.7504907763671875,True,2026-09-17 19:55:22+00:00,SPY260930C00625000
SPY,2026-09-25,771.3499755859375,2026-09-30,C,626.0,144.51,146.88,137.4,200.0,0.0,0.747072841796875,True,2026-09-17 19:53:45+00:00,SPY260930C00626000
SPY,2026-09-25,771.3499755859375,2026-09-30,C,627.0,143.5,145.88,135.88,163.0,0.0,0.7402369726562499,True,2026-09-17 19:51:23+00:00,SPY260930C00627000
SPY,2026-09-25,771.3499755859375,2026-09-30,C,628.0,142.5,144.86,135.27,15.0,0.0,0.7324245507812499,True,2026-09-17 19:53:49+00:00,SPY260930C00628000
SPY,2026-09-25,771.3499755859375,2026-09-30,C,629.0,141.5,143.86,134.4,200.0,0.0,0.727541787109375,True,2026-09-17 19:53:45+00:00,SPY260930C00629000
SPY,2026-09-25,771.3499755859375,2026-09-30,C,630.0,140.49,142.86,132.89,1000.0,0.0,0.7211941943359376,True,2026-09-17 19:50:56+00:00,SPY260930C00630000
SPY,2026-09-25,771.3499755859375,2026-09-30,C,631.0,139.55,141.82,131.89,750.0,1.0,0.7192410888671875,True,2026-09-17 19:50:56+00:00,SPY260930C00631000
SPY,2026-09-25,771.3499755859375,2026-09-30,C,632.0,138.54,140.88,131.06,150.0,0.0,0.7216824707031251,True,2026-09-17 19:55:40+00:00,SPY260930C00632000
SPY,2026-09-25,771.3499755859375,2026-09-30,C,633.0,137.5,139.83,130.29,300.0,3.0,0.70312796875,True,2026-09-17 19:55:47+00:00,SPY260930C00633000
SPY,2026-09-25,771.3499755859375,2026-09-30,C,634.0,136.49,138.84,129.05,150.0,0.0,0.6982452050781252,True,2026-09-17 19:55:40+00:00,SPY260930C00634000
SPY,2026-09-25,771.3499755859375,2026-09-30,C,635.0,135.52,137.85,127.85,510.0,1.0,0.6992217578125001,True,2026-09-17 19:50:56+00:00,SPY260930C00635000
SPY,2026-09-25,771.3499755859375,2026-09-30,C,636.0,134.49,136.86,127.05,152.0,0.0,0.6914093359375001,True,2026-09-17 19:55:40+00:00,SPY260930C00636000
SPY,2026-09-25,771.3499755859375,2026-09-30,C,637.0,133.52,135.85,126.06,200.0,0.0,0.6894562304687502,True,2026-09-17 19:55:22+00:00,SPY260930C00637000
SPY,2026-09-25,771.3499755859375,2026-09-30,C,638.0,132.55,134.85,125.29,300.0,0.0,0.6884796777343751,True,2026-09-17 19:55:47+00:00,SPY260930C00638000
SPY,2026-09-25,771.3499755859375,2026-09-30,C,639.0,131.49,133.89,123.92,500.0,0.0,0.6811555322265627,True,2026-09-17 19:51:02+00:00,SPY260930C00639000
SPY,2026-09-25,771.3499755859375,2026-09-30,C,640.0,130.56,132.83,122.99,502.0,2.0,0.6772493212890626,True,2026-09-17 19:51:02+00:00,SPY260930C00640000
SPY,2026-09-25,771.3499755859375,2026-09-30,C,641.0,129.56,131.83,121.92,300.0,0.0,0.6723665576171877,True,2026-09-17 19:55:47+00:00,SPY260930C00641000
SPY,2026-09-25,771.3499755859375,2026-09-30,C,642.0,128.43,130.83,121.29,300.0,0.0,0.648441015625,True,2026-09-17 19:55:47+00:00,SPY260930C00642000
SPY,2026-09-25,771.3499755859375,2026-09-30,C,643.0,127.49,129.88,120.0,150.0,0.0,0.6596713720703126,True,2026-09-17 19:55:53+00:00,SPY260930C00643000
SPY,2026-09-25,771.3499755859375,2026-09-30,C,644.0,126.51,128.85,119.06,200.0,3.0,0.6533237792968751,True,2026-09-17 19:55:22+00:00,SPY260930C00644000
SPY,2026-09-25,771.3499755859375,2026-09-30,C,645.0,125.52,127.89,118.13,350.0,0.0,0.6552768847656252,True,2026-09-17 19:55:53+00:00,SPY260930C00645000
SPY,2026-09-25,771.3499755859375,2026-09-30,C,646.0,124.51,126.88,122.49,12.0,0.0,0.6479527392578125,True,2026-09-25 14:54:35+00:00,SPY260930C00646000
SPY,2026-09-25,771.3499755859375,2026-09-30,C,647.0,123.51,125.87,121.53,18.0,0.0,0.641605146484375,True,2026-09-25 14:54:17+00:00,SPY260930C00647000
SPY,2026-09-25,771.3499755859375,2026-09-30,C,648.0,122.51,124.84,120.4,12.0,0.0,0.632816171875,True,2026-09-25 14:54:53+00:00,SPY260930C00648000
SPY,2026-09-25,771.3499755859375,2026-09-30,C,649.0,121.56,123.87,114.1,25.0,10.0,0.6381872119140625,True,2026-09-17 19:56:35+00:00,SPY260930C00649000
SPY,2026-09-25,771.3499755859375,2026-09-30,C,650.0,120.52,122.83,121.52,2.0,8.0,0.62305064453125,True,2026-09-25 18:15:00+00:00,SPY260930C00650000
SPY,2026-09-25,771.3499755859375,2026-09-30,C,651.0,119.51,121.83,111.93,100.0,0.0,0.6167030517578126,True,2026-09-17 19:51:07+00:00,SPY260930C00651000
SPY,2026-09-25,771.3499755859375,2026-09-30,C,652.0,118.2,120.85,110.11,17.0,0.0,0.5634809277343751,True,2026-09-17 19:55:00+00:00,SPY260930C00652000
SPY,2026-09-25,771.3499755859375,2026-09-30,C,653.0,117.53,119.87,117.84,12.0,0.0,0.6147499462890625,True,2026-09-25 19:02:58+00:00,SPY260930C00653000
SPY,2026-09-25,771.3499755859375,2026-09-30,C,654.0,116.53,118.87,116.88,18.0,0.0,0.6098671826171876,True,2026-09-25 19:02:15+00:00,SPY260930C00654000
SPY,2026-09-25,771.3499755859375,2026-09-30,C,655.0,115.56,117.64,116.46,54.0,3.0,0.577152666015625,True,2026-09-25 19:59:27+00:00,SPY260930C00655000
SPY,2026-09-25,771.3499755859375,2026-09-30,C,656.0,114.57,116.65,115.8,93.0,3.0,0.5751995605468749,True,2026-09-25 19:55:51+00:00,SPY260930C00656000
SPY,2026-09-25,771.3499755859375,2026-09-30,C,657.0,113.57,115.72,114.12,152.0,0.0,0.5805706005859376,True,2026-09-25 19:00:12+00:00,SPY260930C00657000
SPY,2026-09-25,771.3499755859375,2026-09-30,C,658.0,112.52,114.85,112.97,54.0,0.0,0.5864299169921875,True,2026-09-25 18:59:49+00:00,SPY260930C00658000
SPY,2026-09-25,771.3499755859375,2026-09-30,C,659.0,111.57,113.46,112.04,18.0,5.0,0.5283250292968751,True,2026-09-25 18:58:54+00:00,SPY260930C00659000
SPY,2026-09-25,771.3499755859375,2026-09-30,C,660.0,110.44,112.89,107.65,24.0,1.0,0.5717816259765626,True,2026-09-24 18:19:01+00:00,SPY260930C00660000
SPY,2026-09-25,771.3499755859375,2026-09-30,C,661.0,109.21,111.86,110.65,18.0,10.0,0.5268602001953125,True,2026-09-25 19:56:31+00:00,SPY260930C00661000
SPY,2026-09-25,771.3499755859375,2026-09-30,C,662.0,108.56,110.86,104.4,18.0,3.0,0.5732464550781251,True,2026-09-24 14:47:40+00:00,SPY260930C00662000
SPY,2026-09-25,771.3499755859375,2026-09-30,C,663.0,107.52,109.84,104.49,10.0,16.0,0.5610395458984375,True,2026-09-25 15:43:24+00:00,SPY260930C00663000
SPY,2026-09-25,771.3499755859375,2026-09-30,C,664.0,106.52,108.88,103.72,76.0,18.0,0.5610395458984375,True,2026-09-24 18:43:50+00:00,SPY260930C00664000
SPY,2026-09-25,771.3499755859375,2026-09-30,C,665.0,105.52,107.46,106.56,38.0,21.0,0.676761044921875,True,2026-09-25 20:00:43+00:00,SPY260930C00665000
SPY,2026-09-25,771.3499755859375,2026-09-30,C,666.0,104.52,106.53,105.79,38.0,11.0,0.5004932763671875,True,2026-09-25 19:58:12+00:00,SPY260930C00666000
SPY,2026-09-25,771.3499755859375,2026-09-30,C,667.0,103.55,105.71,105.07,36.0,12.0,0.5288133056640626,True,2026-09-25 19:58:56+00:00,SPY260930C00667000
SPY,2026-09-25,771.3499755859375,2026-09-30,C,668.0,102.53,104.83,104.16,34.0,31.0,0.5371140039062501,True,2026-09-25 19:54:02+00:00,SPY260930C00668000
SPY,2026-09-25,771.3499755859375,2026-09-30,C,669.0,101.56,103.88,102.68,16.0,39.0,0.5415084912109377,True,2026-09-25 19:58:30+00:00,SPY260930C00669000
SPY,2026-09-25,771.3499755859375,2026-09-30,C,670.0,100.58,102.43,102.01,32.0,57.0,0.6452672192382812,True,2026-09-25 19:53:27+00:00,SPY260930C00670000
SPY,2026-09-25,771.3499755859375,2026-09-30,C,671.0,99.58,101.71,101.14,52.0,23.0,0.5141650146484374,True,2026-09-25 19:52:41+00:00,SPY260930C00671000
SPY,2026-09-25,771.3499755859375,2026-09-30,C,672.0,98.51,100.9,95.63,2.0,38.0,0.523442265625,True,2026-09-25 14:28:33+00:00,SPY260930C00672000
SPY,2026-09-25,771.3499755859375,2026-09-30,C,673.0,97.55,99.46,98.7,140.0,22.0,0.631839619140625,True,2026-09-25 19:57:36+00:00,SPY260930C00673000
SPY,2026-09-25,771.3499755859375,2026-09-30,C,674.0,96.57,98.75,97.8,50.0,11.0,0.5034229345703125,True,2026-09-25 19:58:02+00:00,SPY260930C00674000
SPY,2026-09-25,771.3499755859375,2026-09-30,C,675.0,95.55,97.84,97.24,68.0,44.0,0.506840869140625,True,2026-09-25 19:52:07+00:00,SPY260930C00675000
SPY,2026-09-25,771.3499755859375,2026-09-30,C,676.0,94.57,96.54,95.72,8.0,6.0,0.6235389208984375,True,2026-09-25 19:07:36+00:00,SPY260930C00676000
SPY,2026-09-25,771.3499755859375,2026-09-30,C,677.0,93.55,95.55,94.68,170.0,13.0,0.6189002954101563,True,2026-09-25 19:58:37+00:00,SPY260930C00677000
SPY,2026-09-25,771.3499755859375,2026-09-30,C,678.0,92.53,94.49,93.71,82.0,20.0,0.6069375244140626,True,2026-09-25 19:58:54+00:00,SPY260930C00678000
SPY,2026-09-25,771.3499755859375,2026-09-30,C,679.0,91.53,93.87,93.26,98.0,33.0,0.6384313500976562,True,2026-09-25 19:51:54+00:00,SPY260930C00679000
SPY,2026-09-25,771.3499755859375,2026-09-30,C,680.0,90.53,92.5,90.67,310.0,25.0,0.596683720703125,True,2026-09-25 19:34:06+00:00,SPY260930C00680000
SPY,2026-09-25,771.3499755859375,2026-09-30,C,681.0,89.52,91.43,90.55,32.0,16.0,0.5835002587890624,True,2026-09-25 19:08:58+00:00,SPY260930C00681000
SPY,2026-09-25,771.3499755859375,2026-09-30,C,682.0,88.59,90.45,89.59,24.0,11.0,0.5800823242187501,True,2026-09-25 19:08:37+00:00,SPY260930C00682000
SPY,2026-09-25,771.3499755859375,2026-09-30,C,683.0,87.78,89.37,88.84,30.0,20.0,0.5659223095703125,True,2026-09-25 18:56:52+00:00,SPY260930C00683000
SPY,2026-09-25,771.3499755859375,2026-09-30,C,684.0,86.55,88.45,87.64,272.0,30.0,0.5688519677734375,True,2026-09-25 18:51:08+00:00,SPY260930C00684000
SPY,2026-09-25,771.3499755859375,2026-09-30,C,685.0,85.56,87.44,86.38,142.0,40.0,0.5622602368164062,True,2026-09-25 19:59:35+00:00,SPY260930C00685000
SPY,2026-09-25,771.3499755859375,2026-09-30,C,686.0,84.59,86.48,84.74,166.0,14.0,0.5607954077148438,True,2026-09-25 19:33:08+00:00,SPY260930C00686000
SPY,2026-09-25,771.3499755859375,2026-09-30,C,687.0,83.59,85.45,85.04,42.0,19.0,0.5520064331054688,True,2026-09-25 19:59:50+00:00,SPY260930C00687000
SPY,2026-09-25,771.3499755859375,2026-09-30,C,688.0,82.74,84.45,82.83,36.0,38.0,0.5463912548828126,True,2026-09-25 19:32:00+00:00,SPY260930C00688000
SPY,2026-09-25,771.3499755859375,2026-09-30,C,689.0,81.74,83.45,82.4,94.0,45.0,0.5407760766601564,True,2026-09-25 20:00:10+00:00,SPY260930C00689000
SPY,2026-09-25,771.3499755859375,2026-09-30,C,690.0,80.61,82.45,80.63,106.0,53.0,0.5352829675292969,True,2026-09-25 20:00:29+00:00,SPY260930C00690000
SPY,2026-09-25,771.3499755859375,2026-09-30,C,691.0,79.54,81.46,79.54,111.0,27.0,0.5306443420410156,True,2026-09-25 19:29:25+00:00,SPY260930C00691000
SPY,2026-09-25,771.3499755859375,2026-09-30,C,692.0,78.57,80.46,78.59,160.0,16.0,0.5250291638183593,True,2026-09-25 19:29:05+00:00,SPY260930C00692000
SPY,2026-09-25,771.3499755859375,2026-09-30,C,693.0,77.57,79.45,79.18,94.0,29.0,0.5184374328613282,True,2026-09-25 19:51:43+00:00,SPY260930C00693000
SPY,2026-09-25,771.3499755859375,2026-09-30,C,694.0,76.57,78.44,76.74,136.0,23.0,0.5118457019042968,True,2026-09-25 19:27:19+00:00,SPY260930C00694000
SPY,2026-09-25,771.3499755859375,2026-09-30,C,695.0,75.6,77.47,75.5,137.0,51.0,0.5090381127929688,True,2026-09-25 19:36:53+00:00,SPY260930C00695000
SPY,2026-09-25,771.3499755859375,2026-09-30,C,696.0,74.59,76.45,74.73,256.0,18.0,0.5015918981933594,True,2026-09-25 19:25:27+00:00,SPY260930C00696000
SPY,2026-09-25,771.3499755859375,2026-09-30,C,697.0,73.6,75.46,74.25,156.0,33.0,0.4968312036132813,True,2026-09-25 19:24:31+00:00,SPY260930C00697000
SPY,2026-09-25,771.3499755859375,2026-09-30,C,698.0,72.59,74.46,72.86,202.0,37.0,0.49121602539062503,True,2026-09-25 19:24:12+00:00,SPY260930C00698000
SPY,2026-09-25,771.3499755859375,2026-09-30,C,699.0,71.61,73.46,73.38,226.0,25.0,0.48560084716796875,True,2026-09-25 18:22:13+00:00,SPY260930C00699000
SPY,2026-09-25,771.3499755859375,2026-09-30,C,700.0,70.54,72.46,71.32,227.0,111.0,0.47998566894531247,True,2026-09-25 19:15:40+00:00,SPY260930C00700000
SPY,2026-09-25,771.3499755859375,2026-09-30,C,701.0,69.6,71.45,70.32,234.0,44.0,0.4733939379882813,True,2026-09-25 19:14:51+00:00,SPY260930C00701000
SPY,2026-09-25,771.3499755859375,2026-09-30,C,702.0,68.6,70.93,69.35,172.0,45.0,0.5075732836914062,True,2026-09-25 19:14:29+00:00,SPY260930C00702000
SPY,2026-09-25,771.3499755859375,2026-09-30,C,703.0,67.6,69.6,68.18,236.0,123.0,0.4753470434570312,True,2026-09-25 19:13:31+00:00,SPY260930C00703000
SPY,2026-09-25,771.3499755859375,2026-09-30,C,704.0,66.58,68.46,66.95,164.0,44.0,0.45752495605468757,True,2026-09-25 18:29:01+00:00,SPY260930C00704000
SPY,2026-09-25,771.3499755859375,2026-09-30,C,705.0,65.61,67.48,66.81,181.0,51.0,0.45361874511718747,True,2026-09-25 19:09:52+00:00,SPY260930C00705000
SPY,2026-09-25,771.3499755859375,2026-09-30,C,706.0,64.58,66.46,66.11,326.0,57.0,0.4461725305175781,True,2026-09-25 19:54:24+00:00,SPY260930C00706000
SPY,2026-09-25,771.3499755859375,2026-09-30,C,707.0,63.76,65.47,64.02,405.0,31.0,0.4414118359375,True,2026-09-25 19:11:52+00:00,SPY260930C00707000
SPY,2026-09-25,771.3499755859375,2026-09-30,C,708.0,62.57,64.48,64.0,522.0,16.0,0.436529072265625,True,2026-09-25 19:49:19+00:00,SPY260930C00708000
SPY,2026-09-25,771.3499755859375,2026-09-30,C,709.0,61.61,63.47,62.26,603.0,64.0,0.43005941040039064,True,2026-09-25 17:46:16+00:00,SPY260930C00709000
SPY,2026-09-25,771.3499755859375,2026-09-30,C,710.0,60.61,62.49,61.82,224.0,51.0,0.4260311303710938,True,2026-09-25 19:58:02+00:00,SPY260930C00710000
SPY,2026-09-25,771.3499755859375,2026-09-30,C,711.0,59.61,61.47,60.53,111.0,26.0,0.41870698486328123,True,2026-09-25 19:53:39+00:00,SPY260930C00711000
SPY,2026-09-25,771.3499755859375,2026-09-30,C,712.0,59.45,59.51,59.31,176.0,57.0,0.2915109912109374,True,2026-09-25 18:11:08+00:00,SPY260930C00712000
SPY,2026-09-25,771.3499755859375,2026-09-30,C,713.0,58.45,58.51,58.51,20.0,21.0,0.28711650390624993,True,2026-09-25 20:00:02+00:00,SPY260930C00713000
SPY,2026-09-25,771.3499755859375,2026-09-30,C,714.0,57.45,57.51,53.69,5.0,54.0,0.2827220166015625,True,2026-09-25 14:30:51+00:00,SPY260930C00714000
SPY,2026-09-25,771.3499755859375,2026-09-30,C,715.0,56.45,56.51,57.3,6.0,157.0,0.278327529296875,True,2026-09-25 19:51:42+00:00,SPY260930C00715000
SPY,2026-09-25,771.3499755859375,2026-09-30,C,716.0,55.46,55.51,52.81,2.0,68.0,0.2739330419921875,True,2026-09-25 15:11:42+00:00,SPY260930C00716000
SPY,2026-09-25,771.3499755859375,2026-09-30,C,717.0,54.44,54.51,54.14,90.0,57.0,0.2695385546875,True,2026-09-25 16:56:26+00:00,SPY260930C00717000
SPY,2026-09-25,771.3499755859375,2026-09-30,C,718.0,53.44,53.51,54.35,122.0,70.0,0.264655791015625,True,2026-09-25 17:32:55+00:00,SPY260930C00718000
SPY,2026-09-25,771.3499755859375,2026-09-30,C,719.0,52.46,52.52,49.32,34.0,49.0,0.26270268554687504,True,2026-09-25 14:46:57+00:00,SPY260930C00719000
SPY,2026-09-25,771.3499755859375,2026-09-30,C,720.0,51.44,51.52,51.43,23.0,54.0,0.25830819824218754,True,2026-09-25 17:49:23+00:00,SPY260930C00720000
SPY,2026-09-25,771.3499755859375,2026-09-30,C,721.0,50.46,50.52,50.46,26.0,88.0,0.25391371093750004,True,2026-09-25 20:00:03+00:00,SPY260930C00721000
SPY,2026-09-25,771.3499755859375,2026-09-30,C,722.0,49.44,49.52,49.14,4.0,69.0,0.24951922363281248,True,2026-09-25 19:00:02+00:00,SPY260930C00722000
SPY,2026-09-25,771.3499755859375,2026-09-30,C,723.0,48.44,48.52,48.57,17.0,87.0,0.245124736328125,True,2026-09-25 17:30:12+00:00,SPY260930C00723000
SPY,2026-09-25,771.3499755859375,2026-09-30,C,724.0,47.44,47.52,44.34,4.0,147.0,0.24048611083984373,True,2026-09-25 14:46:57+00:00,SPY260930C00724000
SPY,2026-09-25,771.3499755859375,2026-09-30,C,725.0,46.44,46.53,46.26,19.0,122.0,0.23828886718749998,True,2026-09-25 17:39:51+00:00,SPY260930C00725000
SPY,2026-09-25,771.3499755859375,2026-09-30,C,726.0,45.47,45.53,45.38,4.0,633.0,0.233406103515625,True,2026-09-25 18:12:04+00:00,SPY260930C00726000
SPY,2026-09-25,771.3499755859375,2026-09-30,C,727.0,44.44,44.53,45.37,45.0,588.0,0.22901161621093752,True,2026-09-25 17:30:57+00:00,SPY260930C00727000
SPY,2026-09-25,771.3499755859375,2026-09-30,C,728.0,43.45,43.53,43.35,40.0,665.0,0.22461712890624996,True,2026-09-25 18:12:04+00:00,SPY260930C00728000
SPY,2026-09-25,771.3499755859375,2026-09-30,C,729.0,42.46,42.54,42.52,2.0,563.0,0.2219316088867187,True,2026-09-25 17:26:56+00:00,SPY260930C00729000
SPY,2026-09-25,771.3499755859375,2026-09-30,C,730.0,41.46,41.54,41.49,101.0,5752.0,0.2172929833984375,True,2026-09-25 19:59:52+00:00,SPY260930C00730000
SPY,2026-09-25,771.3499755859375,2026-09-30,C,731.0,40.48,40.54,40.36,48.0,1147.0,0.21289849609375,True,2026-09-25 18:12:04+00:00,SPY260930C00731000
SPY,2026-09-25,771.3499755859375,2026-09-30,C,732.0,39.46,39.55,39.31,19.0,805.0,0.20996883789062498,True,2026-09-25 17:46:35+00:00,SPY260930C00732000
SPY,2026-09-25,771.3499755859375,2026-09-30,C,733.0,38.47,38.55,38.84,4.0,1040.0,0.20533021240234373,True,2026-09-25 19:57:27+00:00,SPY260930C00733000
SPY,2026-09-25,771.3499755859375,2026-09-30,C,734.0,37.45,37.55,37.29,3.0,726.0,0.20069158691406247,True,2026-09-25 17:39:51+00:00,SPY260930C00734000
SPY,2026-09-25,771.3499755859375,2026-09-30,C,735.0,36.47,36.56,36.85,7.0,1849.0,0.1977619287109375,True,2026-09-25 19:57:27+00:00,SPY260930C00735000
SPY,2026-09-25,771.3499755859375,2026-09-30,C,736.0,35.45,35.56,32.58,4.0,760.0,0.19312330322265625,True,2026-09-25 14:46:36+00:00,SPY260930C00736000
SPY,2026-09-25,771.3499755859375,2026-09-30,C,737.0,34.46,34.56,32.83,1.0,701.0,0.188484677734375,True,2026-09-25 13:37:34+00:00,SPY260930C00737000
SPY,2026-09-25,771.3499755859375,2026-09-30,C,738.0,33.49,33.57,33.31,120.0,420.0,0.18506674316406246,True,2026-09-25 18:06:59+00:00,SPY260930C00738000
SPY,2026-09-25,771.3499755859375,2026-09-30,C,739.0,32.49,32.58,30.46,3.0,348.0,0.18189294677734374,True,2026-09-25 15:57:11+00:00,SPY260930C00739000
SPY,2026-09-25,771.3499755859375,2026-09-30,C,740.0,31.5,31.58,30.74,63.0,2447.0,0.1772543212890625,True,2026-09-25 19:29:56+00:00,SPY260930C00740000
SPY,2026-09-25,771.3499755859375,2026-09-30,C,741.0,30.51,30.59,31.03,4.0,621.0,0.17359224853515626,True,2026-09-25 19:55:35+00:00,SPY260930C00741000
SPY,2026-09-25,771.3499755859375,2026-09-30,C,742.0,29.52,29.6,29.28,2.0,1292.0,0.17017431396484378,True,2026-09-25 17:19:46+00:00,SPY260930C00742000
SPY,2026-09-25,771.3499755859375,2026-09-30,C,743.0,28.53,28.61,28.29,16.0,813.0,0.16651224121093755,True,2026-09-25 17:47:14+00:00,SPY260930C00743000
SPY,2026-09-25,771.3499755859375,2026-09-30,C,744.0,27.51,27.62,27.24,3.0,587.0,0.16285016845703126,True,2026-09-25 19:00:02+00:00,SPY260930C00744000
SPY,2026-09-25,771.3499755859375,2026-09-30,C,745.0,26.55,26.63,27.09,115.0,3810.0,0.15894395751953128,True,2026-09-25 19:49:28+00:00,SPY260930C00745000
SPY,2026-09-25,771.3499755859375,2026-09-30,C,746.0,25.54,25.64,22.13,2.0,912.0,0.1550377465820313,True,2026-09-25 14:28:10+00:00,SPY260930C00746000
SPY,2026-09-25,771.3499755859375,2026-09-30,C,747.0,24.58,24.66,25.13,12.0,871.0,0.15210808837890627,True,2026-09-25 18:27:17+00:00,SPY260930C00747000
SPY,2026-09-25,771.3499755859375,2026-09-30,C,748.0,23.59,23.67,23.85,25.0,419.0,0.14795773925781253,True,2026-09-25 19:56:32+00:00,SPY260930C00748000
SPY,2026-09-25,771.3499755859375,2026-09-30,C,749.0,22.59,22.69,22.03,120.0,516.0,0.14466187377929687,True,2026-09-25 19:37:04+00:00,SPY260930C00749000
SPY,2026-09-25,771.3499755859375,2026-09-30,C,750.0,21.65,21.71,21.66,97.0,5632.0,0.14112187011718752,True,2026-09-25 20:13:21+00:00,SPY260930C00750000
SPY,2026-09-25,771.3499755859375,2026-09-30,C,751.0,20.66,20.74,20.56,46.0,1505.0,0.13831428100585938,True,2026-09-25 19:14:39+00:00,SPY260930C00751000
SPY,2026-09-25,771.3499755859375,2026-09-30,C,752.0,19.67,19.77,19.72,31.0,924.0,0.13526255371093754,True,2026-09-25 18:12:47+00:00,SPY260930C00752000
SPY,2026-09-25,771.3499755859375,2026-09-30,C,753.0,18.73,18.8,19.27,25.0,567.0,0.13196668823242189,True,2026-09-25 19:49:28+00:00,SPY260930C00753000
SPY,2026-09-25,771.3499755859375,2026-09-30,C,754.0,17.77,17.84,18.15,7.0,765.0,0.12903703002929687,True,2026-09-25 19:55:58+00:00,SPY260930C00754000
SPY,2026-09-25,771.3499755859375,2026-09-30,C,755.0,16.82,16.89,17.31,195.0,3313.0,0.12647357910156248,True,2026-09-25 19:23:09+00:00,SPY260930C00755000
SPY,2026-09-25,771.3499755859375,2026-09-30,C,756.0,15.85,15.94,15.82,66.0,1290.0,0.1235439208984375,True,2026-09-25 18:09:05+00:00,SPY260930C00756000
SPY,2026-09-25,771.3499755859375,2026-09-30,C,757.0,14.94,15.0,15.45,18.0,1431.0,0.12085840087890626,True,2026-09-25 18:06:57+00:00,SPY260930C00757000
SPY,2026-09-25,771.3499755859375,2026-09-30,C,758.0,14.01,14.07,14.12,98.0,920.0,0.11829494995117187,True,2026-09-25 20:01:08+00:00,SPY260930C00758000
SPY,2026-09-25,771.3499755859375,2026-09-30,C,759.0,13.08,13.15,13.82,226.0,1658.0,0.1157314990234375,True,2026-09-25 19:54:08+00:00,SPY260930C00759000
SPY,2026-09-25,771.3499755859375,2026-09-30,C,760.0,12.18,12.25,12.27,304.0,4966.0,0.11365632446289062,True,2026-09-25 20:14:50+00:00,SPY260930C00760000
SPY,2026-09-25,771.3499755859375,2026-09-30,C,761.0,11.31,11.36,11.31,173.0,6228.0,0.11133701171874999,True,2026-09-25 19:54:37+00:00,SPY260930C00761000
SPY,2026-09-25,771.3499755859375,2026-09-30,C,762.0,10.44,10.49,10.51,159.0,2236.0,0.10932287170410156,True,2026-09-25 20:14:30+00:00,SPY260930C00762000
SPY,2026-09-25,771.3499755859375,2026-09-30,C,763.0,9.59,9.63,9.68,262.0,1337.0,0.1069425244140625,True,2026-09-25 20:10:59+00:00,SPY260930C00763000
SPY,2026-09-25,771.3499755859375,2026-09-30,C,764.0,8.75,8.8,8.96,351.0,1482.0,0.1049894189453125,True,2026-09-25 20:08:46+00:00,SPY260930C00764000
SPY,2026-09-25,771.3499755859375,2026-09-30,C,765.0,7.96,8.0,8.09,1317.0,4593.0,0.10328045166015623,True,2026-09-25 20:10:16+00:00,SPY260930C00765000
SPY,2026-09-25,771.3499755859375,2026-09-30,C,766.0,7.19,7.22,7.35,1906.0,1919.0,0.10138838073730468,True,2026-09-25 20:09:46+00:00,SPY260930C00766000
SPY,2026-09-25,771.3499755859375,2026-09-30,C,767.0,6.46,6.48,6.64,1664.0,1505.0,0.09980148254394532,True,2026-09-25 20:04:26+00:00,SPY260930C00767000
SPY,2026-09-25,771.3499755859375,2026-09-30,C,768.0,5.76,5.77,5.79,4003.0,2239.0,0.09821458435058594,True,2026-09-25 20:13:29+00:00,SPY260930C00768000
SPY,2026-09-25,771.3499755859375,2026-09-30,C,769.0,5.09,5.11,5.11,3746.0,3126.0,0.09696337615966799,True,2026-09-25 20:12:59+00:00,SPY260930C00769000
SPY,2026-09-25,771.3499755859375,2026-09-30,C,770.0,4.48,4.49,4.52,8525.0,8493.0,0.09577320251464845,True,2026-09-25 20:14:34+00:00,SPY260930C00770000
SPY,2026-09-25,771.3499755859375,2026-09-30,C,771.0,3.9,3.91,3.94,7405.0,4216.0,0.09461354614257814,True,2026-09-25 20:14:39+00:00,SPY260930C00771000
SPY,2026-09-25,771.3499755859375,2026-09-30,C,772.0,3.37,3.38,3.4,5637.0,3107.0,0.09363699340820314,False,2026-09-25 20:14:41+00:00,SPY260930C00772000
SPY,2026-09-25,771.3499755859375,2026-09-30,C,773.0,2.9,2.91,2.91,5005.0,2975.0,0.09308768249511719,False,2026-09-25 20:14:54+00:00,SPY260930C00773000
SPY,2026-09-25,771.3499755859375,2026-09-30,C,774.0,2.47,2.48,2.48,2974.0,2440.0,0.09241630249023436,False,2026-09-25 20:13:21+00:00,SPY260930C00774000
SPY,2026-09-25,771.3499755859375,2026-09-30,C,775.0,2.08,2.09,2.08,11189.0,21758.0,0.09168388793945312,False,2026-09-25 20:14:59+00:00,SPY260930C00775000
SPY,2026-09-25,771.3499755859375,2026-09-30,C,776.0,1.74,1.76,1.82,2618.0,1432.0,0.09143974975585936,False,2026-09-25 20:08:57+00:00,SPY260930C00776000
SPY,2026-09-25,771.3499755859375,2026-09-30,C,777.0,1.45,1.47,1.46,7208.0,4279.0,0.09125664611816406,False,2026-09-25 20:14:50+00:00,SPY260930C00777000
SPY,2026-09-25,771.3499755859375,2026-09-30,C,778.0,1.2,1.21,1.22,3495.0,2692.0,0.090829404296875,False,2026-09-25 20:14:45+00:00,SPY260930C00778000
SPY,2026-09-25,771.3499755859375,2026-09-30,C,779.0,0.99,1.0,1.01,1906.0,4060.0,0.09095147338867188,False,2026-09-25 20:14:20+00:00,SPY260930C00779000
SPY,2026-09-25,771.3499755859375,2026-09-30,C,780.0,0.81,0.82,0.82,12976.0,18048.0,0.09101250793457032,False,2026-09-25 20:14:50+00:00,SPY260930C00780000
SPY,2026-09-25,771.3499755859375,2026-09-30,C,781.0,0.66,0.67,0.67,2145.0,3043.0,0.09119561157226563,False,2026-09-25 20:14:12+00:00,SPY260930C00781000
SPY,2026-09-25,771.3499755859375,2026-09-30,C,782.0,0.53,0.54,0.55,1479.0,2886.0,0.09125664611816406,False,2026-09-25 20:14:45+00:00,SPY260930C00782000
SPY,2026-09-25,771.3499755859375,2026-09-30,C,783.0,0.43,0.44,0.45,1389.0,1777.0,0.09180595703125,False,2026-09-25 20:14:32+00:00,SPY260930C00783000
SPY,2026-09-25,771.3499755859375,2026-09-30,C,784.0,0.35,0.36,0.37,1221.0,4481.0,0.09253837158203124,False,2026-09-25 20:14:13+00:00,SPY260930C00784000
SPY,2026-09-25,771.3499755859375,2026-09-30,C,785.0,0.28,0.29,0.29,8502.0,7745.0,0.09302664794921875,False,2026-09-25 20:14:51+00:00,SPY260930C00785000
SPY,2026-09-25,771.3499755859375,2026-09-30,C,786.0,0.23,0.24,0.24,1976.0,22113.0,0.09400320068359375,False,2026-09-25 20:14:51+00:00,SPY260930C00786000
SPY,2026-09-25,771.3499755859375,2026-09-30,C,787.0,0.19,0.2,0.2,650.0,2836.0,0.09534596069335938,False,2026-09-25 20:14:46+00:00,SPY260930C00787000
SPY,2026-09-25,771.3499755859375,2026-09-30,C,788.0,0.16,0.17,0.17,1707.0,1470.0,0.09693285888671876,False,2026-09-25 20:14:37+00:00,SPY260930C00788000
SPY,2026-09-25,771.3499755859375,2026-09-30,C,789.0,0.13,0.14,0.14,1737.0,5092.0,0.0981535498046875,False,2026-09-25 20:06:53+00:00,SPY260930C00789000
SPY,2026-09-25,771.3499755859375,2026-09-30,C,790.0,0.11,0.12,0.12,4417.0,12680.0,0.09986251708984376,False,2026-09-25 20:12:30+00:00,SPY260930C00790000
SPY,2026-09-25,771.3499755859375,2026-09-30,C,791.0,0.09,0.1,0.1,679.0,2006.0,0.1010832080078125,False,2026-09-25 20:14:09+00:00,SPY260930C00791000
SPY,2026-09-25,771.3499755859375,2026-09-30,C,792.0,0.08,0.09,0.09,2122.0,1656.0,0.10352458984374999,False,2026-09-25 20:01:08+00:00,SPY260930C00792000
SPY,2026-09-25,771.3499755859375,2026-09-30,C,793.0,0.07,0.08,0.08,1538.0,2442.0,0.1054776953125,False,2026-09-25 20:08:26+00:00,SPY260930C00793000
SPY,2026-09-25,771.3499755859375,2026-09-30,C,794.0,0.06,0.07,0.07,1683.0,4039.0,0.10743080078125,False,2026-09-25 20:09:38+00:00,SPY260930C00794000
SPY,2026-09-25,771.3499755859375,2026-09-30,C,795.0,0.05,0.06,0.06,1645.0,6012.0,0.1088956298828125,False,2026-09-25 20:08:12+00:00,SPY260930C00795000
SPY,2026-09-25,771.3499755859375,2026-09-30,C,796.0,0.05,0.06,0.05,1052.0,1192.0,0.1128018408203125,False,2026-09-25 20:04:31+00:00,SPY260930C00796000
SPY,2026-09-25,771.3499755859375,2026-09-30,C,797.0,0.04,0.05,0.05,499.0,3098.0,0.1137783935546875,False,2026-09-25 20:04:40+00:00,SPY260930C00797000
SPY,2026-09-25,771.3499755859375,2026-09-30,C,798.0,0.04,0.05,0.04,1116.0,1521.0,0.1176846044921875,False,2026-09-25 20:04:14+00:00,SPY260930C00798000
SPY,2026-09-25,771.3499755859375,2026-09-30,C,799.0,0.04,0.05,0.04,1001.0,7343.0,0.1215908154296875,False,2026-09-25 20:04:07+00:00,SPY260930C00799000
SPY,2026-09-25,771.3499755859375,2026-09-30,C,800.0,0.03,0.04,0.04,8146.0,58167.0,0.1215908154296875,False,2026-09-25 20:14:06+00:00,SPY260930C00800000
SPY,2026-09-25,771.3499755859375,2026-09-30,C,801.0,0.03,0.04,0.03,886.0,2749.0,0.12500875,False,2026-09-25 19:05:45+00:00,SPY260930C00801000
SPY,2026-09-25,771.3499755859375,2026-09-30,C,802.0,0.03,0.04,0.03,596.0,3376.0,0.1289149609375,False,2026-09-25 19:59:48+00:00,SPY260930C00802000
SPY,2026-09-25,771.3499755859375,2026-09-30,C,803.0,0.03,0.04,0.04,25.0,3418.0,0.132821171875,False,2026-09-25 20:00:44+00:00,SPY260930C00803000
SPY,2026-09-25,771.3499755859375,2026-09-30,C,804.0,0.03,0.04,0.03,36.0,1010.0,0.13575083007812502,False,2026-09-25 20:00:32+00:00,SPY260930C00804000
SPY,2026-09-25,771.3499755859375,2026-09-30,C,805.0,0.02,0.04,0.04,367.0,4782.0,0.139657041015625,False,2026-09-25 20:00:57+00:00,SPY260930C00805000
SPY,2026-09-25,771.3499755859375,2026-09-30,C,806.0,0.02,0.03,0.02,1793.0,2287.0,0.13868048828125001,False,2026-09-25 20:00:13+00:00,SPY260930C00806000
SPY,2026-09-25,771.3499755859375,2026-09-30,C,807.0,0.02,0.03,0.02,369.0,2309.0,0.141610146484375,False,2026-09-25 20:00:23+00:00,SPY260930C00807000
SPY,2026-09-25,771.3499755859375,2026-09-30,C,808.0,0.02,0.03,0.03,977.0,1032.0,0.145516357421875,False,2026-09-25 20:01:28+00:00,SPY260930C00808000
SPY,2026-09-25,771.3499755859375,2026-09-30,C,809.0,0.02,0.03,0.03,632.0,7570.0,0.148446015625,False,2026-09-25 20:01:17+00:00,SPY260930C00809000
SPY,2026-09-25,771.3499755859375,2026-09-30,C,810.0,0.02,0.03,0.02,19489.0,10979.0,0.15235222656250003,False,2026-09-25 20:01:51+00:00,SPY260930C00810000
SPY,2026-09-25,771.3499755859375,2026-09-30,C,811.0,0.02,0.03,0.02,11903.0,2351.0,0.15528188476562502,False,2026-09-25 20:02:34+00:00,SPY260930C00811000
SPY,2026-09-25,771.3499755859375,2026-09-30,C,812.0,0.02,0.03,0.02,128.0,1708.0,0.15821154296875,False,2026-09-25 20:02:01+00:00,SPY260930C00812000
SPY,2026-09-25,771.3499755859375,2026-09-30,C,813.0,0.02,0.03,0.02,2517.0,4355.0,0.16211775390625,False,2026-09-25 20:01:37+00:00,SPY260930C00813000
SPY,2026-09-25,771.3499755859375,2026-09-30,C,814.0,0.02,0.03,0.02,21527.0,5063.0,0.16602396484375004,False,2026-09-25 20:02:26+00:00,SPY260930C00814000
SPY,2026-09-25,771.3499755859375,2026-09-30,C,815.0,0.02,0.03,0.03,10422.0,6913.0,0.16895362304687503,False,2026-09-25 20:14:59+00:00,SPY260930C00815000
SPY,2026-09-25,771.3499755859375,2026-09-30,C,816.0,0.01,0.02,0.01,22296.0,10437.0,0.16407085937500002,False,2026-09-25 20:02:17+00:00,SPY260930C00816000
SPY,2026-09-25,771.3499755859375,2026-09-30,C,817.0,0.01,0.02,0.01,51660.0,11937.0,0.16797707031250003,False,2026-09-25 20:02:42+00:00,SPY260930C00817000
SPY,2026-09-25,771.3499755859375,2026-09-30,C,818.0,0.01,0.02,0.01,1512.0,11313.0,0.17188328125000002,False,2026-09-25 20:02:09+00:00,SPY260930C00818000
SPY,2026-09-25,771.3499755859375,2026-09-30,C,819.0,0.01,0.02,0.01,39.0,14776.0,0.17383638671875,False,2026-09-25 20:03:11+00:00,SPY260930C00819000
SPY,2026-09-25,771.3499755859375,2026-09-30,C,820.0,0.01,0.02,0.02,100.0,10579.0,0.17774259765625,False,2026-09-25 20:03:01+00:00,SPY260930C00820000
SPY,2026-09-25,771.3499755859375,2026-09-30,C,821.0,0.01,0.02,0.02,22.0,7015.0,0.180672255859375,False,2026-09-25 16:06:15+00:00,SPY260930C00821000
SPY,2026-09-25,771.3499755859375,2026-09-30,C,822.0,0.01,0.02,0.02,128.0,2837.0,0.18360191406249998,False,2026-09-25 16:07:10+00:00,SPY260930C00822000
SPY,2026-09-25,771.3499755859375,2026-09-30,C,823.0,0.01,0.02,0.02,2.0,328.0,0.187508125,False,2026-09-24 14:08:28+00:00,SPY260930C00823000
SPY,2026-09-25,771.3499755859375,2026-09-30,C,824.0,0.01,0.02,0.01,480.0,3849.0,0.18946123046875002,False,2026-09-23 17:35:35+00:00,SPY260930C00824000
SPY,2026-09-25,771.3499755859375,2026-09-30,C,825.0,0.01,0.02,0.02,2506.0,42031.0,0.19336744140625,False,2026-09-25 19:42:49+00:00,SPY260930C00825000
SPY,2026-09-25,771.3499755859375,2026-09-30,C,826.0,0.01,0.02,0.02,964.0,13914.0,0.19727365234375,False,2026-09-25 19:45:50+00:00,SPY260930C00826000
SPY,2026-09-25,771.3499755859375,2026-09-30,C,827.0,0.01,0.02,0.02,4002.0,298.0,0.1992267578125,False,2026-09-25 15:50:13+00:00,SPY260930C00827000
SPY,2026-09-25,771.3499755859375,2026-09-30,C,828.0,0.01,0.02,0.01,1285.0,2293.0,0.20313296874999998,False,2026-09-25 15:55:46+00:00,SPY260930C00828000
SPY,2026-09-25,771.3499755859375,2026-09-30,C,829.0,0.01,0.02,0.01,24.0,2132.0,0.20508607421874997,False,2026-09-25 14:23:03+00:00,SPY260930C00829000
SPY,2026-09-25,771.3499755859375,2026-09-30,C,830.0,0.01,0.02,0.01,985.0,2275.0,0.20899228515624996,False,2026-09-25 17:13:14+00:00,SPY260930C00830000
SPY,2026-09-25,771.3499755859375,2026-09-30,C,831.0,0.01,0.02,0.01,245.0,1048.0,0.21094539062499998,False,2026-09-25 19:44:18+00:00,SPY260930C00831000
SPY,2026-09-25,771.3499755859375,2026-09-30,C,832.0,0.01,0.02,0.01,1547.0,1796.0,0.2148516015625,False,2026-09-25 19:40:36+00:00,SPY260930C00832000
SPY,2026-09-25,771.3499755859375,2026-09-30,C,833.0,0.01,0.02,0.01,400.0,831.0,0.21875781249999998,False,2026-09-25 14:01:57+00:00,SPY260930C00833000
SPY,2026-09-25,771.3499755859375,2026-09-30,C,834.0,0.01,0.02,0.01,10695.0,968.0,0.22071091796874998,False,2026-09-25 19:57:53+00:00,SPY260930C00834000
SPY,2026-09-25,771.3499755859375,2026-09-30,C,835.0,0.01,0.02,0.01,1063.0,1166.0,0.22461712890624996,False,2026-09-25 19:58:18+00:00,SPY260930C00835000
SPY,2026-09-25,771.3499755859375,2026-09-30,C,836.0,0.0,0.01,0.01,125.0,661.0,0.21094539062499998,False,2026-09-25 18:37:09+00:00,SPY260930C00836000
SPY,2026-09-25,771.3499755859375,2026-09-30,C,837.0,0.0,0.01,0.01,81.0,1022.0,0.2148516015625,False,2026-09-25 17:09:13+00:00,SPY260930C00837000
SPY,2026-09-25,771.3499755859375,2026-09-30,C,838.0,0.0,0.01,0.01,556.0,1683.0,0.21875781249999998,False,2026-09-25 17:13:07+00:00,SPY260930C00838000
SPY,2026-09-25,771.3499755859375,2026-09-30,C,839.0,0.0,0.01,0.01,928.0,836.0,0.22266402343749997,False,2026-09-25 16:14:58+00:00,SPY260930C00839000
SPY,2026-09-25,771.3499755859375,2026-09-30,C,840.0,0.0,0.01,0.01,18.0,1588.0,0.22266402343749997,False,2026-09-25 18:29:29+00:00,SPY260930C00840000
SPY,2026-09-25,771.3499755859375,2026-09-30,C,841.0,0.0,0.01,0.01,2358.0,1033.0,0.22657023437499998,False,2026-09-25 17:35:01+00:00,SPY260930C00841000
SPY,2026-09-25,771.3499755859375,2026-09-30,C,842.0,0.0,0.01,0.01,2.0,2114.0,0.2304764453125,False,2026-09-25 14:50:31+00:00,SPY260930C00842000
SPY,2026-09-25,771.3499755859375,2026-09-30,C,843.0,0.0,0.01,0.02,65.0,1307.0,0.23438265625,False,2026-09-24 19:42:09+00:00,SPY260930C00843000
SPY,2026-09-25,771.3499755859375,2026-09-30,C,844.0,0.0,0.01,0.01,1.0,323.0,0.23438265625,False,2026-09-25 17:25:47+00:00,SPY260930C00844000
SPY,2026-09-25,771.3499755859375,2026-09-30,C,845.0,0.0,0.01,0.01,1935.0,2147.0,0.23828886718749998,False,2026-09-24 19:55:29+00:00,SPY260930C00845000
SPY,2026-09-25,771.3499755859375,2026-09-30,C,846.0,0.0,0.01,0.02,3.0,1109.0,0.242195078125,False,2026-09-24 13:33:02+00:00,SPY260930C00846000
SPY,2026-09-25,771.3499755859375,2026-09-30,C,847.0,0.0,0.01,0.02,12.0,872.0,0.242195078125,False,2026-09-24 20:02:33+00:00,SPY260930C00847000
SPY,2026-09-25,771.3499755859375,2026-09-30,C,848.0,0.0,0.01,0.02,111.0,1001.0,0.2461012890625,False,2026-09-24 20:05:43+00:00,SPY260930C00848000
SPY,2026-09-25,771.3499755859375,2026-09-30,C,849.0,0.0,0.01,0.02,22.0,1027.0,0.2500075,False,2026-09-24 20:11:22+00:00,SPY260930C00849000
SPY,2026-09-25,771.3499755859375,2026-09-30,C,850.0,0.0,0.01,0.01,285.0,6295.0,0.25391371093750004,False,2026-09-25 18:00:16+00:00,SPY260930C00850000
SPY,2026-09-25,771.3499755859375,2026-09-30,C,851.0,0.0,0.01,0.01,11.0,63.0,0.25391371093750004,False,2026-09-21 15:49:57+00:00,SPY260930C00851000
SPY,2026-09-25,771.3499755859375,2026-09-30,C,852.0,0.0,0.01,0.01,759.0,1471.0,0.257819921875,False,2026-09-24 19:53:26+00:00,SPY260930C00852000
SPY,2026-09-25,771.3499755859375,2026-09-30,C,853.0,0.0,0.01,0.01,27.0,1455.0,0.2617261328125,False,2026-09-24 19:55:03+00:00,SPY260930C00853000
SPY,2026-09-25,771.3499755859375,2026-09-30,C,854.0,0.0,0.01,0.01,1.0,1707.0,0.26563234375,False,2026-09-24 13:37:50+00:00,SPY260930C00854000
SPY,2026-09-25,771.3499755859375,2026-09-30,C,855.0,0.0,0.01,0.01,10.0,608.0,0.26563234375,False,2026-09-24 19:57:36+00:00,SPY260930C00855000
SPY,2026-09-25,771.3499755859375,2026-09-30,C,856.0,0.0,0.01,0.01,836.0,912.0,0.2695385546875,False,2026-09-24 19:58:40+00:00,SPY260930C00856000
SPY,2026-09-25,771.3499755859375,2026-09-30,C,857.0,0.0,0.01,0.01,124.0,1850.0,0.273444765625,False,2026-09-24 19:51:25+00:00,SPY260930C00857000
SPY,2026-09-25,771.3499755859375,2026-09-30,C,858.0,0.0,0.01,0.01,27.0,1238.0,0.273444765625,False,2026-09-24 20:11:28+00:00,SPY260930C00858000
SPY,2026-09-25,771.3499755859375,2026-09-30,C,859.0,0.0,0.01,0.01,197.0,1141.0,0.27735097656249996,False,2026-09-24 20:10:52+00:00,SPY260930C00859000
SPY,2026-09-25,771.3499755859375,2026-09-30,C,860.0,0.0,0.01,0.01,511.0,1320.0,0.28125718749999995,False,2026-09-24 20:10:14+00:00,SPY260930C00860000
SPY,2026-09-25,771.3499755859375,2026-09-30,C,865.0,0.0,0.01,0.01,28.0,3817.0,0.2929758203124999,False,2026-09-24 20:09:23+00:00,SPY260930C00865000
SPY,2026-09-25,771.3499755859375,2026-09-30,C,870.0,0.0,0.01,0.01,79.0,1591.0,0.304694453125,False,2026-09-24 20:09:16+00:00,SPY260930C00870000
SPY,2026-09-25,771.3499755859375,2026-09-30,C,875.0,0.0,0.01,0.02,33.0,751.0,0.32031929687499994,False,2026-09-24 20:06:40+00:00,SPY260930C00875000
SPY,2026-09-25,771.3499755859375,2026-09-30,C,880.0,0.0,0.01,0.02,59.0,1034.0,0.335944140625,False,2026-09-22 13:50:34+00:00,SPY260930C00880000
SPY,2026-09-25,771.3499755859375,2026-09-30,C,885.0,0.0,0.01,0.01,63.0,624.0,0.3437565625,False,2026-09-10 14:06:20+00:00,SPY260930C00885000
SPY,2026-09-25,771.3499755859375,2026-09-30,C,890.0,0.0,0.01,0.01,92.0,851.0,0.35938140625,False,2026-09-24 17:52:16+00:00,SPY260930C00890000
SPY,2026-09-25,771.3499755859375,2026-09-30,C,895.0,0.0,0.01,0.01,148.0,4579.0,0.37500625,False,2026-09-22 13:41:57+00:00,SPY260930C00895000
SPY,2026-09-25,771.3499755859375,2026-09-30,C,900.0,0.0,0.01,0.01,1.0,6857.0,0.38281867187499996,False,2026-09-17 18:36:11+00:00,SPY260930C00900000
SPY,2026-09-25,771.3499755859375,2026-09-30,P,375.0,0.0,0.01,0.01,10.0,15475.0,1.5625021874999998,False,2026-09-24 16:35:37+00:00,SPY260930P00375000
SPY,2026-09-25,771.3499755859375,2026-09-30,P,380.0,0.0,0.01,0.01,1.0,11608.0,1.5625021874999998,False,2026-09-21 14:12:57+00:00,SPY260930P00380000
SPY,2026-09-25,771.3499755859375,2026-09-30,P,385.0,0.0,0.01,0.01,426.0,9275.0,1.5312523437499999,False,2026-09-21 18:55:39+00:00,SPY260930P00385000
SPY,2026-09-25,771.3499755859375,2026-09-30,P,390.0,0.0,0.01,0.01,50.0,1739.0,1.5000025,False,2026-09-09 19:58:00+00:00,SPY260930P00390000
SPY,2026-09-25,771.3499755859375,2026-09-30,P,395.0,0.0,0.01,0.01,1.0,3683.0,1.46875265625,False,2026-09-15 13:46:16+00:00,SPY260930P00395000
SPY,2026-09-25,771.3499755859375,2026-09-30,P,400.0,0.0,0.01,0.01,32.0,10009.0,1.4375028125,False,2026-09-14 13:35:22+00:00,SPY260930P00400000
SPY,2026-09-25,771.3499755859375,2026-09-30,P,405.0,0.0,0.01,0.01,50.0,9932.0,1.40625296875,False,2026-09-15 15:59:49+00:00,SPY260930P00405000
SPY,2026-09-25,771.3499755859375,2026-09-30,P,410.0,0.0,0.01,0.01,200.0,2305.0,1.3750031249999999,False,2026-09-16 19:54:17+00:00,SPY260930P00410000
SPY,2026-09-25,771.3499755859375,2026-09-30,P,415.0,0.0,0.01,0.01,300.0,3557.0,1.3750031249999999,False,2026-09-16 19:56:42+00:00,SPY260930P00415000
SPY,2026-09-25,771.3499755859375,2026-09-30,P,420.0,0.0,0.01,0.01,24.0,894.0,1.3437532812499997,False,2026-09-17 13:30:02+00:00,SPY260930P00420000
SPY,2026-09-25,771.3499755859375,2026-09-30,P,425.0,0.0,0.01,0.02,15.0,3338.0,1.3125034374999998,False,2026-09-04 19:12:22+00:00,SPY260930P00425000
SPY,2026-09-25,771.3499755859375,2026-09-30,P,430.0,0.0,0.01,0.01,201.0,655.0,1.2812535937499998,False,2026-09-16 18:47:32+00:00,SPY260930P00430000
SPY,2026-09-25,771.3499755859375,2026-09-30,P,435.0,0.0,0.01,0.01,21.0,150725.0,1.2500037499999999,False,2026-09-16 14:02:19+00:00,SPY260930P00435000
SPY,2026-09-25,771.3499755859375,2026-09-30,P,440.0,0.0,0.01,0.03,24.0,1015.0,1.2500037499999999,False,2026-09-02 20:01:56+00:00,SPY260930P00440000
SPY,2026-09-25,771.3499755859375,2026-09-30,P,445.0,0.0,0.01,0.01,12.0,592.0,1.21875390625,False,2026-09-11 13:31:46+00:00,SPY260930P00445000
SPY,2026-09-25,771.3499755859375,2026-09-30,P,450.0,0.0,0.01,0.02,2.0,11301.0,1.1875040625,False,2026-09-16 18:57:18+00:00,SPY260930P00450000
SPY,2026-09-25,771.3499755859375,2026-09-30,P,455.0,0.0,0.01,0.02,5.0,1210.0,1.1875040625,False,2026-09-15 14:40:37+00:00,SPY260930P00455000
SPY,2026-09-25,771.3499755859375,2026-09-30,P,460.0,0.0,0.01,0.01,1.0,1325.0,1.15625421875,False,2026-09-15 14:09:45+00:00,SPY260930P00460000
SPY,2026-09-25,771.3499755859375,2026-09-30,P,465.0,0.0,0.01,0.03,10.0,251.0,1.125004375,False,2026-09-14 14:00:36+00:00,SPY260930P00465000
SPY,2026-09-25,771.3499755859375,2026-09-30,P,470.0,0.0,0.01,0.01,1.0,1829.0,1.09375453125,False,2026-09-25 17:22:30+00:00,SPY260930P00470000
SPY,2026-09-25,771.3499755859375,2026-09-30,P,475.0,0.0,0.01,0.01,100.0,1816.0,1.09375453125,False,2026-09-17 20:04:38+00:00,SPY260930P00475000
SPY,2026-09-25,771.3499755859375,2026-09-30,P,480.0,0.0,0.01,0.01,1.0,1472.0,1.0625046875000002,False,2026-09-25 17:22:17+00:00,SPY260930P00480000
SPY,2026-09-25,771.3499755859375,2026-09-30,P,485.0,0.0,0.01,0.03,72.0,710.0,1.0312548437500002,False,2026-09-15 20:03:51+00:00,SPY260930P00485000
SPY,2026-09-25,771.3499755859375,2026-09-30,P,490.0,0.0,0.01,0.02,20.0,1323.0,1.015629921875,False,2026-09-17 14:40:14+00:00,SPY260930P00490000
SPY,2026-09-25,771.3499755859375,2026-09-30,P,495.0,0.0,0.01,0.01,400.0,815.0,0.98437515625,False,2026-09-18 14:28:52+00:00,SPY260930P00495000
SPY,2026-09-25,771.3499755859375,2026-09-30,P,500.0,0.0,0.01,0.01,27.0,3165.0,0.9687503125,False,2026-09-17 14:40:30+00:00,SPY260930P00500000
SPY,2026-09-25,771.3499755859375,2026-09-30,P,505.0,0.0,0.01,0.01,200.0,909.0,0.9531254687499999,False,2026-09-18 19:48:33+00:00,SPY260930P00505000
SPY,2026-09-25,771.3499755859375,2026-09-30,P,510.0,0.0,0.01,0.01,1.0,637.0,0.937500625,False,2026-09-25 17:35:10+00:00,SPY260930P00510000
SPY,2026-09-25,771.3499755859375,2026-09-30,P,515.0,0.0,0.01,0.01,1.0,1380.0,0.9062509375,False,2026-09-25 17:34:50+00:00,SPY260930P00515000
SPY,2026-09-25,771.3499755859375,2026-09-30,P,520.0,0.0,0.01,0.01,2.0,1366.0,0.8906260937499999,False,2026-09-25 17:34:38+00:00,SPY260930P00520000
SPY,2026-09-25,771.3499755859375,2026-09-30,P,525.0,0.0,0.01,0.01,1.0,935.0,0.87500125,False,2026-09-21 14:21:32+00:00,SPY260930P00525000
SPY,2026-09-25,771.3499755859375,2026-09-30,P,530.0,0.0,0.01,0.01,2.0,976.0,0.8437515624999999,False,2026-09-25 17:34:13+00:00,SPY260930P00530000
SPY,2026-09-25,771.3499755859375,2026-09-30,P,535.0,0.0,0.01,0.01,1.0,301233.0,0.8281267187499999,False,2026-09-22 13:32:19+00:00,SPY260930P00535000
SPY,2026-09-25,771.3499755859375,2026-09-30,P,540.0,0.0,0.01,0.01,123.0,1861.0,0.8125018749999999,False,2026-09-21 19:03:01+00:00,SPY260930P00540000
SPY,2026-09-25,771.3499755859375,2026-09-30,P,545.0,0.0,0.01,0.01,195.0,969.0,0.7812521875,False,2026-09-21 19:38:55+00:00,SPY260930P00545000
SPY,2026-09-25,771.3499755859375,2026-09-30,P,550.0,0.0,0.01,0.01,1.0,1528.0,0.7656273437500001,False,2026-09-25 17:33:57+00:00,SPY260930P00550000
SPY,2026-09-25,771.3499755859375,2026-09-30,P,555.0,0.0,0.01,0.01,2.0,1100.0,0.7500025,False,2026-09-25 17:33:45+00:00,SPY260930P00555000
SPY,2026-09-25,771.3499755859375,2026-09-30,P,560.0,0.0,0.01,0.01,1.0,1337.0,0.73437765625,False,2026-09-25 17:33:34+00:00,SPY260930P00560000
SPY,2026-09-25,771.3499755859375,2026-09-30,P,565.0,0.0,0.01,0.01,50.0,622.0,0.7187528125,False,2026-09-22 17:27:27+00:00,SPY260930P00565000
SPY,2026-09-25,771.3499755859375,2026-09-30,P,570.0,0.0,0.01,0.01,1.0,1772.0,0.6875031250000001,False,2026-09-25 19:30:56+00:00,SPY260930P00570000
SPY,2026-09-25,771.3499755859375,2026-09-30,P,575.0,0.0,0.01,0.01,1.0,1398.0,0.6718782812500002,False,2026-09-25 16:38:18+00:00,SPY260930P00575000
SPY,2026-09-25,771.3499755859375,2026-09-30,P,580.0,0.0,0.01,0.01,13.0,2514.0,0.6562534375000001,False,2026-09-25 17:33:16+00:00,SPY260930P00580000
SPY,2026-09-25,771.3499755859375,2026-09-30,P,585.0,0.0,0.01,0.01,9.0,1343.0,0.64062859375,False,2026-09-25 19:32:01+00:00,SPY260930P00585000
SPY,2026-09-25,771.3499755859375,2026-09-30,P,590.0,0.0,0.01,0.01,10.0,8605.0,0.6250037500000001,False,2026-09-25 15:36:51+00:00,SPY260930P00590000
SPY,2026-09-25,771.3499755859375,2026-09-30,P,594.0,0.0,0.01,0.01,2.0,257.0,0.6093789062500001,False,2026-09-22 20:06:50+00:00,SPY260930P00594000
SPY,2026-09-25,771.3499755859375,2026-09-30,P,595.0,0.0,0.01,0.01,1.0,528.0,0.5937540625000001,False,2026-09-23 15:47:01+00:00,SPY260930P00595000
SPY,2026-09-25,771.3499755859375,2026-09-30,P,596.0,0.0,0.01,0.01,1.0,318.0,0.5937540625000001,False,2026-09-23 15:46:54+00:00,SPY260930P00596000
SPY,2026-09-25,771.3499755859375,2026-09-30,P,597.0,0.0,0.01,0.04,20.0,20623.0,0.5937540625000001,False,2026-09-17 19:59:48+00:00,SPY260930P00597000
SPY,2026-09-25,771.3499755859375,2026-09-30,P,598.0,0.0,0.01,0.01,1.0,7076.0,0.5937540625000001,False,2026-09-25 17:22:05+00:00,SPY260930P00598000
SPY,2026-09-25,771.3499755859375,2026-09-30,P,599.0,0.0,0.01,0.02,41.0,1150.0,0.57812921875,False,2026-09-21 16:55:44+00:00,SPY260930P00599000
SPY,2026-09-25,771.3499755859375,2026-09-30,P,600.0,0.0,0.01,0.01,17.0,29335.0,0.57812921875,False,2026-09-25 17:21:53+00:00,SPY260930P00600000
SPY,2026-09-25,771.3499755859375,2026-09-30,P,601.0,0.0,0.01,0.02,36.0,691.0,0.57812921875,False,2026-09-21 14:14:28+00:00,SPY260930P00601000
SPY,2026-09-25,771.3499755859375,2026-09-30,P,602.0,0.0,0.01,0.01,3.0,325.0,0.57812921875,False,2026-09-25 17:21:38+00:00,SPY260930P00602000
SPY,2026-09-25,771.3499755859375,2026-09-30,P,603.0,0.0,0.01,0.01,55.0,516.0,0.5625043750000001,False,2026-09-23 17:04:53+00:00,SPY260930P00603000
SPY,2026-09-25,771.3499755859375,2026-09-30,P,604.0,0.0,0.01,0.01,1.0,10439.0,0.5625043750000001,False,2026-09-25 17:21:25+00:00,SPY260930P00604000
SPY,2026-09-25,771.3499755859375,2026-09-30,P,605.0,0.0,0.01,0.03,10.0,9851.0,0.5625043750000001,False,2026-09-21 14:52:43+00:00,SPY260930P00605000
SPY,2026-09-25,771.3499755859375,2026-09-30,P,606.0,0.0,0.01,0.01,18.0,859.0,0.5625043750000001,False,2026-09-24 17:32:05+00:00,SPY260930P00606000
SPY,2026-09-25,771.3499755859375,2026-09-30,P,607.0,0.0,0.01,0.01,2.0,76.0,0.5625043750000001,False,2026-09-24 16:20:56+00:00,SPY260930P00607000
SPY,2026-09-25,771.3499755859375,2026-09-30,P,608.0,0.0,0.01,0.01,1231.0,913.0,0.5468795312500001,False,2026-09-24 18:13:56+00:00,SPY260930P00608000
SPY,2026-09-25,771.3499755859375,2026-09-30,P,609.0,0.0,0.01,0.01,2.0,540.0,0.5468795312500001,False,2026-09-25 17:21:13+00:00,SPY260930P00609000
SPY,2026-09-25,771.3499755859375,2026-09-30,P,610.0,0.0,0.01,0.02,1737.0,2136.0,0.5468795312500001,False,2026-09-24 17:40:07+00:00,SPY260930P00610000
SPY,2026-09-25,771.3499755859375,2026-09-30,P,611.0,0.0,0.01,0.01,2508.0,1858.0,0.5468795312500001,False,2026-09-24 18:18:30+00:00,SPY260930P00611000
SPY,2026-09-25,771.3499755859375,2026-09-30,P,612.0,0.0,0.01,0.01,2.0,1697.0,0.5312546875,False,2026-09-25 17:33:02+00:00,SPY260930P00612000
SPY,2026-09-25,771.3499755859375,2026-09-30,P,613.0,0.0,0.01,0.01,2020.0,1070.0,0.5312546875,False,2026-09-24 18:25:29+00:00,SPY260930P00613000
SPY,2026-09-25,771.3499755859375,2026-09-30,P,614.0,0.0,0.01,0.01,960.0,285.0,0.5312546875,False,2026-09-24 18:28:16+00:00,SPY260930P00614000
SPY,2026-09-25,771.3499755859375,2026-09-30,P,615.0,0.0,0.01,0.01,1.0,824.0,0.5312546875,False,2026-09-23 19:09:07+00:00,SPY260930P00615000
SPY,2026-09-25,771.3499755859375,2026-09-30,P,616.0,0.0,0.01,0.01,2173.0,3365.0,0.5312546875,False,2026-09-24 18:38:57+00:00,SPY260930P00616000
SPY,2026-09-25,771.3499755859375,2026-09-30,P,617.0,0.0,0.01,0.01,961.0,27337.0,0.51562984375,False,2026-09-24 18:39:53+00:00,SPY260930P00617000
SPY,2026-09-25,771.3499755859375,2026-09-30,P,618.0,0.0,0.01,0.01,960.0,24834.0,0.51562984375,False,2026-09-24 18:51:47+00:00,SPY260930P00618000
SPY,2026-09-25,771.3499755859375,2026-09-30,P,619.0,0.0,0.01,0.01,960.0,3451.0,0.51562984375,False,2026-09-24 17:51:27+00:00,SPY260930P00619000
SPY,2026-09-25,771.3499755859375,2026-09-30,P,620.0,0.0,0.01,0.01,12.0,3629.0,0.51562984375,False,2026-09-25 16:21:15+00:00,SPY260930P00620000
SPY,2026-09-25,771.3499755859375,2026-09-30,P,621.0,0.0,0.01,0.01,1920.0,1711.0,0.500005,False,2026-09-24 19:01:03+00:00,SPY260930P00621000
SPY,2026-09-25,771.3499755859375,2026-09-30,P,622.0,0.0,0.01,0.01,1055.0,1370.0,0.500005,False,2026-09-24 19:07:06+00:00,SPY260930P00622000
SPY,2026-09-25,771.3499755859375,2026-09-30,P,623.0,0.0,0.01,0.01,2003.0,1059.0,0.500005,False,2026-09-24 19:51:00+00:00,SPY260930P00623000
SPY,2026-09-25,771.3499755859375,2026-09-30,P,624.0,0.0,0.01,0.01,960.0,687.0,0.500005,False,2026-09-24 18:32:21+00:00,SPY260930P00624000
SPY,2026-09-25,771.3499755859375,2026-09-30,P,625.0,0.0,0.01,0.02,2.0,3080.0,0.51562984375,False,2026-09-23 19:51:16+00:00,SPY260930P00625000
SPY,2026-09-25,771.3499755859375,2026-09-30,P,626.0,0.0,0.01,0.01,40.0,959.0,0.51562984375,False,2026-09-24 19:52:06+00:00,SPY260930P00626000
SPY,2026-09-25,771.3499755859375,2026-09-30,P,627.0,0.0,0.01,0.01,440.0,1240.0,0.51562984375,False,2026-09-25 14:43:40+00:00,SPY260930P00627000
SPY,2026-09-25,771.3499755859375,2026-09-30,P,628.0,0.0,0.01,0.01,5.0,144.0,0.507817421875,False,2026-09-23 15:18:36+00:00,SPY260930P00628000
SPY,2026-09-25,771.3499755859375,2026-09-30,P,629.0,0.0,0.01,0.01,2.0,323.0,0.507817421875,False,2026-09-25 17:32:31+00:00,SPY260930P00629000
SPY,2026-09-25,771.3499755859375,2026-09-30,P,630.0,0.0,0.01,0.01,966.0,4022.0,0.500005,False,2026-09-24 19:49:28+00:00,SPY260930P00630000
SPY,2026-09-25,771.3499755859375,2026-09-30,P,631.0,0.0,0.01,0.11,1.0,147.0,0.500005,False,2026-09-17 14:01:10+00:00,SPY260930P00631000
SPY,2026-09-25,771.3499755859375,2026-09-30,P,632.0,0.0,0.01,0.01,12.0,657.0,0.49219257812500006,False,2026-09-25 14:48:25+00:00,SPY260930P00632000
SPY,2026-09-25,771.3499755859375,2026-09-30,P,633.0,0.0,0.01,0.01,62.0,477.0,0.49219257812500006,False,2026-09-25 19:31:09+00:00,SPY260930P00633000
SPY,2026-09-25,771.3499755859375,2026-09-30,P,634.0,0.0,0.01,0.01,1072.0,637.0,0.48438015625,False,2026-09-25 17:32:04+00:00,SPY260930P00634000
SPY,2026-09-25,771.3499755859375,2026-09-30,P,635.0,0.0,0.01,0.01,1138.0,150946.0,0.48438015625,False,2026-09-25 15:08:55+00:00,SPY260930P00635000
SPY,2026-09-25,771.3499755859375,2026-09-30,P,636.0,0.0,0.01,0.01,2118.0,818.0,0.476567734375,False,2026-09-25 17:21:30+00:00,SPY260930P00636000
SPY,2026-09-25,771.3499755859375,2026-09-30,P,637.0,0.0,0.01,0.01,3313.0,840.0,0.476567734375,False,2026-09-25 17:35:25+00:00,SPY260930P00637000
SPY,2026-09-25,771.3499755859375,2026-09-30,P,638.0,0.0,0.01,0.01,1920.0,25239.0,0.4687553125,False,2026-09-25 18:00:01+00:00,SPY260930P00638000
SPY,2026-09-25,771.3499755859375,2026-09-30,P,639.0,0.0,0.01,0.01,1934.0,24465.0,0.4687553125,False,2026-09-25 18:28:44+00:00,SPY260930P00639000
SPY,2026-09-25,771.3499755859375,2026-09-30,P,640.0,0.0,0.01,0.01,2.0,4255.0,0.46484910156250003,False,2026-09-25 17:31:53+00:00,SPY260930P00640000
SPY,2026-09-25,771.3499755859375,2026-09-30,P,641.0,0.0,0.01,0.01,15.0,847.0,0.46094289062500005,False,2026-09-25 18:28:20+00:00,SPY260930P00641000
SPY,2026-09-25,771.3499755859375,2026-09-30,P,642.0,0.0,0.01,0.01,976.0,544.0,0.46094289062500005,False,2026-09-25 19:26:33+00:00,SPY260930P00642000
SPY,2026-09-25,771.3499755859375,2026-09-30,P,643.0,0.0,0.01,0.01,2190.0,715.0,0.45313046875,False,2026-09-25 19:40:37+00:00,SPY260930P00643000
SPY,2026-09-25,771.3499755859375,2026-09-30,P,644.0,0.0,0.01,0.01,1685.0,433.0,0.45313046875,False,2026-09-25 19:39:57+00:00,SPY260930P00644000
SPY,2026-09-25,771.3499755859375,2026-09-30,P,645.0,0.0,0.01,0.01,677.0,609.0,0.445318046875,False,2026-09-25 20:06:44+00:00,SPY260930P00645000
SPY,2026-09-25,771.3499755859375,2026-09-30,P,646.0,0.0,0.01,0.02,25610.0,25625.0,0.445318046875,False,2026-09-24 16:38:08+00:00,SPY260930P00646000
SPY,2026-09-25,771.3499755859375,2026-09-30,P,647.0,0.0,0.01,0.02,6412.0,11060.0,0.437505625,False,2026-09-24 17:22:02+00:00,SPY260930P00647000
SPY,2026-09-25,771.3499755859375,2026-09-30,P,648.0,0.0,0.01,0.01,10.0,56034.0,0.437505625,False,2026-09-24 18:31:02+00:00,SPY260930P00648000
SPY,2026-09-25,771.3499755859375,2026-09-30,P,649.0,0.0,0.01,0.02,52516.0,60521.0,0.42969320312500003,False,2026-09-24 18:38:59+00:00,SPY260930P00649000
SPY,2026-09-25,771.3499755859375,2026-09-30,P,650.0,0.01,0.02,0.02,481.0,7691.0,0.45703667968750006,False,2026-09-25 17:10:46+00:00,SPY260930P00650000
SPY,2026-09-25,771.3499755859375,2026-09-30,P,651.0,0.0,0.01,0.01,960.0,1406.0,0.42578699218750005,False,2026-09-25 18:23:10+00:00,SPY260930P00651000
SPY,2026-09-25,771.3499755859375,2026-09-30,P,652.0,0.0,0.01,0.01,15.0,459.0,0.42188078125,False,2026-09-25 19:55:57+00:00,SPY260930P00652000
SPY,2026-09-25,771.3499755859375,2026-09-30,P,653.0,0.0,0.01,0.01,88.0,16754.0,0.41797457031249996,False,2026-09-25 19:45:17+00:00,SPY260930P00653000
SPY,2026-09-25,771.3499755859375,2026-09-30,P,654.0,0.01,0.02,0.01,663.0,2156.0,0.4414118359375,False,2026-09-25 20:14:22+00:00,SPY260930P00654000
SPY,2026-09-25,771.3499755859375,2026-09-30,P,655.0,0.0,0.01,0.01,139.0,912.0,0.414068359375,False,2026-09-25 20:14:18+00:00,SPY260930P00655000
SPY,2026-09-25,771.3499755859375,2026-09-30,P,656.0,0.01,0.02,0.03,20.0,198.0,0.4335994140625,False,2026-09-22 19:24:45+00:00,SPY260930P00656000
SPY,2026-09-25,771.3499755859375,2026-09-30,P,657.0,0.01,0.02,0.02,2.0,892.0,0.42969320312500003,False,2026-09-25 17:31:40+00:00,SPY260930P00657000
SPY,2026-09-25,771.3499755859375,2026-09-30,P,658.0,0.01,0.02,0.02,52.0,2361.0,0.42578699218750005,False,2026-09-24 19:07:07+00:00,SPY260930P00658000
SPY,2026-09-25,771.3499755859375,2026-09-30,P,659.0,0.01,0.02,0.05,1185.0,1695.0,0.42188078125,False,2026-09-21 15:21:36+00:00,SPY260930P00659000
SPY,2026-09-25,771.3499755859375,2026-09-30,P,660.0,0.01,0.02,0.01,4.0,7839.0,0.41797457031249996,False,2026-09-25 17:31:29+00:00,SPY260930P00660000
SPY,2026-09-25,771.3499755859375,2026-09-30,P,661.0,0.01,0.02,0.02,1.0,415.0,0.414068359375,False,2026-09-22 19:57:42+00:00,SPY260930P00661000
SPY,2026-09-25,771.3499755859375,2026-09-30,P,662.0,0.01,0.02,0.02,1.0,225.0,0.4101621484375,False,2026-09-23 19:43:40+00:00,SPY260930P00662000
SPY,2026-09-25,771.3499755859375,2026-09-30,P,663.0,0.01,0.02,0.03,1693.0,1686.0,0.4062559375,False,2026-09-23 19:48:32+00:00,SPY260930P00663000
SPY,2026-09-25,771.3499755859375,2026-09-30,P,664.0,0.01,0.02,0.02,76.0,1955.0,0.4023497265625,False,2026-09-25 19:16:49+00:00,SPY260930P00664000
SPY,2026-09-25,771.3499755859375,2026-09-30,P,665.0,0.01,0.02,0.03,328.0,2065.0,0.398443515625,False,2026-09-24 15:47:45+00:00,SPY260930P00665000
SPY,2026-09-25,771.3499755859375,2026-09-30,P,666.0,0.01,0.02,0.03,757.0,954.0,0.39453730468750003,False,2026-09-24 16:46:17+00:00,SPY260930P00666000
SPY,2026-09-25,771.3499755859375,2026-09-30,P,667.0,0.01,0.02,0.02,51.0,2234.0,0.39063109375,False,2026-09-25 19:03:16+00:00,SPY260930P00667000
SPY,2026-09-25,771.3499755859375,2026-09-30,P,668.0,0.01,0.02,0.02,2652.0,3044.0,0.38672488281249995,False,2026-09-25 16:03:20+00:00,SPY260930P00668000
SPY,2026-09-25,771.3499755859375,2026-09-30,P,669.0,0.01,0.02,0.02,87.0,570.0,0.38281867187499996,False,2026-09-25 16:03:12+00:00,SPY260930P00669000
SPY,2026-09-25,771.3499755859375,2026-09-30,P,670.0,0.01,0.02,0.02,221.0,3324.0,0.38086556640624997,False,2026-09-25 16:02:55+00:00,SPY260930P00670000
SPY,2026-09-25,771.3499755859375,2026-09-30,P,671.0,0.01,0.02,0.02,1615.0,894.0,0.37695935546875,False,2026-09-25 16:03:03+00:00,SPY260930P00671000
SPY,2026-09-25,771.3499755859375,2026-09-30,P,672.0,0.01,0.02,0.01,686.0,804.0,0.37500625,False,2026-09-25 17:59:41+00:00,SPY260930P00672000
SPY,2026-09-25,771.3499755859375,2026-09-30,P,673.0,0.01,0.02,0.01,229.0,1763.0,0.3711000390625,False,2026-09-25 19:58:18+00:00,SPY260930P00673000
SPY,2026-09-25,771.3499755859375,2026-09-30,P,674.0,0.01,0.02,0.02,63.0,1123.0,0.367193828125,False,2026-09-25 17:55:15+00:00,SPY260930P00674000
SPY,2026-09-25,771.3499755859375,2026-09-30,P,675.0,0.01,0.02,0.01,4.0,27505.0,0.3632876171875,False,2026-09-25 18:45:43+00:00,SPY260930P00675000
SPY,2026-09-25,771.3499755859375,2026-09-30,P,676.0,0.01,0.02,0.02,63.0,20137.0,0.35938140625,False,2026-09-25 17:44:34+00:00,SPY260930P00676000
SPY,2026-09-25,771.3499755859375,2026-09-30,P,677.0,0.01,0.02,0.03,44.0,6749.0,0.35547519531249994,False,2026-09-25 16:27:54+00:00,SPY260930P00677000
SPY,2026-09-25,771.3499755859375,2026-09-30,P,678.0,0.01,0.02,0.03,8.0,3234.0,0.35156898437499995,False,2026-09-24 19:10:31+00:00,SPY260930P00678000
SPY,2026-09-25,771.3499755859375,2026-09-30,P,679.0,0.01,0.02,0.02,51.0,944.0,0.34766277343749996,False,2026-09-25 16:06:14+00:00,SPY260930P00679000
SPY,2026-09-25,771.3499755859375,2026-09-30,P,680.0,0.01,0.02,0.02,10.0,8871.0,0.3437565625,False,2026-09-25 15:33:50+00:00,SPY260930P00680000
SPY,2026-09-25,771.3499755859375,2026-09-30,P,681.0,0.01,0.02,0.03,1.0,695.0,0.3398503515625,False,2026-09-24 15:19:33+00:00,SPY260930P00681000
SPY,2026-09-25,771.3499755859375,2026-09-30,P,682.0,0.01,0.02,0.03,296.0,753.0,0.335944140625,False,2026-09-25 14:47:12+00:00,SPY260930P00682000
SPY,2026-09-25,771.3499755859375,2026-09-30,P,683.0,0.01,0.02,0.03,1924.0,2277.0,0.3320379296875,False,2026-09-25 14:48:23+00:00,SPY260930P00683000
SPY,2026-09-25,771.3499755859375,2026-09-30,P,684.0,0.01,0.02,0.01,5807.0,20237.0,0.32813171874999997,False,2026-09-25 20:02:42+00:00,SPY260930P00684000
SPY,2026-09-25,771.3499755859375,2026-09-30,P,685.0,0.01,0.02,0.02,815.0,15410.0,0.3242255078124999,False,2026-09-25 19:49:38+00:00,SPY260930P00685000
SPY,2026-09-25,771.3499755859375,2026-09-30,P,686.0,0.01,0.02,0.02,4006.0,1873.0,0.32227240234374993,False,2026-09-25 19:49:33+00:00,SPY260930P00686000
SPY,2026-09-25,771.3499755859375,2026-09-30,P,687.0,0.01,0.02,0.02,6.0,1748.0,0.31836619140624994,False,2026-09-25 19:48:29+00:00,SPY260930P00687000
SPY,2026-09-25,771.3499755859375,2026-09-30,P,688.0,0.01,0.02,0.03,769.0,983.0,0.31445998046874996,False,2026-09-25 15:12:54+00:00,SPY260930P00688000
SPY,2026-09-25,771.3499755859375,2026-09-30,P,689.0,0.01,0.02,0.02,90.0,767.0,0.31250687499999996,False,2026-09-25 20:07:39+00:00,SPY260930P00689000
SPY,2026-09-25,771.3499755859375,2026-09-30,P,690.0,0.02,0.03,0.02,682.0,7375.0,0.32031929687499994,False,2026-09-25 20:10:16+00:00,SPY260930P00690000
SPY,2026-09-25,771.3499755859375,2026-09-30,P,691.0,0.02,0.03,0.04,99.0,2067.0,0.31641308593749995,False,2026-09-24 19:51:50+00:00,SPY260930P00691000
SPY,2026-09-25,771.3499755859375,2026-09-30,P,692.0,0.02,0.03,0.04,1288.0,1405.0,0.31250687499999996,False,2026-09-24 19:54:26+00:00,SPY260930P00692000
SPY,2026-09-25,771.3499755859375,2026-09-30,P,693.0,0.02,0.03,0.05,934.0,1021.0,0.3086006640625,False,2026-09-24 17:32:56+00:00,SPY260930P00693000
SPY,2026-09-25,771.3499755859375,2026-09-30,P,694.0,0.02,0.03,0.04,2.0,996.0,0.304694453125,False,2026-09-25 14:16:15+00:00,SPY260930P00694000
SPY,2026-09-25,771.3499755859375,2026-09-30,P,695.0,0.02,0.03,0.02,52.0,5596.0,0.3007882421875,False,2026-09-25 19:37:03+00:00,SPY260930P00695000
SPY,2026-09-25,771.3499755859375,2026-09-30,P,696.0,0.02,0.03,0.07,41.0,268.0,0.29688203124999996,False,2026-09-24 14:08:28+00:00,SPY260930P00696000
SPY,2026-09-25,771.3499755859375,2026-09-30,P,697.0,0.02,0.03,0.04,596.0,3687.0,0.2929758203124999,False,2026-09-25 15:44:36+00:00,SPY260930P00697000
SPY,2026-09-25,771.3499755859375,2026-09-30,P,698.0,0.02,0.03,0.04,8885.0,336.0,0.2890696093749999,False,2026-09-25 15:27:32+00:00,SPY260930P00698000
SPY,2026-09-25,771.3499755859375,2026-09-30,P,699.0,0.02,0.03,0.03,13239.0,4756.0,0.28516339843749994,False,2026-09-25 19:11:36+00:00,SPY260930P00699000
SPY,2026-09-25,771.3499755859375,2026-09-30,P,700.0,0.02,0.03,0.02,9252.0,25958.0,0.28321029296874994,False,2026-09-25 19:49:49+00:00,SPY260930P00700000
SPY,2026-09-25,771.3499755859375,2026-09-30,P,701.0,0.02,0.03,0.03,5022.0,7899.0,0.27930408203124996,False,2026-09-25 19:36:52+00:00,SPY260930P00701000
SPY,2026-09-25,771.3499755859375,2026-09-30,P,702.0,0.02,0.03,0.04,7025.0,1707.0,0.27539787109374997,False,2026-09-25 17:36:43+00:00,SPY260930P00702000
SPY,2026-09-25,771.3499755859375,2026-09-30,P,703.0,0.02,0.03,0.04,122.0,1907.0,0.27149166015625,False,2026-09-25 17:47:58+00:00,SPY260930P00703000
SPY,2026-09-25,771.3499755859375,2026-09-30,P,704.0,0.02,0.03,0.03,154.0,1015.0,0.26758544921875,False,2026-09-25 19:56:41+00:00,SPY260930P00704000
SPY,2026-09-25,771.3499755859375,2026-09-30,P,705.0,0.02,0.03,0.02,95.0,4547.0,0.26367923828125,False,2026-09-25 20:14:47+00:00,SPY260930P00705000
SPY,2026-09-25,771.3499755859375,2026-09-30,P,706.0,0.02,0.03,0.03,128.0,1294.0,0.25977302734375,False,2026-09-25 20:14:47+00:00,SPY260930P00706000
SPY,2026-09-25,771.3499755859375,2026-09-30,P,707.0,0.02,0.03,0.03,1158.0,21186.0,0.25586681640625003,False,2026-09-25 20:07:44+00:00,SPY260930P00707000
SPY,2026-09-25,771.3499755859375,2026-09-30,P,708.0,0.03,0.04,0.03,1062.0,1389.0,0.25977302734375,False,2026-09-25 20:07:35+00:00,SPY260930P00708000
SPY,2026-09-25,771.3499755859375,2026-09-30,P,709.0,0.03,0.04,0.05,214.0,1433.0,0.25586681640625003,False,2026-09-25 17:27:18+00:00,SPY260930P00709000
SPY,2026-09-25,771.3499755859375,2026-09-30,P,710.0,0.03,0.04,0.03,52.0,12566.0,0.25196060546875,False,2026-09-25 20:09:05+00:00,SPY260930P00710000
SPY,2026-09-25,771.3499755859375,2026-09-30,P,711.0,0.03,0.04,0.04,115.0,1016.0,0.249030947265625,False,2026-09-25 19:09:33+00:00,SPY260930P00711000
SPY,2026-09-25,771.3499755859375,2026-09-30,P,712.0,0.03,0.04,0.04,347.0,1391.0,0.245124736328125,False,2026-09-25 19:32:27+00:00,SPY260930P00712000
SPY,2026-09-25,771.3499755859375,2026-09-30,P,713.0,0.03,0.04,0.15,2.0,935.0,0.241218525390625,False,2026-09-23 17:14:38+00:00,SPY260930P00713000
SPY,2026-09-25,771.3499755859375,2026-09-30,P,714.0,0.03,0.04,0.04,359.0,1667.0,0.23731231445312498,False,2026-09-25 19:37:08+00:00,SPY260930P00714000
SPY,2026-09-25,771.3499755859375,2026-09-30,P,715.0,0.03,0.04,0.05,616.0,6578.0,0.233406103515625,False,2026-09-25 18:36:06+00:00,SPY260930P00715000
SPY,2026-09-25,771.3499755859375,2026-09-30,P,716.0,0.03,0.04,0.04,473.0,1288.0,0.229499892578125,False,2026-09-25 19:51:10+00:00,SPY260930P00716000
SPY,2026-09-25,771.3499755859375,2026-09-30,P,717.0,0.04,0.05,0.04,204.0,3413.0,0.231452998046875,False,2026-09-25 20:02:26+00:00,SPY260930P00717000
SPY,2026-09-25,771.3499755859375,2026-09-30,P,718.0,0.04,0.05,0.07,905.0,1419.0,0.22754678710937498,False,2026-09-25 14:59:53+00:00,SPY260930P00718000
SPY,2026-09-25,771.3499755859375,2026-09-30,P,719.0,0.04,0.05,0.07,348.0,1260.0,0.22364057617187497,False,2026-09-25 17:10:00+00:00,SPY260930P00719000
SPY,2026-09-25,771.3499755859375,2026-09-30,P,720.0,0.04,0.05,0.05,10559.0,15170.0,0.21973436523437498,False,2026-09-25 20:09:05+00:00,SPY260930P00720000
SPY,2026-09-25,771.3499755859375,2026-09-30,P,721.0,0.04,0.05,0.04,6040.0,2316.0,0.215828154296875,False,2026-09-25 20:05:00+00:00,SPY260930P00721000
SPY,2026-09-25,771.3499755859375,2026-09-30,P,722.0,0.04,0.05,0.06,1240.0,2834.0,0.21192194335937498,False,2026-09-25 18:37:12+00:00,SPY260930P00722000
SPY,2026-09-25,771.3499755859375,2026-09-30,P,723.0,0.04,0.05,0.05,14.0,853.0,0.20801573242187496,False,2026-09-25 20:13:27+00:00,SPY260930P00723000
SPY,2026-09-25,771.3499755859375,2026-09-30,P,724.0,0.05,0.06,0.1,67.0,1351.0,0.20899228515624996,False,2026-09-25 14:23:07+00:00,SPY260930P00724000
SPY,2026-09-25,771.3499755859375,2026-09-30,P,725.0,0.05,0.06,0.05,216.0,15988.0,0.20508607421874997,False,2026-09-25 20:08:18+00:00,SPY260930P00725000
SPY,2026-09-25,771.3499755859375,2026-09-30,P,726.0,0.05,0.06,0.06,109.0,1217.0,0.20069158691406247,False,2026-09-25 20:01:25+00:00,SPY260930P00726000
SPY,2026-09-25,771.3499755859375,2026-09-30,P,727.0,0.05,0.06,0.1,44.0,1363.0,0.196297099609375,False,2026-09-25 13:30:01+00:00,SPY260930P00727000
SPY,2026-09-25,771.3499755859375,2026-09-30,P,728.0,0.05,0.06,0.13,17.0,1366.0,0.192390888671875,False,2026-09-25 13:49:22+00:00,SPY260930P00728000
SPY,2026-09-25,771.3499755859375,2026-09-30,P,729.0,0.06,0.07,0.06,375.0,1862.0,0.192390888671875,False,2026-09-25 19:53:11+00:00,SPY260930P00729000
SPY,2026-09-25,771.3499755859375,2026-09-30,P,730.0,0.06,0.07,0.07,1076.0,27542.0,0.188484677734375,False,2026-09-25 20:08:44+00:00,SPY260930P00730000
SPY,2026-09-25,771.3499755859375,2026-09-30,P,731.0,0.06,0.07,0.06,342.0,2430.0,0.18457846679687498,False,2026-09-25 20:14:23+00:00,SPY260930P00731000
SPY,2026-09-25,771.3499755859375,2026-09-30,P,732.0,0.06,0.07,0.07,514.0,2160.0,0.1801839794921875,False,2026-09-25 20:07:32+00:00,SPY260930P00732000
SPY,2026-09-25,771.3499755859375,2026-09-30,P,733.0,0.07,0.08,0.06,784.0,964.0,0.17920742675781248,False,2026-09-25 20:02:54+00:00,SPY260930P00733000
SPY,2026-09-25,771.3499755859375,2026-09-30,P,734.0,0.07,0.08,0.09,716.0,1709.0,0.174812939453125,False,2026-09-25 18:21:54+00:00,SPY260930P00734000
SPY,2026-09-25,771.3499755859375,2026-09-30,P,735.0,0.07,0.08,0.08,341.0,13444.0,0.17090672851562502,False,2026-09-25 20:08:18+00:00,SPY260930P00735000
SPY,2026-09-25,771.3499755859375,2026-09-30,P,736.0,0.08,0.09,0.08,67.0,7780.0,0.1694418994140625,False,2026-09-25 19:45:12+00:00,SPY260930P00736000
SPY,2026-09-25,771.3499755859375,2026-09-30,P,737.0,0.08,0.09,0.09,844.0,9907.0,0.165047412109375,False,2026-09-25 19:28:20+00:00,SPY260930P00737000
SPY,2026-09-25,771.3499755859375,2026-09-30,P,738.0,0.09,0.1,0.1,135.0,1337.0,0.16358258300781253,False,2026-09-25 19:37:24+00:00,SPY260930P00738000
SPY,2026-09-25,771.3499755859375,2026-09-30,P,739.0,0.09,0.1,0.09,154.0,1788.0,0.159188095703125,False,2026-09-25 20:02:54+00:00,SPY260930P00739000
SPY,2026-09-25,771.3499755859375,2026-09-30,P,740.0,0.1,0.11,0.11,519.0,25810.0,0.157234990234375,False,2026-09-25 20:14:48+00:00,SPY260930P00740000
SPY,2026-09-25,771.3499755859375,2026-09-30,P,741.0,0.1,0.11,0.11,491.0,2774.0,0.15284050292968754,False,2026-09-25 20:14:27+00:00,SPY260930P00741000
SPY,2026-09-25,771.3499755859375,2026-09-30,P,742.0,0.11,0.12,0.11,140.0,1190.0,0.15039912109375003,False,2026-09-25 20:04:01+00:00,SPY260930P00742000
SPY,2026-09-25,771.3499755859375,2026-09-30,P,743.0,0.12,0.13,0.13,56.0,1820.0,0.14795773925781253,False,2026-09-25 20:14:04+00:00,SPY260930P00743000
SPY,2026-09-25,771.3499755859375,2026-09-30,P,744.0,0.13,0.14,0.13,186.0,2866.0,0.1450280810546875,False,2026-09-25 20:14:04+00:00,SPY260930P00744000
SPY,2026-09-25,771.3499755859375,2026-09-30,P,745.0,0.14,0.15,0.15,4001.0,14982.0,0.1420984228515625,False,2026-09-25 20:14:27+00:00,SPY260930P00745000
SPY,2026-09-25,771.3499755859375,2026-09-30,P,746.0,0.16,0.17,0.16,939.0,3097.0,0.14063359375,False,2026-09-25 19:58:54+00:00,SPY260930P00746000
SPY,2026-09-25,771.3499755859375,2026-09-30,P,747.0,0.17,0.18,0.17,890.0,3191.0,0.13721565917968753,False,2026-09-25 20:07:22+00:00,SPY260930P00747000
SPY,2026-09-25,771.3499755859375,2026-09-30,P,748.0,0.19,0.2,0.18,250.0,2046.0,0.13501841552734378,False,2026-09-25 19:58:45+00:00,SPY260930P00748000
SPY,2026-09-25,771.3499755859375,2026-09-30,P,749.0,0.21,0.22,0.22,505.0,2656.0,0.13257703369140628,False,2026-09-25 20:12:32+00:00,SPY260930P00749000
SPY,2026-09-25,771.3499755859375,2026-09-30,P,750.0,0.23,0.24,0.23,7880.0,24898.0,0.129891513671875,False,2026-09-25 20:14:48+00:00,SPY260930P00750000
SPY,2026-09-25,771.3499755859375,2026-09-30,P,751.0,0.25,0.26,0.26,902.0,1622.0,0.12696185546875,False,2026-09-25 20:07:31+00:00,SPY260930P00751000
SPY,2026-09-25,771.3499755859375,2026-09-30,P,752.0,0.28,0.29,0.29,431.0,5250.0,0.12464254272460937,False,2026-09-25 20:10:35+00:00,SPY260930P00752000
SPY,2026-09-25,771.3499755859375,2026-09-30,P,753.0,0.32,0.33,0.33,523.0,2651.0,0.12293357543945313,False,2026-09-25 20:14:23+00:00,SPY260930P00753000
SPY,2026-09-25,771.3499755859375,2026-09-30,P,754.0,0.36,0.37,0.35,1362.0,6513.0,0.12073633178710938,False,2026-09-25 20:04:24+00:00,SPY260930P00754000
SPY,2026-09-25,771.3499755859375,2026-09-30,P,755.0,0.4,0.41,0.4,8026.0,23854.0,0.118172880859375,False,2026-09-25 20:14:39+00:00,SPY260930P00755000
SPY,2026-09-25,771.3499755859375,2026-09-30,P,756.0,0.46,0.47,0.47,1910.0,2865.0,0.11646391357421876,False,2026-09-25 20:14:48+00:00,SPY260930P00756000
SPY,2026-09-25,771.3499755859375,2026-09-30,P,757.0,0.52,0.53,0.52,1019.0,7568.0,0.11426666992187501,False,2026-09-25 20:14:24+00:00,SPY260930P00757000
SPY,2026-09-25,771.3499755859375,2026-09-30,P,758.0,0.59,0.6,0.6,1308.0,4766.0,0.11219149536132811,False,2026-09-25 20:10:10+00:00,SPY260930P00758000
SPY,2026-09-25,771.3499755859375,2026-09-30,P,759.0,0.68,0.69,0.68,2720.0,1534.0,0.11060459716796875,False,2026-09-25 20:14:20+00:00,SPY260930P00759000
SPY,2026-09-25,771.3499755859375,2026-09-30,P,760.0,0.77,0.78,0.77,8786.0,14281.0,0.108407353515625,False,2026-09-25 20:14:50+00:00,SPY260930P00760000
SPY,2026-09-25,771.3499755859375,2026-09-30,P,761.0,0.88,0.9,0.88,10888.0,56759.0,0.1069425244140625,False,2026-09-25 20:14:56+00:00,SPY260930P00761000
SPY,2026-09-25,771.3499755859375,2026-09-30,P,762.0,1.01,1.02,1.01,1575.0,1603.0,0.10480631530761718,False,2026-09-25 20:14:57+00:00,SPY260930P00762000
SPY,2026-09-25,771.3499755859375,2026-09-30,P,763.0,1.16,1.18,1.17,2041.0,2993.0,0.10346355529785155,False,2026-09-25 20:14:20+00:00,SPY260930P00763000
SPY,2026-09-25,771.3499755859375,2026-09-30,P,764.0,1.33,1.35,1.34,4300.0,2535.0,0.10175458801269531,False,2026-09-25 20:12:29+00:00,SPY260930P00764000
SPY,2026-09-25,771.3499755859375,2026-09-30,P,765.0,1.53,1.55,1.54,4811.0,11848.0,0.10022872436523436,False,2026-09-25 20:14:29+00:00,SPY260930P00765000
SPY,2026-09-25,771.3499755859375,2026-09-30,P,766.0,1.76,1.78,1.76,2634.0,2970.0,0.09876389526367188,False,2026-09-25 20:14:54+00:00,SPY260930P00766000
SPY,2026-09-25,771.3499755859375,2026-09-30,P,767.0,2.02,2.04,2.01,4453.0,3190.0,0.09729906616210937,False,2026-09-25 20:14:45+00:00,SPY260930P00767000
SPY,2026-09-25,771.3499755859375,2026-09-30,P,768.0,2.32,2.34,2.29,5229.0,1576.0,0.09607837524414065,False,2026-09-25 20:14:35+00:00,SPY260930P00768000
SPY,2026-09-25,771.3499755859375,2026-09-30,P,769.0,2.65,2.66,2.63,5680.0,1740.0,0.09436940795898438,False,2026-09-25 20:14:42+00:00,SPY260930P00769000
SPY,2026-09-25,771.3499755859375,2026-09-30,P,770.0,3.03,3.05,3.02,7913.0,7483.0,0.09351492431640626,False,2026-09-25 20:14:45+00:00,SPY260930P00770000
SPY,2026-09-25,771.3499755859375,2026-09-30,P,771.0,3.46,3.47,3.45,6296.0,1518.0,0.09235526794433593,False,2026-09-25 20:14:21+00:00,SPY260930P00771000
SPY,2026-09-25,771.3499755859375,2026-09-30,P,772.0,3.94,3.95,3.9,2781.0,1825.0,0.09162285339355468,True,2026-09-25 20:14:42+00:00,SPY260930P00772000
SPY,2026-09-25,771.3499755859375,2026-09-30,P,773.0,4.46,4.48,4.44,933.0,1555.0,0.09101250793457032,True,2026-09-25 20:12:09+00:00,SPY260930P00773000
SPY,2026-09-25,771.3499755859375,2026-09-30,P,774.0,5.03,5.05,5.02,768.0,1321.0,0.0903411279296875,True,2026-09-25 20:14:50+00:00,SPY260930P00774000
SPY,2026-09-25,771.3499755859375,2026-09-30,P,775.0,5.65,5.68,5.62,668.0,7420.0,0.09009698974609376,True,2026-09-25 20:11:24+00:00,SPY260930P00775000
SPY,2026-09-25,771.3499755859375,2026-09-30,P,776.0,6.31,6.35,6.27,393.0,1325.0,0.08979181701660156,True,2026-09-25 20:13:56+00:00,SPY260930P00776000
SPY,2026-09-25,771.3499755859375,2026-09-30,P,777.0,7.02,7.06,6.88,474.0,639.0,0.08942560974121094,True,2026-09-25 20:05:12+00:00,SPY260930P00777000
SPY,2026-09-25,771.3499755859375,2026-09-30,P,778.0,7.77,7.8,7.57,234.0,591.0,0.088876298828125,True,2026-09-25 20:03:12+00:00,SPY260930P00778000
SPY,2026-09-25,771.3499755859375,2026-09-30,P,779.0,8.56,8.62,8.39,241.0,261.0,0.0898528515625,True,2026-09-25 20:00:22+00:00,SPY260930P00779000
SPY,2026-09-25,771.3499755859375,2026-09-30,P,780.0,9.38,9.45,8.77,391.0,542.0,0.09021905883789064,True,2026-09-25 19:46:48+00:00,SPY260930P00780000
SPY,2026-09-25,771.3499755859375,2026-09-30,P,781.0,10.23,10.3,9.81,400.0,382.0,0.09040216247558594,True,2026-09-25 19:22:09+00:00,SPY260930P00781000
SPY,2026-09-25,771.3499755859375,2026-09-30,P,782.0,11.11,11.19,10.9,294.0,88.0,0.0913176806640625,True,2026-09-25 20:03:13+00:00,SPY260930P00782000
SPY,2026-09-25,771.3499755859375,2026-09-30,P,783.0,12.02,12.1,11.76,237.0,27.0,0.09241630249023436,True,2026-09-25 19:56:08+00:00,SPY260930P00783000
SPY,2026-09-25,771.3499755859375,2026-09-30,P,784.0,12.94,13.03,12.96,438.0,1.0,0.09388113159179687,True,2026-09-25 19:38:49+00:00,SPY260930P00784000
SPY,2026-09-25,771.3499755859375,2026-09-30,P,785.0,13.88,13.97,14.33,613.0,23.0,0.09522389160156251,True,2026-09-25 19:37:35+00:00,SPY260930P00785000
SPY,2026-09-25,771.3499755859375,2026-09-30,P,786.0,14.83,14.9,14.13,480.0,2.0,0.09497975341796877,True,2026-09-25 19:36:34+00:00,SPY260930P00786000
SPY,2026-09-25,771.3499755859375,2026-09-30,P,787.0,15.79,15.85,15.15,254.0,0.0,0.09546802978515626,True,2026-09-25 19:34:11+00:00,SPY260930P00787000
SPY,2026-09-25,771.3499755859375,2026-09-30,P,788.0,16.77,16.85,16.11,337.0,15.0,0.10035079345703124,True,2026-09-25 19:53:10+00:00,SPY260930P00788000
SPY,2026-09-25,771.3499755859375,2026-09-30,P,789.0,17.75,17.85,17.67,224.0,0.0,0.1049894189453125,True,2026-09-25 19:53:08+00:00,SPY260930P00789000
SPY,2026-09-25,771.3499755859375,2026-09-30,P,790.0,18.73,18.8,18.2,174.0,4.0,0.10401286621093749,True,2026-09-25 19:53:33+00:00,SPY260930P00790000
SPY,2026-09-25,771.3499755859375,2026-09-30,P,791.0,19.73,19.8,19.19,148.0,0.0,0.108407353515625,True,2026-09-25 19:53:33+00:00,SPY260930P00791000
SPY,2026-09-25,771.3499755859375,2026-09-30,P,792.0,20.73,20.8,19.81,225.0,0.0,0.1128018408203125,True,2026-09-25 19:51:00+00:00,SPY260930P00792000
SPY,2026-09-25,771.3499755859375,2026-09-30,P,793.0,21.73,21.8,22.49,218.0,4.0,0.117196328125,True,2026-09-25 18:29:06+00:00,SPY260930P00793000
SPY,2026-09-25,771.3499755859375,2026-09-30,P,794.0,22.73,22.8,22.77,237.0,7.0,0.1215908154296875,True,2026-09-25 19:51:00+00:00,SPY260930P00794000
SPY,2026-09-25,771.3499755859375,2026-09-30,P,795.0,23.73,23.8,23.33,80.0,0.0,0.125985302734375,True,2026-09-25 19:45:11+00:00,SPY260930P00795000
SPY,2026-09-25,771.3499755859375,2026-09-30,P,796.0,24.73,24.81,24.73,146.0,0.0,0.131844619140625,True,2026-09-25 19:59:49+00:00,SPY260930P00796000
SPY,2026-09-25,771.3499755859375,2026-09-30,P,797.0,25.73,25.81,25.73,127.0,0.0,0.13599496826171875,True,2026-09-25 19:59:49+00:00,SPY260930P00797000
SPY,2026-09-25,771.3499755859375,2026-09-30,P,798.0,26.73,26.81,27.07,95.0,0.0,0.14038945556640625,True,2026-09-25 16:41:11+00:00,SPY260930P00798000
SPY,2026-09-25,771.3499755859375,2026-09-30,P,799.0,27.73,27.8,28.14,107.0,0.0,0.1430749755859375,True,2026-09-25 16:34:23+00:00,SPY260930P00799000
SPY,2026-09-25,771.3499755859375,2026-09-30,P,800.0,28.73,28.84,27.87,155.0,18.0,0.15332877929687502,True,2026-09-25 19:50:17+00:00,SPY260930P00800000
SPY,2026-09-25,771.3499755859375,2026-09-30,P,802.0,30.73,30.84,31.35,188.0,0.0,0.16187361572265624,True,2026-09-25 16:34:45+00:00,SPY260930P00802000
SPY,2026-09-25,771.3499755859375,2026-09-30,P,804.0,31.33,33.64,33.3,150.0,0.0,0.23963162719726558,True,2026-09-25 19:22:00+00:00,SPY260930P00804000
SPY,2026-09-25,771.3499755859375,2026-09-30,P,805.0,32.33,34.64,34.05,292.0,1.0,0.24500266723632813,True,2026-09-25 19:53:03+00:00,SPY260930P00805000
SPY,2026-09-25,771.3499755859375,2026-09-30,P,806.0,33.33,35.7,35.01,284.0,0.0,0.25391371093750004,True,2026-09-25 19:17:28+00:00,SPY260930P00806000
SPY,2026-09-25,771.3499755859375,2026-09-30,P,808.0,35.07,37.64,36.75,206.0,0.0,0.2606275109863281,True,2026-09-25 19:44:29+00:00,SPY260930P00808000
SPY,2026-09-25,771.3499755859375,2026-09-30,P,809.0,36.07,38.64,37.32,286.0,0.0,0.26587648193359376,True,2026-09-25 19:54:48+00:00,SPY260930P00809000
SPY,2026-09-25,771.3499755859375,2026-09-30,P,810.0,37.34,39.69,37.95,156.0,1.0,0.2742992492675781,True,2026-09-25 19:50:00+00:00,SPY260930P00810000
SPY,2026-09-25,771.3499755859375,2026-09-30,P,812.0,39.34,41.64,40.29,572.0,0.0,0.28125718749999995,True,2026-09-25 19:39:36+00:00,SPY260930P00812000
SPY,2026-09-25,771.3499755859375,2026-09-30,P,815.0,42.34,44.69,43.6,172.0,0.0,0.299811689453125,True,2026-09-25 19:56:25+00:00,SPY260930P00815000
SPY,2026-09-25,771.3499755859375,2026-09-30,P,820.0,47.33,49.65,49.04,38.0,0.0,0.3217841259765625,True,2026-09-25 19:41:58+00:00,SPY260930P00820000
SPY,2026-09-25,771.3499755859375,2026-09-30,P,823.0,50.33,52.63,52.48,4.0,0.0,0.334967587890625,True,2026-09-25 19:25:21+00:00,SPY260930P00823000
SPY,2026-09-25,771.3499755859375,2026-09-30,P,825.0,52.33,54.65,55.62,6.0,2.0,0.3460758752441406,True,2026-09-25 13:49:11+00:00,SPY260930P00825000
SPY,2026-09-25,771.3499755859375,2026-09-30,P,828.0,55.35,57.63,62.0,42.0,0.0,0.3587710607910156,True,2026-09-24 18:03:00+00:00,SPY260930P00828000
SPY,2026-09-25,771.3499755859375,2026-09-30,P,845.0,72.33,74.7,77.82,1.0,0.0,0.4429987341308594,True,2026-09-24 20:10:10+00:00,SPY260930P00845000
SPY,2026-09-25,771.3499755859375,2026-09-30,P,849.0,76.07,78.64,74.43,,,0.45532771240234376,True,2026-09-22 19:47:21+00:00,SPY260930P00849000
SPY,2026-09-25,771.3499755859375,2026-09-30,P,850.0,77.33,79.71,78.31,1.0,1.0,0.46619186157226566,True,2026-09-24 20:10:10+00:00,SPY260930P00850000
SPY,2026-09-25,771.3499755859375,2026-09-30,P,855.0,115.66,118.93,181.01,1.0,0.0,1.6240863522338866,True,2026-04-08 19:59:48+00:00,SPY260930P00855000
SPY,2026-09-25,771.3499755859375,2026-09-30,P,870.0,0.0,0.0,101.19,,0.0,1.0000000000000003e-05,True,2026-08-18 17:04:02+00:00,SPY260930P00870000
SPY,2026-09-25,771.3499755859375,2026-09-30,P,885.0,191.05,194.7,207.9,,0.0,3.048342222900391,True,2025-11-04 17:07:45+00:00,SPY260930P00885000
SPY,2026-09-25,771.3499755859375,2026-09-30,P,895.0,122.3,124.64,138.32,4.0,0.0,0.6457554956054687,True,2026-09-10 19:20:34+00:00,SPY260930P00895000
SPY,2026-09-25,771.3499755859375,2026-09-30,P,900.0,146.5,149.69,160.4,1.0,0.0,1.5099511807250976,True,2026-05-15 15:56:32+00:00,SPY260930P00900000
SPY,2026-09-25,771.3499755859375,2026-10-01,C,660.0,110.65,113.02,112.39,150.0,17.0,0.5649457568359376,True,2026-09-25 19:50:35+00:00,SPY261001C00660000
SPY,2026-09-25,771.3499755859375,2026-10-01,C,680.0,90.67,92.56,92.06,172.0,26.0,0.5581098876953126,True,2026-09-25 19:46:12+00:00,SPY261001C00680000
SPY,2026-09-25,771.3499755859375,2026-10-01,C,700.0,70.71,72.59,71.86,225.0,47.0,0.4552056433105469,True,2026-09-25 19:58:53+00:00,SPY261001C00700000
SPY,2026-09-25,771.3499755859375,2026-10-01,C,725.0,45.93,47.65,47.3,306.0,86.0,0.32507999145507804,True,2026-09-25 19:53:20+00:00,SPY261001C00725000
SPY,2026-09-25,771.3499755859375,2026-10-01,C,728.0,43.61,43.69,44.47,435.0,125.0,0.231452998046875,True,2026-09-25 19:49:55+00:00,SPY261001C00728000
SPY,2026-09-25,771.3499755859375,2026-10-01,C,734.0,37.63,37.72,38.34,358.0,169.0,0.20728331787109372,True,2026-09-25 19:48:38+00:00,SPY261001C00734000
SPY,2026-09-25,771.3499755859375,2026-10-01,C,740.0,31.68,31.76,31.86,741.0,82.0,0.18311363769531247,True,2026-09-25 20:10:16+00:00,SPY261001C00740000
SPY,2026-09-25,771.3499755859375,2026-10-01,C,742.0,29.7,29.79,29.79,715.0,58.0,0.17615569946289064,True,2026-09-25 19:51:58+00:00,SPY261001C00742000
SPY,2026-09-25,771.3499755859375,2026-10-01,C,745.0,26.75,26.84,26.93,779.0,328.0,0.16541361938476565,True,2026-09-25 20:05:45+00:00,SPY261001C00745000
SPY,2026-09-25,771.3499755859375,2026-10-01,C,748.0,23.8,23.91,23.55,636.0,61.0,0.15515981567382814,True,2026-09-25 19:19:40+00:00,SPY261001C00748000
SPY,2026-09-25,771.3499755859375,2026-10-01,C,749.0,22.87,22.93,22.26,823.0,79.0,0.15125360473632815,True,2026-09-25 19:25:19+00:00,SPY261001C00749000
SPY,2026-09-25,771.3499755859375,2026-10-01,C,750.0,21.87,21.97,21.66,1421.0,146.0,0.148446015625,True,2026-09-25 19:54:17+00:00,SPY261001C00750000
SPY,2026-09-25,771.3499755859375,2026-10-01,C,753.0,19.0,19.09,19.34,951.0,95.0,0.13892462646484377,True,2026-09-25 19:56:10+00:00,SPY261001C00753000
SPY,2026-09-25,771.3499755859375,2026-10-01,C,754.0,18.06,18.15,17.45,701.0,110.0,0.13630014099121096,True,2026-09-25 19:33:58+00:00,SPY261001C00754000
SPY,2026-09-25,771.3499755859375,2026-10-01,C,755.0,17.14,17.21,16.82,872.0,301.0,0.13343151733398437,True,2026-09-25 19:19:53+00:00,SPY261001C00755000
SPY,2026-09-25,771.3499755859375,2026-10-01,C,756.0,16.21,16.28,16.5,843.0,120.0,0.13068496276855468,True,2026-09-25 20:07:59+00:00,SPY261001C00756000
SPY,2026-09-25,771.3499755859375,2026-10-01,C,757.0,15.3,15.36,14.77,761.0,132.0,0.12806047729492187,True,2026-09-25 19:25:07+00:00,SPY261001C00757000
SPY,2026-09-25,771.3499755859375,2026-10-01,C,758.0,14.37,14.45,13.74,997.0,111.0,0.12555806091308597,True,2026-09-25 19:25:25+00:00,SPY261001C00758000
SPY,2026-09-25,771.3499755859375,2026-10-01,C,759.0,13.5,13.56,14.27,1414.0,393.0,0.1233608172607422,True,2026-09-25 19:52:21+00:00,SPY261001C00759000
SPY,2026-09-25,771.3499755859375,2026-10-01,C,760.0,12.6,12.67,13.48,1666.0,497.0,0.12079736633300782,True,2026-09-25 19:49:54+00:00,SPY261001C00760000
SPY,2026-09-25,771.3499755859375,2026-10-01,C,761.0,11.74,11.8,11.46,1446.0,461.0,0.11841701904296875,True,2026-09-25 19:38:02+00:00,SPY261001C00761000
SPY,2026-09-25,771.3499755859375,2026-10-01,C,762.0,10.91,10.95,11.11,1184.0,234.0,0.11628080993652344,True,2026-09-25 20:09:24+00:00,SPY261001C00762000
SPY,2026-09-25,771.3499755859375,2026-10-01,C,763.0,10.07,10.12,10.29,541.0,279.0,0.11420563537597657,True,2026-09-25 20:07:01+00:00,SPY261001C00763000
SPY,2026-09-25,771.3499755859375,2026-10-01,C,764.0,9.27,9.31,9.86,555.0,221.0,0.11219149536132811,True,2026-09-25 19:45:01+00:00,SPY261001C00764000
SPY,2026-09-25,771.3499755859375,2026-10-01,C,765.0,8.5,8.53,8.55,1014.0,434.0,0.11042149353027343,True,2026-09-25 20:13:40+00:00,SPY261001C00765000
SPY,2026-09-25,771.3499755859375,2026-10-01,C,766.0,7.75,7.77,7.76,429.0,423.0,0.10852942260742188,True,2026-09-25 20:13:26+00:00,SPY261001C00766000
SPY,2026-09-25,771.3499755859375,2026-10-01,C,767.0,7.01,7.04,7.17,923.0,607.0,0.1067594207763672,True,2026-09-25 20:03:45+00:00,SPY261001C00767000
SPY,2026-09-25,771.3499755859375,2026-10-01,C,768.0,6.33,6.35,6.76,2331.0,528.0,0.10526407440185548,True,2026-09-25 19:54:19+00:00,SPY261001C00768000
SPY,2026-09-25,771.3499755859375,2026-10-01,C,769.0,5.68,5.69,5.74,1866.0,553.0,0.10376872802734374,True,2026-09-25 19:56:40+00:00,SPY261001C00769000
SPY,2026-09-25,771.3499755859375,2026-10-01,C,770.0,5.06,5.07,5.09,2621.0,1032.0,0.10242596801757811,True,2026-09-25 20:14:20+00:00,SPY261001C00770000
SPY,2026-09-25,771.3499755859375,2026-10-01,C,771.0,4.49,4.5,4.51,1509.0,297.0,0.10144941528320311,True,2026-09-25 20:13:25+00:00,SPY261001C00771000
SPY,2026-09-25,771.3499755859375,2026-10-01,C,772.0,3.95,3.96,4.0,2160.0,1117.0,0.1002897589111328,False,2026-09-25 20:14:40+00:00,SPY261001C00772000
SPY,2026-09-25,771.3499755859375,2026-10-01,C,773.0,3.45,3.47,3.48,623.0,347.0,0.0994657925415039,False,2026-09-25 20:11:37+00:00,SPY261001C00773000
SPY,2026-09-25,771.3499755859375,2026-10-01,C,774.0,3.0,3.02,3.03,1371.0,341.0,0.09870286071777344,False,2026-09-25 20:11:44+00:00,SPY261001C00774000
SPY,2026-09-25,771.3499755859375,2026-10-01,C,775.0,2.6,2.61,2.63,1988.0,1514.0,0.09793992889404299,False,2026-09-25 20:13:38+00:00,SPY261001C00775000
SPY,2026-09-25,771.3499755859375,2026-10-01,C,776.0,2.24,2.25,2.25,1012.0,806.0,0.09754320434570313,False,2026-09-25 20:14:12+00:00,SPY261001C00776000
SPY,2026-09-25,771.3499755859375,2026-10-01,C,777.0,1.9,1.92,1.93,1430.0,842.0,0.09693285888671876,False,2026-09-25 20:13:43+00:00,SPY261001C00777000
SPY,2026-09-25,771.3499755859375,2026-10-01,C,778.0,1.62,1.63,1.64,623.0,576.0,0.09650561706542969,False,2026-09-25 20:14:25+00:00,SPY261001C00778000
SPY,2026-09-25,771.3499755859375,2026-10-01,C,779.0,1.37,1.38,1.39,1058.0,779.0,0.09632251342773437,False,2026-09-25 20:14:25+00:00,SPY261001C00779000
SPY,2026-09-25,771.3499755859375,2026-10-01,C,780.0,1.16,1.17,1.17,7214.0,1585.0,0.09644458251953125,False,2026-09-25 20:14:25+00:00,SPY261001C00780000
SPY,2026-09-25,771.3499755859375,2026-10-01,C,781.0,0.97,0.98,0.99,1066.0,851.0,0.09632251342773437,False,2026-09-25 20:14:28+00:00,SPY261001C00781000
SPY,2026-09-25,771.3499755859375,2026-10-01,C,782.0,0.81,0.82,0.84,848.0,501.0,0.09638354797363281,False,2026-09-25 20:09:48+00:00,SPY261001C00782000
SPY,2026-09-25,771.3499755859375,2026-10-01,C,783.0,0.67,0.69,0.68,1428.0,565.0,0.09681078979492189,False,2026-09-25 19:58:27+00:00,SPY261001C00783000
SPY,2026-09-25,771.3499755859375,2026-10-01,C,784.0,0.56,0.57,0.58,941.0,1473.0,0.09681078979492189,False,2026-09-25 20:04:52+00:00,SPY261001C00784000
SPY,2026-09-25,771.3499755859375,2026-10-01,C,785.0,0.47,0.48,0.47,1685.0,1043.0,0.09754320434570313,False,2026-09-25 20:12:48+00:00,SPY261001C00785000
SPY,2026-09-25,771.3499755859375,2026-10-01,C,786.0,0.38,0.4,0.39,440.0,687.0,0.09803148071289064,False,2026-09-25 20:14:08+00:00,SPY261001C00786000
SPY,2026-09-25,771.3499755859375,2026-10-01,C,787.0,0.33,0.34,0.33,932.0,440.0,0.0991301025390625,False,2026-09-25 20:14:51+00:00,SPY261001C00787000
SPY,2026-09-25,771.3499755859375,2026-10-01,C,788.0,0.26,0.27,0.28,439.0,293.0,0.098641826171875,False,2026-09-25 20:14:08+00:00,SPY261001C00788000
SPY,2026-09-25,771.3499755859375,2026-10-01,C,789.0,0.23,0.24,0.24,267.0,523.0,0.10071700073242187,False,2026-09-25 20:12:35+00:00,SPY261001C00789000
SPY,2026-09-25,771.3499755859375,2026-10-01,C,790.0,0.19,0.2,0.22,392.0,628.0,0.10132734619140624,False,2026-09-25 19:51:10+00:00,SPY261001C00790000
SPY,2026-09-25,771.3499755859375,2026-10-01,C,791.0,0.16,0.17,0.18,71.0,309.0,0.10254803710937499,False,2026-09-25 20:08:40+00:00,SPY261001C00791000
SPY,2026-09-25,771.3499755859375,2026-10-01,C,792.0,0.14,0.15,0.15,634.0,214.0,0.10425700439453123,False,2026-09-25 19:50:39+00:00,SPY261001C00792000
SPY,2026-09-25,771.3499755859375,2026-10-01,C,793.0,0.12,0.13,0.13,43.0,269.0,0.10572183349609374,False,2026-09-25 19:49:46+00:00,SPY261001C00793000
SPY,2026-09-25,771.3499755859375,2026-10-01,C,794.0,0.1,0.11,0.09,229.0,337.0,0.10669838623046876,False,2026-09-25 18:47:36+00:00,SPY261001C00794000
SPY,2026-09-25,771.3499755859375,2026-10-01,C,795.0,0.09,0.1,0.09,280.0,444.0,0.1088956298828125,False,2026-09-25 19:58:47+00:00,SPY261001C00795000
SPY,2026-09-25,771.3499755859375,2026-10-01,C,796.0,0.08,0.09,0.08,13.0,1002.0,0.11084873535156249,False,2026-09-25 20:10:58+00:00,SPY261001C00796000
SPY,2026-09-25,771.3499755859375,2026-10-01,C,797.0,0.07,0.08,0.07,12.0,162.0,0.1128018408203125,False,2026-09-25 18:31:58+00:00,SPY261001C00797000
SPY,2026-09-25,771.3499755859375,2026-10-01,C,798.0,0.06,0.07,0.05,44.0,236.0,0.11426666992187501,False,2026-09-25 19:35:51+00:00,SPY261001C00798000
SPY,2026-09-25,771.3499755859375,2026-10-01,C,799.0,0.06,0.07,0.06,13.0,172.0,0.1176846044921875,False,2026-09-25 20:00:11+00:00,SPY261001C00799000
SPY,2026-09-25,771.3499755859375,2026-10-01,C,800.0,0.05,0.06,0.07,971.0,3615.0,0.1186611572265625,False,2026-09-25 20:12:45+00:00,SPY261001C00800000
SPY,2026-09-25,771.3499755859375,2026-10-01,C,801.0,0.05,0.06,0.05,45.0,53.0,0.12207909179687501,False,2026-09-24 19:13:27+00:00,SPY261001C00801000
SPY,2026-09-25,771.3499755859375,2026-10-01,C,802.0,0.05,0.06,0.04,12.0,64.0,0.125985302734375,False,2026-09-25 14:41:22+00:00,SPY261001C00802000
SPY,2026-09-25,771.3499755859375,2026-10-01,C,804.0,0.04,0.05,0.04,3.0,130.0,0.1294032373046875,False,2026-09-24 19:59:06+00:00,SPY261001C00804000
SPY,2026-09-25,771.3499755859375,2026-10-01,C,805.0,0.04,0.05,0.04,20.0,17.0,0.132821171875,False,2026-09-25 14:19:34+00:00,SPY261001C00805000
SPY,2026-09-25,771.3499755859375,2026-10-01,C,806.0,0.04,0.05,0.04,30.0,30.0,0.1362391064453125,False,2026-09-24 16:36:40+00:00,SPY261001C00806000
SPY,2026-09-25,771.3499755859375,2026-10-01,C,807.0,0.03,0.04,0.03,24.0,56.0,0.13575083007812502,False,2026-09-25 14:08:51+00:00,SPY261001C00807000
SPY,2026-09-25,771.3499755859375,2026-10-01,C,808.0,0.03,0.04,0.04,24.0,60.0,0.13868048828125001,False,2026-09-25 17:08:57+00:00,SPY261001C00808000
SPY,2026-09-25,771.3499755859375,2026-10-01,C,809.0,0.03,0.04,0.03,2.0,96.0,0.14258669921875,False,2026-09-25 14:47:11+00:00,SPY261001C00809000
SPY,2026-09-25,771.3499755859375,2026-10-01,C,810.0,0.03,0.04,0.04,1.0,201.0,0.145516357421875,False,2026-09-25 16:33:08+00:00,SPY261001C00810000
SPY,2026-09-25,771.3499755859375,2026-10-01,C,815.0,0.02,0.03,0.02,90.0,114.0,0.1562584375,False,2026-09-24 19:36:14+00:00,SPY261001C00815000
SPY,2026-09-25,771.3499755859375,2026-10-01,C,820.0,0.02,0.03,0.02,129.0,153.0,0.17188328125000002,False,2026-09-24 19:51:36+00:00,SPY261001C00820000
SPY,2026-09-25,771.3499755859375,2026-10-01,C,830.0,0.01,0.02,0.01,1.0,49.0,0.19336744140625,False,2026-09-25 19:52:43+00:00,SPY261001C00830000
SPY,2026-09-25,771.3499755859375,2026-10-01,C,840.0,0.01,0.02,0.01,1.0,4.0,0.22071091796874998,False,2026-09-25 18:49:14+00:00,SPY261001C00840000
SPY,2026-09-25,771.3499755859375,2026-10-01,C,870.0,0.0,0.01,0.01,,142.0,0.28516339843749994,False,2026-09-21 19:02:39+00:00,SPY261001C00870000
SPY,2026-09-25,771.3499755859375,2026-10-01,C,880.0,,0.01,0.01,,1.0,0.3086006640625,False,2026-09-22 14:17:54+00:00,SPY261001C00880000
SPY,2026-09-25,771.3499755859375,2026-10-01,C,895.0,,0.01,0.01,,5.0,0.3437565625,False,2026-09-22 18:08:53+00:00,SPY261001C00895000
SPY,2026-09-25,771.3499755859375,2026-10-01,C,900.0,,0.01,0.01,1.0,9.0,0.35547519531249994,False,2026-09-25 18:05:30+00:00,SPY261001C00900000
SPY,2026-09-25,771.3499755859375,2026-10-01,P,550.0,,0.01,0.02,,10.0,0.7500025,False,2026-09-22 14:12:15+00:00,SPY261001P00550000
SPY,2026-09-25,771.3499755859375,2026-10-01,P,555.0,,0.01,0.01,,12.0,0.73437765625,False,2026-09-22 19:25:48+00:00,SPY261001P00555000
SPY,2026-09-25,771.3499755859375,2026-10-01,P,565.0,,0.01,0.02,,2033.0,0.6953155468750001,False,2026-09-21 17:28:56+00:00,SPY261001P00565000
SPY,2026-09-25,771.3499755859375,2026-10-01,P,570.0,0.0,0.01,0.01,240.0,2271.0,0.64062859375,False,2026-09-24 15:44:16+00:00,SPY261001P00570000
SPY,2026-09-25,771.3499755859375,2026-10-01,P,575.0,0.0,0.01,0.03,,5.0,0.6250037500000001,False,2026-09-21 16:53:40+00:00,SPY261001P00575000
SPY,2026-09-25,771.3499755859375,2026-10-01,P,590.0,0.0,0.01,0.04,1.0,1.0,0.57812921875,False,2026-09-18 15:22:11+00:00,SPY261001P00590000
SPY,2026-09-25,771.3499755859375,2026-10-01,P,595.0,0.0,0.01,0.02,,160.0,0.5625043750000001,False,2026-09-22 18:41:58+00:00,SPY261001P00595000
SPY,2026-09-25,771.3499755859375,2026-10-01,P,615.0,0.0,0.01,0.01,20.0,5.0,0.51562984375,False,2026-09-25 13:47:51+00:00,SPY261001P00615000
SPY,2026-09-25,771.3499755859375,2026-10-01,P,630.0,0.0,0.01,0.01,26.0,1.0,0.46094289062500005,False,2026-09-25 19:44:49+00:00,SPY261001P00630000
SPY,2026-09-25,771.3499755859375,2026-10-01,P,635.0,0.0,0.01,0.01,1.0,2.0,0.445318046875,False,2026-09-25 17:30:58+00:00,SPY261001P00635000
SPY,2026-09-25,771.3499755859375,2026-10-01,P,640.0,0.0,0.01,0.03,1.0,28.0,0.42969320312500003,False,2026-09-24 19:36:25+00:00,SPY261001P00640000
SPY,2026-09-25,771.3499755859375,2026-10-01,P,645.0,0.0,0.01,0.03,4.0,48.0,0.414068359375,False,2026-09-24 14:02:54+00:00,SPY261001P00645000
SPY,2026-09-25,771.3499755859375,2026-10-01,P,650.0,0.01,0.02,0.01,6.0,7.0,0.42188078125,False,2026-09-25 15:13:19+00:00,SPY261001P00650000
SPY,2026-09-25,771.3499755859375,2026-10-01,P,660.0,0.01,0.02,0.03,1.0,118.0,0.38672488281249995,False,2026-09-25 13:30:02+00:00,SPY261001P00660000
SPY,2026-09-25,771.3499755859375,2026-10-01,P,665.0,0.01,0.02,0.02,41.0,9037.0,0.3711000390625,False,2026-09-25 19:29:09+00:00,SPY261001P00665000
SPY,2026-09-25,771.3499755859375,2026-10-01,P,670.0,0.01,0.02,0.08,,1.0,0.35156898437499995,False,2026-09-21 13:51:37+00:00,SPY261001P00670000
SPY,2026-09-25,771.3499755859375,2026-10-01,P,675.0,0.01,0.02,0.09,,1.0,0.335944140625,False,2026-09-21 13:57:33+00:00,SPY261001P00675000
SPY,2026-09-25,771.3499755859375,2026-10-01,P,685.0,0.02,0.03,0.03,14.0,27.0,0.31445998046874996,False,2026-09-25 18:40:32+00:00,SPY261001P00685000
SPY,2026-09-25,771.3499755859375,2026-10-01,P,690.0,0.02,0.03,0.03,21.0,32.0,0.29688203124999996,False,2026-09-25 19:41:51+00:00,SPY261001P00690000
SPY,2026-09-25,771.3499755859375,2026-10-01,P,695.0,0.03,0.04,0.03,2.0,216.0,0.28711650390624993,False,2026-09-24 14:16:59+00:00,SPY261001P00695000
SPY,2026-09-25,771.3499755859375,2026-10-01,P,700.0,0.03,0.04,0.04,156.0,252.0,0.2695385546875,False,2026-09-25 19:55:24+00:00,SPY261001P00700000
SPY,2026-09-25,771.3499755859375,2026-10-01,P,705.0,0.03,0.04,0.07,3.0,27.0,0.25196060546875,False,2026-09-25 14:26:11+00:00,SPY261001P00705000
SPY,2026-09-25,771.3499755859375,2026-10-01,P,710.0,0.04,0.05,0.06,1.0,55.0,0.24024197265624997,False,2026-09-24 17:09:46+00:00,SPY261001P00710000
SPY,2026-09-25,771.3499755859375,2026-10-01,P,715.0,0.04,0.05,0.06,15.0,1054.0,0.22168747070312497,False,2026-09-25 18:44:19+00:00,SPY261001P00715000
SPY,2026-09-25,771.3499755859375,2026-10-01,P,718.0,0.05,0.06,0.06,3.0,27.0,0.215828154296875,False,2026-09-25 19:30:39+00:00,SPY261001P00718000
SPY,2026-09-25,771.3499755859375,2026-10-01,P,719.0,0.05,0.06,0.11,7.0,79.0,0.21192194335937498,False,2026-09-25 13:49:57+00:00,SPY261001P00719000
SPY,2026-09-25,771.3499755859375,2026-10-01,P,720.0,0.05,0.06,0.07,20.0,53.0,0.20801573242187496,False,2026-09-25 18:48:56+00:00,SPY261001P00720000
SPY,2026-09-25,771.3499755859375,2026-10-01,P,721.0,0.05,0.06,0.07,43.0,244.0,0.20410952148437497,False,2026-09-25 18:48:54+00:00,SPY261001P00721000
SPY,2026-09-25,771.3499755859375,2026-10-01,P,722.0,0.06,0.07,0.22,6.0,110.0,0.20459779785156246,False,2026-09-24 14:51:52+00:00,SPY261001P00722000
SPY,2026-09-25,771.3499755859375,2026-10-01,P,723.0,0.06,0.07,0.13,412.0,87.0,0.20069158691406247,False,2026-09-25 14:26:39+00:00,SPY261001P00723000
SPY,2026-09-25,771.3499755859375,2026-10-01,P,724.0,0.06,0.07,0.06,1.0,61.0,0.19727365234375,False,2026-09-25 19:38:39+00:00,SPY261001P00724000
SPY,2026-09-25,771.3499755859375,2026-10-01,P,725.0,0.06,0.07,0.09,26.0,635.0,0.19336744140625,False,2026-09-25 16:32:08+00:00,SPY261001P00725000
SPY,2026-09-25,771.3499755859375,2026-10-01,P,726.0,0.07,0.08,0.15,139.0,81.0,0.1928791650390625,False,2026-09-25 14:05:36+00:00,SPY261001P00726000
SPY,2026-09-25,771.3499755859375,2026-10-01,P,727.0,0.07,0.08,0.08,73.0,261.0,0.1889729541015625,False,2026-09-25 20:03:43+00:00,SPY261001P00727000
SPY,2026-09-25,771.3499755859375,2026-10-01,P,728.0,0.07,0.08,0.07,3.0,81.0,0.18506674316406246,False,2026-09-25 19:30:39+00:00,SPY261001P00728000
SPY,2026-09-25,771.3499755859375,2026-10-01,P,729.0,0.08,0.09,0.25,175.0,299.0,0.1840901904296875,False,2026-09-24 17:50:13+00:00,SPY261001P00729000
SPY,2026-09-25,771.3499755859375,2026-10-01,P,730.0,0.08,0.09,0.09,313.0,567.0,0.1801839794921875,False,2026-09-25 20:06:10+00:00,SPY261001P00730000
SPY,2026-09-25,771.3499755859375,2026-10-01,P,731.0,0.08,0.09,0.2,682.0,531.0,0.17627776855468752,False,2026-09-25 14:05:36+00:00,SPY261001P00731000
SPY,2026-09-25,771.3499755859375,2026-10-01,P,732.0,0.09,0.1,0.13,213.0,153.0,0.1753012158203125,False,2026-09-25 16:05:05+00:00,SPY261001P00732000
SPY,2026-09-25,771.3499755859375,2026-10-01,P,733.0,0.09,0.1,0.1,32.0,317.0,0.1713950048828125,False,2026-09-25 20:12:18+00:00,SPY261001P00733000
SPY,2026-09-25,771.3499755859375,2026-10-01,P,734.0,0.1,0.11,0.24,47.0,292.0,0.1694418994140625,False,2026-09-25 14:05:20+00:00,SPY261001P00734000
SPY,2026-09-25,771.3499755859375,2026-10-01,P,735.0,0.1,0.11,0.11,817.0,814.0,0.16553568847656253,False,2026-09-25 17:36:12+00:00,SPY261001P00735000
SPY,2026-09-25,771.3499755859375,2026-10-01,P,736.0,0.11,0.12,0.14,97.0,491.0,0.16358258300781253,False,2026-09-25 17:47:22+00:00,SPY261001P00736000
SPY,2026-09-25,771.3499755859375,2026-10-01,P,737.0,0.12,0.13,0.13,417.0,738.0,0.16162947753906248,False,2026-09-25 20:06:48+00:00,SPY261001P00737000
SPY,2026-09-25,771.3499755859375,2026-10-01,P,738.0,0.13,0.14,0.25,143.0,517.0,0.159188095703125,False,2026-09-25 14:56:16+00:00,SPY261001P00738000
SPY,2026-09-25,771.3499755859375,2026-10-01,P,739.0,0.14,0.15,0.13,170.0,580.0,0.15674671386718753,False,2026-09-25 19:45:25+00:00,SPY261001P00739000
SPY,2026-09-25,771.3499755859375,2026-10-01,P,740.0,0.15,0.16,0.15,614.0,785.0,0.15430533203125002,False,2026-09-25 19:57:02+00:00,SPY261001P00740000
SPY,2026-09-25,771.3499755859375,2026-10-01,P,741.0,0.16,0.17,0.19,136.0,2261.0,0.15161981201171876,False,2026-09-25 18:29:07+00:00,SPY261001P00741000
SPY,2026-09-25,771.3499755859375,2026-10-01,P,742.0,0.17,0.18,0.17,176.0,602.0,0.14869015380859374,False,2026-09-25 20:11:56+00:00,SPY261001P00742000
SPY,2026-09-25,771.3499755859375,2026-10-01,P,743.0,0.18,0.19,0.18,84.0,668.0,0.14576049560546872,False,2026-09-25 19:46:47+00:00,SPY261001P00743000
SPY,2026-09-25,771.3499755859375,2026-10-01,P,744.0,0.2,0.21,0.19,149.0,249.0,0.14405152832031248,False,2026-09-25 19:46:42+00:00,SPY261001P00744000
SPY,2026-09-25,771.3499755859375,2026-10-01,P,745.0,0.22,0.23,0.19,308.0,762.0,0.14185428466796873,False,2026-09-25 19:45:13+00:00,SPY261001P00745000
SPY,2026-09-25,771.3499755859375,2026-10-01,P,746.0,0.24,0.25,0.25,293.0,551.0,0.139657041015625,False,2026-09-25 20:13:33+00:00,SPY261001P00746000
SPY,2026-09-25,771.3499755859375,2026-10-01,P,747.0,0.26,0.27,0.27,278.0,559.0,0.13697152099609378,False,2026-09-25 20:07:18+00:00,SPY261001P00747000
SPY,2026-09-25,771.3499755859375,2026-10-01,P,748.0,0.29,0.3,0.27,187.0,647.0,0.13526255371093754,False,2026-09-25 19:42:07+00:00,SPY261001P00748000
SPY,2026-09-25,771.3499755859375,2026-10-01,P,749.0,0.31,0.32,0.31,743.0,986.0,0.13233289550781252,False,2026-09-25 20:06:04+00:00,SPY261001P00749000
SPY,2026-09-25,771.3499755859375,2026-10-01,P,750.0,0.35,0.36,0.36,860.0,1743.0,0.1307459973144531,False,2026-09-25 20:09:03+00:00,SPY261001P00750000
SPY,2026-09-25,771.3499755859375,2026-10-01,P,751.0,0.39,0.4,0.38,391.0,395.0,0.1289149609375,False,2026-09-25 20:06:22+00:00,SPY261001P00751000
SPY,2026-09-25,771.3499755859375,2026-10-01,P,752.0,0.43,0.44,0.42,274.0,800.0,0.12671771728515624,False,2026-09-25 20:05:56+00:00,SPY261001P00752000
SPY,2026-09-25,771.3499755859375,2026-10-01,P,753.0,0.48,0.49,0.48,148.0,439.0,0.12476461181640625,False,2026-09-25 20:07:38+00:00,SPY261001P00753000
SPY,2026-09-25,771.3499755859375,2026-10-01,P,754.0,0.53,0.54,0.54,355.0,722.0,0.12256736816406251,False,2026-09-25 20:14:08+00:00,SPY261001P00754000
SPY,2026-09-25,771.3499755859375,2026-10-01,P,755.0,0.59,0.6,0.6,1024.0,1167.0,0.12049219360351562,False,2026-09-25 20:14:08+00:00,SPY261001P00755000
SPY,2026-09-25,771.3499755859375,2026-10-01,P,756.0,0.66,0.68,0.67,80.0,286.0,0.11914943359374999,False,2026-09-25 20:14:08+00:00,SPY261001P00756000
SPY,2026-09-25,771.3499755859375,2026-10-01,P,757.0,0.74,0.76,0.73,331.0,972.0,0.117196328125,False,2026-09-25 19:48:14+00:00,SPY261001P00757000
SPY,2026-09-25,771.3499755859375,2026-10-01,P,758.0,0.83,0.85,0.82,222.0,507.0,0.11536529174804688,False,2026-09-25 20:05:05+00:00,SPY261001P00758000
SPY,2026-09-25,771.3499755859375,2026-10-01,P,759.0,0.94,0.96,0.96,664.0,718.0,0.11383942810058593,False,2026-09-25 20:14:29+00:00,SPY261001P00759000
SPY,2026-09-25,771.3499755859375,2026-10-01,P,760.0,1.06,1.08,1.07,1294.0,2136.0,0.11219149536132811,False,2026-09-25 20:14:45+00:00,SPY261001P00760000
SPY,2026-09-25,771.3499755859375,2026-10-01,P,761.0,1.19,1.21,1.2,702.0,1088.0,0.11036045898437499,False,2026-09-25 20:13:34+00:00,SPY261001P00761000
SPY,2026-09-25,771.3499755859375,2026-10-01,P,762.0,1.34,1.36,1.31,393.0,256.0,0.10865149169921876,False,2026-09-25 20:04:55+00:00,SPY261001P00762000
SPY,2026-09-25,771.3499755859375,2026-10-01,P,763.0,1.52,1.54,1.53,804.0,1020.0,0.10730873168945312,False,2026-09-25 20:14:58+00:00,SPY261001P00763000
SPY,2026-09-25,771.3499755859375,2026-10-01,P,764.0,1.71,1.73,1.72,577.0,508.0,0.10559976440429686,False,2026-09-25 20:14:58+00:00,SPY261001P00764000
SPY,2026-09-25,771.3499755859375,2026-10-01,P,765.0,1.93,1.94,1.92,1299.0,1012.0,0.10382976257324218,False,2026-09-25 20:13:52+00:00,SPY261001P00765000
SPY,2026-09-25,771.3499755859375,2026-10-01,P,766.0,2.18,2.2,2.16,801.0,781.0,0.10273114074707031,False,2026-09-25 20:14:35+00:00,SPY261001P00766000
SPY,2026-09-25,771.3499755859375,2026-10-01,P,767.0,2.45,2.48,2.45,1224.0,876.0,0.10144941528320311,False,2026-09-25 20:11:23+00:00,SPY261001P00767000
SPY,2026-09-25,771.3499755859375,2026-10-01,P,768.0,2.77,2.79,2.74,1620.0,514.0,0.1001066552734375,False,2026-09-25 20:14:35+00:00,SPY261001P00768000
SPY,2026-09-25,771.3499755859375,2026-10-01,P,769.0,3.11,3.14,3.11,1884.0,358.0,0.09897751617431641,False,2026-09-25 20:14:09+00:00,SPY261001P00769000
SPY,2026-09-25,771.3499755859375,2026-10-01,P,770.0,3.5,3.52,3.5,2301.0,2445.0,0.09772630798339844,False,2026-09-25 20:14:50+00:00,SPY261001P00770000
SPY,2026-09-25,771.3499755859375,2026-10-01,P,771.0,3.92,3.93,3.91,1385.0,456.0,0.09632251342773437,False,2026-09-25 20:13:27+00:00,SPY261001P00771000
SPY,2026-09-25,771.3499755859375,2026-10-01,P,772.0,4.39,4.4,4.39,792.0,468.0,0.09540699523925782,True,2026-09-25 20:14:50+00:00,SPY261001P00772000
SPY,2026-09-25,771.3499755859375,2026-10-01,P,773.0,4.9,4.92,4.87,1225.0,473.0,0.09473561523437501,True,2026-09-25 20:11:17+00:00,SPY261001P00773000
SPY,2026-09-25,771.3499755859375,2026-10-01,P,774.0,5.46,5.48,5.65,850.0,498.0,0.09412526977539062,True,2026-09-25 19:22:37+00:00,SPY261001P00774000
SPY,2026-09-25,771.3499755859375,2026-10-01,P,775.0,6.05,6.08,5.81,1187.0,676.0,0.09348440704345704,True,2026-09-25 19:57:38+00:00,SPY261001P00775000
SPY,2026-09-25,771.3499755859375,2026-10-01,P,776.0,6.69,6.72,6.64,280.0,179.0,0.09290457885742187,True,2026-09-25 20:14:34+00:00,SPY261001P00776000
SPY,2026-09-25,771.3499755859375,2026-10-01,P,777.0,7.37,7.4,7.17,727.0,109.0,0.09235526794433593,True,2026-09-25 20:07:11+00:00,SPY261001P00777000
SPY,2026-09-25,771.3499755859375,2026-10-01,P,778.0,8.09,8.13,8.72,398.0,143.0,0.09223319885253906,True,2026-09-25 19:35:02+00:00,SPY261001P00778000
SPY,2026-09-25,771.3499755859375,2026-10-01,P,779.0,8.85,8.88,8.6,792.0,174.0,0.09168388793945312,True,2026-09-25 19:56:02+00:00,SPY261001P00779000
SPY,2026-09-25,771.3499755859375,2026-10-01,P,780.0,9.64,9.69,9.24,1036.0,128.0,0.09211112976074219,True,2026-09-25 19:45:03+00:00,SPY261001P00780000
SPY,2026-09-25,771.3499755859375,2026-10-01,P,781.0,10.46,10.51,10.23,1057.0,68.0,0.09192802612304687,True,2026-09-25 19:57:32+00:00,SPY261001P00781000
SPY,2026-09-25,771.3499755859375,2026-10-01,P,782.0,11.31,11.35,10.78,421.0,45.0,0.09156181884765624,True,2026-09-25 19:26:33+00:00,SPY261001P00782000
SPY,2026-09-25,771.3499755859375,2026-10-01,P,783.0,12.18,12.24,12.64,282.0,14.0,0.09241630249023436,True,2026-09-25 19:22:55+00:00,SPY261001P00783000
SPY,2026-09-25,771.3499755859375,2026-10-01,P,788.0,16.83,16.91,17.39,240.0,0.0,0.09790941162109376,True,2026-09-25 19:24:15+00:00,SPY261001P00788000
SPY,2026-09-25,771.3499755859375,2026-10-01,P,789.0,17.79,17.85,18.06,257.0,0.0,0.0971769970703125,True,2026-09-25 19:17:33+00:00,SPY261001P00789000
SPY,2026-09-25,771.3499755859375,2026-10-01,P,790.0,18.77,18.84,19.14,720.0,0.0,0.100594931640625,True,2026-09-25 19:17:58+00:00,SPY261001P00790000
SPY,2026-09-25,771.3499755859375,2026-10-01,P,791.0,19.75,19.83,19.54,350.0,0.0,0.10376872802734374,True,2026-09-25 19:56:38+00:00,SPY261001P00791000
SPY,2026-09-25,771.3499755859375,2026-10-01,P,792.0,20.73,20.81,20.64,206.0,,0.10572183349609374,True,2026-09-25 19:55:26+00:00,SPY261001P00792000
SPY,2026-09-25,771.3499755859375,2026-10-01,P,793.0,21.73,21.82,21.18,118.0,,0.11109287353515623,True,2026-09-25 19:52:55+00:00,SPY261001P00793000
SPY,2026-09-25,771.3499755859375,2026-10-02,C,500.0,270.75,273.1,261.57,4.0,2.0,1.32422212890625,True,2026-09-18 19:33:19+00:00,SPY261002C00500000
SPY,2026-09-25,771.3499755859375,2026-10-02,C,505.0,265.77,268.05,257.92,,0.0,1.2924840063476561,True,2026-09-01 17:00:31+00:00,SPY261002C00505000
SPY,2026-09-25,771.3499755859375,2026-10-02,C,510.0,260.75,263.07,252.94,,0.0,1.2656286718749998,True,2026-09-01 17:00:31+00:00,SPY261002C00510000
SPY,2026-09-25,771.3499755859375,2026-10-02,C,515.0,255.73,258.08,247.95,,0.0,1.2373085009765623,True,2026-09-01 17:00:31+00:00,SPY261002C00515000
SPY,2026-09-25,771.3499755859375,2026-10-02,C,520.0,250.78,253.06,245.73,2.0,0.0,1.2153359545898437,True,2026-09-11 15:23:13+00:00,SPY261002C00520000
SPY,2026-09-25,771.3499755859375,2026-10-02,C,580.0,190.82,193.17,185.28,,0.0,0.929688203125,True,2026-09-11 19:42:35+00:00,SPY261002C00580000
SPY,2026-09-25,771.3499755859375,2026-10-02,C,590.0,180.82,183.13,171.69,10.0,0.0,0.87695435546875,True,2026-09-17 14:30:08+00:00,SPY261002C00590000
SPY,2026-09-25,771.3499755859375,2026-10-02,C,595.0,175.83,178.13,170.85,2.0,1.0,0.8540053662109376,True,2026-09-11 14:00:45+00:00,SPY261002C00595000
SPY,2026-09-25,771.3499755859375,2026-10-02,C,600.0,170.84,173.15,170.59,2.0,2.0,0.8330094824218748,True,2026-09-23 14:13:53+00:00,SPY261002C00600000
SPY,2026-09-25,771.3499755859375,2026-10-02,C,605.0,165.84,168.14,166.33,1.0,0.0,0.8081073876953124,True,2026-09-25 19:05:48+00:00,SPY261002C00605000
SPY,2026-09-25,771.3499755859375,2026-10-02,C,610.0,160.84,163.19,157.91,2.0,1.0,0.789064609375,True,2026-09-08 16:03:58+00:00,SPY261002C00610000
SPY,2026-09-25,771.3499755859375,2026-10-02,C,615.0,155.85,158.15,145.63,2.0,0.0,0.762697685546875,True,2026-09-14 13:52:18+00:00,SPY261002C00615000
SPY,2026-09-25,771.3499755859375,2026-10-02,C,620.0,150.85,153.16,146.85,2.0,20.0,0.7399928344726561,True,2026-09-24 16:34:09+00:00,SPY261002C00620000
SPY,2026-09-25,771.3499755859375,2026-10-02,C,625.0,145.86,148.17,139.15,2.0,0.0,0.7182645361328125,True,2026-09-09 14:02:11+00:00,SPY261002C00625000
SPY,2026-09-25,771.3499755859375,2026-10-02,C,630.0,140.88,143.16,134.74,1.0,0.0,0.6958038232421876,True,2026-09-11 15:04:32+00:00,SPY261002C00630000
SPY,2026-09-25,771.3499755859375,2026-10-02,C,635.0,135.87,138.17,129.18,2.0,0.0,0.6726106958007814,True,2026-09-09 14:02:11+00:00,SPY261002C00635000
SPY,2026-09-25,771.3499755859375,2026-10-02,C,640.0,130.89,133.18,124.19,,0.0,0.6518589501953126,True,2026-09-09 14:02:11+00:00,SPY261002C00640000
SPY,2026-09-25,771.3499755859375,2026-10-02,C,645.0,125.9,128.2,119.21,,0.0,0.63086306640625,True,2026-09-09 14:02:11+00:00,SPY261002C00645000
SPY,2026-09-25,771.3499755859375,2026-10-02,C,650.0,120.89,123.19,120.87,10.0,21.0,0.6062051098632814,True,2026-09-25 19:21:43+00:00,SPY261002C00650000
SPY,2026-09-25,771.3499755859375,2026-10-02,C,655.0,115.89,118.21,116.36,28.0,2.0,0.5844768115234374,True,2026-09-25 19:22:22+00:00,SPY261002C00655000
SPY,2026-09-25,771.3499755859375,2026-10-02,C,660.0,110.9,113.2,111.04,10.0,8.0,0.561527822265625,True,2026-09-25 19:26:09+00:00,SPY261002C00660000
SPY,2026-09-25,771.3499755859375,2026-10-02,C,665.0,105.92,108.2,105.75,32.0,1.0,0.5400436621093752,True,2026-09-25 19:25:44+00:00,SPY261002C00665000
SPY,2026-09-25,771.3499755859375,2026-10-02,C,670.0,100.93,103.23,100.45,72.0,1.0,0.5195360546875,True,2026-09-25 19:25:32+00:00,SPY261002C00670000
SPY,2026-09-25,771.3499755859375,2026-10-02,C,675.0,95.94,98.24,96.57,60.0,0.0,0.6014444152832032,True,2026-09-25 18:59:40+00:00,SPY261002C00675000
SPY,2026-09-25,771.3499755859375,2026-10-02,C,680.0,90.94,93.22,92.38,144.0,1.0,0.5737347314453125,True,2026-09-25 19:53:12+00:00,SPY261002C00680000
SPY,2026-09-25,771.3499755859375,2026-10-02,C,685.0,85.93,88.25,87.33,185.0,6.0,0.5494429821777345,True,2026-09-25 19:45:32+00:00,SPY261002C00685000
SPY,2026-09-25,771.3499755859375,2026-10-02,C,690.0,80.94,83.25,82.08,348.0,8.0,0.5230760583496092,True,2026-09-25 19:58:56+00:00,SPY261002C00690000
SPY,2026-09-25,771.3499755859375,2026-10-02,C,695.0,75.95,78.25,77.37,260.0,41.0,0.49670913452148446,True,2026-09-25 19:54:37+00:00,SPY261002C00695000
SPY,2026-09-25,771.3499755859375,2026-10-02,C,700.0,71.57,72.83,71.92,256.0,507.0,0.44312080322265623,True,2026-09-25 19:59:03+00:00,SPY261002C00700000
SPY,2026-09-25,771.3499755859375,2026-10-02,C,705.0,66.0,68.27,67.1,464.0,70.0,0.44482977050781247,True,2026-09-25 19:58:36+00:00,SPY261002C00705000
SPY,2026-09-25,771.3499755859375,2026-10-02,C,710.0,61.67,62.34,61.9,250.0,240.0,0.35767243896484374,True,2026-09-25 19:58:22+00:00,SPY261002C00710000
SPY,2026-09-25,771.3499755859375,2026-10-02,C,715.0,56.4,58.08,58.08,240.0,235.0,0.38086556640624997,True,2026-09-25 19:46:43+00:00,SPY261002C00715000
SPY,2026-09-25,771.3499755859375,2026-10-02,C,720.0,51.42,53.21,51.66,183.0,101.0,0.3611514080810546,True,2026-09-25 19:41:31+00:00,SPY261002C00720000
SPY,2026-09-25,771.3499755859375,2026-10-02,C,721.0,50.72,52.05,50.42,172.0,173.0,0.34729656616210935,True,2026-09-25 19:54:55+00:00,SPY261002C00721000
SPY,2026-09-25,771.3499755859375,2026-10-02,C,722.0,49.42,51.22,50.24,158.0,249.0,0.3508365698242187,True,2026-09-25 19:57:24+00:00,SPY261002C00722000
SPY,2026-09-25,771.3499755859375,2026-10-02,C,723.0,48.43,50.21,49.18,146.0,207.0,0.34491621887207036,True,2026-09-25 19:57:47+00:00,SPY261002C00723000
SPY,2026-09-25,771.3499755859375,2026-10-02,C,724.0,47.65,48.49,48.19,220.0,168.0,0.29944548217773437,True,2026-09-25 19:56:53+00:00,SPY261002C00724000
SPY,2026-09-25,771.3499755859375,2026-10-02,C,725.0,46.44,47.91,47.18,192.0,166.0,0.3186103295898437,True,2026-09-25 19:57:31+00:00,SPY261002C00725000
SPY,2026-09-25,771.3499755859375,2026-10-02,C,726.0,45.75,47.08,46.2,242.0,196.0,0.3221503332519531,True,2026-09-25 19:58:56+00:00,SPY261002C00726000
SPY,2026-09-25,771.3499755859375,2026-10-02,C,727.0,44.09,46.35,45.24,242.0,61.0,0.3298406860351562,True,2026-09-25 19:58:44+00:00,SPY261002C00727000
SPY,2026-09-25,771.3499755859375,2026-10-02,C,728.0,43.46,44.57,44.96,114.0,300.0,0.284064776611328,True,2026-09-25 20:01:57+00:00,SPY261002C00728000
SPY,2026-09-25,771.3499755859375,2026-10-02,C,729.0,42.46,43.64,44.06,216.0,110.0,0.28284408569335934,True,2026-09-25 19:59:08+00:00,SPY261002C00729000
SPY,2026-09-25,771.3499755859375,2026-10-02,C,730.0,41.81,42.43,42.12,489.0,158.0,0.26563234375,True,2026-09-25 20:00:19+00:00,SPY261002C00730000
SPY,2026-09-25,771.3499755859375,2026-10-02,C,731.0,40.48,42.27,41.71,142.0,118.0,0.3039620385742187,True,2026-09-25 19:54:07+00:00,SPY261002C00731000
SPY,2026-09-25,771.3499755859375,2026-10-02,C,732.0,39.48,41.26,40.04,166.0,126.0,0.2979196185302734,True,2026-09-25 19:44:12+00:00,SPY261002C00732000
SPY,2026-09-25,771.3499755859375,2026-10-02,C,733.0,38.78,40.29,39.54,152.0,101.0,0.2937082348632812,True,2026-09-25 19:54:48+00:00,SPY261002C00733000
SPY,2026-09-25,771.3499755859375,2026-10-02,C,734.0,37.5,39.3,38.47,283.0,155.0,0.2885813330078124,True,2026-09-25 19:46:16+00:00,SPY261002C00734000
SPY,2026-09-25,771.3499755859375,2026-10-02,C,735.0,36.05,38.42,37.49,210.0,106.0,0.2880930566406249,True,2026-09-25 19:54:33+00:00,SPY261002C00735000
SPY,2026-09-25,771.3499755859375,2026-10-02,C,736.0,34.87,37.43,36.72,291.0,69.0,0.28284408569335934,True,2026-09-25 19:52:42+00:00,SPY261002C00736000
SPY,2026-09-25,771.3499755859375,2026-10-02,C,737.0,34.08,36.44,35.29,470.0,68.0,0.27747304565429687,True,2026-09-25 19:56:04+00:00,SPY261002C00737000
SPY,2026-09-25,771.3499755859375,2026-10-02,C,738.0,33.84,34.59,34.73,509.0,164.0,0.2332840344238281,True,2026-09-25 19:53:52+00:00,SPY261002C00738000
SPY,2026-09-25,771.3499755859375,2026-10-02,C,739.0,31.93,34.47,32.8,264.0,84.0,0.2672192419433594,True,2026-09-25 19:39:20+00:00,SPY261002C00739000
SPY,2026-09-25,771.3499755859375,2026-10-02,C,740.0,30.94,33.08,32.08,684.0,193.0,0.2452468054199219,True,2026-09-25 20:02:05+00:00,SPY261002C00740000
SPY,2026-09-25,771.3499755859375,2026-10-02,C,741.0,29.96,32.51,30.99,272.0,59.0,0.25708750732421876,True,2026-09-25 19:42:21+00:00,SPY261002C00741000
SPY,2026-09-25,771.3499755859375,2026-10-02,C,742.0,28.98,31.53,29.93,370.0,32.0,0.25202164001464844,True,2026-09-25 19:42:04+00:00,SPY261002C00742000
SPY,2026-09-25,771.3499755859375,2026-10-02,C,743.0,28.66,30.44,28.83,241.0,181.0,0.24268335449218748,True,2026-09-25 19:41:26+00:00,SPY261002C00743000
SPY,2026-09-25,771.3499755859375,2026-10-02,C,744.0,27.68,29.46,28.31,373.0,418.0,0.23749541809082028,True,2026-09-25 19:45:03+00:00,SPY261002C00744000
SPY,2026-09-25,771.3499755859375,2026-10-02,C,745.0,26.7,28.48,27.34,1294.0,710.0,0.23230748168945312,True,2026-09-25 19:45:03+00:00,SPY261002C00745000
SPY,2026-09-25,771.3499755859375,2026-10-02,C,746.0,25.7,27.52,26.86,311.0,391.0,0.22779092529296874,True,2026-09-25 19:52:49+00:00,SPY261002C00746000
SPY,2026-09-25,771.3499755859375,2026-10-02,C,747.0,24.73,26.57,24.42,325.0,772.0,0.22357954162597654,True,2026-09-25 19:35:16+00:00,SPY261002C00747000
SPY,2026-09-25,771.3499755859375,2026-10-02,C,748.0,23.78,25.61,23.82,241.0,133.0,0.21887988159179686,True,2026-09-25 19:37:33+00:00,SPY261002C00748000
SPY,2026-09-25,771.3499755859375,2026-10-02,C,749.0,22.81,24.52,23.02,242.0,285.0,0.20960263061523435,True,2026-09-25 19:40:11+00:00,SPY261002C00749000
SPY,2026-09-25,771.3499755859375,2026-10-02,C,750.0,21.86,22.77,22.37,763.0,2209.0,0.17585052673339846,True,2026-09-25 20:05:49+00:00,SPY261002C00750000
SPY,2026-09-25,771.3499755859375,2026-10-02,C,751.0,20.91,22.62,22.0,445.0,222.0,0.2005695178222656,True,2026-09-25 19:53:27+00:00,SPY261002C00751000
SPY,2026-09-25,771.3499755859375,2026-10-02,C,752.0,19.57,21.74,21.03,459.0,98.0,0.19818917053222657,True,2026-09-25 19:54:32+00:00,SPY261002C00752000
SPY,2026-09-25,771.3499755859375,2026-10-02,C,753.0,18.68,20.81,17.92,642.0,90.0,0.19403882141113282,True,2026-09-25 19:38:09+00:00,SPY261002C00753000
SPY,2026-09-25,771.3499755859375,2026-10-02,C,754.0,18.13,19.82,18.33,542.0,869.0,0.18781329772949218,True,2026-09-25 19:41:36+00:00,SPY261002C00754000
SPY,2026-09-25,771.3499755859375,2026-10-02,C,755.0,17.53,17.96,18.33,776.0,518.0,0.1534508483886719,True,2026-09-25 19:46:43+00:00,SPY261002C00755000
SPY,2026-09-25,771.3499755859375,2026-10-02,C,756.0,16.62,17.62,17.35,303.0,180.0,0.16858741577148442,True,2026-09-25 19:47:32+00:00,SPY261002C00756000
SPY,2026-09-25,771.3499755859375,2026-10-02,C,757.0,15.72,16.31,16.15,884.0,514.0,0.1524742956542969,True,2026-09-25 19:56:43+00:00,SPY261002C00757000
SPY,2026-09-25,771.3499755859375,2026-10-02,C,758.0,14.87,15.73,15.55,605.0,487.0,0.15851671569824222,True,2026-09-25 19:54:40+00:00,SPY261002C00758000
SPY,2026-09-25,771.3499755859375,2026-10-02,C,759.0,14.0,14.78,14.67,1260.0,342.0,0.15314567565917972,True,2026-09-25 19:54:40+00:00,SPY261002C00759000
SPY,2026-09-25,771.3499755859375,2026-10-02,C,760.0,13.16,13.66,13.42,2267.0,2052.0,0.14283083740234376,True,2026-09-25 19:58:56+00:00,SPY261002C00760000
SPY,2026-09-25,771.3499755859375,2026-10-02,C,761.0,12.32,12.82,12.51,1383.0,639.0,0.14026738647460937,True,2026-09-25 20:03:03+00:00,SPY261002C00761000
SPY,2026-09-25,771.3499755859375,2026-10-02,C,762.0,11.49,11.98,11.63,2968.0,1665.0,0.1373072109985352,True,2026-09-25 20:14:43+00:00,SPY261002C00762000
SPY,2026-09-25,771.3499755859375,2026-10-02,C,763.0,10.68,11.17,11.0,809.0,786.0,0.13477427734375003,True,2026-09-25 20:04:09+00:00,SPY261002C00763000
SPY,2026-09-25,771.3499755859375,2026-10-02,C,764.0,9.9,10.24,10.15,258.0,820.0,0.12885392639160154,True,2026-09-25 19:59:07+00:00,SPY261002C00764000
SPY,2026-09-25,771.3499755859375,2026-10-02,C,765.0,9.17,9.44,9.33,1861.0,3285.0,0.12586323364257812,True,2026-09-25 20:14:34+00:00,SPY261002C00765000
SPY,2026-09-25,771.3499755859375,2026-10-02,C,766.0,8.41,8.82,8.63,1534.0,1074.0,0.12671771728515624,True,2026-09-25 20:05:09+00:00,SPY261002C00766000
SPY,2026-09-25,771.3499755859375,2026-10-02,C,767.0,7.73,7.99,7.86,3357.0,1641.0,0.12204857452392578,True,2026-09-25 20:13:43+00:00,SPY261002C00767000
SPY,2026-09-25,771.3499755859375,2026-10-02,C,768.0,7.02,7.34,7.18,2800.0,1698.0,0.12104150451660156,True,2026-09-25 20:13:36+00:00,SPY261002C00768000
SPY,2026-09-25,771.3499755859375,2026-10-02,C,769.0,6.38,6.63,6.38,3841.0,1276.0,0.11811184631347656,True,2026-09-25 20:14:42+00:00,SPY261002C00769000
SPY,2026-09-25,771.3499755859375,2026-10-02,C,770.0,5.82,5.91,5.85,11033.0,5224.0,0.11438873901367189,True,2026-09-25 20:14:54+00:00,SPY261002C00770000
SPY,2026-09-25,771.3499755859375,2026-10-02,C,771.0,5.25,5.27,5.3,4918.0,2511.0,0.11179477081298828,True,2026-09-25 20:14:40+00:00,SPY261002C00771000
SPY,2026-09-25,771.3499755859375,2026-10-02,C,772.0,4.69,4.72,4.71,4205.0,14097.0,0.11054356262207031,False,2026-09-25 20:14:55+00:00,SPY261002C00772000
SPY,2026-09-25,771.3499755859375,2026-10-02,C,773.0,4.18,4.21,4.23,3455.0,3005.0,0.10944494079589843,False,2026-09-25 20:14:44+00:00,SPY261002C00773000
SPY,2026-09-25,771.3499755859375,2026-10-02,C,774.0,3.72,3.74,3.73,2475.0,3540.0,0.10852942260742188,False,2026-09-25 20:13:24+00:00,SPY261002C00774000
SPY,2026-09-25,771.3499755859375,2026-10-02,C,775.0,3.28,3.3,3.32,8507.0,8552.0,0.10752235260009765,False,2026-09-25 20:14:49+00:00,SPY261002C00775000
SPY,2026-09-25,771.3499755859375,2026-10-02,C,776.0,2.88,2.91,2.92,1816.0,1837.0,0.1069425244140625,False,2026-09-25 20:14:12+00:00,SPY261002C00776000
SPY,2026-09-25,771.3499755859375,2026-10-02,C,777.0,2.52,2.55,2.53,2448.0,1023.0,0.10633217895507813,False,2026-09-25 20:14:54+00:00,SPY261002C00777000
SPY,2026-09-25,771.3499755859375,2026-10-02,C,778.0,2.2,2.22,2.23,2129.0,1753.0,0.1056607989501953,False,2026-09-25 20:14:14+00:00,SPY261002C00778000
SPY,2026-09-25,771.3499755859375,2026-10-02,C,779.0,1.92,1.93,1.94,1959.0,2103.0,0.10526407440185548,False,2026-09-25 20:14:33+00:00,SPY261002C00779000
SPY,2026-09-25,771.3499755859375,2026-10-02,C,780.0,1.65,1.67,1.67,10464.0,10222.0,0.10492838439941406,False,2026-09-25 20:14:57+00:00,SPY261002C00780000
SPY,2026-09-25,771.3499755859375,2026-10-02,C,781.0,1.42,1.44,1.43,2032.0,3865.0,0.1046842462158203,False,2026-09-25 20:13:24+00:00,SPY261002C00781000
SPY,2026-09-25,771.3499755859375,2026-10-02,C,782.0,1.22,1.24,1.25,2350.0,1933.0,0.10456217712402342,False,2026-09-25 20:13:36+00:00,SPY261002C00782000
SPY,2026-09-25,771.3499755859375,2026-10-02,C,783.0,1.05,1.06,1.07,1824.0,2072.0,0.1043790734863281,False,2026-09-25 20:14:27+00:00,SPY261002C00783000
SPY,2026-09-25,771.3499755859375,2026-10-02,C,784.0,0.9,0.91,0.9,2287.0,1758.0,0.10456217712402342,False,2026-09-25 20:13:24+00:00,SPY261002C00784000
SPY,2026-09-25,771.3499755859375,2026-10-02,C,785.0,0.76,0.78,0.78,6936.0,58454.0,0.10480631530761718,False,2026-09-25 20:14:52+00:00,SPY261002C00785000
SPY,2026-09-25,771.3499755859375,2026-10-02,C,786.0,0.65,0.66,0.66,2698.0,1392.0,0.10474528076171874,False,2026-09-25 20:14:13+00:00,SPY261002C00786000
SPY,2026-09-25,771.3499755859375,2026-10-02,C,787.0,0.56,0.57,0.57,1932.0,1031.0,0.1054776953125,False,2026-09-25 20:14:21+00:00,SPY261002C00787000
SPY,2026-09-25,771.3499755859375,2026-10-02,C,788.0,0.48,0.49,0.48,1150.0,1368.0,0.10608804077148437,False,2026-09-25 20:14:13+00:00,SPY261002C00788000
SPY,2026-09-25,771.3499755859375,2026-10-02,C,789.0,0.41,0.42,0.41,571.0,2482.0,0.10669838623046876,False,2026-09-25 20:13:24+00:00,SPY261002C00789000
SPY,2026-09-25,771.3499755859375,2026-10-02,C,790.0,0.35,0.36,0.36,9660.0,3933.0,0.10730873168945312,False,2026-09-25 20:14:40+00:00,SPY261002C00790000
SPY,2026-09-25,771.3499755859375,2026-10-02,C,791.0,0.3,0.31,0.3,1031.0,2042.0,0.10804114624023436,False,2026-09-25 20:14:13+00:00,SPY261002C00791000
SPY,2026-09-25,771.3499755859375,2026-10-02,C,792.0,0.26,0.27,0.26,616.0,1820.0,0.10913976806640624,False,2026-09-25 20:14:54+00:00,SPY261002C00792000
SPY,2026-09-25,771.3499755859375,2026-10-02,C,793.0,0.22,0.23,0.22,1011.0,1157.0,0.10962804443359375,False,2026-09-25 20:14:54+00:00,SPY261002C00793000
SPY,2026-09-25,771.3499755859375,2026-10-02,C,794.0,0.19,0.2,0.19,1248.0,1278.0,0.11084873535156249,False,2026-09-25 20:14:54+00:00,SPY261002C00794000
SPY,2026-09-25,771.3499755859375,2026-10-02,C,795.0,0.17,0.18,0.17,1932.0,6132.0,0.11255770263671874,False,2026-09-25 20:14:54+00:00,SPY261002C00795000
SPY,2026-09-25,771.3499755859375,2026-10-02,C,796.0,0.14,0.15,0.15,445.0,852.0,0.1128018408203125,False,2026-09-25 20:14:54+00:00,SPY261002C00796000
SPY,2026-09-25,771.3499755859375,2026-10-02,C,797.0,0.13,0.14,0.13,928.0,2416.0,0.11499908447265625,False,2026-09-25 20:14:54+00:00,SPY261002C00797000
SPY,2026-09-25,771.3499755859375,2026-10-02,C,798.0,0.11,0.12,0.12,582.0,392.0,0.1157314990234375,False,2026-09-25 20:14:44+00:00,SPY261002C00798000
SPY,2026-09-25,771.3499755859375,2026-10-02,C,799.0,0.1,0.11,0.1,146.0,1969.0,0.1176846044921875,False,2026-09-25 20:14:55+00:00,SPY261002C00799000
SPY,2026-09-25,771.3499755859375,2026-10-02,C,800.0,0.09,0.1,0.09,5502.0,6229.0,0.11963770996093749,False,2026-09-25 20:14:55+00:00,SPY261002C00800000
SPY,2026-09-25,771.3499755859375,2026-10-02,C,801.0,0.08,0.09,0.09,46.0,993.0,0.1211025390625,False,2026-09-25 19:58:43+00:00,SPY261002C00801000
SPY,2026-09-25,771.3499755859375,2026-10-02,C,802.0,0.08,0.09,0.08,19.0,161.0,0.1245204736328125,False,2026-09-25 20:14:57+00:00,SPY261002C00802000
SPY,2026-09-25,771.3499755859375,2026-10-02,C,803.0,0.07,0.08,0.07,29.0,334.0,0.12549702636718751,False,2026-09-25 20:14:57+00:00,SPY261002C00803000
SPY,2026-09-25,771.3499755859375,2026-10-02,C,804.0,0.06,0.07,0.07,22.0,445.0,0.12647357910156248,False,2026-09-25 20:07:36+00:00,SPY261002C00804000
SPY,2026-09-25,771.3499755859375,2026-10-02,C,805.0,0.06,0.07,0.06,146.0,776.0,0.129891513671875,False,2026-09-25 19:05:51+00:00,SPY261002C00805000
SPY,2026-09-25,771.3499755859375,2026-10-02,C,806.0,0.05,0.06,0.03,481.0,674.0,0.13037979003906247,False,2026-09-25 14:13:42+00:00,SPY261002C00806000
SPY,2026-09-25,771.3499755859375,2026-10-02,C,807.0,0.05,0.06,0.06,542.0,291.0,0.133797724609375,False,2026-09-25 19:36:13+00:00,SPY261002C00807000
SPY,2026-09-25,771.3499755859375,2026-10-02,C,808.0,0.05,0.06,0.06,982.0,174.0,0.13672738281250002,False,2026-09-25 16:09:04+00:00,SPY261002C00808000
SPY,2026-09-25,771.3499755859375,2026-10-02,C,809.0,0.04,0.05,0.03,2160.0,122.0,0.13672738281250002,False,2026-09-25 14:32:44+00:00,SPY261002C00809000
SPY,2026-09-25,771.3499755859375,2026-10-02,C,810.0,0.04,0.05,0.05,1927.0,839.0,0.139657041015625,False,2026-09-25 18:29:38+00:00,SPY261002C00810000
SPY,2026-09-25,771.3499755859375,2026-10-02,C,811.0,0.04,0.05,0.05,3461.0,536.0,0.14258669921875,False,2026-09-25 19:53:38+00:00,SPY261002C00811000
SPY,2026-09-25,771.3499755859375,2026-10-02,C,812.0,0.04,0.05,0.04,2844.0,234.0,0.14600463378906248,False,2026-09-25 19:37:49+00:00,SPY261002C00812000
SPY,2026-09-25,771.3499755859375,2026-10-02,C,813.0,0.04,0.05,0.04,60.0,235.0,0.1489342919921875,False,2026-09-25 17:50:13+00:00,SPY261002C00813000
SPY,2026-09-25,771.3499755859375,2026-10-02,C,814.0,0.03,0.04,0.04,1178.0,228.0,0.148446015625,False,2026-09-25 19:05:16+00:00,SPY261002C00814000
SPY,2026-09-25,771.3499755859375,2026-10-02,C,815.0,0.03,0.04,0.04,2105.0,793.0,0.15137567382812503,False,2026-09-25 19:51:25+00:00,SPY261002C00815000
SPY,2026-09-25,771.3499755859375,2026-10-02,C,816.0,0.03,0.04,0.04,1459.0,187.0,0.15430533203125002,False,2026-09-25 19:53:19+00:00,SPY261002C00816000
SPY,2026-09-25,771.3499755859375,2026-10-02,C,817.0,0.03,0.04,0.04,7055.0,108.0,0.157234990234375,False,2026-09-25 18:56:16+00:00,SPY261002C00817000
SPY,2026-09-25,771.3499755859375,2026-10-02,C,818.0,0.03,0.04,0.04,6817.0,319.0,0.1601646484375,False,2026-09-25 19:33:12+00:00,SPY261002C00818000
SPY,2026-09-25,771.3499755859375,2026-10-02,C,819.0,0.03,0.04,0.03,34.0,81.0,0.16309430664062502,False,2026-09-24 17:27:09+00:00,SPY261002C00819000
SPY,2026-09-25,771.3499755859375,2026-10-02,C,820.0,0.03,0.04,0.03,50.0,324.0,0.16602396484375004,False,2026-09-25 19:38:20+00:00,SPY261002C00820000
SPY,2026-09-25,771.3499755859375,2026-10-02,C,821.0,0.03,0.04,0.03,898.0,86.0,0.16895362304687503,False,2026-09-25 19:38:13+00:00,SPY261002C00821000
SPY,2026-09-25,771.3499755859375,2026-10-02,C,822.0,0.02,0.03,0.03,830.0,55.0,0.16602396484375004,False,2026-09-25 16:32:38+00:00,SPY261002C00822000
SPY,2026-09-25,771.3499755859375,2026-10-02,C,823.0,0.02,0.03,0.03,736.0,201.0,0.16895362304687503,False,2026-09-25 19:51:20+00:00,SPY261002C00823000
SPY,2026-09-25,771.3499755859375,2026-10-02,C,824.0,0.02,0.03,0.02,1634.0,115.0,0.17188328125000002,False,2026-09-25 19:38:54+00:00,SPY261002C00824000
SPY,2026-09-25,771.3499755859375,2026-10-02,C,825.0,0.02,0.03,0.02,2281.0,420.0,0.174812939453125,False,2026-09-25 19:38:54+00:00,SPY261002C00825000
SPY,2026-09-25,771.3499755859375,2026-10-02,C,830.0,0.02,0.03,0.02,148.0,779.0,0.188484677734375,False,2026-09-25 19:38:54+00:00,SPY261002C00830000
SPY,2026-09-25,771.3499755859375,2026-10-02,C,835.0,0.01,0.02,0.02,8.0,545.0,0.19336744140625,False,2026-09-25 19:54:38+00:00,SPY261002C00835000
SPY,2026-09-25,771.3499755859375,2026-10-02,C,840.0,0.01,0.02,0.02,538.0,919.0,0.20703917968749996,False,2026-09-25 19:05:12+00:00,SPY261002C00840000
SPY,2026-09-25,771.3499755859375,2026-10-02,C,845.0,0.01,0.02,0.02,66.0,154.0,0.22071091796874998,False,2026-09-25 18:49:14+00:00,SPY261002C00845000
SPY,2026-09-25,771.3499755859375,2026-10-02,C,850.0,0.01,0.02,0.02,10.0,1127.0,0.23242955078125,False,2026-09-25 16:12:41+00:00,SPY261002C00850000
SPY,2026-09-25,771.3499755859375,2026-10-02,C,855.0,0.01,0.02,0.02,2.0,70.0,0.2461012890625,False,2026-09-25 18:31:10+00:00,SPY261002C00855000
SPY,2026-09-25,771.3499755859375,2026-10-02,C,860.0,0.01,0.02,0.01,135.0,176.0,0.257819921875,False,2026-09-25 19:51:36+00:00,SPY261002C00860000
SPY,2026-09-25,771.3499755859375,2026-10-02,C,865.0,0.0,0.01,0.01,141.0,332.0,0.25391371093750004,False,2026-09-25 20:10:27+00:00,SPY261002C00865000
SPY,2026-09-25,771.3499755859375,2026-10-02,C,870.0,0.0,0.01,0.02,11.0,79.0,0.26563234375,False,2026-09-22 15:16:51+00:00,SPY261002C00870000
SPY,2026-09-25,771.3499755859375,2026-10-02,C,875.0,0.0,0.01,0.01,3.0,25.0,0.27735097656249996,False,2026-09-21 18:22:45+00:00,SPY261002C00875000
SPY,2026-09-25,771.3499755859375,2026-10-02,C,880.0,0.0,0.01,0.01,1.0,14.0,0.2890696093749999,False,2026-09-22 13:45:03+00:00,SPY261002C00880000
SPY,2026-09-25,771.3499755859375,2026-10-02,C,890.0,0.0,0.01,0.01,10.0,13.0,0.31250687499999996,False,2026-09-04 18:02:41+00:00,SPY261002C00890000
SPY,2026-09-25,771.3499755859375,2026-10-02,C,895.0,0.0,0.01,0.01,1.0,1.0,0.32031929687499994,False,2026-09-25 19:12:50+00:00,SPY261002C00895000
SPY,2026-09-25,771.3499755859375,2026-10-02,C,900.0,0.0,0.01,0.01,5.0,7.0,0.3320379296875,False,2026-09-10 13:31:08+00:00,SPY261002C00900000
SPY,2026-09-25,771.3499755859375,2026-10-02,C,905.0,0.0,0.01,0.01,3.0,3.0,0.3437565625,False,2026-08-31 15:05:27+00:00,SPY261002C00905000
SPY,2026-09-25,771.3499755859375,2026-10-02,C,910.0,0.0,0.0,0.02,1.0,0.0,0.2500075,False,2026-08-21 16:20:32+00:00,SPY261002C00910000
SPY,2026-09-25,771.3499755859375,2026-10-02,C,915.0,0.0,0.01,0.01,1.0,450.0,0.367193828125,False,2026-09-25 19:23:41+00:00,SPY261002C00915000
SPY,2026-09-25,771.3499755859375,2026-10-02,C,920.0,0.0,0.01,0.01,540.0,659.0,0.37500625,False,2026-09-03 16:30:10+00:00,SPY261002C00920000
SPY,2026-09-25,771.3499755859375,2026-10-02,C,925.0,0.0,0.01,0.01,,320.0,0.38672488281249995,False,2026-09-03 16:30:06+00:00,SPY261002C00925000
SPY,2026-09-25,771.3499755859375,2026-10-02,C,930.0,0.0,0.01,0.01,1.0,10.0,0.398443515625,False,2026-09-18 18:43:50+00:00,SPY261002C00930000
SPY,2026-09-25,771.3499755859375,2026-10-02,P,500.0,0.0,0.01,0.01,7.0,1075.0,0.8437515624999999,False,2026-09-25 19:30:58+00:00,SPY261002P00500000
SPY,2026-09-25,771.3499755859375,2026-10-02,P,505.0,0.0,0.01,0.01,1.0,19.0,0.8125018749999999,False,2026-09-25 17:30:42+00:00,SPY261002P00505000
SPY,2026-09-25,771.3499755859375,2026-10-02,P,510.0,0.0,0.01,0.01,31.0,273.0,0.8125018749999999,False,2026-09-22 16:32:49+00:00,SPY261002P00510000
SPY,2026-09-25,771.3499755859375,2026-10-02,P,515.0,0.0,0.01,0.01,27.0,228.0,0.7812521875,False,2026-09-25 17:56:34+00:00,SPY261002P00515000
SPY,2026-09-25,771.3499755859375,2026-10-02,P,520.0,0.0,0.01,0.01,2.0,262.0,0.7656273437500001,False,2026-09-25 17:30:17+00:00,SPY261002P00520000
SPY,2026-09-25,771.3499755859375,2026-10-02,P,525.0,0.0,0.01,0.01,123.0,395.0,0.7500025,False,2026-09-22 19:51:48+00:00,SPY261002P00525000
SPY,2026-09-25,771.3499755859375,2026-10-02,P,530.0,0.0,0.01,0.01,3.0,87.0,0.73437765625,False,2026-09-25 17:30:02+00:00,SPY261002P00530000
SPY,2026-09-25,771.3499755859375,2026-10-02,P,535.0,0.0,0.01,0.01,2.0,198.0,0.7187528125,False,2026-09-25 17:29:48+00:00,SPY261002P00535000
SPY,2026-09-25,771.3499755859375,2026-10-02,P,540.0,0.0,0.01,0.01,300.0,351.0,0.70312796875,False,2026-09-24 16:53:27+00:00,SPY261002P00540000
SPY,2026-09-25,771.3499755859375,2026-10-02,P,545.0,0.0,0.01,0.01,10.0,105.0,0.6875031250000001,False,2026-09-24 13:34:43+00:00,SPY261002P00545000
SPY,2026-09-25,771.3499755859375,2026-10-02,P,550.0,0.0,0.01,0.01,1.0,340.0,0.6718782812500002,False,2026-09-25 15:32:17+00:00,SPY261002P00550000
SPY,2026-09-25,771.3499755859375,2026-10-02,P,555.0,0.0,0.01,0.03,6.0,5124.0,0.6562534375000001,False,2026-09-21 16:54:00+00:00,SPY261002P00555000
SPY,2026-09-25,771.3499755859375,2026-10-02,P,560.0,0.0,0.01,0.01,366.0,10443.0,0.6250037500000001,False,2026-09-25 14:01:58+00:00,SPY261002P00560000
SPY,2026-09-25,771.3499755859375,2026-10-02,P,565.0,0.0,0.01,0.01,80.0,227.0,0.6093789062500001,False,2026-09-25 14:52:29+00:00,SPY261002P00565000
SPY,2026-09-25,771.3499755859375,2026-10-02,P,570.0,0.0,0.01,0.01,1020.0,485.0,0.5937540625000001,False,2026-09-25 14:09:13+00:00,SPY261002P00570000
SPY,2026-09-25,771.3499755859375,2026-10-02,P,575.0,0.0,0.01,0.01,32.0,1360.0,0.57812921875,False,2026-09-25 16:26:48+00:00,SPY261002P00575000
SPY,2026-09-25,771.3499755859375,2026-10-02,P,580.0,0.0,0.01,0.01,100.0,1106.0,0.5625043750000001,False,2026-09-25 16:57:50+00:00,SPY261002P00580000
SPY,2026-09-25,771.3499755859375,2026-10-02,P,585.0,0.0,0.01,0.01,2.0,48.0,0.5468795312500001,False,2026-09-25 19:26:07+00:00,SPY261002P00585000
SPY,2026-09-25,771.3499755859375,2026-10-02,P,590.0,0.0,0.01,0.01,4.0,227.0,0.5312546875,False,2026-09-25 18:17:29+00:00,SPY261002P00590000
SPY,2026-09-25,771.3499755859375,2026-10-02,P,595.0,0.0,0.01,0.02,30000.0,311.0,0.51562984375,False,2026-09-25 18:55:12+00:00,SPY261002P00595000
SPY,2026-09-25,771.3499755859375,2026-10-02,P,600.0,0.0,0.01,0.03,1.0,6368.0,0.500005,False,2026-09-24 13:54:33+00:00,SPY261002P00600000
SPY,2026-09-25,771.3499755859375,2026-10-02,P,605.0,0.0,0.01,0.02,89.0,325.0,0.51562984375,False,2026-09-22 19:22:22+00:00,SPY261002P00605000
SPY,2026-09-25,771.3499755859375,2026-10-02,P,610.0,0.0,0.01,0.01,40.0,701.0,0.500005,False,2026-09-25 20:06:31+00:00,SPY261002P00610000
SPY,2026-09-25,771.3499755859375,2026-10-02,P,615.0,0.01,0.02,0.01,21.0,321.0,0.500005,False,2026-09-25 16:18:57+00:00,SPY261002P00615000
SPY,2026-09-25,771.3499755859375,2026-10-02,P,620.0,0.01,0.02,0.01,13.0,504.0,0.49219257812500006,False,2026-09-25 16:28:12+00:00,SPY261002P00620000
SPY,2026-09-25,771.3499755859375,2026-10-02,P,625.0,0.01,0.02,0.01,80.0,453.0,0.476567734375,False,2026-09-25 19:13:05+00:00,SPY261002P00625000
SPY,2026-09-25,771.3499755859375,2026-10-02,P,630.0,0.01,0.02,0.02,116.0,1253.0,0.46094289062500005,False,2026-09-25 19:26:09+00:00,SPY261002P00630000
SPY,2026-09-25,771.3499755859375,2026-10-02,P,635.0,0.01,0.02,0.02,117.0,855.0,0.445318046875,False,2026-09-25 19:26:08+00:00,SPY261002P00635000
SPY,2026-09-25,771.3499755859375,2026-10-02,P,640.0,0.01,0.02,0.01,7.0,426.0,0.42578699218750005,False,2026-09-25 19:38:42+00:00,SPY261002P00640000
SPY,2026-09-25,771.3499755859375,2026-10-02,P,645.0,0.01,0.02,0.02,104.0,689.0,0.4101621484375,False,2026-09-25 14:47:38+00:00,SPY261002P00645000
SPY,2026-09-25,771.3499755859375,2026-10-02,P,650.0,0.01,0.02,0.03,57.0,2569.0,0.39453730468750003,False,2026-09-25 18:24:30+00:00,SPY261002P00650000
SPY,2026-09-25,771.3499755859375,2026-10-02,P,655.0,0.01,0.02,0.03,75.0,307.0,0.3789124609375,False,2026-09-25 18:50:45+00:00,SPY261002P00655000
SPY,2026-09-25,771.3499755859375,2026-10-02,P,660.0,0.02,0.03,0.03,821.0,497.0,0.37500625,False,2026-09-25 19:13:19+00:00,SPY261002P00660000
SPY,2026-09-25,771.3499755859375,2026-10-02,P,665.0,0.02,0.03,0.03,49.0,548.0,0.35938140625,False,2026-09-25 19:29:10+00:00,SPY261002P00665000
SPY,2026-09-25,771.3499755859375,2026-10-02,P,670.0,0.02,0.03,0.03,6194.0,1828.0,0.3437565625,False,2026-09-25 20:00:06+00:00,SPY261002P00670000
SPY,2026-09-25,771.3499755859375,2026-10-02,P,675.0,0.03,0.04,0.03,3063.0,2502.0,0.335944140625,False,2026-09-25 19:41:40+00:00,SPY261002P00675000
SPY,2026-09-25,771.3499755859375,2026-10-02,P,680.0,0.03,0.04,0.04,110.0,5477.0,0.31836619140624994,False,2026-09-25 19:47:22+00:00,SPY261002P00680000
SPY,2026-09-25,771.3499755859375,2026-10-02,P,685.0,0.03,0.04,0.04,69.0,503.0,0.30274134765625,False,2026-09-25 20:07:09+00:00,SPY261002P00685000
SPY,2026-09-25,771.3499755859375,2026-10-02,P,690.0,0.03,0.04,0.03,561.0,1327.0,0.28516339843749994,False,2026-09-25 20:02:33+00:00,SPY261002P00690000
SPY,2026-09-25,771.3499755859375,2026-10-02,P,695.0,0.04,0.05,0.05,50.0,3815.0,0.27539787109374997,False,2026-09-25 19:53:15+00:00,SPY261002P00695000
SPY,2026-09-25,771.3499755859375,2026-10-02,P,700.0,0.05,0.06,0.06,358.0,10522.0,0.26367923828125,False,2026-09-25 20:04:33+00:00,SPY261002P00700000
SPY,2026-09-25,771.3499755859375,2026-10-02,P,705.0,0.05,0.06,0.07,55.0,1994.0,0.2461012890625,False,2026-09-25 19:00:06+00:00,SPY261002P00705000
SPY,2026-09-25,771.3499755859375,2026-10-02,P,710.0,0.06,0.07,0.07,2829.0,6700.0,0.233406103515625,False,2026-09-25 18:54:49+00:00,SPY261002P00710000
SPY,2026-09-25,771.3499755859375,2026-10-02,P,715.0,0.07,0.08,0.08,181.0,4022.0,0.21973436523437498,False,2026-09-25 19:31:11+00:00,SPY261002P00715000
SPY,2026-09-25,771.3499755859375,2026-10-02,P,720.0,0.09,0.1,0.09,1075.0,2824.0,0.20801573242187496,False,2026-09-25 20:12:02+00:00,SPY261002P00720000
SPY,2026-09-25,771.3499755859375,2026-10-02,P,721.0,0.09,0.1,0.09,455.0,1549.0,0.20410952148437497,False,2026-09-25 19:47:44+00:00,SPY261002P00721000
SPY,2026-09-25,771.3499755859375,2026-10-02,P,722.0,0.09,0.1,0.1,46.0,845.0,0.20069158691406247,False,2026-09-25 20:01:11+00:00,SPY261002P00722000
SPY,2026-09-25,771.3499755859375,2026-10-02,P,723.0,0.1,0.11,0.1,506.0,2223.0,0.1992267578125,False,2026-09-25 19:33:26+00:00,SPY261002P00723000
SPY,2026-09-25,771.3499755859375,2026-10-02,P,724.0,0.1,0.11,0.11,1633.0,1414.0,0.1958088232421875,False,2026-09-25 19:59:16+00:00,SPY261002P00724000
SPY,2026-09-25,771.3499755859375,2026-10-02,P,725.0,0.1,0.11,0.12,250.0,3077.0,0.19190261230468753,False,2026-09-25 19:29:37+00:00,SPY261002P00725000
SPY,2026-09-25,771.3499755859375,2026-10-02,P,726.0,0.11,0.12,0.14,381.0,333.0,0.19068192138671874,False,2026-09-25 17:28:48+00:00,SPY261002P00726000
SPY,2026-09-25,771.3499755859375,2026-10-02,P,727.0,0.11,0.12,0.12,1082.0,813.0,0.1870198486328125,False,2026-09-25 19:29:51+00:00,SPY261002P00727000
SPY,2026-09-25,771.3499755859375,2026-10-02,P,728.0,0.12,0.13,0.14,103.0,466.0,0.18531088134765622,False,2026-09-25 19:09:39+00:00,SPY261002P00728000
SPY,2026-09-25,771.3499755859375,2026-10-02,P,729.0,0.12,0.13,0.14,1325.0,1500.0,0.18164880859375,False,2026-09-25 18:51:18+00:00,SPY261002P00729000
SPY,2026-09-25,771.3499755859375,2026-10-02,P,730.0,0.14,0.15,0.14,360.0,7635.0,0.18164880859375,False,2026-09-25 20:12:02+00:00,SPY261002P00730000
SPY,2026-09-25,771.3499755859375,2026-10-02,P,731.0,0.14,0.15,0.16,1178.0,575.0,0.17774259765625,False,2026-09-25 19:45:35+00:00,SPY261002P00731000
SPY,2026-09-25,771.3499755859375,2026-10-02,P,732.0,0.15,0.16,0.16,214.0,1998.0,0.1757894921875,False,2026-09-25 19:49:08+00:00,SPY261002P00732000
SPY,2026-09-25,771.3499755859375,2026-10-02,P,733.0,0.15,0.16,0.14,357.0,1040.0,0.17188328125000002,False,2026-09-25 19:45:20+00:00,SPY261002P00733000
SPY,2026-09-25,771.3499755859375,2026-10-02,P,734.0,0.16,0.17,0.16,792.0,750.0,0.1694418994140625,False,2026-09-25 19:45:41+00:00,SPY261002P00734000
SPY,2026-09-25,771.3499755859375,2026-10-02,P,735.0,0.18,0.19,0.19,1088.0,3271.0,0.16846534667968754,False,2026-09-25 20:07:14+00:00,SPY261002P00735000
SPY,2026-09-25,771.3499755859375,2026-10-02,P,736.0,0.19,0.2,0.2,336.0,542.0,0.16602396484375004,False,2026-09-25 20:09:56+00:00,SPY261002P00736000
SPY,2026-09-25,771.3499755859375,2026-10-02,P,737.0,0.2,0.21,0.2,688.0,678.0,0.16333844482421878,False,2026-09-25 19:58:32+00:00,SPY261002P00737000
SPY,2026-09-25,771.3499755859375,2026-10-02,P,738.0,0.21,0.22,0.21,949.0,1100.0,0.1606529248046875,False,2026-09-25 19:34:29+00:00,SPY261002P00738000
SPY,2026-09-25,771.3499755859375,2026-10-02,P,739.0,0.23,0.24,0.23,204.0,1135.0,0.15894395751953128,False,2026-09-25 19:53:09+00:00,SPY261002P00739000
SPY,2026-09-25,771.3499755859375,2026-10-02,P,740.0,0.25,0.26,0.26,2192.0,7038.0,0.15699085205078128,False,2026-09-25 20:08:36+00:00,SPY261002P00740000
SPY,2026-09-25,771.3499755859375,2026-10-02,P,741.0,0.26,0.27,0.27,802.0,3628.0,0.1538170556640625,False,2026-09-25 19:58:37+00:00,SPY261002P00741000
SPY,2026-09-25,771.3499755859375,2026-10-02,P,742.0,0.28,0.29,0.29,2780.0,5294.0,0.15161981201171876,False,2026-09-25 19:58:32+00:00,SPY261002P00742000
SPY,2026-09-25,771.3499755859375,2026-10-02,P,743.0,0.31,0.32,0.31,1352.0,1192.0,0.15015498291015628,False,2026-09-25 20:14:44+00:00,SPY261002P00743000
SPY,2026-09-25,771.3499755859375,2026-10-02,P,744.0,0.33,0.34,0.33,1072.0,15467.0,0.1475915319824219,False,2026-09-25 20:14:44+00:00,SPY261002P00744000
SPY,2026-09-25,771.3499755859375,2026-10-02,P,745.0,0.36,0.37,0.36,2638.0,6402.0,0.14576049560546872,False,2026-09-25 20:14:44+00:00,SPY261002P00745000
SPY,2026-09-25,771.3499755859375,2026-10-02,P,746.0,0.39,0.4,0.39,3289.0,6655.0,0.143563251953125,False,2026-09-25 20:14:44+00:00,SPY261002P00746000
SPY,2026-09-25,771.3499755859375,2026-10-02,P,747.0,0.42,0.43,0.42,2099.0,13661.0,0.1412439392089844,False,2026-09-25 20:14:58+00:00,SPY261002P00747000
SPY,2026-09-25,771.3499755859375,2026-10-02,P,748.0,0.46,0.47,0.46,1473.0,2398.0,0.13941290283203128,False,2026-09-25 20:14:42+00:00,SPY261002P00748000
SPY,2026-09-25,771.3499755859375,2026-10-02,P,749.0,0.5,0.51,0.5,1548.0,2248.0,0.13721565917968753,False,2026-09-25 20:14:57+00:00,SPY261002P00749000
SPY,2026-09-25,771.3499755859375,2026-10-02,P,750.0,0.55,0.56,0.54,3710.0,15741.0,0.1355066918945313,False,2026-09-25 20:14:22+00:00,SPY261002P00750000
SPY,2026-09-25,771.3499755859375,2026-10-02,P,751.0,0.6,0.61,0.6,1332.0,1447.0,0.13343151733398437,False,2026-09-25 20:14:55+00:00,SPY261002P00751000
SPY,2026-09-25,771.3499755859375,2026-10-02,P,752.0,0.66,0.67,0.66,2143.0,1592.0,0.13160048095703125,False,2026-09-25 20:14:55+00:00,SPY261002P00752000
SPY,2026-09-25,771.3499755859375,2026-10-02,P,753.0,0.73,0.74,0.74,2051.0,3029.0,0.13001358276367186,False,2026-09-25 20:13:24+00:00,SPY261002P00753000
SPY,2026-09-25,771.3499755859375,2026-10-02,P,754.0,0.8,0.81,0.81,1932.0,1262.0,0.12799944274902342,False,2026-09-25 20:14:53+00:00,SPY261002P00754000
SPY,2026-09-25,771.3499755859375,2026-10-02,P,755.0,0.88,0.9,0.88,3138.0,5467.0,0.12659564819335936,False,2026-09-25 20:14:22+00:00,SPY261002P00755000
SPY,2026-09-25,771.3499755859375,2026-10-02,P,756.0,0.97,0.99,0.98,2391.0,1394.0,0.12476461181640625,False,2026-09-25 20:14:13+00:00,SPY261002P00756000
SPY,2026-09-25,771.3499755859375,2026-10-02,P,757.0,1.08,1.09,1.08,3867.0,2052.0,0.12293357543945313,False,2026-09-25 20:14:44+00:00,SPY261002P00757000
SPY,2026-09-25,771.3499755859375,2026-10-02,P,758.0,1.19,1.21,1.2,3704.0,3308.0,0.12146874633789062,False,2026-09-25 20:14:55+00:00,SPY261002P00758000
SPY,2026-09-25,771.3499755859375,2026-10-02,P,759.0,1.32,1.34,1.33,2351.0,1837.0,0.11988184814453123,False,2026-09-25 20:13:24+00:00,SPY261002P00759000
SPY,2026-09-25,771.3499755859375,2026-10-02,P,760.0,1.46,1.47,1.47,6211.0,9026.0,0.1178677081298828,False,2026-09-25 20:14:31+00:00,SPY261002P00760000
SPY,2026-09-25,771.3499755859375,2026-10-02,P,761.0,1.62,1.64,1.62,1466.0,1186.0,0.11664701721191406,False,2026-09-25 20:14:51+00:00,SPY261002P00761000
SPY,2026-09-25,771.3499755859375,2026-10-02,P,762.0,1.8,1.82,1.8,1934.0,2160.0,0.11518218811035157,False,2026-09-25 20:14:14+00:00,SPY261002P00762000
SPY,2026-09-25,771.3499755859375,2026-10-02,P,763.0,1.99,2.01,1.99,1455.0,3047.0,0.11350373809814451,False,2026-09-25 20:14:26+00:00,SPY261002P00763000
SPY,2026-09-25,771.3499755859375,2026-10-02,P,764.0,2.2,2.23,2.2,1809.0,1914.0,0.11206942626953123,False,2026-09-25 20:14:44+00:00,SPY261002P00764000
SPY,2026-09-25,771.3499755859375,2026-10-02,P,765.0,2.44,2.47,2.44,7942.0,13629.0,0.11063511444091798,False,2026-09-25 20:14:58+00:00,SPY261002P00765000
SPY,2026-09-25,771.3499755859375,2026-10-02,P,766.0,2.7,2.73,2.7,1677.0,1589.0,0.1090787335205078,False,2026-09-25 20:14:17+00:00,SPY261002P00766000
SPY,2026-09-25,771.3499755859375,2026-10-02,P,767.0,2.99,3.02,3.0,4840.0,2555.0,0.10767493896484376,False,2026-09-25 20:14:50+00:00,SPY261002P00767000
SPY,2026-09-25,771.3499755859375,2026-10-02,P,768.0,3.31,3.34,3.29,5450.0,2615.0,0.1063016616821289,False,2026-09-25 20:14:39+00:00,SPY261002P00768000
SPY,2026-09-25,771.3499755859375,2026-10-02,P,769.0,3.67,3.68,3.67,4793.0,789.0,0.10474528076171874,False,2026-09-25 20:13:25+00:00,SPY261002P00769000
SPY,2026-09-25,771.3499755859375,2026-10-02,P,770.0,4.05,4.07,4.06,9835.0,3340.0,0.10358562438964843,False,2026-09-25 20:14:50+00:00,SPY261002P00770000
SPY,2026-09-25,771.3499755859375,2026-10-02,P,771.0,4.47,4.5,4.48,3840.0,769.0,0.10260907165527343,False,2026-09-25 20:14:50+00:00,SPY261002P00771000
SPY,2026-09-25,771.3499755859375,2026-10-02,P,772.0,4.93,4.95,4.92,3228.0,1077.0,0.10132734619140624,True,2026-09-25 20:14:43+00:00,SPY261002P00772000
SPY,2026-09-25,771.3499755859375,2026-10-02,P,773.0,5.43,5.46,5.43,1186.0,1272.0,0.10062544891357422,True,2026-09-25 20:13:25+00:00,SPY261002P00773000
SPY,2026-09-25,771.3499755859375,2026-10-02,P,774.0,5.78,6.0,5.96,295.0,1383.0,0.09980148254394532,True,2026-09-25 19:59:54+00:00,SPY261002P00774000
SPY,2026-09-25,771.3499755859375,2026-10-02,P,775.0,6.38,6.64,6.52,1066.0,1362.0,0.10044234527587889,True,2026-09-25 20:13:40+00:00,SPY261002P00775000
SPY,2026-09-25,771.3499755859375,2026-10-02,P,776.0,6.95,7.29,7.03,320.0,794.0,0.100594931640625,True,2026-09-25 20:05:28+00:00,SPY261002P00776000
SPY,2026-09-25,771.3499755859375,2026-10-02,P,777.0,7.47,7.96,7.82,201.0,386.0,0.10047286254882812,True,2026-09-25 19:56:15+00:00,SPY261002P00777000
SPY,2026-09-25,771.3499755859375,2026-10-02,P,778.0,8.28,8.63,8.13,423.0,332.0,0.09955734436035156,True,2026-09-25 20:13:43+00:00,SPY261002P00778000
SPY,2026-09-25,771.3499755859375,2026-10-02,P,779.0,8.84,9.38,9.02,532.0,249.0,0.0999235516357422,True,2026-09-25 19:58:48+00:00,SPY261002P00779000
SPY,2026-09-25,771.3499755859375,2026-10-02,P,780.0,9.57,10.0,10.0,1729.0,470.0,0.09571216796875001,True,2026-09-25 19:58:17+00:00,SPY261002P00780000
SPY,2026-09-25,771.3499755859375,2026-10-02,P,781.0,9.97,10.91,10.28,1003.0,79.0,0.09919113708496094,True,2026-09-25 19:47:59+00:00,SPY261002P00781000
SPY,2026-09-25,771.3499755859375,2026-10-02,P,782.0,11.18,11.72,11.44,1384.0,83.0,0.09900803344726564,True,2026-09-25 20:13:47+00:00,SPY261002P00782000
SPY,2026-09-25,771.3499755859375,2026-10-02,P,783.0,11.99,12.58,11.51,808.0,61.0,0.09986251708984376,True,2026-09-25 20:02:30+00:00,SPY261002P00783000
SPY,2026-09-25,771.3499755859375,2026-10-02,P,784.0,12.3,13.44,13.94,316.0,9.0,0.09998458618164063,True,2026-09-25 19:30:58+00:00,SPY261002P00784000
SPY,2026-09-25,771.3499755859375,2026-10-02,P,785.0,13.85,14.33,14.06,253.0,43.0,0.10065596618652344,True,2026-09-25 20:13:47+00:00,SPY261002P00785000
SPY,2026-09-25,771.3499755859375,2026-10-02,P,786.0,13.83,16.31,15.19,226.0,0.0,0.1420984228515625,True,2026-09-25 19:41:21+00:00,SPY261002P00786000
SPY,2026-09-25,771.3499755859375,2026-10-02,P,787.0,14.75,17.12,15.58,297.0,0.0,0.14154911193847658,True,2026-09-25 19:33:57+00:00,SPY261002P00787000
SPY,2026-09-25,771.3499755859375,2026-10-02,P,788.0,15.69,17.8,17.73,275.0,0.0,0.1355066918945313,True,2026-09-25 19:31:07+00:00,SPY261002P00788000
SPY,2026-09-25,771.3499755859375,2026-10-02,P,789.0,16.64,18.75,18.68,392.0,0.0,0.13892462646484377,True,2026-09-25 19:34:55+00:00,SPY261002P00789000
SPY,2026-09-25,771.3499755859375,2026-10-02,P,790.0,17.6,19.75,19.69,233.0,0.0,0.1442346319580078,True,2026-09-25 19:35:42+00:00,SPY261002P00790000
SPY,2026-09-25,771.3499755859375,2026-10-02,P,792.0,19.54,21.66,21.27,68.0,0.0,0.15076532836914067,True,2026-09-25 19:13:48+00:00,SPY261002P00792000
SPY,2026-09-25,771.3499755859375,2026-10-02,P,794.0,21.51,23.7,23.3,124.0,,0.1626060302734375,True,2026-09-25 18:37:57+00:00,SPY261002P00794000
SPY,2026-09-25,771.3499755859375,2026-10-02,P,795.0,22.5,24.65,24.0,64.0,2.0,0.16529155029296877,True,2026-09-25 18:46:25+00:00,SPY261002P00795000
SPY,2026-09-25,771.3499755859375,2026-10-02,P,796.0,23.29,25.68,24.54,282.0,0.0,0.1715781085205078,True,2026-09-25 19:56:22+00:00,SPY261002P00796000
SPY,2026-09-25,771.3499755859375,2026-10-02,P,797.0,24.29,26.73,26.08,224.0,0.0,0.17884121948242188,True,2026-09-25 19:17:35+00:00,SPY261002P00797000
SPY,2026-09-25,771.3499755859375,2026-10-02,P,799.0,26.36,28.7,27.09,76.0,1.0,0.1871419177246094,True,2026-09-25 19:46:56+00:00,SPY261002P00799000
SPY,2026-09-25,771.3499755859375,2026-10-02,P,800.0,27.08,29.66,28.21,254.0,2.0,0.18994950683593753,True,2026-09-25 19:53:33+00:00,SPY261002P00800000
SPY,2026-09-25,771.3499755859375,2026-10-02,P,801.0,28.35,30.67,30.32,313.0,0.0,0.1951374432373047,True,2026-09-25 19:09:43+00:00,SPY261002P00801000
SPY,2026-09-25,771.3499755859375,2026-10-02,P,802.0,29.33,31.66,31.74,212.0,0.0,0.19934882690429687,True,2026-09-25 19:30:21+00:00,SPY261002P00802000
SPY,2026-09-25,771.3499755859375,2026-10-02,P,803.0,30.35,32.67,31.86,144.0,,0.20447572875976558,True,2026-09-25 19:43:11+00:00,SPY261002P00803000
SPY,2026-09-25,771.3499755859375,2026-10-02,P,805.0,32.34,34.67,33.6,78.0,0.0,0.21375297973632812,True,2026-09-25 19:56:40+00:00,SPY261002P00805000
SPY,2026-09-25,771.3499755859375,2026-10-02,P,806.0,33.31,35.65,35.62,114.0,0.0,0.2172929833984375,True,2026-09-25 19:26:15+00:00,SPY261002P00806000
SPY,2026-09-25,771.3499755859375,2026-10-02,P,810.0,37.34,39.66,43.1,1.0,1.0,0.23584748535156247,True,2026-09-24 20:10:52+00:00,SPY261002P00810000
SPY,2026-09-25,771.3499755859375,2026-10-02,P,811.0,38.31,40.66,44.56,,0.0,0.24036404174804685,True,2026-08-26 20:01:33+00:00,SPY261002P00811000
SPY,2026-09-25,771.3499755859375,2026-10-02,P,813.0,40.31,42.63,42.18,6.0,0.0,0.24732197998046873,True,2026-09-25 18:29:54+00:00,SPY261002P00813000
SPY,2026-09-25,771.3499755859375,2026-10-02,P,816.0,43.33,45.66,44.95,36.0,0.0,0.2622144091796875,True,2026-09-25 18:35:13+00:00,SPY261002P00816000
SPY,2026-09-25,771.3499755859375,2026-10-02,P,822.0,49.31,51.66,51.61,2.0,0.0,0.28784891845703114,True,2026-09-25 19:32:52+00:00,SPY261002P00822000
SPY,2026-09-25,771.3499755859375,2026-10-02,P,830.0,57.35,59.66,59.7,2.0,0.0,0.3210517114257812,True,2026-09-25 19:28:53+00:00,SPY261002P00830000
SPY,2026-09-25,771.3499755859375,2026-10-02,P,835.0,62.35,64.63,61.87,,,0.33899586791992187,True,2026-09-21 17:46:08+00:00,SPY261002P00835000
SPY,2026-09-25,771.3499755859375,2026-10-02,P,855.0,82.31,84.65,88.2,1.0,0.0,0.41797457031249996,True,2026-08-31 18:16:35+00:00,SPY261002P00855000
SPY,2026-09-25,771.3499755859375,2026-10-05,C,700.0,71.06,73.35,71.7,36.0,2.0,0.4061338684082031,True,2026-09-25 19:17:34+00:00,SPY261005C00700000
SPY,2026-09-25,771.3499755859375,2026-10-05,C,710.0,60.65,63.38,60.36,6.0,2.0,0.36176175354003903,True,2026-09-25 13:54:17+00:00,SPY261005C00710000
SPY,2026-09-25,771.3499755859375,2026-10-05,C,720.0,51.14,53.43,55.6,,1.0,0.3175117077636719,True,2026-09-22 19:20:06+00:00,SPY261005C00720000
SPY,2026-09-25,771.3499755859375,2026-10-05,C,745.0,26.14,28.93,26.66,33.0,9.0,0.21192194335937498,True,2026-09-25 19:17:35+00:00,SPY261005C00745000
SPY,2026-09-25,771.3499755859375,2026-10-05,C,750.0,21.39,23.96,22.79,16.0,4.0,0.18598226135253904,True,2026-09-25 20:10:29+00:00,SPY261005C00750000
SPY,2026-09-25,771.3499755859375,2026-10-05,C,760.0,13.58,14.18,14.31,631.0,101.0,0.13404186279296876,True,2026-09-25 19:44:31+00:00,SPY261005C00760000
SPY,2026-09-25,771.3499755859375,2026-10-05,C,762.0,11.94,12.6,12.22,188.0,89.0,0.13080703186035153,True,2026-09-25 17:30:58+00:00,SPY261005C00762000
SPY,2026-09-25,771.3499755859375,2026-10-05,C,764.0,10.41,10.91,10.02,244.0,87.0,0.12397116271972657,True,2026-09-25 19:51:07+00:00,SPY261005C00764000
SPY,2026-09-25,771.3499755859375,2026-10-05,C,765.0,9.67,10.1,9.89,661.0,501.0,0.12088891815185548,True,2026-09-25 20:11:49+00:00,SPY261005C00765000
SPY,2026-09-25,771.3499755859375,2026-10-05,C,766.0,8.94,9.39,8.9,192.0,198.0,0.11945460632324219,True,2026-09-25 18:46:10+00:00,SPY261005C00766000
SPY,2026-09-25,771.3499755859375,2026-10-05,C,767.0,8.23,8.61,8.45,622.0,135.0,0.11625029266357423,True,2026-09-25 20:11:49+00:00,SPY261005C00767000
SPY,2026-09-25,771.3499755859375,2026-10-05,C,768.0,7.56,7.9,7.73,1468.0,93.0,0.11402253173828125,True,2026-09-25 20:13:36+00:00,SPY261005C00768000
SPY,2026-09-25,771.3499755859375,2026-10-05,C,769.0,6.93,7.22,6.67,363.0,585.0,0.11194735717773435,True,2026-09-25 19:37:34+00:00,SPY261005C00769000
SPY,2026-09-25,771.3499755859375,2026-10-05,C,770.0,6.34,6.55,6.43,958.0,339.0,0.10959752716064453,True,2026-09-25 20:11:16+00:00,SPY261005C00770000
SPY,2026-09-25,771.3499755859375,2026-10-05,C,771.0,5.78,5.83,5.83,2265.0,144.0,0.10584390258789061,True,2026-09-25 20:14:56+00:00,SPY261005C00771000
SPY,2026-09-25,771.3499755859375,2026-10-05,C,772.0,5.23,5.27,5.28,537.0,227.0,0.10456217712402342,False,2026-09-25 20:00:20+00:00,SPY261005C00772000
SPY,2026-09-25,771.3499755859375,2026-10-05,C,773.0,4.71,4.75,4.77,384.0,215.0,0.10349407257080076,False,2026-09-25 20:14:10+00:00,SPY261005C00773000
SPY,2026-09-25,771.3499755859375,2026-10-05,C,774.0,4.24,4.27,4.33,507.0,192.0,0.10263958892822264,False,2026-09-25 20:06:15+00:00,SPY261005C00774000
SPY,2026-09-25,771.3499755859375,2026-10-05,C,775.0,3.77,3.82,3.83,1180.0,1225.0,0.10178510528564452,False,2026-09-25 20:14:02+00:00,SPY261005C00775000
SPY,2026-09-25,771.3499755859375,2026-10-05,C,776.0,3.35,3.39,3.35,276.0,237.0,0.1007475180053711,False,2026-09-25 19:59:27+00:00,SPY261005C00776000
SPY,2026-09-25,771.3499755859375,2026-10-05,C,777.0,2.98,3.01,3.1,370.0,153.0,0.1001066552734375,False,2026-09-25 20:08:08+00:00,SPY261005C00777000
SPY,2026-09-25,771.3499755859375,2026-10-05,C,778.0,2.62,2.66,2.65,678.0,265.0,0.09949630981445312,False,2026-09-25 20:05:27+00:00,SPY261005C00778000
SPY,2026-09-25,771.3499755859375,2026-10-05,C,779.0,2.31,2.34,2.29,422.0,126.0,0.0989469989013672,False,2026-09-25 19:59:31+00:00,SPY261005C00779000
SPY,2026-09-25,771.3499755859375,2026-10-05,C,780.0,2.02,2.05,2.06,1719.0,942.0,0.09839768798828125,False,2026-09-25 20:14:27+00:00,SPY261005C00780000
SPY,2026-09-25,771.3499755859375,2026-10-05,C,781.0,1.77,1.79,1.78,221.0,283.0,0.0979704461669922,False,2026-09-25 20:00:27+00:00,SPY261005C00781000
SPY,2026-09-25,771.3499755859375,2026-10-05,C,782.0,1.54,1.56,1.6,210.0,215.0,0.0976652734375,False,2026-09-25 20:08:29+00:00,SPY261005C00782000
SPY,2026-09-25,771.3499755859375,2026-10-05,C,783.0,1.34,1.35,1.36,324.0,191.0,0.09729906616210937,False,2026-09-25 19:27:41+00:00,SPY261005C00783000
SPY,2026-09-25,771.3499755859375,2026-10-05,C,784.0,1.16,1.17,1.18,60.0,308.0,0.0971769970703125,False,2026-09-25 20:13:52+00:00,SPY261005C00784000
SPY,2026-09-25,771.3499755859375,2026-10-05,C,785.0,1.0,1.01,1.01,555.0,614.0,0.09705492797851564,False,2026-09-25 20:13:11+00:00,SPY261005C00785000
SPY,2026-09-25,771.3499755859375,2026-10-05,C,786.0,0.86,0.87,0.88,334.0,172.0,0.0969938934326172,False,2026-09-25 19:54:22+00:00,SPY261005C00786000
SPY,2026-09-25,771.3499755859375,2026-10-05,C,787.0,0.74,0.75,0.82,334.0,328.0,0.09711596252441407,False,2026-09-25 19:51:24+00:00,SPY261005C00787000
SPY,2026-09-25,771.3499755859375,2026-10-05,C,788.0,0.63,0.65,0.64,781.0,460.0,0.09742113525390625,False,2026-09-25 20:05:27+00:00,SPY261005C00788000
SPY,2026-09-25,771.3499755859375,2026-10-05,C,789.0,0.55,0.56,0.54,221.0,203.0,0.0976652734375,False,2026-09-25 20:00:26+00:00,SPY261005C00789000
SPY,2026-09-25,771.3499755859375,2026-10-05,C,790.0,0.47,0.48,0.48,2024.0,516.0,0.09790941162109376,False,2026-09-25 20:11:58+00:00,SPY261005C00790000
SPY,2026-09-25,771.3499755859375,2026-10-05,C,791.0,0.41,0.42,0.39,1729.0,496.0,0.098641826171875,False,2026-09-25 19:50:39+00:00,SPY261005C00791000
SPY,2026-09-25,771.3499755859375,2026-10-05,C,792.0,0.35,0.36,0.31,615.0,106.0,0.09888596435546876,False,2026-09-25 17:43:08+00:00,SPY261005C00792000
SPY,2026-09-25,771.3499755859375,2026-10-05,C,793.0,0.3,0.31,0.29,312.0,221.0,0.09937424072265624,False,2026-09-25 20:00:01+00:00,SPY261005C00793000
SPY,2026-09-25,771.3499755859375,2026-10-05,C,794.0,0.26,0.27,0.27,457.0,80.0,0.1001066552734375,False,2026-09-25 20:10:26+00:00,SPY261005C00794000
SPY,2026-09-25,771.3499755859375,2026-10-05,C,795.0,0.23,0.24,0.22,1042.0,142.0,0.10120527709960936,False,2026-09-25 20:00:01+00:00,SPY261005C00795000
SPY,2026-09-25,771.3499755859375,2026-10-05,C,796.0,0.2,0.21,0.19,701.0,136.0,0.10205976074218749,False,2026-09-25 19:59:03+00:00,SPY261005C00796000
SPY,2026-09-25,771.3499755859375,2026-10-05,C,797.0,0.18,0.19,0.18,468.0,94.0,0.10340252075195311,False,2026-09-25 19:50:39+00:00,SPY261005C00797000
SPY,2026-09-25,771.3499755859375,2026-10-05,C,798.0,0.16,0.17,0.13,12.0,36.0,0.10450114257812498,False,2026-09-24 16:16:22+00:00,SPY261005C00798000
SPY,2026-09-25,771.3499755859375,2026-10-05,C,799.0,0.14,0.15,0.12,179.0,19.0,0.1054776953125,False,2026-09-25 18:51:33+00:00,SPY261005C00799000
SPY,2026-09-25,771.3499755859375,2026-10-05,C,800.0,0.12,0.13,0.13,498.0,1213.0,0.10621010986328125,False,2026-09-25 20:02:04+00:00,SPY261005C00800000
SPY,2026-09-25,771.3499755859375,2026-10-05,C,801.0,0.11,0.12,0.06,23.0,175.0,0.1079190771484375,False,2026-09-24 13:30:08+00:00,SPY261005C00801000
SPY,2026-09-25,771.3499755859375,2026-10-05,C,802.0,0.1,0.11,0.1,82.0,130.0,0.10938390625,False,2026-09-25 18:18:27+00:00,SPY261005C00802000
SPY,2026-09-25,771.3499755859375,2026-10-05,C,803.0,0.09,0.1,0.08,26.0,272.0,0.11084873535156249,False,2026-09-25 18:37:57+00:00,SPY261005C00803000
SPY,2026-09-25,771.3499755859375,2026-10-05,C,804.0,0.08,0.09,0.08,10.0,35.0,0.11182528808593749,False,2026-09-24 17:17:09+00:00,SPY261005C00804000
SPY,2026-09-25,771.3499755859375,2026-10-05,C,805.0,0.08,0.09,0.07,85.0,875.0,0.1147549462890625,False,2026-09-25 18:52:07+00:00,SPY261005C00805000
SPY,2026-09-25,771.3499755859375,2026-10-05,C,806.0,0.07,0.08,0.07,27.0,89.0,0.1157314990234375,False,2026-09-24 19:19:03+00:00,SPY261005C00806000
SPY,2026-09-25,771.3499755859375,2026-10-05,C,807.0,0.07,0.08,0.05,24.0,197.0,0.1186611572265625,False,2026-09-24 15:36:10+00:00,SPY261005C00807000
SPY,2026-09-25,771.3499755859375,2026-10-05,C,809.0,0.06,0.07,0.08,279.0,58.0,0.1215908154296875,False,2026-09-25 16:13:21+00:00,SPY261005C00809000
SPY,2026-09-25,771.3499755859375,2026-10-05,C,810.0,0.05,0.06,0.05,17.0,157.0,0.12207909179687501,False,2026-09-25 19:47:32+00:00,SPY261005C00810000
SPY,2026-09-25,771.3499755859375,2026-10-05,C,815.0,0.04,0.05,0.05,72.0,72.0,0.13233289550781252,False,2026-09-25 17:10:21+00:00,SPY261005C00815000
SPY,2026-09-25,771.3499755859375,2026-10-05,C,820.0,0.03,0.04,0.03,3.0,32.0,0.141610146484375,False,2026-09-23 16:32:35+00:00,SPY261005C00820000
SPY,2026-09-25,771.3499755859375,2026-10-05,C,825.0,0.03,0.04,0.03,24.0,72.0,0.15332877929687502,False,2026-09-23 18:14:45+00:00,SPY261005C00825000
SPY,2026-09-25,771.3499755859375,2026-10-05,C,830.0,0.02,0.03,0.03,24.0,57.0,0.1601646484375,False,2026-09-25 19:00:48+00:00,SPY261005C00830000
SPY,2026-09-25,771.3499755859375,2026-10-05,C,840.0,0.01,0.02,0.03,,3.0,0.1757894921875,False,2026-09-22 17:19:28+00:00,SPY261005C00840000
SPY,2026-09-25,771.3499755859375,2026-10-05,P,585.0,0.01,0.02,0.03,,48.0,0.5117236328125,False,2026-09-22 15:30:11+00:00,SPY261005P00585000
SPY,2026-09-25,771.3499755859375,2026-10-05,P,595.0,0.01,0.02,0.02,25.0,25.0,0.49219257812500006,False,2026-09-23 13:41:48+00:00,SPY261005P00595000
SPY,2026-09-25,771.3499755859375,2026-10-05,P,610.0,0.01,0.02,0.03,1.0,1.0,0.44922425781249997,False,2026-09-25 17:38:00+00:00,SPY261005P00610000
SPY,2026-09-25,771.3499755859375,2026-10-05,P,660.0,0.03,0.04,0.08,,5.0,0.33008482421874996,False,2026-09-22 13:59:11+00:00,SPY261005P00660000
SPY,2026-09-25,771.3499755859375,2026-10-05,P,665.0,0.03,0.04,0.05,30.0,50.0,0.31445998046874996,False,2026-09-25 17:59:47+00:00,SPY261005P00665000
SPY,2026-09-25,771.3499755859375,2026-10-05,P,675.0,0.04,0.05,0.06,170.0,2.0,0.2929758203124999,False,2026-09-25 13:56:06+00:00,SPY261005P00675000
SPY,2026-09-25,771.3499755859375,2026-10-05,P,680.0,0.04,0.05,0.07,5.0,2.0,0.278327529296875,False,2026-09-25 17:39:29+00:00,SPY261005P00680000
SPY,2026-09-25,771.3499755859375,2026-10-05,P,685.0,0.05,0.06,0.07,1.0,14.0,0.2695385546875,False,2026-09-25 17:38:12+00:00,SPY261005P00685000
SPY,2026-09-25,771.3499755859375,2026-10-05,P,690.0,0.05,0.06,0.18,1.0,3.0,0.25440198730468755,False,2026-09-24 15:13:23+00:00,SPY261005P00690000
SPY,2026-09-25,771.3499755859375,2026-10-05,P,695.0,0.06,0.07,0.12,5.0,6.0,0.24414818359375,False,2026-09-23 16:07:34+00:00,SPY261005P00695000
SPY,2026-09-25,771.3499755859375,2026-10-05,P,700.0,0.07,0.08,0.09,169.0,184.0,0.23242955078125,False,2026-09-25 19:51:41+00:00,SPY261005P00700000
SPY,2026-09-25,771.3499755859375,2026-10-05,P,705.0,0.08,0.09,0.11,1.0,98.0,0.22071091796874998,False,2026-09-25 17:56:59+00:00,SPY261005P00705000
SPY,2026-09-25,771.3499755859375,2026-10-05,P,710.0,0.09,0.1,0.1,12.0,172.0,0.20801573242187496,False,2026-09-25 19:36:10+00:00,SPY261005P00710000
SPY,2026-09-25,771.3499755859375,2026-10-05,P,715.0,0.11,0.12,0.13,65.0,74.0,0.19727365234375,False,2026-09-25 18:54:49+00:00,SPY261005P00715000
SPY,2026-09-25,771.3499755859375,2026-10-05,P,720.0,0.13,0.14,0.17,49.0,189.0,0.18555501953124998,False,2026-09-25 16:35:34+00:00,SPY261005P00720000
SPY,2026-09-25,771.3499755859375,2026-10-05,P,725.0,0.16,0.17,0.19,97.0,43.0,0.17456880126953128,False,2026-09-25 18:20:51+00:00,SPY261005P00725000
SPY,2026-09-25,771.3499755859375,2026-10-05,P,727.0,0.17,0.18,0.34,11.0,9.0,0.1694418994140625,False,2026-09-25 14:41:22+00:00,SPY261005P00727000
SPY,2026-09-25,771.3499755859375,2026-10-05,P,729.0,0.19,0.2,0.29,26.0,11.0,0.16553568847656253,False,2026-09-23 20:04:28+00:00,SPY261005P00729000
SPY,2026-09-25,771.3499755859375,2026-10-05,P,730.0,0.2,0.21,0.21,108.0,387.0,0.16333844482421878,False,2026-09-25 19:57:07+00:00,SPY261005P00730000
SPY,2026-09-25,771.3499755859375,2026-10-05,P,731.0,0.21,0.22,0.26,437.0,272.0,0.161141201171875,False,2026-09-25 17:25:50+00:00,SPY261005P00731000
SPY,2026-09-25,771.3499755859375,2026-10-05,P,734.0,0.25,0.26,0.43,4.0,18.0,0.15528188476562502,False,2026-09-24 17:06:45+00:00,SPY261005P00734000
SPY,2026-09-25,771.3499755859375,2026-10-05,P,735.0,0.26,0.27,0.27,95.0,81.0,0.15259636474609378,False,2026-09-25 20:00:23+00:00,SPY261005P00735000
SPY,2026-09-25,771.3499755859375,2026-10-05,P,736.0,0.28,0.29,0.32,42.0,28.0,0.1511315356445313,False,2026-09-25 18:26:25+00:00,SPY261005P00736000
SPY,2026-09-25,771.3499755859375,2026-10-05,P,737.0,0.3,0.31,0.31,188.0,691.0,0.14930049926757813,False,2026-09-25 20:12:16+00:00,SPY261005P00737000
SPY,2026-09-25,771.3499755859375,2026-10-05,P,738.0,0.31,0.32,0.32,69.0,168.0,0.14649291015625,False,2026-09-25 20:07:26+00:00,SPY261005P00738000
SPY,2026-09-25,771.3499755859375,2026-10-05,P,740.0,0.36,0.37,0.36,312.0,150.0,0.1431970446777344,False,2026-09-25 19:58:27+00:00,SPY261005P00740000
SPY,2026-09-25,771.3499755859375,2026-10-05,P,741.0,0.38,0.39,0.39,157.0,21.0,0.14087773193359376,False,2026-09-25 19:51:54+00:00,SPY261005P00741000
SPY,2026-09-25,771.3499755859375,2026-10-05,P,742.0,0.41,0.42,0.49,33.0,63.0,0.13916876464843753,False,2026-09-25 17:19:39+00:00,SPY261005P00742000
SPY,2026-09-25,771.3499755859375,2026-10-05,P,743.0,0.44,0.45,0.5,442.0,31.0,0.1373377282714844,False,2026-09-25 17:43:08+00:00,SPY261005P00743000
SPY,2026-09-25,771.3499755859375,2026-10-05,P,744.0,0.47,0.48,0.5,451.0,95.0,0.13538462280273442,False,2026-09-25 19:22:50+00:00,SPY261005P00744000
SPY,2026-09-25,771.3499755859375,2026-10-05,P,745.0,0.51,0.52,0.52,671.0,314.0,0.133797724609375,False,2026-09-25 20:12:27+00:00,SPY261005P00745000
SPY,2026-09-25,771.3499755859375,2026-10-05,P,746.0,0.55,0.56,0.54,71.0,70.0,0.13196668823242189,False,2026-09-25 19:58:58+00:00,SPY261005P00746000
SPY,2026-09-25,771.3499755859375,2026-10-05,P,747.0,0.6,0.61,0.57,106.0,1175.0,0.13062392822265623,False,2026-09-25 19:45:04+00:00,SPY261005P00747000
SPY,2026-09-25,771.3499755859375,2026-10-05,P,748.0,0.65,0.66,0.64,41.0,179.0,0.1289149609375,False,2026-09-25 20:00:20+00:00,SPY261005P00748000
SPY,2026-09-25,771.3499755859375,2026-10-05,P,749.0,0.7,0.71,0.68,287.0,986.0,0.12702289001464845,False,2026-09-25 19:45:37+00:00,SPY261005P00749000
SPY,2026-09-25,771.3499755859375,2026-10-05,P,750.0,0.76,0.78,0.74,439.0,1322.0,0.1258021990966797,False,2026-09-25 19:45:35+00:00,SPY261005P00750000
SPY,2026-09-25,771.3499755859375,2026-10-05,P,751.0,0.83,0.84,0.83,328.0,1029.0,0.12391012817382813,False,2026-09-25 20:05:27+00:00,SPY261005P00751000
SPY,2026-09-25,771.3499755859375,2026-10-05,P,752.0,0.9,0.92,0.87,611.0,710.0,0.12256736816406251,False,2026-09-25 19:45:36+00:00,SPY261005P00752000
SPY,2026-09-25,771.3499755859375,2026-10-05,P,753.0,0.98,1.0,1.0,363.0,1216.0,0.12098046997070314,False,2026-09-25 20:14:50+00:00,SPY261005P00753000
SPY,2026-09-25,771.3499755859375,2026-10-05,P,754.0,1.07,1.09,1.04,104.0,396.0,0.11939357177734375,False,2026-09-25 19:51:01+00:00,SPY261005P00754000
SPY,2026-09-25,771.3499755859375,2026-10-05,P,755.0,1.17,1.19,1.17,576.0,1171.0,0.11792874267578124,False,2026-09-25 20:07:40+00:00,SPY261005P00755000
SPY,2026-09-25,771.3499755859375,2026-10-05,P,756.0,1.28,1.3,1.28,249.0,665.0,0.11646391357421876,False,2026-09-25 20:01:31+00:00,SPY261005P00756000
SPY,2026-09-25,771.3499755859375,2026-10-05,P,757.0,1.4,1.42,1.4,237.0,415.0,0.11499908447265625,False,2026-09-25 20:10:33+00:00,SPY261005P00757000
SPY,2026-09-25,771.3499755859375,2026-10-05,P,758.0,1.53,1.55,1.54,93.0,78.0,0.1134732208251953,False,2026-09-25 20:10:48+00:00,SPY261005P00758000
SPY,2026-09-25,771.3499755859375,2026-10-05,P,759.0,1.67,1.7,1.66,189.0,337.0,0.11213046081542967,False,2026-09-25 20:06:38+00:00,SPY261005P00759000
SPY,2026-09-25,771.3499755859375,2026-10-05,P,760.0,1.83,1.86,1.85,998.0,848.0,0.11072666625976563,False,2026-09-25 20:13:57+00:00,SPY261005P00760000
SPY,2026-09-25,771.3499755859375,2026-10-05,P,761.0,2.0,2.03,2.01,279.0,340.0,0.10920080261230468,False,2026-09-25 20:10:33+00:00,SPY261005P00761000
SPY,2026-09-25,771.3499755859375,2026-10-05,P,762.0,2.19,2.22,2.18,331.0,226.0,0.1077359735107422,False,2026-09-25 20:05:40+00:00,SPY261005P00762000
SPY,2026-09-25,771.3499755859375,2026-10-05,P,763.0,2.39,2.44,2.37,393.0,398.0,0.10657631713867188,False,2026-09-25 20:06:38+00:00,SPY261005P00763000
SPY,2026-09-25,771.3499755859375,2026-10-05,P,764.0,2.62,2.66,2.61,321.0,243.0,0.1049894189453125,False,2026-09-25 20:05:27+00:00,SPY261005P00764000
SPY,2026-09-25,771.3499755859375,2026-10-05,P,765.0,2.86,2.91,2.87,731.0,1140.0,0.10364665893554686,False,2026-09-25 19:59:54+00:00,SPY261005P00765000
SPY,2026-09-25,771.3499755859375,2026-10-05,P,766.0,3.14,3.18,3.12,1041.0,666.0,0.1022428643798828,False,2026-09-25 20:05:40+00:00,SPY261005P00766000
SPY,2026-09-25,771.3499755859375,2026-10-05,P,767.0,3.44,3.49,3.43,446.0,540.0,0.10114424255371093,False,2026-09-25 20:01:54+00:00,SPY261005P00767000
SPY,2026-09-25,771.3499755859375,2026-10-05,P,768.0,3.76,3.82,3.72,2636.0,140.0,0.09998458618164063,False,2026-09-25 20:01:07+00:00,SPY261005P00768000
SPY,2026-09-25,771.3499755859375,2026-10-05,P,769.0,4.11,4.15,4.14,1872.0,117.0,0.09827561889648437,False,2026-09-25 20:14:21+00:00,SPY261005P00769000
SPY,2026-09-25,771.3499755859375,2026-10-05,P,770.0,4.49,4.52,4.52,1901.0,747.0,0.09681078979492189,False,2026-09-25 20:14:50+00:00,SPY261005P00770000
SPY,2026-09-25,771.3499755859375,2026-10-05,P,771.0,4.91,4.96,4.89,2028.0,194.0,0.09613940979003907,False,2026-09-25 20:14:33+00:00,SPY261005P00771000
SPY,2026-09-25,771.3499755859375,2026-10-05,P,772.0,5.36,5.41,5.38,1262.0,148.0,0.09504078796386721,True,2026-09-25 20:13:25+00:00,SPY261005P00772000
SPY,2026-09-25,771.3499755859375,2026-10-05,P,773.0,5.85,5.9,5.72,659.0,210.0,0.09412526977539062,True,2026-09-25 20:07:35+00:00,SPY261005P00773000
SPY,2026-09-25,771.3499755859375,2026-10-05,P,774.0,6.34,6.42,6.27,103.0,117.0,0.09314871704101563,True,2026-09-25 20:08:59+00:00,SPY261005P00774000
SPY,2026-09-25,771.3499755859375,2026-10-05,P,775.0,6.76,7.06,6.98,558.0,219.0,0.09388113159179687,True,2026-09-25 20:03:48+00:00,SPY261005P00775000
SPY,2026-09-25,771.3499755859375,2026-10-05,P,776.0,7.3,7.64,7.1,358.0,100.0,0.09284354431152343,True,2026-09-25 19:53:23+00:00,SPY261005P00776000
SPY,2026-09-25,771.3499755859375,2026-10-05,P,777.0,7.88,8.33,8.45,241.0,177.0,0.09339285522460938,True,2026-09-25 19:37:03+00:00,SPY261005P00777000
SPY,2026-09-25,771.3499755859375,2026-10-05,P,778.0,8.5,8.99,9.01,65.0,71.0,0.09272147521972655,True,2026-09-25 18:27:04+00:00,SPY261005P00778000
SPY,2026-09-25,771.3499755859375,2026-10-05,P,779.0,9.12,9.65,9.75,68.0,6.0,0.09140923248291015,True,2026-09-25 18:47:51+00:00,SPY261005P00779000
SPY,2026-09-25,771.3499755859375,2026-10-05,P,780.0,9.78,10.42,11.04,14.0,88.0,0.09192802612304687,True,2026-09-25 19:40:20+00:00,SPY261005P00780000
SPY,2026-09-25,771.3499755859375,2026-10-05,P,781.0,10.45,11.17,11.09,42.0,1.0,0.09134819793701171,True,2026-09-25 17:41:14+00:00,SPY261005P00781000
SPY,2026-09-25,771.3499755859375,2026-10-05,P,784.0,12.61,13.85,16.67,2.0,1.0,0.0981535498046875,True,2026-09-25 14:43:11+00:00,SPY261005P00784000
SPY,2026-09-25,771.3499755859375,2026-10-05,P,785.0,13.38,14.82,17.0,7.0,4.0,0.10212079528808593,True,2026-09-23 18:04:54+00:00,SPY261005P00785000
SPY,2026-09-25,771.3499755859375,2026-10-05,P,788.0,15.71,17.88,17.63,3.0,0.0,0.118172880859375,True,2026-09-23 14:55:20+00:00,SPY261005P00788000
SPY,2026-09-25,771.3499755859375,2026-10-05,P,790.0,17.6,19.77,19.25,11.0,0.0,0.12366598999023437,True,2026-09-25 17:54:44+00:00,SPY261005P00790000
SPY,2026-09-25,771.3499755859375,2026-10-05,P,794.0,21.47,23.72,23.13,6.0,0.0,0.13941290283203128,True,2026-09-25 19:23:15+00:00,SPY261005P00794000
SPY,2026-09-25,771.3499755859375,2026-10-06,C,760.0,13.96,14.42,14.27,21.0,76.0,0.1336146209716797,True,2026-09-25 20:04:15+00:00,SPY261006C00760000
SPY,2026-09-25,771.3499755859375,2026-10-06,C,765.0,10.02,10.45,10.17,285.0,188.0,0.12250633361816407,True,2026-09-25 19:57:07+00:00,SPY261006C00765000
SPY,2026-09-25,771.3499755859375,2026-10-06,C,770.0,6.68,6.93,6.95,555.0,513.0,0.11176425354003905,True,2026-09-25 19:58:41+00:00,SPY261006C00770000
SPY,2026-09-25,771.3499755859375,2026-10-06,C,775.0,4.11,4.16,4.21,1030.0,3195.0,0.10373821075439452,False,2026-09-25 20:08:56+00:00,SPY261006C00775000
SPY,2026-09-25,771.3499755859375,2026-10-06,C,780.0,2.28,2.32,2.31,393.0,504.0,0.1001066552734375,False,2026-09-25 19:56:51+00:00,SPY261006C00780000
SPY,2026-09-25,771.3499755859375,2026-10-06,C,785.0,1.17,1.19,1.21,65.0,473.0,0.09827561889648437,False,2026-09-25 19:54:21+00:00,SPY261006C00785000
SPY,2026-09-25,771.3499755859375,2026-10-06,C,790.0,0.58,0.59,0.58,34.0,156.0,0.098641826171875,False,2026-09-25 20:14:51+00:00,SPY261006C00790000
SPY,2026-09-25,771.3499755859375,2026-10-06,C,795.0,0.29,0.3,0.22,17.0,272.0,0.10120527709960936,False,2026-09-25 19:31:08+00:00,SPY261006C00795000
SPY,2026-09-25,771.3499755859375,2026-10-06,C,800.0,0.16,0.17,0.16,254.0,549.0,0.10621010986328125,False,2026-09-25 19:57:28+00:00,SPY261006C00800000
SPY,2026-09-25,771.3499755859375,2026-10-06,C,805.0,0.1,0.11,0.09,22.0,152.0,0.11304597900390626,False,2026-09-25 17:11:48+00:00,SPY261006C00805000
SPY,2026-09-25,771.3499755859375,2026-10-06,C,810.0,0.07,0.08,0.07,25.0,118.0,0.12134667724609374,False,2026-09-25 16:59:03+00:00,SPY261006C00810000
SPY,2026-09-25,771.3499755859375,2026-10-06,C,820.0,0.04,0.05,0.05,50.0,49.0,0.13868048828125001,False,2026-09-25 19:16:03+00:00,SPY261006C00820000
SPY,2026-09-25,771.3499755859375,2026-10-06,C,825.0,0.03,0.04,0.04,24.0,29.0,0.147469462890625,False,2026-09-25 18:44:33+00:00,SPY261006C00825000
SPY,2026-09-25,771.3499755859375,2026-10-06,C,835.0,0.02,0.03,0.04,,25.0,0.165047412109375,False,2026-09-22 19:30:31+00:00,SPY261006C00835000
SPY,2026-09-25,771.3499755859375,2026-10-06,P,695.0,0.08,0.09,0.12,131.0,14.0,0.24073024902343748,False,2026-09-25 17:35:54+00:00,SPY261006P00695000
SPY,2026-09-25,771.3499755859375,2026-10-06,P,700.0,0.09,0.1,0.18,10.0,127.0,0.22901161621093752,False,2026-09-25 14:22:47+00:00,SPY261006P00700000
SPY,2026-09-25,771.3499755859375,2026-10-06,P,705.0,0.11,0.12,0.31,18.0,28.0,0.2192460888671875,False,2026-09-24 15:55:53+00:00,SPY261006P00705000
SPY,2026-09-25,771.3499755859375,2026-10-06,P,710.0,0.12,0.13,0.19,8.0,33.0,0.20655090332031245,False,2026-09-25 15:02:55+00:00,SPY261006P00710000
SPY,2026-09-25,771.3499755859375,2026-10-06,P,715.0,0.14,0.15,0.17,22.0,77.0,0.19507640869140624,False,2026-09-25 18:52:20+00:00,SPY261006P00715000
SPY,2026-09-25,771.3499755859375,2026-10-06,P,720.0,0.17,0.18,0.28,3.0,104.0,0.18457846679687498,False,2026-09-25 15:02:55+00:00,SPY261006P00720000
SPY,2026-09-25,771.3499755859375,2026-10-06,P,725.0,0.21,0.22,0.23,138.0,177.0,0.17408052490234377,False,2026-09-25 20:06:57+00:00,SPY261006P00725000
SPY,2026-09-25,771.3499755859375,2026-10-06,P,730.0,0.26,0.27,0.29,104.0,280.0,0.16309430664062502,False,2026-09-25 19:13:49+00:00,SPY261006P00730000
SPY,2026-09-25,771.3499755859375,2026-10-06,P,735.0,0.34,0.35,0.36,6.0,397.0,0.15332877929687502,False,2026-09-25 19:47:48+00:00,SPY261006P00735000
SPY,2026-09-25,771.3499755859375,2026-10-06,P,740.0,0.46,0.47,0.48,442.0,179.0,0.1439294592285156,False,2026-09-25 20:02:52+00:00,SPY261006P00740000
SPY,2026-09-25,771.3499755859375,2026-10-06,P,745.0,0.64,0.66,0.66,395.0,217.0,0.1355066918945313,False,2026-09-25 20:02:43+00:00,SPY261006P00745000
SPY,2026-09-25,771.3499755859375,2026-10-06,P,750.0,0.93,0.95,0.91,915.0,164.0,0.12720599365234375,False,2026-09-25 19:54:31+00:00,SPY261006P00750000
SPY,2026-09-25,771.3499755859375,2026-10-06,P,755.0,1.39,1.41,1.39,363.0,268.0,0.11957667541503905,False,2026-09-25 20:09:10+00:00,SPY261006P00755000
SPY,2026-09-25,771.3499755859375,2026-10-06,P,760.0,2.09,2.12,2.11,354.0,444.0,0.11222201263427733,False,2026-09-25 20:14:31+00:00,SPY261006P00760000
SPY,2026-09-25,771.3499755859375,2026-10-06,P,765.0,3.17,3.21,3.1,245.0,1040.0,0.10520303985595703,False,2026-09-25 20:04:54+00:00,SPY261006P00765000
SPY,2026-09-25,771.3499755859375,2026-10-06,P,770.0,4.81,4.85,4.74,786.0,716.0,0.098641826171875,False,2026-09-25 20:00:38+00:00,SPY261006P00770000
SPY,2026-09-25,771.3499755859375,2026-10-06,P,775.0,7.01,7.31,7.66,245.0,329.0,0.0945525115966797,True,2026-09-25 19:26:42+00:00,SPY261006P00775000
SPY,2026-09-25,771.3499755859375,2026-10-06,P,780.0,9.92,10.59,10.56,10.0,10.0,0.09183647430419922,True,2026-09-25 19:41:08+00:00,SPY261006P00780000
SPY,2026-09-25,771.3499755859375,2026-10-06,P,785.0,13.97,14.58,14.5,2.0,1.0,0.0905242315673828,True,2026-09-25 20:00:55+00:00,SPY261006P00785000
SPY,2026-09-25,771.3499755859375,2026-10-06,P,790.0,17.64,20.26,15.85,,0.0,0.13343151733398437,True,2026-09-22 19:43:35+00:00,SPY261006P00790000
