symbol,snapshot_date,spot,expiry,right,strike,bid,ask,last_price,volume,open_interest,implied_vol,in_the_money,last_trade_date,contract_symbol
SPY,2026-10-09,773.93,2026-10-09,C,500.0,273.75,275.39,272.87,18.0,62.0,3.826172309570312,True,2026-10-08 17:45:44+00:00,SPY261009C00500000
SPY,2026-10-09,773.93,2026-10-09,C,505.0,268.69,270.39,268.92,20.0,15.0,3.724610063476563,True,2026-10-08 19:25:14+00:00,SPY261009C00505000
SPY,2026-10-09,773.93,2026-10-09,C,520.0,253.73,255.45,254.51,18.0,2.0,3.535157412109375,True,2026-10-08 19:56:08+00:00,SPY261009C00520000
SPY,2026-10-09,773.93,2026-10-09,C,530.0,243.64,245.4,244.44,14.0,8.0,3.3310563598632807,True,2026-10-08 19:55:52+00:00,SPY261009C00530000
SPY,2026-10-09,773.93,2026-10-09,C,535.0,238.73,240.45,238.89,28.0,7.0,3.3105485986328125,True,2026-10-08 19:56:53+00:00,SPY261009C00535000
SPY,2026-10-09,773.93,2026-10-09,C,540.0,233.51,235.41,233.89,16.0,4.0,3.1367209082031247,True,2026-10-08 15:41:32+00:00,SPY261009C00540000
SPY,2026-10-09,773.93,2026-10-09,C,545.0,228.75,230.46,228.91,32.0,7.0,3.1738301904296877,True,2026-10-08 19:57:12+00:00,SPY261009C00545000
SPY,2026-10-09,773.93,2026-10-09,C,550.0,223.57,225.41,225.47,4.0,8.0,3.0185571411132814,True,2026-10-08 15:01:14+00:00,SPY261009C00550000
SPY,2026-10-09,773.93,2026-10-09,C,555.0,218.56,220.48,220.33,2.0,2.0,2.9697291381835935,True,2026-10-08 15:03:36+00:00,SPY261009C00555000
SPY,2026-10-09,773.93,2026-10-09,C,560.0,213.73,215.51,217.39,12.0,3.0,2.966799458007812,True,2026-10-07 19:23:57+00:00,SPY261009C00560000
SPY,2026-10-09,773.93,2026-10-09,C,565.0,208.58,210.42,212.59,4.0,7.0,2.8144560888671872,True,2026-10-07 19:11:57+00:00,SPY261009C00565000
SPY,2026-10-09,773.93,2026-10-09,C,570.0,203.72,205.42,207.64,2.0,3.0,2.792971767578125,True,2026-10-07 19:11:36+00:00,SPY261009C00570000
SPY,2026-10-09,773.93,2026-10-09,C,575.0,198.55,200.42,203.43,2.0,7.0,2.6660189599609376,True,2026-10-07 19:10:56+00:00,SPY261009C00575000
SPY,2026-10-09,773.93,2026-10-09,C,580.0,193.75,195.42,198.6,2.0,2.0,2.6621127197265633,True,2026-10-07 19:11:06+00:00,SPY261009C00580000
SPY,2026-10-09,773.93,2026-10-09,C,585.0,188.59,190.42,192.48,34.0,42.0,2.5429723925781245,True,2026-10-07 19:35:54+00:00,SPY261009C00585000
SPY,2026-10-09,773.93,2026-10-09,C,590.0,183.77,185.43,187.7,2.0,6.0,2.5332067919921872,True,2026-10-07 19:11:17+00:00,SPY261009C00590000
SPY,2026-10-09,773.93,2026-10-09,C,595.0,178.61,179.88,182.72,2.0,289.0,2.2138716528320304,True,2026-10-07 19:11:25+00:00,SPY261009C00595000
SPY,2026-10-09,773.93,2026-10-09,C,600.0,173.58,175.43,177.46,3.0,83.0,2.3418010205078117,True,2026-10-08 14:00:48+00:00,SPY261009C00600000
SPY,2026-10-09,773.93,2026-10-09,C,605.0,168.69,169.89,168.16,3.0,336.0,2.1269578076171873,True,2026-10-08 18:56:15+00:00,SPY261009C00605000
SPY,2026-10-09,773.93,2026-10-09,C,610.0,163.6,165.49,167.75,1.0,27.0,2.231449733886718,True,2026-10-07 18:23:43+00:00,SPY261009C00610000
SPY,2026-10-09,773.93,2026-10-09,C,615.0,158.74,159.9,158.41,11.0,258.0,2.025395561523437,True,2026-10-08 18:16:04+00:00,SPY261009C00615000
SPY,2026-10-09,773.93,2026-10-09,C,620.0,153.74,155.44,157.77,2.0,12.0,2.123051567382812,True,2026-10-07 19:09:34+00:00,SPY261009C00620000
SPY,2026-10-09,773.93,2026-10-09,C,625.0,148.55,150.45,152.73,24.0,28.0,2.009770600585937,True,2026-10-08 16:17:37+00:00,SPY261009C00625000
SPY,2026-10-09,773.93,2026-10-09,C,630.0,143.68,145.51,144.11,5.0,8.0,1.9931640966796875,True,2026-10-08 18:55:51+00:00,SPY261009C00630000
SPY,2026-10-09,773.93,2026-10-09,C,635.0,138.79,140.45,138.24,2.0,39.0,1.9384768701171877,True,2026-10-08 19:15:14+00:00,SPY261009C00635000
SPY,2026-10-09,773.93,2026-10-09,C,640.0,133.75,135.45,133.25,2.0,56.0,1.8642584912109377,True,2026-10-08 19:14:58+00:00,SPY261009C00640000
SPY,2026-10-09,773.93,2026-10-09,C,645.0,128.6,130.46,132.0,10.0,5.0,1.7666027294921873,True,2026-10-08 16:17:11+00:00,SPY261009C00645000
SPY,2026-10-09,773.93,2026-10-09,C,650.0,123.77,124.91,123.12,3.0,329.0,1.6044941650390623,True,2026-10-08 18:15:48+00:00,SPY261009C00650000
SPY,2026-10-09,773.93,2026-10-09,C,655.0,118.8,120.47,118.36,2.0,12.0,1.68359533203125,True,2026-10-08 19:14:20+00:00,SPY261009C00655000
SPY,2026-10-09,773.93,2026-10-09,C,660.0,113.62,115.46,113.44,10.0,72.0,1.5791036669921872,True,2026-10-08 19:14:39+00:00,SPY261009C00660000
SPY,2026-10-09,773.93,2026-10-09,C,665.0,108.61,110.46,107.22,10.0,11.0,1.5136743066406249,True,2026-10-08 17:23:54+00:00,SPY261009C00665000
SPY,2026-10-09,773.93,2026-10-09,C,670.0,103.78,105.46,103.37,15.0,22.0,1.4834010205078125,True,2026-10-08 19:14:01+00:00,SPY261009C00670000
SPY,2026-10-09,773.93,2026-10-09,C,675.0,98.64,99.92,98.19,2.0,191.0,1.2705114599609373,True,2026-10-08 19:11:13+00:00,SPY261009C00675000
SPY,2026-10-09,773.93,2026-10-09,C,680.0,93.72,94.92,93.54,16.0,1285.0,1.2314491552734375,True,2026-10-08 19:36:03+00:00,SPY261009C00680000
SPY,2026-10-09,773.93,2026-10-09,C,685.0,88.62,90.47,88.04,28.0,19.0,1.2646521142578124,True,2026-10-08 19:10:25+00:00,SPY261009C00685000
SPY,2026-10-09,773.93,2026-10-09,C,690.0,83.8,85.52,83.51,8.0,34.0,1.2392616162109373,True,2026-10-08 19:36:19+00:00,SPY261009C00690000
SPY,2026-10-09,773.93,2026-10-09,C,695.0,78.82,79.93,78.77,121.0,1143.0,1.076176494140625,True,2026-10-08 19:22:56+00:00,SPY261009C00695000
SPY,2026-10-09,773.93,2026-10-09,C,700.0,73.78,74.93,74.3,23.0,566.0,1.0078174609375,True,2026-10-08 20:07:21+00:00,SPY261009C00700000
SPY,2026-10-09,773.93,2026-10-09,C,705.0,68.63,70.48,66.92,58.0,98.0,1.0146533642578124,True,2026-10-08 17:56:34+00:00,SPY261009C00705000
SPY,2026-10-09,773.93,2026-10-09,C,710.0,63.64,65.48,63.82,14.0,40.0,0.9526371923828124,True,2026-10-08 19:08:22+00:00,SPY261009C00710000
SPY,2026-10-09,773.93,2026-10-09,C,715.0,58.77,60.49,58.11,7.0,22.0,0.9077157666015624,True,2026-10-08 18:43:19+00:00,SPY261009C00715000
SPY,2026-10-09,773.93,2026-10-09,C,720.0,53.82,55.54,52.39,12.0,26.0,0.8544936425781251,True,2026-10-08 18:09:06+00:00,SPY261009C00720000
SPY,2026-10-09,773.93,2026-10-09,C,721.0,52.82,54.49,51.97,42.0,20.0,0.8354508642578123,True,2026-10-08 17:10:31+00:00,SPY261009C00721000
SPY,2026-10-09,773.93,2026-10-09,C,722.0,51.82,53.49,54.49,8.0,58.0,0.8227556787109375,True,2026-10-08 16:36:38+00:00,SPY261009C00722000
SPY,2026-10-09,773.93,2026-10-09,C,723.0,50.66,52.49,50.46,26.0,16.0,0.790041162109375,True,2026-10-08 17:13:41+00:00,SPY261009C00723000
SPY,2026-10-09,773.93,2026-10-09,C,724.0,49.76,51.49,49.45,72.0,18.0,0.789064609375,True,2026-10-08 18:54:48+00:00,SPY261009C00724000
SPY,2026-10-09,773.93,2026-10-09,C,725.0,48.78,49.94,48.64,39.0,213.0,0.7060576269531251,True,2026-10-08 19:37:39+00:00,SPY261009C00725000
SPY,2026-10-09,773.93,2026-10-09,C,726.0,47.76,49.59,48.82,8.0,36.0,0.7744163183593751,True,2026-10-08 15:37:14+00:00,SPY261009C00726000
SPY,2026-10-09,773.93,2026-10-09,C,727.0,46.58,48.49,48.3,5.0,25.0,0.72851833984375,True,2026-10-08 15:13:10+00:00,SPY261009C00727000
SPY,2026-10-09,773.93,2026-10-09,C,728.0,45.81,46.95,47.14,14.0,483.0,0.6752962158203126,True,2026-10-08 16:16:13+00:00,SPY261009C00728000
SPY,2026-10-09,773.93,2026-10-09,C,729.0,44.81,45.95,44.69,54.0,103.0,0.6630893066406252,True,2026-10-08 19:33:23+00:00,SPY261009C00729000
SPY,2026-10-09,773.93,2026-10-09,C,730.0,43.84,44.96,43.71,225.0,276.0,0.6562534375000001,True,2026-10-08 19:33:23+00:00,SPY261009C00730000
SPY,2026-10-09,773.93,2026-10-09,C,731.0,42.64,44.5,43.72,14.0,10.0,0.6850617431640625,True,2026-10-08 15:55:43+00:00,SPY261009C00731000
SPY,2026-10-09,773.93,2026-10-09,C,732.0,41.79,43.5,43.8,38.0,68.0,0.6884796777343751,True,2026-10-08 16:35:54+00:00,SPY261009C00732000
SPY,2026-10-09,773.93,2026-10-09,C,733.0,40.8,42.55,40.41,109.0,67.0,0.6811555322265627,True,2026-10-08 19:21:43+00:00,SPY261009C00733000
SPY,2026-10-09,773.93,2026-10-09,C,734.0,39.74,40.95,39.3,44.0,227.0,0.5913126806640626,True,2026-10-08 19:11:51+00:00,SPY261009C00734000
SPY,2026-10-09,773.93,2026-10-09,C,735.0,38.83,39.95,38.39,233.0,1200.0,0.5908244042968751,True,2026-10-08 19:21:58+00:00,SPY261009C00735000
SPY,2026-10-09,773.93,2026-10-09,C,736.0,37.78,38.95,37.95,90.0,330.0,0.5717816259765626,True,2026-10-08 19:23:22+00:00,SPY261009C00736000
SPY,2026-10-09,773.93,2026-10-09,C,737.0,36.83,38.51,39.13,2.0,21.0,0.6264685791015626,True,2026-10-08 14:08:02+00:00,SPY261009C00737000
SPY,2026-10-09,773.93,2026-10-09,C,738.0,35.83,37.5,35.55,24.0,89.0,0.6118202880859377,True,2026-10-08 19:36:36+00:00,SPY261009C00738000
SPY,2026-10-09,773.93,2026-10-09,C,739.0,34.83,35.95,34.57,36.0,119.0,0.5405319384765627,True,2026-10-08 19:36:36+00:00,SPY261009C00739000
SPY,2026-10-09,773.93,2026-10-09,C,740.0,33.78,34.96,33.87,27.0,1017.0,0.5229539892578124,True,2026-10-08 19:03:05+00:00,SPY261009C00740000
SPY,2026-10-09,773.93,2026-10-09,C,741.0,32.74,33.96,31.6,10.0,174.0,0.5053760400390624,True,2026-10-08 17:35:39+00:00,SPY261009C00741000
SPY,2026-10-09,773.93,2026-10-09,C,742.0,31.82,33.56,31.12,37.0,92.0,0.5617719604492188,True,2026-10-08 19:19:42+00:00,SPY261009C00742000
SPY,2026-10-09,773.93,2026-10-09,C,743.0,30.75,32.52,30.48,396.0,37.0,0.5383346948242189,True,2026-10-08 19:32:43+00:00,SPY261009C00743000
SPY,2026-10-09,773.93,2026-10-09,C,744.0,29.85,31.51,29.71,380.0,107.0,0.5324753784179688,True,2026-10-08 19:51:43+00:00,SPY261009C00744000
SPY,2026-10-09,773.93,2026-10-09,C,745.0,28.86,29.97,29.64,221.0,1728.0,0.5637250659179689,True,2026-10-08 20:01:09+00:00,SPY261009C00745000
SPY,2026-10-09,773.93,2026-10-09,C,746.0,27.84,28.96,26.05,34.0,153.0,0.5476119458007813,True,2026-10-08 17:49:21+00:00,SPY261009C00746000
SPY,2026-10-09,773.93,2026-10-09,C,747.0,26.8,27.96,26.66,28.0,338.0,0.5329636547851562,True,2026-10-08 19:37:39+00:00,SPY261009C00747000
SPY,2026-10-09,773.93,2026-10-09,C,748.0,25.84,26.96,25.22,87.0,397.0,0.5180712255859375,True,2026-10-08 19:11:15+00:00,SPY261009C00748000
SPY,2026-10-09,773.93,2026-10-09,C,749.0,24.78,25.96,25.56,28.0,91.0,0.5034229345703125,True,2026-10-08 19:53:52+00:00,SPY261009C00749000
SPY,2026-10-09,773.93,2026-10-09,C,750.0,24.53,24.97,24.02,477.0,787.0,0.4897511962890626,True,2026-10-08 19:54:21+00:00,SPY261009C00750000
SPY,2026-10-09,773.93,2026-10-09,C,751.0,22.8,24.53,22.58,59.0,59.0,0.5415084912109377,True,2026-10-08 19:54:04+00:00,SPY261009C00751000
SPY,2026-10-09,773.93,2026-10-09,C,752.0,21.8,22.97,20.23,7.0,267.0,0.4594780615234375,True,2026-10-08 16:50:02+00:00,SPY261009C00752000
SPY,2026-10-09,773.93,2026-10-09,C,753.0,20.68,21.97,20.44,13.0,185.0,0.44434149414062496,True,2026-10-08 19:53:17+00:00,SPY261009C00753000
SPY,2026-10-09,773.93,2026-10-09,C,754.0,19.81,20.98,19.56,66.0,417.0,0.43018147949218755,True,2026-10-08 19:53:05+00:00,SPY261009C00754000
SPY,2026-10-09,773.93,2026-10-09,C,755.0,18.87,19.98,19.0,195.0,720.0,0.41480077392578124,True,2026-10-08 19:59:34+00:00,SPY261009C00755000
SPY,2026-10-09,773.93,2026-10-09,C,756.0,18.05,18.98,18.31,140.0,626.0,0.3991759301757813,True,2026-10-08 19:59:27+00:00,SPY261009C00756000
SPY,2026-10-09,773.93,2026-10-09,C,757.0,17.2,17.98,17.2,160.0,838.0,0.38355108642578123,True,2026-10-08 19:58:16+00:00,SPY261009C00757000
SPY,2026-10-09,773.93,2026-10-09,C,758.0,15.96,16.98,16.87,711.0,1384.0,0.3676821044921875,True,2026-10-08 20:10:28+00:00,SPY261009C00758000
SPY,2026-10-09,773.93,2026-10-09,C,759.0,14.65,15.98,14.6,165.0,1056.0,0.35156898437499995,True,2026-10-08 19:54:12+00:00,SPY261009C00759000
SPY,2026-10-09,773.93,2026-10-09,C,760.0,14.58,14.99,14.06,580.0,2734.0,0.3364324169921875,True,2026-10-08 19:53:17+00:00,SPY261009C00760000
SPY,2026-10-09,773.93,2026-10-09,C,761.0,13.36,14.01,12.83,88.0,1148.0,0.3221503332519531,True,2026-10-08 19:48:48+00:00,SPY261009C00761000
SPY,2026-10-09,773.93,2026-10-09,C,762.0,12.36,13.02,11.79,525.0,2513.0,0.3064034204101562,True,2026-10-08 20:02:17+00:00,SPY261009C00762000
SPY,2026-10-09,773.93,2026-10-09,C,763.0,11.38,11.9,11.48,449.0,1780.0,0.2778392529296875,True,2026-10-08 20:09:07+00:00,SPY261009C00763000
SPY,2026-10-09,773.93,2026-10-09,C,764.0,10.14,11.05,10.32,744.0,3224.0,0.2751537329101562,True,2026-10-08 19:58:16+00:00,SPY261009C00764000
SPY,2026-10-09,773.93,2026-10-09,C,765.0,9.5,9.84,9.74,1042.0,5093.0,0.2381667980957031,True,2026-10-08 20:01:10+00:00,SPY261009C00765000
SPY,2026-10-09,773.93,2026-10-09,C,766.0,8.72,9.0,9.0,817.0,1830.0,0.23535920898437498,True,2026-10-08 20:10:28+00:00,SPY261009C00766000
SPY,2026-10-09,773.93,2026-10-09,C,767.0,7.69,8.0,7.71,1692.0,3014.0,0.2172929833984375,True,2026-10-08 20:04:41+00:00,SPY261009C00767000
SPY,2026-10-09,773.93,2026-10-09,C,768.0,6.9,7.05,6.93,1843.0,2144.0,0.20264469238281246,True,2026-10-08 20:14:19+00:00,SPY261009C00768000
SPY,2026-10-09,773.93,2026-10-09,C,769.0,6.02,6.05,6.03,2890.0,4019.0,0.18335777587890623,True,2026-10-08 20:14:57+00:00,SPY261009C00769000
SPY,2026-10-09,773.93,2026-10-09,C,770.0,5.13,5.18,5.16,10154.0,9241.0,0.17273776489257814,True,2026-10-08 20:14:57+00:00,SPY261009C00770000
SPY,2026-10-09,773.93,2026-10-09,C,771.0,4.28,4.33,4.31,13781.0,3863.0,0.16162947753906248,True,2026-10-08 20:14:57+00:00,SPY261009C00771000
SPY,2026-10-09,773.93,2026-10-09,C,772.0,3.49,3.53,3.49,46832.0,5676.0,0.1514977429199219,True,2026-10-08 20:14:57+00:00,SPY261009C00772000
SPY,2026-10-09,773.93,2026-10-09,C,773.0,2.77,2.78,2.77,72320.0,3069.0,0.14148807739257813,True,2026-10-08 20:14:53+00:00,SPY261009C00773000
SPY,2026-10-09,773.93,2026-10-09,C,774.0,2.12,2.14,2.14,98098.0,8807.0,0.13453013916015627,False,2026-10-08 20:14:59+00:00,SPY261009C00774000
SPY,2026-10-09,773.93,2026-10-09,C,775.0,1.56,1.57,1.57,136450.0,14694.0,0.1274501318359375,False,2026-10-08 20:14:57+00:00,SPY261009C00775000
SPY,2026-10-09,773.93,2026-10-09,C,776.0,1.11,1.12,1.11,109260.0,3729.0,0.12268943725585937,False,2026-10-08 20:14:59+00:00,SPY261009C00776000
SPY,2026-10-09,773.93,2026-10-09,C,777.0,0.75,0.76,0.75,94810.0,4904.0,0.11841701904296875,False,2026-10-08 20:15:00+00:00,SPY261009C00777000
SPY,2026-10-09,773.93,2026-10-09,C,778.0,0.5,0.51,0.51,80920.0,9249.0,0.11646391357421876,False,2026-10-08 20:14:59+00:00,SPY261009C00778000
SPY,2026-10-09,773.93,2026-10-09,C,779.0,0.31,0.32,0.32,46901.0,6778.0,0.1137783935546875,False,2026-10-08 20:15:00+00:00,SPY261009C00779000
SPY,2026-10-09,773.93,2026-10-09,C,780.0,0.2,0.21,0.21,82335.0,39116.0,0.11451080810546876,False,2026-10-08 20:14:59+00:00,SPY261009C00780000
SPY,2026-10-09,773.93,2026-10-09,C,781.0,0.13,0.14,0.14,40745.0,6951.0,0.116219775390625,False,2026-10-08 20:14:57+00:00,SPY261009C00781000
SPY,2026-10-09,773.93,2026-10-09,C,782.0,0.08,0.09,0.09,25742.0,7818.0,0.117196328125,False,2026-10-08 20:14:58+00:00,SPY261009C00782000
SPY,2026-10-09,773.93,2026-10-09,C,783.0,0.05,0.06,0.06,18567.0,11539.0,0.11963770996093749,False,2026-10-08 20:14:51+00:00,SPY261009C00783000
SPY,2026-10-09,773.93,2026-10-09,C,784.0,0.03,0.04,0.04,9376.0,8218.0,0.12207909179687501,False,2026-10-08 20:14:49+00:00,SPY261009C00784000
SPY,2026-10-09,773.93,2026-10-09,C,785.0,0.02,0.03,0.03,46484.0,124697.0,0.12696185546875,False,2026-10-08 20:14:44+00:00,SPY261009C00785000
SPY,2026-10-09,773.93,2026-10-09,C,786.0,0.02,0.03,0.03,27480.0,5386.0,0.13672738281250002,False,2026-10-08 20:12:45+00:00,SPY261009C00786000
SPY,2026-10-09,773.93,2026-10-09,C,787.0,0.01,0.02,0.01,19366.0,32172.0,0.13868048828125001,False,2026-10-08 20:14:52+00:00,SPY261009C00787000
SPY,2026-10-09,773.93,2026-10-09,C,788.0,0.01,0.02,0.01,3262.0,3559.0,0.147469462890625,False,2026-10-08 20:14:58+00:00,SPY261009C00788000
SPY,2026-10-09,773.93,2026-10-09,C,789.0,0.01,0.02,0.02,42159.0,2936.0,0.1562584375,False,2026-10-08 20:10:38+00:00,SPY261009C00789000
SPY,2026-10-09,773.93,2026-10-09,C,790.0,0.01,0.02,0.01,5554.0,15982.0,0.16602396484375004,False,2026-10-08 20:03:19+00:00,SPY261009C00790000
SPY,2026-10-09,773.93,2026-10-09,C,791.0,0.01,0.02,0.02,1025.0,4519.0,0.17383638671875,False,2026-10-08 19:47:28+00:00,SPY261009C00791000
SPY,2026-10-09,773.93,2026-10-09,C,792.0,0.01,0.02,0.02,317.0,2156.0,0.18360191406249998,False,2026-10-08 19:57:59+00:00,SPY261009C00792000
SPY,2026-10-09,773.93,2026-10-09,C,793.0,0.01,0.02,0.02,566.0,6539.0,0.1914143359375,False,2026-10-08 20:12:20+00:00,SPY261009C00793000
SPY,2026-10-09,773.93,2026-10-09,C,794.0,0.0,0.01,0.01,816.0,2101.0,0.187508125,False,2026-10-08 20:12:02+00:00,SPY261009C00794000
SPY,2026-10-09,773.93,2026-10-09,C,795.0,0.0,0.01,0.01,1403.0,5017.0,0.195320546875,False,2026-10-08 20:09:43+00:00,SPY261009C00795000
SPY,2026-10-09,773.93,2026-10-09,C,796.0,0.0,0.01,0.01,2335.0,3833.0,0.20313296874999998,False,2026-10-08 19:49:44+00:00,SPY261009C00796000
SPY,2026-10-09,773.93,2026-10-09,C,797.0,0.0,0.01,0.01,1151.0,3419.0,0.21094539062499998,False,2026-10-08 19:58:13+00:00,SPY261009C00797000
SPY,2026-10-09,773.93,2026-10-09,C,798.0,0.0,0.01,0.02,57.0,1028.0,0.21875781249999998,False,2026-10-08 17:25:59+00:00,SPY261009C00798000
SPY,2026-10-09,773.93,2026-10-09,C,799.0,0.0,0.01,0.01,2003.0,7709.0,0.22657023437499998,False,2026-10-08 17:25:59+00:00,SPY261009C00799000
SPY,2026-10-09,773.93,2026-10-09,C,800.0,0.0,0.01,0.01,687.0,12172.0,0.23438265625,False,2026-10-08 19:43:47+00:00,SPY261009C00800000
SPY,2026-10-09,773.93,2026-10-09,C,801.0,0.0,0.01,0.01,2239.0,3515.0,0.242195078125,False,2026-10-08 19:43:07+00:00,SPY261009C00801000
SPY,2026-10-09,773.93,2026-10-09,C,802.0,0.0,0.01,0.01,587.0,3755.0,0.2500075,False,2026-10-08 18:00:22+00:00,SPY261009C00802000
SPY,2026-10-09,773.93,2026-10-09,C,803.0,0.0,0.01,0.01,1569.0,5235.0,0.257819921875,False,2026-10-08 16:33:54+00:00,SPY261009C00803000
SPY,2026-10-09,773.93,2026-10-09,C,804.0,0.0,0.01,0.01,1.0,4548.0,0.26563234375,False,2026-10-08 15:39:37+00:00,SPY261009C00804000
SPY,2026-10-09,773.93,2026-10-09,C,805.0,0.0,0.01,0.01,6064.0,7360.0,0.273444765625,False,2026-10-07 17:00:06+00:00,SPY261009C00805000
SPY,2026-10-09,773.93,2026-10-09,C,806.0,0.0,0.01,0.01,85.0,3631.0,0.28125718749999995,False,2026-10-07 17:06:48+00:00,SPY261009C00806000
SPY,2026-10-09,773.93,2026-10-09,C,807.0,0.0,0.01,0.01,1.0,2510.0,0.2890696093749999,False,2026-10-08 13:54:18+00:00,SPY261009C00807000
SPY,2026-10-09,773.93,2026-10-09,C,808.0,0.0,0.01,0.01,40.0,4742.0,0.29688203124999996,False,2026-10-08 15:32:42+00:00,SPY261009C00808000
SPY,2026-10-09,773.93,2026-10-09,C,809.0,0.0,0.01,0.01,3.0,516.0,0.304694453125,False,2026-10-07 13:36:04+00:00,SPY261009C00809000
SPY,2026-10-09,773.93,2026-10-09,C,810.0,0.0,0.01,0.02,316.0,1048.0,0.31250687499999996,False,2026-10-06 19:09:55+00:00,SPY261009C00810000
SPY,2026-10-09,773.93,2026-10-09,C,811.0,0.0,0.01,0.01,4.0,3421.0,0.32031929687499994,False,2026-10-08 18:34:47+00:00,SPY261009C00811000
SPY,2026-10-09,773.93,2026-10-09,C,812.0,0.0,0.01,0.02,3050.0,3621.0,0.32813171874999997,False,2026-10-06 19:03:30+00:00,SPY261009C00812000
SPY,2026-10-09,773.93,2026-10-09,C,813.0,0.0,0.01,0.02,1007.0,1142.0,0.335944140625,False,2026-10-06 18:20:49+00:00,SPY261009C00813000
SPY,2026-10-09,773.93,2026-10-09,C,814.0,0.0,0.01,0.01,2.0,9890.0,0.3437565625,False,2026-10-06 16:48:14+00:00,SPY261009C00814000
SPY,2026-10-09,773.93,2026-10-09,C,815.0,0.0,0.01,0.01,22.0,9628.0,0.35156898437499995,False,2026-10-06 15:34:22+00:00,SPY261009C00815000
SPY,2026-10-09,773.93,2026-10-09,C,816.0,0.0,0.01,0.02,12858.0,13082.0,0.35938140625,False,2026-10-02 15:09:57+00:00,SPY261009C00816000
SPY,2026-10-09,773.93,2026-10-09,C,817.0,0.0,0.01,0.02,2.0,13347.0,0.367193828125,False,2026-10-06 16:47:22+00:00,SPY261009C00817000
SPY,2026-10-09,773.93,2026-10-09,C,818.0,0.0,0.01,0.02,3.0,1804.0,0.3711000390625,False,2026-10-06 19:58:53+00:00,SPY261009C00818000
SPY,2026-10-09,773.93,2026-10-09,C,819.0,0.0,0.01,0.01,1.0,1734.0,0.3789124609375,False,2026-10-06 20:01:11+00:00,SPY261009C00819000
SPY,2026-10-09,773.93,2026-10-09,C,820.0,0.0,0.01,0.01,1.0,1921.0,0.38281867187499996,False,2026-10-06 17:35:03+00:00,SPY261009C00820000
SPY,2026-10-09,773.93,2026-10-09,C,821.0,0.0,0.01,0.02,1526.0,584.0,0.39063109375,False,2026-10-01 18:32:09+00:00,SPY261009C00821000
SPY,2026-10-09,773.93,2026-10-09,C,822.0,0.0,0.01,0.01,64.0,1021.0,0.398443515625,False,2026-10-05 14:17:14+00:00,SPY261009C00822000
SPY,2026-10-09,773.93,2026-10-09,C,823.0,0.0,0.01,0.01,630.0,7786.0,0.4062559375,False,2026-10-05 18:04:16+00:00,SPY261009C00823000
SPY,2026-10-09,773.93,2026-10-09,C,824.0,0.0,0.01,0.02,1.0,8793.0,0.414068359375,False,2026-10-06 16:16:07+00:00,SPY261009C00824000
SPY,2026-10-09,773.93,2026-10-09,C,825.0,0.0,0.01,0.01,1.0,3299.0,0.42188078125,False,2026-10-07 13:42:43+00:00,SPY261009C00825000
SPY,2026-10-09,773.93,2026-10-09,C,830.0,0.0,0.01,0.01,3.0,254.0,0.46094289062500005,False,2026-10-06 16:23:50+00:00,SPY261009C00830000
SPY,2026-10-09,773.93,2026-10-09,C,835.0,0.0,0.01,0.01,106.0,1039.0,0.49219257812500006,False,2026-10-06 19:03:30+00:00,SPY261009C00835000
SPY,2026-10-09,773.93,2026-10-09,C,840.0,0.0,0.01,0.01,77.0,843.0,0.500005,False,2026-10-02 17:49:07+00:00,SPY261009C00840000
SPY,2026-10-09,773.93,2026-10-09,C,845.0,0.0,0.01,0.01,45.0,1082.0,0.5312546875,False,2026-10-02 15:09:57+00:00,SPY261009C00845000
SPY,2026-10-09,773.93,2026-10-09,C,850.0,0.0,0.01,0.01,53.0,369.0,0.5625043750000001,False,2026-10-02 15:03:48+00:00,SPY261009C00850000
SPY,2026-10-09,773.93,2026-10-09,C,855.0,0.0,0.01,0.01,271.0,305.0,0.5937540625000001,False,2026-10-02 13:42:19+00:00,SPY261009C00855000
SPY,2026-10-09,773.93,2026-10-09,C,860.0,0.0,0.01,0.01,52.0,2668.0,0.6250037500000001,False,2026-10-02 13:41:40+00:00,SPY261009C00860000
SPY,2026-10-09,773.93,2026-10-09,C,865.0,0.0,0.01,0.01,641.0,166.0,0.6562534375000001,False,2026-10-01 17:57:27+00:00,SPY261009C00865000
SPY,2026-10-09,773.93,2026-10-09,C,870.0,0.0,0.01,0.01,1.0,250.0,0.6875031250000001,False,2026-10-02 16:20:07+00:00,SPY261009C00870000
SPY,2026-10-09,773.93,2026-10-09,C,875.0,0.0,0.01,0.01,961.0,400.0,0.7187528125,False,2026-10-01 17:03:40+00:00,SPY261009C00875000
SPY,2026-10-09,773.93,2026-10-09,C,880.0,0.0,0.01,0.01,5.0,13.0,0.7500025,False,2026-10-01 13:50:43+00:00,SPY261009C00880000
SPY,2026-10-09,773.93,2026-10-09,C,890.0,0.0,0.01,0.02,1.0,3.0,0.8125018749999999,False,2026-09-30 15:37:30+00:00,SPY261009C00890000
SPY,2026-10-09,773.93,2026-10-09,C,895.0,0.0,0.01,0.02,,13.0,0.8437515624999999,False,2026-09-22 14:13:48+00:00,SPY261009C00895000
SPY,2026-10-09,773.93,2026-10-09,C,900.0,0.0,0.01,0.01,1.0,1003.0,0.87500125,False,2026-09-28 13:56:40+00:00,SPY261009C00900000
SPY,2026-10-09,773.93,2026-10-09,C,930.0,0.0,0.01,0.01,25.0,26.0,1.0625046875000002,False,2026-10-06 14:11:33+00:00,SPY261009C00930000
SPY,2026-10-09,773.93,2026-10-09,P,500.0,0.0,0.01,0.01,12.0,633.0,2.3750040624999995,False,2026-09-30 19:51:38+00:00,SPY261009P00500000
SPY,2026-10-09,773.93,2026-10-09,P,505.0,0.0,0.01,0.01,10.0,332.0,2.3750040624999995,False,2026-09-25 20:08:57+00:00,SPY261009P00505000
SPY,2026-10-09,773.93,2026-10-09,P,510.0,0.0,0.01,0.01,230.0,781.0,2.3125042187499996,False,2026-09-29 20:09:58+00:00,SPY261009P00510000
SPY,2026-10-09,773.93,2026-10-09,P,515.0,0.0,0.01,0.01,24.0,244.0,2.2500043749999996,False,2026-09-30 13:30:01+00:00,SPY261009P00515000
SPY,2026-10-09,773.93,2026-10-09,P,520.0,0.0,0.01,0.04,26.0,66.0,2.1875045312499997,False,2026-09-18 15:03:40+00:00,SPY261009P00520000
SPY,2026-10-09,773.93,2026-10-09,P,525.0,0.0,0.01,0.01,5000.0,5136.0,2.1250046874999997,False,2026-10-02 16:53:23+00:00,SPY261009P00525000
SPY,2026-10-09,773.93,2026-10-09,P,530.0,0.0,0.01,0.02,2.0,253.0,2.0937547656249995,False,2026-09-25 15:22:35+00:00,SPY261009P00530000
SPY,2026-10-09,773.93,2026-10-09,P,535.0,0.0,0.01,0.01,100.0,359.0,2.0625048437499998,False,2026-09-30 15:57:16+00:00,SPY261009P00535000
SPY,2026-10-09,773.93,2026-10-09,P,540.0,0.0,0.01,0.01,30.0,345.0,1.96875015625,False,2026-10-01 19:03:43+00:00,SPY261009P00540000
SPY,2026-10-09,773.93,2026-10-09,P,545.0,0.0,0.01,0.01,90.0,530.0,1.9375003125,False,2026-10-01 20:14:15+00:00,SPY261009P00545000
SPY,2026-10-09,773.93,2026-10-09,P,550.0,0.0,0.01,0.01,224.0,274.0,1.875000625,False,2026-10-01 20:04:21+00:00,SPY261009P00550000
SPY,2026-10-09,773.93,2026-10-09,P,555.0,0.0,0.01,0.01,560.0,840.0,1.875000625,False,2026-10-01 17:13:07+00:00,SPY261009P00555000
SPY,2026-10-09,773.93,2026-10-09,P,560.0,0.0,0.01,0.01,90.0,565.0,1.8125009374999999,False,2026-10-02 14:24:48+00:00,SPY261009P00560000
SPY,2026-10-09,773.93,2026-10-09,P,565.0,0.0,0.01,0.03,625.0,700.0,1.75000125,False,2026-09-25 19:17:18+00:00,SPY261009P00565000
SPY,2026-10-09,773.93,2026-10-09,P,570.0,0.0,0.01,0.01,4.0,196.0,1.71875140625,False,2026-10-02 13:30:33+00:00,SPY261009P00570000
SPY,2026-10-09,773.93,2026-10-09,P,575.0,0.0,0.01,0.01,6.0,496.0,1.6875015625,False,2026-10-07 17:02:33+00:00,SPY261009P00575000
SPY,2026-10-09,773.93,2026-10-09,P,580.0,0.0,0.01,0.01,93.0,1878.0,1.625001875,False,2026-10-02 13:43:43+00:00,SPY261009P00580000
SPY,2026-10-09,773.93,2026-10-09,P,585.0,0.0,0.01,0.01,2.0,2101.0,1.5625021874999998,False,2026-10-06 15:20:52+00:00,SPY261009P00585000
SPY,2026-10-09,773.93,2026-10-09,P,590.0,0.0,0.01,0.01,74.0,68969.0,1.5312523437499999,False,2026-10-05 14:24:06+00:00,SPY261009P00590000
SPY,2026-10-09,773.93,2026-10-09,P,595.0,0.0,0.01,0.01,6.0,227.0,1.5000025,False,2026-10-05 14:33:31+00:00,SPY261009P00595000
SPY,2026-10-09,773.93,2026-10-09,P,600.0,0.0,0.01,0.01,960.0,1211.0,1.4375028125,False,2026-10-05 14:27:33+00:00,SPY261009P00600000
SPY,2026-10-09,773.93,2026-10-09,P,605.0,0.0,0.01,0.01,1014.0,1130.0,1.40625296875,False,2026-10-05 14:27:31+00:00,SPY261009P00605000
SPY,2026-10-09,773.93,2026-10-09,P,610.0,0.0,0.01,0.01,60.0,577.0,1.3437532812499997,False,2026-10-05 15:50:53+00:00,SPY261009P00610000
SPY,2026-10-09,773.93,2026-10-09,P,615.0,0.0,0.01,0.01,81.0,423.0,1.3125034374999998,False,2026-10-08 14:43:11+00:00,SPY261009P00615000
SPY,2026-10-09,773.93,2026-10-09,P,620.0,0.0,0.01,0.01,128.0,284.0,1.2500037499999999,False,2026-10-05 19:47:21+00:00,SPY261009P00620000
SPY,2026-10-09,773.93,2026-10-09,P,625.0,0.0,0.01,0.01,8.0,1688.0,1.21875390625,False,2026-10-07 16:54:03+00:00,SPY261009P00625000
SPY,2026-10-09,773.93,2026-10-09,P,630.0,0.0,0.01,0.01,8.0,852.0,1.1875040625,False,2026-10-05 16:39:48+00:00,SPY261009P00630000
SPY,2026-10-09,773.93,2026-10-09,P,635.0,0.0,0.01,0.01,10.0,949.0,1.125004375,False,2026-10-07 13:41:04+00:00,SPY261009P00635000
SPY,2026-10-09,773.93,2026-10-09,P,640.0,0.0,0.01,0.01,1.0,353.0,1.09375453125,False,2026-10-06 15:16:37+00:00,SPY261009P00640000
SPY,2026-10-09,773.93,2026-10-09,P,645.0,0.0,0.01,0.01,10.0,401.0,1.0625046875000002,False,2026-10-07 13:40:37+00:00,SPY261009P00645000
SPY,2026-10-09,773.93,2026-10-09,P,650.0,0.0,0.01,0.01,2000.0,574.0,1.000005,False,2026-10-08 17:13:40+00:00,SPY261009P00650000
SPY,2026-10-09,773.93,2026-10-09,P,655.0,0.0,0.01,0.01,5035.0,2412.0,0.9687503125,False,2026-10-08 17:24:20+00:00,SPY261009P00655000
SPY,2026-10-09,773.93,2026-10-09,P,660.0,0.0,0.01,0.01,4944.0,2144.0,0.937500625,False,2026-10-08 17:27:28+00:00,SPY261009P00660000
SPY,2026-10-09,773.93,2026-10-09,P,665.0,0.0,0.01,0.01,1452.0,5193.0,0.8906260937499999,False,2026-10-08 17:26:26+00:00,SPY261009P00665000
SPY,2026-10-09,773.93,2026-10-09,P,670.0,0.0,0.01,0.01,1996.0,3436.0,0.8437515624999999,False,2026-10-08 17:30:00+00:00,SPY261009P00670000
SPY,2026-10-09,773.93,2026-10-09,P,675.0,0.0,0.01,0.01,9.0,14683.0,0.8125018749999999,False,2026-10-08 17:25:19+00:00,SPY261009P00675000
SPY,2026-10-09,773.93,2026-10-09,P,680.0,0.0,0.01,0.01,14164.0,1587.0,0.7656273437500001,False,2026-10-08 19:24:52+00:00,SPY261009P00680000
SPY,2026-10-09,773.93,2026-10-09,P,685.0,0.0,0.01,0.02,19074.0,10336.0,0.7187528125,False,2026-10-08 18:09:45+00:00,SPY261009P00685000
SPY,2026-10-09,773.93,2026-10-09,P,690.0,0.0,0.01,0.01,985.0,3095.0,0.6875031250000001,False,2026-10-08 18:09:06+00:00,SPY261009P00690000
SPY,2026-10-09,773.93,2026-10-09,P,695.0,0.0,0.01,0.01,231.0,3179.0,0.6562534375000001,False,2026-10-08 20:07:34+00:00,SPY261009P00695000
SPY,2026-10-09,773.93,2026-10-09,P,700.0,0.0,0.01,0.01,4501.0,4368.0,0.6093789062500001,False,2026-10-08 19:49:28+00:00,SPY261009P00700000
SPY,2026-10-09,773.93,2026-10-09,P,705.0,0.0,0.01,0.01,2353.0,3758.0,0.5625043750000001,False,2026-10-08 20:14:56+00:00,SPY261009P00705000
SPY,2026-10-09,773.93,2026-10-09,P,710.0,0.01,0.02,0.02,5687.0,20337.0,0.57812921875,False,2026-10-08 20:14:56+00:00,SPY261009P00710000
SPY,2026-10-09,773.93,2026-10-09,P,715.0,0.01,0.02,0.02,4373.0,20233.0,0.5390671093750001,False,2026-10-08 20:09:22+00:00,SPY261009P00715000
SPY,2026-10-09,773.93,2026-10-09,P,720.0,0.01,0.02,0.01,727.0,2376.0,0.507817421875,False,2026-10-08 19:54:31+00:00,SPY261009P00720000
SPY,2026-10-09,773.93,2026-10-09,P,721.0,0.01,0.02,0.01,346.0,1042.0,0.500005,False,2026-10-08 19:49:05+00:00,SPY261009P00721000
SPY,2026-10-09,773.93,2026-10-09,P,722.0,0.01,0.02,0.02,8.0,3448.0,0.49219257812500006,False,2026-10-08 17:30:51+00:00,SPY261009P00722000
SPY,2026-10-09,773.93,2026-10-09,P,723.0,0.01,0.02,0.02,617.0,6897.0,0.4804739453125,False,2026-10-08 17:05:49+00:00,SPY261009P00723000
SPY,2026-10-09,773.93,2026-10-09,P,724.0,0.01,0.02,0.01,28.0,1978.0,0.4726615234375,False,2026-10-08 13:50:44+00:00,SPY261009P00724000
SPY,2026-10-09,773.93,2026-10-09,P,725.0,0.01,0.02,0.01,2350.0,38799.0,0.46484910156250003,False,2026-10-08 19:03:34+00:00,SPY261009P00725000
SPY,2026-10-09,773.93,2026-10-09,P,726.0,0.01,0.02,0.01,1723.0,1591.0,0.45313046875,False,2026-10-08 19:23:12+00:00,SPY261009P00726000
SPY,2026-10-09,773.93,2026-10-09,P,727.0,0.01,0.02,0.01,21367.0,2526.0,0.445318046875,False,2026-10-08 19:22:51+00:00,SPY261009P00727000
SPY,2026-10-09,773.93,2026-10-09,P,728.0,0.01,0.02,0.02,16229.0,2561.0,0.437505625,False,2026-10-08 19:25:07+00:00,SPY261009P00728000
SPY,2026-10-09,773.93,2026-10-09,P,729.0,0.01,0.02,0.02,10257.0,2476.0,0.42969320312500003,False,2026-10-08 19:48:59+00:00,SPY261009P00729000
SPY,2026-10-09,773.93,2026-10-09,P,730.0,0.01,0.02,0.01,8902.0,6417.0,0.42188078125,False,2026-10-08 20:13:05+00:00,SPY261009P00730000
SPY,2026-10-09,773.93,2026-10-09,P,731.0,0.01,0.02,0.01,10373.0,3317.0,0.4101621484375,False,2026-10-08 19:50:32+00:00,SPY261009P00731000
SPY,2026-10-09,773.93,2026-10-09,P,732.0,0.01,0.02,0.02,7713.0,646.0,0.4023497265625,False,2026-10-08 19:45:02+00:00,SPY261009P00732000
SPY,2026-10-09,773.93,2026-10-09,P,733.0,0.01,0.02,0.02,53574.0,1456.0,0.39453730468750003,False,2026-10-08 19:50:11+00:00,SPY261009P00733000
SPY,2026-10-09,773.93,2026-10-09,P,734.0,0.01,0.02,0.02,8720.0,2340.0,0.38281867187499996,False,2026-10-08 19:45:23+00:00,SPY261009P00734000
SPY,2026-10-09,773.93,2026-10-09,P,735.0,0.01,0.02,0.02,11691.0,11971.0,0.37500625,False,2026-10-08 19:54:13+00:00,SPY261009P00735000
SPY,2026-10-09,773.93,2026-10-09,P,736.0,0.01,0.02,0.02,13389.0,2240.0,0.367193828125,False,2026-10-08 19:57:18+00:00,SPY261009P00736000
SPY,2026-10-09,773.93,2026-10-09,P,737.0,0.01,0.02,0.02,8348.0,6173.0,0.35938140625,False,2026-10-08 19:59:43+00:00,SPY261009P00737000
SPY,2026-10-09,773.93,2026-10-09,P,738.0,0.01,0.02,0.02,2209.0,4892.0,0.34766277343749996,False,2026-10-08 20:01:47+00:00,SPY261009P00738000
SPY,2026-10-09,773.93,2026-10-09,P,739.0,0.01,0.02,0.02,2662.0,2327.0,0.3398503515625,False,2026-10-08 20:13:59+00:00,SPY261009P00739000
SPY,2026-10-09,773.93,2026-10-09,P,740.0,0.02,0.03,0.03,11345.0,12324.0,0.34766277343749996,False,2026-10-08 20:13:59+00:00,SPY261009P00740000
SPY,2026-10-09,773.93,2026-10-09,P,741.0,0.02,0.03,0.03,13237.0,5021.0,0.335944140625,False,2026-10-08 20:03:20+00:00,SPY261009P00741000
SPY,2026-10-09,773.93,2026-10-09,P,742.0,0.02,0.03,0.02,1930.0,27478.0,0.32813171874999997,False,2026-10-08 19:29:01+00:00,SPY261009P00742000
SPY,2026-10-09,773.93,2026-10-09,P,743.0,0.02,0.03,0.02,10736.0,3263.0,0.31836619140624994,False,2026-10-08 20:02:49+00:00,SPY261009P00743000
SPY,2026-10-09,773.93,2026-10-09,P,744.0,0.02,0.03,0.04,7500.0,2500.0,0.3086006640625,False,2026-10-08 19:12:03+00:00,SPY261009P00744000
SPY,2026-10-09,773.93,2026-10-09,P,745.0,0.02,0.03,0.02,8470.0,49004.0,0.3007882421875,False,2026-10-08 19:49:27+00:00,SPY261009P00745000
SPY,2026-10-09,773.93,2026-10-09,P,746.0,0.02,0.03,0.02,3072.0,5710.0,0.2910227148437499,False,2026-10-08 20:01:14+00:00,SPY261009P00746000
SPY,2026-10-09,773.93,2026-10-09,P,747.0,0.02,0.03,0.03,4439.0,5164.0,0.28125718749999995,False,2026-10-08 19:48:18+00:00,SPY261009P00747000
SPY,2026-10-09,773.93,2026-10-09,P,748.0,0.02,0.03,0.02,1137.0,6847.0,0.27149166015625,False,2026-10-08 20:01:15+00:00,SPY261009P00748000
SPY,2026-10-09,773.93,2026-10-09,P,749.0,0.02,0.03,0.02,8594.0,4677.0,0.2617261328125,False,2026-10-08 19:58:39+00:00,SPY261009P00749000
SPY,2026-10-09,773.93,2026-10-09,P,750.0,0.02,0.03,0.03,12456.0,7875.0,0.25391371093750004,False,2026-10-08 20:14:17+00:00,SPY261009P00750000
SPY,2026-10-09,773.93,2026-10-09,P,751.0,0.02,0.03,0.02,8871.0,3967.0,0.24414818359375,False,2026-10-08 20:07:31+00:00,SPY261009P00751000
SPY,2026-10-09,773.93,2026-10-09,P,752.0,0.02,0.03,0.03,7776.0,3640.0,0.23438265625,False,2026-10-08 20:14:54+00:00,SPY261009P00752000
SPY,2026-10-09,773.93,2026-10-09,P,753.0,0.02,0.03,0.03,1384.0,7686.0,0.22461712890624996,False,2026-10-08 20:13:15+00:00,SPY261009P00753000
SPY,2026-10-09,773.93,2026-10-09,P,754.0,0.03,0.04,0.04,2517.0,3273.0,0.22364057617187497,False,2026-10-08 20:10:59+00:00,SPY261009P00754000
SPY,2026-10-09,773.93,2026-10-09,P,755.0,0.03,0.04,0.03,2177.0,9184.0,0.21289849609375,False,2026-10-08 20:10:29+00:00,SPY261009P00755000
SPY,2026-10-09,773.93,2026-10-09,P,756.0,0.03,0.04,0.04,9335.0,4879.0,0.20313296874999998,False,2026-10-08 20:10:27+00:00,SPY261009P00756000
SPY,2026-10-09,773.93,2026-10-09,P,757.0,0.04,0.05,0.04,2729.0,3677.0,0.20020331054687499,False,2026-10-08 20:13:56+00:00,SPY261009P00757000
SPY,2026-10-09,773.93,2026-10-09,P,758.0,0.04,0.05,0.04,4489.0,2482.0,0.18946123046875002,False,2026-10-08 20:13:55+00:00,SPY261009P00758000
SPY,2026-10-09,773.93,2026-10-09,P,759.0,0.04,0.05,0.04,6391.0,2690.0,0.179695703125,False,2026-10-08 20:14:32+00:00,SPY261009P00759000
SPY,2026-10-09,773.93,2026-10-09,P,760.0,0.05,0.06,0.06,17583.0,19506.0,0.17383638671875,False,2026-10-08 20:14:47+00:00,SPY261009P00760000
SPY,2026-10-09,773.93,2026-10-09,P,761.0,0.06,0.07,0.06,7174.0,3849.0,0.16700051757812504,False,2026-10-08 20:14:42+00:00,SPY261009P00761000
SPY,2026-10-09,773.93,2026-10-09,P,762.0,0.07,0.08,0.08,12437.0,5660.0,0.1601646484375,False,2026-10-08 20:14:50+00:00,SPY261009P00762000
SPY,2026-10-09,773.93,2026-10-09,P,763.0,0.09,0.1,0.1,12395.0,9124.0,0.15479360839843753,False,2026-10-08 20:14:52+00:00,SPY261009P00763000
SPY,2026-10-09,773.93,2026-10-09,P,764.0,0.11,0.12,0.12,17606.0,3651.0,0.148446015625,False,2026-10-08 20:14:52+00:00,SPY261009P00764000
SPY,2026-10-09,773.93,2026-10-09,P,765.0,0.14,0.15,0.15,42131.0,19153.0,0.1430749755859375,False,2026-10-08 20:14:55+00:00,SPY261009P00765000
SPY,2026-10-09,773.93,2026-10-09,P,766.0,0.18,0.19,0.18,23934.0,3745.0,0.13770393554687502,False,2026-10-08 20:14:38+00:00,SPY261009P00766000
SPY,2026-10-09,773.93,2026-10-09,P,767.0,0.23,0.24,0.24,34968.0,70342.0,0.131844619140625,False,2026-10-08 20:14:59+00:00,SPY261009P00767000
SPY,2026-10-09,773.93,2026-10-09,P,768.0,0.3,0.31,0.3,29734.0,7857.0,0.12647357910156248,False,2026-10-08 20:14:58+00:00,SPY261009P00768000
SPY,2026-10-09,773.93,2026-10-09,P,769.0,0.38,0.39,0.39,30892.0,5273.0,0.11988184814453123,False,2026-10-08 20:14:59+00:00,SPY261009P00769000
SPY,2026-10-09,773.93,2026-10-09,P,770.0,0.5,0.51,0.51,90278.0,14461.0,0.11451080810546876,False,2026-10-08 20:14:59+00:00,SPY261009P00770000
SPY,2026-10-09,773.93,2026-10-09,P,771.0,0.65,0.66,0.65,64809.0,3876.0,0.108407353515625,False,2026-10-08 20:14:55+00:00,SPY261009P00771000
SPY,2026-10-09,773.93,2026-10-09,P,772.0,0.85,0.86,0.85,92140.0,7791.0,0.10218182983398436,False,2026-10-08 20:14:56+00:00,SPY261009P00772000
SPY,2026-10-09,773.93,2026-10-09,P,773.0,1.12,1.13,1.12,83217.0,7378.0,0.09607837524414065,False,2026-10-08 20:14:59+00:00,SPY261009P00773000
SPY,2026-10-09,773.93,2026-10-09,P,774.0,1.47,1.48,1.47,83145.0,7588.0,0.0893645751953125,True,2026-10-08 20:14:59+00:00,SPY261009P00774000
SPY,2026-10-09,773.93,2026-10-09,P,775.0,1.91,1.92,1.91,83037.0,16761.0,0.08143008422851564,True,2026-10-08 20:14:58+00:00,SPY261009P00775000
SPY,2026-10-09,773.93,2026-10-09,P,776.0,2.45,2.47,2.46,39349.0,5785.0,0.07105421142578125,True,2026-10-08 20:14:49+00:00,SPY261009P00776000
SPY,2026-10-09,773.93,2026-10-09,P,777.0,3.09,3.12,3.1,19140.0,4624.0,0.048349360351562495,True,2026-10-08 20:14:48+00:00,SPY261009P00777000
SPY,2026-10-09,773.93,2026-10-09,P,778.0,3.81,3.86,3.87,7183.0,4447.0,1.0000000000000003e-05,True,2026-10-08 20:14:44+00:00,SPY261009P00778000
SPY,2026-10-09,773.93,2026-10-09,P,779.0,4.67,4.71,4.49,4761.0,7203.0,1.0000000000000003e-05,True,2026-10-08 20:10:46+00:00,SPY261009P00779000
SPY,2026-10-09,773.93,2026-10-09,P,780.0,5.57,5.98,5.69,5747.0,6895.0,1.0000000000000003e-05,True,2026-10-08 20:14:42+00:00,SPY261009P00780000
SPY,2026-10-09,773.93,2026-10-09,P,781.0,6.39,6.7,6.7,1438.0,1943.0,1.0000000000000003e-05,True,2026-10-08 20:01:33+00:00,SPY261009P00781000
SPY,2026-10-09,773.93,2026-10-09,P,782.0,7.3,7.87,8.0,2020.0,1428.0,1.0000000000000003e-05,True,2026-10-08 19:54:38+00:00,SPY261009P00782000
SPY,2026-10-09,773.93,2026-10-09,P,783.0,8.36,8.78,8.5,1004.0,713.0,1.0000000000000003e-05,True,2026-10-08 20:10:14+00:00,SPY261009P00783000
SPY,2026-10-09,773.93,2026-10-09,P,784.0,9.28,10.48,9.97,1803.0,1645.0,0.19800606689453126,True,2026-10-08 20:01:46+00:00,SPY261009P00784000
SPY,2026-10-09,773.93,2026-10-09,P,785.0,10.3,11.58,10.9,5603.0,1639.0,0.22510540527343748,True,2026-10-08 20:09:54+00:00,SPY261009P00785000
SPY,2026-10-09,773.93,2026-10-09,P,786.0,11.36,12.58,11.75,4617.0,410.0,0.2395095581054687,True,2026-10-08 20:13:27+00:00,SPY261009P00786000
SPY,2026-10-09,773.93,2026-10-09,P,787.0,12.35,13.58,13.62,135.0,36.0,0.2534254345703125,True,2026-10-08 19:47:24+00:00,SPY261009P00787000
SPY,2026-10-09,773.93,2026-10-09,P,788.0,13.35,14.48,14.92,298.0,53.0,0.2524488818359375,True,2026-10-08 19:32:03+00:00,SPY261009P00788000
SPY,2026-10-09,773.93,2026-10-09,P,789.0,14.36,15.48,17.51,28.0,0.0,0.26563234375,True,2026-10-08 17:26:03+00:00,SPY261009P00789000
SPY,2026-10-09,773.93,2026-10-09,P,790.0,14.78,16.48,16.28,373.0,74.0,0.2788158056640625,True,2026-10-08 18:48:23+00:00,SPY261009P00790000
SPY,2026-10-09,773.93,2026-10-09,P,791.0,15.82,17.48,16.9,2.0,0.0,0.2915109912109374,True,2026-10-07 14:43:57+00:00,SPY261009P00791000
SPY,2026-10-09,773.93,2026-10-09,P,792.0,16.82,18.48,19.43,33.0,9.0,0.3042061767578125,True,2026-10-08 18:48:23+00:00,SPY261009P00792000
SPY,2026-10-09,773.93,2026-10-09,P,793.0,17.82,19.48,17.93,4.0,0.0,0.31690136230468746,True,2026-10-08 15:05:00+00:00,SPY261009P00793000
SPY,2026-10-09,773.93,2026-10-09,P,794.0,18.82,20.48,14.3,5.0,0.0,0.32959654785156245,True,2026-10-06 17:02:35+00:00,SPY261009P00794000
SPY,2026-10-09,773.93,2026-10-09,P,795.0,19.82,21.48,21.88,57.0,10.0,0.34180345703125,True,2026-10-08 18:48:23+00:00,SPY261009P00795000
SPY,2026-10-09,773.93,2026-10-09,P,796.0,20.73,22.48,16.13,58.0,0.0,0.3540103662109374,True,2026-10-06 17:38:17+00:00,SPY261009P00796000
SPY,2026-10-09,773.93,2026-10-09,P,797.0,21.82,23.48,21.85,12.0,0.0,0.366217275390625,True,2026-10-07 16:03:02+00:00,SPY261009P00797000
SPY,2026-10-09,773.93,2026-10-09,P,798.0,22.82,24.48,22.97,10.0,0.0,0.37842418457031246,True,2026-10-08 15:13:32+00:00,SPY261009P00798000
SPY,2026-10-09,773.93,2026-10-09,P,799.0,23.73,25.48,21.28,70.0,0.0,0.39063109375,True,2026-10-07 19:01:42+00:00,SPY261009P00799000
SPY,2026-10-09,773.93,2026-10-09,P,800.0,24.73,26.48,26.59,8.0,0.0,0.4023497265625,True,2026-10-08 18:28:10+00:00,SPY261009P00800000
SPY,2026-10-09,773.93,2026-10-09,P,801.0,,,27.2,,,0.0,True,2026-10-08 19:24:41+00:00,SPY261009P00801000
SPY,2026-10-09,773.93,2026-10-09,P,802.0,26.73,28.48,24.89,40.0,0.0,0.42578699218750005,True,2026-10-07 19:25:30+00:00,SPY261009P00802000
SPY,2026-10-09,773.93,2026-10-09,P,803.0,27.82,29.48,27.3,9.0,0.0,0.437505625,True,2026-10-08 16:17:11+00:00,SPY261009P00803000
SPY,2026-10-09,773.93,2026-10-09,P,804.0,28.81,30.48,28.75,8.0,0.0,0.44922425781249997,True,2026-10-08 15:25:12+00:00,SPY261009P00804000
SPY,2026-10-09,773.93,2026-10-09,P,805.0,29.73,31.48,30.6,4.0,0.0,0.46094289062500005,True,2026-10-08 13:57:27+00:00,SPY261009P00805000
SPY,2026-10-09,773.93,2026-10-09,P,806.0,30.81,32.48,28.37,22.0,0.0,0.4721732470703125,True,2026-10-07 18:09:16+00:00,SPY261009P00806000
SPY,2026-10-09,773.93,2026-10-09,P,807.0,,,31.48,,,0.0,True,2026-10-08 13:59:27+00:00,SPY261009P00807000
SPY,2026-10-09,773.93,2026-10-09,P,808.0,,,32.3,,,0.0,True,2026-10-08 13:31:50+00:00,SPY261009P00808000
SPY,2026-10-09,773.93,2026-10-09,P,809.0,33.82,35.7,34.64,6.0,0.0,0.5539595385742189,True,2026-10-08 16:01:11+00:00,SPY261009P00809000
SPY,2026-10-09,773.93,2026-10-09,P,810.0,34.73,36.48,36.67,106.0,22.0,0.51758294921875,True,2026-10-08 19:22:39+00:00,SPY261009P00810000
SPY,2026-10-09,773.93,2026-10-09,P,811.0,,,36.5,,,0.0,True,2026-10-08 16:02:24+00:00,SPY261009P00811000
SPY,2026-10-09,773.93,2026-10-09,P,812.0,,,34.42,,,0.0,True,2026-10-07 18:33:56+00:00,SPY261009P00812000
SPY,2026-10-09,773.93,2026-10-09,P,813.0,,,37.78,,,0.0,True,2026-10-07 15:35:29+00:00,SPY261009P00813000
SPY,2026-10-09,773.93,2026-10-09,P,814.0,38.82,40.48,38.41,2.0,0.0,0.5620160986328125,True,2026-10-08 13:59:00+00:00,SPY261009P00814000
SPY,2026-10-09,773.93,2026-10-09,P,815.0,39.82,41.48,40.6,5.0,1.0,0.5727581787109376,True,2026-10-08 16:03:03+00:00,SPY261009P00815000
SPY,2026-10-09,773.93,2026-10-09,P,816.0,,,38.53,,,0.0,True,2026-10-07 18:37:05+00:00,SPY261009P00816000
SPY,2026-10-09,773.93,2026-10-09,P,817.0,,,42.97,,,0.0,True,2026-10-05 17:07:05+00:00,SPY261009P00817000
SPY,2026-10-09,773.93,2026-10-09,P,818.0,,,38.26,,,0.0,True,2026-10-06 13:57:25+00:00,SPY261009P00818000
SPY,2026-10-09,773.93,2026-10-09,P,819.0,43.82,45.48,44.61,4.0,0.0,0.6162147753906251,True,2026-10-07 14:31:22+00:00,SPY261009P00819000
SPY,2026-10-09,773.93,2026-10-09,P,820.0,,,45.88,,,0.0,True,2026-10-08 20:08:01+00:00,SPY261009P00820000
SPY,2026-10-09,773.93,2026-10-09,P,821.0,45.81,47.48,39.81,4.0,0.0,0.637698935546875,True,2026-10-06 15:32:40+00:00,SPY261009P00821000
SPY,2026-10-09,773.93,2026-10-09,P,822.0,46.7,48.53,48.14,8.0,0.0,0.6621127539062501,True,2026-10-07 14:49:23+00:00,SPY261009P00822000
SPY,2026-10-09,773.93,2026-10-09,P,823.0,47.82,49.71,47.74,6.0,0.0,0.717776259765625,True,2026-10-07 14:03:30+00:00,SPY261009P00823000
SPY,2026-10-09,773.93,2026-10-09,P,824.0,48.82,50.71,48.39,2.0,0.0,0.7290066162109375,True,2026-10-08 13:51:54+00:00,SPY261009P00824000
SPY,2026-10-09,773.93,2026-10-09,P,825.0,49.81,51.48,50.86,1.0,1.0,0.6796907031250001,True,2026-10-08 20:08:01+00:00,SPY261009P00825000
SPY,2026-10-09,773.93,2026-10-09,P,826.0,,,48.5,,,0.0,True,2026-10-07 17:23:29+00:00,SPY261009P00826000
SPY,2026-10-09,773.93,2026-10-09,P,827.0,,,49.68,,,0.0,True,2026-10-07 16:17:39+00:00,SPY261009P00827000
SPY,2026-10-09,773.93,2026-10-09,P,828.0,,,50.68,,,0.0,True,2026-10-07 16:18:00+00:00,SPY261009P00828000
SPY,2026-10-09,773.93,2026-10-09,P,829.0,,,55.08,,,0.0,True,2026-10-08 16:57:43+00:00,SPY261009P00829000
SPY,2026-10-09,773.93,2026-10-09,P,830.0,54.82,56.48,49.74,8.0,0.0,0.7319362744140624,True,2026-10-06 16:03:09+00:00,SPY261009P00830000
SPY,2026-10-09,773.93,2026-10-09,P,831.0,,,51.79,,,0.0,True,2026-10-06 14:45:17+00:00,SPY261009P00831000
SPY,2026-10-09,773.93,2026-10-09,P,832.0,,,49.98,,,0.0,True,2026-10-06 16:06:26+00:00,SPY261009P00832000
SPY,2026-10-09,773.93,2026-10-09,P,833.0,,,56.38,,,0.0,True,2026-10-07 16:20:33+00:00,SPY261009P00833000
SPY,2026-10-09,773.93,2026-10-09,P,834.0,,,52.89,,,0.0,True,2026-10-06 16:04:51+00:00,SPY261009P00834000
SPY,2026-10-09,773.93,2026-10-09,P,835.0,59.82,61.71,58.66,2.0,0.0,0.8491226025390625,True,2026-10-07 16:54:57+00:00,SPY261009P00835000
SPY,2026-10-09,773.93,2026-10-09,P,836.0,,,58.51,,,0.0,True,2026-10-07 19:59:34+00:00,SPY261009P00836000
SPY,2026-10-09,773.93,2026-10-09,P,837.0,,,56.88,,,0.0,True,2026-10-06 18:17:22+00:00,SPY261009P00837000
SPY,2026-10-09,773.93,2026-10-09,P,838.0,,,58.52,,,0.0,True,2026-10-06 16:46:51+00:00,SPY261009P00838000
SPY,2026-10-09,773.93,2026-10-09,P,839.0,,,58.58,,,0.0,True,2026-10-06 17:13:26+00:00,SPY261009P00839000
SPY,2026-10-09,773.93,2026-10-09,P,840.0,64.81,66.52,60.39,2.0,0.0,0.8466812207031249,True,2026-10-06 14:11:33+00:00,SPY261009P00840000
SPY,2026-10-09,773.93,2026-10-09,P,845.0,,,69.72,,,0.0,True,2026-10-08 14:56:26+00:00,SPY261009P00845000
SPY,2026-10-09,773.93,2026-10-09,P,850.0,,,69.65,,,0.0,True,2026-10-06 16:47:48+00:00,SPY261009P00850000
SPY,2026-10-09,773.93,2026-10-09,P,860.0,84.81,86.51,89.34,4.0,0.0,1.0380907470703127,True,2026-10-02 13:36:41+00:00,SPY261009P00860000
SPY,2026-10-09,773.93,2026-10-09,P,865.0,,,94.52,,,0.0,True,2026-10-05 13:46:29+00:00,SPY261009P00865000
SPY,2026-10-09,773.93,2026-10-09,P,870.0,,,94.46,,,0.0,True,2026-10-08 15:15:16+00:00,SPY261009P00870000
SPY,2026-10-09,773.93,2026-10-09,P,880.0,104.81,106.71,103.68,8.0,0.0,1.2998081884765622,True,2026-10-05 19:17:25+00:00,SPY261009P00880000
SPY,2026-10-09,773.93,2026-10-09,P,885.0,,,108.88,,,0.0,True,2026-10-05 19:16:21+00:00,SPY261009P00885000
SPY,2026-10-09,773.93,2026-10-09,P,895.0,,,113.54,,,0.0,True,2026-10-06 15:25:28+00:00,SPY261009P00895000
SPY,2026-10-09,773.93,2026-10-09,P,900.0,,,123.56,,,0.0,True,2026-10-05 19:18:35+00:00,SPY261009P00900000
SPY,2026-10-09,773.93,2026-10-09,P,905.0,,,128.64,,,0.0,True,2026-10-05 19:20:07+00:00,SPY261009P00905000
SPY,2026-10-09,773.93,2026-10-09,P,915.0,139.81,141.71,133.49,2.0,0.0,1.6171894140625,True,2026-10-06 15:27:14+00:00,SPY261009P00915000
SPY,2026-10-09,773.93,2026-10-09,P,920.0,,,138.42,,,0.0,True,2026-10-06 15:26:50+00:00,SPY261009P00920000
SPY,2026-10-09,773.93,2026-10-09,P,925.0,149.82,151.51,143.44,2.0,0.0,1.609376953125,True,2026-10-06 15:26:29+00:00,SPY261009P00925000
SPY,2026-10-09,773.93,2026-10-09,P,930.0,,,148.93,,,0.0,True,2026-10-06 16:40:58+00:00,SPY261009P00930000
SPY,2026-10-09,773.93,2026-10-12,C,550.0,,,223.21,,,0.0,True,2026-10-08 18:52:50+00:00,SPY261012C00550000
SPY,2026-10-09,773.93,2026-10-12,C,555.0,,,218.19,,,0.0,True,2026-10-08 18:53:05+00:00,SPY261012C00555000
SPY,2026-10-09,773.93,2026-10-12,C,560.0,,,212.4,,,0.0,True,2026-10-08 18:09:45+00:00,SPY261012C00560000
SPY,2026-10-09,773.93,2026-10-12,C,565.0,,,208.17,,,0.0,True,2026-10-08 18:53:20+00:00,SPY261012C00565000
SPY,2026-10-09,773.93,2026-10-12,C,570.0,,,204.81,,,0.0,True,2026-10-08 15:47:06+00:00,SPY261012C00570000
SPY,2026-10-09,773.93,2026-10-12,C,575.0,,,196.34,,,0.0,True,2026-10-08 18:10:16+00:00,SPY261012C00575000
SPY,2026-10-09,773.93,2026-10-12,C,580.0,,,193.21,,,0.0,True,2026-10-08 18:52:35+00:00,SPY261012C00580000
SPY,2026-10-09,773.93,2026-10-12,C,585.0,,,187.34,,,0.0,True,2026-10-08 18:10:33+00:00,SPY261012C00585000
SPY,2026-10-09,773.93,2026-10-12,C,590.0,,,184.91,,,0.0,True,2026-10-08 15:47:34+00:00,SPY261012C00590000
SPY,2026-10-09,773.93,2026-10-12,C,595.0,,,180.67,,,0.0,True,2026-10-08 16:35:17+00:00,SPY261012C00595000
SPY,2026-10-09,773.93,2026-10-12,C,600.0,,,175.67,,,0.0,True,2026-10-08 16:35:01+00:00,SPY261012C00600000
SPY,2026-10-09,773.93,2026-10-12,C,605.0,,,167.8,,,0.0,True,2026-10-08 17:40:48+00:00,SPY261012C00605000
SPY,2026-10-09,773.93,2026-10-12,C,610.0,,,170.25,,,0.0,True,2026-10-06 17:45:27+00:00,SPY261012C00610000
SPY,2026-10-09,773.93,2026-10-12,C,615.0,,,158.14,,,0.0,True,2026-10-08 19:01:15+00:00,SPY261012C00615000
SPY,2026-10-09,773.93,2026-10-12,C,620.0,,,154.61,,,0.0,True,2026-10-08 16:34:20+00:00,SPY261012C00620000
SPY,2026-10-09,773.93,2026-10-12,C,625.0,,,148.04,,,0.0,True,2026-10-08 19:01:03+00:00,SPY261012C00625000
SPY,2026-10-09,773.93,2026-10-12,C,630.0,,,143.24,,,0.0,True,2026-10-08 19:00:44+00:00,SPY261012C00630000
SPY,2026-10-09,773.93,2026-10-12,C,635.0,,,141.57,,,0.0,True,2026-10-08 14:39:24+00:00,SPY261012C00635000
SPY,2026-10-09,773.93,2026-10-12,C,640.0,,,133.13,,,0.0,True,2026-10-08 19:00:13+00:00,SPY261012C00640000
SPY,2026-10-09,773.93,2026-10-12,C,645.0,,,128.99,,,0.0,True,2026-10-08 19:00:03+00:00,SPY261012C00645000
SPY,2026-10-09,773.93,2026-10-12,C,650.0,123.6,125.71,122.8,36.0,12.0,0.8784191845703124,True,2026-10-08 19:07:03+00:00,SPY261012C00650000
SPY,2026-10-09,773.93,2026-10-12,C,655.0,,,118.97,,,0.0,True,2026-10-08 19:06:46+00:00,SPY261012C00655000
SPY,2026-10-09,773.93,2026-10-12,C,660.0,,,116.5,,,0.0,True,2026-10-08 14:38:20+00:00,SPY261012C00660000
SPY,2026-10-09,773.93,2026-10-12,C,665.0,,,111.71,,,0.0,True,2026-10-08 14:35:17+00:00,SPY261012C00665000
SPY,2026-10-09,773.93,2026-10-12,C,670.0,,,103.29,,,0.0,True,2026-10-08 18:59:17+00:00,SPY261012C00670000
SPY,2026-10-09,773.93,2026-10-12,C,675.0,,,98.38,,,0.0,True,2026-10-08 18:59:03+00:00,SPY261012C00675000
SPY,2026-10-09,773.93,2026-10-12,C,680.0,93.63,95.6,95.1,78.0,8.0,0.6762727685546877,True,2026-10-08 16:45:03+00:00,SPY261012C00680000
SPY,2026-10-09,773.93,2026-10-12,C,685.0,88.58,90.57,88.43,104.0,5.0,0.6374547973632813,True,2026-10-08 18:58:47+00:00,SPY261012C00685000
SPY,2026-10-09,773.93,2026-10-12,C,690.0,,,86.8,,,0.0,True,2026-10-08 14:34:34+00:00,SPY261012C00690000
SPY,2026-10-09,773.93,2026-10-12,C,695.0,78.65,80.63,78.3,66.0,8.0,0.5842326733398437,True,2026-10-08 18:58:38+00:00,SPY261012C00695000
SPY,2026-10-09,773.93,2026-10-12,C,700.0,73.62,75.73,74.64,19.0,2.0,0.5571333349609376,True,2026-10-08 20:08:29+00:00,SPY261012C00700000
SPY,2026-10-09,773.93,2026-10-12,C,705.0,,,71.3,,,0.0,True,2026-10-08 15:05:58+00:00,SPY261012C00705000
SPY,2026-10-09,773.93,2026-10-12,C,710.0,63.64,65.75,63.29,20.0,3.0,0.6005899316406251,True,2026-10-08 19:17:46+00:00,SPY261012C00710000
SPY,2026-10-09,773.93,2026-10-12,C,715.0,58.65,60.8,58.05,24.0,15.0,0.5671430004882813,True,2026-10-08 19:18:29+00:00,SPY261012C00715000
SPY,2026-10-09,773.93,2026-10-12,C,720.0,,,53.54,,,0.0,True,2026-10-08 19:23:47+00:00,SPY261012C00720000
SPY,2026-10-09,773.93,2026-10-12,C,723.0,,,50.26,,,0.0,True,2026-10-08 18:57:32+00:00,SPY261012C00723000
SPY,2026-10-09,773.93,2026-10-12,C,724.0,,,50.22,,,0.0,True,2026-10-08 18:57:15+00:00,SPY261012C00724000
SPY,2026-10-09,773.93,2026-10-12,C,725.0,,,48.28,,,0.0,True,2026-10-08 19:20:12+00:00,SPY261012C00725000
SPY,2026-10-09,773.93,2026-10-12,C,726.0,,,47.65,,,0.0,True,2026-10-08 16:56:31+00:00,SPY261012C00726000
SPY,2026-10-09,773.93,2026-10-12,C,727.0,,,46.6,,,0.0,True,2026-10-08 16:55:30+00:00,SPY261012C00727000
SPY,2026-10-09,773.93,2026-10-12,C,728.0,,,45.88,,,0.0,True,2026-10-08 17:42:53+00:00,SPY261012C00728000
SPY,2026-10-09,773.93,2026-10-12,C,729.0,,,44.36,,,0.0,True,2026-10-08 19:21:18+00:00,SPY261012C00729000
SPY,2026-10-09,773.93,2026-10-12,C,730.0,43.62,45.66,43.51,29.0,5.0,0.44324287231445314,True,2026-10-08 19:35:02+00:00,SPY261012C00730000
SPY,2026-10-09,773.93,2026-10-12,C,731.0,42.67,44.8,42.59,31.0,5.0,0.4451959777832031,True,2026-10-08 19:34:45+00:00,SPY261012C00731000
SPY,2026-10-09,773.93,2026-10-12,C,732.0,,,41.52,,,0.0,True,2026-10-08 19:34:33+00:00,SPY261012C00732000
SPY,2026-10-09,773.93,2026-10-12,C,733.0,40.67,42.66,40.54,22.0,10.0,0.4202938830566406,True,2026-10-08 19:34:19+00:00,SPY261012C00733000
SPY,2026-10-09,773.93,2026-10-12,C,734.0,39.61,41.67,39.55,36.0,15.0,0.4133359448242187,True,2026-10-08 19:34:06+00:00,SPY261012C00734000
SPY,2026-10-09,773.93,2026-10-12,C,735.0,,,38.51,,,0.0,True,2026-10-08 19:33:50+00:00,SPY261012C00735000
SPY,2026-10-09,773.93,2026-10-12,C,736.0,37.67,39.78,37.52,36.0,4.0,0.40491317749023437,True,2026-10-08 19:33:34+00:00,SPY261012C00736000
SPY,2026-10-09,773.93,2026-10-12,C,737.0,36.63,38.81,36.22,22.0,15.0,0.39905386108398444,True,2026-10-08 19:20:49+00:00,SPY261012C00737000
SPY,2026-10-09,773.93,2026-10-12,C,738.0,35.66,37.68,35.37,30.0,4.0,0.38294074096679687,True,2026-10-08 19:21:07+00:00,SPY261012C00738000
SPY,2026-10-09,773.93,2026-10-12,C,739.0,34.68,36.83,33.38,30.0,9.0,0.38440557006835935,True,2026-10-08 18:03:19+00:00,SPY261012C00739000
SPY,2026-10-09,773.93,2026-10-12,C,740.0,33.67,35.8,33.26,82.0,12.0,0.3746400427246094,True,2026-10-08 19:19:53+00:00,SPY261012C00740000
SPY,2026-10-09,773.93,2026-10-12,C,741.0,32.64,34.83,31.55,24.0,11.0,0.36853658813476564,True,2026-10-08 18:04:34+00:00,SPY261012C00741000
SPY,2026-10-09,773.93,2026-10-12,C,742.0,31.64,33.64,31.34,12.0,7.0,0.3491276025390625,True,2026-10-08 18:52:14+00:00,SPY261012C00742000
SPY,2026-10-09,773.93,2026-10-12,C,743.0,,,28.95,,,0.0,True,2026-10-08 17:51:16+00:00,SPY261012C00743000
SPY,2026-10-09,773.93,2026-10-12,C,744.0,,,29.79,,,0.0,True,2026-10-08 16:56:08+00:00,SPY261012C00744000
SPY,2026-10-09,773.93,2026-10-12,C,745.0,28.7,30.82,29.33,28.0,18.0,0.33570000244140624,True,2026-10-08 19:59:26+00:00,SPY261012C00745000
SPY,2026-10-09,773.93,2026-10-12,C,746.0,27.65,29.01,28.33,19.0,215.0,0.27735097656249996,True,2026-10-08 19:57:53+00:00,SPY261012C00746000
SPY,2026-10-09,773.93,2026-10-12,C,747.0,26.68,28.83,26.89,14.0,23.0,0.31995308959960933,True,2026-10-08 19:57:39+00:00,SPY261012C00747000
SPY,2026-10-09,773.93,2026-10-12,C,748.0,25.55,27.71,26.68,22.0,68.0,0.3050606604003906,True,2026-10-08 19:57:27+00:00,SPY261012C00748000
SPY,2026-10-09,773.93,2026-10-12,C,749.0,24.69,26.8,24.48,21.0,10.0,0.301764794921875,True,2026-10-08 18:54:02+00:00,SPY261012C00749000
SPY,2026-10-09,773.93,2026-10-12,C,750.0,23.68,25.81,24.86,57.0,34.0,0.29407444213867184,True,2026-10-08 19:57:14+00:00,SPY261012C00750000
SPY,2026-10-09,773.93,2026-10-12,C,751.0,22.61,24.86,23.12,17.0,7.0,0.28833719482421866,True,2026-10-08 19:57:02+00:00,SPY261012C00751000
SPY,2026-10-09,773.93,2026-10-12,C,752.0,21.62,23.73,22.72,58.0,24.0,0.2732006274414062,True,2026-10-08 19:56:48+00:00,SPY261012C00752000
SPY,2026-10-09,773.93,2026-10-12,C,753.0,20.65,22.73,21.02,28.0,38.0,0.2647778601074219,True,2026-10-08 19:56:37+00:00,SPY261012C00753000
SPY,2026-10-09,773.93,2026-10-12,C,754.0,19.76,21.85,19.99,43.0,14.0,0.262275443725586,True,2026-10-08 19:56:19+00:00,SPY261012C00754000
SPY,2026-10-09,773.93,2026-10-12,C,755.0,18.69,20.06,18.69,162.0,84.0,0.21204401245117185,True,2026-10-08 19:29:01+00:00,SPY261012C00755000
SPY,2026-10-09,773.93,2026-10-12,C,756.0,17.76,19.08,18.4,25.0,28.0,0.20533021240234373,True,2026-10-08 19:12:26+00:00,SPY261012C00756000
SPY,2026-10-09,773.93,2026-10-12,C,757.0,16.76,18.1,15.86,80.0,40.0,0.1984333087158203,True,2026-10-08 19:21:55+00:00,SPY261012C00757000
SPY,2026-10-09,773.93,2026-10-12,C,758.0,15.78,17.12,15.69,28.0,46.0,0.1914143359375,True,2026-10-08 19:14:46+00:00,SPY261012C00758000
SPY,2026-10-09,773.93,2026-10-12,C,759.0,14.99,16.15,14.85,34.0,49.0,0.1848226049804687,True,2026-10-08 19:58:22+00:00,SPY261012C00759000
SPY,2026-10-09,773.93,2026-10-12,C,760.0,13.84,15.18,14.02,70.0,528.0,0.17798673583984376,True,2026-10-08 19:55:39+00:00,SPY261012C00760000
SPY,2026-10-09,773.93,2026-10-12,C,761.0,12.9,14.21,12.66,114.0,130.0,0.1710287976074219,True,2026-10-08 19:43:09+00:00,SPY261012C00761000
SPY,2026-10-09,773.93,2026-10-12,C,762.0,11.88,13.27,11.72,99.0,149.0,0.16529155029296877,True,2026-10-08 19:42:57+00:00,SPY261012C00762000
SPY,2026-10-09,773.93,2026-10-12,C,763.0,10.99,12.31,11.02,451.0,234.0,0.15827257751464846,True,2026-10-08 19:50:01+00:00,SPY261012C00763000
SPY,2026-10-09,773.93,2026-10-12,C,764.0,10.74,11.34,11.2,305.0,1174.0,0.1506432592773438,True,2026-10-08 20:11:16+00:00,SPY261012C00764000
SPY,2026-10-09,773.93,2026-10-12,C,765.0,10.0,10.28,9.96,196.0,672.0,0.13892462646484377,True,2026-10-08 20:06:23+00:00,SPY261012C00765000
SPY,2026-10-09,773.93,2026-10-12,C,766.0,9.09,9.35,8.13,598.0,400.0,0.13251599914550782,True,2026-10-08 19:54:24+00:00,SPY261012C00766000
SPY,2026-10-09,773.93,2026-10-12,C,767.0,8.2,8.45,8.43,266.0,420.0,0.12683978637695312,True,2026-10-08 20:11:45+00:00,SPY261012C00767000
SPY,2026-10-09,773.93,2026-10-12,C,768.0,7.36,7.57,7.4,1559.0,394.0,0.12140771179199218,True,2026-10-08 20:06:52+00:00,SPY261012C00768000
SPY,2026-10-09,773.93,2026-10-12,C,769.0,6.49,6.72,6.46,1079.0,717.0,0.11640287902832032,True,2026-10-08 20:05:09+00:00,SPY261012C00769000
SPY,2026-10-09,773.93,2026-10-12,C,770.0,5.73,5.9,5.87,2453.0,1853.0,0.11158114990234375,True,2026-10-08 20:12:45+00:00,SPY261012C00770000
SPY,2026-10-09,773.93,2026-10-12,C,771.0,4.99,5.09,5.16,4568.0,567.0,0.10621010986328125,True,2026-10-08 20:10:29+00:00,SPY261012C00771000
SPY,2026-10-09,773.93,2026-10-12,C,772.0,4.27,4.31,4.29,4757.0,389.0,0.10077803527832031,True,2026-10-08 20:14:52+00:00,SPY261012C00772000
SPY,2026-10-09,773.93,2026-10-12,C,773.0,3.59,3.64,3.6,8120.0,576.0,0.09760423889160157,True,2026-10-08 20:14:46+00:00,SPY261012C00773000
SPY,2026-10-09,773.93,2026-10-12,C,774.0,2.97,2.98,2.98,12564.0,867.0,0.0932707861328125,False,2026-10-08 20:14:53+00:00,SPY261012C00774000
SPY,2026-10-09,773.93,2026-10-12,C,775.0,2.4,2.42,2.4,24744.0,2542.0,0.09040216247558594,False,2026-10-08 20:14:59+00:00,SPY261012C00775000
SPY,2026-10-09,773.93,2026-10-12,C,776.0,1.91,1.92,1.91,17058.0,1827.0,0.08759457336425781,False,2026-10-08 20:14:53+00:00,SPY261012C00776000
SPY,2026-10-09,773.93,2026-10-12,C,777.0,1.48,1.49,1.49,15984.0,1091.0,0.08515319152832034,False,2026-10-08 20:14:43+00:00,SPY261012C00777000
SPY,2026-10-09,773.93,2026-10-12,C,778.0,1.12,1.14,1.13,12883.0,1626.0,0.08332215515136722,False,2026-10-08 20:14:55+00:00,SPY261012C00778000
SPY,2026-10-09,773.93,2026-10-12,C,779.0,0.84,0.85,0.84,9205.0,2066.0,0.08167422241210939,False,2026-10-08 20:14:53+00:00,SPY261012C00779000
SPY,2026-10-09,773.93,2026-10-12,C,780.0,0.62,0.63,0.62,20607.0,3272.0,0.08069766967773437,False,2026-10-08 20:14:59+00:00,SPY261012C00780000
SPY,2026-10-09,773.93,2026-10-12,C,781.0,0.45,0.46,0.46,6349.0,1724.0,0.08002628967285157,False,2026-10-08 20:14:38+00:00,SPY261012C00781000
SPY,2026-10-09,773.93,2026-10-12,C,782.0,0.33,0.34,0.34,7178.0,1279.0,0.08020939331054688,False,2026-10-08 20:14:58+00:00,SPY261012C00782000
SPY,2026-10-09,773.93,2026-10-12,C,783.0,0.24,0.25,0.25,3506.0,1086.0,0.0805756005859375,False,2026-10-08 20:14:59+00:00,SPY261012C00783000
SPY,2026-10-09,773.93,2026-10-12,C,784.0,0.17,0.18,0.18,3613.0,1889.0,0.08069766967773437,False,2026-10-08 20:14:57+00:00,SPY261012C00784000
SPY,2026-10-09,773.93,2026-10-12,C,785.0,0.12,0.13,0.13,7366.0,5339.0,0.081063876953125,False,2026-10-08 20:14:21+00:00,SPY261012C00785000
SPY,2026-10-09,773.93,2026-10-12,C,786.0,0.09,0.1,0.1,2164.0,1948.0,0.08277284423828127,False,2026-10-08 20:11:26+00:00,SPY261012C00786000
SPY,2026-10-09,773.93,2026-10-12,C,787.0,0.06,0.07,0.07,2010.0,1250.0,0.08301698242187502,False,2026-10-08 20:14:37+00:00,SPY261012C00787000
SPY,2026-10-09,773.93,2026-10-12,C,788.0,0.04,0.05,0.04,1911.0,925.0,0.08350525878906252,False,2026-10-08 20:10:08+00:00,SPY261012C00788000
SPY,2026-10-09,773.93,2026-10-12,C,789.0,0.03,0.04,0.04,1052.0,2466.0,0.08594664062500001,False,2026-10-08 20:07:50+00:00,SPY261012C00789000
SPY,2026-10-09,773.93,2026-10-12,C,790.0,0.02,0.03,0.03,2620.0,3127.0,0.08692319335937501,False,2026-10-08 20:13:01+00:00,SPY261012C00790000
SPY,2026-10-09,773.93,2026-10-12,C,791.0,0.02,0.03,0.02,1758.0,682.0,0.09180595703125,False,2026-10-08 20:14:37+00:00,SPY261012C00791000
SPY,2026-10-09,773.93,2026-10-12,C,792.0,0.01,0.02,0.02,1910.0,1222.0,0.09180595703125,False,2026-10-08 20:06:37+00:00,SPY261012C00792000
SPY,2026-10-09,773.93,2026-10-12,C,793.0,0.01,0.02,0.02,4172.0,2455.0,0.09571216796875001,False,2026-10-08 19:18:56+00:00,SPY261012C00793000
SPY,2026-10-09,773.93,2026-10-12,C,794.0,0.01,0.02,0.02,7907.0,1667.0,0.100594931640625,False,2026-10-08 19:13:17+00:00,SPY261012C00794000
SPY,2026-10-09,773.93,2026-10-12,C,795.0,0.01,0.02,0.02,2208.0,884.0,0.10450114257812498,False,2026-10-08 16:50:46+00:00,SPY261012C00795000
SPY,2026-10-09,773.93,2026-10-12,C,796.0,0.01,0.02,0.02,321.0,321.0,0.10938390625,False,2026-10-08 16:39:52+00:00,SPY261012C00796000
SPY,2026-10-09,773.93,2026-10-12,C,797.0,0.01,0.02,0.01,4.0,399.0,0.1132901171875,False,2026-10-08 18:22:37+00:00,SPY261012C00797000
SPY,2026-10-09,773.93,2026-10-12,C,798.0,0.01,0.02,0.01,30.0,2547.0,0.117196328125,False,2026-10-08 16:48:38+00:00,SPY261012C00798000
SPY,2026-10-09,773.93,2026-10-12,C,799.0,0.01,0.02,0.02,63.0,547.0,0.1211025390625,False,2026-10-08 19:51:38+00:00,SPY261012C00799000
SPY,2026-10-09,773.93,2026-10-12,C,800.0,0.01,0.02,0.01,197.0,4624.0,0.125985302734375,False,2026-10-08 20:04:01+00:00,SPY261012C00800000
SPY,2026-10-09,773.93,2026-10-12,C,801.0,0.01,0.02,0.02,13.0,202.0,0.13086806640624998,False,2026-10-07 13:52:40+00:00,SPY261012C00801000
SPY,2026-10-09,773.93,2026-10-12,C,802.0,0.01,0.02,0.02,8.0,546.0,0.13477427734375003,False,2026-10-07 14:57:28+00:00,SPY261012C00802000
SPY,2026-10-09,773.93,2026-10-12,C,803.0,0.01,0.02,0.02,14.0,61.0,0.13868048828125001,False,2026-10-08 14:24:48+00:00,SPY261012C00803000
SPY,2026-10-09,773.93,2026-10-12,C,804.0,0.01,0.02,0.01,51.0,63.0,0.14258669921875,False,2026-10-08 16:10:00+00:00,SPY261012C00804000
SPY,2026-10-09,773.93,2026-10-12,C,805.0,0.01,0.02,0.01,12.0,232.0,0.14649291015625,False,2026-10-08 15:49:39+00:00,SPY261012C00805000
SPY,2026-10-09,773.93,2026-10-12,C,806.0,0.01,0.02,0.02,10.0,368.0,0.15039912109375003,False,2026-10-08 14:08:19+00:00,SPY261012C00806000
SPY,2026-10-09,773.93,2026-10-12,C,807.0,0.01,0.02,0.02,29.0,221.0,0.15430533203125002,False,2026-10-08 14:04:18+00:00,SPY261012C00807000
SPY,2026-10-09,773.93,2026-10-12,C,808.0,0.01,0.02,0.01,28.0,163.0,0.15821154296875,False,2026-10-08 14:03:02+00:00,SPY261012C00808000
SPY,2026-10-09,773.93,2026-10-12,C,809.0,0.01,0.02,0.01,102.0,157.0,0.16309430664062502,False,2026-10-08 13:53:34+00:00,SPY261012C00809000
SPY,2026-10-09,773.93,2026-10-12,C,810.0,0.01,0.02,0.01,495.0,705.0,0.16700051757812504,False,2026-10-08 20:02:18+00:00,SPY261012C00810000
SPY,2026-10-09,773.93,2026-10-12,C,815.0,0.0,0.01,0.01,807.0,260.0,0.1757894921875,False,2026-10-08 20:05:07+00:00,SPY261012C00815000
SPY,2026-10-09,773.93,2026-10-12,C,820.0,0.0,0.01,0.01,1.0,1105.0,0.1914143359375,False,2026-10-08 16:54:51+00:00,SPY261012C00820000
SPY,2026-10-09,773.93,2026-10-12,C,825.0,0.0,0.01,0.01,751.0,589.0,0.21094539062499998,False,2026-10-07 18:43:23+00:00,SPY261012C00825000
SPY,2026-10-09,773.93,2026-10-12,C,830.0,0.0,0.01,0.01,1.0,291.0,0.2304764453125,False,2026-10-07 18:19:36+00:00,SPY261012C00830000
SPY,2026-10-09,773.93,2026-10-12,C,835.0,,,0.01,,,0.0,False,2026-10-08 17:04:25+00:00,SPY261012C00835000
SPY,2026-10-09,773.93,2026-10-12,C,840.0,0.0,0.01,0.02,399.0,406.0,0.26563234375,False,2026-10-07 18:12:18+00:00,SPY261012C00840000
SPY,2026-10-09,773.93,2026-10-12,C,845.0,0.0,0.01,0.01,12.0,14.0,0.28125718749999995,False,2026-10-06 19:55:03+00:00,SPY261012C00845000
SPY,2026-10-09,773.93,2026-10-12,C,850.0,0.0,0.01,0.01,15.0,111.0,0.29688203124999996,False,2026-10-06 19:54:55+00:00,SPY261012C00850000
SPY,2026-10-09,773.93,2026-10-12,C,855.0,,,0.01,,,0.0,False,2026-10-05 13:59:04+00:00,SPY261012C00855000
SPY,2026-10-09,773.93,2026-10-12,C,870.0,0.0,0.01,0.01,,1.0,0.367193828125,False,2026-10-01 14:15:06+00:00,SPY261012C00870000
SPY,2026-10-09,773.93,2026-10-12,C,895.0,0.0,0.01,0.01,,45.0,0.445318046875,False,2026-09-30 14:12:35+00:00,SPY261012C00895000
SPY,2026-10-09,773.93,2026-10-12,C,900.0,0.0,0.01,0.01,,10.0,0.46094289062500005,False,2026-09-30 14:20:21+00:00,SPY261012C00900000
SPY,2026-10-09,773.93,2026-10-12,P,550.0,0.0,0.01,0.01,200.0,202.0,0.937500625,False,2026-10-02 13:46:33+00:00,SPY261012P00550000
SPY,2026-10-09,773.93,2026-10-12,P,555.0,0.0,0.01,0.01,200.0,740.0,0.937500625,False,2026-10-02 14:56:29+00:00,SPY261012P00555000
SPY,2026-10-09,773.93,2026-10-12,P,560.0,0.0,0.01,0.01,220.0,1111.0,0.9062509375,False,2026-10-02 13:53:43+00:00,SPY261012P00560000
SPY,2026-10-09,773.93,2026-10-12,P,565.0,0.0,0.01,0.01,130.0,330.0,0.87500125,False,2026-10-02 17:53:14+00:00,SPY261012P00565000
SPY,2026-10-09,773.93,2026-10-12,P,570.0,0.0,0.01,0.01,1.0,41.0,0.85937640625,False,2026-10-02 20:01:46+00:00,SPY261012P00570000
SPY,2026-10-09,773.93,2026-10-12,P,575.0,0.0,0.01,0.03,,20.0,0.8437515624999999,False,2026-09-29 20:02:00+00:00,SPY261012P00575000
SPY,2026-10-09,773.93,2026-10-12,P,585.0,0.0,0.01,0.03,,92.0,0.7812521875,False,2026-10-01 15:17:52+00:00,SPY261012P00585000
SPY,2026-10-09,773.93,2026-10-12,P,590.0,0.0,0.01,0.01,18.0,90.0,0.7656273437500001,False,2026-10-05 13:38:47+00:00,SPY261012P00590000
SPY,2026-10-09,773.93,2026-10-12,P,595.0,0.0,0.01,0.01,210.0,282.0,0.7500025,False,2026-10-05 13:48:53+00:00,SPY261012P00595000
SPY,2026-10-09,773.93,2026-10-12,P,600.0,0.0,0.01,0.01,10.0,122.0,0.7187528125,False,2026-10-05 17:53:26+00:00,SPY261012P00600000
SPY,2026-10-09,773.93,2026-10-12,P,605.0,,,0.01,,,0.0,False,2026-10-05 17:23:25+00:00,SPY261012P00605000
SPY,2026-10-09,773.93,2026-10-12,P,610.0,0.0,0.01,0.02,36.0,72.0,0.6718782812500002,False,2026-10-02 14:45:04+00:00,SPY261012P00610000
SPY,2026-10-09,773.93,2026-10-12,P,625.0,0.0,0.01,0.01,4.0,39.0,0.6093789062500001,False,2026-10-06 13:41:16+00:00,SPY261012P00625000
SPY,2026-10-09,773.93,2026-10-12,P,640.0,0.0,0.01,0.02,259.0,259.0,0.5468795312500001,False,2026-10-05 16:30:47+00:00,SPY261012P00640000
SPY,2026-10-09,773.93,2026-10-12,P,645.0,0.0,0.01,0.01,2120.0,2306.0,0.5312546875,False,2026-10-07 17:43:08+00:00,SPY261012P00645000
SPY,2026-10-09,773.93,2026-10-12,P,650.0,0.0,0.01,0.01,100.0,2825.0,0.500005,False,2026-10-08 18:54:02+00:00,SPY261012P00650000
SPY,2026-10-09,773.93,2026-10-12,P,655.0,,,0.01,,,0.0,False,2026-10-08 20:00:13+00:00,SPY261012P00655000
SPY,2026-10-09,773.93,2026-10-12,P,660.0,0.01,0.02,0.01,5.0,847.0,0.507817421875,False,2026-10-06 20:14:52+00:00,SPY261012P00660000
SPY,2026-10-09,773.93,2026-10-12,P,665.0,0.01,0.02,0.01,10.0,187.0,0.500005,False,2026-10-06 20:01:25+00:00,SPY261012P00665000
SPY,2026-10-09,773.93,2026-10-12,P,670.0,0.01,0.02,0.01,1.0,4623.0,0.476567734375,False,2026-10-08 17:00:21+00:00,SPY261012P00670000
SPY,2026-10-09,773.93,2026-10-12,P,675.0,0.01,0.02,0.01,366.0,972.0,0.45313046875,False,2026-10-08 13:44:21+00:00,SPY261012P00675000
SPY,2026-10-09,773.93,2026-10-12,P,680.0,0.01,0.02,0.01,5.0,10826.0,0.42969320312500003,False,2026-10-08 19:53:09+00:00,SPY261012P00680000
SPY,2026-10-09,773.93,2026-10-12,P,685.0,0.01,0.02,0.02,1.0,1035.0,0.4101621484375,False,2026-10-08 17:30:20+00:00,SPY261012P00685000
SPY,2026-10-09,773.93,2026-10-12,P,690.0,0.01,0.02,0.02,335.0,35.0,0.38672488281249995,False,2026-10-08 18:53:31+00:00,SPY261012P00690000
SPY,2026-10-09,773.93,2026-10-12,P,695.0,0.01,0.02,0.02,387.0,1545.0,0.3632876171875,False,2026-10-08 19:27:22+00:00,SPY261012P00695000
SPY,2026-10-09,773.93,2026-10-12,P,700.0,0.01,0.02,0.02,218.0,8052.0,0.3437565625,False,2026-10-07 20:10:50+00:00,SPY261012P00700000
SPY,2026-10-09,773.93,2026-10-12,P,705.0,0.02,0.03,0.02,197.0,803.0,0.33399103515625,False,2026-10-08 20:14:12+00:00,SPY261012P00705000
SPY,2026-10-09,773.93,2026-10-12,P,710.0,0.02,0.03,0.03,21.0,580.0,0.31055376953124997,False,2026-10-08 13:38:47+00:00,SPY261012P00710000
SPY,2026-10-09,773.93,2026-10-12,P,715.0,0.02,0.03,0.03,1026.0,292.0,0.28711650390624993,False,2026-10-08 19:27:19+00:00,SPY261012P00715000
SPY,2026-10-09,773.93,2026-10-12,P,720.0,0.02,0.03,0.04,945.0,555.0,0.26563234375,False,2026-10-08 18:04:44+00:00,SPY261012P00720000
SPY,2026-10-09,773.93,2026-10-12,P,723.0,0.03,0.04,0.03,138.0,1147.0,0.25977302734375,False,2026-10-08 19:56:44+00:00,SPY261012P00723000
SPY,2026-10-09,773.93,2026-10-12,P,724.0,0.03,0.04,0.04,2.0,51.0,0.25489026367187506,False,2026-10-08 13:38:50+00:00,SPY261012P00724000
SPY,2026-10-09,773.93,2026-10-12,P,725.0,0.03,0.04,0.04,2.0,289.0,0.2500075,False,2026-10-08 18:31:36+00:00,SPY261012P00725000
SPY,2026-10-09,773.93,2026-10-12,P,726.0,0.03,0.04,0.05,4.0,50.0,0.2461012890625,False,2026-10-08 17:29:10+00:00,SPY261012P00726000
SPY,2026-10-09,773.93,2026-10-12,P,727.0,0.03,0.04,0.04,1181.0,982.0,0.24024197265624997,False,2026-10-08 19:27:21+00:00,SPY261012P00727000
SPY,2026-10-09,773.93,2026-10-12,P,728.0,0.03,0.04,0.04,11776.0,1470.0,0.23633576171874998,False,2026-10-08 19:45:03+00:00,SPY261012P00728000
SPY,2026-10-09,773.93,2026-10-12,P,729.0,0.03,0.04,0.04,8191.0,4260.0,0.231452998046875,False,2026-10-08 19:43:44+00:00,SPY261012P00729000
SPY,2026-10-09,773.93,2026-10-12,P,730.0,0.03,0.04,0.04,262.0,2447.0,0.22657023437499998,False,2026-10-08 15:20:52+00:00,SPY261012P00730000
SPY,2026-10-09,773.93,2026-10-12,P,731.0,0.03,0.04,0.06,63.0,31.0,0.22168747070312497,False,2026-10-08 17:29:43+00:00,SPY261012P00731000
SPY,2026-10-09,773.93,2026-10-12,P,732.0,0.04,0.05,0.05,41.0,149.0,0.22266402343749997,False,2026-10-08 17:22:16+00:00,SPY261012P00732000
SPY,2026-10-09,773.93,2026-10-12,P,733.0,0.04,0.05,0.06,993.0,784.0,0.21875781249999998,False,2026-10-08 17:26:46+00:00,SPY261012P00733000
SPY,2026-10-09,773.93,2026-10-12,P,734.0,0.04,0.05,0.04,2004.0,7165.0,0.213875048828125,False,2026-10-08 19:59:31+00:00,SPY261012P00734000
SPY,2026-10-09,773.93,2026-10-12,P,735.0,0.04,0.05,0.05,242.0,461.0,0.20899228515624996,False,2026-10-08 17:25:10+00:00,SPY261012P00735000
SPY,2026-10-09,773.93,2026-10-12,P,736.0,0.04,0.05,0.07,119.0,318.0,0.20410952148437497,False,2026-10-08 17:26:20+00:00,SPY261012P00736000
SPY,2026-10-09,773.93,2026-10-12,P,737.0,0.04,0.05,0.05,62.0,161.0,0.1992267578125,False,2026-10-08 19:43:26+00:00,SPY261012P00737000
SPY,2026-10-09,773.93,2026-10-12,P,738.0,0.04,0.05,0.07,1211.0,332.0,0.194343994140625,False,2026-10-08 17:49:50+00:00,SPY261012P00738000
SPY,2026-10-09,773.93,2026-10-12,P,739.0,0.04,0.05,0.05,602.0,3370.0,0.18946123046875002,False,2026-10-08 19:56:34+00:00,SPY261012P00739000
SPY,2026-10-09,773.93,2026-10-12,P,740.0,0.05,0.06,0.06,144.0,767.0,0.188484677734375,False,2026-10-08 20:14:02+00:00,SPY261012P00740000
SPY,2026-10-09,773.93,2026-10-12,P,741.0,0.05,0.06,0.08,261.0,320.0,0.18360191406249998,False,2026-10-08 18:00:04+00:00,SPY261012P00741000
SPY,2026-10-09,773.93,2026-10-12,P,742.0,0.05,0.06,0.08,433.0,298.0,0.178719150390625,False,2026-10-08 17:32:41+00:00,SPY261012P00742000
SPY,2026-10-09,773.93,2026-10-12,P,743.0,0.05,0.06,0.06,209.0,322.0,0.17383638671875,False,2026-10-08 19:27:26+00:00,SPY261012P00743000
SPY,2026-10-09,773.93,2026-10-12,P,744.0,0.05,0.06,0.05,732.0,167.0,0.16895362304687503,False,2026-10-08 20:12:48+00:00,SPY261012P00744000
SPY,2026-10-09,773.93,2026-10-12,P,745.0,0.06,0.07,0.07,1195.0,470.0,0.16748879394531252,False,2026-10-08 19:47:18+00:00,SPY261012P00745000
SPY,2026-10-09,773.93,2026-10-12,P,746.0,0.06,0.07,0.08,578.0,167.0,0.16211775390625,False,2026-10-08 18:24:38+00:00,SPY261012P00746000
SPY,2026-10-09,773.93,2026-10-12,P,747.0,0.06,0.07,0.07,830.0,238.0,0.157234990234375,False,2026-10-08 19:22:59+00:00,SPY261012P00747000
SPY,2026-10-09,773.93,2026-10-12,P,748.0,0.06,0.07,0.09,450.0,262.0,0.15235222656250003,False,2026-10-08 18:35:07+00:00,SPY261012P00748000
SPY,2026-10-09,773.93,2026-10-12,P,749.0,0.07,0.08,0.08,174.0,474.0,0.14991084472656252,False,2026-10-08 19:46:26+00:00,SPY261012P00749000
SPY,2026-10-09,773.93,2026-10-12,P,750.0,0.07,0.08,0.08,3699.0,1917.0,0.1445398046875,False,2026-10-08 20:14:12+00:00,SPY261012P00750000
SPY,2026-10-09,773.93,2026-10-12,P,751.0,0.08,0.09,0.08,586.0,507.0,0.1420984228515625,False,2026-10-08 20:09:11+00:00,SPY261012P00751000
SPY,2026-10-09,773.93,2026-10-12,P,752.0,0.09,0.1,0.09,271.0,729.0,0.13868048828125001,False,2026-10-08 20:14:50+00:00,SPY261012P00752000
SPY,2026-10-09,773.93,2026-10-12,P,753.0,0.09,0.1,0.09,500.0,599.0,0.1333094482421875,False,2026-10-08 20:14:37+00:00,SPY261012P00753000
SPY,2026-10-09,773.93,2026-10-12,P,754.0,0.1,0.11,0.11,950.0,714.0,0.129891513671875,False,2026-10-08 20:14:29+00:00,SPY261012P00754000
SPY,2026-10-09,773.93,2026-10-12,P,755.0,0.11,0.12,0.11,1902.0,1189.0,0.12647357910156248,False,2026-10-08 20:14:32+00:00,SPY261012P00755000
SPY,2026-10-09,773.93,2026-10-12,P,756.0,0.13,0.14,0.14,913.0,1047.0,0.124032197265625,False,2026-10-08 20:04:32+00:00,SPY261012P00756000
SPY,2026-10-09,773.93,2026-10-12,P,757.0,0.14,0.15,0.15,1202.0,604.0,0.11988184814453123,False,2026-10-08 20:11:59+00:00,SPY261012P00757000
SPY,2026-10-09,773.93,2026-10-12,P,758.0,0.16,0.17,0.17,1031.0,650.0,0.1167080517578125,False,2026-10-08 20:12:56+00:00,SPY261012P00758000
SPY,2026-10-09,773.93,2026-10-12,P,759.0,0.19,0.2,0.2,691.0,552.0,0.11426666992187501,False,2026-10-08 20:14:29+00:00,SPY261012P00759000
SPY,2026-10-09,773.93,2026-10-12,P,760.0,0.22,0.23,0.22,7396.0,2240.0,0.11145908081054687,False,2026-10-08 20:14:51+00:00,SPY261012P00760000
SPY,2026-10-09,773.93,2026-10-12,P,761.0,0.26,0.27,0.27,2507.0,449.0,0.1088956298828125,False,2026-10-08 20:14:51+00:00,SPY261012P00761000
SPY,2026-10-09,773.93,2026-10-12,P,762.0,0.3,0.31,0.3,2618.0,663.0,0.10572183349609374,False,2026-10-08 20:14:42+00:00,SPY261012P00762000
SPY,2026-10-09,773.93,2026-10-12,P,763.0,0.35,0.36,0.36,2856.0,917.0,0.10279217529296875,False,2026-10-08 20:14:03+00:00,SPY261012P00763000
SPY,2026-10-09,773.93,2026-10-12,P,764.0,0.41,0.42,0.42,2744.0,1421.0,0.09986251708984376,False,2026-10-08 20:14:32+00:00,SPY261012P00764000
SPY,2026-10-09,773.93,2026-10-12,P,765.0,0.48,0.49,0.48,4222.0,2586.0,0.09693285888671876,False,2026-10-08 20:14:15+00:00,SPY261012P00765000
SPY,2026-10-09,773.93,2026-10-12,P,766.0,0.56,0.57,0.57,2235.0,718.0,0.09363699340820314,False,2026-10-08 20:11:29+00:00,SPY261012P00766000
SPY,2026-10-09,773.93,2026-10-12,P,767.0,0.67,0.68,0.68,4513.0,1096.0,0.09107354248046876,False,2026-10-08 20:14:42+00:00,SPY261012P00767000
SPY,2026-10-09,773.93,2026-10-12,P,768.0,0.8,0.81,0.81,5554.0,638.0,0.08832698791503907,False,2026-10-08 20:14:53+00:00,SPY261012P00768000
SPY,2026-10-09,773.93,2026-10-12,P,769.0,0.95,0.96,0.96,6386.0,1705.0,0.08533629516601565,False,2026-10-08 20:14:53+00:00,SPY261012P00769000
SPY,2026-10-09,773.93,2026-10-12,P,770.0,1.14,1.15,1.14,32956.0,4022.0,0.08271180969238283,False,2026-10-08 20:14:52+00:00,SPY261012P00770000
SPY,2026-10-09,773.93,2026-10-12,P,771.0,1.36,1.38,1.37,6166.0,1065.0,0.08014835876464844,False,2026-10-08 20:14:20+00:00,SPY261012P00771000
SPY,2026-10-09,773.93,2026-10-12,P,772.0,1.63,1.64,1.64,12176.0,1200.0,0.07703559692382814,False,2026-10-08 20:14:59+00:00,SPY261012P00772000
SPY,2026-10-09,773.93,2026-10-12,P,773.0,1.94,1.96,1.95,11168.0,1069.0,0.07416697326660157,False,2026-10-08 20:14:52+00:00,SPY261012P00773000
SPY,2026-10-09,773.93,2026-10-12,P,774.0,2.32,2.34,2.34,11601.0,1552.0,0.071298349609375,True,2026-10-08 20:14:04+00:00,SPY261012P00774000
SPY,2026-10-09,773.93,2026-10-12,P,775.0,2.75,2.77,2.76,11131.0,1790.0,0.06781938049316408,True,2026-10-08 20:14:48+00:00,SPY261012P00775000
SPY,2026-10-09,773.93,2026-10-12,P,776.0,3.24,3.32,3.25,5014.0,2843.0,0.06574420593261719,True,2026-10-08 20:14:15+00:00,SPY261012P00776000
SPY,2026-10-09,773.93,2026-10-12,P,777.0,3.8,3.86,3.81,4514.0,1372.0,0.060312131347656256,True,2026-10-08 20:14:41+00:00,SPY261012P00777000
SPY,2026-10-09,773.93,2026-10-12,P,778.0,4.34,4.58,4.48,2032.0,974.0,0.058236956787109384,True,2026-10-08 20:14:01+00:00,SPY261012P00778000
SPY,2026-10-09,773.93,2026-10-12,P,779.0,5.03,5.3,5.37,860.0,2829.0,0.05152315673828125,True,2026-10-08 20:00:52+00:00,SPY261012P00779000
SPY,2026-10-09,773.93,2026-10-12,P,780.0,5.78,6.1,6.5,1011.0,1011.0,0.0385838330078125,True,2026-10-08 19:59:34+00:00,SPY261012P00780000
SPY,2026-10-09,773.93,2026-10-12,P,781.0,6.56,6.95,7.32,588.0,694.0,1.0000000000000003e-05,True,2026-10-08 19:49:12+00:00,SPY261012P00781000
SPY,2026-10-09,773.93,2026-10-12,P,782.0,7.41,7.84,7.58,259.0,292.0,1.0000000000000003e-05,True,2026-10-08 20:11:55+00:00,SPY261012P00782000
SPY,2026-10-09,773.93,2026-10-12,P,783.0,7.71,9.89,9.39,140.0,80.0,0.11451080810546876,True,2026-10-08 19:44:47+00:00,SPY261012P00783000
SPY,2026-10-09,773.93,2026-10-12,P,784.0,,,10.69,,,0.0,True,2026-10-08 19:53:48+00:00,SPY261012P00784000
SPY,2026-10-09,773.93,2026-10-12,P,785.0,10.34,11.45,11.52,250.0,273.0,0.10389079711914062,True,2026-10-08 19:23:26+00:00,SPY261012P00785000
SPY,2026-10-09,773.93,2026-10-12,P,786.0,,,13.18,,,0.0,True,2026-10-08 18:15:48+00:00,SPY261012P00786000
SPY,2026-10-09,773.93,2026-10-12,P,787.0,11.71,13.71,13.59,58.0,135.0,0.13514048461914066,True,2026-10-08 19:55:00+00:00,SPY261012P00787000
SPY,2026-10-09,773.93,2026-10-12,P,788.0,,,14.53,,,0.0,True,2026-10-08 19:55:00+00:00,SPY261012P00788000
SPY,2026-10-09,773.93,2026-10-12,P,789.0,13.71,15.7,15.54,26.0,0.0,0.14881222290039062,True,2026-10-08 19:53:58+00:00,SPY261012P00789000
SPY,2026-10-09,773.93,2026-10-12,P,790.0,14.58,16.7,16.33,16.0,2.0,0.1557701611328125,True,2026-10-08 19:49:43+00:00,SPY261012P00790000
SPY,2026-10-09,773.93,2026-10-12,P,791.0,,,17.27,,,0.0,True,2026-10-08 19:25:10+00:00,SPY261012P00791000
SPY,2026-10-09,773.93,2026-10-12,P,792.0,,,19.82,,,0.0,True,2026-10-08 18:11:01+00:00,SPY261012P00792000
SPY,2026-10-09,773.93,2026-10-12,P,793.0,,,21.08,,,0.0,True,2026-10-08 18:02:52+00:00,SPY261012P00793000
SPY,2026-10-09,773.93,2026-10-12,P,794.0,18.71,20.73,22.15,52.0,0.0,0.18506674316406246,True,2026-10-08 18:02:32+00:00,SPY261012P00794000
SPY,2026-10-09,773.93,2026-10-12,P,795.0,,,22.7,,,0.0,True,2026-10-08 17:47:00+00:00,SPY261012P00795000
SPY,2026-10-09,773.93,2026-10-12,P,796.0,,,21.33,,,0.0,True,2026-10-08 15:17:52+00:00,SPY261012P00796000
SPY,2026-10-09,773.93,2026-10-12,P,797.0,,,24.14,,,0.0,True,2026-10-08 17:31:30+00:00,SPY261012P00797000
SPY,2026-10-09,773.93,2026-10-12,P,798.0,,,22.59,,,0.0,True,2026-10-08 14:02:32+00:00,SPY261012P00798000
SPY,2026-10-09,773.93,2026-10-12,P,799.0,,,25.68,,,0.0,True,2026-10-08 16:55:45+00:00,SPY261012P00799000
SPY,2026-10-09,773.93,2026-10-12,P,800.0,,,27.87,,,0.0,True,2026-10-08 17:21:29+00:00,SPY261012P00800000
SPY,2026-10-09,773.93,2026-10-12,P,801.0,,,29.26,,,0.0,True,2026-10-08 17:08:51+00:00,SPY261012P00801000
SPY,2026-10-09,773.93,2026-10-12,P,802.0,26.71,28.73,29.11,86.0,0.0,0.23694610717773437,True,2026-10-08 19:00:34+00:00,SPY261012P00802000
SPY,2026-10-09,773.93,2026-10-12,P,803.0,,,30.68,,,0.0,True,2026-10-08 17:11:05+00:00,SPY261012P00803000
SPY,2026-10-09,773.93,2026-10-12,P,804.0,,,27.59,,,0.0,True,2026-10-08 16:36:31+00:00,SPY261012P00804000
SPY,2026-10-09,773.93,2026-10-12,P,805.0,,,30.21,,,0.0,True,2026-10-08 16:35:35+00:00,SPY261012P00805000
SPY,2026-10-09,773.93,2026-10-12,P,806.0,,,32.92,,,0.0,True,2026-10-08 18:51:14+00:00,SPY261012P00806000
SPY,2026-10-09,773.93,2026-10-12,P,807.0,,,34.9,,,0.0,True,2026-10-08 18:49:54+00:00,SPY261012P00807000
SPY,2026-10-09,773.93,2026-10-12,P,808.0,,,37.32,,,0.0,True,2026-10-08 17:28:34+00:00,SPY261012P00808000
SPY,2026-10-09,773.93,2026-10-12,P,809.0,,,38.74,,,0.0,True,2026-10-08 17:30:28+00:00,SPY261012P00809000
SPY,2026-10-09,773.93,2026-10-12,P,810.0,,,37.2,,,0.0,True,2026-10-08 19:19:42+00:00,SPY261012P00810000
SPY,2026-10-09,773.93,2026-10-12,P,815.0,39.57,41.73,41.67,48.0,0.0,0.3154365332031249,True,2026-10-08 17:47:13+00:00,SPY261012P00815000
SPY,2026-10-09,773.93,2026-10-12,P,820.0,,,46.47,,,0.0,True,2026-10-08 18:28:31+00:00,SPY261012P00820000
SPY,2026-10-09,773.93,2026-10-12,P,825.0,,,52.68,,,0.0,True,2026-10-08 18:13:46+00:00,SPY261012P00825000
SPY,2026-10-09,773.93,2026-10-12,P,830.0,,,57.84,,,0.0,True,2026-10-08 18:12:39+00:00,SPY261012P00830000
SPY,2026-10-09,773.93,2026-10-12,P,835.0,,,62.8,,,0.0,True,2026-10-08 18:12:20+00:00,SPY261012P00835000
SPY,2026-10-09,773.93,2026-10-12,P,840.0,,,66.6,,,0.0,True,2026-10-08 15:55:59+00:00,SPY261012P00840000
SPY,2026-10-09,773.93,2026-10-12,P,845.0,,,66.91,,,0.0,True,2026-10-06 13:30:00+00:00,SPY261012P00845000
SPY,2026-10-09,773.93,2026-10-12,P,850.0,,,76.35,,,0.0,True,2026-10-07 18:22:56+00:00,SPY261012P00850000
SPY,2026-10-09,773.93,2026-10-12,P,855.0,,,75.18,,,0.0,True,2026-10-06 14:48:55+00:00,SPY261012P00855000
SPY,2026-10-09,773.93,2026-10-12,P,860.0,,,85.77,,,0.0,True,2026-10-05 17:34:18+00:00,SPY261012P00860000
SPY,2026-10-09,773.93,2026-10-12,P,880.0,,,98.92,,,0.0,True,2026-10-06 15:14:03+00:00,SPY261012P00880000
SPY,2026-10-09,773.93,2026-10-12,P,935.0,,,154.95,,,0.0,True,2026-10-06 16:59:48+00:00,SPY261012P00935000
SPY,2026-10-09,773.93,2026-10-12,P,940.0,,,159.93,,,0.0,True,2026-10-06 16:59:20+00:00,SPY261012P00940000
SPY,2026-10-09,773.93,2026-10-13,C,710.0,63.64,65.85,66.81,24.0,13.0,0.5444381494140625,True,2026-10-08 14:35:41+00:00,SPY261013C00710000
SPY,2026-10-09,773.93,2026-10-13,C,730.0,43.58,45.82,44.93,16.0,6.0,0.4062559375,True,2026-10-07 15:08:24+00:00,SPY261013C00730000
SPY,2026-10-09,773.93,2026-10-13,C,734.0,39.64,41.88,40.04,6.0,6.0,0.38196418823242184,True,2026-10-08 19:04:32+00:00,SPY261013C00734000
SPY,2026-10-09,773.93,2026-10-13,C,735.0,38.66,40.98,41.76,2.0,7.0,0.38049935913085936,True,2026-10-08 14:36:32+00:00,SPY261013C00735000
SPY,2026-10-09,773.93,2026-10-13,C,736.0,37.68,40.02,38.06,6.0,6.0,0.3756165954589844,True,2026-10-08 19:04:03+00:00,SPY261013C00736000
SPY,2026-10-09,773.93,2026-10-13,C,739.0,34.69,36.89,36.55,6.0,9.0,0.347113462524414,True,2026-10-08 15:07:26+00:00,SPY261013C00739000
SPY,2026-10-09,773.93,2026-10-13,C,740.0,33.69,35.88,35.08,14.0,4.0,0.3394231097412109,True,2026-10-08 19:23:47+00:00,SPY261013C00740000
SPY,2026-10-09,773.93,2026-10-13,C,742.0,31.67,33.87,30.98,52.0,6.0,0.3245306805419921,True,2026-10-08 19:25:52+00:00,SPY261013C00742000
SPY,2026-10-09,773.93,2026-10-13,C,743.0,30.67,32.9,30.68,68.0,9.0,0.3188544677734374,True,2026-10-08 19:14:46+00:00,SPY261013C00743000
SPY,2026-10-09,773.93,2026-10-13,C,745.0,28.7,30.16,28.04,88.0,290.0,0.26392337646484376,True,2026-10-08 19:43:02+00:00,SPY261013C00745000
SPY,2026-10-09,773.93,2026-10-13,C,747.0,26.75,29.03,28.11,34.0,6.0,0.2957834094238281,True,2026-10-08 19:58:45+00:00,SPY261013C00747000
SPY,2026-10-09,773.93,2026-10-13,C,749.0,24.65,26.95,25.52,58.0,10.0,0.2771068383789062,True,2026-10-08 19:58:55+00:00,SPY261013C00749000
SPY,2026-10-09,773.93,2026-10-13,C,750.0,23.69,25.97,25.07,45.0,17.0,0.27045407287597656,True,2026-10-08 19:59:23+00:00,SPY261013C00750000
SPY,2026-10-09,773.93,2026-10-13,C,753.0,20.76,23.15,20.7,28.0,7.0,0.2553785400390626,True,2026-10-08 19:21:45+00:00,SPY261013C00753000
SPY,2026-10-09,773.93,2026-10-13,C,755.0,18.8,21.2,18.02,41.0,21.0,0.24158473266601563,True,2026-10-08 19:22:46+00:00,SPY261013C00755000
SPY,2026-10-09,773.93,2026-10-13,C,756.0,17.8,20.22,18.1,9.0,34.0,0.23438265625,True,2026-10-08 19:45:36+00:00,SPY261013C00756000
SPY,2026-10-09,773.93,2026-10-13,C,757.0,16.86,18.34,17.12,29.0,38.0,0.18891191955566405,True,2026-10-08 19:13:59+00:00,SPY261013C00757000
SPY,2026-10-09,773.93,2026-10-13,C,758.0,15.91,17.37,16.67,9.0,19.0,0.18274743041992186,True,2026-10-08 19:01:56+00:00,SPY261013C00758000
SPY,2026-10-09,773.93,2026-10-13,C,759.0,15.0,16.41,15.03,21.0,32.0,0.1769491485595703,True,2026-10-08 14:53:22+00:00,SPY261013C00759000
SPY,2026-10-09,773.93,2026-10-13,C,760.0,14.04,15.45,13.76,123.0,126.0,0.17090672851562502,True,2026-10-08 19:25:21+00:00,SPY261013C00760000
SPY,2026-10-09,773.93,2026-10-13,C,761.0,13.59,14.49,13.02,5.0,78.0,0.1647422393798828,True,2026-10-08 18:15:57+00:00,SPY261013C00761000
SPY,2026-10-09,773.93,2026-10-13,C,762.0,13.09,13.38,12.49,21.0,87.0,0.15235222656250003,True,2026-10-08 17:14:30+00:00,SPY261013C00762000
SPY,2026-10-09,773.93,2026-10-13,C,763.0,12.16,12.45,11.3,16.0,407.0,0.14710325561523438,True,2026-10-08 19:13:37+00:00,SPY261013C00763000
SPY,2026-10-09,773.93,2026-10-13,C,764.0,11.26,11.52,10.34,175.0,151.0,0.141610146484375,True,2026-10-08 19:17:30+00:00,SPY261013C00764000
SPY,2026-10-09,773.93,2026-10-13,C,765.0,10.37,10.63,10.36,43.0,553.0,0.13721565917968753,True,2026-10-08 20:00:17+00:00,SPY261013C00765000
SPY,2026-10-09,773.93,2026-10-13,C,766.0,9.48,9.74,9.53,51.0,269.0,0.13239393005371097,True,2026-10-08 20:00:55+00:00,SPY261013C00766000
SPY,2026-10-09,773.93,2026-10-13,C,767.0,8.61,8.87,7.99,238.0,504.0,0.12781633911132811,True,2026-10-08 19:37:59+00:00,SPY261013C00767000
SPY,2026-10-09,773.93,2026-10-13,C,768.0,7.78,8.02,7.8,159.0,598.0,0.12329978271484376,True,2026-10-08 20:03:55+00:00,SPY261013C00768000
SPY,2026-10-09,773.93,2026-10-13,C,769.0,6.99,7.2,6.88,241.0,510.0,0.11914943359374999,True,2026-10-08 20:00:02+00:00,SPY261013C00769000
SPY,2026-10-09,773.93,2026-10-13,C,770.0,6.22,6.41,6.44,734.0,569.0,0.11518218811035157,True,2026-10-08 20:12:02+00:00,SPY261013C00770000
SPY,2026-10-09,773.93,2026-10-13,C,771.0,5.49,5.64,5.53,912.0,404.0,0.1110318389892578,True,2026-10-08 20:13:40+00:00,SPY261013C00771000
SPY,2026-10-09,773.93,2026-10-13,C,772.0,4.78,4.93,4.83,4105.0,305.0,0.1077359735107422,True,2026-10-08 20:14:20+00:00,SPY261013C00772000
SPY,2026-10-09,773.93,2026-10-13,C,773.0,4.17,4.21,4.21,2942.0,255.0,0.10315838256835935,True,2026-10-08 20:14:56+00:00,SPY261013C00773000
SPY,2026-10-09,773.93,2026-10-13,C,774.0,3.56,3.57,3.58,5405.0,816.0,0.09974044799804688,False,2026-10-08 20:14:01+00:00,SPY261013C00774000
SPY,2026-10-09,773.93,2026-10-13,C,775.0,2.99,3.01,3.01,17979.0,1209.0,0.09729906616210937,False,2026-10-08 20:14:51+00:00,SPY261013C00775000
SPY,2026-10-09,773.93,2026-10-13,C,776.0,2.48,2.49,2.48,8153.0,2581.0,0.09467458068847658,False,2026-10-08 20:14:27+00:00,SPY261013C00776000
SPY,2026-10-09,773.93,2026-10-13,C,777.0,2.02,2.03,2.04,5120.0,2124.0,0.0922942333984375,False,2026-10-08 20:14:07+00:00,SPY261013C00777000
SPY,2026-10-09,773.93,2026-10-13,C,778.0,1.62,1.64,1.63,2258.0,753.0,0.0905242315673828,False,2026-10-08 20:14:44+00:00,SPY261013C00778000
SPY,2026-10-09,773.93,2026-10-13,C,779.0,1.29,1.3,1.3,3129.0,678.0,0.08881526428222657,False,2026-10-08 20:14:55+00:00,SPY261013C00779000
SPY,2026-10-09,773.93,2026-10-13,C,780.0,1.0,1.01,1.01,3382.0,1823.0,0.08710629699707033,False,2026-10-08 20:14:58+00:00,SPY261013C00780000
SPY,2026-10-09,773.93,2026-10-13,C,781.0,0.77,0.78,0.82,1934.0,676.0,0.08594664062500001,False,2026-10-08 20:11:47+00:00,SPY261013C00781000
SPY,2026-10-09,773.93,2026-10-13,C,782.0,0.59,0.6,0.6,1694.0,1162.0,0.08527526062011721,False,2026-10-08 20:14:42+00:00,SPY261013C00782000
SPY,2026-10-09,773.93,2026-10-13,C,783.0,0.44,0.45,0.46,1603.0,1082.0,0.08435974243164066,False,2026-10-08 20:13:50+00:00,SPY261013C00783000
SPY,2026-10-09,773.93,2026-10-13,C,784.0,0.33,0.34,0.34,1173.0,2011.0,0.0841156042480469,False,2026-10-08 20:14:50+00:00,SPY261013C00784000
SPY,2026-10-09,773.93,2026-10-13,C,785.0,0.25,0.26,0.26,2492.0,1084.0,0.08448181152343752,False,2026-10-08 20:14:43+00:00,SPY261013C00785000
SPY,2026-10-09,773.93,2026-10-13,C,786.0,0.19,0.2,0.2,1801.0,1244.0,0.08497008789062502,False,2026-10-08 20:12:59+00:00,SPY261013C00786000
SPY,2026-10-09,773.93,2026-10-13,C,787.0,0.14,0.15,0.14,1392.0,720.0,0.08521422607421877,False,2026-10-08 20:13:21+00:00,SPY261013C00787000
SPY,2026-10-09,773.93,2026-10-13,C,788.0,0.11,0.12,0.12,739.0,1258.0,0.08667905517578126,False,2026-10-08 20:13:01+00:00,SPY261013C00788000
SPY,2026-10-09,773.93,2026-10-13,C,789.0,0.08,0.09,0.09,416.0,646.0,0.08716733154296877,False,2026-10-08 20:12:53+00:00,SPY261013C00789000
SPY,2026-10-09,773.93,2026-10-13,C,790.0,0.06,0.07,0.06,2214.0,4063.0,0.08814388427734376,False,2026-10-08 20:13:25+00:00,SPY261013C00790000
SPY,2026-10-09,773.93,2026-10-13,C,791.0,0.04,0.05,0.04,1224.0,305.0,0.08789974609375001,False,2026-10-08 20:10:34+00:00,SPY261013C00791000
SPY,2026-10-09,773.93,2026-10-13,C,792.0,0.03,0.04,0.04,781.0,446.0,0.0898528515625,False,2026-10-08 20:07:59+00:00,SPY261013C00792000
SPY,2026-10-09,773.93,2026-10-13,C,793.0,0.03,0.04,0.03,118.0,2463.0,0.0937590625,False,2026-10-08 20:12:37+00:00,SPY261013C00793000
SPY,2026-10-09,773.93,2026-10-13,C,794.0,0.02,0.03,0.03,267.0,366.0,0.0942473388671875,False,2026-10-08 20:13:09+00:00,SPY261013C00794000
SPY,2026-10-09,773.93,2026-10-13,C,795.0,0.02,0.03,0.03,1336.0,831.0,0.098641826171875,False,2026-10-08 19:57:19+00:00,SPY261013C00795000
SPY,2026-10-09,773.93,2026-10-13,C,796.0,0.01,0.02,0.02,1641.0,710.0,0.0976652734375,False,2026-10-08 20:02:48+00:00,SPY261013C00796000
SPY,2026-10-09,773.93,2026-10-13,C,797.0,0.01,0.02,0.02,683.0,1405.0,0.10157148437499999,False,2026-10-08 18:14:12+00:00,SPY261013C00797000
SPY,2026-10-09,773.93,2026-10-13,C,798.0,0.01,0.02,0.01,213.0,394.0,0.1054776953125,False,2026-10-08 17:02:14+00:00,SPY261013C00798000
SPY,2026-10-09,773.93,2026-10-13,C,799.0,0.01,0.02,0.02,1028.0,181.0,0.10938390625,False,2026-10-08 14:59:05+00:00,SPY261013C00799000
SPY,2026-10-09,773.93,2026-10-13,C,800.0,0.01,0.02,0.01,1452.0,1352.0,0.11231356445312499,False,2026-10-08 19:57:46+00:00,SPY261013C00800000
SPY,2026-10-09,773.93,2026-10-13,C,801.0,0.01,0.02,0.02,8.0,57.0,0.116219775390625,False,2026-10-08 13:50:41+00:00,SPY261013C00801000
SPY,2026-10-09,773.93,2026-10-13,C,802.0,0.01,0.02,0.02,38.0,68.0,0.12012598632812499,False,2026-10-07 20:14:40+00:00,SPY261013C00802000
SPY,2026-10-09,773.93,2026-10-13,C,803.0,0.01,0.02,0.01,5.0,46.0,0.124032197265625,False,2026-10-08 16:50:01+00:00,SPY261013C00803000
SPY,2026-10-09,773.93,2026-10-13,C,804.0,0.01,0.02,0.02,1945.0,2173.0,0.12696185546875,False,2026-10-07 18:53:09+00:00,SPY261013C00804000
SPY,2026-10-09,773.93,2026-10-13,C,805.0,0.01,0.02,0.02,5.0,113.0,0.13086806640624998,False,2026-10-08 20:14:30+00:00,SPY261013C00805000
SPY,2026-10-09,773.93,2026-10-13,C,806.0,0.01,0.02,0.02,3.0,11.0,0.13477427734375003,False,2026-10-07 14:40:58+00:00,SPY261013C00806000
SPY,2026-10-09,773.93,2026-10-13,C,807.0,0.01,0.02,0.02,1.0,28.0,0.13868048828125001,False,2026-10-06 15:24:40+00:00,SPY261013C00807000
SPY,2026-10-09,773.93,2026-10-13,C,810.0,0.01,0.02,0.02,1.0,104.0,0.149422568359375,False,2026-10-05 14:32:31+00:00,SPY261013C00810000
SPY,2026-10-09,773.93,2026-10-13,C,815.0,0.01,0.02,0.03,6.0,46.0,0.16797707031250003,False,2026-10-06 15:36:40+00:00,SPY261013C00815000
SPY,2026-10-09,773.93,2026-10-13,C,820.0,0.01,0.02,0.01,140.0,84.0,0.18555501953124998,False,2026-10-08 19:54:41+00:00,SPY261013C00820000
SPY,2026-10-09,773.93,2026-10-13,C,825.0,0.0,0.01,0.01,615.0,172.0,0.187508125,False,2026-10-08 13:51:11+00:00,SPY261013C00825000
SPY,2026-10-09,773.93,2026-10-13,C,830.0,0.0,0.01,0.01,340.0,1450.0,0.20508607421874997,False,2026-10-08 17:04:07+00:00,SPY261013C00830000
SPY,2026-10-09,773.93,2026-10-13,C,895.0,0.0,0.01,0.01,1.0,6.0,0.398443515625,False,2026-10-05 18:48:35+00:00,SPY261013C00895000
SPY,2026-10-09,773.93,2026-10-13,P,560.0,,,0.01,,,0.0,False,2026-10-05 13:58:25+00:00,SPY261013P00560000
SPY,2026-10-09,773.93,2026-10-13,P,565.0,0.0,0.01,0.01,30.0,111.0,0.7812521875,False,2026-10-05 14:25:31+00:00,SPY261013P00565000
SPY,2026-10-09,773.93,2026-10-13,P,570.0,0.0,0.01,0.01,10.0,30.0,0.7656273437500001,False,2026-10-05 15:12:53+00:00,SPY261013P00570000
SPY,2026-10-09,773.93,2026-10-13,P,575.0,0.0,0.01,0.04,,97.0,0.7500025,False,2026-10-01 17:25:10+00:00,SPY261013P00575000
SPY,2026-10-09,773.93,2026-10-13,P,580.0,0.0,0.01,0.01,20.0,125.0,0.7187528125,False,2026-10-05 20:00:03+00:00,SPY261013P00580000
SPY,2026-10-09,773.93,2026-10-13,P,610.0,,,0.02,,,0.0,False,2026-10-05 13:55:01+00:00,SPY261013P00610000
SPY,2026-10-09,773.93,2026-10-13,P,615.0,,,0.02,,,0.0,False,2026-10-05 14:09:38+00:00,SPY261013P00615000
SPY,2026-10-09,773.93,2026-10-13,P,620.0,,,0.01,,,0.0,False,2026-10-08 19:40:32+00:00,SPY261013P00620000
SPY,2026-10-09,773.93,2026-10-13,P,625.0,,,0.01,,,0.0,False,2026-10-08 19:40:35+00:00,SPY261013P00625000
SPY,2026-10-09,773.93,2026-10-13,P,630.0,,,0.01,,,0.0,False,2026-10-08 17:53:26+00:00,SPY261013P00630000
SPY,2026-10-09,773.93,2026-10-13,P,635.0,0.01,0.02,0.01,20.0,20.0,0.5546919531250001,False,2026-10-07 14:34:29+00:00,SPY261013P00635000
SPY,2026-10-09,773.93,2026-10-13,P,640.0,,,0.01,,,0.0,False,2026-10-08 17:27:11+00:00,SPY261013P00640000
SPY,2026-10-09,773.93,2026-10-13,P,645.0,0.01,0.02,0.02,3.0,4.0,0.51562984375,False,2026-10-06 15:30:52+00:00,SPY261013P00645000
SPY,2026-10-09,773.93,2026-10-13,P,650.0,,,0.01,,,0.0,False,2026-10-06 19:14:32+00:00,SPY261013P00650000
SPY,2026-10-09,773.93,2026-10-13,P,655.0,0.01,0.02,0.01,240.0,433.0,0.48828636718750007,False,2026-10-07 19:56:08+00:00,SPY261013P00655000
SPY,2026-10-09,773.93,2026-10-13,P,660.0,,,0.02,,,0.0,False,2026-10-08 18:59:14+00:00,SPY261013P00660000
SPY,2026-10-09,773.93,2026-10-13,P,665.0,0.01,0.02,0.01,240.0,100.0,0.445318046875,False,2026-10-08 14:21:21+00:00,SPY261013P00665000
SPY,2026-10-09,773.93,2026-10-13,P,670.0,,,0.05,,,0.0,False,2026-10-05 13:39:48+00:00,SPY261013P00670000
SPY,2026-10-09,773.93,2026-10-13,P,675.0,0.02,0.03,0.02,217.0,89.0,0.42188078125,False,2026-10-08 17:28:11+00:00,SPY261013P00675000
SPY,2026-10-09,773.93,2026-10-13,P,680.0,0.02,0.03,0.02,166.0,2.0,0.4023497265625,False,2026-10-08 17:07:38+00:00,SPY261013P00680000
SPY,2026-10-09,773.93,2026-10-13,P,690.0,0.02,0.03,0.02,165.0,4279.0,0.35938140625,False,2026-10-08 19:46:28+00:00,SPY261013P00690000
SPY,2026-10-09,773.93,2026-10-13,P,695.0,0.03,0.04,0.02,25.0,41.0,0.34961587890624996,False,2026-10-07 17:29:20+00:00,SPY261013P00695000
SPY,2026-10-09,773.93,2026-10-13,P,700.0,0.03,0.04,0.03,1166.0,10015.0,0.32813171874999997,False,2026-10-08 20:08:19+00:00,SPY261013P00700000
SPY,2026-10-09,773.93,2026-10-13,P,705.0,0.03,0.04,0.05,672.0,4108.0,0.30762411132812495,False,2026-10-08 18:33:53+00:00,SPY261013P00705000
SPY,2026-10-09,773.93,2026-10-13,P,710.0,0.04,0.05,0.05,73.0,2268.0,0.29395237304687494,False,2026-10-08 17:02:42+00:00,SPY261013P00710000
SPY,2026-10-09,773.93,2026-10-13,P,715.0,0.04,0.05,0.05,294.0,70.0,0.27246821289062495,False,2026-10-08 19:31:09+00:00,SPY261013P00715000
SPY,2026-10-09,773.93,2026-10-13,P,720.0,0.05,0.06,0.07,221.0,2386.0,0.256843369140625,False,2026-10-08 17:29:08+00:00,SPY261013P00720000
SPY,2026-10-09,773.93,2026-10-13,P,723.0,0.05,0.06,0.07,461.0,80.0,0.243171630859375,False,2026-10-08 16:54:29+00:00,SPY261013P00723000
SPY,2026-10-09,773.93,2026-10-13,P,724.0,0.05,0.06,0.05,6.0,413.0,0.23926541992187497,False,2026-10-07 17:16:55+00:00,SPY261013P00724000
SPY,2026-10-09,773.93,2026-10-13,P,725.0,0.05,0.06,0.08,149.0,354.0,0.23438265625,False,2026-10-08 17:02:42+00:00,SPY261013P00725000
SPY,2026-10-09,773.93,2026-10-13,P,726.0,0.05,0.06,0.05,115.0,201.0,0.2304764453125,False,2026-10-08 13:39:14+00:00,SPY261013P00726000
SPY,2026-10-09,773.93,2026-10-13,P,727.0,0.05,0.06,0.06,8.0,92.0,0.225593681640625,False,2026-10-08 16:54:17+00:00,SPY261013P00727000
SPY,2026-10-09,773.93,2026-10-13,P,728.0,0.06,0.07,0.05,2.0,79.0,0.2260819580078125,False,2026-10-07 13:39:27+00:00,SPY261013P00728000
SPY,2026-10-09,773.93,2026-10-13,P,729.0,0.06,0.07,0.09,55.0,192.0,0.22168747070312497,False,2026-10-06 13:51:42+00:00,SPY261013P00729000
SPY,2026-10-09,773.93,2026-10-13,P,730.0,0.06,0.07,0.07,5086.0,1156.0,0.21680470703125,False,2026-10-08 19:17:51+00:00,SPY261013P00730000
SPY,2026-10-09,773.93,2026-10-13,P,731.0,0.06,0.07,0.09,4592.0,190.0,0.21289849609375,False,2026-10-08 18:07:19+00:00,SPY261013P00731000
SPY,2026-10-09,773.93,2026-10-13,P,732.0,0.06,0.07,0.09,1012.0,1051.0,0.20801573242187496,False,2026-10-06 17:06:09+00:00,SPY261013P00732000
SPY,2026-10-09,773.93,2026-10-13,P,733.0,0.06,0.07,0.1,15.0,341.0,0.20410952148437497,False,2026-10-08 17:26:37+00:00,SPY261013P00733000
SPY,2026-10-09,773.93,2026-10-13,P,734.0,0.07,0.08,0.09,10.0,154.0,0.20313296874999998,False,2026-10-08 18:10:17+00:00,SPY261013P00734000
SPY,2026-10-09,773.93,2026-10-13,P,735.0,0.07,0.08,0.08,166.0,304.0,0.198250205078125,False,2026-10-08 18:44:45+00:00,SPY261013P00735000
SPY,2026-10-09,773.93,2026-10-13,P,736.0,0.07,0.08,0.07,126.0,1230.0,0.19385571777343752,False,2026-10-08 14:25:59+00:00,SPY261013P00736000
SPY,2026-10-09,773.93,2026-10-13,P,737.0,0.07,0.08,0.14,118.0,1209.0,0.18946123046875002,False,2026-10-08 17:28:13+00:00,SPY261013P00737000
SPY,2026-10-09,773.93,2026-10-13,P,738.0,0.08,0.09,0.11,5.0,149.0,0.187508125,False,2026-10-07 18:16:57+00:00,SPY261013P00738000
SPY,2026-10-09,773.93,2026-10-13,P,739.0,0.08,0.09,0.1,149.0,178.0,0.18311363769531247,False,2026-10-08 13:41:41+00:00,SPY261013P00739000
SPY,2026-10-09,773.93,2026-10-13,P,740.0,0.08,0.09,0.09,318.0,231.0,0.178719150390625,False,2026-10-08 19:03:49+00:00,SPY261013P00740000
SPY,2026-10-09,773.93,2026-10-13,P,741.0,0.08,0.09,0.11,20.0,201.0,0.17383638671875,False,2026-10-07 16:28:22+00:00,SPY261013P00741000
SPY,2026-10-09,773.93,2026-10-13,P,742.0,0.09,0.1,0.1,44.0,258.0,0.17188328125000002,False,2026-10-08 19:04:20+00:00,SPY261013P00742000
SPY,2026-10-09,773.93,2026-10-13,P,743.0,0.09,0.1,0.1,425.0,112.0,0.16700051757812504,False,2026-10-08 20:04:10+00:00,SPY261013P00743000
SPY,2026-10-09,773.93,2026-10-13,P,744.0,0.1,0.11,0.1,207.0,284.0,0.1645591357421875,False,2026-10-08 20:09:58+00:00,SPY261013P00744000
SPY,2026-10-09,773.93,2026-10-13,P,745.0,0.1,0.11,0.11,736.0,6230.0,0.1601646484375,False,2026-10-08 20:13:03+00:00,SPY261013P00745000
SPY,2026-10-09,773.93,2026-10-13,P,746.0,0.11,0.12,0.13,41.0,150.0,0.157234990234375,False,2026-10-08 18:30:10+00:00,SPY261013P00746000
SPY,2026-10-09,773.93,2026-10-13,P,747.0,0.11,0.12,0.12,23.0,88.0,0.15235222656250003,False,2026-10-08 20:09:58+00:00,SPY261013P00747000
SPY,2026-10-09,773.93,2026-10-13,P,748.0,0.12,0.13,0.13,122.0,344.0,0.149422568359375,False,2026-10-08 19:44:21+00:00,SPY261013P00748000
SPY,2026-10-09,773.93,2026-10-13,P,749.0,0.13,0.14,0.19,64.0,126.0,0.14649291015625,False,2026-10-08 18:14:16+00:00,SPY261013P00749000
SPY,2026-10-09,773.93,2026-10-13,P,750.0,0.14,0.15,0.14,309.0,1047.0,0.1430749755859375,False,2026-10-08 20:14:59+00:00,SPY261013P00750000
SPY,2026-10-09,773.93,2026-10-13,P,751.0,0.15,0.16,0.17,163.0,547.0,0.139657041015625,False,2026-10-08 19:57:14+00:00,SPY261013P00751000
SPY,2026-10-09,773.93,2026-10-13,P,752.0,0.17,0.18,0.19,36.0,909.0,0.13721565917968753,False,2026-10-08 20:04:50+00:00,SPY261013P00752000
SPY,2026-10-09,773.93,2026-10-13,P,753.0,0.18,0.19,0.21,498.0,833.0,0.1333094482421875,False,2026-10-08 19:59:58+00:00,SPY261013P00753000
SPY,2026-10-09,773.93,2026-10-13,P,754.0,0.2,0.21,0.21,226.0,1259.0,0.13062392822265623,False,2026-10-08 20:03:17+00:00,SPY261013P00754000
SPY,2026-10-09,773.93,2026-10-13,P,755.0,0.23,0.24,0.23,1005.0,1568.0,0.12867082275390623,False,2026-10-08 20:10:40+00:00,SPY261013P00755000
SPY,2026-10-09,773.93,2026-10-13,P,756.0,0.25,0.26,0.26,282.0,700.0,0.12513081909179688,False,2026-10-08 20:01:22+00:00,SPY261013P00756000
SPY,2026-10-09,773.93,2026-10-13,P,757.0,0.28,0.29,0.3,283.0,1667.0,0.12232322998046877,False,2026-10-08 20:06:10+00:00,SPY261013P00757000
SPY,2026-10-09,773.93,2026-10-13,P,758.0,0.32,0.33,0.32,120.0,771.0,0.12012598632812499,False,2026-10-08 20:13:46+00:00,SPY261013P00758000
SPY,2026-10-09,773.93,2026-10-13,P,759.0,0.35,0.36,0.38,339.0,445.0,0.11646391357421876,False,2026-10-08 20:00:18+00:00,SPY261013P00759000
SPY,2026-10-09,773.93,2026-10-13,P,760.0,0.4,0.41,0.4,1219.0,1215.0,0.11414460083007813,False,2026-10-08 20:14:46+00:00,SPY261013P00760000
SPY,2026-10-09,773.93,2026-10-13,P,761.0,0.45,0.46,0.48,276.0,499.0,0.11121494262695311,False,2026-10-08 20:00:18+00:00,SPY261013P00761000
SPY,2026-10-09,773.93,2026-10-13,P,762.0,0.52,0.53,0.52,474.0,1041.0,0.10901769897460936,False,2026-10-08 20:08:29+00:00,SPY261013P00762000
SPY,2026-10-09,773.93,2026-10-13,P,763.0,0.59,0.6,0.6,486.0,436.0,0.10621010986328125,False,2026-10-08 20:13:17+00:00,SPY261013P00763000
SPY,2026-10-09,773.93,2026-10-13,P,764.0,0.67,0.68,0.66,739.0,377.0,0.10334148620605467,False,2026-10-08 20:10:30+00:00,SPY261013P00764000
SPY,2026-10-09,773.93,2026-10-13,P,765.0,0.77,0.78,0.79,1497.0,790.0,0.10083906982421875,False,2026-10-08 20:13:54+00:00,SPY261013P00765000
SPY,2026-10-09,773.93,2026-10-13,P,766.0,0.88,0.89,0.9,1755.0,1014.0,0.09803148071289064,False,2026-10-08 20:11:52+00:00,SPY261013P00766000
SPY,2026-10-09,773.93,2026-10-13,P,767.0,1.02,1.03,1.04,1530.0,725.0,0.09565113342285157,False,2026-10-08 20:14:15+00:00,SPY261013P00767000
SPY,2026-10-09,773.93,2026-10-13,P,768.0,1.18,1.19,1.15,1604.0,435.0,0.09314871704101563,False,2026-10-08 20:10:36+00:00,SPY261013P00768000
SPY,2026-10-09,773.93,2026-10-13,P,769.0,1.36,1.38,1.4,1720.0,526.0,0.090829404296875,False,2026-10-08 20:13:29+00:00,SPY261013P00769000
SPY,2026-10-09,773.93,2026-10-13,P,770.0,1.58,1.59,1.61,6176.0,1201.0,0.08814388427734376,False,2026-10-08 20:13:44+00:00,SPY261013P00770000
SPY,2026-10-09,773.93,2026-10-13,P,771.0,1.83,1.84,1.8,5027.0,569.0,0.08558043334960938,False,2026-10-08 20:10:36+00:00,SPY261013P00771000
SPY,2026-10-09,773.93,2026-10-13,P,772.0,2.12,2.14,2.15,5221.0,553.0,0.08332215515136722,False,2026-10-08 20:13:30+00:00,SPY261013P00772000
SPY,2026-10-09,773.93,2026-10-13,P,773.0,2.45,2.47,2.46,3246.0,721.0,0.08063663513183594,False,2026-10-08 20:14:44+00:00,SPY261013P00773000
SPY,2026-10-09,773.93,2026-10-13,P,774.0,2.84,2.85,2.84,7913.0,3148.0,0.07789008056640626,True,2026-10-08 20:14:55+00:00,SPY261013P00774000
SPY,2026-10-09,773.93,2026-10-13,P,775.0,3.27,3.29,3.28,6157.0,2990.0,0.07526559509277346,True,2026-10-08 20:12:28+00:00,SPY261013P00775000
SPY,2026-10-09,773.93,2026-10-13,P,776.0,,,3.77,,,0.0,True,2026-10-08 20:14:44+00:00,SPY261013P00776000
SPY,2026-10-09,773.93,2026-10-13,P,777.0,4.25,4.38,5.12,1088.0,1387.0,0.0706269696044922,True,2026-10-08 19:54:14+00:00,SPY261013P00777000
SPY,2026-10-09,773.93,2026-10-13,P,778.0,4.85,4.99,5.72,1330.0,2194.0,0.06714800048828126,True,2026-10-08 19:54:07+00:00,SPY261013P00778000
SPY,2026-10-09,773.93,2026-10-13,P,779.0,,,5.55,,,0.0,True,2026-10-08 20:09:18+00:00,SPY261013P00779000
SPY,2026-10-09,773.93,2026-10-13,P,780.0,6.11,6.4,6.06,941.0,1442.0,0.058236956787109384,True,2026-10-08 20:10:56+00:00,SPY261013P00780000
SPY,2026-10-09,773.93,2026-10-13,P,781.0,,,7.27,,,0.0,True,2026-10-08 20:01:12+00:00,SPY261013P00781000
SPY,2026-10-09,773.93,2026-10-13,P,782.0,7.65,8.01,8.21,1218.0,191.0,1.0000000000000003e-05,True,2026-10-08 19:39:42+00:00,SPY261013P00782000
SPY,2026-10-09,773.93,2026-10-13,P,783.0,,,9.9,,,0.0,True,2026-10-08 18:31:53+00:00,SPY261013P00783000
SPY,2026-10-09,773.93,2026-10-13,P,784.0,,,13.62,,,0.0,True,2026-10-08 17:27:57+00:00,SPY261013P00784000
SPY,2026-10-09,773.93,2026-10-13,P,785.0,9.62,11.91,11.49,23.0,50.0,0.11756253540039063,True,2026-10-08 19:51:34+00:00,SPY261013P00785000
SPY,2026-10-09,773.93,2026-10-13,P,786.0,10.44,12.83,12.87,41.0,40.0,0.1206142626953125,True,2026-10-08 18:31:53+00:00,SPY261013P00786000
SPY,2026-10-09,773.93,2026-10-13,P,787.0,11.61,13.76,11.06,10.0,5.0,0.12366598999023437,True,2026-10-08 14:22:12+00:00,SPY261013P00787000
SPY,2026-10-09,773.93,2026-10-13,P,788.0,,,12.01,,,0.0,True,2026-10-08 14:22:12+00:00,SPY261013P00788000
SPY,2026-10-09,773.93,2026-10-13,P,789.0,,,16.55,,,0.0,True,2026-10-08 17:42:10+00:00,SPY261013P00789000
SPY,2026-10-09,773.93,2026-10-13,P,790.0,,,14.27,,,0.0,True,2026-10-08 14:06:13+00:00,SPY261013P00790000
SPY,2026-10-09,773.93,2026-10-13,P,791.0,,,15.27,,,0.0,True,2026-10-07 15:49:28+00:00,SPY261013P00791000
SPY,2026-10-09,773.93,2026-10-13,P,792.0,,,16.21,,,0.0,True,2026-10-08 14:10:03+00:00,SPY261013P00792000
SPY,2026-10-09,773.93,2026-10-13,P,793.0,,,19.28,,,0.0,True,2026-10-08 15:14:57+00:00,SPY261013P00793000
SPY,2026-10-09,773.93,2026-10-13,P,794.0,,,19.52,,,0.0,True,2026-10-08 15:15:09+00:00,SPY261013P00794000
SPY,2026-10-09,773.93,2026-10-13,P,795.0,,,19.5,,,0.0,True,2026-10-08 15:15:31+00:00,SPY261013P00795000
SPY,2026-10-09,773.93,2026-10-13,P,796.0,,,20.25,,,0.0,True,2026-10-08 14:06:44+00:00,SPY261013P00796000
SPY,2026-10-09,773.93,2026-10-13,P,797.0,,,16.62,,,0.0,True,2026-10-06 16:45:44+00:00,SPY261013P00797000
SPY,2026-10-09,773.93,2026-10-13,P,798.0,,,17.57,,,0.0,True,2026-10-06 16:45:44+00:00,SPY261013P00798000
SPY,2026-10-09,773.93,2026-10-13,P,799.0,,,23.21,,,0.0,True,2026-10-07 13:56:14+00:00,SPY261013P00799000
SPY,2026-10-09,773.93,2026-10-13,P,800.0,,,23.73,,,0.0,True,2026-10-08 14:37:19+00:00,SPY261013P00800000
SPY,2026-10-09,773.93,2026-10-13,P,801.0,,,25.65,,,0.0,True,2026-10-08 13:56:53+00:00,SPY261013P00801000
SPY,2026-10-09,773.93,2026-10-13,P,802.0,,,26.74,,,0.0,True,2026-10-08 13:56:39+00:00,SPY261013P00802000
SPY,2026-10-09,773.93,2026-10-13,P,804.0,,,26.7,,,0.0,True,2026-10-07 18:21:04+00:00,SPY261013P00804000
SPY,2026-10-09,773.93,2026-10-13,P,805.0,,,31.85,,,0.0,True,2026-10-08 16:55:21+00:00,SPY261013P00805000
SPY,2026-10-09,773.93,2026-10-13,P,806.0,,,31.82,,,0.0,True,2026-10-08 18:31:20+00:00,SPY261013P00806000
SPY,2026-10-09,773.93,2026-10-13,P,807.0,,,35.05,,,0.0,True,2026-10-08 18:32:14+00:00,SPY261013P00807000
SPY,2026-10-09,773.93,2026-10-13,P,808.0,,,35.09,,,0.0,True,2026-10-08 18:41:34+00:00,SPY261013P00808000
SPY,2026-10-09,773.93,2026-10-13,P,809.0,,,34.27,,,0.0,True,2026-10-08 13:38:22+00:00,SPY261013P00809000
SPY,2026-10-09,773.93,2026-10-13,P,810.0,34.59,36.81,33.82,10.0,0.0,0.2624585473632813,True,2026-10-08 14:42:06+00:00,SPY261013P00810000
SPY,2026-10-09,773.93,2026-10-13,P,815.0,,,43.1,,,0.0,True,2026-10-08 17:59:55+00:00,SPY261013P00815000
SPY,2026-10-09,773.93,2026-10-13,P,820.0,,,47.11,,,0.0,True,2026-10-08 16:54:19+00:00,SPY261013P00820000
SPY,2026-10-09,773.93,2026-10-13,P,825.0,,,53.29,,,0.0,True,2026-10-08 16:53:36+00:00,SPY261013P00825000
SPY,2026-10-09,773.93,2026-10-13,P,830.0,,,53.66,,,0.0,True,2026-10-07 16:00:35+00:00,SPY261013P00830000
SPY,2026-10-09,773.93,2026-10-13,P,835.0,,,59.6,,,0.0,True,2026-10-07 16:00:19+00:00,SPY261013P00835000
SPY,2026-10-09,773.93,2026-10-13,P,840.0,,,66.0,,,0.0,True,2026-10-07 14:44:16+00:00,SPY261013P00840000
SPY,2026-10-09,773.93,2026-10-13,P,850.0,,,73.61,,,0.0,True,2026-10-07 15:53:17+00:00,SPY261013P00850000
SPY,2026-10-09,773.93,2026-10-13,P,855.0,,,78.36,,,0.0,True,2026-10-07 16:31:19+00:00,SPY261013P00855000
SPY,2026-10-09,773.93,2026-10-13,P,860.0,,,83.33,,,0.0,True,2026-10-07 17:27:23+00:00,SPY261013P00860000
SPY,2026-10-09,773.93,2026-10-13,P,875.0,,,100.83,,,0.0,True,2026-10-07 14:11:07+00:00,SPY261013P00875000
SPY,2026-10-09,773.93,2026-10-14,C,550.0,,,224.92,,,0.0,True,2026-10-08 19:57:59+00:00,SPY261014C00550000
SPY,2026-10-09,773.93,2026-10-14,C,555.0,,,218.47,,,0.0,True,2026-10-08 19:59:38+00:00,SPY261014C00555000
SPY,2026-10-09,773.93,2026-10-14,C,560.0,,,214.33,,,0.0,True,2026-10-08 19:59:58+00:00,SPY261014C00560000
SPY,2026-10-09,773.93,2026-10-14,C,565.0,,,208.78,,,0.0,True,2026-10-08 18:25:52+00:00,SPY261014C00565000
SPY,2026-10-09,773.93,2026-10-14,C,570.0,,,204.29,,,0.0,True,2026-10-08 19:58:45+00:00,SPY261014C00570000
SPY,2026-10-09,773.93,2026-10-14,C,575.0,,,199.36,,,0.0,True,2026-10-08 19:58:53+00:00,SPY261014C00575000
SPY,2026-10-09,773.93,2026-10-14,C,580.0,,,194.15,,,0.0,True,2026-10-08 19:59:04+00:00,SPY261014C00580000
SPY,2026-10-09,773.93,2026-10-14,C,585.0,,,188.06,,,0.0,True,2026-10-08 19:59:58+00:00,SPY261014C00585000
SPY,2026-10-09,773.93,2026-10-14,C,590.0,,,181.51,,,0.0,True,2026-10-08 17:26:13+00:00,SPY261014C00590000
SPY,2026-10-09,773.93,2026-10-14,C,595.0,,,177.41,,,0.0,True,2026-10-08 17:22:09+00:00,SPY261014C00595000
SPY,2026-10-09,773.93,2026-10-14,C,600.0,,,171.24,,,0.0,True,2026-10-08 17:27:52+00:00,SPY261014C00600000
SPY,2026-10-09,773.93,2026-10-14,C,605.0,,,166.46,,,0.0,True,2026-10-08 17:22:49+00:00,SPY261014C00605000
SPY,2026-10-09,773.93,2026-10-14,C,610.0,,,164.77,,,0.0,True,2026-10-08 15:41:00+00:00,SPY261014C00610000
SPY,2026-10-09,773.93,2026-10-14,C,615.0,,,157.34,,,0.0,True,2026-10-08 18:05:45+00:00,SPY261014C00615000
SPY,2026-10-09,773.93,2026-10-14,C,620.0,,,152.24,,,0.0,True,2026-10-08 18:05:29+00:00,SPY261014C00620000
SPY,2026-10-09,773.93,2026-10-14,C,640.0,,,132.72,,,0.0,True,2026-10-08 17:47:59+00:00,SPY261014C00640000
SPY,2026-10-09,773.93,2026-10-14,C,665.0,,,108.34,,,0.0,True,2026-10-08 18:51:42+00:00,SPY261014C00665000
SPY,2026-10-09,773.93,2026-10-14,C,680.0,,,94.81,,,0.0,True,2026-10-08 16:03:08+00:00,SPY261014C00680000
SPY,2026-10-09,773.93,2026-10-14,C,685.0,,,88.47,,,0.0,True,2026-10-08 18:51:26+00:00,SPY261014C00685000
SPY,2026-10-09,773.93,2026-10-14,C,690.0,83.71,86.06,82.2,16.0,6.0,0.5324753784179688,True,2026-10-08 18:02:18+00:00,SPY261014C00690000
SPY,2026-10-09,773.93,2026-10-14,C,710.0,,,62.08,,,0.0,True,2026-10-08 17:54:25+00:00,SPY261014C00710000
SPY,2026-10-09,773.93,2026-10-14,C,715.0,,,57.12,,,0.0,True,2026-10-08 17:54:10+00:00,SPY261014C00715000
SPY,2026-10-09,773.93,2026-10-14,C,720.0,,,53.42,,,0.0,True,2026-10-08 18:34:43+00:00,SPY261014C00720000
SPY,2026-10-09,773.93,2026-10-14,C,723.0,,,48.97,,,0.0,True,2026-10-08 17:53:43+00:00,SPY261014C00723000
SPY,2026-10-09,773.93,2026-10-14,C,724.0,,,49.21,,,0.0,True,2026-10-08 17:16:52+00:00,SPY261014C00724000
SPY,2026-10-09,773.93,2026-10-14,C,725.0,,,47.1,,,0.0,True,2026-10-08 17:52:50+00:00,SPY261014C00725000
SPY,2026-10-09,773.93,2026-10-14,C,726.0,,,48.06,,,0.0,True,2026-10-08 15:35:46+00:00,SPY261014C00726000
SPY,2026-10-09,773.93,2026-10-14,C,727.0,,,46.38,,,0.0,True,2026-10-08 17:16:38+00:00,SPY261014C00727000
SPY,2026-10-09,773.93,2026-10-14,C,728.0,,,45.04,,,0.0,True,2026-10-08 19:43:38+00:00,SPY261014C00728000
SPY,2026-10-09,773.93,2026-10-14,C,729.0,,,45.44,,,0.0,True,2026-10-08 18:57:17+00:00,SPY261014C00729000
SPY,2026-10-09,773.93,2026-10-14,C,730.0,43.8,45.06,43.82,33.0,6.0,0.324103438720703,True,2026-10-08 17:52:12+00:00,SPY261014C00730000
SPY,2026-10-09,773.93,2026-10-14,C,731.0,,,41.94,,,0.0,True,2026-10-08 18:48:51+00:00,SPY261014C00731000
SPY,2026-10-09,773.93,2026-10-14,C,735.0,38.82,40.99,39.45,30.0,3.0,0.3479069116210937,True,2026-10-08 18:48:34+00:00,SPY261014C00735000
SPY,2026-10-09,773.93,2026-10-14,C,736.0,,,37.49,,,0.0,True,2026-10-08 18:48:49+00:00,SPY261014C00736000
SPY,2026-10-09,773.93,2026-10-14,C,737.0,,,36.03,,,0.0,True,2026-10-08 18:47:34+00:00,SPY261014C00737000
SPY,2026-10-09,773.93,2026-10-14,C,739.0,,,34.23,,,0.0,True,2026-10-08 18:36:22+00:00,SPY261014C00739000
SPY,2026-10-09,773.93,2026-10-14,C,740.0,33.64,36.02,33.63,114.0,4.0,0.3165961895751953,True,2026-10-08 19:11:56+00:00,SPY261014C00740000
SPY,2026-10-09,773.93,2026-10-14,C,741.0,,,31.84,,,0.0,True,2026-10-08 19:23:25+00:00,SPY261014C00741000
SPY,2026-10-09,773.93,2026-10-14,C,742.0,31.7,34.08,31.75,54.0,9.0,0.3060372131347656,True,2026-10-08 19:33:06+00:00,SPY261014C00742000
SPY,2026-10-09,773.93,2026-10-14,C,743.0,,,30.82,,,0.0,True,2026-10-08 19:34:06+00:00,SPY261014C00743000
SPY,2026-10-09,773.93,2026-10-14,C,744.0,,,29.65,,,0.0,True,2026-10-08 19:21:03+00:00,SPY261014C00744000
SPY,2026-10-09,773.93,2026-10-14,C,745.0,28.9,30.34,28.96,83.0,134.0,0.25061784545898436,True,2026-10-08 19:54:20+00:00,SPY261014C00745000
SPY,2026-10-09,773.93,2026-10-14,C,746.0,,,27.67,,,0.0,True,2026-10-08 19:32:46+00:00,SPY261014C00746000
SPY,2026-10-09,773.93,2026-10-14,C,747.0,,,27.08,,,0.0,True,2026-10-08 19:44:49+00:00,SPY261014C00747000
SPY,2026-10-09,773.93,2026-10-14,C,748.0,,,26.04,,,0.0,True,2026-10-08 19:52:29+00:00,SPY261014C00748000
SPY,2026-10-09,773.93,2026-10-14,C,749.0,24.89,27.32,24.96,54.0,7.0,0.2683178637695312,True,2026-10-08 19:54:01+00:00,SPY261014C00749000
SPY,2026-10-09,773.93,2026-10-14,C,750.0,23.93,26.4,24.69,135.0,17.0,0.2643506182861328,True,2026-10-08 19:51:41+00:00,SPY261014C00750000
SPY,2026-10-09,773.93,2026-10-14,C,751.0,23.01,25.43,23.39,41.0,5.0,0.258369232788086,True,2026-10-08 19:51:22+00:00,SPY261014C00751000
SPY,2026-10-09,773.93,2026-10-14,C,752.0,,,22.23,,,0.0,True,2026-10-08 19:54:58+00:00,SPY261014C00752000
SPY,2026-10-09,773.93,2026-10-14,C,753.0,21.01,22.56,20.63,76.0,4.0,0.2089312506103515,True,2026-10-08 19:50:02+00:00,SPY261014C00753000
SPY,2026-10-09,773.93,2026-10-14,C,754.0,20.01,21.5,19.79,47.0,5.0,0.19959296508789062,True,2026-10-08 19:50:52+00:00,SPY261014C00754000
SPY,2026-10-09,773.93,2026-10-14,C,755.0,19.12,20.55,18.72,64.0,11.0,0.19489330505371094,True,2026-10-08 19:50:54+00:00,SPY261014C00755000
SPY,2026-10-09,773.93,2026-10-14,C,756.0,18.13,19.59,18.69,53.0,24.0,0.18964433410644532,True,2026-10-08 19:57:02+00:00,SPY261014C00756000
SPY,2026-10-09,773.93,2026-10-14,C,757.0,17.54,18.65,17.16,45.0,30.0,0.18506674316406246,True,2026-10-08 19:59:03+00:00,SPY261014C00757000
SPY,2026-10-09,773.93,2026-10-14,C,758.0,16.77,17.7,16.18,49.0,93.0,0.17993984130859375,True,2026-10-08 18:49:23+00:00,SPY261014C00758000
SPY,2026-10-09,773.93,2026-10-14,C,759.0,16.31,16.55,16.5,24.0,60.0,0.16700051757812504,True,2026-10-08 20:12:25+00:00,SPY261014C00759000
SPY,2026-10-09,773.93,2026-10-14,C,760.0,15.35,15.61,15.02,124.0,74.0,0.16211775390625,True,2026-10-08 18:49:23+00:00,SPY261014C00760000
SPY,2026-10-09,773.93,2026-10-14,C,761.0,14.46,14.69,12.72,66.0,230.0,0.1577232666015625,True,2026-10-08 17:35:57+00:00,SPY261014C00761000
SPY,2026-10-09,773.93,2026-10-14,C,762.0,13.52,13.78,13.73,67.0,243.0,0.1534508483886719,True,2026-10-08 20:01:11+00:00,SPY261014C00762000
SPY,2026-10-09,773.93,2026-10-14,C,763.0,12.62,12.88,11.71,26.0,249.0,0.14917843017578125,True,2026-10-08 19:13:14+00:00,SPY261014C00763000
SPY,2026-10-09,773.93,2026-10-14,C,764.0,11.77,12.0,11.05,472.0,130.0,0.14527221923828126,True,2026-10-08 19:35:48+00:00,SPY261014C00764000
SPY,2026-10-09,773.93,2026-10-14,C,765.0,10.91,11.14,10.81,111.0,421.0,0.141610146484375,True,2026-10-08 20:09:07+00:00,SPY261014C00765000
SPY,2026-10-09,773.93,2026-10-14,C,766.0,10.06,10.28,9.42,692.0,286.0,0.1375208319091797,True,2026-10-08 19:54:43+00:00,SPY261014C00766000
SPY,2026-10-09,773.93,2026-10-14,C,767.0,9.24,9.45,8.6,48.0,334.0,0.13385875915527345,True,2026-10-08 19:38:25+00:00,SPY261014C00767000
SPY,2026-10-09,773.93,2026-10-14,C,768.0,8.44,8.65,8.6,113.0,234.0,0.13062392822265623,True,2026-10-08 20:09:18+00:00,SPY261014C00768000
SPY,2026-10-09,773.93,2026-10-14,C,769.0,7.72,7.84,7.62,459.0,501.0,0.1265040963745117,True,2026-10-08 20:04:01+00:00,SPY261014C00769000
SPY,2026-10-09,773.93,2026-10-14,C,770.0,6.98,7.06,7.0,885.0,918.0,0.12262840270996095,True,2026-10-08 20:14:19+00:00,SPY261014C00770000
SPY,2026-10-09,773.93,2026-10-14,C,771.0,6.25,6.37,6.0,753.0,372.0,0.12049219360351562,True,2026-10-08 19:58:08+00:00,SPY261014C00771000
SPY,2026-10-09,773.93,2026-10-14,C,772.0,5.58,5.68,5.68,2077.0,345.0,0.11762356994628906,True,2026-10-08 20:12:02+00:00,SPY261014C00772000
SPY,2026-10-09,773.93,2026-10-14,C,773.0,4.94,5.03,5.07,4054.0,298.0,0.11499908447265625,True,2026-10-08 20:10:35+00:00,SPY261014C00773000
SPY,2026-10-09,773.93,2026-10-14,C,774.0,4.36,4.37,4.37,3212.0,396.0,0.11127597717285155,False,2026-10-08 20:14:01+00:00,SPY261014C00774000
SPY,2026-10-09,773.93,2026-10-14,C,775.0,3.79,3.8,3.8,5158.0,1105.0,0.1088956298828125,False,2026-10-08 20:14:49+00:00,SPY261014C00775000
SPY,2026-10-09,773.93,2026-10-14,C,776.0,3.27,3.28,3.31,3097.0,628.0,0.10682045532226564,False,2026-10-08 20:12:22+00:00,SPY261014C00776000
SPY,2026-10-09,773.93,2026-10-14,C,777.0,2.79,2.8,2.81,2438.0,865.0,0.10474528076171874,False,2026-10-08 20:08:04+00:00,SPY261014C00777000
SPY,2026-10-09,773.93,2026-10-14,C,778.0,2.36,2.37,2.42,2316.0,1157.0,0.10297527893066405,False,2026-10-08 20:11:02+00:00,SPY261014C00778000
SPY,2026-10-09,773.93,2026-10-14,C,779.0,1.97,1.99,1.98,1385.0,347.0,0.10138838073730468,False,2026-10-08 20:14:29+00:00,SPY261014C00779000
SPY,2026-10-09,773.93,2026-10-14,C,780.0,1.63,1.65,1.64,3822.0,1427.0,0.09986251708984376,False,2026-10-08 20:14:51+00:00,SPY261014C00780000
SPY,2026-10-09,773.93,2026-10-14,C,781.0,1.34,1.35,1.35,1477.0,557.0,0.09827561889648437,False,2026-10-08 20:14:10+00:00,SPY261014C00781000
SPY,2026-10-09,773.93,2026-10-14,C,782.0,1.09,1.1,1.09,1833.0,367.0,0.0971769970703125,False,2026-10-08 20:14:34+00:00,SPY261014C00782000
SPY,2026-10-09,773.93,2026-10-14,C,783.0,0.88,0.89,0.88,1150.0,573.0,0.09626147888183595,False,2026-10-08 20:07:05+00:00,SPY261014C00783000
SPY,2026-10-09,773.93,2026-10-14,C,784.0,0.7,0.71,0.71,825.0,391.0,0.09534596069335938,False,2026-10-08 20:14:07+00:00,SPY261014C00784000
SPY,2026-10-09,773.93,2026-10-14,C,785.0,0.55,0.56,0.56,10946.0,4028.0,0.09449147705078126,False,2026-10-08 20:14:42+00:00,SPY261014C00785000
SPY,2026-10-09,773.93,2026-10-14,C,786.0,0.43,0.44,0.45,1417.0,857.0,0.09388113159179687,False,2026-10-08 20:13:11+00:00,SPY261014C00786000
SPY,2026-10-09,773.93,2026-10-14,C,787.0,0.34,0.35,0.34,1077.0,495.0,0.0937590625,False,2026-10-08 20:14:59+00:00,SPY261014C00787000
SPY,2026-10-09,773.93,2026-10-14,C,788.0,0.27,0.28,0.27,1004.0,822.0,0.09400320068359375,False,2026-10-08 20:14:46+00:00,SPY261014C00788000
SPY,2026-10-09,773.93,2026-10-14,C,789.0,0.21,0.22,0.22,831.0,640.0,0.09412526977539062,False,2026-10-08 20:14:54+00:00,SPY261014C00789000
SPY,2026-10-09,773.93,2026-10-14,C,790.0,0.16,0.17,0.17,82959.0,79843.0,0.09400320068359375,False,2026-10-08 20:14:59+00:00,SPY261014C00790000
SPY,2026-10-09,773.93,2026-10-14,C,791.0,0.13,0.14,0.13,506.0,699.0,0.09522389160156251,False,2026-10-08 20:00:38+00:00,SPY261014C00791000
SPY,2026-10-09,773.93,2026-10-14,C,792.0,0.1,0.11,0.08,712.0,495.0,0.09546802978515626,False,2026-10-08 19:48:33+00:00,SPY261014C00792000
SPY,2026-10-09,773.93,2026-10-14,C,793.0,0.07,0.08,0.07,684.0,551.0,0.09473561523437501,False,2026-10-08 19:23:49+00:00,SPY261014C00793000
SPY,2026-10-09,773.93,2026-10-14,C,794.0,0.06,0.07,0.05,533.0,467.0,0.09668872070312501,False,2026-10-08 19:00:55+00:00,SPY261014C00794000
SPY,2026-10-09,773.93,2026-10-14,C,795.0,0.05,0.06,0.04,501.0,878.0,0.098641826171875,False,2026-10-08 19:46:05+00:00,SPY261014C00795000
SPY,2026-10-09,773.93,2026-10-14,C,796.0,0.04,0.05,0.04,268.0,603.0,0.1001066552734375,False,2026-10-08 19:41:50+00:00,SPY261014C00796000
SPY,2026-10-09,773.93,2026-10-14,C,797.0,0.03,0.04,0.03,67.0,446.0,0.100594931640625,False,2026-10-08 19:41:50+00:00,SPY261014C00797000
SPY,2026-10-09,773.93,2026-10-14,C,798.0,0.02,0.03,0.03,50.0,325.0,0.100594931640625,False,2026-10-08 20:13:32+00:00,SPY261014C00798000
SPY,2026-10-09,773.93,2026-10-14,C,799.0,0.02,0.03,0.02,5370.0,140.0,0.10450114257812498,False,2026-10-08 17:58:35+00:00,SPY261014C00799000
SPY,2026-10-09,773.93,2026-10-14,C,800.0,0.02,0.03,0.03,9696.0,1054.0,0.10743080078125,False,2026-10-08 19:56:04+00:00,SPY261014C00800000
SPY,2026-10-09,773.93,2026-10-14,C,801.0,,,0.02,,,0.0,False,2026-10-08 20:10:38+00:00,SPY261014C00801000
SPY,2026-10-09,773.93,2026-10-14,C,802.0,0.01,0.02,0.02,349.0,148.0,0.10938390625,False,2026-10-08 19:55:23+00:00,SPY261014C00802000
SPY,2026-10-09,773.93,2026-10-14,C,803.0,0.01,0.02,0.02,9210.0,202.0,0.1132901171875,False,2026-10-08 17:07:26+00:00,SPY261014C00803000
SPY,2026-10-09,773.93,2026-10-14,C,804.0,0.01,0.02,0.02,2036.0,14.0,0.116219775390625,False,2026-10-08 17:07:29+00:00,SPY261014C00804000
SPY,2026-10-09,773.93,2026-10-14,C,805.0,0.01,0.02,0.01,7232.0,146.0,0.11914943359374999,False,2026-10-08 17:12:23+00:00,SPY261014C00805000
SPY,2026-10-09,773.93,2026-10-14,C,806.0,0.01,0.02,0.02,12.0,68.0,0.12305564453125001,False,2026-10-08 17:03:59+00:00,SPY261014C00806000
SPY,2026-10-09,773.93,2026-10-14,C,807.0,0.01,0.02,0.02,25.0,37.0,0.12696185546875,False,2026-10-08 17:04:07+00:00,SPY261014C00807000
SPY,2026-10-09,773.93,2026-10-14,C,809.0,0.01,0.02,0.03,236.0,274.0,0.132821171875,False,2026-10-07 19:01:04+00:00,SPY261014C00809000
SPY,2026-10-09,773.93,2026-10-14,C,810.0,0.01,0.02,0.01,9.0,66.0,0.13672738281250002,False,2026-10-08 19:15:40+00:00,SPY261014C00810000
SPY,2026-10-09,773.93,2026-10-14,C,815.0,0.01,0.02,0.01,6.0,161.0,0.15235222656250003,False,2026-10-08 15:45:34+00:00,SPY261014C00815000
SPY,2026-10-09,773.93,2026-10-14,C,820.0,0.01,0.02,0.04,4.0,68.0,0.16797707031250003,False,2026-10-06 14:18:33+00:00,SPY261014C00820000
SPY,2026-10-09,773.93,2026-10-14,C,825.0,,,0.03,,,0.0,False,2026-10-06 13:42:13+00:00,SPY261014C00825000
SPY,2026-10-09,773.93,2026-10-14,C,830.0,,,0.01,,,0.0,False,2026-10-08 20:11:13+00:00,SPY261014C00830000
SPY,2026-10-09,773.93,2026-10-14,C,840.0,,,0.02,,,0.0,False,2026-10-08 17:56:42+00:00,SPY261014C00840000
SPY,2026-10-09,773.93,2026-10-14,C,855.0,0.0,0.01,0.01,282.0,1.0,0.257819921875,False,2026-10-08 17:04:28+00:00,SPY261014C00855000
SPY,2026-10-09,773.93,2026-10-14,C,875.0,,,0.01,,,0.0,False,2026-10-06 15:59:48+00:00,SPY261014C00875000
SPY,2026-10-09,773.93,2026-10-14,C,880.0,0.0,0.01,0.01,,1.0,0.32813171874999997,False,2026-10-01 18:32:07+00:00,SPY261014C00880000
SPY,2026-10-09,773.93,2026-10-14,P,550.0,,,0.02,,,0.0,False,2026-10-05 15:14:00+00:00,SPY261014P00550000
SPY,2026-10-09,773.93,2026-10-14,P,555.0,0.0,0.01,0.02,100.0,220.0,0.7500025,False,2026-10-02 19:42:42+00:00,SPY261014P00555000
SPY,2026-10-09,773.93,2026-10-14,P,560.0,0.0,0.01,0.03,,120.0,0.73437765625,False,2026-10-01 17:50:52+00:00,SPY261014P00560000
SPY,2026-10-09,773.93,2026-10-14,P,565.0,0.0,0.01,0.02,5.0,5.0,0.7187528125,False,2026-10-02 20:04:48+00:00,SPY261014P00565000
SPY,2026-10-09,773.93,2026-10-14,P,570.0,,,0.01,,,0.0,False,2026-10-06 14:09:05+00:00,SPY261014P00570000
SPY,2026-10-09,773.93,2026-10-14,P,575.0,,,0.01,,,0.0,False,2026-10-06 14:53:02+00:00,SPY261014P00575000
SPY,2026-10-09,773.93,2026-10-14,P,585.0,,,0.02,,,0.0,False,2026-10-05 17:22:39+00:00,SPY261014P00585000
SPY,2026-10-09,773.93,2026-10-14,P,590.0,0.01,0.02,0.02,3564.0,3804.0,0.6796907031250001,False,2026-10-05 19:55:25+00:00,SPY261014P00590000
SPY,2026-10-09,773.93,2026-10-14,P,595.0,0.01,0.02,0.02,3757.0,3744.0,0.6601596484375001,False,2026-10-05 19:55:25+00:00,SPY261014P00595000
SPY,2026-10-09,773.93,2026-10-14,P,600.0,,,0.01,,,0.0,False,2026-10-06 15:59:51+00:00,SPY261014P00600000
SPY,2026-10-09,773.93,2026-10-14,P,605.0,0.01,0.02,0.01,477.0,478.0,0.6210975390625001,False,2026-10-06 15:59:51+00:00,SPY261014P00605000
SPY,2026-10-09,773.93,2026-10-14,P,610.0,0.01,0.02,0.01,103.0,118.0,0.6015664843750002,False,2026-10-08 17:30:37+00:00,SPY261014P00610000
SPY,2026-10-09,773.93,2026-10-14,P,615.0,,,0.01,,,0.0,False,2026-10-07 16:41:31+00:00,SPY261014P00615000
SPY,2026-10-09,773.93,2026-10-14,P,620.0,,,0.02,,,0.0,False,2026-10-05 19:55:38+00:00,SPY261014P00620000
SPY,2026-10-09,773.93,2026-10-14,P,625.0,0.01,0.02,0.04,12.0,12.0,0.5468795312500001,False,2026-10-05 17:00:37+00:00,SPY261014P00625000
SPY,2026-10-09,773.93,2026-10-14,P,635.0,,,0.02,,,0.0,False,2026-10-07 15:30:49+00:00,SPY261014P00635000
SPY,2026-10-09,773.93,2026-10-14,P,640.0,0.01,0.02,0.02,245.0,339.0,0.500005,False,2026-10-08 19:58:53+00:00,SPY261014P00640000
SPY,2026-10-09,773.93,2026-10-14,P,645.0,,,0.01,,,0.0,False,2026-10-08 16:38:58+00:00,SPY261014P00645000
SPY,2026-10-09,773.93,2026-10-14,P,650.0,0.02,0.03,0.07,550.0,551.0,0.4804739453125,False,2026-10-02 14:25:49+00:00,SPY261014P00650000
SPY,2026-10-09,773.93,2026-10-14,P,655.0,0.02,0.03,0.15,,0.0,0.46094289062500005,False,2026-10-01 14:42:57+00:00,SPY261014P00655000
SPY,2026-10-09,773.93,2026-10-14,P,660.0,,,0.03,,,0.0,False,2026-10-07 14:04:22+00:00,SPY261014P00660000
SPY,2026-10-09,773.93,2026-10-14,P,665.0,0.02,0.03,0.02,1021.0,90.0,0.42188078125,False,2026-10-08 17:05:01+00:00,SPY261014P00665000
SPY,2026-10-09,773.93,2026-10-14,P,675.0,0.02,0.03,0.03,40.0,135.0,0.38477177734374995,False,2026-10-08 18:57:32+00:00,SPY261014P00675000
SPY,2026-10-09,773.93,2026-10-14,P,690.0,0.04,0.05,0.02,20.0,30.0,0.34668622070312494,False,2026-10-08 16:41:57+00:00,SPY261014P00690000
SPY,2026-10-09,773.93,2026-10-14,P,695.0,0.04,0.05,0.03,5.0,8012.0,0.32617861328125,False,2026-10-08 14:41:41+00:00,SPY261014P00695000
SPY,2026-10-09,773.93,2026-10-14,P,700.0,0.05,0.06,0.06,280.0,10377.0,0.313483427734375,False,2026-10-08 19:37:26+00:00,SPY261014P00700000
SPY,2026-10-09,773.93,2026-10-14,P,705.0,0.05,0.06,0.07,98.0,98.0,0.29395237304687494,False,2026-10-08 17:34:00+00:00,SPY261014P00705000
SPY,2026-10-09,773.93,2026-10-14,P,710.0,0.06,0.07,0.07,15.0,67.0,0.27930408203124996,False,2026-10-08 17:35:50+00:00,SPY261014P00710000
SPY,2026-10-09,773.93,2026-10-14,P,715.0,0.06,0.07,0.07,7.0,112.0,0.25879647460937505,False,2026-10-08 16:24:34+00:00,SPY261014P00715000
SPY,2026-10-09,773.93,2026-10-14,P,720.0,0.07,0.08,0.07,133.0,1158.0,0.24268335449218748,False,2026-10-08 19:10:48+00:00,SPY261014P00720000
SPY,2026-10-09,773.93,2026-10-14,P,723.0,0.08,0.09,0.08,166.0,10.0,0.23389437988281248,False,2026-10-08 17:02:39+00:00,SPY261014P00723000
SPY,2026-10-09,773.93,2026-10-14,P,724.0,0.08,0.09,0.06,1.0,48.0,0.2299881689453125,False,2026-10-07 19:43:38+00:00,SPY261014P00724000
SPY,2026-10-09,773.93,2026-10-14,P,725.0,0.08,0.09,0.08,340.0,283.0,0.225593681640625,False,2026-10-08 19:15:40+00:00,SPY261014P00725000
SPY,2026-10-09,773.93,2026-10-14,P,726.0,0.08,0.09,0.1,78.0,28.0,0.22168747070312497,False,2026-10-08 18:10:22+00:00,SPY261014P00726000
SPY,2026-10-09,773.93,2026-10-14,P,727.0,0.09,0.1,0.11,17.0,502.0,0.22071091796874998,False,2026-10-08 17:59:05+00:00,SPY261014P00727000
SPY,2026-10-09,773.93,2026-10-14,P,728.0,0.09,0.1,0.15,2.0,34.0,0.21631643066406248,False,2026-10-08 17:29:23+00:00,SPY261014P00728000
SPY,2026-10-09,773.93,2026-10-14,P,729.0,0.09,0.1,0.1,498.0,65.0,0.21192194335937498,False,2026-10-07 19:46:01+00:00,SPY261014P00729000
SPY,2026-10-09,773.93,2026-10-14,P,730.0,0.09,0.1,0.09,537.0,1307.0,0.20801573242187496,False,2026-10-08 20:14:07+00:00,SPY261014P00730000
SPY,2026-10-09,773.93,2026-10-14,P,731.0,0.1,0.11,0.13,25.0,53.0,0.20655090332031245,False,2026-10-08 17:38:54+00:00,SPY261014P00731000
SPY,2026-10-09,773.93,2026-10-14,P,732.0,0.1,0.11,0.12,29.0,73.0,0.20215641601562498,False,2026-10-08 17:41:14+00:00,SPY261014P00732000
SPY,2026-10-09,773.93,2026-10-14,P,733.0,0.1,0.11,0.12,52.0,647.0,0.1977619287109375,False,2026-10-08 18:17:38+00:00,SPY261014P00733000
SPY,2026-10-09,773.93,2026-10-14,P,734.0,0.11,0.12,0.14,33.0,54.0,0.1958088232421875,False,2026-10-08 17:12:23+00:00,SPY261014P00734000
SPY,2026-10-09,773.93,2026-10-14,P,735.0,0.11,0.12,0.17,55.0,565.0,0.19190261230468753,False,2026-10-08 17:52:54+00:00,SPY261014P00735000
SPY,2026-10-09,773.93,2026-10-14,P,736.0,0.12,0.13,0.13,27.0,393.0,0.18946123046875002,False,2026-10-08 18:50:10+00:00,SPY261014P00736000
SPY,2026-10-09,773.93,2026-10-14,P,737.0,0.12,0.13,0.14,25.0,35.0,0.18506674316406246,False,2026-10-08 18:24:49+00:00,SPY261014P00737000
SPY,2026-10-09,773.93,2026-10-14,P,738.0,0.13,0.14,0.17,4.0,163.0,0.18311363769531247,False,2026-10-08 14:23:26+00:00,SPY261014P00738000
SPY,2026-10-09,773.93,2026-10-14,P,739.0,0.13,0.14,0.18,4.0,188.0,0.17847501220703127,False,2026-10-08 15:00:49+00:00,SPY261014P00739000
SPY,2026-10-09,773.93,2026-10-14,P,740.0,0.14,0.15,0.15,2359.0,172.0,0.1757894921875,False,2026-10-08 20:03:51+00:00,SPY261014P00740000
SPY,2026-10-09,773.93,2026-10-14,P,741.0,0.15,0.16,0.16,53.0,56.0,0.1733481103515625,False,2026-10-08 20:01:22+00:00,SPY261014P00741000
SPY,2026-10-09,773.93,2026-10-14,P,742.0,0.15,0.16,0.23,3.0,54.0,0.1687094848632813,False,2026-10-08 18:00:57+00:00,SPY261014P00742000
SPY,2026-10-09,773.93,2026-10-14,P,743.0,0.16,0.17,0.18,9.0,305.0,0.16577982666015628,False,2026-10-08 19:17:01+00:00,SPY261014P00743000
SPY,2026-10-09,773.93,2026-10-14,P,744.0,0.17,0.18,0.2,30.0,89.0,0.16285016845703126,False,2026-10-08 18:29:03+00:00,SPY261014P00744000
SPY,2026-10-09,773.93,2026-10-14,P,745.0,0.18,0.19,0.21,478.0,222.0,0.1596763720703125,False,2026-10-08 19:59:16+00:00,SPY261014P00745000
SPY,2026-10-09,773.93,2026-10-14,P,746.0,0.2,0.21,0.22,30.0,110.0,0.1577232666015625,False,2026-10-08 18:25:18+00:00,SPY261014P00746000
SPY,2026-10-09,773.93,2026-10-14,P,747.0,0.21,0.22,0.22,237.0,313.0,0.15430533203125002,False,2026-10-08 20:03:48+00:00,SPY261014P00747000
SPY,2026-10-09,773.93,2026-10-14,P,748.0,0.23,0.24,0.29,443.0,148.0,0.1518639501953125,False,2026-10-08 18:37:39+00:00,SPY261014P00748000
SPY,2026-10-09,773.93,2026-10-14,P,749.0,0.25,0.26,0.32,37.0,101.0,0.149422568359375,False,2026-10-08 18:36:23+00:00,SPY261014P00749000
SPY,2026-10-09,773.93,2026-10-14,P,750.0,0.27,0.28,0.28,658.0,1464.0,0.14649291015625,False,2026-10-08 20:06:35+00:00,SPY261014P00750000
SPY,2026-10-09,773.93,2026-10-14,P,751.0,0.29,0.3,0.33,97.0,729.0,0.143563251953125,False,2026-10-08 19:59:37+00:00,SPY261014P00751000
SPY,2026-10-09,773.93,2026-10-14,P,752.0,0.32,0.33,0.33,390.0,183.0,0.14112187011718752,False,2026-10-08 20:14:07+00:00,SPY261014P00752000
SPY,2026-10-09,773.93,2026-10-14,P,753.0,0.35,0.36,0.4,354.0,248.0,0.13855841918945314,False,2026-10-08 19:38:35+00:00,SPY261014P00753000
SPY,2026-10-09,773.93,2026-10-14,P,754.0,0.38,0.39,0.49,142.0,198.0,0.13575083007812502,False,2026-10-08 19:05:34+00:00,SPY261014P00754000
SPY,2026-10-09,773.93,2026-10-14,P,755.0,0.42,0.43,0.44,759.0,5162.0,0.1333094482421875,False,2026-10-08 20:06:52+00:00,SPY261014P00755000
SPY,2026-10-09,773.93,2026-10-14,P,756.0,0.46,0.47,0.49,295.0,282.0,0.13062392822265623,False,2026-10-08 20:03:17+00:00,SPY261014P00756000
SPY,2026-10-09,773.93,2026-10-14,P,757.0,0.51,0.52,0.52,221.0,476.0,0.1283046154785156,False,2026-10-08 20:14:15+00:00,SPY261014P00757000
SPY,2026-10-09,773.93,2026-10-14,P,758.0,0.56,0.57,0.56,391.0,281.0,0.12549702636718751,False,2026-10-08 20:14:26+00:00,SPY261014P00758000
SPY,2026-10-09,773.93,2026-10-14,P,759.0,0.62,0.63,0.7,264.0,240.0,0.12293357543945313,False,2026-10-08 19:59:34+00:00,SPY261014P00759000
SPY,2026-10-09,773.93,2026-10-14,P,760.0,0.69,0.71,0.8,874.0,976.0,0.1211025390625,False,2026-10-08 19:58:35+00:00,SPY261014P00760000
SPY,2026-10-09,773.93,2026-10-14,P,761.0,0.78,0.79,0.81,1395.0,306.0,0.1186611572265625,False,2026-10-08 20:00:38+00:00,SPY261014P00761000
SPY,2026-10-09,773.93,2026-10-14,P,762.0,0.86,0.88,0.87,684.0,486.0,0.11628080993652344,False,2026-10-08 20:14:15+00:00,SPY261014P00762000
SPY,2026-10-09,773.93,2026-10-14,P,763.0,0.97,0.98,1.03,982.0,362.0,0.1137783935546875,False,2026-10-08 20:04:01+00:00,SPY261014P00763000
SPY,2026-10-09,773.93,2026-10-14,P,764.0,1.08,1.09,1.08,565.0,437.0,0.11121494262695311,False,2026-10-08 20:11:35+00:00,SPY261014P00764000
SPY,2026-10-09,773.93,2026-10-14,P,765.0,1.22,1.23,1.21,1385.0,3366.0,0.10920080261230468,False,2026-10-08 20:14:54+00:00,SPY261014P00765000
SPY,2026-10-09,773.93,2026-10-14,P,766.0,1.37,1.38,1.43,1070.0,560.0,0.10688148986816406,False,2026-10-08 20:04:26+00:00,SPY261014P00766000
SPY,2026-10-09,773.93,2026-10-14,P,767.0,1.54,1.55,1.61,1516.0,553.0,0.10456217712402342,False,2026-10-08 20:04:24+00:00,SPY261014P00767000
SPY,2026-10-09,773.93,2026-10-14,P,768.0,1.73,1.75,1.72,1288.0,608.0,0.10248700256347655,False,2026-10-08 20:10:09+00:00,SPY261014P00768000
SPY,2026-10-09,773.93,2026-10-14,P,769.0,1.95,1.97,1.97,1562.0,1685.0,0.1002897589111328,False,2026-10-08 20:12:24+00:00,SPY261014P00769000
SPY,2026-10-09,773.93,2026-10-14,P,770.0,2.2,2.22,2.22,2848.0,3960.0,0.09809251525878906,False,2026-10-08 20:14:37+00:00,SPY261014P00770000
SPY,2026-10-09,773.93,2026-10-14,P,771.0,2.48,2.51,2.5,1984.0,2018.0,0.09607837524414065,False,2026-10-08 20:11:52+00:00,SPY261014P00771000
SPY,2026-10-09,773.93,2026-10-14,P,772.0,2.8,2.82,2.94,4436.0,716.0,0.09372854522705079,False,2026-10-08 20:04:47+00:00,SPY261014P00772000
SPY,2026-10-09,773.93,2026-10-14,P,773.0,3.16,3.18,3.17,2246.0,457.0,0.09168388793945312,False,2026-10-08 20:13:12+00:00,SPY261014P00773000
SPY,2026-10-09,773.93,2026-10-14,P,774.0,3.55,3.56,3.54,4574.0,917.0,0.08905940246582032,True,2026-10-08 20:11:51+00:00,SPY261014P00774000
SPY,2026-10-09,773.93,2026-10-14,P,775.0,3.98,4.0,4.01,3665.0,836.0,0.08680112426757813,True,2026-10-08 20:13:45+00:00,SPY261014P00775000
SPY,2026-10-09,773.93,2026-10-14,P,776.0,4.46,4.49,4.5,2559.0,842.0,0.08463439788818361,True,2026-10-08 20:13:20+00:00,SPY261014P00776000
SPY,2026-10-09,773.93,2026-10-14,P,777.0,4.92,5.05,5.34,631.0,1108.0,0.08295594787597659,True,2026-10-08 19:58:27+00:00,SPY261014P00777000
SPY,2026-10-09,773.93,2026-10-14,P,779.0,6.1,6.25,6.75,195.0,706.0,0.07740180419921877,True,2026-10-08 19:56:20+00:00,SPY261014P00779000
SPY,2026-10-09,773.93,2026-10-14,P,780.0,6.73,6.93,6.75,205.0,254.0,0.07435007690429687,True,2026-10-08 20:10:02+00:00,SPY261014P00780000
SPY,2026-10-09,773.93,2026-10-14,P,782.0,8.16,8.4,8.44,492.0,49.0,0.0649507568359375,True,2026-10-08 20:04:26+00:00,SPY261014P00782000
SPY,2026-10-09,773.93,2026-10-14,P,784.0,9.73,10.04,13.09,36.0,63.0,1.0000000000000003e-05,True,2026-10-08 17:29:34+00:00,SPY261014P00784000
SPY,2026-10-09,773.93,2026-10-14,P,785.0,10.56,11.88,12.3,234.0,98.0,0.10608804077148437,True,2026-10-08 19:08:54+00:00,SPY261014P00785000
SPY,2026-10-09,773.93,2026-10-14,P,788.0,12.57,14.74,16.4,15.0,13.0,0.11780667358398436,True,2026-10-08 17:45:00+00:00,SPY261014P00788000
SPY,2026-10-09,773.93,2026-10-14,P,790.0,14.61,16.81,15.72,48.0,23.0,0.13306531005859373,True,2026-10-08 15:51:03+00:00,SPY261014P00790000
SPY,2026-10-09,773.93,2026-10-14,P,793.0,17.59,19.75,20.03,26.0,0.0,0.14685911743164062,True,2026-10-08 19:13:48+00:00,SPY261014P00793000
SPY,2026-10-09,773.93,2026-10-14,P,815.0,39.43,41.76,39.91,4.0,0.0,0.2601392346191406,True,2026-10-08 14:20:15+00:00,SPY261014P00815000
SPY,2026-10-09,773.93,2026-10-15,C,695.0,78.75,80.94,77.29,40.0,1.0,0.5510298803710938,True,2026-10-08 17:56:51+00:00,SPY261015C00695000
SPY,2026-10-09,773.93,2026-10-15,C,710.0,63.79,65.99,65.25,2.0,0.0,0.46851117431640626,True,2026-10-08 15:48:29+00:00,SPY261015C00710000
SPY,2026-10-09,773.93,2026-10-15,C,728.0,45.88,48.09,46.5,26.0,1.0,0.3687807263183594,True,2026-10-08 19:02:48+00:00,SPY261015C00728000
SPY,2026-10-09,773.93,2026-10-15,C,740.0,33.85,36.28,34.3,52.0,3.0,0.3043282458496094,True,2026-10-08 19:50:51+00:00,SPY261015C00740000
SPY,2026-10-09,773.93,2026-10-15,C,750.0,24.13,26.6,24.38,88.0,29.0,0.25196060546875,True,2026-10-08 19:54:52+00:00,SPY261015C00750000
SPY,2026-10-09,773.93,2026-10-15,C,754.0,20.33,22.66,21.41,58.0,1.0,0.22669230346679686,True,2026-10-08 19:51:53+00:00,SPY261015C00754000
SPY,2026-10-09,773.93,2026-10-15,C,755.0,19.38,21.71,19.72,52.0,8.0,0.2213822979736328,True,2026-10-08 19:56:17+00:00,SPY261015C00755000
SPY,2026-10-09,773.93,2026-10-15,C,756.0,18.43,20.57,18.88,14.0,3.0,0.20978573425292968,True,2026-10-08 15:22:28+00:00,SPY261015C00756000
SPY,2026-10-09,773.93,2026-10-15,C,757.0,18.36,18.75,17.59,18.0,1.0,0.1749350085449219,True,2026-10-08 19:42:37+00:00,SPY261015C00757000
SPY,2026-10-09,773.93,2026-10-15,C,758.0,17.5,17.82,18.34,16.0,6.0,0.17078465942382814,True,2026-10-08 15:09:51+00:00,SPY261015C00758000
SPY,2026-10-09,773.93,2026-10-15,C,759.0,16.57,16.9,18.18,4.0,3.0,0.1667563793945313,True,2026-10-08 14:47:43+00:00,SPY261015C00759000
SPY,2026-10-09,773.93,2026-10-15,C,760.0,15.66,15.98,14.55,17.0,216.0,0.16248396118164063,True,2026-10-08 19:12:27+00:00,SPY261015C00760000
SPY,2026-10-09,773.93,2026-10-15,C,761.0,14.77,15.07,13.97,8.0,2.0,0.15833361206054689,True,2026-10-08 18:16:20+00:00,SPY261015C00761000
SPY,2026-10-09,773.93,2026-10-15,C,762.0,13.88,14.18,13.13,17.0,0.0,0.15461050476074223,True,2026-10-05 13:59:27+00:00,SPY261015C00762000
SPY,2026-10-09,773.93,2026-10-15,C,763.0,13.02,13.3,12.83,13.0,5.0,0.1508263629150391,True,2026-10-08 16:21:48+00:00,SPY261015C00763000
SPY,2026-10-09,773.93,2026-10-15,C,764.0,12.14,12.44,12.67,5.0,1.0,0.14734739379882814,True,2026-10-08 16:17:11+00:00,SPY261015C00764000
SPY,2026-10-09,773.93,2026-10-15,C,765.0,11.31,11.59,10.91,383.0,634.0,0.14383790740966795,True,2026-10-08 19:50:59+00:00,SPY261015C00765000
SPY,2026-10-09,773.93,2026-10-15,C,766.0,10.48,10.76,9.65,40.0,1.0,0.1404504901123047,True,2026-10-08 18:58:51+00:00,SPY261015C00766000
SPY,2026-10-09,773.93,2026-10-15,C,767.0,9.71,9.9,9.85,60.0,62.0,0.13593393371582033,True,2026-10-08 20:09:18+00:00,SPY261015C00767000
SPY,2026-10-09,773.93,2026-10-15,C,768.0,8.91,9.11,8.32,113.0,79.0,0.132821171875,True,2026-10-08 18:50:06+00:00,SPY261015C00768000
SPY,2026-10-09,773.93,2026-10-15,C,769.0,8.16,8.34,8.24,450.0,118.0,0.12970841003417968,True,2026-10-08 20:08:16+00:00,SPY261015C00769000
SPY,2026-10-09,773.93,2026-10-15,C,770.0,7.45,7.59,7.52,360.0,332.0,0.12656513092041016,True,2026-10-08 20:08:57+00:00,SPY261015C00770000
SPY,2026-10-09,773.93,2026-10-15,C,771.0,6.74,6.88,6.78,237.0,398.0,0.12384909362792969,True,2026-10-08 20:14:17+00:00,SPY261015C00771000
SPY,2026-10-09,773.93,2026-10-15,C,772.0,6.06,6.19,6.05,3749.0,290.0,0.12098046997070314,True,2026-10-08 20:00:21+00:00,SPY261015C00772000
SPY,2026-10-09,773.93,2026-10-15,C,773.0,5.43,5.55,5.53,1356.0,307.0,0.1186611572265625,True,2026-10-08 20:10:45+00:00,SPY261015C00773000
SPY,2026-10-09,773.93,2026-10-15,C,774.0,4.87,4.89,4.87,1484.0,142.0,0.11518218811035157,False,2026-10-08 20:14:10+00:00,SPY261015C00774000
SPY,2026-10-09,773.93,2026-10-15,C,775.0,4.3,4.32,4.31,3087.0,741.0,0.11301546173095703,False,2026-10-08 20:14:18+00:00,SPY261015C00775000
SPY,2026-10-09,773.93,2026-10-15,C,776.0,3.77,3.79,3.85,1888.0,293.0,0.1110318389892578,False,2026-10-08 20:09:56+00:00,SPY261015C00776000
SPY,2026-10-09,773.93,2026-10-15,C,777.0,3.28,3.3,3.28,1747.0,420.0,0.10913976806640624,False,2026-10-08 20:14:56+00:00,SPY261015C00777000
SPY,2026-10-09,773.93,2026-10-15,C,778.0,2.83,2.85,2.89,725.0,382.0,0.10730873168945312,False,2026-10-08 20:12:00+00:00,SPY261015C00778000
SPY,2026-10-09,773.93,2026-10-15,C,779.0,2.42,2.44,2.42,858.0,528.0,0.10559976440429686,False,2026-10-08 20:14:09+00:00,SPY261015C00779000
SPY,2026-10-09,773.93,2026-10-15,C,780.0,2.06,2.08,2.07,1890.0,1065.0,0.10425700439453123,False,2026-10-08 20:14:41+00:00,SPY261015C00780000
SPY,2026-10-09,773.93,2026-10-15,C,781.0,1.73,1.75,1.75,1596.0,1702.0,0.10273114074707031,False,2026-10-08 20:14:34+00:00,SPY261015C00781000
SPY,2026-10-09,773.93,2026-10-15,C,782.0,1.45,1.47,1.47,972.0,659.0,0.10169355346679687,False,2026-10-08 20:09:47+00:00,SPY261015C00782000
SPY,2026-10-09,773.93,2026-10-15,C,783.0,1.2,1.22,1.24,884.0,558.0,0.10053389709472656,False,2026-10-08 20:10:17+00:00,SPY261015C00783000
SPY,2026-10-09,773.93,2026-10-15,C,784.0,0.99,1.0,1.03,636.0,343.0,0.0993132061767578,False,2026-10-08 20:10:17+00:00,SPY261015C00784000
SPY,2026-10-09,773.93,2026-10-15,C,785.0,0.81,0.82,0.83,1241.0,526.0,0.09851975708007812,False,2026-10-08 20:09:47+00:00,SPY261015C00785000
SPY,2026-10-09,773.93,2026-10-15,C,786.0,0.65,0.67,0.67,551.0,340.0,0.0979704461669922,False,2026-10-08 20:12:40+00:00,SPY261015C00786000
SPY,2026-10-09,773.93,2026-10-15,C,787.0,0.53,0.54,0.52,693.0,88.0,0.09729906616210937,False,2026-10-08 20:13:28+00:00,SPY261015C00787000
SPY,2026-10-09,773.93,2026-10-15,C,788.0,0.42,0.43,0.42,331.0,600.0,0.09656665161132813,False,2026-10-08 20:14:46+00:00,SPY261015C00788000
SPY,2026-10-09,773.93,2026-10-15,C,789.0,0.33,0.35,0.33,351.0,661.0,0.09656665161132813,False,2026-10-08 20:14:05+00:00,SPY261015C00789000
SPY,2026-10-09,773.93,2026-10-15,C,790.0,0.27,0.28,0.28,1941.0,677.0,0.09644458251953125,False,2026-10-08 20:14:51+00:00,SPY261015C00790000
SPY,2026-10-09,773.93,2026-10-15,C,791.0,0.21,0.22,0.22,387.0,228.0,0.09607837524414065,False,2026-10-08 20:14:51+00:00,SPY261015C00791000
SPY,2026-10-09,773.93,2026-10-15,C,792.0,0.16,0.17,0.17,324.0,587.0,0.09546802978515626,False,2026-10-08 20:01:24+00:00,SPY261015C00792000
SPY,2026-10-09,773.93,2026-10-15,C,793.0,0.13,0.14,0.12,190.0,896.0,0.09620044433593751,False,2026-10-08 19:14:50+00:00,SPY261015C00793000
SPY,2026-10-09,773.93,2026-10-15,C,794.0,0.1,0.11,0.11,100.0,297.0,0.09620044433593751,False,2026-10-08 20:09:37+00:00,SPY261015C00794000
SPY,2026-10-09,773.93,2026-10-15,C,795.0,0.08,0.09,0.08,432.0,168.0,0.0971769970703125,False,2026-10-08 20:09:37+00:00,SPY261015C00795000
SPY,2026-10-09,773.93,2026-10-15,C,796.0,0.06,0.07,0.06,334.0,438.0,0.0971769970703125,False,2026-10-08 18:25:09+00:00,SPY261015C00796000
SPY,2026-10-09,773.93,2026-10-15,C,797.0,0.05,0.06,0.05,153.0,90.0,0.098641826171875,False,2026-10-08 19:36:12+00:00,SPY261015C00797000
SPY,2026-10-09,773.93,2026-10-15,C,799.0,0.04,0.05,0.03,108.0,150.0,0.10303631347656249,False,2026-10-08 17:26:49+00:00,SPY261015C00799000
SPY,2026-10-09,773.93,2026-10-15,C,800.0,0.03,0.04,0.04,596.0,667.0,0.10352458984374999,False,2026-10-08 20:14:08+00:00,SPY261015C00800000
SPY,2026-10-09,773.93,2026-10-15,C,805.0,0.01,0.02,0.02,397.0,221.0,0.11133701171874999,False,2026-10-08 19:15:17+00:00,SPY261015C00805000
SPY,2026-10-09,773.93,2026-10-15,C,808.0,0.01,0.02,0.01,30.0,100.0,0.12012598632812499,False,2026-10-08 16:56:25+00:00,SPY261015C00808000
SPY,2026-10-09,773.93,2026-10-15,C,809.0,0.01,0.02,0.02,5.0,5.0,0.12305564453125001,False,2026-10-08 18:24:41+00:00,SPY261015C00809000
SPY,2026-10-09,773.93,2026-10-15,C,810.0,0.01,0.02,0.02,26.0,22.0,0.12696185546875,False,2026-10-08 18:56:24+00:00,SPY261015C00810000
SPY,2026-10-09,773.93,2026-10-15,C,815.0,0.01,0.02,0.01,42.0,7.0,0.141610146484375,False,2026-10-08 18:56:24+00:00,SPY261015C00815000
SPY,2026-10-09,773.93,2026-10-15,C,820.0,0.01,0.02,0.03,26.0,28.0,0.1562584375,False,2026-10-06 19:56:56+00:00,SPY261015C00820000
SPY,2026-10-09,773.93,2026-10-15,C,825.0,0.01,0.02,0.01,5.0,91.0,0.17090672851562502,False,2026-10-07 19:29:53+00:00,SPY261015C00825000
SPY,2026-10-09,773.93,2026-10-15,C,835.0,0.0,0.01,0.02,1101.0,3.0,0.187508125,False,2026-10-08 19:48:26+00:00,SPY261015C00835000
SPY,2026-10-09,773.93,2026-10-15,P,550.0,,,0.01,,,0.0,False,2026-10-07 19:15:13+00:00,SPY261015P00550000
SPY,2026-10-09,773.93,2026-10-15,P,555.0,,,0.01,,,0.0,False,2026-10-06 16:41:40+00:00,SPY261015P00555000
SPY,2026-10-09,773.93,2026-10-15,P,570.0,,,0.01,,,0.0,False,2026-10-08 20:03:53+00:00,SPY261015P00570000
SPY,2026-10-09,773.93,2026-10-15,P,575.0,,,0.01,,,0.0,False,2026-10-07 19:29:57+00:00,SPY261015P00575000
SPY,2026-10-09,773.93,2026-10-15,P,580.0,0.0,0.01,0.01,10.0,130.0,0.6093789062500001,False,2026-10-08 13:30:00+00:00,SPY261015P00580000
SPY,2026-10-09,773.93,2026-10-15,P,590.0,,,0.01,,,0.0,False,2026-10-07 19:34:03+00:00,SPY261015P00590000
SPY,2026-10-09,773.93,2026-10-15,P,595.0,0.01,0.02,0.02,7.0,22.0,0.6093789062500001,False,2026-10-06 18:12:14+00:00,SPY261015P00595000
SPY,2026-10-09,773.93,2026-10-15,P,600.0,,,0.03,,,0.0,False,2026-10-05 17:47:58+00:00,SPY261015P00600000
SPY,2026-10-09,773.93,2026-10-15,P,605.0,,,0.01,,,0.0,False,2026-10-07 19:33:24+00:00,SPY261015P00605000
SPY,2026-10-09,773.93,2026-10-15,P,610.0,,,0.02,,,0.0,False,2026-10-06 17:42:40+00:00,SPY261015P00610000
SPY,2026-10-09,773.93,2026-10-15,P,630.0,,,0.01,,,0.0,False,2026-10-07 18:51:29+00:00,SPY261015P00630000
SPY,2026-10-09,773.93,2026-10-15,P,635.0,,,0.02,,,0.0,False,2026-10-08 17:34:28+00:00,SPY261015P00635000
SPY,2026-10-09,773.93,2026-10-15,P,665.0,,,0.03,,,0.0,False,2026-10-07 18:46:49+00:00,SPY261015P00665000
SPY,2026-10-09,773.93,2026-10-15,P,670.0,0.03,0.04,0.04,5353.0,76.0,0.38477177734374995,False,2026-10-08 18:34:02+00:00,SPY261015P00670000
SPY,2026-10-09,773.93,2026-10-15,P,675.0,0.03,0.04,0.08,30.0,124.0,0.367193828125,False,2026-10-05 17:02:41+00:00,SPY261015P00675000
SPY,2026-10-09,773.93,2026-10-15,P,680.0,0.04,0.05,0.06,8.0,32.0,0.35742830078125,False,2026-10-06 17:11:56+00:00,SPY261015P00680000
SPY,2026-10-09,773.93,2026-10-15,P,685.0,,,0.11,,,0.0,False,2026-10-05 19:32:14+00:00,SPY261015P00685000
SPY,2026-10-09,773.93,2026-10-15,P,690.0,,,0.05,,,0.0,False,2026-10-08 15:28:46+00:00,SPY261015P00690000
SPY,2026-10-09,773.93,2026-10-15,P,695.0,0.05,0.06,0.05,1.0,1014.0,0.3086006640625,False,2026-10-08 16:54:02+00:00,SPY261015P00695000
SPY,2026-10-09,773.93,2026-10-15,P,700.0,0.06,0.07,0.07,13.0,6581.0,0.295905478515625,False,2026-10-08 17:08:17+00:00,SPY261015P00700000
SPY,2026-10-09,773.93,2026-10-15,P,705.0,0.07,0.08,0.07,2.0,602.0,0.28125718749999995,False,2026-10-08 13:41:39+00:00,SPY261015P00705000
SPY,2026-10-09,773.93,2026-10-15,P,710.0,0.07,0.08,0.06,2.0,49.0,0.26270268554687504,False,2026-10-08 15:50:49+00:00,SPY261015P00710000
SPY,2026-10-09,773.93,2026-10-15,P,715.0,0.08,0.09,0.1,12.0,59.0,0.247077841796875,False,2026-10-08 19:11:35+00:00,SPY261015P00715000
SPY,2026-10-09,773.93,2026-10-15,P,720.0,0.1,0.11,0.11,1007.0,1083.0,0.23438265625,False,2026-10-08 20:13:34+00:00,SPY261015P00720000
SPY,2026-10-09,773.93,2026-10-15,P,723.0,0.1,0.11,0.11,1.0,6.0,0.22266402343749997,False,2026-10-08 15:33:10+00:00,SPY261015P00723000
SPY,2026-10-09,773.93,2026-10-15,P,724.0,0.11,0.12,0.11,2.0,1.0,0.2211991943359375,False,2026-10-08 15:50:49+00:00,SPY261015P00724000
SPY,2026-10-09,773.93,2026-10-15,P,725.0,0.11,0.12,0.11,6.0,109.0,0.2172929833984375,False,2026-10-08 13:38:18+00:00,SPY261015P00725000
SPY,2026-10-09,773.93,2026-10-15,P,727.0,,,0.21,,,0.0,False,2026-10-07 14:26:46+00:00,SPY261015P00727000
SPY,2026-10-09,773.93,2026-10-15,P,728.0,0.12,0.13,0.12,2.0,118.0,0.20801573242187496,False,2026-10-08 19:47:34+00:00,SPY261015P00728000
SPY,2026-10-09,773.93,2026-10-15,P,729.0,0.13,0.14,0.11,10.0,23.0,0.20606262695312497,False,2026-10-08 16:47:36+00:00,SPY261015P00729000
SPY,2026-10-09,773.93,2026-10-15,P,730.0,0.13,0.14,0.13,53.0,185.0,0.20215641601562498,False,2026-10-08 19:49:50+00:00,SPY261015P00730000
SPY,2026-10-09,773.93,2026-10-15,P,731.0,0.14,0.15,0.16,1.0,97.0,0.19995917236328126,False,2026-10-08 13:39:53+00:00,SPY261015P00731000
SPY,2026-10-09,773.93,2026-10-15,P,732.0,0.14,0.15,0.17,3.0,112.0,0.1958088232421875,False,2026-10-06 16:44:20+00:00,SPY261015P00732000
SPY,2026-10-09,773.93,2026-10-15,P,733.0,0.15,0.16,0.16,136.0,15.0,0.19385571777343752,False,2026-10-08 18:56:24+00:00,SPY261015P00733000
SPY,2026-10-09,773.93,2026-10-15,P,734.0,0.15,0.16,0.22,46.0,40.0,0.18946123046875002,False,2026-10-08 17:36:08+00:00,SPY261015P00734000
SPY,2026-10-09,773.93,2026-10-15,P,735.0,0.16,0.17,0.16,104.0,539.0,0.1870198486328125,False,2026-10-08 19:49:50+00:00,SPY261015P00735000
SPY,2026-10-09,773.93,2026-10-15,P,736.0,0.17,0.18,0.19,5.0,32.0,0.18457846679687498,False,2026-10-08 18:19:34+00:00,SPY261015P00736000
SPY,2026-10-09,773.93,2026-10-15,P,737.0,0.18,0.19,0.2,45.0,109.0,0.1821370849609375,False,2026-10-08 19:04:28+00:00,SPY261015P00737000
SPY,2026-10-09,773.93,2026-10-15,P,738.0,0.18,0.19,0.3,21.0,102.0,0.17774259765625,False,2026-10-08 17:26:05+00:00,SPY261015P00738000
SPY,2026-10-09,773.93,2026-10-15,P,739.0,0.19,0.2,0.22,19.0,130.0,0.17505707763671874,False,2026-10-08 19:00:14+00:00,SPY261015P00739000
SPY,2026-10-09,773.93,2026-10-15,P,740.0,0.21,0.22,0.21,1312.0,445.0,0.17359224853515626,False,2026-10-08 20:04:31+00:00,SPY261015P00740000
SPY,2026-10-09,773.93,2026-10-15,P,741.0,0.22,0.23,0.33,32.0,114.0,0.17041845214843754,False,2026-10-08 17:20:32+00:00,SPY261015P00741000
SPY,2026-10-09,773.93,2026-10-15,P,742.0,0.23,0.24,0.25,243.0,183.0,0.16748879394531252,False,2026-10-08 20:05:34+00:00,SPY261015P00742000
SPY,2026-10-09,773.93,2026-10-15,P,743.0,0.24,0.25,0.27,123.0,45.0,0.16407085937500002,False,2026-10-08 19:19:49+00:00,SPY261015P00743000
SPY,2026-10-09,773.93,2026-10-15,P,744.0,0.26,0.27,0.27,787.0,71.0,0.16211775390625,False,2026-10-08 19:24:11+00:00,SPY261015P00744000
SPY,2026-10-09,773.93,2026-10-15,P,745.0,0.28,0.29,0.29,322.0,589.0,0.1596763720703125,False,2026-10-08 19:47:28+00:00,SPY261015P00745000
SPY,2026-10-09,773.93,2026-10-15,P,746.0,0.3,0.31,0.34,116.0,99.0,0.15711292114257813,False,2026-10-08 19:18:17+00:00,SPY261015P00746000
SPY,2026-10-09,773.93,2026-10-15,P,747.0,0.32,0.33,0.36,295.0,44.0,0.15430533203125002,False,2026-10-08 19:12:20+00:00,SPY261015P00747000
SPY,2026-10-09,773.93,2026-10-15,P,748.0,0.34,0.35,0.48,417.0,33.0,0.1514977429199219,False,2026-10-08 17:43:45+00:00,SPY261015P00748000
SPY,2026-10-09,773.93,2026-10-15,P,749.0,0.37,0.38,0.42,294.0,93.0,0.14930049926757813,False,2026-10-08 19:54:10+00:00,SPY261015P00749000
SPY,2026-10-09,773.93,2026-10-15,P,750.0,0.39,0.41,0.44,1433.0,509.0,0.14685911743164062,False,2026-10-08 19:48:48+00:00,SPY261015P00750000
SPY,2026-10-09,773.93,2026-10-15,P,751.0,0.43,0.44,0.5,240.0,223.0,0.14417359741210936,False,2026-10-08 18:53:22+00:00,SPY261015P00751000
SPY,2026-10-09,773.93,2026-10-15,P,752.0,0.46,0.47,0.55,423.0,51.0,0.14136600830078128,False,2026-10-08 19:18:17+00:00,SPY261015P00752000
SPY,2026-10-09,773.93,2026-10-15,P,753.0,0.5,0.51,0.51,220.0,294.0,0.13892462646484377,False,2026-10-08 20:14:51+00:00,SPY261015P00753000
SPY,2026-10-09,773.93,2026-10-15,P,754.0,0.55,0.56,0.55,392.0,227.0,0.13697152099609378,False,2026-10-08 20:14:51+00:00,SPY261015P00754000
SPY,2026-10-09,773.93,2026-10-15,P,755.0,0.59,0.61,0.61,800.0,283.0,0.13459117370605472,False,2026-10-08 20:14:19+00:00,SPY261015P00755000
SPY,2026-10-09,773.93,2026-10-15,P,756.0,0.65,0.66,0.72,560.0,183.0,0.13196668823242189,False,2026-10-08 19:59:34+00:00,SPY261015P00756000
SPY,2026-10-09,773.93,2026-10-15,P,757.0,0.71,0.72,0.74,536.0,233.0,0.12952530639648438,False,2026-10-08 20:02:03+00:00,SPY261015P00757000
SPY,2026-10-09,773.93,2026-10-15,P,758.0,0.78,0.79,0.77,320.0,122.0,0.12732806274414063,False,2026-10-08 20:10:29+00:00,SPY261015P00758000
SPY,2026-10-09,773.93,2026-10-15,P,759.0,0.86,0.87,0.9,349.0,171.0,0.1251918536376953,False,2026-10-08 20:01:14+00:00,SPY261015P00759000
SPY,2026-10-09,773.93,2026-10-15,P,760.0,0.94,0.96,0.95,1097.0,2409.0,0.12311667907714845,False,2026-10-08 20:09:51+00:00,SPY261015P00760000
SPY,2026-10-09,773.93,2026-10-15,P,761.0,1.04,1.05,1.05,528.0,575.0,0.1206142626953125,False,2026-10-08 20:09:47+00:00,SPY261015P00761000
SPY,2026-10-09,773.93,2026-10-15,P,762.0,1.14,1.16,1.19,536.0,384.0,0.11847805358886719,False,2026-10-08 20:02:43+00:00,SPY261015P00762000
SPY,2026-10-09,773.93,2026-10-15,P,763.0,1.26,1.28,1.31,310.0,416.0,0.116219775390625,False,2026-10-08 20:02:42+00:00,SPY261015P00763000
SPY,2026-10-09,773.93,2026-10-15,P,764.0,1.4,1.42,1.41,405.0,374.0,0.11420563537597657,False,2026-10-08 20:09:47+00:00,SPY261015P00764000
SPY,2026-10-09,773.93,2026-10-15,P,765.0,1.55,1.57,1.55,1228.0,674.0,0.11200839172363279,False,2026-10-08 20:11:13+00:00,SPY261015P00765000
SPY,2026-10-09,773.93,2026-10-15,P,766.0,1.72,1.74,1.87,489.0,174.0,0.1098721826171875,False,2026-10-08 19:59:21+00:00,SPY261015P00766000
SPY,2026-10-09,773.93,2026-10-15,P,767.0,1.91,1.92,1.91,897.0,377.0,0.10749183532714844,False,2026-10-08 20:14:00+00:00,SPY261015P00767000
SPY,2026-10-09,773.93,2026-10-15,P,768.0,2.12,2.14,2.09,1195.0,607.0,0.10559976440429686,False,2026-10-08 20:10:51+00:00,SPY261015P00768000
SPY,2026-10-09,773.93,2026-10-15,P,769.0,2.36,2.38,2.38,476.0,239.0,0.10358562438964843,False,2026-10-08 20:14:55+00:00,SPY261015P00769000
SPY,2026-10-09,773.93,2026-10-15,P,770.0,2.62,2.64,2.65,2668.0,3517.0,0.10138838073730468,False,2026-10-08 20:14:20+00:00,SPY261015P00770000
SPY,2026-10-09,773.93,2026-10-15,P,771.0,2.91,2.94,3.02,730.0,669.0,0.09949630981445312,False,2026-10-08 20:03:45+00:00,SPY261015P00771000
SPY,2026-10-09,773.93,2026-10-15,P,772.0,3.24,3.26,3.25,9217.0,6514.0,0.09729906616210937,False,2026-10-08 20:13:55+00:00,SPY261015P00772000
SPY,2026-10-09,773.93,2026-10-15,P,773.0,3.6,3.62,3.61,4088.0,438.0,0.09522389160156251,False,2026-10-08 20:14:51+00:00,SPY261015P00773000
SPY,2026-10-09,773.93,2026-10-15,P,774.0,3.99,4.02,4.02,2324.0,999.0,0.09320975158691407,True,2026-10-08 20:13:17+00:00,SPY261015P00774000
SPY,2026-10-09,773.93,2026-10-15,P,775.0,4.42,4.44,4.44,2332.0,462.0,0.09073785247802735,True,2026-10-08 20:14:36+00:00,SPY261015P00775000
SPY,2026-10-09,773.93,2026-10-15,P,776.0,4.9,4.92,4.9,2396.0,697.0,0.08869319519042969,True,2026-10-08 20:12:38+00:00,SPY261015P00776000
SPY,2026-10-09,773.93,2026-10-15,P,777.0,,,5.94,,,0.0,True,2026-10-08 19:59:39+00:00,SPY261015P00777000
SPY,2026-10-09,773.93,2026-10-15,P,778.0,,,7.85,,,0.0,True,2026-10-08 17:33:26+00:00,SPY261015P00778000
SPY,2026-10-09,773.93,2026-10-15,P,779.0,,,7.04,,,0.0,True,2026-10-08 19:27:40+00:00,SPY261015P00779000
SPY,2026-10-09,773.93,2026-10-15,P,780.0,7.12,7.31,7.34,139.0,700.0,0.08063663513183594,True,2026-10-08 20:03:45+00:00,SPY261015P00780000
SPY,2026-10-09,773.93,2026-10-15,P,781.0,,,9.87,,,0.0,True,2026-10-08 17:04:38+00:00,SPY261015P00781000
SPY,2026-10-09,773.93,2026-10-15,P,782.0,,,8.76,,,0.0,True,2026-10-08 20:03:45+00:00,SPY261015P00782000
SPY,2026-10-09,773.93,2026-10-15,P,783.0,9.23,9.5,9.8,10.0,6.0,0.07044386596679689,True,2026-10-08 19:27:40+00:00,SPY261015P00783000
SPY,2026-10-09,773.93,2026-10-15,P,784.0,10.0,10.29,11.5,16.0,24.0,0.0639742041015625,True,2026-10-08 14:40:10+00:00,SPY261015P00784000
SPY,2026-10-09,773.93,2026-10-15,P,785.0,,,11.5,,,0.0,True,2026-10-08 19:27:52+00:00,SPY261015P00785000
SPY,2026-10-09,773.93,2026-10-15,P,786.0,,,12.11,,,0.0,True,2026-10-08 19:26:38+00:00,SPY261015P00786000
SPY,2026-10-09,773.93,2026-10-15,P,787.0,,,13.53,,,0.0,True,2026-10-08 19:23:38+00:00,SPY261015P00787000
SPY,2026-10-09,773.93,2026-10-15,P,788.0,,,14.94,,,0.0,True,2026-10-08 19:17:30+00:00,SPY261015P00788000
SPY,2026-10-09,773.93,2026-10-15,P,789.0,,,16.16,,,0.0,True,2026-10-08 18:46:17+00:00,SPY261015P00789000
SPY,2026-10-09,773.93,2026-10-15,P,790.0,,,14.0,,,0.0,True,2026-10-08 15:38:16+00:00,SPY261015P00790000
SPY,2026-10-09,773.93,2026-10-15,P,792.0,,,17.31,,,0.0,True,2026-10-08 15:14:35+00:00,SPY261015P00792000
SPY,2026-10-09,773.93,2026-10-15,P,794.0,,,19.91,,,0.0,True,2026-10-08 17:16:36+00:00,SPY261015P00794000
SPY,2026-10-09,773.93,2026-10-15,P,795.0,19.59,21.83,22.72,26.0,9.0,0.15046015563964849,True,2026-10-08 18:48:23+00:00,SPY261015P00795000
SPY,2026-10-09,773.93,2026-10-15,P,797.0,,,25.1,,,0.0,True,2026-10-08 17:44:02+00:00,SPY261015P00797000
SPY,2026-10-09,773.93,2026-10-15,P,798.0,,,25.39,,,0.0,True,2026-10-08 19:47:00+00:00,SPY261015P00798000
SPY,2026-10-09,773.93,2026-10-16,C,300.0,473.22,475.95,468.62,24.0,43.0,2.7519562451171877,True,2026-09-25 14:53:40+00:00,SPY261016C00300000
SPY,2026-10-09,773.93,2026-10-16,C,305.0,468.22,470.97,454.74,84.0,62.0,2.7119172827148432,True,2026-09-18 16:38:59+00:00,SPY261016C00305000
SPY,2026-10-09,773.93,2026-10-16,C,310.0,463.23,465.97,458.44,24.0,1.0,2.669925200195313,True,2026-09-25 14:42:55+00:00,SPY261016C00310000
SPY,2026-10-09,773.93,2026-10-16,C,315.0,458.24,460.97,447.83,5.0,0.0,2.6289096777343754,True,2026-09-17 19:34:37+00:00,SPY261016C00315000
SPY,2026-10-09,773.93,2026-10-16,C,320.0,453.28,455.97,448.74,24.0,3.0,2.5957066357421876,True,2026-09-25 14:54:15+00:00,SPY261016C00320000
SPY,2026-10-09,773.93,2026-10-16,C,325.0,0.0,0.0,442.67,,0.0,1.0000000000000003e-05,True,2026-08-20 15:15:59+00:00,SPY261016C00325000
SPY,2026-10-09,773.93,2026-10-16,C,330.0,0.0,0.0,437.51,15.0,0.0,1.0000000000000003e-05,True,2026-08-20 15:13:32+00:00,SPY261016C00330000
SPY,2026-10-09,773.93,2026-10-16,C,335.0,0.0,0.0,432.71,15.0,0.0,1.0000000000000003e-05,True,2026-08-20 15:15:59+00:00,SPY261016C00335000
SPY,2026-10-09,773.93,2026-10-16,C,340.0,0.0,0.0,415.74,,0.0,1.0000000000000003e-05,True,2026-05-28 14:12:58+00:00,SPY261016C00340000
SPY,2026-10-09,773.93,2026-10-16,C,350.0,423.28,426.01,420.38,3.0,3.0,2.3593791015624994,True,2026-10-02 20:14:19+00:00,SPY261016C00350000
SPY,2026-10-09,773.93,2026-10-16,C,355.0,418.28,421.01,414.21,,0.0,2.3203166992187496,True,2026-09-23 18:43:14+00:00,SPY261016C00355000
SPY,2026-10-09,773.93,2026-10-16,C,360.0,413.29,416.02,411.77,3.0,0.0,2.286137097167969,True,2026-09-03 15:13:36+00:00,SPY261016C00360000
SPY,2026-10-09,773.93,2026-10-16,C,365.0,398.31,400.99,388.48,,1.0,1.0000000000000003e-05,True,2026-07-13 14:16:50+00:00,SPY261016C00365000
SPY,2026-10-09,773.93,2026-10-16,C,380.0,393.31,396.04,388.87,6.0,2.0,2.145512448730469,True,2026-09-25 14:54:15+00:00,SPY261016C00380000
SPY,2026-10-09,773.93,2026-10-16,C,390.0,383.32,386.06,378.3,1.0,1.0,2.0791063647460932,True,2026-09-28 13:43:02+00:00,SPY261016C00390000
SPY,2026-10-09,773.93,2026-10-16,C,400.0,0.0,0.0,375.11,2.0,0.0,1.0000000000000003e-05,True,2026-08-10 15:41:32+00:00,SPY261016C00400000
SPY,2026-10-09,773.93,2026-10-16,C,405.0,351.06,354.54,335.63,,1.0,1.0000000000000003e-05,True,2026-06-12 13:40:45+00:00,SPY261016C00405000
SPY,2026-10-09,773.93,2026-10-16,C,410.0,346.11,349.62,330.56,,1.0,1.0000000000000003e-05,True,2026-06-12 13:40:46+00:00,SPY261016C00410000
SPY,2026-10-09,773.93,2026-10-16,C,420.0,353.36,356.09,352.54,4.0,0.0,1.8852544799804685,True,2026-08-27 16:42:13+00:00,SPY261016C00420000
SPY,2026-10-09,773.93,2026-10-16,C,440.0,323.5,326.28,298.33,,1.0,1.0000000000000003e-05,True,2026-06-24 18:48:49+00:00,SPY261016C00440000
SPY,2026-10-09,773.93,2026-10-16,C,445.0,328.38,331.13,314.16,36.0,0.0,1.732423212890625,True,2026-09-10 16:50:13+00:00,SPY261016C00445000
SPY,2026-10-09,773.93,2026-10-16,C,450.0,323.6,325.36,317.93,1.0,701.0,1.609376953125,True,2026-09-25 14:05:20+00:00,SPY261016C00450000
SPY,2026-10-09,773.93,2026-10-16,C,455.0,318.4,321.13,308.15,,0.0,1.6728531982421875,True,2026-09-14 16:48:27+00:00,SPY261016C00455000
SPY,2026-10-09,773.93,2026-10-16,C,460.0,313.48,316.14,302.99,,0.0,1.654298603515625,True,2026-09-14 17:12:16+00:00,SPY261016C00460000
SPY,2026-10-09,773.93,2026-10-16,C,465.0,308.41,311.14,298.0,9.0,0.0,1.6142597412109376,True,2026-09-14 17:12:16+00:00,SPY261016C00465000
SPY,2026-10-09,773.93,2026-10-16,C,470.0,303.42,306.14,299.3,,1.0,1.584963012695312,True,2026-09-23 18:53:58+00:00,SPY261016C00470000
SPY,2026-10-09,773.93,2026-10-16,C,475.0,298.42,301.15,288.02,,0.0,1.5566428417968747,True,2026-09-14 17:12:24+00:00,SPY261016C00475000
SPY,2026-10-09,773.93,2026-10-16,C,480.0,293.43,296.16,289.32,2.0,1.0,1.5292992285156248,True,2026-09-23 18:53:58+00:00,SPY261016C00480000
SPY,2026-10-09,773.93,2026-10-16,C,485.0,288.45,291.17,278.24,11.0,0.0,1.5034204516601561,True,2026-09-14 16:48:31+00:00,SPY261016C00485000
SPY,2026-10-09,773.93,2026-10-16,C,495.0,278.45,281.17,273.4,,0.0,1.4453152734375,True,2026-09-08 15:31:54+00:00,SPY261016C00495000
SPY,2026-10-09,773.93,2026-10-16,C,500.0,273.45,276.18,273.87,1.0,25.0,1.4174833813476564,True,2026-10-05 16:13:44+00:00,SPY261016C00500000
SPY,2026-10-09,773.93,2026-10-16,C,505.0,268.46,271.19,268.93,1.0,1.0,1.3911163256835937,True,2026-10-05 17:20:28+00:00,SPY261016C00505000
SPY,2026-10-09,773.93,2026-10-16,C,510.0,263.47,266.19,260.15,1.0,2.0,1.3640168518066407,True,2026-09-23 16:16:56+00:00,SPY261016C00510000
SPY,2026-10-09,773.93,2026-10-16,C,515.0,258.47,261.2,248.17,43.0,43.0,1.3369173779296872,True,2026-09-09 17:06:50+00:00,SPY261016C00515000
SPY,2026-10-09,773.93,2026-10-16,C,520.0,253.48,256.21,255.0,1.0,72.0,1.3110386010742183,True,2026-10-08 16:47:31+00:00,SPY261016C00520000
SPY,2026-10-09,773.93,2026-10-16,C,525.0,248.48,251.22,245.57,1.0,5.0,1.284671545410156,True,2026-09-23 15:36:58+00:00,SPY261016C00525000
SPY,2026-10-09,773.93,2026-10-16,C,530.0,243.49,246.22,242.11,1.0,84.0,1.2578162109375,True,2026-10-08 17:56:34+00:00,SPY261016C00530000
SPY,2026-10-09,773.93,2026-10-16,C,535.0,238.49,241.22,240.0,2.0,2.0,1.23047259765625,True,2026-09-22 14:44:15+00:00,SPY261016C00535000
SPY,2026-10-09,773.93,2026-10-16,C,540.0,233.51,236.23,235.0,2.0,4.0,1.206546936035156,True,2026-09-22 14:47:37+00:00,SPY261016C00540000
SPY,2026-10-09,773.93,2026-10-16,C,545.0,0.0,0.0,203.0,,0.0,1.0000000000000003e-05,True,2026-05-20 17:27:13+00:00,SPY261016C00545000
SPY,2026-10-09,773.93,2026-10-16,C,550.0,223.52,226.25,218.5,1.0,1.0,1.1557659399414062,True,2026-09-28 17:00:11+00:00,SPY261016C00550000
SPY,2026-10-09,773.93,2026-10-16,C,555.0,218.52,221.25,199.43,1.0,3.0,1.12891060546875,True,2026-09-16 19:55:28+00:00,SPY261016C00555000
SPY,2026-10-09,773.93,2026-10-16,C,560.0,213.53,216.26,205.45,2.0,31.0,1.1042525256347657,True,2026-09-28 15:01:27+00:00,SPY261016C00560000
SPY,2026-10-09,773.93,2026-10-16,C,565.0,208.53,211.27,207.21,2.0,11.0,1.0788620275878906,True,2026-10-08 17:54:47+00:00,SPY261016C00565000
SPY,2026-10-09,773.93,2026-10-16,C,570.0,203.55,206.27,191.0,2.0,23.0,1.0544480871582032,True,2026-10-01 14:05:53+00:00,SPY261016C00570000
SPY,2026-10-09,773.93,2026-10-16,C,575.0,198.55,201.27,195.66,1.0,49.0,1.0283251708984378,True,2026-09-23 15:38:54+00:00,SPY261016C00575000
SPY,2026-10-09,773.93,2026-10-16,C,580.0,193.55,196.29,183.55,1.0,21.0,1.0041553698730468,True,2026-10-01 13:49:21+00:00,SPY261016C00580000
SPY,2026-10-09,773.93,2026-10-16,C,585.0,188.56,191.29,197.2,1.0,24.0,0.9792482543945313,True,2026-10-06 15:27:03+00:00,SPY261016C00585000
SPY,2026-10-09,773.93,2026-10-16,C,590.0,183.77,185.55,179.66,18.0,285.0,0.9072274902343749,True,2026-09-28 16:25:49+00:00,SPY261016C00590000
SPY,2026-10-09,773.93,2026-10-16,C,595.0,178.57,181.31,180.5,7.0,58.0,0.9304206176757812,True,2026-10-07 15:24:15+00:00,SPY261016C00595000
SPY,2026-10-09,773.93,2026-10-16,C,600.0,173.78,175.55,175.99,1.0,427.0,0.85937640625,True,2026-10-08 14:00:48+00:00,SPY261016C00600000
SPY,2026-10-09,773.93,2026-10-16,C,605.0,168.59,171.31,167.25,1.0,42.0,0.8813488427734374,True,2026-10-08 17:56:34+00:00,SPY261016C00605000
SPY,2026-10-09,773.93,2026-10-16,C,610.0,163.62,166.32,168.1,1.0,65.0,0.8591322680664062,True,2026-10-07 18:23:43+00:00,SPY261016C00610000
SPY,2026-10-09,773.93,2026-10-16,C,615.0,158.8,160.57,165.43,1.0,211.0,0.7905294384765625,True,2026-10-06 19:42:01+00:00,SPY261016C00615000
SPY,2026-10-09,773.93,2026-10-16,C,620.0,153.81,155.63,158.21,12.0,192.0,0.772463212890625,True,2026-10-07 18:36:56+00:00,SPY261016C00620000
SPY,2026-10-09,773.93,2026-10-16,C,625.0,148.82,150.73,142.84,6.0,240.0,0.7568383691406251,True,2026-09-28 19:25:04+00:00,SPY261016C00625000
SPY,2026-10-09,773.93,2026-10-16,C,630.0,143.62,146.37,148.23,8.0,41.0,0.762697685546875,True,2026-10-07 18:36:56+00:00,SPY261016C00630000
SPY,2026-10-09,773.93,2026-10-16,C,635.0,138.83,140.66,142.52,1.0,4351.0,0.7045927978515626,True,2026-10-07 13:30:31+00:00,SPY261016C00635000
SPY,2026-10-09,773.93,2026-10-16,C,640.0,133.84,135.67,135.49,1.0,688.0,0.6821320849609377,True,2026-10-07 14:25:43+00:00,SPY261016C00640000
SPY,2026-10-09,773.93,2026-10-16,C,645.0,128.85,130.62,125.46,4.0,251.0,0.6557651611328126,True,2026-10-02 16:21:17+00:00,SPY261016C00645000
SPY,2026-10-09,773.93,2026-10-16,C,650.0,123.87,125.7,125.96,1.0,378.0,0.6389196264648438,True,2026-10-08 16:39:56+00:00,SPY261016C00650000
SPY,2026-10-09,773.93,2026-10-16,C,655.0,118.66,121.39,125.42,2.0,28.0,0.6435582519531251,True,2026-10-06 19:40:26+00:00,SPY261016C00655000
SPY,2026-10-09,773.93,2026-10-16,C,660.0,113.87,115.7,116.08,6.0,435.0,0.5918009570312501,True,2026-10-08 14:01:44+00:00,SPY261016C00660000
SPY,2026-10-09,773.93,2026-10-16,C,665.0,108.88,110.71,110.69,2.0,464.0,0.569340244140625,True,2026-10-07 13:57:15+00:00,SPY261016C00665000
SPY,2026-10-09,773.93,2026-10-16,C,670.0,103.89,105.7,105.96,2.0,506.0,0.5459029785156251,True,2026-10-08 13:52:31+00:00,SPY261016C00670000
SPY,2026-10-09,773.93,2026-10-16,C,675.0,98.91,100.72,100.58,19.0,532.0,0.5246629565429688,True,2026-10-08 15:14:16+00:00,SPY261016C00675000
SPY,2026-10-09,773.93,2026-10-16,C,680.0,93.93,95.69,94.75,10.0,2412.0,0.5007374145507812,True,2026-10-08 19:31:19+00:00,SPY261016C00680000
SPY,2026-10-09,773.93,2026-10-16,C,685.0,88.93,90.76,90.27,1.0,1430.0,0.5562788513183594,True,2026-10-08 16:08:31+00:00,SPY261016C00685000
SPY,2026-10-09,773.93,2026-10-16,C,690.0,83.94,85.73,85.98,1.0,1176.0,0.5280808911132813,True,2026-10-08 13:56:51+00:00,SPY261016C00690000
SPY,2026-10-09,773.93,2026-10-16,C,695.0,78.96,80.52,78.96,3.0,915.0,0.48779809082031256,True,2026-10-08 15:45:44+00:00,SPY261016C00695000
SPY,2026-10-09,773.93,2026-10-16,C,700.0,73.98,75.63,73.11,9.0,1617.0,0.4694877270507813,True,2026-10-08 18:14:50+00:00,SPY261016C00700000
SPY,2026-10-09,773.93,2026-10-16,C,701.0,72.97,74.76,75.35,3.0,1080.0,0.4725394543457031,True,2026-10-05 18:53:43+00:00,SPY261016C00701000
SPY,2026-10-09,773.93,2026-10-16,C,702.0,71.77,74.51,59.84,2.0,76.0,0.5101367346191408,True,2026-10-01 15:02:17+00:00,SPY261016C00702000
SPY,2026-10-09,773.93,2026-10-16,C,703.0,70.77,73.5,58.86,4.0,29.0,0.5040332800292968,True,2026-10-01 15:02:17+00:00,SPY261016C00703000
SPY,2026-10-09,773.93,2026-10-16,C,704.0,69.78,72.5,57.64,4.0,73.0,0.4985401708984375,True,2026-10-01 15:09:26+00:00,SPY261016C00704000
SPY,2026-10-09,773.93,2026-10-16,C,705.0,68.98,70.82,68.96,1.0,298.0,0.4552056433105469,True,2026-10-08 18:31:46+00:00,SPY261016C00705000
SPY,2026-10-09,773.93,2026-10-16,C,706.0,67.78,70.52,62.2,6.0,25.0,0.488408436279297,True,2026-09-28 19:35:56+00:00,SPY261016C00706000
SPY,2026-10-09,773.93,2026-10-16,C,707.0,66.79,69.51,55.97,1.0,42.0,0.4823049816894531,True,2026-09-14 13:48:46+00:00,SPY261016C00707000
SPY,2026-10-09,773.93,2026-10-16,C,708.0,65.79,68.52,59.48,3.0,16.0,0.47723911437988287,True,2026-09-28 15:43:05+00:00,SPY261016C00708000
SPY,2026-10-09,773.93,2026-10-16,C,709.0,64.79,67.5,62.38,10.0,16.0,0.4706473834228516,True,2026-10-02 13:55:15+00:00,SPY261016C00709000
SPY,2026-10-09,773.93,2026-10-16,C,710.0,64.54,65.53,63.48,7.0,1320.0,0.41138283935546877,True,2026-10-08 15:11:44+00:00,SPY261016C00710000
SPY,2026-10-09,773.93,2026-10-16,C,711.0,62.8,65.53,60.99,4.0,7.0,0.46094289062500005,True,2026-10-02 15:03:40+00:00,SPY261016C00711000
SPY,2026-10-09,773.93,2026-10-16,C,712.0,62.01,63.84,63.78,5.0,329.0,0.41919526123046874,True,2026-10-05 19:57:11+00:00,SPY261016C00712000
SPY,2026-10-09,773.93,2026-10-16,C,713.0,60.81,63.54,62.47,7.0,9.0,0.450200810546875,True,2026-10-07 14:50:41+00:00,SPY261016C00713000
SPY,2026-10-09,773.93,2026-10-16,C,714.0,60.01,61.79,61.91,4.0,189.0,0.4057676611328125,True,2026-10-07 14:34:30+00:00,SPY261016C00714000
SPY,2026-10-09,773.93,2026-10-16,C,715.0,59.4,60.84,60.75,2.0,539.0,0.40320421020507813,True,2026-10-08 16:11:55+00:00,SPY261016C00715000
SPY,2026-10-09,773.93,2026-10-16,C,716.0,57.82,60.55,64.18,1.0,19.0,0.4337825177001954,True,2026-10-06 13:48:34+00:00,SPY261016C00716000
SPY,2026-10-09,773.93,2026-10-16,C,717.0,56.82,59.56,60.25,5.0,9.0,0.4285945812988281,True,2026-10-05 19:30:19+00:00,SPY261016C00717000
SPY,2026-10-09,773.93,2026-10-16,C,718.0,55.83,58.56,58.38,1.0,12.0,0.4229794030761719,True,2026-10-08 14:54:28+00:00,SPY261016C00718000
SPY,2026-10-09,773.93,2026-10-16,C,719.0,54.83,57.53,56.4,5.0,12.0,0.4158993957519531,True,2026-10-08 15:44:45+00:00,SPY261016C00719000
SPY,2026-10-09,773.93,2026-10-16,C,720.0,54.04,55.58,53.76,3.0,544.0,0.362311064453125,True,2026-10-08 19:08:27+00:00,SPY261016C00720000
SPY,2026-10-09,773.93,2026-10-16,C,721.0,52.84,55.57,53.93,1.0,53.0,0.4063780065917969,True,2026-09-23 16:02:14+00:00,SPY261016C00721000
SPY,2026-10-09,773.93,2026-10-16,C,722.0,51.85,54.58,40.96,2.0,78.0,0.40112903564453123,True,2026-10-01 15:42:46+00:00,SPY261016C00722000
SPY,2026-10-09,773.93,2026-10-16,C,723.0,50.85,53.58,53.16,4.0,20.0,0.39539178833007815,True,2026-10-08 14:59:29+00:00,SPY261016C00723000
SPY,2026-10-09,773.93,2026-10-16,C,724.0,49.85,52.6,47.71,1.0,13.0,0.39050902465820314,True,2026-09-24 17:07:35+00:00,SPY261016C00724000
SPY,2026-10-09,773.93,2026-10-16,C,725.0,50.08,50.61,50.45,6.0,1218.0,0.3375310388183594,True,2026-10-08 20:10:58+00:00,SPY261016C00725000
SPY,2026-10-09,773.93,2026-10-16,C,726.0,47.87,50.54,45.8,1.0,22.0,0.3764710791015625,True,2026-10-08 17:28:24+00:00,SPY261016C00726000
SPY,2026-10-09,773.93,2026-10-16,C,727.0,46.88,49.58,48.6,1.0,85.0,0.37244279907226563,True,2026-10-07 15:00:18+00:00,SPY261016C00727000
SPY,2026-10-09,773.93,2026-10-16,C,728.0,46.08,47.91,47.71,1.0,183.0,0.3364324169921875,True,2026-10-08 13:59:24+00:00,SPY261016C00728000
SPY,2026-10-09,773.93,2026-10-16,C,729.0,44.89,47.62,46.62,4.0,43.0,0.36255520263671875,True,2026-10-08 15:33:28+00:00,SPY261016C00729000
SPY,2026-10-09,773.93,2026-10-16,C,730.0,44.1,45.9,43.5,37.0,1137.0,0.3249579223632812,True,2026-10-08 19:07:03+00:00,SPY261016C00730000
SPY,2026-10-09,773.93,2026-10-16,C,731.0,43.11,44.96,46.07,10.0,290.0,0.32227240234374993,True,2026-10-08 14:45:33+00:00,SPY261016C00731000
SPY,2026-10-09,773.93,2026-10-16,C,732.0,42.12,43.93,44.07,11.0,146.0,0.315314464111328,True,2026-10-08 15:14:43+00:00,SPY261016C00732000
SPY,2026-10-09,773.93,2026-10-16,C,733.0,41.14,42.83,42.66,9.0,149.0,0.3051827294921875,True,2026-10-08 19:51:18+00:00,SPY261016C00733000
SPY,2026-10-09,773.93,2026-10-16,C,734.0,40.15,41.96,42.07,6.0,227.0,0.3055489367675781,True,2026-10-08 15:14:43+00:00,SPY261016C00734000
SPY,2026-10-09,773.93,2026-10-16,C,735.0,39.15,40.96,39.18,36.0,3650.0,0.2999337585449219,True,2026-10-08 18:54:28+00:00,SPY261016C00735000
SPY,2026-10-09,773.93,2026-10-16,C,736.0,38.16,39.93,40.12,3.0,161.0,0.2929758203124999,True,2026-10-08 15:10:48+00:00,SPY261016C00736000
SPY,2026-10-09,773.93,2026-10-16,C,737.0,37.17,38.98,38.69,4.0,182.0,0.28955788574218744,True,2026-10-08 15:39:56+00:00,SPY261016C00737000
SPY,2026-10-09,773.93,2026-10-16,C,738.0,36.18,38.04,37.33,12.0,410.0,0.2863840893554687,True,2026-10-08 19:51:18+00:00,SPY261016C00738000
SPY,2026-10-09,773.93,2026-10-16,C,739.0,35.2,36.92,37.27,2.0,652.0,0.2756420092773437,True,2026-10-08 13:56:15+00:00,SPY261016C00739000
SPY,2026-10-09,773.93,2026-10-16,C,740.0,34.21,36.01,32.92,13.0,4303.0,0.27374993835449213,True,2026-10-08 18:08:30+00:00,SPY261016C00740000
SPY,2026-10-09,773.93,2026-10-16,C,741.0,33.23,35.1,34.85,3.0,488.0,0.27161372924804683,True,2026-10-08 15:30:10+00:00,SPY261016C00741000
SPY,2026-10-09,773.93,2026-10-16,C,742.0,32.25,34.02,32.35,4.0,237.0,0.2626416510009766,True,2026-10-08 18:27:05+00:00,SPY261016C00742000
SPY,2026-10-09,773.93,2026-10-16,C,743.0,31.28,33.13,32.5,2.0,564.0,0.26117682189941405,True,2026-10-07 17:01:58+00:00,SPY261016C00743000
SPY,2026-10-09,773.93,2026-10-16,C,744.0,30.29,31.94,28.79,12.0,182.0,0.24793232543945312,True,2026-10-08 15:06:57+00:00,SPY261016C00744000
SPY,2026-10-09,773.93,2026-10-16,C,745.0,29.32,31.0,29.62,26.0,2630.0,0.24445335632324222,True,2026-10-08 19:47:19+00:00,SPY261016C00745000
SPY,2026-10-09,773.93,2026-10-16,C,746.0,28.49,30.18,27.92,13.0,347.0,0.24536887451171874,True,2026-10-08 17:03:37+00:00,SPY261016C00746000
SPY,2026-10-09,773.93,2026-10-16,C,747.0,27.37,29.25,27.6,53.0,241.0,0.24195093994140626,True,2026-10-08 16:55:35+00:00,SPY261016C00747000
SPY,2026-10-09,773.93,2026-10-16,C,748.0,26.4,27.93,27.09,55.0,179.0,0.2241898870849609,True,2026-10-08 19:24:35+00:00,SPY261016C00748000
SPY,2026-10-09,773.93,2026-10-16,C,749.0,25.44,26.96,26.14,13.0,321.0,0.21936815795898437,True,2026-10-08 19:23:58+00:00,SPY261016C00749000
SPY,2026-10-09,773.93,2026-10-16,C,750.0,25.6,25.73,25.48,584.0,6879.0,0.20490297058105467,True,2026-10-08 20:06:21+00:00,SPY261016C00750000
SPY,2026-10-09,773.93,2026-10-16,C,751.0,23.32,26.05,24.78,2.0,442.0,0.2438430108642578,True,2026-10-08 15:08:55+00:00,SPY261016C00751000
SPY,2026-10-09,773.93,2026-10-16,C,752.0,22.37,25.03,22.62,4.0,510.0,0.2366409344482422,True,2026-10-08 15:15:04+00:00,SPY261016C00752000
SPY,2026-10-09,773.93,2026-10-16,C,753.0,21.42,23.01,20.63,33.0,460.0,0.1970905487060547,True,2026-10-08 17:49:12+00:00,SPY261016C00753000
SPY,2026-10-09,773.93,2026-10-16,C,754.0,20.59,23.14,21.13,28.0,732.0,0.2267533380126953,True,2026-10-08 19:51:32+00:00,SPY261016C00754000
SPY,2026-10-09,773.93,2026-10-16,C,755.0,20.76,21.08,20.85,151.0,3970.0,0.18708088317871097,True,2026-10-08 20:02:06+00:00,SPY261016C00755000
SPY,2026-10-09,773.93,2026-10-16,C,756.0,19.83,20.13,18.63,11.0,1064.0,0.18238122314453126,True,2026-10-08 17:00:44+00:00,SPY261016C00756000
SPY,2026-10-09,773.93,2026-10-16,C,757.0,18.91,19.2,17.44,34.0,750.0,0.1782308740234375,True,2026-10-08 17:48:19+00:00,SPY261016C00757000
SPY,2026-10-09,773.93,2026-10-16,C,758.0,18.0,18.28,16.83,52.0,1537.0,0.17426362854003907,True,2026-10-08 19:01:06+00:00,SPY261016C00758000
SPY,2026-10-09,773.93,2026-10-16,C,759.0,17.09,17.37,15.63,8.0,1233.0,0.17035741760253909,True,2026-10-08 17:06:46+00:00,SPY261016C00759000
SPY,2026-10-09,773.93,2026-10-16,C,760.0,16.28,16.4,15.41,452.0,10099.0,0.1645591357421875,True,2026-10-08 19:54:10+00:00,SPY261016C00760000
SPY,2026-10-09,773.93,2026-10-16,C,761.0,15.31,15.59,14.37,12.0,2940.0,0.16315534118652347,True,2026-10-08 19:03:09+00:00,SPY261016C00761000
SPY,2026-10-09,773.93,2026-10-16,C,762.0,14.45,14.7,14.22,7.0,3026.0,0.159188095703125,True,2026-10-08 19:58:38+00:00,SPY261016C00762000
SPY,2026-10-09,773.93,2026-10-16,C,763.0,13.58,13.85,13.25,11.0,2368.0,0.15604481658935548,True,2026-10-08 18:27:06+00:00,SPY261016C00763000
SPY,2026-10-09,773.93,2026-10-16,C,764.0,12.75,12.97,12.25,81.0,2476.0,0.1518639501953125,True,2026-10-08 17:52:46+00:00,SPY261016C00764000
SPY,2026-10-09,773.93,2026-10-16,C,765.0,11.97,12.09,11.75,525.0,7738.0,0.14740842834472656,True,2026-10-08 19:44:08+00:00,SPY261016C00765000
SPY,2026-10-09,773.93,2026-10-16,C,766.0,11.15,11.28,11.2,328.0,7240.0,0.14438721832275392,True,2026-10-08 20:01:12+00:00,SPY261016C00766000
SPY,2026-10-09,773.93,2026-10-16,C,767.0,10.35,10.47,10.38,192.0,7246.0,0.14103031829833984,True,2026-10-08 20:06:56+00:00,SPY261016C00767000
SPY,2026-10-09,773.93,2026-10-16,C,768.0,9.54,9.73,8.84,519.0,4222.0,0.13892462646484377,True,2026-10-08 19:21:37+00:00,SPY261016C00768000
SPY,2026-10-09,773.93,2026-10-16,C,769.0,8.81,8.97,8.94,777.0,3434.0,0.13593393371582033,True,2026-10-08 20:09:33+00:00,SPY261016C00769000
SPY,2026-10-09,773.93,2026-10-16,C,770.0,8.1,8.22,8.25,3592.0,19384.0,0.13276013732910158,True,2026-10-08 20:10:04+00:00,SPY261016C00770000
SPY,2026-10-09,773.93,2026-10-16,C,771.0,7.37,7.52,7.5,982.0,3438.0,0.13019668640136717,True,2026-10-08 20:12:43+00:00,SPY261016C00771000
SPY,2026-10-09,773.93,2026-10-16,C,772.0,6.73,6.84,6.8,3200.0,6933.0,0.12757220092773439,True,2026-10-08 20:12:23+00:00,SPY261016C00772000
SPY,2026-10-09,773.93,2026-10-16,C,773.0,6.08,6.17,6.18,3520.0,2665.0,0.12458150817871094,True,2026-10-08 20:12:04+00:00,SPY261016C00773000
SPY,2026-10-09,773.93,2026-10-16,C,774.0,5.5,5.52,5.51,5502.0,4033.0,0.12149926361083985,False,2026-10-08 20:14:36+00:00,SPY261016C00774000
SPY,2026-10-09,773.93,2026-10-16,C,775.0,4.92,4.95,4.94,19717.0,21996.0,0.11951564086914063,False,2026-10-08 20:14:56+00:00,SPY261016C00775000
SPY,2026-10-09,773.93,2026-10-16,C,776.0,4.37,4.4,4.39,9963.0,3217.0,0.1173489144897461,False,2026-10-08 20:13:45+00:00,SPY261016C00776000
SPY,2026-10-09,773.93,2026-10-16,C,777.0,3.87,3.89,3.93,3823.0,4019.0,0.11536529174804688,False,2026-10-08 20:12:21+00:00,SPY261016C00777000
SPY,2026-10-09,773.93,2026-10-16,C,778.0,3.4,3.42,3.4,6408.0,5765.0,0.11353425537109374,False,2026-10-08 20:14:38+00:00,SPY261016C00778000
SPY,2026-10-09,773.93,2026-10-16,C,779.0,2.96,2.99,2.99,1720.0,3122.0,0.11188632263183593,False,2026-10-08 20:12:57+00:00,SPY261016C00779000
SPY,2026-10-09,773.93,2026-10-16,C,780.0,2.57,2.58,2.58,14321.0,18924.0,0.10993321716308593,False,2026-10-08 20:14:49+00:00,SPY261016C00780000
SPY,2026-10-09,773.93,2026-10-16,C,781.0,2.21,2.24,2.22,1879.0,9425.0,0.1088956298828125,False,2026-10-08 20:14:16+00:00,SPY261016C00781000
SPY,2026-10-09,773.93,2026-10-16,C,782.0,1.89,1.91,1.9,3960.0,4091.0,0.10724769714355468,False,2026-10-08 20:14:37+00:00,SPY261016C00782000
SPY,2026-10-09,773.93,2026-10-16,C,783.0,1.61,1.63,1.65,3402.0,7769.0,0.10617959259033202,False,2026-10-08 20:11:07+00:00,SPY261016C00783000
SPY,2026-10-09,773.93,2026-10-16,C,784.0,1.36,1.37,1.38,3610.0,7676.0,0.10480631530761718,False,2026-10-08 20:13:12+00:00,SPY261016C00784000
SPY,2026-10-09,773.93,2026-10-16,C,785.0,1.14,1.15,1.14,59908.0,40737.0,0.10376872802734374,False,2026-10-08 20:14:55+00:00,SPY261016C00785000
SPY,2026-10-09,773.93,2026-10-16,C,786.0,0.95,0.96,0.96,2373.0,6233.0,0.10285320983886719,False,2026-10-08 20:14:21+00:00,SPY261016C00786000
SPY,2026-10-09,773.93,2026-10-16,C,787.0,0.79,0.8,0.82,1801.0,3201.0,0.10218182983398436,False,2026-10-08 20:10:42+00:00,SPY261016C00787000
SPY,2026-10-09,773.93,2026-10-16,C,788.0,0.65,0.66,0.65,1672.0,2078.0,0.10151044982910155,False,2026-10-08 20:14:38+00:00,SPY261016C00788000
SPY,2026-10-09,773.93,2026-10-16,C,789.0,0.53,0.54,0.55,942.0,2263.0,0.10083906982421875,False,2026-10-08 20:09:09+00:00,SPY261016C00789000
SPY,2026-10-09,773.93,2026-10-16,C,790.0,0.43,0.44,0.44,8910.0,29684.0,0.10022872436523436,False,2026-10-08 20:13:26+00:00,SPY261016C00790000
SPY,2026-10-09,773.93,2026-10-16,C,791.0,0.35,0.36,0.34,1114.0,2928.0,0.09998458618164063,False,2026-10-08 19:54:58+00:00,SPY261016C00791000
SPY,2026-10-09,773.93,2026-10-16,C,792.0,0.28,0.29,0.29,1354.0,3064.0,0.09949630981445312,False,2026-10-08 20:14:30+00:00,SPY261016C00792000
SPY,2026-10-09,773.93,2026-10-16,C,793.0,0.23,0.24,0.23,2000.0,7364.0,0.09974044799804688,False,2026-10-08 20:14:11+00:00,SPY261016C00793000
SPY,2026-10-09,773.93,2026-10-16,C,794.0,0.18,0.19,0.19,1158.0,5442.0,0.09925217163085936,False,2026-10-08 20:12:19+00:00,SPY261016C00794000
SPY,2026-10-09,773.93,2026-10-16,C,795.0,0.15,0.16,0.16,25205.0,24348.0,0.1001066552734375,False,2026-10-08 20:14:43+00:00,SPY261016C00795000
SPY,2026-10-09,773.93,2026-10-16,C,796.0,0.12,0.13,0.13,675.0,6674.0,0.1001066552734375,False,2026-10-08 20:01:28+00:00,SPY261016C00796000
SPY,2026-10-09,773.93,2026-10-16,C,797.0,0.1,0.11,0.1,593.0,16970.0,0.1010832080078125,False,2026-10-08 20:02:11+00:00,SPY261016C00797000
SPY,2026-10-09,773.93,2026-10-16,C,798.0,0.08,0.09,0.09,343.0,6234.0,0.10157148437499999,False,2026-10-08 20:14:11+00:00,SPY261016C00798000
SPY,2026-10-09,773.93,2026-10-16,C,799.0,0.07,0.08,0.07,3410.0,3703.0,0.10303631347656249,False,2026-10-08 20:14:43+00:00,SPY261016C00799000
SPY,2026-10-09,773.93,2026-10-16,C,800.0,0.05,0.06,0.06,4739.0,27597.0,0.10205976074218749,False,2026-10-08 20:12:58+00:00,SPY261016C00800000
SPY,2026-10-09,773.93,2026-10-16,C,801.0,0.05,0.06,0.04,172.0,636.0,0.1054776953125,False,2026-10-08 19:22:31+00:00,SPY261016C00801000
SPY,2026-10-09,773.93,2026-10-16,C,802.0,0.04,0.05,0.04,166.0,1901.0,0.10596597167968749,False,2026-10-08 19:18:16+00:00,SPY261016C00802000
SPY,2026-10-09,773.93,2026-10-16,C,803.0,0.03,0.04,0.04,359.0,4637.0,0.106454248046875,False,2026-10-08 19:40:57+00:00,SPY261016C00803000
SPY,2026-10-09,773.93,2026-10-16,C,804.0,0.03,0.04,0.03,125.0,2860.0,0.10938390625,False,2026-10-08 19:30:44+00:00,SPY261016C00804000
SPY,2026-10-09,773.93,2026-10-16,C,805.0,0.02,0.03,0.02,413.0,11616.0,0.108407353515625,False,2026-10-08 20:03:46+00:00,SPY261016C00805000
SPY,2026-10-09,773.93,2026-10-16,C,806.0,0.02,0.03,0.02,6.0,1795.0,0.11133701171874999,False,2026-10-08 17:36:06+00:00,SPY261016C00806000
SPY,2026-10-09,773.93,2026-10-16,C,807.0,0.02,0.03,0.03,455.0,1507.0,0.11426666992187501,False,2026-10-08 19:53:58+00:00,SPY261016C00807000
SPY,2026-10-09,773.93,2026-10-16,C,808.0,0.02,0.03,0.02,8789.0,862.0,0.1176846044921875,False,2026-10-08 19:30:09+00:00,SPY261016C00808000
SPY,2026-10-09,773.93,2026-10-16,C,809.0,0.02,0.03,0.02,3467.0,3915.0,0.1206142626953125,False,2026-10-08 19:30:17+00:00,SPY261016C00809000
SPY,2026-10-09,773.93,2026-10-16,C,810.0,0.01,0.02,0.02,3097.0,16359.0,0.118172880859375,False,2026-10-08 20:11:43+00:00,SPY261016C00810000
SPY,2026-10-09,773.93,2026-10-16,C,815.0,0.01,0.02,0.01,543.0,15932.0,0.132821171875,False,2026-10-08 17:08:04+00:00,SPY261016C00815000
SPY,2026-10-09,773.93,2026-10-16,C,820.0,0.01,0.02,0.02,26.0,16087.0,0.14649291015625,False,2026-10-08 16:46:57+00:00,SPY261016C00820000
SPY,2026-10-09,773.93,2026-10-16,C,825.0,0.01,0.02,0.01,14.0,15625.0,0.1601646484375,False,2026-10-08 18:25:19+00:00,SPY261016C00825000
SPY,2026-10-09,773.93,2026-10-16,C,830.0,0.01,0.02,0.02,13.0,18336.0,0.17383638671875,False,2026-10-08 17:17:14+00:00,SPY261016C00830000
SPY,2026-10-09,773.93,2026-10-16,C,835.0,0.01,0.02,0.02,4.0,3169.0,0.186531572265625,False,2026-10-08 19:52:56+00:00,SPY261016C00835000
SPY,2026-10-09,773.93,2026-10-16,C,840.0,0.0,0.01,0.01,88.0,3101.0,0.187508125,False,2026-10-08 19:32:14+00:00,SPY261016C00840000
SPY,2026-10-09,773.93,2026-10-16,C,845.0,0.0,0.01,0.01,150.0,1801.0,0.1992267578125,False,2026-10-08 19:01:30+00:00,SPY261016C00845000
SPY,2026-10-09,773.93,2026-10-16,C,850.0,0.0,0.01,0.01,140.0,9573.0,0.21094539062499998,False,2026-10-07 16:18:31+00:00,SPY261016C00850000
SPY,2026-10-09,773.93,2026-10-16,C,855.0,0.0,0.01,0.02,800.0,718.0,0.22266402343749997,False,2026-10-01 14:39:42+00:00,SPY261016C00855000
SPY,2026-10-09,773.93,2026-10-16,C,860.0,0.0,0.01,0.01,11.0,2103.0,0.23438265625,False,2026-10-08 14:26:12+00:00,SPY261016C00860000
SPY,2026-10-09,773.93,2026-10-16,C,865.0,0.0,0.01,0.01,250.0,1478.0,0.2461012890625,False,2026-10-05 18:18:47+00:00,SPY261016C00865000
SPY,2026-10-09,773.93,2026-10-16,C,870.0,0.0,0.01,0.03,6.0,2707.0,0.257819921875,False,2026-10-08 13:30:04+00:00,SPY261016C00870000
SPY,2026-10-09,773.93,2026-10-16,C,875.0,0.0,0.01,0.01,4.0,1384.0,0.2695385546875,False,2026-10-06 19:19:30+00:00,SPY261016C00875000
SPY,2026-10-09,773.93,2026-10-16,C,880.0,0.0,0.01,0.01,9.0,395.0,0.28125718749999995,False,2026-10-06 13:42:01+00:00,SPY261016C00880000
SPY,2026-10-09,773.93,2026-10-16,C,885.0,0.0,0.01,0.01,5.0,3226.0,0.2929758203124999,False,2026-10-08 15:28:10+00:00,SPY261016C00885000
SPY,2026-10-09,773.93,2026-10-16,C,890.0,0.0,0.01,0.02,1.0,2619.0,0.304694453125,False,2026-09-30 18:27:57+00:00,SPY261016C00890000
SPY,2026-10-09,773.93,2026-10-16,C,895.0,0.0,0.01,0.01,1.0,1151.0,0.31641308593749995,False,2026-10-07 13:37:01+00:00,SPY261016C00895000
SPY,2026-10-09,773.93,2026-10-16,C,900.0,0.0,0.01,0.01,1.0,5705.0,0.32813171874999997,False,2026-10-06 17:18:39+00:00,SPY261016C00900000
SPY,2026-10-09,773.93,2026-10-16,C,905.0,0.0,0.01,0.01,20.0,4009.0,0.335944140625,False,2026-09-29 13:35:11+00:00,SPY261016C00905000
SPY,2026-10-09,773.93,2026-10-16,C,910.0,0.0,0.01,0.01,1.0,4029.0,0.34766277343749996,False,2026-09-24 18:21:44+00:00,SPY261016C00910000
SPY,2026-10-09,773.93,2026-10-16,C,915.0,0.0,0.01,0.01,60.0,4488.0,0.35938140625,False,2026-09-25 19:41:29+00:00,SPY261016C00915000
SPY,2026-10-09,773.93,2026-10-16,C,920.0,0.0,0.01,0.01,280.0,368.0,0.367193828125,False,2026-09-14 16:46:21+00:00,SPY261016C00920000
SPY,2026-10-09,773.93,2026-10-16,C,925.0,0.0,0.01,0.01,4.0,359.0,0.38281867187499996,False,2026-09-28 19:58:37+00:00,SPY261016C00925000
SPY,2026-10-09,773.93,2026-10-16,C,930.0,0.0,0.01,0.01,1.0,371.0,0.39063109375,False,2026-09-11 13:30:51+00:00,SPY261016C00930000
SPY,2026-10-09,773.93,2026-10-16,C,935.0,0.0,0.01,0.01,1.0,598.0,0.398443515625,False,2026-09-15 15:20:35+00:00,SPY261016C00935000
SPY,2026-10-09,773.93,2026-10-16,C,940.0,0.0,0.01,0.01,1.0,1022.0,0.414068359375,False,2026-10-06 19:07:14+00:00,SPY261016C00940000
SPY,2026-10-09,773.93,2026-10-16,C,945.0,0.0,0.01,0.02,1101.0,1136.0,0.42188078125,False,2026-08-24 19:14:01+00:00,SPY261016C00945000
SPY,2026-10-09,773.93,2026-10-16,C,950.0,0.0,0.01,0.01,1.0,1177.0,0.42969320312500003,False,2026-10-08 14:02:47+00:00,SPY261016C00950000
SPY,2026-10-09,773.93,2026-10-16,C,955.0,0.0,0.01,0.01,1.0,18.0,0.445318046875,False,2026-09-01 14:03:48+00:00,SPY261016C00955000
SPY,2026-10-09,773.93,2026-10-16,C,960.0,0.0,0.01,0.01,596.0,1188.0,0.45313046875,False,2026-09-02 14:47:54+00:00,SPY261016C00960000
SPY,2026-10-09,773.93,2026-10-16,C,965.0,0.0,0.01,0.01,206.0,785.0,0.46094289062500005,False,2026-09-04 20:08:29+00:00,SPY261016C00965000
SPY,2026-10-09,773.93,2026-10-16,C,970.0,0.0,0.01,0.01,10.0,782.0,0.4687553125,False,2026-09-08 15:29:45+00:00,SPY261016C00970000
SPY,2026-10-09,773.93,2026-10-16,C,975.0,0.0,0.01,0.01,745.0,1299.0,0.48438015625,False,2026-09-04 20:14:50+00:00,SPY261016C00975000
SPY,2026-10-09,773.93,2026-10-16,C,980.0,0.0,0.01,0.05,532.0,290.0,0.49219257812500006,False,2026-08-04 14:11:08+00:00,SPY261016C00980000
SPY,2026-10-09,773.93,2026-10-16,C,985.0,0.0,0.01,0.01,407.0,595.0,0.500005,False,2026-08-28 19:59:44+00:00,SPY261016C00985000
SPY,2026-10-09,773.93,2026-10-16,C,990.0,0.0,0.01,0.01,407.0,628.0,0.507817421875,False,2026-08-28 19:59:44+00:00,SPY261016C00990000
SPY,2026-10-09,773.93,2026-10-16,C,995.0,0.0,0.01,0.01,1.0,72.0,0.500005,False,2026-08-25 15:10:26+00:00,SPY261016C00995000
SPY,2026-10-09,773.93,2026-10-16,C,1000.0,0.0,0.01,0.01,2.0,1254.0,0.500005,False,2026-09-29 13:30:02+00:00,SPY261016C01000000
SPY,2026-10-09,773.93,2026-10-16,P,300.0,0.0,0.01,0.01,2.0,5236.0,1.78125109375,False,2026-10-05 13:30:02+00:00,SPY261016P00300000
SPY,2026-10-09,773.93,2026-10-16,P,305.0,0.0,0.01,0.01,1.0,2490.0,1.75000125,False,2026-09-25 17:28:45+00:00,SPY261016P00305000
SPY,2026-10-09,773.93,2026-10-16,P,310.0,0.0,0.01,0.01,220.0,4501.0,1.71875140625,False,2026-09-15 18:43:06+00:00,SPY261016P00310000
SPY,2026-10-09,773.93,2026-10-16,P,315.0,0.0,0.01,0.01,600.0,3539.0,1.6875015625,False,2026-09-16 20:14:45+00:00,SPY261016P00315000
SPY,2026-10-09,773.93,2026-10-16,P,320.0,0.0,0.01,0.02,1641.0,2456.0,1.65625171875,False,2026-08-27 19:36:40+00:00,SPY261016P00320000
SPY,2026-10-09,773.93,2026-10-16,P,325.0,0.0,0.01,0.01,1.0,426.0,1.625001875,False,2026-09-25 17:28:33+00:00,SPY261016P00325000
SPY,2026-10-09,773.93,2026-10-16,P,330.0,0.0,0.01,0.01,40.0,4648.0,1.625001875,False,2026-10-06 18:35:36+00:00,SPY261016P00330000
SPY,2026-10-09,773.93,2026-10-16,P,335.0,0.0,0.01,0.01,2.0,1158.0,1.5625021874999998,False,2026-09-17 13:30:11+00:00,SPY261016P00335000
SPY,2026-10-09,773.93,2026-10-16,P,340.0,0.0,0.01,0.03,400.0,673.0,1.5625021874999998,False,2026-09-10 15:40:04+00:00,SPY261016P00340000
SPY,2026-10-09,773.93,2026-10-16,P,345.0,0.0,0.01,0.02,200.0,1045.0,1.5312523437499999,False,2026-09-11 19:55:46+00:00,SPY261016P00345000
SPY,2026-10-09,773.93,2026-10-16,P,350.0,0.0,0.01,0.01,25.0,6274.0,1.5000025,False,2026-10-02 17:41:36+00:00,SPY261016P00350000
SPY,2026-10-09,773.93,2026-10-16,P,355.0,0.0,0.01,0.01,25.0,11275.0,1.46875265625,False,2026-10-06 18:35:23+00:00,SPY261016P00355000
SPY,2026-10-09,773.93,2026-10-16,P,360.0,0.0,0.01,0.01,20.0,5713.0,1.4375028125,False,2026-10-06 18:35:17+00:00,SPY261016P00360000
SPY,2026-10-09,773.93,2026-10-16,P,365.0,0.0,0.01,0.01,48.0,1815.0,1.4375028125,False,2026-09-17 13:41:25+00:00,SPY261016P00365000
SPY,2026-10-09,773.93,2026-10-16,P,370.0,0.0,0.01,0.29,60.0,10594.0,1.40625296875,False,2026-10-08 17:01:52+00:00,SPY261016P00370000
SPY,2026-10-09,773.93,2026-10-16,P,375.0,0.0,0.01,0.01,10.0,6865.0,1.3750031249999999,False,2026-10-06 18:35:10+00:00,SPY261016P00375000
SPY,2026-10-09,773.93,2026-10-16,P,380.0,0.0,0.01,0.01,210.0,2763.0,1.3437532812499997,False,2026-10-05 18:14:13+00:00,SPY261016P00380000
SPY,2026-10-09,773.93,2026-10-16,P,385.0,0.0,0.01,0.01,100.0,3690.0,1.3125034374999998,False,2026-10-05 18:14:08+00:00,SPY261016P00385000
SPY,2026-10-09,773.93,2026-10-16,P,390.0,0.0,0.01,0.01,60.0,4563.0,1.3125034374999998,False,2026-10-06 18:35:51+00:00,SPY261016P00390000
SPY,2026-10-09,773.93,2026-10-16,P,395.0,0.0,0.01,0.01,301.0,4012.0,1.2812535937499998,False,2026-10-02 17:38:37+00:00,SPY261016P00395000
SPY,2026-10-09,773.93,2026-10-16,P,400.0,0.0,0.01,0.01,50.0,21695.0,1.2500037499999999,False,2026-09-24 13:30:00+00:00,SPY261016P00400000
SPY,2026-10-09,773.93,2026-10-16,P,405.0,0.0,0.01,0.01,1503.0,6236.0,1.21875390625,False,2026-09-25 17:27:08+00:00,SPY261016P00405000
SPY,2026-10-09,773.93,2026-10-16,P,410.0,0.0,0.01,0.01,1500.0,14221.0,1.21875390625,False,2026-09-25 15:48:04+00:00,SPY261016P00410000
SPY,2026-10-09,773.93,2026-10-16,P,415.0,0.0,0.01,0.01,2.0,1105.0,1.1875040625,False,2026-09-29 16:45:27+00:00,SPY261016P00415000
SPY,2026-10-09,773.93,2026-10-16,P,420.0,0.0,0.01,0.01,27.0,2102.0,1.15625421875,False,2026-09-28 16:38:10+00:00,SPY261016P00420000
SPY,2026-10-09,773.93,2026-10-16,P,425.0,0.0,0.01,0.01,3.0,154945.0,1.15625421875,False,2026-09-25 19:32:06+00:00,SPY261016P00425000
SPY,2026-10-09,773.93,2026-10-16,P,430.0,0.0,0.01,0.01,9.0,15749.0,1.125004375,False,2026-09-29 18:43:40+00:00,SPY261016P00430000
SPY,2026-10-09,773.93,2026-10-16,P,435.0,0.0,0.01,0.01,50.0,1872.0,1.09375453125,False,2026-10-01 14:14:44+00:00,SPY261016P00435000
SPY,2026-10-09,773.93,2026-10-16,P,440.0,0.0,0.01,0.01,5.0,1412.0,1.09375453125,False,2026-10-07 13:34:47+00:00,SPY261016P00440000
SPY,2026-10-09,773.93,2026-10-16,P,445.0,0.0,0.01,0.01,2.0,4548.0,1.0625046875000002,False,2026-09-30 13:30:06+00:00,SPY261016P00445000
SPY,2026-10-09,773.93,2026-10-16,P,450.0,0.0,0.01,0.01,10.0,3954.0,1.0312548437500002,False,2026-10-01 16:13:52+00:00,SPY261016P00450000
SPY,2026-10-09,773.93,2026-10-16,P,455.0,0.0,0.01,0.01,5.0,3373.0,1.0312548437500002,False,2026-10-07 13:35:00+00:00,SPY261016P00455000
SPY,2026-10-09,773.93,2026-10-16,P,460.0,0.0,0.01,0.01,50.0,2248.0,1.000005,False,2026-10-01 19:59:26+00:00,SPY261016P00460000
SPY,2026-10-09,773.93,2026-10-16,P,465.0,0.0,0.01,0.01,250.0,3710.0,0.9687503125,False,2026-10-02 13:50:53+00:00,SPY261016P00465000
SPY,2026-10-09,773.93,2026-10-16,P,470.0,0.0,0.01,0.01,250.0,4466.0,0.9687503125,False,2026-10-02 13:50:53+00:00,SPY261016P00470000
SPY,2026-10-09,773.93,2026-10-16,P,475.0,0.0,0.01,0.02,50.0,3122.0,0.937500625,False,2026-10-05 13:30:00+00:00,SPY261016P00475000
SPY,2026-10-09,773.93,2026-10-16,P,480.0,0.0,0.01,0.01,2.0,2420.0,0.92187578125,False,2026-10-05 13:37:53+00:00,SPY261016P00480000
SPY,2026-10-09,773.93,2026-10-16,P,485.0,0.0,0.01,0.01,300.0,673.0,0.9062509375,False,2026-10-05 18:55:29+00:00,SPY261016P00485000
SPY,2026-10-09,773.93,2026-10-16,P,490.0,0.0,0.01,0.01,1.0,965.0,0.87500125,False,2026-10-05 19:30:19+00:00,SPY261016P00490000
SPY,2026-10-09,773.93,2026-10-16,P,495.0,0.0,0.01,0.01,300.0,2065.0,0.87500125,False,2026-10-05 17:12:19+00:00,SPY261016P00495000
SPY,2026-10-09,773.93,2026-10-16,P,500.0,0.0,0.01,0.01,1.0,8933.0,0.8437515624999999,False,2026-10-07 13:44:49+00:00,SPY261016P00500000
SPY,2026-10-09,773.93,2026-10-16,P,505.0,0.0,0.01,0.01,1.0,649.0,0.8281267187499999,False,2026-10-06 14:53:59+00:00,SPY261016P00505000
SPY,2026-10-09,773.93,2026-10-16,P,510.0,0.0,0.01,0.01,10.0,1734.0,0.8125018749999999,False,2026-10-06 13:39:53+00:00,SPY261016P00510000
SPY,2026-10-09,773.93,2026-10-16,P,515.0,0.0,0.01,0.02,2840.0,1520.0,0.79687703125,False,2026-10-01 20:13:44+00:00,SPY261016P00515000
SPY,2026-10-09,773.93,2026-10-16,P,520.0,0.0,0.01,0.01,25.0,1873.0,0.7812521875,False,2026-10-07 17:17:30+00:00,SPY261016P00520000
SPY,2026-10-09,773.93,2026-10-16,P,525.0,0.0,0.01,0.01,251.0,301997.0,0.7500025,False,2026-10-08 13:30:01+00:00,SPY261016P00525000
SPY,2026-10-09,773.93,2026-10-16,P,530.0,0.0,0.01,0.01,21.0,888.0,0.7500025,False,2026-10-08 19:57:01+00:00,SPY261016P00530000
SPY,2026-10-09,773.93,2026-10-16,P,535.0,0.0,0.01,0.01,35.0,835.0,0.7187528125,False,2026-10-08 18:25:32+00:00,SPY261016P00535000
SPY,2026-10-09,773.93,2026-10-16,P,540.0,0.0,0.01,0.01,103.0,5094.0,0.70312796875,False,2026-10-07 17:16:44+00:00,SPY261016P00540000
SPY,2026-10-09,773.93,2026-10-16,P,545.0,0.01,0.02,0.01,10.0,2301.0,0.7500025,False,2026-10-07 19:29:48+00:00,SPY261016P00545000
SPY,2026-10-09,773.93,2026-10-16,P,550.0,0.01,0.02,0.01,152.0,16056.0,0.726565234375,False,2026-10-08 19:53:56+00:00,SPY261016P00550000
SPY,2026-10-09,773.93,2026-10-16,P,555.0,0.01,0.02,0.01,1810.0,12341.0,0.710940390625,False,2026-10-08 19:53:46+00:00,SPY261016P00555000
SPY,2026-10-09,773.93,2026-10-16,P,560.0,0.01,0.02,0.01,105.0,19649.0,0.6953155468750001,False,2026-10-08 18:01:11+00:00,SPY261016P00560000
SPY,2026-10-09,773.93,2026-10-16,P,565.0,0.01,0.02,0.01,2252.0,18225.0,0.6757844921875001,False,2026-10-08 19:53:48+00:00,SPY261016P00565000
SPY,2026-10-09,773.93,2026-10-16,P,570.0,0.01,0.02,0.01,4.0,1291.0,0.6562534375000001,False,2026-10-08 16:24:34+00:00,SPY261016P00570000
SPY,2026-10-09,773.93,2026-10-16,P,575.0,0.01,0.02,0.01,1.0,1301.0,0.64062859375,False,2026-10-06 16:21:35+00:00,SPY261016P00575000
SPY,2026-10-09,773.93,2026-10-16,P,580.0,0.01,0.02,0.01,100.0,1662.0,0.6250037500000001,False,2026-10-06 14:52:54+00:00,SPY261016P00580000
SPY,2026-10-09,773.93,2026-10-16,P,585.0,0.01,0.02,0.01,12.0,1732.0,0.6054726953125001,False,2026-10-08 13:57:52+00:00,SPY261016P00585000
SPY,2026-10-09,773.93,2026-10-16,P,590.0,0.01,0.02,0.01,159.0,3277.0,0.585941640625,False,2026-10-08 15:36:18+00:00,SPY261016P00590000
SPY,2026-10-09,773.93,2026-10-16,P,595.0,0.01,0.02,0.01,85.0,1743.0,0.570316796875,False,2026-10-08 19:13:52+00:00,SPY261016P00595000
SPY,2026-10-09,773.93,2026-10-16,P,600.0,0.01,0.02,0.01,47.0,12180.0,0.5546919531250001,False,2026-10-08 15:43:26+00:00,SPY261016P00600000
SPY,2026-10-09,773.93,2026-10-16,P,605.0,0.02,0.03,0.02,18.0,2827.0,0.5625043750000001,False,2026-10-08 19:50:24+00:00,SPY261016P00605000
SPY,2026-10-09,773.93,2026-10-16,P,610.0,0.02,0.03,0.01,1.0,3585.0,0.5429733203125001,False,2026-10-08 15:13:24+00:00,SPY261016P00610000
SPY,2026-10-09,773.93,2026-10-16,P,615.0,0.02,0.03,0.03,78.0,1473.0,0.5273484765625001,False,2026-10-07 15:06:36+00:00,SPY261016P00615000
SPY,2026-10-09,773.93,2026-10-16,P,620.0,0.02,0.03,0.02,191.0,2709.0,0.5117236328125,False,2026-10-08 19:16:43+00:00,SPY261016P00620000
SPY,2026-10-09,773.93,2026-10-16,P,625.0,0.02,0.03,0.03,1226.0,155701.0,0.500005,False,2026-10-08 17:43:10+00:00,SPY261016P00625000
SPY,2026-10-09,773.93,2026-10-16,P,630.0,0.02,0.03,0.03,1169.0,33444.0,0.48438015625,False,2026-10-08 17:38:08+00:00,SPY261016P00630000
SPY,2026-10-09,773.93,2026-10-16,P,635.0,0.02,0.03,0.02,6.0,2926.0,0.46680220703125,False,2026-10-08 17:23:17+00:00,SPY261016P00635000
SPY,2026-10-09,773.93,2026-10-16,P,640.0,0.03,0.04,0.03,12.0,6229.0,0.46289599609375004,False,2026-10-08 19:02:27+00:00,SPY261016P00640000
SPY,2026-10-09,773.93,2026-10-16,P,645.0,0.03,0.04,0.03,2.0,5702.0,0.445318046875,False,2026-10-08 16:56:35+00:00,SPY261016P00645000
SPY,2026-10-09,773.93,2026-10-16,P,650.0,0.03,0.04,0.04,108.0,30498.0,0.42774009765625004,False,2026-10-08 19:59:37+00:00,SPY261016P00650000
SPY,2026-10-09,773.93,2026-10-16,P,655.0,0.04,0.05,0.04,7.0,11689.0,0.41992767578125,False,2026-10-08 19:08:10+00:00,SPY261016P00655000
SPY,2026-10-09,773.93,2026-10-16,P,660.0,0.04,0.05,0.05,118.0,12177.0,0.4023497265625,False,2026-10-08 20:01:20+00:00,SPY261016P00660000
SPY,2026-10-09,773.93,2026-10-16,P,665.0,0.04,0.05,0.05,3827.0,5431.0,0.3857483300781249,False,2026-10-08 19:24:49+00:00,SPY261016P00665000
SPY,2026-10-09,773.93,2026-10-16,P,670.0,0.05,0.06,0.05,208.0,16629.0,0.375982802734375,False,2026-10-08 20:14:47+00:00,SPY261016P00670000
SPY,2026-10-09,773.93,2026-10-16,P,675.0,0.05,0.06,0.07,7420.0,15427.0,0.358404853515625,False,2026-10-08 19:56:13+00:00,SPY261016P00675000
SPY,2026-10-09,773.93,2026-10-16,P,680.0,0.06,0.07,0.07,315.0,29258.0,0.34668622070312494,False,2026-10-08 19:54:15+00:00,SPY261016P00680000
SPY,2026-10-09,773.93,2026-10-16,P,685.0,0.06,0.07,0.07,3163.0,10106.0,0.32910827148437494,False,2026-10-08 19:59:36+00:00,SPY261016P00685000
SPY,2026-10-09,773.93,2026-10-16,P,690.0,0.07,0.08,0.07,3245.0,24310.0,0.31641308593749995,False,2026-10-08 19:30:14+00:00,SPY261016P00690000
SPY,2026-10-09,773.93,2026-10-16,P,695.0,0.08,0.09,0.09,1019.0,7103.0,0.30274134765625,False,2026-10-08 19:54:51+00:00,SPY261016P00695000
SPY,2026-10-09,773.93,2026-10-16,P,700.0,0.09,0.1,0.09,4557.0,30614.0,0.2890696093749999,False,2026-10-08 20:03:04+00:00,SPY261016P00700000
SPY,2026-10-09,773.93,2026-10-16,P,701.0,0.09,0.1,0.1,1058.0,2992.0,0.28516339843749994,False,2026-10-08 19:54:53+00:00,SPY261016P00701000
SPY,2026-10-09,773.93,2026-10-16,P,702.0,0.09,0.1,0.1,1305.0,1109.0,0.28125718749999995,False,2026-10-08 19:54:56+00:00,SPY261016P00702000
SPY,2026-10-09,773.93,2026-10-16,P,703.0,0.09,0.1,0.1,34.0,1332.0,0.2778392529296875,False,2026-10-08 20:07:41+00:00,SPY261016P00703000
SPY,2026-10-09,773.93,2026-10-16,P,704.0,0.09,0.1,0.11,257.0,1525.0,0.274421318359375,False,2026-10-08 19:47:17+00:00,SPY261016P00704000
SPY,2026-10-09,773.93,2026-10-16,P,705.0,0.1,0.11,0.1,807.0,13387.0,0.2739330419921875,False,2026-10-08 20:14:13+00:00,SPY261016P00705000
SPY,2026-10-09,773.93,2026-10-16,P,706.0,0.1,0.11,0.1,22.0,1087.0,0.270515107421875,False,2026-10-08 17:03:04+00:00,SPY261016P00706000
SPY,2026-10-09,773.93,2026-10-16,P,707.0,0.1,0.11,0.11,1.0,1186.0,0.266608896484375,False,2026-10-08 19:02:43+00:00,SPY261016P00707000
SPY,2026-10-09,773.93,2026-10-16,P,708.0,0.1,0.11,0.11,2.0,3378.0,0.26319096191406255,False,2026-10-08 20:07:41+00:00,SPY261016P00708000
SPY,2026-10-09,773.93,2026-10-16,P,709.0,0.11,0.12,0.12,1.0,2306.0,0.26270268554687504,False,2026-10-08 17:02:02+00:00,SPY261016P00709000
SPY,2026-10-09,773.93,2026-10-16,P,710.0,0.11,0.12,0.11,115.0,18776.0,0.25879647460937505,False,2026-10-08 19:28:35+00:00,SPY261016P00710000
SPY,2026-10-09,773.93,2026-10-16,P,711.0,0.11,0.12,0.13,5.0,3957.0,0.25489026367187506,False,2026-10-08 17:00:56+00:00,SPY261016P00711000
SPY,2026-10-09,773.93,2026-10-16,P,712.0,0.11,0.12,0.12,2.0,1302.0,0.2514723291015625,False,2026-10-08 17:00:02+00:00,SPY261016P00712000
SPY,2026-10-09,773.93,2026-10-16,P,713.0,0.11,0.12,0.13,2.0,1092.0,0.2475661181640625,False,2026-10-08 19:52:56+00:00,SPY261016P00713000
SPY,2026-10-09,773.93,2026-10-16,P,714.0,0.12,0.13,0.14,27.0,5097.0,0.24658956542968752,False,2026-10-08 17:16:24+00:00,SPY261016P00714000
SPY,2026-10-09,773.93,2026-10-16,P,715.0,0.12,0.13,0.12,119.0,8104.0,0.243171630859375,False,2026-10-08 20:03:46+00:00,SPY261016P00715000
SPY,2026-10-09,773.93,2026-10-16,P,716.0,0.12,0.13,0.14,4.0,10920.0,0.23926541992187497,False,2026-10-08 18:41:38+00:00,SPY261016P00716000
SPY,2026-10-09,773.93,2026-10-16,P,717.0,0.13,0.14,0.18,7.0,1289.0,0.23780059082031246,False,2026-10-08 17:32:47+00:00,SPY261016P00717000
SPY,2026-10-09,773.93,2026-10-16,P,718.0,0.13,0.14,0.15,8.0,4623.0,0.23438265625,False,2026-10-08 18:44:52+00:00,SPY261016P00718000
SPY,2026-10-09,773.93,2026-10-16,P,719.0,0.13,0.14,0.14,12.0,1295.0,0.2304764453125,False,2026-10-08 18:38:00+00:00,SPY261016P00719000
SPY,2026-10-09,773.93,2026-10-16,P,720.0,0.14,0.15,0.14,263.0,31136.0,0.22901161621093752,False,2026-10-08 20:03:46+00:00,SPY261016P00720000
SPY,2026-10-09,773.93,2026-10-16,P,721.0,0.14,0.15,0.15,139.0,1304.0,0.22510540527343748,False,2026-10-08 20:01:29+00:00,SPY261016P00721000
SPY,2026-10-09,773.93,2026-10-16,P,722.0,0.15,0.16,0.15,122.0,20647.0,0.22339643798828124,False,2026-10-08 20:14:47+00:00,SPY261016P00722000
SPY,2026-10-09,773.93,2026-10-16,P,723.0,0.15,0.16,0.21,29.0,5796.0,0.21973436523437498,False,2026-10-08 17:06:03+00:00,SPY261016P00723000
SPY,2026-10-09,773.93,2026-10-16,P,724.0,0.15,0.16,0.16,118.0,26671.0,0.215828154296875,False,2026-10-08 19:17:23+00:00,SPY261016P00724000
SPY,2026-10-09,773.93,2026-10-16,P,725.0,0.16,0.17,0.17,806.0,46017.0,0.213875048828125,False,2026-10-08 20:10:28+00:00,SPY261016P00725000
SPY,2026-10-09,773.93,2026-10-16,P,726.0,0.16,0.17,0.17,41.0,14697.0,0.20996883789062498,False,2026-10-08 17:34:02+00:00,SPY261016P00726000
SPY,2026-10-09,773.93,2026-10-16,P,727.0,0.17,0.18,0.18,866.0,15800.0,0.20801573242187496,False,2026-10-08 20:01:31+00:00,SPY261016P00727000
SPY,2026-10-09,773.93,2026-10-16,P,728.0,0.18,0.19,0.19,215.0,22879.0,0.20581848876953124,False,2026-10-08 19:53:49+00:00,SPY261016P00728000
SPY,2026-10-09,773.93,2026-10-16,P,729.0,0.18,0.19,0.19,531.0,33113.0,0.20191227783203125,False,2026-10-08 20:01:27+00:00,SPY261016P00729000
SPY,2026-10-09,773.93,2026-10-16,P,730.0,0.19,0.2,0.2,910.0,59979.0,0.1997150341796875,False,2026-10-08 20:10:28+00:00,SPY261016P00730000
SPY,2026-10-09,773.93,2026-10-16,P,731.0,0.2,0.21,0.21,94.0,2197.0,0.19727365234375,False,2026-10-08 18:57:23+00:00,SPY261016P00731000
SPY,2026-10-09,773.93,2026-10-16,P,732.0,0.2,0.21,0.21,107.0,56434.0,0.19312330322265625,False,2026-10-08 20:05:05+00:00,SPY261016P00732000
SPY,2026-10-09,773.93,2026-10-16,P,733.0,0.21,0.22,0.28,88.0,21304.0,0.19068192138671874,False,2026-10-08 18:05:56+00:00,SPY261016P00733000
SPY,2026-10-09,773.93,2026-10-16,P,734.0,0.22,0.23,0.24,476.0,15526.0,0.18799640136718748,False,2026-10-08 19:53:49+00:00,SPY261016P00734000
SPY,2026-10-09,773.93,2026-10-16,P,735.0,0.23,0.24,0.24,4119.0,27896.0,0.18531088134765622,False,2026-10-08 20:14:42+00:00,SPY261016P00735000
SPY,2026-10-09,773.93,2026-10-16,P,736.0,0.24,0.25,0.26,203.0,38081.0,0.18262536132812499,False,2026-10-08 20:03:14+00:00,SPY261016P00736000
SPY,2026-10-09,773.93,2026-10-16,P,737.0,0.25,0.26,0.28,72.0,5294.0,0.179695703125,False,2026-10-08 19:20:12+00:00,SPY261016P00737000
SPY,2026-10-09,773.93,2026-10-16,P,738.0,0.27,0.28,0.28,16.0,8811.0,0.17774259765625,False,2026-10-08 19:52:03+00:00,SPY261016P00738000
SPY,2026-10-09,773.93,2026-10-16,P,739.0,0.28,0.29,0.29,704.0,21032.0,0.174812939453125,False,2026-10-08 19:58:35+00:00,SPY261016P00739000
SPY,2026-10-09,773.93,2026-10-16,P,740.0,0.3,0.31,0.31,15920.0,57818.0,0.1726156958007813,False,2026-10-08 20:05:50+00:00,SPY261016P00740000
SPY,2026-10-09,773.93,2026-10-16,P,741.0,0.31,0.32,0.35,767.0,3754.0,0.1694418994140625,False,2026-10-08 19:21:31+00:00,SPY261016P00741000
SPY,2026-10-09,773.93,2026-10-16,P,742.0,0.33,0.34,0.33,123.0,9342.0,0.16700051757812504,False,2026-10-08 20:11:52+00:00,SPY261016P00742000
SPY,2026-10-09,773.93,2026-10-16,P,743.0,0.35,0.36,0.42,208.0,4557.0,0.1645591357421875,False,2026-10-08 18:32:28+00:00,SPY261016P00743000
SPY,2026-10-09,773.93,2026-10-16,P,744.0,0.37,0.38,0.38,447.0,3990.0,0.16187361572265624,False,2026-10-08 20:04:02+00:00,SPY261016P00744000
SPY,2026-10-09,773.93,2026-10-16,P,745.0,0.39,0.4,0.4,1798.0,32695.0,0.159188095703125,False,2026-10-08 20:10:13+00:00,SPY261016P00745000
SPY,2026-10-09,773.93,2026-10-16,P,746.0,0.42,0.43,0.47,508.0,2181.0,0.15711292114257813,False,2026-10-08 19:54:54+00:00,SPY261016P00746000
SPY,2026-10-09,773.93,2026-10-16,P,747.0,0.45,0.46,0.49,685.0,4109.0,0.15479360839843753,False,2026-10-08 19:49:52+00:00,SPY261016P00747000
SPY,2026-10-09,773.93,2026-10-16,P,748.0,0.48,0.49,0.48,31594.0,6066.0,0.15235222656250003,False,2026-10-08 20:14:31+00:00,SPY261016P00748000
SPY,2026-10-09,773.93,2026-10-16,P,749.0,0.51,0.52,0.54,367.0,5376.0,0.14966670654296876,False,2026-10-08 19:58:49+00:00,SPY261016P00749000
SPY,2026-10-09,773.93,2026-10-16,P,750.0,0.55,0.56,0.56,41897.0,75078.0,0.147469462890625,False,2026-10-08 20:14:51+00:00,SPY261016P00750000
SPY,2026-10-09,773.93,2026-10-16,P,751.0,0.59,0.6,0.67,535.0,14345.0,0.1450280810546875,False,2026-10-08 19:37:11+00:00,SPY261016P00751000
SPY,2026-10-09,773.93,2026-10-16,P,752.0,0.63,0.65,0.64,856.0,4899.0,0.1430749755859375,False,2026-10-08 20:10:51+00:00,SPY261016P00752000
SPY,2026-10-09,773.93,2026-10-16,P,753.0,0.68,0.7,0.73,4507.0,34238.0,0.14075566284179689,False,2026-10-08 19:59:03+00:00,SPY261016P00753000
SPY,2026-10-09,773.93,2026-10-16,P,754.0,0.74,0.75,0.74,1358.0,3543.0,0.1381922119140625,False,2026-10-08 20:12:44+00:00,SPY261016P00754000
SPY,2026-10-09,773.93,2026-10-16,P,755.0,0.8,0.82,0.81,11433.0,26479.0,0.13636117553710939,False,2026-10-08 20:14:42+00:00,SPY261016P00755000
SPY,2026-10-09,773.93,2026-10-16,P,756.0,0.87,0.88,0.88,1278.0,4187.0,0.133797724609375,False,2026-10-08 20:14:04+00:00,SPY261016P00756000
SPY,2026-10-09,773.93,2026-10-16,P,757.0,0.94,0.96,0.95,2531.0,29504.0,0.131844619140625,False,2026-10-08 20:13:15+00:00,SPY261016P00757000
SPY,2026-10-09,773.93,2026-10-16,P,758.0,1.03,1.04,1.03,3367.0,6228.0,0.1295863409423828,False,2026-10-08 20:14:46+00:00,SPY261016P00758000
SPY,2026-10-09,773.93,2026-10-16,P,759.0,1.12,1.13,1.13,1500.0,6120.0,0.12738909729003906,False,2026-10-08 20:14:04+00:00,SPY261016P00759000
SPY,2026-10-09,773.93,2026-10-16,P,760.0,1.22,1.23,1.22,9627.0,24619.0,0.1251918536376953,False,2026-10-08 20:14:54+00:00,SPY261016P00760000
SPY,2026-10-09,773.93,2026-10-16,P,761.0,1.33,1.35,1.33,577.0,5693.0,0.1233608172607422,False,2026-10-08 20:12:57+00:00,SPY261016P00761000
SPY,2026-10-09,773.93,2026-10-16,P,762.0,1.45,1.47,1.46,976.0,8881.0,0.1211025390625,False,2026-10-08 20:14:46+00:00,SPY261016P00762000
SPY,2026-10-09,773.93,2026-10-16,P,763.0,1.59,1.6,1.6,1433.0,8364.0,0.1188442608642578,False,2026-10-08 20:12:38+00:00,SPY261016P00763000
SPY,2026-10-09,773.93,2026-10-16,P,764.0,1.74,1.76,1.81,2452.0,3377.0,0.11701322448730468,False,2026-10-08 20:06:20+00:00,SPY261016P00764000
SPY,2026-10-09,773.93,2026-10-16,P,765.0,1.9,1.92,1.91,23827.0,21934.0,0.11469391174316407,False,2026-10-08 20:14:34+00:00,SPY261016P00765000
SPY,2026-10-09,773.93,2026-10-16,P,766.0,2.09,2.11,2.09,2297.0,6184.0,0.1128018408203125,False,2026-10-08 20:12:57+00:00,SPY261016P00766000
SPY,2026-10-09,773.93,2026-10-16,P,767.0,2.29,2.32,2.31,3421.0,8286.0,0.11090976989746093,False,2026-10-08 20:13:48+00:00,SPY261016P00767000
SPY,2026-10-09,773.93,2026-10-16,P,768.0,2.52,2.54,2.54,4487.0,16305.0,0.1087125262451172,False,2026-10-08 20:13:29+00:00,SPY261016P00768000
SPY,2026-10-09,773.93,2026-10-16,P,769.0,2.77,2.79,2.78,1243.0,4280.0,0.10672890350341799,False,2026-10-08 20:09:53+00:00,SPY261016P00769000
SPY,2026-10-09,773.93,2026-10-16,P,770.0,3.04,3.07,3.07,18526.0,20426.0,0.10486734985351562,False,2026-10-08 20:13:41+00:00,SPY261016P00770000
SPY,2026-10-09,773.93,2026-10-16,P,771.0,3.34,3.37,3.44,3359.0,3895.0,0.10282269256591797,False,2026-10-08 20:03:33+00:00,SPY261016P00771000
SPY,2026-10-09,773.93,2026-10-16,P,772.0,3.67,3.7,3.68,8933.0,11884.0,0.10077803527832031,False,2026-10-08 20:14:48+00:00,SPY261016P00772000
SPY,2026-10-09,773.93,2026-10-16,P,773.0,4.03,4.06,4.06,5385.0,3044.0,0.09873337799072265,False,2026-10-08 20:13:29+00:00,SPY261016P00773000
SPY,2026-10-09,773.93,2026-10-16,P,774.0,4.42,4.45,4.43,5564.0,7189.0,0.09659716888427736,True,2026-10-08 20:14:52+00:00,SPY261016P00774000
SPY,2026-10-09,773.93,2026-10-16,P,775.0,4.85,4.89,4.87,14098.0,9812.0,0.09476613250732424,True,2026-10-08 20:14:52+00:00,SPY261016P00775000
SPY,2026-10-09,773.93,2026-10-16,P,776.0,5.31,5.33,5.31,3544.0,2140.0,0.09211112976074219,True,2026-10-08 20:14:51+00:00,SPY261016P00776000
SPY,2026-10-09,773.93,2026-10-16,P,777.0,5.77,5.9,5.99,2155.0,2311.0,0.09143974975585936,True,2026-10-08 20:00:12+00:00,SPY261016P00777000
SPY,2026-10-09,773.93,2026-10-16,P,778.0,6.3,6.45,6.34,1475.0,2416.0,0.08942560974121094,True,2026-10-08 20:07:15+00:00,SPY261016P00778000
SPY,2026-10-09,773.93,2026-10-16,P,779.0,6.87,7.03,7.5,1113.0,1878.0,0.08710629699707033,True,2026-10-08 19:59:37+00:00,SPY261016P00779000
SPY,2026-10-09,773.93,2026-10-16,P,780.0,7.5,7.57,7.54,2849.0,7520.0,0.08252870605468751,True,2026-10-08 20:14:50+00:00,SPY261016P00780000
SPY,2026-10-09,773.93,2026-10-16,P,781.0,8.14,8.32,8.93,149.0,970.0,0.0823456024169922,True,2026-10-08 19:46:12+00:00,SPY261016P00781000
SPY,2026-10-09,773.93,2026-10-16,P,782.0,8.79,9.02,10.21,606.0,1007.0,0.07947697875976564,True,2026-10-08 19:06:12+00:00,SPY261016P00782000
SPY,2026-10-09,773.93,2026-10-16,P,783.0,9.51,9.77,12.0,65.0,559.0,0.07673042419433596,True,2026-10-08 17:03:11+00:00,SPY261016P00783000
SPY,2026-10-09,773.93,2026-10-16,P,784.0,10.24,10.55,10.62,87.0,352.0,0.073251455078125,True,2026-10-08 20:01:46+00:00,SPY261016P00784000
SPY,2026-10-09,773.93,2026-10-16,P,785.0,11.11,11.27,12.3,5493.0,7358.0,0.0629976513671875,True,2026-10-08 18:49:41+00:00,SPY261016P00785000
SPY,2026-10-09,773.93,2026-10-16,P,786.0,11.86,12.19,14.91,7.0,262.0,0.060800407714843754,True,2026-10-08 16:37:48+00:00,SPY261016P00786000
SPY,2026-10-09,773.93,2026-10-16,P,787.0,12.32,14.11,12.23,1.0,191.0,0.11139804626464843,True,2026-10-08 16:37:48+00:00,SPY261016P00787000
SPY,2026-10-09,773.93,2026-10-16,P,788.0,13.22,14.96,16.35,6.0,108.0,0.11121494262695311,True,2026-10-08 17:25:39+00:00,SPY261016P00788000
SPY,2026-10-09,773.93,2026-10-16,P,789.0,13.4,16.02,17.8,1.0,34.0,0.11890529541015624,True,2026-10-08 17:26:07+00:00,SPY261016P00789000
SPY,2026-10-09,773.93,2026-10-16,P,790.0,15.15,16.83,17.0,99.0,733.0,0.11609770629882812,True,2026-10-08 18:51:07+00:00,SPY261016P00790000
SPY,2026-10-09,773.93,2026-10-16,P,791.0,15.37,18.04,16.88,12.0,6.0,0.13019668640136717,True,2026-10-07 13:48:07+00:00,SPY261016P00791000
SPY,2026-10-09,773.93,2026-10-16,P,792.0,16.37,18.98,15.0,8.0,9.0,0.132821171875,True,2026-10-07 13:30:46+00:00,SPY261016P00792000
SPY,2026-10-09,773.93,2026-10-16,P,793.0,17.37,20.04,12.8,1.0,1.0,0.14051152465820313,True,2026-10-06 15:48:40+00:00,SPY261016P00793000
SPY,2026-10-09,773.93,2026-10-16,P,794.0,18.37,21.04,20.5,1.0,2.0,0.14557739196777342,True,2026-10-06 15:48:40+00:00,SPY261016P00794000
SPY,2026-10-09,773.93,2026-10-16,P,795.0,19.37,22.02,21.17,80.0,11.0,0.14966670654296876,True,2026-10-08 20:13:27+00:00,SPY261016P00795000
SPY,2026-10-09,773.93,2026-10-16,P,796.0,20.37,22.97,26.64,180.0,1.0,0.15235222656250003,True,2026-09-25 15:58:42+00:00,SPY261016P00796000
SPY,2026-10-09,773.93,2026-10-16,P,797.0,21.37,23.97,28.02,42.0,0.0,0.157234990234375,True,2026-09-25 15:57:23+00:00,SPY261016P00797000
SPY,2026-10-09,773.93,2026-10-16,P,798.0,22.37,24.97,22.31,1.0,0.0,0.16199568481445312,True,2026-10-07 13:31:03+00:00,SPY261016P00798000
SPY,2026-10-09,773.93,2026-10-16,P,799.0,23.31,26.03,31.25,2.0,0.0,0.16974707214355472,True,2026-09-28 16:24:40+00:00,SPY261016P00799000
SPY,2026-10-09,773.93,2026-10-16,P,800.0,25.01,26.83,25.84,4935.0,544.0,0.16425396301269532,True,2026-10-08 20:13:27+00:00,SPY261016P00800000
SPY,2026-10-09,773.93,2026-10-16,P,801.0,25.32,28.03,27.37,12.0,0.0,0.17932949584960936,True,2026-10-08 18:48:23+00:00,SPY261016P00801000
SPY,2026-10-09,773.93,2026-10-16,P,802.0,26.32,29.03,25.43,1.0,0.0,0.1840901904296875,True,2026-10-05 19:19:19+00:00,SPY261016P00802000
SPY,2026-10-09,773.93,2026-10-16,P,803.0,27.31,30.03,35.26,2.0,0.0,0.18872881591796875,True,2026-09-28 16:24:40+00:00,SPY261016P00803000
SPY,2026-10-09,773.93,2026-10-16,P,804.0,28.31,31.03,36.26,2.0,0.0,0.19336744140625,True,2026-09-28 16:24:40+00:00,SPY261016P00804000
SPY,2026-10-09,773.93,2026-10-16,P,805.0,29.31,32.03,32.75,229.0,45.0,0.19800606689453126,True,2026-10-08 19:31:25+00:00,SPY261016P00805000
SPY,2026-10-09,773.93,2026-10-16,P,806.0,30.31,33.03,34.79,3.0,0.0,0.20264469238281246,True,2026-09-25 16:37:10+00:00,SPY261016P00806000
SPY,2026-10-09,773.93,2026-10-16,P,807.0,31.31,34.03,32.68,6.0,0.0,0.20716124877929684,True,2026-10-05 17:35:51+00:00,SPY261016P00807000
SPY,2026-10-09,773.93,2026-10-16,P,809.0,33.31,36.03,44.65,,0.0,0.21625539611816402,True,2026-10-01 20:12:59+00:00,SPY261016P00809000
SPY,2026-10-09,773.93,2026-10-16,P,810.0,34.31,37.03,36.23,120.0,16.0,0.22071091796874998,True,2026-10-08 20:13:27+00:00,SPY261016P00810000
SPY,2026-10-09,773.93,2026-10-16,P,815.0,39.31,42.03,40.16,2.0,2.0,0.24280542358398435,True,2026-10-01 20:12:59+00:00,SPY261016P00815000
SPY,2026-10-09,773.93,2026-10-16,P,820.0,44.31,47.03,43.8,1.0,0.0,0.2644116528320312,True,2026-10-07 15:47:17+00:00,SPY261016P00820000
SPY,2026-10-09,773.93,2026-10-16,P,825.0,49.31,52.03,50.74,1.0,0.0,0.2854075366210937,True,2026-09-22 14:16:15+00:00,SPY261016P00825000
SPY,2026-10-09,773.93,2026-10-16,P,830.0,54.31,57.03,56.23,81.0,11.0,0.3060372131347656,True,2026-10-08 20:13:27+00:00,SPY261016P00830000
SPY,2026-10-09,773.93,2026-10-16,P,835.0,59.31,62.03,73.56,4.0,0.0,0.32617861328125,True,2026-09-14 16:57:46+00:00,SPY261016P00835000
SPY,2026-10-09,773.93,2026-10-16,P,840.0,64.31,67.03,72.35,1.0,0.0,0.3459538061523437,True,2026-09-28 14:19:32+00:00,SPY261016P00840000
SPY,2026-10-09,773.93,2026-10-16,P,845.0,69.31,72.03,77.08,2.0,0.0,0.3654848608398438,True,2026-09-23 19:49:42+00:00,SPY261016P00845000
SPY,2026-10-09,773.93,2026-10-16,P,850.0,74.31,76.21,76.21,40.0,8.0,0.28125718749999995,True,2026-10-08 20:13:27+00:00,SPY261016P00850000
SPY,2026-10-09,773.93,2026-10-16,P,855.0,79.31,82.03,81.76,20.0,0.0,0.4035704174804688,True,2026-10-08 18:48:40+00:00,SPY261016P00855000
SPY,2026-10-09,773.93,2026-10-16,P,860.0,84.31,87.03,100.0,1.0,0.0,0.42212491943359376,True,2026-09-18 14:11:49+00:00,SPY261016P00860000
SPY,2026-10-09,773.93,2026-10-16,P,865.0,0.0,0.0,99.46,1.0,0.0,1.0000000000000003e-05,True,2026-08-20 14:19:47+00:00,SPY261016P00865000
SPY,2026-10-09,773.93,2026-10-16,P,870.0,94.31,97.03,108.55,,0.0,0.45862357788085945,True,2026-09-14 16:59:30+00:00,SPY261016P00870000
SPY,2026-10-09,773.93,2026-10-16,P,875.0,99.31,102.03,113.44,,0.0,0.4764456652832031,True,2026-09-14 17:01:16+00:00,SPY261016P00875000
SPY,2026-10-09,773.93,2026-10-16,P,880.0,104.31,107.03,100.42,106.0,0.0,0.49414568359375005,True,2026-10-06 19:47:50+00:00,SPY261016P00880000
SPY,2026-10-09,773.93,2026-10-16,P,885.0,109.31,112.03,105.44,15.0,0.0,0.5114794946289063,True,2026-10-06 19:47:50+00:00,SPY261016P00885000
SPY,2026-10-09,773.93,2026-10-16,P,890.0,114.31,117.03,128.43,,0.0,0.5288133056640626,True,2026-09-14 17:01:16+00:00,SPY261016P00890000
SPY,2026-10-09,773.93,2026-10-16,P,895.0,119.31,122.03,133.43,4.0,0.0,0.5456588403320313,True,2026-09-14 17:01:17+00:00,SPY261016P00895000
SPY,2026-10-09,773.93,2026-10-16,P,925.0,149.31,152.03,163.51,,0.0,0.6440465283203125,True,2026-09-14 16:59:31+00:00,SPY261016P00925000
SPY,2026-10-09,773.93,2026-10-16,P,930.0,154.31,157.03,164.9,,0.0,0.6596713720703126,True,2026-09-02 19:18:14+00:00,SPY261016P00930000
SPY,2026-10-09,773.93,2026-10-16,P,935.0,159.31,162.03,173.4,,0.0,0.6752962158203126,True,2026-09-14 17:01:16+00:00,SPY261016P00935000
SPY,2026-10-09,773.93,2026-10-16,P,940.0,164.31,167.03,178.5,,0.0,0.6909210595703126,True,2026-09-14 16:59:21+00:00,SPY261016P00940000
SPY,2026-10-09,773.93,2026-10-16,P,945.0,169.31,172.03,183.5,,0.0,0.7063017651367188,True,2026-09-14 16:59:29+00:00,SPY261016P00945000
SPY,2026-10-09,773.93,2026-10-16,P,950.0,174.31,177.03,188.5,,0.0,0.7214383325195313,True,2026-09-14 16:59:20+00:00,SPY261016P00950000
SPY,2026-10-09,773.93,2026-10-16,P,960.0,184.31,187.03,198.49,,0.0,0.7514673291015624,True,2026-09-14 16:59:31+00:00,SPY261016P00960000
SPY,2026-10-09,773.93,2026-10-16,P,970.0,194.31,197.03,208.58,,0.0,0.7810080493164062,True,2026-09-14 16:59:02+00:00,SPY261016P00970000
SPY,2026-10-09,773.93,2026-10-16,P,985.0,209.31,212.03,223.47,,0.0,0.8242205078124999,True,2026-09-14 16:59:29+00:00,SPY261016P00985000
SPY,2026-10-09,773.93,2026-10-16,P,990.0,214.31,217.03,216.29,2.0,0.0,0.8383805224609374,True,2026-09-22 15:06:28+00:00,SPY261016P00990000
SPY,2026-10-09,773.93,2026-10-16,P,1000.0,259.32,262.51,250.79,,0.0,2.1965377117919918,True,2026-06-22 14:16:54+00:00,SPY261016P01000000
SPY,2026-10-09,773.93,2026-10-19,P,560.0,,,0.02,,,0.0,0.0,2026-10-06 14:10:54+00:00,SPY261019P00560000
SPY,2026-10-09,773.93,2026-10-19,P,565.0,,,0.02,,,0.0,0.0,2026-10-07 13:51:38+00:00,SPY261019P00565000
SPY,2026-10-09,773.93,2026-10-19,P,570.0,,,0.02,,,0.0,0.0,2026-10-07 17:02:03+00:00,SPY261019P00570000
SPY,2026-10-09,773.93,2026-10-19,P,590.0,,,0.02,,,0.0,0.0,2026-10-07 20:08:31+00:00,SPY261019P00590000
SPY,2026-10-09,773.93,2026-10-23,C,500.0,273.86,276.58,270.22,1.0,26.0,1.0974166223144532,True,2026-10-02 18:09:50+00:00,SPY261023C00500000
SPY,2026-10-09,773.93,2026-10-23,C,510.0,263.88,266.61,254.24,1.0,1.0,1.0571336206054687,True,2026-09-29 17:05:12+00:00,SPY261023C00510000
SPY,2026-10-09,773.93,2026-10-23,C,515.0,258.89,261.62,244.5,,1.0,1.0368700500488286,True,2026-09-10 17:53:11+00:00,SPY261023C00515000
SPY,2026-10-09,773.93,2026-10-23,C,520.0,253.9,256.63,237.87,,4.0,1.0166064794921876,True,2026-09-15 15:30:53+00:00,SPY261023C00520000
SPY,2026-10-09,773.93,2026-10-23,C,525.0,248.91,251.64,246.04,,1.0,0.9965820654296875,True,2026-09-23 15:36:58+00:00,SPY261023C00525000
SPY,2026-10-09,773.93,2026-10-23,C,530.0,243.92,246.65,239.24,1.0,9.0,0.9768068725585939,True,2026-09-21 13:47:00+00:00,SPY261023C00530000
SPY,2026-10-09,773.93,2026-10-23,C,535.0,238.93,241.66,223.52,,1.0,0.9567875415039062,True,2026-09-15 14:26:45+00:00,SPY261023C00535000
SPY,2026-10-09,773.93,2026-10-23,C,540.0,233.95,236.67,229.23,1.0,49.0,0.9377447631835938,True,2026-09-21 13:47:00+00:00,SPY261023C00540000
SPY,2026-10-09,773.93,2026-10-23,C,550.0,223.97,226.69,219.68,1.0,5.0,0.8986826538085937,True,2026-09-24 18:28:37+00:00,SPY261023C00550000
SPY,2026-10-09,773.93,2026-10-23,C,555.0,218.97,221.71,199.94,,1.0,0.8793957373046875,True,2026-09-16 19:55:28+00:00,SPY261023C00555000
SPY,2026-10-09,773.93,2026-10-23,C,575.0,199.02,201.75,198.03,1.0,1.0,0.8032246240234374,True,2026-09-25 17:29:37+00:00,SPY261023C00575000
SPY,2026-10-09,773.93,2026-10-23,C,580.0,194.03,196.76,186.39,,1.0,0.7841818457031251,True,2026-09-11 13:34:31+00:00,SPY261023C00580000
SPY,2026-10-09,773.93,2026-10-23,C,585.0,189.05,191.77,177.01,,1.0,0.7658714819335939,True,2026-09-17 13:41:46+00:00,SPY261023C00585000
SPY,2026-10-09,773.93,2026-10-23,C,590.0,184.06,186.78,192.4,10.0,10.0,0.747072841796875,True,2026-10-06 15:47:43+00:00,SPY261023C00590000
SPY,2026-10-09,773.93,2026-10-23,C,595.0,179.07,181.8,169.81,1.0,1.0,0.7287624780273438,True,2026-09-29 17:53:53+00:00,SPY261023C00595000
SPY,2026-10-09,773.93,2026-10-23,C,600.0,174.08,176.81,173.85,1.0,13.0,0.7100859069824219,True,2026-10-08 18:42:53+00:00,SPY261023C00600000
SPY,2026-10-09,773.93,2026-10-23,C,605.0,169.09,171.82,167.28,1.0,2.0,0.6914093359375001,True,2026-10-05 14:06:37+00:00,SPY261023C00605000
SPY,2026-10-09,773.93,2026-10-23,C,615.0,159.12,161.85,165.98,1.0,4.0,0.6552768847656252,True,2026-10-06 19:42:01+00:00,SPY261023C00615000
SPY,2026-10-09,773.93,2026-10-23,C,620.0,154.16,156.87,142.33,4.0,2.0,0.6383092810058593,True,2026-09-18 14:02:56+00:00,SPY261023C00620000
SPY,2026-10-09,773.93,2026-10-23,C,625.0,149.15,151.88,143.31,2.0,4.0,0.6191444335937502,True,2026-09-28 19:12:02+00:00,SPY261023C00625000
SPY,2026-10-09,773.93,2026-10-23,C,630.0,144.17,146.89,146.44,2.0,20.0,0.6010782080078126,True,2026-09-21 20:00:19+00:00,SPY261023C00630000
SPY,2026-10-09,773.93,2026-10-23,C,635.0,139.18,141.91,128.93,,15.0,0.5830119824218749,True,2026-09-17 17:14:07+00:00,SPY261023C00635000
SPY,2026-10-09,773.93,2026-10-23,C,640.0,134.2,136.92,141.32,1.0,1.0,0.5650678259277344,True,2026-10-06 19:24:39+00:00,SPY261023C00640000
SPY,2026-10-09,773.93,2026-10-23,C,645.0,129.21,131.94,121.1,1.0,2.0,0.5471236694335939,True,2026-09-18 20:13:49+00:00,SPY261023C00645000
SPY,2026-10-09,773.93,2026-10-23,C,650.0,124.23,126.96,120.85,2.0,4.0,0.529423651123047,True,2026-10-02 17:49:26+00:00,SPY261023C00650000
SPY,2026-10-09,773.93,2026-10-23,C,655.0,119.28,121.97,112.77,1.0,23.0,0.5124560473632812,True,2026-09-28 15:39:06+00:00,SPY261023C00655000
SPY,2026-10-09,773.93,2026-10-23,C,660.0,114.26,117.0,121.46,2.0,14.0,0.5651898950195313,True,2026-10-06 14:14:52+00:00,SPY261023C00660000
SPY,2026-10-09,773.93,2026-10-23,C,670.0,104.3,107.03,99.01,1.0,9.0,0.5249681292724608,True,2026-09-30 19:13:43+00:00,SPY261023C00670000
SPY,2026-10-09,773.93,2026-10-23,C,675.0,99.32,102.05,95.01,2.0,25.0,0.5050098327636718,True,2026-09-28 17:50:03+00:00,SPY261023C00675000
SPY,2026-10-09,773.93,2026-10-23,C,680.0,94.34,97.08,90.09,5.0,26.0,0.4854787780761719,True,2026-09-28 17:50:23+00:00,SPY261023C00680000
SPY,2026-10-09,773.93,2026-10-23,C,685.0,89.37,92.1,96.79,1.0,7.0,0.46545944702148445,True,2026-10-06 14:16:16+00:00,SPY261023C00685000
SPY,2026-10-09,773.93,2026-10-23,C,690.0,84.39,87.12,77.08,40.0,5.0,0.445318046875,True,2026-09-30 19:54:31+00:00,SPY261023C00690000
SPY,2026-10-09,773.93,2026-10-23,C,695.0,79.42,82.15,70.98,1.0,20.0,0.4254818194580079,True,2026-10-01 13:56:07+00:00,SPY261023C00695000
SPY,2026-10-09,773.93,2026-10-23,C,700.0,74.45,77.18,73.88,3.0,49.0,0.40552352294921873,True,2026-10-08 18:14:50+00:00,SPY261023C00700000
SPY,2026-10-09,773.93,2026-10-23,C,705.0,69.49,72.21,76.19,2.0,44.0,0.38544315734863277,True,2026-10-06 14:42:39+00:00,SPY261023C00705000
SPY,2026-10-09,773.93,2026-10-23,C,710.0,64.53,67.26,71.12,2.0,18.0,0.3658510681152344,True,2026-10-06 14:26:16+00:00,SPY261023C00710000
SPY,2026-10-09,773.93,2026-10-23,C,715.0,59.57,62.31,67.54,1.0,14.0,0.3460148406982422,True,2026-10-06 15:37:22+00:00,SPY261023C00715000
SPY,2026-10-09,773.93,2026-10-23,C,720.0,54.85,56.49,55.1,3.0,179.0,0.2981637567138671,True,2026-10-08 18:09:06+00:00,SPY261023C00720000
SPY,2026-10-09,773.93,2026-10-23,C,721.0,53.67,56.38,60.78,5.0,9.0,0.3221503332519531,True,2026-10-06 14:45:25+00:00,SPY261023C00721000
SPY,2026-10-09,773.93,2026-10-23,C,722.0,52.66,55.39,46.57,2.0,4.0,0.31806101867675773,True,2026-09-30 19:53:58+00:00,SPY261023C00722000
SPY,2026-10-09,773.93,2026-10-23,C,723.0,51.68,54.39,53.28,10.0,13.0,0.31366653137207035,True,2026-10-05 17:29:53+00:00,SPY261023C00723000
SPY,2026-10-09,773.93,2026-10-23,C,724.0,50.72,53.43,44.68,,0.0,0.3104317004394531,True,2026-09-30 19:53:57+00:00,SPY261023C00724000
SPY,2026-10-09,773.93,2026-10-23,C,725.0,49.92,51.65,51.65,2.0,133.0,0.2825999475097656,True,2026-10-08 16:12:00+00:00,SPY261023C00725000
SPY,2026-10-09,773.93,2026-10-23,C,726.0,48.73,51.44,42.8,40.0,6.0,0.30188686401367193,True,2026-09-30 19:53:47+00:00,SPY261023C00726000
SPY,2026-10-09,773.93,2026-10-23,C,727.0,47.94,49.82,48.5,1.0,186.0,0.27936511657714835,True,2026-10-08 16:50:18+00:00,SPY261023C00727000
SPY,2026-10-09,773.93,2026-10-23,C,728.0,46.77,49.5,39.8,1.0,51.0,0.2947153048706054,True,2026-09-29 16:32:30+00:00,SPY261023C00728000
SPY,2026-10-09,773.93,2026-10-23,C,729.0,45.86,48.46,53.85,2.0,8.0,0.2891306439208984,True,2026-10-06 16:32:39+00:00,SPY261023C00729000
SPY,2026-10-09,773.93,2026-10-23,C,730.0,44.82,47.49,45.23,7.0,179.0,0.28552960571289054,True,2026-10-08 16:56:37+00:00,SPY261023C00730000
SPY,2026-10-09,773.93,2026-10-23,C,731.0,43.84,46.56,40.53,,6.0,0.28290512023925773,True,2026-09-28 16:53:14+00:00,SPY261023C00731000
SPY,2026-10-09,773.93,2026-10-23,C,732.0,42.86,45.59,38.56,1.0,30.0,0.27921253021240233,True,2026-09-28 16:16:01+00:00,SPY261023C00732000
SPY,2026-10-09,773.93,2026-10-23,C,733.0,41.93,44.55,36.31,2.0,13.0,0.27362786926269533,True,2026-09-30 19:53:03+00:00,SPY261023C00733000
SPY,2026-10-09,773.93,2026-10-23,C,734.0,41.14,43.64,39.79,2.0,8.0,0.2714306256103516,True,2026-10-05 14:17:11+00:00,SPY261023C00734000
SPY,2026-10-09,773.93,2026-10-23,C,735.0,40.2,41.99,40.28,63.0,143.0,0.24951922363281248,True,2026-10-08 19:37:19+00:00,SPY261023C00735000
SPY,2026-10-09,773.93,2026-10-23,C,736.0,38.98,41.68,33.8,1.0,26.0,0.2633130310058594,True,2026-09-29 14:59:30+00:00,SPY261023C00736000
SPY,2026-10-09,773.93,2026-10-23,C,737.0,38.11,40.63,37.86,1.0,15.0,0.2574537145996094,True,2026-10-08 17:19:49+00:00,SPY261023C00737000
SPY,2026-10-09,773.93,2026-10-23,C,739.0,36.2,38.74,28.03,2.0,10.0,0.2509230181884765,True,2026-10-01 14:08:46+00:00,SPY261023C00739000
SPY,2026-10-09,773.93,2026-10-23,C,740.0,35.46,37.03,35.65,3.0,199.0,0.2283402362060547,True,2026-10-08 18:31:06+00:00,SPY261023C00740000
SPY,2026-10-09,773.93,2026-10-23,C,741.0,34.18,36.75,25.32,1.0,6.0,0.24182887084960938,True,2026-10-01 15:05:00+00:00,SPY261023C00741000
SPY,2026-10-09,773.93,2026-10-23,C,742.0,33.44,35.74,29.82,5.0,118.0,0.23688507263183595,True,2026-09-30 19:06:08+00:00,SPY261023C00742000
SPY,2026-10-09,773.93,2026-10-23,C,743.0,32.47,34.78,23.96,1.0,9.0,0.2331009307861328,True,2026-10-01 14:06:51+00:00,SPY261023C00743000
SPY,2026-10-09,773.93,2026-10-23,C,744.0,31.56,33.84,34.49,2.0,36.0,0.22974403076171873,True,2026-10-07 19:12:09+00:00,SPY261023C00744000
SPY,2026-10-09,773.93,2026-10-23,C,745.0,30.86,32.79,30.81,21.0,150.0,0.22376264526367184,True,2026-10-08 19:41:41+00:00,SPY261023C00745000
SPY,2026-10-09,773.93,2026-10-23,C,746.0,30.65,31.0,33.56,4.0,67.0,0.2002643450927734,True,2026-10-07 19:19:45+00:00,SPY261023C00746000
SPY,2026-10-09,773.93,2026-10-23,C,747.0,29.66,30.07,30.27,1.0,64.0,0.19733468688964845,True,2026-10-07 14:02:12+00:00,SPY261023C00747000
SPY,2026-10-09,773.93,2026-10-23,C,748.0,28.76,29.13,20.02,1.0,58.0,0.19409985595703128,True,2026-10-01 14:06:51+00:00,SPY261023C00748000
SPY,2026-10-09,773.93,2026-10-23,C,749.0,27.8,28.2,28.67,2.0,39.0,0.19098709411621095,True,2026-10-08 16:47:04+00:00,SPY261023C00749000
SPY,2026-10-09,773.93,2026-10-23,C,750.0,26.88,27.27,26.14,7.0,3042.0,0.1878438150024414,True,2026-10-08 18:26:35+00:00,SPY261023C00750000
SPY,2026-10-09,773.93,2026-10-23,C,751.0,25.99,26.35,29.36,6.0,349.0,0.1848226049804687,True,2026-10-07 18:56:49+00:00,SPY261023C00751000
SPY,2026-10-09,773.93,2026-10-23,C,752.0,25.05,25.44,24.1,2.0,342.0,0.1819539813232422,True,2026-10-08 18:52:20+00:00,SPY261023C00752000
SPY,2026-10-09,773.93,2026-10-23,C,753.0,24.14,24.53,23.3,35.0,100.0,0.17896328857421873,True,2026-10-08 18:55:49+00:00,SPY261023C00753000
SPY,2026-10-09,773.93,2026-10-23,C,754.0,23.24,23.63,24.6,2.0,213.0,0.17612518218994144,True,2026-10-08 13:51:29+00:00,SPY261023C00754000
SPY,2026-10-09,773.93,2026-10-23,C,755.0,22.35,22.73,21.66,363.0,840.0,0.1731650067138672,True,2026-10-08 19:53:50+00:00,SPY261023C00755000
SPY,2026-10-09,773.93,2026-10-23,C,756.0,21.46,21.84,20.16,14.0,56.0,0.17026586578369146,True,2026-10-08 16:55:29+00:00,SPY261023C00756000
SPY,2026-10-09,773.93,2026-10-23,C,757.0,20.58,20.96,20.87,9.0,273.0,0.16748879394531252,True,2026-10-08 20:10:20+00:00,SPY261023C00757000
SPY,2026-10-09,773.93,2026-10-23,C,758.0,19.72,20.1,19.62,5.0,300.0,0.16495586029052733,True,2026-10-08 16:16:41+00:00,SPY261023C00758000
SPY,2026-10-09,773.93,2026-10-23,C,759.0,18.85,19.22,17.3,7.0,707.0,0.16190413299560547,True,2026-10-08 18:04:51+00:00,SPY261023C00759000
SPY,2026-10-09,773.93,2026-10-23,C,760.0,18.0,18.38,18.17,368.0,3269.0,0.15949326843261719,True,2026-10-08 20:00:54+00:00,SPY261023C00760000
SPY,2026-10-09,773.93,2026-10-23,C,761.0,17.15,17.55,16.13,11.0,491.0,0.1570824038696289,True,2026-10-08 19:12:50+00:00,SPY261023C00761000
SPY,2026-10-09,773.93,2026-10-23,C,762.0,16.39,16.59,15.46,28.0,331.0,0.1521386056518555,True,2026-10-08 19:12:11+00:00,SPY261023C00762000
SPY,2026-10-09,773.93,2026-10-23,C,763.0,15.5,15.89,14.83,50.0,541.0,0.15177239837646483,True,2026-10-08 19:11:54+00:00,SPY261023C00763000
SPY,2026-10-09,773.93,2026-10-23,C,764.0,14.79,14.95,13.83,132.0,435.0,0.14692015197753905,True,2026-10-08 19:11:58+00:00,SPY261023C00764000
SPY,2026-10-09,773.93,2026-10-23,C,765.0,13.98,14.16,13.51,359.0,2118.0,0.14457032196044922,True,2026-10-08 19:28:35+00:00,SPY261023C00765000
SPY,2026-10-09,773.93,2026-10-23,C,766.0,13.13,13.52,12.7,366.0,1020.0,0.14457032196044922,True,2026-10-08 19:53:47+00:00,SPY261023C00766000
SPY,2026-10-09,773.93,2026-10-23,C,767.0,12.38,12.75,11.84,161.0,657.0,0.14212894012451172,True,2026-10-08 19:37:41+00:00,SPY261023C00767000
SPY,2026-10-09,773.93,2026-10-23,C,768.0,11.72,11.86,11.75,193.0,2104.0,0.13742928009033206,True,2026-10-08 20:01:04+00:00,SPY261023C00768000
SPY,2026-10-09,773.93,2026-10-23,C,769.0,11.02,11.13,10.69,270.0,799.0,0.13520151916503909,True,2026-10-08 19:59:43+00:00,SPY261023C00769000
SPY,2026-10-09,773.93,2026-10-23,C,770.0,10.3,10.41,10.38,1165.0,3517.0,0.13288220642089843,True,2026-10-08 20:13:36+00:00,SPY261023C00770000
SPY,2026-10-09,773.93,2026-10-23,C,771.0,9.62,9.73,9.71,678.0,1529.0,0.13092910095214844,True,2026-10-08 20:09:12+00:00,SPY261023C00771000
SPY,2026-10-09,773.93,2026-10-23,C,772.0,8.95,9.05,9.05,632.0,1598.0,0.1287318572998047,True,2026-10-08 20:01:11+00:00,SPY261023C00772000
SPY,2026-10-09,773.93,2026-10-23,C,773.0,8.3,8.4,8.3,849.0,1712.0,0.126687200012207,True,2026-10-08 20:00:20+00:00,SPY261023C00773000
SPY,2026-10-09,773.93,2026-10-23,C,774.0,7.72,7.74,7.73,540.0,1130.0,0.12418478363037111,False,2026-10-08 20:00:31+00:00,SPY261023C00774000
SPY,2026-10-09,773.93,2026-10-23,C,775.0,7.12,7.14,7.08,3793.0,2152.0,0.12232322998046877,False,2026-10-08 20:04:17+00:00,SPY261023C00775000
SPY,2026-10-09,773.93,2026-10-23,C,776.0,6.54,6.57,6.3,1332.0,1450.0,0.1206142626953125,False,2026-10-08 19:57:53+00:00,SPY261023C00776000
SPY,2026-10-09,773.93,2026-10-23,C,777.0,5.99,6.02,6.0,690.0,1089.0,0.1188442608642578,False,2026-10-08 20:13:39+00:00,SPY261023C00777000
SPY,2026-10-09,773.93,2026-10-23,C,778.0,5.47,5.49,5.03,175.0,766.0,0.1170437417602539,False,2026-10-08 19:54:01+00:00,SPY261023C00778000
SPY,2026-10-09,773.93,2026-10-23,C,779.0,4.97,5.0,4.98,264.0,1508.0,0.11551787811279299,False,2026-10-08 20:13:20+00:00,SPY261023C00779000
SPY,2026-10-09,773.93,2026-10-23,C,780.0,4.5,4.53,4.53,3107.0,2363.0,0.1139309799194336,False,2026-10-08 20:12:49+00:00,SPY261023C00780000
SPY,2026-10-09,773.93,2026-10-23,C,781.0,4.06,4.09,4.09,311.0,1516.0,0.11243563354492186,False,2026-10-08 20:12:47+00:00,SPY261023C00781000
SPY,2026-10-09,773.93,2026-10-23,C,782.0,3.65,3.68,3.47,731.0,1298.0,0.1110318389892578,False,2026-10-08 19:53:24+00:00,SPY261023C00782000
SPY,2026-10-09,773.93,2026-10-23,C,783.0,3.27,3.3,3.05,742.0,705.0,0.1097195962524414,False,2026-10-08 19:44:43+00:00,SPY261023C00783000
SPY,2026-10-09,773.93,2026-10-23,C,784.0,2.92,2.95,2.9,333.0,1037.0,0.10852942260742188,False,2026-10-08 20:02:03+00:00,SPY261023C00784000
SPY,2026-10-09,773.93,2026-10-23,C,785.0,2.59,2.62,2.59,1523.0,2478.0,0.10724769714355468,False,2026-10-08 20:13:23+00:00,SPY261023C00785000
SPY,2026-10-09,773.93,2026-10-23,C,786.0,2.29,2.32,2.29,418.0,1395.0,0.1061185580444336,False,2026-10-08 20:03:46+00:00,SPY261023C00786000
SPY,2026-10-09,773.93,2026-10-23,C,787.0,2.02,2.05,1.89,154.0,891.0,0.10511148803710937,False,2026-10-08 19:48:06+00:00,SPY261023C00787000
SPY,2026-10-09,773.93,2026-10-23,C,788.0,1.78,1.8,1.79,492.0,1277.0,0.10407390075683592,False,2026-10-08 20:02:32+00:00,SPY261023C00788000
SPY,2026-10-09,773.93,2026-10-23,C,789.0,1.55,1.57,1.45,371.0,1906.0,0.10300579620361328,False,2026-10-08 19:48:06+00:00,SPY261023C00789000
SPY,2026-10-09,773.93,2026-10-23,C,790.0,1.36,1.37,1.37,6806.0,4367.0,0.10218182983398436,False,2026-10-08 20:12:24+00:00,SPY261023C00790000
SPY,2026-10-09,773.93,2026-10-23,C,791.0,1.18,1.2,1.13,192.0,1688.0,0.10163251892089843,False,2026-10-08 19:59:03+00:00,SPY261023C00791000
SPY,2026-10-09,773.93,2026-10-23,C,792.0,1.02,1.03,1.03,156.0,868.0,0.10065596618652344,False,2026-10-08 20:14:24+00:00,SPY261023C00792000
SPY,2026-10-09,773.93,2026-10-23,C,793.0,0.87,0.89,0.83,436.0,1142.0,0.09998458618164063,False,2026-10-08 19:59:29+00:00,SPY261023C00793000
SPY,2026-10-09,773.93,2026-10-23,C,794.0,0.75,0.77,0.77,122.0,918.0,0.09955734436035156,False,2026-10-08 20:10:37+00:00,SPY261023C00794000
SPY,2026-10-09,773.93,2026-10-23,C,795.0,0.64,0.66,0.64,638.0,3857.0,0.09900803344726564,False,2026-10-08 20:13:35+00:00,SPY261023C00795000
SPY,2026-10-09,773.93,2026-10-23,C,796.0,0.55,0.56,0.53,212.0,860.0,0.09827561889648437,False,2026-10-08 19:59:03+00:00,SPY261023C00796000
SPY,2026-10-09,773.93,2026-10-23,C,797.0,0.47,0.48,0.37,287.0,1926.0,0.0979704461669922,False,2026-10-08 19:07:06+00:00,SPY261023C00797000
SPY,2026-10-09,773.93,2026-10-23,C,798.0,0.4,0.41,0.36,265.0,1291.0,0.0976652734375,False,2026-10-08 19:39:31+00:00,SPY261023C00798000
SPY,2026-10-09,773.93,2026-10-23,C,799.0,0.34,0.35,0.3,244.0,1464.0,0.09742113525390625,False,2026-10-08 19:40:30+00:00,SPY261023C00799000
SPY,2026-10-09,773.93,2026-10-23,C,800.0,0.29,0.3,0.3,2774.0,9646.0,0.09742113525390625,False,2026-10-08 20:10:20+00:00,SPY261023C00800000
SPY,2026-10-09,773.93,2026-10-23,C,801.0,0.24,0.25,0.24,64.0,1072.0,0.09693285888671876,False,2026-10-08 20:08:06+00:00,SPY261023C00801000
SPY,2026-10-09,773.93,2026-10-23,C,802.0,0.21,0.22,0.2,91.0,1633.0,0.09742113525390625,False,2026-10-08 20:08:29+00:00,SPY261023C00802000
SPY,2026-10-09,773.93,2026-10-23,C,803.0,0.18,0.19,0.16,78.0,660.0,0.0976652734375,False,2026-10-08 19:33:34+00:00,SPY261023C00803000
SPY,2026-10-09,773.93,2026-10-23,C,804.0,0.15,0.16,0.15,7.0,646.0,0.09742113525390625,False,2026-10-08 19:58:57+00:00,SPY261023C00804000
SPY,2026-10-09,773.93,2026-10-23,C,805.0,0.13,0.14,0.12,364.0,974.0,0.09790941162109376,False,2026-10-08 20:05:36+00:00,SPY261023C00805000
SPY,2026-10-09,773.93,2026-10-23,C,806.0,0.11,0.12,0.08,17.0,734.0,0.0981535498046875,False,2026-10-08 17:54:07+00:00,SPY261023C00806000
SPY,2026-10-09,773.93,2026-10-23,C,807.0,0.1,0.11,0.1,98.0,507.0,0.09937424072265624,False,2026-10-08 18:50:26+00:00,SPY261023C00807000
SPY,2026-10-09,773.93,2026-10-23,C,808.0,0.09,0.1,0.06,9.0,349.0,0.100594931640625,False,2026-10-08 16:17:28+00:00,SPY261023C00808000
SPY,2026-10-09,773.93,2026-10-23,C,809.0,0.07,0.08,0.07,101.0,269.0,0.09961837890625,False,2026-10-08 19:39:31+00:00,SPY261023C00809000
SPY,2026-10-09,773.93,2026-10-23,C,810.0,0.07,0.08,0.08,38.0,724.0,0.10205976074218749,False,2026-10-08 20:14:47+00:00,SPY261023C00810000
SPY,2026-10-09,773.93,2026-10-23,C,811.0,0.06,0.07,0.06,1.0,249.0,0.10254803710937499,False,2026-10-08 20:05:18+00:00,SPY261023C00811000
SPY,2026-10-09,773.93,2026-10-23,C,812.0,0.05,0.06,0.05,338.0,702.0,0.10303631347656249,False,2026-10-08 19:14:34+00:00,SPY261023C00812000
SPY,2026-10-09,773.93,2026-10-23,C,813.0,0.05,0.06,0.04,6.0,372.0,0.1049894189453125,False,2026-10-08 19:33:34+00:00,SPY261023C00813000
SPY,2026-10-09,773.93,2026-10-23,C,814.0,0.04,0.05,0.05,992.0,522.0,0.1049894189453125,False,2026-10-08 20:05:25+00:00,SPY261023C00814000
SPY,2026-10-09,773.93,2026-10-23,C,815.0,0.04,0.05,0.04,2152.0,1337.0,0.10743080078125,False,2026-10-08 19:30:04+00:00,SPY261023C00815000
SPY,2026-10-09,773.93,2026-10-23,C,816.0,0.04,0.05,0.1,4.0,518.0,0.10938390625,False,2026-10-07 13:34:18+00:00,SPY261023C00816000
SPY,2026-10-09,773.93,2026-10-23,C,817.0,0.03,0.04,0.03,2.0,105.0,0.108407353515625,False,2026-10-08 17:51:58+00:00,SPY261023C00817000
SPY,2026-10-09,773.93,2026-10-23,C,818.0,0.03,0.04,0.03,566.0,107.0,0.11084873535156249,False,2026-10-08 19:01:07+00:00,SPY261023C00818000
SPY,2026-10-09,773.93,2026-10-23,C,819.0,0.03,0.04,0.03,740.0,130.0,0.1132901171875,False,2026-10-08 19:14:35+00:00,SPY261023C00819000
SPY,2026-10-09,773.93,2026-10-23,C,820.0,0.03,0.04,0.03,43.0,491.0,0.11524322265625,False,2026-10-08 19:45:37+00:00,SPY261023C00820000
SPY,2026-10-09,773.93,2026-10-23,C,821.0,0.02,0.03,0.03,12.0,727.0,0.1132901171875,False,2026-10-08 19:40:51+00:00,SPY261023C00821000
SPY,2026-10-09,773.93,2026-10-23,C,822.0,0.02,0.03,0.08,1.0,192.0,0.11524322265625,False,2026-10-05 19:47:16+00:00,SPY261023C00822000
SPY,2026-10-09,773.93,2026-10-23,C,823.0,0.02,0.03,0.03,1.0,272.0,0.1176846044921875,False,2026-10-08 14:51:10+00:00,SPY261023C00823000
SPY,2026-10-09,773.93,2026-10-23,C,824.0,0.02,0.03,0.04,6.0,27.0,0.12012598632812499,False,2026-10-07 19:57:39+00:00,SPY261023C00824000
SPY,2026-10-09,773.93,2026-10-23,C,825.0,0.02,0.03,0.02,17.0,1295.0,0.12207909179687501,False,2026-10-08 19:45:37+00:00,SPY261023C00825000
SPY,2026-10-09,773.93,2026-10-23,C,830.0,0.01,0.02,0.03,11.0,1556.0,0.12696185546875,False,2026-10-08 19:18:06+00:00,SPY261023C00830000
SPY,2026-10-09,773.93,2026-10-23,C,835.0,0.01,0.02,0.02,77.0,528.0,0.13672738281250002,False,2026-10-08 16:49:50+00:00,SPY261023C00835000
SPY,2026-10-09,773.93,2026-10-23,C,840.0,0.01,0.02,0.01,99.0,211.0,0.14649291015625,False,2026-10-08 17:32:33+00:00,SPY261023C00840000
SPY,2026-10-09,773.93,2026-10-23,C,845.0,0.01,0.02,0.04,25.0,198.0,0.15528188476562502,False,2026-10-02 13:54:23+00:00,SPY261023C00845000
SPY,2026-10-09,773.93,2026-10-23,C,850.0,0.01,0.02,0.02,21.0,417.0,0.16407085937500002,False,2026-10-08 19:42:18+00:00,SPY261023C00850000
SPY,2026-10-09,773.93,2026-10-23,C,855.0,0.0,0.01,0.01,1.0,227.0,0.16407085937500002,False,2026-10-08 15:31:07+00:00,SPY261023C00855000
SPY,2026-10-09,773.93,2026-10-23,C,860.0,0.0,0.01,0.01,34.0,197.0,0.17188328125000002,False,2026-10-06 16:06:41+00:00,SPY261023C00860000
SPY,2026-10-09,773.93,2026-10-23,C,865.0,0.0,0.01,0.02,5.0,408.0,0.179695703125,False,2026-10-08 14:07:30+00:00,SPY261023C00865000
SPY,2026-10-09,773.93,2026-10-23,C,870.0,0.0,0.01,0.01,2.0,210.0,0.187508125,False,2026-10-08 13:53:31+00:00,SPY261023C00870000
SPY,2026-10-09,773.93,2026-10-23,C,875.0,0.0,0.01,0.02,10.0,213.0,0.19727365234375,False,2026-10-01 15:57:33+00:00,SPY261023C00875000
SPY,2026-10-09,773.93,2026-10-23,C,880.0,0.0,0.01,0.03,24.0,116.0,0.20703917968749996,False,2026-09-11 20:14:57+00:00,SPY261023C00880000
SPY,2026-10-09,773.93,2026-10-23,C,885.0,0.0,0.01,0.01,1.0,601.0,0.2148516015625,False,2026-10-06 13:42:15+00:00,SPY261023C00885000
SPY,2026-10-09,773.93,2026-10-23,C,890.0,0.0,0.01,0.01,418.0,443.0,0.22266402343749997,False,2026-10-06 14:22:44+00:00,SPY261023C00890000
SPY,2026-10-09,773.93,2026-10-23,C,895.0,0.0,0.01,0.01,418.0,444.0,0.2304764453125,False,2026-10-06 14:22:44+00:00,SPY261023C00895000
SPY,2026-10-09,773.93,2026-10-23,C,905.0,0.0,0.01,0.01,16.0,26.0,0.2461012890625,False,2026-10-01 14:03:50+00:00,SPY261023C00905000
SPY,2026-10-09,773.93,2026-10-23,C,915.0,0.0,0.01,0.02,,6.0,0.2617261328125,False,2026-09-10 20:13:53+00:00,SPY261023C00915000
SPY,2026-10-09,773.93,2026-10-23,C,920.0,0.0,0.01,0.01,,50.0,0.2695385546875,False,2026-09-17 16:21:52+00:00,SPY261023C00920000
SPY,2026-10-09,773.93,2026-10-23,C,930.0,0.0,0.01,0.01,1.0,1.0,0.28516339843749994,False,2026-10-02 13:34:42+00:00,SPY261023C00930000
SPY,2026-10-09,773.93,2026-10-23,P,500.0,0.01,0.02,0.02,26.0,2592.0,0.6718782812500002,False,2026-10-08 14:40:49+00:00,SPY261023P00500000
SPY,2026-10-09,773.93,2026-10-23,P,505.0,0.01,0.02,0.03,54.0,156.0,0.6562534375000001,False,2026-10-02 17:33:23+00:00,SPY261023P00505000
SPY,2026-10-09,773.93,2026-10-23,P,510.0,0.01,0.02,0.02,404.0,544.0,0.64062859375,False,2026-10-08 18:22:16+00:00,SPY261023P00510000
SPY,2026-10-09,773.93,2026-10-23,P,515.0,0.01,0.02,0.01,550.0,6023.0,0.6289099609375001,False,2026-10-08 19:08:07+00:00,SPY261023P00515000
SPY,2026-10-09,773.93,2026-10-23,P,520.0,0.02,0.03,0.03,3.0,5877.0,0.64062859375,False,2026-10-08 18:58:06+00:00,SPY261023P00520000
SPY,2026-10-09,773.93,2026-10-23,P,525.0,0.02,0.03,0.03,137.0,983.0,0.6250037500000001,False,2026-10-05 19:34:03+00:00,SPY261023P00525000
SPY,2026-10-09,773.93,2026-10-23,P,530.0,0.02,0.03,0.01,25.0,35.0,0.6132851171875001,False,2026-10-07 19:15:01+00:00,SPY261023P00530000
SPY,2026-10-09,773.93,2026-10-23,P,535.0,0.02,0.03,0.05,100.0,1498.0,0.5976602734375001,False,2026-10-01 19:51:33+00:00,SPY261023P00535000
SPY,2026-10-09,773.93,2026-10-23,P,540.0,0.02,0.03,0.03,233.0,102.0,0.5820354296875,False,2026-10-08 17:40:09+00:00,SPY261023P00540000
SPY,2026-10-09,773.93,2026-10-23,P,545.0,0.02,0.03,0.03,1.0,108.0,0.570316796875,False,2026-10-07 17:03:36+00:00,SPY261023P00545000
SPY,2026-10-09,773.93,2026-10-23,P,550.0,0.02,0.03,0.03,2.0,317.0,0.5546919531250001,False,2026-10-08 18:04:46+00:00,SPY261023P00550000
SPY,2026-10-09,773.93,2026-10-23,P,555.0,0.03,0.04,0.03,1.0,14.0,0.5585981640625001,False,2026-10-07 18:54:51+00:00,SPY261023P00555000
SPY,2026-10-09,773.93,2026-10-23,P,560.0,0.03,0.04,0.03,2.0,914.0,0.5429733203125001,False,2026-10-07 18:54:55+00:00,SPY261023P00560000
SPY,2026-10-09,773.93,2026-10-23,P,565.0,0.03,0.04,0.04,5.0,242.0,0.5312546875,False,2026-10-07 20:11:15+00:00,SPY261023P00565000
SPY,2026-10-09,773.93,2026-10-23,P,570.0,0.03,0.04,0.03,73.0,43.0,0.51562984375,False,2026-10-08 18:35:07+00:00,SPY261023P00570000
SPY,2026-10-09,773.93,2026-10-23,P,575.0,0.03,0.04,0.04,80.0,37.0,0.5039112109375,False,2026-10-08 18:17:54+00:00,SPY261023P00575000
SPY,2026-10-09,773.93,2026-10-23,P,580.0,0.04,0.05,0.05,45.0,72.0,0.500005,False,2026-10-08 18:02:35+00:00,SPY261023P00580000
SPY,2026-10-09,773.93,2026-10-23,P,585.0,0.04,0.05,0.04,58.0,25.0,0.49219257812500006,False,2026-10-08 13:58:44+00:00,SPY261023P00585000
SPY,2026-10-09,773.93,2026-10-23,P,590.0,0.04,0.05,0.05,2.0,458.0,0.47852083984375,False,2026-10-08 18:22:08+00:00,SPY261023P00590000
SPY,2026-10-09,773.93,2026-10-23,P,595.0,0.04,0.05,0.06,40.0,96.0,0.46484910156250003,False,2026-10-08 18:12:37+00:00,SPY261023P00595000
SPY,2026-10-09,773.93,2026-10-23,P,600.0,0.04,0.05,0.05,176.0,427.0,0.45117736328125,False,2026-10-08 19:25:18+00:00,SPY261023P00600000
SPY,2026-10-09,773.93,2026-10-23,P,605.0,0.05,0.06,0.05,6.0,289.0,0.445318046875,False,2026-10-07 19:30:13+00:00,SPY261023P00605000
SPY,2026-10-09,773.93,2026-10-23,P,610.0,0.05,0.06,0.06,4.0,644.0,0.43164630859375,False,2026-10-08 17:52:44+00:00,SPY261023P00610000
SPY,2026-10-09,773.93,2026-10-23,P,615.0,0.06,0.07,0.07,21.0,109.0,0.424810439453125,False,2026-10-08 18:17:17+00:00,SPY261023P00615000
SPY,2026-10-09,773.93,2026-10-23,P,620.0,0.06,0.07,0.06,31.0,344.0,0.411138701171875,False,2026-10-08 15:02:32+00:00,SPY261023P00620000
SPY,2026-10-09,773.93,2026-10-23,P,625.0,0.06,0.07,0.06,11.0,486.0,0.398443515625,False,2026-10-08 16:26:47+00:00,SPY261023P00625000
SPY,2026-10-09,773.93,2026-10-23,P,630.0,0.07,0.08,0.09,1.0,106.0,0.389654541015625,False,2026-10-08 17:19:42+00:00,SPY261023P00630000
SPY,2026-10-09,773.93,2026-10-23,P,635.0,0.08,0.09,0.08,2.0,330.0,0.38086556640624997,False,2026-10-08 16:06:57+00:00,SPY261023P00635000
SPY,2026-10-09,773.93,2026-10-23,P,640.0,0.08,0.09,0.09,28.0,377.0,0.367193828125,False,2026-10-07 18:27:45+00:00,SPY261023P00640000
SPY,2026-10-09,773.93,2026-10-23,P,645.0,0.09,0.1,0.11,86.0,147.0,0.358404853515625,False,2026-10-08 18:18:43+00:00,SPY261023P00645000
SPY,2026-10-09,773.93,2026-10-23,P,650.0,0.1,0.11,0.11,533.0,1641.0,0.348639326171875,False,2026-10-08 19:57:07+00:00,SPY261023P00650000
SPY,2026-10-09,773.93,2026-10-23,P,655.0,0.1,0.11,0.11,20.0,330.0,0.334967587890625,False,2026-10-07 18:33:55+00:00,SPY261023P00655000
SPY,2026-10-09,773.93,2026-10-23,P,660.0,0.11,0.12,0.12,155.0,745.0,0.3242255078124999,False,2026-10-08 19:30:44+00:00,SPY261023P00660000
SPY,2026-10-09,773.93,2026-10-23,P,665.0,0.12,0.13,0.13,1.0,973.0,0.3139717041015625,False,2026-10-08 18:53:44+00:00,SPY261023P00665000
SPY,2026-10-09,773.93,2026-10-23,P,670.0,0.13,0.14,0.14,21.0,1720.0,0.30274134765625,False,2026-10-08 13:30:02+00:00,SPY261023P00670000
SPY,2026-10-09,773.93,2026-10-23,P,675.0,0.14,0.15,0.14,126.0,2582.0,0.2915109912109374,False,2026-10-08 17:33:38+00:00,SPY261023P00675000
SPY,2026-10-09,773.93,2026-10-23,P,680.0,0.15,0.16,0.2,386.0,2314.0,0.2797923583984374,False,2026-10-08 17:26:11+00:00,SPY261023P00680000
SPY,2026-10-09,773.93,2026-10-23,P,685.0,0.17,0.18,0.21,13.0,1663.0,0.27027096923828126,False,2026-10-08 18:07:38+00:00,SPY261023P00685000
SPY,2026-10-09,773.93,2026-10-23,P,690.0,0.18,0.19,0.2,849.0,972.0,0.2580640600585938,False,2026-10-08 19:31:13+00:00,SPY261023P00690000
SPY,2026-10-09,773.93,2026-10-23,P,695.0,0.2,0.21,0.21,405.0,3075.0,0.2475661181640625,False,2026-10-08 20:08:37+00:00,SPY261023P00695000
SPY,2026-10-09,773.93,2026-10-23,P,700.0,0.23,0.24,0.23,393.0,2794.0,0.23780059082031246,False,2026-10-08 20:05:27+00:00,SPY261023P00700000
SPY,2026-10-09,773.93,2026-10-23,P,705.0,0.25,0.26,0.27,45.0,1598.0,0.22583781982421874,False,2026-10-08 18:57:23+00:00,SPY261023P00705000
SPY,2026-10-09,773.93,2026-10-23,P,710.0,0.28,0.29,0.29,102.0,8019.0,0.2148516015625,False,2026-10-08 20:08:04+00:00,SPY261023P00710000
SPY,2026-10-09,773.93,2026-10-23,P,715.0,0.32,0.33,0.32,308.0,8061.0,0.2043536596679687,False,2026-10-08 20:09:51+00:00,SPY261023P00715000
SPY,2026-10-09,773.93,2026-10-23,P,720.0,0.37,0.38,0.38,206.0,2209.0,0.19385571777343752,False,2026-10-08 20:01:36+00:00,SPY261023P00720000
SPY,2026-10-09,773.93,2026-10-23,P,721.0,0.39,0.4,0.41,20.0,303.0,0.1925129577636719,False,2026-10-08 19:58:17+00:00,SPY261023P00721000
SPY,2026-10-09,773.93,2026-10-23,P,722.0,0.4,0.41,0.43,3.0,264.0,0.1901936450195313,False,2026-10-08 19:32:20+00:00,SPY261023P00722000
SPY,2026-10-09,773.93,2026-10-23,P,723.0,0.41,0.42,0.52,58.0,204.0,0.1878743322753906,False,2026-10-08 17:39:27+00:00,SPY261023P00723000
SPY,2026-10-09,773.93,2026-10-23,P,724.0,0.42,0.44,0.48,1.0,1418.0,0.18628743408203124,False,2026-10-07 18:55:07+00:00,SPY261023P00724000
SPY,2026-10-09,773.93,2026-10-23,P,725.0,0.44,0.45,0.44,1033.0,29047.0,0.18396812133789062,False,2026-10-08 20:13:23+00:00,SPY261023P00725000
SPY,2026-10-09,773.93,2026-10-23,P,726.0,0.46,0.47,0.67,10.0,407.0,0.18225915405273438,False,2026-10-08 17:32:28+00:00,SPY261023P00726000
SPY,2026-10-09,773.93,2026-10-23,P,727.0,0.47,0.48,0.55,321.0,478.0,0.17981777221679687,False,2026-10-08 18:37:36+00:00,SPY261023P00727000
SPY,2026-10-09,773.93,2026-10-23,P,728.0,0.49,0.5,0.6,184.0,382.0,0.17798673583984376,False,2026-10-08 17:42:31+00:00,SPY261023P00728000
SPY,2026-10-09,773.93,2026-10-23,P,729.0,0.51,0.52,0.65,411.0,555.0,0.17603363037109376,False,2026-10-08 17:39:40+00:00,SPY261023P00729000
SPY,2026-10-09,773.93,2026-10-23,P,730.0,0.53,0.54,0.58,469.0,2834.0,0.17408052490234377,False,2026-10-08 19:31:06+00:00,SPY261023P00730000
SPY,2026-10-09,773.93,2026-10-23,P,731.0,0.55,0.56,0.59,562.0,249.0,0.17212741943359378,False,2026-10-08 19:41:41+00:00,SPY261023P00731000
SPY,2026-10-09,773.93,2026-10-23,P,732.0,0.57,0.59,0.63,58.0,1202.0,0.1706625903320313,False,2026-10-08 19:55:42+00:00,SPY261023P00732000
SPY,2026-10-09,773.93,2026-10-23,P,733.0,0.6,0.61,0.69,88.0,965.0,0.16846534667968754,False,2026-10-08 19:08:49+00:00,SPY261023P00733000
SPY,2026-10-09,773.93,2026-10-23,P,734.0,0.62,0.64,0.67,132.0,437.0,0.1667563793945313,False,2026-10-08 19:39:49+00:00,SPY261023P00734000
SPY,2026-10-09,773.93,2026-10-23,P,735.0,0.65,0.66,0.66,342.0,2429.0,0.16443706665039062,False,2026-10-08 20:00:32+00:00,SPY261023P00735000
SPY,2026-10-09,773.93,2026-10-23,P,736.0,0.68,0.69,0.69,1901.0,704.0,0.1626060302734375,False,2026-10-08 20:00:32+00:00,SPY261023P00736000
SPY,2026-10-09,773.93,2026-10-23,P,737.0,0.71,0.73,0.74,367.0,538.0,0.16126327026367188,False,2026-10-08 19:24:56+00:00,SPY261023P00737000
SPY,2026-10-09,773.93,2026-10-23,P,738.0,0.75,0.76,0.83,70.0,732.0,0.159188095703125,False,2026-10-08 19:31:26+00:00,SPY261023P00738000
SPY,2026-10-09,773.93,2026-10-23,P,739.0,0.78,0.8,0.8,256.0,429.0,0.15760119750976562,False,2026-10-08 20:01:02+00:00,SPY261023P00739000
SPY,2026-10-09,773.93,2026-10-23,P,740.0,0.82,0.83,0.85,1570.0,11135.0,0.1554039538574219,False,2026-10-08 20:04:13+00:00,SPY261023P00740000
SPY,2026-10-09,773.93,2026-10-23,P,741.0,0.86,0.88,0.93,42.0,848.0,0.15393912475585939,False,2026-10-08 19:36:10+00:00,SPY261023P00741000
SPY,2026-10-09,773.93,2026-10-23,P,742.0,0.9,0.92,1.13,32.0,1569.0,0.1519860192871094,False,2026-10-08 17:00:32+00:00,SPY261023P00742000
SPY,2026-10-09,773.93,2026-10-23,P,743.0,0.95,0.97,1.04,111.0,830.0,0.15039912109375003,False,2026-10-08 18:01:45+00:00,SPY261023P00743000
SPY,2026-10-09,773.93,2026-10-23,P,744.0,1.0,1.02,1.13,39.0,1056.0,0.1485680847167969,False,2026-10-08 19:14:20+00:00,SPY261023P00744000
SPY,2026-10-09,773.93,2026-10-23,P,745.0,1.05,1.07,1.06,612.0,30426.0,0.14673704833984375,False,2026-10-08 20:14:48+00:00,SPY261023P00745000
SPY,2026-10-09,773.93,2026-10-23,P,746.0,1.11,1.13,1.15,729.0,660.0,0.1450280810546875,False,2026-10-08 20:04:37+00:00,SPY261023P00746000
SPY,2026-10-09,773.93,2026-10-23,P,747.0,1.17,1.19,1.27,207.0,2487.0,0.14325807922363282,False,2026-10-08 19:57:22+00:00,SPY261023P00747000
SPY,2026-10-09,773.93,2026-10-23,P,748.0,1.23,1.25,1.3,295.0,471.0,0.14136600830078128,False,2026-10-08 19:43:01+00:00,SPY261023P00748000
SPY,2026-10-09,773.93,2026-10-23,P,749.0,1.3,1.32,1.31,1060.0,2674.0,0.139657041015625,False,2026-10-08 20:09:56+00:00,SPY261023P00749000
SPY,2026-10-09,773.93,2026-10-23,P,750.0,1.38,1.4,1.41,566.0,3904.0,0.13807014282226562,False,2026-10-08 20:07:55+00:00,SPY261023P00750000
SPY,2026-10-09,773.93,2026-10-23,P,751.0,1.46,1.48,1.61,49.0,581.0,0.13636117553710939,False,2026-10-08 19:04:41+00:00,SPY261023P00751000
SPY,2026-10-09,773.93,2026-10-23,P,752.0,1.54,1.57,1.68,30.0,745.0,0.13477427734375003,False,2026-10-08 19:04:42+00:00,SPY261023P00752000
SPY,2026-10-09,773.93,2026-10-23,P,753.0,1.63,1.66,1.71,153.0,5193.0,0.1330042755126953,False,2026-10-08 19:06:30+00:00,SPY261023P00753000
SPY,2026-10-09,773.93,2026-10-23,P,754.0,1.73,1.76,1.73,1157.0,697.0,0.1313563427734375,False,2026-10-08 20:09:56+00:00,SPY261023P00754000
SPY,2026-10-09,773.93,2026-10-23,P,755.0,1.84,1.86,1.85,878.0,6883.0,0.12952530639648438,False,2026-10-08 20:09:36+00:00,SPY261023P00755000
SPY,2026-10-09,773.93,2026-10-23,P,756.0,1.95,1.97,2.26,75.0,1239.0,0.1277553045654297,False,2026-10-08 19:09:33+00:00,SPY261023P00756000
SPY,2026-10-09,773.93,2026-10-23,P,757.0,2.07,2.09,2.29,55.0,2157.0,0.12604633728027342,False,2026-10-08 19:10:46+00:00,SPY261023P00757000
SPY,2026-10-09,773.93,2026-10-23,P,758.0,2.19,2.22,2.26,571.0,1069.0,0.12436788726806641,False,2026-10-08 20:03:40+00:00,SPY261023P00758000
SPY,2026-10-09,773.93,2026-10-23,P,759.0,2.34,2.36,2.55,410.0,3124.0,0.12268943725585937,False,2026-10-08 19:55:57+00:00,SPY261023P00759000
SPY,2026-10-09,773.93,2026-10-23,P,760.0,2.49,2.5,2.51,1721.0,4760.0,0.12085840087890626,False,2026-10-08 20:14:48+00:00,SPY261023P00760000
SPY,2026-10-09,773.93,2026-10-23,P,761.0,2.64,2.67,2.72,6430.0,740.0,0.11939357177734375,False,2026-10-08 20:03:40+00:00,SPY261023P00761000
SPY,2026-10-09,773.93,2026-10-23,P,762.0,2.81,2.83,2.88,183.0,1084.0,0.1175015008544922,False,2026-10-08 20:01:25+00:00,SPY261023P00762000
SPY,2026-10-09,773.93,2026-10-23,P,763.0,2.99,3.02,3.05,421.0,3720.0,0.11594511993408202,False,2026-10-08 20:00:32+00:00,SPY261023P00763000
SPY,2026-10-09,773.93,2026-10-23,P,764.0,3.19,3.21,3.48,7166.0,7495.0,0.11414460083007813,False,2026-10-08 19:48:54+00:00,SPY261023P00764000
SPY,2026-10-09,773.93,2026-10-23,P,765.0,3.39,3.42,3.41,1677.0,3773.0,0.11246615081787109,False,2026-10-08 20:13:51+00:00,SPY261023P00765000
SPY,2026-10-09,773.93,2026-10-23,P,766.0,3.62,3.65,3.96,503.0,1155.0,0.1108792526245117,False,2026-10-08 19:48:40+00:00,SPY261023P00766000
SPY,2026-10-09,773.93,2026-10-23,P,767.0,3.86,3.89,3.88,958.0,4615.0,0.10917028533935547,False,2026-10-08 20:13:17+00:00,SPY261023P00767000
SPY,2026-10-09,773.93,2026-10-23,P,768.0,4.11,4.14,4.5,422.0,1849.0,0.10733924896240235,False,2026-10-08 19:54:40+00:00,SPY261023P00768000
SPY,2026-10-09,773.93,2026-10-23,P,769.0,4.39,4.42,4.47,416.0,1737.0,0.10572183349609374,False,2026-10-08 20:07:43+00:00,SPY261023P00769000
SPY,2026-10-09,773.93,2026-10-23,P,770.0,4.68,4.7,4.71,2762.0,3189.0,0.10376872802734374,False,2026-10-08 20:14:37+00:00,SPY261023P00770000
SPY,2026-10-09,773.93,2026-10-23,P,771.0,4.99,5.03,4.96,385.0,2679.0,0.10227338165283201,False,2026-10-08 20:10:25+00:00,SPY261023P00771000
SPY,2026-10-09,773.93,2026-10-23,P,772.0,5.33,5.37,5.35,1943.0,2132.0,0.10062544891357422,False,2026-10-08 20:12:59+00:00,SPY261023P00772000
SPY,2026-10-09,773.93,2026-10-23,P,773.0,5.69,5.73,6.0,656.0,1378.0,0.09888596435546876,False,2026-10-08 19:58:09+00:00,SPY261023P00773000
SPY,2026-10-09,773.93,2026-10-23,P,774.0,6.08,6.12,6.19,1142.0,1759.0,0.09723803161621095,True,2026-10-08 20:07:17+00:00,SPY261023P00774000
SPY,2026-10-09,773.93,2026-10-23,P,775.0,6.49,6.53,6.43,1946.0,2590.0,0.09549854705810548,True,2026-10-08 20:11:00+00:00,SPY261023P00775000
SPY,2026-10-09,773.93,2026-10-23,P,776.0,6.92,6.96,7.06,436.0,1531.0,0.09363699340820314,True,2026-10-08 20:03:07+00:00,SPY261023P00776000
SPY,2026-10-09,773.93,2026-10-23,P,777.0,7.38,7.42,7.81,1418.0,1051.0,0.09180595703125,True,2026-10-08 19:29:12+00:00,SPY261023P00777000
SPY,2026-10-09,773.93,2026-10-23,P,778.0,7.83,7.94,7.88,468.0,774.0,0.09046319702148437,True,2026-10-08 20:14:41+00:00,SPY261023P00778000
SPY,2026-10-09,773.93,2026-10-23,P,779.0,8.32,8.48,9.38,85.0,566.0,0.08893733337402344,True,2026-10-08 18:47:41+00:00,SPY261023P00779000
SPY,2026-10-09,773.93,2026-10-23,P,780.0,8.87,9.05,9.07,355.0,889.0,0.08741146972656251,True,2026-10-08 20:07:36+00:00,SPY261023P00780000
SPY,2026-10-09,773.93,2026-10-23,P,781.0,9.44,9.61,10.26,10.0,1183.0,0.0850921569824219,True,2026-10-08 19:54:02+00:00,SPY261023P00781000
SPY,2026-10-09,773.93,2026-10-23,P,782.0,10.05,10.23,11.23,77.0,134.0,0.08326112060546878,True,2026-10-08 18:40:57+00:00,SPY261023P00782000
SPY,2026-10-09,773.93,2026-10-23,P,783.0,10.71,10.86,10.95,10.0,58.0,0.0809112905883789,True,2026-10-08 20:01:45+00:00,SPY261023P00783000
SPY,2026-10-09,773.93,2026-10-23,P,784.0,11.36,11.55,12.27,5.0,182.0,0.07904973693847657,True,2026-10-08 19:54:09+00:00,SPY261023P00784000
SPY,2026-10-09,773.93,2026-10-23,P,785.0,11.96,12.37,12.1,312.0,193.0,0.0794159442138672,True,2026-10-08 20:09:37+00:00,SPY261023P00785000
SPY,2026-10-09,773.93,2026-10-23,P,786.0,12.79,12.98,14.27,16.0,20.0,0.07386180053710939,True,2026-10-08 18:15:11+00:00,SPY261023P00786000
SPY,2026-10-09,773.93,2026-10-23,P,787.0,13.53,13.75,14.53,3.0,30.0,0.07111524597167969,True,2026-10-08 16:48:46+00:00,SPY261023P00787000
SPY,2026-10-09,773.93,2026-10-23,P,788.0,14.15,14.65,14.17,40.0,49.0,0.07154248779296876,True,2026-10-08 16:16:18+00:00,SPY261023P00788000
SPY,2026-10-09,773.93,2026-10-23,P,789.0,14.96,15.46,16.25,4.0,24.0,0.06788041503906252,True,2026-10-08 19:54:18+00:00,SPY261023P00789000
SPY,2026-10-09,773.93,2026-10-23,P,790.0,15.79,16.3,16.84,97.0,270.0,0.06336385864257812,True,2026-10-08 19:52:43+00:00,SPY261023P00790000
SPY,2026-10-09,773.93,2026-10-23,P,791.0,15.82,17.16,19.62,8.0,32.0,0.05603971313476562,True,2026-10-08 17:26:08+00:00,SPY261023P00791000
SPY,2026-10-09,773.93,2026-10-23,P,792.0,16.55,19.12,17.58,4.0,4.0,0.10132734619140624,True,2026-10-08 19:54:32+00:00,SPY261023P00792000
SPY,2026-10-09,773.93,2026-10-23,P,793.0,17.44,20.05,15.34,4.0,4.0,0.10297527893066405,True,2026-10-06 13:53:53+00:00,SPY261023P00793000
SPY,2026-10-09,773.93,2026-10-23,P,794.0,18.37,21.01,15.63,16.0,8.0,0.10541666076660156,True,2026-10-06 20:05:23+00:00,SPY261023P00794000
SPY,2026-10-09,773.93,2026-10-23,P,795.0,19.37,22.02,20.0,1.0,4.0,0.10938390625,True,2026-10-08 16:37:54+00:00,SPY261023P00795000
SPY,2026-10-09,773.93,2026-10-23,P,796.0,20.37,22.98,18.55,2.0,1.0,0.11164218444824218,True,2026-10-07 18:28:17+00:00,SPY261023P00796000
SPY,2026-10-09,773.93,2026-10-23,P,797.0,21.37,24.03,28.97,1.0,0.0,0.11695218994140624,True,2026-09-25 15:50:45+00:00,SPY261023P00797000
SPY,2026-10-09,773.93,2026-10-23,P,798.0,22.37,25.03,23.35,1.0,0.0,0.12049219360351562,True,2026-10-07 14:00:51+00:00,SPY261023P00798000
SPY,2026-10-09,773.93,2026-10-23,P,799.0,23.37,25.98,33.55,1.0,0.0,0.12226219543457033,True,2026-09-29 13:42:05+00:00,SPY261023P00799000
SPY,2026-10-09,773.93,2026-10-23,P,800.0,24.31,27.03,24.31,4.0,2.0,0.12751116638183596,True,2026-10-08 14:20:10+00:00,SPY261023P00800000
SPY,2026-10-09,773.93,2026-10-23,P,801.0,25.31,28.03,25.67,1.0,0.0,0.13099013549804686,True,2026-10-07 14:47:35+00:00,SPY261023P00801000
SPY,2026-10-09,773.93,2026-10-23,P,802.0,26.31,29.03,30.77,1.0,0.0,0.13446910461425782,True,2026-09-25 16:44:17+00:00,SPY261023P00802000
SPY,2026-10-09,773.93,2026-10-23,P,803.0,27.31,30.03,38.55,,0.0,0.13788703918457032,True,2026-09-24 15:07:49+00:00,SPY261023P00803000
SPY,2026-10-09,773.93,2026-10-23,P,805.0,29.31,32.03,41.44,1.0,0.0,0.14466187377929687,True,2026-09-24 15:15:27+00:00,SPY261023P00805000
SPY,2026-10-09,773.93,2026-10-23,P,806.0,30.31,33.03,37.86,,0.0,0.14801877380371098,True,2026-09-24 19:54:22+00:00,SPY261023P00806000
SPY,2026-10-09,773.93,2026-10-23,P,807.0,31.31,34.01,36.24,7.0,0.0,0.15058222473144534,True,2026-09-25 16:36:53+00:00,SPY261023P00807000
SPY,2026-10-09,773.93,2026-10-23,P,808.0,32.31,35.03,37.22,18.0,0.0,0.15467153930664065,True,2026-09-25 16:36:37+00:00,SPY261023P00808000
SPY,2026-10-09,773.93,2026-10-23,P,809.0,33.31,36.03,37.65,2.0,0.0,0.15796740478515625,True,2026-09-25 16:09:33+00:00,SPY261023P00809000
SPY,2026-10-09,773.93,2026-10-23,P,810.0,34.31,37.03,38.87,3.0,0.0,0.16126327026367188,True,2026-09-25 16:39:22+00:00,SPY261023P00810000
SPY,2026-10-09,773.93,2026-10-23,P,811.0,35.31,38.03,39.06,5.0,0.0,0.1645591357421875,True,2026-09-25 19:54:23+00:00,SPY261023P00811000
SPY,2026-10-09,773.93,2026-10-23,P,812.0,36.31,39.03,37.51,1.0,0.0,0.16779396667480473,True,2026-10-08 20:11:16+00:00,SPY261023P00812000
SPY,2026-10-09,773.93,2026-10-23,P,813.0,37.31,40.03,38.33,,0.0,0.1710287976074219,True,2026-09-22 19:54:03+00:00,SPY261023P00813000
SPY,2026-10-09,773.93,2026-10-23,P,815.0,39.31,42.03,40.49,1.0,1.0,0.17737639038085937,True,2026-10-08 20:11:16+00:00,SPY261023P00815000
SPY,2026-10-09,773.93,2026-10-23,P,821.0,45.31,48.03,63.75,1.0,0.0,0.19623606506347657,True,2026-09-10 13:30:04+00:00,SPY261023P00821000
SPY,2026-10-09,773.93,2026-10-23,P,850.0,74.31,77.03,91.9,1.0,0.0,0.2810130493164062,True,2026-09-14 13:31:58+00:00,SPY261023P00850000
SPY,2026-10-09,773.93,2026-10-23,P,900.0,124.31,127.03,138.53,,0.0,0.41089456298828125,True,2026-09-14 16:59:30+00:00,SPY261023P00900000
