symbol,snapshot_date,spot,expiry,right,strike,bid,ask,last_price,volume,open_interest,implied_vol,in_the_money,last_trade_date,contract_symbol
SPY,2026-09-21,761.6900024414062,2026-09-21,C,610.0,0.0,0.0,149.57,6.0,0.0,1.0000000000000003e-05,True,2026-09-14 13:44:23+00:00,SPY260921C00610000
SPY,2026-09-21,761.6900024414062,2026-09-21,C,630.0,0.0,0.0,130.51,,0.0,1.0000000000000003e-05,True,2026-09-10 14:24:40+00:00,SPY260921C00630000
SPY,2026-09-21,761.6900024414062,2026-09-21,C,650.0,0.0,0.0,109.37,1.0,0.0,1.0000000000000003e-05,True,2026-09-18 14:36:09+00:00,SPY260921C00650000
SPY,2026-09-21,761.6900024414062,2026-09-21,C,660.0,0.0,0.0,101.71,30.0,0.0,1.0000000000000003e-05,True,2026-09-18 19:47:37+00:00,SPY260921C00660000
SPY,2026-09-21,761.6900024414062,2026-09-21,C,665.0,0.0,0.0,96.74,80.0,0.0,1.0000000000000003e-05,True,2026-09-18 19:49:01+00:00,SPY260921C00665000
SPY,2026-09-21,761.6900024414062,2026-09-21,C,670.0,0.0,0.0,91.62,122.0,0.0,1.0000000000000003e-05,True,2026-09-18 19:46:56+00:00,SPY260921C00670000
SPY,2026-09-21,761.6900024414062,2026-09-21,C,675.0,0.0,0.0,86.44,28.0,0.0,1.0000000000000003e-05,True,2026-09-18 19:44:45+00:00,SPY260921C00675000
SPY,2026-09-21,761.6900024414062,2026-09-21,C,680.0,0.0,0.0,81.77,234.0,0.0,1.0000000000000003e-05,True,2026-09-18 19:59:26+00:00,SPY260921C00680000
SPY,2026-09-21,761.6900024414062,2026-09-21,C,685.0,0.0,0.0,76.61,154.0,0.0,1.0000000000000003e-05,True,2026-09-18 19:44:31+00:00,SPY260921C00685000
SPY,2026-09-21,761.6900024414062,2026-09-21,C,690.0,0.0,0.0,71.03,214.0,0.0,1.0000000000000003e-05,True,2026-09-18 19:36:57+00:00,SPY260921C00690000
SPY,2026-09-21,761.6900024414062,2026-09-21,C,695.0,0.0,0.0,66.46,70.0,0.0,1.0000000000000003e-05,True,2026-09-18 19:43:41+00:00,SPY260921C00695000
SPY,2026-09-21,761.6900024414062,2026-09-21,C,700.0,0.0,0.0,61.36,242.0,0.0,1.0000000000000003e-05,True,2026-09-18 19:43:14+00:00,SPY260921C00700000
SPY,2026-09-21,761.6900024414062,2026-09-21,C,705.0,0.0,0.0,56.46,44.0,0.0,1.0000000000000003e-05,True,2026-09-18 19:42:17+00:00,SPY260921C00705000
SPY,2026-09-21,761.6900024414062,2026-09-21,C,710.0,0.0,0.0,51.42,123.0,0.0,1.0000000000000003e-05,True,2026-09-18 19:44:01+00:00,SPY260921C00710000
SPY,2026-09-21,761.6900024414062,2026-09-21,C,715.0,0.0,0.0,45.47,305.0,0.0,1.0000000000000003e-05,True,2026-09-18 19:52:04+00:00,SPY260921C00715000
SPY,2026-09-21,761.6900024414062,2026-09-21,C,718.0,0.0,0.0,43.91,154.0,0.0,1.0000000000000003e-05,True,2026-09-18 19:55:37+00:00,SPY260921C00718000
SPY,2026-09-21,761.6900024414062,2026-09-21,C,719.0,0.0,0.0,42.99,68.0,0.0,1.0000000000000003e-05,True,2026-09-18 19:55:24+00:00,SPY260921C00719000
SPY,2026-09-21,761.6900024414062,2026-09-21,C,720.0,0.0,0.0,41.26,128.0,0.0,1.0000000000000003e-05,True,2026-09-18 19:39:47+00:00,SPY260921C00720000
SPY,2026-09-21,761.6900024414062,2026-09-21,C,721.0,0.0,0.0,40.4,297.0,0.0,1.0000000000000003e-05,True,2026-09-18 19:51:35+00:00,SPY260921C00721000
SPY,2026-09-21,761.6900024414062,2026-09-21,C,722.0,0.0,0.0,39.19,120.0,0.0,1.0000000000000003e-05,True,2026-09-18 19:25:25+00:00,SPY260921C00722000
SPY,2026-09-21,761.6900024414062,2026-09-21,C,723.0,0.0,0.0,38.18,343.0,0.0,1.0000000000000003e-05,True,2026-09-18 19:38:06+00:00,SPY260921C00723000
SPY,2026-09-21,761.6900024414062,2026-09-21,C,724.0,0.0,0.0,37.23,152.0,0.0,1.0000000000000003e-05,True,2026-09-18 19:01:24+00:00,SPY260921C00724000
SPY,2026-09-21,761.6900024414062,2026-09-21,C,725.0,0.0,0.0,35.5,407.0,0.0,1.0000000000000003e-05,True,2026-09-18 19:07:00+00:00,SPY260921C00725000
SPY,2026-09-21,761.6900024414062,2026-09-21,C,726.0,0.0,0.0,35.43,478.0,0.0,1.0000000000000003e-05,True,2026-09-18 19:05:14+00:00,SPY260921C00726000
SPY,2026-09-21,761.6900024414062,2026-09-21,C,727.0,0.0,0.0,34.51,72.0,0.0,1.0000000000000003e-05,True,2026-09-18 19:58:32+00:00,SPY260921C00727000
SPY,2026-09-21,761.6900024414062,2026-09-21,C,728.0,0.0,0.0,33.52,121.0,0.0,1.0000000000000003e-05,True,2026-09-18 19:58:32+00:00,SPY260921C00728000
SPY,2026-09-21,761.6900024414062,2026-09-21,C,729.0,0.0,0.0,32.79,92.0,0.0,1.0000000000000003e-05,True,2026-09-18 19:55:52+00:00,SPY260921C00729000
SPY,2026-09-21,761.6900024414062,2026-09-21,C,730.0,0.0,0.0,31.66,217.0,0.0,1.0000000000000003e-05,True,2026-09-18 19:56:42+00:00,SPY260921C00730000
SPY,2026-09-21,761.6900024414062,2026-09-21,C,731.0,0.0,0.0,28.44,74.0,0.0,1.0000000000000003e-05,True,2026-09-18 17:16:05+00:00,SPY260921C00731000
SPY,2026-09-21,761.6900024414062,2026-09-21,C,732.0,0.0,0.0,27.87,218.0,0.0,1.0000000000000003e-05,True,2026-09-18 18:11:10+00:00,SPY260921C00732000
SPY,2026-09-21,761.6900024414062,2026-09-21,C,733.0,0.0,0.0,28.37,222.0,0.0,1.0000000000000003e-05,True,2026-09-18 19:13:28+00:00,SPY260921C00733000
SPY,2026-09-21,761.6900024414062,2026-09-21,C,734.0,0.0,0.0,25.39,168.0,0.0,1.0000000000000003e-05,True,2026-09-18 17:14:01+00:00,SPY260921C00734000
SPY,2026-09-21,761.6900024414062,2026-09-21,C,735.0,0.0,0.0,24.88,93.0,0.0,1.0000000000000003e-05,True,2026-09-18 17:58:21+00:00,SPY260921C00735000
SPY,2026-09-21,761.6900024414062,2026-09-21,C,736.0,0.0,0.0,23.89,160.0,0.0,1.0000000000000003e-05,True,2026-09-18 18:07:03+00:00,SPY260921C00736000
SPY,2026-09-21,761.6900024414062,2026-09-21,C,737.0,0.0,0.0,25.69,28.0,0.0,1.0000000000000003e-05,True,2026-09-18 20:07:36+00:00,SPY260921C00737000
SPY,2026-09-21,761.6900024414062,2026-09-21,C,738.0,0.0,0.0,23.39,64.0,0.0,1.0000000000000003e-05,True,2026-09-18 19:12:43+00:00,SPY260921C00738000
SPY,2026-09-21,761.6900024414062,2026-09-21,C,739.0,0.0,0.0,21.88,119.0,0.0,1.0000000000000003e-05,True,2026-09-18 19:30:45+00:00,SPY260921C00739000
SPY,2026-09-21,761.6900024414062,2026-09-21,C,740.0,0.0,0.0,21.77,105.0,0.0,1.0000000000000003e-05,True,2026-09-18 19:47:10+00:00,SPY260921C00740000
SPY,2026-09-21,761.6900024414062,2026-09-21,C,741.0,0.0,0.0,20.25,128.0,0.0,1.0000000000000003e-05,True,2026-09-18 19:22:40+00:00,SPY260921C00741000
SPY,2026-09-21,761.6900024414062,2026-09-21,C,742.0,0.0,0.0,18.92,43.0,0.0,1.0000000000000003e-05,True,2026-09-18 19:34:49+00:00,SPY260921C00742000
SPY,2026-09-21,761.6900024414062,2026-09-21,C,743.0,0.0,0.0,18.7,357.0,0.0,1.0000000000000003e-05,True,2026-09-18 19:59:51+00:00,SPY260921C00743000
SPY,2026-09-21,761.6900024414062,2026-09-21,C,744.0,0.0,0.0,17.33,464.0,0.0,1.0000000000000003e-05,True,2026-09-18 19:02:24+00:00,SPY260921C00744000
SPY,2026-09-21,761.6900024414062,2026-09-21,C,745.0,0.0,0.0,17.74,266.0,0.0,1.0000000000000003e-05,True,2026-09-18 20:07:22+00:00,SPY260921C00745000
SPY,2026-09-21,761.6900024414062,2026-09-21,C,746.0,0.0,0.0,17.0,487.0,0.0,1.0000000000000003e-05,True,2026-09-18 20:14:18+00:00,SPY260921C00746000
SPY,2026-09-21,761.6900024414062,2026-09-21,C,747.0,0.0,0.0,14.21,215.0,0.0,1.0000000000000003e-05,True,2026-09-18 19:26:31+00:00,SPY260921C00747000
SPY,2026-09-21,761.6900024414062,2026-09-21,C,748.0,0.0,0.0,13.8,691.0,0.0,1.0000000000000003e-05,True,2026-09-18 19:49:52+00:00,SPY260921C00748000
SPY,2026-09-21,761.6900024414062,2026-09-21,C,749.0,0.0,0.0,13.01,1036.0,0.0,1.0000000000000003e-05,True,2026-09-18 19:55:27+00:00,SPY260921C00749000
SPY,2026-09-21,761.6900024414062,2026-09-21,C,750.0,0.0,0.0,13.18,2725.0,0.0,1.0000000000000003e-05,True,2026-09-18 20:13:03+00:00,SPY260921C00750000
SPY,2026-09-21,761.6900024414062,2026-09-21,C,751.0,0.0,0.0,11.6,1934.0,0.0,1.0000000000000003e-05,True,2026-09-18 20:03:29+00:00,SPY260921C00751000
SPY,2026-09-21,761.6900024414062,2026-09-21,C,752.0,0.0,0.0,11.15,1822.0,0.0,1.0000000000000003e-05,True,2026-09-18 20:14:34+00:00,SPY260921C00752000
SPY,2026-09-21,761.6900024414062,2026-09-21,C,753.0,0.0,0.0,10.12,1764.0,0.0,1.0000000000000003e-05,True,2026-09-18 20:11:02+00:00,SPY260921C00753000
SPY,2026-09-21,761.6900024414062,2026-09-21,C,754.0,0.0,0.0,9.27,2481.0,0.0,1.0000000000000003e-05,True,2026-09-18 20:12:25+00:00,SPY260921C00754000
SPY,2026-09-21,761.6900024414062,2026-09-21,C,755.0,0.0,0.0,8.25,2925.0,0.0,1.0000000000000003e-05,True,2026-09-18 20:11:04+00:00,SPY260921C00755000
SPY,2026-09-21,761.6900024414062,2026-09-21,C,756.0,0.0,0.0,7.31,2771.0,0.0,1.0000000000000003e-05,True,2026-09-18 20:14:59+00:00,SPY260921C00756000
SPY,2026-09-21,761.6900024414062,2026-09-21,C,757.0,0.0,0.0,6.43,7300.0,0.0,1.0000000000000003e-05,True,2026-09-18 20:14:46+00:00,SPY260921C00757000
SPY,2026-09-21,761.6900024414062,2026-09-21,C,758.0,0.0,0.0,5.59,12529.0,0.0,1.0000000000000003e-05,True,2026-09-18 20:13:53+00:00,SPY260921C00758000
SPY,2026-09-21,761.6900024414062,2026-09-21,C,759.0,0.0,0.0,4.69,39348.0,0.0,1.0000000000000003e-05,True,2026-09-18 20:14:43+00:00,SPY260921C00759000
SPY,2026-09-21,761.6900024414062,2026-09-21,C,760.0,0.0,0.0,3.78,75144.0,0.0,1.0000000000000003e-05,True,2026-09-18 20:14:59+00:00,SPY260921C00760000
SPY,2026-09-21,761.6900024414062,2026-09-21,C,761.0,0.0,0.0,3.04,56689.0,0.0,1.0000000000000003e-05,True,2026-09-18 20:14:58+00:00,SPY260921C00761000
SPY,2026-09-21,761.6900024414062,2026-09-21,C,762.0,0.0,0.0,2.38,62520.0,0.0,0.00196310546875,False,2026-09-18 20:14:58+00:00,SPY260921C00762000
SPY,2026-09-21,761.6900024414062,2026-09-21,C,763.0,0.0,0.0,1.77,43495.0,0.0,0.007822421875,False,2026-09-18 20:14:59+00:00,SPY260921C00763000
SPY,2026-09-21,761.6900024414062,2026-09-21,C,764.0,0.0,0.0,1.28,24576.0,0.0,0.015634843750000002,False,2026-09-18 20:14:57+00:00,SPY260921C00764000
SPY,2026-09-21,761.6900024414062,2026-09-21,C,765.0,0.0,0.0,0.9,36214.0,0.0,0.015634843750000002,False,2026-09-18 20:14:59+00:00,SPY260921C00765000
SPY,2026-09-21,761.6900024414062,2026-09-21,C,766.0,0.0,0.0,0.58,24270.0,0.0,0.0312596875,False,2026-09-18 20:14:58+00:00,SPY260921C00766000
SPY,2026-09-21,761.6900024414062,2026-09-21,C,767.0,0.0,0.0,0.36,15203.0,0.0,0.0312596875,False,2026-09-18 20:14:58+00:00,SPY260921C00767000
SPY,2026-09-21,761.6900024414062,2026-09-21,C,768.0,0.0,0.0,0.23,18494.0,0.0,0.0312596875,False,2026-09-18 20:14:58+00:00,SPY260921C00768000
SPY,2026-09-21,761.6900024414062,2026-09-21,C,769.0,0.0,0.0,0.14,11797.0,0.0,0.0312596875,False,2026-09-18 20:14:58+00:00,SPY260921C00769000
SPY,2026-09-21,761.6900024414062,2026-09-21,C,770.0,0.0,0.0,0.09,58171.0,0.0,0.062509375,False,2026-09-18 20:14:59+00:00,SPY260921C00770000
SPY,2026-09-21,761.6900024414062,2026-09-21,C,771.0,0.0,0.0,0.05,4485.0,0.0,0.062509375,False,2026-09-18 20:14:58+00:00,SPY260921C00771000
SPY,2026-09-21,761.6900024414062,2026-09-21,C,772.0,0.0,0.0,0.03,4171.0,0.0,0.062509375,False,2026-09-18 20:14:16+00:00,SPY260921C00772000
SPY,2026-09-21,761.6900024414062,2026-09-21,C,773.0,0.0,0.0,0.02,3234.0,0.0,0.062509375,False,2026-09-18 20:14:47+00:00,SPY260921C00773000
SPY,2026-09-21,761.6900024414062,2026-09-21,C,774.0,0.0,0.0,0.01,2094.0,0.0,0.062509375,False,2026-09-18 20:12:53+00:00,SPY260921C00774000
SPY,2026-09-21,761.6900024414062,2026-09-21,C,775.0,0.0,0.0,0.01,1360.0,0.0,0.062509375,False,2026-09-18 20:14:29+00:00,SPY260921C00775000
SPY,2026-09-21,761.6900024414062,2026-09-21,C,776.0,0.0,0.0,0.01,555.0,0.0,0.062509375,False,2026-09-18 20:14:59+00:00,SPY260921C00776000
SPY,2026-09-21,761.6900024414062,2026-09-21,C,777.0,0.0,0.0,0.02,619.0,0.0,0.062509375,False,2026-09-18 19:50:10+00:00,SPY260921C00777000
SPY,2026-09-21,761.6900024414062,2026-09-21,C,778.0,0.0,0.0,0.01,614.0,0.0,0.12500875,False,2026-09-18 19:51:43+00:00,SPY260921C00778000
SPY,2026-09-21,761.6900024414062,2026-09-21,C,779.0,0.0,0.0,0.01,675.0,0.0,0.12500875,False,2026-09-18 16:10:43+00:00,SPY260921C00779000
SPY,2026-09-21,761.6900024414062,2026-09-21,C,780.0,0.0,0.0,0.01,153.0,0.0,0.12500875,False,2026-09-18 20:14:47+00:00,SPY260921C00780000
SPY,2026-09-21,761.6900024414062,2026-09-21,C,781.0,0.0,0.0,0.01,209.0,0.0,0.12500875,False,2026-09-18 19:21:49+00:00,SPY260921C00781000
SPY,2026-09-21,761.6900024414062,2026-09-21,C,782.0,0.0,0.0,0.01,31.0,0.0,0.12500875,False,2026-09-18 20:04:43+00:00,SPY260921C00782000
SPY,2026-09-21,761.6900024414062,2026-09-21,C,783.0,0.0,0.0,0.01,480.0,0.0,0.12500875,False,2026-09-18 19:54:00+00:00,SPY260921C00783000
SPY,2026-09-21,761.6900024414062,2026-09-21,C,784.0,0.0,0.0,0.01,201.0,0.0,0.12500875,False,2026-09-18 13:35:46+00:00,SPY260921C00784000
SPY,2026-09-21,761.6900024414062,2026-09-21,C,785.0,0.0,0.0,0.01,14.0,0.0,0.12500875,False,2026-09-18 20:12:27+00:00,SPY260921C00785000
SPY,2026-09-21,761.6900024414062,2026-09-21,C,786.0,0.0,0.0,0.01,120.0,0.0,0.12500875,False,2026-09-18 13:36:57+00:00,SPY260921C00786000
SPY,2026-09-21,761.6900024414062,2026-09-21,C,787.0,0.0,0.0,0.01,120.0,0.0,0.12500875,False,2026-09-18 13:36:44+00:00,SPY260921C00787000
SPY,2026-09-21,761.6900024414062,2026-09-21,C,788.0,0.0,0.0,0.01,200.0,0.0,0.12500875,False,2026-09-18 13:36:18+00:00,SPY260921C00788000
SPY,2026-09-21,761.6900024414062,2026-09-21,C,789.0,0.0,0.0,0.02,120.0,0.0,0.12500875,False,2026-09-16 19:41:47+00:00,SPY260921C00789000
SPY,2026-09-21,761.6900024414062,2026-09-21,C,790.0,0.0,0.0,0.01,5.0,0.0,0.12500875,False,2026-09-18 16:33:35+00:00,SPY260921C00790000
SPY,2026-09-21,761.6900024414062,2026-09-21,C,791.0,0.0,0.0,0.02,100.0,0.0,0.12500875,False,2026-09-16 19:52:35+00:00,SPY260921C00791000
SPY,2026-09-21,761.6900024414062,2026-09-21,C,792.0,0.0,0.0,0.01,470.0,0.0,0.12500875,False,2026-09-16 20:10:26+00:00,SPY260921C00792000
SPY,2026-09-21,761.6900024414062,2026-09-21,C,793.0,0.0,0.0,0.01,34.0,0.0,0.12500875,False,2026-09-16 19:16:52+00:00,SPY260921C00793000
SPY,2026-09-21,761.6900024414062,2026-09-21,C,794.0,0.0,0.0,0.01,10.0,0.0,0.12500875,False,2026-09-17 18:30:44+00:00,SPY260921C00794000
SPY,2026-09-21,761.6900024414062,2026-09-21,C,795.0,0.0,0.0,0.02,52.0,0.0,0.12500875,False,2026-09-16 19:24:49+00:00,SPY260921C00795000
SPY,2026-09-21,761.6900024414062,2026-09-21,C,796.0,0.0,0.0,0.02,,0.0,0.12500875,False,2026-09-16 16:39:07+00:00,SPY260921C00796000
SPY,2026-09-21,761.6900024414062,2026-09-21,C,797.0,0.0,0.0,0.02,10.0,0.0,0.2500075,False,2026-09-16 17:58:58+00:00,SPY260921C00797000
SPY,2026-09-21,761.6900024414062,2026-09-21,C,798.0,0.0,0.0,0.02,1.0,0.0,0.2500075,False,2026-09-14 15:32:29+00:00,SPY260921C00798000
SPY,2026-09-21,761.6900024414062,2026-09-21,C,799.0,0.0,0.0,0.01,,0.0,0.2500075,False,2026-09-16 19:25:38+00:00,SPY260921C00799000
SPY,2026-09-21,761.6900024414062,2026-09-21,C,800.0,0.0,0.0,0.01,135.0,0.0,0.2500075,False,2026-09-17 14:47:54+00:00,SPY260921C00800000
SPY,2026-09-21,761.6900024414062,2026-09-21,C,801.0,0.0,0.0,0.01,218.0,0.0,0.2500075,False,2026-09-17 19:25:22+00:00,SPY260921C00801000
SPY,2026-09-21,761.6900024414062,2026-09-21,C,802.0,0.0,0.0,0.01,,0.0,0.2500075,False,2026-09-17 19:56:46+00:00,SPY260921C00802000
SPY,2026-09-21,761.6900024414062,2026-09-21,C,803.0,0.0,0.0,0.01,,0.0,0.2500075,False,2026-09-17 19:39:33+00:00,SPY260921C00803000
SPY,2026-09-21,761.6900024414062,2026-09-21,C,804.0,0.0,0.0,0.02,,0.0,0.2500075,False,2026-09-17 15:26:34+00:00,SPY260921C00804000
SPY,2026-09-21,761.6900024414062,2026-09-21,C,805.0,0.0,0.0,0.01,,0.0,0.2500075,False,2026-09-17 15:26:13+00:00,SPY260921C00805000
SPY,2026-09-21,761.6900024414062,2026-09-21,C,806.0,0.0,0.0,0.01,480.0,0.0,0.2500075,False,2026-09-17 13:34:27+00:00,SPY260921C00806000
SPY,2026-09-21,761.6900024414062,2026-09-21,C,807.0,0.0,0.0,0.01,,0.0,0.2500075,False,2026-09-16 19:06:49+00:00,SPY260921C00807000
SPY,2026-09-21,761.6900024414062,2026-09-21,C,808.0,0.0,0.0,0.01,2.0,0.0,0.2500075,False,2026-09-14 19:47:30+00:00,SPY260921C00808000
SPY,2026-09-21,761.6900024414062,2026-09-21,C,809.0,0.0,0.0,0.01,30.0,0.0,0.2500075,False,2026-09-16 19:06:54+00:00,SPY260921C00809000
SPY,2026-09-21,761.6900024414062,2026-09-21,C,810.0,0.0,0.0,0.01,10.0,0.0,0.2500075,False,2026-09-16 18:56:50+00:00,SPY260921C00810000
SPY,2026-09-21,761.6900024414062,2026-09-21,C,815.0,0.0,0.0,0.01,30.0,0.0,0.2500075,False,2026-09-16 18:55:34+00:00,SPY260921C00815000
SPY,2026-09-21,761.6900024414062,2026-09-21,C,820.0,0.0,0.0,0.01,,0.0,0.2500075,False,2026-09-16 18:54:24+00:00,SPY260921C00820000
SPY,2026-09-21,761.6900024414062,2026-09-21,C,825.0,0.0,0.0,0.01,,0.0,0.2500075,False,2026-09-16 17:58:33+00:00,SPY260921C00825000
SPY,2026-09-21,761.6900024414062,2026-09-21,C,830.0,0.0,0.0,0.01,46.0,0.0,0.2500075,False,2026-09-16 18:16:48+00:00,SPY260921C00830000
SPY,2026-09-21,761.6900024414062,2026-09-21,C,835.0,0.0,0.0,0.01,66.0,0.0,0.2500075,False,2026-09-16 17:58:40+00:00,SPY260921C00835000
SPY,2026-09-21,761.6900024414062,2026-09-21,C,845.0,0.0,0.0,0.01,,0.0,0.500005,False,2026-09-11 19:29:20+00:00,SPY260921C00845000
SPY,2026-09-21,761.6900024414062,2026-09-21,C,865.0,0.0,0.0,0.01,,0.0,0.500005,False,2026-09-10 18:47:39+00:00,SPY260921C00865000
SPY,2026-09-21,761.6900024414062,2026-09-21,C,870.0,0.0,0.0,0.01,,0.0,0.500005,False,2026-09-10 18:46:57+00:00,SPY260921C00870000
SPY,2026-09-21,761.6900024414062,2026-09-21,C,875.0,0.0,0.0,0.01,,0.0,0.500005,False,2026-09-10 13:45:22+00:00,SPY260921C00875000
SPY,2026-09-21,761.6900024414062,2026-09-21,C,880.0,0.0,0.0,0.01,,0.0,0.500005,False,2026-09-10 13:48:21+00:00,SPY260921C00880000
SPY,2026-09-21,761.6900024414062,2026-09-21,C,950.0,0.0,0.0,0.01,,0.0,0.500005,False,2026-09-14 20:10:19+00:00,SPY260921C00950000
SPY,2026-09-21,761.6900024414062,2026-09-21,P,550.0,0.0,0.0,0.01,2.0,0.0,0.500005,False,2026-09-18 13:51:07+00:00,SPY260921P00550000
SPY,2026-09-21,761.6900024414062,2026-09-21,P,555.0,0.0,0.0,0.01,190.0,0.0,0.500005,False,2026-09-16 19:27:17+00:00,SPY260921P00555000
SPY,2026-09-21,761.6900024414062,2026-09-21,P,560.0,0.0,0.0,0.03,,0.0,0.500005,False,2026-09-11 19:40:01+00:00,SPY260921P00560000
SPY,2026-09-21,761.6900024414062,2026-09-21,P,565.0,0.0,0.0,0.01,,0.0,0.500005,False,2026-09-16 13:45:51+00:00,SPY260921P00565000
SPY,2026-09-21,761.6900024414062,2026-09-21,P,570.0,0.0,0.0,0.01,105.0,0.0,0.500005,False,2026-09-16 19:21:01+00:00,SPY260921P00570000
SPY,2026-09-21,761.6900024414062,2026-09-21,P,575.0,0.0,0.0,0.01,,0.0,0.500005,False,2026-09-16 19:20:11+00:00,SPY260921P00575000
SPY,2026-09-21,761.6900024414062,2026-09-21,P,580.0,0.0,0.0,0.04,,0.0,0.500005,False,2026-09-11 19:43:58+00:00,SPY260921P00580000
SPY,2026-09-21,761.6900024414062,2026-09-21,P,585.0,0.0,0.0,0.03,24.0,0.0,0.500005,False,2026-09-14 18:35:41+00:00,SPY260921P00585000
SPY,2026-09-21,761.6900024414062,2026-09-21,P,590.0,0.0,0.0,0.01,,0.0,0.500005,False,2026-09-16 16:13:38+00:00,SPY260921P00590000
SPY,2026-09-21,761.6900024414062,2026-09-21,P,595.0,0.0,0.0,0.01,,0.0,0.500005,False,2026-09-16 18:08:19+00:00,SPY260921P00595000
SPY,2026-09-21,761.6900024414062,2026-09-21,P,600.0,0.0,0.0,0.02,120.0,0.0,0.500005,False,2026-09-16 19:27:09+00:00,SPY260921P00600000
SPY,2026-09-21,761.6900024414062,2026-09-21,P,605.0,0.0,0.0,0.02,1.0,0.0,0.500005,False,2026-09-16 13:42:33+00:00,SPY260921P00605000
SPY,2026-09-21,761.6900024414062,2026-09-21,P,610.0,0.0,0.0,0.01,,0.0,0.500005,False,2026-09-17 18:15:25+00:00,SPY260921P00610000
SPY,2026-09-21,761.6900024414062,2026-09-21,P,615.0,0.0,0.0,0.05,30.0,0.0,0.500005,False,2026-09-14 18:14:19+00:00,SPY260921P00615000
SPY,2026-09-21,761.6900024414062,2026-09-21,P,620.0,0.0,0.0,0.03,,0.0,0.500005,False,2026-09-16 19:21:27+00:00,SPY260921P00620000
SPY,2026-09-21,761.6900024414062,2026-09-21,P,625.0,0.0,0.0,0.02,,0.0,0.500005,False,2026-09-17 17:15:15+00:00,SPY260921P00625000
SPY,2026-09-21,761.6900024414062,2026-09-21,P,630.0,0.0,0.0,0.01,1379.0,0.0,0.500005,False,2026-09-17 15:39:39+00:00,SPY260921P00630000
SPY,2026-09-21,761.6900024414062,2026-09-21,P,635.0,0.0,0.0,0.01,,0.0,0.500005,False,2026-09-17 20:00:59+00:00,SPY260921P00635000
SPY,2026-09-21,761.6900024414062,2026-09-21,P,640.0,0.0,0.0,0.01,,0.0,0.500005,False,2026-09-17 20:05:10+00:00,SPY260921P00640000
SPY,2026-09-21,761.6900024414062,2026-09-21,P,645.0,0.0,0.0,0.02,,0.0,0.500005,False,2026-09-17 19:22:35+00:00,SPY260921P00645000
SPY,2026-09-21,761.6900024414062,2026-09-21,P,650.0,0.0,0.0,0.02,20.0,0.0,0.500005,False,2026-09-17 19:30:14+00:00,SPY260921P00650000
SPY,2026-09-21,761.6900024414062,2026-09-21,P,655.0,0.0,0.0,0.07,17.0,0.0,0.500005,False,2026-09-16 19:45:30+00:00,SPY260921P00655000
SPY,2026-09-21,761.6900024414062,2026-09-21,P,660.0,0.0,0.0,0.02,40.0,0.0,0.500005,False,2026-09-17 16:56:11+00:00,SPY260921P00660000
SPY,2026-09-21,761.6900024414062,2026-09-21,P,665.0,0.0,0.0,0.02,102.0,0.0,0.500005,False,2026-09-17 17:44:54+00:00,SPY260921P00665000
SPY,2026-09-21,761.6900024414062,2026-09-21,P,670.0,0.0,0.0,0.01,815.0,0.0,0.500005,False,2026-09-18 19:49:14+00:00,SPY260921P00670000
SPY,2026-09-21,761.6900024414062,2026-09-21,P,675.0,0.0,0.0,0.01,4019.0,0.0,0.500005,False,2026-09-18 20:12:55+00:00,SPY260921P00675000
SPY,2026-09-21,761.6900024414062,2026-09-21,P,680.0,0.0,0.0,0.01,1230.0,0.0,0.500005,False,2026-09-18 20:12:02+00:00,SPY260921P00680000
SPY,2026-09-21,761.6900024414062,2026-09-21,P,685.0,0.0,0.0,0.01,1553.0,0.0,0.500005,False,2026-09-18 20:00:18+00:00,SPY260921P00685000
SPY,2026-09-21,761.6900024414062,2026-09-21,P,690.0,0.0,0.0,0.02,1628.0,0.0,0.500005,False,2026-09-18 19:28:30+00:00,SPY260921P00690000
SPY,2026-09-21,761.6900024414062,2026-09-21,P,695.0,0.0,0.0,0.01,48.0,0.0,0.2500075,False,2026-09-18 17:33:20+00:00,SPY260921P00695000
SPY,2026-09-21,761.6900024414062,2026-09-21,P,700.0,0.0,0.0,0.02,1579.0,0.0,0.2500075,False,2026-09-18 19:52:58+00:00,SPY260921P00700000
SPY,2026-09-21,761.6900024414062,2026-09-21,P,705.0,0.0,0.0,0.02,168.0,0.0,0.2500075,False,2026-09-18 20:11:46+00:00,SPY260921P00705000
SPY,2026-09-21,761.6900024414062,2026-09-21,P,710.0,0.0,0.0,0.03,229.0,0.0,0.2500075,False,2026-09-18 20:14:43+00:00,SPY260921P00710000
SPY,2026-09-21,761.6900024414062,2026-09-21,P,715.0,0.0,0.0,0.02,544.0,0.0,0.2500075,False,2026-09-18 20:11:23+00:00,SPY260921P00715000
SPY,2026-09-21,761.6900024414062,2026-09-21,P,718.0,0.0,0.0,0.02,3814.0,0.0,0.2500075,False,2026-09-18 20:02:13+00:00,SPY260921P00718000
SPY,2026-09-21,761.6900024414062,2026-09-21,P,719.0,0.0,0.0,0.04,74.0,0.0,0.2500075,False,2026-09-18 18:06:42+00:00,SPY260921P00719000
SPY,2026-09-21,761.6900024414062,2026-09-21,P,720.0,0.0,0.0,0.03,14550.0,0.0,0.2500075,False,2026-09-18 20:11:42+00:00,SPY260921P00720000
SPY,2026-09-21,761.6900024414062,2026-09-21,P,721.0,0.0,0.0,0.03,1004.0,0.0,0.2500075,False,2026-09-18 20:12:33+00:00,SPY260921P00721000
SPY,2026-09-21,761.6900024414062,2026-09-21,P,722.0,0.0,0.0,0.03,297.0,0.0,0.2500075,False,2026-09-18 20:14:37+00:00,SPY260921P00722000
SPY,2026-09-21,761.6900024414062,2026-09-21,P,723.0,0.0,0.0,0.03,17596.0,0.0,0.2500075,False,2026-09-18 20:12:03+00:00,SPY260921P00723000
SPY,2026-09-21,761.6900024414062,2026-09-21,P,724.0,0.0,0.0,0.03,17.0,0.0,0.2500075,False,2026-09-18 20:11:31+00:00,SPY260921P00724000
SPY,2026-09-21,761.6900024414062,2026-09-21,P,725.0,0.0,0.0,0.02,241.0,0.0,0.2500075,False,2026-09-18 19:53:07+00:00,SPY260921P00725000
SPY,2026-09-21,761.6900024414062,2026-09-21,P,726.0,0.0,0.0,0.03,152.0,0.0,0.2500075,False,2026-09-18 20:10:26+00:00,SPY260921P00726000
SPY,2026-09-21,761.6900024414062,2026-09-21,P,727.0,0.0,0.0,0.03,1644.0,0.0,0.2500075,False,2026-09-18 19:52:58+00:00,SPY260921P00727000
SPY,2026-09-21,761.6900024414062,2026-09-21,P,728.0,0.0,0.0,0.04,84.0,0.0,0.2500075,False,2026-09-18 16:33:35+00:00,SPY260921P00728000
SPY,2026-09-21,761.6900024414062,2026-09-21,P,729.0,0.0,0.0,0.04,351.0,0.0,0.12500875,False,2026-09-18 17:38:40+00:00,SPY260921P00729000
SPY,2026-09-21,761.6900024414062,2026-09-21,P,730.0,0.0,0.0,0.04,1155.0,0.0,0.12500875,False,2026-09-18 20:13:43+00:00,SPY260921P00730000
SPY,2026-09-21,761.6900024414062,2026-09-21,P,731.0,0.0,0.0,0.03,7481.0,0.0,0.12500875,False,2026-09-18 20:04:44+00:00,SPY260921P00731000
SPY,2026-09-21,761.6900024414062,2026-09-21,P,732.0,0.0,0.0,0.03,97.0,0.0,0.12500875,False,2026-09-18 19:57:20+00:00,SPY260921P00732000
SPY,2026-09-21,761.6900024414062,2026-09-21,P,733.0,0.0,0.0,0.04,2923.0,0.0,0.12500875,False,2026-09-18 19:09:32+00:00,SPY260921P00733000
SPY,2026-09-21,761.6900024414062,2026-09-21,P,734.0,0.0,0.0,0.05,209.0,0.0,0.12500875,False,2026-09-18 17:48:45+00:00,SPY260921P00734000
SPY,2026-09-21,761.6900024414062,2026-09-21,P,735.0,0.0,0.0,0.04,685.0,0.0,0.12500875,False,2026-09-18 20:12:58+00:00,SPY260921P00735000
SPY,2026-09-21,761.6900024414062,2026-09-21,P,736.0,0.0,0.0,0.04,1722.0,0.0,0.12500875,False,2026-09-18 20:04:24+00:00,SPY260921P00736000
SPY,2026-09-21,761.6900024414062,2026-09-21,P,737.0,0.0,0.0,0.04,1272.0,0.0,0.12500875,False,2026-09-18 20:10:53+00:00,SPY260921P00737000
SPY,2026-09-21,761.6900024414062,2026-09-21,P,738.0,0.0,0.0,0.04,1025.0,0.0,0.12500875,False,2026-09-18 20:09:08+00:00,SPY260921P00738000
SPY,2026-09-21,761.6900024414062,2026-09-21,P,739.0,0.0,0.0,0.04,1706.0,0.0,0.12500875,False,2026-09-18 20:12:48+00:00,SPY260921P00739000
SPY,2026-09-21,761.6900024414062,2026-09-21,P,740.0,0.0,0.0,0.04,3564.0,0.0,0.12500875,False,2026-09-18 20:11:23+00:00,SPY260921P00740000
SPY,2026-09-21,761.6900024414062,2026-09-21,P,741.0,0.0,0.0,0.05,3262.0,0.0,0.12500875,False,2026-09-18 20:14:43+00:00,SPY260921P00741000
SPY,2026-09-21,761.6900024414062,2026-09-21,P,742.0,0.0,0.0,0.05,1734.0,0.0,0.12500875,False,2026-09-18 20:13:39+00:00,SPY260921P00742000
SPY,2026-09-21,761.6900024414062,2026-09-21,P,743.0,0.0,0.0,0.06,3066.0,0.0,0.12500875,False,2026-09-18 20:13:37+00:00,SPY260921P00743000
SPY,2026-09-21,761.6900024414062,2026-09-21,P,744.0,0.0,0.0,0.06,2574.0,0.0,0.12500875,False,2026-09-18 20:12:53+00:00,SPY260921P00744000
SPY,2026-09-21,761.6900024414062,2026-09-21,P,745.0,0.0,0.0,0.06,20424.0,0.0,0.12500875,False,2026-09-18 20:14:47+00:00,SPY260921P00745000
SPY,2026-09-21,761.6900024414062,2026-09-21,P,746.0,0.0,0.0,0.07,2834.0,0.0,0.12500875,False,2026-09-18 20:14:57+00:00,SPY260921P00746000
SPY,2026-09-21,761.6900024414062,2026-09-21,P,747.0,0.0,0.0,0.09,7492.0,0.0,0.062509375,False,2026-09-18 20:13:42+00:00,SPY260921P00747000
SPY,2026-09-21,761.6900024414062,2026-09-21,P,748.0,0.0,0.0,0.09,10779.0,0.0,0.062509375,False,2026-09-18 20:14:23+00:00,SPY260921P00748000
SPY,2026-09-21,761.6900024414062,2026-09-21,P,749.0,0.0,0.0,0.11,12536.0,0.0,0.062509375,False,2026-09-18 20:14:56+00:00,SPY260921P00749000
SPY,2026-09-21,761.6900024414062,2026-09-21,P,750.0,0.0,0.0,0.13,33537.0,0.0,0.062509375,False,2026-09-18 20:14:59+00:00,SPY260921P00750000
SPY,2026-09-21,761.6900024414062,2026-09-21,P,751.0,0.0,0.0,0.15,7215.0,0.0,0.062509375,False,2026-09-18 20:14:59+00:00,SPY260921P00751000
SPY,2026-09-21,761.6900024414062,2026-09-21,P,752.0,0.0,0.0,0.17,10476.0,0.0,0.062509375,False,2026-09-18 20:14:59+00:00,SPY260921P00752000
SPY,2026-09-21,761.6900024414062,2026-09-21,P,753.0,0.0,0.0,0.21,10625.0,0.0,0.062509375,False,2026-09-18 20:14:58+00:00,SPY260921P00753000
SPY,2026-09-21,761.6900024414062,2026-09-21,P,754.0,0.0,0.0,0.25,10239.0,0.0,0.062509375,False,2026-09-18 20:14:52+00:00,SPY260921P00754000
SPY,2026-09-21,761.6900024414062,2026-09-21,P,755.0,0.0,0.0,0.3,39227.0,0.0,0.0312596875,False,2026-09-18 20:14:55+00:00,SPY260921P00755000
SPY,2026-09-21,761.6900024414062,2026-09-21,P,756.0,0.0,0.0,0.37,18607.0,0.0,0.0312596875,False,2026-09-18 20:14:56+00:00,SPY260921P00756000
SPY,2026-09-21,761.6900024414062,2026-09-21,P,757.0,0.0,0.0,0.46,38825.0,0.0,0.0312596875,False,2026-09-18 20:14:57+00:00,SPY260921P00757000
SPY,2026-09-21,761.6900024414062,2026-09-21,P,758.0,0.0,0.0,0.57,43427.0,0.0,0.0312596875,False,2026-09-18 20:14:57+00:00,SPY260921P00758000
SPY,2026-09-21,761.6900024414062,2026-09-21,P,759.0,0.0,0.0,0.71,68301.0,0.0,0.015634843750000002,False,2026-09-18 20:14:59+00:00,SPY260921P00759000
SPY,2026-09-21,761.6900024414062,2026-09-21,P,760.0,0.0,0.0,0.89,89829.0,0.0,0.015634843750000002,False,2026-09-18 20:14:59+00:00,SPY260921P00760000
SPY,2026-09-21,761.6900024414062,2026-09-21,P,761.0,0.0,0.0,1.14,49646.0,0.0,0.0039162109375,False,2026-09-18 20:14:58+00:00,SPY260921P00761000
SPY,2026-09-21,761.6900024414062,2026-09-21,P,762.0,0.0,0.0,1.46,31729.0,0.0,1.0000000000000003e-05,True,2026-09-18 20:14:59+00:00,SPY260921P00762000
SPY,2026-09-21,761.6900024414062,2026-09-21,P,763.0,0.0,0.0,1.86,13123.0,0.0,1.0000000000000003e-05,True,2026-09-18 20:14:54+00:00,SPY260921P00763000
SPY,2026-09-21,761.6900024414062,2026-09-21,P,764.0,0.0,0.0,2.38,4940.0,0.0,1.0000000000000003e-05,True,2026-09-18 20:14:57+00:00,SPY260921P00764000
SPY,2026-09-21,761.6900024414062,2026-09-21,P,765.0,0.0,0.0,2.98,5061.0,0.0,1.0000000000000003e-05,True,2026-09-18 20:14:56+00:00,SPY260921P00765000
SPY,2026-09-21,761.6900024414062,2026-09-21,P,766.0,0.0,0.0,3.64,1732.0,0.0,1.0000000000000003e-05,True,2026-09-18 20:14:43+00:00,SPY260921P00766000
SPY,2026-09-21,761.6900024414062,2026-09-21,P,767.0,0.0,0.0,4.42,2602.0,0.0,1.0000000000000003e-05,True,2026-09-18 20:14:50+00:00,SPY260921P00767000
SPY,2026-09-21,761.6900024414062,2026-09-21,P,768.0,0.0,0.0,5.14,1696.0,0.0,1.0000000000000003e-05,True,2026-09-18 20:13:04+00:00,SPY260921P00768000
SPY,2026-09-21,761.6900024414062,2026-09-21,P,769.0,0.0,0.0,6.04,1908.0,0.0,1.0000000000000003e-05,True,2026-09-18 20:12:08+00:00,SPY260921P00769000
SPY,2026-09-21,761.6900024414062,2026-09-21,P,770.0,0.0,0.0,7.18,1787.0,0.0,1.0000000000000003e-05,True,2026-09-18 20:14:57+00:00,SPY260921P00770000
SPY,2026-09-21,761.6900024414062,2026-09-21,P,771.0,0.0,0.0,9.6,570.0,0.0,1.0000000000000003e-05,True,2026-09-18 19:53:25+00:00,SPY260921P00771000
SPY,2026-09-21,761.6900024414062,2026-09-21,P,772.0,0.0,0.0,9.19,365.0,0.0,1.0000000000000003e-05,True,2026-09-18 20:14:57+00:00,SPY260921P00772000
SPY,2026-09-21,761.6900024414062,2026-09-21,P,773.0,0.0,0.0,10.55,218.0,0.0,1.0000000000000003e-05,True,2026-09-18 19:53:39+00:00,SPY260921P00773000
SPY,2026-09-21,761.6900024414062,2026-09-21,P,774.0,0.0,0.0,12.53,531.0,0.0,1.0000000000000003e-05,True,2026-09-18 19:55:58+00:00,SPY260921P00774000
SPY,2026-09-21,761.6900024414062,2026-09-21,P,775.0,0.0,0.0,13.35,266.0,0.0,1.0000000000000003e-05,True,2026-09-18 19:57:07+00:00,SPY260921P00775000
SPY,2026-09-21,761.6900024414062,2026-09-21,P,776.0,0.0,0.0,14.85,514.0,0.0,1.0000000000000003e-05,True,2026-09-18 19:18:53+00:00,SPY260921P00776000
SPY,2026-09-21,761.6900024414062,2026-09-21,P,777.0,0.0,0.0,15.48,916.0,0.0,1.0000000000000003e-05,True,2026-09-18 19:47:02+00:00,SPY260921P00777000
SPY,2026-09-21,761.6900024414062,2026-09-21,P,778.0,0.0,0.0,15.91,516.0,0.0,1.0000000000000003e-05,True,2026-09-18 19:45:37+00:00,SPY260921P00778000
SPY,2026-09-21,761.6900024414062,2026-09-21,P,779.0,0.0,0.0,18.04,755.0,0.0,1.0000000000000003e-05,True,2026-09-18 19:36:53+00:00,SPY260921P00779000
SPY,2026-09-21,761.6900024414062,2026-09-21,P,780.0,0.0,0.0,18.59,534.0,0.0,1.0000000000000003e-05,True,2026-09-18 19:53:08+00:00,SPY260921P00780000
SPY,2026-09-21,761.6900024414062,2026-09-21,P,781.0,0.0,0.0,19.36,84.0,0.0,1.0000000000000003e-05,True,2026-09-18 19:48:52+00:00,SPY260921P00781000
SPY,2026-09-21,761.6900024414062,2026-09-21,P,782.0,0.0,0.0,20.68,56.0,0.0,1.0000000000000003e-05,True,2026-09-18 18:55:51+00:00,SPY260921P00782000
SPY,2026-09-21,761.6900024414062,2026-09-21,P,783.0,0.0,0.0,22.72,414.0,0.0,1.0000000000000003e-05,True,2026-09-18 18:38:36+00:00,SPY260921P00783000
SPY,2026-09-21,761.6900024414062,2026-09-21,P,784.0,0.0,0.0,23.92,108.0,0.0,1.0000000000000003e-05,True,2026-09-18 18:41:58+00:00,SPY260921P00784000
SPY,2026-09-21,761.6900024414062,2026-09-21,P,785.0,0.0,0.0,25.23,147.0,0.0,1.0000000000000003e-05,True,2026-09-18 17:55:55+00:00,SPY260921P00785000
SPY,2026-09-21,761.6900024414062,2026-09-21,P,786.0,0.0,0.0,24.78,160.0,0.0,1.0000000000000003e-05,True,2026-09-18 18:50:32+00:00,SPY260921P00786000
SPY,2026-09-21,761.6900024414062,2026-09-21,P,787.0,0.0,0.0,24.71,142.0,0.0,1.0000000000000003e-05,True,2026-09-18 19:43:40+00:00,SPY260921P00787000
SPY,2026-09-21,761.6900024414062,2026-09-21,P,788.0,0.0,0.0,26.31,202.0,0.0,1.0000000000000003e-05,True,2026-09-18 18:24:06+00:00,SPY260921P00788000
SPY,2026-09-21,761.6900024414062,2026-09-21,P,789.0,0.0,0.0,27.76,208.0,0.0,1.0000000000000003e-05,True,2026-09-18 19:13:44+00:00,SPY260921P00789000
SPY,2026-09-21,761.6900024414062,2026-09-21,P,790.0,0.0,0.0,28.71,198.0,0.0,1.0000000000000003e-05,True,2026-09-18 18:49:33+00:00,SPY260921P00790000
SPY,2026-09-21,761.6900024414062,2026-09-21,P,791.0,0.0,0.0,31.84,90.0,0.0,1.0000000000000003e-05,True,2026-09-18 15:53:23+00:00,SPY260921P00791000
SPY,2026-09-21,761.6900024414062,2026-09-21,P,792.0,0.0,0.0,32.97,34.0,0.0,1.0000000000000003e-05,True,2026-09-18 15:55:33+00:00,SPY260921P00792000
SPY,2026-09-21,761.6900024414062,2026-09-21,P,793.0,0.0,0.0,31.68,266.0,0.0,1.0000000000000003e-05,True,2026-09-18 19:46:21+00:00,SPY260921P00793000
SPY,2026-09-21,761.6900024414062,2026-09-21,P,794.0,0.0,0.0,32.59,130.0,0.0,1.0000000000000003e-05,True,2026-09-18 19:46:35+00:00,SPY260921P00794000
SPY,2026-09-21,761.6900024414062,2026-09-21,P,795.0,0.0,0.0,33.86,100.0,0.0,1.0000000000000003e-05,True,2026-09-18 19:45:48+00:00,SPY260921P00795000
SPY,2026-09-21,761.6900024414062,2026-09-21,P,796.0,0.0,0.0,34.39,148.0,0.0,1.0000000000000003e-05,True,2026-09-18 19:59:13+00:00,SPY260921P00796000
SPY,2026-09-21,761.6900024414062,2026-09-21,P,797.0,0.0,0.0,36.67,72.0,0.0,1.0000000000000003e-05,True,2026-09-18 18:30:31+00:00,SPY260921P00797000
SPY,2026-09-21,761.6900024414062,2026-09-21,P,798.0,0.0,0.0,39.06,62.0,0.0,1.0000000000000003e-05,True,2026-09-18 16:03:42+00:00,SPY260921P00798000
SPY,2026-09-21,761.6900024414062,2026-09-21,P,799.0,0.0,0.0,37.77,108.0,0.0,1.0000000000000003e-05,True,2026-09-18 19:13:24+00:00,SPY260921P00799000
SPY,2026-09-21,761.6900024414062,2026-09-21,P,800.0,0.0,0.0,38.52,138.0,0.0,1.0000000000000003e-05,True,2026-09-18 19:56:24+00:00,SPY260921P00800000
SPY,2026-09-21,761.6900024414062,2026-09-21,P,801.0,0.0,0.0,39.82,132.0,0.0,1.0000000000000003e-05,True,2026-09-18 18:59:40+00:00,SPY260921P00801000
SPY,2026-09-21,761.6900024414062,2026-09-21,P,802.0,0.0,0.0,42.57,106.0,0.0,1.0000000000000003e-05,True,2026-09-18 17:25:25+00:00,SPY260921P00802000
SPY,2026-09-21,761.6900024414062,2026-09-21,P,803.0,0.0,0.0,43.44,84.0,0.0,1.0000000000000003e-05,True,2026-09-18 17:27:53+00:00,SPY260921P00803000
SPY,2026-09-21,761.6900024414062,2026-09-21,P,804.0,0.0,0.0,42.69,26.0,0.0,1.0000000000000003e-05,True,2026-09-18 19:00:52+00:00,SPY260921P00804000
SPY,2026-09-21,761.6900024414062,2026-09-21,P,805.0,0.0,0.0,43.96,80.0,0.0,1.0000000000000003e-05,True,2026-09-18 19:27:00+00:00,SPY260921P00805000
SPY,2026-09-21,761.6900024414062,2026-09-21,P,806.0,0.0,0.0,46.72,238.0,0.0,1.0000000000000003e-05,True,2026-09-18 17:33:40+00:00,SPY260921P00806000
SPY,2026-09-21,761.6900024414062,2026-09-21,P,807.0,0.0,0.0,47.38,62.0,0.0,1.0000000000000003e-05,True,2026-09-18 17:38:47+00:00,SPY260921P00807000
SPY,2026-09-21,761.6900024414062,2026-09-21,P,808.0,0.0,0.0,46.98,36.0,0.0,1.0000000000000003e-05,True,2026-09-18 19:14:01+00:00,SPY260921P00808000
SPY,2026-09-21,761.6900024414062,2026-09-21,P,810.0,0.0,0.0,47.85,40.0,0.0,1.0000000000000003e-05,True,2026-09-18 19:15:55+00:00,SPY260921P00810000
SPY,2026-09-21,761.6900024414062,2026-09-21,P,815.0,0.0,0.0,53.98,56.0,0.0,1.0000000000000003e-05,True,2026-09-18 19:17:03+00:00,SPY260921P00815000
SPY,2026-09-21,761.6900024414062,2026-09-21,P,820.0,0.0,0.0,59.13,22.0,0.0,1.0000000000000003e-05,True,2026-09-18 19:37:12+00:00,SPY260921P00820000
SPY,2026-09-21,761.6900024414062,2026-09-21,P,825.0,0.0,0.0,63.84,14.0,0.0,1.0000000000000003e-05,True,2026-09-18 19:19:42+00:00,SPY260921P00825000
SPY,2026-09-21,761.6900024414062,2026-09-21,P,830.0,0.0,0.0,68.75,26.0,0.0,1.0000000000000003e-05,True,2026-09-18 19:21:28+00:00,SPY260921P00830000
SPY,2026-09-21,761.6900024414062,2026-09-21,P,835.0,0.0,0.0,73.87,28.0,0.0,1.0000000000000003e-05,True,2026-09-18 19:23:22+00:00,SPY260921P00835000
SPY,2026-09-21,761.6900024414062,2026-09-21,P,840.0,0.0,0.0,78.96,6.0,0.0,1.0000000000000003e-05,True,2026-09-18 19:23:48+00:00,SPY260921P00840000
SPY,2026-09-21,761.6900024414062,2026-09-21,P,845.0,0.0,0.0,84.21,14.0,0.0,1.0000000000000003e-05,True,2026-09-18 19:28:58+00:00,SPY260921P00845000
SPY,2026-09-21,761.6900024414062,2026-09-21,P,850.0,0.0,0.0,89.09,9.0,0.0,1.0000000000000003e-05,True,2026-09-18 19:29:25+00:00,SPY260921P00850000
SPY,2026-09-21,761.6900024414062,2026-09-21,P,855.0,0.0,0.0,93.97,6.0,0.0,1.0000000000000003e-05,True,2026-09-18 19:26:17+00:00,SPY260921P00855000
SPY,2026-09-21,761.6900024414062,2026-09-22,C,610.0,0.0,0.0,152.73,,0.0,1.0000000000000003e-05,True,2026-09-17 19:55:12+00:00,SPY260922C00610000
SPY,2026-09-21,761.6900024414062,2026-09-22,C,645.0,0.0,0.0,117.4,,0.0,1.0000000000000003e-05,True,2026-09-14 15:44:38+00:00,SPY260922C00645000
SPY,2026-09-21,761.6900024414062,2026-09-22,C,655.0,0.0,0.0,107.42,,0.0,1.0000000000000003e-05,True,2026-09-14 15:44:28+00:00,SPY260922C00655000
SPY,2026-09-21,761.6900024414062,2026-09-22,C,660.0,0.0,0.0,102.41,,0.0,1.0000000000000003e-05,True,2026-09-14 15:44:26+00:00,SPY260922C00660000
SPY,2026-09-21,761.6900024414062,2026-09-22,C,695.0,0.0,0.0,66.54,24.0,0.0,1.0000000000000003e-05,True,2026-09-18 19:01:22+00:00,SPY260922C00695000
SPY,2026-09-21,761.6900024414062,2026-09-22,C,700.0,0.0,0.0,61.48,334.0,0.0,1.0000000000000003e-05,True,2026-09-18 19:12:22+00:00,SPY260922C00700000
SPY,2026-09-21,761.6900024414062,2026-09-22,C,705.0,0.0,0.0,56.36,214.0,0.0,1.0000000000000003e-05,True,2026-09-18 19:09:54+00:00,SPY260922C00705000
SPY,2026-09-21,761.6900024414062,2026-09-22,C,710.0,0.0,0.0,50.89,109.0,0.0,1.0000000000000003e-05,True,2026-09-18 19:33:12+00:00,SPY260922C00710000
SPY,2026-09-21,761.6900024414062,2026-09-22,C,715.0,0.0,0.0,46.0,84.0,0.0,1.0000000000000003e-05,True,2026-09-18 19:30:32+00:00,SPY260922C00715000
SPY,2026-09-21,761.6900024414062,2026-09-22,C,716.0,0.0,0.0,45.54,100.0,,1.0000000000000003e-05,True,2026-09-18 18:59:01+00:00,SPY260922C00716000
SPY,2026-09-21,761.6900024414062,2026-09-22,C,717.0,0.0,0.0,44.55,20.0,,1.0000000000000003e-05,True,2026-09-18 19:50:32+00:00,SPY260922C00717000
SPY,2026-09-21,761.6900024414062,2026-09-22,C,718.0,0.0,0.0,43.38,246.0,0.0,1.0000000000000003e-05,True,2026-09-18 19:39:52+00:00,SPY260922C00718000
SPY,2026-09-21,761.6900024414062,2026-09-22,C,719.0,0.0,0.0,41.26,8.0,0.0,1.0000000000000003e-05,True,2026-09-18 16:55:38+00:00,SPY260922C00719000
SPY,2026-09-21,761.6900024414062,2026-09-22,C,720.0,0.0,0.0,39.47,14.0,0.0,1.0000000000000003e-05,True,2026-09-18 17:33:16+00:00,SPY260922C00720000
SPY,2026-09-21,761.6900024414062,2026-09-22,C,721.0,0.0,0.0,38.05,2.0,0.0,1.0000000000000003e-05,True,2026-09-18 16:48:19+00:00,SPY260922C00721000
SPY,2026-09-21,761.6900024414062,2026-09-22,C,722.0,0.0,0.0,37.09,,0.0,1.0000000000000003e-05,True,2026-09-10 18:10:07+00:00,SPY260922C00722000
SPY,2026-09-21,761.6900024414062,2026-09-22,C,723.0,0.0,0.0,35.95,2.0,0.0,1.0000000000000003e-05,True,2026-09-18 16:32:09+00:00,SPY260922C00723000
SPY,2026-09-21,761.6900024414062,2026-09-22,C,724.0,0.0,0.0,35.08,4.0,0.0,1.0000000000000003e-05,True,2026-09-18 16:30:51+00:00,SPY260922C00724000
SPY,2026-09-21,761.6900024414062,2026-09-22,C,725.0,0.0,0.0,35.65,22.0,0.0,1.0000000000000003e-05,True,2026-09-18 18:22:45+00:00,SPY260922C00725000
SPY,2026-09-21,761.6900024414062,2026-09-22,C,726.0,0.0,0.0,36.39,2.0,0.0,1.0000000000000003e-05,True,2026-09-14 15:45:25+00:00,SPY260922C00726000
SPY,2026-09-21,761.6900024414062,2026-09-22,C,727.0,0.0,0.0,32.84,4.0,0.0,1.0000000000000003e-05,True,2026-09-18 17:49:50+00:00,SPY260922C00727000
SPY,2026-09-21,761.6900024414062,2026-09-22,C,728.0,0.0,0.0,31.75,20.0,0.0,1.0000000000000003e-05,True,2026-09-18 17:14:28+00:00,SPY260922C00728000
SPY,2026-09-21,761.6900024414062,2026-09-22,C,729.0,0.0,0.0,34.0,55.0,0.0,1.0000000000000003e-05,True,2026-09-18 20:10:22+00:00,SPY260922C00729000
SPY,2026-09-21,761.6900024414062,2026-09-22,C,730.0,0.0,0.0,31.86,198.0,0.0,1.0000000000000003e-05,True,2026-09-18 19:59:24+00:00,SPY260922C00730000
SPY,2026-09-21,761.6900024414062,2026-09-22,C,731.0,0.0,0.0,28.63,16.0,0.0,1.0000000000000003e-05,True,2026-09-18 17:24:14+00:00,SPY260922C00731000
SPY,2026-09-21,761.6900024414062,2026-09-22,C,732.0,0.0,0.0,27.72,22.0,0.0,1.0000000000000003e-05,True,2026-09-18 17:26:57+00:00,SPY260922C00732000
SPY,2026-09-21,761.6900024414062,2026-09-22,C,734.0,0.0,0.0,25.99,18.0,0.0,1.0000000000000003e-05,True,2026-09-18 18:12:14+00:00,SPY260922C00734000
SPY,2026-09-21,761.6900024414062,2026-09-22,C,735.0,0.0,0.0,25.11,31.0,0.0,1.0000000000000003e-05,True,2026-09-18 18:04:40+00:00,SPY260922C00735000
SPY,2026-09-21,761.6900024414062,2026-09-22,C,736.0,0.0,0.0,24.18,72.0,0.0,1.0000000000000003e-05,True,2026-09-18 18:17:09+00:00,SPY260922C00736000
SPY,2026-09-21,761.6900024414062,2026-09-22,C,737.0,0.0,0.0,23.15,20.0,0.0,1.0000000000000003e-05,True,2026-09-18 18:04:18+00:00,SPY260922C00737000
SPY,2026-09-21,761.6900024414062,2026-09-22,C,738.0,0.0,0.0,22.1,26.0,0.0,1.0000000000000003e-05,True,2026-09-18 18:15:11+00:00,SPY260922C00738000
SPY,2026-09-21,761.6900024414062,2026-09-22,C,739.0,0.0,0.0,20.48,47.0,0.0,1.0000000000000003e-05,True,2026-09-18 17:11:42+00:00,SPY260922C00739000
SPY,2026-09-21,761.6900024414062,2026-09-22,C,740.0,0.0,0.0,20.18,281.0,0.0,1.0000000000000003e-05,True,2026-09-18 18:02:29+00:00,SPY260922C00740000
SPY,2026-09-21,761.6900024414062,2026-09-22,C,741.0,0.0,0.0,21.02,35.0,0.0,1.0000000000000003e-05,True,2026-09-18 20:00:10+00:00,SPY260922C00741000
SPY,2026-09-21,761.6900024414062,2026-09-22,C,742.0,0.0,0.0,18.12,36.0,0.0,1.0000000000000003e-05,True,2026-09-18 18:10:17+00:00,SPY260922C00742000
SPY,2026-09-21,761.6900024414062,2026-09-22,C,743.0,0.0,0.0,16.41,60.0,0.0,1.0000000000000003e-05,True,2026-09-18 18:06:32+00:00,SPY260922C00743000
SPY,2026-09-21,761.6900024414062,2026-09-22,C,744.0,0.0,0.0,16.21,98.0,0.0,1.0000000000000003e-05,True,2026-09-18 18:13:53+00:00,SPY260922C00744000
SPY,2026-09-21,761.6900024414062,2026-09-22,C,745.0,0.0,0.0,15.2,195.0,0.0,1.0000000000000003e-05,True,2026-09-18 18:13:16+00:00,SPY260922C00745000
SPY,2026-09-21,761.6900024414062,2026-09-22,C,746.0,0.0,0.0,16.56,259.0,0.0,1.0000000000000003e-05,True,2026-09-18 20:01:03+00:00,SPY260922C00746000
SPY,2026-09-21,761.6900024414062,2026-09-22,C,747.0,0.0,0.0,12.38,96.0,0.0,1.0000000000000003e-05,True,2026-09-18 16:02:23+00:00,SPY260922C00747000
SPY,2026-09-21,761.6900024414062,2026-09-22,C,748.0,0.0,0.0,12.4,74.0,0.0,1.0000000000000003e-05,True,2026-09-18 18:07:56+00:00,SPY260922C00748000
SPY,2026-09-21,761.6900024414062,2026-09-22,C,749.0,0.0,0.0,12.56,24.0,0.0,1.0000000000000003e-05,True,2026-09-18 19:24:57+00:00,SPY260922C00749000
SPY,2026-09-21,761.6900024414062,2026-09-22,C,750.0,0.0,0.0,12.24,1669.0,0.0,1.0000000000000003e-05,True,2026-09-18 19:56:06+00:00,SPY260922C00750000
SPY,2026-09-21,761.6900024414062,2026-09-22,C,751.0,0.0,0.0,10.75,60.0,0.0,1.0000000000000003e-05,True,2026-09-18 19:41:36+00:00,SPY260922C00751000
SPY,2026-09-21,761.6900024414062,2026-09-22,C,752.0,0.0,0.0,10.46,103.0,0.0,1.0000000000000003e-05,True,2026-09-18 20:00:23+00:00,SPY260922C00752000
SPY,2026-09-21,761.6900024414062,2026-09-22,C,753.0,0.0,0.0,10.55,105.0,0.0,1.0000000000000003e-05,True,2026-09-18 20:14:02+00:00,SPY260922C00753000
SPY,2026-09-21,761.6900024414062,2026-09-22,C,754.0,0.0,0.0,8.93,114.0,0.0,1.0000000000000003e-05,True,2026-09-18 20:01:31+00:00,SPY260922C00754000
SPY,2026-09-21,761.6900024414062,2026-09-22,C,755.0,0.0,0.0,8.76,502.0,0.0,1.0000000000000003e-05,True,2026-09-18 20:11:06+00:00,SPY260922C00755000
SPY,2026-09-21,761.6900024414062,2026-09-22,C,756.0,0.0,0.0,7.96,417.0,0.0,1.0000000000000003e-05,True,2026-09-18 20:12:45+00:00,SPY260922C00756000
SPY,2026-09-21,761.6900024414062,2026-09-22,C,757.0,0.0,0.0,6.67,740.0,0.0,1.0000000000000003e-05,True,2026-09-18 20:03:35+00:00,SPY260922C00757000
SPY,2026-09-21,761.6900024414062,2026-09-22,C,758.0,0.0,0.0,5.87,2086.0,0.0,1.0000000000000003e-05,True,2026-09-18 20:02:27+00:00,SPY260922C00758000
SPY,2026-09-21,761.6900024414062,2026-09-22,C,759.0,0.0,0.0,5.31,8724.0,0.0,1.0000000000000003e-05,True,2026-09-18 20:14:56+00:00,SPY260922C00759000
SPY,2026-09-21,761.6900024414062,2026-09-22,C,760.0,0.0,0.0,4.58,8447.0,0.0,1.0000000000000003e-05,True,2026-09-18 20:14:49+00:00,SPY260922C00760000
SPY,2026-09-21,761.6900024414062,2026-09-22,C,761.0,0.0,0.0,3.79,7258.0,0.0,1.0000000000000003e-05,True,2026-09-18 20:14:58+00:00,SPY260922C00761000
SPY,2026-09-21,761.6900024414062,2026-09-22,C,762.0,0.0,0.0,3.15,8443.0,0.0,0.00196310546875,False,2026-09-18 20:14:58+00:00,SPY260922C00762000
SPY,2026-09-21,761.6900024414062,2026-09-22,C,763.0,0.0,0.0,2.55,7369.0,0.0,0.007822421875,False,2026-09-18 20:14:58+00:00,SPY260922C00763000
SPY,2026-09-21,761.6900024414062,2026-09-22,C,764.0,0.0,0.0,2.05,4612.0,0.0,0.007822421875,False,2026-09-18 20:14:12+00:00,SPY260922C00764000
SPY,2026-09-21,761.6900024414062,2026-09-22,C,765.0,0.0,0.0,1.56,8865.0,0.0,0.015634843750000002,False,2026-09-18 20:14:58+00:00,SPY260922C00765000
SPY,2026-09-21,761.6900024414062,2026-09-22,C,766.0,0.0,0.0,1.19,4265.0,0.0,0.015634843750000002,False,2026-09-18 20:14:58+00:00,SPY260922C00766000
SPY,2026-09-21,761.6900024414062,2026-09-22,C,767.0,0.0,0.0,0.89,2752.0,0.0,0.0312596875,False,2026-09-18 20:14:52+00:00,SPY260922C00767000
SPY,2026-09-21,761.6900024414062,2026-09-22,C,768.0,0.0,0.0,0.63,3164.0,0.0,0.0312596875,False,2026-09-18 20:14:55+00:00,SPY260922C00768000
SPY,2026-09-21,761.6900024414062,2026-09-22,C,769.0,0.0,0.0,0.45,2413.0,0.0,0.0312596875,False,2026-09-18 20:14:59+00:00,SPY260922C00769000
SPY,2026-09-21,761.6900024414062,2026-09-22,C,770.0,0.0,0.0,0.3,7594.0,0.0,0.0312596875,False,2026-09-18 20:14:59+00:00,SPY260922C00770000
SPY,2026-09-21,761.6900024414062,2026-09-22,C,771.0,0.0,0.0,0.2,1432.0,0.0,0.0312596875,False,2026-09-18 20:14:59+00:00,SPY260922C00771000
SPY,2026-09-21,761.6900024414062,2026-09-22,C,772.0,0.0,0.0,0.14,4256.0,0.0,0.0312596875,False,2026-09-18 20:14:59+00:00,SPY260922C00772000
SPY,2026-09-21,761.6900024414062,2026-09-22,C,773.0,0.0,0.0,0.09,1297.0,0.0,0.062509375,False,2026-09-18 20:14:41+00:00,SPY260922C00773000
SPY,2026-09-21,761.6900024414062,2026-09-22,C,774.0,0.0,0.0,0.06,888.0,0.0,0.062509375,False,2026-09-18 20:14:35+00:00,SPY260922C00774000
SPY,2026-09-21,761.6900024414062,2026-09-22,C,775.0,0.0,0.0,0.05,2104.0,0.0,0.062509375,False,2026-09-18 20:14:57+00:00,SPY260922C00775000
SPY,2026-09-21,761.6900024414062,2026-09-22,C,776.0,0.0,0.0,0.03,881.0,0.0,0.062509375,False,2026-09-18 20:13:07+00:00,SPY260922C00776000
SPY,2026-09-21,761.6900024414062,2026-09-22,C,777.0,0.0,0.0,0.01,2088.0,0.0,0.062509375,False,2026-09-18 20:14:52+00:00,SPY260922C00777000
SPY,2026-09-21,761.6900024414062,2026-09-22,C,778.0,0.0,0.0,0.02,2527.0,0.0,0.062509375,False,2026-09-18 20:14:28+00:00,SPY260922C00778000
SPY,2026-09-21,761.6900024414062,2026-09-22,C,779.0,0.0,0.0,0.02,101.0,0.0,0.062509375,False,2026-09-18 20:14:31+00:00,SPY260922C00779000
SPY,2026-09-21,761.6900024414062,2026-09-22,C,780.0,0.0,0.0,0.01,2511.0,0.0,0.062509375,False,2026-09-18 20:12:48+00:00,SPY260922C00780000
SPY,2026-09-21,761.6900024414062,2026-09-22,C,781.0,0.0,0.0,0.01,4404.0,0.0,0.062509375,False,2026-09-18 19:38:08+00:00,SPY260922C00781000
SPY,2026-09-21,761.6900024414062,2026-09-22,C,782.0,0.0,0.0,0.01,1200.0,0.0,0.062509375,False,2026-09-18 19:02:41+00:00,SPY260922C00782000
SPY,2026-09-21,761.6900024414062,2026-09-22,C,783.0,0.0,0.0,0.01,4326.0,0.0,0.062509375,False,2026-09-18 16:37:46+00:00,SPY260922C00783000
SPY,2026-09-21,761.6900024414062,2026-09-22,C,784.0,0.0,0.0,0.01,2513.0,0.0,0.062509375,False,2026-09-18 19:24:38+00:00,SPY260922C00784000
SPY,2026-09-21,761.6900024414062,2026-09-22,C,785.0,0.0,0.0,0.01,1444.0,0.0,0.062509375,False,2026-09-18 18:43:12+00:00,SPY260922C00785000
SPY,2026-09-21,761.6900024414062,2026-09-22,C,786.0,0.0,0.0,0.01,1040.0,0.0,0.12500875,False,2026-09-18 14:06:26+00:00,SPY260922C00786000
SPY,2026-09-21,761.6900024414062,2026-09-22,C,787.0,0.0,0.0,0.01,1322.0,0.0,0.12500875,False,2026-09-18 19:55:32+00:00,SPY260922C00787000
SPY,2026-09-21,761.6900024414062,2026-09-22,C,788.0,0.0,0.0,0.01,1221.0,0.0,0.12500875,False,2026-09-18 14:03:07+00:00,SPY260922C00788000
SPY,2026-09-21,761.6900024414062,2026-09-22,C,789.0,0.0,0.0,0.01,1540.0,0.0,0.12500875,False,2026-09-18 13:59:41+00:00,SPY260922C00789000
SPY,2026-09-21,761.6900024414062,2026-09-22,C,790.0,0.0,0.0,0.01,1048.0,0.0,0.12500875,False,2026-09-18 19:51:56+00:00,SPY260922C00790000
SPY,2026-09-21,761.6900024414062,2026-09-22,C,791.0,0.0,0.0,0.01,120.0,0.0,0.12500875,False,2026-09-18 13:40:33+00:00,SPY260922C00791000
SPY,2026-09-21,761.6900024414062,2026-09-22,C,792.0,0.0,0.0,0.01,40.0,0.0,0.12500875,False,2026-09-18 13:40:25+00:00,SPY260922C00792000
SPY,2026-09-21,761.6900024414062,2026-09-22,C,793.0,0.0,0.0,0.02,14.0,0.0,0.12500875,False,2026-09-17 18:35:57+00:00,SPY260922C00793000
SPY,2026-09-21,761.6900024414062,2026-09-22,C,794.0,0.0,0.0,0.01,15.0,0.0,0.12500875,False,2026-09-17 15:41:37+00:00,SPY260922C00794000
SPY,2026-09-21,761.6900024414062,2026-09-22,C,795.0,0.0,0.0,0.01,12.0,0.0,0.12500875,False,2026-09-17 16:04:00+00:00,SPY260922C00795000
SPY,2026-09-21,761.6900024414062,2026-09-22,C,796.0,0.0,0.0,0.02,20.0,0.0,0.12500875,False,2026-09-17 15:16:26+00:00,SPY260922C00796000
SPY,2026-09-21,761.6900024414062,2026-09-22,C,797.0,0.0,0.0,0.01,240.0,0.0,0.12500875,False,2026-09-18 13:34:07+00:00,SPY260922C00797000
SPY,2026-09-21,761.6900024414062,2026-09-22,C,798.0,0.0,0.0,0.01,,0.0,0.12500875,False,2026-09-16 19:08:37+00:00,SPY260922C00798000
SPY,2026-09-21,761.6900024414062,2026-09-22,C,799.0,0.0,0.0,0.01,,0.0,0.12500875,False,2026-09-16 19:08:38+00:00,SPY260922C00799000
SPY,2026-09-21,761.6900024414062,2026-09-22,C,800.0,0.0,0.0,0.02,1.0,0.0,0.12500875,False,2026-09-17 14:58:11+00:00,SPY260922C00800000
SPY,2026-09-21,761.6900024414062,2026-09-22,C,801.0,0.0,0.0,0.02,1.0,0.0,0.12500875,False,2026-09-17 13:32:14+00:00,SPY260922C00801000
SPY,2026-09-21,761.6900024414062,2026-09-22,C,803.0,0.0,0.0,0.01,2951.0,0.0,0.12500875,False,2026-09-16 19:11:40+00:00,SPY260922C00803000
SPY,2026-09-21,761.6900024414062,2026-09-22,C,804.0,0.0,0.0,0.02,3062.0,0.0,0.12500875,False,2026-09-16 14:49:28+00:00,SPY260922C00804000
SPY,2026-09-21,761.6900024414062,2026-09-22,C,805.0,0.0,0.0,0.01,40.0,0.0,0.12500875,False,2026-09-18 13:45:54+00:00,SPY260922C00805000
SPY,2026-09-21,761.6900024414062,2026-09-22,C,806.0,0.0,0.0,0.04,,0.0,0.12500875,False,2026-09-11 15:52:39+00:00,SPY260922C00806000
SPY,2026-09-21,761.6900024414062,2026-09-22,C,807.0,0.0,0.0,0.01,20.0,0.0,0.12500875,False,2026-09-18 13:38:55+00:00,SPY260922C00807000
SPY,2026-09-21,761.6900024414062,2026-09-22,C,808.0,0.0,0.0,0.01,,0.0,0.12500875,False,2026-09-17 19:58:50+00:00,SPY260922C00808000
SPY,2026-09-21,761.6900024414062,2026-09-22,C,809.0,0.0,0.0,0.01,,0.0,0.12500875,False,2026-09-17 20:03:26+00:00,SPY260922C00809000
SPY,2026-09-21,761.6900024414062,2026-09-22,C,810.0,0.0,0.0,0.01,19.0,0.0,0.12500875,False,2026-09-17 19:53:49+00:00,SPY260922C00810000
SPY,2026-09-21,761.6900024414062,2026-09-22,C,815.0,0.0,0.0,0.01,452.0,0.0,0.2500075,False,2026-09-17 18:57:49+00:00,SPY260922C00815000
SPY,2026-09-21,761.6900024414062,2026-09-22,C,825.0,0.0,0.0,0.01,,0.0,0.2500075,False,2026-09-17 15:27:02+00:00,SPY260922C00825000
SPY,2026-09-21,761.6900024414062,2026-09-22,C,830.0,0.0,0.0,0.02,,0.0,0.2500075,False,2026-09-10 13:56:55+00:00,SPY260922C00830000
SPY,2026-09-21,761.6900024414062,2026-09-22,C,835.0,0.0,0.0,0.01,110.0,0.0,0.2500075,False,2026-09-16 14:54:50+00:00,SPY260922C00835000
SPY,2026-09-21,761.6900024414062,2026-09-22,C,840.0,0.0,0.0,0.01,,0.0,0.2500075,False,2026-09-11 19:51:19+00:00,SPY260922C00840000
SPY,2026-09-21,761.6900024414062,2026-09-22,C,865.0,0.0,0.0,0.02,,0.0,0.2500075,False,2026-09-10 18:48:19+00:00,SPY260922C00865000
SPY,2026-09-21,761.6900024414062,2026-09-22,C,870.0,0.0,0.0,0.01,,0.0,0.2500075,False,2026-09-10 14:21:52+00:00,SPY260922C00870000
SPY,2026-09-21,761.6900024414062,2026-09-22,C,875.0,0.0,0.0,0.01,,0.0,0.500005,False,2026-09-10 13:31:16+00:00,SPY260922C00875000
SPY,2026-09-21,761.6900024414062,2026-09-22,P,550.0,0.0,0.0,0.03,20.0,0.0,0.500005,False,2026-09-14 14:21:34+00:00,SPY260922P00550000
SPY,2026-09-21,761.6900024414062,2026-09-22,P,555.0,0.0,0.0,0.03,,0.0,0.500005,False,2026-09-14 15:19:46+00:00,SPY260922P00555000
SPY,2026-09-21,761.6900024414062,2026-09-22,P,565.0,0.0,0.0,0.02,,0.0,0.500005,False,2026-09-16 19:36:31+00:00,SPY260922P00565000
SPY,2026-09-21,761.6900024414062,2026-09-22,P,570.0,0.0,0.0,0.01,,0.0,0.500005,False,2026-09-16 18:23:07+00:00,SPY260922P00570000
SPY,2026-09-21,761.6900024414062,2026-09-22,P,590.0,0.0,0.0,0.05,,0.0,0.500005,False,2026-09-11 17:30:31+00:00,SPY260922P00590000
SPY,2026-09-21,761.6900024414062,2026-09-22,P,595.0,0.0,0.0,0.05,,0.0,0.500005,False,2026-09-15 18:42:33+00:00,SPY260922P00595000
SPY,2026-09-21,761.6900024414062,2026-09-22,P,610.0,0.0,0.0,0.07,,0.0,0.500005,False,2026-09-14 14:37:12+00:00,SPY260922P00610000
SPY,2026-09-21,761.6900024414062,2026-09-22,P,615.0,0.0,0.0,0.01,,0.0,0.500005,False,2026-09-17 16:59:49+00:00,SPY260922P00615000
SPY,2026-09-21,761.6900024414062,2026-09-22,P,620.0,0.0,0.0,0.01,,0.0,0.500005,False,2026-09-17 13:57:23+00:00,SPY260922P00620000
SPY,2026-09-21,761.6900024414062,2026-09-22,P,625.0,0.0,0.0,0.08,56.0,0.0,0.500005,False,2026-09-15 15:30:49+00:00,SPY260922P00625000
SPY,2026-09-21,761.6900024414062,2026-09-22,P,630.0,0.0,0.0,0.01,1.0,0.0,0.500005,False,2026-09-17 19:20:47+00:00,SPY260922P00630000
SPY,2026-09-21,761.6900024414062,2026-09-22,P,635.0,0.0,0.0,0.05,,0.0,0.500005,False,2026-09-16 19:46:34+00:00,SPY260922P00635000
SPY,2026-09-21,761.6900024414062,2026-09-22,P,640.0,0.0,0.0,0.07,1.0,0.0,0.500005,False,2026-09-16 19:22:28+00:00,SPY260922P00640000
SPY,2026-09-21,761.6900024414062,2026-09-22,P,645.0,0.0,0.0,0.01,206.0,0.0,0.500005,False,2026-09-18 20:11:48+00:00,SPY260922P00645000
SPY,2026-09-21,761.6900024414062,2026-09-22,P,650.0,0.0,0.0,0.01,403.0,0.0,0.500005,False,2026-09-18 19:51:39+00:00,SPY260922P00650000
SPY,2026-09-21,761.6900024414062,2026-09-22,P,655.0,0.0,0.0,0.01,208.0,0.0,0.500005,False,2026-09-18 14:17:27+00:00,SPY260922P00655000
SPY,2026-09-21,761.6900024414062,2026-09-22,P,660.0,0.0,0.0,0.02,,0.0,0.500005,False,2026-09-17 20:03:39+00:00,SPY260922P00660000
SPY,2026-09-21,761.6900024414062,2026-09-22,P,665.0,0.0,0.0,0.03,24.0,0.0,0.500005,False,2026-09-17 15:31:18+00:00,SPY260922P00665000
SPY,2026-09-21,761.6900024414062,2026-09-22,P,670.0,0.0,0.0,0.03,61.0,0.0,0.2500075,False,2026-09-17 19:45:45+00:00,SPY260922P00670000
SPY,2026-09-21,761.6900024414062,2026-09-22,P,675.0,0.0,0.0,0.02,1000.0,0.0,0.2500075,False,2026-09-18 13:38:27+00:00,SPY260922P00675000
SPY,2026-09-21,761.6900024414062,2026-09-22,P,680.0,0.0,0.0,0.02,21.0,0.0,0.2500075,False,2026-09-18 20:13:39+00:00,SPY260922P00680000
SPY,2026-09-21,761.6900024414062,2026-09-22,P,685.0,0.0,0.0,0.02,1.0,0.0,0.2500075,False,2026-09-18 18:17:01+00:00,SPY260922P00685000
SPY,2026-09-21,761.6900024414062,2026-09-22,P,690.0,0.0,0.0,0.02,5.0,0.0,0.2500075,False,2026-09-18 19:05:32+00:00,SPY260922P00690000
SPY,2026-09-21,761.6900024414062,2026-09-22,P,695.0,0.0,0.0,0.03,67.0,0.0,0.2500075,False,2026-09-18 19:58:44+00:00,SPY260922P00695000
SPY,2026-09-21,761.6900024414062,2026-09-22,P,700.0,0.0,0.0,0.04,93.0,0.0,0.2500075,False,2026-09-18 19:32:34+00:00,SPY260922P00700000
SPY,2026-09-21,761.6900024414062,2026-09-22,P,705.0,0.0,0.0,0.04,136.0,0.0,0.2500075,False,2026-09-18 19:42:13+00:00,SPY260922P00705000
SPY,2026-09-21,761.6900024414062,2026-09-22,P,710.0,0.0,0.0,0.04,14.0,0.0,0.2500075,False,2026-09-18 19:51:54+00:00,SPY260922P00710000
SPY,2026-09-21,761.6900024414062,2026-09-22,P,715.0,0.0,0.0,0.05,13.0,0.0,0.12500875,False,2026-09-18 20:12:01+00:00,SPY260922P00715000
SPY,2026-09-21,761.6900024414062,2026-09-22,P,716.0,0.0,0.0,0.05,144.0,,0.12500875,False,2026-09-18 17:56:26+00:00,SPY260922P00716000
SPY,2026-09-21,761.6900024414062,2026-09-22,P,717.0,0.0,0.0,0.05,204.0,,0.12500875,False,2026-09-18 16:43:39+00:00,SPY260922P00717000
SPY,2026-09-21,761.6900024414062,2026-09-22,P,718.0,0.0,0.0,0.05,7.0,0.0,0.12500875,False,2026-09-18 20:01:34+00:00,SPY260922P00718000
SPY,2026-09-21,761.6900024414062,2026-09-22,P,719.0,0.0,0.0,0.06,201.0,0.0,0.12500875,False,2026-09-18 19:24:38+00:00,SPY260922P00719000
SPY,2026-09-21,761.6900024414062,2026-09-22,P,720.0,0.0,0.0,0.06,537.0,0.0,0.12500875,False,2026-09-18 19:35:08+00:00,SPY260922P00720000
SPY,2026-09-21,761.6900024414062,2026-09-22,P,721.0,0.0,0.0,0.06,232.0,0.0,0.12500875,False,2026-09-18 19:35:08+00:00,SPY260922P00721000
SPY,2026-09-21,761.6900024414062,2026-09-22,P,722.0,0.0,0.0,0.06,21209.0,0.0,0.12500875,False,2026-09-18 19:25:38+00:00,SPY260922P00722000
SPY,2026-09-21,761.6900024414062,2026-09-22,P,723.0,0.0,0.0,0.07,493.0,0.0,0.12500875,False,2026-09-18 20:12:01+00:00,SPY260922P00723000
SPY,2026-09-21,761.6900024414062,2026-09-22,P,724.0,0.0,0.0,0.06,237.0,0.0,0.12500875,False,2026-09-18 19:58:38+00:00,SPY260922P00724000
SPY,2026-09-21,761.6900024414062,2026-09-22,P,725.0,0.0,0.0,0.07,16103.0,0.0,0.12500875,False,2026-09-18 20:12:34+00:00,SPY260922P00725000
SPY,2026-09-21,761.6900024414062,2026-09-22,P,726.0,0.0,0.0,0.06,790.0,0.0,0.12500875,False,2026-09-18 19:56:25+00:00,SPY260922P00726000
SPY,2026-09-21,761.6900024414062,2026-09-22,P,727.0,0.0,0.0,0.07,413.0,0.0,0.12500875,False,2026-09-18 20:02:27+00:00,SPY260922P00727000
SPY,2026-09-21,761.6900024414062,2026-09-22,P,728.0,0.0,0.0,0.06,522.0,0.0,0.12500875,False,2026-09-18 20:12:23+00:00,SPY260922P00728000
SPY,2026-09-21,761.6900024414062,2026-09-22,P,729.0,0.0,0.0,0.08,148.0,0.0,0.12500875,False,2026-09-18 20:10:56+00:00,SPY260922P00729000
SPY,2026-09-21,761.6900024414062,2026-09-22,P,730.0,0.0,0.0,0.07,575.0,0.0,0.12500875,False,2026-09-18 20:00:45+00:00,SPY260922P00730000
SPY,2026-09-21,761.6900024414062,2026-09-22,P,731.0,0.0,0.0,0.07,365.0,0.0,0.12500875,False,2026-09-18 20:01:17+00:00,SPY260922P00731000
SPY,2026-09-21,761.6900024414062,2026-09-22,P,732.0,0.0,0.0,0.08,627.0,0.0,0.12500875,False,2026-09-18 19:53:51+00:00,SPY260922P00732000
SPY,2026-09-21,761.6900024414062,2026-09-22,P,733.0,0.0,0.0,0.09,278.0,0.0,0.12500875,False,2026-09-18 20:09:03+00:00,SPY260922P00733000
SPY,2026-09-21,761.6900024414062,2026-09-22,P,734.0,0.0,0.0,0.09,326.0,0.0,0.12500875,False,2026-09-18 19:53:30+00:00,SPY260922P00734000
SPY,2026-09-21,761.6900024414062,2026-09-22,P,735.0,0.0,0.0,0.09,367.0,0.0,0.12500875,False,2026-09-18 20:01:23+00:00,SPY260922P00735000
SPY,2026-09-21,761.6900024414062,2026-09-22,P,736.0,0.0,0.0,0.09,253.0,0.0,0.12500875,False,2026-09-18 19:57:31+00:00,SPY260922P00736000
SPY,2026-09-21,761.6900024414062,2026-09-22,P,737.0,0.0,0.0,0.1,635.0,0.0,0.12500875,False,2026-09-18 20:14:59+00:00,SPY260922P00737000
SPY,2026-09-21,761.6900024414062,2026-09-22,P,738.0,0.0,0.0,0.11,371.0,0.0,0.12500875,False,2026-09-18 20:10:44+00:00,SPY260922P00738000
SPY,2026-09-21,761.6900024414062,2026-09-22,P,739.0,0.0,0.0,0.13,582.0,0.0,0.12500875,False,2026-09-18 19:59:28+00:00,SPY260922P00739000
SPY,2026-09-21,761.6900024414062,2026-09-22,P,740.0,0.0,0.0,0.12,16242.0,0.0,0.062509375,False,2026-09-18 20:02:39+00:00,SPY260922P00740000
SPY,2026-09-21,761.6900024414062,2026-09-22,P,741.0,0.0,0.0,0.14,484.0,0.0,0.062509375,False,2026-09-18 19:53:30+00:00,SPY260922P00741000
SPY,2026-09-21,761.6900024414062,2026-09-22,P,742.0,0.0,0.0,0.16,738.0,0.0,0.062509375,False,2026-09-18 20:13:50+00:00,SPY260922P00742000
SPY,2026-09-21,761.6900024414062,2026-09-22,P,743.0,0.0,0.0,0.17,1253.0,0.0,0.062509375,False,2026-09-18 20:05:03+00:00,SPY260922P00743000
SPY,2026-09-21,761.6900024414062,2026-09-22,P,744.0,0.0,0.0,0.19,1133.0,0.0,0.062509375,False,2026-09-18 20:14:12+00:00,SPY260922P00744000
SPY,2026-09-21,761.6900024414062,2026-09-22,P,745.0,0.0,0.0,0.19,12709.0,0.0,0.062509375,False,2026-09-18 20:13:16+00:00,SPY260922P00745000
SPY,2026-09-21,761.6900024414062,2026-09-22,P,746.0,0.0,0.0,0.21,1598.0,0.0,0.062509375,False,2026-09-18 20:10:38+00:00,SPY260922P00746000
SPY,2026-09-21,761.6900024414062,2026-09-22,P,747.0,0.0,0.0,0.25,1914.0,0.0,0.062509375,False,2026-09-18 20:14:26+00:00,SPY260922P00747000
SPY,2026-09-21,761.6900024414062,2026-09-22,P,748.0,0.0,0.0,0.28,1620.0,0.0,0.062509375,False,2026-09-18 20:10:02+00:00,SPY260922P00748000
SPY,2026-09-21,761.6900024414062,2026-09-22,P,749.0,0.0,0.0,0.32,1061.0,0.0,0.062509375,False,2026-09-18 20:13:59+00:00,SPY260922P00749000
SPY,2026-09-21,761.6900024414062,2026-09-22,P,750.0,0.0,0.0,0.36,16550.0,0.0,0.062509375,False,2026-09-18 20:14:59+00:00,SPY260922P00750000
SPY,2026-09-21,761.6900024414062,2026-09-22,P,751.0,0.0,0.0,0.39,1474.0,0.0,0.0312596875,False,2026-09-18 20:14:46+00:00,SPY260922P00751000
SPY,2026-09-21,761.6900024414062,2026-09-22,P,752.0,0.0,0.0,0.45,1226.0,0.0,0.0312596875,False,2026-09-18 20:11:16+00:00,SPY260922P00752000
SPY,2026-09-21,761.6900024414062,2026-09-22,P,753.0,0.0,0.0,0.53,1441.0,0.0,0.0312596875,False,2026-09-18 20:14:57+00:00,SPY260922P00753000
SPY,2026-09-21,761.6900024414062,2026-09-22,P,754.0,0.0,0.0,0.62,2203.0,0.0,0.0312596875,False,2026-09-18 20:14:52+00:00,SPY260922P00754000
SPY,2026-09-21,761.6900024414062,2026-09-22,P,755.0,0.0,0.0,0.69,8686.0,0.0,0.0312596875,False,2026-09-18 20:14:59+00:00,SPY260922P00755000
SPY,2026-09-21,761.6900024414062,2026-09-22,P,756.0,0.0,0.0,0.82,4412.0,0.0,0.0312596875,False,2026-09-18 20:14:59+00:00,SPY260922P00756000
SPY,2026-09-21,761.6900024414062,2026-09-22,P,757.0,0.0,0.0,0.95,3935.0,0.0,0.015634843750000002,False,2026-09-18 20:14:45+00:00,SPY260922P00757000
SPY,2026-09-21,761.6900024414062,2026-09-22,P,758.0,0.0,0.0,1.12,5389.0,0.0,0.015634843750000002,False,2026-09-18 20:14:46+00:00,SPY260922P00758000
SPY,2026-09-21,761.6900024414062,2026-09-22,P,759.0,0.0,0.0,1.31,9432.0,0.0,0.015634843750000002,False,2026-09-18 20:14:43+00:00,SPY260922P00759000
SPY,2026-09-21,761.6900024414062,2026-09-22,P,760.0,0.0,0.0,1.56,10779.0,0.0,0.007822421875,False,2026-09-18 20:14:52+00:00,SPY260922P00760000
SPY,2026-09-21,761.6900024414062,2026-09-22,P,761.0,0.0,0.0,1.83,5886.0,0.0,0.0039162109375,False,2026-09-18 20:14:54+00:00,SPY260922P00761000
SPY,2026-09-21,761.6900024414062,2026-09-22,P,762.0,0.0,0.0,2.18,4017.0,0.0,1.0000000000000003e-05,True,2026-09-18 20:14:55+00:00,SPY260922P00762000
SPY,2026-09-21,761.6900024414062,2026-09-22,P,763.0,0.0,0.0,2.58,1586.0,0.0,1.0000000000000003e-05,True,2026-09-18 20:14:58+00:00,SPY260922P00763000
SPY,2026-09-21,761.6900024414062,2026-09-22,P,764.0,0.0,0.0,3.03,759.0,0.0,1.0000000000000003e-05,True,2026-09-18 20:14:27+00:00,SPY260922P00764000
SPY,2026-09-21,761.6900024414062,2026-09-22,P,765.0,0.0,0.0,3.61,1645.0,0.0,1.0000000000000003e-05,True,2026-09-18 20:14:55+00:00,SPY260922P00765000
SPY,2026-09-21,761.6900024414062,2026-09-22,P,766.0,0.0,0.0,4.44,253.0,0.0,1.0000000000000003e-05,True,2026-09-18 20:09:51+00:00,SPY260922P00766000
SPY,2026-09-21,761.6900024414062,2026-09-22,P,767.0,0.0,0.0,5.1,673.0,0.0,1.0000000000000003e-05,True,2026-09-18 20:08:46+00:00,SPY260922P00767000
SPY,2026-09-21,761.6900024414062,2026-09-22,P,768.0,0.0,0.0,6.8,578.0,0.0,1.0000000000000003e-05,True,2026-09-18 19:53:09+00:00,SPY260922P00768000
SPY,2026-09-21,761.6900024414062,2026-09-22,P,769.0,0.0,0.0,6.44,572.0,0.0,1.0000000000000003e-05,True,2026-09-18 20:14:21+00:00,SPY260922P00769000
SPY,2026-09-21,761.6900024414062,2026-09-22,P,770.0,0.0,0.0,7.3,295.0,0.0,1.0000000000000003e-05,True,2026-09-18 20:14:21+00:00,SPY260922P00770000
SPY,2026-09-21,761.6900024414062,2026-09-22,P,771.0,0.0,0.0,9.1,202.0,0.0,1.0000000000000003e-05,True,2026-09-18 20:00:40+00:00,SPY260922P00771000
SPY,2026-09-21,761.6900024414062,2026-09-22,P,772.0,0.0,0.0,10.83,705.0,0.0,1.0000000000000003e-05,True,2026-09-18 19:07:29+00:00,SPY260922P00772000
SPY,2026-09-21,761.6900024414062,2026-09-22,P,773.0,0.0,0.0,11.79,109.0,0.0,1.0000000000000003e-05,True,2026-09-18 19:03:01+00:00,SPY260922P00773000
SPY,2026-09-21,761.6900024414062,2026-09-22,P,774.0,0.0,0.0,12.65,500.0,0.0,1.0000000000000003e-05,True,2026-09-18 18:55:58+00:00,SPY260922P00774000
SPY,2026-09-21,761.6900024414062,2026-09-22,P,775.0,0.0,0.0,13.94,329.0,0.0,1.0000000000000003e-05,True,2026-09-18 19:24:06+00:00,SPY260922P00775000
SPY,2026-09-21,761.6900024414062,2026-09-22,P,776.0,0.0,0.0,13.19,190.0,0.0,1.0000000000000003e-05,True,2026-09-18 20:14:57+00:00,SPY260922P00776000
SPY,2026-09-21,761.6900024414062,2026-09-22,P,777.0,0.0,0.0,15.86,260.0,0.0,1.0000000000000003e-05,True,2026-09-18 19:42:35+00:00,SPY260922P00777000
SPY,2026-09-21,761.6900024414062,2026-09-22,P,778.0,0.0,0.0,16.91,38.0,0.0,1.0000000000000003e-05,True,2026-09-18 19:39:06+00:00,SPY260922P00778000
SPY,2026-09-21,761.6900024414062,2026-09-22,P,779.0,0.0,0.0,17.82,60.0,0.0,1.0000000000000003e-05,True,2026-09-18 19:39:57+00:00,SPY260922P00779000
SPY,2026-09-21,761.6900024414062,2026-09-22,P,780.0,0.0,0.0,18.84,338.0,0.0,1.0000000000000003e-05,True,2026-09-18 19:14:42+00:00,SPY260922P00780000
SPY,2026-09-21,761.6900024414062,2026-09-22,P,781.0,0.0,0.0,19.87,132.0,0.0,1.0000000000000003e-05,True,2026-09-18 19:40:55+00:00,SPY260922P00781000
SPY,2026-09-21,761.6900024414062,2026-09-22,P,782.0,0.0,0.0,20.39,134.0,0.0,1.0000000000000003e-05,True,2026-09-18 19:48:40+00:00,SPY260922P00782000
SPY,2026-09-21,761.6900024414062,2026-09-22,P,783.0,0.0,0.0,21.88,12.0,0.0,1.0000000000000003e-05,True,2026-09-18 19:03:54+00:00,SPY260922P00783000
SPY,2026-09-21,761.6900024414062,2026-09-22,P,784.0,0.0,0.0,22.61,130.0,0.0,1.0000000000000003e-05,True,2026-09-18 19:04:49+00:00,SPY260922P00784000
SPY,2026-09-21,761.6900024414062,2026-09-22,P,785.0,0.0,0.0,23.77,448.0,0.0,1.0000000000000003e-05,True,2026-09-18 19:10:23+00:00,SPY260922P00785000
SPY,2026-09-21,761.6900024414062,2026-09-22,P,786.0,0.0,0.0,24.61,96.0,0.0,1.0000000000000003e-05,True,2026-09-18 19:06:02+00:00,SPY260922P00786000
SPY,2026-09-21,761.6900024414062,2026-09-22,P,787.0,0.0,0.0,25.75,48.0,0.0,1.0000000000000003e-05,True,2026-09-18 19:06:33+00:00,SPY260922P00787000
SPY,2026-09-21,761.6900024414062,2026-09-22,P,788.0,0.0,0.0,26.77,148.0,0.0,1.0000000000000003e-05,True,2026-09-18 19:07:02+00:00,SPY260922P00788000
SPY,2026-09-21,761.6900024414062,2026-09-22,P,789.0,0.0,0.0,27.9,34.0,0.0,1.0000000000000003e-05,True,2026-09-18 19:08:00+00:00,SPY260922P00789000
SPY,2026-09-21,761.6900024414062,2026-09-22,P,790.0,0.0,0.0,28.82,7.0,0.0,1.0000000000000003e-05,True,2026-09-18 19:08:32+00:00,SPY260922P00790000
SPY,2026-09-21,761.6900024414062,2026-09-22,P,791.0,0.0,0.0,29.87,8.0,0.0,1.0000000000000003e-05,True,2026-09-18 19:09:11+00:00,SPY260922P00791000
SPY,2026-09-21,761.6900024414062,2026-09-22,P,795.0,0.0,0.0,32.18,,0.0,1.0000000000000003e-05,True,2026-09-09 14:09:41+00:00,SPY260922P00795000
SPY,2026-09-21,761.6900024414062,2026-09-22,P,799.0,0.0,0.0,37.89,20.0,0.0,1.0000000000000003e-05,True,2026-09-18 19:27:47+00:00,SPY260922P00799000
SPY,2026-09-21,761.6900024414062,2026-09-22,P,800.0,0.0,0.0,39.06,12.0,0.0,1.0000000000000003e-05,True,2026-09-18 19:29:50+00:00,SPY260922P00800000
SPY,2026-09-21,761.6900024414062,2026-09-22,P,801.0,0.0,0.0,40.11,18.0,0.0,1.0000000000000003e-05,True,2026-09-18 19:30:26+00:00,SPY260922P00801000
SPY,2026-09-21,761.6900024414062,2026-09-22,P,802.0,0.0,0.0,40.68,12.0,0.0,1.0000000000000003e-05,True,2026-09-18 19:12:25+00:00,SPY260922P00802000
SPY,2026-09-21,761.6900024414062,2026-09-22,P,803.0,0.0,0.0,41.74,6.0,0.0,1.0000000000000003e-05,True,2026-09-18 19:12:50+00:00,SPY260922P00803000
SPY,2026-09-21,761.6900024414062,2026-09-22,P,804.0,0.0,0.0,42.68,4.0,0.0,1.0000000000000003e-05,True,2026-09-18 19:13:08+00:00,SPY260922P00804000
SPY,2026-09-21,761.6900024414062,2026-09-22,P,809.0,0.0,0.0,48.26,22.0,0.0,1.0000000000000003e-05,True,2026-09-18 19:32:02+00:00,SPY260922P00809000
SPY,2026-09-21,761.6900024414062,2026-09-22,P,810.0,0.0,0.0,49.23,26.0,0.0,1.0000000000000003e-05,True,2026-09-18 19:34:00+00:00,SPY260922P00810000
SPY,2026-09-21,761.6900024414062,2026-09-22,P,815.0,0.0,0.0,54.24,20.0,0.0,1.0000000000000003e-05,True,2026-09-18 19:35:21+00:00,SPY260922P00815000
SPY,2026-09-21,761.6900024414062,2026-09-22,P,820.0,0.0,0.0,59.23,6.0,0.0,1.0000000000000003e-05,True,2026-09-18 19:36:04+00:00,SPY260922P00820000
SPY,2026-09-21,761.6900024414062,2026-09-22,P,825.0,0.0,0.0,64.02,24.0,0.0,1.0000000000000003e-05,True,2026-09-18 19:37:35+00:00,SPY260922P00825000
SPY,2026-09-21,761.6900024414062,2026-09-22,P,830.0,0.0,0.0,68.79,24.0,0.0,1.0000000000000003e-05,True,2026-09-18 19:39:40+00:00,SPY260922P00830000
SPY,2026-09-21,761.6900024414062,2026-09-22,P,835.0,0.0,0.0,73.81,8.0,0.0,1.0000000000000003e-05,True,2026-09-18 19:40:22+00:00,SPY260922P00835000
SPY,2026-09-21,761.6900024414062,2026-09-22,P,840.0,0.0,0.0,78.89,2.0,0.0,1.0000000000000003e-05,True,2026-09-18 19:40:33+00:00,SPY260922P00840000
SPY,2026-09-21,761.6900024414062,2026-09-23,C,570.0,0.0,0.0,192.35,,0.0,1.0000000000000003e-05,True,2026-09-14 15:44:25+00:00,SPY260923C00570000
SPY,2026-09-21,761.6900024414062,2026-09-23,C,600.0,0.0,0.0,162.38,,0.0,1.0000000000000003e-05,True,2026-09-14 15:44:34+00:00,SPY260923C00600000
SPY,2026-09-21,761.6900024414062,2026-09-23,C,605.0,0.0,0.0,157.34,,0.0,1.0000000000000003e-05,True,2026-09-14 15:44:28+00:00,SPY260923C00605000
SPY,2026-09-21,761.6900024414062,2026-09-23,C,610.0,0.0,0.0,152.39,,0.0,1.0000000000000003e-05,True,2026-09-14 15:44:36+00:00,SPY260923C00610000
SPY,2026-09-21,761.6900024414062,2026-09-23,C,615.0,0.0,0.0,147.37,,0.0,1.0000000000000003e-05,True,2026-09-14 15:44:23+00:00,SPY260923C00615000
SPY,2026-09-21,761.6900024414062,2026-09-23,C,620.0,0.0,0.0,142.39,,0.0,1.0000000000000003e-05,True,2026-09-14 15:44:38+00:00,SPY260923C00620000
SPY,2026-09-21,761.6900024414062,2026-09-23,C,625.0,0.0,0.0,137.37,,0.0,1.0000000000000003e-05,True,2026-09-14 15:44:27+00:00,SPY260923C00625000
SPY,2026-09-21,761.6900024414062,2026-09-23,C,630.0,0.0,0.0,132.37,,0.0,1.0000000000000003e-05,True,2026-09-14 15:44:27+00:00,SPY260923C00630000
SPY,2026-09-21,761.6900024414062,2026-09-23,C,635.0,0.0,0.0,127.41,,0.0,1.0000000000000003e-05,True,2026-09-14 15:44:37+00:00,SPY260923C00635000
SPY,2026-09-21,761.6900024414062,2026-09-23,C,640.0,0.0,0.0,122.73,,0.0,1.0000000000000003e-05,True,2026-09-17 19:55:12+00:00,SPY260923C00640000
SPY,2026-09-21,761.6900024414062,2026-09-23,C,645.0,0.0,0.0,117.42,,0.0,1.0000000000000003e-05,True,2026-09-14 15:44:26+00:00,SPY260923C00645000
SPY,2026-09-21,761.6900024414062,2026-09-23,C,650.0,0.0,0.0,112.42,,0.0,1.0000000000000003e-05,True,2026-09-14 15:44:36+00:00,SPY260923C00650000
SPY,2026-09-21,761.6900024414062,2026-09-23,C,655.0,0.0,0.0,107.43,,0.0,1.0000000000000003e-05,True,2026-09-14 15:44:37+00:00,SPY260923C00655000
SPY,2026-09-21,761.6900024414062,2026-09-23,C,660.0,0.0,0.0,102.41,,0.0,1.0000000000000003e-05,True,2026-09-14 15:44:27+00:00,SPY260923C00660000
SPY,2026-09-21,761.6900024414062,2026-09-23,C,665.0,0.0,0.0,97.44,,0.0,1.0000000000000003e-05,True,2026-09-14 15:44:37+00:00,SPY260923C00665000
SPY,2026-09-21,761.6900024414062,2026-09-23,C,685.0,0.0,0.0,73.4,,0.0,1.0000000000000003e-05,True,2026-09-10 18:10:08+00:00,SPY260923C00685000
SPY,2026-09-21,761.6900024414062,2026-09-23,C,690.0,0.0,0.0,72.73,20.0,0.0,1.0000000000000003e-05,True,2026-09-17 19:55:12+00:00,SPY260923C00690000
SPY,2026-09-21,761.6900024414062,2026-09-23,C,695.0,0.0,0.0,65.66,2.0,0.0,1.0000000000000003e-05,True,2026-09-18 17:38:05+00:00,SPY260923C00695000
SPY,2026-09-21,761.6900024414062,2026-09-23,C,700.0,0.0,0.0,61.8,2.0,0.0,1.0000000000000003e-05,True,2026-09-18 19:59:06+00:00,SPY260923C00700000
SPY,2026-09-21,761.6900024414062,2026-09-23,C,705.0,0.0,0.0,56.88,16.0,0.0,1.0000000000000003e-05,True,2026-09-18 19:58:23+00:00,SPY260923C00705000
SPY,2026-09-21,761.6900024414062,2026-09-23,C,710.0,0.0,0.0,50.25,12.0,0.0,1.0000000000000003e-05,True,2026-09-18 19:53:49+00:00,SPY260923C00710000
SPY,2026-09-21,761.6900024414062,2026-09-23,C,715.0,0.0,0.0,46.63,6.0,0.0,1.0000000000000003e-05,True,2026-09-18 19:54:14+00:00,SPY260923C00715000
SPY,2026-09-21,761.6900024414062,2026-09-23,C,719.0,0.0,0.0,40.87,4.0,0.0,1.0000000000000003e-05,True,2026-09-18 16:43:16+00:00,SPY260923C00719000
SPY,2026-09-21,761.6900024414062,2026-09-23,C,720.0,0.0,0.0,39.36,8.0,0.0,1.0000000000000003e-05,True,2026-09-18 16:42:58+00:00,SPY260923C00720000
SPY,2026-09-21,761.6900024414062,2026-09-23,C,721.0,0.0,0.0,39.05,6.0,0.0,1.0000000000000003e-05,True,2026-09-18 17:47:42+00:00,SPY260923C00721000
SPY,2026-09-21,761.6900024414062,2026-09-23,C,722.0,0.0,0.0,37.28,4.0,0.0,1.0000000000000003e-05,True,2026-09-18 16:21:33+00:00,SPY260923C00722000
SPY,2026-09-21,761.6900024414062,2026-09-23,C,723.0,0.0,0.0,36.91,30.0,0.0,1.0000000000000003e-05,True,2026-09-18 17:49:59+00:00,SPY260923C00723000
SPY,2026-09-21,761.6900024414062,2026-09-23,C,724.0,0.0,0.0,36.16,6.0,0.0,1.0000000000000003e-05,True,2026-09-18 16:20:58+00:00,SPY260923C00724000
SPY,2026-09-21,761.6900024414062,2026-09-23,C,725.0,0.0,0.0,36.46,11.0,0.0,1.0000000000000003e-05,True,2026-09-18 19:17:13+00:00,SPY260923C00725000
SPY,2026-09-21,761.6900024414062,2026-09-23,C,726.0,0.0,0.0,34.02,31.0,0.0,1.0000000000000003e-05,True,2026-09-18 17:45:57+00:00,SPY260923C00726000
SPY,2026-09-21,761.6900024414062,2026-09-23,C,727.0,0.0,0.0,33.18,24.0,0.0,1.0000000000000003e-05,True,2026-09-18 18:02:10+00:00,SPY260923C00727000
SPY,2026-09-21,761.6900024414062,2026-09-23,C,728.0,0.0,0.0,32.21,66.0,0.0,1.0000000000000003e-05,True,2026-09-18 18:02:34+00:00,SPY260923C00728000
SPY,2026-09-21,761.6900024414062,2026-09-23,C,729.0,0.0,0.0,30.68,50.0,0.0,1.0000000000000003e-05,True,2026-09-18 18:07:24+00:00,SPY260923C00729000
SPY,2026-09-21,761.6900024414062,2026-09-23,C,730.0,0.0,0.0,31.59,113.0,0.0,1.0000000000000003e-05,True,2026-09-18 19:10:27+00:00,SPY260923C00730000
SPY,2026-09-21,761.6900024414062,2026-09-23,C,731.0,0.0,0.0,29.22,68.0,0.0,1.0000000000000003e-05,True,2026-09-18 18:13:59+00:00,SPY260923C00731000
SPY,2026-09-21,761.6900024414062,2026-09-23,C,732.0,0.0,0.0,28.13,110.0,0.0,1.0000000000000003e-05,True,2026-09-18 17:58:30+00:00,SPY260923C00732000
SPY,2026-09-21,761.6900024414062,2026-09-23,C,733.0,0.0,0.0,27.16,74.0,0.0,1.0000000000000003e-05,True,2026-09-18 18:08:54+00:00,SPY260923C00733000
SPY,2026-09-21,761.6900024414062,2026-09-23,C,734.0,0.0,0.0,27.91,32.0,0.0,1.0000000000000003e-05,True,2026-09-18 19:50:13+00:00,SPY260923C00734000
SPY,2026-09-21,761.6900024414062,2026-09-23,C,735.0,0.0,0.0,25.17,216.0,0.0,1.0000000000000003e-05,True,2026-09-18 18:13:12+00:00,SPY260923C00735000
SPY,2026-09-21,761.6900024414062,2026-09-23,C,736.0,0.0,0.0,24.74,530.0,0.0,1.0000000000000003e-05,True,2026-09-18 18:32:44+00:00,SPY260923C00736000
SPY,2026-09-21,761.6900024414062,2026-09-23,C,737.0,0.0,0.0,23.15,84.0,0.0,1.0000000000000003e-05,True,2026-09-18 18:12:18+00:00,SPY260923C00737000
SPY,2026-09-21,761.6900024414062,2026-09-23,C,738.0,0.0,0.0,22.91,261.0,0.0,1.0000000000000003e-05,True,2026-09-18 18:35:57+00:00,SPY260923C00738000
SPY,2026-09-21,761.6900024414062,2026-09-23,C,739.0,0.0,0.0,21.37,164.0,0.0,1.0000000000000003e-05,True,2026-09-18 18:02:53+00:00,SPY260923C00739000
SPY,2026-09-21,761.6900024414062,2026-09-23,C,740.0,0.0,0.0,20.23,938.0,0.0,1.0000000000000003e-05,True,2026-09-18 18:11:17+00:00,SPY260923C00740000
SPY,2026-09-21,761.6900024414062,2026-09-23,C,741.0,0.0,0.0,19.35,884.0,0.0,1.0000000000000003e-05,True,2026-09-18 18:11:01+00:00,SPY260923C00741000
SPY,2026-09-21,761.6900024414062,2026-09-23,C,742.0,0.0,0.0,18.41,164.0,0.0,1.0000000000000003e-05,True,2026-09-18 18:06:25+00:00,SPY260923C00742000
SPY,2026-09-21,761.6900024414062,2026-09-23,C,743.0,0.0,0.0,18.06,272.0,0.0,1.0000000000000003e-05,True,2026-09-18 18:35:16+00:00,SPY260923C00743000
SPY,2026-09-21,761.6900024414062,2026-09-23,C,744.0,0.0,0.0,16.45,676.0,0.0,1.0000000000000003e-05,True,2026-09-18 18:09:59+00:00,SPY260923C00744000
SPY,2026-09-21,761.6900024414062,2026-09-23,C,745.0,0.0,0.0,16.79,1795.0,0.0,1.0000000000000003e-05,True,2026-09-18 19:17:13+00:00,SPY260923C00745000
SPY,2026-09-21,761.6900024414062,2026-09-23,C,746.0,0.0,0.0,14.1,1530.0,0.0,1.0000000000000003e-05,True,2026-09-18 16:51:18+00:00,SPY260923C00746000
SPY,2026-09-21,761.6900024414062,2026-09-23,C,747.0,0.0,0.0,13.23,134.0,0.0,1.0000000000000003e-05,True,2026-09-18 17:01:48+00:00,SPY260923C00747000
SPY,2026-09-21,761.6900024414062,2026-09-23,C,748.0,0.0,0.0,12.6,202.0,0.0,1.0000000000000003e-05,True,2026-09-18 17:50:07+00:00,SPY260923C00748000
SPY,2026-09-21,761.6900024414062,2026-09-23,C,749.0,0.0,0.0,13.41,72.0,0.0,1.0000000000000003e-05,True,2026-09-18 19:59:24+00:00,SPY260923C00749000
SPY,2026-09-21,761.6900024414062,2026-09-23,C,750.0,0.0,0.0,13.08,195.0,0.0,1.0000000000000003e-05,True,2026-09-18 20:01:37+00:00,SPY260923C00750000
SPY,2026-09-21,761.6900024414062,2026-09-23,C,751.0,0.0,0.0,11.52,69.0,0.0,1.0000000000000003e-05,True,2026-09-18 19:56:32+00:00,SPY260923C00751000
SPY,2026-09-21,761.6900024414062,2026-09-23,C,752.0,0.0,0.0,10.93,175.0,0.0,1.0000000000000003e-05,True,2026-09-18 19:55:06+00:00,SPY260923C00752000
SPY,2026-09-21,761.6900024414062,2026-09-23,C,753.0,0.0,0.0,10.04,372.0,0.0,1.0000000000000003e-05,True,2026-09-18 19:55:06+00:00,SPY260923C00753000
SPY,2026-09-21,761.6900024414062,2026-09-23,C,754.0,0.0,0.0,8.51,69.0,0.0,1.0000000000000003e-05,True,2026-09-18 19:20:18+00:00,SPY260923C00754000
SPY,2026-09-21,761.6900024414062,2026-09-23,C,755.0,0.0,0.0,8.92,516.0,0.0,1.0000000000000003e-05,True,2026-09-18 20:06:49+00:00,SPY260923C00755000
SPY,2026-09-21,761.6900024414062,2026-09-23,C,756.0,0.0,0.0,8.33,163.0,0.0,1.0000000000000003e-05,True,2026-09-18 20:14:46+00:00,SPY260923C00756000
SPY,2026-09-21,761.6900024414062,2026-09-23,C,757.0,0.0,0.0,7.25,718.0,0.0,1.0000000000000003e-05,True,2026-09-18 20:06:49+00:00,SPY260923C00757000
SPY,2026-09-21,761.6900024414062,2026-09-23,C,758.0,0.0,0.0,6.41,633.0,0.0,1.0000000000000003e-05,True,2026-09-18 20:08:49+00:00,SPY260923C00758000
SPY,2026-09-21,761.6900024414062,2026-09-23,C,759.0,0.0,0.0,6.02,4147.0,0.0,1.0000000000000003e-05,True,2026-09-18 20:14:04+00:00,SPY260923C00759000
SPY,2026-09-21,761.6900024414062,2026-09-23,C,760.0,0.0,0.0,5.19,11033.0,0.0,1.0000000000000003e-05,True,2026-09-18 20:14:34+00:00,SPY260923C00760000
SPY,2026-09-21,761.6900024414062,2026-09-23,C,761.0,0.0,0.0,4.3,2435.0,0.0,1.0000000000000003e-05,True,2026-09-18 20:10:10+00:00,SPY260923C00761000
SPY,2026-09-21,761.6900024414062,2026-09-23,C,762.0,0.0,0.0,3.81,6403.0,0.0,0.00196310546875,False,2026-09-18 20:14:46+00:00,SPY260923C00762000
SPY,2026-09-21,761.6900024414062,2026-09-23,C,763.0,0.0,0.0,3.21,3061.0,0.0,0.0039162109375,False,2026-09-18 20:14:54+00:00,SPY260923C00763000
SPY,2026-09-21,761.6900024414062,2026-09-23,C,764.0,0.0,0.0,2.65,1650.0,0.0,0.007822421875,False,2026-09-18 20:14:56+00:00,SPY260923C00764000
SPY,2026-09-21,761.6900024414062,2026-09-23,C,765.0,0.0,0.0,2.2,4764.0,0.0,0.015634843750000002,False,2026-09-18 20:14:39+00:00,SPY260923C00765000
SPY,2026-09-21,761.6900024414062,2026-09-23,C,766.0,0.0,0.0,1.75,1270.0,0.0,0.015634843750000002,False,2026-09-18 20:14:53+00:00,SPY260923C00766000
SPY,2026-09-21,761.6900024414062,2026-09-23,C,767.0,0.0,0.0,1.37,1965.0,0.0,0.015634843750000002,False,2026-09-18 20:14:55+00:00,SPY260923C00767000
SPY,2026-09-21,761.6900024414062,2026-09-23,C,768.0,0.0,0.0,1.07,2791.0,0.0,0.015634843750000002,False,2026-09-18 20:14:51+00:00,SPY260923C00768000
SPY,2026-09-21,761.6900024414062,2026-09-23,C,769.0,0.0,0.0,0.83,1366.0,0.0,0.0312596875,False,2026-09-18 20:14:39+00:00,SPY260923C00769000
SPY,2026-09-21,761.6900024414062,2026-09-23,C,770.0,0.0,0.0,0.61,3265.0,0.0,0.0312596875,False,2026-09-18 20:14:37+00:00,SPY260923C00770000
SPY,2026-09-21,761.6900024414062,2026-09-23,C,771.0,0.0,0.0,0.45,1505.0,0.0,0.0312596875,False,2026-09-18 20:14:59+00:00,SPY260923C00771000
SPY,2026-09-21,761.6900024414062,2026-09-23,C,772.0,0.0,0.0,0.31,2122.0,0.0,0.0312596875,False,2026-09-18 20:14:59+00:00,SPY260923C00772000
SPY,2026-09-21,761.6900024414062,2026-09-23,C,773.0,0.0,0.0,0.23,1432.0,0.0,0.0312596875,False,2026-09-18 20:14:54+00:00,SPY260923C00773000
SPY,2026-09-21,761.6900024414062,2026-09-23,C,774.0,0.0,0.0,0.16,1808.0,0.0,0.0312596875,False,2026-09-18 20:14:45+00:00,SPY260923C00774000
SPY,2026-09-21,761.6900024414062,2026-09-23,C,775.0,0.0,0.0,0.11,1367.0,0.0,0.0312596875,False,2026-09-18 20:14:31+00:00,SPY260923C00775000
SPY,2026-09-21,761.6900024414062,2026-09-23,C,776.0,0.0,0.0,0.08,374.0,0.0,0.062509375,False,2026-09-18 20:13:05+00:00,SPY260923C00776000
SPY,2026-09-21,761.6900024414062,2026-09-23,C,777.0,0.0,0.0,0.06,140.0,0.0,0.062509375,False,2026-09-18 20:13:18+00:00,SPY260923C00777000
SPY,2026-09-21,761.6900024414062,2026-09-23,C,778.0,0.0,0.0,0.03,751.0,0.0,0.062509375,False,2026-09-18 20:14:30+00:00,SPY260923C00778000
SPY,2026-09-21,761.6900024414062,2026-09-23,C,779.0,0.0,0.0,0.03,2555.0,0.0,0.062509375,False,2026-09-18 20:14:15+00:00,SPY260923C00779000
SPY,2026-09-21,761.6900024414062,2026-09-23,C,780.0,0.0,0.0,0.03,2729.0,0.0,0.062509375,False,2026-09-18 20:13:04+00:00,SPY260923C00780000
SPY,2026-09-21,761.6900024414062,2026-09-23,C,781.0,0.0,0.0,0.01,178.0,0.0,0.062509375,False,2026-09-18 19:56:14+00:00,SPY260923C00781000
SPY,2026-09-21,761.6900024414062,2026-09-23,C,782.0,0.0,0.0,0.01,119.0,0.0,0.062509375,False,2026-09-18 19:58:48+00:00,SPY260923C00782000
SPY,2026-09-21,761.6900024414062,2026-09-23,C,783.0,0.0,0.0,0.01,888.0,0.0,0.062509375,False,2026-09-18 20:01:30+00:00,SPY260923C00783000
SPY,2026-09-21,761.6900024414062,2026-09-23,C,784.0,0.0,0.0,0.01,12.0,0.0,0.062509375,False,2026-09-18 20:02:16+00:00,SPY260923C00784000
SPY,2026-09-21,761.6900024414062,2026-09-23,C,785.0,0.0,0.0,0.01,242.0,0.0,0.062509375,False,2026-09-18 20:00:07+00:00,SPY260923C00785000
SPY,2026-09-21,761.6900024414062,2026-09-23,C,786.0,0.0,0.0,0.01,6.0,0.0,0.062509375,False,2026-09-18 20:07:25+00:00,SPY260923C00786000
SPY,2026-09-21,761.6900024414062,2026-09-23,C,787.0,0.0,0.0,0.01,22.0,0.0,0.062509375,False,2026-09-18 19:38:51+00:00,SPY260923C00787000
SPY,2026-09-21,761.6900024414062,2026-09-23,C,788.0,0.0,0.0,0.01,105.0,0.0,0.062509375,False,2026-09-18 19:35:24+00:00,SPY260923C00788000
SPY,2026-09-21,761.6900024414062,2026-09-23,C,789.0,0.0,0.0,0.03,1.0,0.0,0.062509375,False,2026-09-17 16:19:55+00:00,SPY260923C00789000
SPY,2026-09-21,761.6900024414062,2026-09-23,C,790.0,0.0,0.0,0.01,10.0,0.0,0.062509375,False,2026-09-18 19:47:49+00:00,SPY260923C00790000
SPY,2026-09-21,761.6900024414062,2026-09-23,C,791.0,0.0,0.0,0.01,456.0,0.0,0.12500875,False,2026-09-18 19:50:38+00:00,SPY260923C00791000
SPY,2026-09-21,761.6900024414062,2026-09-23,C,792.0,0.0,0.0,0.01,528.0,0.0,0.12500875,False,2026-09-18 18:24:09+00:00,SPY260923C00792000
SPY,2026-09-21,761.6900024414062,2026-09-23,C,793.0,0.0,0.0,0.01,35.0,0.0,0.12500875,False,2026-09-18 18:02:54+00:00,SPY260923C00793000
SPY,2026-09-21,761.6900024414062,2026-09-23,C,794.0,0.0,0.0,0.01,475.0,0.0,0.12500875,False,2026-09-18 18:10:56+00:00,SPY260923C00794000
SPY,2026-09-21,761.6900024414062,2026-09-23,C,795.0,0.0,0.0,0.01,9.0,0.0,0.12500875,False,2026-09-18 18:07:12+00:00,SPY260923C00795000
SPY,2026-09-21,761.6900024414062,2026-09-23,C,796.0,0.0,0.0,0.01,5.0,0.0,0.12500875,False,2026-09-18 15:11:12+00:00,SPY260923C00796000
SPY,2026-09-21,761.6900024414062,2026-09-23,C,797.0,0.0,0.0,0.01,10.0,0.0,0.12500875,False,2026-09-18 15:10:41+00:00,SPY260923C00797000
SPY,2026-09-21,761.6900024414062,2026-09-23,C,798.0,0.0,0.0,0.01,240.0,0.0,0.12500875,False,2026-09-18 14:01:39+00:00,SPY260923C00798000
SPY,2026-09-21,761.6900024414062,2026-09-23,C,799.0,0.0,0.0,0.03,,0.0,0.12500875,False,2026-09-17 16:20:02+00:00,SPY260923C00799000
SPY,2026-09-21,761.6900024414062,2026-09-23,C,800.0,0.0,0.0,0.03,19.0,0.0,0.12500875,False,2026-09-17 16:18:55+00:00,SPY260923C00800000
SPY,2026-09-21,761.6900024414062,2026-09-23,C,801.0,0.0,0.0,0.02,10.0,0.0,0.12500875,False,2026-09-17 15:29:32+00:00,SPY260923C00801000
SPY,2026-09-21,761.6900024414062,2026-09-23,C,802.0,0.0,0.0,0.01,60.0,0.0,0.12500875,False,2026-09-18 13:38:40+00:00,SPY260923C00802000
SPY,2026-09-21,761.6900024414062,2026-09-23,C,803.0,0.0,0.0,0.01,204.0,0.0,0.12500875,False,2026-09-18 13:38:26+00:00,SPY260923C00803000
SPY,2026-09-21,761.6900024414062,2026-09-23,C,804.0,0.0,0.0,0.03,,0.0,0.12500875,False,2026-09-16 18:19:28+00:00,SPY260923C00804000
SPY,2026-09-21,761.6900024414062,2026-09-23,C,805.0,0.0,0.0,0.02,,0.0,0.12500875,False,2026-09-15 15:59:12+00:00,SPY260923C00805000
SPY,2026-09-21,761.6900024414062,2026-09-23,C,806.0,0.0,0.0,0.01,202.0,0.0,0.12500875,False,2026-09-18 13:33:49+00:00,SPY260923C00806000
SPY,2026-09-21,761.6900024414062,2026-09-23,C,807.0,0.0,0.0,0.01,10.0,0.0,0.12500875,False,2026-09-17 19:59:31+00:00,SPY260923C00807000
SPY,2026-09-21,761.6900024414062,2026-09-23,C,808.0,0.0,0.0,0.01,40.0,0.0,0.12500875,False,2026-09-18 13:33:02+00:00,SPY260923C00808000
SPY,2026-09-21,761.6900024414062,2026-09-23,C,810.0,0.0,0.0,0.01,1.0,0.0,0.12500875,False,2026-09-15 15:18:03+00:00,SPY260923C00810000
SPY,2026-09-21,761.6900024414062,2026-09-23,C,820.0,0.0,0.0,0.02,8.0,0.0,0.12500875,False,2026-09-17 18:24:26+00:00,SPY260923C00820000
SPY,2026-09-21,761.6900024414062,2026-09-23,C,840.0,0.0,0.0,0.01,1.0,0.0,0.2500075,False,2026-09-16 13:43:25+00:00,SPY260923C00840000
SPY,2026-09-21,761.6900024414062,2026-09-23,C,870.0,0.0,0.0,0.01,,0.0,0.2500075,False,2026-09-10 18:46:16+00:00,SPY260923C00870000
SPY,2026-09-21,761.6900024414062,2026-09-23,C,885.0,0.0,0.0,0.01,,0.0,0.2500075,False,2026-09-10 13:37:44+00:00,SPY260923C00885000
SPY,2026-09-21,761.6900024414062,2026-09-23,C,950.0,0.0,0.0,0.01,,0.0,0.500005,False,2026-09-11 14:06:44+00:00,SPY260923C00950000
SPY,2026-09-21,761.6900024414062,2026-09-23,P,550.0,0.0,0.0,0.03,10.0,0.0,0.500005,False,2026-09-15 14:41:33+00:00,SPY260923P00550000
SPY,2026-09-21,761.6900024414062,2026-09-23,P,560.0,0.0,0.0,0.02,,0.0,0.500005,False,2026-09-16 13:44:22+00:00,SPY260923P00560000
SPY,2026-09-21,761.6900024414062,2026-09-23,P,565.0,0.0,0.0,0.02,,0.0,0.500005,False,2026-09-16 15:02:43+00:00,SPY260923P00565000
SPY,2026-09-21,761.6900024414062,2026-09-23,P,570.0,0.0,0.0,0.02,,0.0,0.500005,False,2026-09-16 15:02:41+00:00,SPY260923P00570000
SPY,2026-09-21,761.6900024414062,2026-09-23,P,575.0,0.0,0.0,0.02,,0.0,0.500005,False,2026-09-16 19:48:18+00:00,SPY260923P00575000
SPY,2026-09-21,761.6900024414062,2026-09-23,P,580.0,0.0,0.0,0.09,,0.0,0.500005,False,2026-09-10 18:13:51+00:00,SPY260923P00580000
SPY,2026-09-21,761.6900024414062,2026-09-23,P,585.0,0.0,0.0,0.05,,0.0,0.500005,False,2026-09-15 19:55:50+00:00,SPY260923P00585000
SPY,2026-09-21,761.6900024414062,2026-09-23,P,590.0,0.0,0.0,0.04,,0.0,0.500005,False,2026-09-16 19:47:39+00:00,SPY260923P00590000
SPY,2026-09-21,761.6900024414062,2026-09-23,P,600.0,0.0,0.0,0.04,,0.0,0.500005,False,2026-09-16 13:46:17+00:00,SPY260923P00600000
SPY,2026-09-21,761.6900024414062,2026-09-23,P,605.0,0.0,0.0,0.04,,0.0,0.500005,False,2026-09-16 19:47:15+00:00,SPY260923P00605000
SPY,2026-09-21,761.6900024414062,2026-09-23,P,610.0,0.0,0.0,0.01,,0.0,0.500005,False,2026-09-17 19:35:33+00:00,SPY260923P00610000
SPY,2026-09-21,761.6900024414062,2026-09-23,P,615.0,0.0,0.0,0.01,200.0,0.0,0.500005,False,2026-09-17 19:35:31+00:00,SPY260923P00615000
SPY,2026-09-21,761.6900024414062,2026-09-23,P,620.0,0.0,0.0,0.01,69.0,0.0,0.500005,False,2026-09-18 19:47:26+00:00,SPY260923P00620000
SPY,2026-09-21,761.6900024414062,2026-09-23,P,625.0,0.0,0.0,0.02,143.0,0.0,0.500005,False,2026-09-18 19:47:26+00:00,SPY260923P00625000
SPY,2026-09-21,761.6900024414062,2026-09-23,P,630.0,0.0,0.0,0.01,1.0,0.0,0.500005,False,2026-09-17 17:26:25+00:00,SPY260923P00630000
SPY,2026-09-21,761.6900024414062,2026-09-23,P,635.0,0.0,0.0,0.01,1.0,0.0,0.500005,False,2026-09-18 13:34:17+00:00,SPY260923P00635000
SPY,2026-09-21,761.6900024414062,2026-09-23,P,640.0,0.0,0.0,0.07,25.0,0.0,0.500005,False,2026-09-16 13:34:14+00:00,SPY260923P00640000
SPY,2026-09-21,761.6900024414062,2026-09-23,P,645.0,0.0,0.0,0.08,,0.0,0.500005,False,2026-09-16 13:39:31+00:00,SPY260923P00645000
SPY,2026-09-21,761.6900024414062,2026-09-23,P,650.0,0.0,0.0,0.02,10.0,0.0,0.2500075,False,2026-09-18 13:57:27+00:00,SPY260923P00650000
SPY,2026-09-21,761.6900024414062,2026-09-23,P,655.0,0.0,0.0,0.03,,0.0,0.2500075,False,2026-09-17 17:34:56+00:00,SPY260923P00655000
SPY,2026-09-21,761.6900024414062,2026-09-23,P,660.0,0.0,0.0,0.02,122.0,0.0,0.2500075,False,2026-09-18 19:53:16+00:00,SPY260923P00660000
SPY,2026-09-21,761.6900024414062,2026-09-23,P,665.0,0.0,0.0,0.02,71.0,0.0,0.2500075,False,2026-09-18 16:21:45+00:00,SPY260923P00665000
SPY,2026-09-21,761.6900024414062,2026-09-23,P,670.0,0.0,0.0,0.04,1.0,0.0,0.2500075,False,2026-09-17 13:34:04+00:00,SPY260923P00670000
SPY,2026-09-21,761.6900024414062,2026-09-23,P,675.0,0.0,0.0,0.05,4.0,0.0,0.2500075,False,2026-09-17 15:50:54+00:00,SPY260923P00675000
SPY,2026-09-21,761.6900024414062,2026-09-23,P,680.0,0.0,0.0,0.02,110.0,0.0,0.2500075,False,2026-09-18 17:32:42+00:00,SPY260923P00680000
SPY,2026-09-21,761.6900024414062,2026-09-23,P,685.0,0.0,0.0,0.06,,0.0,0.2500075,False,2026-09-17 17:48:44+00:00,SPY260923P00685000
SPY,2026-09-21,761.6900024414062,2026-09-23,P,690.0,0.0,0.0,0.03,1.0,0.0,0.2500075,False,2026-09-18 15:25:02+00:00,SPY260923P00690000
SPY,2026-09-21,761.6900024414062,2026-09-23,P,695.0,0.0,0.0,0.03,19.0,0.0,0.2500075,False,2026-09-18 19:45:36+00:00,SPY260923P00695000
SPY,2026-09-21,761.6900024414062,2026-09-23,P,700.0,0.0,0.0,0.05,58.0,0.0,0.2500075,False,2026-09-18 18:41:17+00:00,SPY260923P00700000
SPY,2026-09-21,761.6900024414062,2026-09-23,P,705.0,0.0,0.0,0.05,58.0,0.0,0.12500875,False,2026-09-18 19:58:44+00:00,SPY260923P00705000
SPY,2026-09-21,761.6900024414062,2026-09-23,P,710.0,0.0,0.0,0.06,86.0,0.0,0.12500875,False,2026-09-18 19:47:57+00:00,SPY260923P00710000
SPY,2026-09-21,761.6900024414062,2026-09-23,P,715.0,0.0,0.0,0.08,215.0,0.0,0.12500875,False,2026-09-18 20:09:03+00:00,SPY260923P00715000
SPY,2026-09-21,761.6900024414062,2026-09-23,P,718.0,0.0,0.0,0.08,2.0,0.0,0.12500875,False,2026-09-18 19:31:13+00:00,SPY260923P00718000
SPY,2026-09-21,761.6900024414062,2026-09-23,P,719.0,0.0,0.0,0.07,8.0,0.0,0.12500875,False,2026-09-18 19:54:58+00:00,SPY260923P00719000
SPY,2026-09-21,761.6900024414062,2026-09-23,P,720.0,0.0,0.0,0.08,86.0,0.0,0.12500875,False,2026-09-18 20:02:13+00:00,SPY260923P00720000
SPY,2026-09-21,761.6900024414062,2026-09-23,P,721.0,0.0,0.0,0.1,118.0,0.0,0.12500875,False,2026-09-18 16:05:30+00:00,SPY260923P00721000
SPY,2026-09-21,761.6900024414062,2026-09-23,P,722.0,0.0,0.0,0.18,31.0,0.0,0.12500875,False,2026-09-17 19:45:13+00:00,SPY260923P00722000
SPY,2026-09-21,761.6900024414062,2026-09-23,P,723.0,0.0,0.0,0.09,18.0,0.0,0.12500875,False,2026-09-18 19:36:55+00:00,SPY260923P00723000
SPY,2026-09-21,761.6900024414062,2026-09-23,P,724.0,0.0,0.0,0.11,200.0,0.0,0.12500875,False,2026-09-18 15:54:59+00:00,SPY260923P00724000
SPY,2026-09-21,761.6900024414062,2026-09-23,P,725.0,0.0,0.0,0.09,386.0,0.0,0.12500875,False,2026-09-18 19:07:25+00:00,SPY260923P00725000
SPY,2026-09-21,761.6900024414062,2026-09-23,P,726.0,0.0,0.0,0.1,76.0,0.0,0.12500875,False,2026-09-18 20:02:48+00:00,SPY260923P00726000
SPY,2026-09-21,761.6900024414062,2026-09-23,P,727.0,0.0,0.0,0.14,74.0,0.0,0.12500875,False,2026-09-18 14:11:39+00:00,SPY260923P00727000
SPY,2026-09-21,761.6900024414062,2026-09-23,P,728.0,0.0,0.0,0.12,128.0,0.0,0.12500875,False,2026-09-18 20:00:40+00:00,SPY260923P00728000
SPY,2026-09-21,761.6900024414062,2026-09-23,P,729.0,0.0,0.0,0.11,58.0,0.0,0.12500875,False,2026-09-18 19:50:46+00:00,SPY260923P00729000
SPY,2026-09-21,761.6900024414062,2026-09-23,P,730.0,0.0,0.0,0.13,520.0,0.0,0.12500875,False,2026-09-18 19:59:13+00:00,SPY260923P00730000
SPY,2026-09-21,761.6900024414062,2026-09-23,P,731.0,0.0,0.0,0.13,154.0,0.0,0.12500875,False,2026-09-18 19:53:30+00:00,SPY260923P00731000
SPY,2026-09-21,761.6900024414062,2026-09-23,P,732.0,0.0,0.0,0.13,140.0,0.0,0.12500875,False,2026-09-18 19:56:21+00:00,SPY260923P00732000
SPY,2026-09-21,761.6900024414062,2026-09-23,P,733.0,0.0,0.0,0.14,259.0,0.0,0.12500875,False,2026-09-18 19:50:24+00:00,SPY260923P00733000
SPY,2026-09-21,761.6900024414062,2026-09-23,P,734.0,0.0,0.0,0.21,259.0,0.0,0.062509375,False,2026-09-18 18:15:12+00:00,SPY260923P00734000
SPY,2026-09-21,761.6900024414062,2026-09-23,P,735.0,0.0,0.0,0.16,202.0,0.0,0.062509375,False,2026-09-18 20:13:06+00:00,SPY260923P00735000
SPY,2026-09-21,761.6900024414062,2026-09-23,P,736.0,0.0,0.0,0.17,233.0,0.0,0.062509375,False,2026-09-18 20:02:48+00:00,SPY260923P00736000
SPY,2026-09-21,761.6900024414062,2026-09-23,P,737.0,0.0,0.0,0.19,561.0,0.0,0.062509375,False,2026-09-18 19:53:30+00:00,SPY260923P00737000
SPY,2026-09-21,761.6900024414062,2026-09-23,P,738.0,0.0,0.0,0.19,179.0,0.0,0.062509375,False,2026-09-18 20:13:25+00:00,SPY260923P00738000
SPY,2026-09-21,761.6900024414062,2026-09-23,P,739.0,0.0,0.0,0.22,628.0,0.0,0.062509375,False,2026-09-18 19:57:15+00:00,SPY260923P00739000
SPY,2026-09-21,761.6900024414062,2026-09-23,P,740.0,0.0,0.0,0.23,882.0,0.0,0.062509375,False,2026-09-18 20:13:58+00:00,SPY260923P00740000
SPY,2026-09-21,761.6900024414062,2026-09-23,P,741.0,0.0,0.0,0.25,660.0,0.0,0.062509375,False,2026-09-18 20:02:53+00:00,SPY260923P00741000
SPY,2026-09-21,761.6900024414062,2026-09-23,P,742.0,0.0,0.0,0.29,801.0,0.0,0.062509375,False,2026-09-18 19:58:49+00:00,SPY260923P00742000
SPY,2026-09-21,761.6900024414062,2026-09-23,P,743.0,0.0,0.0,0.3,449.0,0.0,0.062509375,False,2026-09-18 20:01:31+00:00,SPY260923P00743000
SPY,2026-09-21,761.6900024414062,2026-09-23,P,744.0,0.0,0.0,0.31,788.0,0.0,0.062509375,False,2026-09-18 20:12:32+00:00,SPY260923P00744000
SPY,2026-09-21,761.6900024414062,2026-09-23,P,745.0,0.0,0.0,0.34,6377.0,0.0,0.062509375,False,2026-09-18 20:14:46+00:00,SPY260923P00745000
SPY,2026-09-21,761.6900024414062,2026-09-23,P,746.0,0.0,0.0,0.4,757.0,0.0,0.062509375,False,2026-09-18 20:02:00+00:00,SPY260923P00746000
SPY,2026-09-21,761.6900024414062,2026-09-23,P,747.0,0.0,0.0,0.43,386.0,0.0,0.062509375,False,2026-09-18 20:10:21+00:00,SPY260923P00747000
SPY,2026-09-21,761.6900024414062,2026-09-23,P,748.0,0.0,0.0,0.5,449.0,0.0,0.062509375,False,2026-09-18 20:05:18+00:00,SPY260923P00748000
SPY,2026-09-21,761.6900024414062,2026-09-23,P,749.0,0.0,0.0,0.53,896.0,0.0,0.0312596875,False,2026-09-18 20:14:55+00:00,SPY260923P00749000
SPY,2026-09-21,761.6900024414062,2026-09-23,P,750.0,0.0,0.0,0.59,2623.0,0.0,0.0312596875,False,2026-09-18 20:14:35+00:00,SPY260923P00750000
SPY,2026-09-21,761.6900024414062,2026-09-23,P,751.0,0.0,0.0,0.66,485.0,0.0,0.0312596875,False,2026-09-18 20:11:33+00:00,SPY260923P00751000
SPY,2026-09-21,761.6900024414062,2026-09-23,P,752.0,0.0,0.0,0.73,776.0,0.0,0.0312596875,False,2026-09-18 20:14:58+00:00,SPY260923P00752000
SPY,2026-09-21,761.6900024414062,2026-09-23,P,753.0,0.0,0.0,0.82,986.0,0.0,0.0312596875,False,2026-09-18 20:13:18+00:00,SPY260923P00753000
SPY,2026-09-21,761.6900024414062,2026-09-23,P,754.0,0.0,0.0,0.94,2286.0,0.0,0.0312596875,False,2026-09-18 20:12:21+00:00,SPY260923P00754000
SPY,2026-09-21,761.6900024414062,2026-09-23,P,755.0,0.0,0.0,1.08,6519.0,0.0,0.0312596875,False,2026-09-18 20:14:57+00:00,SPY260923P00755000
SPY,2026-09-21,761.6900024414062,2026-09-23,P,756.0,0.0,0.0,1.23,9983.0,0.0,0.015634843750000002,False,2026-09-18 20:14:10+00:00,SPY260923P00756000
SPY,2026-09-21,761.6900024414062,2026-09-23,P,757.0,0.0,0.0,1.39,3505.0,0.0,0.015634843750000002,False,2026-09-18 20:14:57+00:00,SPY260923P00757000
SPY,2026-09-21,761.6900024414062,2026-09-23,P,758.0,0.0,0.0,1.58,7799.0,0.0,0.015634843750000002,False,2026-09-18 20:14:53+00:00,SPY260923P00758000
SPY,2026-09-21,761.6900024414062,2026-09-23,P,759.0,0.0,0.0,1.8,8002.0,0.0,0.007822421875,False,2026-09-18 20:14:34+00:00,SPY260923P00759000
SPY,2026-09-21,761.6900024414062,2026-09-23,P,760.0,0.0,0.0,2.08,7802.0,0.0,0.007822421875,False,2026-09-18 20:14:57+00:00,SPY260923P00760000
SPY,2026-09-21,761.6900024414062,2026-09-23,P,761.0,0.0,0.0,2.36,2246.0,0.0,0.0039162109375,False,2026-09-18 20:14:53+00:00,SPY260923P00761000
SPY,2026-09-21,761.6900024414062,2026-09-23,P,762.0,0.0,0.0,2.73,4222.0,0.0,1.0000000000000003e-05,True,2026-09-18 20:14:14+00:00,SPY260923P00762000
SPY,2026-09-21,761.6900024414062,2026-09-23,P,763.0,0.0,0.0,3.15,381.0,0.0,1.0000000000000003e-05,True,2026-09-18 20:14:58+00:00,SPY260923P00763000
SPY,2026-09-21,761.6900024414062,2026-09-23,P,764.0,0.0,0.0,3.55,719.0,0.0,1.0000000000000003e-05,True,2026-09-18 20:14:42+00:00,SPY260923P00764000
SPY,2026-09-21,761.6900024414062,2026-09-23,P,765.0,0.0,0.0,4.06,550.0,0.0,1.0000000000000003e-05,True,2026-09-18 20:10:59+00:00,SPY260923P00765000
SPY,2026-09-21,761.6900024414062,2026-09-23,P,766.0,0.0,0.0,4.89,376.0,0.0,1.0000000000000003e-05,True,2026-09-18 20:09:43+00:00,SPY260923P00766000
SPY,2026-09-21,761.6900024414062,2026-09-23,P,767.0,0.0,0.0,5.26,348.0,0.0,1.0000000000000003e-05,True,2026-09-18 20:14:22+00:00,SPY260923P00767000
SPY,2026-09-21,761.6900024414062,2026-09-23,P,768.0,0.0,0.0,6.0,652.0,0.0,1.0000000000000003e-05,True,2026-09-18 20:14:32+00:00,SPY260923P00768000
SPY,2026-09-21,761.6900024414062,2026-09-23,P,769.0,0.0,0.0,6.74,266.0,0.0,1.0000000000000003e-05,True,2026-09-18 20:10:35+00:00,SPY260923P00769000
SPY,2026-09-21,761.6900024414062,2026-09-23,P,770.0,0.0,0.0,7.56,579.0,0.0,1.0000000000000003e-05,True,2026-09-18 20:10:50+00:00,SPY260923P00770000
SPY,2026-09-21,761.6900024414062,2026-09-23,P,771.0,0.0,0.0,9.75,1294.0,0.0,1.0000000000000003e-05,True,2026-09-18 19:50:57+00:00,SPY260923P00771000
SPY,2026-09-21,761.6900024414062,2026-09-23,P,772.0,0.0,0.0,9.26,63.0,0.0,1.0000000000000003e-05,True,2026-09-18 20:14:39+00:00,SPY260923P00772000
SPY,2026-09-21,761.6900024414062,2026-09-23,P,773.0,0.0,0.0,10.14,41.0,0.0,1.0000000000000003e-05,True,2026-09-18 20:11:12+00:00,SPY260923P00773000
SPY,2026-09-21,761.6900024414062,2026-09-23,P,774.0,0.0,0.0,12.93,25.0,0.0,1.0000000000000003e-05,True,2026-09-18 19:20:17+00:00,SPY260923P00774000
SPY,2026-09-21,761.6900024414062,2026-09-23,P,775.0,0.0,0.0,12.19,127.0,0.0,1.0000000000000003e-05,True,2026-09-18 20:14:57+00:00,SPY260923P00775000
SPY,2026-09-21,761.6900024414062,2026-09-23,P,776.0,0.0,0.0,14.68,2.0,0.0,1.0000000000000003e-05,True,2026-09-18 18:52:52+00:00,SPY260923P00776000
SPY,2026-09-21,761.6900024414062,2026-09-23,P,777.0,0.0,0.0,15.32,3.0,0.0,1.0000000000000003e-05,True,2026-09-18 18:54:05+00:00,SPY260923P00777000
SPY,2026-09-21,761.6900024414062,2026-09-23,P,778.0,0.0,0.0,18.62,5.0,0.0,1.0000000000000003e-05,True,2026-09-18 15:25:23+00:00,SPY260923P00778000
SPY,2026-09-21,761.6900024414062,2026-09-23,P,779.0,0.0,0.0,21.09,,0.0,1.0000000000000003e-05,True,2026-09-15 13:41:46+00:00,SPY260923P00779000
SPY,2026-09-21,761.6900024414062,2026-09-23,P,780.0,0.0,0.0,18.75,22.0,0.0,1.0000000000000003e-05,True,2026-09-18 19:43:27+00:00,SPY260923P00780000
SPY,2026-09-21,761.6900024414062,2026-09-23,P,785.0,0.0,0.0,23.61,34.0,0.0,1.0000000000000003e-05,True,2026-09-18 19:46:06+00:00,SPY260923P00785000
SPY,2026-09-21,761.6900024414062,2026-09-23,P,786.0,0.0,0.0,24.76,46.0,0.0,1.0000000000000003e-05,True,2026-09-18 19:50:40+00:00,SPY260923P00786000
SPY,2026-09-21,761.6900024414062,2026-09-23,P,787.0,0.0,0.0,25.6,44.0,0.0,1.0000000000000003e-05,True,2026-09-18 19:54:08+00:00,SPY260923P00787000
SPY,2026-09-21,761.6900024414062,2026-09-23,P,799.0,0.0,0.0,37.04,10.0,0.0,1.0000000000000003e-05,True,2026-09-18 19:55:12+00:00,SPY260923P00799000
SPY,2026-09-21,761.6900024414062,2026-09-23,P,800.0,0.0,0.0,39.6,1.0,0.0,1.0000000000000003e-05,True,2026-09-18 18:43:02+00:00,SPY260923P00800000
SPY,2026-09-21,761.6900024414062,2026-09-23,P,855.0,0.0,0.0,102.92,,0.0,1.0000000000000003e-05,True,2026-09-16 19:52:28+00:00,SPY260923P00855000
SPY,2026-09-21,761.6900024414062,2026-09-24,C,570.0,0.0,0.0,192.34,,0.0,1.0000000000000003e-05,True,2026-09-14 15:44:38+00:00,SPY260924C00570000
SPY,2026-09-21,761.6900024414062,2026-09-24,C,575.0,0.0,0.0,187.36,,0.0,1.0000000000000003e-05,True,2026-09-14 15:44:34+00:00,SPY260924C00575000
SPY,2026-09-21,761.6900024414062,2026-09-24,C,580.0,0.0,0.0,182.38,,0.0,1.0000000000000003e-05,True,2026-09-14 15:44:33+00:00,SPY260924C00580000
SPY,2026-09-21,761.6900024414062,2026-09-24,C,585.0,0.0,0.0,177.39,,0.0,1.0000000000000003e-05,True,2026-09-14 15:44:33+00:00,SPY260924C00585000
SPY,2026-09-21,761.6900024414062,2026-09-24,C,590.0,0.0,0.0,172.35,,0.0,1.0000000000000003e-05,True,2026-09-14 15:44:38+00:00,SPY260924C00590000
SPY,2026-09-21,761.6900024414062,2026-09-24,C,595.0,0.0,0.0,167.35,,0.0,1.0000000000000003e-05,True,2026-09-14 15:44:38+00:00,SPY260924C00595000
SPY,2026-09-21,761.6900024414062,2026-09-24,C,600.0,0.0,0.0,163.01,,0.0,1.0000000000000003e-05,True,2026-09-17 19:55:00+00:00,SPY260924C00600000
SPY,2026-09-21,761.6900024414062,2026-09-24,C,605.0,0.0,0.0,157.38,,0.0,1.0000000000000003e-05,True,2026-09-14 15:44:34+00:00,SPY260924C00605000
SPY,2026-09-21,761.6900024414062,2026-09-24,C,610.0,0.0,0.0,152.38,,0.0,1.0000000000000003e-05,True,2026-09-14 15:44:25+00:00,SPY260924C00610000
SPY,2026-09-21,761.6900024414062,2026-09-24,C,615.0,0.0,0.0,147.41,,0.0,1.0000000000000003e-05,True,2026-09-14 15:44:33+00:00,SPY260924C00615000
SPY,2026-09-21,761.6900024414062,2026-09-24,C,620.0,0.0,0.0,142.41,,0.0,1.0000000000000003e-05,True,2026-09-14 15:44:33+00:00,SPY260924C00620000
SPY,2026-09-21,761.6900024414062,2026-09-24,C,625.0,0.0,0.0,137.4,,0.0,1.0000000000000003e-05,True,2026-09-14 15:44:33+00:00,SPY260924C00625000
SPY,2026-09-21,761.6900024414062,2026-09-24,C,630.0,0.0,0.0,132.4,,0.0,1.0000000000000003e-05,True,2026-09-14 15:44:34+00:00,SPY260924C00630000
SPY,2026-09-21,761.6900024414062,2026-09-24,C,635.0,0.0,0.0,127.4,,0.0,1.0000000000000003e-05,True,2026-09-14 15:44:34+00:00,SPY260924C00635000
SPY,2026-09-21,761.6900024414062,2026-09-24,C,640.0,0.0,0.0,123.49,,0.0,1.0000000000000003e-05,True,2026-09-17 19:55:27+00:00,SPY260924C00640000
SPY,2026-09-21,761.6900024414062,2026-09-24,C,645.0,0.0,0.0,117.41,,0.0,1.0000000000000003e-05,True,2026-09-14 15:44:32+00:00,SPY260924C00645000
SPY,2026-09-21,761.6900024414062,2026-09-24,C,650.0,0.0,0.0,113.49,,0.0,1.0000000000000003e-05,True,2026-09-17 19:55:27+00:00,SPY260924C00650000
SPY,2026-09-21,761.6900024414062,2026-09-24,C,655.0,0.0,0.0,107.64,,0.0,1.0000000000000003e-05,True,2026-09-17 19:55:27+00:00,SPY260924C00655000
SPY,2026-09-21,761.6900024414062,2026-09-24,C,660.0,0.0,0.0,102.81,,0.0,1.0000000000000003e-05,True,2026-09-17 19:55:27+00:00,SPY260924C00660000
SPY,2026-09-21,761.6900024414062,2026-09-24,C,675.0,0.0,0.0,88.06,,0.0,1.0000000000000003e-05,True,2026-09-17 19:55:27+00:00,SPY260924C00675000
SPY,2026-09-21,761.6900024414062,2026-09-24,C,680.0,0.0,0.0,81.88,,0.0,1.0000000000000003e-05,True,2026-09-14 15:46:17+00:00,SPY260924C00680000
SPY,2026-09-21,761.6900024414062,2026-09-24,C,685.0,0.0,0.0,80.63,,0.0,1.0000000000000003e-05,True,2026-09-11 13:45:54+00:00,SPY260924C00685000
SPY,2026-09-21,761.6900024414062,2026-09-24,C,690.0,0.0,0.0,72.32,,0.0,1.0000000000000003e-05,True,2026-09-14 15:44:05+00:00,SPY260924C00690000
SPY,2026-09-21,761.6900024414062,2026-09-24,C,695.0,0.0,0.0,65.3,2.0,0.0,1.0000000000000003e-05,True,2026-09-18 17:00:16+00:00,SPY260924C00695000
SPY,2026-09-21,761.6900024414062,2026-09-24,C,700.0,0.0,0.0,60.34,8.0,0.0,1.0000000000000003e-05,True,2026-09-18 16:58:44+00:00,SPY260924C00700000
SPY,2026-09-21,761.6900024414062,2026-09-24,C,705.0,0.0,0.0,56.47,18.0,0.0,1.0000000000000003e-05,True,2026-09-18 19:14:05+00:00,SPY260924C00705000
SPY,2026-09-21,761.6900024414062,2026-09-24,C,710.0,0.0,0.0,51.63,86.0,0.0,1.0000000000000003e-05,True,2026-09-18 19:13:38+00:00,SPY260924C00710000
SPY,2026-09-21,761.6900024414062,2026-09-24,C,715.0,0.0,0.0,46.73,38.0,0.0,1.0000000000000003e-05,True,2026-09-18 19:11:55+00:00,SPY260924C00715000
SPY,2026-09-21,761.6900024414062,2026-09-24,C,718.0,0.0,0.0,43.58,20.0,0.0,1.0000000000000003e-05,True,2026-09-18 19:11:16+00:00,SPY260924C00718000
SPY,2026-09-21,761.6900024414062,2026-09-24,C,719.0,0.0,0.0,42.7,40.0,0.0,1.0000000000000003e-05,True,2026-09-18 19:12:27+00:00,SPY260924C00719000
SPY,2026-09-21,761.6900024414062,2026-09-24,C,720.0,0.0,0.0,41.66,42.0,0.0,1.0000000000000003e-05,True,2026-09-18 19:13:30+00:00,SPY260924C00720000
SPY,2026-09-21,761.6900024414062,2026-09-24,C,721.0,0.0,0.0,40.53,26.0,0.0,1.0000000000000003e-05,True,2026-09-18 19:09:01+00:00,SPY260924C00721000
SPY,2026-09-21,761.6900024414062,2026-09-24,C,722.0,0.0,0.0,39.55,14.0,0.0,1.0000000000000003e-05,True,2026-09-18 19:08:20+00:00,SPY260924C00722000
SPY,2026-09-21,761.6900024414062,2026-09-24,C,723.0,0.0,0.0,38.55,14.0,0.0,1.0000000000000003e-05,True,2026-09-18 19:07:56+00:00,SPY260924C00723000
SPY,2026-09-21,761.6900024414062,2026-09-24,C,724.0,0.0,0.0,38.27,46.0,0.0,1.0000000000000003e-05,True,2026-09-18 19:55:33+00:00,SPY260924C00724000
SPY,2026-09-21,761.6900024414062,2026-09-24,C,725.0,0.0,0.0,37.06,34.0,0.0,1.0000000000000003e-05,True,2026-09-18 19:59:17+00:00,SPY260924C00725000
SPY,2026-09-21,761.6900024414062,2026-09-24,C,726.0,0.0,0.0,35.96,14.0,0.0,1.0000000000000003e-05,True,2026-09-18 19:58:31+00:00,SPY260924C00726000
SPY,2026-09-21,761.6900024414062,2026-09-24,C,727.0,0.0,0.0,36.12,36.0,0.0,1.0000000000000003e-05,True,2026-09-18 19:58:08+00:00,SPY260924C00727000
SPY,2026-09-21,761.6900024414062,2026-09-24,C,728.0,0.0,0.0,33.94,48.0,0.0,1.0000000000000003e-05,True,2026-09-18 19:58:54+00:00,SPY260924C00728000
SPY,2026-09-21,761.6900024414062,2026-09-24,C,729.0,0.0,0.0,33.06,62.0,0.0,1.0000000000000003e-05,True,2026-09-18 19:47:27+00:00,SPY260924C00729000
SPY,2026-09-21,761.6900024414062,2026-09-24,C,730.0,0.0,0.0,32.01,78.0,0.0,1.0000000000000003e-05,True,2026-09-18 19:45:08+00:00,SPY260924C00730000
SPY,2026-09-21,761.6900024414062,2026-09-24,C,731.0,0.0,0.0,29.53,72.0,0.0,1.0000000000000003e-05,True,2026-09-18 19:45:41+00:00,SPY260924C00731000
SPY,2026-09-21,761.6900024414062,2026-09-24,C,732.0,0.0,0.0,29.77,34.0,0.0,1.0000000000000003e-05,True,2026-09-18 19:10:19+00:00,SPY260924C00732000
SPY,2026-09-21,761.6900024414062,2026-09-24,C,733.0,0.0,0.0,28.69,100.0,0.0,1.0000000000000003e-05,True,2026-09-18 19:07:43+00:00,SPY260924C00733000
SPY,2026-09-21,761.6900024414062,2026-09-24,C,734.0,0.0,0.0,27.67,96.0,0.0,1.0000000000000003e-05,True,2026-09-18 19:08:04+00:00,SPY260924C00734000
SPY,2026-09-21,761.6900024414062,2026-09-24,C,735.0,0.0,0.0,26.7,158.0,0.0,1.0000000000000003e-05,True,2026-09-18 19:08:44+00:00,SPY260924C00735000
SPY,2026-09-21,761.6900024414062,2026-09-24,C,736.0,0.0,0.0,26.74,152.0,0.0,1.0000000000000003e-05,True,2026-09-18 19:57:25+00:00,SPY260924C00736000
SPY,2026-09-21,761.6900024414062,2026-09-24,C,737.0,0.0,0.0,24.81,138.0,0.0,1.0000000000000003e-05,True,2026-09-18 19:09:15+00:00,SPY260924C00737000
SPY,2026-09-21,761.6900024414062,2026-09-24,C,738.0,0.0,0.0,23.56,161.0,0.0,1.0000000000000003e-05,True,2026-09-18 19:31:29+00:00,SPY260924C00738000
SPY,2026-09-21,761.6900024414062,2026-09-24,C,739.0,0.0,0.0,22.78,198.0,0.0,1.0000000000000003e-05,True,2026-09-18 19:24:30+00:00,SPY260924C00739000
SPY,2026-09-21,761.6900024414062,2026-09-24,C,740.0,0.0,0.0,21.98,212.0,0.0,1.0000000000000003e-05,True,2026-09-18 19:16:24+00:00,SPY260924C00740000
SPY,2026-09-21,761.6900024414062,2026-09-24,C,741.0,0.0,0.0,20.28,190.0,0.0,1.0000000000000003e-05,True,2026-09-18 19:55:45+00:00,SPY260924C00741000
SPY,2026-09-21,761.6900024414062,2026-09-24,C,742.0,0.0,0.0,20.31,378.0,0.0,1.0000000000000003e-05,True,2026-09-18 19:59:54+00:00,SPY260924C00742000
SPY,2026-09-21,761.6900024414062,2026-09-24,C,743.0,0.0,0.0,20.25,158.0,0.0,1.0000000000000003e-05,True,2026-09-18 19:59:07+00:00,SPY260924C00743000
SPY,2026-09-21,761.6900024414062,2026-09-24,C,744.0,0.0,0.0,18.07,116.0,0.0,1.0000000000000003e-05,True,2026-09-18 19:10:44+00:00,SPY260924C00744000
SPY,2026-09-21,761.6900024414062,2026-09-24,C,745.0,0.0,0.0,17.17,81.0,0.0,1.0000000000000003e-05,True,2026-09-18 19:11:27+00:00,SPY260924C00745000
SPY,2026-09-21,761.6900024414062,2026-09-24,C,746.0,0.0,0.0,16.08,68.0,0.0,1.0000000000000003e-05,True,2026-09-18 19:07:26+00:00,SPY260924C00746000
SPY,2026-09-21,761.6900024414062,2026-09-24,C,747.0,0.0,0.0,15.63,100.0,0.0,1.0000000000000003e-05,True,2026-09-18 19:56:30+00:00,SPY260924C00747000
SPY,2026-09-21,761.6900024414062,2026-09-24,C,748.0,0.0,0.0,14.71,39.0,0.0,1.0000000000000003e-05,True,2026-09-18 19:56:30+00:00,SPY260924C00748000
SPY,2026-09-21,761.6900024414062,2026-09-24,C,749.0,0.0,0.0,14.48,28.0,0.0,1.0000000000000003e-05,True,2026-09-18 20:02:00+00:00,SPY260924C00749000
SPY,2026-09-21,761.6900024414062,2026-09-24,C,750.0,0.0,0.0,12.92,161.0,0.0,1.0000000000000003e-05,True,2026-09-18 20:00:28+00:00,SPY260924C00750000
SPY,2026-09-21,761.6900024414062,2026-09-24,C,751.0,0.0,0.0,12.0,68.0,0.0,1.0000000000000003e-05,True,2026-09-18 19:56:30+00:00,SPY260924C00751000
SPY,2026-09-21,761.6900024414062,2026-09-24,C,752.0,0.0,0.0,11.96,215.0,0.0,1.0000000000000003e-05,True,2026-09-18 20:06:22+00:00,SPY260924C00752000
SPY,2026-09-21,761.6900024414062,2026-09-24,C,753.0,0.0,0.0,9.52,190.0,0.0,1.0000000000000003e-05,True,2026-09-18 19:31:16+00:00,SPY260924C00753000
SPY,2026-09-21,761.6900024414062,2026-09-24,C,754.0,0.0,0.0,9.15,548.0,0.0,1.0000000000000003e-05,True,2026-09-18 19:43:53+00:00,SPY260924C00754000
SPY,2026-09-21,761.6900024414062,2026-09-24,C,755.0,0.0,0.0,8.46,722.0,0.0,1.0000000000000003e-05,True,2026-09-18 19:59:00+00:00,SPY260924C00755000
SPY,2026-09-21,761.6900024414062,2026-09-24,C,756.0,0.0,0.0,8.89,639.0,0.0,1.0000000000000003e-05,True,2026-09-18 20:11:29+00:00,SPY260924C00756000
SPY,2026-09-21,761.6900024414062,2026-09-24,C,757.0,0.0,0.0,6.99,259.0,0.0,1.0000000000000003e-05,True,2026-09-18 19:59:59+00:00,SPY260924C00757000
SPY,2026-09-21,761.6900024414062,2026-09-24,C,758.0,0.0,0.0,6.8,691.0,0.0,1.0000000000000003e-05,True,2026-09-18 20:05:38+00:00,SPY260924C00758000
SPY,2026-09-21,761.6900024414062,2026-09-24,C,759.0,0.0,0.0,6.11,985.0,0.0,1.0000000000000003e-05,True,2026-09-18 20:08:44+00:00,SPY260924C00759000
SPY,2026-09-21,761.6900024414062,2026-09-24,C,760.0,0.0,0.0,5.82,1776.0,0.0,1.0000000000000003e-05,True,2026-09-18 20:14:04+00:00,SPY260924C00760000
SPY,2026-09-21,761.6900024414062,2026-09-24,C,761.0,0.0,0.0,5.3,1045.0,0.0,1.0000000000000003e-05,True,2026-09-18 20:13:47+00:00,SPY260924C00761000
SPY,2026-09-21,761.6900024414062,2026-09-24,C,762.0,0.0,0.0,4.45,1542.0,0.0,0.000986552734375,False,2026-09-18 20:14:34+00:00,SPY260924C00762000
SPY,2026-09-21,761.6900024414062,2026-09-24,C,763.0,0.0,0.0,3.81,601.0,0.0,0.0039162109375,False,2026-09-18 20:14:52+00:00,SPY260924C00763000
SPY,2026-09-21,761.6900024414062,2026-09-24,C,764.0,0.0,0.0,3.24,787.0,0.0,0.007822421875,False,2026-09-18 20:14:19+00:00,SPY260924C00764000
SPY,2026-09-21,761.6900024414062,2026-09-24,C,765.0,0.0,0.0,2.71,1165.0,0.0,0.007822421875,False,2026-09-18 20:14:09+00:00,SPY260924C00765000
SPY,2026-09-21,761.6900024414062,2026-09-24,C,766.0,0.0,0.0,2.29,659.0,0.0,0.015634843750000002,False,2026-09-18 20:14:32+00:00,SPY260924C00766000
SPY,2026-09-21,761.6900024414062,2026-09-24,C,767.0,0.0,0.0,1.89,805.0,0.0,0.015634843750000002,False,2026-09-18 20:14:02+00:00,SPY260924C00767000
SPY,2026-09-21,761.6900024414062,2026-09-24,C,768.0,0.0,0.0,1.54,487.0,0.0,0.015634843750000002,False,2026-09-18 20:14:53+00:00,SPY260924C00768000
SPY,2026-09-21,761.6900024414062,2026-09-24,C,769.0,0.0,0.0,1.24,794.0,0.0,0.015634843750000002,False,2026-09-18 20:14:36+00:00,SPY260924C00769000
SPY,2026-09-21,761.6900024414062,2026-09-24,C,770.0,0.0,0.0,0.97,1829.0,0.0,0.0312596875,False,2026-09-18 20:14:33+00:00,SPY260924C00770000
SPY,2026-09-21,761.6900024414062,2026-09-24,C,771.0,0.0,0.0,0.75,5387.0,0.0,0.0312596875,False,2026-09-18 20:14:28+00:00,SPY260924C00771000
SPY,2026-09-21,761.6900024414062,2026-09-24,C,772.0,0.0,0.0,0.58,590.0,0.0,0.0312596875,False,2026-09-18 20:14:34+00:00,SPY260924C00772000
SPY,2026-09-21,761.6900024414062,2026-09-24,C,773.0,0.0,0.0,0.45,908.0,0.0,0.0312596875,False,2026-09-18 20:14:40+00:00,SPY260924C00773000
SPY,2026-09-21,761.6900024414062,2026-09-24,C,774.0,0.0,0.0,0.33,469.0,0.0,0.0312596875,False,2026-09-18 20:14:45+00:00,SPY260924C00774000
SPY,2026-09-21,761.6900024414062,2026-09-24,C,775.0,0.0,0.0,0.24,297.0,0.0,0.0312596875,False,2026-09-18 20:14:27+00:00,SPY260924C00775000
SPY,2026-09-21,761.6900024414062,2026-09-24,C,776.0,0.0,0.0,0.18,185.0,0.0,0.0312596875,False,2026-09-18 20:14:05+00:00,SPY260924C00776000
SPY,2026-09-21,761.6900024414062,2026-09-24,C,777.0,0.0,0.0,0.1,726.0,0.0,0.0312596875,False,2026-09-18 20:04:24+00:00,SPY260924C00777000
SPY,2026-09-21,761.6900024414062,2026-09-24,C,778.0,0.0,0.0,0.1,588.0,0.0,0.062509375,False,2026-09-18 20:12:59+00:00,SPY260924C00778000
SPY,2026-09-21,761.6900024414062,2026-09-24,C,779.0,0.0,0.0,0.06,530.0,0.0,0.062509375,False,2026-09-18 20:14:03+00:00,SPY260924C00779000
SPY,2026-09-21,761.6900024414062,2026-09-24,C,780.0,0.0,0.0,0.04,566.0,0.0,0.062509375,False,2026-09-18 20:14:37+00:00,SPY260924C00780000
SPY,2026-09-21,761.6900024414062,2026-09-24,C,781.0,0.0,0.0,0.04,1030.0,0.0,0.062509375,False,2026-09-18 20:05:47+00:00,SPY260924C00781000
SPY,2026-09-21,761.6900024414062,2026-09-24,C,782.0,0.0,0.0,0.03,453.0,0.0,0.062509375,False,2026-09-18 20:12:27+00:00,SPY260924C00782000
SPY,2026-09-21,761.6900024414062,2026-09-24,C,783.0,0.0,0.0,0.02,132.0,0.0,0.062509375,False,2026-09-18 19:41:43+00:00,SPY260924C00783000
SPY,2026-09-21,761.6900024414062,2026-09-24,C,784.0,0.0,0.0,0.02,83.0,0.0,0.062509375,False,2026-09-18 20:07:36+00:00,SPY260924C00784000
SPY,2026-09-21,761.6900024414062,2026-09-24,C,785.0,0.0,0.0,0.02,27.0,0.0,0.062509375,False,2026-09-18 16:55:49+00:00,SPY260924C00785000
SPY,2026-09-21,761.6900024414062,2026-09-24,C,786.0,0.0,0.0,0.02,69.0,0.0,0.062509375,False,2026-09-18 19:37:41+00:00,SPY260924C00786000
SPY,2026-09-21,761.6900024414062,2026-09-24,C,787.0,0.0,0.0,0.01,2.0,0.0,0.062509375,False,2026-09-18 19:45:11+00:00,SPY260924C00787000
SPY,2026-09-21,761.6900024414062,2026-09-24,C,788.0,0.0,0.0,0.03,5.0,0.0,0.062509375,False,2026-09-17 19:06:02+00:00,SPY260924C00788000
SPY,2026-09-21,761.6900024414062,2026-09-24,C,789.0,0.0,0.0,0.01,3.0,0.0,0.062509375,False,2026-09-18 17:27:55+00:00,SPY260924C00789000
SPY,2026-09-21,761.6900024414062,2026-09-24,C,790.0,0.0,0.0,0.01,9.0,0.0,0.062509375,False,2026-09-18 16:12:01+00:00,SPY260924C00790000
SPY,2026-09-21,761.6900024414062,2026-09-24,C,791.0,0.0,0.0,0.02,64.0,0.0,0.062509375,False,2026-09-17 19:40:57+00:00,SPY260924C00791000
SPY,2026-09-21,761.6900024414062,2026-09-24,C,792.0,0.0,0.0,0.02,71.0,0.0,0.062509375,False,2026-09-17 19:40:57+00:00,SPY260924C00792000
SPY,2026-09-21,761.6900024414062,2026-09-24,C,793.0,0.0,0.0,0.02,130.0,0.0,0.062509375,False,2026-09-17 19:52:57+00:00,SPY260924C00793000
SPY,2026-09-21,761.6900024414062,2026-09-24,C,794.0,0.0,0.0,0.01,34.0,0.0,0.062509375,False,2026-09-18 20:07:49+00:00,SPY260924C00794000
SPY,2026-09-21,761.6900024414062,2026-09-24,C,795.0,0.0,0.0,0.01,7.0,0.0,0.062509375,False,2026-09-18 19:59:54+00:00,SPY260924C00795000
SPY,2026-09-21,761.6900024414062,2026-09-24,C,796.0,0.0,0.0,0.01,5.0,0.0,0.062509375,False,2026-09-18 19:42:31+00:00,SPY260924C00796000
SPY,2026-09-21,761.6900024414062,2026-09-24,C,797.0,0.0,0.0,0.01,25.0,0.0,0.12500875,False,2026-09-18 19:42:57+00:00,SPY260924C00797000
SPY,2026-09-21,761.6900024414062,2026-09-24,C,798.0,0.0,0.0,0.03,2.0,0.0,0.12500875,False,2026-09-17 13:41:44+00:00,SPY260924C00798000
SPY,2026-09-21,761.6900024414062,2026-09-24,C,799.0,0.0,0.0,0.02,1.0,0.0,0.12500875,False,2026-09-17 13:51:26+00:00,SPY260924C00799000
SPY,2026-09-21,761.6900024414062,2026-09-24,C,800.0,0.0,0.0,0.03,21.0,0.0,0.12500875,False,2026-09-17 14:29:01+00:00,SPY260924C00800000
SPY,2026-09-21,761.6900024414062,2026-09-24,C,801.0,0.0,0.0,0.07,,0.0,0.12500875,False,2026-09-11 15:34:28+00:00,SPY260924C00801000
SPY,2026-09-21,761.6900024414062,2026-09-24,C,802.0,0.0,0.0,0.01,2.0,0.0,0.12500875,False,2026-09-18 16:34:38+00:00,SPY260924C00802000
SPY,2026-09-21,761.6900024414062,2026-09-24,C,803.0,0.0,0.0,0.02,,0.0,0.12500875,False,2026-09-17 13:38:49+00:00,SPY260924C00803000
SPY,2026-09-21,761.6900024414062,2026-09-24,C,804.0,0.0,0.0,0.01,256.0,0.0,0.12500875,False,2026-09-18 18:02:35+00:00,SPY260924C00804000
SPY,2026-09-21,761.6900024414062,2026-09-24,C,805.0,0.0,0.0,0.01,11.0,0.0,0.12500875,False,2026-09-18 18:02:35+00:00,SPY260924C00805000
SPY,2026-09-21,761.6900024414062,2026-09-24,C,806.0,0.0,0.0,0.01,5.0,0.0,0.12500875,False,2026-09-18 13:47:16+00:00,SPY260924C00806000
SPY,2026-09-21,761.6900024414062,2026-09-24,C,807.0,0.0,0.0,0.02,8.0,0.0,0.12500875,False,2026-09-17 19:47:08+00:00,SPY260924C00807000
SPY,2026-09-21,761.6900024414062,2026-09-24,C,808.0,0.0,0.0,0.02,,0.0,0.12500875,False,2026-09-17 14:04:01+00:00,SPY260924C00808000
SPY,2026-09-21,761.6900024414062,2026-09-24,C,809.0,0.0,0.0,0.02,,0.0,0.12500875,False,2026-09-16 14:06:46+00:00,SPY260924C00809000
SPY,2026-09-21,761.6900024414062,2026-09-24,C,810.0,0.0,0.0,0.02,2.0,0.0,0.12500875,False,2026-09-17 13:31:23+00:00,SPY260924C00810000
SPY,2026-09-21,761.6900024414062,2026-09-24,C,820.0,0.0,0.0,0.02,,0.0,0.12500875,False,2026-09-11 13:38:42+00:00,SPY260924C00820000
SPY,2026-09-21,761.6900024414062,2026-09-24,C,825.0,0.0,0.0,0.01,4.0,0.0,0.12500875,False,2026-09-17 17:51:46+00:00,SPY260924C00825000
SPY,2026-09-21,761.6900024414062,2026-09-24,C,835.0,0.0,0.0,0.01,,0.0,0.12500875,False,2026-09-17 16:02:44+00:00,SPY260924C00835000
SPY,2026-09-21,761.6900024414062,2026-09-24,C,840.0,0.0,0.0,0.02,,0.0,0.2500075,False,2026-09-17 14:46:53+00:00,SPY260924C00840000
SPY,2026-09-21,761.6900024414062,2026-09-24,C,850.0,0.0,0.0,0.01,,0.0,0.2500075,False,2026-09-17 13:30:00+00:00,SPY260924C00850000
SPY,2026-09-21,761.6900024414062,2026-09-24,C,870.0,0.0,0.0,0.01,,0.0,0.2500075,False,2026-09-11 18:08:36+00:00,SPY260924C00870000
SPY,2026-09-21,761.6900024414062,2026-09-24,C,875.0,0.0,0.0,0.01,,0.0,0.2500075,False,2026-09-11 18:11:21+00:00,SPY260924C00875000
SPY,2026-09-21,761.6900024414062,2026-09-24,P,550.0,0.0,0.0,0.01,10.0,0.0,0.500005,False,2026-09-16 16:51:29+00:00,SPY260924P00550000
SPY,2026-09-21,761.6900024414062,2026-09-24,P,565.0,0.0,0.0,0.02,3.0,0.0,0.500005,False,2026-09-17 13:30:00+00:00,SPY260924P00565000
SPY,2026-09-21,761.6900024414062,2026-09-24,P,570.0,0.0,0.0,0.01,131.0,0.0,0.500005,False,2026-09-17 15:01:29+00:00,SPY260924P00570000
SPY,2026-09-21,761.6900024414062,2026-09-24,P,575.0,0.0,0.0,0.01,,0.0,0.500005,False,2026-09-17 17:01:53+00:00,SPY260924P00575000
SPY,2026-09-21,761.6900024414062,2026-09-24,P,580.0,0.0,0.0,0.01,,0.0,0.500005,False,2026-09-17 17:01:52+00:00,SPY260924P00580000
SPY,2026-09-21,761.6900024414062,2026-09-24,P,585.0,0.0,0.0,0.01,,0.0,0.500005,False,2026-09-17 14:34:54+00:00,SPY260924P00585000
SPY,2026-09-21,761.6900024414062,2026-09-24,P,600.0,0.0,0.0,0.05,8.0,0.0,0.500005,False,2026-09-16 19:50:23+00:00,SPY260924P00600000
SPY,2026-09-21,761.6900024414062,2026-09-24,P,605.0,0.0,0.0,0.01,425.0,0.0,0.500005,False,2026-09-18 19:58:48+00:00,SPY260924P00605000
SPY,2026-09-21,761.6900024414062,2026-09-24,P,610.0,0.0,0.0,0.1,,0.0,0.500005,False,2026-09-15 14:24:22+00:00,SPY260924P00610000
SPY,2026-09-21,761.6900024414062,2026-09-24,P,615.0,0.0,0.0,0.01,37.0,0.0,0.500005,False,2026-09-18 19:55:03+00:00,SPY260924P00615000
SPY,2026-09-21,761.6900024414062,2026-09-24,P,620.0,0.0,0.0,0.11,,0.0,0.500005,False,2026-09-15 17:17:06+00:00,SPY260924P00620000
SPY,2026-09-21,761.6900024414062,2026-09-24,P,625.0,0.0,0.0,0.02,31.0,0.0,0.500005,False,2026-09-18 20:04:36+00:00,SPY260924P00625000
SPY,2026-09-21,761.6900024414062,2026-09-24,P,630.0,0.0,0.0,0.01,1.0,0.0,0.2500075,False,2026-09-18 13:40:06+00:00,SPY260924P00630000
SPY,2026-09-21,761.6900024414062,2026-09-24,P,635.0,0.0,0.0,0.03,,0.0,0.2500075,False,2026-09-17 17:37:49+00:00,SPY260924P00635000
SPY,2026-09-21,761.6900024414062,2026-09-24,P,640.0,0.0,0.0,0.04,,0.0,0.2500075,False,2026-09-17 13:46:12+00:00,SPY260924P00640000
SPY,2026-09-21,761.6900024414062,2026-09-24,P,645.0,0.0,0.0,0.02,40.0,0.0,0.2500075,False,2026-09-18 20:10:09+00:00,SPY260924P00645000
SPY,2026-09-21,761.6900024414062,2026-09-24,P,650.0,0.0,0.0,0.02,50.0,0.0,0.2500075,False,2026-09-18 14:21:06+00:00,SPY260924P00650000
SPY,2026-09-21,761.6900024414062,2026-09-24,P,655.0,0.0,0.0,0.02,100.0,0.0,0.2500075,False,2026-09-18 15:02:08+00:00,SPY260924P00655000
SPY,2026-09-21,761.6900024414062,2026-09-24,P,660.0,0.0,0.0,0.14,31.0,0.0,0.2500075,False,2026-09-16 14:24:21+00:00,SPY260924P00660000
SPY,2026-09-21,761.6900024414062,2026-09-24,P,665.0,0.0,0.0,0.06,7891.0,0.0,0.2500075,False,2026-09-17 16:24:02+00:00,SPY260924P00665000
SPY,2026-09-21,761.6900024414062,2026-09-24,P,670.0,0.0,0.0,0.03,50.0,0.0,0.2500075,False,2026-09-18 17:36:20+00:00,SPY260924P00670000
SPY,2026-09-21,761.6900024414062,2026-09-24,P,675.0,0.0,0.0,0.03,5.0,0.0,0.2500075,False,2026-09-18 19:55:03+00:00,SPY260924P00675000
SPY,2026-09-21,761.6900024414062,2026-09-24,P,680.0,0.0,0.0,0.04,1.0,0.0,0.2500075,False,2026-09-18 13:42:46+00:00,SPY260924P00680000
SPY,2026-09-21,761.6900024414062,2026-09-24,P,685.0,0.0,0.0,0.09,,0.0,0.2500075,False,2026-09-17 14:39:48+00:00,SPY260924P00685000
SPY,2026-09-21,761.6900024414062,2026-09-24,P,690.0,0.0,0.0,0.05,2.0,0.0,0.2500075,False,2026-09-18 19:41:29+00:00,SPY260924P00690000
SPY,2026-09-21,761.6900024414062,2026-09-24,P,695.0,0.0,0.0,0.06,55.0,0.0,0.12500875,False,2026-09-18 18:40:23+00:00,SPY260924P00695000
SPY,2026-09-21,761.6900024414062,2026-09-24,P,700.0,0.0,0.0,0.06,75.0,0.0,0.12500875,False,2026-09-18 19:55:03+00:00,SPY260924P00700000
SPY,2026-09-21,761.6900024414062,2026-09-24,P,705.0,0.0,0.0,0.08,4.0,0.0,0.12500875,False,2026-09-18 17:47:45+00:00,SPY260924P00705000
SPY,2026-09-21,761.6900024414062,2026-09-24,P,710.0,0.0,0.0,0.08,10.0,0.0,0.12500875,False,2026-09-18 18:16:48+00:00,SPY260924P00710000
SPY,2026-09-21,761.6900024414062,2026-09-24,P,715.0,0.0,0.0,0.1,98.0,0.0,0.12500875,False,2026-09-18 19:55:03+00:00,SPY260924P00715000
SPY,2026-09-21,761.6900024414062,2026-09-24,P,718.0,0.0,0.0,0.11,8.0,0.0,0.12500875,False,2026-09-18 20:14:21+00:00,SPY260924P00718000
SPY,2026-09-21,761.6900024414062,2026-09-24,P,719.0,0.0,0.0,0.11,28.0,0.0,0.12500875,False,2026-09-18 19:56:02+00:00,SPY260924P00719000
SPY,2026-09-21,761.6900024414062,2026-09-24,P,720.0,0.0,0.0,0.12,33.0,0.0,0.12500875,False,2026-09-18 20:12:17+00:00,SPY260924P00720000
SPY,2026-09-21,761.6900024414062,2026-09-24,P,721.0,0.0,0.0,0.26,6.0,0.0,0.12500875,False,2026-09-17 19:36:24+00:00,SPY260924P00721000
SPY,2026-09-21,761.6900024414062,2026-09-24,P,722.0,0.0,0.0,0.17,18.0,0.0,0.12500875,False,2026-09-18 14:06:27+00:00,SPY260924P00722000
SPY,2026-09-21,761.6900024414062,2026-09-24,P,723.0,0.0,0.0,0.15,2.0,0.0,0.12500875,False,2026-09-18 18:11:21+00:00,SPY260924P00723000
SPY,2026-09-21,761.6900024414062,2026-09-24,P,724.0,0.0,0.0,0.18,10.0,0.0,0.12500875,False,2026-09-18 13:35:47+00:00,SPY260924P00724000
SPY,2026-09-21,761.6900024414062,2026-09-24,P,725.0,0.0,0.0,0.15,41.0,0.0,0.12500875,False,2026-09-18 19:57:26+00:00,SPY260924P00725000
SPY,2026-09-21,761.6900024414062,2026-09-24,P,726.0,0.0,0.0,0.16,148.0,0.0,0.12500875,False,2026-09-18 20:03:26+00:00,SPY260924P00726000
SPY,2026-09-21,761.6900024414062,2026-09-24,P,727.0,0.0,0.0,0.16,3091.0,0.0,0.12500875,False,2026-09-18 19:52:10+00:00,SPY260924P00727000
SPY,2026-09-21,761.6900024414062,2026-09-24,P,728.0,0.0,0.0,0.2,709.0,0.0,0.12500875,False,2026-09-18 18:29:07+00:00,SPY260924P00728000
SPY,2026-09-21,761.6900024414062,2026-09-24,P,729.0,0.0,0.0,0.18,253.0,0.0,0.062509375,False,2026-09-18 19:49:13+00:00,SPY260924P00729000
SPY,2026-09-21,761.6900024414062,2026-09-24,P,730.0,0.0,0.0,0.19,433.0,0.0,0.062509375,False,2026-09-18 20:10:49+00:00,SPY260924P00730000
SPY,2026-09-21,761.6900024414062,2026-09-24,P,731.0,0.0,0.0,0.19,736.0,0.0,0.062509375,False,2026-09-18 20:11:48+00:00,SPY260924P00731000
SPY,2026-09-21,761.6900024414062,2026-09-24,P,732.0,0.0,0.0,0.21,276.0,0.0,0.062509375,False,2026-09-18 19:52:10+00:00,SPY260924P00732000
SPY,2026-09-21,761.6900024414062,2026-09-24,P,733.0,0.0,0.0,0.22,450.0,0.0,0.062509375,False,2026-09-18 20:14:55+00:00,SPY260924P00733000
SPY,2026-09-21,761.6900024414062,2026-09-24,P,734.0,0.0,0.0,0.24,620.0,0.0,0.062509375,False,2026-09-18 19:52:16+00:00,SPY260924P00734000
SPY,2026-09-21,761.6900024414062,2026-09-24,P,735.0,0.0,0.0,0.25,930.0,0.0,0.062509375,False,2026-09-18 19:55:23+00:00,SPY260924P00735000
SPY,2026-09-21,761.6900024414062,2026-09-24,P,736.0,0.0,0.0,0.26,198.0,0.0,0.062509375,False,2026-09-18 19:56:06+00:00,SPY260924P00736000
SPY,2026-09-21,761.6900024414062,2026-09-24,P,737.0,0.0,0.0,0.31,227.0,0.0,0.062509375,False,2026-09-18 19:52:16+00:00,SPY260924P00737000
SPY,2026-09-21,761.6900024414062,2026-09-24,P,738.0,0.0,0.0,0.32,58.0,0.0,0.062509375,False,2026-09-18 19:52:35+00:00,SPY260924P00738000
SPY,2026-09-21,761.6900024414062,2026-09-24,P,739.0,0.0,0.0,0.33,227.0,0.0,0.062509375,False,2026-09-18 20:04:37+00:00,SPY260924P00739000
SPY,2026-09-21,761.6900024414062,2026-09-24,P,740.0,0.0,0.0,0.35,1297.0,0.0,0.062509375,False,2026-09-18 20:14:13+00:00,SPY260924P00740000
SPY,2026-09-21,761.6900024414062,2026-09-24,P,741.0,0.0,0.0,0.38,148.0,0.0,0.062509375,False,2026-09-18 20:11:48+00:00,SPY260924P00741000
SPY,2026-09-21,761.6900024414062,2026-09-24,P,742.0,0.0,0.0,0.41,108.0,0.0,0.062509375,False,2026-09-18 20:13:27+00:00,SPY260924P00742000
SPY,2026-09-21,761.6900024414062,2026-09-24,P,743.0,0.0,0.0,0.46,128.0,0.0,0.062509375,False,2026-09-18 20:05:00+00:00,SPY260924P00743000
SPY,2026-09-21,761.6900024414062,2026-09-24,P,744.0,0.0,0.0,0.51,92.0,0.0,0.062509375,False,2026-09-18 19:55:48+00:00,SPY260924P00744000
SPY,2026-09-21,761.6900024414062,2026-09-24,P,745.0,0.0,0.0,0.53,273.0,0.0,0.062509375,False,2026-09-18 20:13:53+00:00,SPY260924P00745000
SPY,2026-09-21,761.6900024414062,2026-09-24,P,746.0,0.0,0.0,0.6,205.0,0.0,0.062509375,False,2026-09-18 20:10:19+00:00,SPY260924P00746000
SPY,2026-09-21,761.6900024414062,2026-09-24,P,747.0,0.0,0.0,0.64,355.0,0.0,0.0312596875,False,2026-09-18 20:13:24+00:00,SPY260924P00747000
SPY,2026-09-21,761.6900024414062,2026-09-24,P,748.0,0.0,0.0,0.71,506.0,0.0,0.0312596875,False,2026-09-18 20:04:31+00:00,SPY260924P00748000
SPY,2026-09-21,761.6900024414062,2026-09-24,P,749.0,0.0,0.0,0.81,143.0,0.0,0.0312596875,False,2026-09-18 20:04:45+00:00,SPY260924P00749000
SPY,2026-09-21,761.6900024414062,2026-09-24,P,750.0,0.0,0.0,0.85,1404.0,0.0,0.0312596875,False,2026-09-18 20:14:25+00:00,SPY260924P00750000
SPY,2026-09-21,761.6900024414062,2026-09-24,P,751.0,0.0,0.0,0.93,356.0,0.0,0.0312596875,False,2026-09-18 20:12:54+00:00,SPY260924P00751000
SPY,2026-09-21,761.6900024414062,2026-09-24,P,752.0,0.0,0.0,1.04,371.0,0.0,0.0312596875,False,2026-09-18 20:12:54+00:00,SPY260924P00752000
SPY,2026-09-21,761.6900024414062,2026-09-24,P,753.0,0.0,0.0,1.22,807.0,0.0,0.0312596875,False,2026-09-18 20:08:51+00:00,SPY260924P00753000
SPY,2026-09-21,761.6900024414062,2026-09-24,P,754.0,0.0,0.0,1.35,796.0,0.0,0.0312596875,False,2026-09-18 20:10:01+00:00,SPY260924P00754000
SPY,2026-09-21,761.6900024414062,2026-09-24,P,755.0,0.0,0.0,1.51,674.0,0.0,0.015634843750000002,False,2026-09-18 20:10:00+00:00,SPY260924P00755000
SPY,2026-09-21,761.6900024414062,2026-09-24,P,756.0,0.0,0.0,1.63,378.0,0.0,0.015634843750000002,False,2026-09-18 20:14:28+00:00,SPY260924P00756000
SPY,2026-09-21,761.6900024414062,2026-09-24,P,757.0,0.0,0.0,1.82,375.0,0.0,0.015634843750000002,False,2026-09-18 20:14:33+00:00,SPY260924P00757000
SPY,2026-09-21,761.6900024414062,2026-09-24,P,758.0,0.0,0.0,2.02,1954.0,0.0,0.015634843750000002,False,2026-09-18 20:12:54+00:00,SPY260924P00758000
SPY,2026-09-21,761.6900024414062,2026-09-24,P,759.0,0.0,0.0,2.25,1509.0,0.0,0.007822421875,False,2026-09-18 20:12:54+00:00,SPY260924P00759000
SPY,2026-09-21,761.6900024414062,2026-09-24,P,760.0,0.0,0.0,2.53,1262.0,0.0,0.007822421875,False,2026-09-18 20:13:33+00:00,SPY260924P00760000
SPY,2026-09-21,761.6900024414062,2026-09-24,P,761.0,0.0,0.0,2.89,1696.0,0.0,0.00196310546875,False,2026-09-18 20:14:19+00:00,SPY260924P00761000
SPY,2026-09-21,761.6900024414062,2026-09-24,P,762.0,0.0,0.0,3.21,715.0,0.0,1.0000000000000003e-05,True,2026-09-18 20:14:38+00:00,SPY260924P00762000
SPY,2026-09-21,761.6900024414062,2026-09-24,P,763.0,0.0,0.0,3.62,1361.0,0.0,1.0000000000000003e-05,True,2026-09-18 20:13:20+00:00,SPY260924P00763000
SPY,2026-09-21,761.6900024414062,2026-09-24,P,764.0,0.0,0.0,4.09,892.0,0.0,1.0000000000000003e-05,True,2026-09-18 20:14:53+00:00,SPY260924P00764000
SPY,2026-09-21,761.6900024414062,2026-09-24,P,765.0,0.0,0.0,5.11,403.0,0.0,1.0000000000000003e-05,True,2026-09-18 20:00:23+00:00,SPY260924P00765000
SPY,2026-09-21,761.6900024414062,2026-09-24,P,766.0,0.0,0.0,5.17,229.0,0.0,1.0000000000000003e-05,True,2026-09-18 20:14:56+00:00,SPY260924P00766000
SPY,2026-09-21,761.6900024414062,2026-09-24,P,767.0,0.0,0.0,5.8,230.0,0.0,1.0000000000000003e-05,True,2026-09-18 20:05:56+00:00,SPY260924P00767000
SPY,2026-09-21,761.6900024414062,2026-09-24,P,768.0,0.0,0.0,6.32,404.0,0.0,1.0000000000000003e-05,True,2026-09-18 20:14:03+00:00,SPY260924P00768000
SPY,2026-09-21,761.6900024414062,2026-09-24,P,769.0,0.0,0.0,7.92,573.0,0.0,1.0000000000000003e-05,True,2026-09-18 19:56:02+00:00,SPY260924P00769000
SPY,2026-09-21,761.6900024414062,2026-09-24,P,770.0,0.0,0.0,8.98,419.0,0.0,1.0000000000000003e-05,True,2026-09-18 19:44:39+00:00,SPY260924P00770000
SPY,2026-09-21,761.6900024414062,2026-09-24,P,771.0,0.0,0.0,10.04,54.0,0.0,1.0000000000000003e-05,True,2026-09-18 19:13:53+00:00,SPY260924P00771000
SPY,2026-09-21,761.6900024414062,2026-09-24,P,772.0,0.0,0.0,12.37,56.0,0.0,1.0000000000000003e-05,True,2026-09-18 18:06:37+00:00,SPY260924P00772000
SPY,2026-09-21,761.6900024414062,2026-09-24,P,773.0,0.0,0.0,12.82,4.0,0.0,1.0000000000000003e-05,True,2026-09-18 18:38:43+00:00,SPY260924P00773000
SPY,2026-09-21,761.6900024414062,2026-09-24,P,774.0,0.0,0.0,15.01,8.0,0.0,1.0000000000000003e-05,True,2026-09-18 14:05:41+00:00,SPY260924P00774000
SPY,2026-09-21,761.6900024414062,2026-09-24,P,775.0,0.0,0.0,14.35,2.0,0.0,1.0000000000000003e-05,True,2026-09-18 13:36:10+00:00,SPY260924P00775000
SPY,2026-09-21,761.6900024414062,2026-09-24,P,776.0,0.0,0.0,15.34,2.0,0.0,1.0000000000000003e-05,True,2026-09-18 13:36:10+00:00,SPY260924P00776000
SPY,2026-09-21,761.6900024414062,2026-09-24,P,777.0,0.0,0.0,16.1,7.0,0.0,1.0000000000000003e-05,True,2026-09-18 19:41:25+00:00,SPY260924P00777000
SPY,2026-09-21,761.6900024414062,2026-09-24,P,778.0,0.0,0.0,19.0,6.0,0.0,1.0000000000000003e-05,True,2026-09-18 16:34:07+00:00,SPY260924P00778000
SPY,2026-09-21,761.6900024414062,2026-09-24,P,779.0,0.0,0.0,19.63,2.0,0.0,1.0000000000000003e-05,True,2026-09-18 14:40:30+00:00,SPY260924P00779000
SPY,2026-09-21,761.6900024414062,2026-09-24,P,780.0,0.0,0.0,18.92,1.0,0.0,1.0000000000000003e-05,True,2026-09-17 19:55:42+00:00,SPY260924P00780000
SPY,2026-09-21,761.6900024414062,2026-09-24,P,782.0,0.0,0.0,20.8,,0.0,1.0000000000000003e-05,True,2026-09-17 20:05:32+00:00,SPY260924P00782000
SPY,2026-09-21,761.6900024414062,2026-09-24,P,798.0,0.0,0.0,37.28,,0.0,1.0000000000000003e-05,True,2026-09-14 15:44:49+00:00,SPY260924P00798000
SPY,2026-09-21,761.6900024414062,2026-09-24,P,835.0,0.0,0.0,79.7,2.0,0.0,1.0000000000000003e-05,True,2026-09-15 14:58:57+00:00,SPY260924P00835000
SPY,2026-09-21,761.6900024414062,2026-09-24,P,905.0,0.0,0.0,155.6,,0.0,1.0000000000000003e-05,True,2026-09-16 19:31:51+00:00,SPY260924P00905000
SPY,2026-09-21,761.6900024414062,2026-09-25,C,500.0,0.0,0.0,263.12,10.0,0.0,1.0000000000000003e-05,True,2026-09-17 19:56:55+00:00,SPY260925C00500000
SPY,2026-09-21,761.6900024414062,2026-09-25,C,520.0,0.0,0.0,243.12,10.0,0.0,1.0000000000000003e-05,True,2026-09-17 19:56:55+00:00,SPY260925C00520000
SPY,2026-09-21,761.6900024414062,2026-09-25,C,550.0,0.0,0.0,213.0,5.0,0.0,1.0000000000000003e-05,True,2026-09-17 19:56:55+00:00,SPY260925C00550000
SPY,2026-09-21,761.6900024414062,2026-09-25,C,555.0,0.0,0.0,208.11,5.0,0.0,1.0000000000000003e-05,True,2026-09-17 19:56:46+00:00,SPY260925C00555000
SPY,2026-09-21,761.6900024414062,2026-09-25,C,565.0,0.0,0.0,198.08,5.0,0.0,1.0000000000000003e-05,True,2026-09-17 19:56:46+00:00,SPY260925C00565000
SPY,2026-09-21,761.6900024414062,2026-09-25,C,570.0,0.0,0.0,193.11,5.0,0.0,1.0000000000000003e-05,True,2026-09-17 19:56:46+00:00,SPY260925C00570000
SPY,2026-09-21,761.6900024414062,2026-09-25,C,575.0,0.0,0.0,188.08,5.0,0.0,1.0000000000000003e-05,True,2026-09-17 19:56:46+00:00,SPY260925C00575000
SPY,2026-09-21,761.6900024414062,2026-09-25,C,580.0,0.0,0.0,183.08,5.0,0.0,1.0000000000000003e-05,True,2026-09-17 19:56:46+00:00,SPY260925C00580000
SPY,2026-09-21,761.6900024414062,2026-09-25,C,585.0,0.0,0.0,174.62,36.0,0.0,1.0000000000000003e-05,True,2026-09-18 14:15:08+00:00,SPY260925C00585000
SPY,2026-09-21,761.6900024414062,2026-09-25,C,590.0,0.0,0.0,173.11,5.0,0.0,1.0000000000000003e-05,True,2026-09-17 19:56:46+00:00,SPY260925C00590000
SPY,2026-09-21,761.6900024414062,2026-09-25,C,595.0,0.0,0.0,164.74,2.0,0.0,1.0000000000000003e-05,True,2026-09-18 14:36:09+00:00,SPY260925C00595000
SPY,2026-09-21,761.6900024414062,2026-09-25,C,600.0,0.0,0.0,163.04,1.0,0.0,1.0000000000000003e-05,True,2026-09-18 19:09:58+00:00,SPY260925C00600000
SPY,2026-09-21,761.6900024414062,2026-09-25,C,605.0,0.0,0.0,158.08,5.0,0.0,1.0000000000000003e-05,True,2026-09-17 19:56:31+00:00,SPY260925C00605000
SPY,2026-09-21,761.6900024414062,2026-09-25,C,610.0,0.0,0.0,153.0,5.0,0.0,1.0000000000000003e-05,True,2026-09-17 19:56:31+00:00,SPY260925C00610000
SPY,2026-09-21,761.6900024414062,2026-09-25,C,615.0,0.0,0.0,148.01,5.0,0.0,1.0000000000000003e-05,True,2026-09-17 19:56:31+00:00,SPY260925C00615000
SPY,2026-09-21,761.6900024414062,2026-09-25,C,620.0,0.0,0.0,139.79,20.0,0.0,1.0000000000000003e-05,True,2026-09-18 15:40:11+00:00,SPY260925C00620000
SPY,2026-09-21,761.6900024414062,2026-09-25,C,625.0,0.0,0.0,138.08,5.0,0.0,1.0000000000000003e-05,True,2026-09-17 19:56:31+00:00,SPY260925C00625000
SPY,2026-09-21,761.6900024414062,2026-09-25,C,630.0,0.0,0.0,133.08,5.0,0.0,1.0000000000000003e-05,True,2026-09-17 19:56:31+00:00,SPY260925C00630000
SPY,2026-09-21,761.6900024414062,2026-09-25,C,635.0,0.0,0.0,128.08,,0.0,1.0000000000000003e-05,True,2026-09-17 19:56:19+00:00,SPY260925C00635000
SPY,2026-09-21,761.6900024414062,2026-09-25,C,640.0,0.0,0.0,123.15,1365.0,0.0,1.0000000000000003e-05,True,2026-09-17 19:55:00+00:00,SPY260925C00640000
SPY,2026-09-21,761.6900024414062,2026-09-25,C,645.0,0.0,0.0,118.06,160.0,0.0,1.0000000000000003e-05,True,2026-09-17 19:55:00+00:00,SPY260925C00645000
SPY,2026-09-21,761.6900024414062,2026-09-25,C,650.0,0.0,0.0,111.58,8.0,0.0,1.0000000000000003e-05,True,2026-09-18 19:38:24+00:00,SPY260925C00650000
SPY,2026-09-21,761.6900024414062,2026-09-25,C,655.0,0.0,0.0,108.08,6.0,0.0,1.0000000000000003e-05,True,2026-09-17 19:56:19+00:00,SPY260925C00655000
SPY,2026-09-21,761.6900024414062,2026-09-25,C,660.0,0.0,0.0,102.96,5.0,0.0,1.0000000000000003e-05,True,2026-09-17 19:56:19+00:00,SPY260925C00660000
SPY,2026-09-21,761.6900024414062,2026-09-25,C,665.0,0.0,0.0,98.07,5.0,0.0,1.0000000000000003e-05,True,2026-09-17 19:56:14+00:00,SPY260925C00665000
SPY,2026-09-21,761.6900024414062,2026-09-25,C,670.0,0.0,0.0,89.8,1.0,0.0,1.0000000000000003e-05,True,2026-09-18 14:36:09+00:00,SPY260925C00670000
SPY,2026-09-21,761.6900024414062,2026-09-25,C,675.0,0.0,0.0,88.08,5.0,0.0,1.0000000000000003e-05,True,2026-09-17 19:56:19+00:00,SPY260925C00675000
SPY,2026-09-21,761.6900024414062,2026-09-25,C,680.0,0.0,0.0,83.08,21.0,0.0,1.0000000000000003e-05,True,2026-09-17 19:56:19+00:00,SPY260925C00680000
SPY,2026-09-21,761.6900024414062,2026-09-25,C,685.0,0.0,0.0,77.98,21.0,0.0,1.0000000000000003e-05,True,2026-09-17 19:56:19+00:00,SPY260925C00685000
SPY,2026-09-21,761.6900024414062,2026-09-25,C,690.0,0.0,0.0,72.99,50.0,0.0,1.0000000000000003e-05,True,2026-09-17 19:51:41+00:00,SPY260925C00690000
SPY,2026-09-21,761.6900024414062,2026-09-25,C,695.0,0.0,0.0,67.87,85.0,0.0,1.0000000000000003e-05,True,2026-09-17 20:00:28+00:00,SPY260925C00695000
SPY,2026-09-21,761.6900024414062,2026-09-25,C,700.0,0.0,0.0,62.2,5.0,0.0,1.0000000000000003e-05,True,2026-09-18 19:48:49+00:00,SPY260925C00700000
SPY,2026-09-21,761.6900024414062,2026-09-25,C,705.0,0.0,0.0,57.85,113.0,0.0,1.0000000000000003e-05,True,2026-09-17 20:00:28+00:00,SPY260925C00705000
SPY,2026-09-21,761.6900024414062,2026-09-25,C,710.0,0.0,0.0,50.04,3.0,0.0,1.0000000000000003e-05,True,2026-09-18 14:50:46+00:00,SPY260925C00710000
SPY,2026-09-21,761.6900024414062,2026-09-25,C,715.0,0.0,0.0,45.29,7.0,0.0,1.0000000000000003e-05,True,2026-09-18 15:04:28+00:00,SPY260925C00715000
SPY,2026-09-21,761.6900024414062,2026-09-25,C,720.0,0.0,0.0,43.13,97.0,0.0,1.0000000000000003e-05,True,2026-09-17 19:56:31+00:00,SPY260925C00720000
SPY,2026-09-21,761.6900024414062,2026-09-25,C,721.0,0.0,0.0,42.09,12.0,0.0,1.0000000000000003e-05,True,2026-09-17 19:56:14+00:00,SPY260925C00721000
SPY,2026-09-21,761.6900024414062,2026-09-25,C,722.0,0.0,0.0,41.09,27.0,0.0,1.0000000000000003e-05,True,2026-09-17 19:56:51+00:00,SPY260925C00722000
SPY,2026-09-21,761.6900024414062,2026-09-25,C,723.0,0.0,0.0,37.08,2.0,0.0,1.0000000000000003e-05,True,2026-09-18 15:45:06+00:00,SPY260925C00723000
SPY,2026-09-21,761.6900024414062,2026-09-25,C,724.0,0.0,0.0,36.39,2.0,0.0,1.0000000000000003e-05,True,2026-09-18 15:04:23+00:00,SPY260925C00724000
SPY,2026-09-21,761.6900024414062,2026-09-25,C,725.0,0.0,0.0,37.38,10.0,0.0,1.0000000000000003e-05,True,2026-09-18 19:51:16+00:00,SPY260925C00725000
SPY,2026-09-21,761.6900024414062,2026-09-25,C,726.0,0.0,0.0,36.54,2.0,0.0,1.0000000000000003e-05,True,2026-09-17 20:00:13+00:00,SPY260925C00726000
SPY,2026-09-21,761.6900024414062,2026-09-25,C,727.0,0.0,0.0,32.95,3.0,0.0,1.0000000000000003e-05,True,2026-09-18 14:25:37+00:00,SPY260925C00727000
SPY,2026-09-21,761.6900024414062,2026-09-25,C,728.0,0.0,0.0,34.33,4.0,0.0,1.0000000000000003e-05,True,2026-09-17 18:55:31+00:00,SPY260925C00728000
SPY,2026-09-21,761.6900024414062,2026-09-25,C,729.0,0.0,0.0,33.42,6.0,0.0,1.0000000000000003e-05,True,2026-09-18 19:48:41+00:00,SPY260925C00729000
SPY,2026-09-21,761.6900024414062,2026-09-25,C,730.0,0.0,0.0,32.48,19.0,0.0,1.0000000000000003e-05,True,2026-09-18 19:57:03+00:00,SPY260925C00730000
SPY,2026-09-21,761.6900024414062,2026-09-25,C,731.0,0.0,0.0,31.49,14.0,0.0,1.0000000000000003e-05,True,2026-09-18 19:47:32+00:00,SPY260925C00731000
SPY,2026-09-21,761.6900024414062,2026-09-25,C,732.0,0.0,0.0,30.52,13.0,0.0,1.0000000000000003e-05,True,2026-09-18 19:49:57+00:00,SPY260925C00732000
SPY,2026-09-21,761.6900024414062,2026-09-25,C,733.0,0.0,0.0,29.46,18.0,0.0,1.0000000000000003e-05,True,2026-09-18 19:56:52+00:00,SPY260925C00733000
SPY,2026-09-21,761.6900024414062,2026-09-25,C,734.0,0.0,0.0,28.64,12.0,0.0,1.0000000000000003e-05,True,2026-09-18 19:55:18+00:00,SPY260925C00734000
SPY,2026-09-21,761.6900024414062,2026-09-25,C,735.0,0.0,0.0,27.63,938.0,0.0,1.0000000000000003e-05,True,2026-09-18 19:56:40+00:00,SPY260925C00735000
SPY,2026-09-21,761.6900024414062,2026-09-25,C,736.0,0.0,0.0,26.23,16.0,0.0,1.0000000000000003e-05,True,2026-09-18 19:52:37+00:00,SPY260925C00736000
SPY,2026-09-21,761.6900024414062,2026-09-25,C,737.0,0.0,0.0,25.52,42.0,0.0,1.0000000000000003e-05,True,2026-09-18 19:56:16+00:00,SPY260925C00737000
SPY,2026-09-21,761.6900024414062,2026-09-25,C,738.0,0.0,0.0,26.0,15.0,0.0,1.0000000000000003e-05,True,2026-09-18 20:11:45+00:00,SPY260925C00738000
SPY,2026-09-21,761.6900024414062,2026-09-25,C,739.0,0.0,0.0,23.68,57.0,0.0,1.0000000000000003e-05,True,2026-09-18 19:57:15+00:00,SPY260925C00739000
SPY,2026-09-21,761.6900024414062,2026-09-25,C,740.0,0.0,0.0,23.5,525.0,0.0,1.0000000000000003e-05,True,2026-09-18 20:02:16+00:00,SPY260925C00740000
SPY,2026-09-21,761.6900024414062,2026-09-25,C,741.0,0.0,0.0,21.7,1186.0,0.0,1.0000000000000003e-05,True,2026-09-18 19:56:28+00:00,SPY260925C00741000
SPY,2026-09-21,761.6900024414062,2026-09-25,C,742.0,0.0,0.0,20.55,447.0,0.0,1.0000000000000003e-05,True,2026-09-18 19:54:43+00:00,SPY260925C00742000
SPY,2026-09-21,761.6900024414062,2026-09-25,C,743.0,0.0,0.0,19.43,120.0,0.0,1.0000000000000003e-05,True,2026-09-18 19:42:13+00:00,SPY260925C00743000
SPY,2026-09-21,761.6900024414062,2026-09-25,C,744.0,0.0,0.0,18.49,1492.0,0.0,1.0000000000000003e-05,True,2026-09-18 19:42:39+00:00,SPY260925C00744000
SPY,2026-09-21,761.6900024414062,2026-09-25,C,745.0,0.0,0.0,16.96,261.0,0.0,1.0000000000000003e-05,True,2026-09-18 20:00:30+00:00,SPY260925C00745000
SPY,2026-09-21,761.6900024414062,2026-09-25,C,746.0,0.0,0.0,16.63,47.0,0.0,1.0000000000000003e-05,True,2026-09-18 19:42:19+00:00,SPY260925C00746000
SPY,2026-09-21,761.6900024414062,2026-09-25,C,747.0,0.0,0.0,17.05,27.0,0.0,1.0000000000000003e-05,True,2026-09-18 20:06:53+00:00,SPY260925C00747000
SPY,2026-09-21,761.6900024414062,2026-09-25,C,748.0,0.0,0.0,15.14,116.0,0.0,1.0000000000000003e-05,True,2026-09-18 19:59:59+00:00,SPY260925C00748000
SPY,2026-09-21,761.6900024414062,2026-09-25,C,749.0,0.0,0.0,14.1,408.0,0.0,1.0000000000000003e-05,True,2026-09-18 19:44:45+00:00,SPY260925C00749000
SPY,2026-09-21,761.6900024414062,2026-09-25,C,750.0,0.0,0.0,13.96,1936.0,0.0,1.0000000000000003e-05,True,2026-09-18 20:14:41+00:00,SPY260925C00750000
SPY,2026-09-21,761.6900024414062,2026-09-25,C,751.0,0.0,0.0,12.51,1940.0,0.0,1.0000000000000003e-05,True,2026-09-18 19:59:59+00:00,SPY260925C00751000
SPY,2026-09-21,761.6900024414062,2026-09-25,C,752.0,0.0,0.0,11.91,1707.0,0.0,1.0000000000000003e-05,True,2026-09-18 20:07:14+00:00,SPY260925C00752000
SPY,2026-09-21,761.6900024414062,2026-09-25,C,753.0,0.0,0.0,10.81,980.0,0.0,1.0000000000000003e-05,True,2026-09-18 19:59:59+00:00,SPY260925C00753000
SPY,2026-09-21,761.6900024414062,2026-09-25,C,754.0,0.0,0.0,11.0,1880.0,0.0,1.0000000000000003e-05,True,2026-09-18 20:10:23+00:00,SPY260925C00754000
SPY,2026-09-21,761.6900024414062,2026-09-25,C,755.0,0.0,0.0,10.05,856.0,0.0,1.0000000000000003e-05,True,2026-09-18 20:10:14+00:00,SPY260925C00755000
SPY,2026-09-21,761.6900024414062,2026-09-25,C,756.0,0.0,0.0,9.09,439.0,0.0,1.0000000000000003e-05,True,2026-09-18 20:05:10+00:00,SPY260925C00756000
SPY,2026-09-21,761.6900024414062,2026-09-25,C,757.0,0.0,0.0,8.33,593.0,0.0,1.0000000000000003e-05,True,2026-09-18 20:02:40+00:00,SPY260925C00757000
SPY,2026-09-21,761.6900024414062,2026-09-25,C,758.0,0.0,0.0,7.5,895.0,0.0,1.0000000000000003e-05,True,2026-09-18 20:05:14+00:00,SPY260925C00758000
SPY,2026-09-21,761.6900024414062,2026-09-25,C,759.0,0.0,0.0,6.99,3085.0,0.0,1.0000000000000003e-05,True,2026-09-18 20:14:10+00:00,SPY260925C00759000
SPY,2026-09-21,761.6900024414062,2026-09-25,C,760.0,0.0,0.0,6.46,14111.0,0.0,1.0000000000000003e-05,True,2026-09-18 20:13:57+00:00,SPY260925C00760000
SPY,2026-09-21,761.6900024414062,2026-09-25,C,761.0,0.0,0.0,5.8,6169.0,0.0,1.0000000000000003e-05,True,2026-09-18 20:11:45+00:00,SPY260925C00761000
SPY,2026-09-21,761.6900024414062,2026-09-25,C,762.0,0.0,0.0,5.05,4278.0,0.0,0.000986552734375,False,2026-09-18 20:14:29+00:00,SPY260925C00762000
SPY,2026-09-21,761.6900024414062,2026-09-25,C,763.0,0.0,0.0,4.45,3942.0,0.0,0.0039162109375,False,2026-09-18 20:14:54+00:00,SPY260925C00763000
SPY,2026-09-21,761.6900024414062,2026-09-25,C,764.0,0.0,0.0,3.97,9504.0,0.0,0.007822421875,False,2026-09-18 20:13:44+00:00,SPY260925C00764000
SPY,2026-09-21,761.6900024414062,2026-09-25,C,765.0,0.0,0.0,3.36,9730.0,0.0,0.007822421875,False,2026-09-18 20:14:52+00:00,SPY260925C00765000
SPY,2026-09-21,761.6900024414062,2026-09-25,C,766.0,0.0,0.0,2.84,2050.0,0.0,0.015634843750000002,False,2026-09-18 20:14:58+00:00,SPY260925C00766000
SPY,2026-09-21,761.6900024414062,2026-09-25,C,767.0,0.0,0.0,2.4,4942.0,0.0,0.015634843750000002,False,2026-09-18 20:14:58+00:00,SPY260925C00767000
SPY,2026-09-21,761.6900024414062,2026-09-25,C,768.0,0.0,0.0,2.04,2127.0,0.0,0.015634843750000002,False,2026-09-18 20:14:52+00:00,SPY260925C00768000
SPY,2026-09-21,761.6900024414062,2026-09-25,C,769.0,0.0,0.0,1.69,2255.0,0.0,0.015634843750000002,False,2026-09-18 20:14:44+00:00,SPY260925C00769000
SPY,2026-09-21,761.6900024414062,2026-09-25,C,770.0,0.0,0.0,1.37,9678.0,0.0,0.015634843750000002,False,2026-09-18 20:14:58+00:00,SPY260925C00770000
SPY,2026-09-21,761.6900024414062,2026-09-25,C,771.0,0.0,0.0,1.12,2301.0,0.0,0.0312596875,False,2026-09-18 20:14:00+00:00,SPY260925C00771000
SPY,2026-09-21,761.6900024414062,2026-09-25,C,772.0,0.0,0.0,0.9,5275.0,0.0,0.0312596875,False,2026-09-18 20:14:55+00:00,SPY260925C00772000
SPY,2026-09-21,761.6900024414062,2026-09-25,C,773.0,0.0,0.0,0.71,3576.0,0.0,0.0312596875,False,2026-09-18 20:13:43+00:00,SPY260925C00773000
SPY,2026-09-21,761.6900024414062,2026-09-25,C,774.0,0.0,0.0,0.55,4368.0,0.0,0.0312596875,False,2026-09-18 20:14:41+00:00,SPY260925C00774000
SPY,2026-09-21,761.6900024414062,2026-09-25,C,775.0,0.0,0.0,0.43,9423.0,0.0,0.0312596875,False,2026-09-18 20:14:31+00:00,SPY260925C00775000
SPY,2026-09-21,761.6900024414062,2026-09-25,C,776.0,0.0,0.0,0.32,2699.0,0.0,0.0312596875,False,2026-09-18 20:14:33+00:00,SPY260925C00776000
SPY,2026-09-21,761.6900024414062,2026-09-25,C,777.0,0.0,0.0,0.25,1886.0,0.0,0.0312596875,False,2026-09-18 20:14:05+00:00,SPY260925C00777000
SPY,2026-09-21,761.6900024414062,2026-09-25,C,778.0,0.0,0.0,0.19,886.0,0.0,0.0312596875,False,2026-09-18 20:14:39+00:00,SPY260925C00778000
SPY,2026-09-21,761.6900024414062,2026-09-25,C,779.0,0.0,0.0,0.14,1581.0,0.0,0.0312596875,False,2026-09-18 20:13:33+00:00,SPY260925C00779000
SPY,2026-09-21,761.6900024414062,2026-09-25,C,780.0,0.0,0.0,0.11,14063.0,0.0,0.062509375,False,2026-09-18 20:14:41+00:00,SPY260925C00780000
SPY,2026-09-21,761.6900024414062,2026-09-25,C,781.0,0.0,0.0,0.09,713.0,0.0,0.062509375,False,2026-09-18 20:14:29+00:00,SPY260925C00781000
SPY,2026-09-21,761.6900024414062,2026-09-25,C,782.0,0.0,0.0,0.06,726.0,0.0,0.062509375,False,2026-09-18 20:14:07+00:00,SPY260925C00782000
SPY,2026-09-21,761.6900024414062,2026-09-25,C,783.0,0.0,0.0,0.05,167.0,0.0,0.062509375,False,2026-09-18 20:12:43+00:00,SPY260925C00783000
SPY,2026-09-21,761.6900024414062,2026-09-25,C,784.0,0.0,0.0,0.04,242.0,0.0,0.062509375,False,2026-09-18 20:14:07+00:00,SPY260925C00784000
SPY,2026-09-21,761.6900024414062,2026-09-25,C,785.0,0.0,0.0,0.04,1276.0,0.0,0.062509375,False,2026-09-18 20:14:34+00:00,SPY260925C00785000
SPY,2026-09-21,761.6900024414062,2026-09-25,C,786.0,0.0,0.0,0.02,3620.0,0.0,0.062509375,False,2026-09-18 20:14:49+00:00,SPY260925C00786000
SPY,2026-09-21,761.6900024414062,2026-09-25,C,787.0,0.0,0.0,0.02,3118.0,0.0,0.062509375,False,2026-09-18 20:14:49+00:00,SPY260925C00787000
SPY,2026-09-21,761.6900024414062,2026-09-25,C,788.0,0.0,0.0,0.02,394.0,0.0,0.062509375,False,2026-09-18 20:14:50+00:00,SPY260925C00788000
SPY,2026-09-21,761.6900024414062,2026-09-25,C,789.0,0.0,0.0,0.01,108.0,0.0,0.062509375,False,2026-09-18 20:14:50+00:00,SPY260925C00789000
SPY,2026-09-21,761.6900024414062,2026-09-25,C,790.0,0.0,0.0,0.01,854.0,0.0,0.062509375,False,2026-09-18 20:14:50+00:00,SPY260925C00790000
SPY,2026-09-21,761.6900024414062,2026-09-25,C,791.0,0.0,0.0,0.01,146.0,0.0,0.062509375,False,2026-09-18 20:14:54+00:00,SPY260925C00791000
SPY,2026-09-21,761.6900024414062,2026-09-25,C,792.0,0.0,0.0,0.02,8.0,0.0,0.062509375,False,2026-09-18 19:05:32+00:00,SPY260925C00792000
SPY,2026-09-21,761.6900024414062,2026-09-25,C,793.0,0.0,0.0,0.01,27.0,0.0,0.062509375,False,2026-09-18 17:27:13+00:00,SPY260925C00793000
SPY,2026-09-21,761.6900024414062,2026-09-25,C,794.0,0.0,0.0,0.01,5073.0,0.0,0.062509375,False,2026-09-18 19:54:01+00:00,SPY260925C00794000
SPY,2026-09-21,761.6900024414062,2026-09-25,C,795.0,0.0,0.0,0.02,2828.0,0.0,0.062509375,False,2026-09-18 20:02:00+00:00,SPY260925C00795000
SPY,2026-09-21,761.6900024414062,2026-09-25,C,796.0,0.0,0.0,0.02,2091.0,0.0,0.062509375,False,2026-09-18 14:48:17+00:00,SPY260925C00796000
SPY,2026-09-21,761.6900024414062,2026-09-25,C,797.0,0.0,0.0,0.01,315.0,0.0,0.062509375,False,2026-09-18 19:15:23+00:00,SPY260925C00797000
SPY,2026-09-21,761.6900024414062,2026-09-25,C,798.0,0.0,0.0,0.01,51.0,0.0,0.062509375,False,2026-09-18 19:57:22+00:00,SPY260925C00798000
SPY,2026-09-21,761.6900024414062,2026-09-25,C,799.0,0.0,0.0,0.01,9.0,0.0,0.062509375,False,2026-09-18 19:54:07+00:00,SPY260925C00799000
SPY,2026-09-21,761.6900024414062,2026-09-25,C,800.0,0.0,0.0,0.01,243.0,0.0,0.062509375,False,2026-09-18 20:12:59+00:00,SPY260925C00800000
SPY,2026-09-21,761.6900024414062,2026-09-25,C,801.0,0.0,0.0,0.01,76.0,0.0,0.12500875,False,2026-09-18 19:50:47+00:00,SPY260925C00801000
SPY,2026-09-21,761.6900024414062,2026-09-25,C,802.0,0.0,0.0,0.01,24.0,0.0,0.12500875,False,2026-09-18 20:00:44+00:00,SPY260925C00802000
SPY,2026-09-21,761.6900024414062,2026-09-25,C,803.0,0.0,0.0,0.01,8.0,0.0,0.12500875,False,2026-09-18 20:02:14+00:00,SPY260925C00803000
SPY,2026-09-21,761.6900024414062,2026-09-25,C,804.0,0.0,0.0,0.01,1.0,0.0,0.12500875,False,2026-09-18 20:01:51+00:00,SPY260925C00804000
SPY,2026-09-21,761.6900024414062,2026-09-25,C,805.0,0.0,0.0,0.01,179.0,0.0,0.12500875,False,2026-09-18 19:59:59+00:00,SPY260925C00805000
SPY,2026-09-21,761.6900024414062,2026-09-25,C,806.0,0.0,0.0,0.02,2.0,0.0,0.12500875,False,2026-09-18 19:12:24+00:00,SPY260925C00806000
SPY,2026-09-21,761.6900024414062,2026-09-25,C,807.0,0.0,0.0,0.02,5.0,0.0,0.12500875,False,2026-09-18 14:56:51+00:00,SPY260925C00807000
SPY,2026-09-21,761.6900024414062,2026-09-25,C,808.0,0.0,0.0,0.01,1.0,0.0,0.12500875,False,2026-09-18 13:47:58+00:00,SPY260925C00808000
SPY,2026-09-21,761.6900024414062,2026-09-25,C,809.0,0.0,0.0,0.01,2500.0,0.0,0.12500875,False,2026-09-18 17:31:18+00:00,SPY260925C00809000
SPY,2026-09-21,761.6900024414062,2026-09-25,C,810.0,0.0,0.0,0.01,7.0,0.0,0.12500875,False,2026-09-18 17:32:32+00:00,SPY260925C00810000
SPY,2026-09-21,761.6900024414062,2026-09-25,C,811.0,0.0,0.0,0.02,99.0,0.0,0.12500875,False,2026-09-17 17:30:18+00:00,SPY260925C00811000
SPY,2026-09-21,761.6900024414062,2026-09-25,C,812.0,0.0,0.0,0.01,8.0,0.0,0.12500875,False,2026-09-18 19:31:37+00:00,SPY260925C00812000
SPY,2026-09-21,761.6900024414062,2026-09-25,C,813.0,0.0,0.0,0.02,70.0,0.0,0.12500875,False,2026-09-15 18:25:42+00:00,SPY260925C00813000
SPY,2026-09-21,761.6900024414062,2026-09-25,C,814.0,0.0,0.0,0.02,40.0,0.0,0.12500875,False,2026-09-15 18:24:52+00:00,SPY260925C00814000
SPY,2026-09-21,761.6900024414062,2026-09-25,C,815.0,0.0,0.0,0.01,24.0,0.0,0.12500875,False,2026-09-18 18:46:34+00:00,SPY260925C00815000
SPY,2026-09-21,761.6900024414062,2026-09-25,C,816.0,0.0,0.0,0.01,29.0,0.0,0.12500875,False,2026-09-18 13:43:52+00:00,SPY260925C00816000
SPY,2026-09-21,761.6900024414062,2026-09-25,C,817.0,0.0,0.0,0.02,482.0,0.0,0.12500875,False,2026-09-15 18:41:46+00:00,SPY260925C00817000
SPY,2026-09-21,761.6900024414062,2026-09-25,C,818.0,0.0,0.0,0.01,78.0,0.0,0.12500875,False,2026-09-18 13:48:51+00:00,SPY260925C00818000
SPY,2026-09-21,761.6900024414062,2026-09-25,C,819.0,0.0,0.0,0.01,14.0,0.0,0.12500875,False,2026-09-18 13:41:04+00:00,SPY260925C00819000
SPY,2026-09-21,761.6900024414062,2026-09-25,C,820.0,0.0,0.0,0.02,2.0,0.0,0.12500875,False,2026-09-17 16:44:28+00:00,SPY260925C00820000
SPY,2026-09-21,761.6900024414062,2026-09-25,C,821.0,0.0,0.0,0.02,3771.0,0.0,0.12500875,False,2026-09-15 15:53:12+00:00,SPY260925C00821000
SPY,2026-09-21,761.6900024414062,2026-09-25,C,822.0,0.0,0.0,0.01,11.0,0.0,0.12500875,False,2026-09-16 18:59:05+00:00,SPY260925C00822000
SPY,2026-09-21,761.6900024414062,2026-09-25,C,823.0,0.0,0.0,0.02,208.0,0.0,0.12500875,False,2026-09-14 18:00:59+00:00,SPY260925C00823000
SPY,2026-09-21,761.6900024414062,2026-09-25,C,824.0,0.0,0.0,0.02,193.0,0.0,0.12500875,False,2026-09-14 18:01:12+00:00,SPY260925C00824000
SPY,2026-09-21,761.6900024414062,2026-09-25,C,825.0,0.0,0.0,0.02,1.0,0.0,0.12500875,False,2026-09-17 13:42:48+00:00,SPY260925C00825000
SPY,2026-09-21,761.6900024414062,2026-09-25,C,830.0,0.0,0.0,0.02,5.0,0.0,0.12500875,False,2026-09-15 16:32:00+00:00,SPY260925C00830000
SPY,2026-09-21,761.6900024414062,2026-09-25,C,835.0,0.0,0.0,0.02,37.0,0.0,0.12500875,False,2026-09-17 20:14:28+00:00,SPY260925C00835000
SPY,2026-09-21,761.6900024414062,2026-09-25,C,840.0,0.0,0.0,0.03,140.0,0.0,0.12500875,False,2026-09-17 14:46:53+00:00,SPY260925C00840000
SPY,2026-09-21,761.6900024414062,2026-09-25,C,845.0,0.0,0.0,0.01,1.0,0.0,0.12500875,False,2026-09-16 20:03:26+00:00,SPY260925C00845000
SPY,2026-09-21,761.6900024414062,2026-09-25,C,850.0,0.0,0.0,0.01,50.0,0.0,0.2500075,False,2026-09-15 15:20:26+00:00,SPY260925C00850000
SPY,2026-09-21,761.6900024414062,2026-09-25,C,855.0,0.0,0.0,0.01,11.0,0.0,0.2500075,False,2026-09-15 15:50:04+00:00,SPY260925C00855000
SPY,2026-09-21,761.6900024414062,2026-09-25,C,860.0,0.0,0.0,0.02,25.0,0.0,0.2500075,False,2026-09-04 13:33:15+00:00,SPY260925C00860000
SPY,2026-09-21,761.6900024414062,2026-09-25,C,865.0,0.0,0.0,0.01,1.0,0.0,0.2500075,False,2026-09-11 15:16:00+00:00,SPY260925C00865000
SPY,2026-09-21,761.6900024414062,2026-09-25,C,870.0,0.0,0.0,0.01,192.0,0.0,0.2500075,False,2026-09-11 18:09:31+00:00,SPY260925C00870000
SPY,2026-09-21,761.6900024414062,2026-09-25,C,875.0,0.0,0.0,0.02,1.0,0.0,0.2500075,False,2026-08-25 18:26:54+00:00,SPY260925C00875000
SPY,2026-09-21,761.6900024414062,2026-09-25,C,880.0,0.0,0.0,0.01,1.0,0.0,0.2500075,False,2026-09-17 18:32:40+00:00,SPY260925C00880000
SPY,2026-09-21,761.6900024414062,2026-09-25,C,885.0,0.0,0.0,0.03,1.0,0.0,0.2500075,False,2026-08-19 18:04:13+00:00,SPY260925C00885000
SPY,2026-09-21,761.6900024414062,2026-09-25,C,890.0,0.0,0.0,0.01,3.0,0.0,0.2500075,False,2026-09-04 20:12:21+00:00,SPY260925C00890000
SPY,2026-09-21,761.6900024414062,2026-09-25,C,895.0,0.0,0.0,0.02,1520.0,0.0,0.2500075,False,2026-09-08 13:47:07+00:00,SPY260925C00895000
SPY,2026-09-21,761.6900024414062,2026-09-25,C,900.0,0.0,0.0,0.01,1480.0,0.0,0.2500075,False,2026-09-08 13:47:05+00:00,SPY260925C00900000
SPY,2026-09-21,761.6900024414062,2026-09-25,C,910.0,0.0,0.0,0.04,,0.0,0.2500075,False,2026-08-13 20:02:30+00:00,SPY260925C00910000
SPY,2026-09-21,761.6900024414062,2026-09-25,C,915.0,0.0,0.0,0.01,40.0,0.0,0.2500075,False,2026-09-03 15:58:15+00:00,SPY260925C00915000
SPY,2026-09-21,761.6900024414062,2026-09-25,C,920.0,0.0,0.0,0.03,,0.0,0.2500075,False,2026-08-12 13:39:54+00:00,SPY260925C00920000
SPY,2026-09-21,761.6900024414062,2026-09-25,C,925.0,0.0,0.0,0.01,1.0,0.0,0.2500075,False,2026-08-24 14:08:22+00:00,SPY260925C00925000
SPY,2026-09-21,761.6900024414062,2026-09-25,C,930.0,0.0,0.0,0.01,1.0,0.0,0.2500075,False,2026-09-09 16:34:23+00:00,SPY260925C00930000
SPY,2026-09-21,761.6900024414062,2026-09-25,P,500.0,0.0,0.0,0.01,10.0,0.0,0.500005,False,2026-09-18 15:53:46+00:00,SPY260925P00500000
SPY,2026-09-21,761.6900024414062,2026-09-25,P,505.0,0.0,0.0,0.02,100.0,0.0,0.500005,False,2026-09-11 14:10:14+00:00,SPY260925P00505000
SPY,2026-09-21,761.6900024414062,2026-09-25,P,510.0,0.0,0.0,0.03,63.0,0.0,0.500005,False,2026-09-10 16:15:11+00:00,SPY260925P00510000
SPY,2026-09-21,761.6900024414062,2026-09-25,P,515.0,0.0,0.0,0.02,1.0,0.0,0.500005,False,2026-09-16 18:05:51+00:00,SPY260925P00515000
SPY,2026-09-21,761.6900024414062,2026-09-25,P,520.0,0.0,0.0,0.02,600.0,0.0,0.500005,False,2026-09-16 20:14:51+00:00,SPY260925P00520000
SPY,2026-09-21,761.6900024414062,2026-09-25,P,525.0,0.0,0.0,0.01,2.0,0.0,0.500005,False,2026-09-18 19:54:46+00:00,SPY260925P00525000
SPY,2026-09-21,761.6900024414062,2026-09-25,P,530.0,0.0,0.0,0.01,32.0,0.0,0.500005,False,2026-09-17 13:30:00+00:00,SPY260925P00530000
SPY,2026-09-21,761.6900024414062,2026-09-25,P,535.0,0.0,0.0,0.01,17.0,0.0,0.500005,False,2026-09-18 15:31:42+00:00,SPY260925P00535000
SPY,2026-09-21,761.6900024414062,2026-09-25,P,540.0,0.0,0.0,0.01,410.0,0.0,0.500005,False,2026-09-17 19:05:11+00:00,SPY260925P00540000
SPY,2026-09-21,761.6900024414062,2026-09-25,P,545.0,0.0,0.0,0.01,53.0,0.0,0.500005,False,2026-09-18 15:31:57+00:00,SPY260925P00545000
SPY,2026-09-21,761.6900024414062,2026-09-25,P,550.0,0.0,0.0,0.01,39.0,0.0,0.500005,False,2026-09-17 19:29:43+00:00,SPY260925P00550000
SPY,2026-09-21,761.6900024414062,2026-09-25,P,555.0,0.0,0.0,0.01,110.0,0.0,0.500005,False,2026-09-17 20:06:55+00:00,SPY260925P00555000
SPY,2026-09-21,761.6900024414062,2026-09-25,P,560.0,0.0,0.0,0.01,10.0,0.0,0.500005,False,2026-09-18 13:30:35+00:00,SPY260925P00560000
SPY,2026-09-21,761.6900024414062,2026-09-25,P,565.0,0.0,0.0,0.01,4.0,0.0,0.500005,False,2026-09-17 20:14:39+00:00,SPY260925P00565000
SPY,2026-09-21,761.6900024414062,2026-09-25,P,570.0,0.0,0.0,0.01,1.0,0.0,0.500005,False,2026-09-17 13:56:13+00:00,SPY260925P00570000
SPY,2026-09-21,761.6900024414062,2026-09-25,P,575.0,0.0,0.0,0.01,40.0,0.0,0.500005,False,2026-09-18 20:07:06+00:00,SPY260925P00575000
SPY,2026-09-21,761.6900024414062,2026-09-25,P,580.0,0.0,0.0,0.01,52.0,0.0,0.500005,False,2026-09-18 19:56:22+00:00,SPY260925P00580000
SPY,2026-09-21,761.6900024414062,2026-09-25,P,585.0,0.0,0.0,0.01,30.0,0.0,0.500005,False,2026-09-18 18:00:53+00:00,SPY260925P00585000
SPY,2026-09-21,761.6900024414062,2026-09-25,P,590.0,0.0,0.0,0.01,31.0,0.0,0.500005,False,2026-09-18 17:48:04+00:00,SPY260925P00590000
SPY,2026-09-21,761.6900024414062,2026-09-25,P,595.0,0.0,0.0,0.01,2133.0,0.0,0.500005,False,2026-09-18 18:22:47+00:00,SPY260925P00595000
SPY,2026-09-21,761.6900024414062,2026-09-25,P,600.0,0.0,0.0,0.01,2.0,0.0,0.500005,False,2026-09-18 17:05:31+00:00,SPY260925P00600000
SPY,2026-09-21,761.6900024414062,2026-09-25,P,605.0,0.0,0.0,0.01,406.0,0.0,0.500005,False,2026-09-18 15:00:03+00:00,SPY260925P00605000
SPY,2026-09-21,761.6900024414062,2026-09-25,P,610.0,0.0,0.0,0.01,92.0,0.0,0.500005,False,2026-09-18 16:56:46+00:00,SPY260925P00610000
SPY,2026-09-21,761.6900024414062,2026-09-25,P,615.0,0.0,0.0,0.01,202.0,0.0,0.2500075,False,2026-09-18 20:00:39+00:00,SPY260925P00615000
SPY,2026-09-21,761.6900024414062,2026-09-25,P,620.0,0.0,0.0,0.01,65.0,0.0,0.2500075,False,2026-09-18 19:56:58+00:00,SPY260925P00620000
SPY,2026-09-21,761.6900024414062,2026-09-25,P,625.0,0.0,0.0,0.03,92.0,0.0,0.2500075,False,2026-09-18 19:58:52+00:00,SPY260925P00625000
SPY,2026-09-21,761.6900024414062,2026-09-25,P,630.0,0.0,0.0,0.03,130.0,0.0,0.2500075,False,2026-09-18 17:22:15+00:00,SPY260925P00630000
SPY,2026-09-21,761.6900024414062,2026-09-25,P,635.0,0.0,0.0,0.01,2.0,0.0,0.2500075,False,2026-09-18 15:47:03+00:00,SPY260925P00635000
SPY,2026-09-21,761.6900024414062,2026-09-25,P,640.0,0.0,0.0,0.03,19.0,0.0,0.2500075,False,2026-09-18 18:27:45+00:00,SPY260925P00640000
SPY,2026-09-21,761.6900024414062,2026-09-25,P,645.0,0.0,0.0,0.02,4.0,0.0,0.2500075,False,2026-09-18 20:03:00+00:00,SPY260925P00645000
SPY,2026-09-21,761.6900024414062,2026-09-25,P,650.0,0.0,0.0,0.03,165.0,0.0,0.2500075,False,2026-09-18 20:12:27+00:00,SPY260925P00650000
SPY,2026-09-21,761.6900024414062,2026-09-25,P,655.0,0.0,0.0,0.04,13.0,0.0,0.2500075,False,2026-09-18 14:05:41+00:00,SPY260925P00655000
SPY,2026-09-21,761.6900024414062,2026-09-25,P,660.0,0.0,0.0,0.05,1138.0,0.0,0.2500075,False,2026-09-18 18:25:03+00:00,SPY260925P00660000
SPY,2026-09-21,761.6900024414062,2026-09-25,P,665.0,0.0,0.0,0.04,75.0,0.0,0.2500075,False,2026-09-18 19:40:01+00:00,SPY260925P00665000
SPY,2026-09-21,761.6900024414062,2026-09-25,P,670.0,0.0,0.0,0.05,8007.0,0.0,0.2500075,False,2026-09-18 19:39:25+00:00,SPY260925P00670000
SPY,2026-09-21,761.6900024414062,2026-09-25,P,675.0,0.0,0.0,0.06,6796.0,0.0,0.2500075,False,2026-09-18 20:01:03+00:00,SPY260925P00675000
SPY,2026-09-21,761.6900024414062,2026-09-25,P,680.0,0.0,0.0,0.06,2236.0,0.0,0.2500075,False,2026-09-18 19:56:58+00:00,SPY260925P00680000
SPY,2026-09-21,761.6900024414062,2026-09-25,P,685.0,0.0,0.0,0.07,779.0,0.0,0.2500075,False,2026-09-18 20:08:07+00:00,SPY260925P00685000
SPY,2026-09-21,761.6900024414062,2026-09-25,P,690.0,0.0,0.0,0.07,948.0,0.0,0.12500875,False,2026-09-18 19:19:17+00:00,SPY260925P00690000
SPY,2026-09-21,761.6900024414062,2026-09-25,P,695.0,0.0,0.0,0.09,94.0,0.0,0.12500875,False,2026-09-18 19:58:31+00:00,SPY260925P00695000
SPY,2026-09-21,761.6900024414062,2026-09-25,P,700.0,0.0,0.0,0.09,880.0,0.0,0.12500875,False,2026-09-18 20:10:37+00:00,SPY260925P00700000
SPY,2026-09-21,761.6900024414062,2026-09-25,P,705.0,0.0,0.0,0.1,282.0,0.0,0.12500875,False,2026-09-18 20:07:40+00:00,SPY260925P00705000
SPY,2026-09-21,761.6900024414062,2026-09-25,P,710.0,0.0,0.0,0.12,469.0,0.0,0.12500875,False,2026-09-18 20:10:16+00:00,SPY260925P00710000
SPY,2026-09-21,761.6900024414062,2026-09-25,P,715.0,0.0,0.0,0.15,4288.0,0.0,0.12500875,False,2026-09-18 20:11:21+00:00,SPY260925P00715000
SPY,2026-09-21,761.6900024414062,2026-09-25,P,720.0,0.0,0.0,0.16,4403.0,0.0,0.12500875,False,2026-09-18 20:14:10+00:00,SPY260925P00720000
SPY,2026-09-21,761.6900024414062,2026-09-25,P,721.0,0.0,0.0,0.17,92.0,0.0,0.12500875,False,2026-09-18 19:52:10+00:00,SPY260925P00721000
SPY,2026-09-21,761.6900024414062,2026-09-25,P,722.0,0.0,0.0,0.18,361.0,0.0,0.12500875,False,2026-09-18 19:52:10+00:00,SPY260925P00722000
SPY,2026-09-21,761.6900024414062,2026-09-25,P,723.0,0.0,0.0,0.19,443.0,0.0,0.12500875,False,2026-09-18 19:52:10+00:00,SPY260925P00723000
SPY,2026-09-21,761.6900024414062,2026-09-25,P,724.0,0.0,0.0,0.2,248.0,0.0,0.12500875,False,2026-09-18 19:59:50+00:00,SPY260925P00724000
SPY,2026-09-21,761.6900024414062,2026-09-25,P,725.0,0.0,0.0,0.21,3749.0,0.0,0.062509375,False,2026-09-18 20:11:38+00:00,SPY260925P00725000
SPY,2026-09-21,761.6900024414062,2026-09-25,P,726.0,0.0,0.0,0.21,274.0,0.0,0.062509375,False,2026-09-18 20:05:18+00:00,SPY260925P00726000
SPY,2026-09-21,761.6900024414062,2026-09-25,P,727.0,0.0,0.0,0.23,440.0,0.0,0.062509375,False,2026-09-18 19:53:06+00:00,SPY260925P00727000
SPY,2026-09-21,761.6900024414062,2026-09-25,P,728.0,0.0,0.0,0.23,547.0,0.0,0.062509375,False,2026-09-18 20:08:48+00:00,SPY260925P00728000
SPY,2026-09-21,761.6900024414062,2026-09-25,P,729.0,0.0,0.0,0.25,188.0,0.0,0.062509375,False,2026-09-18 20:05:07+00:00,SPY260925P00729000
SPY,2026-09-21,761.6900024414062,2026-09-25,P,730.0,0.0,0.0,0.26,1733.0,0.0,0.062509375,False,2026-09-18 20:10:49+00:00,SPY260925P00730000
SPY,2026-09-21,761.6900024414062,2026-09-25,P,731.0,0.0,0.0,0.28,773.0,0.0,0.062509375,False,2026-09-18 20:05:41+00:00,SPY260925P00731000
SPY,2026-09-21,761.6900024414062,2026-09-25,P,732.0,0.0,0.0,0.3,449.0,0.0,0.062509375,False,2026-09-18 19:52:10+00:00,SPY260925P00732000
SPY,2026-09-21,761.6900024414062,2026-09-25,P,733.0,0.0,0.0,0.32,638.0,0.0,0.062509375,False,2026-09-18 19:52:10+00:00,SPY260925P00733000
SPY,2026-09-21,761.6900024414062,2026-09-25,P,734.0,0.0,0.0,0.31,523.0,0.0,0.062509375,False,2026-09-18 20:14:50+00:00,SPY260925P00734000
SPY,2026-09-21,761.6900024414062,2026-09-25,P,735.0,0.0,0.0,0.34,4376.0,0.0,0.062509375,False,2026-09-18 20:13:33+00:00,SPY260925P00735000
SPY,2026-09-21,761.6900024414062,2026-09-25,P,736.0,0.0,0.0,0.38,1756.0,0.0,0.062509375,False,2026-09-18 20:13:51+00:00,SPY260925P00736000
SPY,2026-09-21,761.6900024414062,2026-09-25,P,737.0,0.0,0.0,0.38,1573.0,0.0,0.062509375,False,2026-09-18 20:14:43+00:00,SPY260925P00737000
SPY,2026-09-21,761.6900024414062,2026-09-25,P,738.0,0.0,0.0,0.42,1839.0,0.0,0.062509375,False,2026-09-18 20:13:33+00:00,SPY260925P00738000
SPY,2026-09-21,761.6900024414062,2026-09-25,P,739.0,0.0,0.0,0.45,1081.0,0.0,0.062509375,False,2026-09-18 20:13:34+00:00,SPY260925P00739000
SPY,2026-09-21,761.6900024414062,2026-09-25,P,740.0,0.0,0.0,0.47,8641.0,0.0,0.062509375,False,2026-09-18 20:14:53+00:00,SPY260925P00740000
SPY,2026-09-21,761.6900024414062,2026-09-25,P,741.0,0.0,0.0,0.52,3011.0,0.0,0.062509375,False,2026-09-18 20:14:53+00:00,SPY260925P00741000
SPY,2026-09-21,761.6900024414062,2026-09-25,P,742.0,0.0,0.0,0.56,853.0,0.0,0.062509375,False,2026-09-18 20:13:33+00:00,SPY260925P00742000
SPY,2026-09-21,761.6900024414062,2026-09-25,P,743.0,0.0,0.0,0.61,1342.0,0.0,0.062509375,False,2026-09-18 20:13:33+00:00,SPY260925P00743000
SPY,2026-09-21,761.6900024414062,2026-09-25,P,744.0,0.0,0.0,0.66,1454.0,0.0,0.062509375,False,2026-09-18 20:13:33+00:00,SPY260925P00744000
SPY,2026-09-21,761.6900024414062,2026-09-25,P,745.0,0.0,0.0,0.72,18233.0,0.0,0.0312596875,False,2026-09-18 20:14:52+00:00,SPY260925P00745000
SPY,2026-09-21,761.6900024414062,2026-09-25,P,746.0,0.0,0.0,0.77,4511.0,0.0,0.0312596875,False,2026-09-18 20:14:48+00:00,SPY260925P00746000
SPY,2026-09-21,761.6900024414062,2026-09-25,P,747.0,0.0,0.0,0.84,1899.0,0.0,0.0312596875,False,2026-09-18 20:13:34+00:00,SPY260925P00747000
SPY,2026-09-21,761.6900024414062,2026-09-25,P,748.0,0.0,0.0,0.92,1660.0,0.0,0.0312596875,False,2026-09-18 20:13:34+00:00,SPY260925P00748000
SPY,2026-09-21,761.6900024414062,2026-09-25,P,749.0,0.0,0.0,1.0,1650.0,0.0,0.0312596875,False,2026-09-18 20:13:34+00:00,SPY260925P00749000
SPY,2026-09-21,761.6900024414062,2026-09-25,P,750.0,0.0,0.0,1.1,20685.0,0.0,0.0312596875,False,2026-09-18 20:14:58+00:00,SPY260925P00750000
SPY,2026-09-21,761.6900024414062,2026-09-25,P,751.0,0.0,0.0,1.2,2244.0,0.0,0.0312596875,False,2026-09-18 20:13:33+00:00,SPY260925P00751000
SPY,2026-09-21,761.6900024414062,2026-09-25,P,752.0,0.0,0.0,1.32,2265.0,0.0,0.0312596875,False,2026-09-18 20:13:34+00:00,SPY260925P00752000
SPY,2026-09-21,761.6900024414062,2026-09-25,P,753.0,0.0,0.0,1.49,2121.0,0.0,0.0312596875,False,2026-09-18 20:14:11+00:00,SPY260925P00753000
SPY,2026-09-21,761.6900024414062,2026-09-25,P,754.0,0.0,0.0,1.62,1106.0,0.0,0.015634843750000002,False,2026-09-18 20:14:34+00:00,SPY260925P00754000
SPY,2026-09-21,761.6900024414062,2026-09-25,P,755.0,0.0,0.0,1.78,18291.0,0.0,0.015634843750000002,False,2026-09-18 20:14:53+00:00,SPY260925P00755000
SPY,2026-09-21,761.6900024414062,2026-09-25,P,756.0,0.0,0.0,1.95,1280.0,0.0,0.015634843750000002,False,2026-09-18 20:13:33+00:00,SPY260925P00756000
SPY,2026-09-21,761.6900024414062,2026-09-25,P,757.0,0.0,0.0,2.2,1973.0,0.0,0.015634843750000002,False,2026-09-18 20:14:57+00:00,SPY260925P00757000
SPY,2026-09-21,761.6900024414062,2026-09-25,P,758.0,0.0,0.0,2.39,4727.0,0.0,0.007822421875,False,2026-09-18 20:14:35+00:00,SPY260925P00758000
SPY,2026-09-21,761.6900024414062,2026-09-25,P,759.0,0.0,0.0,2.67,3312.0,0.0,0.007822421875,False,2026-09-18 20:14:37+00:00,SPY260925P00759000
SPY,2026-09-21,761.6900024414062,2026-09-25,P,760.0,0.0,0.0,2.99,14143.0,0.0,0.0039162109375,False,2026-09-18 20:14:55+00:00,SPY260925P00760000
SPY,2026-09-21,761.6900024414062,2026-09-25,P,761.0,0.0,0.0,3.29,2857.0,0.0,0.00196310546875,False,2026-09-18 20:14:52+00:00,SPY260925P00761000
SPY,2026-09-21,761.6900024414062,2026-09-25,P,762.0,0.0,0.0,3.65,5167.0,0.0,1.0000000000000003e-05,True,2026-09-18 20:14:34+00:00,SPY260925P00762000
SPY,2026-09-21,761.6900024414062,2026-09-25,P,763.0,0.0,0.0,4.0,1570.0,0.0,1.0000000000000003e-05,True,2026-09-18 20:14:37+00:00,SPY260925P00763000
SPY,2026-09-21,761.6900024414062,2026-09-25,P,764.0,0.0,0.0,4.48,1306.0,0.0,1.0000000000000003e-05,True,2026-09-18 20:13:13+00:00,SPY260925P00764000
SPY,2026-09-21,761.6900024414062,2026-09-25,P,765.0,0.0,0.0,5.0,2235.0,0.0,1.0000000000000003e-05,True,2026-09-18 20:14:55+00:00,SPY260925P00765000
SPY,2026-09-21,761.6900024414062,2026-09-25,P,766.0,0.0,0.0,5.43,591.0,0.0,1.0000000000000003e-05,True,2026-09-18 20:12:34+00:00,SPY260925P00766000
SPY,2026-09-21,761.6900024414062,2026-09-25,P,767.0,0.0,0.0,5.98,813.0,0.0,1.0000000000000003e-05,True,2026-09-18 20:12:19+00:00,SPY260925P00767000
SPY,2026-09-21,761.6900024414062,2026-09-25,P,768.0,0.0,0.0,7.02,1264.0,0.0,1.0000000000000003e-05,True,2026-09-18 20:04:50+00:00,SPY260925P00768000
SPY,2026-09-21,761.6900024414062,2026-09-25,P,769.0,0.0,0.0,7.69,2175.0,0.0,1.0000000000000003e-05,True,2026-09-18 20:04:50+00:00,SPY260925P00769000
SPY,2026-09-21,761.6900024414062,2026-09-25,P,770.0,0.0,0.0,7.95,2126.0,0.0,1.0000000000000003e-05,True,2026-09-18 20:11:45+00:00,SPY260925P00770000
SPY,2026-09-21,761.6900024414062,2026-09-25,P,771.0,0.0,0.0,9.82,569.0,0.0,1.0000000000000003e-05,True,2026-09-18 19:58:54+00:00,SPY260925P00771000
SPY,2026-09-21,761.6900024414062,2026-09-25,P,772.0,0.0,0.0,10.19,68.0,0.0,1.0000000000000003e-05,True,2026-09-18 20:01:12+00:00,SPY260925P00772000
SPY,2026-09-21,761.6900024414062,2026-09-25,P,773.0,0.0,0.0,12.37,27.0,0.0,1.0000000000000003e-05,True,2026-09-18 19:33:46+00:00,SPY260925P00773000
SPY,2026-09-21,761.6900024414062,2026-09-25,P,774.0,0.0,0.0,12.57,55.0,0.0,1.0000000000000003e-05,True,2026-09-18 19:59:05+00:00,SPY260925P00774000
SPY,2026-09-21,761.6900024414062,2026-09-25,P,775.0,0.0,0.0,13.25,100.0,0.0,1.0000000000000003e-05,True,2026-09-18 19:57:30+00:00,SPY260925P00775000
SPY,2026-09-21,761.6900024414062,2026-09-25,P,776.0,0.0,0.0,16.21,6.0,0.0,1.0000000000000003e-05,True,2026-09-18 18:16:26+00:00,SPY260925P00776000
SPY,2026-09-21,761.6900024414062,2026-09-25,P,777.0,0.0,0.0,18.7,2.0,0.0,1.0000000000000003e-05,True,2026-09-17 14:08:27+00:00,SPY260925P00777000
SPY,2026-09-21,761.6900024414062,2026-09-25,P,778.0,0.0,0.0,19.43,5.0,0.0,1.0000000000000003e-05,True,2026-09-18 16:23:46+00:00,SPY260925P00778000
SPY,2026-09-21,761.6900024414062,2026-09-25,P,779.0,0.0,0.0,19.74,3.0,0.0,1.0000000000000003e-05,True,2026-09-18 16:17:59+00:00,SPY260925P00779000
SPY,2026-09-21,761.6900024414062,2026-09-25,P,780.0,0.0,0.0,20.16,11.0,0.0,1.0000000000000003e-05,True,2026-09-18 17:41:29+00:00,SPY260925P00780000
SPY,2026-09-21,761.6900024414062,2026-09-25,P,781.0,0.0,0.0,23.16,1.0,0.0,1.0000000000000003e-05,True,2026-09-16 14:38:13+00:00,SPY260925P00781000
SPY,2026-09-21,761.6900024414062,2026-09-25,P,782.0,0.0,0.0,23.2,2.0,0.0,1.0000000000000003e-05,True,2026-09-18 16:00:33+00:00,SPY260925P00782000
SPY,2026-09-21,761.6900024414062,2026-09-25,P,783.0,0.0,0.0,24.0,1.0,0.0,1.0000000000000003e-05,True,2026-09-18 14:03:46+00:00,SPY260925P00783000
SPY,2026-09-21,761.6900024414062,2026-09-25,P,784.0,0.0,0.0,23.21,1.0,0.0,1.0000000000000003e-05,True,2026-09-18 19:35:47+00:00,SPY260925P00784000
SPY,2026-09-21,761.6900024414062,2026-09-25,P,785.0,0.0,0.0,27.25,3.0,0.0,1.0000000000000003e-05,True,2026-09-16 14:38:32+00:00,SPY260925P00785000
SPY,2026-09-21,761.6900024414062,2026-09-25,P,786.0,0.0,0.0,22.6,32.0,0.0,1.0000000000000003e-05,True,2026-08-31 18:43:30+00:00,SPY260925P00786000
SPY,2026-09-21,761.6900024414062,2026-09-25,P,787.0,0.0,0.0,21.88,2.0,0.0,1.0000000000000003e-05,True,2026-09-08 14:51:05+00:00,SPY260925P00787000
SPY,2026-09-21,761.6900024414062,2026-09-25,P,788.0,0.0,0.0,28.77,20.0,0.0,1.0000000000000003e-05,True,2026-09-16 15:27:56+00:00,SPY260925P00788000
SPY,2026-09-21,761.6900024414062,2026-09-25,P,789.0,0.0,0.0,23.12,10.0,0.0,1.0000000000000003e-05,True,2026-09-08 13:41:18+00:00,SPY260925P00789000
SPY,2026-09-21,761.6900024414062,2026-09-25,P,790.0,0.0,0.0,31.2,2.0,0.0,1.0000000000000003e-05,True,2026-09-10 15:38:15+00:00,SPY260925P00790000
SPY,2026-09-21,761.6900024414062,2026-09-25,P,791.0,0.0,0.0,33.41,1.0,0.0,1.0000000000000003e-05,True,2026-09-14 13:42:15+00:00,SPY260925P00791000
SPY,2026-09-21,761.6900024414062,2026-09-25,P,793.0,0.0,0.0,22.6,28.0,0.0,1.0000000000000003e-05,True,2026-08-28 15:48:15+00:00,SPY260925P00793000
SPY,2026-09-21,761.6900024414062,2026-09-25,P,794.0,0.0,0.0,22.42,20.0,0.0,1.0000000000000003e-05,True,2026-08-28 15:40:29+00:00,SPY260925P00794000
SPY,2026-09-21,761.6900024414062,2026-09-25,P,795.0,0.0,0.0,35.25,5.0,0.0,1.0000000000000003e-05,True,2026-09-18 17:58:29+00:00,SPY260925P00795000
SPY,2026-09-21,761.6900024414062,2026-09-25,P,796.0,0.0,0.0,36.57,4.0,0.0,1.0000000000000003e-05,True,2026-09-18 19:52:13+00:00,SPY260925P00796000
SPY,2026-09-21,761.6900024414062,2026-09-25,P,798.0,0.0,0.0,33.1,1.0,0.0,1.0000000000000003e-05,True,2026-08-31 15:58:35+00:00,SPY260925P00798000
SPY,2026-09-21,761.6900024414062,2026-09-25,P,800.0,0.0,0.0,39.5,1.0,0.0,1.0000000000000003e-05,True,2026-09-18 18:44:55+00:00,SPY260925P00800000
SPY,2026-09-21,761.6900024414062,2026-09-25,P,805.0,0.0,0.0,43.64,,0.0,1.0000000000000003e-05,True,2026-09-01 17:10:15+00:00,SPY260925P00805000
SPY,2026-09-21,761.6900024414062,2026-09-25,P,807.0,0.0,0.0,42.55,2.0,0.0,1.0000000000000003e-05,True,2026-08-24 14:03:00+00:00,SPY260925P00807000
SPY,2026-09-21,761.6900024414062,2026-09-25,P,810.0,0.0,0.0,35.4,19.0,0.0,1.0000000000000003e-05,True,2026-08-17 15:45:22+00:00,SPY260925P00810000
SPY,2026-09-21,761.6900024414062,2026-09-25,P,811.0,0.0,0.0,50.2,2.0,0.0,1.0000000000000003e-05,True,2026-09-01 18:37:09+00:00,SPY260925P00811000
SPY,2026-09-21,761.6900024414062,2026-09-25,P,820.0,0.0,0.0,64.53,,0.0,1.0000000000000003e-05,True,2026-09-16 18:51:39+00:00,SPY260925P00820000
SPY,2026-09-21,761.6900024414062,2026-09-25,P,823.0,0.0,0.0,46.77,,0.0,1.0000000000000003e-05,True,2026-08-14 20:01:38+00:00,SPY260925P00823000
SPY,2026-09-21,761.6900024414062,2026-09-25,P,824.0,0.0,0.0,51.8,2.0,0.0,1.0000000000000003e-05,True,2026-08-07 17:11:09+00:00,SPY260925P00824000
SPY,2026-09-21,761.6900024414062,2026-09-25,P,825.0,0.0,0.0,63.76,1.0,0.0,1.0000000000000003e-05,True,2026-09-18 18:58:22+00:00,SPY260925P00825000
SPY,2026-09-21,761.6900024414062,2026-09-25,P,850.0,0.0,0.0,94.68,,0.0,1.0000000000000003e-05,True,2026-09-15 14:58:43+00:00,SPY260925P00850000
SPY,2026-09-21,761.6900024414062,2026-09-25,P,855.0,0.0,0.0,78.1,,0.0,1.0000000000000003e-05,True,2026-08-13 16:02:04+00:00,SPY260925P00855000
SPY,2026-09-21,761.6900024414062,2026-09-25,P,865.0,0.0,0.0,94.35,,0.0,1.0000000000000003e-05,True,2026-08-11 19:46:58+00:00,SPY260925P00865000
SPY,2026-09-21,761.6900024414062,2026-09-25,P,870.0,0.0,0.0,99.33,,0.0,1.0000000000000003e-05,True,2026-08-11 19:46:58+00:00,SPY260925P00870000
SPY,2026-09-21,761.6900024414062,2026-09-28,C,605.0,0.0,0.0,153.4,,0.0,1.0000000000000003e-05,True,2026-09-16 18:41:23+00:00,SPY260928C00605000
SPY,2026-09-21,761.6900024414062,2026-09-28,C,610.0,0.0,0.0,148.38,,0.0,1.0000000000000003e-05,True,2026-09-16 18:41:22+00:00,SPY260928C00610000
SPY,2026-09-21,761.6900024414062,2026-09-28,C,615.0,0.0,0.0,143.38,,0.0,1.0000000000000003e-05,True,2026-09-16 18:41:22+00:00,SPY260928C00615000
SPY,2026-09-21,761.6900024414062,2026-09-28,C,620.0,0.0,0.0,138.38,,0.0,1.0000000000000003e-05,True,2026-09-16 18:41:22+00:00,SPY260928C00620000
SPY,2026-09-21,761.6900024414062,2026-09-28,C,645.0,0.0,0.0,112.44,,0.0,1.0000000000000003e-05,True,2026-09-15 18:41:38+00:00,SPY260928C00645000
SPY,2026-09-21,761.6900024414062,2026-09-28,C,665.0,0.0,0.0,94.45,,0.0,1.0000000000000003e-05,True,2026-09-16 13:33:43+00:00,SPY260928C00665000
SPY,2026-09-21,761.6900024414062,2026-09-28,C,670.0,0.0,0.0,89.46,,0.0,1.0000000000000003e-05,True,2026-09-16 13:33:43+00:00,SPY260928C00670000
SPY,2026-09-21,761.6900024414062,2026-09-28,C,675.0,0.0,0.0,84.44,,0.0,1.0000000000000003e-05,True,2026-09-16 13:33:43+00:00,SPY260928C00675000
SPY,2026-09-21,761.6900024414062,2026-09-28,C,680.0,0.0,0.0,79.46,,0.0,1.0000000000000003e-05,True,2026-09-16 13:33:43+00:00,SPY260928C00680000
SPY,2026-09-21,761.6900024414062,2026-09-28,C,685.0,0.0,0.0,77.24,,0.0,1.0000000000000003e-05,True,2026-09-17 16:50:20+00:00,SPY260928C00685000
SPY,2026-09-21,761.6900024414062,2026-09-28,C,690.0,0.0,0.0,69.5,,0.0,1.0000000000000003e-05,True,2026-09-16 13:33:42+00:00,SPY260928C00690000
SPY,2026-09-21,761.6900024414062,2026-09-28,C,695.0,0.0,0.0,64.52,,0.0,1.0000000000000003e-05,True,2026-09-16 13:33:42+00:00,SPY260928C00695000
SPY,2026-09-21,761.6900024414062,2026-09-28,C,700.0,0.0,0.0,63.14,,0.0,1.0000000000000003e-05,True,2026-09-17 19:44:49+00:00,SPY260928C00700000
SPY,2026-09-21,761.6900024414062,2026-09-28,C,705.0,0.0,0.0,57.38,,0.0,1.0000000000000003e-05,True,2026-09-17 15:54:53+00:00,SPY260928C00705000
SPY,2026-09-21,761.6900024414062,2026-09-28,C,710.0,0.0,0.0,43.55,,0.0,1.0000000000000003e-05,True,2026-09-16 19:47:41+00:00,SPY260928C00710000
SPY,2026-09-21,761.6900024414062,2026-09-28,C,715.0,0.0,0.0,43.46,,0.0,1.0000000000000003e-05,True,2026-09-16 18:41:17+00:00,SPY260928C00715000
SPY,2026-09-21,761.6900024414062,2026-09-28,C,718.0,0.0,0.0,33.76,,0.0,1.0000000000000003e-05,True,2026-09-16 19:20:45+00:00,SPY260928C00718000
SPY,2026-09-21,761.6900024414062,2026-09-28,C,719.0,0.0,0.0,35.09,,0.0,1.0000000000000003e-05,True,2026-09-16 19:50:07+00:00,SPY260928C00719000
SPY,2026-09-21,761.6900024414062,2026-09-28,C,720.0,0.0,0.0,32.33,,0.0,1.0000000000000003e-05,True,2026-09-16 19:30:12+00:00,SPY260928C00720000
SPY,2026-09-21,761.6900024414062,2026-09-28,C,721.0,0.0,0.0,37.63,,0.0,1.0000000000000003e-05,True,2026-09-16 18:41:16+00:00,SPY260928C00721000
SPY,2026-09-21,761.6900024414062,2026-09-28,C,722.0,0.0,0.0,36.66,,0.0,1.0000000000000003e-05,True,2026-09-16 18:41:16+00:00,SPY260928C00722000
SPY,2026-09-21,761.6900024414062,2026-09-28,C,723.0,0.0,0.0,30.36,,0.0,1.0000000000000003e-05,True,2026-09-16 19:45:28+00:00,SPY260928C00723000
SPY,2026-09-21,761.6900024414062,2026-09-28,C,724.0,0.0,0.0,30.71,,0.0,1.0000000000000003e-05,True,2026-09-16 19:51:18+00:00,SPY260928C00724000
SPY,2026-09-21,761.6900024414062,2026-09-28,C,725.0,0.0,0.0,29.71,,0.0,1.0000000000000003e-05,True,2026-09-16 19:59:20+00:00,SPY260928C00725000
SPY,2026-09-21,761.6900024414062,2026-09-28,C,726.0,0.0,0.0,36.51,,0.0,1.0000000000000003e-05,True,2026-09-17 16:59:57+00:00,SPY260928C00726000
SPY,2026-09-21,761.6900024414062,2026-09-28,C,727.0,0.0,0.0,34.84,,0.0,1.0000000000000003e-05,True,2026-09-17 13:34:40+00:00,SPY260928C00727000
SPY,2026-09-21,761.6900024414062,2026-09-28,C,728.0,0.0,0.0,26.18,,0.0,1.0000000000000003e-05,True,2026-09-16 19:46:00+00:00,SPY260928C00728000
SPY,2026-09-21,761.6900024414062,2026-09-28,C,729.0,0.0,0.0,26.06,,0.0,1.0000000000000003e-05,True,2026-09-16 19:58:02+00:00,SPY260928C00729000
SPY,2026-09-21,761.6900024414062,2026-09-28,C,730.0,0.0,0.0,31.49,3.0,0.0,1.0000000000000003e-05,True,2026-09-18 18:43:43+00:00,SPY260928C00730000
SPY,2026-09-21,761.6900024414062,2026-09-28,C,731.0,0.0,0.0,29.88,,0.0,1.0000000000000003e-05,True,2026-09-17 15:08:27+00:00,SPY260928C00731000
SPY,2026-09-21,761.6900024414062,2026-09-28,C,732.0,0.0,0.0,28.98,,0.0,1.0000000000000003e-05,True,2026-09-17 13:42:14+00:00,SPY260928C00732000
SPY,2026-09-21,761.6900024414062,2026-09-28,C,733.0,0.0,0.0,26.88,4.0,0.0,1.0000000000000003e-05,True,2026-09-18 16:36:07+00:00,SPY260928C00733000
SPY,2026-09-21,761.6900024414062,2026-09-28,C,734.0,0.0,0.0,27.67,,0.0,1.0000000000000003e-05,True,2026-09-17 13:35:14+00:00,SPY260928C00734000
SPY,2026-09-21,761.6900024414062,2026-09-28,C,735.0,0.0,0.0,27.4,2.0,0.0,1.0000000000000003e-05,True,2026-09-18 13:42:40+00:00,SPY260928C00735000
SPY,2026-09-21,761.6900024414062,2026-09-28,C,736.0,0.0,0.0,24.53,8.0,0.0,1.0000000000000003e-05,True,2026-09-18 16:51:15+00:00,SPY260928C00736000
SPY,2026-09-21,761.6900024414062,2026-09-28,C,737.0,0.0,0.0,24.04,50.0,0.0,1.0000000000000003e-05,True,2026-09-18 17:42:18+00:00,SPY260928C00737000
SPY,2026-09-21,761.6900024414062,2026-09-28,C,738.0,0.0,0.0,23.09,80.0,0.0,1.0000000000000003e-05,True,2026-09-18 17:42:18+00:00,SPY260928C00738000
SPY,2026-09-21,761.6900024414062,2026-09-28,C,739.0,0.0,0.0,24.1,54.0,0.0,1.0000000000000003e-05,True,2026-09-18 19:56:29+00:00,SPY260928C00739000
SPY,2026-09-21,761.6900024414062,2026-09-28,C,740.0,0.0,0.0,23.48,52.0,0.0,1.0000000000000003e-05,True,2026-09-18 20:03:54+00:00,SPY260928C00740000
SPY,2026-09-21,761.6900024414062,2026-09-28,C,741.0,0.0,0.0,22.53,32.0,0.0,1.0000000000000003e-05,True,2026-09-18 20:03:54+00:00,SPY260928C00741000
SPY,2026-09-21,761.6900024414062,2026-09-28,C,742.0,0.0,0.0,20.34,6.0,0.0,1.0000000000000003e-05,True,2026-09-18 19:34:32+00:00,SPY260928C00742000
SPY,2026-09-21,761.6900024414062,2026-09-28,C,743.0,0.0,0.0,19.57,18.0,0.0,1.0000000000000003e-05,True,2026-09-18 19:37:09+00:00,SPY260928C00743000
SPY,2026-09-21,761.6900024414062,2026-09-28,C,744.0,0.0,0.0,18.2,2.0,0.0,1.0000000000000003e-05,True,2026-09-18 18:36:33+00:00,SPY260928C00744000
SPY,2026-09-21,761.6900024414062,2026-09-28,C,745.0,0.0,0.0,16.33,44.0,0.0,1.0000000000000003e-05,True,2026-09-18 15:44:25+00:00,SPY260928C00745000
SPY,2026-09-21,761.6900024414062,2026-09-28,C,746.0,0.0,0.0,12.14,,0.0,1.0000000000000003e-05,True,2026-09-16 19:56:27+00:00,SPY260928C00746000
SPY,2026-09-21,761.6900024414062,2026-09-28,C,747.0,0.0,0.0,15.86,16.0,0.0,1.0000000000000003e-05,True,2026-09-18 19:32:03+00:00,SPY260928C00747000
SPY,2026-09-21,761.6900024414062,2026-09-28,C,748.0,0.0,0.0,15.8,,0.0,1.0000000000000003e-05,True,2026-09-17 16:30:53+00:00,SPY260928C00748000
SPY,2026-09-21,761.6900024414062,2026-09-28,C,749.0,0.0,0.0,15.05,52.0,0.0,1.0000000000000003e-05,True,2026-09-18 19:57:56+00:00,SPY260928C00749000
SPY,2026-09-21,761.6900024414062,2026-09-28,C,750.0,0.0,0.0,13.68,25.0,0.0,1.0000000000000003e-05,True,2026-09-18 19:04:11+00:00,SPY260928C00750000
SPY,2026-09-21,761.6900024414062,2026-09-28,C,751.0,0.0,0.0,12.73,7.0,0.0,1.0000000000000003e-05,True,2026-09-18 19:04:02+00:00,SPY260928C00751000
SPY,2026-09-21,761.6900024414062,2026-09-28,C,752.0,0.0,0.0,13.23,32.0,0.0,1.0000000000000003e-05,True,2026-09-18 20:10:30+00:00,SPY260928C00752000
SPY,2026-09-21,761.6900024414062,2026-09-28,C,753.0,0.0,0.0,9.47,26.0,0.0,1.0000000000000003e-05,True,2026-09-18 16:00:56+00:00,SPY260928C00753000
SPY,2026-09-21,761.6900024414062,2026-09-28,C,754.0,0.0,0.0,11.6,152.0,0.0,1.0000000000000003e-05,True,2026-09-18 20:14:05+00:00,SPY260928C00754000
SPY,2026-09-21,761.6900024414062,2026-09-28,C,755.0,0.0,0.0,10.6,159.0,0.0,1.0000000000000003e-05,True,2026-09-18 20:10:18+00:00,SPY260928C00755000
SPY,2026-09-21,761.6900024414062,2026-09-28,C,756.0,0.0,0.0,8.7,54.0,0.0,1.0000000000000003e-05,True,2026-09-18 19:18:03+00:00,SPY260928C00756000
SPY,2026-09-21,761.6900024414062,2026-09-28,C,757.0,0.0,0.0,9.2,51.0,0.0,1.0000000000000003e-05,True,2026-09-18 20:10:30+00:00,SPY260928C00757000
SPY,2026-09-21,761.6900024414062,2026-09-28,C,758.0,0.0,0.0,7.2,42.0,0.0,1.0000000000000003e-05,True,2026-09-18 19:41:19+00:00,SPY260928C00758000
SPY,2026-09-21,761.6900024414062,2026-09-28,C,759.0,0.0,0.0,7.79,424.0,0.0,1.0000000000000003e-05,True,2026-09-18 20:12:02+00:00,SPY260928C00759000
SPY,2026-09-21,761.6900024414062,2026-09-28,C,760.0,0.0,0.0,6.95,1056.0,0.0,1.0000000000000003e-05,True,2026-09-18 20:14:53+00:00,SPY260928C00760000
SPY,2026-09-21,761.6900024414062,2026-09-28,C,761.0,0.0,0.0,5.99,668.0,0.0,1.0000000000000003e-05,True,2026-09-18 20:05:14+00:00,SPY260928C00761000
SPY,2026-09-21,761.6900024414062,2026-09-28,C,762.0,0.0,0.0,5.85,301.0,0.0,0.000986552734375,False,2026-09-18 20:13:28+00:00,SPY260928C00762000
SPY,2026-09-21,761.6900024414062,2026-09-28,C,763.0,0.0,0.0,5.1,293.0,0.0,0.0039162109375,False,2026-09-18 20:11:29+00:00,SPY260928C00763000
SPY,2026-09-21,761.6900024414062,2026-09-28,C,764.0,0.0,0.0,4.42,401.0,0.0,0.0039162109375,False,2026-09-18 20:14:10+00:00,SPY260928C00764000
SPY,2026-09-21,761.6900024414062,2026-09-28,C,765.0,0.0,0.0,3.96,538.0,0.0,0.007822421875,False,2026-09-18 20:14:47+00:00,SPY260928C00765000
SPY,2026-09-21,761.6900024414062,2026-09-28,C,766.0,0.0,0.0,3.49,218.0,0.0,0.007822421875,False,2026-09-18 20:13:24+00:00,SPY260928C00766000
SPY,2026-09-21,761.6900024414062,2026-09-28,C,767.0,0.0,0.0,3.0,434.0,0.0,0.015634843750000002,False,2026-09-18 20:12:35+00:00,SPY260928C00767000
SPY,2026-09-21,761.6900024414062,2026-09-28,C,768.0,0.0,0.0,2.59,350.0,0.0,0.015634843750000002,False,2026-09-18 20:13:10+00:00,SPY260928C00768000
SPY,2026-09-21,761.6900024414062,2026-09-28,C,769.0,0.0,0.0,2.14,281.0,0.0,0.015634843750000002,False,2026-09-18 20:10:44+00:00,SPY260928C00769000
SPY,2026-09-21,761.6900024414062,2026-09-28,C,770.0,0.0,0.0,1.8,1517.0,0.0,0.015634843750000002,False,2026-09-18 20:14:57+00:00,SPY260928C00770000
SPY,2026-09-21,761.6900024414062,2026-09-28,C,771.0,0.0,0.0,1.54,108.0,0.0,0.015634843750000002,False,2026-09-18 20:13:54+00:00,SPY260928C00771000
SPY,2026-09-21,761.6900024414062,2026-09-28,C,772.0,0.0,0.0,1.28,376.0,0.0,0.015634843750000002,False,2026-09-18 20:12:32+00:00,SPY260928C00772000
SPY,2026-09-21,761.6900024414062,2026-09-28,C,773.0,0.0,0.0,1.03,443.0,0.0,0.0312596875,False,2026-09-18 20:14:01+00:00,SPY260928C00773000
SPY,2026-09-21,761.6900024414062,2026-09-28,C,774.0,0.0,0.0,0.85,157.0,0.0,0.0312596875,False,2026-09-18 20:12:35+00:00,SPY260928C00774000
SPY,2026-09-21,761.6900024414062,2026-09-28,C,775.0,0.0,0.0,0.69,908.0,0.0,0.0312596875,False,2026-09-18 20:12:35+00:00,SPY260928C00775000
SPY,2026-09-21,761.6900024414062,2026-09-28,C,776.0,0.0,0.0,0.5,1947.0,0.0,0.0312596875,False,2026-09-18 20:07:29+00:00,SPY260928C00776000
SPY,2026-09-21,761.6900024414062,2026-09-28,C,777.0,0.0,0.0,0.35,1681.0,0.0,0.0312596875,False,2026-09-18 20:01:22+00:00,SPY260928C00777000
SPY,2026-09-21,761.6900024414062,2026-09-28,C,778.0,0.0,0.0,0.18,895.0,0.0,0.0312596875,False,2026-09-18 19:36:44+00:00,SPY260928C00778000
SPY,2026-09-21,761.6900024414062,2026-09-28,C,779.0,0.0,0.0,0.19,751.0,0.0,0.0312596875,False,2026-09-18 20:00:52+00:00,SPY260928C00779000
SPY,2026-09-21,761.6900024414062,2026-09-28,C,780.0,0.0,0.0,0.19,38854.0,0.0,0.0312596875,False,2026-09-18 20:13:59+00:00,SPY260928C00780000
SPY,2026-09-21,761.6900024414062,2026-09-28,C,781.0,0.0,0.0,0.12,348.0,0.0,0.0312596875,False,2026-09-18 20:01:02+00:00,SPY260928C00781000
SPY,2026-09-21,761.6900024414062,2026-09-28,C,782.0,0.0,0.0,0.13,68.0,0.0,0.0312596875,False,2026-09-18 20:13:37+00:00,SPY260928C00782000
SPY,2026-09-21,761.6900024414062,2026-09-28,C,783.0,0.0,0.0,0.09,436.0,0.0,0.0312596875,False,2026-09-18 20:08:38+00:00,SPY260928C00783000
SPY,2026-09-21,761.6900024414062,2026-09-28,C,784.0,0.0,0.0,0.07,117.0,0.0,0.0312596875,False,2026-09-18 20:10:34+00:00,SPY260928C00784000
SPY,2026-09-21,761.6900024414062,2026-09-28,C,785.0,0.0,0.0,0.05,133.0,0.0,0.0312596875,False,2026-09-18 20:02:36+00:00,SPY260928C00785000
SPY,2026-09-21,761.6900024414062,2026-09-28,C,786.0,0.0,0.0,0.04,141.0,0.0,0.062509375,False,2026-09-18 19:58:14+00:00,SPY260928C00786000
SPY,2026-09-21,761.6900024414062,2026-09-28,C,787.0,0.0,0.0,0.04,250.0,0.0,0.062509375,False,2026-09-18 19:15:50+00:00,SPY260928C00787000
SPY,2026-09-21,761.6900024414062,2026-09-28,C,788.0,0.0,0.0,0.03,202.0,0.0,0.062509375,False,2026-09-18 19:46:29+00:00,SPY260928C00788000
SPY,2026-09-21,761.6900024414062,2026-09-28,C,789.0,0.0,0.0,0.03,116.0,0.0,0.062509375,False,2026-09-18 19:20:17+00:00,SPY260928C00789000
SPY,2026-09-21,761.6900024414062,2026-09-28,C,790.0,0.0,0.0,0.02,68.0,0.0,0.062509375,False,2026-09-18 19:57:57+00:00,SPY260928C00790000
SPY,2026-09-21,761.6900024414062,2026-09-28,C,791.0,0.0,0.0,0.02,1.0,0.0,0.062509375,False,2026-09-18 15:58:21+00:00,SPY260928C00791000
SPY,2026-09-21,761.6900024414062,2026-09-28,C,792.0,0.0,0.0,0.06,,0.0,0.062509375,False,2026-09-16 18:40:53+00:00,SPY260928C00792000
SPY,2026-09-21,761.6900024414062,2026-09-28,C,793.0,0.0,0.0,0.03,2.0,0.0,0.062509375,False,2026-09-18 13:33:06+00:00,SPY260928C00793000
SPY,2026-09-21,761.6900024414062,2026-09-28,C,794.0,0.0,0.0,0.03,186.0,0.0,0.062509375,False,2026-09-18 13:53:16+00:00,SPY260928C00794000
SPY,2026-09-21,761.6900024414062,2026-09-28,C,795.0,0.0,0.0,0.03,413.0,0.0,0.062509375,False,2026-09-18 13:55:35+00:00,SPY260928C00795000
SPY,2026-09-21,761.6900024414062,2026-09-28,C,796.0,0.0,0.0,0.04,,0.0,0.062509375,False,2026-09-16 19:43:09+00:00,SPY260928C00796000
SPY,2026-09-21,761.6900024414062,2026-09-28,C,797.0,0.0,0.0,0.05,,0.0,0.062509375,False,2026-09-15 16:45:04+00:00,SPY260928C00797000
SPY,2026-09-21,761.6900024414062,2026-09-28,C,798.0,0.0,0.0,0.03,,0.0,0.062509375,False,2026-09-17 13:38:18+00:00,SPY260928C00798000
SPY,2026-09-21,761.6900024414062,2026-09-28,C,800.0,0.0,0.0,0.01,31.0,0.0,0.062509375,False,2026-09-18 20:13:10+00:00,SPY260928C00800000
SPY,2026-09-21,761.6900024414062,2026-09-28,C,801.0,0.0,0.0,0.04,,0.0,0.062509375,False,2026-09-16 19:54:47+00:00,SPY260928C00801000
SPY,2026-09-21,761.6900024414062,2026-09-28,C,802.0,0.0,0.0,0.04,,0.0,0.062509375,False,2026-09-15 16:05:46+00:00,SPY260928C00802000
SPY,2026-09-21,761.6900024414062,2026-09-28,C,803.0,0.0,0.0,0.03,,0.0,0.062509375,False,2026-09-17 18:39:39+00:00,SPY260928C00803000
SPY,2026-09-21,761.6900024414062,2026-09-28,C,804.0,0.0,0.0,0.03,,0.0,0.062509375,False,2026-09-17 18:39:43+00:00,SPY260928C00804000
SPY,2026-09-21,761.6900024414062,2026-09-28,C,805.0,0.0,0.0,0.02,18.0,0.0,0.062509375,False,2026-09-18 13:54:00+00:00,SPY260928C00805000
SPY,2026-09-21,761.6900024414062,2026-09-28,C,806.0,0.0,0.0,0.03,,0.0,0.062509375,False,2026-09-16 17:04:45+00:00,SPY260928C00806000
SPY,2026-09-21,761.6900024414062,2026-09-28,C,808.0,0.0,0.0,0.03,,0.0,0.062509375,False,2026-09-16 18:42:21+00:00,SPY260928C00808000
SPY,2026-09-21,761.6900024414062,2026-09-28,C,809.0,0.0,0.0,0.02,,0.0,0.062509375,False,2026-09-17 15:28:02+00:00,SPY260928C00809000
SPY,2026-09-21,761.6900024414062,2026-09-28,C,810.0,0.0,0.0,0.03,,0.0,0.062509375,False,2026-09-16 14:26:01+00:00,SPY260928C00810000
SPY,2026-09-21,761.6900024414062,2026-09-28,C,815.0,0.0,0.0,0.03,,0.0,0.12500875,False,2026-09-14 18:04:35+00:00,SPY260928C00815000
SPY,2026-09-21,761.6900024414062,2026-09-28,C,830.0,0.0,0.0,0.02,,0.0,0.12500875,False,2026-09-17 15:27:35+00:00,SPY260928C00830000
SPY,2026-09-21,761.6900024414062,2026-09-28,C,835.0,0.0,0.0,0.01,,0.0,0.12500875,False,2026-09-17 18:51:26+00:00,SPY260928C00835000
SPY,2026-09-21,761.6900024414062,2026-09-28,C,840.0,0.0,0.0,0.02,,0.0,0.12500875,False,2026-09-14 15:54:24+00:00,SPY260928C00840000
SPY,2026-09-21,761.6900024414062,2026-09-28,C,850.0,0.0,0.0,0.01,,0.0,0.12500875,False,2026-09-17 19:29:41+00:00,SPY260928C00850000
SPY,2026-09-21,761.6900024414062,2026-09-28,C,855.0,0.0,0.0,0.01,,0.0,0.12500875,False,2026-09-17 20:14:22+00:00,SPY260928C00855000
SPY,2026-09-21,761.6900024414062,2026-09-28,C,860.0,0.0,0.0,0.01,,0.0,0.12500875,False,2026-09-17 19:29:41+00:00,SPY260928C00860000
SPY,2026-09-21,761.6900024414062,2026-09-28,C,865.0,0.0,0.0,0.01,,0.0,0.12500875,False,2026-09-16 18:55:39+00:00,SPY260928C00865000
SPY,2026-09-21,761.6900024414062,2026-09-28,P,550.0,0.0,0.0,0.02,,0.0,0.500005,False,2026-09-17 18:21:18+00:00,SPY260928P00550000
SPY,2026-09-21,761.6900024414062,2026-09-28,P,555.0,0.0,0.0,0.01,230.0,0.0,0.500005,False,2026-09-18 20:05:13+00:00,SPY260928P00555000
SPY,2026-09-21,761.6900024414062,2026-09-28,P,560.0,0.0,0.0,0.01,20.0,0.0,0.500005,False,2026-09-18 13:45:06+00:00,SPY260928P00560000
SPY,2026-09-21,761.6900024414062,2026-09-28,P,565.0,0.0,0.0,0.01,60.0,0.0,0.500005,False,2026-09-18 15:39:27+00:00,SPY260928P00565000
SPY,2026-09-21,761.6900024414062,2026-09-28,P,570.0,0.0,0.0,0.05,,0.0,0.500005,False,2026-09-16 14:33:31+00:00,SPY260928P00570000
SPY,2026-09-21,761.6900024414062,2026-09-28,P,585.0,0.0,0.0,0.03,,0.0,0.2500075,False,2026-09-17 15:42:39+00:00,SPY260928P00585000
SPY,2026-09-21,761.6900024414062,2026-09-28,P,590.0,0.0,0.0,0.02,21.0,0.0,0.2500075,False,2026-09-18 18:44:46+00:00,SPY260928P00590000
SPY,2026-09-21,761.6900024414062,2026-09-28,P,595.0,0.0,0.0,0.02,130.0,0.0,0.2500075,False,2026-09-18 14:00:31+00:00,SPY260928P00595000
SPY,2026-09-21,761.6900024414062,2026-09-28,P,600.0,0.0,0.0,0.02,1.0,0.0,0.2500075,False,2026-09-18 13:49:15+00:00,SPY260928P00600000
SPY,2026-09-21,761.6900024414062,2026-09-28,P,610.0,0.0,0.0,0.14,,0.0,0.2500075,False,2026-09-16 19:24:56+00:00,SPY260928P00610000
SPY,2026-09-21,761.6900024414062,2026-09-28,P,615.0,0.0,0.0,0.02,10.0,0.0,0.2500075,False,2026-09-18 19:28:16+00:00,SPY260928P00615000
SPY,2026-09-21,761.6900024414062,2026-09-28,P,620.0,0.0,0.0,0.02,25.0,0.0,0.2500075,False,2026-09-18 19:35:23+00:00,SPY260928P00620000
SPY,2026-09-21,761.6900024414062,2026-09-28,P,625.0,0.0,0.0,0.03,25.0,0.0,0.2500075,False,2026-09-18 19:41:44+00:00,SPY260928P00625000
SPY,2026-09-21,761.6900024414062,2026-09-28,P,630.0,0.0,0.0,0.06,,0.0,0.2500075,False,2026-09-17 19:05:41+00:00,SPY260928P00630000
SPY,2026-09-21,761.6900024414062,2026-09-28,P,635.0,0.0,0.0,0.16,,0.0,0.2500075,False,2026-09-16 19:53:14+00:00,SPY260928P00635000
SPY,2026-09-21,761.6900024414062,2026-09-28,P,640.0,0.0,0.0,0.04,1.0,0.0,0.2500075,False,2026-09-18 14:56:43+00:00,SPY260928P00640000
SPY,2026-09-21,761.6900024414062,2026-09-28,P,645.0,0.0,0.0,0.08,,0.0,0.2500075,False,2026-09-17 14:29:45+00:00,SPY260928P00645000
SPY,2026-09-21,761.6900024414062,2026-09-28,P,650.0,0.0,0.0,0.06,2.0,0.0,0.2500075,False,2026-09-18 13:39:58+00:00,SPY260928P00650000
SPY,2026-09-21,761.6900024414062,2026-09-28,P,655.0,0.0,0.0,0.05,1.0,0.0,0.2500075,False,2026-09-18 13:49:58+00:00,SPY260928P00655000
SPY,2026-09-21,761.6900024414062,2026-09-28,P,660.0,0.0,0.0,0.28,,0.0,0.2500075,False,2026-09-15 16:03:39+00:00,SPY260928P00660000
SPY,2026-09-21,761.6900024414062,2026-09-28,P,665.0,0.0,0.0,0.07,4.0,0.0,0.2500075,False,2026-09-18 18:17:27+00:00,SPY260928P00665000
SPY,2026-09-21,761.6900024414062,2026-09-28,P,670.0,0.0,0.0,0.07,4.0,0.0,0.12500875,False,2026-09-18 19:39:28+00:00,SPY260928P00670000
SPY,2026-09-21,761.6900024414062,2026-09-28,P,675.0,0.0,0.0,0.31,,0.0,0.12500875,False,2026-09-16 20:09:09+00:00,SPY260928P00675000
SPY,2026-09-21,761.6900024414062,2026-09-28,P,680.0,0.0,0.0,0.15,,0.0,0.12500875,False,2026-09-17 18:21:35+00:00,SPY260928P00680000
SPY,2026-09-21,761.6900024414062,2026-09-28,P,685.0,0.0,0.0,0.1,20.0,0.0,0.12500875,False,2026-09-18 18:21:02+00:00,SPY260928P00685000
SPY,2026-09-21,761.6900024414062,2026-09-28,P,690.0,0.0,0.0,0.1,4.0,0.0,0.12500875,False,2026-09-18 20:14:15+00:00,SPY260928P00690000
SPY,2026-09-21,761.6900024414062,2026-09-28,P,695.0,0.0,0.0,0.15,1.0,0.0,0.12500875,False,2026-09-18 13:40:52+00:00,SPY260928P00695000
SPY,2026-09-21,761.6900024414062,2026-09-28,P,700.0,0.0,0.0,0.13,25.0,0.0,0.12500875,False,2026-09-18 20:00:44+00:00,SPY260928P00700000
SPY,2026-09-21,761.6900024414062,2026-09-28,P,705.0,0.0,0.0,0.18,2.0,0.0,0.12500875,False,2026-09-18 17:25:26+00:00,SPY260928P00705000
SPY,2026-09-21,761.6900024414062,2026-09-28,P,710.0,0.0,0.0,0.19,15.0,0.0,0.12500875,False,2026-09-18 18:53:44+00:00,SPY260928P00710000
SPY,2026-09-21,761.6900024414062,2026-09-28,P,715.0,0.0,0.0,0.21,101.0,0.0,0.062509375,False,2026-09-18 19:58:28+00:00,SPY260928P00715000
SPY,2026-09-21,761.6900024414062,2026-09-28,P,718.0,0.0,0.0,0.23,175.0,0.0,0.062509375,False,2026-09-18 19:57:31+00:00,SPY260928P00718000
SPY,2026-09-21,761.6900024414062,2026-09-28,P,719.0,0.0,0.0,0.29,8.0,0.0,0.062509375,False,2026-09-18 15:19:39+00:00,SPY260928P00719000
SPY,2026-09-21,761.6900024414062,2026-09-28,P,720.0,0.0,0.0,0.25,43.0,0.0,0.062509375,False,2026-09-18 20:03:27+00:00,SPY260928P00720000
SPY,2026-09-21,761.6900024414062,2026-09-28,P,721.0,0.0,0.0,0.34,131.0,0.0,0.062509375,False,2026-09-18 13:53:31+00:00,SPY260928P00721000
SPY,2026-09-21,761.6900024414062,2026-09-28,P,722.0,0.0,0.0,0.3,8.0,0.0,0.062509375,False,2026-09-18 19:12:58+00:00,SPY260928P00722000
SPY,2026-09-21,761.6900024414062,2026-09-28,P,723.0,0.0,0.0,0.34,60.0,0.0,0.062509375,False,2026-09-18 18:27:51+00:00,SPY260928P00723000
SPY,2026-09-21,761.6900024414062,2026-09-28,P,724.0,0.0,0.0,0.39,11.0,0.0,0.062509375,False,2026-09-18 13:40:03+00:00,SPY260928P00724000
SPY,2026-09-21,761.6900024414062,2026-09-28,P,725.0,0.0,0.0,0.31,293.0,0.0,0.062509375,False,2026-09-18 20:03:27+00:00,SPY260928P00725000
SPY,2026-09-21,761.6900024414062,2026-09-28,P,726.0,0.0,0.0,0.39,18.0,0.0,0.062509375,False,2026-09-18 18:27:52+00:00,SPY260928P00726000
SPY,2026-09-21,761.6900024414062,2026-09-28,P,727.0,0.0,0.0,0.33,10.0,0.0,0.062509375,False,2026-09-18 20:14:15+00:00,SPY260928P00727000
SPY,2026-09-21,761.6900024414062,2026-09-28,P,728.0,0.0,0.0,0.39,233.0,0.0,0.062509375,False,2026-09-18 19:13:48+00:00,SPY260928P00728000
SPY,2026-09-21,761.6900024414062,2026-09-28,P,729.0,0.0,0.0,0.37,14.0,0.0,0.062509375,False,2026-09-18 20:05:07+00:00,SPY260928P00729000
SPY,2026-09-21,761.6900024414062,2026-09-28,P,730.0,0.0,0.0,0.38,119.0,0.0,0.062509375,False,2026-09-18 20:13:31+00:00,SPY260928P00730000
SPY,2026-09-21,761.6900024414062,2026-09-28,P,731.0,0.0,0.0,0.44,140.0,0.0,0.062509375,False,2026-09-18 19:42:58+00:00,SPY260928P00731000
SPY,2026-09-21,761.6900024414062,2026-09-28,P,732.0,0.0,0.0,0.44,62.0,0.0,0.062509375,False,2026-09-18 20:08:30+00:00,SPY260928P00732000
SPY,2026-09-21,761.6900024414062,2026-09-28,P,733.0,0.0,0.0,0.52,718.0,0.0,0.062509375,False,2026-09-18 19:18:49+00:00,SPY260928P00733000
SPY,2026-09-21,761.6900024414062,2026-09-28,P,734.0,0.0,0.0,0.49,905.0,0.0,0.062509375,False,2026-09-18 20:05:07+00:00,SPY260928P00734000
SPY,2026-09-21,761.6900024414062,2026-09-28,P,735.0,0.0,0.0,0.51,615.0,0.0,0.062509375,False,2026-09-18 20:03:07+00:00,SPY260928P00735000
SPY,2026-09-21,761.6900024414062,2026-09-28,P,736.0,0.0,0.0,0.56,411.0,0.0,0.062509375,False,2026-09-18 20:01:02+00:00,SPY260928P00736000
SPY,2026-09-21,761.6900024414062,2026-09-28,P,737.0,0.0,0.0,0.59,162.0,0.0,0.062509375,False,2026-09-18 20:03:34+00:00,SPY260928P00737000
SPY,2026-09-21,761.6900024414062,2026-09-28,P,738.0,0.0,0.0,0.63,321.0,0.0,0.062509375,False,2026-09-18 19:57:43+00:00,SPY260928P00738000
SPY,2026-09-21,761.6900024414062,2026-09-28,P,739.0,0.0,0.0,0.71,358.0,0.0,0.062509375,False,2026-09-18 19:52:20+00:00,SPY260928P00739000
SPY,2026-09-21,761.6900024414062,2026-09-28,P,740.0,0.0,0.0,0.7,566.0,0.0,0.0312596875,False,2026-09-18 20:02:18+00:00,SPY260928P00740000
SPY,2026-09-21,761.6900024414062,2026-09-28,P,741.0,0.0,0.0,0.76,136.0,0.0,0.0312596875,False,2026-09-18 20:01:02+00:00,SPY260928P00741000
SPY,2026-09-21,761.6900024414062,2026-09-28,P,742.0,0.0,0.0,0.81,45.0,0.0,0.0312596875,False,2026-09-18 20:04:28+00:00,SPY260928P00742000
SPY,2026-09-21,761.6900024414062,2026-09-28,P,743.0,0.0,0.0,0.97,282.0,0.0,0.0312596875,False,2026-09-18 19:59:55+00:00,SPY260928P00743000
SPY,2026-09-21,761.6900024414062,2026-09-28,P,744.0,0.0,0.0,1.0,92.0,0.0,0.0312596875,False,2026-09-18 20:00:38+00:00,SPY260928P00744000
SPY,2026-09-21,761.6900024414062,2026-09-28,P,745.0,0.0,0.0,1.01,315.0,0.0,0.0312596875,False,2026-09-18 20:02:01+00:00,SPY260928P00745000
SPY,2026-09-21,761.6900024414062,2026-09-28,P,746.0,0.0,0.0,1.18,73.0,0.0,0.0312596875,False,2026-09-18 19:59:42+00:00,SPY260928P00746000
SPY,2026-09-21,761.6900024414062,2026-09-28,P,747.0,0.0,0.0,1.16,145.0,0.0,0.0312596875,False,2026-09-18 20:11:50+00:00,SPY260928P00747000
SPY,2026-09-21,761.6900024414062,2026-09-28,P,748.0,0.0,0.0,1.26,190.0,0.0,0.0312596875,False,2026-09-18 20:12:21+00:00,SPY260928P00748000
SPY,2026-09-21,761.6900024414062,2026-09-28,P,749.0,0.0,0.0,1.52,257.0,0.0,0.0312596875,False,2026-09-18 19:59:08+00:00,SPY260928P00749000
SPY,2026-09-21,761.6900024414062,2026-09-28,P,750.0,0.0,0.0,1.47,620.0,0.0,0.0312596875,False,2026-09-18 20:12:58+00:00,SPY260928P00750000
SPY,2026-09-21,761.6900024414062,2026-09-28,P,751.0,0.0,0.0,1.59,144.0,0.0,0.015634843750000002,False,2026-09-18 20:10:44+00:00,SPY260928P00751000
SPY,2026-09-21,761.6900024414062,2026-09-28,P,752.0,0.0,0.0,1.76,89.0,0.0,0.015634843750000002,False,2026-09-18 20:02:35+00:00,SPY260928P00752000
SPY,2026-09-21,761.6900024414062,2026-09-28,P,753.0,0.0,0.0,2.14,109.0,0.0,0.015634843750000002,False,2026-09-18 19:59:57+00:00,SPY260928P00753000
SPY,2026-09-21,761.6900024414062,2026-09-28,P,754.0,0.0,0.0,2.04,88.0,0.0,0.015634843750000002,False,2026-09-18 20:11:11+00:00,SPY260928P00754000
SPY,2026-09-21,761.6900024414062,2026-09-28,P,755.0,0.0,0.0,2.23,1408.0,0.0,0.015634843750000002,False,2026-09-18 20:14:22+00:00,SPY260928P00755000
SPY,2026-09-21,761.6900024414062,2026-09-28,P,756.0,0.0,0.0,2.52,61.0,0.0,0.015634843750000002,False,2026-09-18 20:04:36+00:00,SPY260928P00756000
SPY,2026-09-21,761.6900024414062,2026-09-28,P,757.0,0.0,0.0,2.66,323.0,0.0,0.007822421875,False,2026-09-18 20:14:44+00:00,SPY260928P00757000
SPY,2026-09-21,761.6900024414062,2026-09-28,P,758.0,0.0,0.0,2.88,482.0,0.0,0.007822421875,False,2026-09-18 20:11:08+00:00,SPY260928P00758000
SPY,2026-09-21,761.6900024414062,2026-09-28,P,759.0,0.0,0.0,3.46,485.0,0.0,0.007822421875,False,2026-09-18 19:57:41+00:00,SPY260928P00759000
SPY,2026-09-21,761.6900024414062,2026-09-28,P,760.0,0.0,0.0,3.47,1698.0,0.0,0.0039162109375,False,2026-09-18 20:14:57+00:00,SPY260928P00760000
SPY,2026-09-21,761.6900024414062,2026-09-28,P,761.0,0.0,0.0,3.83,573.0,0.0,0.00196310546875,False,2026-09-18 20:14:32+00:00,SPY260928P00761000
SPY,2026-09-21,761.6900024414062,2026-09-28,P,762.0,0.0,0.0,4.15,1397.0,0.0,1.0000000000000003e-05,True,2026-09-18 20:14:44+00:00,SPY260928P00762000
SPY,2026-09-21,761.6900024414062,2026-09-28,P,763.0,0.0,0.0,4.45,172.0,0.0,1.0000000000000003e-05,True,2026-09-18 20:12:12+00:00,SPY260928P00763000
SPY,2026-09-21,761.6900024414062,2026-09-28,P,764.0,0.0,0.0,4.95,162.0,0.0,1.0000000000000003e-05,True,2026-09-18 20:13:54+00:00,SPY260928P00764000
SPY,2026-09-21,761.6900024414062,2026-09-28,P,765.0,0.0,0.0,6.61,28.0,0.0,1.0000000000000003e-05,True,2026-09-18 19:32:03+00:00,SPY260928P00765000
SPY,2026-09-21,761.6900024414062,2026-09-28,P,766.0,0.0,0.0,6.82,9.0,0.0,1.0000000000000003e-05,True,2026-09-18 19:43:37+00:00,SPY260928P00766000
SPY,2026-09-21,761.6900024414062,2026-09-28,P,767.0,0.0,0.0,7.22,2.0,0.0,1.0000000000000003e-05,True,2026-09-18 19:55:59+00:00,SPY260928P00767000
SPY,2026-09-21,761.6900024414062,2026-09-28,P,768.0,0.0,0.0,8.12,16.0,0.0,1.0000000000000003e-05,True,2026-09-18 18:58:40+00:00,SPY260928P00768000
SPY,2026-09-21,761.6900024414062,2026-09-28,P,769.0,0.0,0.0,9.54,,0.0,1.0000000000000003e-05,True,2026-09-17 19:32:39+00:00,SPY260928P00769000
SPY,2026-09-21,761.6900024414062,2026-09-28,P,770.0,0.0,0.0,8.5,113.0,0.0,1.0000000000000003e-05,True,2026-09-18 20:10:20+00:00,SPY260928P00770000
SPY,2026-09-21,761.6900024414062,2026-09-28,P,771.0,0.0,0.0,12.04,2.0,0.0,1.0000000000000003e-05,True,2026-09-18 15:39:13+00:00,SPY260928P00771000
SPY,2026-09-21,761.6900024414062,2026-09-28,P,772.0,0.0,0.0,11.9,1.0,0.0,1.0000000000000003e-05,True,2026-09-18 18:44:46+00:00,SPY260928P00772000
SPY,2026-09-21,761.6900024414062,2026-09-28,P,773.0,0.0,0.0,10.75,24.0,0.0,1.0000000000000003e-05,True,2026-09-18 20:14:40+00:00,SPY260928P00773000
SPY,2026-09-21,761.6900024414062,2026-09-28,P,774.0,0.0,0.0,11.6,1.0,0.0,1.0000000000000003e-05,True,2026-09-18 20:10:26+00:00,SPY260928P00774000
SPY,2026-09-21,761.6900024414062,2026-09-28,P,775.0,0.0,0.0,16.31,4.0,0.0,1.0000000000000003e-05,True,2026-09-18 14:08:09+00:00,SPY260928P00775000
SPY,2026-09-21,761.6900024414062,2026-09-28,P,777.0,0.0,0.0,18.1,,0.0,1.0000000000000003e-05,True,2026-09-17 13:46:01+00:00,SPY260928P00777000
SPY,2026-09-21,761.6900024414062,2026-09-28,P,780.0,0.0,0.0,24.65,,0.0,1.0000000000000003e-05,True,2026-09-15 19:31:31+00:00,SPY260928P00780000
SPY,2026-09-21,761.6900024414062,2026-09-29,C,690.0,0.0,0.0,72.12,,0.0,1.0000000000000003e-05,True,2026-09-17 16:06:35+00:00,SPY260929C00690000
SPY,2026-09-21,761.6900024414062,2026-09-29,C,700.0,0.0,0.0,58.61,,0.0,1.0000000000000003e-05,True,2026-09-15 14:21:23+00:00,SPY260929C00700000
SPY,2026-09-21,761.6900024414062,2026-09-29,C,705.0,0.0,0.0,53.51,,0.0,1.0000000000000003e-05,True,2026-09-15 14:21:43+00:00,SPY260929C00705000
SPY,2026-09-21,761.6900024414062,2026-09-29,C,710.0,0.0,0.0,50.45,31.0,0.0,1.0000000000000003e-05,True,2026-09-18 18:04:38+00:00,SPY260929C00710000
SPY,2026-09-21,761.6900024414062,2026-09-29,C,715.0,0.0,0.0,44.87,1.0,0.0,1.0000000000000003e-05,True,2026-09-18 16:51:28+00:00,SPY260929C00715000
SPY,2026-09-21,761.6900024414062,2026-09-29,C,720.0,0.0,0.0,34.58,,0.0,1.0000000000000003e-05,True,2026-09-16 19:55:20+00:00,SPY260929C00720000
SPY,2026-09-21,761.6900024414062,2026-09-29,C,721.0,0.0,0.0,38.82,,0.0,1.0000000000000003e-05,True,2026-09-16 13:41:10+00:00,SPY260929C00721000
SPY,2026-09-21,761.6900024414062,2026-09-29,C,723.0,0.0,0.0,37.8,4.0,0.0,1.0000000000000003e-05,True,2026-09-18 15:04:28+00:00,SPY260929C00723000
SPY,2026-09-21,761.6900024414062,2026-09-29,C,724.0,0.0,0.0,28.26,,0.0,1.0000000000000003e-05,True,2026-09-16 19:21:12+00:00,SPY260929C00724000
SPY,2026-09-21,761.6900024414062,2026-09-29,C,725.0,0.0,0.0,35.23,,0.0,1.0000000000000003e-05,True,2026-09-15 13:35:12+00:00,SPY260929C00725000
SPY,2026-09-21,761.6900024414062,2026-09-29,C,730.0,0.0,0.0,25.41,,0.0,1.0000000000000003e-05,True,2026-09-16 19:08:12+00:00,SPY260929C00730000
SPY,2026-09-21,761.6900024414062,2026-09-29,C,732.0,0.0,0.0,30.69,2.0,0.0,1.0000000000000003e-05,True,2026-09-18 18:54:27+00:00,SPY260929C00732000
SPY,2026-09-21,761.6900024414062,2026-09-29,C,733.0,0.0,0.0,27.53,2.0,0.0,1.0000000000000003e-05,True,2026-09-18 14:05:48+00:00,SPY260929C00733000
SPY,2026-09-21,761.6900024414062,2026-09-29,C,734.0,0.0,0.0,27.91,,0.0,1.0000000000000003e-05,True,2026-09-17 13:35:02+00:00,SPY260929C00734000
SPY,2026-09-21,761.6900024414062,2026-09-29,C,736.0,0.0,0.0,24.8,2.0,0.0,1.0000000000000003e-05,True,2026-09-18 14:06:41+00:00,SPY260929C00736000
SPY,2026-09-21,761.6900024414062,2026-09-29,C,738.0,0.0,0.0,24.05,6.0,0.0,1.0000000000000003e-05,True,2026-09-18 18:25:01+00:00,SPY260929C00738000
SPY,2026-09-21,761.6900024414062,2026-09-29,C,740.0,0.0,0.0,21.18,,0.0,1.0000000000000003e-05,True,2026-09-15 14:07:33+00:00,SPY260929C00740000
SPY,2026-09-21,761.6900024414062,2026-09-29,C,741.0,0.0,0.0,22.1,2.0,0.0,1.0000000000000003e-05,True,2026-09-18 19:51:33+00:00,SPY260929C00741000
SPY,2026-09-21,761.6900024414062,2026-09-29,C,743.0,0.0,0.0,21.67,1.0,0.0,1.0000000000000003e-05,True,2026-09-18 20:14:18+00:00,SPY260929C00743000
SPY,2026-09-21,761.6900024414062,2026-09-29,C,745.0,0.0,0.0,19.03,14.0,0.0,1.0000000000000003e-05,True,2026-09-18 20:12:55+00:00,SPY260929C00745000
SPY,2026-09-21,761.6900024414062,2026-09-29,C,746.0,0.0,0.0,17.59,2.0,0.0,1.0000000000000003e-05,True,2026-09-18 19:45:47+00:00,SPY260929C00746000
SPY,2026-09-21,761.6900024414062,2026-09-29,C,748.0,0.0,0.0,13.98,36.0,0.0,1.0000000000000003e-05,True,2026-09-18 14:37:32+00:00,SPY260929C00748000
SPY,2026-09-21,761.6900024414062,2026-09-29,C,749.0,0.0,0.0,13.54,990.0,0.0,1.0000000000000003e-05,True,2026-09-18 17:42:36+00:00,SPY260929C00749000
SPY,2026-09-21,761.6900024414062,2026-09-29,C,750.0,0.0,0.0,12.51,60.0,0.0,1.0000000000000003e-05,True,2026-09-18 14:48:35+00:00,SPY260929C00750000
SPY,2026-09-21,761.6900024414062,2026-09-29,C,751.0,0.0,0.0,12.6,,0.0,1.0000000000000003e-05,True,2026-09-17 13:42:15+00:00,SPY260929C00751000
SPY,2026-09-21,761.6900024414062,2026-09-29,C,752.0,0.0,0.0,10.71,2.0,0.0,1.0000000000000003e-05,True,2026-09-18 14:44:55+00:00,SPY260929C00752000
SPY,2026-09-21,761.6900024414062,2026-09-29,C,753.0,0.0,0.0,9.87,2.0,0.0,1.0000000000000003e-05,True,2026-09-18 14:44:42+00:00,SPY260929C00753000
SPY,2026-09-21,761.6900024414062,2026-09-29,C,754.0,0.0,0.0,10.81,10.0,0.0,1.0000000000000003e-05,True,2026-09-18 19:04:51+00:00,SPY260929C00754000
SPY,2026-09-21,761.6900024414062,2026-09-29,C,755.0,0.0,0.0,10.02,496.0,0.0,1.0000000000000003e-05,True,2026-09-18 19:04:52+00:00,SPY260929C00755000
SPY,2026-09-21,761.6900024414062,2026-09-29,C,756.0,0.0,0.0,9.26,436.0,0.0,1.0000000000000003e-05,True,2026-09-18 19:56:26+00:00,SPY260929C00756000
SPY,2026-09-21,761.6900024414062,2026-09-29,C,757.0,0.0,0.0,8.54,184.0,0.0,1.0000000000000003e-05,True,2026-09-18 19:00:41+00:00,SPY260929C00757000
SPY,2026-09-21,761.6900024414062,2026-09-29,C,758.0,0.0,0.0,8.08,61.0,0.0,1.0000000000000003e-05,True,2026-09-18 19:57:24+00:00,SPY260929C00758000
SPY,2026-09-21,761.6900024414062,2026-09-29,C,759.0,0.0,0.0,7.4,244.0,0.0,1.0000000000000003e-05,True,2026-09-18 19:55:28+00:00,SPY260929C00759000
SPY,2026-09-21,761.6900024414062,2026-09-29,C,760.0,0.0,0.0,6.51,416.0,0.0,1.0000000000000003e-05,True,2026-09-18 19:58:47+00:00,SPY260929C00760000
SPY,2026-09-21,761.6900024414062,2026-09-29,C,761.0,0.0,0.0,6.21,152.0,0.0,1.0000000000000003e-05,True,2026-09-18 20:00:46+00:00,SPY260929C00761000
SPY,2026-09-21,761.6900024414062,2026-09-29,C,762.0,0.0,0.0,5.95,211.0,0.0,0.000986552734375,False,2026-09-18 20:07:53+00:00,SPY260929C00762000
SPY,2026-09-21,761.6900024414062,2026-09-29,C,763.0,0.0,0.0,5.57,173.0,0.0,0.0039162109375,False,2026-09-18 20:11:25+00:00,SPY260929C00763000
SPY,2026-09-21,761.6900024414062,2026-09-29,C,764.0,0.0,0.0,3.98,178.0,0.0,0.0039162109375,False,2026-09-18 19:19:24+00:00,SPY260929C00764000
SPY,2026-09-21,761.6900024414062,2026-09-29,C,765.0,0.0,0.0,4.25,441.0,0.0,0.007822421875,False,2026-09-18 20:10:17+00:00,SPY260929C00765000
SPY,2026-09-21,761.6900024414062,2026-09-29,C,766.0,0.0,0.0,3.91,40.0,0.0,0.007822421875,False,2026-09-18 20:13:01+00:00,SPY260929C00766000
SPY,2026-09-21,761.6900024414062,2026-09-29,C,767.0,0.0,0.0,3.4,88.0,0.0,0.007822421875,False,2026-09-18 20:14:52+00:00,SPY260929C00767000
SPY,2026-09-21,761.6900024414062,2026-09-29,C,768.0,0.0,0.0,2.9,17.0,0.0,0.015634843750000002,False,2026-09-18 20:10:55+00:00,SPY260929C00768000
SPY,2026-09-21,761.6900024414062,2026-09-29,C,769.0,0.0,0.0,1.83,136.0,0.0,0.015634843750000002,False,2026-09-18 19:30:43+00:00,SPY260929C00769000
SPY,2026-09-21,761.6900024414062,2026-09-29,C,770.0,0.0,0.0,2.13,123.0,0.0,0.015634843750000002,False,2026-09-18 20:10:27+00:00,SPY260929C00770000
SPY,2026-09-21,761.6900024414062,2026-09-29,C,771.0,0.0,0.0,1.29,807.0,0.0,0.015634843750000002,False,2026-09-18 19:35:51+00:00,SPY260929C00771000
SPY,2026-09-21,761.6900024414062,2026-09-29,C,772.0,0.0,0.0,1.54,744.0,0.0,0.015634843750000002,False,2026-09-18 20:11:03+00:00,SPY260929C00772000
SPY,2026-09-21,761.6900024414062,2026-09-29,C,773.0,0.0,0.0,1.22,122.0,0.0,0.015634843750000002,False,2026-09-18 20:07:07+00:00,SPY260929C00773000
SPY,2026-09-21,761.6900024414062,2026-09-29,C,774.0,0.0,0.0,0.84,60.0,0.0,0.0312596875,False,2026-09-18 18:53:27+00:00,SPY260929C00774000
SPY,2026-09-21,761.6900024414062,2026-09-29,C,775.0,0.0,0.0,0.62,780.0,0.0,0.0312596875,False,2026-09-18 19:53:20+00:00,SPY260929C00775000
SPY,2026-09-21,761.6900024414062,2026-09-29,C,776.0,0.0,0.0,0.51,61.0,0.0,0.0312596875,False,2026-09-18 19:50:04+00:00,SPY260929C00776000
SPY,2026-09-21,761.6900024414062,2026-09-29,C,777.0,0.0,0.0,0.39,76.0,0.0,0.0312596875,False,2026-09-18 19:38:55+00:00,SPY260929C00777000
SPY,2026-09-21,761.6900024414062,2026-09-29,C,778.0,0.0,0.0,0.46,133.0,0.0,0.0312596875,False,2026-09-18 20:10:40+00:00,SPY260929C00778000
SPY,2026-09-21,761.6900024414062,2026-09-29,C,779.0,0.0,0.0,0.22,182.0,0.0,0.0312596875,False,2026-09-18 18:27:03+00:00,SPY260929C00779000
SPY,2026-09-21,761.6900024414062,2026-09-29,C,780.0,0.0,0.0,0.31,615.0,0.0,0.0312596875,False,2026-09-18 20:13:56+00:00,SPY260929C00780000
SPY,2026-09-21,761.6900024414062,2026-09-29,C,781.0,0.0,0.0,0.16,1.0,0.0,0.0312596875,False,2026-09-18 15:18:09+00:00,SPY260929C00781000
SPY,2026-09-21,761.6900024414062,2026-09-29,C,782.0,0.0,0.0,0.21,223.0,0.0,0.0312596875,False,2026-09-18 20:13:56+00:00,SPY260929C00782000
SPY,2026-09-21,761.6900024414062,2026-09-29,C,783.0,0.0,0.0,0.1,335.0,0.0,0.0312596875,False,2026-09-18 18:20:56+00:00,SPY260929C00783000
SPY,2026-09-21,761.6900024414062,2026-09-29,C,784.0,0.0,0.0,0.08,1.0,0.0,0.0312596875,False,2026-09-18 15:40:45+00:00,SPY260929C00784000
SPY,2026-09-21,761.6900024414062,2026-09-29,C,785.0,0.0,0.0,0.08,28.0,0.0,0.0312596875,False,2026-09-18 19:59:05+00:00,SPY260929C00785000
SPY,2026-09-21,761.6900024414062,2026-09-29,C,786.0,0.0,0.0,0.08,554.0,0.0,0.0312596875,False,2026-09-18 14:53:43+00:00,SPY260929C00786000
SPY,2026-09-21,761.6900024414062,2026-09-29,C,787.0,0.0,0.0,0.14,,0.0,0.062509375,False,2026-09-17 15:34:38+00:00,SPY260929C00787000
SPY,2026-09-21,761.6900024414062,2026-09-29,C,788.0,0.0,0.0,0.05,2.0,0.0,0.062509375,False,2026-09-18 20:07:21+00:00,SPY260929C00788000
SPY,2026-09-21,761.6900024414062,2026-09-29,C,789.0,0.0,0.0,0.05,27.0,0.0,0.062509375,False,2026-09-18 15:01:45+00:00,SPY260929C00789000
SPY,2026-09-21,761.6900024414062,2026-09-29,C,790.0,0.0,0.0,0.05,1.0,0.0,0.062509375,False,2026-09-18 20:01:03+00:00,SPY260929C00790000
SPY,2026-09-21,761.6900024414062,2026-09-29,C,791.0,0.0,0.0,0.05,1.0,0.0,0.062509375,False,2026-09-18 16:13:12+00:00,SPY260929C00791000
SPY,2026-09-21,761.6900024414062,2026-09-29,C,792.0,0.0,0.0,0.09,,0.0,0.062509375,False,2026-09-16 13:30:37+00:00,SPY260929C00792000
SPY,2026-09-21,761.6900024414062,2026-09-29,C,793.0,0.0,0.0,0.07,,0.0,0.062509375,False,2026-09-17 13:31:25+00:00,SPY260929C00793000
SPY,2026-09-21,761.6900024414062,2026-09-29,C,797.0,0.0,0.0,0.02,10.0,0.0,0.062509375,False,2026-09-18 19:51:56+00:00,SPY260929C00797000
SPY,2026-09-21,761.6900024414062,2026-09-29,C,798.0,0.0,0.0,0.06,,0.0,0.062509375,False,2026-09-16 13:51:19+00:00,SPY260929C00798000
SPY,2026-09-21,761.6900024414062,2026-09-29,C,799.0,0.0,0.0,0.03,,0.0,0.062509375,False,2026-09-16 19:18:04+00:00,SPY260929C00799000
SPY,2026-09-21,761.6900024414062,2026-09-29,C,800.0,0.0,0.0,0.02,25.0,0.0,0.062509375,False,2026-09-18 14:44:54+00:00,SPY260929C00800000
SPY,2026-09-21,761.6900024414062,2026-09-29,C,801.0,0.0,0.0,0.05,,0.0,0.062509375,False,2026-09-16 14:37:51+00:00,SPY260929C00801000
SPY,2026-09-21,761.6900024414062,2026-09-29,C,805.0,0.0,0.0,0.03,,0.0,0.062509375,False,2026-09-17 15:45:27+00:00,SPY260929C00805000
SPY,2026-09-21,761.6900024414062,2026-09-29,C,806.0,0.0,0.0,0.03,,0.0,0.062509375,False,2026-09-16 18:55:40+00:00,SPY260929C00806000
SPY,2026-09-21,761.6900024414062,2026-09-29,C,807.0,0.0,0.0,0.03,,0.0,0.062509375,False,2026-09-16 19:45:01+00:00,SPY260929C00807000
SPY,2026-09-21,761.6900024414062,2026-09-29,C,808.0,0.0,0.0,0.03,,0.0,0.062509375,False,2026-09-16 19:35:43+00:00,SPY260929C00808000
SPY,2026-09-21,761.6900024414062,2026-09-29,C,809.0,0.0,0.0,0.03,,0.0,0.062509375,False,2026-09-16 18:34:53+00:00,SPY260929C00809000
SPY,2026-09-21,761.6900024414062,2026-09-29,C,810.0,0.0,0.0,0.03,,0.0,0.062509375,False,2026-09-16 20:11:26+00:00,SPY260929C00810000
SPY,2026-09-21,761.6900024414062,2026-09-29,C,815.0,0.0,0.0,0.03,,0.0,0.062509375,False,2026-09-16 14:37:01+00:00,SPY260929C00815000
SPY,2026-09-21,761.6900024414062,2026-09-29,C,820.0,0.0,0.0,0.01,2.0,0.0,0.12500875,False,2026-09-18 13:51:47+00:00,SPY260929C00820000
SPY,2026-09-21,761.6900024414062,2026-09-29,C,825.0,0.0,0.0,0.02,,0.0,0.12500875,False,2026-09-17 17:32:44+00:00,SPY260929C00825000
SPY,2026-09-21,761.6900024414062,2026-09-29,C,850.0,0.0,0.0,0.02,,0.0,0.12500875,False,2026-09-17 19:07:37+00:00,SPY260929C00850000
SPY,2026-09-21,761.6900024414062,2026-09-29,C,855.0,0.0,0.0,0.01,,0.0,0.12500875,False,2026-09-17 20:14:56+00:00,SPY260929C00855000
SPY,2026-09-21,761.6900024414062,2026-09-29,C,860.0,0.0,0.0,0.01,,0.0,0.12500875,False,2026-09-16 16:31:07+00:00,SPY260929C00860000
SPY,2026-09-21,761.6900024414062,2026-09-29,C,865.0,0.0,0.0,0.01,,0.0,0.12500875,False,2026-09-16 16:31:07+00:00,SPY260929C00865000
SPY,2026-09-21,761.6900024414062,2026-09-29,P,550.0,0.0,0.0,0.03,,0.0,0.500005,False,2026-09-17 17:30:16+00:00,SPY260929P00550000
SPY,2026-09-21,761.6900024414062,2026-09-29,P,565.0,0.0,0.0,0.07,,0.0,0.500005,False,2026-09-16 19:55:02+00:00,SPY260929P00565000
SPY,2026-09-21,761.6900024414062,2026-09-29,P,570.0,0.0,0.0,0.02,46.0,0.0,0.2500075,False,2026-09-18 13:55:39+00:00,SPY260929P00570000
SPY,2026-09-21,761.6900024414062,2026-09-29,P,575.0,0.0,0.0,0.02,30.0,0.0,0.2500075,False,2026-09-18 14:14:46+00:00,SPY260929P00575000
SPY,2026-09-21,761.6900024414062,2026-09-29,P,580.0,0.0,0.0,0.03,,0.0,0.2500075,False,2026-09-17 19:47:27+00:00,SPY260929P00580000
SPY,2026-09-21,761.6900024414062,2026-09-29,P,595.0,0.0,0.0,0.1,,0.0,0.2500075,False,2026-09-16 19:54:35+00:00,SPY260929P00595000
SPY,2026-09-21,761.6900024414062,2026-09-29,P,600.0,0.0,0.0,0.04,15.0,0.0,0.2500075,False,2026-09-18 14:05:28+00:00,SPY260929P00600000
SPY,2026-09-21,761.6900024414062,2026-09-29,P,605.0,0.0,0.0,0.03,2.0,0.0,0.2500075,False,2026-09-18 18:04:44+00:00,SPY260929P00605000
SPY,2026-09-21,761.6900024414062,2026-09-29,P,615.0,0.0,0.0,0.06,,0.0,0.2500075,False,2026-09-17 17:25:04+00:00,SPY260929P00615000
SPY,2026-09-21,761.6900024414062,2026-09-29,P,620.0,0.0,0.0,0.03,20.0,0.0,0.2500075,False,2026-09-18 19:58:56+00:00,SPY260929P00620000
SPY,2026-09-21,761.6900024414062,2026-09-29,P,625.0,0.0,0.0,0.05,40.0,0.0,0.2500075,False,2026-09-18 20:02:54+00:00,SPY260929P00625000
SPY,2026-09-21,761.6900024414062,2026-09-29,P,635.0,0.0,0.0,0.08,,0.0,0.2500075,False,2026-09-17 14:30:39+00:00,SPY260929P00635000
SPY,2026-09-21,761.6900024414062,2026-09-29,P,645.0,0.0,0.0,0.3,,0.0,0.2500075,False,2026-09-16 19:28:39+00:00,SPY260929P00645000
SPY,2026-09-21,761.6900024414062,2026-09-29,P,650.0,0.0,0.0,0.29,,0.0,0.2500075,False,2026-09-16 19:30:25+00:00,SPY260929P00650000
SPY,2026-09-21,761.6900024414062,2026-09-29,P,655.0,0.0,0.0,0.32,,0.0,0.2500075,False,2026-09-16 19:30:22+00:00,SPY260929P00655000
SPY,2026-09-21,761.6900024414062,2026-09-29,P,660.0,0.0,0.0,0.21,,0.0,0.2500075,False,2026-09-16 18:43:05+00:00,SPY260929P00660000
SPY,2026-09-21,761.6900024414062,2026-09-29,P,665.0,0.0,0.0,0.08,1.0,0.0,0.12500875,False,2026-09-18 15:28:53+00:00,SPY260929P00665000
SPY,2026-09-21,761.6900024414062,2026-09-29,P,670.0,0.0,0.0,0.35,,0.0,0.12500875,False,2026-09-16 19:49:25+00:00,SPY260929P00670000
SPY,2026-09-21,761.6900024414062,2026-09-29,P,675.0,0.0,0.0,0.12,1.0,0.0,0.12500875,False,2026-09-18 13:35:01+00:00,SPY260929P00675000
SPY,2026-09-21,761.6900024414062,2026-09-29,P,680.0,0.0,0.0,0.11,2.0,0.0,0.12500875,False,2026-09-18 19:39:52+00:00,SPY260929P00680000
SPY,2026-09-21,761.6900024414062,2026-09-29,P,690.0,0.0,0.0,0.15,20.0,0.0,0.12500875,False,2026-09-18 19:12:41+00:00,SPY260929P00690000
SPY,2026-09-21,761.6900024414062,2026-09-29,P,695.0,0.0,0.0,0.25,,0.0,0.12500875,False,2026-09-17 20:01:46+00:00,SPY260929P00695000
SPY,2026-09-21,761.6900024414062,2026-09-29,P,700.0,0.0,0.0,0.18,26.0,0.0,0.12500875,False,2026-09-18 19:40:04+00:00,SPY260929P00700000
SPY,2026-09-21,761.6900024414062,2026-09-29,P,705.0,0.0,0.0,0.24,22.0,0.0,0.12500875,False,2026-09-18 16:52:47+00:00,SPY260929P00705000
SPY,2026-09-21,761.6900024414062,2026-09-29,P,710.0,0.0,0.0,0.28,101.0,0.0,0.12500875,False,2026-09-18 15:50:21+00:00,SPY260929P00710000
SPY,2026-09-21,761.6900024414062,2026-09-29,P,715.0,0.0,0.0,0.3,23.0,0.0,0.062509375,False,2026-09-18 19:29:39+00:00,SPY260929P00715000
SPY,2026-09-21,761.6900024414062,2026-09-29,P,718.0,0.0,0.0,0.3,144.0,0.0,0.062509375,False,2026-09-18 20:06:14+00:00,SPY260929P00718000
SPY,2026-09-21,761.6900024414062,2026-09-29,P,719.0,0.0,0.0,0.68,,0.0,0.062509375,False,2026-09-17 15:01:43+00:00,SPY260929P00719000
SPY,2026-09-21,761.6900024414062,2026-09-29,P,720.0,0.0,0.0,0.34,161.0,0.0,0.062509375,False,2026-09-18 19:52:10+00:00,SPY260929P00720000
SPY,2026-09-21,761.6900024414062,2026-09-29,P,721.0,0.0,0.0,2.09,,0.0,0.062509375,False,2026-09-16 19:15:15+00:00,SPY260929P00721000
SPY,2026-09-21,761.6900024414062,2026-09-29,P,722.0,0.0,0.0,0.61,,0.0,0.062509375,False,2026-09-17 19:13:52+00:00,SPY260929P00722000
SPY,2026-09-21,761.6900024414062,2026-09-29,P,723.0,0.0,0.0,0.48,4.0,0.0,0.062509375,False,2026-09-18 14:58:16+00:00,SPY260929P00723000
SPY,2026-09-21,761.6900024414062,2026-09-29,P,724.0,0.0,0.0,0.48,1.0,0.0,0.062509375,False,2026-09-18 18:05:18+00:00,SPY260929P00724000
SPY,2026-09-21,761.6900024414062,2026-09-29,P,725.0,0.0,0.0,0.42,634.0,0.0,0.062509375,False,2026-09-18 19:53:56+00:00,SPY260929P00725000
SPY,2026-09-21,761.6900024414062,2026-09-29,P,726.0,0.0,0.0,0.51,58.0,0.0,0.062509375,False,2026-09-18 18:27:52+00:00,SPY260929P00726000
SPY,2026-09-21,761.6900024414062,2026-09-29,P,727.0,0.0,0.0,0.49,4.0,0.0,0.062509375,False,2026-09-18 19:27:58+00:00,SPY260929P00727000
SPY,2026-09-21,761.6900024414062,2026-09-29,P,728.0,0.0,0.0,0.59,67.0,0.0,0.062509375,False,2026-09-18 18:17:02+00:00,SPY260929P00728000
SPY,2026-09-21,761.6900024414062,2026-09-29,P,729.0,0.0,0.0,0.67,5.0,0.0,0.062509375,False,2026-09-18 17:10:19+00:00,SPY260929P00729000
SPY,2026-09-21,761.6900024414062,2026-09-29,P,730.0,0.0,0.0,0.51,654.0,0.0,0.062509375,False,2026-09-18 19:57:49+00:00,SPY260929P00730000
SPY,2026-09-21,761.6900024414062,2026-09-29,P,731.0,0.0,0.0,0.78,7.0,0.0,0.062509375,False,2026-09-18 16:35:19+00:00,SPY260929P00731000
SPY,2026-09-21,761.6900024414062,2026-09-29,P,732.0,0.0,0.0,0.65,122.0,0.0,0.062509375,False,2026-09-18 19:14:33+00:00,SPY260929P00732000
SPY,2026-09-21,761.6900024414062,2026-09-29,P,733.0,0.0,0.0,0.75,129.0,0.0,0.062509375,False,2026-09-18 18:27:20+00:00,SPY260929P00733000
SPY,2026-09-21,761.6900024414062,2026-09-29,P,734.0,0.0,0.0,0.89,14.0,0.0,0.062509375,False,2026-09-18 17:10:19+00:00,SPY260929P00734000
SPY,2026-09-21,761.6900024414062,2026-09-29,P,735.0,0.0,0.0,0.72,658.0,0.0,0.062509375,False,2026-09-18 19:43:37+00:00,SPY260929P00735000
SPY,2026-09-21,761.6900024414062,2026-09-29,P,736.0,0.0,0.0,0.8,94.0,0.0,0.062509375,False,2026-09-18 18:52:27+00:00,SPY260929P00736000
SPY,2026-09-21,761.6900024414062,2026-09-29,P,737.0,0.0,0.0,1.13,27.0,0.0,0.062509375,False,2026-09-18 16:38:09+00:00,SPY260929P00737000
SPY,2026-09-21,761.6900024414062,2026-09-29,P,738.0,0.0,0.0,0.84,38.0,0.0,0.0312596875,False,2026-09-18 19:47:37+00:00,SPY260929P00738000
SPY,2026-09-21,761.6900024414062,2026-09-29,P,739.0,0.0,0.0,0.91,18.0,0.0,0.0312596875,False,2026-09-18 19:50:00+00:00,SPY260929P00739000
SPY,2026-09-21,761.6900024414062,2026-09-29,P,740.0,0.0,0.0,0.89,87.0,0.0,0.0312596875,False,2026-09-18 20:11:13+00:00,SPY260929P00740000
SPY,2026-09-21,761.6900024414062,2026-09-29,P,741.0,0.0,0.0,0.98,964.0,0.0,0.0312596875,False,2026-09-18 19:55:19+00:00,SPY260929P00741000
SPY,2026-09-21,761.6900024414062,2026-09-29,P,742.0,0.0,0.0,1.12,185.0,0.0,0.0312596875,False,2026-09-18 19:44:30+00:00,SPY260929P00742000
SPY,2026-09-21,761.6900024414062,2026-09-29,P,743.0,0.0,0.0,1.41,1032.0,0.0,0.0312596875,False,2026-09-18 18:28:41+00:00,SPY260929P00743000
SPY,2026-09-21,761.6900024414062,2026-09-29,P,744.0,0.0,0.0,1.35,402.0,0.0,0.0312596875,False,2026-09-18 19:20:06+00:00,SPY260929P00744000
SPY,2026-09-21,761.6900024414062,2026-09-29,P,745.0,0.0,0.0,1.24,314.0,0.0,0.0312596875,False,2026-09-18 20:13:22+00:00,SPY260929P00745000
SPY,2026-09-21,761.6900024414062,2026-09-29,P,746.0,0.0,0.0,1.54,5.0,0.0,0.0312596875,False,2026-09-18 19:21:02+00:00,SPY260929P00746000
SPY,2026-09-21,761.6900024414062,2026-09-29,P,747.0,0.0,0.0,1.62,39.0,0.0,0.0312596875,False,2026-09-18 19:41:28+00:00,SPY260929P00747000
SPY,2026-09-21,761.6900024414062,2026-09-29,P,748.0,0.0,0.0,1.98,37.0,0.0,0.0312596875,False,2026-09-18 18:28:41+00:00,SPY260929P00748000
SPY,2026-09-21,761.6900024414062,2026-09-29,P,749.0,0.0,0.0,1.74,42.0,0.0,0.0312596875,False,2026-09-18 19:55:33+00:00,SPY260929P00749000
SPY,2026-09-21,761.6900024414062,2026-09-29,P,750.0,0.0,0.0,1.89,1686.0,0.0,0.0312596875,False,2026-09-18 20:00:45+00:00,SPY260929P00750000
SPY,2026-09-21,761.6900024414062,2026-09-29,P,751.0,0.0,0.0,2.0,40.0,0.0,0.015634843750000002,False,2026-09-18 20:00:47+00:00,SPY260929P00751000
SPY,2026-09-21,761.6900024414062,2026-09-29,P,752.0,0.0,0.0,2.04,71.0,0.0,0.015634843750000002,False,2026-09-18 20:13:13+00:00,SPY260929P00752000
SPY,2026-09-21,761.6900024414062,2026-09-29,P,753.0,0.0,0.0,2.19,21.0,0.0,0.015634843750000002,False,2026-09-18 20:10:27+00:00,SPY260929P00753000
SPY,2026-09-21,761.6900024414062,2026-09-29,P,754.0,0.0,0.0,2.68,173.0,0.0,0.015634843750000002,False,2026-09-18 19:59:57+00:00,SPY260929P00754000
SPY,2026-09-21,761.6900024414062,2026-09-29,P,755.0,0.0,0.0,2.61,1050.0,0.0,0.015634843750000002,False,2026-09-18 20:04:04+00:00,SPY260929P00755000
SPY,2026-09-21,761.6900024414062,2026-09-29,P,756.0,0.0,0.0,2.78,51.0,0.0,0.015634843750000002,False,2026-09-18 20:10:27+00:00,SPY260929P00756000
SPY,2026-09-21,761.6900024414062,2026-09-29,P,757.0,0.0,0.0,3.53,101.0,0.0,0.007822421875,False,2026-09-18 19:23:16+00:00,SPY260929P00757000
SPY,2026-09-21,761.6900024414062,2026-09-29,P,758.0,0.0,0.0,3.66,89.0,0.0,0.007822421875,False,2026-09-18 19:58:59+00:00,SPY260929P00758000
SPY,2026-09-21,761.6900024414062,2026-09-29,P,759.0,0.0,0.0,4.03,93.0,0.0,0.007822421875,False,2026-09-18 19:04:36+00:00,SPY260929P00759000
SPY,2026-09-21,761.6900024414062,2026-09-29,P,760.0,0.0,0.0,3.79,502.0,0.0,0.0039162109375,False,2026-09-18 20:11:56+00:00,SPY260929P00760000
SPY,2026-09-21,761.6900024414062,2026-09-29,P,761.0,0.0,0.0,4.52,117.0,0.0,0.00196310546875,False,2026-09-18 20:00:39+00:00,SPY260929P00761000
SPY,2026-09-21,761.6900024414062,2026-09-29,P,762.0,0.0,0.0,5.08,71.0,0.0,1.0000000000000003e-05,True,2026-09-18 19:59:55+00:00,SPY260929P00762000
SPY,2026-09-21,761.6900024414062,2026-09-29,P,763.0,0.0,0.0,4.85,374.0,0.0,1.0000000000000003e-05,True,2026-09-18 20:11:25+00:00,SPY260929P00763000
SPY,2026-09-21,761.6900024414062,2026-09-29,P,764.0,0.0,0.0,5.85,36.0,0.0,1.0000000000000003e-05,True,2026-09-18 19:55:00+00:00,SPY260929P00764000
SPY,2026-09-21,761.6900024414062,2026-09-29,P,765.0,0.0,0.0,7.63,3.0,0.0,1.0000000000000003e-05,True,2026-09-18 15:27:06+00:00,SPY260929P00765000
SPY,2026-09-21,761.6900024414062,2026-09-29,P,766.0,0.0,0.0,8.57,20.0,0.0,1.0000000000000003e-05,True,2026-09-18 15:03:04+00:00,SPY260929P00766000
SPY,2026-09-21,761.6900024414062,2026-09-29,P,767.0,0.0,0.0,9.02,20.0,0.0,1.0000000000000003e-05,True,2026-09-18 15:04:08+00:00,SPY260929P00767000
SPY,2026-09-21,761.6900024414062,2026-09-29,P,768.0,0.0,0.0,9.55,3.0,0.0,1.0000000000000003e-05,True,2026-09-18 18:14:15+00:00,SPY260929P00768000
SPY,2026-09-21,761.6900024414062,2026-09-29,P,769.0,0.0,0.0,10.42,255.0,0.0,1.0000000000000003e-05,True,2026-09-18 14:55:22+00:00,SPY260929P00769000
SPY,2026-09-21,761.6900024414062,2026-09-29,P,770.0,0.0,0.0,8.9,47.0,0.0,1.0000000000000003e-05,True,2026-09-18 20:10:09+00:00,SPY260929P00770000
SPY,2026-09-21,761.6900024414062,2026-09-29,P,771.0,0.0,0.0,14.03,,0.0,1.0000000000000003e-05,True,2026-09-16 13:58:55+00:00,SPY260929P00771000
SPY,2026-09-21,761.6900024414062,2026-09-29,P,772.0,0.0,0.0,12.02,,0.0,1.0000000000000003e-05,True,2026-09-17 20:11:44+00:00,SPY260929P00772000
SPY,2026-09-21,761.6900024414062,2026-09-29,P,773.0,0.0,0.0,14.0,1.0,0.0,1.0000000000000003e-05,True,2026-09-18 14:41:10+00:00,SPY260929P00773000
SPY,2026-09-21,761.6900024414062,2026-09-29,P,774.0,0.0,0.0,14.15,,0.0,1.0000000000000003e-05,True,2026-09-17 15:46:30+00:00,SPY260929P00774000
SPY,2026-09-21,761.6900024414062,2026-09-29,P,775.0,0.0,0.0,15.67,3.0,0.0,1.0000000000000003e-05,True,2026-09-18 14:24:15+00:00,SPY260929P00775000
SPY,2026-09-21,761.6900024414062,2026-09-29,P,777.0,0.0,0.0,18.26,,0.0,1.0000000000000003e-05,True,2026-09-17 14:57:11+00:00,SPY260929P00777000
SPY,2026-09-21,761.6900024414062,2026-09-29,P,778.0,0.0,0.0,20.91,,0.0,1.0000000000000003e-05,True,2026-09-16 14:24:58+00:00,SPY260929P00778000
SPY,2026-09-21,761.6900024414062,2026-09-29,P,780.0,0.0,0.0,21.34,3.0,0.0,1.0000000000000003e-05,True,2026-09-18 14:24:15+00:00,SPY260929P00780000
SPY,2026-09-21,761.6900024414062,2026-09-30,C,375.0,0.0,0.0,386.82,1.0,0.0,1.0000000000000003e-05,True,2026-09-14 19:40:11+00:00,SPY260930C00375000
SPY,2026-09-21,761.6900024414062,2026-09-30,C,380.0,0.0,0.0,379.26,9.0,0.0,1.0000000000000003e-05,True,2026-09-18 16:45:24+00:00,SPY260930C00380000
SPY,2026-09-21,761.6900024414062,2026-09-30,C,410.0,353.35,356.12,347.15,3.0,1.0,2.1232957073974603,True,2026-07-16 17:36:34+00:00,SPY260930C00410000
SPY,2026-09-21,761.6900024414062,2026-09-30,C,415.0,348.35,351.14,340.0,41.0,73.0,2.088139545288085,True,2026-07-13 15:48:20+00:00,SPY260930C00415000
SPY,2026-09-21,761.6900024414062,2026-09-30,C,420.0,0.0,0.0,341.52,7.0,0.0,1.0000000000000003e-05,True,2026-09-17 14:35:50+00:00,SPY260930C00420000
SPY,2026-09-21,761.6900024414062,2026-09-30,C,425.0,0.0,0.0,341.62,44.0,0.0,1.0000000000000003e-05,True,2026-08-31 19:05:39+00:00,SPY260930C00425000
SPY,2026-09-21,761.6900024414062,2026-09-30,C,440.0,0.0,0.0,303.01,2.0,0.0,1.0000000000000003e-05,True,2026-05-18 14:50:23+00:00,SPY260930C00440000
SPY,2026-09-21,761.6900024414062,2026-09-30,C,450.0,0.0,0.0,303.49,,0.0,1.0000000000000003e-05,True,2026-05-27 14:49:18+00:00,SPY260930C00450000
SPY,2026-09-21,761.6900024414062,2026-09-30,C,460.0,282.14,285.65,229.77,,0.0,1.0000000000000003e-05,True,2026-04-09 17:24:56+00:00,SPY260930C00460000
SPY,2026-09-21,761.6900024414062,2026-09-30,C,470.0,286.58,289.97,275.35,1.0,0.0,1.0000000000000003e-05,True,2026-06-12 18:25:01+00:00,SPY260930C00470000
SPY,2026-09-21,761.6900024414062,2026-09-30,C,475.0,0.0,0.0,287.83,105.0,0.0,1.0000000000000003e-05,True,2026-09-17 19:51:13+00:00,SPY260930C00475000
SPY,2026-09-21,761.6900024414062,2026-09-30,C,480.0,0.0,0.0,283.08,2.0,0.0,1.0000000000000003e-05,True,2026-09-17 19:56:14+00:00,SPY260930C00480000
SPY,2026-09-21,761.6900024414062,2026-09-30,C,485.0,0.0,0.0,278.1,40.0,0.0,1.0000000000000003e-05,True,2026-09-17 19:56:51+00:00,SPY260930C00485000
SPY,2026-09-21,761.6900024414062,2026-09-30,C,490.0,0.0,0.0,269.47,1.0,0.0,1.0000000000000003e-05,True,2026-09-18 14:31:40+00:00,SPY260930C00490000
SPY,2026-09-21,761.6900024414062,2026-09-30,C,495.0,0.0,0.0,268.1,25.0,0.0,1.0000000000000003e-05,True,2026-09-17 19:55:58+00:00,SPY260930C00495000
SPY,2026-09-21,761.6900024414062,2026-09-30,C,500.0,0.0,0.0,263.08,50.0,0.0,1.0000000000000003e-05,True,2026-09-17 19:51:41+00:00,SPY260930C00500000
SPY,2026-09-21,761.6900024414062,2026-09-30,C,505.0,0.0,0.0,258.12,30.0,0.0,1.0000000000000003e-05,True,2026-09-17 19:56:51+00:00,SPY260930C00505000
SPY,2026-09-21,761.6900024414062,2026-09-30,C,510.0,0.0,0.0,253.09,5.0,0.0,1.0000000000000003e-05,True,2026-09-17 19:56:14+00:00,SPY260930C00510000
SPY,2026-09-21,761.6900024414062,2026-09-30,C,515.0,0.0,0.0,248.08,50.0,0.0,1.0000000000000003e-05,True,2026-09-17 19:51:41+00:00,SPY260930C00515000
SPY,2026-09-21,761.6900024414062,2026-09-30,C,520.0,0.0,0.0,243.12,30.0,0.0,1.0000000000000003e-05,True,2026-09-17 19:56:51+00:00,SPY260930C00520000
SPY,2026-09-21,761.6900024414062,2026-09-30,C,525.0,0.0,0.0,238.07,5.0,0.0,1.0000000000000003e-05,True,2026-09-17 19:56:14+00:00,SPY260930C00525000
SPY,2026-09-21,761.6900024414062,2026-09-30,C,530.0,0.0,0.0,232.94,50.0,0.0,1.0000000000000003e-05,True,2026-09-17 19:51:41+00:00,SPY260930C00530000
SPY,2026-09-21,761.6900024414062,2026-09-30,C,535.0,0.0,0.0,227.84,50.0,0.0,1.0000000000000003e-05,True,2026-09-17 19:51:41+00:00,SPY260930C00535000
SPY,2026-09-21,761.6900024414062,2026-09-30,C,540.0,0.0,0.0,221.77,27.0,0.0,1.0000000000000003e-05,True,2026-09-18 19:05:16+00:00,SPY260930C00540000
SPY,2026-09-21,761.6900024414062,2026-09-30,C,545.0,0.0,0.0,218.07,5.0,0.0,1.0000000000000003e-05,True,2026-09-17 19:56:14+00:00,SPY260930C00545000
SPY,2026-09-21,761.6900024414062,2026-09-30,C,550.0,0.0,0.0,213.07,20.0,0.0,1.0000000000000003e-05,True,2026-09-17 19:55:58+00:00,SPY260930C00550000
SPY,2026-09-21,761.6900024414062,2026-09-30,C,555.0,0.0,0.0,208.07,5.0,0.0,1.0000000000000003e-05,True,2026-09-17 19:55:58+00:00,SPY260930C00555000
SPY,2026-09-21,761.6900024414062,2026-09-30,C,560.0,0.0,0.0,203.07,20.0,0.0,1.0000000000000003e-05,True,2026-09-17 19:55:58+00:00,SPY260930C00560000
SPY,2026-09-21,761.6900024414062,2026-09-30,C,565.0,0.0,0.0,198.07,5.0,0.0,1.0000000000000003e-05,True,2026-09-17 19:55:58+00:00,SPY260930C00565000
SPY,2026-09-21,761.6900024414062,2026-09-30,C,570.0,0.0,0.0,192.84,75.0,0.0,1.0000000000000003e-05,True,2026-09-17 19:51:13+00:00,SPY260930C00570000
SPY,2026-09-21,761.6900024414062,2026-09-30,C,575.0,0.0,0.0,188.19,250.0,0.0,1.0000000000000003e-05,True,2026-09-17 19:55:22+00:00,SPY260930C00575000
SPY,2026-09-21,761.6900024414062,2026-09-30,C,580.0,0.0,0.0,183.07,5.0,0.0,1.0000000000000003e-05,True,2026-09-17 19:55:58+00:00,SPY260930C00580000
SPY,2026-09-21,761.6900024414062,2026-09-30,C,585.0,0.0,0.0,177.97,500.0,0.0,1.0000000000000003e-05,True,2026-09-17 19:51:02+00:00,SPY260930C00585000
SPY,2026-09-21,761.6900024414062,2026-09-30,C,590.0,0.0,0.0,172.9,95.0,0.0,1.0000000000000003e-05,True,2026-09-17 19:51:29+00:00,SPY260930C00590000
SPY,2026-09-21,761.6900024414062,2026-09-30,C,594.0,0.0,0.0,165.7,4.0,0.0,1.0000000000000003e-05,True,2026-09-18 14:14:57+00:00,SPY260930C00594000
SPY,2026-09-21,761.6900024414062,2026-09-30,C,595.0,0.0,0.0,167.94,250.0,0.0,1.0000000000000003e-05,True,2026-09-17 19:55:22+00:00,SPY260930C00595000
SPY,2026-09-21,761.6900024414062,2026-09-30,C,596.0,0.0,0.0,166.82,5.0,0.0,1.0000000000000003e-05,True,2026-09-17 19:51:18+00:00,SPY260930C00596000
SPY,2026-09-21,761.6900024414062,2026-09-30,C,597.0,0.0,0.0,166.1,10.0,0.0,1.0000000000000003e-05,True,2026-09-17 19:55:58+00:00,SPY260930C00597000
SPY,2026-09-21,761.6900024414062,2026-09-30,C,598.0,0.0,0.0,165.21,1500.0,0.0,1.0000000000000003e-05,True,2026-09-17 19:57:11+00:00,SPY260930C00598000
SPY,2026-09-21,761.6900024414062,2026-09-30,C,599.0,0.0,0.0,164.21,1500.0,0.0,1.0000000000000003e-05,True,2026-09-17 19:57:11+00:00,SPY260930C00599000
SPY,2026-09-21,761.6900024414062,2026-09-30,C,600.0,0.0,0.0,163.11,1502.0,0.0,1.0000000000000003e-05,True,2026-09-17 19:57:11+00:00,SPY260930C00600000
SPY,2026-09-21,761.6900024414062,2026-09-30,C,601.0,0.0,0.0,161.91,750.0,0.0,1.0000000000000003e-05,True,2026-09-17 19:50:56+00:00,SPY260930C00601000
SPY,2026-09-21,761.6900024414062,2026-09-30,C,602.0,0.0,0.0,160.97,50.0,0.0,1.0000000000000003e-05,True,2026-09-17 19:51:41+00:00,SPY260930C00602000
SPY,2026-09-21,761.6900024414062,2026-09-30,C,603.0,0.0,0.0,160.01,50.0,0.0,1.0000000000000003e-05,True,2026-09-17 19:51:41+00:00,SPY260930C00603000
SPY,2026-09-21,761.6900024414062,2026-09-30,C,604.0,0.0,0.0,159.01,50.0,0.0,1.0000000000000003e-05,True,2026-09-17 19:51:41+00:00,SPY260930C00604000
SPY,2026-09-21,761.6900024414062,2026-09-30,C,605.0,0.0,0.0,158.11,1500.0,0.0,1.0000000000000003e-05,True,2026-09-17 19:57:11+00:00,SPY260930C00605000
SPY,2026-09-21,761.6900024414062,2026-09-30,C,606.0,0.0,0.0,157.21,1500.0,0.0,1.0000000000000003e-05,True,2026-09-17 19:57:11+00:00,SPY260930C00606000
SPY,2026-09-21,761.6900024414062,2026-09-30,C,607.0,0.0,0.0,156.22,15.0,0.0,1.0000000000000003e-05,True,2026-09-17 19:53:49+00:00,SPY260930C00607000
SPY,2026-09-21,761.6900024414062,2026-09-30,C,608.0,0.0,0.0,154.87,150.0,0.0,1.0000000000000003e-05,True,2026-09-17 19:51:23+00:00,SPY260930C00608000
SPY,2026-09-21,761.6900024414062,2026-09-30,C,609.0,0.0,0.0,154.01,50.0,0.0,1.0000000000000003e-05,True,2026-09-17 19:51:41+00:00,SPY260930C00609000
SPY,2026-09-21,761.6900024414062,2026-09-30,C,610.0,0.0,0.0,152.92,500.0,0.0,1.0000000000000003e-05,True,2026-09-17 19:51:02+00:00,SPY260930C00610000
SPY,2026-09-21,761.6900024414062,2026-09-30,C,611.0,0.0,0.0,151.81,1000.0,0.0,1.0000000000000003e-05,True,2026-09-17 19:50:56+00:00,SPY260930C00611000
SPY,2026-09-21,761.6900024414062,2026-09-30,C,612.0,0.0,0.0,151.03,100.0,0.0,1.0000000000000003e-05,True,2026-09-17 19:51:07+00:00,SPY260930C00612000
SPY,2026-09-21,761.6900024414062,2026-09-30,C,613.0,0.0,0.0,150.01,50.0,0.0,1.0000000000000003e-05,True,2026-09-17 19:51:41+00:00,SPY260930C00613000
SPY,2026-09-21,761.6900024414062,2026-09-30,C,614.0,0.0,0.0,149.1,10.0,0.0,1.0000000000000003e-05,True,2026-09-17 19:55:58+00:00,SPY260930C00614000
SPY,2026-09-21,761.6900024414062,2026-09-30,C,615.0,0.0,0.0,147.95,361.0,0.0,1.0000000000000003e-05,True,2026-09-17 19:59:40+00:00,SPY260930C00615000
SPY,2026-09-21,761.6900024414062,2026-09-30,C,616.0,0.0,0.0,147.03,200.0,0.0,1.0000000000000003e-05,True,2026-09-17 19:53:45+00:00,SPY260930C00616000
SPY,2026-09-21,761.6900024414062,2026-09-30,C,617.0,0.0,0.0,146.03,100.0,0.0,1.0000000000000003e-05,True,2026-09-17 19:51:07+00:00,SPY260930C00617000
SPY,2026-09-21,761.6900024414062,2026-09-30,C,618.0,0.0,0.0,144.75,200.0,0.0,1.0000000000000003e-05,True,2026-09-17 19:53:45+00:00,SPY260930C00618000
SPY,2026-09-21,761.6900024414062,2026-09-30,C,619.0,0.0,0.0,144.11,50.0,0.0,1.0000000000000003e-05,True,2026-09-17 19:51:29+00:00,SPY260930C00619000
SPY,2026-09-21,761.6900024414062,2026-09-30,C,620.0,0.0,0.0,143.21,1001.0,0.0,1.0000000000000003e-05,True,2026-09-17 19:52:22+00:00,SPY260930C00620000
SPY,2026-09-21,761.6900024414062,2026-09-30,C,621.0,0.0,0.0,142.1,50.0,0.0,1.0000000000000003e-05,True,2026-09-17 19:55:22+00:00,SPY260930C00621000
SPY,2026-09-21,761.6900024414062,2026-09-30,C,622.0,0.0,0.0,141.0,10.0,0.0,1.0000000000000003e-05,True,2026-09-17 19:55:58+00:00,SPY260930C00622000
SPY,2026-09-21,761.6900024414062,2026-09-30,C,623.0,0.0,0.0,136.83,2.0,0.0,1.0000000000000003e-05,True,2026-09-18 14:19:08+00:00,SPY260930C00623000
SPY,2026-09-21,761.6900024414062,2026-09-30,C,624.0,0.0,0.0,139.09,5.0,0.0,1.0000000000000003e-05,True,2026-09-17 19:56:14+00:00,SPY260930C00624000
SPY,2026-09-21,761.6900024414062,2026-09-30,C,625.0,0.0,0.0,138.19,250.0,0.0,1.0000000000000003e-05,True,2026-09-17 19:55:22+00:00,SPY260930C00625000
SPY,2026-09-21,761.6900024414062,2026-09-30,C,626.0,0.0,0.0,137.4,200.0,0.0,1.0000000000000003e-05,True,2026-09-17 19:53:45+00:00,SPY260930C00626000
SPY,2026-09-21,761.6900024414062,2026-09-30,C,627.0,0.0,0.0,135.88,163.0,0.0,1.0000000000000003e-05,True,2026-09-17 19:51:23+00:00,SPY260930C00627000
SPY,2026-09-21,761.6900024414062,2026-09-30,C,628.0,0.0,0.0,135.27,15.0,0.0,1.0000000000000003e-05,True,2026-09-17 19:53:49+00:00,SPY260930C00628000
SPY,2026-09-21,761.6900024414062,2026-09-30,C,629.0,0.0,0.0,134.4,200.0,0.0,1.0000000000000003e-05,True,2026-09-17 19:53:45+00:00,SPY260930C00629000
SPY,2026-09-21,761.6900024414062,2026-09-30,C,630.0,0.0,0.0,132.89,1000.0,0.0,1.0000000000000003e-05,True,2026-09-17 19:50:56+00:00,SPY260930C00630000
SPY,2026-09-21,761.6900024414062,2026-09-30,C,631.0,0.0,0.0,131.89,750.0,0.0,1.0000000000000003e-05,True,2026-09-17 19:50:56+00:00,SPY260930C00631000
SPY,2026-09-21,761.6900024414062,2026-09-30,C,632.0,0.0,0.0,131.06,150.0,0.0,1.0000000000000003e-05,True,2026-09-17 19:55:40+00:00,SPY260930C00632000
SPY,2026-09-21,761.6900024414062,2026-09-30,C,633.0,0.0,0.0,130.29,300.0,0.0,1.0000000000000003e-05,True,2026-09-17 19:55:47+00:00,SPY260930C00633000
SPY,2026-09-21,761.6900024414062,2026-09-30,C,634.0,0.0,0.0,129.05,150.0,0.0,1.0000000000000003e-05,True,2026-09-17 19:55:40+00:00,SPY260930C00634000
SPY,2026-09-21,761.6900024414062,2026-09-30,C,635.0,0.0,0.0,127.85,510.0,0.0,1.0000000000000003e-05,True,2026-09-17 19:50:56+00:00,SPY260930C00635000
SPY,2026-09-21,761.6900024414062,2026-09-30,C,636.0,0.0,0.0,127.05,152.0,0.0,1.0000000000000003e-05,True,2026-09-17 19:55:40+00:00,SPY260930C00636000
SPY,2026-09-21,761.6900024414062,2026-09-30,C,637.0,0.0,0.0,126.06,200.0,0.0,1.0000000000000003e-05,True,2026-09-17 19:55:22+00:00,SPY260930C00637000
SPY,2026-09-21,761.6900024414062,2026-09-30,C,638.0,0.0,0.0,125.29,300.0,0.0,1.0000000000000003e-05,True,2026-09-17 19:55:47+00:00,SPY260930C00638000
SPY,2026-09-21,761.6900024414062,2026-09-30,C,639.0,0.0,0.0,123.92,500.0,0.0,1.0000000000000003e-05,True,2026-09-17 19:51:02+00:00,SPY260930C00639000
SPY,2026-09-21,761.6900024414062,2026-09-30,C,640.0,0.0,0.0,122.99,502.0,0.0,1.0000000000000003e-05,True,2026-09-17 19:51:02+00:00,SPY260930C00640000
SPY,2026-09-21,761.6900024414062,2026-09-30,C,641.0,0.0,0.0,121.92,300.0,0.0,1.0000000000000003e-05,True,2026-09-17 19:55:47+00:00,SPY260930C00641000
SPY,2026-09-21,761.6900024414062,2026-09-30,C,642.0,0.0,0.0,121.29,300.0,0.0,1.0000000000000003e-05,True,2026-09-17 19:55:47+00:00,SPY260930C00642000
SPY,2026-09-21,761.6900024414062,2026-09-30,C,643.0,0.0,0.0,120.0,150.0,0.0,1.0000000000000003e-05,True,2026-09-17 19:55:53+00:00,SPY260930C00643000
SPY,2026-09-21,761.6900024414062,2026-09-30,C,644.0,0.0,0.0,119.06,200.0,0.0,1.0000000000000003e-05,True,2026-09-17 19:55:22+00:00,SPY260930C00644000
SPY,2026-09-21,761.6900024414062,2026-09-30,C,645.0,0.0,0.0,118.13,350.0,0.0,1.0000000000000003e-05,True,2026-09-17 19:55:53+00:00,SPY260930C00645000
SPY,2026-09-21,761.6900024414062,2026-09-30,C,646.0,0.0,0.0,117.11,25.0,0.0,1.0000000000000003e-05,True,2026-09-17 19:56:51+00:00,SPY260930C00646000
SPY,2026-09-21,761.6900024414062,2026-09-30,C,647.0,0.0,0.0,116.06,206.0,0.0,1.0000000000000003e-05,True,2026-09-17 19:55:22+00:00,SPY260930C00647000
SPY,2026-09-21,761.6900024414062,2026-09-30,C,648.0,0.0,0.0,115.09,6.0,0.0,1.0000000000000003e-05,True,2026-09-17 19:56:14+00:00,SPY260930C00648000
SPY,2026-09-21,761.6900024414062,2026-09-30,C,649.0,0.0,0.0,114.1,25.0,0.0,1.0000000000000003e-05,True,2026-09-17 19:56:35+00:00,SPY260930C00649000
SPY,2026-09-21,761.6900024414062,2026-09-30,C,650.0,0.0,0.0,112.37,5.0,0.0,1.0000000000000003e-05,True,2026-09-18 19:47:34+00:00,SPY260930C00650000
SPY,2026-09-21,761.6900024414062,2026-09-30,C,651.0,0.0,0.0,111.93,100.0,0.0,1.0000000000000003e-05,True,2026-09-17 19:51:07+00:00,SPY260930C00651000
SPY,2026-09-21,761.6900024414062,2026-09-30,C,652.0,0.0,0.0,110.11,17.0,0.0,1.0000000000000003e-05,True,2026-09-17 19:55:00+00:00,SPY260930C00652000
SPY,2026-09-21,761.6900024414062,2026-09-30,C,653.0,0.0,0.0,109.91,30.0,0.0,1.0000000000000003e-05,True,2026-09-17 19:51:23+00:00,SPY260930C00653000
SPY,2026-09-21,761.6900024414062,2026-09-30,C,654.0,0.0,0.0,109.23,15.0,0.0,1.0000000000000003e-05,True,2026-09-17 19:53:49+00:00,SPY260930C00654000
SPY,2026-09-21,761.6900024414062,2026-09-30,C,655.0,0.0,0.0,108.05,151.0,0.0,1.0000000000000003e-05,True,2026-09-17 19:55:40+00:00,SPY260930C00655000
SPY,2026-09-21,761.6900024414062,2026-09-30,C,656.0,0.0,0.0,103.5,1.0,0.0,1.0000000000000003e-05,True,2026-09-18 17:04:57+00:00,SPY260930C00656000
SPY,2026-09-21,761.6900024414062,2026-09-30,C,657.0,0.0,0.0,105.99,10.0,0.0,1.0000000000000003e-05,True,2026-09-17 19:51:36+00:00,SPY260930C00657000
SPY,2026-09-21,761.6900024414062,2026-09-30,C,658.0,0.0,0.0,105.1,25.0,0.0,1.0000000000000003e-05,True,2026-09-17 19:56:35+00:00,SPY260930C00658000
SPY,2026-09-21,761.6900024414062,2026-09-30,C,659.0,0.0,0.0,103.75,50.0,0.0,1.0000000000000003e-05,True,2026-09-17 19:51:29+00:00,SPY260930C00659000
SPY,2026-09-21,761.6900024414062,2026-09-30,C,660.0,0.0,0.0,103.13,359.0,0.0,1.0000000000000003e-05,True,2026-09-17 19:55:53+00:00,SPY260930C00660000
SPY,2026-09-21,761.6900024414062,2026-09-30,C,661.0,0.0,0.0,102.12,15.0,0.0,1.0000000000000003e-05,True,2026-09-17 19:56:51+00:00,SPY260930C00661000
SPY,2026-09-21,761.6900024414062,2026-09-30,C,662.0,0.0,0.0,101.08,15.0,0.0,1.0000000000000003e-05,True,2026-09-17 19:53:49+00:00,SPY260930C00662000
SPY,2026-09-21,761.6900024414062,2026-09-30,C,663.0,0.0,0.0,99.71,100.0,0.0,1.0000000000000003e-05,True,2026-09-17 19:51:07+00:00,SPY260930C00663000
SPY,2026-09-21,761.6900024414062,2026-09-30,C,664.0,0.0,0.0,99.06,210.0,0.0,1.0000000000000003e-05,True,2026-09-17 19:55:22+00:00,SPY260930C00664000
SPY,2026-09-21,761.6900024414062,2026-09-30,C,665.0,0.0,0.0,98.05,154.0,0.0,1.0000000000000003e-05,True,2026-09-17 19:55:40+00:00,SPY260930C00665000
SPY,2026-09-21,761.6900024414062,2026-09-30,C,666.0,0.0,0.0,96.75,50.0,0.0,1.0000000000000003e-05,True,2026-09-17 19:51:29+00:00,SPY260930C00666000
SPY,2026-09-21,761.6900024414062,2026-09-30,C,667.0,0.0,0.0,95.89,100.0,0.0,1.0000000000000003e-05,True,2026-09-17 19:51:23+00:00,SPY260930C00667000
SPY,2026-09-21,761.6900024414062,2026-09-30,C,668.0,0.0,0.0,95.05,150.0,0.0,1.0000000000000003e-05,True,2026-09-17 19:55:40+00:00,SPY260930C00668000
SPY,2026-09-21,761.6900024414062,2026-09-30,C,669.0,0.0,0.0,94.13,313.0,0.0,1.0000000000000003e-05,True,2026-09-17 19:55:53+00:00,SPY260930C00669000
SPY,2026-09-21,761.6900024414062,2026-09-30,C,670.0,0.0,0.0,93.22,3015.0,0.0,1.0000000000000003e-05,True,2026-09-17 19:57:11+00:00,SPY260930C00670000
SPY,2026-09-21,761.6900024414062,2026-09-30,C,671.0,0.0,0.0,92.05,150.0,0.0,1.0000000000000003e-05,True,2026-09-17 19:55:40+00:00,SPY260930C00671000
SPY,2026-09-21,761.6900024414062,2026-09-30,C,672.0,0.0,0.0,90.75,50.0,0.0,1.0000000000000003e-05,True,2026-09-17 19:51:29+00:00,SPY260930C00672000
SPY,2026-09-21,761.6900024414062,2026-09-30,C,673.0,0.0,0.0,90.11,50.0,0.0,1.0000000000000003e-05,True,2026-09-17 19:51:29+00:00,SPY260930C00673000
SPY,2026-09-21,761.6900024414062,2026-09-30,C,674.0,0.0,0.0,87.57,1.0,0.0,1.0000000000000003e-05,True,2026-09-18 13:35:23+00:00,SPY260930C00674000
SPY,2026-09-21,761.6900024414062,2026-09-30,C,675.0,0.0,0.0,86.78,19.0,0.0,1.0000000000000003e-05,True,2026-09-18 14:08:04+00:00,SPY260930C00675000
SPY,2026-09-21,761.6900024414062,2026-09-30,C,676.0,0.0,0.0,86.85,50.0,0.0,1.0000000000000003e-05,True,2026-09-17 19:51:13+00:00,SPY260930C00676000
SPY,2026-09-21,761.6900024414062,2026-09-30,C,677.0,0.0,0.0,86.13,310.0,0.0,1.0000000000000003e-05,True,2026-09-17 19:55:53+00:00,SPY260930C00677000
SPY,2026-09-21,761.6900024414062,2026-09-30,C,678.0,0.0,0.0,85.09,25.0,0.0,1.0000000000000003e-05,True,2026-09-17 19:56:35+00:00,SPY260930C00678000
SPY,2026-09-21,761.6900024414062,2026-09-30,C,679.0,0.0,0.0,83.89,100.0,0.0,1.0000000000000003e-05,True,2026-09-17 19:51:23+00:00,SPY260930C00679000
SPY,2026-09-21,761.6900024414062,2026-09-30,C,680.0,0.0,0.0,82.88,814.0,0.0,1.0000000000000003e-05,True,2026-09-17 19:50:56+00:00,SPY260930C00680000
SPY,2026-09-21,761.6900024414062,2026-09-30,C,681.0,0.0,0.0,81.84,53.0,0.0,1.0000000000000003e-05,True,2026-09-17 19:51:13+00:00,SPY260930C00681000
SPY,2026-09-21,761.6900024414062,2026-09-30,C,682.0,0.0,0.0,81.4,150.0,0.0,1.0000000000000003e-05,True,2026-09-17 19:53:45+00:00,SPY260930C00682000
SPY,2026-09-21,761.6900024414062,2026-09-30,C,683.0,0.0,0.0,80.4,151.0,0.0,1.0000000000000003e-05,True,2026-09-17 19:53:45+00:00,SPY260930C00683000
SPY,2026-09-21,761.6900024414062,2026-09-30,C,684.0,0.0,0.0,78.78,50.0,0.0,1.0000000000000003e-05,True,2026-09-17 19:51:13+00:00,SPY260930C00684000
SPY,2026-09-21,761.6900024414062,2026-09-30,C,685.0,0.0,0.0,78.13,377.0,0.0,1.0000000000000003e-05,True,2026-09-17 19:55:53+00:00,SPY260930C00685000
SPY,2026-09-21,761.6900024414062,2026-09-30,C,686.0,0.0,0.0,76.82,104.0,0.0,1.0000000000000003e-05,True,2026-09-17 19:51:23+00:00,SPY260930C00686000
SPY,2026-09-21,761.6900024414062,2026-09-30,C,687.0,0.0,0.0,76.05,210.0,0.0,1.0000000000000003e-05,True,2026-09-17 19:55:22+00:00,SPY260930C00687000
SPY,2026-09-21,761.6900024414062,2026-09-30,C,688.0,0.0,0.0,74.48,10.0,0.0,1.0000000000000003e-05,True,2026-09-17 18:31:07+00:00,SPY260930C00688000
SPY,2026-09-21,761.6900024414062,2026-09-30,C,689.0,0.0,0.0,72.79,1.0,0.0,1.0000000000000003e-05,True,2026-09-18 13:38:24+00:00,SPY260930C00689000
SPY,2026-09-21,761.6900024414062,2026-09-30,C,690.0,0.0,0.0,74.62,25.0,0.0,1.0000000000000003e-05,True,2026-09-17 19:53:03+00:00,SPY260930C00690000
SPY,2026-09-21,761.6900024414062,2026-09-30,C,691.0,0.0,0.0,69.86,4.0,0.0,1.0000000000000003e-05,True,2026-09-18 13:53:04+00:00,SPY260930C00691000
SPY,2026-09-21,761.6900024414062,2026-09-30,C,692.0,0.0,0.0,69.55,10.0,0.0,1.0000000000000003e-05,True,2026-09-17 15:31:50+00:00,SPY260930C00692000
SPY,2026-09-21,761.6900024414062,2026-09-30,C,693.0,0.0,0.0,74.04,1.0,0.0,1.0000000000000003e-05,True,2026-09-08 19:51:25+00:00,SPY260930C00693000
SPY,2026-09-21,761.6900024414062,2026-09-30,C,694.0,0.0,0.0,76.66,4.0,0.0,1.0000000000000003e-05,True,2026-09-04 17:30:27+00:00,SPY260930C00694000
SPY,2026-09-21,761.6900024414062,2026-09-30,C,695.0,0.0,0.0,67.02,16.0,0.0,1.0000000000000003e-05,True,2026-09-18 19:24:50+00:00,SPY260930C00695000
SPY,2026-09-21,761.6900024414062,2026-09-30,C,696.0,0.0,0.0,74.69,4.0,0.0,1.0000000000000003e-05,True,2026-09-04 17:30:27+00:00,SPY260930C00696000
SPY,2026-09-21,761.6900024414062,2026-09-30,C,697.0,0.0,0.0,67.56,2.0,0.0,1.0000000000000003e-05,True,2026-09-09 14:44:02+00:00,SPY260930C00697000
SPY,2026-09-21,761.6900024414062,2026-09-30,C,698.0,0.0,0.0,64.21,2.0,0.0,1.0000000000000003e-05,True,2026-09-17 16:07:58+00:00,SPY260930C00698000
SPY,2026-09-21,761.6900024414062,2026-09-30,C,699.0,0.0,0.0,63.64,1705.0,0.0,1.0000000000000003e-05,True,2026-09-14 15:57:19+00:00,SPY260930C00699000
SPY,2026-09-21,761.6900024414062,2026-09-30,C,700.0,0.0,0.0,60.66,4.0,0.0,1.0000000000000003e-05,True,2026-09-18 15:01:45+00:00,SPY260930C00700000
SPY,2026-09-21,761.6900024414062,2026-09-30,C,701.0,0.0,0.0,58.79,302.0,0.0,1.0000000000000003e-05,True,2026-09-16 14:20:32+00:00,SPY260930C00701000
SPY,2026-09-21,761.6900024414062,2026-09-30,C,702.0,0.0,0.0,50.25,1.0,0.0,1.0000000000000003e-05,True,2026-09-16 19:33:39+00:00,SPY260930C00702000
SPY,2026-09-21,761.6900024414062,2026-09-30,C,703.0,0.0,0.0,57.48,153.0,0.0,1.0000000000000003e-05,True,2026-09-14 15:30:48+00:00,SPY260930C00703000
SPY,2026-09-21,761.6900024414062,2026-09-30,C,704.0,0.0,0.0,58.41,5.0,0.0,1.0000000000000003e-05,True,2026-09-17 16:48:19+00:00,SPY260930C00704000
SPY,2026-09-21,761.6900024414062,2026-09-30,C,705.0,0.0,0.0,57.08,5.0,0.0,1.0000000000000003e-05,True,2026-09-18 19:29:09+00:00,SPY260930C00705000
SPY,2026-09-21,761.6900024414062,2026-09-30,C,706.0,0.0,0.0,58.97,2.0,0.0,1.0000000000000003e-05,True,2026-09-09 13:39:57+00:00,SPY260930C00706000
SPY,2026-09-21,761.6900024414062,2026-09-30,C,707.0,0.0,0.0,54.32,1.0,0.0,1.0000000000000003e-05,True,2026-09-17 13:36:59+00:00,SPY260930C00707000
SPY,2026-09-21,761.6900024414062,2026-09-30,C,708.0,0.0,0.0,54.61,4.0,0.0,1.0000000000000003e-05,True,2026-09-17 16:48:03+00:00,SPY260930C00708000
SPY,2026-09-21,761.6900024414062,2026-09-30,C,709.0,0.0,0.0,50.69,2.0,0.0,1.0000000000000003e-05,True,2026-09-16 14:13:06+00:00,SPY260930C00709000
SPY,2026-09-21,761.6900024414062,2026-09-30,C,710.0,0.0,0.0,51.81,22.0,0.0,1.0000000000000003e-05,True,2026-09-18 19:34:43+00:00,SPY260930C00710000
SPY,2026-09-21,761.6900024414062,2026-09-30,C,711.0,0.0,0.0,49.48,198.0,0.0,1.0000000000000003e-05,True,2026-09-10 15:01:38+00:00,SPY260930C00711000
SPY,2026-09-21,761.6900024414062,2026-09-30,C,712.0,0.0,0.0,49.62,1.0,0.0,1.0000000000000003e-05,True,2026-09-18 13:30:07+00:00,SPY260930C00712000
SPY,2026-09-21,761.6900024414062,2026-09-30,C,713.0,0.0,0.0,49.49,2.0,0.0,1.0000000000000003e-05,True,2026-09-18 19:44:02+00:00,SPY260930C00713000
SPY,2026-09-21,761.6900024414062,2026-09-30,C,714.0,0.0,0.0,46.19,3.0,0.0,1.0000000000000003e-05,True,2026-09-16 17:09:36+00:00,SPY260930C00714000
SPY,2026-09-21,761.6900024414062,2026-09-30,C,715.0,0.0,0.0,45.43,2.0,0.0,1.0000000000000003e-05,True,2026-09-18 14:32:58+00:00,SPY260930C00715000
SPY,2026-09-21,761.6900024414062,2026-09-30,C,716.0,0.0,0.0,40.8,41.0,0.0,1.0000000000000003e-05,True,2026-09-16 18:52:47+00:00,SPY260930C00716000
SPY,2026-09-21,761.6900024414062,2026-09-30,C,717.0,0.0,0.0,42.0,4.0,0.0,1.0000000000000003e-05,True,2026-09-15 14:15:32+00:00,SPY260930C00717000
SPY,2026-09-21,761.6900024414062,2026-09-30,C,718.0,0.0,0.0,44.22,4.0,0.0,1.0000000000000003e-05,True,2026-09-17 16:07:58+00:00,SPY260930C00718000
SPY,2026-09-21,761.6900024414062,2026-09-30,C,719.0,0.0,0.0,42.02,2.0,0.0,1.0000000000000003e-05,True,2026-09-17 13:42:37+00:00,SPY260930C00719000
SPY,2026-09-21,761.6900024414062,2026-09-30,C,720.0,0.0,0.0,44.2,19.0,0.0,1.0000000000000003e-05,True,2026-09-18 20:13:02+00:00,SPY260930C00720000
SPY,2026-09-21,761.6900024414062,2026-09-30,C,721.0,0.0,0.0,41.56,2.0,0.0,1.0000000000000003e-05,True,2026-09-17 16:47:50+00:00,SPY260930C00721000
SPY,2026-09-21,761.6900024414062,2026-09-30,C,722.0,0.0,0.0,40.46,4.0,0.0,1.0000000000000003e-05,True,2026-09-18 13:42:06+00:00,SPY260930C00722000
SPY,2026-09-21,761.6900024414062,2026-09-30,C,723.0,0.0,0.0,39.22,24.0,0.0,1.0000000000000003e-05,True,2026-09-18 13:38:59+00:00,SPY260930C00723000
SPY,2026-09-21,761.6900024414062,2026-09-30,C,724.0,0.0,0.0,37.16,19.0,0.0,1.0000000000000003e-05,True,2026-09-17 14:18:09+00:00,SPY260930C00724000
SPY,2026-09-21,761.6900024414062,2026-09-30,C,725.0,0.0,0.0,35.64,9.0,0.0,1.0000000000000003e-05,True,2026-09-18 15:43:24+00:00,SPY260930C00725000
SPY,2026-09-21,761.6900024414062,2026-09-30,C,726.0,0.0,0.0,29.52,9.0,0.0,1.0000000000000003e-05,True,2026-09-16 19:58:57+00:00,SPY260930C00726000
SPY,2026-09-21,761.6900024414062,2026-09-30,C,727.0,0.0,0.0,33.32,2.0,0.0,1.0000000000000003e-05,True,2026-09-18 16:05:54+00:00,SPY260930C00727000
SPY,2026-09-21,761.6900024414062,2026-09-30,C,728.0,0.0,0.0,32.73,4.0,0.0,1.0000000000000003e-05,True,2026-09-18 14:33:02+00:00,SPY260930C00728000
SPY,2026-09-21,761.6900024414062,2026-09-30,C,729.0,0.0,0.0,31.82,1.0,0.0,1.0000000000000003e-05,True,2026-09-18 14:07:21+00:00,SPY260930C00729000
SPY,2026-09-21,761.6900024414062,2026-09-30,C,730.0,0.0,0.0,34.26,35.0,0.0,1.0000000000000003e-05,True,2026-09-18 20:14:10+00:00,SPY260930C00730000
SPY,2026-09-21,761.6900024414062,2026-09-30,C,731.0,0.0,0.0,24.97,1.0,0.0,1.0000000000000003e-05,True,2026-09-16 19:57:52+00:00,SPY260930C00731000
SPY,2026-09-21,761.6900024414062,2026-09-30,C,732.0,0.0,0.0,29.73,46.0,0.0,1.0000000000000003e-05,True,2026-09-17 13:47:01+00:00,SPY260930C00732000
SPY,2026-09-21,761.6900024414062,2026-09-30,C,733.0,0.0,0.0,26.95,199.0,0.0,1.0000000000000003e-05,True,2026-09-16 18:32:23+00:00,SPY260930C00733000
SPY,2026-09-21,761.6900024414062,2026-09-30,C,734.0,0.0,0.0,26.4,16.0,0.0,1.0000000000000003e-05,True,2026-09-18 16:12:44+00:00,SPY260930C00734000
SPY,2026-09-21,761.6900024414062,2026-09-30,C,735.0,0.0,0.0,28.63,1.0,0.0,1.0000000000000003e-05,True,2026-09-18 19:59:31+00:00,SPY260930C00735000
SPY,2026-09-21,761.6900024414062,2026-09-30,C,736.0,0.0,0.0,25.77,29.0,0.0,1.0000000000000003e-05,True,2026-09-18 18:06:15+00:00,SPY260930C00736000
SPY,2026-09-21,761.6900024414062,2026-09-30,C,737.0,0.0,0.0,24.03,2.0,0.0,1.0000000000000003e-05,True,2026-09-18 14:05:15+00:00,SPY260930C00737000
SPY,2026-09-21,761.6900024414062,2026-09-30,C,738.0,0.0,0.0,23.71,7.0,0.0,1.0000000000000003e-05,True,2026-09-18 15:16:02+00:00,SPY260930C00738000
SPY,2026-09-21,761.6900024414062,2026-09-30,C,739.0,0.0,0.0,24.29,8.0,0.0,1.0000000000000003e-05,True,2026-09-18 19:05:47+00:00,SPY260930C00739000
SPY,2026-09-21,761.6900024414062,2026-09-30,C,740.0,0.0,0.0,21.43,450.0,0.0,1.0000000000000003e-05,True,2026-09-18 16:45:22+00:00,SPY260930C00740000
SPY,2026-09-21,761.6900024414062,2026-09-30,C,741.0,0.0,0.0,20.7,1.0,0.0,1.0000000000000003e-05,True,2026-09-18 14:18:57+00:00,SPY260930C00741000
SPY,2026-09-21,761.6900024414062,2026-09-30,C,742.0,0.0,0.0,21.63,72.0,0.0,1.0000000000000003e-05,True,2026-09-17 18:55:21+00:00,SPY260930C00742000
SPY,2026-09-21,761.6900024414062,2026-09-30,C,743.0,0.0,0.0,20.36,1.0,0.0,1.0000000000000003e-05,True,2026-09-17 14:40:43+00:00,SPY260930C00743000
SPY,2026-09-21,761.6900024414062,2026-09-30,C,744.0,0.0,0.0,19.46,2.0,0.0,1.0000000000000003e-05,True,2026-09-18 13:38:58+00:00,SPY260930C00744000
SPY,2026-09-21,761.6900024414062,2026-09-30,C,745.0,0.0,0.0,19.1,56.0,0.0,1.0000000000000003e-05,True,2026-09-18 19:57:00+00:00,SPY260930C00745000
SPY,2026-09-21,761.6900024414062,2026-09-30,C,746.0,0.0,0.0,17.71,2.0,0.0,1.0000000000000003e-05,True,2026-09-18 13:38:58+00:00,SPY260930C00746000
SPY,2026-09-21,761.6900024414062,2026-09-30,C,747.0,0.0,0.0,15.56,86.0,0.0,1.0000000000000003e-05,True,2026-09-18 17:17:20+00:00,SPY260930C00747000
SPY,2026-09-21,761.6900024414062,2026-09-30,C,748.0,0.0,0.0,14.3,229.0,0.0,1.0000000000000003e-05,True,2026-09-18 16:05:55+00:00,SPY260930C00748000
SPY,2026-09-21,761.6900024414062,2026-09-30,C,749.0,0.0,0.0,13.84,915.0,0.0,1.0000000000000003e-05,True,2026-09-18 16:59:44+00:00,SPY260930C00749000
SPY,2026-09-21,761.6900024414062,2026-09-30,C,750.0,0.0,0.0,15.46,821.0,0.0,1.0000000000000003e-05,True,2026-09-18 20:14:58+00:00,SPY260930C00750000
SPY,2026-09-21,761.6900024414062,2026-09-30,C,751.0,0.0,0.0,13.1,328.0,0.0,1.0000000000000003e-05,True,2026-09-18 18:36:08+00:00,SPY260930C00751000
SPY,2026-09-21,761.6900024414062,2026-09-30,C,752.0,0.0,0.0,12.13,885.0,0.0,1.0000000000000003e-05,True,2026-09-18 18:37:06+00:00,SPY260930C00752000
SPY,2026-09-21,761.6900024414062,2026-09-30,C,753.0,0.0,0.0,11.36,642.0,0.0,1.0000000000000003e-05,True,2026-09-18 18:37:14+00:00,SPY260930C00753000
SPY,2026-09-21,761.6900024414062,2026-09-30,C,754.0,0.0,0.0,10.2,738.0,0.0,1.0000000000000003e-05,True,2026-09-18 17:55:44+00:00,SPY260930C00754000
SPY,2026-09-21,761.6900024414062,2026-09-30,C,755.0,0.0,0.0,11.6,2247.0,0.0,1.0000000000000003e-05,True,2026-09-18 20:10:23+00:00,SPY260930C00755000
SPY,2026-09-21,761.6900024414062,2026-09-30,C,756.0,0.0,0.0,10.58,1676.0,0.0,1.0000000000000003e-05,True,2026-09-18 20:03:34+00:00,SPY260930C00756000
SPY,2026-09-21,761.6900024414062,2026-09-30,C,757.0,0.0,0.0,9.85,904.0,0.0,1.0000000000000003e-05,True,2026-09-18 20:08:32+00:00,SPY260930C00757000
SPY,2026-09-21,761.6900024414062,2026-09-30,C,758.0,0.0,0.0,9.0,535.0,0.0,1.0000000000000003e-05,True,2026-09-18 20:02:00+00:00,SPY260930C00758000
SPY,2026-09-21,761.6900024414062,2026-09-30,C,759.0,0.0,0.0,8.0,418.0,0.0,1.0000000000000003e-05,True,2026-09-18 19:55:07+00:00,SPY260930C00759000
SPY,2026-09-21,761.6900024414062,2026-09-30,C,760.0,0.0,0.0,8.18,3645.0,0.0,1.0000000000000003e-05,True,2026-09-18 20:14:58+00:00,SPY260930C00760000
SPY,2026-09-21,761.6900024414062,2026-09-30,C,761.0,0.0,0.0,7.02,3549.0,0.0,1.0000000000000003e-05,True,2026-09-18 20:06:37+00:00,SPY260930C00761000
SPY,2026-09-21,761.6900024414062,2026-09-30,C,762.0,0.0,0.0,6.61,2846.0,0.0,0.000986552734375,False,2026-09-18 20:14:57+00:00,SPY260930C00762000
SPY,2026-09-21,761.6900024414062,2026-09-30,C,763.0,0.0,0.0,6.13,663.0,0.0,0.0039162109375,False,2026-09-18 20:11:48+00:00,SPY260930C00763000
SPY,2026-09-21,761.6900024414062,2026-09-30,C,764.0,0.0,0.0,5.51,1282.0,0.0,0.0039162109375,False,2026-09-18 20:12:37+00:00,SPY260930C00764000
SPY,2026-09-21,761.6900024414062,2026-09-30,C,765.0,0.0,0.0,4.93,1488.0,0.0,0.007822421875,False,2026-09-18 20:12:36+00:00,SPY260930C00765000
SPY,2026-09-21,761.6900024414062,2026-09-30,C,766.0,0.0,0.0,4.32,503.0,0.0,0.007822421875,False,2026-09-18 20:11:01+00:00,SPY260930C00766000
SPY,2026-09-21,761.6900024414062,2026-09-30,C,767.0,0.0,0.0,3.92,408.0,0.0,0.007822421875,False,2026-09-18 20:13:40+00:00,SPY260930C00767000
SPY,2026-09-21,761.6900024414062,2026-09-30,C,768.0,0.0,0.0,3.12,641.0,0.0,0.015634843750000002,False,2026-09-18 20:01:37+00:00,SPY260930C00768000
SPY,2026-09-21,761.6900024414062,2026-09-30,C,769.0,0.0,0.0,2.51,930.0,0.0,0.015634843750000002,False,2026-09-18 19:59:29+00:00,SPY260930C00769000
SPY,2026-09-21,761.6900024414062,2026-09-30,C,770.0,0.0,0.0,2.6,1732.0,0.0,0.015634843750000002,False,2026-09-18 20:14:53+00:00,SPY260930C00770000
SPY,2026-09-21,761.6900024414062,2026-09-30,C,771.0,0.0,0.0,2.26,682.0,0.0,0.015634843750000002,False,2026-09-18 20:11:06+00:00,SPY260930C00771000
SPY,2026-09-21,761.6900024414062,2026-09-30,C,772.0,0.0,0.0,1.98,658.0,0.0,0.015634843750000002,False,2026-09-18 20:12:42+00:00,SPY260930C00772000
SPY,2026-09-21,761.6900024414062,2026-09-30,C,773.0,0.0,0.0,1.65,1265.0,0.0,0.015634843750000002,False,2026-09-18 20:14:25+00:00,SPY260930C00773000
SPY,2026-09-21,761.6900024414062,2026-09-30,C,774.0,0.0,0.0,1.43,597.0,0.0,0.015634843750000002,False,2026-09-18 20:12:46+00:00,SPY260930C00774000
SPY,2026-09-21,761.6900024414062,2026-09-30,C,775.0,0.0,0.0,1.18,1623.0,0.0,0.0312596875,False,2026-09-18 20:14:32+00:00,SPY260930C00775000
SPY,2026-09-21,761.6900024414062,2026-09-30,C,776.0,0.0,0.0,0.99,192.0,0.0,0.0312596875,False,2026-09-18 20:14:22+00:00,SPY260930C00776000
SPY,2026-09-21,761.6900024414062,2026-09-30,C,777.0,0.0,0.0,0.83,361.0,0.0,0.0312596875,False,2026-09-18 20:14:34+00:00,SPY260930C00777000
SPY,2026-09-21,761.6900024414062,2026-09-30,C,778.0,0.0,0.0,0.7,1375.0,0.0,0.0312596875,False,2026-09-18 20:12:32+00:00,SPY260930C00778000
SPY,2026-09-21,761.6900024414062,2026-09-30,C,779.0,0.0,0.0,0.55,5115.0,0.0,0.0312596875,False,2026-09-18 20:10:16+00:00,SPY260930C00779000
SPY,2026-09-21,761.6900024414062,2026-09-30,C,780.0,0.0,0.0,0.46,2501.0,0.0,0.0312596875,False,2026-09-18 20:14:42+00:00,SPY260930C00780000
SPY,2026-09-21,761.6900024414062,2026-09-30,C,781.0,0.0,0.0,0.31,438.0,0.0,0.0312596875,False,2026-09-18 20:00:55+00:00,SPY260930C00781000
SPY,2026-09-21,761.6900024414062,2026-09-30,C,782.0,0.0,0.0,0.25,546.0,0.0,0.0312596875,False,2026-09-18 20:00:52+00:00,SPY260930C00782000
SPY,2026-09-21,761.6900024414062,2026-09-30,C,783.0,0.0,0.0,0.25,235.0,0.0,0.0312596875,False,2026-09-18 20:14:22+00:00,SPY260930C00783000
SPY,2026-09-21,761.6900024414062,2026-09-30,C,784.0,0.0,0.0,0.2,498.0,0.0,0.0312596875,False,2026-09-18 20:06:20+00:00,SPY260930C00784000
SPY,2026-09-21,761.6900024414062,2026-09-30,C,785.0,0.0,0.0,0.18,750.0,0.0,0.0312596875,False,2026-09-18 20:12:29+00:00,SPY260930C00785000
SPY,2026-09-21,761.6900024414062,2026-09-30,C,786.0,0.0,0.0,0.14,73.0,0.0,0.0312596875,False,2026-09-18 20:07:19+00:00,SPY260930C00786000
SPY,2026-09-21,761.6900024414062,2026-09-30,C,787.0,0.0,0.0,0.1,717.0,0.0,0.0312596875,False,2026-09-18 19:56:07+00:00,SPY260930C00787000
SPY,2026-09-21,761.6900024414062,2026-09-30,C,788.0,0.0,0.0,0.07,798.0,0.0,0.0312596875,False,2026-09-18 19:42:40+00:00,SPY260930C00788000
SPY,2026-09-21,761.6900024414062,2026-09-30,C,789.0,0.0,0.0,0.09,411.0,0.0,0.062509375,False,2026-09-18 20:04:38+00:00,SPY260930C00789000
SPY,2026-09-21,761.6900024414062,2026-09-30,C,790.0,0.0,0.0,0.09,1322.0,0.0,0.062509375,False,2026-09-18 20:14:28+00:00,SPY260930C00790000
SPY,2026-09-21,761.6900024414062,2026-09-30,C,791.0,0.0,0.0,0.07,39.0,0.0,0.062509375,False,2026-09-18 20:14:17+00:00,SPY260930C00791000
SPY,2026-09-21,761.6900024414062,2026-09-30,C,792.0,0.0,0.0,0.05,81.0,0.0,0.062509375,False,2026-09-18 19:27:04+00:00,SPY260930C00792000
SPY,2026-09-21,761.6900024414062,2026-09-30,C,793.0,0.0,0.0,0.06,10.0,0.0,0.062509375,False,2026-09-18 18:54:13+00:00,SPY260930C00793000
SPY,2026-09-21,761.6900024414062,2026-09-30,C,794.0,0.0,0.0,0.05,277.0,0.0,0.062509375,False,2026-09-18 19:56:06+00:00,SPY260930C00794000
SPY,2026-09-21,761.6900024414062,2026-09-30,C,795.0,0.0,0.0,0.04,47.0,0.0,0.062509375,False,2026-09-18 19:58:06+00:00,SPY260930C00795000
SPY,2026-09-21,761.6900024414062,2026-09-30,C,796.0,0.0,0.0,0.03,11.0,0.0,0.062509375,False,2026-09-18 19:56:21+00:00,SPY260930C00796000
SPY,2026-09-21,761.6900024414062,2026-09-30,C,797.0,0.0,0.0,0.03,37.0,0.0,0.062509375,False,2026-09-18 19:56:06+00:00,SPY260930C00797000
SPY,2026-09-21,761.6900024414062,2026-09-30,C,798.0,0.0,0.0,0.03,19.0,0.0,0.062509375,False,2026-09-18 19:58:06+00:00,SPY260930C00798000
SPY,2026-09-21,761.6900024414062,2026-09-30,C,799.0,0.0,0.0,0.03,6946.0,0.0,0.062509375,False,2026-09-18 19:57:01+00:00,SPY260930C00799000
SPY,2026-09-21,761.6900024414062,2026-09-30,C,800.0,0.0,0.0,0.03,8276.0,0.0,0.062509375,False,2026-09-18 20:04:07+00:00,SPY260930C00800000
SPY,2026-09-21,761.6900024414062,2026-09-30,C,801.0,0.0,0.0,0.03,206.0,0.0,0.062509375,False,2026-09-18 18:10:08+00:00,SPY260930C00801000
SPY,2026-09-21,761.6900024414062,2026-09-30,C,802.0,0.0,0.0,0.03,6.0,0.0,0.062509375,False,2026-09-18 18:49:38+00:00,SPY260930C00802000
SPY,2026-09-21,761.6900024414062,2026-09-30,C,803.0,0.0,0.0,0.02,14.0,0.0,0.062509375,False,2026-09-18 18:55:00+00:00,SPY260930C00803000
SPY,2026-09-21,761.6900024414062,2026-09-30,C,804.0,0.0,0.0,0.02,7.0,0.0,0.062509375,False,2026-09-18 18:53:20+00:00,SPY260930C00804000
SPY,2026-09-21,761.6900024414062,2026-09-30,C,805.0,0.0,0.0,0.02,41.0,0.0,0.062509375,False,2026-09-18 18:55:16+00:00,SPY260930C00805000
SPY,2026-09-21,761.6900024414062,2026-09-30,C,806.0,0.0,0.0,0.03,6.0,0.0,0.062509375,False,2026-09-18 18:53:54+00:00,SPY260930C00806000
SPY,2026-09-21,761.6900024414062,2026-09-30,C,807.0,0.0,0.0,0.03,9.0,0.0,0.062509375,False,2026-09-18 18:55:34+00:00,SPY260930C00807000
SPY,2026-09-21,761.6900024414062,2026-09-30,C,808.0,0.0,0.0,0.02,16.0,0.0,0.062509375,False,2026-09-18 19:31:18+00:00,SPY260930C00808000
SPY,2026-09-21,761.6900024414062,2026-09-30,C,809.0,0.0,0.0,0.02,47.0,0.0,0.062509375,False,2026-09-18 19:36:32+00:00,SPY260930C00809000
SPY,2026-09-21,761.6900024414062,2026-09-30,C,810.0,0.0,0.0,0.02,460.0,0.0,0.062509375,False,2026-09-18 19:29:37+00:00,SPY260930C00810000
SPY,2026-09-21,761.6900024414062,2026-09-30,C,811.0,0.0,0.0,0.02,59.0,0.0,0.062509375,False,2026-09-18 18:51:18+00:00,SPY260930C00811000
SPY,2026-09-21,761.6900024414062,2026-09-30,C,812.0,0.0,0.0,0.01,56.0,0.0,0.062509375,False,2026-09-18 18:52:26+00:00,SPY260930C00812000
SPY,2026-09-21,761.6900024414062,2026-09-30,C,813.0,0.0,0.0,0.02,7.0,0.0,0.062509375,False,2026-09-18 18:51:38+00:00,SPY260930C00813000
SPY,2026-09-21,761.6900024414062,2026-09-30,C,814.0,0.0,0.0,0.01,7.0,0.0,0.062509375,False,2026-09-18 18:52:17+00:00,SPY260930C00814000
SPY,2026-09-21,761.6900024414062,2026-09-30,C,815.0,0.0,0.0,0.01,5.0,0.0,0.062509375,False,2026-09-18 18:46:08+00:00,SPY260930C00815000
SPY,2026-09-21,761.6900024414062,2026-09-30,C,816.0,0.0,0.0,0.01,10.0,0.0,0.062509375,False,2026-09-18 16:00:33+00:00,SPY260930C00816000
SPY,2026-09-21,761.6900024414062,2026-09-30,C,817.0,0.0,0.0,0.02,4.0,0.0,0.062509375,False,2026-09-17 15:38:45+00:00,SPY260930C00817000
SPY,2026-09-21,761.6900024414062,2026-09-30,C,818.0,0.0,0.0,0.03,2.0,0.0,0.062509375,False,2026-09-17 16:13:28+00:00,SPY260930C00818000
SPY,2026-09-21,761.6900024414062,2026-09-30,C,819.0,0.0,0.0,0.01,4.0,0.0,0.12500875,False,2026-09-18 14:18:56+00:00,SPY260930C00819000
SPY,2026-09-21,761.6900024414062,2026-09-30,C,820.0,0.0,0.0,0.02,104.0,0.0,0.12500875,False,2026-09-18 17:02:41+00:00,SPY260930C00820000
SPY,2026-09-21,761.6900024414062,2026-09-30,C,821.0,0.0,0.0,0.01,201.0,0.0,0.12500875,False,2026-09-18 19:27:13+00:00,SPY260930C00821000
SPY,2026-09-21,761.6900024414062,2026-09-30,C,822.0,0.0,0.0,0.02,200.0,0.0,0.12500875,False,2026-09-18 14:26:24+00:00,SPY260930C00822000
SPY,2026-09-21,761.6900024414062,2026-09-30,C,823.0,0.0,0.0,0.01,200.0,0.0,0.12500875,False,2026-09-18 14:20:12+00:00,SPY260930C00823000
SPY,2026-09-21,761.6900024414062,2026-09-30,C,824.0,0.0,0.0,0.02,2.0,0.0,0.12500875,False,2026-09-16 19:04:36+00:00,SPY260930C00824000
SPY,2026-09-21,761.6900024414062,2026-09-30,C,825.0,0.0,0.0,0.01,213.0,0.0,0.12500875,False,2026-09-18 14:41:26+00:00,SPY260930C00825000
SPY,2026-09-21,761.6900024414062,2026-09-30,C,826.0,0.0,0.0,0.01,240.0,0.0,0.12500875,False,2026-09-18 14:15:53+00:00,SPY260930C00826000
SPY,2026-09-21,761.6900024414062,2026-09-30,C,827.0,0.0,0.0,0.01,200.0,0.0,0.12500875,False,2026-09-18 14:13:58+00:00,SPY260930C00827000
SPY,2026-09-21,761.6900024414062,2026-09-30,C,828.0,0.0,0.0,0.02,101.0,0.0,0.12500875,False,2026-09-17 20:09:53+00:00,SPY260930C00828000
SPY,2026-09-21,761.6900024414062,2026-09-30,C,829.0,0.0,0.0,0.01,200.0,0.0,0.12500875,False,2026-09-18 14:13:26+00:00,SPY260930C00829000
SPY,2026-09-21,761.6900024414062,2026-09-30,C,830.0,0.0,0.0,0.01,200.0,0.0,0.12500875,False,2026-09-18 14:11:25+00:00,SPY260930C00830000
SPY,2026-09-21,761.6900024414062,2026-09-30,C,831.0,0.0,0.0,0.02,200.0,0.0,0.12500875,False,2026-09-18 14:10:52+00:00,SPY260930C00831000
SPY,2026-09-21,761.6900024414062,2026-09-30,C,832.0,0.0,0.0,0.01,212.0,0.0,0.12500875,False,2026-09-18 19:36:34+00:00,SPY260930C00832000
SPY,2026-09-21,761.6900024414062,2026-09-30,C,833.0,0.0,0.0,0.01,213.0,0.0,0.12500875,False,2026-09-18 19:31:16+00:00,SPY260930C00833000
SPY,2026-09-21,761.6900024414062,2026-09-30,C,834.0,0.0,0.0,0.01,392.0,0.0,0.12500875,False,2026-09-18 19:28:37+00:00,SPY260930C00834000
SPY,2026-09-21,761.6900024414062,2026-09-30,C,835.0,0.0,0.0,0.01,6.0,0.0,0.12500875,False,2026-09-16 17:03:27+00:00,SPY260930C00835000
SPY,2026-09-21,761.6900024414062,2026-09-30,C,836.0,0.0,0.0,0.01,559.0,0.0,0.12500875,False,2026-09-18 18:53:20+00:00,SPY260930C00836000
SPY,2026-09-21,761.6900024414062,2026-09-30,C,837.0,0.0,0.0,0.01,751.0,0.0,0.12500875,False,2026-09-18 19:28:37+00:00,SPY260930C00837000
SPY,2026-09-21,761.6900024414062,2026-09-30,C,838.0,0.0,0.0,0.01,200.0,0.0,0.12500875,False,2026-09-18 14:16:46+00:00,SPY260930C00838000
SPY,2026-09-21,761.6900024414062,2026-09-30,C,839.0,0.0,0.0,0.01,40.0,0.0,0.12500875,False,2026-09-18 18:30:05+00:00,SPY260930C00839000
SPY,2026-09-21,761.6900024414062,2026-09-30,C,840.0,0.0,0.0,0.01,1584.0,0.0,0.12500875,False,2026-09-18 18:10:57+00:00,SPY260930C00840000
SPY,2026-09-21,761.6900024414062,2026-09-30,C,841.0,0.0,0.0,0.01,1847.0,0.0,0.12500875,False,2026-09-18 18:10:56+00:00,SPY260930C00841000
SPY,2026-09-21,761.6900024414062,2026-09-30,C,842.0,0.0,0.0,0.01,1700.0,0.0,0.12500875,False,2026-09-18 18:08:28+00:00,SPY260930C00842000
SPY,2026-09-21,761.6900024414062,2026-09-30,C,843.0,0.0,0.0,0.01,659.0,0.0,0.12500875,False,2026-09-18 18:08:31+00:00,SPY260930C00843000
SPY,2026-09-21,761.6900024414062,2026-09-30,C,844.0,0.0,0.0,0.01,2.0,0.0,0.12500875,False,2026-09-16 16:54:51+00:00,SPY260930C00844000
SPY,2026-09-21,761.6900024414062,2026-09-30,C,845.0,0.0,0.0,0.01,1.0,0.0,0.12500875,False,2026-09-15 15:17:50+00:00,SPY260930C00845000
SPY,2026-09-21,761.6900024414062,2026-09-30,C,846.0,0.0,0.0,0.01,200.0,0.0,0.12500875,False,2026-09-17 15:58:51+00:00,SPY260930C00846000
SPY,2026-09-21,761.6900024414062,2026-09-30,C,847.0,0.0,0.0,0.02,208.0,0.0,0.12500875,False,2026-09-10 19:59:56+00:00,SPY260930C00847000
SPY,2026-09-21,761.6900024414062,2026-09-30,C,848.0,0.0,0.0,0.01,1.0,0.0,0.12500875,False,2026-09-11 14:20:03+00:00,SPY260930C00848000
SPY,2026-09-21,761.6900024414062,2026-09-30,C,849.0,0.0,0.0,0.01,100.0,0.0,0.12500875,False,2026-09-18 13:42:08+00:00,SPY260930C00849000
SPY,2026-09-21,761.6900024414062,2026-09-30,C,850.0,0.0,0.0,0.01,5.0,0.0,0.12500875,False,2026-09-18 17:18:50+00:00,SPY260930C00850000
SPY,2026-09-21,761.6900024414062,2026-09-30,C,851.0,0.0,0.0,0.03,15.0,0.0,0.12500875,False,2026-08-31 16:40:32+00:00,SPY260930C00851000
SPY,2026-09-21,761.6900024414062,2026-09-30,C,852.0,0.0,0.0,0.02,6.0,0.0,0.12500875,False,2026-09-01 18:14:26+00:00,SPY260930C00852000
SPY,2026-09-21,761.6900024414062,2026-09-30,C,853.0,0.0,0.0,0.01,5.0,0.0,0.12500875,False,2026-09-16 19:21:57+00:00,SPY260930C00853000
SPY,2026-09-21,761.6900024414062,2026-09-30,C,854.0,0.0,0.0,0.03,2.0,0.0,0.12500875,False,2026-09-09 15:38:58+00:00,SPY260930C00854000
SPY,2026-09-21,761.6900024414062,2026-09-30,C,855.0,0.0,0.0,0.01,100.0,0.0,0.12500875,False,2026-09-17 15:58:02+00:00,SPY260930C00855000
SPY,2026-09-21,761.6900024414062,2026-09-30,C,856.0,0.0,0.0,0.01,100.0,0.0,0.12500875,False,2026-09-17 17:18:37+00:00,SPY260930C00856000
SPY,2026-09-21,761.6900024414062,2026-09-30,C,857.0,0.0,0.0,0.02,600.0,0.0,0.12500875,False,2026-09-01 14:39:40+00:00,SPY260930C00857000
SPY,2026-09-21,761.6900024414062,2026-09-30,C,858.0,0.0,0.0,0.02,20.0,0.0,0.12500875,False,2026-09-08 18:13:25+00:00,SPY260930C00858000
SPY,2026-09-21,761.6900024414062,2026-09-30,C,859.0,0.0,0.0,0.01,2.0,0.0,0.12500875,False,2026-09-16 20:11:12+00:00,SPY260930C00859000
SPY,2026-09-21,761.6900024414062,2026-09-30,C,860.0,0.0,0.0,0.01,28.0,0.0,0.12500875,False,2026-09-16 16:45:16+00:00,SPY260930C00860000
SPY,2026-09-21,761.6900024414062,2026-09-30,C,865.0,0.0,0.0,0.01,18.0,0.0,0.12500875,False,2026-09-16 16:45:16+00:00,SPY260930C00865000
SPY,2026-09-21,761.6900024414062,2026-09-30,C,870.0,0.0,0.0,0.02,59.0,0.0,0.12500875,False,2026-09-10 20:04:14+00:00,SPY260930C00870000
SPY,2026-09-21,761.6900024414062,2026-09-30,C,875.0,0.0,0.0,0.03,30.0,0.0,0.12500875,False,2026-09-03 18:48:40+00:00,SPY260930C00875000
SPY,2026-09-21,761.6900024414062,2026-09-30,C,880.0,0.0,0.0,0.01,8.0,0.0,0.12500875,False,2026-09-11 18:01:05+00:00,SPY260930C00880000
SPY,2026-09-21,761.6900024414062,2026-09-30,C,885.0,0.0,0.0,0.01,63.0,0.0,0.12500875,False,2026-09-10 14:06:20+00:00,SPY260930C00885000
SPY,2026-09-21,761.6900024414062,2026-09-30,C,890.0,0.0,0.0,0.01,83.0,0.0,0.2500075,False,2026-09-10 18:31:59+00:00,SPY260930C00890000
SPY,2026-09-21,761.6900024414062,2026-09-30,C,895.0,0.0,0.0,0.02,1.0,0.0,0.2500075,False,2026-08-26 14:21:22+00:00,SPY260930C00895000
SPY,2026-09-21,761.6900024414062,2026-09-30,C,900.0,0.0,0.0,0.01,1.0,0.0,0.2500075,False,2026-09-17 18:36:11+00:00,SPY260930C00900000
SPY,2026-09-21,761.6900024414062,2026-09-30,P,375.0,0.0,0.0,0.01,20.0,0.0,0.500005,False,2026-09-16 13:49:56+00:00,SPY260930P00375000
SPY,2026-09-21,761.6900024414062,2026-09-30,P,380.0,0.0,0.0,0.02,120.0,0.0,0.500005,False,2026-09-10 18:03:45+00:00,SPY260930P00380000
SPY,2026-09-21,761.6900024414062,2026-09-30,P,385.0,0.0,0.0,0.01,340.0,0.0,0.500005,False,2026-09-10 19:52:49+00:00,SPY260930P00385000
SPY,2026-09-21,761.6900024414062,2026-09-30,P,390.0,0.0,0.0,0.01,50.0,0.0,0.500005,False,2026-09-09 19:58:00+00:00,SPY260930P00390000
SPY,2026-09-21,761.6900024414062,2026-09-30,P,395.0,0.0,0.0,0.01,1.0,0.0,0.500005,False,2026-09-15 13:46:16+00:00,SPY260930P00395000
SPY,2026-09-21,761.6900024414062,2026-09-30,P,400.0,0.0,0.0,0.01,32.0,0.0,0.500005,False,2026-09-14 13:35:22+00:00,SPY260930P00400000
SPY,2026-09-21,761.6900024414062,2026-09-30,P,405.0,0.0,0.0,0.01,50.0,0.0,0.500005,False,2026-09-15 15:59:49+00:00,SPY260930P00405000
SPY,2026-09-21,761.6900024414062,2026-09-30,P,410.0,0.0,0.0,0.01,200.0,0.0,0.500005,False,2026-09-16 19:54:17+00:00,SPY260930P00410000
SPY,2026-09-21,761.6900024414062,2026-09-30,P,415.0,0.0,0.0,0.01,300.0,0.0,0.500005,False,2026-09-16 19:56:42+00:00,SPY260930P00415000
SPY,2026-09-21,761.6900024414062,2026-09-30,P,420.0,0.0,0.0,0.01,24.0,0.0,0.500005,False,2026-09-17 13:30:02+00:00,SPY260930P00420000
SPY,2026-09-21,761.6900024414062,2026-09-30,P,425.0,0.0,0.0,0.02,15.0,0.0,0.500005,False,2026-09-04 19:12:22+00:00,SPY260930P00425000
SPY,2026-09-21,761.6900024414062,2026-09-30,P,430.0,0.0,0.0,0.01,201.0,0.0,0.500005,False,2026-09-16 18:47:32+00:00,SPY260930P00430000
SPY,2026-09-21,761.6900024414062,2026-09-30,P,435.0,0.0,0.0,0.01,21.0,0.0,0.500005,False,2026-09-16 14:02:19+00:00,SPY260930P00435000
SPY,2026-09-21,761.6900024414062,2026-09-30,P,440.0,0.0,0.0,0.03,24.0,0.0,0.500005,False,2026-09-02 20:01:56+00:00,SPY260930P00440000
SPY,2026-09-21,761.6900024414062,2026-09-30,P,445.0,0.0,0.0,0.01,12.0,0.0,0.500005,False,2026-09-11 13:31:46+00:00,SPY260930P00445000
SPY,2026-09-21,761.6900024414062,2026-09-30,P,450.0,0.0,0.0,0.02,2.0,0.0,0.500005,False,2026-09-16 18:57:18+00:00,SPY260930P00450000
SPY,2026-09-21,761.6900024414062,2026-09-30,P,455.0,0.0,0.0,0.02,5.0,0.0,0.500005,False,2026-09-15 14:40:37+00:00,SPY260930P00455000
SPY,2026-09-21,761.6900024414062,2026-09-30,P,460.0,0.0,0.0,0.01,1.0,0.0,0.500005,False,2026-09-15 14:09:45+00:00,SPY260930P00460000
SPY,2026-09-21,761.6900024414062,2026-09-30,P,465.0,0.0,0.0,0.03,10.0,0.0,0.500005,False,2026-09-14 14:00:36+00:00,SPY260930P00465000
SPY,2026-09-21,761.6900024414062,2026-09-30,P,470.0,0.0,0.0,0.01,6.0,0.0,0.500005,False,2026-09-18 18:26:20+00:00,SPY260930P00470000
SPY,2026-09-21,761.6900024414062,2026-09-30,P,475.0,0.0,0.0,0.01,100.0,0.0,0.500005,False,2026-09-17 20:04:38+00:00,SPY260930P00475000
SPY,2026-09-21,761.6900024414062,2026-09-30,P,480.0,0.0,0.0,0.02,1.0,0.0,0.500005,False,2026-09-16 16:12:20+00:00,SPY260930P00480000
SPY,2026-09-21,761.6900024414062,2026-09-30,P,485.0,0.0,0.0,0.03,72.0,0.0,0.500005,False,2026-09-15 20:03:51+00:00,SPY260930P00485000
SPY,2026-09-21,761.6900024414062,2026-09-30,P,490.0,0.0,0.0,0.02,20.0,0.0,0.500005,False,2026-09-17 14:40:14+00:00,SPY260930P00490000
SPY,2026-09-21,761.6900024414062,2026-09-30,P,495.0,0.0,0.0,0.01,400.0,0.0,0.500005,False,2026-09-18 14:28:52+00:00,SPY260930P00495000
SPY,2026-09-21,761.6900024414062,2026-09-30,P,500.0,0.0,0.0,0.01,27.0,0.0,0.500005,False,2026-09-17 14:40:30+00:00,SPY260930P00500000
SPY,2026-09-21,761.6900024414062,2026-09-30,P,505.0,0.0,0.0,0.01,200.0,0.0,0.500005,False,2026-09-18 19:48:33+00:00,SPY260930P00505000
SPY,2026-09-21,761.6900024414062,2026-09-30,P,510.0,0.0,0.0,0.01,1.0,0.0,0.500005,False,2026-09-18 14:16:44+00:00,SPY260930P00510000
SPY,2026-09-21,761.6900024414062,2026-09-30,P,515.0,0.0,0.0,0.01,506.0,0.0,0.500005,False,2026-09-18 17:20:47+00:00,SPY260930P00515000
SPY,2026-09-21,761.6900024414062,2026-09-30,P,520.0,0.0,0.0,0.01,50.0,0.0,0.500005,False,2026-09-18 13:32:41+00:00,SPY260930P00520000
SPY,2026-09-21,761.6900024414062,2026-09-30,P,525.0,0.0,0.0,0.01,2.0,0.0,0.500005,False,2026-09-18 13:59:35+00:00,SPY260930P00525000
SPY,2026-09-21,761.6900024414062,2026-09-30,P,530.0,0.0,0.0,0.05,34.0,0.0,0.500005,False,2026-09-16 19:39:10+00:00,SPY260930P00530000
SPY,2026-09-21,761.6900024414062,2026-09-30,P,535.0,0.0,0.0,0.01,1.0,0.0,0.500005,False,2026-09-18 16:48:59+00:00,SPY260930P00535000
SPY,2026-09-21,761.6900024414062,2026-09-30,P,540.0,0.0,0.0,0.01,4.0,0.0,0.500005,False,2026-09-17 13:30:04+00:00,SPY260930P00540000
SPY,2026-09-21,761.6900024414062,2026-09-30,P,545.0,0.0,0.0,0.03,1.0,0.0,0.500005,False,2026-09-17 13:34:21+00:00,SPY260930P00545000
SPY,2026-09-21,761.6900024414062,2026-09-30,P,550.0,0.0,0.0,0.03,47.0,0.0,0.500005,False,2026-09-17 18:23:35+00:00,SPY260930P00550000
SPY,2026-09-21,761.6900024414062,2026-09-30,P,555.0,0.0,0.0,0.02,10.0,0.0,0.500005,False,2026-09-18 16:57:49+00:00,SPY260930P00555000
SPY,2026-09-21,761.6900024414062,2026-09-30,P,560.0,0.0,0.0,0.02,31.0,0.0,0.2500075,False,2026-09-18 15:32:24+00:00,SPY260930P00560000
SPY,2026-09-21,761.6900024414062,2026-09-30,P,565.0,0.0,0.0,0.02,24.0,0.0,0.2500075,False,2026-09-18 19:50:06+00:00,SPY260930P00565000
SPY,2026-09-21,761.6900024414062,2026-09-30,P,570.0,0.0,0.0,0.02,12.0,0.0,0.2500075,False,2026-09-18 16:58:07+00:00,SPY260930P00570000
SPY,2026-09-21,761.6900024414062,2026-09-30,P,575.0,0.0,0.0,0.03,3.0,0.0,0.2500075,False,2026-09-18 13:59:35+00:00,SPY260930P00575000
SPY,2026-09-21,761.6900024414062,2026-09-30,P,580.0,0.0,0.0,0.05,3.0,0.0,0.2500075,False,2026-09-17 17:25:42+00:00,SPY260930P00580000
SPY,2026-09-21,761.6900024414062,2026-09-30,P,585.0,0.0,0.0,0.03,195.0,0.0,0.2500075,False,2026-09-18 18:45:16+00:00,SPY260930P00585000
SPY,2026-09-21,761.6900024414062,2026-09-30,P,590.0,0.0,0.0,0.03,100.0,0.0,0.2500075,False,2026-09-18 19:58:57+00:00,SPY260930P00590000
SPY,2026-09-21,761.6900024414062,2026-09-30,P,594.0,0.0,0.0,0.03,48.0,0.0,0.2500075,False,2026-09-18 19:50:25+00:00,SPY260930P00594000
SPY,2026-09-21,761.6900024414062,2026-09-30,P,595.0,0.0,0.0,0.06,4.0,0.0,0.2500075,False,2026-09-17 17:51:07+00:00,SPY260930P00595000
SPY,2026-09-21,761.6900024414062,2026-09-30,P,596.0,0.0,0.0,0.13,15.0,0.0,0.2500075,False,2026-09-16 19:43:13+00:00,SPY260930P00596000
SPY,2026-09-21,761.6900024414062,2026-09-30,P,597.0,0.0,0.0,0.04,20.0,0.0,0.2500075,False,2026-09-17 19:59:48+00:00,SPY260930P00597000
SPY,2026-09-21,761.6900024414062,2026-09-30,P,598.0,0.0,0.0,0.16,29.0,0.0,0.2500075,False,2026-09-15 19:24:15+00:00,SPY260930P00598000
SPY,2026-09-21,761.6900024414062,2026-09-30,P,599.0,0.0,0.0,0.04,350.0,0.0,0.2500075,False,2026-09-18 16:26:20+00:00,SPY260930P00599000
SPY,2026-09-21,761.6900024414062,2026-09-30,P,600.0,0.0,0.0,0.04,431.0,0.0,0.2500075,False,2026-09-18 19:50:57+00:00,SPY260930P00600000
SPY,2026-09-21,761.6900024414062,2026-09-30,P,601.0,0.0,0.0,0.05,168.0,0.0,0.2500075,False,2026-09-17 17:56:04+00:00,SPY260930P00601000
SPY,2026-09-21,761.6900024414062,2026-09-30,P,602.0,0.0,0.0,0.04,40.0,0.0,0.2500075,False,2026-09-18 15:26:46+00:00,SPY260930P00602000
SPY,2026-09-21,761.6900024414062,2026-09-30,P,603.0,0.0,0.0,0.06,72.0,0.0,0.2500075,False,2026-09-17 18:15:45+00:00,SPY260930P00603000
SPY,2026-09-21,761.6900024414062,2026-09-30,P,604.0,0.0,0.0,0.06,11397.0,0.0,0.2500075,False,2026-09-17 18:57:25+00:00,SPY260930P00604000
SPY,2026-09-21,761.6900024414062,2026-09-30,P,605.0,0.0,0.0,0.06,10779.0,0.0,0.2500075,False,2026-09-17 18:57:26+00:00,SPY260930P00605000
SPY,2026-09-21,761.6900024414062,2026-09-30,P,606.0,0.0,0.0,0.07,2.0,0.0,0.2500075,False,2026-09-17 16:43:51+00:00,SPY260930P00606000
SPY,2026-09-21,761.6900024414062,2026-09-30,P,607.0,0.0,0.0,0.16,52.0,0.0,0.2500075,False,2026-09-16 19:11:16+00:00,SPY260930P00607000
SPY,2026-09-21,761.6900024414062,2026-09-30,P,608.0,0.0,0.0,0.04,22.0,0.0,0.2500075,False,2026-09-18 19:58:57+00:00,SPY260930P00608000
SPY,2026-09-21,761.6900024414062,2026-09-30,P,609.0,0.0,0.0,0.2,36.0,0.0,0.2500075,False,2026-09-16 19:25:26+00:00,SPY260930P00609000
SPY,2026-09-21,761.6900024414062,2026-09-30,P,610.0,0.0,0.0,0.04,9.0,0.0,0.2500075,False,2026-09-18 14:53:48+00:00,SPY260930P00610000
SPY,2026-09-21,761.6900024414062,2026-09-30,P,611.0,0.0,0.0,0.16,2.0,0.0,0.2500075,False,2026-09-16 19:10:32+00:00,SPY260930P00611000
SPY,2026-09-21,761.6900024414062,2026-09-30,P,612.0,0.0,0.0,0.18,126.0,0.0,0.2500075,False,2026-09-16 19:12:54+00:00,SPY260930P00612000
SPY,2026-09-21,761.6900024414062,2026-09-30,P,613.0,0.0,0.0,0.04,1.0,0.0,0.2500075,False,2026-09-18 13:36:44+00:00,SPY260930P00613000
SPY,2026-09-21,761.6900024414062,2026-09-30,P,614.0,0.0,0.0,0.19,78.0,0.0,0.2500075,False,2026-09-16 19:17:02+00:00,SPY260930P00614000
SPY,2026-09-21,761.6900024414062,2026-09-30,P,615.0,0.0,0.0,0.06,1.0,0.0,0.2500075,False,2026-09-17 19:53:05+00:00,SPY260930P00615000
SPY,2026-09-21,761.6900024414062,2026-09-30,P,616.0,0.0,0.0,0.18,1.0,0.0,0.2500075,False,2026-09-16 19:32:25+00:00,SPY260930P00616000
SPY,2026-09-21,761.6900024414062,2026-09-30,P,617.0,0.0,0.0,0.14,3.0,0.0,0.2500075,False,2026-09-16 18:52:13+00:00,SPY260930P00617000
SPY,2026-09-21,761.6900024414062,2026-09-30,P,618.0,0.0,0.0,0.05,1.0,0.0,0.2500075,False,2026-09-18 13:36:44+00:00,SPY260930P00618000
SPY,2026-09-21,761.6900024414062,2026-09-30,P,619.0,0.0,0.0,0.07,151.0,0.0,0.2500075,False,2026-09-17 19:32:28+00:00,SPY260930P00619000
SPY,2026-09-21,761.6900024414062,2026-09-30,P,620.0,0.0,0.0,0.06,1.0,0.0,0.2500075,False,2026-09-18 14:00:05+00:00,SPY260930P00620000
SPY,2026-09-21,761.6900024414062,2026-09-30,P,621.0,0.0,0.0,0.08,288.0,0.0,0.2500075,False,2026-09-17 18:15:44+00:00,SPY260930P00621000
SPY,2026-09-21,761.6900024414062,2026-09-30,P,622.0,0.0,0.0,0.08,288.0,0.0,0.2500075,False,2026-09-17 18:36:51+00:00,SPY260930P00622000
SPY,2026-09-21,761.6900024414062,2026-09-30,P,623.0,0.0,0.0,0.05,1.0,0.0,0.2500075,False,2026-09-18 13:37:17+00:00,SPY260930P00623000
SPY,2026-09-21,761.6900024414062,2026-09-30,P,624.0,0.0,0.0,0.07,6.0,0.0,0.2500075,False,2026-09-17 19:46:56+00:00,SPY260930P00624000
SPY,2026-09-21,761.6900024414062,2026-09-30,P,625.0,0.0,0.0,0.05,27.0,0.0,0.2500075,False,2026-09-18 19:49:54+00:00,SPY260930P00625000
SPY,2026-09-21,761.6900024414062,2026-09-30,P,626.0,0.0,0.0,0.21,1.0,0.0,0.2500075,False,2026-09-14 19:36:13+00:00,SPY260930P00626000
SPY,2026-09-21,761.6900024414062,2026-09-30,P,627.0,0.0,0.0,0.07,1.0,0.0,0.2500075,False,2026-09-17 13:30:00+00:00,SPY260930P00627000
SPY,2026-09-21,761.6900024414062,2026-09-30,P,628.0,0.0,0.0,0.05,1.0,0.0,0.2500075,False,2026-09-18 13:37:17+00:00,SPY260930P00628000
SPY,2026-09-21,761.6900024414062,2026-09-30,P,629.0,0.0,0.0,0.24,42.0,0.0,0.2500075,False,2026-09-16 19:30:22+00:00,SPY260930P00629000
SPY,2026-09-21,761.6900024414062,2026-09-30,P,630.0,0.0,0.0,0.09,8.0,0.0,0.2500075,False,2026-09-17 17:09:51+00:00,SPY260930P00630000
SPY,2026-09-21,761.6900024414062,2026-09-30,P,631.0,0.0,0.0,0.11,1.0,0.0,0.2500075,False,2026-09-17 14:01:10+00:00,SPY260930P00631000
SPY,2026-09-21,761.6900024414062,2026-09-30,P,632.0,0.0,0.0,0.06,3.0,0.0,0.2500075,False,2026-09-18 15:05:19+00:00,SPY260930P00632000
SPY,2026-09-21,761.6900024414062,2026-09-30,P,633.0,0.0,0.0,0.21,5.0,0.0,0.2500075,False,2026-09-16 18:58:46+00:00,SPY260930P00633000
SPY,2026-09-21,761.6900024414062,2026-09-30,P,634.0,0.0,0.0,0.06,1.0,0.0,0.2500075,False,2026-09-18 13:37:53+00:00,SPY260930P00634000
SPY,2026-09-21,761.6900024414062,2026-09-30,P,635.0,0.0,0.0,0.1,6.0,0.0,0.2500075,False,2026-09-17 16:09:27+00:00,SPY260930P00635000
SPY,2026-09-21,761.6900024414062,2026-09-30,P,636.0,0.0,0.0,0.24,30.0,0.0,0.2500075,False,2026-09-16 19:41:58+00:00,SPY260930P00636000
SPY,2026-09-21,761.6900024414062,2026-09-30,P,637.0,0.0,0.0,0.07,5.0,0.0,0.2500075,False,2026-09-18 19:31:03+00:00,SPY260930P00637000
SPY,2026-09-21,761.6900024414062,2026-09-30,P,638.0,0.0,0.0,0.07,7.0,0.0,0.2500075,False,2026-09-18 13:30:25+00:00,SPY260930P00638000
SPY,2026-09-21,761.6900024414062,2026-09-30,P,639.0,0.0,0.0,0.07,1.0,0.0,0.2500075,False,2026-09-18 13:37:53+00:00,SPY260930P00639000
SPY,2026-09-21,761.6900024414062,2026-09-30,P,640.0,0.0,0.0,0.07,27.0,0.0,0.2500075,False,2026-09-18 19:50:46+00:00,SPY260930P00640000
SPY,2026-09-21,761.6900024414062,2026-09-30,P,641.0,0.0,0.0,0.23,5.0,0.0,0.2500075,False,2026-09-16 18:56:01+00:00,SPY260930P00641000
SPY,2026-09-21,761.6900024414062,2026-09-30,P,642.0,0.0,0.0,0.11,2.0,0.0,0.2500075,False,2026-09-17 19:41:45+00:00,SPY260930P00642000
SPY,2026-09-21,761.6900024414062,2026-09-30,P,643.0,0.0,0.0,0.11,1.0,0.0,0.2500075,False,2026-09-17 18:32:37+00:00,SPY260930P00643000
SPY,2026-09-21,761.6900024414062,2026-09-30,P,644.0,0.0,0.0,0.13,1.0,0.0,0.2500075,False,2026-09-17 13:46:59+00:00,SPY260930P00644000
SPY,2026-09-21,761.6900024414062,2026-09-30,P,645.0,0.0,0.0,0.08,2.0,0.0,0.2500075,False,2026-09-18 14:10:53+00:00,SPY260930P00645000
SPY,2026-09-21,761.6900024414062,2026-09-30,P,646.0,0.0,0.0,0.13,1.0,0.0,0.2500075,False,2026-09-17 13:49:59+00:00,SPY260930P00646000
SPY,2026-09-21,761.6900024414062,2026-09-30,P,647.0,0.0,0.0,0.11,1.0,0.0,0.2500075,False,2026-09-17 19:58:01+00:00,SPY260930P00647000
SPY,2026-09-21,761.6900024414062,2026-09-30,P,648.0,0.0,0.0,0.08,2.0,0.0,0.2500075,False,2026-09-18 15:43:04+00:00,SPY260930P00648000
SPY,2026-09-21,761.6900024414062,2026-09-30,P,649.0,0.0,0.0,0.13,1.0,0.0,0.2500075,False,2026-09-17 14:35:58+00:00,SPY260930P00649000
SPY,2026-09-21,761.6900024414062,2026-09-30,P,650.0,0.0,0.0,0.09,28.0,0.0,0.2500075,False,2026-09-18 17:41:16+00:00,SPY260930P00650000
SPY,2026-09-21,761.6900024414062,2026-09-30,P,651.0,0.0,0.0,0.13,1.0,0.0,0.2500075,False,2026-09-17 13:38:24+00:00,SPY260930P00651000
SPY,2026-09-21,761.6900024414062,2026-09-30,P,652.0,0.0,0.0,0.29,7.0,0.0,0.2500075,False,2026-09-11 19:33:45+00:00,SPY260930P00652000
SPY,2026-09-21,761.6900024414062,2026-09-30,P,653.0,0.0,0.0,0.29,5.0,0.0,0.2500075,False,2026-09-04 14:36:29+00:00,SPY260930P00653000
SPY,2026-09-21,761.6900024414062,2026-09-30,P,654.0,0.0,0.0,0.27,6.0,0.0,0.2500075,False,2026-09-11 13:54:56+00:00,SPY260930P00654000
SPY,2026-09-21,761.6900024414062,2026-09-30,P,655.0,0.0,0.0,0.09,16.0,0.0,0.2500075,False,2026-09-18 19:51:38+00:00,SPY260930P00655000
SPY,2026-09-21,761.6900024414062,2026-09-30,P,656.0,0.0,0.0,0.35,11.0,0.0,0.12500875,False,2026-09-16 19:32:44+00:00,SPY260930P00656000
SPY,2026-09-21,761.6900024414062,2026-09-30,P,657.0,0.0,0.0,0.26,1.0,0.0,0.12500875,False,2026-09-16 16:31:36+00:00,SPY260930P00657000
SPY,2026-09-21,761.6900024414062,2026-09-30,P,658.0,0.0,0.0,0.1,1.0,0.0,0.12500875,False,2026-09-18 15:20:14+00:00,SPY260930P00658000
SPY,2026-09-21,761.6900024414062,2026-09-30,P,659.0,0.0,0.0,0.11,47.0,0.0,0.12500875,False,2026-09-18 16:31:57+00:00,SPY260930P00659000
SPY,2026-09-21,761.6900024414062,2026-09-30,P,660.0,0.0,0.0,0.1,26.0,0.0,0.12500875,False,2026-09-18 17:37:44+00:00,SPY260930P00660000
SPY,2026-09-21,761.6900024414062,2026-09-30,P,661.0,0.0,0.0,0.12,1.0,0.0,0.12500875,False,2026-09-18 13:35:30+00:00,SPY260930P00661000
SPY,2026-09-21,761.6900024414062,2026-09-30,P,662.0,0.0,0.0,0.11,1.0,0.0,0.12500875,False,2026-09-18 18:28:20+00:00,SPY260930P00662000
SPY,2026-09-21,761.6900024414062,2026-09-30,P,663.0,0.0,0.0,0.12,1.0,0.0,0.12500875,False,2026-09-18 14:41:07+00:00,SPY260930P00663000
SPY,2026-09-21,761.6900024414062,2026-09-30,P,664.0,0.0,0.0,0.43,7.0,0.0,0.12500875,False,2026-09-16 19:32:02+00:00,SPY260930P00664000
SPY,2026-09-21,761.6900024414062,2026-09-30,P,665.0,0.0,0.0,0.12,253.0,0.0,0.12500875,False,2026-09-18 18:29:25+00:00,SPY260930P00665000
SPY,2026-09-21,761.6900024414062,2026-09-30,P,666.0,0.0,0.0,0.18,35.0,0.0,0.12500875,False,2026-09-17 15:53:12+00:00,SPY260930P00666000
SPY,2026-09-21,761.6900024414062,2026-09-30,P,667.0,0.0,0.0,0.11,2.0,0.0,0.12500875,False,2026-09-18 18:55:42+00:00,SPY260930P00667000
SPY,2026-09-21,761.6900024414062,2026-09-30,P,668.0,0.0,0.0,0.1,5.0,0.0,0.12500875,False,2026-09-18 19:40:57+00:00,SPY260930P00668000
SPY,2026-09-21,761.6900024414062,2026-09-30,P,669.0,0.0,0.0,0.13,2.0,0.0,0.12500875,False,2026-09-18 18:23:17+00:00,SPY260930P00669000
SPY,2026-09-21,761.6900024414062,2026-09-30,P,670.0,0.0,0.0,0.14,252.0,0.0,0.12500875,False,2026-09-18 16:24:12+00:00,SPY260930P00670000
SPY,2026-09-21,761.6900024414062,2026-09-30,P,671.0,0.0,0.0,0.14,5.0,0.0,0.12500875,False,2026-09-18 13:30:03+00:00,SPY260930P00671000
SPY,2026-09-21,761.6900024414062,2026-09-30,P,672.0,0.0,0.0,0.13,1.0,0.0,0.12500875,False,2026-09-18 20:08:41+00:00,SPY260930P00672000
SPY,2026-09-21,761.6900024414062,2026-09-30,P,673.0,0.0,0.0,0.12,3.0,0.0,0.12500875,False,2026-09-18 19:55:21+00:00,SPY260930P00673000
SPY,2026-09-21,761.6900024414062,2026-09-30,P,674.0,0.0,0.0,0.15,1.0,0.0,0.12500875,False,2026-09-18 18:22:51+00:00,SPY260930P00674000
SPY,2026-09-21,761.6900024414062,2026-09-30,P,675.0,0.0,0.0,0.13,38.0,0.0,0.12500875,False,2026-09-18 18:54:05+00:00,SPY260930P00675000
SPY,2026-09-21,761.6900024414062,2026-09-30,P,676.0,0.0,0.0,0.13,96.0,0.0,0.12500875,False,2026-09-18 20:13:59+00:00,SPY260930P00676000
SPY,2026-09-21,761.6900024414062,2026-09-30,P,677.0,0.0,0.0,0.15,3.0,0.0,0.12500875,False,2026-09-18 17:55:31+00:00,SPY260930P00677000
SPY,2026-09-21,761.6900024414062,2026-09-30,P,678.0,0.0,0.0,0.14,4.0,0.0,0.12500875,False,2026-09-18 18:45:13+00:00,SPY260930P00678000
SPY,2026-09-21,761.6900024414062,2026-09-30,P,679.0,0.0,0.0,0.16,1.0,0.0,0.12500875,False,2026-09-18 13:58:29+00:00,SPY260930P00679000
SPY,2026-09-21,761.6900024414062,2026-09-30,P,680.0,0.0,0.0,0.14,15.0,0.0,0.12500875,False,2026-09-18 19:55:01+00:00,SPY260930P00680000
SPY,2026-09-21,761.6900024414062,2026-09-30,P,681.0,0.0,0.0,0.14,6.0,0.0,0.12500875,False,2026-09-18 19:40:06+00:00,SPY260930P00681000
SPY,2026-09-21,761.6900024414062,2026-09-30,P,682.0,0.0,0.0,0.15,41.0,0.0,0.12500875,False,2026-09-18 20:04:32+00:00,SPY260930P00682000
SPY,2026-09-21,761.6900024414062,2026-09-30,P,683.0,0.0,0.0,0.15,47.0,0.0,0.12500875,False,2026-09-18 19:57:32+00:00,SPY260930P00683000
SPY,2026-09-21,761.6900024414062,2026-09-30,P,684.0,0.0,0.0,0.2,3.0,0.0,0.12500875,False,2026-09-18 14:05:11+00:00,SPY260930P00684000
SPY,2026-09-21,761.6900024414062,2026-09-30,P,685.0,0.0,0.0,0.17,199.0,0.0,0.12500875,False,2026-09-18 18:46:31+00:00,SPY260930P00685000
SPY,2026-09-21,761.6900024414062,2026-09-30,P,686.0,0.0,0.0,0.26,16.0,0.0,0.12500875,False,2026-09-17 17:06:45+00:00,SPY260930P00686000
SPY,2026-09-21,761.6900024414062,2026-09-30,P,687.0,0.0,0.0,0.19,1.0,0.0,0.12500875,False,2026-09-18 18:30:44+00:00,SPY260930P00687000
SPY,2026-09-21,761.6900024414062,2026-09-30,P,688.0,0.0,0.0,0.19,10.0,0.0,0.12500875,False,2026-09-18 18:05:51+00:00,SPY260930P00688000
SPY,2026-09-21,761.6900024414062,2026-09-30,P,689.0,0.0,0.0,0.17,363.0,0.0,0.12500875,False,2026-09-18 20:00:38+00:00,SPY260930P00689000
SPY,2026-09-21,761.6900024414062,2026-09-30,P,690.0,0.0,0.0,0.17,691.0,0.0,0.12500875,False,2026-09-18 20:11:27+00:00,SPY260930P00690000
SPY,2026-09-21,761.6900024414062,2026-09-30,P,691.0,0.0,0.0,0.18,8.0,0.0,0.12500875,False,2026-09-18 19:39:23+00:00,SPY260930P00691000
SPY,2026-09-21,761.6900024414062,2026-09-30,P,692.0,0.0,0.0,0.27,2.0,0.0,0.12500875,False,2026-09-17 19:54:30+00:00,SPY260930P00692000
SPY,2026-09-21,761.6900024414062,2026-09-30,P,693.0,0.0,0.0,0.28,2.0,0.0,0.12500875,False,2026-09-17 19:54:21+00:00,SPY260930P00693000
SPY,2026-09-21,761.6900024414062,2026-09-30,P,694.0,0.0,0.0,0.22,1.0,0.0,0.12500875,False,2026-09-18 13:31:15+00:00,SPY260930P00694000
SPY,2026-09-21,761.6900024414062,2026-09-30,P,695.0,0.0,0.0,0.2,107.0,0.0,0.12500875,False,2026-09-18 19:49:28+00:00,SPY260930P00695000
SPY,2026-09-21,761.6900024414062,2026-09-30,P,696.0,0.0,0.0,0.25,4.0,0.0,0.12500875,False,2026-09-18 17:12:30+00:00,SPY260930P00696000
SPY,2026-09-21,761.6900024414062,2026-09-30,P,697.0,0.0,0.0,0.23,47.0,0.0,0.12500875,False,2026-09-18 18:44:43+00:00,SPY260930P00697000
SPY,2026-09-21,761.6900024414062,2026-09-30,P,698.0,0.0,0.0,0.28,16.0,0.0,0.12500875,False,2026-09-18 16:24:45+00:00,SPY260930P00698000
SPY,2026-09-21,761.6900024414062,2026-09-30,P,699.0,0.0,0.0,0.26,4.0,0.0,0.12500875,False,2026-09-18 16:52:30+00:00,SPY260930P00699000
SPY,2026-09-21,761.6900024414062,2026-09-30,P,700.0,0.0,0.0,0.24,4132.0,0.0,0.12500875,False,2026-09-18 19:56:23+00:00,SPY260930P00700000
SPY,2026-09-21,761.6900024414062,2026-09-30,P,701.0,0.0,0.0,0.27,3.0,0.0,0.12500875,False,2026-09-18 15:26:08+00:00,SPY260930P00701000
SPY,2026-09-21,761.6900024414062,2026-09-30,P,702.0,0.0,0.0,0.28,12.0,0.0,0.12500875,False,2026-09-18 18:02:39+00:00,SPY260930P00702000
SPY,2026-09-21,761.6900024414062,2026-09-30,P,703.0,0.0,0.0,0.25,83.0,0.0,0.12500875,False,2026-09-18 20:02:17+00:00,SPY260930P00703000
SPY,2026-09-21,761.6900024414062,2026-09-30,P,704.0,0.0,0.0,0.3,5.0,0.0,0.12500875,False,2026-09-18 15:20:51+00:00,SPY260930P00704000
SPY,2026-09-21,761.6900024414062,2026-09-30,P,705.0,0.0,0.0,0.26,151.0,0.0,0.12500875,False,2026-09-18 19:59:19+00:00,SPY260930P00705000
SPY,2026-09-21,761.6900024414062,2026-09-30,P,706.0,0.0,0.0,0.34,13.0,0.0,0.12500875,False,2026-09-18 17:22:12+00:00,SPY260930P00706000
SPY,2026-09-21,761.6900024414062,2026-09-30,P,707.0,0.0,0.0,0.29,5.0,0.0,0.12500875,False,2026-09-18 19:37:41+00:00,SPY260930P00707000
SPY,2026-09-21,761.6900024414062,2026-09-30,P,708.0,0.0,0.0,0.4,4.0,0.0,0.12500875,False,2026-09-18 16:26:07+00:00,SPY260930P00708000
SPY,2026-09-21,761.6900024414062,2026-09-30,P,709.0,0.0,0.0,0.35,3.0,0.0,0.062509375,False,2026-09-18 18:23:17+00:00,SPY260930P00709000
SPY,2026-09-21,761.6900024414062,2026-09-30,P,710.0,0.0,0.0,0.3,1391.0,0.0,0.062509375,False,2026-09-18 20:13:14+00:00,SPY260930P00710000
SPY,2026-09-21,761.6900024414062,2026-09-30,P,711.0,0.0,0.0,0.33,227.0,0.0,0.062509375,False,2026-09-18 19:59:44+00:00,SPY260930P00711000
SPY,2026-09-21,761.6900024414062,2026-09-30,P,712.0,0.0,0.0,0.38,167.0,0.0,0.062509375,False,2026-09-18 18:27:51+00:00,SPY260930P00712000
SPY,2026-09-21,761.6900024414062,2026-09-30,P,713.0,0.0,0.0,0.36,129.0,0.0,0.062509375,False,2026-09-18 19:33:42+00:00,SPY260930P00713000
SPY,2026-09-21,761.6900024414062,2026-09-30,P,714.0,0.0,0.0,0.37,22.0,0.0,0.062509375,False,2026-09-18 18:47:09+00:00,SPY260930P00714000
SPY,2026-09-21,761.6900024414062,2026-09-30,P,715.0,0.0,0.0,0.38,1085.0,0.0,0.062509375,False,2026-09-18 19:59:19+00:00,SPY260930P00715000
SPY,2026-09-21,761.6900024414062,2026-09-30,P,716.0,0.0,0.0,0.39,994.0,0.0,0.062509375,False,2026-09-18 19:40:06+00:00,SPY260930P00716000
SPY,2026-09-21,761.6900024414062,2026-09-30,P,717.0,0.0,0.0,0.41,142.0,0.0,0.062509375,False,2026-09-18 19:01:58+00:00,SPY260930P00717000
SPY,2026-09-21,761.6900024414062,2026-09-30,P,718.0,0.0,0.0,0.44,182.0,0.0,0.062509375,False,2026-09-18 19:18:50+00:00,SPY260930P00718000
SPY,2026-09-21,761.6900024414062,2026-09-30,P,719.0,0.0,0.0,0.45,187.0,0.0,0.062509375,False,2026-09-18 18:46:46+00:00,SPY260930P00719000
SPY,2026-09-21,761.6900024414062,2026-09-30,P,720.0,0.0,0.0,0.43,1282.0,0.0,0.062509375,False,2026-09-18 20:06:54+00:00,SPY260930P00720000
SPY,2026-09-21,761.6900024414062,2026-09-30,P,721.0,0.0,0.0,0.48,30.0,0.0,0.062509375,False,2026-09-18 19:11:36+00:00,SPY260930P00721000
SPY,2026-09-21,761.6900024414062,2026-09-30,P,722.0,0.0,0.0,0.46,138.0,0.0,0.062509375,False,2026-09-18 20:14:40+00:00,SPY260930P00722000
SPY,2026-09-21,761.6900024414062,2026-09-30,P,723.0,0.0,0.0,0.51,67.0,0.0,0.062509375,False,2026-09-18 19:44:02+00:00,SPY260930P00723000
SPY,2026-09-21,761.6900024414062,2026-09-30,P,724.0,0.0,0.0,0.55,387.0,0.0,0.062509375,False,2026-09-18 18:47:08+00:00,SPY260930P00724000
SPY,2026-09-21,761.6900024414062,2026-09-30,P,725.0,0.0,0.0,0.54,339.0,0.0,0.062509375,False,2026-09-18 20:06:19+00:00,SPY260930P00725000
SPY,2026-09-21,761.6900024414062,2026-09-30,P,726.0,0.0,0.0,0.56,146.0,0.0,0.062509375,False,2026-09-18 19:58:06+00:00,SPY260930P00726000
SPY,2026-09-21,761.6900024414062,2026-09-30,P,727.0,0.0,0.0,0.6,51.0,0.0,0.062509375,False,2026-09-18 19:50:44+00:00,SPY260930P00727000
SPY,2026-09-21,761.6900024414062,2026-09-30,P,728.0,0.0,0.0,0.64,53.0,0.0,0.062509375,False,2026-09-18 19:44:02+00:00,SPY260930P00728000
SPY,2026-09-21,761.6900024414062,2026-09-30,P,729.0,0.0,0.0,0.64,229.0,0.0,0.062509375,False,2026-09-18 20:07:24+00:00,SPY260930P00729000
SPY,2026-09-21,761.6900024414062,2026-09-30,P,730.0,0.0,0.0,0.67,1731.0,0.0,0.062509375,False,2026-09-18 20:07:24+00:00,SPY260930P00730000
SPY,2026-09-21,761.6900024414062,2026-09-30,P,731.0,0.0,0.0,0.7,90.0,0.0,0.062509375,False,2026-09-18 20:02:13+00:00,SPY260930P00731000
SPY,2026-09-21,761.6900024414062,2026-09-30,P,732.0,0.0,0.0,0.74,589.0,0.0,0.062509375,False,2026-09-18 20:07:25+00:00,SPY260930P00732000
SPY,2026-09-21,761.6900024414062,2026-09-30,P,733.0,0.0,0.0,0.79,146.0,0.0,0.062509375,False,2026-09-18 20:08:40+00:00,SPY260930P00733000
SPY,2026-09-21,761.6900024414062,2026-09-30,P,734.0,0.0,0.0,0.81,187.0,0.0,0.062509375,False,2026-09-18 20:10:27+00:00,SPY260930P00734000
SPY,2026-09-21,761.6900024414062,2026-09-30,P,735.0,0.0,0.0,0.88,1457.0,0.0,0.062509375,False,2026-09-18 20:08:41+00:00,SPY260930P00735000
SPY,2026-09-21,761.6900024414062,2026-09-30,P,736.0,0.0,0.0,0.89,5138.0,0.0,0.062509375,False,2026-09-18 20:12:19+00:00,SPY260930P00736000
SPY,2026-09-21,761.6900024414062,2026-09-30,P,737.0,0.0,0.0,1.03,262.0,0.0,0.0312596875,False,2026-09-18 19:59:47+00:00,SPY260930P00737000
SPY,2026-09-21,761.6900024414062,2026-09-30,P,738.0,0.0,0.0,1.08,130.0,0.0,0.0312596875,False,2026-09-18 19:54:31+00:00,SPY260930P00738000
SPY,2026-09-21,761.6900024414062,2026-09-30,P,739.0,0.0,0.0,1.09,165.0,0.0,0.0312596875,False,2026-09-18 20:07:37+00:00,SPY260930P00739000
SPY,2026-09-21,761.6900024414062,2026-09-30,P,740.0,0.0,0.0,1.13,6399.0,0.0,0.0312596875,False,2026-09-18 20:14:32+00:00,SPY260930P00740000
SPY,2026-09-21,761.6900024414062,2026-09-30,P,741.0,0.0,0.0,1.2,1111.0,0.0,0.0312596875,False,2026-09-18 20:10:22+00:00,SPY260930P00741000
SPY,2026-09-21,761.6900024414062,2026-09-30,P,742.0,0.0,0.0,1.3,2214.0,0.0,0.0312596875,False,2026-09-18 20:03:13+00:00,SPY260930P00742000
SPY,2026-09-21,761.6900024414062,2026-09-30,P,743.0,0.0,0.0,1.43,413.0,0.0,0.0312596875,False,2026-09-18 20:00:36+00:00,SPY260930P00743000
SPY,2026-09-21,761.6900024414062,2026-09-30,P,744.0,0.0,0.0,1.48,559.0,0.0,0.0312596875,False,2026-09-18 20:08:40+00:00,SPY260930P00744000
SPY,2026-09-21,761.6900024414062,2026-09-30,P,745.0,0.0,0.0,1.52,2180.0,0.0,0.0312596875,False,2026-09-18 20:13:40+00:00,SPY260930P00745000
SPY,2026-09-21,761.6900024414062,2026-09-30,P,746.0,0.0,0.0,1.63,327.0,0.0,0.0312596875,False,2026-09-18 20:03:35+00:00,SPY260930P00746000
SPY,2026-09-21,761.6900024414062,2026-09-30,P,747.0,0.0,0.0,1.77,451.0,0.0,0.0312596875,False,2026-09-18 20:06:54+00:00,SPY260930P00747000
SPY,2026-09-21,761.6900024414062,2026-09-30,P,748.0,0.0,0.0,1.89,613.0,0.0,0.0312596875,False,2026-09-18 20:02:00+00:00,SPY260930P00748000
SPY,2026-09-21,761.6900024414062,2026-09-30,P,749.0,0.0,0.0,1.97,850.0,0.0,0.0312596875,False,2026-09-18 20:10:27+00:00,SPY260930P00749000
SPY,2026-09-21,761.6900024414062,2026-09-30,P,750.0,0.0,0.0,2.09,5437.0,0.0,0.015634843750000002,False,2026-09-18 20:14:52+00:00,SPY260930P00750000
SPY,2026-09-21,761.6900024414062,2026-09-30,P,751.0,0.0,0.0,2.3,490.0,0.0,0.015634843750000002,False,2026-09-18 20:07:51+00:00,SPY260930P00751000
SPY,2026-09-21,761.6900024414062,2026-09-30,P,752.0,0.0,0.0,2.46,810.0,0.0,0.015634843750000002,False,2026-09-18 20:07:51+00:00,SPY260930P00752000
SPY,2026-09-21,761.6900024414062,2026-09-30,P,753.0,0.0,0.0,2.87,860.0,0.0,0.015634843750000002,False,2026-09-18 19:59:47+00:00,SPY260930P00753000
SPY,2026-09-21,761.6900024414062,2026-09-30,P,754.0,0.0,0.0,2.78,1369.0,0.0,0.015634843750000002,False,2026-09-18 20:14:41+00:00,SPY260930P00754000
SPY,2026-09-21,761.6900024414062,2026-09-30,P,755.0,0.0,0.0,2.98,3484.0,0.0,0.015634843750000002,False,2026-09-18 20:14:39+00:00,SPY260930P00755000
SPY,2026-09-21,761.6900024414062,2026-09-30,P,756.0,0.0,0.0,3.27,655.0,0.0,0.007822421875,False,2026-09-18 20:07:31+00:00,SPY260930P00756000
SPY,2026-09-21,761.6900024414062,2026-09-30,P,757.0,0.0,0.0,3.78,1183.0,0.0,0.007822421875,False,2026-09-18 19:56:59+00:00,SPY260930P00757000
SPY,2026-09-21,761.6900024414062,2026-09-30,P,758.0,0.0,0.0,3.81,2181.0,0.0,0.007822421875,False,2026-09-18 20:07:44+00:00,SPY260930P00758000
SPY,2026-09-21,761.6900024414062,2026-09-30,P,759.0,0.0,0.0,4.02,1827.0,0.0,0.007822421875,False,2026-09-18 20:14:09+00:00,SPY260930P00759000
SPY,2026-09-21,761.6900024414062,2026-09-30,P,760.0,0.0,0.0,4.3,2815.0,0.0,0.0039162109375,False,2026-09-18 20:14:52+00:00,SPY260930P00760000
SPY,2026-09-21,761.6900024414062,2026-09-30,P,761.0,0.0,0.0,4.56,14877.0,0.0,0.00196310546875,False,2026-09-18 20:13:06+00:00,SPY260930P00761000
SPY,2026-09-21,761.6900024414062,2026-09-30,P,762.0,0.0,0.0,4.98,1028.0,0.0,1.0000000000000003e-05,True,2026-09-18 20:14:53+00:00,SPY260930P00762000
SPY,2026-09-21,761.6900024414062,2026-09-30,P,763.0,0.0,0.0,5.37,405.0,0.0,1.0000000000000003e-05,True,2026-09-18 20:11:39+00:00,SPY260930P00763000
SPY,2026-09-21,761.6900024414062,2026-09-30,P,764.0,0.0,0.0,6.44,995.0,0.0,1.0000000000000003e-05,True,2026-09-18 19:59:55+00:00,SPY260930P00764000
SPY,2026-09-21,761.6900024414062,2026-09-30,P,765.0,0.0,0.0,6.31,278.0,0.0,1.0000000000000003e-05,True,2026-09-18 20:10:11+00:00,SPY260930P00765000
SPY,2026-09-21,761.6900024414062,2026-09-30,P,766.0,0.0,0.0,7.5,85.0,0.0,1.0000000000000003e-05,True,2026-09-18 19:52:46+00:00,SPY260930P00766000
SPY,2026-09-21,761.6900024414062,2026-09-30,P,767.0,0.0,0.0,7.15,66.0,0.0,1.0000000000000003e-05,True,2026-09-18 20:12:29+00:00,SPY260930P00767000
SPY,2026-09-21,761.6900024414062,2026-09-30,P,768.0,0.0,0.0,8.0,31.0,0.0,1.0000000000000003e-05,True,2026-09-18 20:02:27+00:00,SPY260930P00768000
SPY,2026-09-21,761.6900024414062,2026-09-30,P,769.0,0.0,0.0,8.84,288.0,0.0,1.0000000000000003e-05,True,2026-09-18 20:07:51+00:00,SPY260930P00769000
SPY,2026-09-21,761.6900024414062,2026-09-30,P,770.0,0.0,0.0,8.98,96.0,0.0,1.0000000000000003e-05,True,2026-09-18 20:11:11+00:00,SPY260930P00770000
SPY,2026-09-21,761.6900024414062,2026-09-30,P,771.0,0.0,0.0,10.94,2.0,0.0,1.0000000000000003e-05,True,2026-09-18 19:24:58+00:00,SPY260930P00771000
SPY,2026-09-21,761.6900024414062,2026-09-30,P,772.0,0.0,0.0,10.46,4.0,0.0,1.0000000000000003e-05,True,2026-09-18 20:13:09+00:00,SPY260930P00772000
SPY,2026-09-21,761.6900024414062,2026-09-30,P,773.0,0.0,0.0,11.35,20.0,0.0,1.0000000000000003e-05,True,2026-09-18 20:04:20+00:00,SPY260930P00773000
SPY,2026-09-21,761.6900024414062,2026-09-30,P,774.0,0.0,0.0,13.4,22.0,0.0,1.0000000000000003e-05,True,2026-09-18 19:41:46+00:00,SPY260930P00774000
SPY,2026-09-21,761.6900024414062,2026-09-30,P,775.0,0.0,0.0,13.95,21.0,0.0,1.0000000000000003e-05,True,2026-09-18 18:56:44+00:00,SPY260930P00775000
SPY,2026-09-21,761.6900024414062,2026-09-30,P,776.0,0.0,0.0,14.97,2.0,0.0,1.0000000000000003e-05,True,2026-09-18 18:50:03+00:00,SPY260930P00776000
SPY,2026-09-21,761.6900024414062,2026-09-30,P,777.0,0.0,0.0,17.43,5.0,0.0,1.0000000000000003e-05,True,2026-09-18 14:47:09+00:00,SPY260930P00777000
SPY,2026-09-21,761.6900024414062,2026-09-30,P,778.0,0.0,0.0,18.61,12.0,0.0,1.0000000000000003e-05,True,2026-09-18 15:25:23+00:00,SPY260930P00778000
SPY,2026-09-21,761.6900024414062,2026-09-30,P,779.0,0.0,0.0,19.35,4.0,0.0,1.0000000000000003e-05,True,2026-09-18 17:46:23+00:00,SPY260930P00779000
SPY,2026-09-21,761.6900024414062,2026-09-30,P,780.0,0.0,0.0,18.9,4.0,0.0,1.0000000000000003e-05,True,2026-09-18 19:18:40+00:00,SPY260930P00780000
SPY,2026-09-21,761.6900024414062,2026-09-30,P,781.0,0.0,0.0,22.67,1.0,0.0,1.0000000000000003e-05,True,2026-09-18 16:25:14+00:00,SPY260930P00781000
SPY,2026-09-21,761.6900024414062,2026-09-30,P,782.0,0.0,0.0,22.35,5.0,0.0,1.0000000000000003e-05,True,2026-09-18 14:47:09+00:00,SPY260930P00782000
SPY,2026-09-21,761.6900024414062,2026-09-30,P,783.0,0.0,0.0,27.38,1.0,0.0,1.0000000000000003e-05,True,2026-09-15 18:58:02+00:00,SPY260930P00783000
SPY,2026-09-21,761.6900024414062,2026-09-30,P,784.0,0.0,0.0,24.88,7.0,0.0,1.0000000000000003e-05,True,2026-09-18 14:28:31+00:00,SPY260930P00784000
SPY,2026-09-21,761.6900024414062,2026-09-30,P,785.0,0.0,0.0,25.58,22.0,0.0,1.0000000000000003e-05,True,2026-09-17 13:41:22+00:00,SPY260930P00785000
SPY,2026-09-21,761.6900024414062,2026-09-30,P,786.0,0.0,0.0,33.92,2.0,0.0,1.0000000000000003e-05,True,2026-09-16 19:53:46+00:00,SPY260930P00786000
SPY,2026-09-21,761.6900024414062,2026-09-30,P,787.0,0.0,0.0,29.71,1.0,0.0,1.0000000000000003e-05,True,2026-09-14 13:33:58+00:00,SPY260930P00787000
SPY,2026-09-21,761.6900024414062,2026-09-30,P,788.0,0.0,0.0,22.2,1.0,0.0,1.0000000000000003e-05,True,2026-09-08 15:30:09+00:00,SPY260930P00788000
SPY,2026-09-21,761.6900024414062,2026-09-30,P,789.0,0.0,0.0,26.5,3.0,0.0,1.0000000000000003e-05,True,2026-09-09 13:30:11+00:00,SPY260930P00789000
SPY,2026-09-21,761.6900024414062,2026-09-30,P,790.0,0.0,0.0,34.02,1.0,0.0,1.0000000000000003e-05,True,2026-09-15 19:04:53+00:00,SPY260930P00790000
SPY,2026-09-21,761.6900024414062,2026-09-30,P,791.0,0.0,0.0,38.64,1.0,0.0,1.0000000000000003e-05,True,2026-09-16 19:58:51+00:00,SPY260930P00791000
SPY,2026-09-21,761.6900024414062,2026-09-30,P,792.0,0.0,0.0,23.5,6.0,0.0,1.0000000000000003e-05,True,2026-08-27 19:57:59+00:00,SPY260930P00792000
SPY,2026-09-21,761.6900024414062,2026-09-30,P,793.0,0.0,0.0,24.5,1.0,0.0,1.0000000000000003e-05,True,2026-09-03 13:41:21+00:00,SPY260930P00793000
SPY,2026-09-21,761.6900024414062,2026-09-30,P,794.0,0.0,0.0,37.3,6.0,0.0,1.0000000000000003e-05,True,2026-09-10 13:30:57+00:00,SPY260930P00794000
SPY,2026-09-21,761.6900024414062,2026-09-30,P,795.0,0.0,0.0,26.85,2.0,0.0,1.0000000000000003e-05,True,2026-09-03 13:43:57+00:00,SPY260930P00795000
SPY,2026-09-21,761.6900024414062,2026-09-30,P,796.0,0.0,0.0,43.64,1.0,0.0,1.0000000000000003e-05,True,2026-09-16 19:55:33+00:00,SPY260930P00796000
SPY,2026-09-21,761.6900024414062,2026-09-30,P,797.0,0.0,0.0,36.0,,0.0,1.0000000000000003e-05,True,2026-09-01 13:33:03+00:00,SPY260930P00797000
SPY,2026-09-21,761.6900024414062,2026-09-30,P,798.0,0.0,0.0,26.99,2.0,0.0,1.0000000000000003e-05,True,2026-09-03 16:29:57+00:00,SPY260930P00798000
SPY,2026-09-21,761.6900024414062,2026-09-30,P,799.0,0.0,0.0,39.89,2.0,0.0,1.0000000000000003e-05,True,2026-09-18 16:54:26+00:00,SPY260930P00799000
SPY,2026-09-21,761.6900024414062,2026-09-30,P,800.0,0.0,0.0,42.0,2.0,0.0,1.0000000000000003e-05,True,2026-09-18 16:25:32+00:00,SPY260930P00800000
SPY,2026-09-21,761.6900024414062,2026-09-30,P,802.0,0.0,0.0,40.65,1.0,0.0,1.0000000000000003e-05,True,2026-09-01 13:30:10+00:00,SPY260930P00802000
SPY,2026-09-21,761.6900024414062,2026-09-30,P,804.0,39.11,41.86,61.59,1.0,0.0,1.0000000000000003e-05,True,2026-07-02 16:56:05+00:00,SPY260930P00804000
SPY,2026-09-21,761.6900024414062,2026-09-30,P,805.0,0.0,0.0,47.52,1.0,0.0,1.0000000000000003e-05,True,2026-09-10 13:42:12+00:00,SPY260930P00805000
SPY,2026-09-21,761.6900024414062,2026-09-30,P,806.0,0.0,0.0,50.11,1.0,0.0,1.0000000000000003e-05,True,2026-09-10 13:55:37+00:00,SPY260930P00806000
SPY,2026-09-21,761.6900024414062,2026-09-30,P,808.0,0.0,0.0,38.01,2.0,0.0,1.0000000000000003e-05,True,2026-08-19 17:19:22+00:00,SPY260930P00808000
SPY,2026-09-21,761.6900024414062,2026-09-30,P,809.0,38.58,42.1,78.07,,0.0,1.0000000000000003e-05,True,2026-07-29 19:51:37+00:00,SPY260930P00809000
SPY,2026-09-21,761.6900024414062,2026-09-30,P,810.0,0.0,0.0,49.0,1.0,0.0,1.0000000000000003e-05,True,2026-09-17 16:22:14+00:00,SPY260930P00810000
SPY,2026-09-21,761.6900024414062,2026-09-30,P,812.0,0.0,0.0,46.78,,0.0,1.0000000000000003e-05,True,2026-08-25 14:16:42+00:00,SPY260930P00812000
SPY,2026-09-21,761.6900024414062,2026-09-30,P,815.0,0.0,0.0,65.4,2.0,0.0,1.0000000000000003e-05,True,2026-09-16 19:19:13+00:00,SPY260930P00815000
SPY,2026-09-21,761.6900024414062,2026-09-30,P,820.0,0.0,0.0,57.23,1.0,0.0,1.0000000000000003e-05,True,2026-09-11 14:45:07+00:00,SPY260930P00820000
SPY,2026-09-21,761.6900024414062,2026-09-30,P,823.0,0.0,0.0,49.71,,0.0,1.0000000000000003e-05,True,2026-08-11 13:36:49+00:00,SPY260930P00823000
SPY,2026-09-21,761.6900024414062,2026-09-30,P,825.0,0.0,0.0,68.4,1.0,0.0,1.0000000000000003e-05,True,2026-09-16 18:33:11+00:00,SPY260930P00825000
SPY,2026-09-21,761.6900024414062,2026-09-30,P,828.0,0.0,0.0,71.4,,0.0,1.0000000000000003e-05,True,2026-09-10 19:29:50+00:00,SPY260930P00828000
SPY,2026-09-21,761.6900024414062,2026-09-30,P,845.0,104.72,108.09,137.07,1.0,0.0,1.0391283395385744,True,2026-04-20 19:49:11+00:00,SPY260930P00845000
SPY,2026-09-21,761.6900024414062,2026-09-30,P,850.0,0.0,0.0,81.0,1.0,0.0,1.0000000000000003e-05,True,2026-09-04 15:53:33+00:00,SPY260930P00850000
SPY,2026-09-21,761.6900024414062,2026-09-30,P,855.0,115.66,118.93,181.01,1.0,0.0,1.114384310913086,True,2026-04-08 19:59:48+00:00,SPY260930P00855000
SPY,2026-09-21,761.6900024414062,2026-09-30,P,870.0,0.0,0.0,101.19,,0.0,1.0000000000000003e-05,True,2026-08-18 17:04:02+00:00,SPY260930P00870000
SPY,2026-09-21,761.6900024414062,2026-09-30,P,885.0,191.05,194.7,207.9,,0.0,2.249821269989013,True,2025-11-04 17:07:45+00:00,SPY260930P00885000
SPY,2026-09-21,761.6900024414062,2026-09-30,P,895.0,0.0,0.0,138.32,4.0,0.0,1.0000000000000003e-05,True,2026-09-10 19:20:34+00:00,SPY260930P00895000
SPY,2026-09-21,761.6900024414062,2026-09-30,P,900.0,146.5,149.69,160.4,1.0,0.0,0.9552616778564453,True,2026-05-15 15:56:32+00:00,SPY260930P00900000
