symbol,snapshot_date,spot,expiry,right,strike,bid,ask,last_price,volume,open_interest,implied_vol,in_the_money,last_trade_date,contract_symbol
SPY,2026-10-02,763.99,2026-10-02,C,500.0,263.61,265.81,264.94,50.0,7,3.794922387695313,True,2026-10-01 19:42:29+00:00,SPY261002C00500000
SPY,2026-10-02,763.99,2026-10-02,C,505.0,258.62,260.47,257.92,,0,3.5820322949218752,True,2026-09-01 17:00:31+00:00,SPY261002C00505000
SPY,2026-10-02,763.99,2026-10-02,C,510.0,253.57,255.46,252.94,,0,3.480470048828125,True,2026-09-01 17:00:31+00:00,SPY261002C00510000
SPY,2026-10-02,763.99,2026-10-02,C,515.0,248.63,250.48,247.95,,0,3.4394545263671876,True,2026-09-01 17:00:31+00:00,SPY261002C00515000
SPY,2026-10-02,763.99,2026-10-02,C,520.0,243.64,245.48,245.73,2.0,0,3.3691422021484367,True,2026-09-11 15:23:13+00:00,SPY261002C00520000
SPY,2026-10-02,763.99,2026-10-02,C,580.0,183.64,185.5,185.28,,0,2.5166052709960933,True,2026-09-11 19:42:35+00:00,SPY261002C00580000
SPY,2026-10-02,763.99,2026-10-02,C,585.0,178.64,180.54,179.92,120.0,39,2.46094134765625,True,2026-10-01 19:49:01+00:00,SPY261002C00585000
SPY,2026-10-02,763.99,2026-10-02,C,590.0,173.65,175.5,175.7,120.0,16,2.3828165429687496,True,2026-10-01 19:51:01+00:00,SPY261002C00590000
SPY,2026-10-02,763.99,2026-10-02,C,595.0,168.66,170.54,168.95,162.0,2,2.330082299804687,True,2026-10-01 19:47:15+00:00,SPY261002C00595000
SPY,2026-10-02,763.99,2026-10-02,C,600.0,163.64,165.51,165.0,130.0,32,2.248051254882812,True,2026-10-01 19:48:10+00:00,SPY261002C00600000
SPY,2026-10-02,763.99,2026-10-02,C,605.0,158.66,160.51,159.93,130.0,7,2.1865279711914063,True,2026-10-01 19:49:19+00:00,SPY261002C00605000
SPY,2026-10-02,763.99,2026-10-02,C,610.0,153.66,155.51,155.39,140.0,13,2.1201218872070307,True,2026-10-01 19:50:30+00:00,SPY261002C00610000
SPY,2026-10-02,763.99,2026-10-02,C,615.0,148.66,150.58,150.13,126.0,10,2.0722704443359374,True,2026-10-01 19:53:53+00:00,SPY261002C00615000
SPY,2026-10-02,763.99,2026-10-02,C,620.0,143.68,145.51,146.17,112.0,33,1.9921875390625,True,2026-10-01 19:54:20+00:00,SPY261002C00620000
SPY,2026-10-02,763.99,2026-10-02,C,625.0,138.65,140.88,140.32,110.0,41,2.0058643603515627,True,2026-10-01 19:50:17+00:00,SPY261002C00625000
SPY,2026-10-02,763.99,2026-10-02,C,630.0,133.66,135.52,135.01,90.0,25,1.8583991455078124,True,2026-10-01 19:41:54+00:00,SPY261002C00630000
SPY,2026-10-02,763.99,2026-10-02,C,635.0,128.66,130.52,130.04,84.0,23,1.79296978515625,True,2026-10-01 19:42:06+00:00,SPY261002C00635000
SPY,2026-10-02,763.99,2026-10-02,C,640.0,123.67,125.55,125.04,74.0,41,1.7373060009765624,True,2026-10-01 19:42:18+00:00,SPY261002C00640000
SPY,2026-10-02,763.99,2026-10-02,C,645.0,118.66,120.52,119.99,74.0,32,1.6630876220703126,True,2026-10-01 19:42:29+00:00,SPY261002C00645000
SPY,2026-10-02,763.99,2026-10-02,C,650.0,113.68,115.59,114.28,83.0,106,1.6171894140625,True,2026-10-01 19:51:56+00:00,SPY261002C00650000
SPY,2026-10-02,763.99,2026-10-02,C,655.0,108.68,110.51,109.3,84.0,46,1.5361351318359375,True,2026-10-01 19:54:50+00:00,SPY261002C00655000
SPY,2026-10-02,763.99,2026-10-02,C,660.0,103.68,105.53,105.69,64.0,46,1.4755885595703124,True,2026-10-01 19:23:42+00:00,SPY261002C00660000
SPY,2026-10-02,763.99,2026-10-02,C,665.0,98.68,100.52,100.69,110.0,31,1.4091826416015625,True,2026-10-01 19:23:17+00:00,SPY261002C00665000
SPY,2026-10-02,763.99,2026-10-02,C,670.0,93.68,95.53,94.24,126.0,33,1.3466829541015621,True,2026-10-01 19:41:36+00:00,SPY261002C00670000
SPY,2026-10-02,763.99,2026-10-02,C,675.0,88.69,90.6,90.03,188.0,36,1.2968785156249998,True,2026-10-01 19:54:22+00:00,SPY261002C00675000
SPY,2026-10-02,763.99,2026-10-02,C,680.0,83.67,85.53,84.22,264.0,25,1.2168007910156249,True,2026-10-01 19:58:17+00:00,SPY261002C00680000
SPY,2026-10-02,763.99,2026-10-02,C,685.0,78.68,80.49,80.5,336.0,58,1.1474652001953123,True,2026-10-01 19:50:48+00:00,SPY261002C00685000
SPY,2026-10-02,763.99,2026-10-02,C,690.0,73.69,75.57,75.18,214.0,101,1.0986373193359378,True,2026-10-01 19:53:51+00:00,SPY261002C00690000
SPY,2026-10-02,763.99,2026-10-02,C,695.0,68.71,70.61,69.32,170.0,62,1.0429735351562504,True,2026-10-01 19:57:26+00:00,SPY261002C00695000
SPY,2026-10-02,763.99,2026-10-02,C,700.0,63.69,65.02,64.09,390.0,655,0.87695435546875,True,2026-10-01 18:11:42+00:00,SPY261002C00700000
SPY,2026-10-02,763.99,2026-10-02,C,705.0,58.7,60.32,59.3,88.0,165,0.8696302099609375,True,2026-10-01 19:58:43+00:00,SPY261002C00705000
SPY,2026-10-02,763.99,2026-10-02,C,710.0,53.7,55.03,53.97,221.0,307,0.7597680273437502,True,2026-10-01 19:59:14+00:00,SPY261002C00710000
SPY,2026-10-02,763.99,2026-10-02,C,715.0,48.69,50.01,49.77,515.0,266,0.6938507177734375,True,2026-10-01 19:30:58+00:00,SPY261002C00715000
SPY,2026-10-02,763.99,2026-10-02,C,720.0,43.71,45.03,44.55,148.0,152,0.6391637646484375,True,2026-10-01 19:36:02+00:00,SPY261002C00720000
SPY,2026-10-02,763.99,2026-10-02,C,721.0,42.71,44.02,43.89,63.0,188,0.6254920263671876,True,2026-10-01 19:21:54+00:00,SPY261002C00721000
SPY,2026-10-02,763.99,2026-10-02,C,722.0,41.7,43.03,43.5,77.0,371,0.6132851171875001,True,2026-10-01 18:48:45+00:00,SPY261002C00722000
SPY,2026-10-02,763.99,2026-10-02,C,723.0,40.71,42.33,41.27,49.0,265,0.6425816992187501,True,2026-10-01 19:31:20+00:00,SPY261002C00723000
SPY,2026-10-02,763.99,2026-10-02,C,724.0,39.72,40.98,41.58,314.0,233,0.5839885351562499,True,2026-10-01 19:02:49+00:00,SPY261002C00724000
SPY,2026-10-02,763.99,2026-10-02,C,725.0,38.71,40.01,39.8,256.0,196,0.5747112841796875,True,2026-10-01 19:09:13+00:00,SPY261002C00725000
SPY,2026-10-02,763.99,2026-10-02,C,726.0,37.7,39.09,38.14,85.0,218,0.5722699023437501,True,2026-10-01 18:23:18+00:00,SPY261002C00726000
SPY,2026-10-02,763.99,2026-10-02,C,727.0,36.72,38.15,37.67,33.0,65,0.570316796875,True,2026-10-01 19:25:10+00:00,SPY261002C00727000
SPY,2026-10-02,763.99,2026-10-02,C,728.0,35.72,37.02,36.83,190.0,412,0.5400436621093752,True,2026-10-01 19:20:31+00:00,SPY261002C00728000
SPY,2026-10-02,763.99,2026-10-02,C,729.0,34.71,36.02,35.59,305.0,168,0.526371923828125,True,2026-10-01 18:48:04+00:00,SPY261002C00729000
SPY,2026-10-02,763.99,2026-10-02,C,730.0,33.71,35.09,33.86,135.0,5354,0.5229539892578124,True,2026-10-01 19:59:23+00:00,SPY261002C00730000
SPY,2026-10-02,763.99,2026-10-02,C,731.0,32.73,34.1,33.15,100.0,135,0.5141650146484374,True,2026-10-01 19:15:37+00:00,SPY261002C00731000
SPY,2026-10-02,763.99,2026-10-02,C,732.0,31.7,33.12,33.08,32.0,153,0.500005,True,2026-10-01 19:00:08+00:00,SPY261002C00732000
SPY,2026-10-02,763.99,2026-10-02,C,733.0,30.71,32.1,31.97,27.0,131,0.6123085644531252,True,2026-10-01 19:10:34+00:00,SPY261002C00733000
SPY,2026-10-02,763.99,2026-10-02,C,734.0,29.72,31.03,30.87,69.0,204,0.586918193359375,True,2026-10-01 18:59:13+00:00,SPY261002C00734000
SPY,2026-10-02,763.99,2026-10-02,C,735.0,28.7,30.11,29.46,63.0,155,0.5837443969726561,True,2026-10-01 18:45:52+00:00,SPY261002C00735000
SPY,2026-10-02,763.99,2026-10-02,C,736.0,27.72,29.17,29.13,39.0,85,0.5769085278320312,True,2026-10-01 19:00:33+00:00,SPY261002C00736000
SPY,2026-10-02,763.99,2026-10-02,C,737.0,26.7,28.54,28.2,45.0,74,0.6088906298828126,True,2026-10-01 19:52:24+00:00,SPY261002C00737000
SPY,2026-10-02,763.99,2026-10-02,C,738.0,25.72,27.03,27.58,83.0,195,0.5273484765625001,True,2026-10-01 19:52:11+00:00,SPY261002C00738000
SPY,2026-10-02,763.99,2026-10-02,C,739.0,24.72,26.1,25.44,67.0,163,0.5217332983398437,True,2026-10-01 19:33:39+00:00,SPY261002C00739000
SPY,2026-10-02,763.99,2026-10-02,C,740.0,24.25,25.04,24.48,282.0,283,0.4985401708984375,True,2026-10-01 20:01:11+00:00,SPY261002C00740000
SPY,2026-10-02,763.99,2026-10-02,C,741.0,22.72,24.51,24.5,182.0,44,0.5405319384765627,True,2026-10-01 19:52:47+00:00,SPY261002C00741000
SPY,2026-10-02,763.99,2026-10-02,C,742.0,21.72,23.12,21.69,76.0,146,0.47803256347656253,True,2026-10-01 18:20:07+00:00,SPY261002C00742000
SPY,2026-10-02,763.99,2026-10-02,C,743.0,20.71,22.11,22.33,85.0,250,0.4611870288085938,True,2026-10-01 19:52:33+00:00,SPY261002C00743000
SPY,2026-10-02,763.99,2026-10-02,C,744.0,19.74,21.02,21.13,92.0,473,0.4343318286132813,True,2026-10-01 19:47:18+00:00,SPY261002C00744000
SPY,2026-10-02,763.99,2026-10-02,C,745.0,18.72,20.11,19.84,284.0,1372,0.4294490649414063,True,2026-10-01 19:44:58+00:00,SPY261002C00745000
SPY,2026-10-02,763.99,2026-10-02,C,746.0,17.73,19.04,18.71,358.0,408,0.405279384765625,True,2026-10-01 18:55:38+00:00,SPY261002C00746000
SPY,2026-10-02,763.99,2026-10-02,C,747.0,16.72,18.12,17.72,155.0,1025,0.3986876538085938,True,2026-10-01 18:56:52+00:00,SPY261002C00747000
SPY,2026-10-02,763.99,2026-10-02,C,748.0,15.72,17.13,16.87,545.0,144,0.38355108642578123,True,2026-10-01 18:58:03+00:00,SPY261002C00748000
SPY,2026-10-02,763.99,2026-10-02,C,749.0,14.73,16.04,15.74,586.0,419,0.35718416259765623,True,2026-10-01 19:40:49+00:00,SPY261002C00749000
SPY,2026-10-02,763.99,2026-10-02,C,750.0,14.3,15.06,14.6,893.0,2394,0.3430241479492187,True,2026-10-01 20:10:39+00:00,SPY261002C00750000
SPY,2026-10-02,763.99,2026-10-02,C,751.0,13.32,14.08,13.76,637.0,231,0.3283758569335937,True,2026-10-01 20:01:58+00:00,SPY261002C00751000
SPY,2026-10-02,763.99,2026-10-02,C,752.0,11.79,13.11,12.7,884.0,171,0.3145820495605468,True,2026-10-01 20:01:42+00:00,SPY261002C00752000
SPY,2026-10-02,763.99,2026-10-02,C,753.0,11.7,12.13,11.66,1980.0,570,0.29932341308593746,True,2026-10-01 20:08:07+00:00,SPY261002C00753000
SPY,2026-10-02,763.99,2026-10-02,C,754.0,10.71,11.15,11.0,1700.0,898,0.2836985693359374,True,2026-10-01 20:13:36+00:00,SPY261002C00754000
SPY,2026-10-02,763.99,2026-10-02,C,755.0,9.95,10.21,9.6,2526.0,2982,0.2711254528808594,True,2026-10-01 20:04:02+00:00,SPY261002C00755000
SPY,2026-10-02,763.99,2026-10-02,C,756.0,9.15,9.22,8.69,2601.0,482,0.2536695727539063,True,2026-10-01 20:04:27+00:00,SPY261002C00756000
SPY,2026-10-02,763.99,2026-10-02,C,757.0,8.26,8.31,8.07,6047.0,570,0.242195078125,True,2026-10-01 20:13:00+00:00,SPY261002C00757000
SPY,2026-10-02,763.99,2026-10-02,C,758.0,7.39,7.45,7.34,6296.0,681,0.23352817260742187,True,2026-10-01 20:14:31+00:00,SPY261002C00758000
SPY,2026-10-02,763.99,2026-10-02,C,759.0,6.56,6.61,6.58,14750.0,434,0.22486126708984372,True,2026-10-01 20:14:08+00:00,SPY261002C00759000
SPY,2026-10-02,763.99,2026-10-02,C,760.0,5.77,5.82,5.81,47577.0,2493,0.21778125976562498,True,2026-10-01 20:14:46+00:00,SPY261002C00760000
SPY,2026-10-02,763.99,2026-10-02,C,761.0,5.02,5.06,4.99,46009.0,1014,0.21070125244140625,True,2026-10-01 20:14:34+00:00,SPY261002C00761000
SPY,2026-10-02,763.99,2026-10-02,C,762.0,4.31,4.34,4.33,53324.0,2204,0.20386538330078124,True,2026-10-01 20:14:55+00:00,SPY261002C00762000
SPY,2026-10-02,763.99,2026-10-02,C,763.0,3.64,3.67,3.64,58123.0,2726,0.19763985961914063,True,2026-10-01 20:14:59+00:00,SPY261002C00763000
SPY,2026-10-02,763.99,2026-10-02,C,764.0,3.03,3.05,3.07,78457.0,3553,0.1915364050292969,False,2026-10-01 20:14:52+00:00,SPY261002C00764000
SPY,2026-10-02,763.99,2026-10-02,C,765.0,2.48,2.49,2.47,103776.0,7400,0.1859212268066406,False,2026-10-01 20:14:59+00:00,SPY261002C00765000
SPY,2026-10-02,763.99,2026-10-02,C,766.0,1.98,1.99,1.97,58102.0,4743,0.1805501867675781,False,2026-10-01 20:14:58+00:00,SPY261002C00766000
SPY,2026-10-02,763.99,2026-10-02,C,767.0,1.55,1.56,1.56,55137.0,9225,0.17591156127929689,False,2026-10-01 20:14:55+00:00,SPY261002C00767000
SPY,2026-10-02,763.99,2026-10-02,C,768.0,1.18,1.19,1.18,46557.0,4451,0.1713950048828125,False,2026-10-01 20:14:59+00:00,SPY261002C00768000
SPY,2026-10-02,763.99,2026-10-02,C,769.0,0.88,0.89,0.88,34352.0,4744,0.1676108630371094,False,2026-10-01 20:14:58+00:00,SPY261002C00769000
SPY,2026-10-02,763.99,2026-10-02,C,770.0,0.64,0.65,0.65,73296.0,15400,0.16431499755859375,False,2026-10-01 20:14:59+00:00,SPY261002C00770000
SPY,2026-10-02,763.99,2026-10-02,C,771.0,0.46,0.47,0.46,27112.0,6420,0.16236189208984375,False,2026-10-01 20:14:59+00:00,SPY261002C00771000
SPY,2026-10-02,763.99,2026-10-02,C,772.0,0.32,0.33,0.33,38043.0,14151,0.1601646484375,False,2026-10-01 20:14:59+00:00,SPY261002C00772000
SPY,2026-10-02,763.99,2026-10-02,C,773.0,0.22,0.23,0.23,23118.0,4624,0.15894395751953128,False,2026-10-01 20:14:59+00:00,SPY261002C00773000
SPY,2026-10-02,763.99,2026-10-02,C,774.0,0.15,0.16,0.16,17153.0,4886,0.15869981933593752,False,2026-10-01 20:14:55+00:00,SPY261002C00774000
SPY,2026-10-02,763.99,2026-10-02,C,775.0,0.11,0.12,0.12,32040.0,17640,0.161141201171875,False,2026-10-01 20:14:57+00:00,SPY261002C00775000
SPY,2026-10-02,763.99,2026-10-02,C,776.0,0.07,0.08,0.08,7299.0,3087,0.1601646484375,False,2026-10-01 20:14:49+00:00,SPY261002C00776000
SPY,2026-10-02,763.99,2026-10-02,C,777.0,0.05,0.06,0.06,5800.0,3765,0.16309430664062502,False,2026-10-01 20:14:50+00:00,SPY261002C00777000
SPY,2026-10-02,763.99,2026-10-02,C,778.0,0.03,0.04,0.03,5216.0,3057,0.16407085937500002,False,2026-10-01 20:14:48+00:00,SPY261002C00778000
SPY,2026-10-02,763.99,2026-10-02,C,779.0,0.02,0.03,0.03,3850.0,2652,0.16602396484375004,False,2026-10-01 20:14:57+00:00,SPY261002C00779000
SPY,2026-10-02,763.99,2026-10-02,C,780.0,0.02,0.03,0.02,5495.0,16236,0.1757894921875,False,2026-10-01 20:14:30+00:00,SPY261002C00780000
SPY,2026-10-02,763.99,2026-10-02,C,781.0,0.01,0.02,0.02,3076.0,5220,0.1757894921875,False,2026-10-01 20:14:59+00:00,SPY261002C00781000
SPY,2026-10-02,763.99,2026-10-02,C,782.0,0.01,0.02,0.02,2084.0,3022,0.18555501953124998,False,2026-10-01 19:46:51+00:00,SPY261002C00782000
SPY,2026-10-02,763.99,2026-10-02,C,783.0,0.01,0.02,0.01,1168.0,4554,0.19336744140625,False,2026-10-01 20:03:33+00:00,SPY261002C00783000
SPY,2026-10-02,763.99,2026-10-02,C,784.0,0.01,0.02,0.02,1808.0,2935,0.20313296874999998,False,2026-10-01 20:14:17+00:00,SPY261002C00784000
SPY,2026-10-02,763.99,2026-10-02,C,785.0,0.01,0.02,0.01,5497.0,61292,0.21094539062499998,False,2026-10-01 20:14:07+00:00,SPY261002C00785000
SPY,2026-10-02,763.99,2026-10-02,C,786.0,0.0,0.01,0.01,2844.0,2195,0.20313296874999998,False,2026-10-01 20:14:44+00:00,SPY261002C00786000
SPY,2026-10-02,763.99,2026-10-02,C,787.0,0.0,0.01,0.01,245.0,1939,0.21094539062499998,False,2026-10-01 20:01:52+00:00,SPY261002C00787000
SPY,2026-10-02,763.99,2026-10-02,C,788.0,0.0,0.01,0.01,1335.0,2250,0.21875781249999998,False,2026-10-01 19:29:51+00:00,SPY261002C00788000
SPY,2026-10-02,763.99,2026-10-02,C,789.0,0.0,0.01,0.01,32.0,2232,0.22657023437499998,False,2026-10-01 19:46:40+00:00,SPY261002C00789000
SPY,2026-10-02,763.99,2026-10-02,C,790.0,0.0,0.01,0.01,1445.0,8352,0.23438265625,False,2026-10-01 19:40:44+00:00,SPY261002C00790000
SPY,2026-10-02,763.99,2026-10-02,C,791.0,0.0,0.01,0.01,33.0,2532,0.242195078125,False,2026-10-01 19:32:44+00:00,SPY261002C00791000
SPY,2026-10-02,763.99,2026-10-02,C,792.0,0.0,0.01,0.01,124.0,1672,0.2500075,False,2026-10-01 16:03:14+00:00,SPY261002C00792000
SPY,2026-10-02,763.99,2026-10-02,C,793.0,0.0,0.01,0.01,2.0,1207,0.257819921875,False,2026-10-01 13:56:36+00:00,SPY261002C00793000
SPY,2026-10-02,763.99,2026-10-02,C,794.0,0.0,0.01,0.01,29.0,1384,0.26563234375,False,2026-10-01 19:41:15+00:00,SPY261002C00794000
SPY,2026-10-02,763.99,2026-10-02,C,795.0,0.0,0.01,0.01,317.0,6347,0.273444765625,False,2026-10-01 19:47:46+00:00,SPY261002C00795000
SPY,2026-10-02,763.99,2026-10-02,C,796.0,0.0,0.01,0.01,243.0,1197,0.28125718749999995,False,2026-10-01 16:16:29+00:00,SPY261002C00796000
SPY,2026-10-02,763.99,2026-10-02,C,797.0,0.0,0.01,0.01,246.0,2356,0.2890696093749999,False,2026-10-01 15:46:07+00:00,SPY261002C00797000
SPY,2026-10-02,763.99,2026-10-02,C,798.0,0.0,0.01,0.01,115.0,1385,0.29688203124999996,False,2026-10-01 14:52:19+00:00,SPY261002C00798000
SPY,2026-10-02,763.99,2026-10-02,C,799.0,0.0,0.01,0.01,599.0,4984,0.304694453125,False,2026-10-01 18:56:01+00:00,SPY261002C00799000
SPY,2026-10-02,763.99,2026-10-02,C,800.0,0.0,0.01,0.01,270.0,7415,0.31250687499999996,False,2026-10-01 19:47:46+00:00,SPY261002C00800000
SPY,2026-10-02,763.99,2026-10-02,C,801.0,0.0,0.01,0.01,296.0,4907,0.32031929687499994,False,2026-10-01 15:46:51+00:00,SPY261002C00801000
SPY,2026-10-02,763.99,2026-10-02,C,802.0,0.0,0.01,0.01,5.0,497,0.32813171874999997,False,2026-10-01 13:59:06+00:00,SPY261002C00802000
SPY,2026-10-02,763.99,2026-10-02,C,803.0,0.0,0.01,0.02,85.0,1005,0.335944140625,False,2026-09-30 18:36:05+00:00,SPY261002C00803000
SPY,2026-10-02,763.99,2026-10-02,C,804.0,0.0,0.01,0.01,4.0,399,0.3437565625,False,2026-10-01 16:13:31+00:00,SPY261002C00804000
SPY,2026-10-02,763.99,2026-10-02,C,805.0,0.0,0.01,0.01,525.0,1233,0.35156898437499995,False,2026-10-01 18:56:01+00:00,SPY261002C00805000
SPY,2026-10-02,763.99,2026-10-02,C,806.0,0.0,0.01,0.02,495.0,1624,0.35938140625,False,2026-10-01 13:59:17+00:00,SPY261002C00806000
SPY,2026-10-02,763.99,2026-10-02,C,807.0,0.0,0.01,0.01,8.0,6717,0.367193828125,False,2026-10-01 13:30:00+00:00,SPY261002C00807000
SPY,2026-10-02,763.99,2026-10-02,C,808.0,0.0,0.01,0.01,7.0,1848,0.37500625,False,2026-10-01 13:52:26+00:00,SPY261002C00808000
SPY,2026-10-02,763.99,2026-10-02,C,809.0,0.0,0.01,0.01,8417.0,7151,0.38281867187499996,False,2026-09-30 19:30:08+00:00,SPY261002C00809000
SPY,2026-10-02,763.99,2026-10-02,C,810.0,0.0,0.01,0.01,10.0,6141,0.39063109375,False,2026-10-01 15:16:43+00:00,SPY261002C00810000
SPY,2026-10-02,763.99,2026-10-02,C,811.0,0.0,0.01,0.02,2.0,1611,0.398443515625,False,2026-09-30 15:34:56+00:00,SPY261002C00811000
SPY,2026-10-02,763.99,2026-10-02,C,812.0,0.0,0.01,0.02,5036.0,1019,0.4062559375,False,2026-09-29 15:43:43+00:00,SPY261002C00812000
SPY,2026-10-02,763.99,2026-10-02,C,813.0,0.0,0.01,0.01,246.0,1233,0.414068359375,False,2026-09-29 15:55:09+00:00,SPY261002C00813000
SPY,2026-10-02,763.99,2026-10-02,C,814.0,0.0,0.01,0.02,5117.0,1149,0.42188078125,False,2026-09-28 19:01:09+00:00,SPY261002C00814000
SPY,2026-10-02,763.99,2026-10-02,C,815.0,0.0,0.01,0.01,11.0,1856,0.42969320312500003,False,2026-10-01 15:00:26+00:00,SPY261002C00815000
SPY,2026-10-02,763.99,2026-10-02,C,816.0,0.0,0.01,0.01,2.0,1370,0.437505625,False,2026-09-30 16:01:49+00:00,SPY261002C00816000
SPY,2026-10-02,763.99,2026-10-02,C,817.0,0.0,0.01,0.01,1.0,6068,0.445318046875,False,2026-09-30 16:48:15+00:00,SPY261002C00817000
SPY,2026-10-02,763.99,2026-10-02,C,818.0,0.0,0.01,0.01,115.0,6365,0.45313046875,False,2026-09-30 20:03:00+00:00,SPY261002C00818000
SPY,2026-10-02,763.99,2026-10-02,C,819.0,0.0,0.01,0.01,9.0,74,0.45313046875,False,2026-09-29 16:32:43+00:00,SPY261002C00819000
SPY,2026-10-02,763.99,2026-10-02,C,820.0,0.0,0.01,0.01,292.0,509,0.46094289062500005,False,2026-09-30 20:03:02+00:00,SPY261002C00820000
SPY,2026-10-02,763.99,2026-10-02,C,821.0,0.0,0.01,0.02,9.0,873,0.4687553125,False,2026-09-30 20:13:14+00:00,SPY261002C00821000
SPY,2026-10-02,763.99,2026-10-02,C,822.0,0.0,0.01,0.01,5.0,885,0.476567734375,False,2026-09-30 20:01:41+00:00,SPY261002C00822000
SPY,2026-10-02,763.99,2026-10-02,C,823.0,0.0,0.01,0.03,736.0,921,0.48438015625,False,2026-09-25 19:51:20+00:00,SPY261002C00823000
SPY,2026-10-02,763.99,2026-10-02,C,824.0,0.0,0.01,0.01,5.0,1678,0.49219257812500006,False,2026-09-30 19:17:18+00:00,SPY261002C00824000
SPY,2026-10-02,763.99,2026-10-02,C,825.0,0.0,0.01,0.01,1.0,2616,0.500005,False,2026-10-01 14:10:48+00:00,SPY261002C00825000
SPY,2026-10-02,763.99,2026-10-02,C,830.0,0.0,0.01,0.01,2.0,894,0.500005,False,2026-09-30 15:34:38+00:00,SPY261002C00830000
SPY,2026-10-02,763.99,2026-10-02,C,835.0,0.0,0.01,0.01,1758.0,1724,0.5312546875,False,2026-09-30 14:42:07+00:00,SPY261002C00835000
SPY,2026-10-02,763.99,2026-10-02,C,840.0,0.0,0.01,0.01,1.0,1224,0.5625043750000001,False,2026-09-30 13:46:49+00:00,SPY261002C00840000
SPY,2026-10-02,763.99,2026-10-02,C,845.0,0.0,0.01,0.01,99.0,308,0.6093789062500001,False,2026-09-29 20:06:58+00:00,SPY261002C00845000
SPY,2026-10-02,763.99,2026-10-02,C,850.0,0.0,0.01,0.01,5.0,1130,0.64062859375,False,2026-09-28 20:06:47+00:00,SPY261002C00850000
SPY,2026-10-02,763.99,2026-10-02,C,855.0,0.0,0.01,0.02,2.0,70,0.6718782812500002,False,2026-09-25 18:31:10+00:00,SPY261002C00855000
SPY,2026-10-02,763.99,2026-10-02,C,860.0,0.0,0.01,0.01,2.0,309,0.70312796875,False,2026-09-29 13:35:27+00:00,SPY261002C00860000
SPY,2026-10-02,763.99,2026-10-02,C,865.0,0.0,0.01,0.01,3.0,265,0.73437765625,False,2026-09-30 15:26:27+00:00,SPY261002C00865000
SPY,2026-10-02,763.99,2026-10-02,C,870.0,0.0,0.01,0.01,2.0,79,0.7656273437500001,False,2026-09-28 20:00:47+00:00,SPY261002C00870000
SPY,2026-10-02,763.99,2026-10-02,C,875.0,0.0,0.01,0.01,3.0,25,0.79687703125,False,2026-09-21 18:22:45+00:00,SPY261002C00875000
SPY,2026-10-02,763.99,2026-10-02,C,880.0,0.0,0.01,0.01,1.0,14,0.8125018749999999,False,2026-09-22 13:45:03+00:00,SPY261002C00880000
SPY,2026-10-02,763.99,2026-10-02,C,890.0,0.0,0.01,0.01,10.0,13,0.87500125,False,2026-09-04 18:02:41+00:00,SPY261002C00890000
SPY,2026-10-02,763.99,2026-10-02,C,895.0,0.0,0.01,0.01,1.0,2,0.9062509375,False,2026-09-25 19:12:50+00:00,SPY261002C00895000
SPY,2026-10-02,763.99,2026-10-02,C,900.0,0.0,0.01,0.01,5.0,7,0.937500625,False,2026-09-10 13:31:08+00:00,SPY261002C00900000
SPY,2026-10-02,763.99,2026-10-02,C,905.0,0.0,0.01,0.01,3.0,3,0.9687503125,False,2026-08-31 15:05:27+00:00,SPY261002C00905000
SPY,2026-10-02,763.99,2026-10-02,C,910.0,0.0,0.01,0.01,155.0,156,1.000005,False,2026-09-28 13:38:25+00:00,SPY261002C00910000
SPY,2026-10-02,763.99,2026-10-02,C,915.0,0.0,0.01,0.01,1.0,451,1.0312548437500002,False,2026-09-25 19:23:41+00:00,SPY261002C00915000
SPY,2026-10-02,763.99,2026-10-02,C,920.0,0.0,0.01,0.01,540.0,659,1.0625046875000002,False,2026-09-03 16:30:10+00:00,SPY261002C00920000
SPY,2026-10-02,763.99,2026-10-02,C,925.0,0.0,0.01,0.01,,320,1.09375453125,False,2026-09-03 16:30:06+00:00,SPY261002C00925000
SPY,2026-10-02,763.99,2026-10-02,C,930.0,0.0,0.01,0.01,1.0,10,1.125004375,False,2026-09-18 18:43:50+00:00,SPY261002C00930000
SPY,2026-10-02,763.99,2026-10-02,P,500.0,0.0,0.01,0.01,7.0,1076,2.3125042187499996,False,2026-09-25 19:30:58+00:00,SPY261002P00500000
SPY,2026-10-02,763.99,2026-10-02,P,505.0,0.0,0.01,0.01,1.0,18,2.2500043749999996,False,2026-09-25 17:30:42+00:00,SPY261002P00505000
SPY,2026-10-02,763.99,2026-10-02,P,510.0,0.0,0.01,0.01,31.0,273,2.2500043749999996,False,2026-09-22 16:32:49+00:00,SPY261002P00510000
SPY,2026-10-02,763.99,2026-10-02,P,515.0,0.0,0.01,0.01,12.0,214,2.1875045312499997,False,2026-10-01 16:07:55+00:00,SPY261002P00515000
SPY,2026-10-02,763.99,2026-10-02,P,520.0,0.0,0.01,0.01,2.0,260,2.1250046874999997,False,2026-09-25 17:30:17+00:00,SPY261002P00520000
SPY,2026-10-02,763.99,2026-10-02,P,525.0,0.0,0.01,0.01,7.0,376,2.0625048437499998,False,2026-09-30 17:23:29+00:00,SPY261002P00525000
SPY,2026-10-02,763.99,2026-10-02,P,530.0,0.0,0.01,0.01,3.0,85,2.031254921875,False,2026-09-25 17:30:02+00:00,SPY261002P00530000
SPY,2026-10-02,763.99,2026-10-02,P,535.0,0.0,0.01,0.01,2.0,198,1.96875015625,False,2026-09-25 17:29:48+00:00,SPY261002P00535000
SPY,2026-10-02,763.99,2026-10-02,P,540.0,0.0,0.01,0.01,7.0,347,1.9375003125,False,2026-09-30 17:23:50+00:00,SPY261002P00540000
SPY,2026-10-02,763.99,2026-10-02,P,545.0,0.0,0.01,0.01,14.0,95,1.875000625,False,2026-09-30 17:24:04+00:00,SPY261002P00545000
SPY,2026-10-02,763.99,2026-10-02,P,550.0,0.0,0.01,0.01,1.0,340,1.8125009374999999,False,2026-09-25 15:32:17+00:00,SPY261002P00550000
SPY,2026-10-02,763.99,2026-10-02,P,555.0,0.0,0.01,0.03,6.0,5124,1.78125109375,False,2026-09-21 16:54:00+00:00,SPY261002P00555000
SPY,2026-10-02,763.99,2026-10-02,P,560.0,0.0,0.01,0.01,5.0,10798,1.75000125,False,2026-09-30 17:24:11+00:00,SPY261002P00560000
SPY,2026-10-02,763.99,2026-10-02,P,565.0,0.0,0.01,0.01,80.0,277,1.6875015625,False,2026-09-25 14:52:29+00:00,SPY261002P00565000
SPY,2026-10-02,763.99,2026-10-02,P,570.0,0.0,0.01,0.01,1020.0,1485,1.625001875,False,2026-09-25 15:02:27+00:00,SPY261002P00570000
SPY,2026-10-02,763.99,2026-10-02,P,575.0,0.0,0.01,0.01,32.0,1371,1.5937520312499998,False,2026-09-25 16:26:47+00:00,SPY261002P00575000
SPY,2026-10-02,763.99,2026-10-02,P,580.0,0.0,0.01,0.01,100.0,1206,1.5625021874999998,False,2026-09-25 16:57:50+00:00,SPY261002P00580000
SPY,2026-10-02,763.99,2026-10-02,P,585.0,0.0,0.01,0.01,2.0,50,1.5000025,False,2026-09-25 19:26:07+00:00,SPY261002P00585000
SPY,2026-10-02,763.99,2026-10-02,P,590.0,0.0,0.01,0.01,60.0,227,1.46875265625,False,2026-09-25 18:17:29+00:00,SPY261002P00590000
SPY,2026-10-02,763.99,2026-10-02,P,595.0,0.0,0.01,0.01,4.0,30322,1.4375028125,False,2026-09-29 14:26:05+00:00,SPY261002P00595000
SPY,2026-10-02,763.99,2026-10-02,P,600.0,0.0,0.01,0.01,8.0,6352,1.3750031249999999,False,2026-09-29 14:26:15+00:00,SPY261002P00600000
SPY,2026-10-02,763.99,2026-10-02,P,605.0,0.0,0.01,0.01,4.0,3881,1.3125034374999998,False,2026-09-29 14:26:26+00:00,SPY261002P00605000
SPY,2026-10-02,763.99,2026-10-02,P,610.0,0.0,0.01,0.01,108.0,2167,1.2812535937499998,False,2026-10-01 15:43:18+00:00,SPY261002P00610000
SPY,2026-10-02,763.99,2026-10-02,P,615.0,0.0,0.01,0.01,11.0,910,1.2500037499999999,False,2026-09-30 17:24:20+00:00,SPY261002P00615000
SPY,2026-10-02,763.99,2026-10-02,P,620.0,0.0,0.01,0.01,36.0,2241,1.1875040625,False,2026-10-01 15:41:35+00:00,SPY261002P00620000
SPY,2026-10-02,763.99,2026-10-02,P,625.0,0.0,0.01,0.01,9.0,662,1.15625421875,False,2026-09-30 15:03:29+00:00,SPY261002P00625000
SPY,2026-10-02,763.99,2026-10-02,P,630.0,0.0,0.01,0.01,9.0,1336,1.125004375,False,2026-09-30 17:24:29+00:00,SPY261002P00630000
SPY,2026-10-02,763.99,2026-10-02,P,635.0,0.0,0.01,0.01,1.0,1722,1.0625046875000002,False,2026-09-30 14:31:10+00:00,SPY261002P00635000
SPY,2026-10-02,763.99,2026-10-02,P,640.0,0.0,0.01,0.01,314.0,420,1.0312548437500002,False,2026-09-29 20:05:11+00:00,SPY261002P00640000
SPY,2026-10-02,763.99,2026-10-02,P,645.0,0.0,0.01,0.01,7.0,674,0.98437515625,False,2026-09-30 16:53:57+00:00,SPY261002P00645000
SPY,2026-10-02,763.99,2026-10-02,P,650.0,0.0,0.01,0.01,3.0,2541,0.937500625,False,2026-10-01 17:39:57+00:00,SPY261002P00650000
SPY,2026-10-02,763.99,2026-10-02,P,655.0,0.0,0.01,0.01,1.0,313,0.9062509375,False,2026-09-30 19:32:39+00:00,SPY261002P00655000
SPY,2026-10-02,763.99,2026-10-02,P,660.0,0.0,0.01,0.01,7.0,1273,0.85937640625,False,2026-10-01 16:03:11+00:00,SPY261002P00660000
SPY,2026-10-02,763.99,2026-10-02,P,665.0,0.0,0.01,0.01,3.0,1068,0.8125018749999999,False,2026-10-01 18:50:46+00:00,SPY261002P00665000
SPY,2026-10-02,763.99,2026-10-02,P,670.0,0.0,0.01,0.02,4.0,7878,0.7812521875,False,2026-10-01 18:50:46+00:00,SPY261002P00670000
SPY,2026-10-02,763.99,2026-10-02,P,675.0,0.0,0.01,0.01,78.0,5037,0.73437765625,False,2026-10-01 16:33:14+00:00,SPY261002P00675000
SPY,2026-10-02,763.99,2026-10-02,P,680.0,0.0,0.01,0.01,4.0,5459,0.6875031250000001,False,2026-10-01 19:45:16+00:00,SPY261002P00680000
SPY,2026-10-02,763.99,2026-10-02,P,685.0,0.0,0.01,0.01,16.0,627,0.6562534375000001,False,2026-10-01 18:31:40+00:00,SPY261002P00685000
SPY,2026-10-02,763.99,2026-10-02,P,690.0,0.0,0.01,0.01,327.0,1617,0.6093789062500001,False,2026-10-01 16:32:33+00:00,SPY261002P00690000
SPY,2026-10-02,763.99,2026-10-02,P,695.0,0.0,0.01,0.01,855.0,3979,0.57812921875,False,2026-10-01 18:32:07+00:00,SPY261002P00695000
SPY,2026-10-02,763.99,2026-10-02,P,700.0,0.0,0.01,0.01,267.0,11207,0.5312546875,False,2026-10-01 17:28:29+00:00,SPY261002P00700000
SPY,2026-10-02,763.99,2026-10-02,P,705.0,0.0,0.01,0.01,2198.0,2095,0.500005,False,2026-10-01 20:11:19+00:00,SPY261002P00705000
SPY,2026-10-02,763.99,2026-10-02,P,710.0,0.01,0.02,0.01,1345.0,8145,0.500005,False,2026-10-01 20:09:46+00:00,SPY261002P00710000
SPY,2026-10-02,763.99,2026-10-02,P,715.0,0.01,0.02,0.01,419.0,4180,0.4687553125,False,2026-10-01 19:45:14+00:00,SPY261002P00715000
SPY,2026-10-02,763.99,2026-10-02,P,720.0,0.01,0.02,0.01,2499.0,7113,0.42578699218750005,False,2026-10-01 20:05:34+00:00,SPY261002P00720000
SPY,2026-10-02,763.99,2026-10-02,P,721.0,0.01,0.02,0.01,12841.0,3221,0.41797457031249996,False,2026-10-01 19:40:19+00:00,SPY261002P00721000
SPY,2026-10-02,763.99,2026-10-02,P,722.0,0.01,0.02,0.01,5163.0,1885,0.4062559375,False,2026-10-01 19:34:54+00:00,SPY261002P00722000
SPY,2026-10-02,763.99,2026-10-02,P,723.0,0.01,0.02,0.01,2017.0,2696,0.398443515625,False,2026-10-01 19:50:11+00:00,SPY261002P00723000
SPY,2026-10-02,763.99,2026-10-02,P,724.0,0.01,0.02,0.01,3215.0,2355,0.39063109375,False,2026-10-01 18:46:53+00:00,SPY261002P00724000
SPY,2026-10-02,763.99,2026-10-02,P,725.0,0.01,0.02,0.01,187.0,4427,0.38281867187499996,False,2026-10-01 19:01:18+00:00,SPY261002P00725000
SPY,2026-10-02,763.99,2026-10-02,P,726.0,0.01,0.02,0.01,483.0,582,0.3711000390625,False,2026-10-01 17:32:20+00:00,SPY261002P00726000
SPY,2026-10-02,763.99,2026-10-02,P,727.0,0.01,0.02,0.02,115.0,2520,0.3632876171875,False,2026-10-01 18:05:50+00:00,SPY261002P00727000
SPY,2026-10-02,763.99,2026-10-02,P,728.0,0.01,0.02,0.01,335.0,1051,0.35547519531249994,False,2026-10-01 17:32:27+00:00,SPY261002P00728000
SPY,2026-10-02,763.99,2026-10-02,P,729.0,0.01,0.02,0.02,970.0,7858,0.3437565625,False,2026-10-01 17:35:00+00:00,SPY261002P00729000
SPY,2026-10-02,763.99,2026-10-02,P,730.0,0.01,0.02,0.01,2019.0,79356,0.335944140625,False,2026-10-01 19:00:34+00:00,SPY261002P00730000
SPY,2026-10-02,763.99,2026-10-02,P,731.0,0.01,0.02,0.01,1343.0,12043,0.32813171874999997,False,2026-10-01 19:27:54+00:00,SPY261002P00731000
SPY,2026-10-02,763.99,2026-10-02,P,732.0,0.01,0.02,0.02,3212.0,2350,0.31641308593749995,False,2026-10-01 20:00:30+00:00,SPY261002P00732000
SPY,2026-10-02,763.99,2026-10-02,P,733.0,0.01,0.02,0.02,21779.0,1195,0.3086006640625,False,2026-10-01 19:51:54+00:00,SPY261002P00733000
SPY,2026-10-02,763.99,2026-10-02,P,734.0,0.01,0.02,0.02,26712.0,812,0.3007882421875,False,2026-10-01 19:29:06+00:00,SPY261002P00734000
SPY,2026-10-02,763.99,2026-10-02,P,735.0,0.01,0.02,0.02,7447.0,10343,0.2890696093749999,False,2026-10-01 19:38:21+00:00,SPY261002P00735000
SPY,2026-10-02,763.99,2026-10-02,P,736.0,0.01,0.02,0.02,8928.0,6940,0.28125718749999995,False,2026-10-01 19:29:58+00:00,SPY261002P00736000
SPY,2026-10-02,763.99,2026-10-02,P,737.0,0.01,0.02,0.01,10893.0,1820,0.273444765625,False,2026-10-01 19:54:17+00:00,SPY261002P00737000
SPY,2026-10-02,763.99,2026-10-02,P,738.0,0.01,0.02,0.02,7579.0,1222,0.26367923828125,False,2026-10-01 20:13:45+00:00,SPY261002P00738000
SPY,2026-10-02,763.99,2026-10-02,P,739.0,0.01,0.02,0.02,3838.0,1690,0.25391371093750004,False,2026-10-01 19:53:31+00:00,SPY261002P00739000
SPY,2026-10-02,763.99,2026-10-02,P,740.0,0.01,0.02,0.02,8407.0,9139,0.2461012890625,False,2026-10-01 20:11:45+00:00,SPY261002P00740000
SPY,2026-10-02,763.99,2026-10-02,P,741.0,0.01,0.02,0.01,4010.0,4414,0.23438265625,False,2026-10-01 20:09:12+00:00,SPY261002P00741000
SPY,2026-10-02,763.99,2026-10-02,P,742.0,0.02,0.03,0.02,3744.0,5121,0.23828886718749998,False,2026-10-01 20:14:32+00:00,SPY261002P00742000
SPY,2026-10-02,763.99,2026-10-02,P,743.0,0.02,0.03,0.02,7339.0,2342,0.22852333984375,False,2026-10-01 20:11:47+00:00,SPY261002P00743000
SPY,2026-10-02,763.99,2026-10-02,P,744.0,0.02,0.03,0.02,4586.0,5434,0.21875781249999998,False,2026-10-01 20:10:31+00:00,SPY261002P00744000
SPY,2026-10-02,763.99,2026-10-02,P,745.0,0.02,0.03,0.03,8132.0,68136,0.20899228515624996,False,2026-10-01 20:14:53+00:00,SPY261002P00745000
SPY,2026-10-02,763.99,2026-10-02,P,746.0,0.03,0.04,0.03,6642.0,6633,0.20703917968749996,False,2026-10-01 20:12:42+00:00,SPY261002P00746000
SPY,2026-10-02,763.99,2026-10-02,P,747.0,0.03,0.04,0.04,10651.0,14181,0.19727365234375,False,2026-10-01 20:14:41+00:00,SPY261002P00747000
SPY,2026-10-02,763.99,2026-10-02,P,748.0,0.04,0.05,0.04,9392.0,5106,0.19336744140625,False,2026-10-01 20:14:01+00:00,SPY261002P00748000
SPY,2026-10-02,763.99,2026-10-02,P,749.0,0.04,0.05,0.05,15255.0,4512,0.18262536132812499,False,2026-10-01 20:14:13+00:00,SPY261002P00749000
SPY,2026-10-02,763.99,2026-10-02,P,750.0,0.06,0.07,0.07,29950.0,20055,0.18164880859375,False,2026-10-01 20:14:44+00:00,SPY261002P00750000
SPY,2026-10-02,763.99,2026-10-02,P,751.0,0.07,0.08,0.07,18970.0,2411,0.17383638671875,False,2026-10-01 20:14:52+00:00,SPY261002P00751000
SPY,2026-10-02,763.99,2026-10-02,P,752.0,0.1,0.11,0.11,20482.0,3813,0.17237155761718753,False,2026-10-01 20:14:18+00:00,SPY261002P00752000
SPY,2026-10-02,763.99,2026-10-02,P,753.0,0.12,0.13,0.14,29757.0,5583,0.16602396484375004,False,2026-10-01 20:14:33+00:00,SPY261002P00753000
SPY,2026-10-02,763.99,2026-10-02,P,754.0,0.17,0.18,0.18,32626.0,3770,0.1645591357421875,False,2026-10-01 20:14:48+00:00,SPY261002P00754000
SPY,2026-10-02,763.99,2026-10-02,P,755.0,0.23,0.24,0.24,59226.0,13900,0.16236189208984375,False,2026-10-01 20:14:58+00:00,SPY261002P00755000
SPY,2026-10-02,763.99,2026-10-02,P,756.0,0.31,0.32,0.32,33446.0,3723,0.1601646484375,False,2026-10-01 20:14:43+00:00,SPY261002P00756000
SPY,2026-10-02,763.99,2026-10-02,P,757.0,0.42,0.43,0.42,44733.0,4784,0.15894395751953128,False,2026-10-01 20:14:55+00:00,SPY261002P00757000
SPY,2026-10-02,763.99,2026-10-02,P,758.0,0.55,0.56,0.55,47510.0,5543,0.15650257568359377,False,2026-10-01 20:14:52+00:00,SPY261002P00758000
SPY,2026-10-02,763.99,2026-10-02,P,759.0,0.72,0.73,0.72,51963.0,4234,0.15479360839843753,False,2026-10-01 20:14:51+00:00,SPY261002P00759000
SPY,2026-10-02,763.99,2026-10-02,P,760.0,0.92,0.93,0.92,118905.0,13354,0.15210808837890627,False,2026-10-01 20:14:57+00:00,SPY261002P00760000
SPY,2026-10-02,763.99,2026-10-02,P,761.0,1.16,1.17,1.16,69553.0,3061,0.1489342919921875,False,2026-10-01 20:14:57+00:00,SPY261002P00761000
SPY,2026-10-02,763.99,2026-10-02,P,762.0,1.44,1.46,1.44,59047.0,3863,0.14563842651367187,False,2026-10-01 20:14:55+00:00,SPY261002P00762000
SPY,2026-10-02,763.99,2026-10-02,P,763.0,1.77,1.79,1.78,64118.0,5739,0.14112187011718752,False,2026-10-01 20:14:57+00:00,SPY261002P00763000
SPY,2026-10-02,763.99,2026-10-02,P,764.0,2.16,2.17,2.16,67811.0,3827,0.13575083007812502,True,2026-10-01 20:14:59+00:00,SPY261002P00764000
SPY,2026-10-02,763.99,2026-10-02,P,765.0,2.6,2.61,2.6,48439.0,16937,0.1294032373046875,True,2026-10-01 20:14:59+00:00,SPY261002P00765000
SPY,2026-10-02,763.99,2026-10-02,P,766.0,3.1,3.12,3.1,12968.0,3342,0.12220116088867189,True,2026-10-01 20:14:40+00:00,SPY261002P00766000
SPY,2026-10-02,763.99,2026-10-02,P,767.0,3.67,3.69,3.73,6584.0,5334,0.11255770263671874,True,2026-10-01 20:14:25+00:00,SPY261002P00767000
SPY,2026-10-02,763.99,2026-10-02,P,768.0,4.3,4.33,4.35,3617.0,3849,0.098641826171875,True,2026-10-01 20:14:15+00:00,SPY261002P00768000
SPY,2026-10-02,763.99,2026-10-02,P,769.0,5.0,5.03,5.03,2897.0,2892,0.06153282226562501,True,2026-10-01 20:14:55+00:00,SPY261002P00769000
SPY,2026-10-02,763.99,2026-10-02,P,770.0,5.75,5.79,5.86,4152.0,4747,1.0000000000000003e-05,True,2026-10-01 20:14:31+00:00,SPY261002P00770000
SPY,2026-10-02,763.99,2026-10-02,P,771.0,6.57,6.62,6.63,1936.0,1246,1.0000000000000003e-05,True,2026-10-01 20:14:19+00:00,SPY261002P00771000
SPY,2026-10-02,763.99,2026-10-02,P,772.0,7.37,7.85,7.55,2498.0,2280,1.0000000000000003e-05,True,2026-10-01 20:14:30+00:00,SPY261002P00772000
SPY,2026-10-02,763.99,2026-10-02,P,773.0,8.28,9.09,8.65,583.0,1299,0.12696185546875,True,2026-10-01 20:10:27+00:00,SPY261002P00773000
SPY,2026-10-02,763.99,2026-10-02,P,774.0,9.1,10.24,9.82,522.0,1969,0.17212741943359378,True,2026-10-01 20:09:22+00:00,SPY261002P00774000
SPY,2026-10-02,763.99,2026-10-02,P,775.0,10.17,11.09,10.78,3179.0,1502,0.149422568359375,True,2026-10-01 20:04:56+00:00,SPY261002P00775000
SPY,2026-10-02,763.99,2026-10-02,P,776.0,11.23,12.25,11.8,1841.0,580,0.1997150341796875,True,2026-10-01 20:09:22+00:00,SPY261002P00776000
SPY,2026-10-02,763.99,2026-10-02,P,777.0,12.23,13.25,13.15,494.0,11,0.2124102197265625,True,2026-10-01 19:59:54+00:00,SPY261002P00777000
SPY,2026-10-02,763.99,2026-10-02,P,778.0,13.23,14.53,14.15,637.0,65,0.2712475219726562,True,2026-10-01 19:59:54+00:00,SPY261002P00778000
SPY,2026-10-02,763.99,2026-10-02,P,779.0,14.23,15.53,15.04,455.0,14,0.28516339843749994,True,2026-10-01 19:59:58+00:00,SPY261002P00779000
SPY,2026-10-02,763.99,2026-10-02,P,780.0,15.23,16.5,15.31,789.0,108,0.29444064941406245,True,2026-10-01 19:42:47+00:00,SPY261002P00780000
SPY,2026-10-02,763.99,2026-10-02,P,781.0,15.65,17.54,16.61,81.0,3,0.3139717041015625,True,2026-10-01 18:55:36+00:00,SPY261002P00781000
SPY,2026-10-02,763.99,2026-10-02,P,782.0,16.63,18.54,17.55,30.0,10,0.32739930419921875,True,2026-10-01 19:12:12+00:00,SPY261002P00782000
SPY,2026-10-02,763.99,2026-10-02,P,783.0,17.72,19.54,18.23,54.0,0,0.34058276611328125,True,2026-10-01 19:47:27+00:00,SPY261002P00783000
SPY,2026-10-02,763.99,2026-10-02,P,784.0,18.72,20.53,20.05,150.0,38,0.35205726074218746,True,2026-10-01 19:25:09+00:00,SPY261002P00784000
SPY,2026-10-02,763.99,2026-10-02,P,785.0,19.65,21.55,20.58,43.0,4,0.36865865722656255,True,2026-10-01 19:12:33+00:00,SPY261002P00785000
SPY,2026-10-02,763.99,2026-10-02,P,786.0,20.65,22.55,21.81,56.0,0,0.3815979809570312,True,2026-10-01 18:29:31+00:00,SPY261002P00786000
SPY,2026-10-02,763.99,2026-10-02,P,787.0,21.65,23.54,22.47,44.0,0,0.39258419921875,True,2026-10-01 19:01:39+00:00,SPY261002P00787000
SPY,2026-10-02,763.99,2026-10-02,P,788.0,22.73,24.54,22.66,16.0,0,0.405279384765625,True,2026-10-01 19:51:35+00:00,SPY261002P00788000
SPY,2026-10-02,763.99,2026-10-02,P,789.0,23.71,25.55,24.58,14.0,0,0.41992767578125,True,2026-10-01 19:19:19+00:00,SPY261002P00789000
SPY,2026-10-02,763.99,2026-10-02,P,790.0,24.71,26.55,26.58,22.0,3,0.43237872314453124,True,2026-10-01 18:18:00+00:00,SPY261002P00790000
SPY,2026-10-02,763.99,2026-10-02,P,791.0,25.66,27.55,28.33,16.0,0,0.44482977050781247,True,2026-10-01 17:23:45+00:00,SPY261002P00791000
SPY,2026-10-02,763.99,2026-10-02,P,792.0,26.71,28.55,28.23,10.0,0,0.4572808178710938,True,2026-09-30 19:55:13+00:00,SPY261002P00792000
SPY,2026-10-02,763.99,2026-10-02,P,793.0,27.66,29.54,29.27,6.0,0,0.467778759765625,True,2026-09-30 19:55:13+00:00,SPY261002P00793000
SPY,2026-10-02,763.99,2026-10-02,P,794.0,28.71,30.55,30.57,2.0,0,0.4819387744140625,True,2026-10-01 18:22:08+00:00,SPY261002P00794000
SPY,2026-10-02,763.99,2026-10-02,P,795.0,29.66,31.54,31.79,6.0,6,0.4919484399414063,True,2026-10-01 17:24:06+00:00,SPY261002P00795000
SPY,2026-10-02,763.99,2026-10-02,P,796.0,30.71,32.55,27.2,44.0,0,0.50586431640625,True,2026-09-30 15:35:12+00:00,SPY261002P00796000
SPY,2026-10-02,763.99,2026-10-02,P,797.0,31.72,33.53,30.93,78.0,0,0.5136767382812499,True,2026-09-30 19:33:39+00:00,SPY261002P00797000
SPY,2026-10-02,763.99,2026-10-02,P,798.0,32.66,34.54,31.49,16.0,0,0.5278367529296876,True,2026-09-30 19:17:30+00:00,SPY261002P00798000
SPY,2026-10-02,763.99,2026-10-02,P,799.0,33.66,35.54,38.95,2.0,1,0.5395553857421876,True,2026-10-01 15:22:14+00:00,SPY261002P00799000
SPY,2026-10-02,763.99,2026-10-02,P,800.0,34.66,36.54,36.43,191.0,6,0.5515181567382813,True,2026-10-01 18:03:29+00:00,SPY261002P00800000
SPY,2026-10-02,763.99,2026-10-02,P,801.0,35.71,37.55,36.57,72.0,0,0.5654340332031251,True,2026-10-01 17:37:24+00:00,SPY261002P00801000
SPY,2026-10-02,763.99,2026-10-02,P,802.0,36.66,38.54,37.27,162.0,0,0.5747112841796875,True,2026-10-01 19:40:50+00:00,SPY261002P00802000
SPY,2026-10-02,763.99,2026-10-02,P,803.0,37.71,39.55,41.56,34.0,0,0.5888712988281251,True,2026-10-01 16:28:42+00:00,SPY261002P00803000
SPY,2026-10-02,763.99,2026-10-02,P,804.0,38.71,40.55,39.49,16.0,0,0.6003457934570313,True,2026-10-01 19:17:20+00:00,SPY261002P00804000
SPY,2026-10-02,763.99,2026-10-02,P,805.0,39.71,41.55,41.59,41.0,0,0.6118202880859377,True,2026-10-01 19:17:46+00:00,SPY261002P00805000
SPY,2026-10-02,763.99,2026-10-02,P,806.0,40.67,42.55,41.6,4.0,0,0.6235389208984375,True,2026-10-01 19:18:25+00:00,SPY261002P00806000
SPY,2026-10-02,763.99,2026-10-02,P,807.0,41.66,43.56,42.62,93.0,0,0.6372106591796876,True,2026-10-01 19:34:35+00:00,SPY261002P00807000
SPY,2026-10-02,763.99,2026-10-02,P,808.0,42.71,44.54,43.43,12.0,0,0.6435582519531251,True,2026-10-01 19:21:00+00:00,SPY261002P00808000
SPY,2026-10-02,763.99,2026-10-02,P,809.0,43.71,45.55,44.75,62.0,0,0.657229990234375,True,2026-10-01 19:37:12+00:00,SPY261002P00809000
SPY,2026-10-02,763.99,2026-10-02,P,810.0,44.66,46.54,45.57,22.0,1,0.6660189648437502,True,2026-10-01 19:12:45+00:00,SPY261002P00810000
SPY,2026-10-02,763.99,2026-10-02,P,811.0,45.65,47.55,46.68,24.0,0,0.6796907031250001,True,2026-10-01 19:37:36+00:00,SPY261002P00811000
SPY,2026-10-02,763.99,2026-10-02,P,812.0,46.65,48.56,47.42,52.0,0,0.69336244140625,True,2026-10-01 19:44:21+00:00,SPY261002P00812000
SPY,2026-10-02,763.99,2026-10-02,P,813.0,47.65,49.56,48.4,32.0,0,0.7045927978515626,True,2026-10-01 19:44:54+00:00,SPY261002P00813000
SPY,2026-10-02,763.99,2026-10-02,P,814.0,48.71,50.54,48.66,24.0,0,0.7104521142578125,True,2026-10-01 19:46:10+00:00,SPY261002P00814000
SPY,2026-10-02,763.99,2026-10-02,P,815.0,49.65,51.56,50.54,36.0,0,0.726565234375,True,2026-10-01 19:24:18+00:00,SPY261002P00815000
SPY,2026-10-02,763.99,2026-10-02,P,816.0,50.65,52.54,51.51,16.0,0,0.7324245507812499,True,2026-10-01 19:26:33+00:00,SPY261002P00816000
SPY,2026-10-02,763.99,2026-10-02,P,817.0,51.71,53.55,52.56,14.0,0,0.7460962890625,True,2026-10-01 19:29:47+00:00,SPY261002P00817000
SPY,2026-10-02,763.99,2026-10-02,P,822.0,56.72,58.53,57.98,4.0,0,0.7944356494140624,True,2026-09-29 16:27:02+00:00,SPY261002P00822000
SPY,2026-10-02,763.99,2026-10-02,P,823.0,57.71,59.55,58.71,36.0,0,0.8110370458984374,True,2026-09-29 19:42:27+00:00,SPY261002P00823000
SPY,2026-10-02,763.99,2026-10-02,P,824.0,58.71,60.54,60.56,4.0,0,0.8188494677734374,True,2026-09-29 16:29:30+00:00,SPY261002P00824000
SPY,2026-10-02,763.99,2026-10-02,P,825.0,59.67,61.55,60.68,1.0,1,0.8320329296874999,True,2026-10-01 20:06:27+00:00,SPY261002P00825000
SPY,2026-10-02,763.99,2026-10-02,P,830.0,64.71,66.55,61.8,2.0,0,0.88476677734375,True,2026-09-30 17:03:41+00:00,SPY261002P00830000
SPY,2026-10-02,763.99,2026-10-02,P,835.0,69.71,71.55,74.76,2.0,0,0.936524072265625,True,2026-10-01 14:22:48+00:00,SPY261002P00835000
SPY,2026-10-02,763.99,2026-10-02,P,840.0,74.65,76.56,77.98,2.0,0,0.99023447265625,True,2026-10-01 16:40:13+00:00,SPY261002P00840000
SPY,2026-10-02,763.99,2026-10-02,P,855.0,89.67,91.55,88.92,4.0,0,1.1357465087890626,True,2026-09-30 18:53:54+00:00,SPY261002P00855000
SPY,2026-10-02,763.99,2026-10-05,C,595.0,168.71,170.57,173.93,2.0,0,1.1762736499023436,True,2026-09-25 14:55:46+00:00,SPY261005C00595000
SPY,2026-10-02,763.99,2026-10-05,C,680.0,83.77,85.63,84.36,76.0,43,0.6252478881835939,True,2026-10-01 18:24:25+00:00,SPY261005C00680000
SPY,2026-10-02,763.99,2026-10-05,C,685.0,78.77,80.63,80.05,120.0,22,0.5925333715820313,True,2026-10-01 19:43:42+00:00,SPY261005C00685000
SPY,2026-10-02,763.99,2026-10-05,C,690.0,73.78,75.67,74.42,20.0,47,0.5637250659179689,True,2026-10-01 18:29:49+00:00,SPY261005C00690000
SPY,2026-10-02,763.99,2026-10-05,C,695.0,68.78,70.62,69.67,6.0,27,0.5273484765625001,True,2026-10-01 19:06:42+00:00,SPY261005C00695000
SPY,2026-10-02,763.99,2026-10-05,C,700.0,63.79,65.52,64.79,58.0,27,0.583866466064453,True,2026-10-01 19:04:53+00:00,SPY261005C00700000
SPY,2026-10-02,763.99,2026-10-05,C,705.0,58.79,60.63,59.53,16.0,42,0.5564009204101563,True,2026-10-01 20:00:22+00:00,SPY261005C00705000
SPY,2026-10-02,763.99,2026-10-05,C,710.0,53.79,55.65,51.22,6.0,31,0.5205126074218749,True,2026-10-01 16:01:03+00:00,SPY261005C00710000
SPY,2026-10-02,763.99,2026-10-05,C,720.0,43.81,45.65,44.64,60.0,53,0.4445856323242187,True,2026-10-01 19:03:54+00:00,SPY261005C00720000
SPY,2026-10-02,763.99,2026-10-05,C,725.0,38.81,40.64,39.12,71.0,44,0.405279384765625,True,2026-10-01 19:59:39+00:00,SPY261005C00725000
SPY,2026-10-02,763.99,2026-10-05,C,727.0,36.81,38.67,35.4,24.0,32,0.39172971557617187,True,2026-10-01 16:43:23+00:00,SPY261005C00727000
SPY,2026-10-02,763.99,2026-10-05,C,728.0,35.82,37.65,34.32,10.0,64,0.3825745336914062,True,2026-10-01 16:42:40+00:00,SPY261005C00728000
SPY,2026-10-02,763.99,2026-10-05,C,729.0,34.83,36.62,35.72,13.0,51,0.37280900634765624,True,2026-10-01 18:38:30+00:00,SPY261005C00729000
SPY,2026-10-02,763.99,2026-10-05,C,730.0,33.82,35.65,35.11,76.0,59,0.3668276208496094,True,2026-10-01 19:54:12+00:00,SPY261005C00730000
SPY,2026-10-02,763.99,2026-10-05,C,733.0,30.85,32.66,31.84,46.0,99,0.3437565625,True,2026-10-01 19:26:07+00:00,SPY261005C00733000
SPY,2026-10-02,763.99,2026-10-05,C,734.0,29.84,31.71,28.44,51.0,44,0.33875172973632806,True,2026-10-01 17:16:48+00:00,SPY261005C00734000
SPY,2026-10-02,763.99,2026-10-05,C,735.0,28.84,30.64,30.09,144.0,82,0.32642275146484373,True,2026-10-01 19:49:04+00:00,SPY261005C00735000
SPY,2026-10-02,763.99,2026-10-05,C,736.0,27.84,29.69,28.94,33.0,84,0.32141791870117187,True,2026-10-01 17:31:05+00:00,SPY261005C00736000
SPY,2026-10-02,763.99,2026-10-05,C,737.0,26.86,28.69,26.02,50.0,86,0.31323928955078123,True,2026-10-01 17:19:35+00:00,SPY261005C00737000
SPY,2026-10-02,763.99,2026-10-05,C,739.0,24.86,26.69,25.88,89.0,44,0.29688203124999996,True,2026-10-01 19:08:49+00:00,SPY261005C00739000
SPY,2026-10-02,763.99,2026-10-05,C,740.0,23.89,25.75,25.59,247.0,43,0.291877198486328,True,2026-10-01 19:49:38+00:00,SPY261005C00740000
SPY,2026-10-02,763.99,2026-10-05,C,742.0,21.89,23.76,22.95,441.0,74,0.2756420092773437,True,2026-10-01 19:44:08+00:00,SPY261005C00742000
SPY,2026-10-02,763.99,2026-10-05,C,743.0,20.91,22.22,21.15,214.0,69,0.2371902453613281,True,2026-10-01 17:27:50+00:00,SPY261005C00743000
SPY,2026-10-02,763.99,2026-10-05,C,744.0,19.93,21.22,21.76,563.0,92,0.22925575439453127,True,2026-10-01 19:51:56+00:00,SPY261005C00744000
SPY,2026-10-02,763.99,2026-10-05,C,745.0,18.97,20.23,19.44,728.0,88,0.22168747070312497,True,2026-10-01 19:58:48+00:00,SPY261005C00745000
SPY,2026-10-02,763.99,2026-10-05,C,746.0,17.99,19.24,17.95,844.0,270,0.21411918701171873,True,2026-10-01 19:55:39+00:00,SPY261005C00746000
SPY,2026-10-02,763.99,2026-10-05,C,747.0,17.03,18.33,18.91,132.0,124,0.2108233215332031,True,2026-10-01 19:51:25+00:00,SPY261005C00747000
SPY,2026-10-02,763.99,2026-10-05,C,748.0,16.07,17.36,17.27,448.0,49,0.2039874523925781,True,2026-10-01 19:20:08+00:00,SPY261005C00748000
SPY,2026-10-02,763.99,2026-10-05,C,749.0,15.08,16.42,16.26,313.0,120,0.19849434326171872,True,2026-10-01 19:38:37+00:00,SPY261005C00749000
SPY,2026-10-02,763.99,2026-10-05,C,750.0,14.16,15.41,14.48,2195.0,87,0.18933916137695314,True,2026-10-01 19:38:10+00:00,SPY261005C00750000
SPY,2026-10-02,763.99,2026-10-05,C,751.0,13.81,14.55,14.1,807.0,253,0.1871419177246094,True,2026-10-01 20:12:56+00:00,SPY261005C00751000
SPY,2026-10-02,763.99,2026-10-05,C,752.0,13.08,13.61,13.35,1969.0,69,0.1808553594970703,True,2026-10-01 20:10:55+00:00,SPY261005C00752000
SPY,2026-10-02,763.99,2026-10-05,C,753.0,11.93,12.7,11.97,2335.0,123,0.17554535400390625,True,2026-10-01 19:57:10+00:00,SPY261005C00753000
SPY,2026-10-02,763.99,2026-10-05,C,754.0,11.1,11.77,11.22,2792.0,162,0.16895362304687503,True,2026-10-01 19:59:58+00:00,SPY261005C00754000
SPY,2026-10-02,763.99,2026-10-05,C,755.0,10.27,10.94,10.34,813.0,304,0.16614603393554692,True,2026-10-01 19:47:04+00:00,SPY261005C00755000
SPY,2026-10-02,763.99,2026-10-05,C,756.0,9.47,10.04,9.48,1008.0,137,0.15992051025390625,True,2026-10-01 19:53:59+00:00,SPY261005C00756000
SPY,2026-10-02,763.99,2026-10-05,C,757.0,8.69,9.2,8.54,1650.0,80,0.15546498840332032,True,2026-10-01 19:59:58+00:00,SPY261005C00757000
SPY,2026-10-02,763.99,2026-10-05,C,758.0,7.93,8.35,7.85,1858.0,172,0.1500329138183594,True,2026-10-01 20:00:19+00:00,SPY261005C00758000
SPY,2026-10-02,763.99,2026-10-05,C,759.0,7.19,7.55,6.97,2877.0,220,0.1456994610595703,True,2026-10-01 19:59:59+00:00,SPY261005C00759000
SPY,2026-10-02,763.99,2026-10-05,C,760.0,6.66,6.78,6.75,12384.0,300,0.141610146484375,True,2026-10-01 20:14:40+00:00,SPY261005C00760000
SPY,2026-10-02,763.99,2026-10-05,C,761.0,5.97,6.06,5.99,8155.0,201,0.13831428100585938,True,2026-10-01 20:14:16+00:00,SPY261005C00761000
SPY,2026-10-02,763.99,2026-10-05,C,762.0,5.28,5.36,5.3,9037.0,250,0.13465220825195315,True,2026-10-01 20:14:34+00:00,SPY261005C00762000
SPY,2026-10-02,763.99,2026-10-05,C,763.0,4.65,4.67,4.68,12854.0,344,0.13031875549316402,True,2026-10-01 20:14:52+00:00,SPY261005C00763000
SPY,2026-10-02,763.99,2026-10-05,C,764.0,4.03,4.06,4.07,9663.0,685,0.12738909729003906,False,2026-10-01 20:14:44+00:00,SPY261005C00764000
SPY,2026-10-02,763.99,2026-10-05,C,765.0,3.47,3.49,3.5,14943.0,1234,0.12445943908691406,False,2026-10-01 20:14:52+00:00,SPY261005C00765000
SPY,2026-10-02,763.99,2026-10-05,C,766.0,2.95,2.97,2.98,8673.0,1399,0.12183495361328125,False,2026-10-01 20:14:55+00:00,SPY261005C00766000
SPY,2026-10-02,763.99,2026-10-05,C,767.0,2.48,2.49,2.48,6463.0,1181,0.11908839904785155,False,2026-10-01 20:14:58+00:00,SPY261005C00767000
SPY,2026-10-02,763.99,2026-10-05,C,768.0,2.05,2.07,2.06,5389.0,1899,0.11683012084960936,False,2026-10-01 20:14:52+00:00,SPY261005C00768000
SPY,2026-10-02,763.99,2026-10-05,C,769.0,1.68,1.69,1.69,3302.0,1343,0.11438873901367189,False,2026-10-01 20:14:56+00:00,SPY261005C00769000
SPY,2026-10-02,763.99,2026-10-05,C,770.0,1.34,1.35,1.36,17419.0,2206,0.11182528808593749,False,2026-10-01 20:14:43+00:00,SPY261005C00770000
SPY,2026-10-02,763.99,2026-10-05,C,771.0,1.07,1.08,1.07,3975.0,1472,0.11023838989257811,False,2026-10-01 20:14:40+00:00,SPY261005C00771000
SPY,2026-10-02,763.99,2026-10-05,C,772.0,0.83,0.84,0.84,3625.0,814,0.10816321533203124,False,2026-10-01 20:14:53+00:00,SPY261005C00772000
SPY,2026-10-02,763.99,2026-10-05,C,773.0,0.63,0.64,0.64,4609.0,1042,0.10614907531738281,False,2026-10-01 20:14:56+00:00,SPY261005C00773000
SPY,2026-10-02,763.99,2026-10-05,C,774.0,0.48,0.49,0.48,3922.0,945,0.1049894189453125,False,2026-10-01 20:14:41+00:00,SPY261005C00774000
SPY,2026-10-02,763.99,2026-10-05,C,775.0,0.36,0.37,0.37,7770.0,2608,0.10401286621093749,False,2026-10-01 20:14:56+00:00,SPY261005C00775000
SPY,2026-10-02,763.99,2026-10-05,C,776.0,0.26,0.27,0.27,3334.0,682,0.10254803710937499,False,2026-10-01 20:14:46+00:00,SPY261005C00776000
SPY,2026-10-02,763.99,2026-10-05,C,777.0,0.19,0.2,0.19,3352.0,1068,0.10205976074218749,False,2026-10-01 20:13:52+00:00,SPY261005C00777000
SPY,2026-10-02,763.99,2026-10-05,C,778.0,0.14,0.15,0.14,1484.0,1133,0.10205976074218749,False,2026-10-01 20:14:58+00:00,SPY261005C00778000
SPY,2026-10-02,763.99,2026-10-05,C,779.0,0.1,0.11,0.1,1771.0,1103,0.10181562255859375,False,2026-10-01 20:11:35+00:00,SPY261005C00779000
SPY,2026-10-02,763.99,2026-10-05,C,780.0,0.07,0.08,0.08,3672.0,1882,0.10157148437499999,False,2026-10-01 20:14:38+00:00,SPY261005C00780000
SPY,2026-10-02,763.99,2026-10-05,C,781.0,0.05,0.06,0.04,1900.0,917,0.10205976074218749,False,2026-10-01 20:14:09+00:00,SPY261005C00781000
SPY,2026-10-02,763.99,2026-10-05,C,782.0,0.04,0.05,0.04,1191.0,440,0.10450114257812498,False,2026-10-01 20:14:01+00:00,SPY261005C00782000
SPY,2026-10-02,763.99,2026-10-05,C,783.0,0.03,0.04,0.04,776.0,805,0.10596597167968749,False,2026-10-01 20:10:20+00:00,SPY261005C00783000
SPY,2026-10-02,763.99,2026-10-05,C,784.0,0.02,0.03,0.02,1259.0,697,0.106454248046875,False,2026-10-01 20:10:20+00:00,SPY261005C00784000
SPY,2026-10-02,763.99,2026-10-05,C,785.0,0.02,0.03,0.03,609.0,828,0.11133701171874999,False,2026-10-01 19:59:11+00:00,SPY261005C00785000
SPY,2026-10-02,763.99,2026-10-05,C,786.0,0.01,0.02,0.02,847.0,1039,0.11036045898437499,False,2026-10-01 20:14:32+00:00,SPY261005C00786000
SPY,2026-10-02,763.99,2026-10-05,C,787.0,0.01,0.02,0.02,85.0,1028,0.11426666992187501,False,2026-10-01 19:29:03+00:00,SPY261005C00787000
SPY,2026-10-02,763.99,2026-10-05,C,788.0,0.01,0.02,0.01,98.0,538,0.11914943359374999,False,2026-10-01 19:41:40+00:00,SPY261005C00788000
SPY,2026-10-02,763.99,2026-10-05,C,789.0,0.01,0.02,0.01,1263.0,396,0.12305564453125001,False,2026-10-01 18:41:11+00:00,SPY261005C00789000
SPY,2026-10-02,763.99,2026-10-05,C,790.0,0.01,0.02,0.02,588.0,1162,0.12696185546875,False,2026-10-01 19:53:16+00:00,SPY261005C00790000
SPY,2026-10-02,763.99,2026-10-05,C,791.0,0.01,0.02,0.01,1441.0,458,0.13086806640624998,False,2026-10-01 18:41:35+00:00,SPY261005C00791000
SPY,2026-10-02,763.99,2026-10-05,C,792.0,0.01,0.02,0.01,2482.0,179,0.13575083007812502,False,2026-10-01 19:51:09+00:00,SPY261005C00792000
SPY,2026-10-02,763.99,2026-10-05,C,793.0,0.01,0.02,0.01,33783.0,319,0.14063359375,False,2026-10-01 18:02:42+00:00,SPY261005C00793000
SPY,2026-10-02,763.99,2026-10-05,C,794.0,0.01,0.02,0.01,2780.0,2149,0.1445398046875,False,2026-10-01 15:41:20+00:00,SPY261005C00794000
SPY,2026-10-02,763.99,2026-10-05,C,795.0,0.01,0.02,0.02,85.0,2839,0.148446015625,False,2026-10-01 14:31:31+00:00,SPY261005C00795000
SPY,2026-10-02,763.99,2026-10-05,C,796.0,0.01,0.02,0.01,4.0,707,0.15235222656250003,False,2026-10-01 19:50:45+00:00,SPY261005C00796000
SPY,2026-10-02,763.99,2026-10-05,C,797.0,0.01,0.02,0.04,2.0,596,0.1562584375,False,2026-09-29 17:24:32+00:00,SPY261005C00797000
SPY,2026-10-02,763.99,2026-10-05,C,798.0,0.01,0.02,0.02,3.0,157,0.1601646484375,False,2026-10-01 13:54:52+00:00,SPY261005C00798000
SPY,2026-10-02,763.99,2026-10-05,C,799.0,0.01,0.02,0.04,1.0,243,0.16407085937500002,False,2026-09-30 16:00:52+00:00,SPY261005C00799000
SPY,2026-10-02,763.99,2026-10-05,C,800.0,0.01,0.02,0.01,28.0,1296,0.16895362304687503,False,2026-10-01 18:12:35+00:00,SPY261005C00800000
SPY,2026-10-02,763.99,2026-10-05,C,801.0,0.01,0.02,0.01,10.0,552,0.17383638671875,False,2026-10-01 13:50:01+00:00,SPY261005C00801000
SPY,2026-10-02,763.99,2026-10-05,C,802.0,0.01,0.02,0.01,1869.0,266,0.17774259765625,False,2026-10-01 20:10:01+00:00,SPY261005C00802000
SPY,2026-10-02,763.99,2026-10-05,C,803.0,0.0,0.01,0.01,883.0,290,0.16797707031250003,False,2026-10-01 19:48:27+00:00,SPY261005C00803000
SPY,2026-10-02,763.99,2026-10-05,C,804.0,0.0,0.01,0.01,278.0,80,0.17188328125000002,False,2026-10-01 19:50:45+00:00,SPY261005C00804000
SPY,2026-10-02,763.99,2026-10-05,C,805.0,0.0,0.01,0.01,1045.0,1060,0.1757894921875,False,2026-10-01 19:50:45+00:00,SPY261005C00805000
SPY,2026-10-02,763.99,2026-10-05,C,806.0,0.0,0.01,0.03,22.0,111,0.179695703125,False,2026-09-28 14:44:41+00:00,SPY261005C00806000
SPY,2026-10-02,763.99,2026-10-05,C,807.0,0.0,0.01,0.02,153.0,346,0.18360191406249998,False,2026-09-30 20:00:39+00:00,SPY261005C00807000
SPY,2026-10-02,763.99,2026-10-05,C,808.0,0.0,0.01,0.01,4.0,31,0.187508125,False,2026-10-01 18:01:18+00:00,SPY261005C00808000
SPY,2026-10-02,763.99,2026-10-05,C,809.0,0.0,0.01,0.01,240.0,324,0.1914143359375,False,2026-10-01 18:11:26+00:00,SPY261005C00809000
SPY,2026-10-02,763.99,2026-10-05,C,810.0,0.0,0.01,0.01,106.0,158,0.195320546875,False,2026-10-01 17:26:21+00:00,SPY261005C00810000
SPY,2026-10-02,763.99,2026-10-05,C,815.0,0.0,0.01,0.01,127.0,337,0.2148516015625,False,2026-10-01 16:33:40+00:00,SPY261005C00815000
SPY,2026-10-02,763.99,2026-10-05,C,820.0,0.0,0.01,0.01,1.0,229,0.2304764453125,False,2026-10-01 14:10:52+00:00,SPY261005C00820000
SPY,2026-10-02,763.99,2026-10-05,C,825.0,0.0,0.01,0.01,702.0,218,0.2500075,False,2026-10-01 14:11:28+00:00,SPY261005C00825000
SPY,2026-10-02,763.99,2026-10-05,C,830.0,0.0,0.01,0.01,12.0,75,0.26563234375,False,2026-10-01 15:53:54+00:00,SPY261005C00830000
SPY,2026-10-02,763.99,2026-10-05,C,840.0,0.0,0.01,0.01,1.0,5,0.304694453125,False,2026-09-29 17:25:22+00:00,SPY261005C00840000
SPY,2026-10-02,763.99,2026-10-05,C,850.0,0.0,0.01,0.01,11.0,21,0.335944140625,False,2026-09-30 20:09:56+00:00,SPY261005C00850000
SPY,2026-10-02,763.99,2026-10-05,C,865.0,0.0,0.01,0.01,5.0,102,0.38672488281249995,False,2026-09-30 15:44:48+00:00,SPY261005C00865000
SPY,2026-10-02,763.99,2026-10-05,C,880.0,0.0,0.01,0.01,3.0,68,0.437505625,False,2026-09-29 14:28:21+00:00,SPY261005C00880000
SPY,2026-10-02,763.99,2026-10-05,P,550.0,0.0,0.01,0.01,181.0,181,0.9062509375,False,2026-09-25 17:17:35+00:00,SPY261005P00550000
SPY,2026-10-02,763.99,2026-10-05,P,555.0,0.0,0.01,0.01,5.0,110,0.8906260937499999,False,2026-09-28 13:38:54+00:00,SPY261005P00555000
SPY,2026-10-02,763.99,2026-10-05,P,565.0,0.0,0.01,0.01,210.0,511,0.8437515624999999,False,2026-09-28 15:13:47+00:00,SPY261005P00565000
SPY,2026-10-02,763.99,2026-10-05,P,570.0,0.0,0.01,0.01,1.0,361,0.8125018749999999,False,2026-09-30 14:26:36+00:00,SPY261005P00570000
SPY,2026-10-02,763.99,2026-10-05,P,585.0,0.0,0.01,0.01,207.0,138,0.7500025,False,2026-09-28 16:42:17+00:00,SPY261005P00585000
SPY,2026-10-02,763.99,2026-10-05,P,595.0,0.0,0.01,0.01,200.0,225,0.7187528125,False,2026-09-28 18:16:24+00:00,SPY261005P00595000
SPY,2026-10-02,763.99,2026-10-05,P,600.0,0.0,0.01,0.02,180.0,251,0.6875031250000001,False,2026-09-25 17:21:01+00:00,SPY261005P00600000
SPY,2026-10-02,763.99,2026-10-05,P,605.0,0.0,0.01,0.01,1.0,6,0.6562534375000001,False,2026-09-25 18:24:58+00:00,SPY261005P00605000
SPY,2026-10-02,763.99,2026-10-05,P,610.0,0.0,0.01,0.01,1.0,101,0.64062859375,False,2026-10-01 16:02:59+00:00,SPY261005P00610000
SPY,2026-10-02,763.99,2026-10-05,P,615.0,0.0,0.01,0.01,1.0,221,0.6250037500000001,False,2026-09-29 16:06:38+00:00,SPY261005P00615000
SPY,2026-10-02,763.99,2026-10-05,P,630.0,0.0,0.01,0.02,26.0,18,0.5625043750000001,False,2026-09-28 13:48:40+00:00,SPY261005P00630000
SPY,2026-10-02,763.99,2026-10-05,P,640.0,0.0,0.01,0.01,640.0,642,0.51562984375,False,2026-09-30 18:55:35+00:00,SPY261005P00640000
SPY,2026-10-02,763.99,2026-10-05,P,650.0,0.0,0.01,0.01,368.0,121,0.500005,False,2026-10-01 20:00:40+00:00,SPY261005P00650000
SPY,2026-10-02,763.99,2026-10-05,P,655.0,0.01,0.02,0.01,252.0,7,0.507817421875,False,2026-10-01 17:50:15+00:00,SPY261005P00655000
SPY,2026-10-02,763.99,2026-10-05,P,660.0,0.01,0.02,0.02,249.0,6,0.48438015625,False,2026-10-01 14:31:24+00:00,SPY261005P00660000
SPY,2026-10-02,763.99,2026-10-05,P,665.0,0.01,0.02,0.01,95.0,97,0.46094289062500005,False,2026-10-01 16:31:06+00:00,SPY261005P00665000
SPY,2026-10-02,763.99,2026-10-05,P,670.0,0.01,0.02,0.01,210.0,9777,0.437505625,False,2026-10-01 18:34:14+00:00,SPY261005P00670000
SPY,2026-10-02,763.99,2026-10-05,P,675.0,0.01,0.02,0.01,124.0,5530,0.414068359375,False,2026-10-01 15:59:22+00:00,SPY261005P00675000
SPY,2026-10-02,763.99,2026-10-05,P,680.0,0.01,0.02,0.02,528.0,2703,0.39063109375,False,2026-10-01 19:07:51+00:00,SPY261005P00680000
SPY,2026-10-02,763.99,2026-10-05,P,685.0,0.01,0.02,0.01,108.0,21,0.3711000390625,False,2026-10-01 19:45:09+00:00,SPY261005P00685000
SPY,2026-10-02,763.99,2026-10-05,P,690.0,0.01,0.02,0.02,101.0,8,0.34766277343749996,False,2026-10-01 17:51:25+00:00,SPY261005P00690000
SPY,2026-10-02,763.99,2026-10-05,P,695.0,0.02,0.03,0.02,128.0,317,0.33789724609375,False,2026-10-01 18:42:43+00:00,SPY261005P00695000
SPY,2026-10-02,763.99,2026-10-05,P,700.0,0.02,0.03,0.02,78.0,437,0.31445998046874996,False,2026-10-01 18:50:45+00:00,SPY261005P00700000
SPY,2026-10-02,763.99,2026-10-05,P,705.0,0.02,0.03,0.03,10.0,125,0.2929758203124999,False,2026-10-01 18:20:36+00:00,SPY261005P00705000
SPY,2026-10-02,763.99,2026-10-05,P,710.0,0.02,0.03,0.04,446.0,1104,0.2695385546875,False,2026-10-01 16:31:21+00:00,SPY261005P00710000
SPY,2026-10-02,763.99,2026-10-05,P,715.0,0.03,0.04,0.04,212.0,200,0.25391371093750004,False,2026-10-01 18:31:12+00:00,SPY261005P00715000
SPY,2026-10-02,763.99,2026-10-05,P,720.0,0.03,0.04,0.04,39.0,346,0.2304764453125,False,2026-10-01 19:55:52+00:00,SPY261005P00720000
SPY,2026-10-02,763.99,2026-10-05,P,723.0,0.03,0.04,0.03,25.0,1,0.215828154296875,False,2026-10-01 20:10:30+00:00,SPY261005P00723000
SPY,2026-10-02,763.99,2026-10-05,P,724.0,0.04,0.05,0.05,7.0,16,0.21680470703125,False,2026-10-01 19:55:53+00:00,SPY261005P00724000
SPY,2026-10-02,763.99,2026-10-05,P,725.0,0.04,0.05,0.04,23.0,112,0.21192194335937498,False,2026-10-01 17:42:22+00:00,SPY261005P00725000
SPY,2026-10-02,763.99,2026-10-05,P,726.0,0.04,0.05,0.04,9.0,172,0.20703917968749996,False,2026-10-01 19:05:11+00:00,SPY261005P00726000
SPY,2026-10-02,763.99,2026-10-05,P,727.0,0.04,0.05,0.04,11.0,75,0.20215641601562498,False,2026-10-01 15:16:47+00:00,SPY261005P00727000
SPY,2026-10-02,763.99,2026-10-05,P,728.0,0.04,0.05,0.09,73.0,254,0.19727365234375,False,2026-10-01 15:17:09+00:00,SPY261005P00728000
SPY,2026-10-02,763.99,2026-10-05,P,729.0,0.04,0.05,0.05,65.0,164,0.192390888671875,False,2026-10-01 20:08:32+00:00,SPY261005P00729000
SPY,2026-10-02,763.99,2026-10-05,P,730.0,0.05,0.06,0.06,135.0,388,0.1914143359375,False,2026-10-01 18:37:15+00:00,SPY261005P00730000
SPY,2026-10-02,763.99,2026-10-05,P,731.0,0.05,0.06,0.06,286.0,571,0.186531572265625,False,2026-10-01 19:43:07+00:00,SPY261005P00731000
SPY,2026-10-02,763.99,2026-10-05,P,732.0,0.05,0.06,0.07,566.0,207,0.18164880859375,False,2026-10-01 17:25:48+00:00,SPY261005P00732000
SPY,2026-10-02,763.99,2026-10-05,P,733.0,0.05,0.06,0.08,187.0,217,0.176766044921875,False,2026-10-01 17:15:47+00:00,SPY261005P00733000
SPY,2026-10-02,763.99,2026-10-05,P,734.0,0.06,0.07,0.1,663.0,36,0.174812939453125,False,2026-10-01 17:49:00+00:00,SPY261005P00734000
SPY,2026-10-02,763.99,2026-10-05,P,735.0,0.06,0.07,0.07,680.0,2544,0.16993017578125003,False,2026-10-01 19:54:06+00:00,SPY261005P00735000
SPY,2026-10-02,763.99,2026-10-05,P,736.0,0.06,0.07,0.07,489.0,1091,0.165047412109375,False,2026-10-01 19:57:17+00:00,SPY261005P00736000
SPY,2026-10-02,763.99,2026-10-05,P,737.0,0.07,0.08,0.08,544.0,539,0.1626060302734375,False,2026-10-01 19:55:10+00:00,SPY261005P00737000
SPY,2026-10-02,763.99,2026-10-05,P,738.0,0.07,0.08,0.09,872.0,517,0.157234990234375,False,2026-10-01 19:28:04+00:00,SPY261005P00738000
SPY,2026-10-02,763.99,2026-10-05,P,739.0,0.08,0.09,0.1,557.0,935,0.15479360839843753,False,2026-10-01 20:11:37+00:00,SPY261005P00739000
SPY,2026-10-02,763.99,2026-10-05,P,740.0,0.09,0.1,0.1,2315.0,522,0.1518639501953125,False,2026-10-01 20:12:50+00:00,SPY261005P00740000
SPY,2026-10-02,763.99,2026-10-05,P,741.0,0.1,0.11,0.12,1093.0,443,0.1489342919921875,False,2026-10-01 19:45:54+00:00,SPY261005P00741000
SPY,2026-10-02,763.99,2026-10-05,P,742.0,0.11,0.12,0.13,1260.0,377,0.14527221923828126,False,2026-10-01 19:58:07+00:00,SPY261005P00742000
SPY,2026-10-02,763.99,2026-10-05,P,743.0,0.13,0.14,0.14,2263.0,196,0.14331911376953127,False,2026-10-01 19:57:51+00:00,SPY261005P00743000
SPY,2026-10-02,763.99,2026-10-05,P,744.0,0.15,0.16,0.16,1934.0,1117,0.14087773193359376,False,2026-10-01 20:09:56+00:00,SPY261005P00744000
SPY,2026-10-02,763.99,2026-10-05,P,745.0,0.17,0.18,0.17,3917.0,1348,0.1381922119140625,False,2026-10-01 20:13:45+00:00,SPY261005P00745000
SPY,2026-10-02,763.99,2026-10-05,P,746.0,0.19,0.2,0.2,3373.0,585,0.13477427734375003,False,2026-10-01 20:14:01+00:00,SPY261005P00746000
SPY,2026-10-02,763.99,2026-10-05,P,747.0,0.23,0.24,0.23,2495.0,1175,0.13355358642578125,False,2026-10-01 20:14:49+00:00,SPY261005P00747000
SPY,2026-10-02,763.99,2026-10-05,P,748.0,0.26,0.27,0.28,3870.0,882,0.13037979003906247,False,2026-10-01 20:14:41+00:00,SPY261005P00748000
SPY,2026-10-02,763.99,2026-10-05,P,749.0,0.31,0.32,0.32,2822.0,1003,0.1287928918457031,False,2026-10-01 20:14:49+00:00,SPY261005P00749000
SPY,2026-10-02,763.99,2026-10-05,P,750.0,0.37,0.38,0.38,7861.0,6868,0.12720599365234375,False,2026-10-01 20:14:43+00:00,SPY261005P00750000
SPY,2026-10-02,763.99,2026-10-05,P,751.0,0.43,0.44,0.43,2941.0,1387,0.12488668090820312,False,2026-10-01 20:14:47+00:00,SPY261005P00751000
SPY,2026-10-02,763.99,2026-10-05,P,752.0,0.51,0.52,0.53,5612.0,1495,0.12329978271484376,False,2026-10-01 20:13:31+00:00,SPY261005P00752000
SPY,2026-10-02,763.99,2026-10-05,P,753.0,0.6,0.61,0.62,4452.0,1255,0.12134667724609374,False,2026-10-01 20:13:38+00:00,SPY261005P00753000
SPY,2026-10-02,763.99,2026-10-05,P,754.0,0.7,0.71,0.7,3133.0,583,0.11914943359374999,False,2026-10-01 20:14:40+00:00,SPY261005P00754000
SPY,2026-10-02,763.99,2026-10-05,P,755.0,0.83,0.84,0.83,7428.0,5512,0.1176846044921875,False,2026-10-01 20:14:49+00:00,SPY261005P00755000
SPY,2026-10-02,763.99,2026-10-05,P,756.0,0.96,0.98,0.98,2579.0,936,0.1157314990234375,False,2026-10-01 20:13:55+00:00,SPY261005P00756000
SPY,2026-10-02,763.99,2026-10-05,P,757.0,1.13,1.14,1.15,3878.0,761,0.11359528991699218,False,2026-10-01 20:14:11+00:00,SPY261005P00757000
SPY,2026-10-02,763.99,2026-10-05,P,758.0,1.31,1.32,1.3,4596.0,468,0.11133701171874999,False,2026-10-01 20:14:48+00:00,SPY261005P00758000
SPY,2026-10-02,763.99,2026-10-05,P,759.0,1.52,1.54,1.54,6471.0,752,0.10944494079589843,False,2026-10-01 20:14:14+00:00,SPY261005P00759000
SPY,2026-10-02,763.99,2026-10-05,P,760.0,1.77,1.78,1.76,23321.0,1925,0.10718666259765625,False,2026-10-01 20:14:49+00:00,SPY261005P00760000
SPY,2026-10-02,763.99,2026-10-05,P,761.0,2.04,2.06,2.06,9981.0,680,0.10505045349121094,False,2026-10-01 20:14:13+00:00,SPY261005P00761000
SPY,2026-10-02,763.99,2026-10-05,P,762.0,2.35,2.36,2.34,8324.0,892,0.10230389892578123,False,2026-10-01 20:14:44+00:00,SPY261005P00762000
SPY,2026-10-02,763.99,2026-10-05,P,763.0,2.69,2.71,2.7,10404.0,1759,0.09974044799804688,False,2026-10-01 20:14:55+00:00,SPY261005P00763000
SPY,2026-10-02,763.99,2026-10-05,P,764.0,3.08,3.1,3.12,11515.0,1016,0.0969938934326172,True,2026-10-01 20:14:30+00:00,SPY261005P00764000
SPY,2026-10-02,763.99,2026-10-05,P,765.0,3.51,3.53,3.52,8283.0,1636,0.09394216613769531,True,2026-10-01 20:14:44+00:00,SPY261005P00765000
SPY,2026-10-02,763.99,2026-10-05,P,766.0,3.99,4.01,3.99,2161.0,1842,0.09064630065917968,True,2026-10-01 20:14:46+00:00,SPY261005P00766000
SPY,2026-10-02,763.99,2026-10-05,P,767.0,4.47,4.57,4.58,1071.0,1238,0.08802181518554689,True,2026-10-01 20:09:30+00:00,SPY261005P00767000
SPY,2026-10-02,763.99,2026-10-05,P,768.0,5.04,5.12,5.18,1568.0,1444,0.08271180969238283,True,2026-10-01 20:07:00+00:00,SPY261005P00768000
SPY,2026-10-02,763.99,2026-10-05,P,769.0,5.65,5.75,5.7,1396.0,1501,0.07752387329101565,True,2026-10-01 20:14:59+00:00,SPY261005P00769000
SPY,2026-10-02,763.99,2026-10-05,P,770.0,6.24,6.44,6.43,1882.0,1055,0.07117628051757813,True,2026-10-01 20:14:11+00:00,SPY261005P00770000
SPY,2026-10-02,763.99,2026-10-05,P,771.0,7.07,7.59,7.33,1578.0,699,0.08704526245117189,True,2026-10-01 20:01:03+00:00,SPY261005P00771000
SPY,2026-10-02,763.99,2026-10-05,P,772.0,7.72,8.27,8.6,259.0,266,0.07520456054687502,True,2026-10-01 20:09:58+00:00,SPY261005P00772000
SPY,2026-10-02,763.99,2026-10-05,P,773.0,8.56,8.88,9.44,546.0,262,1.0000000000000003e-05,True,2026-10-01 20:13:59+00:00,SPY261005P00773000
SPY,2026-10-02,763.99,2026-10-05,P,774.0,9.4,10.05,9.8,580.0,203,0.06177696044921876,True,2026-10-01 20:05:27+00:00,SPY261005P00774000
SPY,2026-10-02,763.99,2026-10-05,P,775.0,10.3,11.0,10.34,470.0,458,1.0000000000000003e-05,True,2026-10-01 19:47:27+00:00,SPY261005P00775000
SPY,2026-10-02,763.99,2026-10-05,P,776.0,11.28,12.56,11.15,165.0,325,0.12342185180664064,True,2026-10-01 18:35:36+00:00,SPY261005P00776000
SPY,2026-10-02,763.99,2026-10-05,P,777.0,12.23,13.43,11.69,639.0,145,0.12146874633789062,True,2026-10-01 19:51:47+00:00,SPY261005P00777000
SPY,2026-10-02,763.99,2026-10-05,P,778.0,13.25,14.55,13.6,73.0,13,0.13709359008789065,True,2026-10-01 19:02:04+00:00,SPY261005P00778000
SPY,2026-10-02,763.99,2026-10-05,P,779.0,13.67,15.54,14.46,16.0,2,0.14331911376953127,True,2026-10-01 19:54:22+00:00,SPY261005P00779000
SPY,2026-10-02,763.99,2026-10-05,P,780.0,15.25,16.53,15.45,168.0,12,0.149422568359375,True,2026-10-01 19:30:09+00:00,SPY261005P00780000
SPY,2026-10-02,763.99,2026-10-05,P,781.0,15.67,17.55,16.6,9.0,2,0.1577232666015625,True,2026-10-01 18:34:02+00:00,SPY261005P00781000
SPY,2026-10-02,763.99,2026-10-05,P,782.0,16.67,18.54,18.2,16.0,25,0.1637046520996094,True,2026-10-01 19:47:56+00:00,SPY261005P00782000
SPY,2026-10-02,763.99,2026-10-05,P,783.0,17.67,19.54,18.6,18.0,0,0.17041845214843754,True,2026-10-01 18:34:02+00:00,SPY261005P00783000
SPY,2026-10-02,763.99,2026-10-05,P,784.0,18.67,20.54,20.02,14.0,0,0.17701018310546873,True,2026-10-01 18:26:40+00:00,SPY261005P00784000
SPY,2026-10-02,763.99,2026-10-05,P,785.0,19.66,21.54,21.69,12.0,0,0.1834798449707031,True,2026-10-01 13:44:34+00:00,SPY261005P00785000
SPY,2026-10-02,763.99,2026-10-05,P,786.0,20.67,22.55,22.87,37.0,0,0.19080399047851562,True,2026-10-01 18:14:42+00:00,SPY261005P00786000
SPY,2026-10-02,763.99,2026-10-05,P,788.0,22.68,24.54,23.32,4.0,0,0.20276676147460934,True,2026-10-01 13:39:37+00:00,SPY261005P00788000
SPY,2026-10-02,763.99,2026-10-05,P,790.0,24.66,26.54,26.2,12.0,2,0.2153398779296875,True,2026-10-01 13:37:29+00:00,SPY261005P00790000
SPY,2026-10-02,763.99,2026-10-05,P,791.0,25.68,27.54,30.48,48.0,0,0.2215654016113281,True,2026-10-01 14:57:09+00:00,SPY261005P00791000
SPY,2026-10-02,763.99,2026-10-05,P,794.0,28.67,30.55,25.25,48.0,0,0.24097438720703124,True,2026-09-30 16:09:13+00:00,SPY261005P00794000
SPY,2026-10-02,763.99,2026-10-05,P,795.0,29.67,31.56,31.22,10.0,1,0.24805439453125,True,2026-10-01 13:45:04+00:00,SPY261005P00795000
SPY,2026-10-02,763.99,2026-10-05,P,797.0,31.68,33.54,33.36,2.0,0,0.2580640600585938,True,2026-10-01 13:32:10+00:00,SPY261005P00797000
SPY,2026-10-02,763.99,2026-10-06,C,710.0,53.89,55.74,55.16,38.0,26,0.47192910888671874,True,2026-10-01 19:49:43+00:00,SPY261006C00710000
SPY,2026-10-02,763.99,2026-10-06,C,741.0,23.05,24.9,24.19,201.0,40,0.260749580078125,True,2026-10-01 19:19:23+00:00,SPY261006C00741000
SPY,2026-10-02,763.99,2026-10-06,C,742.0,22.04,23.96,23.87,384.0,52,0.25586681640625003,True,2026-10-01 19:50:30+00:00,SPY261006C00742000
SPY,2026-10-02,763.99,2026-10-06,C,743.0,21.14,22.96,22.27,70.0,42,0.24817646362304688,True,2026-10-01 19:32:33+00:00,SPY261006C00743000
SPY,2026-10-02,763.99,2026-10-06,C,745.0,19.19,20.54,20.45,110.0,108,0.2135088415527344,True,2026-10-01 19:31:06+00:00,SPY261006C00745000
SPY,2026-10-02,763.99,2026-10-06,C,747.0,17.29,18.63,17.37,168.0,48,0.20233951965332028,True,2026-10-01 18:13:59+00:00,SPY261006C00747000
SPY,2026-10-02,763.99,2026-10-06,C,748.0,16.37,17.71,17.58,79.0,47,0.19800606689453126,True,2026-10-01 19:20:00+00:00,SPY261006C00748000
SPY,2026-10-02,763.99,2026-10-06,C,749.0,15.53,16.77,16.61,194.0,69,0.19263502685546874,True,2026-10-01 19:19:03+00:00,SPY261006C00749000
SPY,2026-10-02,763.99,2026-10-06,C,750.0,14.93,15.85,15.26,97.0,48,0.18775226318359373,True,2026-10-01 20:02:31+00:00,SPY261006C00750000
SPY,2026-10-02,763.99,2026-10-06,C,751.0,14.01,14.94,14.75,306.0,59,0.18305260314941402,True,2026-10-01 19:32:51+00:00,SPY261006C00751000
SPY,2026-10-02,763.99,2026-10-06,C,752.0,13.17,14.04,13.97,113.0,38,0.17841397766113282,True,2026-10-01 19:31:43+00:00,SPY261006C00752000
SPY,2026-10-02,763.99,2026-10-06,C,753.0,12.34,13.16,12.81,290.0,76,0.17420259399414065,True,2026-10-01 19:25:56+00:00,SPY261006C00753000
SPY,2026-10-02,763.99,2026-10-06,C,755.0,10.8,11.34,11.07,1710.0,57,0.16248396118164063,True,2026-10-01 20:01:04+00:00,SPY261006C00755000
SPY,2026-10-02,763.99,2026-10-06,C,756.0,9.97,10.59,10.95,467.0,164,0.16144637390136718,True,2026-10-01 19:52:47+00:00,SPY261006C00756000
SPY,2026-10-02,763.99,2026-10-06,C,757.0,9.22,9.77,9.64,618.0,32,0.1575401629638672,True,2026-10-01 19:19:03+00:00,SPY261006C00757000
SPY,2026-10-02,763.99,2026-10-06,C,760.0,7.28,7.41,7.18,2920.0,155,0.1453332537841797,True,2026-10-01 20:07:56+00:00,SPY261006C00760000
SPY,2026-10-02,763.99,2026-10-06,C,761.0,6.57,6.68,6.61,2960.0,40,0.14167118103027343,True,2026-10-01 20:14:10+00:00,SPY261006C00761000
SPY,2026-10-02,763.99,2026-10-06,C,762.0,5.89,6.03,5.26,2907.0,120,0.13953497192382813,True,2026-10-01 19:59:21+00:00,SPY261006C00762000
SPY,2026-10-02,763.99,2026-10-06,C,763.0,5.24,5.35,5.16,3405.0,225,0.13572031280517582,True,2026-10-01 20:11:11+00:00,SPY261006C00763000
SPY,2026-10-02,763.99,2026-10-06,C,764.0,4.68,4.71,4.65,3285.0,420,0.13214979187011722,False,2026-10-01 20:14:34+00:00,SPY261006C00764000
SPY,2026-10-02,763.99,2026-10-06,C,765.0,4.1,4.13,4.1,5445.0,674,0.12934220275878905,False,2026-10-01 20:14:58+00:00,SPY261006C00765000
SPY,2026-10-02,763.99,2026-10-06,C,766.0,3.57,3.59,3.56,2529.0,576,0.1266566827392578,False,2026-10-01 20:14:15+00:00,SPY261006C00766000
SPY,2026-10-02,763.99,2026-10-06,C,767.0,3.08,3.1,3.05,2780.0,515,0.1243373699951172,False,2026-10-01 20:13:33+00:00,SPY261006C00767000
SPY,2026-10-02,763.99,2026-10-06,C,768.0,2.63,2.65,2.64,1752.0,1267,0.12201805725097657,False,2026-10-01 20:14:59+00:00,SPY261006C00768000
SPY,2026-10-02,763.99,2026-10-06,C,769.0,2.22,2.24,2.14,3337.0,434,0.11975977905273436,False,2026-10-01 20:13:06+00:00,SPY261006C00769000
SPY,2026-10-02,763.99,2026-10-06,C,770.0,1.85,1.87,1.86,4796.0,1477,0.11756253540039063,False,2026-10-01 20:14:43+00:00,SPY261006C00770000
SPY,2026-10-02,763.99,2026-10-06,C,771.0,1.53,1.54,1.54,885.0,807,0.11536529174804688,False,2026-10-01 20:14:58+00:00,SPY261006C00771000
SPY,2026-10-02,763.99,2026-10-06,C,772.0,1.24,1.26,1.24,1105.0,603,0.11353425537109374,False,2026-10-01 20:14:12+00:00,SPY261006C00772000
SPY,2026-10-02,763.99,2026-10-06,C,773.0,0.99,1.01,0.87,1385.0,691,0.11145908081054687,False,2026-10-01 19:58:14+00:00,SPY261006C00773000
SPY,2026-10-02,763.99,2026-10-06,C,774.0,0.79,0.8,0.76,1221.0,571,0.10962804443359375,False,2026-10-01 20:07:19+00:00,SPY261006C00774000
SPY,2026-10-02,763.99,2026-10-06,C,775.0,0.62,0.63,0.62,5615.0,3925,0.10816321533203124,False,2026-10-01 20:14:53+00:00,SPY261006C00775000
SPY,2026-10-02,763.99,2026-10-06,C,776.0,0.48,0.49,0.48,1192.0,572,0.10682045532226564,False,2026-10-01 20:13:40+00:00,SPY261006C00776000
SPY,2026-10-02,763.99,2026-10-06,C,777.0,0.37,0.38,0.37,1299.0,415,0.10584390258789061,False,2026-10-01 20:13:58+00:00,SPY261006C00777000
SPY,2026-10-02,763.99,2026-10-06,C,778.0,0.28,0.29,0.29,1551.0,475,0.10486734985351562,False,2026-10-01 20:14:24+00:00,SPY261006C00778000
SPY,2026-10-02,763.99,2026-10-06,C,779.0,0.21,0.22,0.2,777.0,686,0.10401286621093749,False,2026-10-01 20:07:48+00:00,SPY261006C00779000
SPY,2026-10-02,763.99,2026-10-06,C,780.0,0.16,0.17,0.15,1475.0,921,0.10401286621093749,False,2026-10-01 20:13:01+00:00,SPY261006C00780000
SPY,2026-10-02,763.99,2026-10-06,C,781.0,0.12,0.13,0.11,715.0,586,0.10376872802734374,False,2026-10-01 20:04:22+00:00,SPY261006C00781000
SPY,2026-10-02,763.99,2026-10-06,C,782.0,0.09,0.1,0.09,1139.0,1174,0.10401286621093749,False,2026-10-01 20:10:58+00:00,SPY261006C00782000
SPY,2026-10-02,763.99,2026-10-06,C,783.0,0.07,0.08,0.07,686.0,517,0.1049894189453125,False,2026-10-01 20:12:50+00:00,SPY261006C00783000
SPY,2026-10-02,763.99,2026-10-06,C,784.0,0.05,0.06,0.05,230.0,231,0.1049894189453125,False,2026-10-01 19:45:41+00:00,SPY261006C00784000
SPY,2026-10-02,763.99,2026-10-06,C,785.0,0.04,0.05,0.05,278.0,825,0.106454248046875,False,2026-10-01 20:09:31+00:00,SPY261006C00785000
SPY,2026-10-02,763.99,2026-10-06,C,786.0,0.03,0.04,0.04,730.0,2190,0.10743080078125,False,2026-10-01 19:59:53+00:00,SPY261006C00786000
SPY,2026-10-02,763.99,2026-10-06,C,787.0,0.03,0.04,0.04,259.0,485,0.11133701171874999,False,2026-10-01 20:00:07+00:00,SPY261006C00787000
SPY,2026-10-02,763.99,2026-10-06,C,788.0,0.02,0.03,0.02,1587.0,560,0.11133701171874999,False,2026-10-01 19:52:53+00:00,SPY261006C00788000
SPY,2026-10-02,763.99,2026-10-06,C,789.0,0.02,0.03,0.03,815.0,974,0.11524322265625,False,2026-10-01 19:45:41+00:00,SPY261006C00789000
SPY,2026-10-02,763.99,2026-10-06,C,790.0,0.02,0.03,0.03,37.0,513,0.11914943359374999,False,2026-10-01 19:45:28+00:00,SPY261006C00790000
SPY,2026-10-02,763.99,2026-10-06,C,791.0,0.02,0.03,0.02,20.0,702,0.12305564453125001,False,2026-10-01 18:00:02+00:00,SPY261006C00791000
SPY,2026-10-02,763.99,2026-10-06,C,792.0,0.01,0.02,0.02,715.0,189,0.1211025390625,False,2026-10-01 20:07:29+00:00,SPY261006C00792000
SPY,2026-10-02,763.99,2026-10-06,C,793.0,0.01,0.02,0.01,64.0,135,0.12500875,False,2026-10-01 19:32:18+00:00,SPY261006C00793000
SPY,2026-10-02,763.99,2026-10-06,C,794.0,0.01,0.02,0.01,55.0,125,0.1289149609375,False,2026-10-01 18:35:40+00:00,SPY261006C00794000
SPY,2026-10-02,763.99,2026-10-06,C,795.0,0.01,0.02,0.02,41.0,291,0.132821171875,False,2026-10-01 15:35:46+00:00,SPY261006C00795000
SPY,2026-10-02,763.99,2026-10-06,C,796.0,0.01,0.02,0.02,412.0,71,0.13672738281250002,False,2026-10-01 17:51:18+00:00,SPY261006C00796000
SPY,2026-10-02,763.99,2026-10-06,C,797.0,0.01,0.02,0.02,130.0,545,0.14063359375,False,2026-10-01 15:28:57+00:00,SPY261006C00797000
SPY,2026-10-02,763.99,2026-10-06,C,798.0,0.01,0.02,0.02,43.0,555,0.1445398046875,False,2026-10-01 17:09:35+00:00,SPY261006C00798000
SPY,2026-10-02,763.99,2026-10-06,C,799.0,0.01,0.02,0.02,240.0,65,0.147469462890625,False,2026-09-30 13:51:15+00:00,SPY261006C00799000
SPY,2026-10-02,763.99,2026-10-06,C,800.0,0.01,0.02,0.01,506.0,896,0.15039912109375003,False,2026-10-01 19:49:59+00:00,SPY261006C00800000
SPY,2026-10-02,763.99,2026-10-06,C,801.0,0.01,0.02,0.04,5.0,66,0.15430533203125002,False,2026-09-30 16:45:52+00:00,SPY261006C00801000
SPY,2026-10-02,763.99,2026-10-06,C,802.0,0.01,0.02,0.02,281.0,188,0.15821154296875,False,2026-10-01 15:39:27+00:00,SPY261006C00802000
SPY,2026-10-02,763.99,2026-10-06,C,803.0,0.01,0.02,0.02,122.0,554,0.16211775390625,False,2026-10-01 15:54:43+00:00,SPY261006C00803000
SPY,2026-10-02,763.99,2026-10-06,C,804.0,0.01,0.02,0.04,80.0,478,0.16602396484375004,False,2026-09-30 16:01:40+00:00,SPY261006C00804000
SPY,2026-10-02,763.99,2026-10-06,C,805.0,0.01,0.02,0.02,120.0,819,0.16993017578125003,False,2026-10-01 14:49:35+00:00,SPY261006C00805000
SPY,2026-10-02,763.99,2026-10-06,C,807.0,0.01,0.02,0.02,160.0,53,0.1757894921875,False,2026-10-01 18:03:16+00:00,SPY261006C00807000
SPY,2026-10-02,763.99,2026-10-06,C,808.0,0.01,0.02,0.01,145.0,340,0.179695703125,False,2026-10-01 20:03:41+00:00,SPY261006C00808000
SPY,2026-10-02,763.99,2026-10-06,C,810.0,0.01,0.02,0.02,57.0,44417,0.187508125,False,2026-10-01 14:34:43+00:00,SPY261006C00810000
SPY,2026-10-02,763.99,2026-10-06,C,815.0,0.01,0.02,0.01,196.0,170,0.20508607421874997,False,2026-10-01 20:07:57+00:00,SPY261006C00815000
SPY,2026-10-02,763.99,2026-10-06,C,820.0,0.0,0.01,0.01,244.0,175,0.20703917968749996,False,2026-10-01 20:05:26+00:00,SPY261006C00820000
SPY,2026-10-02,763.99,2026-10-06,C,825.0,0.0,0.01,0.01,138.0,2923,0.22266402343749997,False,2026-10-01 19:46:21+00:00,SPY261006C00825000
SPY,2026-10-02,763.99,2026-10-06,C,835.0,0.0,0.01,0.01,1137.0,265,0.25391371093750004,False,2026-10-01 17:00:21+00:00,SPY261006C00835000
SPY,2026-10-02,763.99,2026-10-06,C,845.0,0.0,0.01,0.01,82.0,52,0.28516339843749994,False,2026-10-01 15:45:08+00:00,SPY261006C00845000
SPY,2026-10-02,763.99,2026-10-06,P,550.0,0.0,0.01,0.01,151.0,151,0.8125018749999999,False,2026-09-28 14:11:09+00:00,SPY261006P00550000
SPY,2026-10-02,763.99,2026-10-06,P,575.0,0.0,0.01,0.01,70.0,75,0.7187528125,False,2026-09-29 13:44:24+00:00,SPY261006P00575000
SPY,2026-10-02,763.99,2026-10-06,P,580.0,0.0,0.01,0.01,10.0,82,0.6875031250000001,False,2026-09-29 15:53:29+00:00,SPY261006P00580000
SPY,2026-10-02,763.99,2026-10-06,P,600.0,0.0,0.01,0.04,,5,0.6093789062500001,False,2026-09-24 17:47:45+00:00,SPY261006P00600000
SPY,2026-10-02,763.99,2026-10-06,P,615.0,0.0,0.01,0.02,152.0,159,0.5625043750000001,False,2026-09-30 17:40:09+00:00,SPY261006P00615000
SPY,2026-10-02,763.99,2026-10-06,P,655.0,0.01,0.02,0.09,,3,0.45313046875,False,2026-09-24 17:56:43+00:00,SPY261006P00655000
SPY,2026-10-02,763.99,2026-10-06,P,660.0,0.01,0.02,0.04,1.0,1,0.4335994140625,False,2026-09-28 13:53:58+00:00,SPY261006P00660000
SPY,2026-10-02,763.99,2026-10-06,P,665.0,0.01,0.02,0.03,2.0,143,0.4101621484375,False,2026-10-01 16:29:30+00:00,SPY261006P00665000
SPY,2026-10-02,763.99,2026-10-06,P,670.0,0.01,0.02,0.01,842.0,8261,0.39063109375,False,2026-10-01 19:07:25+00:00,SPY261006P00670000
SPY,2026-10-02,763.99,2026-10-06,P,675.0,0.01,0.02,0.02,76.0,5,0.3711000390625,False,2026-10-01 18:36:28+00:00,SPY261006P00675000
SPY,2026-10-02,763.99,2026-10-06,P,690.0,0.02,0.03,0.04,5.0,216,0.3242255078124999,False,2026-09-30 15:34:47+00:00,SPY261006P00690000
SPY,2026-10-02,763.99,2026-10-06,P,695.0,0.02,0.03,0.03,2063.0,340,0.30274134765625,False,2026-10-01 20:12:54+00:00,SPY261006P00695000
SPY,2026-10-02,763.99,2026-10-06,P,700.0,0.03,0.04,0.03,556.0,786,0.2910227148437499,False,2026-10-01 20:03:41+00:00,SPY261006P00700000
SPY,2026-10-02,763.99,2026-10-06,P,705.0,0.03,0.04,0.04,3439.0,341,0.2695385546875,False,2026-10-01 18:36:00+00:00,SPY261006P00705000
SPY,2026-10-02,763.99,2026-10-06,P,710.0,0.04,0.05,0.03,602.0,989,0.25489026367187506,False,2026-10-01 18:36:28+00:00,SPY261006P00710000
SPY,2026-10-02,763.99,2026-10-06,P,715.0,0.04,0.05,0.05,1996.0,1081,0.23242955078125,False,2026-10-01 19:55:40+00:00,SPY261006P00715000
SPY,2026-10-02,763.99,2026-10-06,P,720.0,0.05,0.06,0.05,555.0,273,0.215828154296875,False,2026-10-01 19:43:57+00:00,SPY261006P00720000
SPY,2026-10-02,763.99,2026-10-06,P,723.0,0.05,0.06,0.08,52.0,10,0.20264469238281246,False,2026-10-01 16:46:11+00:00,SPY261006P00723000
SPY,2026-10-02,763.99,2026-10-06,P,724.0,0.06,0.07,0.14,14.0,19,0.20215641601562498,False,2026-10-01 14:25:26+00:00,SPY261006P00724000
SPY,2026-10-02,763.99,2026-10-06,P,725.0,0.06,0.07,0.07,241.0,311,0.1977619287109375,False,2026-10-01 19:51:36+00:00,SPY261006P00725000
SPY,2026-10-02,763.99,2026-10-06,P,726.0,0.06,0.07,0.07,62.0,63,0.19336744140625,False,2026-10-01 19:54:45+00:00,SPY261006P00726000
SPY,2026-10-02,763.99,2026-10-06,P,727.0,0.06,0.07,0.12,11.0,5,0.188484677734375,False,2026-10-01 16:44:58+00:00,SPY261006P00727000
SPY,2026-10-02,763.99,2026-10-06,P,728.0,0.07,0.08,0.07,65.0,317,0.187508125,False,2026-10-01 19:28:24+00:00,SPY261006P00728000
SPY,2026-10-02,763.99,2026-10-06,P,729.0,0.07,0.08,0.08,8.0,297,0.18262536132812499,False,2026-10-01 19:27:28+00:00,SPY261006P00729000
SPY,2026-10-02,763.99,2026-10-06,P,730.0,0.08,0.09,0.08,770.0,1022,0.18116053222656248,False,2026-10-01 19:10:20+00:00,SPY261006P00730000
SPY,2026-10-02,763.99,2026-10-06,P,731.0,0.08,0.09,0.1,158.0,13,0.17627776855468752,False,2026-10-01 19:58:20+00:00,SPY261006P00731000
SPY,2026-10-02,763.99,2026-10-06,P,732.0,0.09,0.1,0.17,706.0,206,0.17432466308593753,False,2026-10-01 16:53:24+00:00,SPY261006P00732000
SPY,2026-10-02,763.99,2026-10-06,P,733.0,0.09,0.1,0.1,244.0,448,0.1694418994140625,False,2026-10-01 19:28:24+00:00,SPY261006P00733000
SPY,2026-10-02,763.99,2026-10-06,P,734.0,0.1,0.11,0.16,254.0,347,0.16724465576171876,False,2026-10-01 18:13:25+00:00,SPY261006P00734000
SPY,2026-10-02,763.99,2026-10-06,P,735.0,0.11,0.12,0.12,300.0,593,0.1645591357421875,False,2026-10-01 19:51:36+00:00,SPY261006P00735000
SPY,2026-10-02,763.99,2026-10-06,P,736.0,0.12,0.13,0.13,281.0,123,0.16162947753906248,False,2026-10-01 20:05:41+00:00,SPY261006P00736000
SPY,2026-10-02,763.99,2026-10-06,P,737.0,0.13,0.14,0.15,503.0,337,0.15869981933593752,False,2026-10-01 20:03:04+00:00,SPY261006P00737000
SPY,2026-10-02,763.99,2026-10-06,P,738.0,0.14,0.15,0.16,1281.0,103,0.15528188476562502,False,2026-10-01 19:57:42+00:00,SPY261006P00738000
SPY,2026-10-02,763.99,2026-10-06,P,739.0,0.16,0.17,0.18,1155.0,227,0.15357291748046875,False,2026-10-01 20:06:08+00:00,SPY261006P00739000
SPY,2026-10-02,763.99,2026-10-06,P,740.0,0.18,0.19,0.2,1206.0,1315,0.15137567382812503,False,2026-10-01 20:12:11+00:00,SPY261006P00740000
SPY,2026-10-02,763.99,2026-10-06,P,741.0,0.2,0.21,0.22,578.0,281,0.1489342919921875,False,2026-10-01 20:07:34+00:00,SPY261006P00741000
SPY,2026-10-02,763.99,2026-10-06,P,742.0,0.23,0.24,0.24,1276.0,642,0.14722532470703126,False,2026-10-01 20:14:40+00:00,SPY261006P00742000
SPY,2026-10-02,763.99,2026-10-06,P,743.0,0.26,0.27,0.28,508.0,347,0.1450280810546875,False,2026-10-01 19:03:17+00:00,SPY261006P00743000
SPY,2026-10-02,763.99,2026-10-06,P,744.0,0.29,0.3,0.34,1126.0,545,0.14258669921875,False,2026-10-01 20:04:25+00:00,SPY261006P00744000
SPY,2026-10-02,763.99,2026-10-06,P,745.0,0.33,0.34,0.35,871.0,874,0.14063359375,False,2026-10-01 20:13:33+00:00,SPY261006P00745000
SPY,2026-10-02,763.99,2026-10-06,P,746.0,0.37,0.38,0.39,781.0,282,0.1381922119140625,False,2026-10-01 20:14:42+00:00,SPY261006P00746000
SPY,2026-10-02,763.99,2026-10-06,P,747.0,0.43,0.44,0.46,922.0,470,0.1368494519042969,False,2026-10-01 20:10:16+00:00,SPY261006P00747000
SPY,2026-10-02,763.99,2026-10-06,P,748.0,0.49,0.5,0.5,1426.0,757,0.13501841552734378,False,2026-10-01 20:14:00+00:00,SPY261006P00748000
SPY,2026-10-02,763.99,2026-10-06,P,749.0,0.56,0.57,0.6,697.0,221,0.1331873791503906,False,2026-10-01 20:06:40+00:00,SPY261006P00749000
SPY,2026-10-02,763.99,2026-10-06,P,750.0,0.64,0.65,0.69,4251.0,1532,0.1313563427734375,False,2026-10-01 20:12:34+00:00,SPY261006P00750000
SPY,2026-10-02,763.99,2026-10-06,P,751.0,0.73,0.74,0.8,1210.0,489,0.12952530639648438,False,2026-10-01 20:03:20+00:00,SPY261006P00751000
SPY,2026-10-02,763.99,2026-10-06,P,752.0,0.84,0.85,0.88,1176.0,158,0.12806047729492187,False,2026-10-01 20:08:39+00:00,SPY261006P00752000
SPY,2026-10-02,763.99,2026-10-06,P,753.0,0.96,0.97,1.0,1236.0,451,0.1263515100097656,False,2026-10-01 20:08:29+00:00,SPY261006P00753000
SPY,2026-10-02,763.99,2026-10-06,P,754.0,1.09,1.1,1.09,1468.0,858,0.1243373699951172,False,2026-10-01 20:14:48+00:00,SPY261006P00754000
SPY,2026-10-02,763.99,2026-10-06,P,755.0,1.24,1.25,1.25,2155.0,648,0.12244529907226565,False,2026-10-01 20:13:51+00:00,SPY261006P00755000
SPY,2026-10-02,763.99,2026-10-06,P,756.0,1.41,1.42,1.46,862.0,279,0.1206142626953125,False,2026-10-01 20:13:13+00:00,SPY261006P00756000
SPY,2026-10-02,763.99,2026-10-06,P,757.0,1.6,1.61,1.61,834.0,536,0.11872219177246093,False,2026-10-01 20:14:29+00:00,SPY261006P00757000
SPY,2026-10-02,763.99,2026-10-06,P,758.0,1.81,1.82,1.81,1654.0,351,0.11664701721191406,False,2026-10-01 20:14:42+00:00,SPY261006P00758000
SPY,2026-10-02,763.99,2026-10-06,P,759.0,2.04,2.06,2.13,2176.0,400,0.11469391174316407,False,2026-10-01 20:10:46+00:00,SPY261006P00759000
SPY,2026-10-02,763.99,2026-10-06,P,760.0,2.3,2.32,2.28,8642.0,984,0.1124966680908203,False,2026-10-01 20:14:54+00:00,SPY261006P00760000
SPY,2026-10-02,763.99,2026-10-06,P,761.0,2.59,2.61,2.79,6668.0,460,0.11023838989257811,False,2026-10-01 20:04:11+00:00,SPY261006P00761000
SPY,2026-10-02,763.99,2026-10-06,P,762.0,2.91,2.93,2.92,3231.0,406,0.1079190771484375,False,2026-10-01 20:14:00+00:00,SPY261006P00762000
SPY,2026-10-02,763.99,2026-10-06,P,763.0,3.26,3.29,3.31,2913.0,539,0.10559976440429686,False,2026-10-01 20:13:33+00:00,SPY261006P00763000
SPY,2026-10-02,763.99,2026-10-06,P,764.0,3.65,3.67,3.7,7861.0,617,0.10273114074707031,True,2026-10-01 20:14:20+00:00,SPY261006P00764000
SPY,2026-10-02,763.99,2026-10-06,P,765.0,4.08,4.1,4.1,1959.0,1399,0.1001066552734375,True,2026-10-01 20:14:07+00:00,SPY261006P00765000
SPY,2026-10-02,763.99,2026-10-06,P,766.0,4.54,4.57,4.69,938.0,738,0.09723803161621095,True,2026-10-01 20:12:57+00:00,SPY261006P00766000
SPY,2026-10-02,763.99,2026-10-06,P,767.0,4.98,5.13,5.15,339.0,715,0.09559009887695313,True,2026-10-01 20:06:58+00:00,SPY261006P00767000
SPY,2026-10-02,763.99,2026-10-06,P,768.0,5.52,5.68,5.99,157.0,450,0.09211112976074219,True,2026-10-01 19:58:38+00:00,SPY261006P00768000
SPY,2026-10-02,763.99,2026-10-06,P,769.0,6.11,6.27,6.8,264.0,264,0.08808284973144533,True,2026-10-01 19:59:38+00:00,SPY261006P00769000
SPY,2026-10-02,763.99,2026-10-06,P,770.0,6.78,6.91,6.98,1505.0,1146,0.08362732788085939,True,2026-10-01 20:01:22+00:00,SPY261006P00770000
SPY,2026-10-02,763.99,2026-10-06,P,771.0,7.38,7.89,7.91,583.0,359,0.09076836975097656,True,2026-10-01 20:03:41+00:00,SPY261006P00771000
SPY,2026-10-02,763.99,2026-10-06,P,772.0,8.09,8.67,8.69,226.0,183,0.08881526428222657,True,2026-10-01 20:00:26+00:00,SPY261006P00772000
SPY,2026-10-02,763.99,2026-10-06,P,773.0,8.82,9.5,9.17,242.0,293,0.08728940063476565,True,2026-10-01 19:17:50+00:00,SPY261006P00773000
SPY,2026-10-02,763.99,2026-10-06,P,774.0,9.65,10.37,10.26,120.0,249,0.08619077880859377,True,2026-10-01 19:18:41+00:00,SPY261006P00774000
SPY,2026-10-02,763.99,2026-10-06,P,775.0,10.45,11.23,11.15,341.0,397,0.08204042968750001,True,2026-10-01 20:00:41+00:00,SPY261006P00775000
SPY,2026-10-02,763.99,2026-10-06,P,776.0,11.3,12.67,11.52,18.0,39,0.11658598266601564,True,2026-10-01 19:22:01+00:00,SPY261006P00776000
SPY,2026-10-02,763.99,2026-10-06,P,777.0,11.72,13.6,12.46,13.0,33,0.11927150268554687,True,2026-10-01 19:22:31+00:00,SPY261006P00777000
SPY,2026-10-02,763.99,2026-10-06,P,778.0,12.7,14.57,16.31,18.0,23,0.12378805908203125,True,2026-10-01 16:56:37+00:00,SPY261006P00778000
SPY,2026-10-02,763.99,2026-10-06,P,779.0,13.69,15.55,14.47,87.0,10,0.1289149609375,True,2026-10-01 19:23:23+00:00,SPY261006P00779000
SPY,2026-10-02,763.99,2026-10-06,P,780.0,14.67,16.55,15.43,14.0,14,0.13501841552734378,True,2026-10-01 19:30:59+00:00,SPY261006P00780000
SPY,2026-10-02,763.99,2026-10-06,P,781.0,15.66,17.53,14.03,84.0,0,0.1397791101074219,True,2026-09-30 17:37:37+00:00,SPY261006P00781000
SPY,2026-10-02,763.99,2026-10-06,P,782.0,16.69,18.57,19.11,4.0,0,0.1485680847167969,True,2026-10-01 18:11:50+00:00,SPY261006P00782000
SPY,2026-10-02,763.99,2026-10-06,P,785.0,19.67,21.55,20.85,31.0,1,0.16492534301757814,True,2026-10-01 18:04:42+00:00,SPY261006P00785000
SPY,2026-10-02,763.99,2026-10-06,P,786.0,20.69,22.55,21.2,2.0,0,0.1706625903320313,True,2026-10-01 17:53:36+00:00,SPY261006P00786000
SPY,2026-10-02,763.99,2026-10-06,P,788.0,22.69,24.55,23.15,170.0,0,0.1821370849609375,True,2026-09-30 19:53:02+00:00,SPY261006P00788000
SPY,2026-10-02,763.99,2026-10-06,P,790.0,24.67,26.55,23.33,26.0,0,0.19336744140625,True,2026-09-30 19:15:23+00:00,SPY261006P00790000
SPY,2026-10-02,763.99,2026-10-07,C,705.0,58.97,60.8,60.57,38.0,4,0.46582565429687506,True,2026-10-01 19:53:04+00:00,SPY261007C00705000
SPY,2026-10-02,763.99,2026-10-07,C,728.0,36.02,37.89,36.96,71.0,12,0.3250189569091796,True,2026-10-01 17:50:50+00:00,SPY261007C00728000
SPY,2026-10-02,763.99,2026-10-07,C,729.0,35.02,36.89,36.44,95.0,6,0.3184882604980468,True,2026-10-01 19:42:04+00:00,SPY261007C00729000
SPY,2026-10-02,763.99,2026-10-07,C,730.0,34.06,35.87,35.72,318.0,14,0.3109199768066406,True,2026-10-01 19:53:14+00:00,SPY261007C00730000
SPY,2026-10-02,763.99,2026-10-07,C,731.0,33.07,34.93,31.14,68.0,8,0.30725790405273434,True,2026-10-01 16:23:51+00:00,SPY261007C00731000
SPY,2026-10-02,763.99,2026-10-07,C,733.0,31.1,32.95,31.35,110.0,11,0.2948678912353515,True,2026-10-01 18:15:07+00:00,SPY261007C00733000
SPY,2026-10-02,763.99,2026-10-07,C,740.0,24.23,26.1,25.5,145.0,16,0.25354750366210943,True,2026-10-01 19:31:43+00:00,SPY261007C00740000
SPY,2026-10-02,763.99,2026-10-07,C,744.0,20.44,22.05,20.89,85.0,23,0.2230302307128906,True,2026-10-01 19:08:58+00:00,SPY261007C00744000
SPY,2026-10-02,763.99,2026-10-07,C,745.0,19.49,20.89,20.46,269.0,13,0.20948056152343747,True,2026-10-01 19:24:55+00:00,SPY261007C00745000
SPY,2026-10-02,763.99,2026-10-07,C,750.0,15.49,16.25,16.1,52.0,37,0.18573812316894528,True,2026-10-01 19:40:31+00:00,SPY261007C00750000
SPY,2026-10-02,763.99,2026-10-07,C,751.0,14.65,15.36,15.03,364.0,81,0.18164880859375,True,2026-10-01 20:01:57+00:00,SPY261007C00751000
SPY,2026-10-02,763.99,2026-10-07,C,752.0,13.82,14.49,14.5,48.0,85,0.17798673583984376,True,2026-10-01 17:29:51+00:00,SPY261007C00752000
SPY,2026-10-02,763.99,2026-10-07,C,755.0,11.41,11.94,11.11,142.0,104,0.16669534484863285,True,2026-10-01 19:59:08+00:00,SPY261007C00755000
SPY,2026-10-02,763.99,2026-10-07,C,756.0,10.65,11.1,10.78,564.0,17,0.16248396118164063,True,2026-10-01 20:01:22+00:00,SPY261007C00756000
SPY,2026-10-02,763.99,2026-10-07,C,757.0,9.9,10.3,10.06,711.0,173,0.1590355093383789,True,2026-10-01 20:01:58+00:00,SPY261007C00757000
SPY,2026-10-02,763.99,2026-10-07,C,758.0,9.16,9.46,8.71,308.0,87,0.1540001593017578,True,2026-10-01 19:59:06+00:00,SPY261007C00758000
SPY,2026-10-02,763.99,2026-10-07,C,759.0,8.61,8.74,8.15,306.0,66,0.15180291564941406,True,2026-10-01 19:58:45+00:00,SPY261007C00759000
SPY,2026-10-02,763.99,2026-10-07,C,760.0,7.87,8.0,7.78,1453.0,62,0.1484765328979492,True,2026-10-01 20:07:51+00:00,SPY261007C00760000
SPY,2026-10-02,763.99,2026-10-07,C,761.0,7.17,7.31,7.05,1529.0,49,0.1458825646972656,True,2026-10-01 20:01:04+00:00,SPY261007C00761000
SPY,2026-10-02,763.99,2026-10-07,C,762.0,6.51,6.64,6.46,1454.0,180,0.1431970446777344,True,2026-10-01 20:08:09+00:00,SPY261007C00762000
SPY,2026-10-02,763.99,2026-10-07,C,763.0,5.85,5.97,5.68,1851.0,396,0.13984014465332031,True,2026-10-01 20:01:13+00:00,SPY261007C00763000
SPY,2026-10-02,763.99,2026-10-07,C,764.0,5.29,5.32,5.19,2424.0,238,0.1362391064453125,False,2026-10-01 20:08:36+00:00,SPY261007C00764000
SPY,2026-10-02,763.99,2026-10-07,C,765.0,4.71,4.74,4.74,4668.0,587,0.13373669006347655,False,2026-10-01 20:14:54+00:00,SPY261007C00765000
SPY,2026-10-02,763.99,2026-10-07,C,766.0,4.17,4.19,4.16,2030.0,877,0.1311732391357422,False,2026-10-01 20:14:17+00:00,SPY261007C00766000
SPY,2026-10-02,763.99,2026-10-07,C,767.0,3.66,3.68,3.64,1035.0,852,0.1287928918457031,False,2026-10-01 20:14:27+00:00,SPY261007C00767000
SPY,2026-10-02,763.99,2026-10-07,C,768.0,3.19,3.21,2.99,1789.0,1351,0.12656513092041016,False,2026-10-01 20:00:43+00:00,SPY261007C00768000
SPY,2026-10-02,763.99,2026-10-07,C,769.0,2.76,2.78,2.65,1290.0,626,0.1245204736328125,False,2026-10-01 20:10:32+00:00,SPY261007C00769000
SPY,2026-10-02,763.99,2026-10-07,C,770.0,2.36,2.39,2.39,3275.0,933,0.12256736816406251,False,2026-10-01 20:14:58+00:00,SPY261007C00770000
SPY,2026-10-02,763.99,2026-10-07,C,771.0,2.01,2.03,1.98,1051.0,453,0.12055322814941406,False,2026-10-01 20:13:36+00:00,SPY261007C00771000
SPY,2026-10-02,763.99,2026-10-07,C,772.0,1.68,1.7,1.63,1233.0,719,0.11829494995117187,False,2026-10-01 20:11:22+00:00,SPY261007C00772000
SPY,2026-10-02,763.99,2026-10-07,C,773.0,1.4,1.42,1.32,822.0,453,0.11658598266601564,False,2026-10-01 20:13:01+00:00,SPY261007C00773000
SPY,2026-10-02,763.99,2026-10-07,C,774.0,1.15,1.17,1.1,867.0,653,0.11481598083496095,False,2026-10-01 20:13:12+00:00,SPY261007C00774000
SPY,2026-10-02,763.99,2026-10-07,C,775.0,0.93,0.95,0.93,1390.0,1273,0.11292390991210938,False,2026-10-01 20:13:54+00:00,SPY261007C00775000
SPY,2026-10-02,763.99,2026-10-07,C,776.0,0.75,0.77,0.74,1510.0,228,0.11158114990234375,False,2026-10-01 20:13:39+00:00,SPY261007C00776000
SPY,2026-10-02,763.99,2026-10-07,C,777.0,0.6,0.61,0.57,668.0,659,0.1098721826171875,False,2026-10-01 20:10:29+00:00,SPY261007C00777000
SPY,2026-10-02,763.99,2026-10-07,C,778.0,0.47,0.48,0.48,1057.0,518,0.108407353515625,False,2026-10-01 20:14:47+00:00,SPY261007C00778000
SPY,2026-10-02,763.99,2026-10-07,C,779.0,0.37,0.38,0.37,2434.0,1036,0.10743080078125,False,2026-10-01 20:14:34+00:00,SPY261007C00779000
SPY,2026-10-02,763.99,2026-10-07,C,780.0,0.29,0.3,0.28,2980.0,791,0.10682045532226564,False,2026-10-01 20:13:18+00:00,SPY261007C00780000
SPY,2026-10-02,763.99,2026-10-07,C,781.0,0.22,0.23,0.23,1172.0,276,0.10572183349609374,False,2026-10-01 20:14:57+00:00,SPY261007C00781000
SPY,2026-10-02,763.99,2026-10-07,C,782.0,0.17,0.18,0.17,365.0,402,0.1054776953125,False,2026-10-01 20:14:32+00:00,SPY261007C00782000
SPY,2026-10-02,763.99,2026-10-07,C,783.0,0.13,0.14,0.16,1383.0,976,0.1049894189453125,False,2026-10-01 19:51:35+00:00,SPY261007C00783000
SPY,2026-10-02,763.99,2026-10-07,C,784.0,0.1,0.11,0.09,1385.0,636,0.1049894189453125,False,2026-10-01 20:06:16+00:00,SPY261007C00784000
SPY,2026-10-02,763.99,2026-10-07,C,785.0,0.08,0.09,0.08,3378.0,614,0.10596597167968749,False,2026-10-01 20:13:42+00:00,SPY261007C00785000
SPY,2026-10-02,763.99,2026-10-07,C,786.0,0.07,0.08,0.07,1900.0,301,0.10816321533203124,False,2026-10-01 19:07:51+00:00,SPY261007C00786000
SPY,2026-10-02,763.99,2026-10-07,C,787.0,0.05,0.06,0.06,1886.0,312,0.10743080078125,False,2026-10-01 19:07:48+00:00,SPY261007C00787000
SPY,2026-10-02,763.99,2026-10-07,C,788.0,0.04,0.05,0.05,393.0,362,0.1088956298828125,False,2026-10-01 19:08:34+00:00,SPY261007C00788000
SPY,2026-10-02,763.99,2026-10-07,C,789.0,0.04,0.05,0.05,594.0,137,0.11231356445312499,False,2026-10-01 19:19:39+00:00,SPY261007C00789000
SPY,2026-10-02,763.99,2026-10-07,C,790.0,0.03,0.04,0.04,1101.0,1957,0.1132901171875,False,2026-10-01 19:40:47+00:00,SPY261007C00790000
SPY,2026-10-02,763.99,2026-10-07,C,791.0,0.03,0.04,0.05,27.0,302,0.1167080517578125,False,2026-10-01 18:04:31+00:00,SPY261007C00791000
SPY,2026-10-02,763.99,2026-10-07,C,792.0,0.03,0.04,0.03,52.0,119,0.12012598632812499,False,2026-10-01 19:19:47+00:00,SPY261007C00792000
SPY,2026-10-02,763.99,2026-10-07,C,793.0,0.02,0.03,0.03,360.0,246,0.12012598632812499,False,2026-10-01 18:58:08+00:00,SPY261007C00793000
SPY,2026-10-02,763.99,2026-10-07,C,794.0,0.02,0.03,0.03,63.0,82,0.12305564453125001,False,2026-10-01 17:12:13+00:00,SPY261007C00794000
SPY,2026-10-02,763.99,2026-10-07,C,795.0,0.02,0.03,0.03,385.0,344,0.12696185546875,False,2026-10-01 16:31:09+00:00,SPY261007C00795000
SPY,2026-10-02,763.99,2026-10-07,C,796.0,0.02,0.03,0.03,31.0,135,0.13086806640624998,False,2026-10-01 16:24:12+00:00,SPY261007C00796000
SPY,2026-10-02,763.99,2026-10-07,C,797.0,0.02,0.03,0.03,5.0,242,0.133797724609375,False,2026-10-01 16:20:54+00:00,SPY261007C00797000
SPY,2026-10-02,763.99,2026-10-07,C,798.0,0.02,0.03,0.02,388.0,25,0.13770393554687502,False,2026-10-01 18:55:48+00:00,SPY261007C00798000
SPY,2026-10-02,763.99,2026-10-07,C,799.0,0.02,0.03,0.02,2841.0,124,0.14063359375,False,2026-10-01 19:50:09+00:00,SPY261007C00799000
SPY,2026-10-02,763.99,2026-10-07,C,800.0,0.02,0.03,0.02,965.0,280,0.1445398046875,False,2026-10-01 18:32:52+00:00,SPY261007C00800000
SPY,2026-10-02,763.99,2026-10-07,C,801.0,0.01,0.02,0.01,14126.0,18,0.14063359375,False,2026-10-01 20:01:10+00:00,SPY261007C00801000
SPY,2026-10-02,763.99,2026-10-07,C,802.0,0.01,0.02,0.02,16896.0,33,0.1445398046875,False,2026-10-01 20:01:05+00:00,SPY261007C00802000
SPY,2026-10-02,763.99,2026-10-07,C,804.0,0.01,0.02,0.02,383.0,8,0.15039912109375003,False,2026-10-01 17:20:36+00:00,SPY261007C00804000
SPY,2026-10-02,763.99,2026-10-07,C,805.0,0.01,0.02,0.02,1.0,368,0.15430533203125002,False,2026-09-30 19:55:30+00:00,SPY261007C00805000
SPY,2026-10-02,763.99,2026-10-07,C,806.0,0.01,0.02,0.02,160.0,1276,0.15821154296875,False,2026-10-01 18:16:45+00:00,SPY261007C00806000
SPY,2026-10-02,763.99,2026-10-07,C,808.0,0.01,0.02,0.01,621.0,6854,0.16407085937500002,False,2026-10-01 19:37:29+00:00,SPY261007C00808000
SPY,2026-10-02,763.99,2026-10-07,C,809.0,0.01,0.02,0.02,936.0,1043,0.16797707031250003,False,2026-10-01 19:24:09+00:00,SPY261007C00809000
SPY,2026-10-02,763.99,2026-10-07,C,810.0,0.01,0.02,0.01,4369.0,11796,0.16993017578125003,False,2026-10-01 18:08:51+00:00,SPY261007C00810000
SPY,2026-10-02,763.99,2026-10-07,C,815.0,0.01,0.02,0.01,329.0,205,0.187508125,False,2026-10-01 18:48:28+00:00,SPY261007C00815000
SPY,2026-10-02,763.99,2026-10-07,C,820.0,0.01,0.02,0.02,69.0,118,0.20313296874999998,False,2026-09-30 19:50:58+00:00,SPY261007C00820000
SPY,2026-10-02,763.99,2026-10-07,C,825.0,0.01,0.02,0.05,12.0,29,0.21875781249999998,False,2026-09-25 17:01:36+00:00,SPY261007C00825000
SPY,2026-10-02,763.99,2026-10-07,C,830.0,0.01,0.02,0.01,170.0,1132,0.23438265625,False,2026-10-01 18:49:37+00:00,SPY261007C00830000
SPY,2026-10-02,763.99,2026-10-07,C,855.0,0.0,0.01,0.01,2.0,1,0.2890696093749999,False,2026-09-25 18:31:13+00:00,SPY261007C00855000
SPY,2026-10-02,763.99,2026-10-07,C,875.0,0.0,0.01,0.01,20.0,20,0.3437565625,False,2026-09-25 16:20:25+00:00,SPY261007C00875000
SPY,2026-10-02,763.99,2026-10-07,P,565.0,0.0,0.01,0.03,,72,0.6875031250000001,False,2026-09-24 17:22:02+00:00,SPY261007P00565000
SPY,2026-10-02,763.99,2026-10-07,P,570.0,0.0,0.01,0.03,,72,0.6718782812500002,False,2026-09-24 19:49:29+00:00,SPY261007P00570000
SPY,2026-10-02,763.99,2026-10-07,P,575.0,0.0,0.01,0.03,10.0,10,0.6562534375000001,False,2026-09-25 17:35:00+00:00,SPY261007P00575000
SPY,2026-10-02,763.99,2026-10-07,P,585.0,0.0,0.01,0.04,,5,0.6093789062500001,False,2026-09-24 17:48:10+00:00,SPY261007P00585000
SPY,2026-10-02,763.99,2026-10-07,P,595.0,0.0,0.01,0.01,226.0,145,0.57812921875,False,2026-10-01 20:07:38+00:00,SPY261007P00595000
SPY,2026-10-02,763.99,2026-10-07,P,645.0,0.01,0.02,0.01,908.0,1,0.44922425781249997,False,2026-10-01 17:52:37+00:00,SPY261007P00645000
SPY,2026-10-02,763.99,2026-10-07,P,650.0,0.01,0.02,0.02,640.0,3,0.4335994140625,False,2026-10-01 18:15:11+00:00,SPY261007P00650000
SPY,2026-10-02,763.99,2026-10-07,P,665.0,0.02,0.03,0.05,1.0,102,0.39063109375,False,2026-09-29 18:30:42+00:00,SPY261007P00665000
SPY,2026-10-02,763.99,2026-10-07,P,670.0,0.02,0.03,0.04,303.0,28,0.3711000390625,False,2026-10-01 14:34:34+00:00,SPY261007P00670000
SPY,2026-10-02,763.99,2026-10-07,P,675.0,0.02,0.03,0.04,9683.0,9762,0.35156898437499995,False,2026-09-30 14:04:11+00:00,SPY261007P00675000
SPY,2026-10-02,763.99,2026-10-07,P,685.0,0.03,0.04,0.05,11.0,15,0.3242255078124999,False,2026-10-01 17:17:48+00:00,SPY261007P00685000
SPY,2026-10-02,763.99,2026-10-07,P,695.0,0.04,0.05,0.07,5.0,226,0.2919992675781249,False,2026-10-01 15:17:13+00:00,SPY261007P00695000
SPY,2026-10-02,763.99,2026-10-07,P,700.0,0.05,0.06,0.06,996.0,990,0.278327529296875,False,2026-10-01 17:14:03+00:00,SPY261007P00700000
SPY,2026-10-02,763.99,2026-10-07,P,705.0,0.05,0.06,0.05,104.0,38,0.257819921875,False,2026-10-01 17:44:31+00:00,SPY261007P00705000
SPY,2026-10-02,763.99,2026-10-07,P,710.0,0.06,0.07,0.09,341.0,368,0.242195078125,False,2026-10-01 17:10:55+00:00,SPY261007P00710000
SPY,2026-10-02,763.99,2026-10-07,P,715.0,0.07,0.08,0.07,73.0,159,0.225593681640625,False,2026-10-01 19:52:06+00:00,SPY261007P00715000
SPY,2026-10-02,763.99,2026-10-07,P,720.0,0.08,0.09,0.09,828.0,1100,0.20801573242187496,False,2026-10-01 20:12:07+00:00,SPY261007P00720000
SPY,2026-10-02,763.99,2026-10-07,P,723.0,0.09,0.1,0.11,65.0,154,0.198250205078125,False,2026-10-01 18:32:06+00:00,SPY261007P00723000
SPY,2026-10-02,763.99,2026-10-07,P,725.0,0.1,0.11,0.1,83.0,142,0.19190261230468753,False,2026-10-01 20:14:29+00:00,SPY261007P00725000
SPY,2026-10-02,763.99,2026-10-07,P,726.0,0.1,0.11,0.11,32.0,133,0.187508125,False,2026-10-01 19:43:48+00:00,SPY261007P00726000
SPY,2026-10-02,763.99,2026-10-07,P,727.0,0.11,0.12,0.18,124.0,23,0.18555501953124998,False,2026-10-01 17:14:48+00:00,SPY261007P00727000
SPY,2026-10-02,763.99,2026-10-07,P,728.0,0.11,0.12,0.22,222.0,106,0.18116053222656248,False,2026-10-01 16:53:17+00:00,SPY261007P00728000
SPY,2026-10-02,763.99,2026-10-07,P,729.0,0.12,0.13,0.14,323.0,156,0.17920742675781248,False,2026-10-01 20:04:25+00:00,SPY261007P00729000
SPY,2026-10-02,763.99,2026-10-07,P,730.0,0.13,0.14,0.15,1821.0,123,0.176766044921875,False,2026-10-01 19:40:21+00:00,SPY261007P00730000
SPY,2026-10-02,763.99,2026-10-07,P,731.0,0.14,0.15,0.14,3639.0,30,0.17408052490234377,False,2026-10-01 19:32:29+00:00,SPY261007P00731000
SPY,2026-10-02,763.99,2026-10-07,P,732.0,0.15,0.16,0.16,2529.0,158,0.1713950048828125,False,2026-10-01 19:12:53+00:00,SPY261007P00732000
SPY,2026-10-02,763.99,2026-10-07,P,733.0,0.16,0.17,0.17,262.0,127,0.16846534667968754,False,2026-10-01 19:32:29+00:00,SPY261007P00733000
SPY,2026-10-02,763.99,2026-10-07,P,734.0,0.17,0.18,0.19,900.0,54,0.16529155029296877,False,2026-10-01 20:07:01+00:00,SPY261007P00734000
SPY,2026-10-02,763.99,2026-10-07,P,735.0,0.19,0.2,0.2,299.0,765,0.16358258300781253,False,2026-10-01 19:44:17+00:00,SPY261007P00735000
SPY,2026-10-02,763.99,2026-10-07,P,736.0,0.21,0.22,0.21,1535.0,140,0.16138533935546873,False,2026-10-01 20:14:57+00:00,SPY261007P00736000
SPY,2026-10-02,763.99,2026-10-07,P,737.0,0.23,0.24,0.24,1446.0,284,0.159188095703125,False,2026-10-01 19:23:50+00:00,SPY261007P00737000
SPY,2026-10-02,763.99,2026-10-07,P,738.0,0.25,0.26,0.29,243.0,321,0.15650257568359377,False,2026-10-01 17:47:50+00:00,SPY261007P00738000
SPY,2026-10-02,763.99,2026-10-07,P,739.0,0.28,0.29,0.31,1920.0,351,0.15479360839843753,False,2026-10-01 20:09:18+00:00,SPY261007P00739000
SPY,2026-10-02,763.99,2026-10-07,P,740.0,0.31,0.32,0.34,2690.0,10258,0.15284050292968754,False,2026-10-01 20:08:59+00:00,SPY261007P00740000
SPY,2026-10-02,763.99,2026-10-07,P,741.0,0.34,0.35,0.37,701.0,186,0.15039912109375003,False,2026-10-01 19:27:07+00:00,SPY261007P00741000
SPY,2026-10-02,763.99,2026-10-07,P,742.0,0.38,0.39,0.38,1002.0,291,0.14869015380859374,False,2026-10-01 20:14:57+00:00,SPY261007P00742000
SPY,2026-10-02,763.99,2026-10-07,P,743.0,0.43,0.44,0.46,975.0,291,0.14722532470703126,False,2026-10-01 19:59:59+00:00,SPY261007P00743000
SPY,2026-10-02,763.99,2026-10-07,P,744.0,0.48,0.49,0.51,721.0,383,0.14539428833007811,False,2026-10-01 20:13:35+00:00,SPY261007P00744000
SPY,2026-10-02,763.99,2026-10-07,P,745.0,0.54,0.55,0.55,1449.0,1093,0.14380739013671873,False,2026-10-01 20:14:50+00:00,SPY261007P00745000
SPY,2026-10-02,763.99,2026-10-07,P,746.0,0.6,0.61,0.65,1208.0,499,0.14173221557617188,False,2026-10-01 20:02:22+00:00,SPY261007P00746000
SPY,2026-10-02,763.99,2026-10-07,P,747.0,0.68,0.69,0.72,2046.0,280,0.14051152465820313,False,2026-10-01 20:11:00+00:00,SPY261007P00747000
SPY,2026-10-02,763.99,2026-10-07,P,748.0,0.76,0.77,0.76,1601.0,321,0.13868048828125001,False,2026-10-01 20:14:34+00:00,SPY261007P00748000
SPY,2026-10-02,763.99,2026-10-07,P,749.0,0.85,0.86,0.89,1033.0,801,0.13691048645019532,False,2026-10-01 20:11:42+00:00,SPY261007P00749000
SPY,2026-10-02,763.99,2026-10-07,P,750.0,0.95,0.96,0.95,1758.0,847,0.13514048461914066,False,2026-10-01 20:14:50+00:00,SPY261007P00750000
SPY,2026-10-02,763.99,2026-10-07,P,751.0,1.06,1.08,1.08,1295.0,282,0.13367565551757812,False,2026-10-01 20:14:13+00:00,SPY261007P00751000
SPY,2026-10-02,763.99,2026-10-07,P,752.0,1.19,1.21,1.25,1268.0,293,0.13208875732421876,False,2026-10-01 20:08:49+00:00,SPY261007P00752000
SPY,2026-10-02,763.99,2026-10-07,P,753.0,1.33,1.35,1.39,1464.0,539,0.1302577209472656,False,2026-10-01 20:11:53+00:00,SPY261007P00753000
SPY,2026-10-02,763.99,2026-10-07,P,754.0,1.49,1.5,1.52,1381.0,450,0.1283046154785156,False,2026-10-01 20:13:27+00:00,SPY261007P00754000
SPY,2026-10-02,763.99,2026-10-07,P,755.0,1.66,1.67,1.68,1706.0,638,0.12641254455566403,False,2026-10-01 20:14:24+00:00,SPY261007P00755000
SPY,2026-10-02,763.99,2026-10-07,P,756.0,1.84,1.86,1.91,694.0,577,0.12458150817871094,False,2026-10-01 20:01:05+00:00,SPY261007P00756000
SPY,2026-10-02,763.99,2026-10-07,P,757.0,2.05,2.07,2.15,1092.0,408,0.12268943725585937,False,2026-10-01 20:03:41+00:00,SPY261007P00757000
SPY,2026-10-02,763.99,2026-10-07,P,758.0,2.28,2.3,2.28,1699.0,369,0.1207668490600586,False,2026-10-01 20:14:55+00:00,SPY261007P00758000
SPY,2026-10-02,763.99,2026-10-07,P,759.0,2.53,2.55,2.63,840.0,381,0.11872219177246093,False,2026-10-01 20:10:18+00:00,SPY261007P00759000
SPY,2026-10-02,763.99,2026-10-07,P,760.0,2.8,2.83,2.85,13889.0,14543,0.11673856903076171,False,2026-10-01 20:13:24+00:00,SPY261007P00760000
SPY,2026-10-02,763.99,2026-10-07,P,761.0,3.1,3.13,3.14,961.0,143,0.11454132537841799,False,2026-10-01 20:14:30+00:00,SPY261007P00761000
SPY,2026-10-02,763.99,2026-10-07,P,762.0,3.43,3.46,3.45,1484.0,296,0.11231356445312499,False,2026-10-01 20:14:57+00:00,SPY261007P00762000
SPY,2026-10-02,763.99,2026-10-07,P,763.0,3.79,3.81,3.91,1044.0,259,0.10981114807128906,False,2026-10-01 20:07:52+00:00,SPY261007P00763000
SPY,2026-10-02,763.99,2026-10-07,P,764.0,4.18,4.2,4.23,2861.0,1720,0.10736976623535156,True,2026-10-01 20:14:23+00:00,SPY261007P00764000
SPY,2026-10-02,763.99,2026-10-07,P,765.0,4.6,4.63,4.64,1357.0,923,0.1049894189453125,True,2026-10-01 20:14:30+00:00,SPY261007P00765000
SPY,2026-10-02,763.99,2026-10-07,P,766.0,5.06,5.09,5.15,705.0,398,0.10236493347167967,True,2026-10-01 20:08:12+00:00,SPY261007P00766000
SPY,2026-10-02,763.99,2026-10-07,P,767.0,5.5,5.63,5.66,675.0,482,0.10071700073242187,True,2026-10-01 20:08:08+00:00,SPY261007P00767000
SPY,2026-10-02,763.99,2026-10-07,P,768.0,6.02,6.17,6.26,157.0,517,0.09790941162109376,True,2026-10-01 20:05:26+00:00,SPY261007P00768000
SPY,2026-10-02,763.99,2026-10-07,P,769.0,6.6,6.73,7.26,522.0,326,0.09433889068603515,True,2026-10-01 19:54:23+00:00,SPY261007P00769000
SPY,2026-10-02,763.99,2026-10-07,P,770.0,7.2,7.34,7.94,1892.0,469,0.09064630065917968,True,2026-10-01 19:59:20+00:00,SPY261007P00770000
SPY,2026-10-02,763.99,2026-10-07,P,771.0,7.79,8.29,8.01,276.0,219,0.09681078979492189,True,2026-10-01 20:01:59+00:00,SPY261007P00771000
SPY,2026-10-02,763.99,2026-10-07,P,772.0,8.42,9.04,8.52,73.0,152,0.0955290643310547,True,2026-10-01 19:54:40+00:00,SPY261007P00772000
SPY,2026-10-02,763.99,2026-10-07,P,773.0,9.17,9.84,9.37,68.0,27,0.09473561523437501,True,2026-10-01 19:12:34+00:00,SPY261007P00773000
SPY,2026-10-02,763.99,2026-10-07,P,774.0,9.93,10.68,10.39,127.0,36,0.09443044250488282,True,2026-10-01 19:56:54+00:00,SPY261007P00774000
SPY,2026-10-02,763.99,2026-10-07,P,775.0,10.72,11.56,11.79,274.0,209,0.09485768432617189,True,2026-10-01 19:59:20+00:00,SPY261007P00775000
SPY,2026-10-02,763.99,2026-10-07,P,776.0,11.52,12.47,11.67,111.0,39,0.09595630615234377,True,2026-10-01 19:44:51+00:00,SPY261007P00776000
SPY,2026-10-02,763.99,2026-10-07,P,777.0,12.25,13.65,13.3,38.0,28,0.11145908081054687,True,2026-10-01 19:58:02+00:00,SPY261007P00777000
SPY,2026-10-02,763.99,2026-10-07,P,778.0,13.27,14.63,13.54,20.0,48,0.11634184448242188,True,2026-10-01 18:53:15+00:00,SPY261007P00778000
SPY,2026-10-02,763.99,2026-10-07,P,779.0,13.7,15.58,16.64,8.0,52,0.11939357177734375,True,2026-10-01 18:06:46+00:00,SPY261007P00779000
SPY,2026-10-02,763.99,2026-10-07,P,780.0,14.69,16.55,15.65,31.0,12,0.12329978271484376,True,2026-10-01 17:38:04+00:00,SPY261007P00780000
SPY,2026-10-02,763.99,2026-10-07,P,781.0,15.69,17.57,16.57,20.0,1,0.13001358276367186,True,2026-10-01 19:24:42+00:00,SPY261007P00781000
SPY,2026-10-02,763.99,2026-10-07,P,785.0,19.69,21.55,19.47,44.0,0,0.1505211901855469,True,2026-10-01 19:32:59+00:00,SPY261007P00785000
SPY,2026-10-02,763.99,2026-10-08,C,738.0,26.45,28.31,28.3,134.0,6,0.2559888854980469,True,2026-10-01 19:06:24+00:00,SPY261008C00738000
SPY,2026-10-02,763.99,2026-10-08,C,748.0,17.51,18.45,17.91,14.0,10,0.19275709594726562,True,2026-10-01 19:25:47+00:00,SPY261008C00748000
SPY,2026-10-02,763.99,2026-10-08,C,750.0,15.96,16.68,16.23,182.0,35,0.18555501953124998,True,2026-10-01 19:37:46+00:00,SPY261008C00750000
SPY,2026-10-02,763.99,2026-10-08,C,751.0,15.01,15.8,13.88,55.0,2,0.18170984313964844,True,2026-10-01 16:35:10+00:00,SPY261008C00751000
SPY,2026-10-02,763.99,2026-10-08,C,755.0,11.86,12.42,11.87,230.0,39,0.16748879394531252,True,2026-10-01 19:59:58+00:00,SPY261008C00755000
SPY,2026-10-02,763.99,2026-10-08,C,756.0,11.11,11.62,11.09,473.0,59,0.1643760321044922,True,2026-10-01 19:59:58+00:00,SPY261008C00756000
SPY,2026-10-02,763.99,2026-10-08,C,760.0,8.23,8.56,8.43,602.0,65,0.15122308746337892,True,2026-10-01 20:13:45+00:00,SPY261008C00760000
SPY,2026-10-02,763.99,2026-10-08,C,761.0,7.56,7.92,7.46,722.0,14,0.14984981018066407,True,2026-10-01 20:00:09+00:00,SPY261008C00761000
SPY,2026-10-02,763.99,2026-10-08,C,762.0,6.9,7.2,7.08,1744.0,67,0.14597411651611325,True,2026-10-01 20:13:34+00:00,SPY261008C00762000
SPY,2026-10-02,763.99,2026-10-08,C,764.0,5.85,5.89,5.85,2629.0,292,0.139657041015625,False,2026-10-01 20:14:07+00:00,SPY261008C00764000
SPY,2026-10-02,763.99,2026-10-08,C,765.0,5.27,5.31,5.08,2299.0,576,0.1373377282714844,False,2026-10-01 20:05:01+00:00,SPY261008C00765000
SPY,2026-10-02,763.99,2026-10-08,C,766.0,4.72,4.75,4.63,800.0,113,0.13483531188964848,False,2026-10-01 20:11:55+00:00,SPY261008C00766000
SPY,2026-10-02,763.99,2026-10-08,C,767.0,4.2,4.23,4.23,1038.0,303,0.13257703369140628,False,2026-10-01 20:14:47+00:00,SPY261008C00767000
SPY,2026-10-02,763.99,2026-10-08,C,768.0,3.72,3.74,3.51,1497.0,1283,0.13031875549316402,False,2026-10-01 20:00:43+00:00,SPY261008C00768000
SPY,2026-10-02,763.99,2026-10-08,C,769.0,3.27,3.29,2.9,659.0,612,0.12824358093261717,False,2026-10-01 19:59:13+00:00,SPY261008C00769000
SPY,2026-10-02,763.99,2026-10-08,C,770.0,2.85,2.87,2.85,1621.0,728,0.1261684063720703,False,2026-10-01 20:14:02+00:00,SPY261008C00770000
SPY,2026-10-02,763.99,2026-10-08,C,771.0,2.47,2.49,2.4,606.0,281,0.12427633544921876,False,2026-10-01 20:06:51+00:00,SPY261008C00771000
SPY,2026-10-02,763.99,2026-10-08,C,772.0,2.12,2.14,2.08,1023.0,200,0.12232322998046877,False,2026-10-01 20:13:27+00:00,SPY261008C00772000
SPY,2026-10-02,763.99,2026-10-08,C,773.0,1.81,1.83,1.83,1276.0,500,0.12067529724121094,False,2026-10-01 20:14:53+00:00,SPY261008C00773000
SPY,2026-10-02,763.99,2026-10-08,C,774.0,1.53,1.55,1.51,1060.0,192,0.11896632995605468,False,2026-10-01 20:14:22+00:00,SPY261008C00774000
SPY,2026-10-02,763.99,2026-10-08,C,775.0,1.28,1.3,1.3,659.0,509,0.11731839721679688,False,2026-10-01 20:14:54+00:00,SPY261008C00775000
SPY,2026-10-02,763.99,2026-10-08,C,776.0,1.06,1.08,1.07,845.0,210,0.11567046447753906,False,2026-10-01 20:14:45+00:00,SPY261008C00776000
SPY,2026-10-02,763.99,2026-10-08,C,777.0,0.88,0.89,0.88,451.0,260,0.11414460083007813,False,2026-10-01 20:14:59+00:00,SPY261008C00777000
SPY,2026-10-02,763.99,2026-10-08,C,778.0,0.71,0.73,0.69,290.0,343,0.11292390991210938,False,2026-10-01 20:06:20+00:00,SPY261008C00778000
SPY,2026-10-02,763.99,2026-10-08,C,779.0,0.58,0.59,0.58,301.0,91,0.11145908081054687,False,2026-10-01 19:54:43+00:00,SPY261008C00779000
SPY,2026-10-02,763.99,2026-10-08,C,780.0,0.46,0.48,0.47,1397.0,628,0.11060459716796875,False,2026-10-01 20:14:54+00:00,SPY261008C00780000
SPY,2026-10-02,763.99,2026-10-08,C,781.0,0.37,0.38,0.33,633.0,501,0.10938390625,False,2026-10-01 19:52:44+00:00,SPY261008C00781000
SPY,2026-10-02,763.99,2026-10-08,C,782.0,0.29,0.31,0.29,390.0,432,0.10901769897460936,False,2026-10-01 20:13:28+00:00,SPY261008C00782000
SPY,2026-10-02,763.99,2026-10-08,C,783.0,0.23,0.24,0.27,269.0,211,0.10767493896484376,False,2026-10-01 19:51:08+00:00,SPY261008C00783000
SPY,2026-10-02,763.99,2026-10-08,C,784.0,0.18,0.19,0.18,206.0,153,0.10718666259765625,False,2026-10-01 20:08:54+00:00,SPY261008C00784000
SPY,2026-10-02,763.99,2026-10-08,C,785.0,0.15,0.16,0.14,215.0,321,0.1079190771484375,False,2026-10-01 20:08:54+00:00,SPY261008C00785000
SPY,2026-10-02,763.99,2026-10-08,C,786.0,0.12,0.13,0.1,465.0,754,0.10816321533203124,False,2026-10-01 19:56:56+00:00,SPY261008C00786000
SPY,2026-10-02,763.99,2026-10-08,C,787.0,0.09,0.1,0.08,2620.0,624,0.10743080078125,False,2026-10-01 20:00:54+00:00,SPY261008C00787000
SPY,2026-10-02,763.99,2026-10-08,C,788.0,0.07,0.08,0.09,115.0,78,0.10767493896484376,False,2026-10-01 19:51:08+00:00,SPY261008C00788000
SPY,2026-10-02,763.99,2026-10-08,C,789.0,0.06,0.07,0.09,267.0,871,0.10938390625,False,2026-10-01 16:52:38+00:00,SPY261008C00789000
SPY,2026-10-02,763.99,2026-10-08,C,790.0,0.05,0.06,0.07,164.0,333,0.11036045898437499,False,2026-10-01 18:03:53+00:00,SPY261008C00790000
SPY,2026-10-02,763.99,2026-10-08,C,791.0,0.04,0.05,0.05,39.0,176,0.11133701171874999,False,2026-10-01 19:44:47+00:00,SPY261008C00791000
SPY,2026-10-02,763.99,2026-10-08,C,792.0,0.04,0.05,0.04,3.0,21,0.1147549462890625,False,2026-10-01 19:13:39+00:00,SPY261008C00792000
SPY,2026-10-02,763.99,2026-10-08,C,793.0,0.03,0.04,0.03,12.0,77,0.1147549462890625,False,2026-10-01 16:16:04+00:00,SPY261008C00793000
SPY,2026-10-02,763.99,2026-10-08,C,794.0,0.03,0.04,0.03,48.0,36,0.118172880859375,False,2026-10-01 18:32:36+00:00,SPY261008C00794000
SPY,2026-10-02,763.99,2026-10-08,C,795.0,0.02,0.03,0.03,15.0,183,0.117196328125,False,2026-10-01 19:19:50+00:00,SPY261008C00795000
SPY,2026-10-02,763.99,2026-10-08,C,796.0,0.02,0.03,0.03,12.0,54,0.1211025390625,False,2026-10-01 19:14:41+00:00,SPY261008C00796000
SPY,2026-10-02,763.99,2026-10-08,C,797.0,0.02,0.03,0.03,5.0,50,0.124032197265625,False,2026-10-01 18:51:39+00:00,SPY261008C00797000
SPY,2026-10-02,763.99,2026-10-08,C,798.0,0.02,0.03,0.03,27.0,73,0.12696185546875,False,2026-10-01 17:05:09+00:00,SPY261008C00798000
SPY,2026-10-02,763.99,2026-10-08,C,799.0,0.02,0.03,0.09,88.0,102,0.13086806640624998,False,2026-09-30 14:06:28+00:00,SPY261008C00799000
SPY,2026-10-02,763.99,2026-10-08,C,800.0,0.02,0.03,0.04,9.0,272,0.133797724609375,False,2026-10-01 13:50:38+00:00,SPY261008C00800000
SPY,2026-10-02,763.99,2026-10-08,C,801.0,0.02,0.03,0.06,13.0,47,0.13672738281250002,False,2026-09-30 17:16:39+00:00,SPY261008C00801000
SPY,2026-10-02,763.99,2026-10-08,C,802.0,0.01,0.02,0.02,2.0,43,0.133797724609375,False,2026-10-01 20:10:11+00:00,SPY261008C00802000
SPY,2026-10-02,763.99,2026-10-08,C,803.0,0.01,0.02,0.08,24.0,24,0.13672738281250002,False,2026-09-28 17:54:00+00:00,SPY261008C00803000
SPY,2026-10-02,763.99,2026-10-08,C,804.0,0.01,0.02,0.08,44.0,13,0.14063359375,False,2026-09-28 17:54:27+00:00,SPY261008C00804000
SPY,2026-10-02,763.99,2026-10-08,C,805.0,0.01,0.02,0.03,1.0,137,0.14258669921875,False,2026-09-30 20:11:43+00:00,SPY261008C00805000
SPY,2026-10-02,763.99,2026-10-08,C,807.0,0.01,0.02,0.06,1.0,15,0.148446015625,False,2026-09-28 19:06:14+00:00,SPY261008C00807000
SPY,2026-10-02,763.99,2026-10-08,C,808.0,0.01,0.02,0.06,86.0,40,0.15235222656250003,False,2026-09-28 18:51:10+00:00,SPY261008C00808000
SPY,2026-10-02,763.99,2026-10-08,C,809.0,0.01,0.02,0.04,8.0,8,0.15430533203125002,False,2026-09-28 15:37:44+00:00,SPY261008C00809000
SPY,2026-10-02,763.99,2026-10-08,C,810.0,0.01,0.02,0.02,3921.0,93,0.15821154296875,False,2026-10-01 18:09:24+00:00,SPY261008C00810000
SPY,2026-10-02,763.99,2026-10-08,C,815.0,0.01,0.02,0.02,9.0,47,0.17285983398437502,False,2026-10-01 17:57:12+00:00,SPY261008C00815000
SPY,2026-10-02,763.99,2026-10-08,C,830.0,0.01,0.02,0.04,24.0,24,0.21680470703125,False,2026-09-25 19:05:55+00:00,SPY261008C00830000
SPY,2026-10-02,763.99,2026-10-08,C,835.0,0.01,0.02,0.03,2.0,77,0.2304764453125,False,2026-09-29 19:56:14+00:00,SPY261008C00835000
SPY,2026-10-02,763.99,2026-10-08,C,850.0,0.0,0.01,0.01,1702.0,10,0.25391371093750004,False,2026-10-01 19:57:18+00:00,SPY261008C00850000
SPY,2026-10-02,763.99,2026-10-08,C,880.0,0.0,0.01,0.01,15.0,15,0.32813171874999997,False,2026-09-25 17:33:40+00:00,SPY261008C00880000
SPY,2026-10-02,763.99,2026-10-08,P,550.0,0.0,0.01,0.02,20.0,22,0.6875031250000001,False,2026-09-29 14:21:50+00:00,SPY261008P00550000
SPY,2026-10-02,763.99,2026-10-08,P,580.0,0.0,0.01,0.01,1.0,73,0.5937540625000001,False,2026-09-30 19:11:56+00:00,SPY261008P00580000
SPY,2026-10-02,763.99,2026-10-08,P,585.0,0.0,0.01,0.01,70.0,48,0.5625043750000001,False,2026-10-01 13:55:06+00:00,SPY261008P00585000
SPY,2026-10-02,763.99,2026-10-08,P,625.0,0.01,0.02,0.02,2.0,100,0.48828636718750007,False,2026-10-01 19:05:34+00:00,SPY261008P00625000
SPY,2026-10-02,763.99,2026-10-08,P,665.0,0.03,0.04,0.03,70.0,115,0.37305314453125,False,2026-10-01 18:34:45+00:00,SPY261008P00665000
SPY,2026-10-02,763.99,2026-10-08,P,675.0,0.04,0.05,0.09,316.0,571,0.3437565625,False,2026-09-29 17:39:02+00:00,SPY261008P00675000
SPY,2026-10-02,763.99,2026-10-08,P,680.0,0.04,0.05,0.06,7229.0,2,0.32520206054687495,False,2026-10-01 18:09:23+00:00,SPY261008P00680000
SPY,2026-10-02,763.99,2026-10-08,P,690.0,0.05,0.06,0.07,8.0,47,0.29492892578124996,False,2026-10-01 13:47:53+00:00,SPY261008P00690000
SPY,2026-10-02,763.99,2026-10-08,P,695.0,0.06,0.07,0.07,3.0,23,0.28125718749999995,False,2026-09-30 13:49:35+00:00,SPY261008P00695000
SPY,2026-10-02,763.99,2026-10-08,P,700.0,0.06,0.07,0.08,23.0,258,0.2617261328125,False,2026-10-01 17:42:45+00:00,SPY261008P00700000
SPY,2026-10-02,763.99,2026-10-08,P,705.0,0.07,0.08,0.09,102.0,122,0.247077841796875,False,2026-10-01 20:04:36+00:00,SPY261008P00705000
SPY,2026-10-02,763.99,2026-10-08,P,710.0,0.08,0.09,0.09,1122.0,157,0.231452998046875,False,2026-10-01 20:01:49+00:00,SPY261008P00710000
SPY,2026-10-02,763.99,2026-10-08,P,715.0,0.1,0.11,0.1,149.0,101,0.21778125976562498,False,2026-10-01 19:52:04+00:00,SPY261008P00715000
SPY,2026-10-02,763.99,2026-10-08,P,720.0,0.12,0.13,0.12,458.0,262,0.20264469238281246,False,2026-10-01 19:51:08+00:00,SPY261008P00720000
SPY,2026-10-02,763.99,2026-10-08,P,723.0,0.14,0.15,0.22,59.0,7,0.19458813232421873,False,2026-10-01 16:46:34+00:00,SPY261008P00723000
SPY,2026-10-02,763.99,2026-10-08,P,724.0,0.14,0.15,0.15,77.0,193,0.19043778320312502,False,2026-10-01 19:58:03+00:00,SPY261008P00724000
SPY,2026-10-02,763.99,2026-10-08,P,725.0,0.15,0.16,0.17,1045.0,181,0.18799640136718748,False,2026-10-01 20:12:07+00:00,SPY261008P00725000
SPY,2026-10-02,763.99,2026-10-08,P,726.0,0.16,0.17,0.18,862.0,8,0.18555501953124998,False,2026-10-01 20:12:07+00:00,SPY261008P00726000
SPY,2026-10-02,763.99,2026-10-08,P,727.0,0.17,0.18,0.18,486.0,10,0.18311363769531247,False,2026-10-01 16:08:21+00:00,SPY261008P00727000
SPY,2026-10-02,763.99,2026-10-08,P,728.0,0.18,0.19,0.2,208.0,497,0.18042811767578126,False,2026-10-01 20:12:07+00:00,SPY261008P00728000
SPY,2026-10-02,763.99,2026-10-08,P,729.0,0.19,0.2,0.2,231.0,28,0.17774259765625,False,2026-10-01 20:00:58+00:00,SPY261008P00729000
SPY,2026-10-02,763.99,2026-10-08,P,730.0,0.21,0.22,0.23,442.0,549,0.17627776855468752,False,2026-10-01 20:12:39+00:00,SPY261008P00730000
SPY,2026-10-02,763.99,2026-10-08,P,731.0,0.22,0.23,0.25,114.0,51,0.17310397216796874,False,2026-10-01 20:12:07+00:00,SPY261008P00731000
SPY,2026-10-02,763.99,2026-10-08,P,732.0,0.24,0.25,0.25,236.0,76,0.17115086669921875,False,2026-10-01 19:18:05+00:00,SPY261008P00732000
SPY,2026-10-02,763.99,2026-10-08,P,733.0,0.26,0.27,0.24,283.0,848,0.16895362304687503,False,2026-10-01 19:51:05+00:00,SPY261008P00733000
SPY,2026-10-02,763.99,2026-10-08,P,734.0,0.28,0.29,0.32,858.0,90,0.1667563793945313,False,2026-10-01 20:05:21+00:00,SPY261008P00734000
SPY,2026-10-02,763.99,2026-10-08,P,735.0,0.31,0.32,0.33,569.0,884,0.1651694812011719,False,2026-10-01 19:59:37+00:00,SPY261008P00735000
SPY,2026-10-02,763.99,2026-10-08,P,736.0,0.33,0.34,0.41,294.0,84,0.16236189208984375,False,2026-10-01 17:41:55+00:00,SPY261008P00736000
SPY,2026-10-02,763.99,2026-10-08,P,737.0,0.36,0.37,0.39,348.0,454,0.16040878662109376,False,2026-10-01 20:08:19+00:00,SPY261008P00737000
SPY,2026-10-02,763.99,2026-10-08,P,738.0,0.4,0.41,0.42,1134.0,487,0.15894395751953128,False,2026-10-01 19:51:05+00:00,SPY261008P00738000
SPY,2026-10-02,763.99,2026-10-08,P,739.0,0.44,0.45,0.46,638.0,211,0.157234990234375,False,2026-10-01 19:57:57+00:00,SPY261008P00739000
SPY,2026-10-02,763.99,2026-10-08,P,740.0,0.48,0.49,0.52,580.0,748,0.15515981567382814,False,2026-10-01 20:05:21+00:00,SPY261008P00740000
SPY,2026-10-02,763.99,2026-10-08,P,741.0,0.53,0.54,0.56,536.0,441,0.15357291748046875,False,2026-10-01 19:52:35+00:00,SPY261008P00741000
SPY,2026-10-02,763.99,2026-10-08,P,742.0,0.58,0.59,0.62,452.0,189,0.1514977429199219,False,2026-10-01 20:01:43+00:00,SPY261008P00742000
SPY,2026-10-02,763.99,2026-10-08,P,743.0,0.64,0.65,0.68,325.0,105,0.14991084472656252,False,2026-10-01 19:59:59+00:00,SPY261008P00743000
SPY,2026-10-02,763.99,2026-10-08,P,745.0,0.77,0.79,0.79,1058.0,494,0.14649291015625,False,2026-10-01 20:14:34+00:00,SPY261008P00745000
SPY,2026-10-02,763.99,2026-10-08,P,746.0,0.86,0.87,0.9,5123.0,72,0.14478394287109375,False,2026-10-01 20:06:15+00:00,SPY261008P00746000
SPY,2026-10-02,763.99,2026-10-08,P,747.0,0.94,0.96,0.98,448.0,207,0.1431970446777344,False,2026-10-01 20:13:44+00:00,SPY261008P00747000
SPY,2026-10-02,763.99,2026-10-08,P,748.0,1.04,1.06,1.11,1533.0,530,0.141610146484375,False,2026-10-01 20:00:36+00:00,SPY261008P00748000
SPY,2026-10-02,763.99,2026-10-08,P,749.0,1.15,1.17,1.13,445.0,418,0.1399622137451172,False,2026-10-01 19:53:37+00:00,SPY261008P00749000
SPY,2026-10-02,763.99,2026-10-08,P,750.0,1.27,1.29,1.31,958.0,876,0.13831428100585938,False,2026-10-01 20:07:03+00:00,SPY261008P00750000
SPY,2026-10-02,763.99,2026-10-08,P,751.0,1.4,1.42,1.51,665.0,488,0.13654427917480472,False,2026-10-01 20:04:36+00:00,SPY261008P00751000
SPY,2026-10-02,763.99,2026-10-08,P,752.0,1.54,1.56,1.62,465.0,423,0.13471324279785157,False,2026-10-01 20:01:47+00:00,SPY261008P00752000
SPY,2026-10-02,763.99,2026-10-08,P,753.0,1.7,1.72,1.77,828.0,415,0.13306531005859373,False,2026-10-01 20:02:08+00:00,SPY261008P00753000
SPY,2026-10-02,763.99,2026-10-08,P,754.0,1.87,1.89,2.08,624.0,112,0.13123427368164062,False,2026-10-01 19:59:48+00:00,SPY261008P00754000
SPY,2026-10-02,763.99,2026-10-08,P,755.0,2.05,2.08,2.14,1372.0,832,0.12946427185058595,False,2026-10-01 20:12:28+00:00,SPY261008P00755000
SPY,2026-10-02,763.99,2026-10-08,P,756.0,2.26,2.28,2.36,781.0,177,0.12751116638183596,False,2026-10-01 20:01:48+00:00,SPY261008P00756000
SPY,2026-10-02,763.99,2026-10-08,P,757.0,2.48,2.51,2.57,587.0,285,0.1258021990966797,False,2026-10-01 20:06:15+00:00,SPY261008P00757000
SPY,2026-10-02,763.99,2026-10-08,P,758.0,2.72,2.75,2.71,767.0,218,0.12384909362792969,False,2026-10-01 20:14:50+00:00,SPY261008P00758000
SPY,2026-10-02,763.99,2026-10-08,P,759.0,2.98,3.01,3.06,640.0,175,0.12177391906738282,False,2026-10-01 20:09:33+00:00,SPY261008P00759000
SPY,2026-10-02,763.99,2026-10-08,P,760.0,3.26,3.29,3.42,1784.0,948,0.11963770996093749,False,2026-10-01 20:05:10+00:00,SPY261008P00760000
SPY,2026-10-02,763.99,2026-10-08,P,761.0,3.57,3.6,3.75,951.0,182,0.11756253540039063,False,2026-10-01 20:03:45+00:00,SPY261008P00761000
SPY,2026-10-02,763.99,2026-10-08,P,762.0,3.9,3.94,3.88,1528.0,93,0.1155483953857422,False,2026-10-01 20:14:50+00:00,SPY261008P00762000
SPY,2026-10-02,763.99,2026-10-08,P,763.0,4.26,4.3,4.37,1204.0,308,0.1132901171875,False,2026-10-01 20:06:20+00:00,SPY261008P00763000
SPY,2026-10-02,763.99,2026-10-08,P,764.0,4.65,4.68,5.1,1765.0,718,0.11078770080566405,True,2026-10-01 19:59:27+00:00,SPY261008P00764000
SPY,2026-10-02,763.99,2026-10-08,P,765.0,5.07,5.1,5.35,3101.0,1130,0.108407353515625,True,2026-10-01 20:04:39+00:00,SPY261008P00765000
SPY,2026-10-02,763.99,2026-10-08,P,766.0,5.52,5.56,5.66,676.0,164,0.10608804077148437,True,2026-10-01 20:13:02+00:00,SPY261008P00766000
SPY,2026-10-02,763.99,2026-10-08,P,767.0,5.95,6.17,5.89,538.0,271,0.10657631713867188,True,2026-10-01 19:54:04+00:00,SPY261008P00767000
SPY,2026-10-02,763.99,2026-10-08,P,768.0,6.4,6.7,6.77,105.0,299,0.10419596984863279,True,2026-10-01 20:00:12+00:00,SPY261008P00768000
SPY,2026-10-02,763.99,2026-10-08,P,769.0,6.92,7.28,7.11,41.0,160,0.10205976074218749,True,2026-10-01 19:54:57+00:00,SPY261008P00769000
SPY,2026-10-02,763.99,2026-10-08,P,770.0,7.52,7.89,7.99,70.0,158,0.09967941345214844,True,2026-10-01 19:50:00+00:00,SPY261008P00770000
SPY,2026-10-02,763.99,2026-10-08,P,771.0,8.12,8.56,8.3,18.0,82,0.09778734252929688,True,2026-10-01 19:13:38+00:00,SPY261008P00771000
SPY,2026-10-02,763.99,2026-10-08,P,772.0,8.79,9.26,9.03,21.0,35,0.09565113342285157,True,2026-10-01 19:05:34+00:00,SPY261008P00772000
SPY,2026-10-02,763.99,2026-10-08,P,773.0,9.48,10.0,10.22,95.0,120,0.0935759588623047,True,2026-10-01 18:30:29+00:00,SPY261008P00773000
SPY,2026-10-02,763.99,2026-10-08,P,774.0,10.2,10.79,10.4,48.0,37,0.09192802612304687,True,2026-10-01 17:00:33+00:00,SPY261008P00774000
SPY,2026-10-02,763.99,2026-10-08,P,775.0,10.96,11.62,11.05,88.0,129,0.09058526611328124,True,2026-10-01 19:18:55+00:00,SPY261008P00775000
SPY,2026-10-02,763.99,2026-10-08,P,776.0,11.72,12.47,11.28,30.0,16,0.08881526428222657,True,2026-10-01 19:50:40+00:00,SPY261008P00776000
SPY,2026-10-02,763.99,2026-10-08,P,778.0,12.88,14.77,15.33,4.0,9,0.11432770446777345,True,2026-10-01 13:58:40+00:00,SPY261008P00778000
SPY,2026-10-02,763.99,2026-10-08,P,779.0,13.76,15.66,14.5,22.0,26,0.11463287719726564,True,2026-10-01 20:14:36+00:00,SPY261008P00779000
SPY,2026-10-02,763.99,2026-10-08,P,780.0,14.72,16.58,15.25,54.0,46,0.1157314990234375,True,2026-10-01 19:46:36+00:00,SPY261008P00780000
SPY,2026-10-02,763.99,2026-10-08,P,781.0,15.67,17.57,19.16,18.0,6,0.12037012451171875,True,2026-10-01 16:39:18+00:00,SPY261008P00781000
SPY,2026-10-02,763.99,2026-10-08,P,782.0,16.66,18.57,18.38,10.0,1,0.12549702636718751,True,2026-10-01 17:22:41+00:00,SPY261008P00782000
SPY,2026-10-02,763.99,2026-10-08,P,784.0,18.69,20.57,21.05,12.0,0,0.13562876098632815,True,2026-10-01 17:22:12+00:00,SPY261008P00784000
SPY,2026-10-02,763.99,2026-10-09,C,500.0,263.84,266.62,268.67,20.0,16,1.4575222436523436,True,2026-09-30 15:27:02+00:00,SPY261009C00500000
SPY,2026-10-02,763.99,2026-10-09,C,505.0,258.85,261.52,263.78,4.0,1,1.4191923571777343,True,2026-09-25 14:38:16+00:00,SPY261009C00505000
SPY,2026-10-02,763.99,2026-10-09,C,520.0,243.87,246.65,248.11,,0,1.3447298388671873,True,2026-09-08 18:28:49+00:00,SPY261009C00520000
SPY,2026-10-02,763.99,2026-10-09,C,530.0,233.89,236.63,245.0,,2,1.2866246606445313,True,2026-09-22 14:26:51+00:00,SPY261009C00530000
SPY,2026-10-02,763.99,2026-10-09,C,535.0,228.9,231.56,239.75,,3,1.2531775622558592,True,2026-09-22 14:29:47+00:00,SPY261009C00535000
SPY,2026-10-02,763.99,2026-10-09,C,540.0,223.9,226.68,234.69,2.0,2,1.2346229675292966,True,2026-09-22 14:36:29+00:00,SPY261009C00540000
SPY,2026-10-02,763.99,2026-10-09,C,545.0,218.91,221.65,216.91,,0,1.2045938208007811,True,2026-09-17 15:37:01+00:00,SPY261009C00545000
SPY,2026-10-02,763.99,2026-10-09,C,550.0,213.9,216.7,218.54,48.0,7,1.1796916015624999,True,2026-09-25 14:35:29+00:00,SPY261009C00550000
SPY,2026-10-02,763.99,2026-10-09,C,555.0,208.91,211.7,210.04,1.0,0,1.1525921276855469,True,2026-09-11 19:58:33+00:00,SPY261009C00555000
SPY,2026-10-02,763.99,2026-10-09,C,560.0,203.93,206.71,200.66,2.0,0,1.126957490234375,True,2026-10-01 16:11:41+00:00,SPY261009C00560000
SPY,2026-10-02,763.99,2026-10-09,C,565.0,198.94,201.68,197.19,,0,1.098149040527344,True,2026-09-01 18:29:13+00:00,SPY261009C00565000
SPY,2026-10-02,763.99,2026-10-09,C,570.0,193.94,196.72,189.18,,0,1.0734909606933596,True,2026-09-16 14:22:36+00:00,SPY261009C00570000
SPY,2026-10-02,763.99,2026-10-09,C,575.0,188.95,191.71,193.63,2.0,2,1.0461473474121097,True,2026-09-08 13:58:19+00:00,SPY261009C00575000
SPY,2026-10-02,763.99,2026-10-09,C,580.0,183.96,186.7,177.78,2.0,0,1.0190478735351562,True,2026-09-15 14:22:47+00:00,SPY261009C00580000
SPY,2026-10-02,763.99,2026-10-09,C,585.0,178.97,181.72,181.86,2.0,1,0.9941406835937501,True,2026-09-28 19:13:47+00:00,SPY261009C00585000
SPY,2026-10-02,763.99,2026-10-09,C,590.0,173.97,176.72,176.87,2.0,1,0.9672854833984376,True,2026-09-28 19:13:47+00:00,SPY261009C00590000
SPY,2026-10-02,763.99,2026-10-09,C,595.0,169.03,171.46,171.89,2.0,288,0.92773509765625,True,2026-09-28 19:13:46+00:00,SPY261009C00595000
SPY,2026-10-02,763.99,2026-10-09,C,600.0,163.98,166.77,161.78,7.0,80,0.9177254321289063,True,2026-10-01 16:12:06+00:00,SPY261009C00600000
SPY,2026-10-02,763.99,2026-10-09,C,605.0,159.04,161.47,162.05,18.0,365,0.8764660791015625,True,2026-09-28 19:12:00+00:00,SPY261009C00605000
SPY,2026-10-02,763.99,2026-10-09,C,610.0,154.01,156.76,156.91,2.0,23,0.8659681372070311,True,2026-09-28 19:13:47+00:00,SPY261009C00610000
SPY,2026-10-02,763.99,2026-10-09,C,615.0,149.05,150.7,146.42,2.0,254,0.7741721801757813,True,2026-10-01 16:12:41+00:00,SPY261009C00615000
SPY,2026-10-02,763.99,2026-10-09,C,620.0,144.02,146.79,147.21,1.0,11,0.8157977404785155,True,2026-09-24 14:41:07+00:00,SPY261009C00620000
SPY,2026-10-02,763.99,2026-10-09,C,625.0,139.03,141.81,141.95,2.0,24,0.7912618530273439,True,2026-09-28 19:13:48+00:00,SPY261009C00625000
SPY,2026-10-02,763.99,2026-10-09,C,630.0,134.04,136.8,135.04,1.0,4,0.7653832055664063,True,2026-10-01 18:48:51+00:00,SPY261009C00630000
SPY,2026-10-02,763.99,2026-10-09,C,635.0,129.05,131.83,131.97,2.0,32,0.7414576635742187,True,2026-09-28 19:13:47+00:00,SPY261009C00635000
SPY,2026-10-02,763.99,2026-10-09,C,640.0,124.04,126.77,126.99,2.0,47,0.711916943359375,True,2026-09-28 19:13:47+00:00,SPY261009C00640000
SPY,2026-10-02,763.99,2026-10-09,C,645.0,119.06,121.84,122.0,2.0,3,0.6906769213867189,True,2026-09-28 19:13:47+00:00,SPY261009C00645000
SPY,2026-10-02,763.99,2026-10-09,C,650.0,114.12,116.55,117.04,20.0,302,0.6539341247558594,True,2026-09-28 19:13:46+00:00,SPY261009C00650000
SPY,2026-10-02,763.99,2026-10-09,C,655.0,109.09,111.86,110.74,2.0,4,0.6413610083007812,True,2026-09-30 19:28:34+00:00,SPY261009C00655000
SPY,2026-10-02,763.99,2026-10-09,C,660.0,104.09,106.83,104.29,2.0,66,0.614261669921875,True,2026-10-01 13:47:37+00:00,SPY261009C00660000
SPY,2026-10-02,763.99,2026-10-09,C,665.0,99.1,101.89,100.34,3.0,7,0.5915568188476563,True,2026-10-01 19:44:08+00:00,SPY261009C00665000
SPY,2026-10-02,763.99,2026-10-09,C,670.0,94.12,96.9,94.51,2.0,25,0.5670209313964845,True,2026-10-01 13:46:36+00:00,SPY261009C00670000
SPY,2026-10-02,763.99,2026-10-09,C,675.0,89.18,91.49,86.83,4.0,102,0.5272264074707032,True,2026-10-01 16:59:51+00:00,SPY261009C00675000
SPY,2026-10-02,763.99,2026-10-09,C,680.0,84.19,85.92,82.14,3.0,1259,0.5445602185058593,True,2026-10-01 17:02:02+00:00,SPY261009C00680000
SPY,2026-10-02,763.99,2026-10-09,C,685.0,79.14,81.87,78.82,4.0,11,0.5732464550781251,True,2026-10-01 17:20:34+00:00,SPY261009C00685000
SPY,2026-10-02,763.99,2026-10-09,C,690.0,74.22,76.95,73.9,4.0,14,0.5487716021728517,True,2026-10-01 17:20:47+00:00,SPY261009C00690000
SPY,2026-10-02,763.99,2026-10-09,C,695.0,69.23,70.99,66.95,58.0,1117,0.4682670361328125,True,2026-10-01 16:05:28+00:00,SPY261009C00695000
SPY,2026-10-02,763.99,2026-10-09,C,700.0,64.25,66.59,61.82,12.0,567,0.4732718688964844,True,2026-10-01 16:05:46+00:00,SPY261009C00700000
SPY,2026-10-02,763.99,2026-10-09,C,705.0,59.22,61.94,60.33,1.0,80,0.46130909790039065,True,2026-10-01 18:48:51+00:00,SPY261009C00705000
SPY,2026-10-02,763.99,2026-10-09,C,710.0,54.24,57.0,54.05,7.0,27,0.43469803588867195,True,2026-10-01 18:04:55+00:00,SPY261009C00710000
SPY,2026-10-02,763.99,2026-10-09,C,715.0,49.26,52.05,49.2,13.0,17,0.4071104211425781,True,2026-09-17 20:10:36+00:00,SPY261009C00715000
SPY,2026-10-02,763.99,2026-10-09,C,720.0,44.3,47.04,48.1,1.0,25,0.3767152172851562,True,2026-09-30 17:41:17+00:00,SPY261009C00720000
SPY,2026-10-02,763.99,2026-10-09,C,721.0,43.31,46.09,41.22,19.0,12,0.372625902709961,True,2026-10-01 16:06:12+00:00,SPY261009C00721000
SPY,2026-10-02,763.99,2026-10-09,C,722.0,42.32,45.05,35.91,,59,0.36499658447265626,True,2026-09-16 20:03:12+00:00,SPY261009C00722000
SPY,2026-10-02,763.99,2026-10-09,C,723.0,41.33,44.11,45.07,6.0,13,0.36121244262695307,True,2026-09-24 14:42:47+00:00,SPY261009C00723000
SPY,2026-10-02,763.99,2026-10-09,C,724.0,40.37,43.11,40.84,4.0,8,0.35510898803710933,True,2026-10-01 13:42:43+00:00,SPY261009C00724000
SPY,2026-10-02,763.99,2026-10-09,C,725.0,39.41,41.85,36.14,16.0,224,0.3389348333740234,True,2026-10-01 15:16:43+00:00,SPY261009C00725000
SPY,2026-10-02,763.99,2026-10-09,C,726.0,38.37,41.15,38.76,3.0,41,0.34430587341308594,True,2026-10-01 17:30:02+00:00,SPY261009C00726000
SPY,2026-10-02,763.99,2026-10-09,C,727.0,37.39,40.07,41.98,1.0,44,0.33515069152832033,True,2026-09-30 14:38:36+00:00,SPY261009C00727000
SPY,2026-10-02,763.99,2026-10-09,C,728.0,36.45,38.17,33.5,7.0,487,0.29358616577148433,True,2026-10-01 15:49:52+00:00,SPY261009C00728000
SPY,2026-10-02,763.99,2026-10-09,C,729.0,35.43,38.21,34.95,30.0,93,0.3278875805664062,True,2026-10-01 17:19:26+00:00,SPY261009C00729000
SPY,2026-10-02,763.99,2026-10-09,C,730.0,34.49,36.14,34.32,74.0,334,0.28064684204101553,True,2026-10-01 18:12:16+00:00,SPY261009C00730000
SPY,2026-10-02,763.99,2026-10-09,C,731.0,33.47,36.09,31.35,4.0,5,0.31098101135253897,True,2026-10-01 15:24:21+00:00,SPY261009C00731000
SPY,2026-10-02,763.99,2026-10-09,C,732.0,32.49,35.23,30.03,2.0,33,0.30963825134277345,True,2026-10-01 15:40:51+00:00,SPY261009C00732000
SPY,2026-10-02,763.99,2026-10-09,C,733.0,31.52,34.26,28.9,10.0,34,0.3043282458496094,True,2026-10-01 15:41:14+00:00,SPY261009C00733000
SPY,2026-10-02,763.99,2026-10-09,C,734.0,30.59,32.94,28.75,13.0,165,0.2868113311767577,True,2026-10-01 15:28:11+00:00,SPY261009C00734000
SPY,2026-10-02,763.99,2026-10-09,C,735.0,29.63,31.98,29.94,17.0,1165,0.2819285675048828,True,2026-10-01 18:20:14+00:00,SPY261009C00735000
SPY,2026-10-02,763.99,2026-10-09,C,736.0,28.66,30.32,28.94,9.0,332,0.25202164001464844,True,2026-10-01 17:30:02+00:00,SPY261009C00736000
SPY,2026-10-02,763.99,2026-10-09,C,737.0,27.66,30.29,25.38,14.0,14,0.2795482202148437,True,2026-10-01 16:57:29+00:00,SPY261009C00737000
SPY,2026-10-02,763.99,2026-10-09,C,738.0,26.7,29.47,25.83,9.0,47,0.2788158056640625,True,2026-10-01 17:18:20+00:00,SPY261009C00738000
SPY,2026-10-02,763.99,2026-10-09,C,739.0,25.79,28.15,22.81,8.0,120,0.2618482019042969,True,2026-10-01 15:51:21+00:00,SPY261009C00739000
SPY,2026-10-02,763.99,2026-10-09,C,740.0,24.85,27.22,26.16,32.0,1038,0.25757578369140627,True,2026-10-01 19:21:18+00:00,SPY261009C00740000
SPY,2026-10-02,763.99,2026-10-09,C,741.0,23.87,26.63,22.38,45.0,94,0.26367923828125,True,2026-10-01 16:52:17+00:00,SPY261009C00741000
SPY,2026-10-02,763.99,2026-10-09,C,742.0,22.93,25.65,23.83,25.0,72,0.2574537145996094,True,2026-10-01 19:54:42+00:00,SPY261009C00742000
SPY,2026-10-02,763.99,2026-10-09,C,743.0,22.48,23.57,22.97,11.0,33,0.21692677612304687,True,2026-10-01 17:31:32+00:00,SPY261009C00743000
SPY,2026-10-02,763.99,2026-10-09,C,744.0,21.67,22.66,22.2,36.0,64,0.21332573791503906,True,2026-10-01 17:32:27+00:00,SPY261009C00744000
SPY,2026-10-02,763.99,2026-10-09,C,745.0,20.8,21.75,21.38,153.0,1700,0.20960263061523435,True,2026-10-01 19:38:11+00:00,SPY261009C00745000
SPY,2026-10-02,763.99,2026-10-09,C,746.0,19.93,20.84,20.68,136.0,34,0.20569641967773436,True,2026-10-01 19:54:26+00:00,SPY261009C00746000
SPY,2026-10-02,763.99,2026-10-09,C,747.0,19.07,19.94,19.71,18.0,297,0.2018512432861328,True,2026-10-01 17:33:36+00:00,SPY261009C00747000
SPY,2026-10-02,763.99,2026-10-09,C,748.0,18.19,19.05,18.94,25.0,322,0.19818917053222657,True,2026-10-01 16:02:36+00:00,SPY261009C00748000
SPY,2026-10-02,763.99,2026-10-09,C,749.0,17.35,18.17,17.89,21.0,66,0.19458813232421873,True,2026-10-01 19:21:18+00:00,SPY261009C00749000
SPY,2026-10-02,763.99,2026-10-09,C,750.0,16.95,17.29,17.1,225.0,653,0.19080399047851562,True,2026-10-01 20:14:55+00:00,SPY261009C00750000
SPY,2026-10-02,763.99,2026-10-09,C,751.0,15.71,16.41,15.95,50.0,36,0.18677571044921876,True,2026-10-01 19:27:48+00:00,SPY261009C00751000
SPY,2026-10-02,763.99,2026-10-09,C,752.0,14.9,15.58,15.15,520.0,333,0.1839070867919922,True,2026-10-01 18:33:50+00:00,SPY261009C00752000
SPY,2026-10-02,763.99,2026-10-09,C,753.0,14.11,14.74,13.65,279.0,61,0.18042811767578126,True,2026-10-01 17:59:05+00:00,SPY261009C00753000
SPY,2026-10-02,763.99,2026-10-09,C,754.0,13.7,13.9,14.33,354.0,171,0.17670501037597658,True,2026-10-01 19:52:50+00:00,SPY261009C00754000
SPY,2026-10-02,763.99,2026-10-09,C,755.0,12.58,13.13,13.06,711.0,514,0.1744772494506836,True,2026-10-01 19:41:34+00:00,SPY261009C00755000
SPY,2026-10-02,763.99,2026-10-09,C,756.0,11.83,12.31,11.92,380.0,458,0.1706625903320313,True,2026-10-01 19:27:18+00:00,SPY261009C00756000
SPY,2026-10-02,763.99,2026-10-09,C,757.0,11.09,11.52,11.44,839.0,626,0.16724465576171876,True,2026-10-01 19:41:35+00:00,SPY261009C00757000
SPY,2026-10-02,763.99,2026-10-09,C,758.0,10.36,10.77,10.7,1163.0,1387,0.16443706665039062,True,2026-10-01 19:45:50+00:00,SPY261009C00758000
SPY,2026-10-02,763.99,2026-10-09,C,759.0,9.65,10.03,9.66,932.0,768,0.1615074084472656,True,2026-10-01 19:27:18+00:00,SPY261009C00759000
SPY,2026-10-02,763.99,2026-10-09,C,760.0,8.95,9.28,9.11,6247.0,1296,0.1579063702392578,True,2026-10-01 20:14:40+00:00,SPY261009C00760000
SPY,2026-10-02,763.99,2026-10-09,C,761.0,8.27,8.6,8.43,2655.0,918,0.15549550567626952,True,2026-10-01 20:14:40+00:00,SPY261009C00761000
SPY,2026-10-02,763.99,2026-10-09,C,762.0,7.61,7.96,7.68,2884.0,2532,0.15351188293457033,True,2026-10-01 20:11:51+00:00,SPY261009C00762000
SPY,2026-10-02,763.99,2026-10-09,C,763.0,7.08,7.26,7.0,2977.0,1421,0.14972774108886722,True,2026-10-01 20:11:55+00:00,SPY261009C00763000
SPY,2026-10-02,763.99,2026-10-09,C,764.0,6.54,6.58,6.57,5064.0,1901,0.1459130819702148,False,2026-10-01 20:14:41+00:00,SPY261009C00764000
SPY,2026-10-02,763.99,2026-10-09,C,765.0,5.95,5.98,5.96,15678.0,1826,0.14331911376953127,False,2026-10-01 20:13:49+00:00,SPY261009C00765000
SPY,2026-10-02,763.99,2026-10-09,C,766.0,5.39,5.41,5.41,2727.0,1885,0.14084721466064454,False,2026-10-01 20:14:37+00:00,SPY261009C00766000
SPY,2026-10-02,763.99,2026-10-09,C,767.0,4.85,4.88,4.72,6584.0,2991,0.13868048828125001,False,2026-10-01 20:07:32+00:00,SPY261009C00767000
SPY,2026-10-02,763.99,2026-10-09,C,768.0,4.35,4.37,4.34,2536.0,3256,0.13636117553710939,False,2026-10-01 20:14:34+00:00,SPY261009C00768000
SPY,2026-10-02,763.99,2026-10-09,C,769.0,3.88,3.9,3.82,1984.0,1991,0.13428600097656251,False,2026-10-01 20:07:16+00:00,SPY261009C00769000
SPY,2026-10-02,763.99,2026-10-09,C,770.0,3.43,3.45,3.41,12383.0,5872,0.1320277227783203,False,2026-10-01 20:14:29+00:00,SPY261009C00770000
SPY,2026-10-02,763.99,2026-10-09,C,771.0,3.03,3.04,3.02,4960.0,1324,0.13001358276367186,False,2026-10-01 20:14:58+00:00,SPY261009C00771000
SPY,2026-10-02,763.99,2026-10-09,C,772.0,2.65,2.67,2.62,2137.0,1895,0.1282740982055664,False,2026-10-01 20:13:36+00:00,SPY261009C00772000
SPY,2026-10-02,763.99,2026-10-09,C,773.0,2.3,2.32,2.21,1360.0,1460,0.1263209927368164,False,2026-10-01 20:12:41+00:00,SPY261009C00773000
SPY,2026-10-02,763.99,2026-10-09,C,774.0,1.99,2.01,1.95,1708.0,8236,0.12464254272460937,False,2026-10-01 20:13:28+00:00,SPY261009C00774000
SPY,2026-10-02,763.99,2026-10-09,C,775.0,1.71,1.72,1.71,7460.0,10266,0.12275047180175781,False,2026-10-01 20:14:47+00:00,SPY261009C00775000
SPY,2026-10-02,763.99,2026-10-09,C,776.0,1.45,1.47,1.38,2192.0,1543,0.1212856427001953,False,2026-10-01 20:12:53+00:00,SPY261009C00776000
SPY,2026-10-02,763.99,2026-10-09,C,777.0,1.23,1.25,1.24,2697.0,1255,0.11994288269042967,False,2026-10-01 20:14:51+00:00,SPY261009C00777000
SPY,2026-10-02,763.99,2026-10-09,C,778.0,1.03,1.05,0.99,2738.0,3547,0.11841701904296875,False,2026-10-01 20:09:18+00:00,SPY261009C00778000
SPY,2026-10-02,763.99,2026-10-09,C,779.0,0.86,0.88,0.83,1256.0,2000,0.117196328125,False,2026-10-01 20:06:22+00:00,SPY261009C00779000
SPY,2026-10-02,763.99,2026-10-09,C,780.0,0.71,0.73,0.72,29239.0,42038,0.11585356811523437,False,2026-10-01 20:14:37+00:00,SPY261009C00780000
SPY,2026-10-02,763.99,2026-10-09,C,781.0,0.59,0.61,0.6,921.0,1055,0.11512115356445313,False,2026-10-01 20:14:40+00:00,SPY261009C00781000
SPY,2026-10-02,763.99,2026-10-09,C,782.0,0.48,0.5,0.49,1250.0,1970,0.11402253173828125,False,2026-10-01 20:14:44+00:00,SPY261009C00782000
SPY,2026-10-02,763.99,2026-10-09,C,783.0,0.4,0.41,0.4,1946.0,6267,0.11316804809570313,False,2026-10-01 20:14:07+00:00,SPY261009C00783000
SPY,2026-10-02,763.99,2026-10-09,C,784.0,0.33,0.34,0.28,902.0,4110,0.1128018408203125,False,2026-10-01 19:59:54+00:00,SPY261009C00784000
SPY,2026-10-02,763.99,2026-10-09,C,785.0,0.26,0.28,0.27,3745.0,104682,0.11255770263671874,False,2026-10-01 20:14:18+00:00,SPY261009C00785000
SPY,2026-10-02,763.99,2026-10-09,C,786.0,0.21,0.23,0.23,1062.0,1908,0.11219149536132811,False,2026-10-01 19:53:04+00:00,SPY261009C00786000
SPY,2026-10-02,763.99,2026-10-09,C,787.0,0.17,0.19,0.17,869.0,1677,0.11206942626953123,False,2026-10-01 20:11:44+00:00,SPY261009C00787000
SPY,2026-10-02,763.99,2026-10-09,C,788.0,0.14,0.15,0.16,176.0,791,0.11133701171874999,False,2026-10-01 19:53:16+00:00,SPY261009C00788000
SPY,2026-10-02,763.99,2026-10-09,C,789.0,0.12,0.13,0.12,199.0,1070,0.11231356445312499,False,2026-10-01 20:13:47+00:00,SPY261009C00789000
SPY,2026-10-02,763.99,2026-10-09,C,790.0,0.1,0.11,0.1,955.0,9299,0.11304597900390626,False,2026-10-01 20:07:44+00:00,SPY261009C00790000
SPY,2026-10-02,763.99,2026-10-09,C,791.0,0.08,0.09,0.08,623.0,836,0.11304597900390626,False,2026-10-01 20:00:54+00:00,SPY261009C00791000
SPY,2026-10-02,763.99,2026-10-09,C,792.0,0.07,0.08,0.08,708.0,1025,0.11451080810546876,False,2026-10-01 19:51:07+00:00,SPY261009C00792000
SPY,2026-10-02,763.99,2026-10-09,C,793.0,0.06,0.07,0.07,373.0,6101,0.1157314990234375,False,2026-10-01 19:43:55+00:00,SPY261009C00793000
SPY,2026-10-02,763.99,2026-10-09,C,794.0,0.05,0.06,0.06,147.0,1583,0.1167080517578125,False,2026-10-01 19:14:36+00:00,SPY261009C00794000
SPY,2026-10-02,763.99,2026-10-09,C,795.0,0.05,0.06,0.04,310.0,2103,0.12012598632812499,False,2026-10-01 20:09:43+00:00,SPY261009C00795000
SPY,2026-10-02,763.99,2026-10-09,C,796.0,0.04,0.05,0.05,163.0,667,0.12012598632812499,False,2026-10-01 18:34:23+00:00,SPY261009C00796000
SPY,2026-10-02,763.99,2026-10-09,C,797.0,0.04,0.05,0.05,19.0,2483,0.1235439208984375,False,2026-10-01 19:37:42+00:00,SPY261009C00797000
SPY,2026-10-02,763.99,2026-10-09,C,798.0,0.03,0.04,0.05,16.0,577,0.12305564453125001,False,2026-10-01 19:53:33+00:00,SPY261009C00798000
SPY,2026-10-02,763.99,2026-10-09,C,799.0,0.03,0.04,0.04,614.0,5996,0.125985302734375,False,2026-10-01 18:38:57+00:00,SPY261009C00799000
SPY,2026-10-02,763.99,2026-10-09,C,800.0,0.03,0.04,0.04,2219.0,9017,0.1289149609375,False,2026-10-01 20:09:11+00:00,SPY261009C00800000
SPY,2026-10-02,763.99,2026-10-09,C,801.0,0.03,0.04,0.04,11.0,3202,0.13233289550781252,False,2026-10-01 14:42:32+00:00,SPY261009C00801000
SPY,2026-10-02,763.99,2026-10-09,C,802.0,0.03,0.04,0.04,19.0,1517,0.13575083007812502,False,2026-10-01 19:48:34+00:00,SPY261009C00802000
SPY,2026-10-02,763.99,2026-10-09,C,803.0,0.02,0.03,0.03,4065.0,710,0.133797724609375,False,2026-10-01 18:32:49+00:00,SPY261009C00803000
SPY,2026-10-02,763.99,2026-10-09,C,804.0,0.02,0.03,0.03,4464.0,292,0.13672738281250002,False,2026-10-01 18:38:57+00:00,SPY261009C00804000
SPY,2026-10-02,763.99,2026-10-09,C,805.0,0.02,0.03,0.03,28.0,1205,0.139657041015625,False,2026-10-01 14:40:41+00:00,SPY261009C00805000
SPY,2026-10-02,763.99,2026-10-09,C,806.0,0.02,0.03,0.03,6.0,3104,0.14258669921875,False,2026-10-01 19:13:04+00:00,SPY261009C00806000
SPY,2026-10-02,763.99,2026-10-09,C,807.0,0.02,0.03,0.02,4.0,423,0.145516357421875,False,2026-10-01 17:59:06+00:00,SPY261009C00807000
SPY,2026-10-02,763.99,2026-10-09,C,808.0,0.02,0.03,0.02,8.0,482,0.148446015625,False,2026-10-01 14:43:46+00:00,SPY261009C00808000
SPY,2026-10-02,763.99,2026-10-09,C,809.0,0.02,0.03,0.02,2.0,189,0.15137567382812503,False,2026-10-01 18:33:50+00:00,SPY261009C00809000
SPY,2026-10-02,763.99,2026-10-09,C,810.0,0.02,0.03,0.02,15.0,757,0.15430533203125002,False,2026-10-01 19:57:56+00:00,SPY261009C00810000
SPY,2026-10-02,763.99,2026-10-09,C,811.0,0.02,0.03,0.05,4.0,294,0.157234990234375,False,2026-09-30 13:47:49+00:00,SPY261009C00811000
SPY,2026-10-02,763.99,2026-10-09,C,812.0,0.02,0.03,0.04,51.0,791,0.1601646484375,False,2026-09-30 19:13:12+00:00,SPY261009C00812000
SPY,2026-10-02,763.99,2026-10-09,C,813.0,0.02,0.03,0.04,1.0,133,0.16309430664062502,False,2026-09-28 19:43:51+00:00,SPY261009C00813000
SPY,2026-10-02,763.99,2026-10-09,C,814.0,0.02,0.03,0.02,8319.0,1266,0.16602396484375004,False,2026-10-01 20:10:18+00:00,SPY261009C00814000
SPY,2026-10-02,763.99,2026-10-09,C,815.0,0.02,0.03,0.02,8684.0,751,0.16895362304687503,False,2026-10-01 20:07:45+00:00,SPY261009C00815000
SPY,2026-10-02,763.99,2026-10-09,C,816.0,0.01,0.02,0.02,237.0,847,0.16407085937500002,False,2026-09-30 19:55:28+00:00,SPY261009C00816000
SPY,2026-10-02,763.99,2026-10-09,C,817.0,0.01,0.02,0.02,127.0,207,0.16797707031250003,False,2026-10-01 18:58:24+00:00,SPY261009C00817000
SPY,2026-10-02,763.99,2026-10-09,C,818.0,0.01,0.02,0.02,2299.0,100,0.16993017578125003,False,2026-10-01 19:51:23+00:00,SPY261009C00818000
SPY,2026-10-02,763.99,2026-10-09,C,819.0,0.01,0.02,0.03,1769.0,36,0.17188328125000002,False,2026-10-01 19:29:58+00:00,SPY261009C00819000
SPY,2026-10-02,763.99,2026-10-09,C,820.0,0.01,0.02,0.02,8.0,736,0.1757894921875,False,2026-10-01 20:14:58+00:00,SPY261009C00820000
SPY,2026-10-02,763.99,2026-10-09,C,821.0,0.01,0.02,0.02,1526.0,533,0.17774259765625,False,2026-10-01 18:32:09+00:00,SPY261009C00821000
SPY,2026-10-02,763.99,2026-10-09,C,822.0,0.01,0.02,0.01,1.0,972,0.180672255859375,False,2026-10-01 17:57:58+00:00,SPY261009C00822000
SPY,2026-10-02,763.99,2026-10-09,C,823.0,0.01,0.02,0.02,1.0,8256,0.18360191406249998,False,2026-10-01 18:00:36+00:00,SPY261009C00823000
SPY,2026-10-02,763.99,2026-10-09,C,824.0,0.01,0.02,0.03,7830.0,7968,0.18555501953124998,False,2026-09-30 19:12:26+00:00,SPY261009C00824000
SPY,2026-10-02,763.99,2026-10-09,C,825.0,0.01,0.02,0.02,13.0,374,0.18946123046875002,False,2026-10-01 18:01:21+00:00,SPY261009C00825000
SPY,2026-10-02,763.99,2026-10-09,C,830.0,0.01,0.02,0.04,6.0,254,0.20117986328124998,False,2026-09-30 16:04:49+00:00,SPY261009C00830000
SPY,2026-10-02,763.99,2026-10-09,C,835.0,0.01,0.02,0.02,12.0,320,0.2148516015625,False,2026-09-30 19:55:12+00:00,SPY261009C00835000
SPY,2026-10-02,763.99,2026-10-09,C,840.0,0.01,0.02,0.02,495.0,766,0.22852333984375,False,2026-09-30 19:13:02+00:00,SPY261009C00840000
SPY,2026-10-02,763.99,2026-10-09,C,845.0,0.01,0.02,0.02,641.0,1042,0.24024197265624997,False,2026-09-30 19:13:01+00:00,SPY261009C00845000
SPY,2026-10-02,763.99,2026-10-09,C,850.0,0.01,0.02,0.02,200.0,356,0.25391371093750004,False,2026-09-29 17:10:57+00:00,SPY261009C00850000
SPY,2026-10-02,763.99,2026-10-09,C,855.0,0.01,0.02,0.01,7.0,70,0.26563234375,False,2026-10-01 18:32:15+00:00,SPY261009C00855000
SPY,2026-10-02,763.99,2026-10-09,C,860.0,0.0,0.01,0.01,3336.0,35,0.2617261328125,False,2026-10-01 20:10:18+00:00,SPY261009C00860000
SPY,2026-10-02,763.99,2026-10-09,C,865.0,0.0,0.01,0.01,641.0,98,0.273444765625,False,2026-10-01 17:57:27+00:00,SPY261009C00865000
SPY,2026-10-02,763.99,2026-10-09,C,870.0,0.0,0.01,0.01,820.0,104,0.28516339843749994,False,2026-10-01 17:09:17+00:00,SPY261009C00870000
SPY,2026-10-02,763.99,2026-10-09,C,875.0,0.0,0.01,0.01,961.0,1,0.29688203124999996,False,2026-10-01 17:03:40+00:00,SPY261009C00875000
SPY,2026-10-02,763.99,2026-10-09,C,880.0,0.0,0.01,0.01,5.0,8,0.3086006640625,False,2026-10-01 13:30:03+00:00,SPY261009C00880000
SPY,2026-10-02,763.99,2026-10-09,C,890.0,0.0,0.01,0.02,1.0,3,0.32813171874999997,False,2026-09-30 15:37:30+00:00,SPY261009C00890000
SPY,2026-10-02,763.99,2026-10-09,C,895.0,0.0,0.01,0.02,,13,0.3437565625,False,2026-09-22 14:13:48+00:00,SPY261009C00895000
SPY,2026-10-02,763.99,2026-10-09,C,900.0,0.0,0.01,0.01,1.0,1003,0.35156898437499995,False,2026-09-28 13:56:40+00:00,SPY261009C00900000
SPY,2026-10-02,763.99,2026-10-09,C,930.0,0.0,0.01,0.01,,1,0.414068359375,False,2026-09-09 14:26:41+00:00,SPY261009C00930000
SPY,2026-10-02,763.99,2026-10-09,P,500.0,0.0,0.01,0.01,12.0,633,0.8281267187499999,False,2026-09-30 19:51:38+00:00,SPY261009P00500000
SPY,2026-10-02,763.99,2026-10-09,P,505.0,0.0,0.01,0.01,10.0,332,0.8125018749999999,False,2026-09-25 20:08:57+00:00,SPY261009P00505000
SPY,2026-10-02,763.99,2026-10-09,P,510.0,0.0,0.01,0.01,230.0,781,0.7812521875,False,2026-09-29 20:09:58+00:00,SPY261009P00510000
SPY,2026-10-02,763.99,2026-10-09,P,515.0,0.0,0.01,0.01,24.0,244,0.7656273437500001,False,2026-09-30 13:30:01+00:00,SPY261009P00515000
SPY,2026-10-02,763.99,2026-10-09,P,520.0,0.0,0.01,0.04,26.0,66,0.7500025,False,2026-09-18 15:03:40+00:00,SPY261009P00520000
SPY,2026-10-02,763.99,2026-10-09,P,525.0,0.0,0.01,0.03,1.0,181,0.73437765625,False,2026-09-21 14:22:17+00:00,SPY261009P00525000
SPY,2026-10-02,763.99,2026-10-09,P,530.0,0.0,0.01,0.02,2.0,253,0.7187528125,False,2026-09-25 15:22:35+00:00,SPY261009P00530000
SPY,2026-10-02,763.99,2026-10-09,P,535.0,0.0,0.01,0.01,100.0,359,0.70312796875,False,2026-09-30 15:57:16+00:00,SPY261009P00535000
SPY,2026-10-02,763.99,2026-10-09,P,540.0,0.0,0.01,0.01,30.0,315,0.6875031250000001,False,2026-10-01 19:03:43+00:00,SPY261009P00540000
SPY,2026-10-02,763.99,2026-10-09,P,545.0,0.0,0.01,0.01,90.0,440,0.6562534375000001,False,2026-10-01 20:14:15+00:00,SPY261009P00545000
SPY,2026-10-02,763.99,2026-10-09,P,550.0,0.0,0.01,0.01,224.0,81,0.6562534375000001,False,2026-10-01 20:04:21+00:00,SPY261009P00550000
SPY,2026-10-02,763.99,2026-10-09,P,555.0,0.01,0.02,0.01,560.0,421,0.6875031250000001,False,2026-10-01 17:13:07+00:00,SPY261009P00555000
SPY,2026-10-02,763.99,2026-10-09,P,560.0,0.01,0.02,0.01,2.0,565,0.6718782812500002,False,2026-09-29 14:16:27+00:00,SPY261009P00560000
SPY,2026-10-02,763.99,2026-10-09,P,565.0,0.01,0.02,0.03,625.0,700,0.648441015625,False,2026-09-25 19:17:18+00:00,SPY261009P00565000
SPY,2026-10-02,763.99,2026-10-09,P,570.0,0.01,0.02,0.02,4.0,196,0.632816171875,False,2026-09-30 18:41:11+00:00,SPY261009P00570000
SPY,2026-10-02,763.99,2026-10-09,P,575.0,0.01,0.02,0.01,1245.0,208,0.6171913281250001,False,2026-10-01 19:56:43+00:00,SPY261009P00575000
SPY,2026-10-02,763.99,2026-10-09,P,580.0,0.01,0.02,0.01,4.0,1825,0.5976602734375001,False,2026-09-30 19:55:12+00:00,SPY261009P00580000
SPY,2026-10-02,763.99,2026-10-09,P,585.0,0.01,0.02,0.01,1840.0,78,0.57812921875,False,2026-10-01 18:07:26+00:00,SPY261009P00585000
SPY,2026-10-02,763.99,2026-10-09,P,590.0,0.01,0.02,0.01,484.0,276,0.5625043750000001,False,2026-10-01 18:13:21+00:00,SPY261009P00590000
SPY,2026-10-02,763.99,2026-10-09,P,595.0,0.01,0.02,0.02,260.0,181,0.5468795312500001,False,2026-10-01 18:53:05+00:00,SPY261009P00595000
SPY,2026-10-02,763.99,2026-10-09,P,600.0,0.01,0.02,0.02,2045.0,214,0.5312546875,False,2026-10-01 20:11:26+00:00,SPY261009P00600000
SPY,2026-10-02,763.99,2026-10-09,P,605.0,0.01,0.02,0.02,400.0,328,0.5117236328125,False,2026-10-01 18:13:28+00:00,SPY261009P00605000
SPY,2026-10-02,763.99,2026-10-09,P,610.0,0.02,0.03,0.03,244.0,570,0.5195360546875,False,2026-10-01 18:14:10+00:00,SPY261009P00610000
SPY,2026-10-02,763.99,2026-10-09,P,615.0,0.02,0.03,0.02,42.0,371,0.500005,False,2026-10-01 16:29:23+00:00,SPY261009P00615000
SPY,2026-10-02,763.99,2026-10-09,P,620.0,0.02,0.03,0.03,105.0,223,0.49219257812500006,False,2026-10-01 18:29:11+00:00,SPY261009P00620000
SPY,2026-10-02,763.99,2026-10-09,P,625.0,0.02,0.03,0.04,47.0,509,0.4726615234375,False,2026-10-01 18:07:00+00:00,SPY261009P00625000
SPY,2026-10-02,763.99,2026-10-09,P,630.0,0.02,0.03,0.03,262.0,870,0.45703667968750006,False,2026-10-01 19:20:27+00:00,SPY261009P00630000
SPY,2026-10-02,763.99,2026-10-09,P,635.0,0.03,0.04,0.04,2.0,262,0.45117736328125,False,2026-09-28 19:56:40+00:00,SPY261009P00635000
SPY,2026-10-02,763.99,2026-10-09,P,640.0,0.03,0.04,0.03,57.0,370,0.4335994140625,False,2026-10-01 18:52:52+00:00,SPY261009P00640000
SPY,2026-10-02,763.99,2026-10-09,P,645.0,0.03,0.04,0.05,9.0,414,0.41797457031249996,False,2026-09-30 15:25:49+00:00,SPY261009P00645000
SPY,2026-10-02,763.99,2026-10-09,P,650.0,0.03,0.04,0.04,313.0,654,0.40039662109375,False,2026-10-01 18:59:37+00:00,SPY261009P00650000
SPY,2026-10-02,763.99,2026-10-09,P,655.0,0.04,0.05,0.05,2.0,310,0.39063109375,False,2026-10-01 16:09:49+00:00,SPY261009P00655000
SPY,2026-10-02,763.99,2026-10-09,P,660.0,0.04,0.05,0.06,37.0,541,0.37402969726562496,False,2026-10-01 20:09:37+00:00,SPY261009P00660000
SPY,2026-10-02,763.99,2026-10-09,P,665.0,0.05,0.06,0.04,120.0,612,0.3632876171875,False,2026-10-01 19:04:16+00:00,SPY261009P00665000
SPY,2026-10-02,763.99,2026-10-09,P,670.0,0.05,0.06,0.06,76.0,2911,0.34570966796874997,False,2026-10-01 17:34:56+00:00,SPY261009P00670000
SPY,2026-10-02,763.99,2026-10-09,P,675.0,0.06,0.07,0.06,1857.0,2335,0.33399103515625,False,2026-10-01 19:45:43+00:00,SPY261009P00675000
SPY,2026-10-02,763.99,2026-10-09,P,680.0,0.07,0.08,0.06,162.0,728,0.32129584960937496,False,2026-10-01 19:11:24+00:00,SPY261009P00680000
SPY,2026-10-02,763.99,2026-10-09,P,685.0,0.07,0.08,0.08,1516.0,1451,0.30274134765625,False,2026-10-01 18:16:54+00:00,SPY261009P00685000
SPY,2026-10-02,763.99,2026-10-09,P,690.0,0.08,0.09,0.08,309.0,2845,0.2890696093749999,False,2026-10-01 17:30:03+00:00,SPY261009P00690000
SPY,2026-10-02,763.99,2026-10-09,P,695.0,0.09,0.1,0.1,512.0,2454,0.274421318359375,False,2026-10-01 17:55:47+00:00,SPY261009P00695000
SPY,2026-10-02,763.99,2026-10-09,P,700.0,0.1,0.11,0.11,1418.0,3746,0.25977302734375,False,2026-10-01 20:14:09+00:00,SPY261009P00700000
SPY,2026-10-02,763.99,2026-10-09,P,705.0,0.11,0.12,0.11,323.0,2346,0.2436599072265625,False,2026-10-01 20:01:39+00:00,SPY261009P00705000
SPY,2026-10-02,763.99,2026-10-09,P,710.0,0.12,0.13,0.12,818.0,2405,0.22754678710937498,False,2026-10-01 20:14:58+00:00,SPY261009P00710000
SPY,2026-10-02,763.99,2026-10-09,P,715.0,0.14,0.15,0.16,744.0,2409,0.21289849609375,False,2026-10-01 20:12:07+00:00,SPY261009P00715000
SPY,2026-10-02,763.99,2026-10-09,P,720.0,0.17,0.18,0.17,1056.0,2035,0.1992267578125,False,2026-10-01 19:51:02+00:00,SPY261009P00720000
SPY,2026-10-02,763.99,2026-10-09,P,721.0,0.18,0.19,0.2,246.0,909,0.19678537597656248,False,2026-10-01 20:12:07+00:00,SPY261009P00721000
SPY,2026-10-02,763.99,2026-10-09,P,722.0,0.19,0.2,0.25,424.0,604,0.194343994140625,False,2026-10-01 18:22:28+00:00,SPY261009P00722000
SPY,2026-10-02,763.99,2026-10-09,P,723.0,0.2,0.21,0.2,166.0,346,0.19190261230468753,False,2026-10-01 19:58:06+00:00,SPY261009P00723000
SPY,2026-10-02,763.99,2026-10-09,P,724.0,0.21,0.22,0.22,267.0,1380,0.18946123046875002,False,2026-10-01 19:49:16+00:00,SPY261009P00724000
SPY,2026-10-02,763.99,2026-10-09,P,725.0,0.22,0.23,0.24,1024.0,78634,0.18677571044921876,False,2026-10-01 20:13:56+00:00,SPY261009P00725000
SPY,2026-10-02,763.99,2026-10-09,P,726.0,0.24,0.25,0.25,219.0,924,0.18506674316406246,False,2026-10-01 19:28:50+00:00,SPY261009P00726000
SPY,2026-10-02,763.99,2026-10-09,P,727.0,0.25,0.26,0.28,1324.0,931,0.18238122314453126,False,2026-10-01 17:46:05+00:00,SPY261009P00727000
SPY,2026-10-02,763.99,2026-10-09,P,728.0,0.27,0.28,0.28,1348.0,1640,0.18042811767578126,False,2026-10-01 20:14:53+00:00,SPY261009P00728000
SPY,2026-10-02,763.99,2026-10-09,P,729.0,0.28,0.29,0.3,836.0,1077,0.1772543212890625,False,2026-10-01 20:12:44+00:00,SPY261009P00729000
SPY,2026-10-02,763.99,2026-10-09,P,730.0,0.3,0.31,0.31,2632.0,2322,0.1753012158203125,False,2026-10-01 20:14:25+00:00,SPY261009P00730000
SPY,2026-10-02,763.99,2026-10-09,P,731.0,0.33,0.34,0.35,447.0,482,0.1739584558105469,False,2026-10-01 20:02:37+00:00,SPY261009P00731000
SPY,2026-10-02,763.99,2026-10-09,P,732.0,0.35,0.36,0.38,674.0,562,0.1713950048828125,False,2026-10-01 20:02:35+00:00,SPY261009P00732000
SPY,2026-10-02,763.99,2026-10-09,P,733.0,0.37,0.39,0.37,1465.0,392,0.16968603759765627,False,2026-10-01 19:43:39+00:00,SPY261009P00733000
SPY,2026-10-02,763.99,2026-10-09,P,734.0,0.4,0.41,0.37,1328.0,1420,0.16700051757812504,False,2026-10-01 19:51:18+00:00,SPY261009P00734000
SPY,2026-10-02,763.99,2026-10-09,P,735.0,0.43,0.45,0.45,2568.0,9591,0.1656577575683594,False,2026-10-01 20:14:29+00:00,SPY261009P00735000
SPY,2026-10-02,763.99,2026-10-09,P,736.0,0.47,0.48,0.51,846.0,1228,0.16333844482421878,False,2026-10-01 20:12:07+00:00,SPY261009P00736000
SPY,2026-10-02,763.99,2026-10-09,P,737.0,0.51,0.52,0.53,1415.0,1540,0.1615074084472656,False,2026-10-01 20:13:51+00:00,SPY261009P00737000
SPY,2026-10-02,763.99,2026-10-09,P,738.0,0.55,0.57,0.54,658.0,4047,0.16004257934570312,False,2026-10-01 19:45:58+00:00,SPY261009P00738000
SPY,2026-10-02,763.99,2026-10-09,P,739.0,0.6,0.62,0.67,753.0,1527,0.15833361206054689,False,2026-10-01 20:04:15+00:00,SPY261009P00739000
SPY,2026-10-02,763.99,2026-10-09,P,740.0,0.66,0.67,0.69,3142.0,6843,0.1563805065917969,False,2026-10-01 20:00:52+00:00,SPY261009P00740000
SPY,2026-10-02,763.99,2026-10-09,P,741.0,0.71,0.73,0.72,747.0,1554,0.15479360839843753,False,2026-10-01 19:54:25+00:00,SPY261009P00741000
SPY,2026-10-02,763.99,2026-10-09,P,742.0,0.78,0.79,0.83,7786.0,16225,0.15284050292968754,False,2026-10-01 20:00:09+00:00,SPY261009P00742000
SPY,2026-10-02,763.99,2026-10-09,P,743.0,0.85,0.86,0.8,880.0,855,0.15107050109863285,False,2026-10-01 19:50:33+00:00,SPY261009P00743000
SPY,2026-10-02,763.99,2026-10-09,P,744.0,0.93,0.94,0.93,935.0,943,0.14954463745117189,False,2026-10-01 20:14:59+00:00,SPY261009P00744000
SPY,2026-10-02,763.99,2026-10-09,P,745.0,1.01,1.03,1.02,6961.0,80163,0.1480798083496094,False,2026-10-01 20:14:09+00:00,SPY261009P00745000
SPY,2026-10-02,763.99,2026-10-09,P,746.0,1.1,1.12,1.17,857.0,2287,0.14624877197265623,False,2026-10-01 20:06:36+00:00,SPY261009P00746000
SPY,2026-10-02,763.99,2026-10-09,P,747.0,1.2,1.22,1.27,740.0,1193,0.1445398046875,False,2026-10-01 20:01:48+00:00,SPY261009P00747000
SPY,2026-10-02,763.99,2026-10-09,P,748.0,1.31,1.33,1.34,2008.0,859,0.14283083740234376,False,2026-10-01 20:13:36+00:00,SPY261009P00748000
SPY,2026-10-02,763.99,2026-10-09,P,749.0,1.44,1.46,1.5,1448.0,2705,0.1414270428466797,False,2026-10-01 20:11:50+00:00,SPY261009P00749000
SPY,2026-10-02,763.99,2026-10-09,P,750.0,1.57,1.59,1.59,10886.0,8203,0.139657041015625,False,2026-10-01 20:14:11+00:00,SPY261009P00750000
SPY,2026-10-02,763.99,2026-10-09,P,751.0,1.71,1.73,1.77,1714.0,2898,0.13788703918457032,False,2026-10-01 20:09:18+00:00,SPY261009P00751000
SPY,2026-10-02,763.99,2026-10-09,P,752.0,1.87,1.89,1.95,1327.0,2093,0.13630014099121096,False,2026-10-01 20:08:01+00:00,SPY261009P00752000
SPY,2026-10-02,763.99,2026-10-09,P,753.0,2.04,2.06,2.1,2298.0,7637,0.13453013916015627,False,2026-10-01 20:01:55+00:00,SPY261009P00753000
SPY,2026-10-02,763.99,2026-10-09,P,754.0,2.22,2.24,2.31,1344.0,1443,0.13269910278320313,False,2026-10-01 20:12:47+00:00,SPY261009P00754000
SPY,2026-10-02,763.99,2026-10-09,P,755.0,2.41,2.44,2.4,6101.0,5929,0.13092910095214844,False,2026-10-01 20:14:45+00:00,SPY261009P00755000
SPY,2026-10-02,763.99,2026-10-09,P,756.0,2.63,2.65,2.72,1420.0,2030,0.12897599548339844,False,2026-10-01 20:11:32+00:00,SPY261009P00756000
SPY,2026-10-02,763.99,2026-10-09,P,757.0,2.86,2.88,3.11,1679.0,1937,0.12708392456054687,False,2026-10-01 19:59:28+00:00,SPY261009P00757000
SPY,2026-10-02,763.99,2026-10-09,P,758.0,3.1,3.13,3.19,1499.0,1546,0.12516133636474608,False,2026-10-01 20:13:07+00:00,SPY261009P00758000
SPY,2026-10-02,763.99,2026-10-09,P,759.0,3.37,3.4,3.37,2155.0,1842,0.12323874816894533,False,2026-10-01 20:14:58+00:00,SPY261009P00759000
SPY,2026-10-02,763.99,2026-10-09,P,760.0,3.66,3.69,3.68,15378.0,8392,0.12122460815429686,False,2026-10-01 20:14:34+00:00,SPY261009P00760000
SPY,2026-10-02,763.99,2026-10-09,P,761.0,3.97,4.01,4.0,3607.0,3231,0.11933253723144531,False,2026-10-01 20:14:04+00:00,SPY261009P00761000
SPY,2026-10-02,763.99,2026-10-09,P,762.0,4.31,4.34,4.34,3538.0,2543,0.11707425903320312,False,2026-10-01 20:14:23+00:00,SPY261009P00762000
SPY,2026-10-02,763.99,2026-10-09,P,763.0,4.67,4.7,4.79,2982.0,3964,0.11487701538085937,False,2026-10-01 20:11:17+00:00,SPY261009P00763000
SPY,2026-10-02,763.99,2026-10-09,P,764.0,5.04,5.09,5.1,2210.0,1634,0.11271028900146485,True,2026-10-01 20:14:32+00:00,SPY261009P00764000
SPY,2026-10-02,763.99,2026-10-09,P,765.0,5.46,5.51,5.5,6200.0,2193,0.1105130453491211,True,2026-10-01 20:14:35+00:00,SPY261009P00765000
SPY,2026-10-02,763.99,2026-10-09,P,766.0,5.9,5.95,6.33,912.0,1823,0.10801062896728515,True,2026-10-01 19:59:54+00:00,SPY261009P00766000
SPY,2026-10-02,763.99,2026-10-09,P,767.0,6.38,6.43,6.41,13816.0,30819,0.10563028167724609,True,2026-10-01 20:13:35+00:00,SPY261009P00767000
SPY,2026-10-02,763.99,2026-10-09,P,768.0,6.77,7.07,7.39,1084.0,4171,0.10614907531738281,True,2026-10-01 19:52:10+00:00,SPY261009P00768000
SPY,2026-10-02,763.99,2026-10-09,P,769.0,7.32,7.58,7.41,422.0,887,0.10279217529296875,True,2026-10-01 19:19:15+00:00,SPY261009P00769000
SPY,2026-10-02,763.99,2026-10-09,P,770.0,7.86,8.23,8.12,1964.0,3972,0.10193769165039063,True,2026-10-01 20:06:20+00:00,SPY261009P00770000
SPY,2026-10-02,763.99,2026-10-09,P,771.0,8.48,8.86,8.79,212.0,1582,0.09967941345214844,True,2026-10-01 20:11:19+00:00,SPY261009P00771000
SPY,2026-10-02,763.99,2026-10-09,P,772.0,9.08,9.54,9.0,186.0,1091,0.09772630798339844,True,2026-10-01 19:36:04+00:00,SPY261009P00772000
SPY,2026-10-02,763.99,2026-10-09,P,773.0,9.75,10.25,9.91,168.0,791,0.0955290643310547,True,2026-10-01 19:14:08+00:00,SPY261009P00773000
SPY,2026-10-02,763.99,2026-10-09,P,774.0,10.45,11.02,10.74,94.0,474,0.09412526977539062,True,2026-10-01 19:35:43+00:00,SPY261009P00774000
SPY,2026-10-02,763.99,2026-10-09,P,775.0,11.3,11.44,11.78,373.0,7137,0.07666938964843752,True,2026-10-01 20:00:41+00:00,SPY261009P00775000
SPY,2026-10-02,763.99,2026-10-09,P,776.0,11.95,12.63,12.6,73.0,331,0.09046319702148437,True,2026-10-01 20:04:31+00:00,SPY261009P00776000
SPY,2026-10-02,763.99,2026-10-09,P,777.0,12.74,13.5,13.29,39.0,502,0.08954767883300781,True,2026-10-01 18:46:37+00:00,SPY261009P00777000
SPY,2026-10-02,763.99,2026-10-09,P,778.0,13.56,14.38,13.8,29.0,349,0.08789974609375001,True,2026-10-01 19:54:50+00:00,SPY261009P00778000
SPY,2026-10-02,763.99,2026-10-09,P,779.0,13.55,15.92,16.66,4.0,234,0.11847805358886719,True,2026-10-01 18:08:15+00:00,SPY261009P00779000
SPY,2026-10-02,763.99,2026-10-09,P,780.0,14.23,16.79,14.9,48.0,245,0.118172880859375,True,2026-10-01 19:15:28+00:00,SPY261009P00780000
SPY,2026-10-02,763.99,2026-10-09,P,781.0,15.12,17.84,18.85,23.0,44,0.12555806091308597,True,2026-10-01 16:38:48+00:00,SPY261009P00781000
SPY,2026-10-02,763.99,2026-10-09,P,782.0,16.08,18.75,17.62,2.0,12,0.12647357910156248,True,2026-10-01 18:41:13+00:00,SPY261009P00782000
SPY,2026-10-02,763.99,2026-10-09,P,783.0,17.07,19.77,19.89,2.0,4,0.1324549645996094,True,2026-09-29 16:07:09+00:00,SPY261009P00783000
SPY,2026-10-02,763.99,2026-10-09,P,784.0,18.06,20.78,19.69,8.0,2,0.1378260046386719,True,2026-10-01 18:48:59+00:00,SPY261009P00784000
SPY,2026-10-02,763.99,2026-10-09,P,785.0,20.08,21.72,21.55,20.0,17,0.13971807556152344,True,2026-10-01 17:29:10+00:00,SPY261009P00785000
SPY,2026-10-02,763.99,2026-10-09,P,786.0,20.06,22.76,25.56,11.0,1,0.14661497924804687,True,2026-10-01 14:30:09+00:00,SPY261009P00786000
SPY,2026-10-02,763.99,2026-10-09,P,787.0,21.06,23.73,20.1,9.0,0,0.14978877563476564,True,2026-09-30 19:15:35+00:00,SPY261009P00787000
SPY,2026-10-02,763.99,2026-10-09,P,788.0,22.06,24.73,23.48,1.0,0,0.15454947021484378,True,2026-10-01 19:14:52+00:00,SPY261009P00788000
SPY,2026-10-02,763.99,2026-10-09,P,789.0,23.05,25.77,20.62,8.0,3,0.16138533935546873,True,2026-09-25 15:56:19+00:00,SPY261009P00789000
SPY,2026-10-02,763.99,2026-10-09,P,790.0,24.04,26.77,22.98,12.0,11,0.16602396484375004,True,2026-09-30 19:04:56+00:00,SPY261009P00790000
SPY,2026-10-02,763.99,2026-10-09,P,791.0,25.04,27.77,20.31,19.0,0,0.1706625903320313,True,2026-09-25 16:35:08+00:00,SPY261009P00791000
SPY,2026-10-02,763.99,2026-10-09,P,792.0,26.05,28.77,20.68,65.0,0,0.1753012158203125,True,2026-09-25 16:10:00+00:00,SPY261009P00792000
SPY,2026-10-02,763.99,2026-10-09,P,793.0,27.05,29.77,24.43,12.0,0,0.17993984130859375,True,2026-09-25 15:56:13+00:00,SPY261009P00793000
SPY,2026-10-02,763.99,2026-10-09,P,794.0,28.05,30.77,25.46,11.0,0,0.1844563977050781,True,2026-09-25 15:55:35+00:00,SPY261009P00794000
SPY,2026-10-02,763.99,2026-10-09,P,795.0,29.04,31.77,31.7,34.0,1,0.1889729541015625,True,2026-10-01 17:24:26+00:00,SPY261009P00795000
SPY,2026-10-02,763.99,2026-10-09,P,796.0,30.05,32.74,25.2,18.0,0,0.19165847412109377,True,2026-09-25 16:38:20+00:00,SPY261009P00796000
SPY,2026-10-02,763.99,2026-10-09,P,797.0,30.99,33.77,26.26,1.0,0,0.19800606689453126,True,2026-09-25 16:36:53+00:00,SPY261009P00797000
SPY,2026-10-02,763.99,2026-10-09,P,798.0,32.05,34.77,27.48,2.0,0,0.2024005541992187,True,2026-09-25 16:34:37+00:00,SPY261009P00798000
SPY,2026-10-02,763.99,2026-10-09,P,799.0,33.05,35.74,39.45,,0,0.2048419360351562,True,2026-09-14 19:55:41+00:00,SPY261009P00799000
SPY,2026-10-02,763.99,2026-10-09,P,800.0,34.05,36.77,29.35,5.0,0,0.2111895288085937,True,2026-09-25 16:52:50+00:00,SPY261009P00800000
SPY,2026-10-02,763.99,2026-10-09,P,802.0,35.99,38.77,33.79,2.0,0,0.21985643432617186,True,2026-09-30 14:25:23+00:00,SPY261009P00802000
SPY,2026-10-02,763.99,2026-10-09,P,803.0,37.05,39.73,46.53,4.0,0,0.2215654016113281,True,2026-09-10 16:34:48+00:00,SPY261009P00803000
SPY,2026-10-02,763.99,2026-10-09,P,804.0,38.05,40.72,43.61,2.0,0,0.22510540527343748,True,2026-10-01 14:03:53+00:00,SPY261009P00804000
SPY,2026-10-02,763.99,2026-10-09,P,805.0,39.05,41.77,30.66,2.0,0,0.23279575805664063,True,2026-09-22 13:53:13+00:00,SPY261009P00805000
SPY,2026-10-02,763.99,2026-10-09,P,806.0,40.05,42.77,44.71,,0,0.23706817626953125,True,2026-09-01 17:18:19+00:00,SPY261009P00806000
SPY,2026-10-02,763.99,2026-10-09,P,810.0,44.05,46.77,45.83,1.0,4,0.25391371093750004,True,2026-10-01 20:09:20+00:00,SPY261009P00810000
SPY,2026-10-02,763.99,2026-10-09,P,814.0,48.05,50.77,47.81,,0,0.2703930383300781,True,2026-08-31 19:39:51+00:00,SPY261009P00814000
SPY,2026-10-02,763.99,2026-10-09,P,821.0,55.05,57.77,59.6,4.0,0,0.2985909985351562,True,2026-09-14 16:59:20+00:00,SPY261009P00821000
SPY,2026-10-02,763.99,2026-10-09,P,822.0,56.05,58.77,65.41,,0,0.30261927856445314,True,2026-09-10 18:09:56+00:00,SPY261009P00822000
SPY,2026-10-02,763.99,2026-10-09,P,823.0,57.05,59.77,66.41,,0,0.30652548950195313,True,2026-09-10 18:09:56+00:00,SPY261009P00823000
SPY,2026-10-02,763.99,2026-10-09,P,824.0,58.05,60.77,55.47,1.0,0,0.31055376953124997,True,2026-09-08 13:30:22+00:00,SPY261009P00824000
SPY,2026-10-02,763.99,2026-10-09,P,825.0,58.99,61.77,68.4,,0,0.31445998046874996,True,2026-09-10 16:34:56+00:00,SPY261009P00825000
SPY,2026-10-02,763.99,2026-10-09,P,830.0,64.05,66.77,73.4,,0,0.33386896606445315,True,2026-09-10 18:09:56+00:00,SPY261009P00830000
SPY,2026-10-02,763.99,2026-10-09,P,835.0,69.05,71.77,78.39,,0,0.3530338134765625,True,2026-09-10 18:09:56+00:00,SPY261009P00835000
SPY,2026-10-02,763.99,2026-10-09,P,840.0,73.99,76.77,83.38,,0,0.37183245361328127,True,2026-09-10 18:10:06+00:00,SPY261009P00840000
SPY,2026-10-02,763.99,2026-10-09,P,880.0,114.05,116.77,118.64,,0,0.5131884619140624,True,2026-09-14 16:59:02+00:00,SPY261009P00880000
SPY,2026-10-02,763.99,2026-10-09,P,915.0,149.05,151.77,153.52,,0,0.6264685791015626,True,2026-09-14 16:59:31+00:00,SPY261009P00915000
SPY,2026-10-02,763.99,2026-10-09,P,925.0,159.01,161.77,163.41,,0,0.6574741284179688,True,2026-09-14 17:01:17+00:00,SPY261009P00925000
SPY,2026-10-02,763.99,2026-10-16,C,300.0,463.81,466.51,468.62,24.0,43,2.14990696899414,True,2026-09-25 14:53:40+00:00,SPY261016C00300000
SPY,2026-10-02,763.99,2026-10-16,C,305.0,458.82,461.59,454.74,84.0,62,2.1259812475585935,True,2026-09-18 16:38:59+00:00,SPY261016C00305000
SPY,2026-10-02,763.99,2026-10-16,C,310.0,453.82,456.57,458.44,24.0,1,2.0888719653320305,True,2026-09-25 14:42:55+00:00,SPY261016C00310000
SPY,2026-10-02,763.99,2026-10-16,C,315.0,448.84,451.61,447.83,5.0,0,2.0615282836914064,True,2026-09-17 19:34:37+00:00,SPY261016C00315000
SPY,2026-10-02,763.99,2026-10-16,C,320.0,443.85,446.62,448.74,24.0,3,2.030278361816406,True,2026-09-25 14:54:15+00:00,SPY261016C00320000
SPY,2026-10-02,763.99,2026-10-16,C,325.0,437.89,442.0,442.67,,0,1.9228519482421875,True,2026-08-20 15:15:59+00:00,SPY261016C00325000
SPY,2026-10-02,763.99,2026-10-16,C,330.0,433.2,437.01,437.51,15.0,0,1.9326175244140624,True,2026-08-20 15:13:32+00:00,SPY261016C00330000
SPY,2026-10-02,763.99,2026-10-16,C,335.0,427.91,431.56,432.71,15.0,0,1.7978525732421873,True,2026-08-20 15:15:59+00:00,SPY261016C00335000
SPY,2026-10-02,763.99,2026-10-16,C,340.0,0.0,0.0,415.74,,0,1.0000000000000003e-05,True,2026-05-28 14:12:58+00:00,SPY261016C00340000
SPY,2026-10-02,763.99,2026-10-16,C,350.0,413.91,416.62,409.44,3.0,0,1.8439949206542967,True,2026-09-14 15:25:23+00:00,SPY261016C00350000
SPY,2026-10-02,763.99,2026-10-16,C,355.0,408.95,411.66,414.21,,0,1.8217782348632814,True,2026-09-23 18:43:14+00:00,SPY261016C00355000
SPY,2026-10-02,763.99,2026-10-16,C,360.0,403.93,406.62,411.77,3.0,0,1.78515732421875,True,2026-09-03 15:13:36+00:00,SPY261016C00360000
SPY,2026-10-02,763.99,2026-10-16,C,365.0,398.31,400.99,388.48,,1,1.5986348193359374,True,2026-07-13 14:16:50+00:00,SPY261016C00365000
SPY,2026-10-02,763.99,2026-10-16,C,380.0,383.97,386.7,388.87,6.0,2,1.6801773803710938,True,2026-09-25 14:54:15+00:00,SPY261016C00380000
SPY,2026-10-02,763.99,2026-10-16,C,390.0,373.99,376.76,378.3,1.0,1,1.6308612207031248,True,2026-09-28 13:43:02+00:00,SPY261016C00390000
SPY,2026-10-02,763.99,2026-10-16,C,400.0,0.0,0.0,375.11,2.0,0,1.0000000000000003e-05,True,2026-08-10 15:41:32+00:00,SPY261016C00400000
SPY,2026-10-02,763.99,2026-10-16,C,405.0,351.06,354.54,335.63,,1,1.0000000000000003e-05,True,2026-06-12 13:40:45+00:00,SPY261016C00405000
SPY,2026-10-02,763.99,2026-10-16,C,410.0,346.11,349.62,330.56,,1,1.0000000000000003e-05,True,2026-06-12 13:40:46+00:00,SPY261016C00410000
SPY,2026-10-02,763.99,2026-10-16,C,420.0,344.05,346.82,352.54,4.0,0,1.478518232421875,True,2026-08-27 16:42:13+00:00,SPY261016C00420000
SPY,2026-10-02,763.99,2026-10-16,C,440.0,323.5,326.28,298.33,,1,1.2800328967285153,True,2026-06-24 18:48:49+00:00,SPY261016C00440000
SPY,2026-10-02,763.99,2026-10-16,C,445.0,319.1,321.83,314.16,36.0,0,1.355227833251953,True,2026-09-10 16:50:13+00:00,SPY261016C00445000
SPY,2026-10-02,763.99,2026-10-16,C,450.0,314.16,316.58,317.93,1.0,701,1.3164096679687498,True,2026-09-25 14:05:20+00:00,SPY261016C00450000
SPY,2026-10-02,763.99,2026-10-16,C,455.0,309.11,311.9,308.15,,0,1.3115268798828121,True,2026-09-14 16:48:27+00:00,SPY261016C00455000
SPY,2026-10-02,763.99,2026-10-16,C,460.0,304.13,306.88,302.99,,0,1.2871129394531249,True,2026-09-14 17:12:16+00:00,SPY261016C00460000
SPY,2026-10-02,763.99,2026-10-16,C,465.0,299.14,301.91,298.0,9.0,0,1.2658728112792965,True,2026-09-14 17:12:16+00:00,SPY261016C00465000
SPY,2026-10-02,763.99,2026-10-16,C,470.0,294.15,296.89,299.3,,1,1.2412147314453121,True,2026-09-23 18:53:58+00:00,SPY261016C00470000
SPY,2026-10-02,763.99,2026-10-16,C,475.0,289.16,291.87,288.02,,0,1.2168007910156249,True,2026-09-14 17:12:24+00:00,SPY261016C00475000
SPY,2026-10-02,763.99,2026-10-16,C,480.0,284.17,286.88,289.32,2.0,1,1.1945841052246093,True,2026-09-23 18:53:58+00:00,SPY261016C00480000
SPY,2026-10-02,763.99,2026-10-16,C,485.0,279.18,281.96,278.24,11.0,0,1.1770060681152343,True,2026-09-14 16:48:31+00:00,SPY261016C00485000
SPY,2026-10-02,763.99,2026-10-16,C,495.0,269.21,271.92,273.4,,0,1.1301313024902346,True,2026-09-08 15:31:54+00:00,SPY261016C00495000
SPY,2026-10-02,763.99,2026-10-16,C,500.0,264.22,266.98,272.68,20.0,20,1.111576707763672,True,2026-09-23 13:53:42+00:00,SPY261016C00500000
SPY,2026-10-02,763.99,2026-10-16,C,505.0,259.23,262.0,271.05,1.0,1,1.0907027886962892,True,2026-09-21 18:42:33+00:00,SPY261016C00505000
SPY,2026-10-02,763.99,2026-10-16,C,510.0,254.24,256.94,260.15,1.0,2,1.0654343603515626,True,2026-09-23 16:16:56+00:00,SPY261016C00510000
SPY,2026-10-02,763.99,2026-10-16,C,515.0,249.25,252.0,248.17,43.0,43,1.0471239050292969,True,2026-09-09 17:06:50+00:00,SPY261016C00515000
SPY,2026-10-02,763.99,2026-10-16,C,520.0,244.26,247.04,244.23,2.0,73,1.027592752685547,True,2026-09-28 16:30:53+00:00,SPY261016C00520000
SPY,2026-10-02,763.99,2026-10-16,C,525.0,239.27,241.98,245.57,1.0,5,1.0029346728515625,True,2026-09-23 15:36:58+00:00,SPY261016C00525000
SPY,2026-10-02,763.99,2026-10-16,C,530.0,234.28,236.99,245.5,2.0,84,0.9821779125976562,True,2026-09-22 14:39:11+00:00,SPY261016C00530000
SPY,2026-10-02,763.99,2026-10-16,C,535.0,229.3,232.07,240.0,2.0,2,0.9656985852050781,True,2026-09-22 14:44:15+00:00,SPY261016C00535000
SPY,2026-10-02,763.99,2026-10-16,C,540.0,224.31,227.05,235.0,2.0,4,0.9436040795898437,True,2026-09-22 14:47:37+00:00,SPY261016C00540000
SPY,2026-10-02,763.99,2026-10-16,C,545.0,0.0,0.0,203.0,,0,1.0000000000000003e-05,True,2026-05-20 17:27:13+00:00,SPY261016C00545000
SPY,2026-10-02,763.99,2026-10-16,C,550.0,214.32,217.09,218.5,1.0,1,0.903321279296875,True,2026-09-28 17:00:11+00:00,SPY261016C00550000
SPY,2026-10-02,763.99,2026-10-16,C,555.0,209.34,212.1,199.43,1.0,3,0.883668155517578,True,2026-09-16 19:55:28+00:00,SPY261016C00555000
SPY,2026-10-02,763.99,2026-10-16,C,560.0,204.36,207.13,205.45,2.0,31,0.8648695153808592,True,2026-09-28 15:01:28+00:00,SPY261016C00560000
SPY,2026-10-02,763.99,2026-10-16,C,565.0,199.37,202.15,205.52,2.0,11,0.8452163916015624,True,2026-09-30 15:20:55+00:00,SPY261016C00565000
SPY,2026-10-02,763.99,2026-10-16,C,570.0,194.39,197.15,191.0,2.0,24,0.8253191296386717,True,2026-10-01 13:49:31+00:00,SPY261016C00570000
SPY,2026-10-02,763.99,2026-10-16,C,575.0,189.4,192.14,195.66,1.0,49,0.804567384033203,True,2026-09-23 15:38:54+00:00,SPY261016C00575000
SPY,2026-10-02,763.99,2026-10-16,C,580.0,184.41,187.19,183.55,1.0,22,0.7865011584472656,True,2026-10-01 13:49:21+00:00,SPY261016C00580000
SPY,2026-10-02,763.99,2026-10-16,C,585.0,179.42,182.13,176.33,1.0,24,0.7639183764648438,True,2026-09-18 17:24:38+00:00,SPY261016C00585000
SPY,2026-10-02,763.99,2026-10-16,C,590.0,174.49,176.91,179.66,18.0,285,0.7374293835449219,True,2026-09-28 16:25:49+00:00,SPY261016C00590000
SPY,2026-10-02,763.99,2026-10-16,C,595.0,169.45,172.24,172.57,2.0,58,0.7287624780273438,True,2026-09-28 19:12:02+00:00,SPY261016C00595000
SPY,2026-10-02,763.99,2026-10-16,C,600.0,164.52,166.94,162.64,18.0,418,0.6997100341796876,True,2026-10-01 14:47:35+00:00,SPY261016C00600000
SPY,2026-10-02,763.99,2026-10-16,C,605.0,159.49,162.14,161.15,2.0,42,0.6860382958984376,True,2026-09-29 18:46:19+00:00,SPY261016C00605000
SPY,2026-10-02,763.99,2026-10-16,C,610.0,154.5,157.27,156.57,1.0,64,0.6711458666992189,True,2026-09-29 14:41:28+00:00,SPY261016C00610000
SPY,2026-10-02,763.99,2026-10-16,C,615.0,149.57,151.99,151.74,2.0,211,0.6435582519531251,True,2026-09-29 14:41:52+00:00,SPY261016C00615000
SPY,2026-10-02,763.99,2026-10-16,C,620.0,144.58,146.88,144.78,2.0,194,0.6202430554199221,True,2026-10-01 18:03:30+00:00,SPY261016C00620000
SPY,2026-10-02,763.99,2026-10-16,C,625.0,139.6,142.02,142.84,6.0,240,0.6062051098632814,True,2026-09-28 19:25:04+00:00,SPY261016C00625000
SPY,2026-10-02,763.99,2026-10-16,C,630.0,134.57,137.34,134.36,2.0,52,0.5959513061523438,True,2026-09-25 19:12:19+00:00,SPY261016C00630000
SPY,2026-10-02,763.99,2026-10-16,C,635.0,129.64,132.06,125.74,55.0,4349,0.5694623132324219,True,2026-10-01 15:53:33+00:00,SPY261016C00635000
SPY,2026-10-02,763.99,2026-10-16,C,640.0,124.66,126.41,120.8,135.0,622,0.5290574438476563,True,2026-10-01 15:53:56+00:00,SPY261016C00640000
SPY,2026-10-02,763.99,2026-10-16,C,645.0,119.68,122.02,119.09,53.0,249,0.5302781347656251,True,2026-10-01 18:05:58+00:00,SPY261016C00645000
SPY,2026-10-02,763.99,2026-10-16,C,650.0,114.7,116.45,114.12,55.0,327,0.5438278039550781,True,2026-10-01 18:05:58+00:00,SPY261016C00650000
SPY,2026-10-02,763.99,2026-10-16,C,655.0,109.67,112.42,106.53,4.0,32,0.5022022436523439,True,2026-10-01 15:32:25+00:00,SPY261016C00655000
SPY,2026-10-02,763.99,2026-10-16,C,660.0,104.74,106.5,100.97,131.0,319,0.5054981091308592,True,2026-10-01 15:53:45+00:00,SPY261016C00660000
SPY,2026-10-02,763.99,2026-10-16,C,665.0,99.77,101.37,100.94,143.0,424,0.47900911621093745,True,2026-10-01 19:44:08+00:00,SPY261016C00665000
SPY,2026-10-02,763.99,2026-10-16,C,670.0,94.8,97.22,94.23,261.0,441,0.49573258178710944,True,2026-10-01 16:56:20+00:00,SPY261016C00670000
SPY,2026-10-02,763.99,2026-10-16,C,675.0,89.83,92.25,90.99,167.0,352,0.4757132507324219,True,2026-10-01 19:35:58+00:00,SPY261016C00675000
SPY,2026-10-02,763.99,2026-10-16,C,680.0,84.9,86.58,81.9,3.0,2414,0.4274959594726563,True,2026-10-01 15:52:13+00:00,SPY261016C00680000
SPY,2026-10-02,763.99,2026-10-16,C,685.0,79.89,82.32,79.99,114.0,1381,0.43567458862304687,True,2026-10-01 18:13:10+00:00,SPY261016C00685000
SPY,2026-10-02,763.99,2026-10-16,C,690.0,74.93,77.25,75.84,17.0,1186,0.411688012084961,True,2026-10-01 16:03:50+00:00,SPY261016C00690000
SPY,2026-10-02,763.99,2026-10-16,C,695.0,69.98,72.36,70.09,245.0,987,0.3940490283203125,True,2026-10-01 18:13:10+00:00,SPY261016C00695000
SPY,2026-10-02,763.99,2026-10-16,C,700.0,65.85,66.66,65.66,317.0,964,0.3481510498046875,True,2026-10-01 18:05:58+00:00,SPY261016C00700000
SPY,2026-10-02,763.99,2026-10-16,C,701.0,64.04,66.49,64.17,233.0,737,0.3723207299804688,True,2026-10-01 18:00:58+00:00,SPY261016C00701000
SPY,2026-10-02,763.99,2026-10-16,C,702.0,63.0,65.8,59.84,2.0,76,0.3777528045654296,True,2026-10-01 15:02:17+00:00,SPY261016C00702000
SPY,2026-10-02,763.99,2026-10-16,C,703.0,62.03,64.8,58.86,4.0,29,0.37329728271484375,True,2026-10-01 15:02:17+00:00,SPY261016C00703000
SPY,2026-10-02,763.99,2026-10-16,C,704.0,61.04,63.8,57.64,4.0,74,0.3688417608642578,True,2026-10-01 15:09:26+00:00,SPY261016C00704000
SPY,2026-10-02,763.99,2026-10-16,C,705.0,60.1,62.54,60.36,139.0,267,0.35632967895507806,True,2026-10-01 18:15:36+00:00,SPY261016C00705000
SPY,2026-10-02,763.99,2026-10-16,C,706.0,59.09,61.8,62.2,6.0,25,0.35986968261718744,True,2026-09-28 19:35:56+00:00,SPY261016C00706000
SPY,2026-10-02,763.99,2026-10-16,C,707.0,58.09,60.87,55.97,1.0,42,0.35748933532714844,True,2026-09-14 13:48:46+00:00,SPY261016C00707000
SPY,2026-10-02,763.99,2026-10-16,C,708.0,57.1,59.87,59.48,3.0,16,0.35297277893066403,True,2026-09-28 15:43:05+00:00,SPY261016C00708000
SPY,2026-10-02,763.99,2026-10-16,C,709.0,56.12,58.88,66.69,4.0,6,0.3487613952636719,True,2026-08-27 16:27:11+00:00,SPY261016C00709000
SPY,2026-10-02,763.99,2026-10-16,C,710.0,55.8,56.73,57.0,219.0,1138,0.3085396295166015,True,2026-10-01 19:45:52+00:00,SPY261016C00710000
SPY,2026-10-02,763.99,2026-10-16,C,711.0,54.16,56.88,57.63,3.0,9,0.3397282824707031,True,2026-09-30 19:00:28+00:00,SPY261016C00711000
SPY,2026-10-02,763.99,2026-10-16,C,712.0,53.23,55.64,59.39,1.0,329,0.3282537878417968,True,2026-09-25 15:56:32+00:00,SPY261016C00712000
SPY,2026-10-02,763.99,2026-10-16,C,713.0,52.2,54.96,50.02,1.0,9,0.3329534478759766,True,2026-10-01 14:52:11+00:00,SPY261016C00713000
SPY,2026-10-02,763.99,2026-10-16,C,714.0,51.27,53.44,54.04,2.0,193,0.31342239318847653,True,2026-09-28 14:47:06+00:00,SPY261016C00714000
SPY,2026-10-02,763.99,2026-10-16,C,715.0,50.29,51.98,51.33,110.0,378,0.2951120294189453,True,2026-10-01 19:43:38+00:00,SPY261016C00715000
SPY,2026-10-02,763.99,2026-10-16,C,716.0,49.27,52.03,47.65,1.0,19,0.32117378051757806,True,2026-09-16 14:05:12+00:00,SPY261016C00716000
SPY,2026-10-02,763.99,2026-10-16,C,717.0,48.29,51.09,48.05,2.0,8,0.31818308776855464,True,2026-10-01 18:10:40+00:00,SPY261016C00717000
SPY,2026-10-02,763.99,2026-10-16,C,718.0,47.33,50.07,46.01,1.0,31,0.3129951513671875,True,2026-09-14 14:47:59+00:00,SPY261016C00718000
SPY,2026-10-02,763.99,2026-10-16,C,719.0,46.35,49.13,49.64,4.0,13,0.3099434240722656,True,2026-09-30 19:31:16+00:00,SPY261016C00719000
SPY,2026-10-02,763.99,2026-10-16,C,720.0,45.8,46.97,45.35,125.0,539,0.2730175238037109,True,2026-10-01 18:12:54+00:00,SPY261016C00720000
SPY,2026-10-02,763.99,2026-10-16,C,721.0,44.43,47.16,50.92,2.0,53,0.3013985876464844,True,2026-09-23 16:02:14+00:00,SPY261016C00721000
SPY,2026-10-02,763.99,2026-10-16,C,722.0,43.45,46.23,40.96,2.0,76,0.2985299639892578,True,2026-10-01 15:42:46+00:00,SPY261016C00722000
SPY,2026-10-02,763.99,2026-10-16,C,723.0,42.52,45.21,40.82,4.0,16,0.29328099304199207,True,2026-10-01 14:55:04+00:00,SPY261016C00723000
SPY,2026-10-02,763.99,2026-10-16,C,724.0,41.53,44.31,47.71,1.0,13,0.2910837493896483,True,2026-09-24 17:07:35+00:00,SPY261016C00724000
SPY,2026-10-02,763.99,2026-10-16,C,725.0,40.62,42.32,40.7,54.0,1122,0.26056647644042963,True,2026-10-01 19:59:45+00:00,SPY261016C00725000
SPY,2026-10-02,763.99,2026-10-16,C,726.0,39.61,42.39,38.17,3.0,24,0.28351546569824215,True,2026-10-01 17:03:19+00:00,SPY261016C00726000
SPY,2026-10-02,763.99,2026-10-16,C,727.0,38.68,41.42,42.63,1.0,86,0.2794261511230468,True,2026-09-30 17:57:43+00:00,SPY261016C00727000
SPY,2026-10-02,763.99,2026-10-16,C,728.0,37.75,40.12,35.79,1.0,182,0.2672802764892578,True,2026-10-01 14:58:36+00:00,SPY261016C00728000
SPY,2026-10-02,763.99,2026-10-16,C,729.0,36.76,39.53,38.4,7.0,39,0.27234614379882804,True,2026-10-01 17:45:20+00:00,SPY261016C00729000
SPY,2026-10-02,763.99,2026-10-16,C,730.0,35.85,37.41,36.56,52.0,1045,0.2399978344726562,True,2026-10-01 19:24:34+00:00,SPY261016C00730000
SPY,2026-10-02,763.99,2026-10-16,C,731.0,34.92,37.3,32.84,2.0,288,0.25714854187011715,True,2026-10-01 15:00:44+00:00,SPY261016C00731000
SPY,2026-10-02,763.99,2026-10-16,C,732.0,33.97,35.92,31.67,6.0,147,0.24323266540527344,True,2026-10-01 15:01:11+00:00,SPY261016C00732000
SPY,2026-10-02,763.99,2026-10-16,C,733.0,33.72,34.59,31.61,33.0,155,0.23041541076660155,True,2026-10-01 17:02:15+00:00,SPY261016C00733000
SPY,2026-10-02,763.99,2026-10-16,C,734.0,32.12,34.84,33.95,10.0,227,0.2546461254882813,True,2026-09-28 14:49:28+00:00,SPY261016C00734000
SPY,2026-10-02,763.99,2026-10-16,C,735.0,31.25,33.75,32.32,967.0,2693,0.2475661181640625,True,2026-10-01 19:24:40+00:00,SPY261016C00735000
SPY,2026-10-02,763.99,2026-10-16,C,736.0,30.3,32.91,36.62,6.0,161,0.24600973724365233,True,2026-09-23 18:03:49+00:00,SPY261016C00736000
SPY,2026-10-02,763.99,2026-10-16,C,737.0,29.4,31.98,36.51,1.0,181,0.2423781817626953,True,2026-09-25 13:42:42+00:00,SPY261016C00737000
SPY,2026-10-02,763.99,2026-10-16,C,738.0,28.51,31.08,32.7,9.0,410,0.2393264544677734,True,2026-09-30 17:53:45+00:00,SPY261016C00738000
SPY,2026-10-02,763.99,2026-10-16,C,739.0,27.62,30.2,31.43,1.0,652,0.2366409344482422,True,2026-09-30 17:34:57+00:00,SPY261016C00739000
SPY,2026-10-02,763.99,2026-10-16,C,740.0,27.88,28.04,27.97,80.0,5689,0.2066119378662109,True,2026-10-01 20:13:57+00:00,SPY261016C00740000
SPY,2026-10-02,763.99,2026-10-16,C,741.0,26.56,27.74,24.01,4.0,488,0.21649953430175778,True,2026-10-01 14:24:27+00:00,SPY261016C00741000
SPY,2026-10-02,763.99,2026-10-16,C,742.0,25.7,27.46,22.49,3.0,238,0.22592937164306642,True,2026-10-01 15:45:04+00:00,SPY261016C00742000
SPY,2026-10-02,763.99,2026-10-16,C,743.0,24.14,26.3,26.06,2.0,565,0.2172929833984375,True,2026-09-30 16:51:04+00:00,SPY261016C00743000
SPY,2026-10-02,763.99,2026-10-16,C,744.0,23.28,25.7,26.09,11.0,186,0.21973436523437498,True,2026-09-30 19:23:16+00:00,SPY261016C00744000
SPY,2026-10-02,763.99,2026-10-16,C,745.0,22.42,24.76,23.0,72.0,2639,0.2153398779296875,True,2026-10-01 19:46:17+00:00,SPY261016C00745000
SPY,2026-10-02,763.99,2026-10-16,C,746.0,21.59,23.94,22.17,4.0,316,0.21314263427734376,True,2026-09-29 16:24:50+00:00,SPY261016C00746000
SPY,2026-10-02,763.99,2026-10-16,C,747.0,20.76,22.86,21.96,8.0,242,0.20591004058837886,True,2026-10-01 19:41:10+00:00,SPY261016C00747000
SPY,2026-10-02,763.99,2026-10-16,C,748.0,20.47,21.89,18.22,81.0,188,0.2007221041870117,True,2026-10-01 15:20:58+00:00,SPY261016C00748000
SPY,2026-10-02,763.99,2026-10-16,C,749.0,19.82,21.21,18.81,7.0,319,0.20081365600585935,True,2026-10-01 15:57:37+00:00,SPY261016C00749000
SPY,2026-10-02,763.99,2026-10-16,C,750.0,19.27,19.4,18.85,2218.0,8440,0.1800008758544922,True,2026-10-01 19:55:01+00:00,SPY261016C00750000
SPY,2026-10-02,763.99,2026-10-16,C,751.0,18.24,19.4,18.7,92.0,417,0.19232985412597658,True,2026-10-01 19:00:45+00:00,SPY261016C00751000
SPY,2026-10-02,763.99,2026-10-16,C,752.0,17.46,17.9,15.77,17.0,514,0.17728483856201172,True,2026-10-01 16:24:32+00:00,SPY261016C00752000
SPY,2026-10-02,763.99,2026-10-16,C,753.0,16.68,17.11,16.65,7.0,457,0.1749350085449219,True,2026-10-01 17:40:30+00:00,SPY261016C00753000
SPY,2026-10-02,763.99,2026-10-16,C,754.0,15.92,16.36,14.54,4.0,735,0.17310397216796874,True,2026-10-01 16:38:03+00:00,SPY261016C00754000
SPY,2026-10-02,763.99,2026-10-16,C,755.0,15.18,15.56,15.36,116.0,4033,0.170204831237793,True,2026-10-01 19:54:46+00:00,SPY261016C00755000
SPY,2026-10-02,763.99,2026-10-16,C,756.0,14.42,14.82,13.51,29.0,1054,0.16816017395019534,True,2026-10-01 18:08:42+00:00,SPY261016C00756000
SPY,2026-10-02,763.99,2026-10-16,C,757.0,13.7,14.15,14.05,27.0,798,0.1670920693969727,True,2026-10-01 17:39:52+00:00,SPY261016C00757000
SPY,2026-10-02,763.99,2026-10-16,C,758.0,12.76,13.31,12.94,182.0,1494,0.16297223754882814,True,2026-10-01 20:01:09+00:00,SPY261016C00758000
SPY,2026-10-02,763.99,2026-10-16,C,759.0,12.27,12.62,12.77,453.0,1198,0.161141201171875,True,2026-10-01 19:50:06+00:00,SPY261016C00759000
SPY,2026-10-02,763.99,2026-10-16,C,760.0,11.69,11.82,11.76,4859.0,10280,0.15729602478027344,True,2026-10-01 20:13:57+00:00,SPY261016C00760000
SPY,2026-10-02,763.99,2026-10-16,C,761.0,10.98,11.24,10.76,1352.0,2694,0.15680774841308598,True,2026-10-01 20:00:55+00:00,SPY261016C00761000
SPY,2026-10-02,763.99,2026-10-16,C,762.0,10.32,10.52,10.37,1238.0,2757,0.1538170556640625,True,2026-10-01 20:14:26+00:00,SPY261016C00762000
SPY,2026-10-02,763.99,2026-10-16,C,763.0,9.65,9.86,9.64,2106.0,2311,0.1514977429199219,True,2026-10-01 20:08:40+00:00,SPY261016C00763000
SPY,2026-10-02,763.99,2026-10-16,C,764.0,9.16,9.19,9.1,3958.0,2771,0.14881222290039062,False,2026-10-01 20:13:34+00:00,SPY261016C00764000
SPY,2026-10-02,763.99,2026-10-16,C,765.0,8.55,8.58,8.56,5925.0,7819,0.14676756561279297,False,2026-10-01 20:14:46+00:00,SPY261016C00765000
SPY,2026-10-02,763.99,2026-10-16,C,766.0,7.97,8.0,7.81,2745.0,6852,0.14496704650878905,False,2026-10-01 20:12:48+00:00,SPY261016C00766000
SPY,2026-10-02,763.99,2026-10-16,C,767.0,7.41,7.43,7.4,2060.0,8027,0.14298342376708983,False,2026-10-01 20:14:34+00:00,SPY261016C00767000
SPY,2026-10-02,763.99,2026-10-16,C,768.0,6.87,6.89,6.88,2445.0,4258,0.1412134219360352,False,2026-10-01 20:14:53+00:00,SPY261016C00768000
SPY,2026-10-02,763.99,2026-10-16,C,769.0,6.35,6.36,6.19,1900.0,3182,0.1392908337402344,False,2026-10-01 20:06:31+00:00,SPY261016C00769000
SPY,2026-10-02,763.99,2026-10-16,C,770.0,5.85,5.86,5.85,8259.0,20334,0.13749031463623052,False,2026-10-01 20:14:59+00:00,SPY261016C00770000
SPY,2026-10-02,763.99,2026-10-16,C,771.0,5.38,5.4,4.92,1470.0,3393,0.1360560028076172,False,2026-10-01 19:59:30+00:00,SPY261016C00771000
SPY,2026-10-02,763.99,2026-10-16,C,772.0,4.94,4.96,4.92,1768.0,4806,0.13462169097900395,False,2026-10-01 20:13:55+00:00,SPY261016C00772000
SPY,2026-10-02,763.99,2026-10-16,C,773.0,4.51,4.54,4.39,1034.0,2288,0.1331568618774414,False,2026-10-01 20:07:19+00:00,SPY261016C00773000
SPY,2026-10-02,763.99,2026-10-16,C,774.0,4.11,4.14,3.97,4360.0,3405,0.13169203277587893,False,2026-10-01 20:06:32+00:00,SPY261016C00774000
SPY,2026-10-02,763.99,2026-10-16,C,775.0,3.74,3.76,3.75,6815.0,16325,0.13019668640136717,False,2026-10-01 20:14:41+00:00,SPY261016C00775000
SPY,2026-10-02,763.99,2026-10-16,C,776.0,3.39,3.41,3.37,1618.0,2258,0.12885392639160154,False,2026-10-01 20:14:11+00:00,SPY261016C00776000
SPY,2026-10-02,763.99,2026-10-16,C,777.0,3.06,3.08,3.04,1348.0,3357,0.1275416836547852,False,2026-10-01 20:14:23+00:00,SPY261016C00777000
SPY,2026-10-02,763.99,2026-10-16,C,778.0,2.76,2.78,2.71,838.0,5213,0.12641254455566403,False,2026-10-01 20:13:51+00:00,SPY261016C00778000
SPY,2026-10-02,763.99,2026-10-16,C,779.0,2.47,2.49,2.48,550.0,2727,0.12506978454589845,False,2026-10-01 20:14:45+00:00,SPY261016C00779000
SPY,2026-10-02,763.99,2026-10-16,C,780.0,2.21,2.22,2.21,14458.0,20808,0.12372702453613281,False,2026-10-01 20:14:34+00:00,SPY261016C00780000
SPY,2026-10-02,763.99,2026-10-16,C,781.0,1.97,1.98,1.98,1315.0,5618,0.12262840270996095,False,2026-10-01 20:14:53+00:00,SPY261016C00781000
SPY,2026-10-02,763.99,2026-10-16,C,782.0,1.75,1.78,1.72,900.0,4565,0.12207909179687501,False,2026-10-01 20:13:51+00:00,SPY261016C00782000
SPY,2026-10-02,763.99,2026-10-16,C,783.0,1.55,1.57,1.38,673.0,7788,0.12085840087890626,False,2026-10-01 19:59:07+00:00,SPY261016C00783000
SPY,2026-10-02,763.99,2026-10-16,C,784.0,1.37,1.39,1.35,771.0,2750,0.12000391723632811,False,2026-10-01 20:13:51+00:00,SPY261016C00784000
SPY,2026-10-02,763.99,2026-10-16,C,785.0,1.21,1.23,1.22,4663.0,47576,0.11927150268554687,False,2026-10-01 20:14:33+00:00,SPY261016C00785000
SPY,2026-10-02,763.99,2026-10-16,C,786.0,1.06,1.08,0.99,908.0,5288,0.11841701904296875,False,2026-10-01 20:02:52+00:00,SPY261016C00786000
SPY,2026-10-02,763.99,2026-10-16,C,787.0,0.94,0.95,0.93,393.0,3349,0.11774563903808594,False,2026-10-01 20:14:27+00:00,SPY261016C00787000
SPY,2026-10-02,763.99,2026-10-16,C,788.0,0.82,0.83,0.82,557.0,1664,0.11701322448730468,False,2026-10-01 20:14:27+00:00,SPY261016C00788000
SPY,2026-10-02,763.99,2026-10-16,C,789.0,0.72,0.73,0.68,372.0,2366,0.11658598266601564,False,2026-10-01 20:13:03+00:00,SPY261016C00789000
SPY,2026-10-02,763.99,2026-10-16,C,790.0,0.63,0.64,0.59,47415.0,29722,0.116219775390625,False,2026-10-01 20:11:30+00:00,SPY261016C00790000
SPY,2026-10-02,763.99,2026-10-16,C,791.0,0.55,0.56,0.49,350.0,2614,0.11585356811523437,False,2026-10-01 19:52:23+00:00,SPY261016C00791000
SPY,2026-10-02,763.99,2026-10-16,C,792.0,0.48,0.49,0.45,1242.0,3406,0.11548736083984376,False,2026-10-01 20:03:36+00:00,SPY261016C00792000
SPY,2026-10-02,763.99,2026-10-16,C,793.0,0.42,0.43,0.38,2777.0,7299,0.11536529174804688,False,2026-10-01 19:55:24+00:00,SPY261016C00793000
SPY,2026-10-02,763.99,2026-10-16,C,794.0,0.37,0.38,0.36,427.0,3966,0.11548736083984376,False,2026-10-01 18:58:08+00:00,SPY261016C00794000
SPY,2026-10-02,763.99,2026-10-16,C,795.0,0.32,0.33,0.32,1310.0,22467,0.11524322265625,False,2026-10-01 20:13:55+00:00,SPY261016C00795000
SPY,2026-10-02,763.99,2026-10-16,C,796.0,0.28,0.29,0.26,170.0,6339,0.11524322265625,False,2026-10-01 19:58:46+00:00,SPY261016C00796000
SPY,2026-10-02,763.99,2026-10-16,C,797.0,0.25,0.26,0.22,545.0,15763,0.1157314990234375,False,2026-10-01 19:58:04+00:00,SPY261016C00797000
SPY,2026-10-02,763.99,2026-10-16,C,798.0,0.22,0.23,0.2,91.0,9067,0.11597563720703125,False,2026-10-01 19:57:43+00:00,SPY261016C00798000
SPY,2026-10-02,763.99,2026-10-16,C,799.0,0.19,0.2,0.2,109.0,3228,0.11597563720703125,False,2026-10-01 19:53:21+00:00,SPY261016C00799000
SPY,2026-10-02,763.99,2026-10-16,C,800.0,0.17,0.18,0.17,10071.0,26650,0.11658598266601564,False,2026-10-01 20:13:51+00:00,SPY261016C00800000
SPY,2026-10-02,763.99,2026-10-16,C,801.0,0.15,0.16,0.16,42.0,715,0.11695218994140624,False,2026-10-01 19:50:22+00:00,SPY261016C00801000
SPY,2026-10-02,763.99,2026-10-16,C,802.0,0.14,0.15,0.11,122.0,1215,0.11841701904296875,False,2026-10-01 16:16:46+00:00,SPY261016C00802000
SPY,2026-10-02,763.99,2026-10-16,C,803.0,0.12,0.13,0.12,227.0,872,0.11841701904296875,False,2026-10-01 19:04:16+00:00,SPY261016C00803000
SPY,2026-10-02,763.99,2026-10-16,C,804.0,0.11,0.12,0.12,136.0,711,0.11939357177734375,False,2026-10-01 20:14:55+00:00,SPY261016C00804000
SPY,2026-10-02,763.99,2026-10-16,C,805.0,0.1,0.11,0.1,1020.0,12282,0.12037012451171875,False,2026-10-01 20:13:51+00:00,SPY261016C00805000
SPY,2026-10-02,763.99,2026-10-16,C,806.0,0.09,0.1,0.09,34.0,1798,0.1211025390625,False,2026-10-01 13:30:00+00:00,SPY261016C00806000
SPY,2026-10-02,763.99,2026-10-16,C,807.0,0.08,0.09,0.09,9.0,1406,0.12183495361328125,False,2026-10-01 19:49:03+00:00,SPY261016C00807000
SPY,2026-10-02,763.99,2026-10-16,C,808.0,0.08,0.09,0.11,16.0,787,0.124032197265625,False,2026-09-30 20:10:13+00:00,SPY261016C00808000
SPY,2026-10-02,763.99,2026-10-16,C,809.0,0.07,0.08,0.06,34.0,4192,0.1245204736328125,False,2026-10-01 15:13:35+00:00,SPY261016C00809000
SPY,2026-10-02,763.99,2026-10-16,C,810.0,0.07,0.08,0.07,685.0,16543,0.12696185546875,False,2026-10-01 19:40:18+00:00,SPY261016C00810000
SPY,2026-10-02,763.99,2026-10-16,C,815.0,0.05,0.06,0.05,76.0,16102,0.1333094482421875,False,2026-10-01 19:48:57+00:00,SPY261016C00815000
SPY,2026-10-02,763.99,2026-10-16,C,820.0,0.04,0.05,0.04,343.0,16292,0.141610146484375,False,2026-10-01 20:08:26+00:00,SPY261016C00820000
SPY,2026-10-02,763.99,2026-10-16,C,825.0,0.03,0.04,0.04,154.0,15719,0.148446015625,False,2026-10-01 16:28:48+00:00,SPY261016C00825000
SPY,2026-10-02,763.99,2026-10-16,C,830.0,0.02,0.03,0.03,248.0,18359,0.15332877929687502,False,2026-10-01 19:31:00+00:00,SPY261016C00830000
SPY,2026-10-02,763.99,2026-10-16,C,835.0,0.02,0.03,0.02,230.0,3149,0.16407085937500002,False,2026-10-01 19:38:26+00:00,SPY261016C00835000
SPY,2026-10-02,763.99,2026-10-16,C,840.0,0.02,0.03,0.02,469.0,3068,0.17383638671875,False,2026-10-01 19:01:44+00:00,SPY261016C00840000
SPY,2026-10-02,763.99,2026-10-16,C,845.0,0.01,0.02,0.02,1607.0,1789,0.1757894921875,False,2026-10-01 19:43:51+00:00,SPY261016C00845000
SPY,2026-10-02,763.99,2026-10-16,C,850.0,0.01,0.02,0.02,524.0,9741,0.18555501953124998,False,2026-10-01 16:41:43+00:00,SPY261016C00850000
SPY,2026-10-02,763.99,2026-10-16,C,855.0,0.01,0.02,0.02,800.0,774,0.194343994140625,False,2026-10-01 14:39:38+00:00,SPY261016C00855000
SPY,2026-10-02,763.99,2026-10-16,C,860.0,0.01,0.02,0.02,80.0,2137,0.20313296874999998,False,2026-10-01 14:56:11+00:00,SPY261016C00860000
SPY,2026-10-02,763.99,2026-10-16,C,865.0,0.01,0.02,0.02,2.0,1479,0.21289849609375,False,2026-09-30 16:32:40+00:00,SPY261016C00865000
SPY,2026-10-02,763.99,2026-10-16,C,870.0,0.01,0.02,0.01,2.0,2235,0.22071091796874998,False,2026-10-01 14:39:58+00:00,SPY261016C00870000
SPY,2026-10-02,763.99,2026-10-16,C,875.0,0.0,0.01,0.01,1.0,1385,0.2148516015625,False,2026-10-01 19:59:31+00:00,SPY261016C00875000
SPY,2026-10-02,763.99,2026-10-16,C,880.0,0.0,0.01,0.01,1.0,395,0.22657023437499998,False,2026-09-24 18:59:27+00:00,SPY261016C00880000
SPY,2026-10-02,763.99,2026-10-16,C,885.0,0.0,0.01,0.01,1.0,3228,0.23438265625,False,2026-09-29 14:11:58+00:00,SPY261016C00885000
SPY,2026-10-02,763.99,2026-10-16,C,890.0,0.0,0.01,0.02,1.0,2619,0.242195078125,False,2026-09-30 18:27:57+00:00,SPY261016C00890000
SPY,2026-10-02,763.99,2026-10-16,C,895.0,0.0,0.01,0.01,241.0,1151,0.2500075,False,2026-09-30 14:06:41+00:00,SPY261016C00895000
SPY,2026-10-02,763.99,2026-10-16,C,900.0,0.0,0.01,0.02,281.0,5705,0.257819921875,False,2026-09-30 16:43:45+00:00,SPY261016C00900000
SPY,2026-10-02,763.99,2026-10-16,C,905.0,0.0,0.01,0.01,20.0,4009,0.26563234375,False,2026-09-29 13:35:11+00:00,SPY261016C00905000
SPY,2026-10-02,763.99,2026-10-16,C,910.0,0.0,0.01,0.01,1.0,4029,0.273444765625,False,2026-09-24 18:21:44+00:00,SPY261016C00910000
SPY,2026-10-02,763.99,2026-10-16,C,915.0,0.0,0.01,0.01,60.0,4488,0.28125718749999995,False,2026-09-25 19:41:29+00:00,SPY261016C00915000
SPY,2026-10-02,763.99,2026-10-16,C,920.0,0.0,0.01,0.01,280.0,368,0.2890696093749999,False,2026-09-14 16:46:21+00:00,SPY261016C00920000
SPY,2026-10-02,763.99,2026-10-16,C,925.0,0.0,0.01,0.01,4.0,359,0.29688203124999996,False,2026-09-28 19:58:37+00:00,SPY261016C00925000
SPY,2026-10-02,763.99,2026-10-16,C,930.0,0.0,0.01,0.01,1.0,371,0.304694453125,False,2026-09-11 13:30:51+00:00,SPY261016C00930000
SPY,2026-10-02,763.99,2026-10-16,C,935.0,0.0,0.01,0.01,1.0,598,0.31250687499999996,False,2026-09-15 15:20:35+00:00,SPY261016C00935000
SPY,2026-10-02,763.99,2026-10-16,C,940.0,0.0,0.01,0.01,28.0,1022,0.32031929687499994,False,2026-09-08 14:43:42+00:00,SPY261016C00940000
SPY,2026-10-02,763.99,2026-10-16,C,945.0,0.0,0.01,0.02,1101.0,1136,0.32813171874999997,False,2026-08-24 19:14:01+00:00,SPY261016C00945000
SPY,2026-10-02,763.99,2026-10-16,C,950.0,0.0,0.01,0.01,200.0,1177,0.335944140625,False,2026-09-10 13:42:49+00:00,SPY261016C00950000
SPY,2026-10-02,763.99,2026-10-16,C,955.0,0.0,0.01,0.01,1.0,18,0.3437565625,False,2026-09-01 14:03:48+00:00,SPY261016C00955000
SPY,2026-10-02,763.99,2026-10-16,C,960.0,0.0,0.01,0.01,596.0,1188,0.34766277343749996,False,2026-09-02 14:47:54+00:00,SPY261016C00960000
SPY,2026-10-02,763.99,2026-10-16,C,965.0,0.0,0.01,0.01,206.0,785,0.35547519531249994,False,2026-09-04 20:08:29+00:00,SPY261016C00965000
SPY,2026-10-02,763.99,2026-10-16,C,970.0,0.0,0.01,0.01,10.0,782,0.3632876171875,False,2026-09-08 15:29:45+00:00,SPY261016C00970000
SPY,2026-10-02,763.99,2026-10-16,C,975.0,0.0,0.01,0.01,745.0,1299,0.3711000390625,False,2026-09-04 20:14:50+00:00,SPY261016C00975000
SPY,2026-10-02,763.99,2026-10-16,C,980.0,0.0,0.01,0.05,532.0,290,0.37500625,False,2026-08-04 14:11:08+00:00,SPY261016C00980000
SPY,2026-10-02,763.99,2026-10-16,C,985.0,0.0,0.01,0.01,407.0,595,0.38281867187499996,False,2026-08-28 19:59:44+00:00,SPY261016C00985000
SPY,2026-10-02,763.99,2026-10-16,C,990.0,0.0,0.01,0.01,407.0,628,0.39063109375,False,2026-08-28 19:59:44+00:00,SPY261016C00990000
SPY,2026-10-02,763.99,2026-10-16,C,995.0,0.0,0.01,0.01,1.0,72,0.398443515625,False,2026-08-25 15:10:26+00:00,SPY261016C00995000
SPY,2026-10-02,763.99,2026-10-16,C,1000.0,0.0,0.01,0.01,2.0,1254,0.4062559375,False,2026-09-29 13:30:02+00:00,SPY261016C01000000
SPY,2026-10-02,763.99,2026-10-16,P,300.0,0.0,0.01,0.01,1.0,5236,1.2812535937499998,False,2026-09-30 16:57:30+00:00,SPY261016P00300000
SPY,2026-10-02,763.99,2026-10-16,P,305.0,0.0,0.01,0.01,1.0,2490,1.2500037499999999,False,2026-09-25 17:28:45+00:00,SPY261016P00305000
SPY,2026-10-02,763.99,2026-10-16,P,310.0,0.0,0.01,0.01,220.0,4501,1.2500037499999999,False,2026-09-15 18:43:06+00:00,SPY261016P00310000
SPY,2026-10-02,763.99,2026-10-16,P,315.0,0.0,0.01,0.01,600.0,3539,1.21875390625,False,2026-09-16 20:14:45+00:00,SPY261016P00315000
SPY,2026-10-02,763.99,2026-10-16,P,320.0,0.0,0.01,0.02,1641.0,2456,1.1875040625,False,2026-08-27 19:36:40+00:00,SPY261016P00320000
SPY,2026-10-02,763.99,2026-10-16,P,325.0,0.0,0.01,0.01,1.0,426,1.1875040625,False,2026-09-25 17:28:33+00:00,SPY261016P00325000
SPY,2026-10-02,763.99,2026-10-16,P,330.0,0.0,0.01,0.01,200.0,4675,1.15625421875,False,2026-09-17 16:13:20+00:00,SPY261016P00330000
SPY,2026-10-02,763.99,2026-10-16,P,335.0,0.0,0.01,0.01,2.0,1158,1.125004375,False,2026-09-17 13:30:11+00:00,SPY261016P00335000
SPY,2026-10-02,763.99,2026-10-16,P,340.0,0.0,0.01,0.03,400.0,673,1.125004375,False,2026-09-10 15:40:04+00:00,SPY261016P00340000
SPY,2026-10-02,763.99,2026-10-16,P,345.0,0.0,0.01,0.02,200.0,1045,1.09375453125,False,2026-09-11 19:55:46+00:00,SPY261016P00345000
SPY,2026-10-02,763.99,2026-10-16,P,350.0,0.0,0.01,0.01,2.0,6255,1.0781296093750001,False,2026-09-25 17:28:21+00:00,SPY261016P00350000
SPY,2026-10-02,763.99,2026-10-16,P,355.0,0.0,0.01,0.01,1.0,11300,1.0625046875000002,False,2026-09-25 17:28:08+00:00,SPY261016P00355000
SPY,2026-10-02,763.99,2026-10-16,P,360.0,0.0,0.01,0.01,1.0,5728,1.0312548437500002,False,2026-09-21 14:38:01+00:00,SPY261016P00360000
SPY,2026-10-02,763.99,2026-10-16,P,365.0,0.0,0.01,0.01,48.0,1815,1.0312548437500002,False,2026-09-17 13:41:25+00:00,SPY261016P00365000
SPY,2026-10-02,763.99,2026-10-16,P,370.0,0.0,0.01,0.01,102.0,10620,1.000005,False,2026-09-18 16:03:39+00:00,SPY261016P00370000
SPY,2026-10-02,763.99,2026-10-16,P,375.0,0.0,0.01,0.01,1.0,6868,0.98437515625,False,2026-09-25 17:27:55+00:00,SPY261016P00375000
SPY,2026-10-02,763.99,2026-10-16,P,380.0,0.0,0.01,0.01,2.0,2808,0.9687503125,False,2026-09-25 17:27:40+00:00,SPY261016P00380000
SPY,2026-10-02,763.99,2026-10-16,P,385.0,0.0,0.01,0.01,1.0,3790,0.9531254687499999,False,2026-09-25 17:27:25+00:00,SPY261016P00385000
SPY,2026-10-02,763.99,2026-10-16,P,390.0,0.0,0.01,0.01,800.0,4584,0.937500625,False,2026-09-24 14:01:22+00:00,SPY261016P00390000
SPY,2026-10-02,763.99,2026-10-16,P,395.0,0.0,0.01,0.01,4.0,4063,0.9062509375,False,2026-09-24 20:13:25+00:00,SPY261016P00395000
SPY,2026-10-02,763.99,2026-10-16,P,400.0,0.0,0.01,0.01,50.0,21695,0.9062509375,False,2026-09-24 13:30:00+00:00,SPY261016P00400000
SPY,2026-10-02,763.99,2026-10-16,P,405.0,0.0,0.01,0.01,1503.0,6236,0.87500125,False,2026-09-25 17:27:08+00:00,SPY261016P00405000
SPY,2026-10-02,763.99,2026-10-16,P,410.0,0.0,0.01,0.01,1500.0,14221,0.87500125,False,2026-09-25 15:48:04+00:00,SPY261016P00410000
SPY,2026-10-02,763.99,2026-10-16,P,415.0,0.0,0.01,0.01,2.0,1105,0.8437515624999999,False,2026-09-29 16:45:27+00:00,SPY261016P00415000
SPY,2026-10-02,763.99,2026-10-16,P,420.0,0.0,0.01,0.01,27.0,2102,0.8437515624999999,False,2026-09-28 16:38:10+00:00,SPY261016P00420000
SPY,2026-10-02,763.99,2026-10-16,P,425.0,0.0,0.01,0.01,3.0,154945,0.8125018749999999,False,2026-09-25 19:32:06+00:00,SPY261016P00425000
SPY,2026-10-02,763.99,2026-10-16,P,430.0,0.0,0.01,0.01,9.0,15749,0.8125018749999999,False,2026-09-29 18:43:40+00:00,SPY261016P00430000
SPY,2026-10-02,763.99,2026-10-16,P,435.0,0.0,0.01,0.01,50.0,1872,0.7812521875,False,2026-09-25 20:14:57+00:00,SPY261016P00435000
SPY,2026-10-02,763.99,2026-10-16,P,440.0,0.0,0.01,0.01,830.0,1411,0.7812521875,False,2026-09-25 20:14:29+00:00,SPY261016P00440000
SPY,2026-10-02,763.99,2026-10-16,P,445.0,0.0,0.01,0.01,2.0,4548,0.7500025,False,2026-09-30 13:30:06+00:00,SPY261016P00445000
SPY,2026-10-02,763.99,2026-10-16,P,450.0,0.0,0.01,0.01,10.0,3954,0.7500025,False,2026-10-01 16:13:52+00:00,SPY261016P00450000
SPY,2026-10-02,763.99,2026-10-16,P,455.0,0.0,0.01,0.01,3816.0,3373,0.73437765625,False,2026-09-30 18:31:27+00:00,SPY261016P00455000
SPY,2026-10-02,763.99,2026-10-16,P,460.0,0.0,0.01,0.01,50.0,2198,0.7187528125,False,2026-10-01 19:59:26+00:00,SPY261016P00460000
SPY,2026-10-02,763.99,2026-10-16,P,465.0,0.01,0.02,0.03,1520.0,3710,0.7578149218750001,False,2026-09-28 19:46:25+00:00,SPY261016P00465000
SPY,2026-10-02,763.99,2026-10-16,P,470.0,0.01,0.02,0.02,35.0,4216,0.7421900781249999,False,2026-09-28 20:14:42+00:00,SPY261016P00470000
SPY,2026-10-02,763.99,2026-10-16,P,475.0,0.01,0.02,0.02,228.0,3132,0.726565234375,False,2026-09-29 16:53:58+00:00,SPY261016P00475000
SPY,2026-10-02,763.99,2026-10-16,P,480.0,0.01,0.02,0.02,240.0,2302,0.710940390625,False,2026-10-01 14:41:22+00:00,SPY261016P00480000
SPY,2026-10-02,763.99,2026-10-16,P,485.0,0.01,0.02,0.02,94.0,365,0.6953155468750001,False,2026-10-01 15:57:57+00:00,SPY261016P00485000
SPY,2026-10-02,763.99,2026-10-16,P,490.0,0.01,0.02,0.02,200.0,302,0.6796907031250001,False,2026-10-01 16:33:14+00:00,SPY261016P00490000
SPY,2026-10-02,763.99,2026-10-16,P,495.0,0.01,0.02,0.02,204.0,457,0.6679720703125002,False,2026-10-01 19:27:46+00:00,SPY261016P00495000
SPY,2026-10-02,763.99,2026-10-16,P,500.0,0.01,0.02,0.02,45.0,8803,0.6562534375000001,False,2026-10-01 19:47:08+00:00,SPY261016P00500000
SPY,2026-10-02,763.99,2026-10-16,P,505.0,0.01,0.02,0.03,372.0,692,0.64062859375,False,2026-09-30 20:09:35+00:00,SPY261016P00505000
SPY,2026-10-02,763.99,2026-10-16,P,510.0,0.01,0.02,0.02,327.0,1644,0.6250037500000001,False,2026-09-30 16:43:26+00:00,SPY261016P00510000
SPY,2026-10-02,763.99,2026-10-16,P,515.0,0.02,0.03,0.02,2840.0,479,0.6367223828125,False,2026-10-01 20:13:44+00:00,SPY261016P00515000
SPY,2026-10-02,763.99,2026-10-16,P,520.0,0.02,0.03,0.02,1080.0,1104,0.6210975390625001,False,2026-10-01 20:13:41+00:00,SPY261016P00520000
SPY,2026-10-02,763.99,2026-10-16,P,525.0,0.02,0.03,0.02,126.0,301761,0.6054726953125001,False,2026-10-01 18:37:11+00:00,SPY261016P00525000
SPY,2026-10-02,763.99,2026-10-16,P,530.0,0.02,0.03,0.02,101.0,893,0.5937540625000001,False,2026-10-01 19:10:54+00:00,SPY261016P00530000
SPY,2026-10-02,763.99,2026-10-16,P,535.0,0.02,0.03,0.03,72.0,726,0.57812921875,False,2026-10-01 17:35:52+00:00,SPY261016P00535000
SPY,2026-10-02,763.99,2026-10-16,P,540.0,0.02,0.03,0.03,6.0,4708,0.5644574804687501,False,2026-09-30 16:44:01+00:00,SPY261016P00540000
SPY,2026-10-02,763.99,2026-10-16,P,545.0,0.03,0.04,0.04,1062.0,1425,0.5664105859375,False,2026-10-01 16:08:01+00:00,SPY261016P00545000
SPY,2026-10-02,763.99,2026-10-16,P,550.0,0.03,0.04,0.05,8.0,12058,0.55273884765625,False,2026-10-01 14:48:19+00:00,SPY261016P00550000
SPY,2026-10-02,763.99,2026-10-16,P,555.0,0.03,0.04,0.04,1024.0,2779,0.5390671093750001,False,2026-10-01 17:51:10+00:00,SPY261016P00555000
SPY,2026-10-02,763.99,2026-10-16,P,560.0,0.04,0.05,0.05,4.0,318,0.5371140039062501,False,2026-09-30 14:46:56+00:00,SPY261016P00560000
SPY,2026-10-02,763.99,2026-10-16,P,565.0,0.04,0.05,0.05,6.0,972,0.523442265625,False,2026-10-01 18:36:38+00:00,SPY261016P00565000
SPY,2026-10-02,763.99,2026-10-16,P,570.0,0.04,0.05,0.05,24.0,1334,0.507817421875,False,2026-10-01 19:46:20+00:00,SPY261016P00570000
SPY,2026-10-02,763.99,2026-10-16,P,575.0,0.04,0.05,0.05,125.0,1217,0.500005,False,2026-10-01 18:30:22+00:00,SPY261016P00575000
SPY,2026-10-02,763.99,2026-10-16,P,580.0,0.05,0.06,0.08,10.0,1643,0.49414568359375005,False,2026-10-01 15:45:21+00:00,SPY261016P00580000
SPY,2026-10-02,763.99,2026-10-16,P,585.0,0.05,0.06,0.06,21.0,1735,0.4804739453125,False,2026-10-01 19:34:44+00:00,SPY261016P00585000
SPY,2026-10-02,763.99,2026-10-16,P,590.0,0.06,0.07,0.07,15.0,3191,0.47363807617187503,False,2026-10-01 18:02:47+00:00,SPY261016P00590000
SPY,2026-10-02,763.99,2026-10-16,P,595.0,0.06,0.07,0.06,59.0,1789,0.45898978515625005,False,2026-10-01 19:05:11+00:00,SPY261016P00595000
SPY,2026-10-02,763.99,2026-10-16,P,600.0,0.07,0.08,0.11,34.0,12683,0.45117736328125,False,2026-10-01 14:52:31+00:00,SPY261016P00600000
SPY,2026-10-02,763.99,2026-10-16,P,605.0,0.07,0.08,0.07,155.0,2697,0.437505625,False,2026-10-01 19:19:41+00:00,SPY261016P00605000
SPY,2026-10-02,763.99,2026-10-16,P,610.0,0.08,0.09,0.09,104.0,3574,0.428716650390625,False,2026-10-01 20:07:38+00:00,SPY261016P00610000
SPY,2026-10-02,763.99,2026-10-16,P,615.0,0.09,0.1,0.1,3.0,1308,0.41992767578125,False,2026-10-01 18:19:08+00:00,SPY261016P00615000
SPY,2026-10-02,763.99,2026-10-16,P,620.0,0.09,0.1,0.13,4.0,4042,0.405279384765625,False,2026-10-01 14:45:19+00:00,SPY261016P00620000
SPY,2026-10-02,763.99,2026-10-16,P,625.0,0.1,0.11,0.1,172.0,156692,0.39551385742187506,False,2026-10-01 19:06:52+00:00,SPY261016P00625000
SPY,2026-10-02,763.99,2026-10-16,P,630.0,0.11,0.12,0.11,12.0,33455,0.3857483300781249,False,2026-10-01 19:40:20+00:00,SPY261016P00630000
SPY,2026-10-02,763.99,2026-10-16,P,635.0,0.12,0.13,0.12,52.0,2397,0.37500625,False,2026-10-01 19:25:19+00:00,SPY261016P00635000
SPY,2026-10-02,763.99,2026-10-16,P,640.0,0.13,0.14,0.13,82.0,5980,0.36377589355468753,False,2026-10-01 18:54:46+00:00,SPY261016P00640000
SPY,2026-10-02,763.99,2026-10-16,P,645.0,0.14,0.15,0.15,65.0,5544,0.352545537109375,False,2026-10-01 20:04:40+00:00,SPY261016P00645000
SPY,2026-10-02,763.99,2026-10-16,P,650.0,0.15,0.16,0.15,148.0,26868,0.3413151806640625,False,2026-10-01 18:54:06+00:00,SPY261016P00650000
SPY,2026-10-02,763.99,2026-10-16,P,655.0,0.16,0.17,0.2,35.0,13655,0.32910827148437494,False,2026-10-01 15:35:51+00:00,SPY261016P00655000
SPY,2026-10-02,763.99,2026-10-16,P,660.0,0.17,0.18,0.17,128.0,12236,0.317389638671875,False,2026-10-01 19:44:28+00:00,SPY261016P00660000
SPY,2026-10-02,763.99,2026-10-16,P,665.0,0.19,0.2,0.27,137.0,5381,0.30713583496093744,False,2026-10-01 16:56:50+00:00,SPY261016P00665000
SPY,2026-10-02,763.99,2026-10-16,P,670.0,0.21,0.22,0.21,276.0,16848,0.2963937548828125,False,2026-10-01 19:38:04+00:00,SPY261016P00670000
SPY,2026-10-02,763.99,2026-10-16,P,675.0,0.23,0.24,0.23,145.0,14777,0.2854075366210937,False,2026-10-01 19:25:19+00:00,SPY261016P00675000
SPY,2026-10-02,763.99,2026-10-16,P,680.0,0.25,0.26,0.26,7046.0,33259,0.2739330419921875,False,2026-10-01 19:54:52+00:00,SPY261016P00680000
SPY,2026-10-02,763.99,2026-10-16,P,685.0,0.27,0.28,0.3,283.0,9704,0.2617261328125,False,2026-10-01 20:04:40+00:00,SPY261016P00685000
SPY,2026-10-02,763.99,2026-10-16,P,690.0,0.31,0.32,0.33,5212.0,19797,0.25196060546875,False,2026-10-01 20:05:35+00:00,SPY261016P00690000
SPY,2026-10-02,763.99,2026-10-16,P,695.0,0.34,0.35,0.36,540.0,6976,0.24024197265624997,False,2026-10-01 19:59:42+00:00,SPY261016P00695000
SPY,2026-10-02,763.99,2026-10-16,P,700.0,0.39,0.4,0.39,3888.0,32693,0.2299881689453125,False,2026-10-01 20:14:56+00:00,SPY261016P00700000
SPY,2026-10-02,763.99,2026-10-16,P,701.0,0.4,0.41,0.41,187.0,2904,0.22779092529296874,False,2026-10-01 19:22:47+00:00,SPY261016P00701000
SPY,2026-10-02,763.99,2026-10-16,P,702.0,0.41,0.42,0.46,6.0,1130,0.225593681640625,False,2026-10-01 14:15:21+00:00,SPY261016P00702000
SPY,2026-10-02,763.99,2026-10-16,P,703.0,0.42,0.43,0.65,1.0,1378,0.22327436889648436,False,2026-10-01 15:24:35+00:00,SPY261016P00703000
SPY,2026-10-02,763.99,2026-10-16,P,704.0,0.43,0.44,0.72,69.0,1569,0.22095505615234373,False,2026-10-01 14:06:37+00:00,SPY261016P00704000
SPY,2026-10-02,763.99,2026-10-16,P,705.0,0.45,0.46,0.47,371.0,13285,0.21949022705078125,False,2026-10-01 20:02:40+00:00,SPY261016P00705000
SPY,2026-10-02,763.99,2026-10-16,P,706.0,0.46,0.47,0.74,123.0,1082,0.2172929833984375,False,2026-10-01 15:21:00+00:00,SPY261016P00706000
SPY,2026-10-02,763.99,2026-10-16,P,707.0,0.47,0.48,0.5,21.0,1195,0.2148516015625,False,2026-10-01 14:56:25+00:00,SPY261016P00707000
SPY,2026-10-02,763.99,2026-10-16,P,708.0,0.49,0.5,0.5,41.0,3350,0.21314263427734376,False,2026-10-01 19:45:54+00:00,SPY261016P00708000
SPY,2026-10-02,763.99,2026-10-16,P,709.0,0.51,0.52,0.54,63.0,2348,0.21143366699218746,False,2026-10-01 15:48:42+00:00,SPY261016P00709000
SPY,2026-10-02,763.99,2026-10-16,P,710.0,0.52,0.53,0.56,729.0,19689,0.20899228515624996,False,2026-10-01 20:02:40+00:00,SPY261016P00710000
SPY,2026-10-02,763.99,2026-10-16,P,711.0,0.54,0.55,0.92,128.0,3898,0.20716124877929684,False,2026-10-01 15:35:43+00:00,SPY261016P00711000
SPY,2026-10-02,763.99,2026-10-16,P,712.0,0.56,0.57,0.58,135.0,1258,0.20533021240234373,False,2026-10-01 20:00:08+00:00,SPY261016P00712000
SPY,2026-10-02,763.99,2026-10-16,P,713.0,0.58,0.59,0.6,26.0,1114,0.20337710693359373,False,2026-10-01 20:13:51+00:00,SPY261016P00713000
SPY,2026-10-02,763.99,2026-10-16,P,714.0,0.6,0.61,0.63,372.0,4745,0.20130193237304686,False,2026-10-01 19:11:27+00:00,SPY261016P00714000
SPY,2026-10-02,763.99,2026-10-16,P,715.0,0.62,0.63,0.64,612.0,8122,0.1992267578125,False,2026-10-01 20:06:21+00:00,SPY261016P00715000
SPY,2026-10-02,763.99,2026-10-16,P,716.0,0.64,0.65,0.68,495.0,10745,0.19715158325195312,False,2026-10-01 19:21:35+00:00,SPY261016P00716000
SPY,2026-10-02,763.99,2026-10-16,P,717.0,0.67,0.68,0.81,106.0,1293,0.19556468505859376,False,2026-10-01 18:00:17+00:00,SPY261016P00717000
SPY,2026-10-02,763.99,2026-10-16,P,718.0,0.69,0.7,0.73,228.0,4593,0.19336744140625,False,2026-10-01 19:04:02+00:00,SPY261016P00718000
SPY,2026-10-02,763.99,2026-10-16,P,719.0,0.72,0.73,0.75,436.0,1330,0.19159743957519532,False,2026-10-01 19:36:05+00:00,SPY261016P00719000
SPY,2026-10-02,763.99,2026-10-16,P,720.0,0.75,0.76,0.75,1747.0,33866,0.18982743774414065,False,2026-10-01 20:14:50+00:00,SPY261016P00720000
SPY,2026-10-02,763.99,2026-10-16,P,721.0,0.78,0.79,0.85,221.0,1298,0.1878743322753906,False,2026-10-01 17:30:03+00:00,SPY261016P00721000
SPY,2026-10-02,763.99,2026-10-16,P,722.0,0.82,0.83,0.83,316.0,20652,0.18640950317382812,False,2026-10-01 19:15:06+00:00,SPY261016P00722000
SPY,2026-10-02,763.99,2026-10-16,P,723.0,0.85,0.86,0.85,183.0,6023,0.18433432861328125,False,2026-10-01 20:14:16+00:00,SPY261016P00723000
SPY,2026-10-02,763.99,2026-10-16,P,724.0,0.89,0.9,0.88,1219.0,26500,0.1826863958740234,False,2026-10-01 19:53:21+00:00,SPY261016P00724000
SPY,2026-10-02,763.99,2026-10-16,P,725.0,0.93,0.94,0.98,1898.0,59144,0.18091639404296872,False,2026-10-01 20:10:47+00:00,SPY261016P00725000
SPY,2026-10-02,763.99,2026-10-16,P,726.0,0.97,0.98,1.02,554.0,12740,0.1790853576660156,False,2026-10-01 20:05:37+00:00,SPY261016P00726000
SPY,2026-10-02,763.99,2026-10-16,P,727.0,1.02,1.03,0.99,453.0,15792,0.1775594940185547,False,2026-10-01 18:19:46+00:00,SPY261016P00727000
SPY,2026-10-02,763.99,2026-10-16,P,728.0,1.06,1.08,1.07,614.0,25114,0.17591156127929689,False,2026-10-01 19:40:38+00:00,SPY261016P00728000
SPY,2026-10-02,763.99,2026-10-16,P,729.0,1.11,1.13,1.15,56535.0,33974,0.17420259399414065,False,2026-10-01 20:13:27+00:00,SPY261016P00729000
SPY,2026-10-02,763.99,2026-10-16,P,730.0,1.17,1.18,1.17,3692.0,58583,0.17231052307128908,False,2026-10-01 20:14:29+00:00,SPY261016P00730000
SPY,2026-10-02,763.99,2026-10-16,P,731.0,1.22,1.24,1.29,190.0,2210,0.17072362487792972,False,2026-10-01 19:58:02+00:00,SPY261016P00731000
SPY,2026-10-02,763.99,2026-10-16,P,732.0,1.29,1.3,1.31,2301.0,56410,0.16901465759277345,False,2026-10-01 19:32:35+00:00,SPY261016P00732000
SPY,2026-10-02,763.99,2026-10-16,P,733.0,1.35,1.37,1.4,30374.0,29974,0.16754982849121097,False,2026-10-01 20:05:19+00:00,SPY261016P00733000
SPY,2026-10-02,763.99,2026-10-16,P,734.0,1.42,1.44,1.43,25778.0,14246,0.16590189575195316,False,2026-10-01 20:13:56+00:00,SPY261016P00734000
SPY,2026-10-02,763.99,2026-10-16,P,735.0,1.49,1.51,1.57,3789.0,30672,0.1641929284667969,False,2026-10-01 20:04:33+00:00,SPY261016P00735000
SPY,2026-10-02,763.99,2026-10-16,P,736.0,1.57,1.59,1.57,507.0,37932,0.1626060302734375,False,2026-10-01 20:14:54+00:00,SPY261016P00736000
SPY,2026-10-02,763.99,2026-10-16,P,737.0,1.66,1.68,1.66,391.0,5402,0.16120223571777342,False,2026-10-01 19:17:30+00:00,SPY261016P00737000
SPY,2026-10-02,763.99,2026-10-16,P,738.0,1.74,1.76,1.75,415.0,8978,0.1593711993408203,False,2026-10-01 20:13:56+00:00,SPY261016P00738000
SPY,2026-10-02,763.99,2026-10-16,P,739.0,1.83,1.86,1.84,932.0,3387,0.1579063702392578,False,2026-10-01 19:20:48+00:00,SPY261016P00739000
SPY,2026-10-02,763.99,2026-10-16,P,740.0,1.93,1.96,1.94,28228.0,46883,0.1563499893188477,False,2026-10-01 20:14:47+00:00,SPY261016P00740000
SPY,2026-10-02,763.99,2026-10-16,P,741.0,2.04,2.06,1.96,1372.0,4430,0.15461050476074223,False,2026-10-01 19:50:32+00:00,SPY261016P00741000
SPY,2026-10-02,763.99,2026-10-16,P,742.0,2.15,2.17,2.24,1641.0,8314,0.15296257202148442,False,2026-10-01 19:58:00+00:00,SPY261016P00742000
SPY,2026-10-02,763.99,2026-10-16,P,743.0,2.27,2.29,2.32,412.0,4245,0.15143670837402345,False,2026-10-01 20:01:56+00:00,SPY261016P00743000
SPY,2026-10-02,763.99,2026-10-16,P,744.0,2.4,2.42,2.37,639.0,3290,0.14994136199951175,False,2026-10-01 20:14:54+00:00,SPY261016P00744000
SPY,2026-10-02,763.99,2026-10-16,P,745.0,2.53,2.55,2.51,3952.0,52324,0.1482629119873047,False,2026-10-01 20:14:54+00:00,SPY261016P00745000
SPY,2026-10-02,763.99,2026-10-16,P,746.0,2.67,2.7,2.63,821.0,2185,0.14688963470458982,False,2026-10-01 19:54:30+00:00,SPY261016P00746000
SPY,2026-10-02,763.99,2026-10-16,P,747.0,2.82,2.84,2.88,1334.0,4343,0.14508911560058596,False,2026-10-01 19:16:30+00:00,SPY261016P00747000
SPY,2026-10-02,763.99,2026-10-16,P,748.0,2.98,3.0,3.06,915.0,4419,0.14350221740722657,False,2026-10-01 19:56:55+00:00,SPY261016P00748000
SPY,2026-10-02,763.99,2026-10-16,P,749.0,3.15,3.17,3.2,1193.0,2417,0.1419763537597656,False,2026-10-01 20:05:31+00:00,SPY261016P00749000
SPY,2026-10-02,763.99,2026-10-16,P,750.0,3.32,3.35,3.32,19456.0,71432,0.14038945556640625,False,2026-10-01 20:14:54+00:00,SPY261016P00750000
SPY,2026-10-02,763.99,2026-10-16,P,751.0,3.51,3.53,3.63,967.0,3081,0.13861945373535156,False,2026-10-01 19:58:50+00:00,SPY261016P00751000
SPY,2026-10-02,763.99,2026-10-16,P,752.0,3.71,3.73,3.78,1840.0,7990,0.13703255554199223,False,2026-10-01 19:53:57+00:00,SPY261016P00752000
SPY,2026-10-02,763.99,2026-10-16,P,753.0,3.92,3.94,4.06,5848.0,31852,0.13538462280273442,False,2026-10-01 19:59:58+00:00,SPY261016P00753000
SPY,2026-10-02,763.99,2026-10-16,P,754.0,4.14,4.16,4.37,915.0,3055,0.13370617279052732,False,2026-10-01 19:59:33+00:00,SPY261016P00754000
SPY,2026-10-02,763.99,2026-10-16,P,755.0,4.37,4.4,4.4,15181.0,23999,0.13214979187011722,False,2026-10-01 20:14:31+00:00,SPY261016P00755000
SPY,2026-10-02,763.99,2026-10-16,P,756.0,4.61,4.65,4.68,876.0,2701,0.13050185913085935,False,2026-10-01 20:09:19+00:00,SPY261016P00756000
SPY,2026-10-02,763.99,2026-10-16,P,757.0,4.87,4.91,4.95,804.0,27655,0.1287928918457031,False,2026-10-01 20:09:12+00:00,SPY261016P00757000
SPY,2026-10-02,763.99,2026-10-16,P,758.0,5.15,5.19,5.18,1590.0,5225,0.1271449591064453,False,2026-10-01 20:14:19+00:00,SPY261016P00758000
SPY,2026-10-02,763.99,2026-10-16,P,759.0,5.44,5.48,5.48,889.0,5008,0.12537495727539064,False,2026-10-01 19:53:42+00:00,SPY261016P00759000
SPY,2026-10-02,763.99,2026-10-16,P,760.0,5.75,5.79,5.79,10057.0,22930,0.12366598999023437,False,2026-10-01 20:14:18+00:00,SPY261016P00760000
SPY,2026-10-02,763.99,2026-10-16,P,761.0,6.07,6.11,6.15,6413.0,3560,0.12183495361328125,False,2026-10-01 20:13:13+00:00,SPY261016P00761000
SPY,2026-10-02,763.99,2026-10-16,P,762.0,6.41,6.46,6.45,1708.0,3522,0.12015650360107422,False,2026-10-01 20:13:33+00:00,SPY261016P00762000
SPY,2026-10-02,763.99,2026-10-16,P,763.0,6.78,6.82,6.78,1598.0,3434,0.1183254672241211,False,2026-10-01 20:14:49+00:00,SPY261016P00763000
SPY,2026-10-02,763.99,2026-10-16,P,764.0,7.15,7.2,7.21,2140.0,2179,0.11646391357421876,True,2026-10-01 20:14:21+00:00,SPY261016P00764000
SPY,2026-10-02,763.99,2026-10-16,P,765.0,7.55,7.6,7.58,3128.0,17976,0.11460235992431642,True,2026-10-01 20:14:14+00:00,SPY261016P00765000
SPY,2026-10-02,763.99,2026-10-16,P,766.0,7.97,8.02,8.1,1269.0,5277,0.11267977172851562,True,2026-10-01 20:13:04+00:00,SPY261016P00766000
SPY,2026-10-02,763.99,2026-10-16,P,767.0,8.42,8.47,8.68,1166.0,6954,0.11084873535156249,True,2026-10-01 19:54:10+00:00,SPY261016P00767000
SPY,2026-10-02,763.99,2026-10-16,P,768.0,8.88,8.93,8.73,378.0,14992,0.10877356079101563,True,2026-10-01 19:54:10+00:00,SPY261016P00768000
SPY,2026-10-02,763.99,2026-10-16,P,769.0,9.2,9.56,9.67,108.0,3629,0.10910925079345701,True,2026-10-01 19:37:12+00:00,SPY261016P00769000
SPY,2026-10-02,763.99,2026-10-16,P,770.0,9.84,9.98,9.9,1778.0,13064,0.1054776953125,True,2026-10-01 20:14:40+00:00,SPY261016P00770000
SPY,2026-10-02,763.99,2026-10-16,P,771.0,10.25,10.66,10.33,312.0,2043,0.10587441986083984,True,2026-10-01 19:44:26+00:00,SPY261016P00771000
SPY,2026-10-02,763.99,2026-10-16,P,772.0,10.82,11.24,10.87,95.0,3063,0.10407390075683592,True,2026-10-01 19:44:26+00:00,SPY261016P00772000
SPY,2026-10-02,763.99,2026-10-16,P,773.0,10.7,11.84,11.37,462.0,1930,0.10212079528808593,True,2026-10-01 19:45:58+00:00,SPY261016P00773000
SPY,2026-10-02,763.99,2026-10-16,P,774.0,12.03,12.5,12.83,61.0,2971,0.10077803527832031,True,2026-10-01 19:18:40+00:00,SPY261016P00774000
SPY,2026-10-02,763.99,2026-10-16,P,775.0,12.77,12.95,13.0,605.0,7178,0.09446095977783203,True,2026-10-01 20:01:17+00:00,SPY261016P00775000
SPY,2026-10-02,763.99,2026-10-16,P,776.0,13.32,13.9,15.14,28.0,1447,0.09809251525878906,True,2026-10-01 17:19:12+00:00,SPY261016P00776000
SPY,2026-10-02,763.99,2026-10-16,P,777.0,14.04,14.64,14.37,18.0,1404,0.09681078979492189,True,2026-10-01 19:35:52+00:00,SPY261016P00777000
SPY,2026-10-02,763.99,2026-10-16,P,778.0,13.76,16.23,19.15,40.0,888,0.11463287719726564,True,2026-10-01 15:34:31+00:00,SPY261016P00778000
SPY,2026-10-02,763.99,2026-10-16,P,779.0,14.76,16.97,15.78,5.0,931,0.11338166900634765,True,2026-10-01 19:23:56+00:00,SPY261016P00779000
SPY,2026-10-02,763.99,2026-10-16,P,780.0,15.9,17.72,17.15,309.0,4800,0.11188632263183593,True,2026-10-01 20:06:33+00:00,SPY261016P00780000
SPY,2026-10-02,763.99,2026-10-16,P,781.0,17.0,18.53,17.3,11.0,506,0.11139804626464843,True,2026-10-01 19:09:26+00:00,SPY261016P00781000
SPY,2026-10-02,763.99,2026-10-16,P,782.0,16.8,19.49,15.5,4.0,248,0.11444977355957033,True,2026-09-30 14:11:16+00:00,SPY261016P00782000
SPY,2026-10-02,763.99,2026-10-16,P,783.0,17.67,20.33,19.13,2.0,283,0.11414460083007813,True,2026-10-01 17:50:37+00:00,SPY261016P00783000
SPY,2026-10-02,763.99,2026-10-16,P,784.0,18.47,21.18,23.27,5.0,217,0.11371735900878906,True,2026-10-01 15:21:56+00:00,SPY261016P00784000
SPY,2026-10-02,763.99,2026-10-16,P,785.0,20.55,20.73,20.75,38.0,7159,1.0000000000000003e-05,True,2026-10-01 17:49:48+00:00,SPY261016P00785000
SPY,2026-10-02,763.99,2026-10-16,P,786.0,20.84,22.89,19.64,8.0,117,0.11182528808593749,True,2026-09-28 18:27:56+00:00,SPY261016P00786000
SPY,2026-10-02,763.99,2026-10-16,P,787.0,21.78,23.82,21.46,91.0,89,0.11286287536621094,True,2026-09-28 19:18:56+00:00,SPY261016P00787000
SPY,2026-10-02,763.99,2026-10-16,P,788.0,22.1,24.8,25.12,6.0,28,0.11560942993164064,True,2026-09-29 17:27:37+00:00,SPY261016P00788000
SPY,2026-10-02,763.99,2026-10-16,P,789.0,23.43,25.73,24.71,100.0,40,0.11634184448242188,True,2026-10-01 19:25:09+00:00,SPY261016P00789000
SPY,2026-10-02,763.99,2026-10-16,P,790.0,24.8,26.72,25.5,1707.0,525,0.11927150268554687,True,2026-10-01 19:58:57+00:00,SPY261016P00790000
SPY,2026-10-02,763.99,2026-10-16,P,791.0,25.43,27.73,22.44,5.0,5,0.12305564453125001,True,2026-09-30 16:46:44+00:00,SPY261016P00791000
SPY,2026-10-02,763.99,2026-10-16,P,792.0,25.98,28.77,28.24,100.0,3,0.1281215118408203,True,2026-09-29 18:21:21+00:00,SPY261016P00792000
SPY,2026-10-02,763.99,2026-10-16,P,793.0,27.08,29.77,29.2,100.0,0,0.13147841186523437,True,2026-09-29 18:21:21+00:00,SPY261016P00793000
SPY,2026-10-02,763.99,2026-10-16,P,794.0,28.05,30.77,28.12,1.0,0,0.13477427734375003,True,2026-09-28 14:43:58+00:00,SPY261016P00794000
SPY,2026-10-02,763.99,2026-10-16,P,795.0,29.03,31.77,30.69,4.0,11,0.13807014282226562,True,2026-09-29 19:54:48+00:00,SPY261016P00795000
SPY,2026-10-02,763.99,2026-10-16,P,796.0,30.03,32.77,26.64,180.0,1,0.14136600830078128,True,2026-09-25 15:58:42+00:00,SPY261016P00796000
SPY,2026-10-02,763.99,2026-10-16,P,797.0,30.99,33.77,28.02,42.0,0,0.14466187377929687,True,2026-09-25 15:57:23+00:00,SPY261016P00797000
SPY,2026-10-02,763.99,2026-10-16,P,798.0,32.01,34.77,29.01,36.0,0,0.14783567016601565,True,2026-09-25 15:57:23+00:00,SPY261016P00798000
SPY,2026-10-02,763.99,2026-10-16,P,799.0,32.99,35.77,31.25,2.0,0,0.1511315356445313,True,2026-09-28 16:24:40+00:00,SPY261016P00799000
SPY,2026-10-02,763.99,2026-10-16,P,800.0,34.29,36.71,35.3,2107.0,535,0.15143670837402345,True,2026-10-01 19:31:49+00:00,SPY261016P00800000
SPY,2026-10-02,763.99,2026-10-16,P,802.0,35.99,38.77,34.26,2.0,0,0.1606529248046875,True,2026-09-28 16:24:40+00:00,SPY261016P00802000
SPY,2026-10-02,763.99,2026-10-16,P,803.0,36.99,39.77,35.26,2.0,0,0.1638267211914063,True,2026-09-28 16:24:40+00:00,SPY261016P00803000
SPY,2026-10-02,763.99,2026-10-16,P,804.0,37.99,40.78,36.26,2.0,0,0.16748879394531252,True,2026-09-28 16:24:40+00:00,SPY261016P00804000
SPY,2026-10-02,763.99,2026-10-16,P,805.0,38.99,41.77,33.66,16.0,1,0.1700522448730469,True,2026-09-25 16:44:23+00:00,SPY261016P00805000
SPY,2026-10-02,763.99,2026-10-16,P,806.0,40.0,42.77,34.79,3.0,0,0.17322604125976562,True,2026-09-25 16:37:10+00:00,SPY261016P00806000
SPY,2026-10-02,763.99,2026-10-16,P,807.0,41.0,43.77,35.8,4.0,0,0.17627776855468752,True,2026-09-25 17:15:44+00:00,SPY261016P00807000
SPY,2026-10-02,763.99,2026-10-16,P,810.0,44.0,46.77,45.8,6.0,16,0.1854329504394531,True,2026-10-01 20:03:23+00:00,SPY261016P00810000
SPY,2026-10-02,763.99,2026-10-16,P,815.0,49.0,51.77,50.63,1.0,2,0.2005695178222656,True,2026-10-01 20:12:59+00:00,SPY261016P00815000
SPY,2026-10-02,763.99,2026-10-16,P,820.0,54.0,56.78,52.36,1.0,0,0.215828154296875,True,2026-09-28 14:15:59+00:00,SPY261016P00820000
SPY,2026-10-02,763.99,2026-10-16,P,825.0,59.03,61.78,50.74,1.0,0,0.23035437622070312,True,2026-09-22 14:16:15+00:00,SPY261016P00825000
SPY,2026-10-02,763.99,2026-10-16,P,830.0,64.03,66.77,65.31,8.0,14,0.24390404541015626,True,2026-10-01 19:44:44+00:00,SPY261016P00830000
SPY,2026-10-02,763.99,2026-10-16,P,835.0,69.08,71.77,73.56,4.0,0,0.257819921875,True,2026-09-14 16:57:46+00:00,SPY261016P00835000
SPY,2026-10-02,763.99,2026-10-16,P,840.0,74.11,76.77,72.35,1.0,0,0.27161372924804683,True,2026-09-28 14:19:32+00:00,SPY261016P00840000
SPY,2026-10-02,763.99,2026-10-16,P,845.0,79.04,81.77,77.08,2.0,0,0.28516339843749994,True,2026-09-23 19:49:42+00:00,SPY261016P00845000
SPY,2026-10-02,763.99,2026-10-16,P,850.0,84.08,86.78,85.17,6.0,8,0.29920134399414056,True,2026-10-01 19:42:40+00:00,SPY261016P00850000
SPY,2026-10-02,763.99,2026-10-16,P,855.0,89.08,91.78,89.13,1.0,0,0.31238480590820306,True,2026-09-30 19:49:13+00:00,SPY261016P00855000
SPY,2026-10-02,763.99,2026-10-16,P,860.0,94.0,96.77,100.0,1.0,0,0.32459171508789053,True,2026-09-18 14:11:49+00:00,SPY261016P00860000
SPY,2026-10-02,763.99,2026-10-16,P,865.0,0.0,0.0,99.46,1.0,0,1.0000000000000003e-05,True,2026-08-20 14:19:47+00:00,SPY261016P00865000
SPY,2026-10-02,763.99,2026-10-16,P,870.0,104.01,106.78,108.55,,0,0.3508365698242187,True,2026-09-14 16:59:30+00:00,SPY261016P00870000
SPY,2026-10-02,763.99,2026-10-16,P,875.0,109.0,111.77,113.44,,0,0.36255520263671875,True,2026-09-14 17:01:16+00:00,SPY261016P00875000
SPY,2026-10-02,763.99,2026-10-16,P,880.0,114.0,116.77,116.47,200.0,91,0.37500625,True,2026-10-01 19:25:09+00:00,SPY261016P00880000
SPY,2026-10-02,763.99,2026-10-16,P,890.0,124.08,126.75,128.43,,0,0.397466962890625,True,2026-09-14 17:01:16+00:00,SPY261016P00890000
SPY,2026-10-02,763.99,2026-10-16,P,895.0,129.08,131.77,133.43,4.0,0,0.411138701171875,True,2026-09-14 17:01:17+00:00,SPY261016P00895000
SPY,2026-10-02,763.99,2026-10-16,P,925.0,159.0,161.78,163.51,,0,0.48120635986328125,True,2026-09-14 16:59:31+00:00,SPY261016P00925000
SPY,2026-10-02,763.99,2026-10-16,P,930.0,163.98,166.77,164.9,,0,0.4914601635742188,True,2026-09-02 19:18:14+00:00,SPY261016P00930000
SPY,2026-10-02,763.99,2026-10-16,P,935.0,169.0,171.77,173.4,,0,0.5024463818359376,True,2026-09-14 17:01:16+00:00,SPY261016P00935000
SPY,2026-10-02,763.99,2026-10-16,P,940.0,174.01,176.77,178.5,,0,0.5134326000976561,True,2026-09-14 16:59:21+00:00,SPY261016P00940000
SPY,2026-10-02,763.99,2026-10-16,P,945.0,179.0,181.74,183.5,,0,0.5210008837890624,True,2026-09-14 16:59:29+00:00,SPY261016P00945000
SPY,2026-10-02,763.99,2026-10-16,P,950.0,184.01,186.77,188.5,,0,0.5349167602539062,True,2026-09-14 16:59:20+00:00,SPY261016P00950000
SPY,2026-10-02,763.99,2026-10-16,P,960.0,194.0,196.77,198.49,,0,0.5561567822265626,True,2026-09-14 16:59:31+00:00,SPY261016P00960000
SPY,2026-10-02,763.99,2026-10-16,P,970.0,204.04,206.77,208.58,,0,0.5769085278320312,True,2026-09-14 16:59:02+00:00,SPY261016P00970000
SPY,2026-10-02,763.99,2026-10-16,P,985.0,219.1,221.78,223.47,,0,0.6086464916992189,True,2026-09-14 16:59:29+00:00,SPY261016P00985000
SPY,2026-10-02,763.99,2026-10-16,P,990.0,224.1,226.77,216.29,2.0,0,0.6176796044921876,True,2026-09-22 15:06:28+00:00,SPY261016P00990000
SPY,2026-10-02,763.99,2026-10-16,P,1000.0,253.4,262.51,250.79,,0,1.3846161140441893,True,2026-06-22 14:16:54+00:00,SPY261016P01000000
SPY,2026-10-02,763.99,2026-10-23,C,500.0,264.59,267.33,268.8,3.0,25,0.9508061560058592,True,2026-09-24 18:36:38+00:00,SPY261023C00500000
SPY,2026-10-02,763.99,2026-10-23,C,510.0,254.62,257.34,254.24,1.0,1,0.914185428466797,True,2026-09-29 17:05:12+00:00,SPY261023C00510000
SPY,2026-10-02,763.99,2026-10-23,C,515.0,249.64,252.41,244.5,,1,0.8989267919921874,True,2026-09-10 17:53:11+00:00,SPY261023C00515000
SPY,2026-10-02,763.99,2026-10-23,C,520.0,244.66,247.41,237.87,,4,0.8808605664062499,True,2026-09-15 15:30:53+00:00,SPY261023C00520000
SPY,2026-10-02,763.99,2026-10-23,C,525.0,239.68,242.41,246.04,,1,0.8629164099121094,True,2026-09-23 15:36:58+00:00,SPY261023C00525000
SPY,2026-10-02,763.99,2026-10-23,C,530.0,234.69,237.46,239.24,1.0,9,0.8466812207031249,True,2026-09-21 13:47:00+00:00,SPY261023C00530000
SPY,2026-10-02,763.99,2026-10-23,C,535.0,229.71,232.49,223.52,,1,0.8300798242187499,True,2026-09-15 14:26:45+00:00,SPY261023C00535000
SPY,2026-10-02,763.99,2026-10-23,C,540.0,224.73,227.51,229.23,1.0,49,0.8131122204589842,True,2026-09-21 13:47:00+00:00,SPY261023C00540000
SPY,2026-10-02,763.99,2026-10-23,C,550.0,214.77,217.53,219.68,1.0,5,0.7788108056640625,True,2026-09-24 18:28:37+00:00,SPY261023C00550000
SPY,2026-10-02,763.99,2026-10-23,C,555.0,209.78,212.56,199.94,,1,0.7620873400878907,True,2026-09-16 19:55:28+00:00,SPY261023C00555000
SPY,2026-10-02,763.99,2026-10-23,C,575.0,189.87,192.62,198.03,1.0,1,0.6955596850585939,True,2026-09-25 17:29:37+00:00,SPY261023C00575000
SPY,2026-10-02,763.99,2026-10-23,C,580.0,184.89,187.67,186.39,,1,0.6800569104003908,True,2026-09-11 13:34:31+00:00,SPY261023C00580000
SPY,2026-10-02,763.99,2026-10-23,C,585.0,179.91,182.7,177.01,,1,0.6640048248291017,True,2026-09-17 13:41:46+00:00,SPY261023C00585000
SPY,2026-10-02,763.99,2026-10-23,C,590.0,174.93,177.69,172.87,,10,0.6468541174316407,True,2026-09-17 14:30:43+00:00,SPY261023C00590000
SPY,2026-10-02,763.99,2026-10-23,C,595.0,169.95,172.74,169.81,1.0,1,0.6313513427734375,True,2026-09-29 17:53:53+00:00,SPY261023C00595000
SPY,2026-10-02,763.99,2026-10-23,C,600.0,164.98,167.77,169.82,1.0,3,0.6156654644775392,True,2026-09-30 14:31:29+00:00,SPY261023C00600000
SPY,2026-10-02,763.99,2026-10-23,C,605.0,160.02,162.72,160.15,1.0,1,0.5981485498046876,True,2026-09-29 17:33:32+00:00,SPY261023C00605000
SPY,2026-10-02,763.99,2026-10-23,C,615.0,150.06,152.82,154.8,3.0,3,0.567265069580078,True,2026-09-21 13:45:37+00:00,SPY261023C00615000
SPY,2026-10-02,763.99,2026-10-23,C,620.0,145.08,147.75,142.33,4.0,2,0.5489547058105471,True,2026-09-18 14:02:56+00:00,SPY261023C00620000
SPY,2026-10-02,763.99,2026-10-23,C,625.0,140.11,142.87,143.31,2.0,4,0.5355271057128907,True,2026-09-28 19:12:02+00:00,SPY261023C00625000
SPY,2026-10-02,763.99,2026-10-23,C,630.0,135.14,137.85,146.44,2.0,20,0.518681571044922,True,2026-09-21 20:00:19+00:00,SPY261023C00630000
SPY,2026-10-02,763.99,2026-10-23,C,635.0,130.17,132.93,128.93,,15,0.5041553491210937,True,2026-09-17 17:14:07+00:00,SPY261023C00635000
SPY,2026-10-02,763.99,2026-10-23,C,640.0,125.2,127.92,124.0,,0,0.5408371112060548,True,2026-09-17 17:14:58+00:00,SPY261023C00640000
SPY,2026-10-02,763.99,2026-10-23,C,645.0,120.23,122.98,121.1,1.0,2,0.5246629565429688,True,2026-09-18 20:13:49+00:00,SPY261023C00645000
SPY,2026-10-02,763.99,2026-10-23,C,650.0,115.27,118.01,116.72,1.0,4,0.5074512145996093,True,2026-10-01 19:44:44+00:00,SPY261023C00650000
SPY,2026-10-02,763.99,2026-10-23,C,655.0,110.31,113.05,112.77,1.0,23,0.4904836108398438,True,2026-09-28 15:39:06+00:00,SPY261023C00655000
SPY,2026-10-02,763.99,2026-10-23,C,660.0,105.35,108.1,104.28,,12,0.4738211798095704,True,2026-09-17 17:13:06+00:00,SPY261023C00660000
SPY,2026-10-02,763.99,2026-10-23,C,670.0,95.44,98.22,99.01,1.0,9,0.44086252502441403,True,2026-09-30 19:13:43+00:00,SPY261023C00670000
SPY,2026-10-02,763.99,2026-10-23,C,675.0,90.49,93.24,95.01,2.0,25,0.42304043762207033,True,2026-09-28 17:50:03+00:00,SPY261023C00675000
SPY,2026-10-02,763.99,2026-10-23,C,680.0,85.55,88.32,90.09,5.0,26,0.4068662829589844,True,2026-09-28 17:50:23+00:00,SPY261023C00680000
SPY,2026-10-02,763.99,2026-10-23,C,685.0,80.62,83.39,84.3,1.0,6,0.3902648864746094,True,2026-09-24 14:08:31+00:00,SPY261023C00685000
SPY,2026-10-02,763.99,2026-10-23,C,690.0,75.69,78.43,77.08,40.0,5,0.3726869372558594,True,2026-09-30 19:54:31+00:00,SPY261023C00690000
SPY,2026-10-02,763.99,2026-10-23,C,695.0,70.78,73.49,70.98,1.0,20,0.35547519531249994,True,2026-10-01 13:56:07+00:00,SPY261023C00695000
SPY,2026-10-02,763.99,2026-10-23,C,700.0,65.89,68.67,63.93,5.0,49,0.34101000793457037,True,2026-10-01 13:59:29+00:00,SPY261023C00700000
SPY,2026-10-02,763.99,2026-10-23,C,705.0,61.01,63.76,62.17,36.0,46,0.32398136962890617,True,2026-10-01 19:44:42+00:00,SPY261023C00705000
SPY,2026-10-02,763.99,2026-10-23,C,710.0,56.16,58.81,52.31,1.0,18,0.3057930749511719,True,2026-10-01 15:03:17+00:00,SPY261023C00710000
SPY,2026-10-02,763.99,2026-10-23,C,715.0,51.35,54.13,53.21,2.0,14,0.2930978894042968,True,2026-09-30 19:53:58+00:00,SPY261023C00715000
SPY,2026-10-02,763.99,2026-10-23,C,720.0,46.63,49.02,45.37,16.0,161,0.2708813146972656,True,2026-10-01 14:45:20+00:00,SPY261023C00720000
SPY,2026-10-02,763.99,2026-10-23,C,721.0,45.62,48.4,46.99,1.0,9,0.2745128701782227,True,2026-10-01 17:43:51+00:00,SPY261023C00721000
SPY,2026-10-02,763.99,2026-10-23,C,722.0,44.69,47.47,46.57,2.0,4,0.2717968328857422,True,2026-09-30 19:53:58+00:00,SPY261023C00722000
SPY,2026-10-02,763.99,2026-10-23,C,723.0,43.74,46.53,45.62,2.0,13,0.2688671746826171,True,2026-09-30 19:53:58+00:00,SPY261023C00723000
SPY,2026-10-02,763.99,2026-10-23,C,725.0,42.53,43.53,42.64,20.0,114,0.24091335266113278,True,2026-09-29 18:04:17+00:00,SPY261023C00725000
SPY,2026-10-02,763.99,2026-10-23,C,726.0,41.03,43.66,42.8,40.0,6,0.2589490609741212,True,2026-09-30 19:53:47+00:00,SPY261023C00726000
SPY,2026-10-02,763.99,2026-10-23,C,727.0,40.0,42.72,42.84,2.0,186,0.2558973336791992,True,2026-09-28 19:37:25+00:00,SPY261023C00727000
SPY,2026-10-02,763.99,2026-10-23,C,728.0,39.07,41.78,39.8,1.0,51,0.2528150891113281,True,2026-09-29 16:32:30+00:00,SPY261023C00728000
SPY,2026-10-02,763.99,2026-10-23,C,729.0,38.15,40.84,38.41,3.0,5,0.24967180999755856,True,2026-10-01 18:22:49+00:00,SPY261023C00729000
SPY,2026-10-02,763.99,2026-10-23,C,730.0,37.23,39.91,38.38,6.0,82,0.2467116345214844,True,2026-10-01 19:24:00+00:00,SPY261023C00730000
SPY,2026-10-02,763.99,2026-10-23,C,732.0,35.44,38.05,38.56,1.0,30,0.2406081799316406,True,2026-09-28 16:16:01+00:00,SPY261023C00732000
SPY,2026-10-02,763.99,2026-10-23,C,733.0,34.54,37.13,36.31,2.0,13,0.23767852172851558,True,2026-09-30 19:53:03+00:00,SPY261023C00733000
SPY,2026-10-02,763.99,2026-10-23,C,734.0,33.66,36.21,38.6,6.0,9,0.23471834625244142,True,2026-09-30 15:24:37+00:00,SPY261023C00734000
SPY,2026-10-02,763.99,2026-10-23,C,735.0,32.77,35.29,31.17,1.0,141,0.23169713623046873,True,2026-10-01 15:20:49+00:00,SPY261023C00735000
SPY,2026-10-02,763.99,2026-10-23,C,736.0,31.9,34.38,33.8,1.0,26,0.228797995300293,True,2026-09-29 14:59:30+00:00,SPY261023C00736000
SPY,2026-10-02,763.99,2026-10-23,C,737.0,31.03,33.46,32.79,2.0,15,0.22565471618652344,True,2026-09-30 19:52:24+00:00,SPY261023C00737000
SPY,2026-10-02,763.99,2026-10-23,C,739.0,30.0,31.5,28.03,2.0,10,0.2172929833984375,True,2026-10-01 14:06:51+00:00,SPY261023C00739000
SPY,2026-10-02,763.99,2026-10-23,C,740.0,29.14,29.75,26.45,1.0,173,0.20032537963867186,True,2026-10-01 14:22:55+00:00,SPY261023C00740000
SPY,2026-10-02,763.99,2026-10-23,C,741.0,27.68,29.92,25.32,1.0,7,0.21494315338134767,True,2026-10-01 15:05:00+00:00,SPY261023C00741000
SPY,2026-10-02,763.99,2026-10-23,C,742.0,26.73,29.04,29.82,5.0,118,0.21216608154296873,True,2026-09-30 19:06:08+00:00,SPY261023C00742000
SPY,2026-10-02,763.99,2026-10-23,C,743.0,25.92,28.02,23.96,1.0,9,0.20713073150634764,True,2026-10-01 14:06:52+00:00,SPY261023C00743000
SPY,2026-10-02,763.99,2026-10-23,C,744.0,25.07,27.3,22.28,24.0,11,0.20673400695800775,True,2026-10-01 15:10:37+00:00,SPY261023C00744000
SPY,2026-10-02,763.99,2026-10-23,C,745.0,24.94,26.32,24.75,84.0,129,0.2022174505615234,True,2026-10-01 14:06:43+00:00,SPY261023C00745000
SPY,2026-10-02,763.99,2026-10-23,C,746.0,23.44,25.58,20.71,24.0,46,0.20130193237304686,True,2026-10-01 15:10:37+00:00,SPY261023C00746000
SPY,2026-10-02,763.99,2026-10-23,C,747.0,22.63,24.74,25.6,1.0,64,0.19879951599121093,True,2026-09-30 13:41:46+00:00,SPY261023C00747000
SPY,2026-10-02,763.99,2026-10-23,C,748.0,22.53,23.16,20.02,1.0,57,0.1850972604370117,True,2026-10-01 14:06:51+00:00,SPY261023C00748000
SPY,2026-10-02,763.99,2026-10-23,C,749.0,21.75,22.32,22.0,5.0,35,0.1825032922363281,True,2026-10-01 17:33:02+00:00,SPY261023C00749000
SPY,2026-10-02,763.99,2026-10-23,C,750.0,20.96,21.52,20.51,295.0,1343,0.18039760040283204,True,2026-10-01 17:42:52+00:00,SPY261023C00750000
SPY,2026-10-02,763.99,2026-10-23,C,751.0,20.18,21.42,20.79,5.0,350,0.18833209136962892,True,2026-09-30 19:54:27+00:00,SPY261023C00751000
SPY,2026-10-02,763.99,2026-10-23,C,752.0,19.42,19.91,19.67,6.0,345,0.17572845764160155,True,2026-10-01 19:44:41+00:00,SPY261023C00752000
SPY,2026-10-02,763.99,2026-10-23,C,753.0,18.66,19.13,15.87,29.0,85,0.17359224853515626,True,2026-10-01 14:20:16+00:00,SPY261023C00753000
SPY,2026-10-02,763.99,2026-10-23,C,754.0,17.39,18.37,18.07,15.0,195,0.1715781085205078,True,2026-10-01 17:33:03+00:00,SPY261023C00754000
SPY,2026-10-02,763.99,2026-10-23,C,755.0,16.91,17.92,17.24,28.0,128,0.1738058694458008,True,2026-10-01 19:23:19+00:00,SPY261023C00755000
SPY,2026-10-02,763.99,2026-10-23,C,756.0,16.42,16.87,16.39,6.0,49,0.16748879394531252,True,2026-10-01 19:36:18+00:00,SPY261023C00756000
SPY,2026-10-02,763.99,2026-10-23,C,757.0,15.7,16.14,15.78,29.0,277,0.16553568847656253,True,2026-10-01 18:48:01+00:00,SPY261023C00757000
SPY,2026-10-02,763.99,2026-10-23,C,758.0,14.97,15.42,14.95,65.0,304,0.1635520657348633,True,2026-10-01 17:38:42+00:00,SPY261023C00758000
SPY,2026-10-02,763.99,2026-10-23,C,759.0,14.28,14.72,14.1,662.0,631,0.16169051208496094,True,2026-10-01 19:53:01+00:00,SPY261023C00759000
SPY,2026-10-02,763.99,2026-10-23,C,760.0,13.61,13.98,13.35,1298.0,1864,0.15912706115722658,True,2026-10-01 19:56:17+00:00,SPY261023C00760000
SPY,2026-10-02,763.99,2026-10-23,C,761.0,12.93,13.31,13.36,396.0,481,0.1573723179626465,True,2026-10-01 19:52:49+00:00,SPY261023C00761000
SPY,2026-10-02,763.99,2026-10-23,C,762.0,12.25,12.7,12.12,419.0,278,0.1562584375,True,2026-10-01 19:56:10+00:00,SPY261023C00762000
SPY,2026-10-02,763.99,2026-10-23,C,763.0,11.61,12.02,11.85,324.0,530,0.1540001593017578,True,2026-10-01 18:56:16+00:00,SPY261023C00763000
SPY,2026-10-02,763.99,2026-10-23,C,764.0,11.1,11.39,11.35,553.0,423,0.15226067474365235,False,2026-10-01 19:53:48+00:00,SPY261023C00764000
SPY,2026-10-02,763.99,2026-10-23,C,765.0,10.58,10.62,10.55,6235.0,1823,0.148446015625,False,2026-10-01 20:13:40+00:00,SPY261023C00765000
SPY,2026-10-02,763.99,2026-10-23,C,766.0,9.98,10.02,9.69,811.0,888,0.14673704833984375,False,2026-10-01 20:00:12+00:00,SPY261023C00766000
SPY,2026-10-02,763.99,2026-10-23,C,767.0,9.4,9.44,9.39,674.0,557,0.14508911560058596,False,2026-10-01 20:14:23+00:00,SPY261023C00767000
SPY,2026-10-02,763.99,2026-10-23,C,768.0,8.84,8.87,8.33,646.0,2240,0.1433496310424805,False,2026-10-01 19:59:15+00:00,SPY261023C00768000
SPY,2026-10-02,763.99,2026-10-23,C,769.0,8.29,8.33,8.16,1262.0,569,0.1418237673950195,False,2026-10-01 20:10:50+00:00,SPY261023C00769000
SPY,2026-10-02,763.99,2026-10-23,C,770.0,7.77,7.8,7.7,1714.0,2861,0.14020635192871095,False,2026-10-01 20:13:33+00:00,SPY261023C00770000
SPY,2026-10-02,763.99,2026-10-23,C,771.0,7.26,7.3,6.75,342.0,1343,0.1387720401000977,False,2026-10-01 19:13:22+00:00,SPY261023C00771000
SPY,2026-10-02,763.99,2026-10-23,C,772.0,6.78,6.81,6.54,570.0,1533,0.13724617645263676,False,2026-10-01 20:03:05+00:00,SPY261023C00772000
SPY,2026-10-02,763.99,2026-10-23,C,773.0,6.31,6.34,6.14,534.0,569,0.13575083007812502,False,2026-10-01 20:01:22+00:00,SPY261023C00773000
SPY,2026-10-02,763.99,2026-10-23,C,774.0,5.86,5.9,5.58,760.0,929,0.1344385873413086,False,2026-10-01 19:57:24+00:00,SPY261023C00774000
SPY,2026-10-02,763.99,2026-10-23,C,775.0,5.44,5.47,5.45,616.0,2313,0.1330347927856445,False,2026-10-01 20:14:03+00:00,SPY261023C00775000
SPY,2026-10-02,763.99,2026-10-23,C,776.0,5.03,5.07,5.0,546.0,1297,0.13181410186767578,False,2026-10-01 20:13:51+00:00,SPY261023C00776000
SPY,2026-10-02,763.99,2026-10-23,C,777.0,4.65,4.68,4.83,195.0,859,0.13050185913085935,False,2026-10-01 19:51:02+00:00,SPY261023C00777000
SPY,2026-10-02,763.99,2026-10-23,C,778.0,4.28,4.31,4.17,344.0,609,0.12918961639404297,False,2026-10-01 20:13:03+00:00,SPY261023C00778000
SPY,2026-10-02,763.99,2026-10-23,C,779.0,3.94,3.97,3.84,229.0,909,0.1280909945678711,False,2026-10-01 20:13:03+00:00,SPY261023C00779000
SPY,2026-10-02,763.99,2026-10-23,C,780.0,3.61,3.64,3.53,1565.0,1330,0.12687030364990232,False,2026-10-01 20:09:12+00:00,SPY261023C00780000
SPY,2026-10-02,763.99,2026-10-23,C,781.0,3.31,3.34,3.16,245.0,1181,0.12589375091552735,False,2026-10-01 20:05:00+00:00,SPY261023C00781000
SPY,2026-10-02,763.99,2026-10-23,C,782.0,3.02,3.05,2.87,142.0,854,0.12476461181640625,False,2026-10-01 18:21:02+00:00,SPY261023C00782000
SPY,2026-10-02,763.99,2026-10-23,C,783.0,2.75,2.78,2.53,246.0,809,0.12372702453613281,False,2026-10-01 19:58:50+00:00,SPY261023C00783000
SPY,2026-10-02,763.99,2026-10-23,C,784.0,2.5,2.53,2.37,447.0,1083,0.12275047180175781,False,2026-10-01 20:00:42+00:00,SPY261023C00784000
SPY,2026-10-02,763.99,2026-10-23,C,785.0,2.27,2.3,2.35,612.0,1117,0.1218959881591797,False,2026-10-01 19:51:44+00:00,SPY261023C00785000
SPY,2026-10-02,763.99,2026-10-23,C,786.0,2.06,2.09,1.83,213.0,1350,0.1211025390625,False,2026-10-01 18:46:42+00:00,SPY261023C00786000
SPY,2026-10-02,763.99,2026-10-23,C,787.0,1.86,1.89,1.82,314.0,697,0.12024805541992187,False,2026-10-01 19:43:19+00:00,SPY261023C00787000
SPY,2026-10-02,763.99,2026-10-23,C,788.0,1.68,1.7,1.6,41.0,903,0.11933253723144531,False,2026-10-01 19:22:46+00:00,SPY261023C00788000
SPY,2026-10-02,763.99,2026-10-23,C,789.0,1.51,1.53,1.44,454.0,1114,0.11853908813476563,False,2026-10-01 19:37:52+00:00,SPY261023C00789000
SPY,2026-10-02,763.99,2026-10-23,C,790.0,1.36,1.38,1.34,2737.0,2785,0.11792874267578124,False,2026-10-01 20:13:51+00:00,SPY261023C00790000
SPY,2026-10-02,763.99,2026-10-23,C,791.0,1.22,1.24,1.15,65.0,1045,0.11731839721679688,False,2026-10-01 19:48:56+00:00,SPY261023C00791000
SPY,2026-10-02,763.99,2026-10-23,C,792.0,1.09,1.12,1.13,80.0,641,0.11695218994140624,False,2026-10-01 19:52:48+00:00,SPY261023C00792000
SPY,2026-10-02,763.99,2026-10-23,C,793.0,0.98,1.0,0.77,84.0,750,0.11628080993652344,False,2026-10-01 17:05:32+00:00,SPY261023C00793000
SPY,2026-10-02,763.99,2026-10-23,C,794.0,0.88,0.9,0.86,260.0,769,0.1159146026611328,False,2026-10-01 19:42:57+00:00,SPY261023C00794000
SPY,2026-10-02,763.99,2026-10-23,C,795.0,0.78,0.8,0.69,289.0,2413,0.11530425720214844,False,2026-10-01 19:59:29+00:00,SPY261023C00795000
SPY,2026-10-02,763.99,2026-10-23,C,796.0,0.7,0.72,0.69,180.0,830,0.11512115356445313,False,2026-10-01 18:43:27+00:00,SPY261023C00796000
SPY,2026-10-02,763.99,2026-10-23,C,797.0,0.63,0.64,0.6,120.0,1428,0.11463287719726564,False,2026-10-01 20:03:50+00:00,SPY261023C00797000
SPY,2026-10-02,763.99,2026-10-23,C,798.0,0.56,0.58,0.56,2842.0,1416,0.1147549462890625,False,2026-10-01 20:14:29+00:00,SPY261023C00798000
SPY,2026-10-02,763.99,2026-10-23,C,799.0,0.5,0.52,0.45,109.0,1391,0.11463287719726564,False,2026-10-01 17:48:14+00:00,SPY261023C00799000
SPY,2026-10-02,763.99,2026-10-23,C,800.0,0.45,0.46,0.44,1063.0,7554,0.11414460083007813,False,2026-10-01 20:09:15+00:00,SPY261023C00800000
SPY,2026-10-02,763.99,2026-10-23,C,801.0,0.4,0.42,0.4,139.0,909,0.11451080810546876,False,2026-10-01 18:52:26+00:00,SPY261023C00801000
SPY,2026-10-02,763.99,2026-10-23,C,802.0,0.36,0.38,0.28,154.0,904,0.11469391174316407,False,2026-10-01 17:04:58+00:00,SPY261023C00802000
SPY,2026-10-02,763.99,2026-10-23,C,803.0,0.32,0.34,0.32,60.0,653,0.11463287719726564,False,2026-10-01 17:34:47+00:00,SPY261023C00803000
SPY,2026-10-02,763.99,2026-10-23,C,804.0,0.29,0.31,0.28,52.0,606,0.11499908447265625,False,2026-10-01 17:56:19+00:00,SPY261023C00804000
SPY,2026-10-02,763.99,2026-10-23,C,805.0,0.26,0.28,0.26,102.0,718,0.11524322265625,False,2026-10-01 20:01:12+00:00,SPY261023C00805000
SPY,2026-10-02,763.99,2026-10-23,C,806.0,0.24,0.25,0.23,345.0,675,0.11524322265625,False,2026-10-01 19:34:08+00:00,SPY261023C00806000
SPY,2026-10-02,763.99,2026-10-23,C,807.0,0.22,0.23,0.17,9.0,435,0.1157314990234375,False,2026-10-01 16:57:37+00:00,SPY261023C00807000
SPY,2026-10-02,763.99,2026-10-23,C,808.0,0.2,0.21,0.15,14.0,229,0.116219775390625,False,2026-10-01 16:17:21+00:00,SPY261023C00808000
SPY,2026-10-02,763.99,2026-10-23,C,809.0,0.18,0.19,0.17,22.0,267,0.11646391357421876,False,2026-10-01 17:56:19+00:00,SPY261023C00809000
SPY,2026-10-02,763.99,2026-10-23,C,810.0,0.16,0.18,0.16,175.0,795,0.1176846044921875,False,2026-10-01 20:02:05+00:00,SPY261023C00810000
SPY,2026-10-02,763.99,2026-10-23,C,811.0,0.15,0.16,0.15,18.0,264,0.11744046630859376,False,2026-10-01 17:39:31+00:00,SPY261023C00811000
SPY,2026-10-02,763.99,2026-10-23,C,812.0,0.14,0.15,0.14,36.0,613,0.11841701904296875,False,2026-10-01 20:06:03+00:00,SPY261023C00812000
SPY,2026-10-02,763.99,2026-10-23,C,813.0,0.13,0.14,0.1,211.0,257,0.11939357177734375,False,2026-10-01 13:33:44+00:00,SPY261023C00813000
SPY,2026-10-02,763.99,2026-10-23,C,814.0,0.12,0.13,0.13,63.0,497,0.12012598632812499,False,2026-10-01 17:46:05+00:00,SPY261023C00814000
SPY,2026-10-02,763.99,2026-10-23,C,815.0,0.11,0.12,0.11,121.0,1243,0.1206142626953125,False,2026-10-01 20:02:05+00:00,SPY261023C00815000
SPY,2026-10-02,763.99,2026-10-23,C,816.0,0.1,0.11,0.12,239.0,539,0.1211025390625,False,2026-10-01 13:57:47+00:00,SPY261023C00816000
SPY,2026-10-02,763.99,2026-10-23,C,817.0,0.09,0.1,0.1,31.0,75,0.1215908154296875,False,2026-10-01 20:06:03+00:00,SPY261023C00817000
SPY,2026-10-02,763.99,2026-10-23,C,818.0,0.09,0.1,0.14,20.0,88,0.1235439208984375,False,2026-09-30 18:39:03+00:00,SPY261023C00818000
SPY,2026-10-02,763.99,2026-10-23,C,819.0,0.08,0.09,0.08,8.0,114,0.1235439208984375,False,2026-10-01 15:20:38+00:00,SPY261023C00819000
SPY,2026-10-02,763.99,2026-10-23,C,820.0,0.08,0.09,0.07,52.0,359,0.12549702636718751,False,2026-10-01 19:43:01+00:00,SPY261023C00820000
SPY,2026-10-02,763.99,2026-10-23,C,821.0,0.07,0.08,0.08,42.0,309,0.12549702636718751,False,2026-10-01 14:38:24+00:00,SPY261023C00821000
SPY,2026-10-02,763.99,2026-10-23,C,822.0,0.07,0.08,0.09,14.0,181,0.1274501318359375,False,2026-09-30 18:00:10+00:00,SPY261023C00822000
SPY,2026-10-02,763.99,2026-10-23,C,823.0,0.06,0.07,0.14,9.0,221,0.12696185546875,False,2026-09-30 14:06:41+00:00,SPY261023C00823000
SPY,2026-10-02,763.99,2026-10-23,C,824.0,0.06,0.07,0.05,1.0,26,0.1289149609375,False,2026-10-01 15:03:00+00:00,SPY261023C00824000
SPY,2026-10-02,763.99,2026-10-23,C,825.0,0.06,0.07,0.08,5.0,1302,0.13037979003906247,False,2026-10-01 13:48:43+00:00,SPY261023C00825000
SPY,2026-10-02,763.99,2026-10-23,C,830.0,0.04,0.05,0.05,32.0,1518,0.13428600097656251,False,2026-10-01 18:05:14+00:00,SPY261023C00830000
SPY,2026-10-02,763.99,2026-10-23,C,835.0,0.03,0.04,0.04,49.0,425,0.13916876464843753,False,2026-10-01 18:13:12+00:00,SPY261023C00835000
SPY,2026-10-02,763.99,2026-10-23,C,840.0,0.03,0.04,0.03,24.0,166,0.147469462890625,False,2026-10-01 17:14:16+00:00,SPY261023C00840000
SPY,2026-10-02,763.99,2026-10-23,C,845.0,0.02,0.03,0.05,1.0,175,0.15137567382812503,False,2026-09-30 19:07:56+00:00,SPY261023C00845000
SPY,2026-10-02,763.99,2026-10-23,C,850.0,0.02,0.03,0.02,1.0,444,0.159188095703125,False,2026-10-01 15:41:39+00:00,SPY261023C00850000
SPY,2026-10-02,763.99,2026-10-23,C,855.0,0.01,0.03,0.03,48.0,172,0.16700051757812504,False,2026-09-28 20:05:36+00:00,SPY261023C00855000
SPY,2026-10-02,763.99,2026-10-23,C,860.0,0.01,0.02,0.02,38.0,202,0.16797707031250003,False,2026-10-01 15:12:32+00:00,SPY261023C00860000
SPY,2026-10-02,763.99,2026-10-23,C,865.0,0.01,0.02,0.03,289.0,408,0.1757894921875,False,2026-09-23 19:52:34+00:00,SPY261023C00865000
SPY,2026-10-02,763.99,2026-10-23,C,870.0,0.01,0.02,0.01,4.0,210,0.18262536132812499,False,2026-09-28 15:15:12+00:00,SPY261023C00870000
SPY,2026-10-02,763.99,2026-10-23,C,875.0,0.01,0.02,0.02,10.0,213,0.18946123046875002,False,2026-10-01 15:57:33+00:00,SPY261023C00875000
SPY,2026-10-02,763.99,2026-10-23,C,880.0,0.01,0.02,0.03,24.0,116,0.19727365234375,False,2026-09-11 20:14:57+00:00,SPY261023C00880000
SPY,2026-10-02,763.99,2026-10-23,C,885.0,0.0,0.01,0.01,1002.0,601,0.1914143359375,False,2026-09-30 17:10:06+00:00,SPY261023C00885000
SPY,2026-10-02,763.99,2026-10-23,C,890.0,0.0,0.01,0.01,1.0,25,0.1992267578125,False,2026-09-25 17:34:20+00:00,SPY261023C00890000
SPY,2026-10-02,763.99,2026-10-23,C,895.0,0.0,0.01,0.03,2.0,26,0.20703917968749996,False,2026-09-22 19:50:09+00:00,SPY261023C00895000
SPY,2026-10-02,763.99,2026-10-23,C,905.0,0.0,0.01,0.01,16.0,10,0.21875781249999998,False,2026-09-24 17:54:40+00:00,SPY261023C00905000
SPY,2026-10-02,763.99,2026-10-23,C,915.0,0.0,0.01,0.02,,6,0.2304764453125,False,2026-09-10 20:13:53+00:00,SPY261023C00915000
SPY,2026-10-02,763.99,2026-10-23,C,920.0,0.0,0.01,0.01,,50,0.23828886718749998,False,2026-09-17 16:21:52+00:00,SPY261023C00920000
SPY,2026-10-02,763.99,2026-10-23,C,930.0,0.0,0.01,0.02,,1,0.2500075,False,2026-09-21 13:45:29+00:00,SPY261023C00930000
SPY,2026-10-02,763.99,2026-10-23,P,500.0,0.03,0.04,0.05,419.0,2000,0.57812921875,False,2026-10-01 18:17:47+00:00,SPY261023P00500000
SPY,2026-10-02,763.99,2026-10-23,P,505.0,0.03,0.04,0.04,73.0,158,0.5664105859375,False,2026-09-30 18:39:25+00:00,SPY261023P00505000
SPY,2026-10-02,763.99,2026-10-23,P,510.0,0.03,0.04,0.05,74.0,279,0.55273884765625,False,2026-09-30 16:28:56+00:00,SPY261023P00510000
SPY,2026-10-02,763.99,2026-10-23,P,515.0,0.04,0.05,0.23,2.0,3,0.55273884765625,False,2026-09-15 17:48:57+00:00,SPY261023P00515000
SPY,2026-10-02,763.99,2026-10-23,P,520.0,0.04,0.05,0.1,1.0,3,0.5410202148437502,False,2026-09-24 13:35:20+00:00,SPY261023P00520000
SPY,2026-10-02,763.99,2026-10-23,P,525.0,0.04,0.05,0.06,100.0,819,0.5273484765625001,False,2026-10-01 19:58:31+00:00,SPY261023P00525000
SPY,2026-10-02,763.99,2026-10-23,P,530.0,0.05,0.06,0.08,1.0,13,0.52539537109375,False,2026-09-29 14:03:39+00:00,SPY261023P00530000
SPY,2026-10-02,763.99,2026-10-23,P,535.0,0.05,0.06,0.05,100.0,1398,0.5117236328125,False,2026-10-01 19:51:33+00:00,SPY261023P00535000
SPY,2026-10-02,763.99,2026-10-23,P,540.0,0.06,0.07,0.06,1.0,85,0.507817421875,False,2026-09-30 17:15:34+00:00,SPY261023P00540000
SPY,2026-10-02,763.99,2026-10-23,P,545.0,0.06,0.07,0.11,1.0,54,0.500005,False,2026-09-25 17:39:05+00:00,SPY261023P00545000
SPY,2026-10-02,763.99,2026-10-23,P,550.0,0.07,0.08,0.08,101.0,221,0.49414568359375005,False,2026-10-01 17:12:19+00:00,SPY261023P00550000
SPY,2026-10-02,763.99,2026-10-23,P,555.0,0.07,0.08,0.15,1.0,14,0.481450498046875,False,2026-09-21 14:28:20+00:00,SPY261023P00555000
SPY,2026-10-02,763.99,2026-10-23,P,560.0,0.08,0.09,0.11,800.0,11,0.47461462890625,False,2026-10-01 15:24:35+00:00,SPY261023P00560000
SPY,2026-10-02,763.99,2026-10-23,P,565.0,0.08,0.09,0.1,2.0,232,0.46191944335937507,False,2026-09-30 13:30:04+00:00,SPY261023P00565000
SPY,2026-10-02,763.99,2026-10-23,P,570.0,0.09,0.1,0.11,1.0,37,0.45508357421875,False,2026-10-01 17:12:41+00:00,SPY261023P00570000
SPY,2026-10-02,763.99,2026-10-23,P,575.0,0.1,0.11,0.11,11.0,31,0.44727115234375,False,2026-09-30 13:48:41+00:00,SPY261023P00575000
SPY,2026-10-02,763.99,2026-10-23,P,580.0,0.1,0.11,0.11,3.0,65,0.43457596679687505,False,2026-09-30 17:15:49+00:00,SPY261023P00580000
SPY,2026-10-02,763.99,2026-10-23,P,585.0,0.11,0.12,0.18,1.0,12,0.42676354492187507,False,2026-09-25 17:09:31+00:00,SPY261023P00585000
SPY,2026-10-02,763.99,2026-10-23,P,590.0,0.12,0.13,0.14,7.0,235,0.41797457031249996,False,2026-10-01 18:24:23+00:00,SPY261023P00590000
SPY,2026-10-02,763.99,2026-10-23,P,595.0,0.13,0.14,0.16,40.0,43,0.40918559570312496,False,2026-10-01 16:54:23+00:00,SPY261023P00595000
SPY,2026-10-02,763.99,2026-10-23,P,600.0,0.14,0.15,0.14,43.0,398,0.39990834472656256,False,2026-10-01 18:56:39+00:00,SPY261023P00600000
SPY,2026-10-02,763.99,2026-10-23,P,605.0,0.15,0.16,0.18,120.0,185,0.39063109375,False,2026-10-01 16:51:41+00:00,SPY261023P00605000
SPY,2026-10-02,763.99,2026-10-23,P,610.0,0.16,0.17,0.16,211.0,255,0.38086556640624997,False,2026-10-01 18:48:42+00:00,SPY261023P00610000
SPY,2026-10-02,763.99,2026-10-23,P,615.0,0.17,0.18,0.19,3.0,107,0.3711000390625,False,2026-10-01 18:19:19+00:00,SPY261023P00615000
SPY,2026-10-02,763.99,2026-10-23,P,620.0,0.18,0.19,0.2,17.0,319,0.36133451171875,False,2026-10-01 17:51:06+00:00,SPY261023P00620000
SPY,2026-10-02,763.99,2026-10-23,P,625.0,0.2,0.21,0.2,14.0,473,0.35352208984374994,False,2026-10-01 18:38:22+00:00,SPY261023P00625000
SPY,2026-10-02,763.99,2026-10-23,P,630.0,0.21,0.22,0.22,32.0,126,0.3430241479492187,False,2026-10-01 17:11:29+00:00,SPY261023P00630000
SPY,2026-10-02,763.99,2026-10-23,P,635.0,0.23,0.24,0.25,17.0,200,0.33447931152343746,False,2026-10-01 15:08:07+00:00,SPY261023P00635000
SPY,2026-10-02,763.99,2026-10-23,P,640.0,0.25,0.26,0.35,1.0,375,0.3254461987304687,False,2026-10-01 15:43:32+00:00,SPY261023P00640000
SPY,2026-10-02,763.99,2026-10-23,P,645.0,0.27,0.28,0.27,5.0,145,0.31592480957031244,False,2026-10-01 19:25:01+00:00,SPY261023P00645000
SPY,2026-10-02,763.99,2026-10-23,P,650.0,0.29,0.3,0.3,170.0,1622,0.3064034204101562,False,2026-10-01 19:56:47+00:00,SPY261023P00650000
SPY,2026-10-02,763.99,2026-10-23,P,655.0,0.31,0.32,0.42,22.0,288,0.2966378930664062,False,2026-10-01 16:56:45+00:00,SPY261023P00655000
SPY,2026-10-02,763.99,2026-10-23,P,660.0,0.34,0.35,0.45,15.0,316,0.2876047802734374,False,2026-10-01 16:58:21+00:00,SPY261023P00660000
SPY,2026-10-02,763.99,2026-10-23,P,665.0,0.37,0.38,0.37,35.0,997,0.278327529296875,False,2026-10-01 19:17:16+00:00,SPY261023P00665000
SPY,2026-10-02,763.99,2026-10-23,P,670.0,0.41,0.42,0.41,31.0,1819,0.2695385546875,False,2026-10-01 19:19:16+00:00,SPY261023P00670000
SPY,2026-10-02,763.99,2026-10-23,P,675.0,0.44,0.45,0.45,12.0,2566,0.25952888916015626,False,2026-10-01 19:37:33+00:00,SPY261023P00675000
SPY,2026-10-02,763.99,2026-10-23,P,680.0,0.49,0.5,0.5,793.0,1034,0.2507399145507812,False,2026-10-01 19:19:01+00:00,SPY261023P00680000
SPY,2026-10-02,763.99,2026-10-23,P,685.0,0.54,0.56,0.57,26.0,1603,0.2420730090332031,False,2026-10-01 18:51:39+00:00,SPY261023P00685000
SPY,2026-10-02,763.99,2026-10-23,P,690.0,0.6,0.62,0.63,41.0,1227,0.2329178271484375,False,2026-10-01 20:11:45+00:00,SPY261023P00690000
SPY,2026-10-02,763.99,2026-10-23,P,695.0,0.68,0.69,0.71,185.0,3218,0.22364057617187497,False,2026-10-01 19:58:20+00:00,SPY261023P00695000
SPY,2026-10-02,763.99,2026-10-23,P,700.0,0.77,0.79,0.81,482.0,2854,0.21546194702148438,False,2026-10-01 19:59:07+00:00,SPY261023P00700000
SPY,2026-10-02,763.99,2026-10-23,P,705.0,0.88,0.9,0.92,603.0,2186,0.20673400695800775,False,2026-10-01 19:59:39+00:00,SPY261023P00705000
SPY,2026-10-02,763.99,2026-10-23,P,710.0,1.02,1.04,1.02,99.0,8387,0.19837227416992187,False,2026-10-01 19:41:23+00:00,SPY261023P00710000
SPY,2026-10-02,763.99,2026-10-23,P,715.0,1.2,1.21,1.21,126.0,8079,0.19013261047363283,False,2026-10-01 19:33:36+00:00,SPY261023P00715000
SPY,2026-10-02,763.99,2026-10-23,P,720.0,1.42,1.43,1.45,732.0,2258,0.18225915405273438,False,2026-10-01 20:07:31+00:00,SPY261023P00720000
SPY,2026-10-02,763.99,2026-10-23,P,721.0,1.47,1.48,1.47,29.0,319,0.180672255859375,False,2026-10-01 19:32:02+00:00,SPY261023P00721000
SPY,2026-10-02,763.99,2026-10-23,P,722.0,1.52,1.54,1.52,171.0,204,0.17932949584960936,False,2026-10-01 19:41:23+00:00,SPY261023P00722000
SPY,2026-10-02,763.99,2026-10-23,P,723.0,1.57,1.59,1.61,22.0,246,0.17762052856445312,False,2026-10-01 18:36:23+00:00,SPY261023P00723000
SPY,2026-10-02,763.99,2026-10-23,P,724.0,1.63,1.65,2.51,23.0,564,0.17615569946289064,False,2026-10-01 15:08:06+00:00,SPY261023P00724000
SPY,2026-10-02,763.99,2026-10-23,P,725.0,1.69,1.71,1.75,503.0,62366,0.1746298358154297,False,2026-10-01 20:03:16+00:00,SPY261023P00725000
SPY,2026-10-02,763.99,2026-10-23,P,726.0,1.76,1.78,1.81,50.0,474,0.17328707580566405,False,2026-10-01 18:33:58+00:00,SPY261023P00726000
SPY,2026-10-02,763.99,2026-10-23,P,727.0,1.82,1.84,2.35,63.0,423,0.1715781085205078,False,2026-10-01 16:52:19+00:00,SPY261023P00727000
SPY,2026-10-02,763.99,2026-10-23,P,728.0,1.89,1.91,1.94,209.0,414,0.1700522448730469,False,2026-10-01 19:06:40+00:00,SPY261023P00728000
SPY,2026-10-02,763.99,2026-10-23,P,729.0,1.97,1.99,2.32,85.0,679,0.1687094848632813,False,2026-10-01 18:09:37+00:00,SPY261023P00729000
SPY,2026-10-02,763.99,2026-10-23,P,730.0,2.04,2.07,2.11,702.0,3396,0.16730569030761722,False,2026-10-01 19:58:03+00:00,SPY261023P00730000
SPY,2026-10-02,763.99,2026-10-23,P,731.0,2.12,2.15,2.11,31.0,256,0.16577982666015628,False,2026-10-01 19:43:54+00:00,SPY261023P00731000
SPY,2026-10-02,763.99,2026-10-23,P,732.0,2.21,2.23,2.28,118.0,624,0.16413189392089844,False,2026-10-01 19:55:01+00:00,SPY261023P00732000
SPY,2026-10-02,763.99,2026-10-23,P,733.0,2.3,2.32,2.35,68.0,630,0.1626975820922852,False,2026-10-01 20:09:50+00:00,SPY261023P00733000
SPY,2026-10-02,763.99,2026-10-23,P,734.0,2.39,2.42,2.37,25.0,573,0.16138533935546873,False,2026-10-01 19:19:16+00:00,SPY261023P00734000
SPY,2026-10-02,763.99,2026-10-23,P,735.0,2.49,2.51,2.55,755.0,2716,0.15970688934326172,False,2026-10-01 19:58:03+00:00,SPY261023P00735000
SPY,2026-10-02,763.99,2026-10-23,P,736.0,2.59,2.62,2.66,280.0,381,0.1583946466064453,False,2026-10-01 19:55:01+00:00,SPY261023P00736000
SPY,2026-10-02,763.99,2026-10-23,P,737.0,2.7,2.72,3.02,115.0,571,0.15674671386718753,False,2026-10-01 18:13:06+00:00,SPY261023P00737000
SPY,2026-10-02,763.99,2026-10-23,P,738.0,2.81,2.84,2.96,199.0,836,0.15543447113037112,False,2026-10-01 19:46:28+00:00,SPY261023P00738000
SPY,2026-10-02,763.99,2026-10-23,P,739.0,2.93,2.96,3.07,93.0,387,0.1540001593017578,False,2026-10-01 17:41:10+00:00,SPY261023P00739000
SPY,2026-10-02,763.99,2026-10-23,P,740.0,3.05,3.08,3.11,2879.0,6283,0.1524437783813477,False,2026-10-01 20:10:20+00:00,SPY261023P00740000
SPY,2026-10-02,763.99,2026-10-23,P,741.0,3.19,3.21,3.29,179.0,547,0.15097894927978522,False,2026-10-01 19:48:48+00:00,SPY261023P00741000
SPY,2026-10-02,763.99,2026-10-23,P,742.0,3.32,3.35,3.37,130.0,672,0.14957515472412108,False,2026-10-01 20:09:50+00:00,SPY261023P00742000
SPY,2026-10-02,763.99,2026-10-23,P,743.0,3.47,3.49,4.03,318.0,312,0.1480492910766602,False,2026-10-01 18:10:48+00:00,SPY261023P00743000
SPY,2026-10-02,763.99,2026-10-23,P,744.0,3.62,3.65,3.72,149.0,712,0.14676756561279297,False,2026-10-01 19:18:09+00:00,SPY261023P00744000
SPY,2026-10-02,763.99,2026-10-23,P,745.0,3.77,3.8,3.84,1581.0,61438,0.14518066741943358,False,2026-10-01 20:08:48+00:00,SPY261023P00745000
SPY,2026-10-02,763.99,2026-10-23,P,746.0,3.94,3.97,4.01,142.0,507,0.1437768728637695,False,2026-10-01 19:56:22+00:00,SPY261023P00746000
SPY,2026-10-02,763.99,2026-10-23,P,747.0,4.11,4.14,4.22,156.0,719,0.1422815264892578,False,2026-10-01 18:54:22+00:00,SPY261023P00747000
SPY,2026-10-02,763.99,2026-10-23,P,748.0,4.29,4.32,4.41,120.0,509,0.14078618011474608,False,2026-10-01 19:57:52+00:00,SPY261023P00748000
SPY,2026-10-02,763.99,2026-10-23,P,749.0,4.48,4.52,4.46,269.0,325,0.1394739373779297,False,2026-10-01 19:17:39+00:00,SPY261023P00749000
SPY,2026-10-02,763.99,2026-10-23,P,750.0,4.68,4.7,4.75,1431.0,2650,0.13767341827392582,False,2026-10-01 20:11:19+00:00,SPY261023P00750000
SPY,2026-10-02,763.99,2026-10-23,P,751.0,4.89,4.92,5.02,57.0,383,0.13639169281005858,False,2026-10-01 19:57:52+00:00,SPY261023P00751000
SPY,2026-10-02,763.99,2026-10-23,P,752.0,5.1,5.13,5.17,279.0,445,0.13477427734375003,False,2026-10-01 20:01:44+00:00,SPY261023P00752000
SPY,2026-10-02,763.99,2026-10-23,P,753.0,5.33,5.36,5.27,3187.0,524,0.13327893096923826,False,2026-10-01 19:48:45+00:00,SPY261023P00753000
SPY,2026-10-02,763.99,2026-10-23,P,754.0,5.57,5.6,5.52,286.0,795,0.13178358459472655,False,2026-10-01 19:42:43+00:00,SPY261023P00754000
SPY,2026-10-02,763.99,2026-10-23,P,755.0,5.82,5.85,5.68,1191.0,2811,0.1302882382202148,False,2026-10-01 19:53:04+00:00,SPY261023P00755000
SPY,2026-10-02,763.99,2026-10-23,P,756.0,6.08,6.11,6.24,355.0,1318,0.1287318572998047,False,2026-10-01 20:04:42+00:00,SPY261023P00756000
SPY,2026-10-02,763.99,2026-10-23,P,757.0,6.35,6.39,6.36,264.0,577,0.1272670281982422,False,2026-10-01 19:33:03+00:00,SPY261023P00757000
SPY,2026-10-02,763.99,2026-10-23,P,758.0,6.64,6.67,6.39,262.0,1073,0.12563435409545898,False,2026-10-01 19:50:45+00:00,SPY261023P00758000
SPY,2026-10-02,763.99,2026-10-23,P,759.0,6.94,6.97,6.69,531.0,811,0.12406271453857423,False,2026-10-01 19:40:14+00:00,SPY261023P00759000
SPY,2026-10-02,763.99,2026-10-23,P,760.0,7.25,7.29,7.37,978.0,3027,0.12259788543701172,False,2026-10-01 20:02:23+00:00,SPY261023P00760000
SPY,2026-10-02,763.99,2026-10-23,P,761.0,7.58,7.62,7.81,489.0,575,0.12104150451660156,False,2026-10-01 19:58:36+00:00,SPY261023P00761000
SPY,2026-10-02,763.99,2026-10-23,P,762.0,7.92,7.95,8.02,971.0,935,0.11925624404907226,False,2026-10-01 20:05:39+00:00,SPY261023P00762000
SPY,2026-10-02,763.99,2026-10-23,P,763.0,8.28,8.31,8.41,473.0,406,0.11765408721923828,False,2026-10-01 20:00:23+00:00,SPY261023P00763000
SPY,2026-10-02,763.99,2026-10-23,P,764.0,8.64,8.69,8.75,574.0,669,0.11609770629882812,True,2026-10-01 20:08:24+00:00,SPY261023P00764000
SPY,2026-10-02,763.99,2026-10-23,P,765.0,9.03,9.09,9.11,1018.0,2455,0.1145718426513672,True,2026-10-01 20:06:02+00:00,SPY261023P00765000
SPY,2026-10-02,763.99,2026-10-23,P,766.0,9.44,9.51,9.28,227.0,675,0.11304597900390626,True,2026-10-01 19:53:38+00:00,SPY261023P00766000
SPY,2026-10-02,763.99,2026-10-23,P,767.0,9.87,9.94,9.85,419.0,3293,0.11139804626464843,True,2026-10-01 19:34:22+00:00,SPY261023P00767000
SPY,2026-10-02,763.99,2026-10-23,P,768.0,10.32,10.39,10.75,159.0,1328,0.10975011352539063,True,2026-10-01 18:25:51+00:00,SPY261023P00768000
SPY,2026-10-02,763.99,2026-10-23,P,769.0,10.78,10.84,10.75,86.0,1514,0.10779700805664064,True,2026-10-01 19:51:37+00:00,SPY261023P00769000
SPY,2026-10-02,763.99,2026-10-23,P,770.0,11.19,11.51,11.61,67.0,1826,0.10859045715332032,True,2026-10-01 19:58:44+00:00,SPY261023P00770000
SPY,2026-10-02,763.99,2026-10-23,P,771.0,11.63,12.04,11.71,13.0,2675,0.10718666259765625,True,2026-10-01 19:24:38+00:00,SPY261023P00771000
SPY,2026-10-02,763.99,2026-10-23,P,772.0,12.09,12.58,15.1,67.0,1001,0.10559976440429686,True,2026-10-01 15:59:35+00:00,SPY261023P00772000
SPY,2026-10-02,763.99,2026-10-23,P,773.0,12.7,13.05,12.5,30.0,1256,0.10267010620117187,True,2026-10-01 17:20:33+00:00,SPY261023P00773000
SPY,2026-10-02,763.99,2026-10-23,P,774.0,13.26,14.42,14.31,5.0,654,0.1128018408203125,True,2026-10-01 18:03:49+00:00,SPY261023P00774000
SPY,2026-10-02,763.99,2026-10-23,P,775.0,13.79,14.24,14.35,275.0,1223,0.0993132061767578,True,2026-10-01 18:22:28+00:00,SPY261023P00775000
SPY,2026-10-02,763.99,2026-10-23,P,776.0,14.4,15.6,15.79,1.0,1255,0.10932287170410156,True,2026-10-01 18:05:11+00:00,SPY261023P00776000
SPY,2026-10-02,763.99,2026-10-23,P,777.0,15.04,16.24,17.75,3.0,370,0.10782752532958985,True,2026-09-30 20:04:42+00:00,SPY261023P00777000
SPY,2026-10-02,763.99,2026-10-23,P,778.0,14.85,16.96,18.92,1.0,706,0.10730873168945312,True,2026-10-01 14:34:25+00:00,SPY261023P00778000
SPY,2026-10-02,763.99,2026-10-23,P,779.0,15.68,16.94,19.59,2.0,401,0.09308768249511719,True,2026-10-01 14:50:49+00:00,SPY261023P00779000
SPY,2026-10-02,763.99,2026-10-23,P,780.0,17.07,18.38,17.25,21.0,147,0.10501993621826172,True,2026-10-01 19:15:28+00:00,SPY261023P00780000
SPY,2026-10-02,763.99,2026-10-23,P,781.0,16.8,19.24,18.04,2.0,255,0.10614907531738281,True,2026-10-01 13:37:26+00:00,SPY261023P00781000
SPY,2026-10-02,763.99,2026-10-23,P,782.0,18.53,19.92,19.24,51.0,25,0.10352458984374999,True,2026-10-01 18:46:50+00:00,SPY261023P00782000
SPY,2026-10-02,763.99,2026-10-23,P,783.0,18.29,20.82,17.7,1.0,3,0.1049894189453125,True,2026-09-28 13:44:07+00:00,SPY261023P00783000
SPY,2026-10-02,763.99,2026-10-23,P,784.0,19.15,21.64,20.6,3.0,42,0.10459269439697264,True,2026-10-01 17:50:37+00:00,SPY261023P00784000
SPY,2026-10-02,763.99,2026-10-23,P,785.0,19.88,22.51,20.44,82.0,107,0.1049894189453125,True,2026-09-30 19:46:34+00:00,SPY261023P00785000
SPY,2026-10-02,763.99,2026-10-23,P,786.0,20.72,23.37,25.69,1.0,18,0.10495890167236327,True,2026-09-22 19:55:50+00:00,SPY261023P00786000
SPY,2026-10-02,763.99,2026-10-23,P,787.0,21.57,24.25,26.58,1.0,14,0.1051420053100586,True,2026-09-30 17:28:07+00:00,SPY261023P00787000
SPY,2026-10-02,763.99,2026-10-23,P,788.0,22.43,25.14,21.0,20.0,24,0.10535562622070313,True,2026-09-30 15:44:09+00:00,SPY261023P00788000
SPY,2026-10-02,763.99,2026-10-23,P,789.0,23.31,26.03,26.09,6.0,23,0.10529459167480469,True,2026-09-29 17:34:35+00:00,SPY261023P00789000
SPY,2026-10-02,763.99,2026-10-23,P,790.0,24.49,26.88,25.45,172.0,141,0.10376872802734374,True,2026-09-28 15:26:44+00:00,SPY261023P00790000
SPY,2026-10-02,763.99,2026-10-23,P,791.0,25.1,27.84,22.89,10.0,13,0.10535562622070313,True,2026-09-25 15:01:22+00:00,SPY261023P00791000
SPY,2026-10-02,763.99,2026-10-23,P,792.0,26.01,28.8,24.06,33.0,36,0.10682045532226564,True,2026-09-25 15:55:06+00:00,SPY261023P00792000
SPY,2026-10-02,763.99,2026-10-23,P,793.0,27.05,29.76,22.61,21.0,21,0.10822424987792968,True,2026-09-25 16:44:30+00:00,SPY261023P00793000
SPY,2026-10-02,763.99,2026-10-23,P,794.0,28.09,30.76,25.77,9.0,0,0.11097080444335936,True,2026-09-25 15:56:04+00:00,SPY261023P00794000
SPY,2026-10-02,763.99,2026-10-23,P,795.0,29.05,31.77,26.71,12.0,1,0.11408356628417969,True,2026-09-25 15:56:13+00:00,SPY261023P00795000
SPY,2026-10-02,763.99,2026-10-23,P,796.0,30.02,32.77,27.65,40.0,0,0.11676908630371094,True,2026-09-25 15:55:32+00:00,SPY261023P00796000
SPY,2026-10-02,763.99,2026-10-23,P,797.0,31.0,33.77,28.97,1.0,0,0.11945460632324219,True,2026-09-25 15:50:45+00:00,SPY261023P00797000
SPY,2026-10-02,763.99,2026-10-23,P,798.0,32.01,34.77,29.34,19.0,0,0.12214012634277345,True,2026-09-25 15:56:33+00:00,SPY261023P00798000
SPY,2026-10-02,763.99,2026-10-23,P,799.0,33.1,35.77,33.55,1.0,0,0.12482564636230468,True,2026-09-29 13:42:05+00:00,SPY261023P00799000
SPY,2026-10-02,763.99,2026-10-23,P,800.0,33.98,36.76,31.26,131.0,0,0.12708392456054687,True,2026-09-25 15:56:32+00:00,SPY261023P00800000
SPY,2026-10-02,763.99,2026-10-23,P,801.0,35.0,37.77,29.81,20.0,0,0.13013565185546871,True,2026-09-25 16:44:17+00:00,SPY261023P00801000
SPY,2026-10-02,763.99,2026-10-23,P,802.0,36.0,38.77,30.77,1.0,0,0.13269910278320313,True,2026-09-25 16:44:17+00:00,SPY261023P00802000
SPY,2026-10-02,763.99,2026-10-23,P,803.0,37.03,39.77,38.55,,0,0.135323588256836,True,2026-09-24 15:07:49+00:00,SPY261023P00803000
SPY,2026-10-02,763.99,2026-10-23,P,805.0,39.01,41.77,41.44,1.0,0,0.14051152465820313,True,2026-09-24 15:15:27+00:00,SPY261023P00805000
SPY,2026-10-02,763.99,2026-10-23,P,806.0,40.01,42.77,37.86,,0,0.1430749755859375,True,2026-09-24 19:54:22+00:00,SPY261023P00806000
SPY,2026-10-02,763.99,2026-10-23,P,807.0,41.1,43.77,36.24,7.0,0,0.14563842651367187,True,2026-09-25 16:36:53+00:00,SPY261023P00807000
SPY,2026-10-02,763.99,2026-10-23,P,808.0,42.1,44.76,37.22,18.0,0,0.14771360107421877,True,2026-09-25 16:36:37+00:00,SPY261023P00808000
SPY,2026-10-02,763.99,2026-10-23,P,809.0,43.01,45.77,37.65,2.0,0,0.15070429382324224,True,2026-09-25 16:09:33+00:00,SPY261023P00809000
SPY,2026-10-02,763.99,2026-10-23,P,810.0,44.01,46.76,38.87,3.0,0,0.15277946838378909,True,2026-09-25 16:39:22+00:00,SPY261023P00810000
SPY,2026-10-02,763.99,2026-10-23,P,811.0,45.03,47.76,39.06,5.0,0,0.15528188476562502,True,2026-09-25 19:54:23+00:00,SPY261023P00811000
SPY,2026-10-02,763.99,2026-10-23,P,812.0,46.04,48.76,40.69,1.0,0,0.15778430114746095,True,2026-09-25 16:43:46+00:00,SPY261023P00812000
SPY,2026-10-02,763.99,2026-10-23,P,813.0,47.04,49.77,38.33,,0,0.16071395935058597,True,2026-09-22 19:54:03+00:00,SPY261023P00813000
SPY,2026-10-02,763.99,2026-10-23,P,815.0,49.05,51.76,47.94,1.0,0,0.1651694812011719,True,2026-09-23 17:14:31+00:00,SPY261023P00815000
SPY,2026-10-02,763.99,2026-10-23,P,821.0,55.03,57.77,63.75,1.0,0,0.1801839794921875,True,2026-09-10 13:30:04+00:00,SPY261023P00821000
SPY,2026-10-02,763.99,2026-10-23,P,850.0,84.01,86.76,91.9,1.0,0,0.24597921997070313,True,2026-09-14 13:31:58+00:00,SPY261023P00850000
SPY,2026-10-02,763.99,2026-10-23,P,900.0,134.0,136.77,138.53,,0,0.3493717407226562,True,2026-09-14 16:59:30+00:00,SPY261023P00900000
