symbol,snapshot_date,spot,expiry,right,strike,bid,ask,last_price,volume,open_interest,implied_vol,in_the_money,last_trade_date,contract_symbol
SPY,2026-09-29,765.61,2026-09-29,C,635.0,129.61,131.3,129.95,48.0,1,1.8515632421875,True,2026-09-28 15:17:20+00:00,SPY260929C00635000
SPY,2026-09-29,765.61,2026-09-29,C,640.0,124.61,126.38,127.26,48.0,6,1.818360283203125,True,2026-09-28 18:02:56+00:00,SPY260929C00640000
SPY,2026-09-29,765.61,2026-09-29,C,645.0,119.61,121.34,119.83,,0,1.7358411645507812,True,2026-09-24 14:03:03+00:00,SPY260929C00645000
SPY,2026-09-29,765.61,2026-09-29,C,650.0,114.61,116.28,117.51,58.0,10,1.6455095849609376,True,2026-09-28 18:05:02+00:00,SPY260929C00650000
SPY,2026-09-29,765.61,2026-09-29,C,655.0,109.62,111.4,112.19,94.0,11,1.6259784326171873,True,2026-09-28 18:02:30+00:00,SPY260929C00655000
SPY,2026-09-29,765.61,2026-09-29,C,660.0,104.62,106.24,107.39,76.0,11,1.4990259423828123,True,2026-09-28 18:06:26+00:00,SPY260929C00660000
SPY,2026-09-29,765.61,2026-09-29,C,665.0,99.62,101.27,101.93,70.0,16,1.4462918310546877,True,2026-09-28 17:05:07+00:00,SPY260929C00665000
SPY,2026-09-29,765.61,2026-09-29,C,670.0,94.62,96.29,97.32,60.0,29,1.3886749316406248,True,2026-09-28 18:03:24+00:00,SPY260929C00670000
SPY,2026-09-29,765.61,2026-09-29,C,675.0,89.62,91.27,89.54,104.0,17,1.3168979467773436,True,2026-09-28 19:40:11+00:00,SPY260929C00675000
SPY,2026-09-29,765.61,2026-09-29,C,680.0,84.62,86.26,87.39,52.0,61,1.2490271923828122,True,2026-09-28 16:40:43+00:00,SPY260929C00680000
SPY,2026-09-29,765.61,2026-09-29,C,685.0,79.61,81.26,80.58,82.0,86,1.1845743896484375,True,2026-09-28 19:51:56+00:00,SPY260929C00685000
SPY,2026-09-29,765.61,2026-09-29,C,690.0,74.62,76.34,75.4,92.0,51,1.1445355273437499,True,2026-09-28 19:50:00+00:00,SPY260929C00690000
SPY,2026-09-29,765.61,2026-09-29,C,695.0,69.62,71.32,72.18,202.0,45,1.0732468212890627,True,2026-09-28 18:53:06+00:00,SPY260929C00695000
SPY,2026-09-29,765.61,2026-09-29,C,700.0,64.62,66.39,65.79,210.0,78,1.0268603344726563,True,2026-09-28 20:09:23+00:00,SPY260929C00700000
SPY,2026-09-29,765.61,2026-09-29,C,705.0,59.62,61.27,63.73,154.0,75,0.9291999267578125,True,2026-09-28 17:16:36+00:00,SPY260929C00705000
SPY,2026-09-29,765.61,2026-09-29,C,710.0,54.58,56.26,56.84,142.0,75,0.86132951171875,True,2026-09-28 17:07:31+00:00,SPY260929C00710000
SPY,2026-09-29,765.61,2026-09-29,C,715.0,49.62,51.28,52.1,103.0,59,0.8012715185546875,True,2026-09-28 18:53:03+00:00,SPY260929C00715000
SPY,2026-09-29,765.61,2026-09-29,C,718.0,46.93,48.28,47.19,63.0,392,0.7617211328125001,True,2026-09-28 19:50:04+00:00,SPY260929C00718000
SPY,2026-09-29,765.61,2026-09-29,C,719.0,45.99,46.94,46.76,124.0,239,0.6533237792968751,True,2026-09-28 19:33:12+00:00,SPY260929C00719000
SPY,2026-09-29,765.61,2026-09-29,C,720.0,44.66,46.27,45.6,55.0,104,0.7329128271484374,True,2026-09-28 19:38:23+00:00,SPY260929C00720000
SPY,2026-09-29,765.61,2026-09-29,C,721.0,43.93,44.95,44.93,186.0,156,0.632816171875,True,2026-09-28 19:33:28+00:00,SPY260929C00721000
SPY,2026-09-29,765.61,2026-09-29,C,722.0,42.98,43.96,43.94,48.0,123,0.624027197265625,True,2026-09-28 19:33:28+00:00,SPY260929C00722000
SPY,2026-09-29,765.61,2026-09-29,C,723.0,41.69,43.27,43.49,56.0,107,0.6928741650390625,True,2026-09-28 18:39:47+00:00,SPY260929C00723000
SPY,2026-09-29,765.61,2026-09-29,C,724.0,40.7,42.27,43.25,112.0,51,0.6796907031250001,True,2026-09-28 18:30:04+00:00,SPY260929C00724000
SPY,2026-09-29,765.61,2026-09-29,C,725.0,39.69,41.27,40.68,58.0,81,0.6665072412109377,True,2026-09-28 19:42:05+00:00,SPY260929C00725000
SPY,2026-09-29,765.61,2026-09-29,C,726.0,38.74,40.31,39.7,104.0,99,0.6616244775390626,True,2026-09-28 19:42:05+00:00,SPY260929C00726000
SPY,2026-09-29,765.61,2026-09-29,C,727.0,37.98,38.95,39.09,112.0,118,0.559574716796875,True,2026-09-28 19:01:54+00:00,SPY260929C00727000
SPY,2026-09-29,765.61,2026-09-29,C,728.0,36.65,38.26,37.72,147.0,53,0.6242713354492189,True,2026-09-28 19:41:45+00:00,SPY260929C00728000
SPY,2026-09-29,765.61,2026-09-29,C,729.0,35.98,36.96,36.72,120.0,113,0.5380905566406251,True,2026-09-28 19:41:45+00:00,SPY260929C00729000
SPY,2026-09-29,765.61,2026-09-29,C,730.0,34.99,35.95,35.36,379.0,132,0.5229539892578124,True,2026-09-28 19:39:03+00:00,SPY260929C00730000
SPY,2026-09-29,765.61,2026-09-29,C,731.0,33.99,34.94,37.05,161.0,153,0.507817421875,True,2026-09-28 16:32:48+00:00,SPY260929C00731000
SPY,2026-09-29,765.61,2026-09-29,C,732.0,32.69,34.3,34.04,46.0,111,0.57812921875,True,2026-09-28 19:32:02+00:00,SPY260929C00732000
SPY,2026-09-29,765.61,2026-09-29,C,733.0,31.69,33.3,32.7,79.0,79,0.5644574804687501,True,2026-09-28 19:41:25+00:00,SPY260929C00733000
SPY,2026-09-29,765.61,2026-09-29,C,734.0,30.94,31.95,31.71,124.0,140,0.47363807617187503,True,2026-09-28 20:00:10+00:00,SPY260929C00734000
SPY,2026-09-29,765.61,2026-09-29,C,735.0,30.02,30.95,30.66,136.0,149,0.46143116699218756,True,2026-09-28 20:03:36+00:00,SPY260929C00735000
SPY,2026-09-29,765.61,2026-09-29,C,736.0,29.36,29.55,29.72,163.0,69,1.0000000000000003e-05,True,2026-09-28 20:03:36+00:00,SPY260929C00736000
SPY,2026-09-29,765.61,2026-09-29,C,737.0,28.36,28.55,30.32,15.0,82,1.0000000000000003e-05,True,2026-09-28 17:40:13+00:00,SPY260929C00737000
SPY,2026-09-29,765.61,2026-09-29,C,738.0,27.37,27.55,27.38,29.0,89,1.0000000000000003e-05,True,2026-09-28 18:41:06+00:00,SPY260929C00738000
SPY,2026-09-29,765.61,2026-09-29,C,739.0,26.37,26.55,26.25,38.0,81,1.0000000000000003e-05,True,2026-09-28 19:54:10+00:00,SPY260929C00739000
SPY,2026-09-29,765.61,2026-09-29,C,740.0,25.41,25.53,25.53,102.0,196,1.0000000000000003e-05,True,2026-09-28 19:50:34+00:00,SPY260929C00740000
SPY,2026-09-29,765.61,2026-09-29,C,741.0,24.37,24.54,24.47,40.0,174,1.0000000000000003e-05,True,2026-09-28 19:52:05+00:00,SPY260929C00741000
SPY,2026-09-29,765.61,2026-09-29,C,742.0,23.37,23.54,23.53,18.0,163,1.0000000000000003e-05,True,2026-09-28 19:50:34+00:00,SPY260929C00742000
SPY,2026-09-29,765.61,2026-09-29,C,743.0,22.37,22.54,22.55,5.0,243,1.0000000000000003e-05,True,2026-09-28 19:49:16+00:00,SPY260929C00743000
SPY,2026-09-29,765.61,2026-09-29,C,744.0,21.37,21.54,21.75,40.0,115,1.0000000000000003e-05,True,2026-09-28 20:02:50+00:00,SPY260929C00744000
SPY,2026-09-29,765.61,2026-09-29,C,745.0,20.41,20.54,20.7,53.0,113,1.0000000000000003e-05,True,2026-09-28 20:02:50+00:00,SPY260929C00745000
SPY,2026-09-29,765.61,2026-09-29,C,746.0,19.38,19.56,20.16,47.0,98,1.0000000000000003e-05,True,2026-09-28 19:28:33+00:00,SPY260929C00746000
SPY,2026-09-29,765.61,2026-09-29,C,747.0,18.38,18.55,18.21,65.0,139,1.0000000000000003e-05,True,2026-09-28 19:41:39+00:00,SPY260929C00747000
SPY,2026-09-29,765.61,2026-09-29,C,748.0,17.38,17.55,19.54,13.0,346,1.0000000000000003e-05,True,2026-09-28 18:10:56+00:00,SPY260929C00748000
SPY,2026-09-29,765.61,2026-09-29,C,749.0,16.39,16.56,16.42,431.0,238,1.0000000000000003e-05,True,2026-09-28 19:50:58+00:00,SPY260929C00749000
SPY,2026-09-29,765.61,2026-09-29,C,750.0,15.43,15.56,15.73,143.0,559,1.0000000000000003e-05,True,2026-09-28 20:05:02+00:00,SPY260929C00750000
SPY,2026-09-29,765.61,2026-09-29,C,751.0,14.4,14.57,14.58,43.0,197,1.0000000000000003e-05,True,2026-09-28 19:46:47+00:00,SPY260929C00751000
SPY,2026-09-29,765.61,2026-09-29,C,752.0,13.42,13.58,13.74,90.0,160,1.0000000000000003e-05,True,2026-09-28 20:02:20+00:00,SPY260929C00752000
SPY,2026-09-29,765.61,2026-09-29,C,753.0,12.44,12.61,12.77,53.0,221,0.062509375,True,2026-09-28 20:07:42+00:00,SPY260929C00753000
SPY,2026-09-29,765.61,2026-09-29,C,754.0,11.46,11.63,11.8,386.0,100,0.127938408203125,True,2026-09-28 20:00:20+00:00,SPY260929C00754000
SPY,2026-09-29,765.61,2026-09-29,C,755.0,10.53,10.65,10.94,108.0,338,0.13086806640624998,True,2026-09-28 20:04:46+00:00,SPY260929C00755000
SPY,2026-09-29,765.61,2026-09-29,C,756.0,9.54,9.71,9.54,160.0,253,0.14112187011718752,True,2026-09-28 19:39:31+00:00,SPY260929C00756000
SPY,2026-09-29,765.61,2026-09-29,C,757.0,8.6,8.75,8.66,585.0,217,0.1381922119140625,True,2026-09-28 20:13:12+00:00,SPY260929C00757000
SPY,2026-09-29,765.61,2026-09-29,C,758.0,7.68,7.77,7.81,375.0,132,0.1294032373046875,True,2026-09-28 20:05:29+00:00,SPY260929C00758000
SPY,2026-09-29,765.61,2026-09-29,C,759.0,6.78,6.87,6.95,595.0,262,0.1313563427734375,True,2026-09-28 20:10:07+00:00,SPY260929C00759000
SPY,2026-09-29,765.61,2026-09-29,C,760.0,5.94,5.95,5.97,3332.0,253,0.12647357910156248,True,2026-09-28 20:14:56+00:00,SPY260929C00760000
SPY,2026-09-29,765.61,2026-09-29,C,761.0,5.1,5.11,5.14,2949.0,211,0.12683978637695312,True,2026-09-28 20:14:40+00:00,SPY260929C00761000
SPY,2026-09-29,765.61,2026-09-29,C,762.0,4.3,4.31,4.31,4028.0,473,0.125985302734375,True,2026-09-28 20:13:06+00:00,SPY260929C00762000
SPY,2026-09-29,765.61,2026-09-29,C,763.0,3.55,3.56,3.61,15939.0,413,0.1245204736328125,True,2026-09-28 20:14:39+00:00,SPY260929C00763000
SPY,2026-09-29,765.61,2026-09-29,C,764.0,2.87,2.88,2.88,21977.0,450,0.12342185180664064,True,2026-09-28 20:14:59+00:00,SPY260929C00764000
SPY,2026-09-29,765.61,2026-09-29,C,765.0,2.26,2.27,2.26,45140.0,1145,0.12195702270507813,True,2026-09-28 20:14:58+00:00,SPY260929C00765000
SPY,2026-09-29,765.61,2026-09-29,C,766.0,1.72,1.73,1.74,52589.0,354,0.12000391723632811,False,2026-09-28 20:14:59+00:00,SPY260929C00766000
SPY,2026-09-29,765.61,2026-09-29,C,767.0,1.28,1.29,1.3,73198.0,532,0.11902736450195311,False,2026-09-28 20:14:58+00:00,SPY260929C00767000
SPY,2026-09-29,765.61,2026-09-29,C,768.0,0.92,0.93,0.94,91310.0,1104,0.11792874267578124,False,2026-09-28 20:14:59+00:00,SPY260929C00768000
SPY,2026-09-29,765.61,2026-09-29,C,769.0,0.63,0.64,0.65,67875.0,1074,0.11646391357421876,False,2026-09-28 20:14:59+00:00,SPY260929C00769000
SPY,2026-09-29,765.61,2026-09-29,C,770.0,0.44,0.45,0.45,75710.0,1868,0.1176846044921875,False,2026-09-28 20:14:59+00:00,SPY260929C00770000
SPY,2026-09-29,765.61,2026-09-29,C,771.0,0.29,0.3,0.3,36831.0,2296,0.1176846044921875,False,2026-09-28 20:14:59+00:00,SPY260929C00771000
SPY,2026-09-29,765.61,2026-09-29,C,772.0,0.2,0.21,0.21,34246.0,1977,0.12012598632812499,False,2026-09-28 20:14:59+00:00,SPY260929C00772000
SPY,2026-09-29,765.61,2026-09-29,C,773.0,0.13,0.14,0.14,29294.0,1494,0.1215908154296875,False,2026-09-28 20:14:57+00:00,SPY260929C00773000
SPY,2026-09-29,765.61,2026-09-29,C,774.0,0.09,0.1,0.1,18880.0,1316,0.12500875,False,2026-09-28 20:14:53+00:00,SPY260929C00774000
SPY,2026-09-29,765.61,2026-09-29,C,775.0,0.06,0.07,0.07,30747.0,1846,0.127938408203125,False,2026-09-28 20:14:50+00:00,SPY260929C00775000
SPY,2026-09-29,765.61,2026-09-29,C,776.0,0.05,0.06,0.05,15546.0,2553,0.13526255371093754,False,2026-09-28 20:14:32+00:00,SPY260929C00776000
SPY,2026-09-29,765.61,2026-09-29,C,777.0,0.04,0.05,0.05,7437.0,2839,0.141610146484375,False,2026-09-28 20:14:47+00:00,SPY260929C00777000
SPY,2026-09-29,765.61,2026-09-29,C,778.0,0.03,0.04,0.04,10124.0,2861,0.147469462890625,False,2026-09-28 20:14:46+00:00,SPY260929C00778000
SPY,2026-09-29,765.61,2026-09-29,C,779.0,0.02,0.03,0.03,6860.0,2254,0.15039912109375003,False,2026-09-28 20:14:23+00:00,SPY260929C00779000
SPY,2026-09-29,765.61,2026-09-29,C,780.0,0.02,0.03,0.03,11616.0,4420,0.1601646484375,False,2026-09-28 20:14:38+00:00,SPY260929C00780000
SPY,2026-09-29,765.61,2026-09-29,C,781.0,0.01,0.02,0.02,2365.0,1708,0.1601646484375,False,2026-09-28 20:12:54+00:00,SPY260929C00781000
SPY,2026-09-29,765.61,2026-09-29,C,782.0,0.01,0.02,0.02,4761.0,3196,0.16993017578125003,False,2026-09-28 20:12:56+00:00,SPY260929C00782000
SPY,2026-09-29,765.61,2026-09-29,C,783.0,0.01,0.02,0.01,2025.0,3467,0.179695703125,False,2026-09-28 20:13:11+00:00,SPY260929C00783000
SPY,2026-09-29,765.61,2026-09-29,C,784.0,0.01,0.02,0.01,917.0,985,0.187508125,False,2026-09-28 19:51:02+00:00,SPY260929C00784000
SPY,2026-09-29,765.61,2026-09-29,C,785.0,0.01,0.02,0.01,1339.0,1098,0.19727365234375,False,2026-09-28 19:58:56+00:00,SPY260929C00785000
SPY,2026-09-29,765.61,2026-09-29,C,786.0,0.01,0.02,0.01,597.0,784,0.20508607421874997,False,2026-09-28 19:54:07+00:00,SPY260929C00786000
SPY,2026-09-29,765.61,2026-09-29,C,787.0,0.01,0.02,0.02,1641.0,832,0.2148516015625,False,2026-09-28 20:09:10+00:00,SPY260929C00787000
SPY,2026-09-29,765.61,2026-09-29,C,788.0,0.0,0.01,0.01,392.0,489,0.20703917968749996,False,2026-09-28 20:13:05+00:00,SPY260929C00788000
SPY,2026-09-29,765.61,2026-09-29,C,789.0,0.01,0.02,0.01,604.0,1029,0.2304764453125,False,2026-09-28 20:09:12+00:00,SPY260929C00789000
SPY,2026-09-29,765.61,2026-09-29,C,790.0,0.0,0.01,0.01,1280.0,745,0.22266402343749997,False,2026-09-28 19:45:26+00:00,SPY260929C00790000
SPY,2026-09-29,765.61,2026-09-29,C,791.0,0.0,0.01,0.02,94.0,671,0.2304764453125,False,2026-09-28 17:52:29+00:00,SPY260929C00791000
SPY,2026-09-29,765.61,2026-09-29,C,792.0,0.0,0.01,0.01,253.0,881,0.23828886718749998,False,2026-09-28 19:48:19+00:00,SPY260929C00792000
SPY,2026-09-29,765.61,2026-09-29,C,793.0,0.0,0.01,0.01,2493.0,433,0.2461012890625,False,2026-09-28 19:59:52+00:00,SPY260929C00793000
SPY,2026-09-29,765.61,2026-09-29,C,794.0,0.0,0.01,0.01,169.0,167,0.25391371093750004,False,2026-09-28 19:27:08+00:00,SPY260929C00794000
SPY,2026-09-29,765.61,2026-09-29,C,795.0,0.0,0.01,0.01,2081.0,347,0.2617261328125,False,2026-09-28 18:25:07+00:00,SPY260929C00795000
SPY,2026-09-29,765.61,2026-09-29,C,796.0,0.0,0.01,0.01,214.0,238,0.2695385546875,False,2026-09-28 19:14:49+00:00,SPY260929C00796000
SPY,2026-09-29,765.61,2026-09-29,C,797.0,0.0,0.01,0.01,452.0,623,0.27735097656249996,False,2026-09-28 18:25:35+00:00,SPY260929C00797000
SPY,2026-09-29,765.61,2026-09-29,C,798.0,0.0,0.01,0.01,213.0,432,0.28516339843749994,False,2026-09-28 17:15:54+00:00,SPY260929C00798000
SPY,2026-09-29,765.61,2026-09-29,C,799.0,0.0,0.01,0.01,148.0,1579,0.2929758203124999,False,2026-09-28 14:32:10+00:00,SPY260929C00799000
SPY,2026-09-29,765.61,2026-09-29,C,800.0,0.0,0.01,0.01,361.0,1693,0.3007882421875,False,2026-09-28 18:07:52+00:00,SPY260929C00800000
SPY,2026-09-29,765.61,2026-09-29,C,801.0,0.0,0.01,0.01,71.0,1163,0.3086006640625,False,2026-09-28 19:00:58+00:00,SPY260929C00801000
SPY,2026-09-29,765.61,2026-09-29,C,802.0,0.0,0.01,0.01,86.0,15,0.31641308593749995,False,2026-09-28 14:19:38+00:00,SPY260929C00802000
SPY,2026-09-29,765.61,2026-09-29,C,803.0,0.0,0.01,0.01,61.0,42,0.3242255078124999,False,2026-09-28 16:25:48+00:00,SPY260929C00803000
SPY,2026-09-29,765.61,2026-09-29,C,804.0,0.0,0.01,0.01,23.0,56,0.3320379296875,False,2026-09-28 13:51:18+00:00,SPY260929C00804000
SPY,2026-09-29,765.61,2026-09-29,C,805.0,0.0,0.01,0.01,4.0,194,0.3398503515625,False,2026-09-28 13:33:36+00:00,SPY260929C00805000
SPY,2026-09-29,765.61,2026-09-29,C,806.0,0.0,0.01,0.02,5.0,89,0.34766277343749996,False,2026-09-25 17:02:33+00:00,SPY260929C00806000
SPY,2026-09-29,765.61,2026-09-29,C,807.0,0.0,0.01,0.03,,79,0.35547519531249994,False,2026-09-16 19:45:01+00:00,SPY260929C00807000
SPY,2026-09-29,765.61,2026-09-29,C,808.0,0.0,0.01,0.02,12.0,792,0.35938140625,False,2026-09-25 20:08:40+00:00,SPY260929C00808000
SPY,2026-09-29,765.61,2026-09-29,C,809.0,0.0,0.01,0.02,130.0,780,0.367193828125,False,2026-09-24 16:01:29+00:00,SPY260929C00809000
SPY,2026-09-29,765.61,2026-09-29,C,810.0,0.0,0.01,0.02,1.0,46,0.37500625,False,2026-09-25 20:00:22+00:00,SPY260929C00810000
SPY,2026-09-29,765.61,2026-09-29,C,815.0,0.0,0.01,0.02,122.0,239,0.414068359375,False,2026-09-25 18:26:01+00:00,SPY260929C00815000
SPY,2026-09-29,765.61,2026-09-29,C,820.0,0.0,0.01,0.01,1.0,645,0.45313046875,False,2026-09-28 13:30:09+00:00,SPY260929C00820000
SPY,2026-09-29,765.61,2026-09-29,C,825.0,0.0,0.01,0.01,40.0,2,0.48438015625,False,2026-09-28 18:50:10+00:00,SPY260929C00825000
SPY,2026-09-29,765.61,2026-09-29,C,830.0,0.0,0.01,0.02,,6,0.500005,False,2026-09-23 15:56:38+00:00,SPY260929C00830000
SPY,2026-09-29,765.61,2026-09-29,C,835.0,0.0,0.01,0.01,1.0,243,0.5312546875,False,2026-09-25 18:19:33+00:00,SPY260929C00835000
SPY,2026-09-29,765.61,2026-09-29,C,840.0,0.0,0.01,0.01,,1,0.5625043750000001,False,2026-09-24 19:19:02+00:00,SPY260929C00840000
SPY,2026-09-29,765.61,2026-09-29,C,845.0,0.0,0.01,0.01,2.0,26,0.5937540625000001,False,2026-09-24 19:44:05+00:00,SPY260929C00845000
SPY,2026-09-29,765.61,2026-09-29,C,850.0,0.0,0.01,0.02,,72,0.6250037500000001,False,2026-09-17 19:07:37+00:00,SPY260929C00850000
SPY,2026-09-29,765.61,2026-09-29,C,855.0,0.0,0.01,0.01,6.0,1091,0.6562534375000001,False,2026-09-24 20:10:34+00:00,SPY260929C00855000
SPY,2026-09-29,765.61,2026-09-29,C,860.0,0.0,0.01,0.01,,358,0.6875031250000001,False,2026-09-16 16:31:07+00:00,SPY260929C00860000
SPY,2026-09-29,765.61,2026-09-29,C,865.0,0.0,0.01,0.01,,183,0.7187528125,False,2026-09-16 16:31:07+00:00,SPY260929C00865000
SPY,2026-09-29,765.61,2026-09-29,C,890.0,0.0,0.01,0.01,,1,0.87500125,False,2026-09-22 13:46:58+00:00,SPY260929C00890000
SPY,2026-09-29,765.61,2026-09-29,C,905.0,0.0,0.01,0.01,,1,0.9687503125,False,2026-09-24 13:37:37+00:00,SPY260929C00905000
SPY,2026-09-29,765.61,2026-09-29,C,940.0,0.0,0.01,0.01,1.0,1,1.15625421875,False,2026-09-25 14:31:28+00:00,SPY260929C00940000
SPY,2026-09-29,765.61,2026-09-29,P,550.0,0.0,0.01,0.03,,6,1.8437507812499998,False,2026-09-17 17:30:16+00:00,SPY260929P00550000
SPY,2026-09-29,765.61,2026-09-29,P,560.0,0.0,0.01,0.01,,110,1.75000125,False,2026-09-21 17:49:06+00:00,SPY260929P00560000
SPY,2026-09-29,765.61,2026-09-29,P,565.0,0.0,0.01,0.07,,20,1.6875015625,False,2026-09-16 19:55:02+00:00,SPY260929P00565000
SPY,2026-09-29,765.61,2026-09-29,P,570.0,0.0,0.01,0.01,20.0,41,1.65625171875,False,2026-09-21 15:07:08+00:00,SPY260929P00570000
SPY,2026-09-29,765.61,2026-09-29,P,575.0,0.0,0.01,0.01,1.0,30,1.625001875,False,2026-09-28 13:51:45+00:00,SPY260929P00575000
SPY,2026-09-29,765.61,2026-09-29,P,580.0,0.0,0.01,0.03,,48,1.5625021874999998,False,2026-09-17 19:47:27+00:00,SPY260929P00580000
SPY,2026-09-29,765.61,2026-09-29,P,595.0,0.0,0.01,0.1,,5,1.4375028125,False,2026-09-16 19:54:35+00:00,SPY260929P00595000
SPY,2026-09-29,765.61,2026-09-29,P,600.0,0.0,0.01,0.01,21.0,15,1.3750031249999999,False,2026-09-28 15:41:13+00:00,SPY260929P00600000
SPY,2026-09-29,765.61,2026-09-29,P,605.0,0.0,0.01,0.03,2.0,0,1.3437532812499997,False,2026-09-18 18:04:44+00:00,SPY260929P00605000
SPY,2026-09-29,765.61,2026-09-29,P,610.0,0.0,0.01,0.01,,135,1.3125034374999998,False,2026-09-22 13:40:12+00:00,SPY260929P00610000
SPY,2026-09-29,765.61,2026-09-29,P,615.0,0.0,0.01,0.03,5.0,149,1.2500037499999999,False,2026-09-21 16:53:05+00:00,SPY260929P00615000
SPY,2026-09-29,765.61,2026-09-29,P,620.0,0.0,0.01,0.02,36.0,95,1.21875390625,False,2026-09-21 14:13:48+00:00,SPY260929P00620000
SPY,2026-09-29,765.61,2026-09-29,P,625.0,0.0,0.01,0.05,40.0,41,1.15625421875,False,2026-09-18 20:02:54+00:00,SPY260929P00625000
SPY,2026-09-29,765.61,2026-09-29,P,635.0,0.0,0.01,0.08,,21,1.09375453125,False,2026-09-17 14:30:39+00:00,SPY260929P00635000
SPY,2026-09-29,765.61,2026-09-29,P,640.0,0.0,0.01,0.01,5.0,6,1.0312548437500002,False,2026-09-25 18:40:35+00:00,SPY260929P00640000
SPY,2026-09-29,765.61,2026-09-29,P,645.0,0.0,0.01,0.01,1265.0,1278,0.98437515625,False,2026-09-25 15:26:46+00:00,SPY260929P00645000
SPY,2026-09-29,765.61,2026-09-29,P,650.0,0.0,0.01,0.01,26.0,269,0.9687503125,False,2026-09-25 18:40:01+00:00,SPY260929P00650000
SPY,2026-09-29,765.61,2026-09-29,P,655.0,0.0,0.01,0.01,327.0,322,0.9062509375,False,2026-09-25 19:49:30+00:00,SPY260929P00655000
SPY,2026-09-29,765.61,2026-09-29,P,660.0,0.0,0.01,0.02,53.0,52,0.87500125,False,2026-09-25 16:43:46+00:00,SPY260929P00660000
SPY,2026-09-29,765.61,2026-09-29,P,665.0,0.0,0.01,0.01,242.0,1416,0.8281267187499999,False,2026-09-25 19:51:01+00:00,SPY260929P00665000
SPY,2026-09-29,765.61,2026-09-29,P,670.0,0.0,0.01,0.01,105.0,6821,0.7812521875,False,2026-09-25 19:52:56+00:00,SPY260929P00670000
SPY,2026-09-29,765.61,2026-09-29,P,675.0,0.0,0.01,0.01,1.0,8038,0.7500025,False,2026-09-25 15:26:46+00:00,SPY260929P00675000
SPY,2026-09-29,765.61,2026-09-29,P,680.0,0.0,0.01,0.02,102.0,136,0.7187528125,False,2026-09-25 16:05:27+00:00,SPY260929P00680000
SPY,2026-09-29,765.61,2026-09-29,P,685.0,0.0,0.01,0.02,22.0,90,0.6718782812500002,False,2026-09-25 17:31:14+00:00,SPY260929P00685000
SPY,2026-09-29,765.61,2026-09-29,P,690.0,0.0,0.01,0.01,12.0,261,0.6250037500000001,False,2026-09-28 19:43:36+00:00,SPY260929P00690000
SPY,2026-09-29,765.61,2026-09-29,P,695.0,0.0,0.01,0.01,1344.0,112,0.5937540625000001,False,2026-09-28 18:18:31+00:00,SPY260929P00695000
SPY,2026-09-29,765.61,2026-09-29,P,700.0,0.0,0.01,0.02,391.0,1733,0.5468795312500001,False,2026-09-28 19:46:24+00:00,SPY260929P00700000
SPY,2026-09-29,765.61,2026-09-29,P,705.0,0.0,0.01,0.01,1060.0,1373,0.500005,False,2026-09-28 19:49:13+00:00,SPY260929P00705000
SPY,2026-09-29,765.61,2026-09-29,P,710.0,0.0,0.01,0.01,654.0,1132,0.49219257812500006,False,2026-09-28 19:54:52+00:00,SPY260929P00710000
SPY,2026-09-29,765.61,2026-09-29,P,715.0,0.0,0.01,0.01,106.0,2597,0.45313046875,False,2026-09-28 19:58:27+00:00,SPY260929P00715000
SPY,2026-09-29,765.61,2026-09-29,P,718.0,0.0,0.01,0.03,235.0,205,0.42969320312500003,False,2026-09-28 19:59:47+00:00,SPY260929P00718000
SPY,2026-09-29,765.61,2026-09-29,P,719.0,0.0,0.01,0.04,216.0,20,0.42188078125,False,2026-09-28 19:59:47+00:00,SPY260929P00719000
SPY,2026-09-29,765.61,2026-09-29,P,720.0,0.0,0.01,0.01,46.0,3100,0.414068359375,False,2026-09-28 20:13:31+00:00,SPY260929P00720000
SPY,2026-09-29,765.61,2026-09-29,P,721.0,0.0,0.01,0.02,694.0,160,0.398443515625,False,2026-09-28 19:03:06+00:00,SPY260929P00721000
SPY,2026-09-29,765.61,2026-09-29,P,722.0,0.0,0.01,0.02,240.0,15,0.39063109375,False,2026-09-28 16:20:58+00:00,SPY260929P00722000
SPY,2026-09-29,765.61,2026-09-29,P,723.0,0.0,0.01,0.02,157.0,125,0.38281867187499996,False,2026-09-28 19:05:52+00:00,SPY260929P00723000
SPY,2026-09-29,765.61,2026-09-29,P,724.0,0.0,0.01,0.01,1134.0,500,0.37500625,False,2026-09-28 20:08:38+00:00,SPY260929P00724000
SPY,2026-09-29,765.61,2026-09-29,P,725.0,0.01,0.02,0.01,2437.0,1256,0.39453730468750003,False,2026-09-28 20:14:58+00:00,SPY260929P00725000
SPY,2026-09-29,765.61,2026-09-29,P,726.0,0.0,0.01,0.01,255.0,138,0.35938140625,False,2026-09-28 20:14:28+00:00,SPY260929P00726000
SPY,2026-09-29,765.61,2026-09-29,P,727.0,0.0,0.01,0.01,1119.0,217,0.35156898437499995,False,2026-09-28 20:14:37+00:00,SPY260929P00727000
SPY,2026-09-29,765.61,2026-09-29,P,728.0,0.01,0.02,0.01,58.0,78,0.367193828125,False,2026-09-28 20:04:31+00:00,SPY260929P00728000
SPY,2026-09-29,765.61,2026-09-29,P,729.0,0.01,0.02,0.01,87.0,367,0.35938140625,False,2026-09-28 20:12:39+00:00,SPY260929P00729000
SPY,2026-09-29,765.61,2026-09-29,P,730.0,0.01,0.02,0.04,81.0,442,0.35156898437499995,False,2026-09-28 15:56:48+00:00,SPY260929P00730000
SPY,2026-09-29,765.61,2026-09-29,P,731.0,0.01,0.02,0.03,1.0,235,0.3398503515625,False,2026-09-28 18:03:57+00:00,SPY260929P00731000
SPY,2026-09-29,765.61,2026-09-29,P,732.0,0.01,0.02,0.02,2099.0,197,0.3320379296875,False,2026-09-28 18:32:59+00:00,SPY260929P00732000
SPY,2026-09-29,765.61,2026-09-29,P,733.0,0.01,0.02,0.01,1943.0,534,0.3242255078124999,False,2026-09-28 19:28:54+00:00,SPY260929P00733000
SPY,2026-09-29,765.61,2026-09-29,P,734.0,0.01,0.02,0.01,55.0,86,0.31250687499999996,False,2026-09-28 19:52:29+00:00,SPY260929P00734000
SPY,2026-09-29,765.61,2026-09-29,P,735.0,0.01,0.02,0.01,8002.0,681,0.304694453125,False,2026-09-28 19:51:22+00:00,SPY260929P00735000
SPY,2026-09-29,765.61,2026-09-29,P,736.0,0.01,0.02,0.01,3344.0,826,0.29688203124999996,False,2026-09-28 19:52:52+00:00,SPY260929P00736000
SPY,2026-09-29,765.61,2026-09-29,P,737.0,0.01,0.02,0.01,605.0,216,0.28516339843749994,False,2026-09-28 20:03:20+00:00,SPY260929P00737000
SPY,2026-09-29,765.61,2026-09-29,P,738.0,0.01,0.02,0.02,1445.0,322,0.27735097656249996,False,2026-09-28 19:54:46+00:00,SPY260929P00738000
SPY,2026-09-29,765.61,2026-09-29,P,739.0,0.01,0.02,0.02,344.0,841,0.2695385546875,False,2026-09-28 19:54:53+00:00,SPY260929P00739000
SPY,2026-09-29,765.61,2026-09-29,P,740.0,0.01,0.02,0.02,4380.0,3190,0.257819921875,False,2026-09-28 19:54:12+00:00,SPY260929P00740000
SPY,2026-09-29,765.61,2026-09-29,P,741.0,0.01,0.02,0.01,330.0,10187,0.2500075,False,2026-09-28 20:12:18+00:00,SPY260929P00741000
SPY,2026-09-29,765.61,2026-09-29,P,742.0,0.01,0.02,0.03,29.0,634,0.242195078125,False,2026-09-28 19:57:13+00:00,SPY260929P00742000
SPY,2026-09-29,765.61,2026-09-29,P,743.0,0.01,0.02,0.02,914.0,1277,0.2304764453125,False,2026-09-28 20:01:55+00:00,SPY260929P00743000
SPY,2026-09-29,765.61,2026-09-29,P,744.0,0.01,0.02,0.02,1120.0,1182,0.22266402343749997,False,2026-09-28 20:02:48+00:00,SPY260929P00744000
SPY,2026-09-29,765.61,2026-09-29,P,745.0,0.01,0.02,0.01,3870.0,1232,0.21289849609375,False,2026-09-28 20:14:17+00:00,SPY260929P00745000
SPY,2026-09-29,765.61,2026-09-29,P,746.0,0.02,0.03,0.02,729.0,474,0.2148516015625,False,2026-09-28 20:08:58+00:00,SPY260929P00746000
SPY,2026-09-29,765.61,2026-09-29,P,747.0,0.02,0.03,0.03,2620.0,1546,0.20508607421874997,False,2026-09-28 19:59:59+00:00,SPY260929P00747000
SPY,2026-09-29,765.61,2026-09-29,P,748.0,0.02,0.03,0.03,1886.0,1500,0.195320546875,False,2026-09-28 20:12:27+00:00,SPY260929P00748000
SPY,2026-09-29,765.61,2026-09-29,P,749.0,0.03,0.04,0.04,822.0,444,0.192390888671875,False,2026-09-28 20:06:54+00:00,SPY260929P00749000
SPY,2026-09-29,765.61,2026-09-29,P,750.0,0.04,0.05,0.05,15910.0,1676,0.188484677734375,False,2026-09-28 20:14:59+00:00,SPY260929P00750000
SPY,2026-09-29,765.61,2026-09-29,P,751.0,0.05,0.06,0.06,2371.0,732,0.18262536132812499,False,2026-09-28 20:14:46+00:00,SPY260929P00751000
SPY,2026-09-29,765.61,2026-09-29,P,752.0,0.06,0.07,0.06,3698.0,1363,0.176766044921875,False,2026-09-28 20:14:54+00:00,SPY260929P00752000
SPY,2026-09-29,765.61,2026-09-29,P,753.0,0.08,0.09,0.08,4233.0,1199,0.17285983398437502,False,2026-09-28 20:14:49+00:00,SPY260929P00753000
SPY,2026-09-29,765.61,2026-09-29,P,754.0,0.1,0.11,0.1,9062.0,1320,0.16748879394531252,False,2026-09-28 20:14:49+00:00,SPY260929P00754000
SPY,2026-09-29,765.61,2026-09-29,P,755.0,0.13,0.14,0.13,18601.0,3521,0.16358258300781253,False,2026-09-28 20:14:54+00:00,SPY260929P00755000
SPY,2026-09-29,765.61,2026-09-29,P,756.0,0.17,0.18,0.18,11078.0,1437,0.159188095703125,False,2026-09-28 20:14:47+00:00,SPY260929P00756000
SPY,2026-09-29,765.61,2026-09-29,P,757.0,0.22,0.23,0.23,14588.0,480,0.1550377465820313,False,2026-09-28 20:14:58+00:00,SPY260929P00757000
SPY,2026-09-29,765.61,2026-09-29,P,758.0,0.3,0.31,0.31,19585.0,1692,0.15284050292968754,False,2026-09-28 20:14:59+00:00,SPY260929P00758000
SPY,2026-09-29,765.61,2026-09-29,P,759.0,0.39,0.4,0.39,21242.0,921,0.14917843017578125,False,2026-09-28 20:14:59+00:00,SPY260929P00759000
SPY,2026-09-29,765.61,2026-09-29,P,760.0,0.51,0.52,0.51,39703.0,2200,0.14576049560546872,False,2026-09-28 20:14:58+00:00,SPY260929P00760000
SPY,2026-09-29,765.61,2026-09-29,P,761.0,0.67,0.68,0.67,17827.0,1099,0.1430749755859375,False,2026-09-28 20:14:59+00:00,SPY260929P00761000
SPY,2026-09-29,765.61,2026-09-29,P,762.0,0.87,0.88,0.87,27001.0,1348,0.14026738647460937,False,2026-09-28 20:14:56+00:00,SPY260929P00762000
SPY,2026-09-29,765.61,2026-09-29,P,763.0,1.13,1.14,1.14,35176.0,3389,0.13807014282226562,False,2026-09-28 20:14:59+00:00,SPY260929P00763000
SPY,2026-09-29,765.61,2026-09-29,P,764.0,1.44,1.45,1.44,59056.0,2072,0.13526255371093754,False,2026-09-28 20:14:59+00:00,SPY260929P00764000
SPY,2026-09-29,765.61,2026-09-29,P,765.0,1.83,1.84,1.83,82230.0,3026,0.1333094482421875,False,2026-09-28 20:14:59+00:00,SPY260929P00765000
SPY,2026-09-29,765.61,2026-09-29,P,766.0,2.3,2.31,2.3,63828.0,3222,0.13196668823242189,True,2026-09-28 20:14:57+00:00,SPY260929P00766000
SPY,2026-09-29,765.61,2026-09-29,P,767.0,2.85,2.86,2.86,68303.0,3084,0.1307459973144531,True,2026-09-28 20:14:57+00:00,SPY260929P00767000
SPY,2026-09-29,765.61,2026-09-29,P,768.0,3.49,3.5,3.49,40366.0,1798,0.13062392822265623,True,2026-09-28 20:14:56+00:00,SPY260929P00768000
SPY,2026-09-29,765.61,2026-09-29,P,769.0,4.21,4.22,4.22,18644.0,2113,0.1313563427734375,True,2026-09-28 20:14:57+00:00,SPY260929P00769000
SPY,2026-09-29,765.61,2026-09-29,P,770.0,5.0,5.01,5.03,15717.0,2248,0.13306531005859373,True,2026-09-28 20:14:26+00:00,SPY260929P00770000
SPY,2026-09-29,765.61,2026-09-29,P,771.0,5.84,5.91,5.91,4365.0,2428,0.14112187011718752,True,2026-09-28 20:12:00+00:00,SPY260929P00771000
SPY,2026-09-29,765.61,2026-09-29,P,772.0,6.69,6.83,6.57,2696.0,779,0.1489342919921875,True,2026-09-28 20:00:10+00:00,SPY260929P00772000
SPY,2026-09-29,765.61,2026-09-29,P,773.0,7.62,7.78,7.71,2111.0,766,0.15845568115234376,True,2026-09-28 20:14:23+00:00,SPY260929P00773000
SPY,2026-09-29,765.61,2026-09-29,P,774.0,8.61,8.77,8.37,1563.0,690,0.17188328125000002,True,2026-09-28 20:01:44+00:00,SPY260929P00774000
SPY,2026-09-29,765.61,2026-09-29,P,775.0,9.61,9.73,9.78,654.0,738,0.180672255859375,True,2026-09-28 20:12:17+00:00,SPY260929P00775000
SPY,2026-09-29,765.61,2026-09-29,P,776.0,10.6,10.77,10.4,1054.0,285,0.2004474487304687,True,2026-09-28 20:07:11+00:00,SPY260929P00776000
SPY,2026-09-29,765.61,2026-09-29,P,777.0,11.59,11.77,11.66,533.0,140,0.21436332519531248,True,2026-09-28 19:49:30+00:00,SPY260929P00777000
SPY,2026-09-29,765.61,2026-09-29,P,778.0,12.6,12.77,12.35,341.0,308,0.2280350634765625,True,2026-09-28 19:32:55+00:00,SPY260929P00778000
SPY,2026-09-29,765.61,2026-09-29,P,779.0,13.6,13.77,13.6,432.0,206,0.24146266357421875,True,2026-09-28 19:58:33+00:00,SPY260929P00779000
SPY,2026-09-29,765.61,2026-09-29,P,780.0,14.61,14.73,14.99,4523.0,249,0.24805439453125,True,2026-09-28 19:54:15+00:00,SPY260929P00780000
SPY,2026-09-29,765.61,2026-09-29,P,781.0,15.59,15.77,15.35,394.0,133,0.26782958740234375,True,2026-09-28 19:32:55+00:00,SPY260929P00781000
SPY,2026-09-29,765.61,2026-09-29,P,782.0,16.59,16.77,16.05,165.0,395,0.28076891113281244,True,2026-09-28 19:13:45+00:00,SPY260929P00782000
SPY,2026-09-29,765.61,2026-09-29,P,783.0,17.59,17.77,17.48,101.0,366,0.2934640966796874,True,2026-09-28 19:43:09+00:00,SPY260929P00783000
SPY,2026-09-29,765.61,2026-09-29,P,784.0,18.59,18.77,18.31,141.0,159,0.3061592822265625,True,2026-09-28 19:36:46+00:00,SPY260929P00784000
SPY,2026-09-29,765.61,2026-09-29,P,785.0,19.61,19.73,19.29,304.0,172,0.3110420458984374,True,2026-09-28 19:36:33+00:00,SPY260929P00785000
SPY,2026-09-29,765.61,2026-09-29,P,786.0,20.59,20.77,18.13,61.0,73,0.33130551513671874,True,2026-09-28 16:47:47+00:00,SPY260929P00786000
SPY,2026-09-29,765.61,2026-09-29,P,787.0,21.59,21.77,21.08,179.0,84,0.3437565625,True,2026-09-28 19:32:53+00:00,SPY260929P00787000
SPY,2026-09-29,765.61,2026-09-29,P,788.0,22.59,22.77,21.63,142.0,3,0.35596347167968745,True,2026-09-28 19:07:25+00:00,SPY260929P00788000
SPY,2026-09-29,765.61,2026-09-29,P,789.0,23.59,23.77,23.64,79.0,0,0.36817038085937503,True,2026-09-28 19:41:45+00:00,SPY260929P00789000
SPY,2026-09-29,765.61,2026-09-29,P,790.0,24.61,24.73,24.44,212.0,1,0.3711000390625,True,2026-09-28 19:37:10+00:00,SPY260929P00790000
SPY,2026-09-29,765.61,2026-09-29,P,791.0,25.59,25.77,23.91,177.0,0,0.3920959228515625,True,2026-09-28 18:23:30+00:00,SPY260929P00791000
SPY,2026-09-29,765.61,2026-09-29,P,792.0,26.59,26.77,24.8,79.0,0,0.40381455566406255,True,2026-09-28 17:58:33+00:00,SPY260929P00792000
SPY,2026-09-29,765.61,2026-09-29,P,793.0,27.59,27.77,24.69,57.0,0,0.4157773266601562,True,2026-09-28 16:31:52+00:00,SPY260929P00793000
SPY,2026-09-29,765.61,2026-09-29,P,794.0,28.59,28.77,27.22,80.0,0,0.4274959594726563,True,2026-09-28 18:38:09+00:00,SPY260929P00794000
SPY,2026-09-29,765.61,2026-09-29,P,795.0,29.61,29.73,27.91,164.0,0,0.42969320312500003,True,2026-09-28 18:23:30+00:00,SPY260929P00795000
SPY,2026-09-29,765.61,2026-09-29,P,796.0,29.88,31.5,29.86,14.0,0,0.5786174951171875,True,2026-09-28 14:17:26+00:00,SPY260929P00796000
SPY,2026-09-29,765.61,2026-09-29,P,797.0,30.88,32.5,32.23,38.0,0,0.5920450952148439,True,2026-09-28 15:44:12+00:00,SPY260929P00797000
SPY,2026-09-29,765.61,2026-09-29,P,798.0,31.88,33.53,33.66,8.0,0,0.6098671826171876,True,2026-09-28 14:47:10+00:00,SPY260929P00798000
SPY,2026-09-29,765.61,2026-09-29,P,799.0,32.84,34.6,33.85,110.0,0,0.6330603100585939,True,2026-09-28 15:40:58+00:00,SPY260929P00799000
SPY,2026-09-29,765.61,2026-09-29,P,800.0,33.79,35.51,34.09,95.0,0,0.6335485864257813,True,2026-09-28 19:22:37+00:00,SPY260929P00800000
SPY,2026-09-29,765.61,2026-09-29,P,801.0,34.84,36.51,35.62,98.0,0,0.6467320483398438,True,2026-09-28 16:00:40+00:00,SPY260929P00801000
SPY,2026-09-29,765.61,2026-09-29,P,802.0,35.88,37.5,35.13,186.0,0,0.6584506811523438,True,2026-09-28 18:37:21+00:00,SPY260929P00802000
SPY,2026-09-29,765.61,2026-09-29,P,803.0,36.84,38.5,38.03,263.0,0,0.5009815527343751,True,2026-09-28 19:17:40+00:00,SPY260929P00803000
SPY,2026-09-29,765.61,2026-09-29,P,804.0,37.84,39.51,37.49,222.0,0,0.5131884619140624,True,2026-09-28 19:07:11+00:00,SPY260929P00804000
SPY,2026-09-29,765.61,2026-09-29,P,805.0,38.71,40.51,38.54,254.0,0,0.5009815527343751,True,2026-09-28 19:08:03+00:00,SPY260929P00805000
SPY,2026-09-29,765.61,2026-09-29,P,806.0,39.88,41.5,40.37,137.0,0,0.5390671093750001,True,2026-09-28 16:10:08+00:00,SPY260929P00806000
SPY,2026-09-29,765.61,2026-09-29,P,807.0,40.84,42.51,40.11,145.0,0,0.5449264257812501,True,2026-09-28 18:51:38+00:00,SPY260929P00807000
SPY,2026-09-29,765.61,2026-09-29,P,808.0,41.88,43.5,41.98,98.0,0,0.56055126953125,True,2026-09-28 19:27:49+00:00,SPY260929P00808000
SPY,2026-09-29,765.61,2026-09-29,P,809.0,42.88,44.5,41.99,104.0,0,0.5712933496093751,True,2026-09-28 18:52:56+00:00,SPY260929P00809000
SPY,2026-09-29,765.61,2026-09-29,P,810.0,43.88,45.51,44.04,234.0,0,0.5830119824218749,True,2026-09-28 19:22:56+00:00,SPY260929P00810000
SPY,2026-09-29,765.61,2026-09-29,P,815.0,48.88,50.51,48.18,206.0,0,0.6347692773437501,True,2026-09-28 19:00:07+00:00,SPY260929P00815000
SPY,2026-09-29,765.61,2026-09-29,P,820.0,53.72,55.51,54.05,364.0,0,0.6533237792968751,True,2026-09-28 19:23:35+00:00,SPY260929P00820000
SPY,2026-09-29,765.61,2026-09-29,P,825.0,58.88,60.51,59.05,436.0,0,0.73633076171875,True,2026-09-28 19:23:21+00:00,SPY260929P00825000
SPY,2026-09-29,765.61,2026-09-29,P,830.0,63.79,65.51,64.63,66.0,0,0.7656273437500001,True,2026-09-28 19:45:21+00:00,SPY260929P00830000
SPY,2026-09-29,765.61,2026-09-29,P,835.0,68.72,70.51,69.45,34.0,0,0.795900478515625,True,2026-09-28 19:45:39+00:00,SPY260929P00835000
SPY,2026-09-29,765.61,2026-09-29,P,840.0,73.88,75.5,72.92,150.0,0,0.8789074609374999,True,2026-09-28 16:44:58+00:00,SPY260929P00840000
SPY,2026-09-29,765.61,2026-09-29,P,845.0,78.88,80.5,78.79,173.0,0,0.9257819921875,True,2026-09-28 19:26:20+00:00,SPY260929P00845000
SPY,2026-09-29,765.61,2026-09-29,P,850.0,83.76,85.5,83.88,88.0,0,0.940430283203125,True,2026-09-28 19:27:02+00:00,SPY260929P00850000
SPY,2026-09-29,765.61,2026-09-29,P,855.0,88.84,90.53,89.68,128.0,0,1.015629921875,True,2026-09-28 15:58:32+00:00,SPY260929P00855000
SPY,2026-09-29,765.61,2026-09-29,P,860.0,93.84,95.5,94.69,88.0,0,1.0517625537109376,True,2026-09-28 16:00:33+00:00,SPY260929P00860000
SPY,2026-09-29,765.61,2026-09-29,P,865.0,98.85,100.52,100.16,58.0,0,1.1044966650390626,True,2026-09-28 15:20:48+00:00,SPY260929P00865000
SPY,2026-09-29,765.61,2026-09-29,P,870.0,103.85,105.5,103.96,102.0,0,1.142582412109375,True,2026-09-28 19:28:20+00:00,SPY260929P00870000
SPY,2026-09-29,765.61,2026-09-29,P,875.0,108.85,110.5,108.12,71.0,0,1.1865275048828123,True,2026-09-28 17:00:20+00:00,SPY260929P00875000
SPY,2026-09-29,765.61,2026-09-29,P,880.0,113.85,115.5,114.09,188.0,0,1.228519482421875,True,2026-09-28 19:29:39+00:00,SPY260929P00880000
SPY,2026-09-29,765.61,2026-09-29,P,885.0,118.85,120.5,118.89,60.0,0,1.2714880175781247,True,2026-09-28 19:12:28+00:00,SPY260929P00885000
SPY,2026-09-29,765.61,2026-09-29,P,890.0,123.85,125.5,124.03,118.0,0,1.3134799951171874,True,2026-09-28 19:30:06+00:00,SPY260929P00890000
SPY,2026-09-29,765.61,2026-09-29,P,895.0,128.85,130.5,129.99,42.0,0,1.3554719726562499,True,2026-09-28 15:33:36+00:00,SPY260929P00895000
SPY,2026-09-29,765.61,2026-09-29,P,900.0,133.85,135.52,134.07,48.0,0,1.40234673828125,True,2026-09-28 19:21:27+00:00,SPY260929P00900000
SPY,2026-09-29,765.61,2026-09-29,P,905.0,138.85,140.5,140.08,34.0,0,1.4365262548828124,True,2026-09-28 15:35:44+00:00,SPY260929P00905000
SPY,2026-09-29,765.61,2026-09-29,P,910.0,143.85,145.5,144.54,34.0,0,1.4765651171875,True,2026-09-28 15:37:24+00:00,SPY260929P00910000
SPY,2026-09-29,765.61,2026-09-29,P,915.0,148.85,150.5,149.46,32.0,0,1.5166039794921873,True,2026-09-28 15:37:48+00:00,SPY260929P00915000
SPY,2026-09-29,765.61,2026-09-29,P,920.0,153.85,155.52,154.36,46.0,0,1.5634787451171874,True,2026-09-28 15:38:26+00:00,SPY260929P00920000
SPY,2026-09-29,765.61,2026-09-29,P,925.0,158.85,160.5,159.52,42.0,0,1.5957051464843748,True,2026-09-28 15:40:11+00:00,SPY260929P00925000
SPY,2026-09-29,765.61,2026-09-29,P,930.0,163.85,165.5,165.08,22.0,0,1.6347674511718748,True,2026-09-28 15:41:56+00:00,SPY260929P00930000
SPY,2026-09-29,765.61,2026-09-29,P,935.0,168.85,170.5,170.03,28.0,0,1.6728531982421875,True,2026-09-28 15:42:28+00:00,SPY260929P00935000
SPY,2026-09-29,765.61,2026-09-29,P,940.0,173.85,175.5,175.08,40.0,0,1.7109389453125,True,2026-09-28 15:42:53+00:00,SPY260929P00940000
SPY,2026-09-29,765.61,2026-09-29,P,945.0,178.85,180.5,179.25,34.0,0,1.7490246923828123,True,2026-09-28 19:31:17+00:00,SPY260929P00945000
SPY,2026-09-29,765.61,2026-09-29,P,950.0,183.85,185.52,184.17,48.0,0,1.7949229003906249,True,2026-09-28 19:31:40+00:00,SPY260929P00950000
SPY,2026-09-29,765.61,2026-09-30,C,375.0,389.64,391.38,386.82,1.0,0,4.330082712402343,True,2026-09-14 19:40:11+00:00,SPY260930C00375000
SPY,2026-09-29,765.61,2026-09-30,C,380.0,384.57,386.31,379.26,9.0,7,4.20312974609375,True,2026-09-18 16:45:24+00:00,SPY260930C00380000
SPY,2026-09-29,765.61,2026-09-30,C,410.0,354.58,356.32,358.34,1.0,1,3.7910161474609376,True,2026-09-28 14:00:25+00:00,SPY260930C00410000
SPY,2026-09-29,765.61,2026-09-30,C,415.0,348.35,351.14,340.0,41.0,73,3.583985415039063,True,2026-07-13 15:48:20+00:00,SPY260930C00415000
SPY,2026-09-29,765.61,2026-09-30,C,420.0,344.58,346.3,341.52,7.0,0,3.6445321386718756,True,2026-09-17 14:35:50+00:00,SPY260930C00420000
SPY,2026-09-29,765.61,2026-09-30,C,425.0,339.57,341.32,341.62,44.0,3,3.593751015625,True,2026-08-31 19:05:39+00:00,SPY260930C00425000
SPY,2026-09-29,765.61,2026-09-30,C,440.0,0.0,0.0,303.01,2.0,0,1.0000000000000003e-05,True,2026-05-18 14:50:23+00:00,SPY260930C00440000
SPY,2026-09-29,765.61,2026-09-30,C,450.0,0.0,0.0,303.49,,0,1.0000000000000003e-05,True,2026-05-27 14:49:18+00:00,SPY260930C00450000
SPY,2026-09-29,765.61,2026-09-30,C,460.0,282.14,285.65,229.77,,0,1.0000000000000003e-05,True,2026-04-09 17:24:56+00:00,SPY260930C00460000
SPY,2026-09-29,765.61,2026-09-30,C,470.0,286.58,289.97,275.35,1.0,0,1.0000000000000003e-05,True,2026-06-12 18:25:01+00:00,SPY260930C00470000
SPY,2026-09-29,765.61,2026-09-30,C,475.0,289.67,291.31,287.83,105.0,0,2.9707056982421873,True,2026-09-17 19:51:13+00:00,SPY260930C00475000
SPY,2026-09-29,765.61,2026-09-30,C,480.0,284.67,286.34,283.08,2.0,0,2.92969017578125,True,2026-09-17 19:56:14+00:00,SPY260930C00480000
SPY,2026-09-29,765.61,2026-09-30,C,485.0,279.67,281.36,278.1,40.0,0,2.88281529296875,True,2026-09-17 19:56:51+00:00,SPY260930C00485000
SPY,2026-09-29,765.61,2026-09-30,C,490.0,274.67,276.3,279.48,1.0,1,2.7910186474609375,True,2026-09-21 14:32:01+00:00,SPY260930C00490000
SPY,2026-09-29,765.61,2026-09-30,C,495.0,269.67,271.35,268.1,25.0,0,2.761721845703125,True,2026-09-17 19:55:58+00:00,SPY260930C00495000
SPY,2026-09-29,765.61,2026-09-30,C,500.0,264.67,266.35,263.08,50.0,0,2.7050813623046874,True,2026-09-17 19:51:41+00:00,SPY260930C00500000
SPY,2026-09-29,765.61,2026-09-30,C,505.0,259.67,261.34,258.12,30.0,0,2.6445346386718755,True,2026-09-17 19:56:51+00:00,SPY260930C00505000
SPY,2026-09-29,765.61,2026-09-30,C,510.0,254.67,256.31,253.09,5.0,1,2.573245754394531,True,2026-09-17 19:56:14+00:00,SPY260930C00510000
SPY,2026-09-29,765.61,2026-09-30,C,515.0,249.68,251.32,248.08,50.0,0,2.5234411914062496,True,2026-09-17 19:51:41+00:00,SPY260930C00515000
SPY,2026-09-29,765.61,2026-09-30,C,520.0,244.68,246.32,243.12,30.0,0,2.468753828125,True,2026-09-17 19:56:51+00:00,SPY260930C00520000
SPY,2026-09-29,765.61,2026-09-30,C,525.0,239.68,241.31,238.07,5.0,0,2.410160224609375,True,2026-09-17 19:56:14+00:00,SPY260930C00525000
SPY,2026-09-29,765.61,2026-09-30,C,530.0,234.68,236.31,232.94,50.0,0,2.356449421386718,True,2026-09-17 19:51:41+00:00,SPY260930C00530000
SPY,2026-09-29,765.61,2026-09-30,C,535.0,229.68,231.36,227.84,50.0,0,2.3271526196289054,True,2026-09-17 19:51:41+00:00,SPY260930C00535000
SPY,2026-09-29,765.61,2026-09-30,C,540.0,224.68,226.35,221.77,27.0,27,2.269535576171875,True,2026-09-18 19:05:16+00:00,SPY260930C00540000
SPY,2026-09-29,765.61,2026-09-30,C,545.0,219.68,221.35,218.07,5.0,0,2.216801333007812,True,2026-09-17 19:56:14+00:00,SPY260930C00545000
SPY,2026-09-29,765.61,2026-09-30,C,550.0,214.68,216.35,213.07,20.0,0,2.16406708984375,True,2026-09-17 19:55:58+00:00,SPY260930C00550000
SPY,2026-09-29,765.61,2026-09-30,C,555.0,209.67,211.33,208.07,5.0,0,2.1035203662109367,True,2026-09-17 19:55:58+00:00,SPY260930C00555000
SPY,2026-09-29,765.61,2026-09-30,C,560.0,204.69,206.32,203.07,20.0,0,2.047856442871094,True,2026-09-17 19:55:58+00:00,SPY260930C00560000
SPY,2026-09-29,765.61,2026-09-30,C,565.0,199.69,201.38,198.07,5.0,0,2.0224658813476566,True,2026-09-17 19:55:58+00:00,SPY260930C00565000
SPY,2026-09-29,765.61,2026-09-30,C,570.0,194.69,196.32,192.84,75.0,0,1.9462893310546878,True,2026-09-17 19:51:13+00:00,SPY260930C00570000
SPY,2026-09-29,765.61,2026-09-30,C,575.0,189.69,191.36,188.19,250.0,0,1.9125980932617188,True,2026-09-17 19:55:22+00:00,SPY260930C00575000
SPY,2026-09-29,765.61,2026-09-30,C,580.0,184.69,186.36,183.07,5.0,0,1.8623053759765624,True,2026-09-17 19:55:58+00:00,SPY260930C00580000
SPY,2026-09-29,765.61,2026-09-30,C,585.0,179.67,181.36,177.97,500.0,0,1.8125009374999999,True,2026-09-17 19:51:02+00:00,SPY260930C00585000
SPY,2026-09-29,765.61,2026-09-30,C,590.0,174.7,176.36,172.9,95.0,0,1.7626964990234375,True,2026-09-17 19:51:29+00:00,SPY260930C00590000
SPY,2026-09-29,765.61,2026-09-30,C,594.0,170.7,172.34,165.7,4.0,4,1.7158217333984376,True,2026-09-18 14:14:57+00:00,SPY260930C00594000
SPY,2026-09-29,765.61,2026-09-30,C,595.0,169.7,171.34,173.57,1.0,1,1.7060561572265625,True,2026-09-25 14:56:13+00:00,SPY260930C00595000
SPY,2026-09-29,765.61,2026-09-30,C,596.0,168.7,170.4,172.64,1.0,1,1.7177748486328124,True,2026-09-25 14:56:13+00:00,SPY260930C00596000
SPY,2026-09-29,765.61,2026-09-30,C,597.0,167.7,169.37,166.1,10.0,0,1.6972671386718752,True,2026-09-17 19:55:58+00:00,SPY260930C00597000
SPY,2026-09-29,765.61,2026-09-30,C,598.0,166.7,168.39,166.74,3.0,1,1.6943374658203125,True,2026-09-28 15:04:50+00:00,SPY260930C00598000
SPY,2026-09-29,765.61,2026-09-30,C,599.0,165.7,167.35,165.81,3.0,1,1.6704118041992189,True,2026-09-28 15:04:50+00:00,SPY260930C00599000
SPY,2026-09-29,765.61,2026-09-30,C,600.0,164.7,166.34,171.07,3.0,6,1.6572282763671877,True,2026-09-25 19:07:44+00:00,SPY260930C00600000
SPY,2026-09-29,765.61,2026-09-30,C,601.0,163.7,165.37,161.91,750.0,0,1.6582048339843751,True,2026-09-17 19:50:56+00:00,SPY260930C00601000
SPY,2026-09-29,765.61,2026-09-30,C,602.0,162.7,164.34,169.25,2.0,2,1.6376971240234375,True,2026-09-25 17:30:56+00:00,SPY260930C00602000
SPY,2026-09-29,765.61,2026-09-30,C,603.0,161.7,163.4,168.32,2.0,2,1.6484392578125,True,2026-09-25 17:30:56+00:00,SPY260930C00603000
SPY,2026-09-29,765.61,2026-09-30,C,604.0,160.7,162.36,163.65,3.0,1,1.625001875,True,2026-09-28 17:55:25+00:00,SPY260930C00604000
SPY,2026-09-29,765.61,2026-09-30,C,605.0,159.7,161.37,162.73,3.0,1,1.619142529296875,True,2026-09-28 17:55:25+00:00,SPY260930C00605000
SPY,2026-09-29,765.61,2026-09-30,C,606.0,158.7,160.33,165.33,2.0,2,1.5952168676757812,True,2026-09-25 16:44:20+00:00,SPY260930C00606000
SPY,2026-09-29,765.61,2026-09-30,C,607.0,157.69,159.33,160.93,1.0,2,1.5854512915039058,True,2026-09-25 16:44:20+00:00,SPY260930C00607000
SPY,2026-09-29,765.61,2026-09-30,C,608.0,156.7,158.33,160.01,2.0,8,1.5761739941406248,True,2026-09-28 14:18:15+00:00,SPY260930C00608000
SPY,2026-09-29,765.61,2026-09-30,C,609.0,155.7,157.33,158.71,1.0,8,1.5664084179687499,True,2026-09-28 14:18:15+00:00,SPY260930C00609000
SPY,2026-09-29,765.61,2026-09-30,C,610.0,154.7,156.37,156.93,4.0,0,1.5703146484375,True,2026-09-28 18:30:48+00:00,SPY260930C00610000
SPY,2026-09-29,765.61,2026-09-30,C,611.0,153.7,155.37,156.01,4.0,9,1.5605490722656248,True,2026-09-28 18:30:48+00:00,SPY260930C00611000
SPY,2026-09-29,765.61,2026-09-30,C,612.0,152.7,154.36,155.88,1.0,11,1.5478538232421872,True,2026-09-28 16:24:45+00:00,SPY260930C00612000
SPY,2026-09-29,765.61,2026-09-30,C,613.0,151.7,153.37,156.29,2.0,0,1.541017919921875,True,2026-09-28 17:12:30+00:00,SPY260930C00613000
SPY,2026-09-29,765.61,2026-09-30,C,614.0,150.7,152.38,157.29,5.0,5,1.534670295410156,True,2026-09-25 17:30:54+00:00,SPY260930C00614000
SPY,2026-09-29,765.61,2026-09-30,C,615.0,149.7,151.35,156.36,5.0,5,1.5151391430664063,True,2026-09-25 17:30:54+00:00,SPY260930C00615000
SPY,2026-09-29,765.61,2026-09-30,C,616.0,148.69,150.36,147.03,200.0,0,1.5087915185546876,True,2026-09-17 19:53:45+00:00,SPY260930C00616000
SPY,2026-09-29,765.61,2026-09-30,C,617.0,147.63,149.37,146.03,100.0,0,1.5024438940429685,True,2026-09-17 19:51:07+00:00,SPY260930C00617000
SPY,2026-09-29,765.61,2026-09-30,C,618.0,146.71,148.37,144.75,200.0,0,1.4931665966796874,True,2026-09-17 19:53:45+00:00,SPY260930C00618000
SPY,2026-09-29,765.61,2026-09-30,C,619.0,145.7,147.41,144.11,50.0,0,1.4960962695312499,True,2026-09-17 19:51:29+00:00,SPY260930C00619000
SPY,2026-09-29,765.61,2026-09-30,C,620.0,144.71,146.38,148.1,1.0,1,1.4765651171875,True,2026-09-25 14:06:40+00:00,SPY260930C00620000
SPY,2026-09-29,765.61,2026-09-30,C,621.0,143.7,145.36,142.1,50.0,0,1.4609401953124999,True,2026-09-17 19:55:22+00:00,SPY260930C00621000
SPY,2026-09-29,765.61,2026-09-30,C,622.0,142.7,144.37,141.0,10.0,0,1.4545925708007812,True,2026-09-17 19:55:58+00:00,SPY260930C00622000
SPY,2026-09-29,765.61,2026-09-30,C,623.0,141.7,143.34,136.83,2.0,2,1.435549697265625,True,2026-09-18 14:19:08+00:00,SPY260930C00623000
SPY,2026-09-29,765.61,2026-09-30,C,624.0,140.71,142.35,139.09,5.0,0,1.4287137939453123,True,2026-09-17 19:56:14+00:00,SPY260930C00624000
SPY,2026-09-29,765.61,2026-09-30,C,625.0,139.71,141.35,138.19,250.0,0,1.4194364965820312,True,2026-09-17 19:55:22+00:00,SPY260930C00625000
SPY,2026-09-29,765.61,2026-09-30,C,626.0,138.71,140.35,137.4,200.0,0,1.41015919921875,True,2026-09-17 19:53:45+00:00,SPY260930C00626000
SPY,2026-09-29,765.61,2026-09-30,C,627.0,137.71,139.35,135.88,163.0,0,1.400393623046875,True,2026-09-17 19:51:23+00:00,SPY260930C00627000
SPY,2026-09-29,765.61,2026-09-30,C,628.0,136.71,138.41,135.27,15.0,0,1.4091826416015625,True,2026-09-17 19:53:49+00:00,SPY260930C00628000
SPY,2026-09-29,765.61,2026-09-30,C,629.0,135.71,137.35,134.4,200.0,0,1.3813507495117183,True,2026-09-17 19:53:45+00:00,SPY260930C00629000
SPY,2026-09-29,765.61,2026-09-30,C,630.0,134.71,136.38,132.89,1000.0,0,1.3808624707031247,True,2026-09-17 19:50:56+00:00,SPY260930C00630000
SPY,2026-09-29,765.61,2026-09-30,C,631.0,133.71,135.36,131.89,750.0,1,1.365237548828125,True,2026-09-17 19:50:56+00:00,SPY260930C00631000
SPY,2026-09-29,765.61,2026-09-30,C,632.0,132.71,134.36,131.06,150.0,0,1.3559602514648437,True,2026-09-17 19:55:40+00:00,SPY260930C00632000
SPY,2026-09-29,765.61,2026-09-30,C,633.0,131.71,133.34,130.29,300.0,3,1.3403353295898435,True,2026-09-17 19:55:47+00:00,SPY260930C00633000
SPY,2026-09-29,765.61,2026-09-30,C,634.0,130.71,132.38,129.05,150.0,0,1.342776723632812,True,2026-09-17 19:55:40+00:00,SPY260930C00634000
SPY,2026-09-29,765.61,2026-09-30,C,635.0,129.71,131.34,127.85,510.0,1,1.3212924560546875,True,2026-09-17 19:50:56+00:00,SPY260930C00635000
SPY,2026-09-29,765.61,2026-09-30,C,636.0,128.71,130.38,127.05,152.0,0,1.323733850097656,True,2026-09-17 19:55:40+00:00,SPY260930C00636000
SPY,2026-09-29,765.61,2026-09-30,C,637.0,127.71,129.34,126.06,200.0,0,1.3027378613281246,True,2026-09-17 19:55:22+00:00,SPY260930C00637000
SPY,2026-09-29,765.61,2026-09-30,C,638.0,126.71,128.34,125.29,300.0,0,1.29297228515625,True,2026-09-17 19:55:47+00:00,SPY260930C00638000
SPY,2026-09-29,765.61,2026-09-30,C,639.0,125.7,127.34,123.92,500.0,0,1.2836949877929684,True,2026-09-17 19:51:02+00:00,SPY260930C00639000
SPY,2026-09-29,765.61,2026-09-30,C,640.0,124.71,126.38,122.99,502.0,2,1.2861363818359375,True,2026-09-17 19:51:02+00:00,SPY260930C00640000
SPY,2026-09-29,765.61,2026-09-30,C,641.0,123.71,125.38,121.92,300.0,0,1.2763708056640621,True,2026-09-17 19:55:47+00:00,SPY260930C00641000
SPY,2026-09-29,765.61,2026-09-30,C,642.0,122.71,124.38,121.29,300.0,0,1.267093508300781,True,2026-09-17 19:55:47+00:00,SPY260930C00642000
SPY,2026-09-29,765.61,2026-09-30,C,643.0,121.71,123.38,120.0,150.0,0,1.2573279321289061,True,2026-09-17 19:55:53+00:00,SPY260930C00643000
SPY,2026-09-29,765.61,2026-09-30,C,644.0,120.71,122.38,123.18,15.0,3,1.2480506347656248,True,2026-09-28 18:45:49+00:00,SPY260930C00644000
SPY,2026-09-29,765.61,2026-09-30,C,645.0,119.71,121.39,121.99,12.0,0,1.2412147314453121,True,2026-09-28 17:00:28+00:00,SPY260930C00645000
SPY,2026-09-29,765.61,2026-09-30,C,646.0,118.71,120.37,121.15,64.0,6,1.2265663671875,True,2026-09-28 18:46:18+00:00,SPY260930C00646000
SPY,2026-09-29,765.61,2026-09-30,C,647.0,117.7,119.38,120.11,54.0,3,1.2197304638671875,True,2026-09-28 18:01:26+00:00,SPY260930C00647000
SPY,2026-09-29,765.61,2026-09-30,C,648.0,116.67,118.38,119.19,6.0,3,1.210453166503906,True,2026-09-28 18:29:39+00:00,SPY260930C00648000
SPY,2026-09-29,765.61,2026-09-30,C,649.0,115.67,117.41,118.13,22.0,10,1.2089883300781248,True,2026-09-28 18:29:28+00:00,SPY260930C00649000
SPY,2026-09-29,765.61,2026-09-30,C,650.0,114.72,116.38,117.11,42.0,8,1.19141029296875,True,2026-09-28 18:29:17+00:00,SPY260930C00650000
SPY,2026-09-29,765.61,2026-09-30,C,651.0,113.69,115.38,111.93,100.0,0,1.1821329956054685,True,2026-09-17 19:51:07+00:00,SPY260930C00651000
SPY,2026-09-29,765.61,2026-09-30,C,652.0,112.7,114.35,115.19,24.0,0,1.164554958496094,True,2026-09-28 18:27:56+00:00,SPY260930C00652000
SPY,2026-09-29,765.61,2026-09-30,C,653.0,111.72,113.35,117.84,12.0,4,1.1552776611328124,True,2026-09-25 19:02:58+00:00,SPY260930C00653000
SPY,2026-09-29,765.61,2026-09-30,C,654.0,110.72,112.36,113.19,6.0,8,1.1484417578125,True,2026-09-28 18:26:59+00:00,SPY260930C00654000
SPY,2026-09-29,765.61,2026-09-30,C,655.0,109.72,111.36,116.46,54.0,10,1.1391644604492188,True,2026-09-25 19:59:32+00:00,SPY260930C00655000
SPY,2026-09-29,765.61,2026-09-30,C,656.0,108.72,110.36,111.23,8.0,20,1.1298871630859377,True,2026-09-28 18:45:23+00:00,SPY260930C00656000
SPY,2026-09-29,765.61,2026-09-30,C,657.0,107.72,109.37,114.12,152.0,27,1.123051259765625,True,2026-09-25 19:00:12+00:00,SPY260930C00657000
SPY,2026-09-29,765.61,2026-09-30,C,658.0,106.72,108.39,109.06,6.0,15,1.1186567504882814,True,2026-09-28 18:24:41+00:00,SPY260930C00658000
SPY,2026-09-29,765.61,2026-09-30,C,659.0,105.72,107.37,108.66,42.0,11,1.1044966650390626,True,2026-09-28 18:33:24+00:00,SPY260930C00659000
SPY,2026-09-29,765.61,2026-09-30,C,660.0,104.72,106.37,107.08,30.0,1,1.0952193676757815,True,2026-09-28 18:25:14+00:00,SPY260930C00660000
SPY,2026-09-29,765.61,2026-09-30,C,661.0,103.72,105.35,106.36,2.0,9,1.080571003417969,True,2026-09-28 18:06:36+00:00,SPY260930C00661000
SPY,2026-09-29,765.61,2026-09-30,C,662.0,102.72,104.35,104.4,18.0,3,1.0712937060546879,True,2026-09-24 14:47:40+00:00,SPY260930C00662000
SPY,2026-09-29,765.61,2026-09-30,C,663.0,101.72,103.34,104.34,12.0,13,1.0595750146484377,True,2026-09-28 18:23:27+00:00,SPY260930C00663000
SPY,2026-09-29,765.61,2026-09-30,C,664.0,100.72,102.35,103.4,6.0,18,1.052739111328125,True,2026-09-28 18:08:00+00:00,SPY260930C00664000
SPY,2026-09-29,765.61,2026-09-30,C,665.0,99.7,101.35,102.34,6.0,24,1.0434618139648442,True,2026-09-28 18:21:06+00:00,SPY260930C00665000
SPY,2026-09-29,765.61,2026-09-30,C,666.0,98.72,100.34,101.63,18.0,13,1.031743122558594,True,2026-09-28 18:17:26+00:00,SPY260930C00666000
SPY,2026-09-29,765.61,2026-09-30,C,667.0,97.72,99.39,100.65,12.0,20,1.0346727954101564,True,2026-09-28 18:17:09+00:00,SPY260930C00667000
SPY,2026-09-29,765.61,2026-09-30,C,668.0,96.72,98.39,99.7,18.0,36,1.0251513586425784,True,2026-09-28 18:16:52+00:00,SPY260930C00668000
SPY,2026-09-29,765.61,2026-09-30,C,669.0,95.72,97.39,98.06,12.0,40,1.015629921875,True,2026-09-28 18:25:00+00:00,SPY260930C00669000
SPY,2026-09-29,765.61,2026-09-30,C,670.0,94.72,96.39,96.19,58.0,51,1.0063526245117185,True,2026-09-28 19:17:56+00:00,SPY260930C00670000
SPY,2026-09-29,765.61,2026-09-30,C,671.0,93.72,95.39,95.26,46.0,35,0.9970703417968749,True,2026-09-28 19:18:59+00:00,SPY260930C00671000
SPY,2026-09-29,765.61,2026-09-30,C,672.0,92.65,94.38,94.22,34.0,38,0.9853517089843751,True,2026-09-28 19:18:46+00:00,SPY260930C00672000
SPY,2026-09-29,765.61,2026-09-30,C,673.0,91.68,93.39,93.85,69.0,45,0.9785158398437501,True,2026-09-28 19:18:28+00:00,SPY260930C00673000
SPY,2026-09-29,765.61,2026-09-30,C,674.0,90.72,92.36,92.24,26.0,16,0.9619144433593749,True,2026-09-28 19:18:14+00:00,SPY260930C00674000
SPY,2026-09-29,765.61,2026-09-30,C,675.0,89.67,91.36,91.61,56.0,46,0.9526371923828124,True,2026-09-28 19:17:58+00:00,SPY260930C00675000
SPY,2026-09-29,765.61,2026-09-30,C,676.0,88.72,90.38,90.13,89.0,6,0.948242705078125,True,2026-09-28 19:17:47+00:00,SPY260930C00676000
SPY,2026-09-29,765.61,2026-09-30,C,677.0,87.72,89.36,89.83,32.0,20,0.9340826904296875,True,2026-09-28 19:17:21+00:00,SPY260930C00677000
SPY,2026-09-29,765.61,2026-09-30,C,678.0,86.73,88.38,88.02,26.0,24,0.929688203125,True,2026-09-28 19:17:15+00:00,SPY260930C00678000
SPY,2026-09-29,765.61,2026-09-30,C,679.0,85.73,87.39,87.79,22.0,27,0.9223640576171875,True,2026-09-28 19:16:44+00:00,SPY260930C00679000
SPY,2026-09-29,765.61,2026-09-30,C,680.0,84.73,86.37,86.15,215.0,56,0.9086923193359374,True,2026-09-28 19:24:23+00:00,SPY260930C00680000
SPY,2026-09-29,765.61,2026-09-30,C,681.0,83.73,85.37,85.23,116.0,18,0.8994150683593749,True,2026-09-28 19:32:40+00:00,SPY260930C00681000
SPY,2026-09-29,765.61,2026-09-30,C,682.0,82.73,84.36,84.16,78.0,12,0.8876964355468748,True,2026-09-28 19:23:44+00:00,SPY260930C00682000
SPY,2026-09-29,765.61,2026-09-30,C,683.0,81.73,83.36,82.55,50.0,21,0.8784191845703124,True,2026-09-28 19:28:59+00:00,SPY260930C00683000
SPY,2026-09-29,765.61,2026-09-30,C,684.0,80.73,82.36,82.25,89.0,89,0.86914193359375,True,2026-09-28 19:28:43+00:00,SPY260930C00684000
SPY,2026-09-29,765.61,2026-09-30,C,685.0,79.71,81.36,81.08,50.0,48,0.8598646826171875,True,2026-09-28 19:23:08+00:00,SPY260930C00685000
SPY,2026-09-29,765.61,2026-09-30,C,686.0,78.72,80.4,80.19,46.0,21,0.8591322680664062,True,2026-09-28 19:22:55+00:00,SPY260930C00686000
SPY,2026-09-29,765.61,2026-09-30,C,687.0,77.73,79.4,79.15,166.0,21,0.84961087890625,True,2026-09-28 19:28:24+00:00,SPY260930C00687000
SPY,2026-09-29,765.61,2026-09-30,C,688.0,76.73,78.37,78.26,136.0,40,0.8342301733398436,True,2026-09-28 19:28:11+00:00,SPY260930C00688000
SPY,2026-09-29,765.61,2026-09-30,C,689.0,75.73,77.38,77.16,198.0,42,0.8271501660156249,True,2026-09-28 19:27:52+00:00,SPY260930C00689000
SPY,2026-09-29,765.61,2026-09-30,C,690.0,74.73,76.4,76.1,130.0,49,0.8217791259765624,True,2026-09-28 19:20:44+00:00,SPY260930C00690000
SPY,2026-09-29,765.61,2026-09-30,C,691.0,73.73,75.39,75.61,162.0,43,0.8103046313476561,True,2026-09-28 19:08:27+00:00,SPY260930C00691000
SPY,2026-09-29,765.61,2026-09-30,C,692.0,72.73,74.37,74.44,153.0,32,0.79687703125,True,2026-09-28 19:26:15+00:00,SPY260930C00692000
SPY,2026-09-29,765.61,2026-09-30,C,693.0,71.7,73.36,73.41,216.0,34,0.7856466748046875,True,2026-09-28 19:25:49+00:00,SPY260930C00693000
SPY,2026-09-29,765.61,2026-09-30,C,694.0,70.63,72.37,72.34,232.0,41,0.778322529296875,True,2026-09-28 19:25:37+00:00,SPY260930C00694000
SPY,2026-09-29,765.61,2026-09-30,C,695.0,69.73,71.4,71.22,259.0,59,0.7749045947265626,True,2026-09-28 19:24:39+00:00,SPY260930C00695000
SPY,2026-09-29,765.61,2026-09-30,C,696.0,68.74,70.37,71.57,140.0,58,0.7597680273437502,True,2026-09-28 19:07:19+00:00,SPY260930C00696000
SPY,2026-09-29,765.61,2026-09-30,C,697.0,67.74,69.38,70.1,166.0,49,0.7524438818359375,True,2026-09-28 18:54:36+00:00,SPY260930C00697000
SPY,2026-09-29,765.61,2026-09-30,C,698.0,66.74,68.4,69.89,148.0,47,0.7465845654296875,True,2026-09-28 18:56:51+00:00,SPY260930C00698000
SPY,2026-09-29,765.61,2026-09-30,C,699.0,65.78,67.37,68.2,59.0,34,0.7316921362304687,True,2026-09-28 18:54:58+00:00,SPY260930C00699000
SPY,2026-09-29,765.61,2026-09-30,C,700.0,65.09,66.11,66.23,135.0,160,0.6674837939453127,True,2026-09-28 19:12:01+00:00,SPY260930C00700000
SPY,2026-09-29,765.61,2026-09-30,C,701.0,63.77,65.41,66.2,50.0,58,0.7204617797851562,True,2026-09-28 18:55:20+00:00,SPY260930C00701000
SPY,2026-09-29,765.61,2026-09-30,C,702.0,62.76,64.37,65.22,114.0,62,0.7036162451171876,True,2026-09-28 18:55:32+00:00,SPY260930C00702000
SPY,2026-09-29,765.61,2026-09-30,C,703.0,62.06,63.08,62.84,23.0,165,0.6337927246093751,True,2026-09-28 19:59:52+00:00,SPY260930C00703000
SPY,2026-09-29,765.61,2026-09-30,C,704.0,60.77,62.18,62.15,242.0,46,0.6479527392578125,True,2026-09-28 19:32:27+00:00,SPY260930C00704000
SPY,2026-09-29,765.61,2026-09-30,C,705.0,59.75,61.36,60.81,459.0,64,0.6738313867187502,True,2026-09-28 19:43:39+00:00,SPY260930C00705000
SPY,2026-09-29,765.61,2026-09-30,C,706.0,58.8,60.36,59.58,358.0,61,0.6645541357421877,True,2026-09-28 19:44:13+00:00,SPY260930C00706000
SPY,2026-09-29,765.61,2026-09-30,C,707.0,57.78,59.38,58.83,287.0,53,0.6586948193359375,True,2026-09-28 19:59:28+00:00,SPY260930C00707000
SPY,2026-09-29,765.61,2026-09-30,C,708.0,56.78,58.38,58.25,625.0,110,0.6491734301757812,True,2026-09-28 19:24:58+00:00,SPY260930C00708000
SPY,2026-09-29,765.61,2026-09-30,C,709.0,55.77,57.36,57.29,795.0,72,0.6362341064453125,True,2026-09-28 19:47:11+00:00,SPY260930C00709000
SPY,2026-09-29,765.61,2026-09-30,C,710.0,54.78,56.38,55.96,214.0,61,0.6303747900390625,True,2026-09-28 19:32:54+00:00,SPY260930C00710000
SPY,2026-09-29,765.61,2026-09-30,C,711.0,53.8,55.38,55.49,191.0,33,0.6208534008789064,True,2026-09-28 19:35:34+00:00,SPY260930C00711000
SPY,2026-09-29,765.61,2026-09-30,C,712.0,52.81,54.41,53.74,124.0,62,0.6164589135742189,True,2026-09-28 19:45:48+00:00,SPY260930C00712000
SPY,2026-09-29,765.61,2026-09-30,C,713.0,51.79,53.4,53.39,126.0,24,0.6052285571289064,True,2026-09-28 19:48:07+00:00,SPY260930C00713000
SPY,2026-09-29,765.61,2026-09-30,C,714.0,50.76,52.42,52.85,126.0,55,0.5991251025390626,True,2026-09-28 19:22:55+00:00,SPY260930C00714000
SPY,2026-09-29,765.61,2026-09-30,C,715.0,50.11,51.06,50.27,123.0,159,0.5239305419921875,True,2026-09-28 19:54:16+00:00,SPY260930C00715000
SPY,2026-09-29,765.61,2026-09-30,C,716.0,48.75,50.42,49.99,88.0,70,0.5798381860351562,True,2026-09-28 19:33:46+00:00,SPY260930C00716000
SPY,2026-09-29,765.61,2026-09-30,C,717.0,47.78,49.37,49.21,126.0,68,0.5625043750000001,True,2026-09-28 19:24:16+00:00,SPY260930C00717000
SPY,2026-09-29,765.61,2026-09-30,C,718.0,46.78,48.38,48.33,32.0,96,0.5546919531250001,True,2026-09-28 19:26:46+00:00,SPY260930C00718000
SPY,2026-09-29,765.61,2026-09-30,C,719.0,45.8,47.37,46.73,124.0,51,0.5434615966796876,True,2026-09-28 19:45:24+00:00,SPY260930C00719000
SPY,2026-09-29,765.61,2026-09-30,C,720.0,44.8,46.41,45.68,77.0,49,0.5400436621093752,True,2026-09-28 19:42:27+00:00,SPY260930C00720000
SPY,2026-09-29,765.61,2026-09-30,C,721.0,43.81,45.42,44.69,252.0,102,0.5317429638671876,True,2026-09-28 19:42:47+00:00,SPY260930C00721000
SPY,2026-09-29,765.61,2026-09-30,C,722.0,42.77,44.42,44.34,59.0,67,0.5222215747070311,True,2026-09-28 19:44:59+00:00,SPY260930C00722000
SPY,2026-09-29,765.61,2026-09-30,C,723.0,42.52,42.65,43.3,72.0,93,0.31445998046874996,True,2026-09-28 19:20:36+00:00,SPY260930C00723000
SPY,2026-09-29,765.61,2026-09-30,C,724.0,41.52,41.65,42.29,74.0,143,0.3086006640625,True,2026-09-28 19:18:53+00:00,SPY260930C00724000
SPY,2026-09-29,765.61,2026-09-30,C,725.0,40.53,40.65,40.21,144.0,109,0.3007882421875,True,2026-09-28 19:55:27+00:00,SPY260930C00725000
SPY,2026-09-29,765.61,2026-09-30,C,726.0,39.53,39.65,41.65,5.0,632,0.29492892578124996,True,2026-09-28 18:04:13+00:00,SPY260930C00726000
SPY,2026-09-29,765.61,2026-09-30,C,727.0,38.53,38.65,40.1,4.0,574,0.28711650390624993,True,2026-09-28 18:37:52+00:00,SPY260930C00727000
SPY,2026-09-29,765.61,2026-09-30,C,728.0,37.53,37.65,39.34,19.0,660,0.28125718749999995,True,2026-09-28 16:59:24+00:00,SPY260930C00728000
SPY,2026-09-29,765.61,2026-09-30,C,729.0,36.53,36.66,36.71,5.0,561,0.28125718749999995,True,2026-09-28 19:58:00+00:00,SPY260930C00729000
SPY,2026-09-29,765.61,2026-09-30,C,730.0,35.54,35.62,35.47,182.0,5714,0.2304764453125,True,2026-09-28 19:56:39+00:00,SPY260930C00730000
SPY,2026-09-29,765.61,2026-09-30,C,731.0,34.54,34.66,37.6,5.0,1166,0.26758544921875,True,2026-09-25 18:12:04+00:00,SPY260930C00731000
SPY,2026-09-29,765.61,2026-09-30,C,732.0,33.54,33.66,35.7,10.0,795,0.2617261328125,True,2026-09-28 18:10:29+00:00,SPY260930C00732000
SPY,2026-09-29,765.61,2026-09-30,C,733.0,32.54,32.66,34.72,8.0,1039,0.25391371093750004,True,2026-09-28 18:10:29+00:00,SPY260930C00733000
SPY,2026-09-29,765.61,2026-09-30,C,734.0,31.54,31.67,33.71,5.0,726,0.252937158203125,True,2026-09-28 18:10:29+00:00,SPY260930C00734000
SPY,2026-09-29,765.61,2026-09-30,C,735.0,30.55,30.67,32.73,16.0,1847,0.2461012890625,True,2026-09-28 18:10:29+00:00,SPY260930C00735000
SPY,2026-09-29,765.61,2026-09-30,C,736.0,29.55,29.67,29.72,24.0,760,0.23926541992187497,True,2026-09-28 19:58:02+00:00,SPY260930C00736000
SPY,2026-09-29,765.61,2026-09-30,C,737.0,28.55,28.67,28.82,7.0,701,0.231452998046875,True,2026-09-28 19:48:01+00:00,SPY260930C00737000
SPY,2026-09-29,765.61,2026-09-30,C,738.0,27.5,27.68,29.15,26.0,408,0.229499892578125,True,2026-09-28 18:25:44+00:00,SPY260930C00738000
SPY,2026-09-29,765.61,2026-09-30,C,739.0,26.56,26.68,26.83,15.0,346,0.22266402343749997,True,2026-09-28 19:48:01+00:00,SPY260930C00739000
SPY,2026-09-29,765.61,2026-09-30,C,740.0,25.57,25.69,26.24,24.0,2450,0.2192460888671875,True,2026-09-28 19:21:23+00:00,SPY260930C00740000
SPY,2026-09-29,765.61,2026-09-30,C,741.0,24.57,24.69,26.11,3.0,619,0.21192194335937498,True,2026-09-28 18:36:39+00:00,SPY260930C00741000
SPY,2026-09-29,765.61,2026-09-30,C,742.0,23.58,23.7,24.14,13.0,1292,0.20801573242187496,True,2026-09-28 19:14:05+00:00,SPY260930C00742000
SPY,2026-09-29,765.61,2026-09-30,C,743.0,22.59,22.71,22.76,96.0,809,0.2036212451171875,True,2026-09-28 19:58:02+00:00,SPY260930C00743000
SPY,2026-09-29,765.61,2026-09-30,C,744.0,21.6,21.72,22.53,18.0,587,0.1992267578125,True,2026-09-28 19:25:53+00:00,SPY260930C00744000
SPY,2026-09-29,765.61,2026-09-30,C,745.0,20.62,20.73,20.72,182.0,3814,0.19385571777343752,True,2026-09-28 20:08:26+00:00,SPY260930C00745000
SPY,2026-09-29,765.61,2026-09-30,C,746.0,19.63,19.75,21.46,7.0,912,0.1909260595703125,True,2026-09-28 17:48:15+00:00,SPY260930C00746000
SPY,2026-09-29,765.61,2026-09-30,C,747.0,18.65,18.77,21.55,14.0,866,0.187508125,True,2026-09-28 17:11:30+00:00,SPY260930C00747000
SPY,2026-09-29,765.61,2026-09-30,C,748.0,17.68,17.79,19.55,167.0,406,0.18311363769531247,True,2026-09-28 17:42:55+00:00,SPY260930C00748000
SPY,2026-09-29,765.61,2026-09-30,C,749.0,16.71,16.82,17.37,52.0,443,0.17993984130859375,True,2026-09-28 19:21:23+00:00,SPY260930C00749000
SPY,2026-09-29,765.61,2026-09-30,C,750.0,15.73,15.83,15.86,264.0,5630,0.17285983398437502,True,2026-09-28 19:58:02+00:00,SPY260930C00750000
SPY,2026-09-29,765.61,2026-09-30,C,751.0,14.79,14.89,16.35,27.0,1505,0.1726156958007813,True,2026-09-28 16:48:02+00:00,SPY260930C00751000
SPY,2026-09-29,765.61,2026-09-30,C,752.0,13.84,13.94,15.42,39.0,923,0.16993017578125003,True,2026-09-28 18:53:11+00:00,SPY260930C00752000
SPY,2026-09-29,765.61,2026-09-30,C,753.0,12.84,13.0,14.39,61.0,547,0.16700051757812504,True,2026-09-28 16:48:33+00:00,SPY260930C00753000
SPY,2026-09-29,765.61,2026-09-30,C,754.0,11.98,12.06,13.97,107.0,720,0.16309430664062502,True,2026-09-28 18:17:27+00:00,SPY260930C00754000
SPY,2026-09-29,765.61,2026-09-30,C,755.0,11.01,11.15,11.11,223.0,3278,0.16101913208007812,True,2026-09-28 20:14:45+00:00,SPY260930C00755000
SPY,2026-09-29,765.61,2026-09-30,C,756.0,10.11,10.24,10.35,131.0,1287,0.15760119750976562,True,2026-09-28 19:58:00+00:00,SPY260930C00756000
SPY,2026-09-29,765.61,2026-09-30,C,757.0,9.28,9.35,9.66,146.0,1408,0.1544274011230469,True,2026-09-28 19:46:08+00:00,SPY260930C00757000
SPY,2026-09-29,765.61,2026-09-30,C,758.0,8.42,8.48,8.68,78.0,915,0.15125360473632815,True,2026-09-28 19:59:57+00:00,SPY260930C00758000
SPY,2026-09-29,765.61,2026-09-30,C,759.0,7.54,7.64,7.89,104.0,1663,0.14869015380859374,True,2026-09-28 20:05:00+00:00,SPY260930C00759000
SPY,2026-09-29,765.61,2026-09-30,C,760.0,6.74,6.82,6.8,632.0,4879,0.14557739196777342,True,2026-09-28 20:14:56+00:00,SPY260930C00760000
SPY,2026-09-29,765.61,2026-09-30,C,761.0,6.0,6.04,6.04,1084.0,6186,0.1430749755859375,True,2026-09-28 20:12:04+00:00,SPY260930C00761000
SPY,2026-09-29,765.61,2026-09-30,C,762.0,5.24,5.3,5.55,488.0,2233,0.14069462829589846,True,2026-09-28 19:59:48+00:00,SPY260930C00762000
SPY,2026-09-29,765.61,2026-09-30,C,763.0,4.56,4.59,4.58,1391.0,1376,0.13788703918457032,True,2026-09-28 20:14:58+00:00,SPY260930C00763000
SPY,2026-09-29,765.61,2026-09-30,C,764.0,3.91,3.94,3.97,3751.0,1412,0.1358728991699219,True,2026-09-28 20:14:37+00:00,SPY260930C00764000
SPY,2026-09-29,765.61,2026-09-30,C,765.0,3.32,3.34,3.36,9456.0,4636,0.13385875915527345,True,2026-09-28 20:14:48+00:00,SPY260930C00765000
SPY,2026-09-29,765.61,2026-09-30,C,766.0,2.77,2.79,2.81,16840.0,1957,0.131844619140625,False,2026-09-28 20:14:54+00:00,SPY260930C00766000
SPY,2026-09-29,765.61,2026-09-30,C,767.0,2.29,2.3,2.33,10839.0,1404,0.13001358276367186,False,2026-09-28 20:14:36+00:00,SPY260930C00767000
SPY,2026-09-29,765.61,2026-09-30,C,768.0,1.86,1.87,1.87,22131.0,2151,0.12854875366210936,False,2026-09-28 20:14:56+00:00,SPY260930C00768000
SPY,2026-09-29,765.61,2026-09-30,C,769.0,1.49,1.5,1.5,12937.0,3277,0.12720599365234375,False,2026-09-28 20:14:57+00:00,SPY260930C00769000
SPY,2026-09-29,765.61,2026-09-30,C,770.0,1.18,1.19,1.19,26541.0,8631,0.1263515100097656,False,2026-09-28 20:14:56+00:00,SPY260930C00770000
SPY,2026-09-29,765.61,2026-09-30,C,771.0,0.92,0.93,0.94,6089.0,4408,0.1256190954589844,False,2026-09-28 20:14:39+00:00,SPY260930C00771000
SPY,2026-09-29,765.61,2026-09-30,C,772.0,0.71,0.72,0.73,6819.0,3612,0.12525288818359376,False,2026-09-28 20:14:39+00:00,SPY260930C00772000
SPY,2026-09-29,765.61,2026-09-30,C,773.0,0.55,0.56,0.56,6204.0,3820,0.1256190954589844,False,2026-09-28 20:14:42+00:00,SPY260930C00773000
SPY,2026-09-29,765.61,2026-09-30,C,774.0,0.42,0.43,0.43,4959.0,2795,0.125985302734375,False,2026-09-28 20:14:48+00:00,SPY260930C00774000
SPY,2026-09-29,765.61,2026-09-30,C,775.0,0.31,0.32,0.33,10199.0,20467,0.12574116455078127,False,2026-09-28 20:14:51+00:00,SPY260930C00775000
SPY,2026-09-29,765.61,2026-09-30,C,776.0,0.24,0.25,0.24,3388.0,2026,0.1274501318359375,False,2026-09-28 20:14:21+00:00,SPY260930C00776000
SPY,2026-09-29,765.61,2026-09-30,C,777.0,0.18,0.19,0.18,5037.0,7213,0.12842668457031248,False,2026-09-28 20:14:52+00:00,SPY260930C00777000
SPY,2026-09-29,765.61,2026-09-30,C,778.0,0.14,0.15,0.15,3265.0,3507,0.13062392822265623,False,2026-09-28 20:13:53+00:00,SPY260930C00778000
SPY,2026-09-29,765.61,2026-09-30,C,779.0,0.11,0.12,0.11,2936.0,4149,0.13306531005859373,False,2026-09-28 20:14:55+00:00,SPY260930C00779000
SPY,2026-09-29,765.61,2026-09-30,C,780.0,0.09,0.1,0.1,14798.0,20192,0.13672738281250002,False,2026-09-28 20:14:37+00:00,SPY260930C00780000
SPY,2026-09-29,765.61,2026-09-30,C,781.0,0.07,0.08,0.08,1579.0,3598,0.13868048828125001,False,2026-09-28 20:11:09+00:00,SPY260930C00781000
SPY,2026-09-29,765.61,2026-09-30,C,782.0,0.05,0.06,0.05,917.0,3401,0.139657041015625,False,2026-09-28 20:14:04+00:00,SPY260930C00782000
SPY,2026-09-29,765.61,2026-09-30,C,783.0,0.05,0.06,0.05,1269.0,2137,0.1469811865234375,False,2026-09-28 20:07:30+00:00,SPY260930C00783000
SPY,2026-09-29,765.61,2026-09-30,C,784.0,0.04,0.05,0.04,691.0,4094,0.14991084472656252,False,2026-09-28 20:11:23+00:00,SPY260930C00784000
SPY,2026-09-29,765.61,2026-09-30,C,785.0,0.03,0.04,0.04,1972.0,8381,0.15235222656250003,False,2026-09-28 20:14:40+00:00,SPY260930C00785000
SPY,2026-09-29,765.61,2026-09-30,C,786.0,0.03,0.04,0.04,1044.0,23180,0.15821154296875,False,2026-09-28 20:09:37+00:00,SPY260930C00786000
SPY,2026-09-29,765.61,2026-09-30,C,787.0,0.03,0.04,0.03,1931.0,2815,0.165047412109375,False,2026-09-28 20:10:10+00:00,SPY260930C00787000
SPY,2026-09-29,765.61,2026-09-30,C,788.0,0.02,0.03,0.03,2375.0,1757,0.16602396484375004,False,2026-09-28 20:04:55+00:00,SPY260930C00788000
SPY,2026-09-29,765.61,2026-09-30,C,789.0,0.02,0.03,0.03,4398.0,4628,0.17188328125000002,False,2026-09-28 20:02:21+00:00,SPY260930C00789000
SPY,2026-09-29,765.61,2026-09-30,C,790.0,0.02,0.03,0.02,5873.0,12798,0.17774259765625,False,2026-09-28 20:14:40+00:00,SPY260930C00790000
SPY,2026-09-29,765.61,2026-09-30,C,791.0,0.02,0.03,0.03,2120.0,2644,0.18457846679687498,False,2026-09-28 19:54:12+00:00,SPY260930C00791000
SPY,2026-09-29,765.61,2026-09-30,C,792.0,0.02,0.03,0.02,448.0,2047,0.1914143359375,False,2026-09-28 20:14:28+00:00,SPY260930C00792000
SPY,2026-09-29,765.61,2026-09-30,C,793.0,0.02,0.03,0.02,3943.0,2720,0.19727365234375,False,2026-09-28 19:58:55+00:00,SPY260930C00793000
SPY,2026-09-29,765.61,2026-09-30,C,794.0,0.02,0.03,0.02,16289.0,4713,0.20313296874999998,False,2026-09-28 20:00:16+00:00,SPY260930C00794000
SPY,2026-09-29,765.61,2026-09-30,C,795.0,0.02,0.03,0.02,1056.0,6156,0.20899228515624996,False,2026-09-28 19:41:51+00:00,SPY260930C00795000
SPY,2026-09-29,765.61,2026-09-30,C,796.0,0.02,0.03,0.02,4707.0,859,0.2148516015625,False,2026-09-28 20:07:19+00:00,SPY260930C00796000
SPY,2026-09-29,765.61,2026-09-30,C,797.0,0.01,0.02,0.02,17315.0,3096,0.21094539062499998,False,2026-09-28 19:14:53+00:00,SPY260930C00797000
SPY,2026-09-29,765.61,2026-09-30,C,798.0,0.01,0.02,0.02,4499.0,1748,0.21680470703125,False,2026-09-28 18:18:44+00:00,SPY260930C00798000
SPY,2026-09-29,765.61,2026-09-30,C,799.0,0.01,0.02,0.02,11993.0,7409,0.22266402343749997,False,2026-09-28 19:37:22+00:00,SPY260930C00799000
SPY,2026-09-29,765.61,2026-09-30,C,800.0,0.01,0.02,0.02,1344.0,56076,0.22852333984375,False,2026-09-28 19:59:25+00:00,SPY260930C00800000
SPY,2026-09-29,765.61,2026-09-30,C,801.0,0.01,0.02,0.02,1590.0,2817,0.23438265625,False,2026-09-28 18:54:09+00:00,SPY260930C00801000
SPY,2026-09-29,765.61,2026-09-30,C,802.0,0.01,0.02,0.01,3.0,3053,0.24024197265624997,False,2026-09-28 13:46:48+00:00,SPY260930C00802000
SPY,2026-09-29,765.61,2026-09-30,C,803.0,0.01,0.02,0.02,3.0,3421,0.2461012890625,False,2026-09-28 19:38:22+00:00,SPY260930C00803000
SPY,2026-09-29,765.61,2026-09-30,C,804.0,0.01,0.02,0.03,36.0,982,0.25196060546875,False,2026-09-25 20:00:32+00:00,SPY260930C00804000
SPY,2026-09-29,765.61,2026-09-30,C,805.0,0.01,0.02,0.02,31.0,4798,0.257819921875,False,2026-09-28 19:28:51+00:00,SPY260930C00805000
SPY,2026-09-29,765.61,2026-09-30,C,806.0,0.01,0.02,0.02,1.0,2872,0.26367923828125,False,2026-09-28 18:08:51+00:00,SPY260930C00806000
SPY,2026-09-29,765.61,2026-09-30,C,807.0,0.01,0.02,0.01,1.0,2356,0.2695385546875,False,2026-09-28 19:11:43+00:00,SPY260930C00807000
SPY,2026-09-29,765.61,2026-09-30,C,808.0,0.01,0.02,0.03,977.0,1128,0.273444765625,False,2026-09-25 20:01:28+00:00,SPY260930C00808000
SPY,2026-09-29,765.61,2026-09-30,C,809.0,0.01,0.02,0.01,130.0,8142,0.28125718749999995,False,2026-09-28 20:07:43+00:00,SPY260930C00809000
SPY,2026-09-29,765.61,2026-09-30,C,810.0,0.0,0.01,0.01,106.0,12021,0.26563234375,False,2026-09-28 20:00:26+00:00,SPY260930C00810000
SPY,2026-09-29,765.61,2026-09-30,C,811.0,0.0,0.01,0.01,274.0,6598,0.273444765625,False,2026-09-28 20:01:12+00:00,SPY260930C00811000
SPY,2026-09-29,765.61,2026-09-30,C,812.0,0.0,0.01,0.01,253.0,1764,0.27735097656249996,False,2026-09-28 19:46:27+00:00,SPY260930C00812000
SPY,2026-09-29,765.61,2026-09-30,C,813.0,0.0,0.01,0.02,4106.0,5613,0.28125718749999995,False,2026-09-28 16:33:08+00:00,SPY260930C00813000
SPY,2026-09-29,765.61,2026-09-30,C,814.0,0.0,0.01,0.01,1920.0,11033,0.2890696093749999,False,2026-09-28 15:03:09+00:00,SPY260930C00814000
SPY,2026-09-29,765.61,2026-09-30,C,815.0,0.0,0.01,0.01,1081.0,8004,0.2929758203124999,False,2026-09-28 14:30:16+00:00,SPY260930C00815000
SPY,2026-09-29,765.61,2026-09-30,C,816.0,0.0,0.01,0.01,4949.0,31791,0.29688203124999996,False,2026-09-28 14:46:14+00:00,SPY260930C00816000
SPY,2026-09-29,765.61,2026-09-30,C,817.0,0.0,0.01,0.01,5860.0,24105,0.304694453125,False,2026-09-28 19:21:42+00:00,SPY260930C00817000
SPY,2026-09-29,765.61,2026-09-30,C,818.0,0.0,0.01,0.01,14.0,11258,0.3086006640625,False,2026-09-28 14:11:40+00:00,SPY260930C00818000
SPY,2026-09-29,765.61,2026-09-30,C,819.0,0.0,0.01,0.01,39.0,14751,0.31250687499999996,False,2026-09-25 20:03:11+00:00,SPY260930C00819000
SPY,2026-09-29,765.61,2026-09-30,C,820.0,0.0,0.01,0.01,10.0,10560,0.32031929687499994,False,2026-09-28 15:13:50+00:00,SPY260930C00820000
SPY,2026-09-29,765.61,2026-09-30,C,821.0,0.0,0.01,0.01,1.0,7037,0.3242255078124999,False,2026-09-28 18:22:09+00:00,SPY260930C00821000
SPY,2026-09-29,765.61,2026-09-30,C,822.0,0.0,0.01,0.02,128.0,2908,0.32813171874999997,False,2026-09-25 16:07:10+00:00,SPY260930C00822000
SPY,2026-09-29,765.61,2026-09-30,C,823.0,0.0,0.01,0.02,2.0,328,0.335944140625,False,2026-09-24 14:08:28+00:00,SPY260930C00823000
SPY,2026-09-29,765.61,2026-09-30,C,824.0,0.0,0.01,0.01,480.0,3849,0.3398503515625,False,2026-09-23 17:35:35+00:00,SPY260930C00824000
SPY,2026-09-29,765.61,2026-09-30,C,825.0,0.0,0.01,0.01,520.0,42467,0.3437565625,False,2026-09-28 13:37:37+00:00,SPY260930C00825000
SPY,2026-09-29,765.61,2026-09-30,C,826.0,0.0,0.01,0.02,964.0,14172,0.35156898437499995,False,2026-09-25 19:45:50+00:00,SPY260930C00826000
SPY,2026-09-29,765.61,2026-09-30,C,827.0,0.0,0.01,0.02,4002.0,1029,0.35547519531249994,False,2026-09-25 15:50:13+00:00,SPY260930C00827000
SPY,2026-09-29,765.61,2026-09-30,C,828.0,0.0,0.01,0.01,1285.0,2506,0.35938140625,False,2026-09-25 16:09:25+00:00,SPY260930C00828000
SPY,2026-09-29,765.61,2026-09-30,C,829.0,0.0,0.01,0.01,24.0,2128,0.367193828125,False,2026-09-25 14:23:30+00:00,SPY260930C00829000
SPY,2026-09-29,765.61,2026-09-30,C,830.0,0.0,0.01,0.01,9.0,2252,0.367193828125,False,2026-09-28 14:09:20+00:00,SPY260930C00830000
SPY,2026-09-29,765.61,2026-09-30,C,831.0,0.0,0.01,0.01,245.0,1020,0.37500625,False,2026-09-25 19:45:10+00:00,SPY260930C00831000
SPY,2026-09-29,765.61,2026-09-30,C,832.0,0.0,0.01,0.01,1547.0,1918,0.38281867187499996,False,2026-09-25 19:40:36+00:00,SPY260930C00832000
SPY,2026-09-29,765.61,2026-09-30,C,833.0,0.0,0.01,0.01,400.0,801,0.38281867187499996,False,2026-09-25 14:01:57+00:00,SPY260930C00833000
SPY,2026-09-29,765.61,2026-09-30,C,834.0,0.0,0.01,0.01,480.0,3469,0.39063109375,False,2026-09-28 13:31:35+00:00,SPY260930C00834000
SPY,2026-09-29,765.61,2026-09-30,C,835.0,0.0,0.01,0.01,520.0,1742,0.39453730468750003,False,2026-09-28 13:38:52+00:00,SPY260930C00835000
SPY,2026-09-29,765.61,2026-09-30,C,836.0,0.0,0.01,0.01,125.0,618,0.398443515625,False,2026-09-25 20:00:05+00:00,SPY260930C00836000
SPY,2026-09-29,765.61,2026-09-30,C,837.0,0.0,0.01,0.01,81.0,1081,0.4062559375,False,2026-09-25 17:09:13+00:00,SPY260930C00837000
SPY,2026-09-29,765.61,2026-09-30,C,838.0,0.0,0.01,0.01,556.0,2239,0.4062559375,False,2026-09-25 17:13:07+00:00,SPY260930C00838000
SPY,2026-09-29,765.61,2026-09-30,C,839.0,0.0,0.01,0.01,928.0,1018,0.414068359375,False,2026-09-25 16:14:58+00:00,SPY260930C00839000
SPY,2026-09-29,765.61,2026-09-30,C,840.0,0.0,0.01,0.01,18.0,1600,0.42188078125,False,2026-09-25 18:29:29+00:00,SPY260930C00840000
SPY,2026-09-29,765.61,2026-09-30,C,841.0,0.0,0.01,0.01,2358.0,1757,0.42188078125,False,2026-09-25 17:35:01+00:00,SPY260930C00841000
SPY,2026-09-29,765.61,2026-09-30,C,842.0,0.0,0.01,0.01,2.0,2116,0.42969320312500003,False,2026-09-25 14:50:30+00:00,SPY260930C00842000
SPY,2026-09-29,765.61,2026-09-30,C,843.0,0.0,0.01,0.02,65.0,1307,0.437505625,False,2026-09-24 19:42:09+00:00,SPY260930C00843000
SPY,2026-09-29,765.61,2026-09-30,C,844.0,0.0,0.01,0.01,1.0,324,0.437505625,False,2026-09-25 17:25:47+00:00,SPY260930C00844000
SPY,2026-09-29,765.61,2026-09-30,C,845.0,0.0,0.01,0.01,1935.0,2147,0.445318046875,False,2026-09-24 19:55:29+00:00,SPY260930C00845000
SPY,2026-09-29,765.61,2026-09-30,C,846.0,0.0,0.01,0.02,3.0,1109,0.445318046875,False,2026-09-24 13:33:02+00:00,SPY260930C00846000
SPY,2026-09-29,765.61,2026-09-30,C,847.0,0.0,0.01,0.02,12.0,872,0.45313046875,False,2026-09-24 20:02:33+00:00,SPY260930C00847000
SPY,2026-09-29,765.61,2026-09-30,C,848.0,0.0,0.01,0.02,111.0,1001,0.46094289062500005,False,2026-09-24 20:05:43+00:00,SPY260930C00848000
SPY,2026-09-29,765.61,2026-09-30,C,849.0,0.0,0.01,0.02,22.0,1027,0.46094289062500005,False,2026-09-24 20:11:22+00:00,SPY260930C00849000
SPY,2026-09-29,765.61,2026-09-30,C,850.0,0.0,0.01,0.01,285.0,6580,0.4687553125,False,2026-09-25 18:00:16+00:00,SPY260930C00850000
SPY,2026-09-29,765.61,2026-09-30,C,851.0,0.0,0.01,0.01,11.0,63,0.4687553125,False,2026-09-21 15:49:57+00:00,SPY260930C00851000
SPY,2026-09-29,765.61,2026-09-30,C,852.0,0.0,0.01,0.01,759.0,1409,0.476567734375,False,2026-09-24 19:53:26+00:00,SPY260930C00852000
SPY,2026-09-29,765.61,2026-09-30,C,853.0,0.0,0.01,0.01,27.0,1455,0.48438015625,False,2026-09-24 19:55:03+00:00,SPY260930C00853000
SPY,2026-09-29,765.61,2026-09-30,C,854.0,0.0,0.01,0.01,1.0,1707,0.48438015625,False,2026-09-24 13:37:50+00:00,SPY260930C00854000
SPY,2026-09-29,765.61,2026-09-30,C,855.0,0.0,0.01,0.01,10.0,608,0.49219257812500006,False,2026-09-24 19:57:36+00:00,SPY260930C00855000
SPY,2026-09-29,765.61,2026-09-30,C,856.0,0.0,0.01,0.01,836.0,912,0.500005,False,2026-09-24 19:58:40+00:00,SPY260930C00856000
SPY,2026-09-29,765.61,2026-09-30,C,857.0,0.0,0.01,0.01,124.0,1850,0.500005,False,2026-09-24 19:51:25+00:00,SPY260930C00857000
SPY,2026-09-29,765.61,2026-09-30,C,858.0,0.0,0.01,0.01,27.0,1238,0.507817421875,False,2026-09-24 20:11:28+00:00,SPY260930C00858000
SPY,2026-09-29,765.61,2026-09-30,C,859.0,0.0,0.01,0.01,197.0,1141,0.507817421875,False,2026-09-24 20:10:52+00:00,SPY260930C00859000
SPY,2026-09-29,765.61,2026-09-30,C,860.0,0.0,0.01,0.01,511.0,1320,0.51562984375,False,2026-09-24 20:10:14+00:00,SPY260930C00860000
SPY,2026-09-29,765.61,2026-09-30,C,865.0,0.0,0.01,0.01,28.0,3817,0.51562984375,False,2026-09-24 20:09:23+00:00,SPY260930C00865000
SPY,2026-09-29,765.61,2026-09-30,C,870.0,0.0,0.01,0.01,79.0,1591,0.5312546875,False,2026-09-24 20:09:16+00:00,SPY260930C00870000
SPY,2026-09-29,765.61,2026-09-30,C,875.0,0.0,0.01,0.02,33.0,751,0.5468795312500001,False,2026-09-24 20:06:40+00:00,SPY260930C00875000
SPY,2026-09-29,765.61,2026-09-30,C,880.0,0.0,0.01,0.02,59.0,1034,0.57812921875,False,2026-09-22 13:50:34+00:00,SPY260930C00880000
SPY,2026-09-29,765.61,2026-09-30,C,885.0,0.0,0.01,0.01,63.0,624,0.5937540625000001,False,2026-09-10 14:06:20+00:00,SPY260930C00885000
SPY,2026-09-29,765.61,2026-09-30,C,890.0,0.0,0.01,0.01,92.0,851,0.6250037500000001,False,2026-09-24 17:52:16+00:00,SPY260930C00890000
SPY,2026-09-29,765.61,2026-09-30,C,895.0,0.0,0.01,0.01,148.0,4579,0.64062859375,False,2026-09-22 13:41:57+00:00,SPY260930C00895000
SPY,2026-09-29,765.61,2026-09-30,C,900.0,0.0,0.01,0.01,1.0,6857,0.6562534375000001,False,2026-09-17 18:36:11+00:00,SPY260930C00900000
SPY,2026-09-29,765.61,2026-09-30,P,375.0,0.0,0.01,0.01,10.0,15475,2.68750328125,False,2026-09-24 16:35:37+00:00,SPY260930P00375000
SPY,2026-09-29,765.61,2026-09-30,P,380.0,0.0,0.01,0.01,1.0,11608,2.68750328125,False,2026-09-21 14:12:57+00:00,SPY260930P00380000
SPY,2026-09-29,765.61,2026-09-30,P,385.0,0.0,0.01,0.01,426.0,9275,2.6250034375,False,2026-09-21 18:55:39+00:00,SPY260930P00385000
SPY,2026-09-29,765.61,2026-09-30,P,390.0,0.0,0.01,0.01,50.0,1739,2.56250359375,False,2026-09-09 19:58:00+00:00,SPY260930P00390000
SPY,2026-09-29,765.61,2026-09-30,P,395.0,0.0,0.01,0.01,1.0,3683,2.50000375,False,2026-09-15 13:46:16+00:00,SPY260930P00395000
SPY,2026-09-29,765.61,2026-09-30,P,400.0,0.0,0.01,0.01,32.0,10009,2.50000375,False,2026-09-14 13:35:22+00:00,SPY260930P00400000
SPY,2026-09-29,765.61,2026-09-30,P,405.0,0.0,0.01,0.01,50.0,9932,2.43750390625,False,2026-09-15 15:59:49+00:00,SPY260930P00405000
SPY,2026-09-29,765.61,2026-09-30,P,410.0,0.0,0.01,0.01,200.0,2305,2.3750040624999995,False,2026-09-16 19:54:17+00:00,SPY260930P00410000
SPY,2026-09-29,765.61,2026-09-30,P,415.0,0.0,0.01,0.01,300.0,3557,2.3125042187499996,False,2026-09-16 19:56:42+00:00,SPY260930P00415000
SPY,2026-09-29,765.61,2026-09-30,P,420.0,0.0,0.01,0.01,1.0,894,2.3125042187499996,False,2026-09-28 14:46:59+00:00,SPY260930P00420000
SPY,2026-09-29,765.61,2026-09-30,P,425.0,0.0,0.01,0.02,15.0,3338,2.2500043749999996,False,2026-09-04 19:12:22+00:00,SPY260930P00425000
SPY,2026-09-29,765.61,2026-09-30,P,430.0,0.0,0.01,0.01,201.0,655,2.1875045312499997,False,2026-09-16 18:47:32+00:00,SPY260930P00430000
SPY,2026-09-29,765.61,2026-09-30,P,435.0,0.0,0.01,0.01,21.0,150725,2.1875045312499997,False,2026-09-16 14:02:19+00:00,SPY260930P00435000
SPY,2026-09-29,765.61,2026-09-30,P,440.0,0.0,0.01,0.03,24.0,1015,2.1250046874999997,False,2026-09-02 20:01:56+00:00,SPY260930P00440000
SPY,2026-09-29,765.61,2026-09-30,P,445.0,0.0,0.01,0.01,12.0,592,2.0625048437499998,False,2026-09-11 13:31:46+00:00,SPY260930P00445000
SPY,2026-09-29,765.61,2026-09-30,P,450.0,0.0,0.01,0.02,2.0,11301,2.0625048437499998,False,2026-09-16 18:57:18+00:00,SPY260930P00450000
SPY,2026-09-29,765.61,2026-09-30,P,455.0,0.0,0.01,0.02,5.0,1210,2.000005,False,2026-09-15 14:40:37+00:00,SPY260930P00455000
SPY,2026-09-29,765.61,2026-09-30,P,460.0,0.0,0.01,0.01,1.0,1325,1.9375003125,False,2026-09-15 14:09:45+00:00,SPY260930P00460000
SPY,2026-09-29,765.61,2026-09-30,P,465.0,0.0,0.01,0.03,10.0,251,1.9375003125,False,2026-09-14 14:00:36+00:00,SPY260930P00465000
SPY,2026-09-29,765.61,2026-09-30,P,470.0,0.0,0.01,0.01,1.0,1828,1.875000625,False,2026-09-25 17:22:30+00:00,SPY260930P00470000
SPY,2026-09-29,765.61,2026-09-30,P,475.0,0.0,0.01,0.01,100.0,1816,1.8437507812499998,False,2026-09-17 20:04:38+00:00,SPY260930P00475000
SPY,2026-09-29,765.61,2026-09-30,P,480.0,0.0,0.01,0.01,1.0,1472,1.8125009374999999,False,2026-09-25 17:22:17+00:00,SPY260930P00480000
SPY,2026-09-29,765.61,2026-09-30,P,485.0,0.0,0.01,0.03,72.0,710,1.75000125,False,2026-09-15 20:03:51+00:00,SPY260930P00485000
SPY,2026-09-29,765.61,2026-09-30,P,490.0,0.0,0.01,0.02,20.0,1323,1.75000125,False,2026-09-17 14:40:14+00:00,SPY260930P00490000
SPY,2026-09-29,765.61,2026-09-30,P,495.0,0.0,0.01,0.01,400.0,815,1.6875015625,False,2026-09-18 14:28:52+00:00,SPY260930P00495000
SPY,2026-09-29,765.61,2026-09-30,P,500.0,0.0,0.01,0.01,27.0,3165,1.65625171875,False,2026-09-17 14:40:30+00:00,SPY260930P00500000
SPY,2026-09-29,765.61,2026-09-30,P,505.0,0.0,0.01,0.01,200.0,909,1.625001875,False,2026-09-18 19:48:33+00:00,SPY260930P00505000
SPY,2026-09-29,765.61,2026-09-30,P,510.0,0.0,0.01,0.01,1.0,637,1.5625021874999998,False,2026-09-25 17:35:10+00:00,SPY260930P00510000
SPY,2026-09-29,765.61,2026-09-30,P,515.0,0.0,0.01,0.01,1.0,1379,1.5625021874999998,False,2026-09-25 17:34:50+00:00,SPY260930P00515000
SPY,2026-09-29,765.61,2026-09-30,P,520.0,0.0,0.01,0.01,2.0,1365,1.5000025,False,2026-09-25 17:34:38+00:00,SPY260930P00520000
SPY,2026-09-29,765.61,2026-09-30,P,525.0,0.0,0.01,0.01,1.0,934,1.46875265625,False,2026-09-25 17:34:25+00:00,SPY260930P00525000
SPY,2026-09-29,765.61,2026-09-30,P,530.0,0.0,0.01,0.01,2.0,976,1.4375028125,False,2026-09-25 17:34:12+00:00,SPY260930P00530000
SPY,2026-09-29,765.61,2026-09-30,P,535.0,0.0,0.01,0.01,1.0,301233,1.40625296875,False,2026-09-22 13:32:19+00:00,SPY260930P00535000
SPY,2026-09-29,765.61,2026-09-30,P,540.0,0.0,0.01,0.01,123.0,1861,1.3750031249999999,False,2026-09-21 19:03:01+00:00,SPY260930P00540000
SPY,2026-09-29,765.61,2026-09-30,P,545.0,0.0,0.01,0.01,195.0,969,1.3437532812499997,False,2026-09-21 19:38:55+00:00,SPY260930P00545000
SPY,2026-09-29,765.61,2026-09-30,P,550.0,0.0,0.01,0.01,1.0,1527,1.3125034374999998,False,2026-09-25 17:33:57+00:00,SPY260930P00550000
SPY,2026-09-29,765.61,2026-09-30,P,555.0,0.0,0.01,0.01,2.0,1098,1.2812535937499998,False,2026-09-25 17:33:45+00:00,SPY260930P00555000
SPY,2026-09-29,765.61,2026-09-30,P,560.0,0.0,0.01,0.01,1.0,1337,1.2500037499999999,False,2026-09-25 17:33:34+00:00,SPY260930P00560000
SPY,2026-09-29,765.61,2026-09-30,P,565.0,0.0,0.01,0.01,50.0,622,1.1875040625,False,2026-09-22 17:27:27+00:00,SPY260930P00565000
SPY,2026-09-29,765.61,2026-09-30,P,570.0,0.0,0.01,0.01,1.0,1772,1.1875040625,False,2026-09-25 19:30:56+00:00,SPY260930P00570000
SPY,2026-09-29,765.61,2026-09-30,P,575.0,0.0,0.01,0.01,1.0,1398,1.125004375,False,2026-09-25 16:38:17+00:00,SPY260930P00575000
SPY,2026-09-29,765.61,2026-09-30,P,580.0,0.0,0.01,0.01,13.0,2505,1.09375453125,False,2026-09-25 17:33:16+00:00,SPY260930P00580000
SPY,2026-09-29,765.61,2026-09-30,P,585.0,0.0,0.01,0.01,9.0,1334,1.0625046875000002,False,2026-09-25 19:32:01+00:00,SPY260930P00585000
SPY,2026-09-29,765.61,2026-09-30,P,590.0,0.0,0.01,0.01,100.0,8595,1.0312548437500002,False,2026-09-28 18:26:30+00:00,SPY260930P00590000
SPY,2026-09-29,765.61,2026-09-30,P,594.0,0.0,0.01,0.01,2.0,257,1.0312548437500002,False,2026-09-22 20:06:50+00:00,SPY260930P00594000
SPY,2026-09-29,765.61,2026-09-30,P,595.0,0.0,0.01,0.01,1.0,528,1.000005,False,2026-09-23 15:47:01+00:00,SPY260930P00595000
SPY,2026-09-29,765.61,2026-09-30,P,596.0,0.0,0.01,0.01,1.0,318,1.000005,False,2026-09-23 15:46:54+00:00,SPY260930P00596000
SPY,2026-09-29,765.61,2026-09-30,P,597.0,0.0,0.01,0.04,20.0,20623,0.98437515625,False,2026-09-17 19:59:48+00:00,SPY260930P00597000
SPY,2026-09-29,765.61,2026-09-30,P,598.0,0.0,0.01,0.01,1.0,7075,0.98437515625,False,2026-09-25 17:22:05+00:00,SPY260930P00598000
SPY,2026-09-29,765.61,2026-09-30,P,599.0,0.0,0.01,0.02,41.0,1150,0.98437515625,False,2026-09-21 16:55:44+00:00,SPY260930P00599000
SPY,2026-09-29,765.61,2026-09-30,P,600.0,0.0,0.01,0.01,17.0,29335,0.9687503125,False,2026-09-25 17:21:52+00:00,SPY260930P00600000
SPY,2026-09-29,765.61,2026-09-30,P,601.0,0.0,0.01,0.02,36.0,691,0.9687503125,False,2026-09-21 14:14:28+00:00,SPY260930P00601000
SPY,2026-09-29,765.61,2026-09-30,P,602.0,0.0,0.01,0.01,3.0,325,0.9687503125,False,2026-09-25 17:21:38+00:00,SPY260930P00602000
SPY,2026-09-29,765.61,2026-09-30,P,603.0,0.0,0.01,0.01,55.0,516,0.9687503125,False,2026-09-23 17:04:53+00:00,SPY260930P00603000
SPY,2026-09-29,765.61,2026-09-30,P,604.0,0.0,0.01,0.01,1.0,10439,0.9531254687499999,False,2026-09-25 17:21:25+00:00,SPY260930P00604000
SPY,2026-09-29,765.61,2026-09-30,P,605.0,0.0,0.01,0.03,10.0,9851,0.937500625,False,2026-09-21 14:52:43+00:00,SPY260930P00605000
SPY,2026-09-29,765.61,2026-09-30,P,606.0,0.0,0.01,0.01,18.0,859,0.937500625,False,2026-09-24 17:32:05+00:00,SPY260930P00606000
SPY,2026-09-29,765.61,2026-09-30,P,607.0,0.0,0.01,0.01,2.0,76,0.937500625,False,2026-09-24 16:20:56+00:00,SPY260930P00607000
SPY,2026-09-29,765.61,2026-09-30,P,608.0,0.0,0.01,0.01,1231.0,913,0.937500625,False,2026-09-24 18:13:56+00:00,SPY260930P00608000
SPY,2026-09-29,765.61,2026-09-30,P,609.0,0.0,0.01,0.01,2.0,538,0.92187578125,False,2026-09-25 17:21:13+00:00,SPY260930P00609000
SPY,2026-09-29,765.61,2026-09-30,P,610.0,0.0,0.01,0.02,1737.0,2096,0.9062509375,False,2026-09-24 17:40:07+00:00,SPY260930P00610000
SPY,2026-09-29,765.61,2026-09-30,P,611.0,0.0,0.01,0.01,2508.0,1858,0.9062509375,False,2026-09-24 18:18:30+00:00,SPY260930P00611000
SPY,2026-09-29,765.61,2026-09-30,P,612.0,0.0,0.01,0.01,2.0,1697,0.9062509375,False,2026-09-25 17:33:01+00:00,SPY260930P00612000
SPY,2026-09-29,765.61,2026-09-30,P,613.0,0.0,0.01,0.01,2020.0,1070,0.9062509375,False,2026-09-24 18:25:29+00:00,SPY260930P00613000
SPY,2026-09-29,765.61,2026-09-30,P,614.0,0.0,0.01,0.01,960.0,285,0.8906260937499999,False,2026-09-24 18:28:16+00:00,SPY260930P00614000
SPY,2026-09-29,765.61,2026-09-30,P,615.0,0.0,0.01,0.01,1.0,824,0.87500125,False,2026-09-23 19:09:07+00:00,SPY260930P00615000
SPY,2026-09-29,765.61,2026-09-30,P,616.0,0.0,0.01,0.01,2173.0,3365,0.87500125,False,2026-09-24 18:38:57+00:00,SPY260930P00616000
SPY,2026-09-29,765.61,2026-09-30,P,617.0,0.0,0.01,0.01,961.0,27337,0.87500125,False,2026-09-24 18:39:53+00:00,SPY260930P00617000
SPY,2026-09-29,765.61,2026-09-30,P,618.0,0.0,0.01,0.01,960.0,24834,0.87500125,False,2026-09-24 18:51:47+00:00,SPY260930P00618000
SPY,2026-09-29,765.61,2026-09-30,P,619.0,0.0,0.01,0.01,960.0,3451,0.85937640625,False,2026-09-24 17:51:27+00:00,SPY260930P00619000
SPY,2026-09-29,765.61,2026-09-30,P,620.0,0.0,0.01,0.01,12.0,3629,0.8437515624999999,False,2026-09-25 16:21:15+00:00,SPY260930P00620000
SPY,2026-09-29,765.61,2026-09-30,P,621.0,0.0,0.01,0.01,1920.0,1711,0.8437515624999999,False,2026-09-24 19:01:03+00:00,SPY260930P00621000
SPY,2026-09-29,765.61,2026-09-30,P,622.0,0.0,0.01,0.01,1055.0,1370,0.8437515624999999,False,2026-09-24 19:07:06+00:00,SPY260930P00622000
SPY,2026-09-29,765.61,2026-09-30,P,623.0,0.0,0.01,0.01,2003.0,1059,0.8437515624999999,False,2026-09-24 19:51:00+00:00,SPY260930P00623000
SPY,2026-09-29,765.61,2026-09-30,P,624.0,0.0,0.01,0.01,960.0,687,0.8281267187499999,False,2026-09-24 18:32:21+00:00,SPY260930P00624000
SPY,2026-09-29,765.61,2026-09-30,P,625.0,0.0,0.01,0.02,2.0,3080,0.8281267187499999,False,2026-09-23 19:51:16+00:00,SPY260930P00625000
SPY,2026-09-29,765.61,2026-09-30,P,626.0,0.0,0.01,0.01,40.0,996,0.8125018749999999,False,2026-09-25 14:42:20+00:00,SPY260930P00626000
SPY,2026-09-29,765.61,2026-09-30,P,627.0,0.0,0.01,0.01,440.0,979,0.8125018749999999,False,2026-09-25 14:43:40+00:00,SPY260930P00627000
SPY,2026-09-29,765.61,2026-09-30,P,628.0,0.0,0.01,0.01,5.0,144,0.8125018749999999,False,2026-09-23 15:18:36+00:00,SPY260930P00628000
SPY,2026-09-29,765.61,2026-09-30,P,629.0,0.0,0.01,0.01,2.0,321,0.8125018749999999,False,2026-09-25 17:32:30+00:00,SPY260930P00629000
SPY,2026-09-29,765.61,2026-09-30,P,630.0,0.0,0.01,0.01,4.0,4022,0.79687703125,False,2026-09-28 14:13:25+00:00,SPY260930P00630000
SPY,2026-09-29,765.61,2026-09-30,P,631.0,0.0,0.01,0.11,1.0,147,0.7812521875,False,2026-09-17 14:01:10+00:00,SPY260930P00631000
SPY,2026-09-29,765.61,2026-09-30,P,632.0,0.0,0.01,0.01,12.0,660,0.7812521875,False,2026-09-25 14:48:25+00:00,SPY260930P00632000
SPY,2026-09-29,765.61,2026-09-30,P,633.0,0.0,0.01,0.01,62.0,516,0.7812521875,False,2026-09-25 19:31:08+00:00,SPY260930P00633000
SPY,2026-09-29,765.61,2026-09-30,P,634.0,0.0,0.01,0.01,1072.0,872,0.7812521875,False,2026-09-25 17:32:04+00:00,SPY260930P00634000
SPY,2026-09-29,765.61,2026-09-30,P,635.0,0.0,0.01,0.01,1138.0,151367,0.7656273437500001,False,2026-09-25 15:08:54+00:00,SPY260930P00635000
SPY,2026-09-29,765.61,2026-09-30,P,636.0,0.0,0.01,0.01,10.0,1233,0.7500025,False,2026-09-25 17:21:30+00:00,SPY260930P00636000
SPY,2026-09-29,765.61,2026-09-30,P,637.0,0.0,0.01,0.01,3313.0,3068,0.7500025,False,2026-09-25 17:35:25+00:00,SPY260930P00637000
SPY,2026-09-29,765.61,2026-09-30,P,638.0,0.0,0.01,0.01,306.0,25339,0.7500025,False,2026-09-28 13:32:43+00:00,SPY260930P00638000
SPY,2026-09-29,765.61,2026-09-30,P,639.0,0.0,0.01,0.01,1934.0,24934,0.7500025,False,2026-09-25 18:28:44+00:00,SPY260930P00639000
SPY,2026-09-29,765.61,2026-09-30,P,640.0,0.0,0.01,0.01,2.0,4255,0.73437765625,False,2026-09-28 13:30:00+00:00,SPY260930P00640000
SPY,2026-09-29,765.61,2026-09-30,P,641.0,0.0,0.01,0.01,15.0,847,0.7187528125,False,2026-09-25 18:28:20+00:00,SPY260930P00641000
SPY,2026-09-29,765.61,2026-09-30,P,642.0,0.0,0.01,0.01,976.0,651,0.7187528125,False,2026-09-25 19:26:33+00:00,SPY260930P00642000
SPY,2026-09-29,765.61,2026-09-30,P,643.0,0.0,0.01,0.01,30.0,1536,0.7187528125,False,2026-09-28 13:51:20+00:00,SPY260930P00643000
SPY,2026-09-29,765.61,2026-09-30,P,644.0,0.0,0.01,0.01,1685.0,1040,0.7187528125,False,2026-09-25 19:39:56+00:00,SPY260930P00644000
SPY,2026-09-29,765.61,2026-09-30,P,645.0,0.0,0.01,0.01,2.0,952,0.70312796875,False,2026-09-28 13:30:00+00:00,SPY260930P00645000
SPY,2026-09-29,765.61,2026-09-30,P,646.0,0.0,0.01,0.02,25610.0,25625,0.70312796875,False,2026-09-24 16:38:08+00:00,SPY260930P00646000
SPY,2026-09-29,765.61,2026-09-30,P,647.0,0.0,0.01,0.02,6412.0,11060,0.6875031250000001,False,2026-09-24 17:22:02+00:00,SPY260930P00647000
SPY,2026-09-29,765.61,2026-09-30,P,648.0,0.0,0.01,0.01,10.0,56036,0.6875031250000001,False,2026-09-25 19:51:16+00:00,SPY260930P00648000
SPY,2026-09-29,765.61,2026-09-30,P,649.0,0.0,0.01,0.01,480.0,60521,0.6875031250000001,False,2026-09-28 14:54:42+00:00,SPY260930P00649000
SPY,2026-09-29,765.61,2026-09-30,P,650.0,0.0,0.01,0.01,10.0,7210,0.6718782812500002,False,2026-09-28 20:13:14+00:00,SPY260930P00650000
SPY,2026-09-29,765.61,2026-09-30,P,651.0,0.0,0.01,0.01,960.0,1634,0.6718782812500002,False,2026-09-25 18:23:10+00:00,SPY260930P00651000
SPY,2026-09-29,765.61,2026-09-30,P,652.0,0.0,0.01,0.01,15.0,474,0.6562534375000001,False,2026-09-25 19:55:57+00:00,SPY260930P00652000
SPY,2026-09-29,765.61,2026-09-30,P,653.0,0.0,0.01,0.01,88.0,16842,0.6562534375000001,False,2026-09-25 19:45:17+00:00,SPY260930P00653000
SPY,2026-09-29,765.61,2026-09-30,P,654.0,0.0,0.01,0.01,3056.0,2719,0.6562534375000001,False,2026-09-28 17:02:56+00:00,SPY260930P00654000
SPY,2026-09-29,765.61,2026-09-30,P,655.0,0.0,0.01,0.01,316.0,912,0.64062859375,False,2026-09-28 17:08:44+00:00,SPY260930P00655000
SPY,2026-09-29,765.61,2026-09-30,P,656.0,0.0,0.01,0.01,3205.0,198,0.64062859375,False,2026-09-28 16:42:09+00:00,SPY260930P00656000
SPY,2026-09-29,765.61,2026-09-30,P,657.0,0.0,0.01,0.02,4477.0,892,0.6250037500000001,False,2026-09-28 17:11:49+00:00,SPY260930P00657000
SPY,2026-09-29,765.61,2026-09-30,P,658.0,0.0,0.01,0.02,68.0,2361,0.6250037500000001,False,2026-09-28 17:13:37+00:00,SPY260930P00658000
SPY,2026-09-29,765.61,2026-09-30,P,659.0,0.0,0.01,0.01,1191.0,1695,0.6250037500000001,False,2026-09-28 17:13:37+00:00,SPY260930P00659000
SPY,2026-09-29,765.61,2026-09-30,P,660.0,0.0,0.01,0.01,191.0,7835,0.6250037500000001,False,2026-09-28 20:13:24+00:00,SPY260930P00660000
SPY,2026-09-29,765.61,2026-09-30,P,661.0,0.0,0.01,0.03,2.0,415,0.6093789062500001,False,2026-09-28 17:21:23+00:00,SPY260930P00661000
SPY,2026-09-29,765.61,2026-09-30,P,662.0,0.0,0.01,0.01,910.0,225,0.6093789062500001,False,2026-09-28 17:40:44+00:00,SPY260930P00662000
SPY,2026-09-29,765.61,2026-09-30,P,663.0,0.0,0.01,0.02,6470.0,1686,0.5937540625000001,False,2026-09-28 17:40:44+00:00,SPY260930P00663000
SPY,2026-09-29,765.61,2026-09-30,P,664.0,0.0,0.01,0.01,123.0,2004,0.5937540625000001,False,2026-09-28 18:29:36+00:00,SPY260930P00664000
SPY,2026-09-29,765.61,2026-09-30,P,665.0,0.01,0.02,0.01,540.0,2065,0.64062859375,False,2026-09-28 20:13:58+00:00,SPY260930P00665000
SPY,2026-09-29,765.61,2026-09-30,P,666.0,0.01,0.02,0.01,1576.0,954,0.6367223828125,False,2026-09-28 20:12:54+00:00,SPY260930P00666000
SPY,2026-09-29,765.61,2026-09-30,P,667.0,0.0,0.01,0.01,480.0,2206,0.57812921875,False,2026-09-28 20:07:53+00:00,SPY260930P00667000
SPY,2026-09-29,765.61,2026-09-30,P,668.0,0.01,0.02,0.02,2652.0,3646,0.6250037500000001,False,2026-09-25 16:03:20+00:00,SPY260930P00668000
SPY,2026-09-29,765.61,2026-09-30,P,669.0,0.0,0.01,0.01,3.0,583,0.5625043750000001,False,2026-09-28 19:14:24+00:00,SPY260930P00669000
SPY,2026-09-29,765.61,2026-09-30,P,670.0,0.0,0.01,0.01,956.0,3519,0.5625043750000001,False,2026-09-28 20:13:34+00:00,SPY260930P00670000
SPY,2026-09-29,765.61,2026-09-30,P,671.0,0.01,0.02,0.02,1615.0,2442,0.6054726953125001,False,2026-09-25 16:03:03+00:00,SPY260930P00671000
SPY,2026-09-29,765.61,2026-09-30,P,672.0,0.01,0.02,0.01,686.0,1343,0.6015664843750002,False,2026-09-25 17:59:41+00:00,SPY260930P00672000
SPY,2026-09-29,765.61,2026-09-30,P,673.0,0.01,0.02,0.01,229.0,1953,0.5937540625000001,False,2026-09-25 19:58:17+00:00,SPY260930P00673000
SPY,2026-09-29,765.61,2026-09-30,P,674.0,0.01,0.02,0.02,63.0,1146,0.585941640625,False,2026-09-25 17:55:15+00:00,SPY260930P00674000
SPY,2026-09-29,765.61,2026-09-30,P,675.0,0.01,0.02,0.02,6.0,27501,0.57812921875,False,2026-09-28 16:41:27+00:00,SPY260930P00675000
SPY,2026-09-29,765.61,2026-09-30,P,676.0,0.01,0.02,0.02,63.0,20122,0.5742230078125,False,2026-09-25 17:44:34+00:00,SPY260930P00676000
SPY,2026-09-29,765.61,2026-09-30,P,677.0,0.01,0.02,0.01,5.0,6721,0.570316796875,False,2026-09-28 20:04:07+00:00,SPY260930P00677000
SPY,2026-09-29,765.61,2026-09-30,P,678.0,0.01,0.02,0.03,8.0,3234,0.5625043750000001,False,2026-09-24 19:10:31+00:00,SPY260930P00678000
SPY,2026-09-29,765.61,2026-09-30,P,679.0,0.01,0.02,0.02,51.0,916,0.5546919531250001,False,2026-09-25 16:07:14+00:00,SPY260930P00679000
SPY,2026-09-29,765.61,2026-09-30,P,680.0,0.01,0.02,0.02,76.0,8871,0.5468795312500001,False,2026-09-28 18:10:47+00:00,SPY260930P00680000
SPY,2026-09-29,765.61,2026-09-30,P,681.0,0.01,0.02,0.03,1.0,695,0.5429733203125001,False,2026-09-25 14:05:57+00:00,SPY260930P00681000
SPY,2026-09-29,765.61,2026-09-30,P,682.0,0.01,0.02,0.01,1.0,1049,0.5390671093750001,False,2026-09-28 16:11:15+00:00,SPY260930P00682000
SPY,2026-09-29,765.61,2026-09-30,P,683.0,0.01,0.02,0.03,1924.0,4080,0.5312546875,False,2026-09-25 14:48:23+00:00,SPY260930P00683000
SPY,2026-09-29,765.61,2026-09-30,P,684.0,0.01,0.02,0.01,1.0,22740,0.523442265625,False,2026-09-28 20:04:54+00:00,SPY260930P00684000
SPY,2026-09-29,765.61,2026-09-30,P,685.0,0.01,0.02,0.02,12.0,15891,0.51562984375,False,2026-09-28 15:38:21+00:00,SPY260930P00685000
SPY,2026-09-29,765.61,2026-09-30,P,686.0,0.01,0.02,0.02,9.0,5869,0.5117236328125,False,2026-09-28 15:46:03+00:00,SPY260930P00686000
SPY,2026-09-29,765.61,2026-09-30,P,687.0,0.01,0.02,0.02,48.0,1751,0.507817421875,False,2026-09-28 15:44:43+00:00,SPY260930P00687000
SPY,2026-09-29,765.61,2026-09-30,P,688.0,0.01,0.02,0.02,17.0,1205,0.500005,False,2026-09-28 15:40:24+00:00,SPY260930P00688000
SPY,2026-09-29,765.61,2026-09-30,P,689.0,0.01,0.02,0.02,22.0,797,0.507817421875,False,2026-09-28 15:38:01+00:00,SPY260930P00689000
SPY,2026-09-29,765.61,2026-09-30,P,690.0,0.01,0.02,0.02,94.0,7391,0.500005,False,2026-09-28 19:51:43+00:00,SPY260930P00690000
SPY,2026-09-29,765.61,2026-09-30,P,691.0,0.01,0.02,0.02,62.0,2067,0.49219257812500006,False,2026-09-28 15:34:25+00:00,SPY260930P00691000
SPY,2026-09-29,765.61,2026-09-30,P,692.0,0.01,0.02,0.02,1.0,1405,0.48828636718750007,False,2026-09-28 16:12:55+00:00,SPY260930P00692000
SPY,2026-09-29,765.61,2026-09-30,P,693.0,0.01,0.02,0.05,934.0,1021,0.4804739453125,False,2026-09-24 17:32:56+00:00,SPY260930P00693000
SPY,2026-09-29,765.61,2026-09-30,P,694.0,0.01,0.02,0.02,11.0,994,0.476567734375,False,2026-09-28 16:57:02+00:00,SPY260930P00694000
SPY,2026-09-29,765.61,2026-09-30,P,695.0,0.01,0.02,0.02,181.0,5519,0.4687553125,False,2026-09-28 18:06:30+00:00,SPY260930P00695000
SPY,2026-09-29,765.61,2026-09-30,P,696.0,0.01,0.02,0.02,2.0,268,0.46094289062500005,False,2026-09-28 19:43:13+00:00,SPY260930P00696000
SPY,2026-09-29,765.61,2026-09-30,P,697.0,0.01,0.02,0.02,2.0,4216,0.45703667968750006,False,2026-09-28 19:42:54+00:00,SPY260930P00697000
SPY,2026-09-29,765.61,2026-09-30,P,698.0,0.01,0.02,0.02,290.0,7983,0.44922425781249997,False,2026-09-28 19:14:59+00:00,SPY260930P00698000
SPY,2026-09-29,765.61,2026-09-30,P,699.0,0.01,0.02,0.02,8824.0,7730,0.445318046875,False,2026-09-28 19:54:42+00:00,SPY260930P00699000
SPY,2026-09-29,765.61,2026-09-30,P,700.0,0.01,0.02,0.02,1040.0,28816,0.437505625,False,2026-09-28 20:03:14+00:00,SPY260930P00700000
SPY,2026-09-29,765.61,2026-09-30,P,701.0,0.02,0.03,0.02,2400.0,4877,0.44922425781249997,False,2026-09-28 20:13:49+00:00,SPY260930P00701000
SPY,2026-09-29,765.61,2026-09-30,P,702.0,0.02,0.03,0.03,960.0,7345,0.4414118359375,False,2026-09-28 18:56:02+00:00,SPY260930P00702000
SPY,2026-09-29,765.61,2026-09-30,P,703.0,0.02,0.03,0.02,480.0,1984,0.43555251953125,False,2026-09-28 18:55:31+00:00,SPY260930P00703000
SPY,2026-09-29,765.61,2026-09-30,P,704.0,0.02,0.03,0.04,1.0,1111,0.42969320312500003,False,2026-09-28 15:56:28+00:00,SPY260930P00704000
SPY,2026-09-29,765.61,2026-09-30,P,705.0,0.02,0.03,0.02,72.0,4545,0.42188078125,False,2026-09-28 19:24:59+00:00,SPY260930P00705000
SPY,2026-09-29,765.61,2026-09-30,P,706.0,0.02,0.03,0.02,136.0,1421,0.41602146484374997,False,2026-09-28 18:01:51+00:00,SPY260930P00706000
SPY,2026-09-29,765.61,2026-09-30,P,707.0,0.02,0.03,0.03,1158.0,21597,0.4101621484375,False,2026-09-25 20:07:44+00:00,SPY260930P00707000
SPY,2026-09-29,765.61,2026-09-30,P,708.0,0.02,0.03,0.03,1062.0,1993,0.4023497265625,False,2026-09-25 20:07:35+00:00,SPY260930P00708000
SPY,2026-09-29,765.61,2026-09-30,P,709.0,0.02,0.03,0.05,214.0,1541,0.39649041015625003,False,2026-09-25 17:27:18+00:00,SPY260930P00709000
SPY,2026-09-29,765.61,2026-09-30,P,710.0,0.02,0.03,0.02,538.0,12561,0.39063109375,False,2026-09-28 19:13:59+00:00,SPY260930P00710000
SPY,2026-09-29,765.61,2026-09-30,P,711.0,0.02,0.03,0.04,15.0,1109,0.38281867187499996,False,2026-09-28 14:39:56+00:00,SPY260930P00711000
SPY,2026-09-29,765.61,2026-09-30,P,712.0,0.02,0.03,0.02,6.0,1410,0.37695935546875,False,2026-09-28 18:06:34+00:00,SPY260930P00712000
SPY,2026-09-29,765.61,2026-09-30,P,713.0,0.02,0.03,0.04,1.0,935,0.3711000390625,False,2026-09-28 14:42:17+00:00,SPY260930P00713000
SPY,2026-09-29,765.61,2026-09-30,P,714.0,0.02,0.03,0.04,359.0,1944,0.3632876171875,False,2026-09-25 19:37:08+00:00,SPY260930P00714000
SPY,2026-09-29,765.61,2026-09-30,P,715.0,0.02,0.03,0.03,71.0,6720,0.35742830078125,False,2026-09-28 17:55:04+00:00,SPY260930P00715000
SPY,2026-09-29,765.61,2026-09-30,P,716.0,0.03,0.04,0.03,1020.0,1072,0.3632876171875,False,2026-09-28 19:43:38+00:00,SPY260930P00716000
SPY,2026-09-29,765.61,2026-09-30,P,717.0,0.03,0.04,0.03,138.0,3241,0.35547519531249994,False,2026-09-28 20:01:12+00:00,SPY260930P00717000
SPY,2026-09-29,765.61,2026-09-30,P,718.0,0.03,0.04,0.04,2.0,1460,0.34961587890624996,False,2026-09-28 13:43:36+00:00,SPY260930P00718000
SPY,2026-09-29,765.61,2026-09-30,P,719.0,0.03,0.04,0.04,486.0,1440,0.34180345703125,False,2026-09-28 15:14:29+00:00,SPY260930P00719000
SPY,2026-09-29,765.61,2026-09-30,P,720.0,0.03,0.04,0.04,222.0,13985,0.335944140625,False,2026-09-28 19:51:37+00:00,SPY260930P00720000
SPY,2026-09-29,765.61,2026-09-30,P,721.0,0.03,0.04,0.05,57.0,6180,0.32813171874999997,False,2026-09-28 14:44:13+00:00,SPY260930P00721000
SPY,2026-09-29,765.61,2026-09-30,P,722.0,0.03,0.04,0.03,14.0,3208,0.32227240234374993,False,2026-09-28 19:34:56+00:00,SPY260930P00722000
SPY,2026-09-29,765.61,2026-09-30,P,723.0,0.03,0.04,0.04,35.0,853,0.31445998046874996,False,2026-09-28 19:59:58+00:00,SPY260930P00723000
SPY,2026-09-29,765.61,2026-09-30,P,724.0,0.03,0.04,0.04,149.0,1418,0.3086006640625,False,2026-09-28 16:00:04+00:00,SPY260930P00724000
SPY,2026-09-29,765.61,2026-09-30,P,725.0,0.03,0.04,0.04,1073.0,15929,0.3007882421875,False,2026-09-28 20:00:54+00:00,SPY260930P00725000
SPY,2026-09-29,765.61,2026-09-30,P,726.0,0.04,0.05,0.04,121.0,1253,0.30274134765625,False,2026-09-28 19:46:19+00:00,SPY260930P00726000
SPY,2026-09-29,765.61,2026-09-30,P,727.0,0.04,0.05,0.05,252.0,1359,0.295905478515625,False,2026-09-28 19:06:50+00:00,SPY260930P00727000
SPY,2026-09-29,765.61,2026-09-30,P,728.0,0.04,0.05,0.05,5.0,1362,0.2890696093749999,False,2026-09-28 19:02:55+00:00,SPY260930P00728000
SPY,2026-09-29,765.61,2026-09-30,P,729.0,0.04,0.05,0.05,176.0,1503,0.282233740234375,False,2026-09-28 16:39:53+00:00,SPY260930P00729000
SPY,2026-09-29,765.61,2026-09-30,P,730.0,0.04,0.05,0.04,1074.0,27446,0.27539787109374997,False,2026-09-28 20:10:30+00:00,SPY260930P00730000
SPY,2026-09-29,765.61,2026-09-30,P,731.0,0.04,0.05,0.05,367.0,2633,0.26856200195312496,False,2026-09-28 17:00:35+00:00,SPY260930P00731000
SPY,2026-09-29,765.61,2026-09-30,P,732.0,0.04,0.05,0.04,635.0,2633,0.2617261328125,False,2026-09-28 19:00:06+00:00,SPY260930P00732000
SPY,2026-09-29,765.61,2026-09-30,P,733.0,0.04,0.05,0.05,307.0,1356,0.25391371093750004,False,2026-09-28 20:10:30+00:00,SPY260930P00733000
SPY,2026-09-29,765.61,2026-09-30,P,734.0,0.05,0.06,0.05,371.0,2374,0.25391371093750004,False,2026-09-28 19:46:19+00:00,SPY260930P00734000
SPY,2026-09-29,765.61,2026-09-30,P,735.0,0.05,0.06,0.05,435.0,13637,0.2461012890625,False,2026-09-28 20:01:44+00:00,SPY260930P00735000
SPY,2026-09-29,765.61,2026-09-30,P,736.0,0.05,0.06,0.05,570.0,6099,0.23926541992187497,False,2026-09-28 20:13:57+00:00,SPY260930P00736000
SPY,2026-09-29,765.61,2026-09-30,P,737.0,0.05,0.06,0.06,295.0,9841,0.23242955078125,False,2026-09-28 20:10:12+00:00,SPY260930P00737000
SPY,2026-09-29,765.61,2026-09-30,P,738.0,0.06,0.07,0.07,91.0,1438,0.229499892578125,False,2026-09-28 20:13:10+00:00,SPY260930P00738000
SPY,2026-09-29,765.61,2026-09-30,P,739.0,0.06,0.07,0.07,57.0,1826,0.22266402343749997,False,2026-09-28 20:02:13+00:00,SPY260930P00739000
SPY,2026-09-29,765.61,2026-09-30,P,740.0,0.07,0.08,0.08,907.0,23920,0.2192460888671875,False,2026-09-28 20:14:39+00:00,SPY260930P00740000
SPY,2026-09-29,765.61,2026-09-30,P,741.0,0.07,0.08,0.08,817.0,2826,0.21192194335937498,False,2026-09-28 20:13:57+00:00,SPY260930P00741000
SPY,2026-09-29,765.61,2026-09-30,P,742.0,0.08,0.09,0.1,594.0,1189,0.20801573242187496,False,2026-09-28 19:54:31+00:00,SPY260930P00742000
SPY,2026-09-29,765.61,2026-09-30,P,743.0,0.09,0.1,0.1,158.0,1824,0.20410952148437497,False,2026-09-28 20:14:33+00:00,SPY260930P00743000
SPY,2026-09-29,765.61,2026-09-30,P,744.0,0.1,0.11,0.1,355.0,2985,0.1992267578125,False,2026-09-28 20:07:28+00:00,SPY260930P00744000
SPY,2026-09-29,765.61,2026-09-30,P,745.0,0.11,0.12,0.12,1661.0,13056,0.19385571777343752,False,2026-09-28 20:12:19+00:00,SPY260930P00745000
SPY,2026-09-29,765.61,2026-09-30,P,746.0,0.13,0.14,0.12,244.0,3376,0.1909260595703125,False,2026-09-28 20:05:12+00:00,SPY260930P00746000
SPY,2026-09-29,765.61,2026-09-30,P,747.0,0.15,0.16,0.16,990.0,3343,0.187508125,False,2026-09-28 20:14:14+00:00,SPY260930P00747000
SPY,2026-09-29,765.61,2026-09-30,P,748.0,0.17,0.18,0.18,395.0,2142,0.18311363769531247,False,2026-09-28 20:13:49+00:00,SPY260930P00748000
SPY,2026-09-29,765.61,2026-09-30,P,749.0,0.2,0.21,0.21,1730.0,2608,0.17993984130859375,False,2026-09-28 20:13:11+00:00,SPY260930P00749000
SPY,2026-09-29,765.61,2026-09-30,P,750.0,0.24,0.25,0.25,8876.0,27592,0.17749845947265624,False,2026-09-28 20:14:59+00:00,SPY260930P00750000
SPY,2026-09-29,765.61,2026-09-30,P,751.0,0.28,0.29,0.29,1892.0,1777,0.17408052490234377,False,2026-09-28 20:14:50+00:00,SPY260930P00751000
SPY,2026-09-29,765.61,2026-09-30,P,752.0,0.33,0.34,0.33,2231.0,5239,0.17115086669921875,False,2026-09-28 20:14:50+00:00,SPY260930P00752000
SPY,2026-09-29,765.61,2026-09-30,P,753.0,0.39,0.4,0.4,3063.0,2804,0.1682212084960938,False,2026-09-28 20:14:44+00:00,SPY260930P00753000
SPY,2026-09-29,765.61,2026-09-30,P,754.0,0.46,0.47,0.46,3420.0,7315,0.1651694812011719,False,2026-09-28 20:14:54+00:00,SPY260930P00754000
SPY,2026-09-29,765.61,2026-09-30,P,755.0,0.54,0.55,0.54,6123.0,22716,0.16187361572265624,False,2026-09-28 20:14:54+00:00,SPY260930P00755000
SPY,2026-09-29,765.61,2026-09-30,P,756.0,0.64,0.65,0.65,1991.0,2878,0.159188095703125,False,2026-09-28 20:14:39+00:00,SPY260930P00756000
SPY,2026-09-29,765.61,2026-09-30,P,757.0,0.76,0.77,0.76,2968.0,7583,0.15662464477539065,False,2026-09-28 20:14:57+00:00,SPY260930P00757000
SPY,2026-09-29,765.61,2026-09-30,P,758.0,0.9,0.91,0.9,3294.0,5052,0.15393912475585939,False,2026-09-28 20:14:56+00:00,SPY260930P00758000
SPY,2026-09-29,765.61,2026-09-30,P,759.0,1.06,1.07,1.07,3845.0,2319,0.1511315356445313,False,2026-09-28 20:14:49+00:00,SPY260930P00759000
SPY,2026-09-29,765.61,2026-09-30,P,760.0,1.26,1.27,1.25,17993.0,16465,0.1489342919921875,False,2026-09-28 20:14:48+00:00,SPY260930P00760000
SPY,2026-09-29,765.61,2026-09-30,P,761.0,1.47,1.49,1.49,13201.0,54404,0.14612670288085935,False,2026-09-28 20:13:59+00:00,SPY260930P00761000
SPY,2026-09-29,765.61,2026-09-30,P,762.0,1.73,1.75,1.77,5474.0,1407,0.14368532104492188,False,2026-09-28 20:14:31+00:00,SPY260930P00762000
SPY,2026-09-29,765.61,2026-09-30,P,763.0,2.04,2.05,2.05,6293.0,3189,0.14118290466308597,False,2026-09-28 20:14:58+00:00,SPY260930P00763000
SPY,2026-09-29,765.61,2026-09-30,P,764.0,2.38,2.4,2.38,10967.0,2499,0.13904669555664065,False,2026-09-28 20:14:54+00:00,SPY260930P00764000
SPY,2026-09-29,765.61,2026-09-30,P,765.0,2.79,2.81,2.81,16654.0,12066,0.1374597973632813,False,2026-09-28 20:14:58+00:00,SPY260930P00765000
SPY,2026-09-29,765.61,2026-09-30,P,766.0,3.24,3.26,3.22,11028.0,3344,0.13538462280273442,True,2026-09-28 20:14:34+00:00,SPY260930P00766000
SPY,2026-09-29,765.61,2026-09-30,P,767.0,3.75,3.77,3.78,10546.0,3738,0.13367565551757812,True,2026-09-28 20:14:19+00:00,SPY260930P00767000
SPY,2026-09-29,765.61,2026-09-30,P,768.0,4.32,4.35,4.29,7591.0,2273,0.13269910278320313,True,2026-09-28 20:14:36+00:00,SPY260930P00768000
SPY,2026-09-29,765.61,2026-09-30,P,769.0,4.94,5.0,5.07,4264.0,3161,0.13269910278320313,True,2026-09-28 20:12:26+00:00,SPY260930P00769000
SPY,2026-09-29,765.61,2026-09-30,P,770.0,5.63,5.68,5.65,3205.0,8156,0.13172255004882813,True,2026-09-28 20:10:39+00:00,SPY260930P00770000
SPY,2026-09-29,765.61,2026-09-30,P,771.0,6.36,6.44,6.1,959.0,2236,0.13257703369140628,True,2026-09-28 20:04:46+00:00,SPY260930P00771000
SPY,2026-09-29,765.61,2026-09-30,P,772.0,7.15,7.26,6.96,448.0,2168,0.13477427734375003,True,2026-09-28 20:07:05+00:00,SPY260930P00772000
SPY,2026-09-29,765.61,2026-09-30,P,773.0,7.98,8.08,7.85,398.0,1526,0.13501841552734378,True,2026-09-28 19:56:32+00:00,SPY260930P00773000
SPY,2026-09-29,765.61,2026-09-30,P,774.0,8.84,8.99,8.78,581.0,1314,0.13990117919921874,True,2026-09-28 19:59:47+00:00,SPY260930P00774000
SPY,2026-09-29,765.61,2026-09-30,P,775.0,9.78,9.89,9.8,862.0,7405,0.14258669921875,True,2026-09-28 20:14:09+00:00,SPY260930P00775000
SPY,2026-09-29,765.61,2026-09-30,P,776.0,10.67,10.78,10.92,387.0,1310,0.14283083740234376,True,2026-09-28 19:57:00+00:00,SPY260930P00776000
SPY,2026-09-29,765.61,2026-09-30,P,777.0,11.62,11.73,11.92,246.0,833,0.14722532470703126,True,2026-09-28 19:56:32+00:00,SPY260930P00777000
SPY,2026-09-29,765.61,2026-09-30,P,778.0,12.61,12.73,13.04,723.0,535,0.15674671386718753,True,2026-09-28 19:55:35+00:00,SPY260930P00778000
SPY,2026-09-29,765.61,2026-09-30,P,779.0,13.61,13.73,13.87,192.0,217,0.16602396484375004,True,2026-09-28 19:54:10+00:00,SPY260930P00779000
SPY,2026-09-29,765.61,2026-09-30,P,780.0,14.61,14.73,15.01,168.0,605,0.1753012158203125,True,2026-09-28 19:54:40+00:00,SPY260930P00780000
SPY,2026-09-29,765.61,2026-09-30,P,781.0,15.61,15.73,15.22,292.0,422,0.18433432861328125,True,2026-09-28 19:15:08+00:00,SPY260930P00781000
SPY,2026-09-29,765.61,2026-09-30,P,782.0,16.61,16.73,16.66,85.0,329,0.19336744140625,True,2026-09-28 19:52:02+00:00,SPY260930P00782000
SPY,2026-09-29,765.61,2026-09-30,P,783.0,17.61,17.73,17.08,82.0,247,0.2024005541992187,True,2026-09-28 19:13:45+00:00,SPY260930P00783000
SPY,2026-09-29,765.61,2026-09-30,P,784.0,18.6,18.73,18.17,133.0,402,0.2111895288085937,True,2026-09-28 19:15:01+00:00,SPY260930P00784000
SPY,2026-09-29,765.61,2026-09-30,P,785.0,19.62,19.73,19.51,76.0,590,0.2199785034179687,True,2026-09-28 19:43:50+00:00,SPY260930P00785000
SPY,2026-09-29,765.61,2026-09-30,P,786.0,20.6,20.73,20.48,218.0,426,0.22852333984375,True,2026-09-28 19:50:30+00:00,SPY260930P00786000
SPY,2026-09-29,765.61,2026-09-30,P,787.0,21.6,21.73,20.64,164.0,164,0.23731231445312498,True,2026-09-28 19:08:45+00:00,SPY260930P00787000
SPY,2026-09-29,765.61,2026-09-30,P,788.0,22.6,22.73,21.61,164.0,84,0.2456130126953125,True,2026-09-28 19:02:34+00:00,SPY260930P00788000
SPY,2026-09-29,765.61,2026-09-30,P,789.0,23.62,23.74,22.06,142.0,56,0.25586681640625003,True,2026-09-28 18:55:53+00:00,SPY260930P00789000
SPY,2026-09-29,765.61,2026-09-30,P,790.0,24.62,24.74,24.21,140.0,8,0.26416751464843746,True,2026-09-28 19:34:29+00:00,SPY260930P00790000
SPY,2026-09-29,765.61,2026-09-30,P,791.0,25.62,25.74,23.31,83.0,0,0.27246821289062495,True,2026-09-28 16:31:48+00:00,SPY260930P00791000
SPY,2026-09-29,765.61,2026-09-30,P,792.0,26.6,26.74,25.37,162.0,0,0.28076891113281244,True,2026-09-28 17:10:11+00:00,SPY260930P00792000
SPY,2026-09-29,765.61,2026-09-30,P,793.0,27.62,27.75,25.74,197.0,4,0.29077857666015616,True,2026-09-28 17:52:29+00:00,SPY260930P00793000
SPY,2026-09-29,765.61,2026-09-30,P,794.0,28.62,28.73,28.29,128.0,7,0.29566134033203123,True,2026-09-28 19:34:10+00:00,SPY260930P00794000
SPY,2026-09-29,765.61,2026-09-30,P,795.0,29.6,29.75,29.24,131.0,0,0.30713583496093744,True,2026-09-28 19:32:54+00:00,SPY260930P00795000
SPY,2026-09-29,765.61,2026-09-30,P,796.0,30.62,30.75,29.05,72.0,0,0.3154365332031249,True,2026-09-28 18:28:24+00:00,SPY260930P00796000
SPY,2026-09-29,765.61,2026-09-30,P,797.0,31.62,31.75,29.82,50.0,0,0.3232489550781249,True,2026-09-28 17:42:23+00:00,SPY260930P00797000
SPY,2026-09-29,765.61,2026-09-30,P,798.0,32.62,32.73,30.84,102.0,0,0.3276434423828125,True,2026-09-28 18:20:36+00:00,SPY260930P00798000
SPY,2026-09-29,765.61,2026-09-30,P,799.0,32.88,34.59,31.88,108.0,0,0.4467828759765625,True,2026-09-28 18:20:22+00:00,SPY260930P00799000
SPY,2026-09-29,765.61,2026-09-30,P,800.0,33.78,35.51,35.12,108.0,19,0.4480035668945312,True,2026-09-28 19:54:40+00:00,SPY260930P00800000
SPY,2026-09-29,765.61,2026-09-30,P,801.0,34.81,36.51,35.78,168.0,0,0.4572808178710938,True,2026-09-28 16:03:37+00:00,SPY260930P00801000
SPY,2026-09-29,765.61,2026-09-30,P,802.0,35.81,37.51,36.96,169.0,0,0.46655806884765627,True,2026-09-28 19:55:02+00:00,SPY260930P00802000
SPY,2026-09-29,765.61,2026-09-30,P,803.0,36.88,38.51,36.3,93.0,0,0.4758353198242187,True,2026-09-28 18:41:22+00:00,SPY260930P00803000
SPY,2026-09-29,765.61,2026-09-30,P,804.0,37.88,39.59,38.79,126.0,0,0.4936574072265626,True,2026-09-28 19:41:18+00:00,SPY260930P00804000
SPY,2026-09-29,765.61,2026-09-30,P,805.0,38.78,40.51,38.21,300.0,1,0.49414568359375005,True,2026-09-28 18:42:21+00:00,SPY260930P00805000
SPY,2026-09-29,765.61,2026-09-30,P,806.0,39.88,41.51,39.17,34.0,0,0.5031787963867188,True,2026-09-28 18:43:56+00:00,SPY260930P00806000
SPY,2026-09-29,765.61,2026-09-30,P,807.0,40.81,42.51,41.57,156.0,0,0.5122119091796875,True,2026-09-28 19:44:22+00:00,SPY260930P00807000
SPY,2026-09-29,765.61,2026-09-30,P,808.0,41.88,43.51,42.48,154.0,0,0.5212450219726561,True,2026-09-28 19:43:07+00:00,SPY260930P00808000
SPY,2026-09-29,765.61,2026-09-30,P,809.0,42.88,44.59,42.18,28.0,0,0.5393112475585939,True,2026-09-28 18:47:50+00:00,SPY260930P00809000
SPY,2026-09-29,765.61,2026-09-30,P,810.0,43.78,45.51,43.25,144.0,1,0.5390671093750001,True,2026-09-28 19:00:33+00:00,SPY260930P00810000
SPY,2026-09-29,765.61,2026-09-30,P,811.0,44.87,46.51,45.52,44.0,0,0.5478560839843751,True,2026-09-28 19:44:56+00:00,SPY260930P00811000
SPY,2026-09-29,765.61,2026-09-30,P,812.0,45.81,47.51,45.41,38.0,0,0.5566450585937501,True,2026-09-28 19:00:59+00:00,SPY260930P00812000
SPY,2026-09-29,765.61,2026-09-30,P,813.0,46.88,48.52,45.98,78.0,0,0.5666547241210937,True,2026-09-28 18:56:37+00:00,SPY260930P00813000
SPY,2026-09-29,765.61,2026-09-30,P,814.0,47.88,49.59,47.0,30.0,0,0.5837443969726561,True,2026-09-28 18:58:16+00:00,SPY260930P00814000
SPY,2026-09-29,765.61,2026-09-30,P,815.0,48.88,50.51,47.99,103.0,0,0.5827678442382812,True,2026-09-28 18:56:10+00:00,SPY260930P00815000
SPY,2026-09-29,765.61,2026-09-30,P,816.0,49.88,51.51,49.56,82.0,0,0.5915568188476563,True,2026-09-28 19:07:53+00:00,SPY260930P00816000
SPY,2026-09-29,765.61,2026-09-30,P,817.0,50.79,52.51,50.56,50.0,0,0.6001016552734376,True,2026-09-28 19:07:53+00:00,SPY260930P00817000
SPY,2026-09-29,765.61,2026-09-30,P,818.0,51.88,53.51,51.56,38.0,0,0.6086464916992189,True,2026-09-28 19:07:53+00:00,SPY260930P00818000
SPY,2026-09-29,765.61,2026-09-30,P,819.0,52.88,54.59,52.56,14.0,0,0.6272009936523439,True,2026-09-28 19:07:53+00:00,SPY260930P00819000
SPY,2026-09-29,765.61,2026-09-30,P,820.0,53.74,55.51,53.59,42.0,0,0.6257361645507813,True,2026-09-28 19:07:53+00:00,SPY260930P00820000
SPY,2026-09-29,765.61,2026-09-30,P,821.0,54.86,56.51,54.56,148.0,0,0.6340368627929689,True,2026-09-28 19:07:53+00:00,SPY260930P00821000
SPY,2026-09-29,765.61,2026-09-30,P,822.0,55.83,57.51,55.56,52.0,0,0.6425816992187501,True,2026-09-28 19:07:53+00:00,SPY260930P00822000
SPY,2026-09-29,765.61,2026-09-30,P,823.0,56.88,58.51,56.56,48.0,0,0.5063525927734375,True,2026-09-28 19:07:53+00:00,SPY260930P00823000
SPY,2026-09-29,765.61,2026-09-30,P,824.0,57.85,59.51,57.56,16.0,0,0.5092822509765625,True,2026-09-28 19:07:53+00:00,SPY260930P00824000
SPY,2026-09-29,765.61,2026-09-30,P,825.0,58.74,60.51,57.46,26.0,2,0.6677279321289065,True,2026-09-28 14:21:05+00:00,SPY260930P00825000
SPY,2026-09-29,765.61,2026-09-30,P,826.0,59.88,61.51,58.58,60.0,0,0.5273484765625001,True,2026-09-28 17:25:48+00:00,SPY260930P00826000
SPY,2026-09-29,765.61,2026-09-30,P,827.0,60.88,62.59,59.77,6.0,0,0.5454147021484376,True,2026-09-28 17:26:20+00:00,SPY260930P00827000
SPY,2026-09-29,765.61,2026-09-30,P,828.0,61.81,63.51,60.68,6.0,0,0.5307664111328125,True,2026-09-28 17:30:57+00:00,SPY260930P00828000
SPY,2026-09-29,765.61,2026-09-30,P,829.0,62.85,64.51,61.78,50.0,0,0.543949873046875,True,2026-09-28 17:30:29+00:00,SPY260930P00829000
SPY,2026-09-29,765.61,2026-09-30,P,831.0,64.86,66.51,59.04,4.0,0,0.5590864404296876,True,2026-09-25 19:52:36+00:00,SPY260930P00831000
SPY,2026-09-29,765.61,2026-09-30,P,833.0,66.81,68.5,62.51,2.0,0,0.5634809277343751,True,2026-09-25 19:25:54+00:00,SPY260930P00833000
SPY,2026-09-29,765.61,2026-09-30,P,845.0,78.79,80.51,77.82,1.0,0,0.64062859375,True,2026-09-24 20:10:10+00:00,SPY260930P00845000
SPY,2026-09-29,765.61,2026-09-30,P,849.0,82.87,84.51,83.05,10.0,0,0.6806672558593752,True,2026-09-28 19:02:53+00:00,SPY260930P00849000
SPY,2026-09-29,765.61,2026-09-30,P,850.0,83.79,85.5,83.34,16.0,1,0.6709017285156251,True,2026-09-28 19:03:47+00:00,SPY260930P00850000
SPY,2026-09-29,765.61,2026-09-30,P,851.0,84.87,86.51,84.41,12.0,0,0.6938507177734375,True,2026-09-28 19:04:38+00:00,SPY260930P00851000
SPY,2026-09-29,765.61,2026-09-30,P,855.0,88.79,90.51,88.31,10.0,0,0.7050810742187501,True,2026-09-28 19:06:27+00:00,SPY260930P00855000
SPY,2026-09-29,765.61,2026-09-30,P,870.0,0.0,0.0,101.19,,0,1.0000000000000003e-05,True,2026-08-18 17:04:02+00:00,SPY260930P00870000
SPY,2026-09-29,765.61,2026-09-30,P,885.0,118.85,120.53,120.09,46.0,0,0.905274384765625,True,2026-09-28 19:54:50+00:00,SPY260930P00885000
SPY,2026-09-29,765.61,2026-09-30,P,895.0,128.81,130.51,129.56,4.0,0,0.9511723632812499,True,2026-09-28 19:48:28+00:00,SPY260930P00895000
SPY,2026-09-29,765.61,2026-09-30,P,900.0,133.81,135.51,134.51,20.0,0,0.9804689453125001,True,2026-09-28 19:47:58+00:00,SPY260930P00900000
SPY,2026-09-29,765.61,2026-10-01,C,630.0,134.8,136.42,141.36,60.0,10,0.500005,True,2026-09-25 18:45:37+00:00,SPY261001C00630000
SPY,2026-09-29,765.61,2026-10-01,C,635.0,129.8,131.47,132.58,8.0,10,0.710940390625,True,2026-09-28 17:59:49+00:00,SPY261001C00635000
SPY,2026-09-29,765.61,2026-10-01,C,640.0,124.8,126.48,127.58,8.0,17,0.6953155468750001,True,2026-09-28 18:00:00+00:00,SPY261001C00640000
SPY,2026-09-29,765.61,2026-10-01,C,645.0,119.82,121.46,126.56,48.0,14,0.6679720703125002,True,2026-09-25 18:35:01+00:00,SPY261001C00645000
SPY,2026-09-29,765.61,2026-10-01,C,650.0,114.81,116.44,117.61,18.0,20,0.6015664843750002,True,2026-09-28 18:00:11+00:00,SPY261001C00650000
SPY,2026-09-29,765.61,2026-10-01,C,655.0,109.81,111.49,113.2,8.0,58,0.632816171875,True,2026-09-28 16:37:16+00:00,SPY261001C00655000
SPY,2026-09-29,765.61,2026-10-01,C,660.0,104.82,106.5,107.59,25.0,38,0.6171913281250001,True,2026-09-28 17:24:02+00:00,SPY261001C00660000
SPY,2026-09-29,765.61,2026-10-01,C,665.0,99.81,101.46,103.08,84.0,36,0.5507857421875001,True,2026-09-28 16:33:21+00:00,SPY261001C00665000
SPY,2026-09-29,765.61,2026-10-01,C,670.0,94.82,96.44,95.91,184.0,43,0.5117236328125,True,2026-09-28 19:59:05+00:00,SPY261001C00670000
SPY,2026-09-29,765.61,2026-10-01,C,675.0,89.83,91.55,91.31,370.0,35,0.561527822265625,True,2026-09-28 19:20:12+00:00,SPY261001C00675000
SPY,2026-09-29,765.61,2026-10-01,C,680.0,84.83,86.52,87.69,282.0,72,0.5195360546875,True,2026-09-28 19:06:21+00:00,SPY261001C00680000
SPY,2026-09-29,765.61,2026-10-01,C,685.0,79.83,81.51,81.96,146.0,55,0.7270535107421875,True,2026-09-28 19:06:35+00:00,SPY261001C00685000
SPY,2026-09-29,765.61,2026-10-01,C,690.0,74.86,76.47,76.91,181.0,67,0.6821320849609377,True,2026-09-28 19:06:50+00:00,SPY261001C00690000
SPY,2026-09-29,765.61,2026-10-01,C,695.0,69.91,71.52,72.54,149.0,63,0.6508823974609376,True,2026-09-28 19:06:03+00:00,SPY261001C00695000
SPY,2026-09-29,765.61,2026-10-01,C,700.0,64.87,66.48,66.66,272.0,50,0.6059609716796877,True,2026-09-28 19:10:11+00:00,SPY261001C00700000
SPY,2026-09-29,765.61,2026-10-01,C,705.0,59.87,61.56,61.47,213.0,75,0.5778850805664062,True,2026-09-28 19:26:42+00:00,SPY261001C00705000
SPY,2026-09-29,765.61,2026-10-01,C,710.0,54.9,56.55,55.94,350.0,92,0.5368698657226563,True,2026-09-28 19:09:11+00:00,SPY261001C00710000
SPY,2026-09-29,765.61,2026-10-01,C,715.0,50.59,50.78,54.45,125.0,28,0.36377589355468753,True,2026-09-28 17:03:12+00:00,SPY261001C00715000
SPY,2026-09-29,765.61,2026-10-01,C,718.0,47.6,47.79,49.27,101.0,96,0.34766277343749996,True,2026-09-28 16:50:32+00:00,SPY261001C00718000
SPY,2026-09-29,765.61,2026-10-01,C,719.0,46.6,46.79,52.25,224.0,77,0.3413151806640625,True,2026-09-25 19:37:52+00:00,SPY261001C00719000
SPY,2026-09-29,765.61,2026-10-01,C,720.0,45.6,45.79,48.51,83.0,83,0.334967587890625,True,2026-09-28 16:42:31+00:00,SPY261001C00720000
SPY,2026-09-29,765.61,2026-10-01,C,721.0,44.6,44.79,46.6,41.0,74,0.32813171874999997,True,2026-09-28 18:49:51+00:00,SPY261001C00721000
SPY,2026-09-29,765.61,2026-10-01,C,722.0,43.61,43.8,48.31,219.0,67,0.32471378417968744,True,2026-09-25 19:00:28+00:00,SPY261001C00722000
SPY,2026-09-29,765.61,2026-10-01,C,723.0,42.61,42.8,44.47,2.0,82,0.31836619140624994,True,2026-09-28 16:20:41+00:00,SPY261001C00723000
SPY,2026-09-29,765.61,2026-10-01,C,724.0,41.61,41.8,42.99,8.0,105,0.31153032226562494,True,2026-09-28 16:04:58+00:00,SPY261001C00724000
SPY,2026-09-29,765.61,2026-10-01,C,725.0,40.61,40.8,43.59,12.0,122,0.3051827294921875,True,2026-09-28 14:03:04+00:00,SPY261001C00725000
SPY,2026-09-29,765.61,2026-10-01,C,726.0,39.62,39.81,41.29,1.0,86,0.3012765185546875,True,2026-09-28 16:50:32+00:00,SPY261001C00726000
SPY,2026-09-29,765.61,2026-10-01,C,727.0,38.62,38.81,42.01,1.0,87,0.29444064941406245,True,2026-09-28 17:12:25+00:00,SPY261001C00727000
SPY,2026-09-29,765.61,2026-10-01,C,728.0,37.62,37.81,44.47,435.0,156,0.2880930566406249,True,2026-09-25 19:50:01+00:00,SPY261001C00728000
SPY,2026-09-29,765.61,2026-10-01,C,729.0,36.63,36.81,37.21,12.0,95,0.28125718749999995,True,2026-09-28 19:21:14+00:00,SPY261001C00729000
SPY,2026-09-29,765.61,2026-10-01,C,730.0,35.63,35.82,36.97,16.0,279,0.27686270019531245,True,2026-09-28 19:04:46+00:00,SPY261001C00730000
SPY,2026-09-29,765.61,2026-10-01,C,731.0,34.63,34.82,35.02,4.0,104,0.270515107421875,True,2026-09-28 19:47:09+00:00,SPY261001C00731000
SPY,2026-09-29,765.61,2026-10-01,C,732.0,33.64,33.82,40.16,249.0,132,0.26367923828125,True,2026-09-25 19:49:45+00:00,SPY261001C00732000
SPY,2026-09-29,765.61,2026-10-01,C,733.0,32.64,32.83,35.93,2.0,130,0.2590406127929688,True,2026-09-28 16:50:25+00:00,SPY261001C00733000
SPY,2026-09-29,765.61,2026-10-01,C,734.0,31.65,31.83,38.34,358.0,204,0.2524488818359375,True,2026-09-25 19:48:38+00:00,SPY261001C00734000
SPY,2026-09-29,765.61,2026-10-01,C,735.0,30.65,30.84,31.96,8.0,304,0.2475661181640625,True,2026-09-28 19:04:31+00:00,SPY261001C00735000
SPY,2026-09-29,765.61,2026-10-01,C,736.0,29.66,29.85,31.82,1.0,222,0.24268335449218748,True,2026-09-28 17:11:24+00:00,SPY261001C00736000
SPY,2026-09-29,765.61,2026-10-01,C,737.0,28.67,28.85,28.28,3.0,179,0.23584748535156247,True,2026-09-28 15:43:05+00:00,SPY261001C00737000
SPY,2026-09-29,765.61,2026-10-01,C,738.0,27.68,27.86,29.72,2.0,90,0.2304764453125,True,2026-09-28 13:40:28+00:00,SPY261001C00738000
SPY,2026-09-29,765.61,2026-10-01,C,739.0,26.69,26.87,32.4,213.0,83,0.22510540527343748,True,2026-09-25 19:26:55+00:00,SPY261001C00739000
SPY,2026-09-29,765.61,2026-10-01,C,740.0,25.7,25.89,27.08,42.0,180,0.22144333251953124,True,2026-09-28 19:03:57+00:00,SPY261001C00740000
SPY,2026-09-29,765.61,2026-10-01,C,741.0,24.72,24.9,24.72,28.0,192,0.215828154296875,True,2026-09-28 19:41:07+00:00,SPY261001C00741000
SPY,2026-09-29,765.61,2026-10-01,C,742.0,23.74,23.92,25.01,11.0,181,0.21143366699218746,True,2026-09-28 19:04:11+00:00,SPY261001C00742000
SPY,2026-09-29,765.61,2026-10-01,C,743.0,22.76,22.94,24.85,2.0,128,0.2067950415039062,True,2026-09-28 13:37:08+00:00,SPY261001C00743000
SPY,2026-09-29,765.61,2026-10-01,C,744.0,21.78,21.96,23.71,2.0,239,0.20191227783203125,True,2026-09-28 17:48:28+00:00,SPY261001C00744000
SPY,2026-09-29,765.61,2026-10-01,C,745.0,20.81,20.99,22.66,52.0,403,0.19800606689453126,True,2026-09-28 16:42:10+00:00,SPY261001C00745000
SPY,2026-09-29,765.61,2026-10-01,C,746.0,19.84,20.02,19.77,27.0,399,0.19361157958984376,True,2026-09-28 19:40:56+00:00,SPY261001C00746000
SPY,2026-09-29,765.61,2026-10-01,C,747.0,18.88,19.05,24.63,532.0,409,0.18909502319335939,True,2026-09-25 19:13:59+00:00,SPY261001C00747000
SPY,2026-09-29,765.61,2026-10-01,C,748.0,17.93,18.09,17.88,7.0,194,0.18506674316406246,True,2026-09-28 19:40:45+00:00,SPY261001C00748000
SPY,2026-09-29,765.61,2026-10-01,C,749.0,16.98,17.14,18.03,7.0,248,0.18164880859375,True,2026-09-28 19:02:04+00:00,SPY261001C00749000
SPY,2026-09-29,765.61,2026-10-01,C,750.0,16.04,16.2,19.49,36.0,440,0.1783529431152344,True,2026-09-28 16:26:38+00:00,SPY261001C00750000
SPY,2026-09-29,765.61,2026-10-01,C,751.0,15.11,15.26,16.79,165.0,195,0.17456880126953128,True,2026-09-28 18:01:52+00:00,SPY261001C00751000
SPY,2026-09-29,765.61,2026-10-01,C,752.0,14.2,14.34,17.59,9.0,126,0.17163914306640626,True,2026-09-28 15:15:47+00:00,SPY261001C00752000
SPY,2026-09-29,765.61,2026-10-01,C,753.0,13.29,13.42,13.22,112.0,214,0.1680991394042969,True,2026-09-28 16:59:34+00:00,SPY261001C00753000
SPY,2026-09-29,765.61,2026-10-01,C,754.0,12.4,12.52,12.44,38.0,210,0.165047412109375,True,2026-09-28 19:40:00+00:00,SPY261001C00754000
SPY,2026-09-29,765.61,2026-10-01,C,755.0,11.52,11.64,11.8,321.0,482,0.16248396118164063,True,2026-09-28 20:00:28+00:00,SPY261001C00755000
SPY,2026-09-29,765.61,2026-10-01,C,756.0,10.66,10.77,11.09,31.0,274,0.1595543029785156,True,2026-09-28 19:36:09+00:00,SPY261001C00756000
SPY,2026-09-29,765.61,2026-10-01,C,757.0,9.82,9.91,9.86,288.0,254,0.1562584375,True,2026-09-28 19:39:09+00:00,SPY261001C00757000
SPY,2026-09-29,765.61,2026-10-01,C,758.0,8.94,9.07,8.95,109.0,436,0.15302360656738284,True,2026-09-28 16:34:03+00:00,SPY261001C00758000
SPY,2026-09-29,765.61,2026-10-01,C,759.0,8.15,8.26,8.37,135.0,886,0.15027705200195315,True,2026-09-28 19:44:00+00:00,SPY261001C00759000
SPY,2026-09-29,765.61,2026-10-01,C,760.0,7.38,7.48,7.56,421.0,865,0.14771360107421877,True,2026-09-28 20:05:24+00:00,SPY261001C00760000
SPY,2026-09-29,765.61,2026-10-01,C,761.0,6.65,6.73,6.91,124.0,649,0.14527221923828126,True,2026-09-28 19:59:47+00:00,SPY261001C00761000
SPY,2026-09-29,765.61,2026-10-01,C,762.0,5.94,6.01,6.07,202.0,299,0.1427698028564453,True,2026-09-28 19:57:48+00:00,SPY261001C00762000
SPY,2026-09-29,765.61,2026-10-01,C,763.0,5.27,5.33,5.37,465.0,294,0.14057255920410155,True,2026-09-28 20:08:25+00:00,SPY261001C00763000
SPY,2026-09-29,765.61,2026-10-01,C,764.0,4.65,4.69,4.69,1588.0,238,0.1384973846435547,True,2026-09-28 20:14:45+00:00,SPY261001C00764000
SPY,2026-09-29,765.61,2026-10-01,C,765.0,4.06,4.09,4.11,3144.0,685,0.13648324462890626,True,2026-09-28 20:11:49+00:00,SPY261001C00765000
SPY,2026-09-29,765.61,2026-10-01,C,766.0,3.5,3.53,3.52,4451.0,378,0.13434703552246097,False,2026-09-28 20:14:30+00:00,SPY261001C00766000
SPY,2026-09-29,765.61,2026-10-01,C,767.0,3.0,3.03,3.03,3620.0,739,0.13288220642089843,False,2026-09-28 20:14:53+00:00,SPY261001C00767000
SPY,2026-09-29,765.61,2026-10-01,C,768.0,2.54,2.57,2.57,4628.0,786,0.13123427368164062,False,2026-09-28 20:14:53+00:00,SPY261001C00768000
SPY,2026-09-29,765.61,2026-10-01,C,769.0,2.13,2.15,2.16,2928.0,663,0.12946427185058595,False,2026-09-28 20:14:53+00:00,SPY261001C00769000
SPY,2026-09-29,765.61,2026-10-01,C,770.0,1.77,1.79,1.79,8226.0,1022,0.1283046154785156,False,2026-09-28 20:14:53+00:00,SPY261001C00770000
SPY,2026-09-29,765.61,2026-10-01,C,771.0,1.46,1.47,1.45,2401.0,407,0.12702289001464845,False,2026-09-28 20:12:17+00:00,SPY261001C00771000
SPY,2026-09-29,765.61,2026-10-01,C,772.0,1.18,1.2,1.19,2707.0,1408,0.12610737182617188,False,2026-09-28 20:12:40+00:00,SPY261001C00772000
SPY,2026-09-29,765.61,2026-10-01,C,773.0,0.96,0.97,0.98,1066.0,401,0.12537495727539064,False,2026-09-28 20:14:52+00:00,SPY261001C00773000
SPY,2026-09-29,765.61,2026-10-01,C,774.0,0.76,0.77,0.81,1281.0,570,0.12439840454101564,False,2026-09-28 20:10:23+00:00,SPY261001C00774000
SPY,2026-09-29,765.61,2026-10-01,C,775.0,0.61,0.62,0.62,2627.0,1531,0.1245204736328125,False,2026-09-28 20:14:22+00:00,SPY261001C00775000
SPY,2026-09-29,765.61,2026-10-01,C,776.0,0.49,0.5,0.5,1344.0,855,0.12500875,False,2026-09-28 20:13:44+00:00,SPY261001C00776000
SPY,2026-09-29,765.61,2026-10-01,C,777.0,0.38,0.39,0.39,1321.0,1460,0.1245204736328125,False,2026-09-28 20:14:43+00:00,SPY261001C00777000
SPY,2026-09-29,765.61,2026-10-01,C,778.0,0.3,0.31,0.31,767.0,668,0.12500875,False,2026-09-28 20:14:37+00:00,SPY261001C00778000
SPY,2026-09-29,765.61,2026-10-01,C,779.0,0.23,0.24,0.23,1726.0,1212,0.12500875,False,2026-09-28 20:13:39+00:00,SPY261001C00779000
SPY,2026-09-29,765.61,2026-10-01,C,780.0,0.19,0.2,0.19,4224.0,2680,0.12720599365234375,False,2026-09-28 20:14:54+00:00,SPY261001C00780000
SPY,2026-09-29,765.61,2026-10-01,C,781.0,0.15,0.16,0.16,1771.0,1277,0.12842668457031248,False,2026-09-28 20:14:54+00:00,SPY261001C00781000
SPY,2026-09-29,765.61,2026-10-01,C,782.0,0.12,0.13,0.13,13792.0,988,0.129891513671875,False,2026-09-28 20:09:15+00:00,SPY261001C00782000
SPY,2026-09-29,765.61,2026-10-01,C,783.0,0.09,0.1,0.1,753.0,1520,0.13013565185546871,False,2026-09-28 20:12:33+00:00,SPY261001C00783000
SPY,2026-09-29,765.61,2026-10-01,C,784.0,0.08,0.09,0.09,680.0,1740,0.133797724609375,False,2026-09-28 20:09:13+00:00,SPY261001C00784000
SPY,2026-09-29,765.61,2026-10-01,C,785.0,0.06,0.07,0.06,1590.0,1262,0.13477427734375003,False,2026-09-28 20:13:25+00:00,SPY261001C00785000
SPY,2026-09-29,765.61,2026-10-01,C,786.0,0.05,0.06,0.09,210.0,972,0.13721565917968753,False,2026-09-28 18:39:43+00:00,SPY261001C00786000
SPY,2026-09-29,765.61,2026-10-01,C,787.0,0.05,0.06,0.05,696.0,892,0.14258669921875,False,2026-09-28 19:47:32+00:00,SPY261001C00787000
SPY,2026-09-29,765.61,2026-10-01,C,788.0,0.04,0.05,0.05,302.0,423,0.1445398046875,False,2026-09-28 19:59:17+00:00,SPY261001C00788000
SPY,2026-09-29,765.61,2026-10-01,C,789.0,0.04,0.05,0.07,120.0,500,0.15039912109375003,False,2026-09-28 18:08:52+00:00,SPY261001C00789000
SPY,2026-09-29,765.61,2026-10-01,C,790.0,0.03,0.04,0.03,1102.0,676,0.15137567382812503,False,2026-09-28 19:38:37+00:00,SPY261001C00790000
SPY,2026-09-29,765.61,2026-10-01,C,791.0,0.03,0.04,0.04,1573.0,341,0.1562584375,False,2026-09-28 19:22:35+00:00,SPY261001C00791000
SPY,2026-09-29,765.61,2026-10-01,C,792.0,0.03,0.04,0.03,79.0,731,0.161141201171875,False,2026-09-28 19:58:41+00:00,SPY261001C00792000
SPY,2026-09-29,765.61,2026-10-01,C,793.0,0.03,0.04,0.03,90.0,245,0.16700051757812504,False,2026-09-28 19:58:11+00:00,SPY261001C00793000
SPY,2026-09-29,765.61,2026-10-01,C,794.0,0.02,0.03,0.09,229.0,333,0.16602396484375004,False,2026-09-25 18:47:36+00:00,SPY261001C00794000
SPY,2026-09-29,765.61,2026-10-01,C,795.0,0.02,0.03,0.02,57.0,441,0.17090672851562502,False,2026-09-28 16:49:37+00:00,SPY261001C00795000
SPY,2026-09-29,765.61,2026-10-01,C,796.0,0.02,0.03,0.03,19.0,1000,0.1757894921875,False,2026-09-28 19:09:07+00:00,SPY261001C00796000
SPY,2026-09-29,765.61,2026-10-01,C,797.0,0.02,0.03,0.03,15.0,167,0.180672255859375,False,2026-09-28 18:13:57+00:00,SPY261001C00797000
SPY,2026-09-29,765.61,2026-10-01,C,798.0,0.02,0.03,0.02,67.0,243,0.18555501953124998,False,2026-09-28 19:09:29+00:00,SPY261001C00798000
SPY,2026-09-29,765.61,2026-10-01,C,799.0,0.02,0.03,0.06,13.0,174,0.1914143359375,False,2026-09-25 20:00:11+00:00,SPY261001C00799000
SPY,2026-09-29,765.61,2026-10-01,C,800.0,0.02,0.03,0.01,231.0,4500,0.195320546875,False,2026-09-28 19:59:02+00:00,SPY261001C00800000
SPY,2026-09-29,765.61,2026-10-01,C,801.0,0.02,0.03,0.05,45.0,53,0.20117986328124998,False,2026-09-24 19:13:27+00:00,SPY261001C00801000
SPY,2026-09-29,765.61,2026-10-01,C,802.0,0.01,0.02,0.04,12.0,53,0.19727365234375,False,2026-09-25 14:41:22+00:00,SPY261001C00802000
SPY,2026-09-29,765.61,2026-10-01,C,803.0,0.01,0.02,0.03,2.0,89,0.20117986328124998,False,2026-09-25 17:44:37+00:00,SPY261001C00803000
SPY,2026-09-29,765.61,2026-10-01,C,804.0,0.01,0.02,0.02,372.0,133,0.20508607421874997,False,2026-09-28 16:14:40+00:00,SPY261001C00804000
SPY,2026-09-29,765.61,2026-10-01,C,805.0,0.01,0.02,0.02,6.0,31,0.21094539062499998,False,2026-09-28 15:13:13+00:00,SPY261001C00805000
SPY,2026-09-29,765.61,2026-10-01,C,806.0,0.01,0.02,0.04,30.0,30,0.2148516015625,False,2026-09-24 16:36:40+00:00,SPY261001C00806000
SPY,2026-09-29,765.61,2026-10-01,C,807.0,0.01,0.02,0.02,240.0,80,0.21875781249999998,False,2026-09-28 13:32:06+00:00,SPY261001C00807000
SPY,2026-09-29,765.61,2026-10-01,C,808.0,0.01,0.02,0.02,41.0,84,0.22461712890624996,False,2026-09-28 17:20:28+00:00,SPY261001C00808000
SPY,2026-09-29,765.61,2026-10-01,C,809.0,0.01,0.02,0.01,214.0,96,0.22852333984375,False,2026-09-28 15:35:42+00:00,SPY261001C00809000
SPY,2026-09-29,765.61,2026-10-01,C,810.0,0.01,0.02,0.02,11.0,201,0.23438265625,False,2026-09-28 15:36:08+00:00,SPY261001C00810000
SPY,2026-09-29,765.61,2026-10-01,C,815.0,0.01,0.02,0.02,1.0,114,0.25586681640625003,False,2026-09-28 15:36:13+00:00,SPY261001C00815000
SPY,2026-09-29,765.61,2026-10-01,C,820.0,0.01,0.02,0.01,10.0,153,0.27735097656249996,False,2026-09-28 19:08:21+00:00,SPY261001C00820000
SPY,2026-09-29,765.61,2026-10-01,C,825.0,0.01,0.02,0.01,12.0,64,0.3007882421875,False,2026-09-28 16:59:04+00:00,SPY261001C00825000
SPY,2026-09-29,765.61,2026-10-01,C,830.0,0.01,0.02,0.01,40.0,49,0.32227240234374993,False,2026-09-28 16:00:57+00:00,SPY261001C00830000
SPY,2026-09-29,765.61,2026-10-01,C,835.0,0.0,0.01,0.02,20.0,18,0.32031929687499994,False,2026-09-25 17:45:16+00:00,SPY261001C00835000
SPY,2026-09-29,765.61,2026-10-01,C,840.0,0.0,0.01,0.01,1.0,4,0.3437565625,False,2026-09-25 18:49:14+00:00,SPY261001C00840000
SPY,2026-09-29,765.61,2026-10-01,C,845.0,0.0,0.01,0.01,,642,0.35938140625,False,2026-09-24 17:35:56+00:00,SPY261001C00845000
SPY,2026-09-29,765.61,2026-10-01,C,850.0,0.0,0.01,0.02,5.0,6,0.38281867187499996,False,2026-09-25 19:54:51+00:00,SPY261001C00850000
SPY,2026-09-29,765.61,2026-10-01,C,855.0,0.0,0.01,0.01,,1,0.398443515625,False,2026-09-24 13:38:05+00:00,SPY261001C00855000
SPY,2026-09-29,765.61,2026-10-01,C,870.0,0.0,0.01,0.01,,142,0.46094289062500005,False,2026-09-21 19:02:39+00:00,SPY261001C00870000
SPY,2026-09-29,765.61,2026-10-01,C,880.0,0.0,0.01,0.01,,1,0.500005,False,2026-09-22 14:17:54+00:00,SPY261001C00880000
SPY,2026-09-29,765.61,2026-10-01,C,895.0,0.0,0.01,0.01,,5,0.51562984375,False,2026-09-22 18:08:53+00:00,SPY261001C00895000
SPY,2026-09-29,765.61,2026-10-01,C,900.0,0.0,0.01,0.01,1.0,10,0.5312546875,False,2026-09-25 18:05:30+00:00,SPY261001C00900000
SPY,2026-09-29,765.61,2026-10-01,C,920.0,0.0,0.01,0.01,1.0,1,0.6093789062500001,False,2026-09-25 18:04:16+00:00,SPY261001C00920000
SPY,2026-09-29,765.61,2026-10-01,P,550.0,0.0,0.01,0.02,,10,1.0625046875000002,False,2026-09-22 14:12:15+00:00,SPY261001P00550000
SPY,2026-09-29,765.61,2026-10-01,P,555.0,0.0,0.01,0.01,,12,1.0312548437500002,False,2026-09-22 19:25:48+00:00,SPY261001P00555000
SPY,2026-09-29,765.61,2026-10-01,P,565.0,0.0,0.01,0.02,,2033,0.98437515625,False,2026-09-21 17:28:56+00:00,SPY261001P00565000
SPY,2026-09-29,765.61,2026-10-01,P,570.0,0.0,0.01,0.01,240.0,2271,0.9687503125,False,2026-09-24 15:44:16+00:00,SPY261001P00570000
SPY,2026-09-29,765.61,2026-10-01,P,575.0,0.0,0.01,0.03,,5,0.937500625,False,2026-09-21 16:53:40+00:00,SPY261001P00575000
SPY,2026-09-29,765.61,2026-10-01,P,580.0,0.0,0.01,0.01,,315,0.9062509375,False,2026-09-24 15:48:26+00:00,SPY261001P00580000
SPY,2026-09-29,765.61,2026-10-01,P,585.0,0.0,0.01,0.01,,60,0.87500125,False,2026-09-24 19:58:29+00:00,SPY261001P00585000
SPY,2026-09-29,765.61,2026-10-01,P,590.0,0.0,0.01,0.04,1.0,1,0.8437515624999999,False,2026-09-18 15:22:11+00:00,SPY261001P00590000
SPY,2026-09-29,765.61,2026-10-01,P,595.0,0.0,0.01,0.02,,160,0.8281267187499999,False,2026-09-22 18:41:58+00:00,SPY261001P00595000
SPY,2026-09-29,765.61,2026-10-01,P,615.0,0.0,0.01,0.01,20.0,25,0.7187528125,False,2026-09-25 13:49:15+00:00,SPY261001P00615000
SPY,2026-09-29,765.61,2026-10-01,P,620.0,0.0,0.01,0.02,10.0,11,0.70312796875,False,2026-09-25 14:54:23+00:00,SPY261001P00620000
SPY,2026-09-29,765.61,2026-10-01,P,625.0,0.0,0.01,0.01,5.0,5,0.6718782812500002,False,2026-09-25 19:25:36+00:00,SPY261001P00625000
SPY,2026-09-29,765.61,2026-10-01,P,630.0,0.0,0.01,0.01,26.0,25,0.6562534375000001,False,2026-09-25 19:44:49+00:00,SPY261001P00630000
SPY,2026-09-29,765.61,2026-10-01,P,635.0,0.0,0.01,0.01,1.0,2,0.6250037500000001,False,2026-09-25 17:30:58+00:00,SPY261001P00635000
SPY,2026-09-29,765.61,2026-10-01,P,640.0,0.0,0.01,0.01,127.0,28,0.5937540625000001,False,2026-09-28 19:23:54+00:00,SPY261001P00640000
SPY,2026-09-29,765.61,2026-10-01,P,645.0,0.0,0.01,0.01,255.0,48,0.57812921875,False,2026-09-28 13:39:10+00:00,SPY261001P00645000
SPY,2026-09-29,765.61,2026-10-01,P,650.0,0.0,0.01,0.02,12.0,7,0.5468795312500001,False,2026-09-28 13:36:51+00:00,SPY261001P00650000
SPY,2026-09-29,765.61,2026-10-01,P,655.0,0.01,0.02,0.03,,24,0.57812921875,False,2026-09-24 16:27:58+00:00,SPY261001P00655000
SPY,2026-09-29,765.61,2026-10-01,P,660.0,0.01,0.02,0.03,1.0,119,0.5507857421875001,False,2026-09-25 13:30:02+00:00,SPY261001P00660000
SPY,2026-09-29,765.61,2026-10-01,P,665.0,0.01,0.02,0.01,15.0,9076,0.523442265625,False,2026-09-28 19:29:50+00:00,SPY261001P00665000
SPY,2026-09-29,765.61,2026-10-01,P,670.0,0.01,0.02,0.08,,1,0.500005,False,2026-09-21 13:51:37+00:00,SPY261001P00670000
SPY,2026-09-29,765.61,2026-10-01,P,675.0,0.01,0.02,0.09,,1,0.48438015625,False,2026-09-21 13:57:33+00:00,SPY261001P00675000
SPY,2026-09-29,765.61,2026-10-01,P,680.0,0.01,0.02,0.01,28.0,31,0.46094289062500005,False,2026-09-25 19:47:53+00:00,SPY261001P00680000
SPY,2026-09-29,765.61,2026-10-01,P,685.0,0.01,0.02,0.02,91.0,34,0.4335994140625,False,2026-09-28 20:03:36+00:00,SPY261001P00685000
SPY,2026-09-29,765.61,2026-10-01,P,690.0,0.02,0.03,0.03,10.0,31,0.42578699218750005,False,2026-09-28 19:43:12+00:00,SPY261001P00690000
SPY,2026-09-29,765.61,2026-10-01,P,695.0,0.02,0.03,0.03,20.0,216,0.398443515625,False,2026-09-28 16:35:58+00:00,SPY261001P00695000
SPY,2026-09-29,765.61,2026-10-01,P,700.0,0.03,0.04,0.03,388.0,335,0.38281867187499996,False,2026-09-28 19:17:50+00:00,SPY261001P00700000
SPY,2026-09-29,765.61,2026-10-01,P,705.0,0.03,0.04,0.04,2.0,27,0.35547519531249994,False,2026-09-28 19:30:33+00:00,SPY261001P00705000
SPY,2026-09-29,765.61,2026-10-01,P,710.0,0.03,0.04,0.04,151.0,55,0.32813171874999997,False,2026-09-28 19:41:05+00:00,SPY261001P00710000
SPY,2026-09-29,765.61,2026-10-01,P,715.0,0.04,0.05,0.04,35.0,1068,0.3086006640625,False,2026-09-28 18:16:16+00:00,SPY261001P00715000
SPY,2026-09-29,765.61,2026-10-01,P,718.0,0.04,0.05,0.06,1.0,26,0.2929758203124999,False,2026-09-25 20:00:00+00:00,SPY261001P00718000
SPY,2026-09-29,765.61,2026-10-01,P,719.0,0.04,0.05,0.05,90.0,82,0.28711650390624993,False,2026-09-28 19:41:07+00:00,SPY261001P00719000
SPY,2026-09-29,765.61,2026-10-01,P,720.0,0.04,0.05,0.04,1085.0,46,0.28125718749999995,False,2026-09-28 19:25:12+00:00,SPY261001P00720000
SPY,2026-09-29,765.61,2026-10-01,P,721.0,0.04,0.05,0.05,1052.0,244,0.27539787109374997,False,2026-09-28 20:00:39+00:00,SPY261001P00721000
SPY,2026-09-29,765.61,2026-10-01,P,722.0,0.04,0.05,0.22,6.0,110,0.2695385546875,False,2026-09-24 14:51:52+00:00,SPY261001P00722000
SPY,2026-09-29,765.61,2026-10-01,P,723.0,0.05,0.06,0.13,412.0,335,0.270515107421875,False,2026-09-25 14:26:39+00:00,SPY261001P00723000
SPY,2026-09-29,765.61,2026-10-01,P,724.0,0.05,0.06,0.09,23.0,61,0.264655791015625,False,2026-09-28 15:56:17+00:00,SPY261001P00724000
SPY,2026-09-29,765.61,2026-10-01,P,725.0,0.05,0.06,0.06,18.0,632,0.25879647460937505,False,2026-09-28 19:13:01+00:00,SPY261001P00725000
SPY,2026-09-29,765.61,2026-10-01,P,726.0,0.05,0.06,0.06,126.0,190,0.252937158203125,False,2026-09-28 19:59:56+00:00,SPY261001P00726000
SPY,2026-09-29,765.61,2026-10-01,P,727.0,0.05,0.06,0.12,78.0,333,0.247077841796875,False,2026-09-28 14:55:16+00:00,SPY261001P00727000
SPY,2026-09-29,765.61,2026-10-01,P,728.0,0.06,0.07,0.08,1.0,79,0.24658956542968752,False,2026-09-28 13:47:23+00:00,SPY261001P00728000
SPY,2026-09-29,765.61,2026-10-01,P,729.0,0.06,0.07,0.07,13.0,299,0.24073024902343748,False,2026-09-28 18:52:54+00:00,SPY261001P00729000
SPY,2026-09-29,765.61,2026-10-01,P,730.0,0.07,0.08,0.08,328.0,723,0.23926541992187497,False,2026-09-28 20:14:45+00:00,SPY261001P00730000
SPY,2026-09-29,765.61,2026-10-01,P,731.0,0.07,0.08,0.13,183.0,640,0.233406103515625,False,2026-09-28 15:19:45+00:00,SPY261001P00731000
SPY,2026-09-29,765.61,2026-10-01,P,732.0,0.07,0.08,0.09,2.0,176,0.22754678710937498,False,2026-09-28 19:47:28+00:00,SPY261001P00732000
SPY,2026-09-29,765.61,2026-10-01,P,733.0,0.08,0.09,0.1,7.0,307,0.22510540527343748,False,2026-09-28 17:07:10+00:00,SPY261001P00733000
SPY,2026-09-29,765.61,2026-10-01,P,734.0,0.08,0.09,0.08,146.0,252,0.21875781249999998,False,2026-09-28 18:52:54+00:00,SPY261001P00734000
SPY,2026-09-29,765.61,2026-10-01,P,735.0,0.09,0.1,0.1,74.0,969,0.21631643066406248,False,2026-09-28 20:14:05+00:00,SPY261001P00735000
SPY,2026-09-29,765.61,2026-10-01,P,736.0,0.1,0.11,0.1,13.0,416,0.21289849609375,False,2026-09-28 20:13:57+00:00,SPY261001P00736000
SPY,2026-09-29,765.61,2026-10-01,P,737.0,0.1,0.11,0.1,10.0,1060,0.20703917968749996,False,2026-09-28 20:05:45+00:00,SPY261001P00737000
SPY,2026-09-29,765.61,2026-10-01,P,738.0,0.11,0.12,0.12,367.0,441,0.20313296874999998,False,2026-09-28 19:44:54+00:00,SPY261001P00738000
SPY,2026-09-29,765.61,2026-10-01,P,739.0,0.12,0.13,0.14,319.0,543,0.1997150341796875,False,2026-09-28 19:23:54+00:00,SPY261001P00739000
SPY,2026-09-29,765.61,2026-10-01,P,740.0,0.14,0.15,0.13,221.0,882,0.1977619287109375,False,2026-09-28 20:05:02+00:00,SPY261001P00740000
SPY,2026-09-29,765.61,2026-10-01,P,741.0,0.15,0.16,0.14,154.0,2312,0.19336744140625,False,2026-09-28 19:05:37+00:00,SPY261001P00741000
SPY,2026-09-29,765.61,2026-10-01,P,742.0,0.16,0.17,0.19,592.0,698,0.188484677734375,False,2026-09-28 19:56:40+00:00,SPY261001P00742000
SPY,2026-09-29,765.61,2026-10-01,P,743.0,0.19,0.2,0.2,761.0,691,0.187508125,False,2026-09-28 20:12:12+00:00,SPY261001P00743000
SPY,2026-09-29,765.61,2026-10-01,P,744.0,0.21,0.22,0.21,191.0,303,0.18384605224609374,False,2026-09-28 20:05:20+00:00,SPY261001P00744000
SPY,2026-09-29,765.61,2026-10-01,P,745.0,0.24,0.25,0.23,476.0,921,0.18140467041015623,False,2026-09-28 20:05:39+00:00,SPY261001P00745000
SPY,2026-09-29,765.61,2026-10-01,P,746.0,0.27,0.28,0.28,566.0,636,0.1782308740234375,False,2026-09-28 20:14:15+00:00,SPY261001P00746000
SPY,2026-09-29,765.61,2026-10-01,P,747.0,0.3,0.31,0.31,880.0,556,0.17456880126953128,False,2026-09-28 20:14:41+00:00,SPY261001P00747000
SPY,2026-09-29,765.61,2026-10-01,P,748.0,0.35,0.36,0.36,346.0,605,0.17285983398437502,False,2026-09-28 20:14:16+00:00,SPY261001P00748000
SPY,2026-09-29,765.61,2026-10-01,P,749.0,0.4,0.41,0.41,609.0,1174,0.17041845214843754,False,2026-09-28 20:14:54+00:00,SPY261001P00749000
SPY,2026-09-29,765.61,2026-10-01,P,750.0,0.45,0.46,0.46,2749.0,1919,0.1671225866699219,False,2026-09-28 20:14:34+00:00,SPY261001P00750000
SPY,2026-09-29,765.61,2026-10-01,P,751.0,0.51,0.53,0.53,303.0,649,0.165047412109375,False,2026-09-28 20:14:42+00:00,SPY261001P00751000
SPY,2026-09-29,765.61,2026-10-01,P,752.0,0.59,0.6,0.6,3741.0,811,0.16211775390625,False,2026-09-28 20:09:09+00:00,SPY261001P00752000
SPY,2026-09-29,765.61,2026-10-01,P,753.0,0.68,0.69,0.65,512.0,432,0.15992051025390625,False,2026-09-28 20:03:28+00:00,SPY261001P00753000
SPY,2026-09-29,765.61,2026-10-01,P,754.0,0.78,0.8,0.81,831.0,755,0.15821154296875,False,2026-09-28 20:12:48+00:00,SPY261001P00754000
SPY,2026-09-29,765.61,2026-10-01,P,755.0,0.9,0.91,0.9,5005.0,1214,0.15552602294921875,False,2026-09-28 20:14:56+00:00,SPY261001P00755000
SPY,2026-09-29,765.61,2026-10-01,P,756.0,1.03,1.05,1.05,421.0,318,0.15357291748046875,False,2026-09-28 20:14:50+00:00,SPY261001P00756000
SPY,2026-09-29,765.61,2026-10-01,P,757.0,1.18,1.2,1.2,612.0,1152,0.15125360473632815,False,2026-09-28 20:14:41+00:00,SPY261001P00757000
SPY,2026-09-29,765.61,2026-10-01,P,758.0,1.35,1.38,1.38,1277.0,497,0.14930049926757813,False,2026-09-28 20:14:01+00:00,SPY261001P00758000
SPY,2026-09-29,765.61,2026-10-01,P,759.0,1.55,1.58,1.59,529.0,796,0.1471642901611328,False,2026-09-28 20:14:31+00:00,SPY261001P00759000
SPY,2026-09-29,765.61,2026-10-01,P,760.0,1.77,1.8,1.8,1872.0,2413,0.14478394287109375,False,2026-09-28 20:14:09+00:00,SPY261001P00760000
SPY,2026-09-29,765.61,2026-10-01,P,761.0,2.03,2.06,2.01,1362.0,1158,0.14283083740234376,False,2026-09-28 20:10:18+00:00,SPY261001P00761000
SPY,2026-09-29,765.61,2026-10-01,P,762.0,2.31,2.35,2.36,2170.0,289,0.14087773193359376,False,2026-09-28 20:14:20+00:00,SPY261001P00762000
SPY,2026-09-29,765.61,2026-10-01,P,763.0,2.64,2.67,2.64,3169.0,1132,0.13874152282714847,False,2026-09-28 20:14:41+00:00,SPY261001P00763000
SPY,2026-09-29,765.61,2026-10-01,P,764.0,3.0,3.03,3.05,12229.0,636,0.13666634826660157,False,2026-09-28 20:13:04+00:00,SPY261001P00764000
SPY,2026-09-29,765.61,2026-10-01,P,765.0,3.41,3.44,3.41,8294.0,1235,0.13501841552734378,False,2026-09-28 20:14:55+00:00,SPY261001P00765000
SPY,2026-09-29,765.61,2026-10-01,P,766.0,3.86,3.89,3.92,2571.0,895,0.1333094482421875,True,2026-09-28 20:13:01+00:00,SPY261001P00766000
SPY,2026-09-29,765.61,2026-10-01,P,767.0,4.35,4.38,4.27,6262.0,871,0.13147841186523437,True,2026-09-28 20:02:31+00:00,SPY261001P00767000
SPY,2026-09-29,765.61,2026-10-01,P,768.0,4.89,4.95,4.89,10563.0,749,0.13092910095214844,True,2026-09-28 20:11:32+00:00,SPY261001P00768000
SPY,2026-09-29,765.61,2026-10-01,P,769.0,5.48,5.53,5.51,1441.0,500,0.1290980645751953,True,2026-09-28 20:12:00+00:00,SPY261001P00769000
SPY,2026-09-29,765.61,2026-10-01,P,770.0,6.11,6.2,6.14,1058.0,2487,0.12915909912109375,True,2026-09-28 20:11:40+00:00,SPY261001P00770000
SPY,2026-09-29,765.61,2026-10-01,P,771.0,6.79,6.86,6.92,728.0,879,0.12702289001464845,True,2026-09-28 19:57:16+00:00,SPY261001P00771000
SPY,2026-09-29,765.61,2026-10-01,P,772.0,7.52,7.6,7.42,177.0,628,0.12659564819335936,True,2026-09-28 19:36:58+00:00,SPY261001P00772000
SPY,2026-09-29,765.61,2026-10-01,P,773.0,8.29,8.39,8.14,446.0,421,0.12696185546875,True,2026-09-28 20:07:06+00:00,SPY261001P00773000
SPY,2026-09-29,765.61,2026-10-01,P,774.0,9.11,9.22,9.4,333.0,509,0.12781633911132811,True,2026-09-28 19:54:10+00:00,SPY261001P00774000
SPY,2026-09-29,765.61,2026-10-01,P,775.0,9.94,10.08,9.85,133.0,806,0.1289149609375,True,2026-09-28 20:02:47+00:00,SPY261001P00775000
SPY,2026-09-29,765.61,2026-10-01,P,776.0,10.84,10.97,10.51,188.0,209,0.13062392822265623,True,2026-09-28 18:01:30+00:00,SPY261001P00776000
SPY,2026-09-29,765.61,2026-10-01,P,777.0,11.74,11.89,11.73,104.0,188,0.1333094482421875,True,2026-09-28 20:05:38+00:00,SPY261001P00777000
SPY,2026-09-29,765.61,2026-10-01,P,778.0,12.64,12.83,12.61,168.0,204,0.13672738281250002,True,2026-09-28 19:55:54+00:00,SPY261001P00778000
SPY,2026-09-29,765.61,2026-10-01,P,779.0,13.61,13.78,13.56,199.0,385,0.14038945556640625,True,2026-09-28 19:53:39+00:00,SPY261001P00779000
SPY,2026-09-29,765.61,2026-10-01,P,780.0,14.57,14.77,14.91,496.0,252,0.1469811865234375,True,2026-09-28 19:54:10+00:00,SPY261001P00780000
SPY,2026-09-29,765.61,2026-10-01,P,781.0,15.59,15.77,13.29,211.0,255,0.15454947021484378,True,2026-09-28 16:35:08+00:00,SPY261001P00781000
SPY,2026-09-29,765.61,2026-10-01,P,782.0,16.59,16.77,15.24,426.0,56,0.16211775390625,True,2026-09-28 18:30:35+00:00,SPY261001P00782000
SPY,2026-09-29,765.61,2026-10-01,P,783.0,17.59,17.77,18.02,140.0,42,0.1694418994140625,True,2026-09-28 18:38:28+00:00,SPY261001P00783000
SPY,2026-09-29,765.61,2026-10-01,P,784.0,18.59,18.77,17.46,157.0,123,0.176766044921875,True,2026-09-28 19:06:51+00:00,SPY261001P00784000
SPY,2026-09-29,765.61,2026-10-01,P,785.0,19.59,19.77,17.95,81.0,126,0.1840901904296875,True,2026-09-28 18:23:31+00:00,SPY261001P00785000
SPY,2026-09-29,765.61,2026-10-01,P,786.0,20.59,20.77,19.3,45.0,354,0.1914143359375,True,2026-09-28 18:30:38+00:00,SPY261001P00786000
SPY,2026-09-29,765.61,2026-10-01,P,787.0,21.58,21.77,18.8,91.0,242,0.19849434326171872,True,2026-09-28 16:31:38+00:00,SPY261001P00787000
SPY,2026-09-29,765.61,2026-10-01,P,788.0,22.58,22.77,20.75,71.0,46,0.20557435058593748,True,2026-09-28 17:45:30+00:00,SPY261001P00788000
SPY,2026-09-29,765.61,2026-10-01,P,789.0,23.58,23.77,22.1,97.0,59,0.2124102197265625,True,2026-09-28 18:30:50+00:00,SPY261001P00789000
SPY,2026-09-29,765.61,2026-10-01,P,790.0,24.58,24.77,22.78,132.0,115,0.21949022705078125,True,2026-09-28 17:51:01+00:00,SPY261001P00790000
SPY,2026-09-29,765.61,2026-10-01,P,791.0,25.58,25.77,25.08,50.0,51,0.22632609619140626,True,2026-09-28 19:30:27+00:00,SPY261001P00791000
SPY,2026-09-29,765.61,2026-10-01,P,792.0,26.58,26.77,23.72,46.0,4,0.23316196533203126,True,2026-09-28 16:31:09+00:00,SPY261001P00792000
SPY,2026-09-29,765.61,2026-10-01,P,793.0,27.58,27.77,26.16,58.0,1,0.2399978344726562,True,2026-09-28 17:02:05+00:00,SPY261001P00793000
SPY,2026-09-29,765.61,2026-10-01,P,794.0,28.58,28.78,26.05,58.0,0,0.24829853271484376,True,2026-09-28 16:25:03+00:00,SPY261001P00794000
SPY,2026-09-29,765.61,2026-10-01,P,795.0,29.58,29.78,25.73,30.0,0,0.25489026367187506,True,2026-09-28 16:28:15+00:00,SPY261001P00795000
SPY,2026-09-29,765.61,2026-10-01,P,796.0,30.58,30.78,27.33,55.0,0,0.2617261328125,True,2026-09-28 16:31:38+00:00,SPY261001P00796000
SPY,2026-09-29,765.61,2026-10-01,P,797.0,31.58,31.78,28.79,43.0,0,0.2683178637695312,True,2026-09-28 16:32:25+00:00,SPY261001P00797000
SPY,2026-09-29,765.61,2026-10-01,P,798.0,32.58,32.78,29.79,26.0,0,0.2749095947265625,True,2026-09-28 16:23:50+00:00,SPY261001P00798000
SPY,2026-09-29,765.61,2026-10-01,P,799.0,33.58,33.78,32.12,46.0,0,0.2815013256835937,True,2026-09-28 18:54:20+00:00,SPY261001P00799000
SPY,2026-09-29,765.61,2026-10-01,P,800.0,34.58,34.78,32.16,24.0,0,0.2880930566406249,True,2026-09-28 16:25:03+00:00,SPY261001P00800000
SPY,2026-09-29,765.61,2026-10-01,P,801.0,35.58,35.78,31.94,71.0,0,0.2946847875976562,True,2026-09-28 16:27:54+00:00,SPY261001P00801000
SPY,2026-09-29,765.61,2026-10-01,P,802.0,36.58,36.78,35.27,20.0,0,0.3012765185546875,True,2026-09-28 16:48:56+00:00,SPY261001P00802000
SPY,2026-09-29,765.61,2026-10-01,P,803.0,36.88,38.51,35.83,110.0,0,0.3885559191894531,True,2026-09-28 18:08:12+00:00,SPY261001P00803000
SPY,2026-09-29,765.61,2026-10-01,P,804.0,37.88,39.51,37.64,199.0,0,0.39600213378906257,True,2026-09-28 19:09:04+00:00,SPY261001P00804000
SPY,2026-09-29,765.61,2026-10-01,P,805.0,38.88,40.51,39.69,502.0,0,0.40344834838867194,True,2026-09-28 19:41:29+00:00,SPY261001P00805000
SPY,2026-09-29,765.61,2026-10-01,P,806.0,39.88,41.6,40.57,210.0,0,0.418951123046875,True,2026-09-28 19:10:46+00:00,SPY261001P00806000
SPY,2026-09-29,765.61,2026-10-01,P,807.0,40.88,42.59,40.77,30.0,0,0.4255428540039063,True,2026-09-28 19:10:19+00:00,SPY261001P00807000
SPY,2026-09-29,765.61,2026-10-01,P,808.0,41.88,43.53,41.83,134.0,0,0.4274959594726563,True,2026-09-28 19:10:55+00:00,SPY261001P00808000
SPY,2026-09-29,765.61,2026-10-01,P,809.0,42.88,44.51,42.97,108.0,0,0.43286699951171875,True,2026-09-28 19:12:19+00:00,SPY261001P00809000
SPY,2026-09-29,765.61,2026-10-01,P,810.0,43.88,45.51,44.77,136.0,0,0.4401911450195312,True,2026-09-28 19:41:17+00:00,SPY261001P00810000
SPY,2026-09-29,765.61,2026-10-01,P,815.0,48.88,50.51,48.92,230.0,0,0.4758353198242187,True,2026-09-28 19:12:54+00:00,SPY261001P00815000
SPY,2026-09-29,765.61,2026-10-01,P,820.0,53.88,55.51,54.5,52.0,0,0.510869149169922,True,2026-09-28 19:14:17+00:00,SPY261001P00820000
SPY,2026-09-29,765.61,2026-10-01,P,825.0,58.88,60.59,58.99,24.0,0,0.5537154003906251,True,2026-09-28 19:13:17+00:00,SPY261001P00825000
SPY,2026-09-29,765.61,2026-10-01,P,835.0,68.85,70.59,69.18,46.0,0,0.6210975390625001,True,2026-09-28 19:16:05+00:00,SPY261001P00835000
SPY,2026-09-29,765.61,2026-10-01,P,845.0,78.79,80.53,79.08,24.0,0,0.526371923828125,True,2026-09-28 19:18:28+00:00,SPY261001P00845000
SPY,2026-09-29,765.61,2026-10-01,P,850.0,83.82,85.51,83.93,20.0,0,0.5542036767578126,True,2026-09-28 19:19:16+00:00,SPY261001P00850000
SPY,2026-09-29,765.61,2026-10-01,P,860.0,93.79,95.52,94.17,8.0,0,0.6025430371093752,True,2026-09-28 19:21:15+00:00,SPY261001P00860000
SPY,2026-09-29,765.61,2026-10-01,P,865.0,98.79,100.51,99.07,4.0,0,0.6264685791015626,True,2026-09-28 19:21:33+00:00,SPY261001P00865000
SPY,2026-09-29,765.61,2026-10-02,C,500.0,264.93,266.74,261.57,4.0,2,1.640626796875,True,2026-09-18 19:33:19+00:00,SPY261002C00500000
SPY,2026-09-29,765.61,2026-10-02,C,505.0,259.88,261.73,257.92,,0,1.5781271093749998,True,2026-09-01 17:00:31+00:00,SPY261002C00505000
SPY,2026-09-29,765.61,2026-10-02,C,510.0,254.94,256.71,252.94,,0,1.5625021874999998,True,2026-09-01 17:00:31+00:00,SPY261002C00510000
SPY,2026-09-29,765.61,2026-10-02,C,515.0,249.94,251.67,247.95,,0,1.51172119140625,True,2026-09-01 17:00:31+00:00,SPY261002C00515000
SPY,2026-09-29,765.61,2026-10-02,C,520.0,244.93,246.72,245.73,2.0,0,1.4941431542968748,True,2026-09-11 15:23:13+00:00,SPY261002C00520000
SPY,2026-09-29,765.61,2026-10-02,C,580.0,184.98,186.71,185.28,,0,1.1201215869140624,True,2026-09-11 19:42:35+00:00,SPY261002C00580000
SPY,2026-09-29,765.61,2026-10-02,C,585.0,179.97,181.79,178.53,,36,1.1084028955078127,True,2026-09-24 15:40:37+00:00,SPY261002C00585000
SPY,2026-09-29,765.61,2026-10-02,C,590.0,175.0,176.71,171.69,10.0,0,1.0644578027343752,True,2026-09-17 14:30:08+00:00,SPY261002C00590000
SPY,2026-09-29,765.61,2026-10-02,C,595.0,170.0,171.78,170.85,2.0,1,1.0517625537109376,True,2026-09-11 14:00:45+00:00,SPY261002C00595000
SPY,2026-09-29,765.61,2026-10-02,C,600.0,164.95,166.83,167.44,42.0,2,1.0205127099609377,True,2026-09-28 18:47:16+00:00,SPY261002C00600000
SPY,2026-09-29,765.61,2026-10-02,C,605.0,160.0,161.73,162.45,6.0,1,0.9775392871093751,True,2026-09-28 18:47:15+00:00,SPY261002C00605000
SPY,2026-09-29,765.61,2026-10-02,C,610.0,154.99,156.88,157.4,10.0,1,0.9785158398437501,True,2026-09-28 18:47:29+00:00,SPY261002C00610000
SPY,2026-09-29,765.61,2026-10-02,C,615.0,150.0,151.89,153.32,4.0,0,0.9511723632812499,True,2026-09-28 16:56:44+00:00,SPY261002C00615000
SPY,2026-09-29,765.61,2026-10-02,C,620.0,145.02,146.73,147.25,46.0,20,0.8916026464843749,True,2026-09-28 18:49:28+00:00,SPY261002C00620000
SPY,2026-09-29,765.61,2026-10-02,C,625.0,139.98,141.73,142.04,52.0,0,0.852540537109375,True,2026-09-28 19:04:48+00:00,SPY261002C00625000
SPY,2026-09-29,765.61,2026-10-02,C,630.0,135.03,136.83,136.44,72.0,0,0.8535170898437501,True,2026-09-28 19:19:56+00:00,SPY261002C00630000
SPY,2026-09-29,765.61,2026-10-02,C,635.0,130.02,131.9,131.57,41.0,0,0.8339860351562498,True,2026-09-28 19:13:28+00:00,SPY261002C00635000
SPY,2026-09-29,765.61,2026-10-02,C,640.0,125.03,126.76,126.59,56.0,0,0.780275634765625,True,2026-09-28 19:12:02+00:00,SPY261002C00640000
SPY,2026-09-29,765.61,2026-10-02,C,645.0,119.99,121.79,122.64,76.0,0,0.7490259472656251,True,2026-09-28 18:58:49+00:00,SPY261002C00645000
SPY,2026-09-29,765.61,2026-10-02,C,650.0,115.05,116.76,117.09,134.0,28,0.7246121289062499,True,2026-09-28 19:05:31+00:00,SPY261002C00650000
SPY,2026-09-29,765.61,2026-10-02,C,655.0,110.04,111.85,111.11,115.0,5,0.708010732421875,True,2026-09-28 19:51:00+00:00,SPY261002C00655000
SPY,2026-09-29,765.61,2026-10-02,C,660.0,105.05,106.87,106.99,159.0,12,0.6826203613281252,True,2026-09-28 19:01:57+00:00,SPY261002C00660000
SPY,2026-09-29,765.61,2026-10-02,C,665.0,100.06,101.93,101.89,218.0,9,0.6621127539062501,True,2026-09-28 19:09:55+00:00,SPY261002C00665000
SPY,2026-09-29,765.61,2026-10-02,C,670.0,95.1,96.78,96.47,217.0,15,0.6171913281250001,True,2026-09-28 19:14:40+00:00,SPY261002C00670000
SPY,2026-09-29,765.61,2026-10-02,C,675.0,90.1,91.86,92.06,166.0,8,0.5976602734375001,True,2026-09-28 19:03:34+00:00,SPY261002C00675000
SPY,2026-09-29,765.61,2026-10-02,C,680.0,85.27,86.8,87.12,160.0,13,0.5805706005859376,True,2026-09-28 19:04:16+00:00,SPY261002C00680000
SPY,2026-09-29,765.61,2026-10-02,C,685.0,80.11,81.8,81.08,193.0,35,0.5317429638671876,True,2026-09-28 19:43:48+00:00,SPY261002C00685000
SPY,2026-09-29,765.61,2026-10-02,C,690.0,75.12,76.89,76.44,289.0,34,0.5131884619140624,True,2026-09-28 19:14:55+00:00,SPY261002C00690000
SPY,2026-09-29,765.61,2026-10-02,C,695.0,70.13,71.83,72.78,313.0,60,0.5996133789062501,True,2026-09-28 19:05:21+00:00,SPY261002C00695000
SPY,2026-09-29,765.61,2026-10-02,C,700.0,65.32,66.61,65.97,579.0,529,0.540287800292969,True,2026-09-28 19:38:41+00:00,SPY261002C00700000
SPY,2026-09-29,765.61,2026-10-02,C,705.0,60.17,61.86,60.88,743.0,77,0.5317429638671876,True,2026-09-28 19:53:34+00:00,SPY261002C00705000
SPY,2026-09-29,765.61,2026-10-02,C,710.0,55.34,56.71,56.58,354.0,259,0.481450498046875,True,2026-09-28 19:30:23+00:00,SPY261002C00710000
SPY,2026-09-29,765.61,2026-10-02,C,715.0,50.59,51.56,51.08,367.0,243,0.43164630859375,True,2026-09-28 19:54:15+00:00,SPY261002C00715000
SPY,2026-09-29,765.61,2026-10-02,C,720.0,45.88,46.06,45.92,503.0,122,0.3393620751953125,True,2026-09-28 19:57:46+00:00,SPY261002C00720000
SPY,2026-09-29,765.61,2026-10-02,C,721.0,44.88,45.06,45.49,298.0,190,0.33301448242187504,True,2026-09-28 19:16:27+00:00,SPY261002C00721000
SPY,2026-09-29,765.61,2026-10-02,C,722.0,43.89,44.06,43.89,229.0,260,0.32691102783203124,True,2026-09-28 19:39:32+00:00,SPY261002C00722000
SPY,2026-09-29,765.61,2026-10-02,C,723.0,42.89,43.07,42.9,327.0,213,0.3217841259765625,True,2026-09-28 19:57:04+00:00,SPY261002C00723000
SPY,2026-09-29,765.61,2026-10-02,C,724.0,41.89,42.1,42.75,140.0,198,0.31958688232421867,True,2026-09-28 19:13:35+00:00,SPY261002C00724000
SPY,2026-09-29,765.61,2026-10-02,C,725.0,40.9,41.08,40.85,520.0,173,0.31055376953124997,True,2026-09-28 19:56:37+00:00,SPY261002C00725000
SPY,2026-09-29,765.61,2026-10-02,C,726.0,39.9,40.1,40.08,357.0,191,0.30689169677734374,True,2026-09-28 19:59:21+00:00,SPY261002C00726000
SPY,2026-09-29,765.61,2026-10-02,C,727.0,38.91,39.09,38.65,444.0,68,0.2990792749023437,True,2026-09-28 19:39:17+00:00,SPY261002C00727000
SPY,2026-09-29,765.61,2026-10-02,C,728.0,37.92,38.09,37.66,498.0,307,0.29273168212890616,True,2026-09-28 19:56:04+00:00,SPY261002C00728000
SPY,2026-09-29,765.61,2026-10-02,C,729.0,36.92,37.1,37.67,674.0,116,0.2876047802734374,True,2026-09-28 19:21:40+00:00,SPY261002C00729000
SPY,2026-09-29,765.61,2026-10-02,C,730.0,35.93,36.13,36.44,640.0,344,0.2846751220703124,True,2026-09-28 19:58:55+00:00,SPY261002C00730000
SPY,2026-09-29,765.61,2026-10-02,C,731.0,34.94,35.13,35.89,157.0,136,0.27808339111328123,True,2026-09-28 19:10:53+00:00,SPY261002C00731000
SPY,2026-09-29,765.61,2026-10-02,C,732.0,33.95,34.12,34.28,279.0,141,0.270515107421875,True,2026-09-28 19:46:17+00:00,SPY261002C00732000
SPY,2026-09-29,765.61,2026-10-02,C,733.0,32.96,33.13,33.43,162.0,123,0.26489992919921873,True,2026-09-28 19:32:56+00:00,SPY261002C00733000
SPY,2026-09-29,765.61,2026-10-02,C,734.0,31.97,32.16,31.82,290.0,182,0.2616040637207031,True,2026-09-28 19:45:18+00:00,SPY261002C00734000
SPY,2026-09-29,765.61,2026-10-02,C,735.0,30.98,31.15,30.93,538.0,128,0.25391371093750004,True,2026-09-28 19:52:20+00:00,SPY261002C00735000
SPY,2026-09-29,765.61,2026-10-02,C,736.0,30.0,30.17,30.31,244.0,99,0.24927508544921873,True,2026-09-28 19:58:43+00:00,SPY261002C00736000
SPY,2026-09-29,765.61,2026-10-02,C,737.0,29.01,29.19,29.51,250.0,77,0.24451439086914065,True,2026-09-28 19:33:21+00:00,SPY261002C00737000
SPY,2026-09-29,765.61,2026-10-02,C,738.0,28.03,28.22,28.01,297.0,168,0.24048611083984373,True,2026-09-28 19:39:38+00:00,SPY261002C00738000
SPY,2026-09-29,765.61,2026-10-02,C,739.0,27.05,27.24,27.39,476.0,99,0.23548127807617186,True,2026-09-28 19:59:37+00:00,SPY261002C00739000
SPY,2026-09-29,765.61,2026-10-02,C,740.0,26.08,26.25,26.06,824.0,231,0.229499892578125,True,2026-09-28 19:53:40+00:00,SPY261002C00740000
SPY,2026-09-29,765.61,2026-10-02,C,741.0,25.1,25.27,25.49,985.0,66,0.22412885253906245,True,2026-09-28 19:59:21+00:00,SPY261002C00741000
SPY,2026-09-29,765.61,2026-10-02,C,742.0,24.13,24.32,24.46,636.0,50,0.2211991943359375,True,2026-09-28 19:59:09+00:00,SPY261002C00742000
SPY,2026-09-29,765.61,2026-10-02,C,743.0,23.17,23.33,23.47,448.0,194,0.2148516015625,True,2026-09-28 19:59:01+00:00,SPY261002C00743000
SPY,2026-09-29,765.61,2026-10-02,C,744.0,22.21,22.37,21.81,474.0,446,0.21057918334960937,True,2026-09-28 19:58:54+00:00,SPY261002C00744000
SPY,2026-09-29,765.61,2026-10-02,C,745.0,21.26,21.41,21.59,579.0,715,0.20606262695312497,True,2026-09-28 20:00:35+00:00,SPY261002C00745000
SPY,2026-09-29,765.61,2026-10-02,C,746.0,20.31,20.46,20.02,486.0,396,0.20215641601562498,True,2026-09-28 19:58:29+00:00,SPY261002C00746000
SPY,2026-09-29,765.61,2026-10-02,C,747.0,19.37,19.52,19.64,682.0,792,0.19837227416992187,True,2026-09-28 19:59:08+00:00,SPY261002C00747000
SPY,2026-09-29,765.61,2026-10-02,C,748.0,18.44,18.58,18.42,692.0,133,0.19446606323242188,True,2026-09-28 19:58:21+00:00,SPY261002C00748000
SPY,2026-09-29,765.61,2026-10-02,C,749.0,17.51,17.65,17.78,791.0,301,0.19068192138671874,True,2026-09-28 19:58:06+00:00,SPY261002C00749000
SPY,2026-09-29,765.61,2026-10-02,C,750.0,16.6,16.73,16.82,1064.0,2202,0.1871419177246094,True,2026-09-28 19:49:06+00:00,SPY261002C00750000
SPY,2026-09-29,765.61,2026-10-02,C,751.0,15.69,15.82,16.13,968.0,203,0.18360191406249998,True,2026-09-28 19:59:39+00:00,SPY261002C00751000
SPY,2026-09-29,765.61,2026-10-02,C,752.0,14.8,14.92,14.57,473.0,155,0.18024501403808596,True,2026-09-28 19:54:51+00:00,SPY261002C00752000
SPY,2026-09-29,765.61,2026-10-02,C,753.0,13.92,14.04,14.45,627.0,172,0.17731535583496094,True,2026-09-28 19:32:26+00:00,SPY261002C00753000
SPY,2026-09-29,765.61,2026-10-02,C,754.0,13.06,13.16,13.28,830.0,889,0.17383638671875,True,2026-09-28 20:07:42+00:00,SPY261002C00754000
SPY,2026-09-29,765.61,2026-10-02,C,755.0,12.21,12.3,12.2,3105.0,675,0.17072362487792972,True,2026-09-28 19:59:59+00:00,SPY261002C00755000
SPY,2026-09-29,765.61,2026-10-02,C,756.0,11.32,11.46,11.57,1000.0,238,0.16785500122070315,True,2026-09-28 19:44:54+00:00,SPY261002C00756000
SPY,2026-09-29,765.61,2026-10-02,C,757.0,10.56,10.63,10.67,687.0,532,0.16468120483398438,True,2026-09-28 19:51:45+00:00,SPY261002C00757000
SPY,2026-09-29,765.61,2026-10-02,C,758.0,9.72,9.83,9.82,581.0,523,0.16205671936035154,True,2026-09-28 20:14:38+00:00,SPY261002C00758000
SPY,2026-09-29,765.61,2026-10-02,C,759.0,8.96,9.05,9.24,189.0,459,0.1593711993408203,True,2026-09-28 20:02:44+00:00,SPY261002C00759000
SPY,2026-09-29,765.61,2026-10-02,C,760.0,8.21,8.29,8.32,622.0,2564,0.15668567932128907,True,2026-09-28 19:51:33+00:00,SPY261002C00760000
SPY,2026-09-29,765.61,2026-10-02,C,761.0,7.5,7.56,7.7,73.0,905,0.15418326293945314,True,2026-09-28 20:05:10+00:00,SPY261002C00761000
SPY,2026-09-29,765.61,2026-10-02,C,762.0,6.81,6.86,6.9,446.0,1969,0.15180291564941406,True,2026-09-28 20:10:37+00:00,SPY261002C00762000
SPY,2026-09-29,765.61,2026-10-02,C,763.0,6.15,6.2,6.22,614.0,934,0.14978877563476564,True,2026-09-28 20:09:27+00:00,SPY261002C00763000
SPY,2026-09-29,765.61,2026-10-02,C,764.0,5.54,5.56,5.75,2044.0,847,0.147469462890625,True,2026-09-28 20:03:28+00:00,SPY261002C00764000
SPY,2026-09-29,765.61,2026-10-02,C,765.0,4.94,4.96,4.96,10837.0,3583,0.14545532287597657,True,2026-09-28 20:13:49+00:00,SPY261002C00765000
SPY,2026-09-29,765.61,2026-10-02,C,766.0,4.38,4.4,4.41,5905.0,1180,0.143563251953125,False,2026-09-28 20:14:55+00:00,SPY261002C00766000
SPY,2026-09-29,765.61,2026-10-02,C,767.0,3.85,3.87,3.87,7672.0,1805,0.14154911193847658,False,2026-09-28 20:14:08+00:00,SPY261002C00767000
SPY,2026-09-29,765.61,2026-10-02,C,768.0,3.37,3.39,3.39,11157.0,1595,0.14002324829101562,False,2026-09-28 20:14:33+00:00,SPY261002C00768000
SPY,2026-09-29,765.61,2026-10-02,C,769.0,2.93,2.94,2.92,5051.0,1140,0.13825324645996095,False,2026-09-28 20:12:49+00:00,SPY261002C00769000
SPY,2026-09-29,765.61,2026-10-02,C,770.0,2.52,2.54,2.55,15436.0,5429,0.13691048645019532,False,2026-09-28 20:14:44+00:00,SPY261002C00770000
SPY,2026-09-29,765.61,2026-10-02,C,771.0,2.16,2.17,2.16,3697.0,2842,0.13538462280273442,False,2026-09-28 20:14:57+00:00,SPY261002C00771000
SPY,2026-09-29,765.61,2026-10-02,C,772.0,1.84,1.85,1.85,19288.0,14788,0.13428600097656251,False,2026-09-28 20:14:33+00:00,SPY261002C00772000
SPY,2026-09-29,765.61,2026-10-02,C,773.0,1.55,1.56,1.56,4146.0,2743,0.13312634460449219,False,2026-09-28 20:14:48+00:00,SPY261002C00773000
SPY,2026-09-29,765.61,2026-10-02,C,774.0,1.3,1.31,1.31,2983.0,3810,0.13221082641601564,False,2026-09-28 20:14:43+00:00,SPY261002C00774000
SPY,2026-09-29,765.61,2026-10-02,C,775.0,1.08,1.09,1.1,11872.0,8879,0.1313563427734375,False,2026-09-28 20:14:55+00:00,SPY261002C00775000
SPY,2026-09-29,765.61,2026-10-02,C,776.0,0.9,0.91,0.91,1834.0,1727,0.13099013549804686,False,2026-09-28 20:13:32+00:00,SPY261002C00776000
SPY,2026-09-29,765.61,2026-10-02,C,777.0,0.74,0.75,0.76,2674.0,1049,0.13050185913085935,False,2026-09-28 20:13:52+00:00,SPY261002C00777000
SPY,2026-09-29,765.61,2026-10-02,C,778.0,0.61,0.62,0.62,3273.0,1693,0.13037979003906247,False,2026-09-28 20:09:13+00:00,SPY261002C00778000
SPY,2026-09-29,765.61,2026-10-02,C,779.0,0.5,0.51,0.5,2875.0,2048,0.1302577209472656,False,2026-09-28 20:14:24+00:00,SPY261002C00779000
SPY,2026-09-29,765.61,2026-10-02,C,780.0,0.41,0.42,0.42,14744.0,11405,0.13050185913085935,False,2026-09-28 20:14:43+00:00,SPY261002C00780000
SPY,2026-09-29,765.61,2026-10-02,C,781.0,0.34,0.35,0.35,2406.0,4283,0.13123427368164062,False,2026-09-28 20:14:11+00:00,SPY261002C00781000
SPY,2026-09-29,765.61,2026-10-02,C,782.0,0.28,0.29,0.29,2188.0,2356,0.131844619140625,False,2026-09-28 20:14:41+00:00,SPY261002C00782000
SPY,2026-09-29,765.61,2026-10-02,C,783.0,0.23,0.24,0.23,3256.0,2458,0.13257703369140628,False,2026-09-28 20:11:47+00:00,SPY261002C00783000
SPY,2026-09-29,765.61,2026-10-02,C,784.0,0.19,0.2,0.2,1532.0,2508,0.13355358642578125,False,2026-09-28 20:11:34+00:00,SPY261002C00784000
SPY,2026-09-29,765.61,2026-10-02,C,785.0,0.16,0.17,0.16,11644.0,60812,0.13526255371093754,False,2026-09-28 20:14:44+00:00,SPY261002C00785000
SPY,2026-09-29,765.61,2026-10-02,C,786.0,0.13,0.14,0.13,1710.0,2311,0.13599496826171875,False,2026-09-28 20:11:47+00:00,SPY261002C00786000
SPY,2026-09-29,765.61,2026-10-02,C,787.0,0.11,0.12,0.12,2015.0,1415,0.13770393554687502,False,2026-09-28 20:06:03+00:00,SPY261002C00787000
SPY,2026-09-29,765.61,2026-10-02,C,788.0,0.09,0.1,0.1,1333.0,1695,0.13868048828125001,False,2026-09-28 20:08:51+00:00,SPY261002C00788000
SPY,2026-09-29,765.61,2026-10-02,C,789.0,0.08,0.09,0.08,1118.0,2330,0.141610146484375,False,2026-09-28 20:14:49+00:00,SPY261002C00789000
SPY,2026-09-29,765.61,2026-10-02,C,790.0,0.07,0.08,0.07,2898.0,8407,0.14405152832031248,False,2026-09-28 20:09:08+00:00,SPY261002C00790000
SPY,2026-09-29,765.61,2026-10-02,C,791.0,0.06,0.07,0.07,460.0,2460,0.14600463378906248,False,2026-09-28 19:47:03+00:00,SPY261002C00791000
SPY,2026-09-29,765.61,2026-10-02,C,792.0,0.05,0.06,0.06,273.0,1567,0.147469462890625,False,2026-09-28 20:02:02+00:00,SPY261002C00792000
SPY,2026-09-29,765.61,2026-10-02,C,793.0,0.05,0.06,0.06,253.0,1306,0.15235222656250003,False,2026-09-28 19:45:49+00:00,SPY261002C00793000
SPY,2026-09-29,765.61,2026-10-02,C,794.0,0.05,0.06,0.05,741.0,1380,0.157234990234375,False,2026-09-28 19:59:07+00:00,SPY261002C00794000
SPY,2026-09-29,765.61,2026-10-02,C,795.0,0.04,0.05,0.04,307.0,6607,0.15821154296875,False,2026-09-28 19:57:00+00:00,SPY261002C00795000
SPY,2026-09-29,765.61,2026-10-02,C,796.0,0.04,0.05,0.05,30.0,866,0.16211775390625,False,2026-09-28 18:29:56+00:00,SPY261002C00796000
SPY,2026-09-29,765.61,2026-10-02,C,797.0,0.04,0.05,0.04,109.0,2432,0.16700051757812504,False,2026-09-28 19:53:12+00:00,SPY261002C00797000
SPY,2026-09-29,765.61,2026-10-02,C,798.0,0.03,0.04,0.04,23.0,889,0.16700051757812504,False,2026-09-28 17:42:33+00:00,SPY261002C00798000
SPY,2026-09-29,765.61,2026-10-02,C,799.0,0.03,0.04,0.05,1938.0,2080,0.17090672851562502,False,2026-09-28 18:21:36+00:00,SPY261002C00799000
SPY,2026-09-29,765.61,2026-10-02,C,800.0,0.03,0.04,0.04,2161.0,5105,0.1757894921875,False,2026-09-28 20:05:11+00:00,SPY261002C00800000
SPY,2026-09-29,765.61,2026-10-02,C,801.0,0.03,0.04,0.03,37.0,1032,0.179695703125,False,2026-09-28 19:57:19+00:00,SPY261002C00801000
SPY,2026-09-29,765.61,2026-10-02,C,802.0,0.03,0.04,0.03,393.0,165,0.18360191406249998,False,2026-09-28 19:24:56+00:00,SPY261002C00802000
SPY,2026-09-29,765.61,2026-10-02,C,803.0,0.03,0.04,0.03,711.0,335,0.188484677734375,False,2026-09-28 19:25:53+00:00,SPY261002C00803000
SPY,2026-09-29,765.61,2026-10-02,C,804.0,0.02,0.03,0.03,101.0,458,0.186531572265625,False,2026-09-28 15:21:46+00:00,SPY261002C00804000
SPY,2026-09-29,765.61,2026-10-02,C,805.0,0.02,0.03,0.03,520.0,901,0.19043778320312502,False,2026-09-28 19:08:55+00:00,SPY261002C00805000
SPY,2026-09-29,765.61,2026-10-02,C,806.0,0.02,0.03,0.03,385.0,1153,0.195320546875,False,2026-09-28 16:17:12+00:00,SPY261002C00806000
SPY,2026-09-29,765.61,2026-10-02,C,807.0,0.02,0.03,0.02,480.0,724,0.1992267578125,False,2026-09-28 14:12:46+00:00,SPY261002C00807000
SPY,2026-09-29,765.61,2026-10-02,C,808.0,0.02,0.03,0.02,9.0,563,0.20313296874999998,False,2026-09-25 19:59:57+00:00,SPY261002C00808000
SPY,2026-09-29,765.61,2026-10-02,C,809.0,0.02,0.03,0.03,853.0,393,0.20703917968749996,False,2026-09-28 19:10:34+00:00,SPY261002C00809000
SPY,2026-09-29,765.61,2026-10-02,C,810.0,0.02,0.03,0.02,2976.0,1004,0.21094539062499998,False,2026-09-28 19:47:54+00:00,SPY261002C00810000
SPY,2026-09-29,765.61,2026-10-02,C,811.0,0.02,0.03,0.02,1492.0,869,0.2148516015625,False,2026-09-28 14:51:17+00:00,SPY261002C00811000
SPY,2026-09-29,765.61,2026-10-02,C,812.0,0.02,0.03,0.02,977.0,788,0.21875781249999998,False,2026-09-28 19:40:00+00:00,SPY261002C00812000
SPY,2026-09-29,765.61,2026-10-02,C,813.0,0.02,0.03,0.02,4328.0,235,0.22364057617187497,False,2026-09-28 19:39:35+00:00,SPY261002C00813000
SPY,2026-09-29,765.61,2026-10-02,C,814.0,0.01,0.02,0.02,5117.0,451,0.21875781249999998,False,2026-09-28 19:01:04+00:00,SPY261002C00814000
SPY,2026-09-29,765.61,2026-10-02,C,815.0,0.01,0.02,0.02,1200.0,1789,0.22266402343749997,False,2026-09-28 18:31:48+00:00,SPY261002C00815000
SPY,2026-09-29,765.61,2026-10-02,C,816.0,0.01,0.02,0.02,2416.0,1053,0.22657023437499998,False,2026-09-28 14:02:06+00:00,SPY261002C00816000
SPY,2026-09-29,765.61,2026-10-02,C,817.0,0.01,0.02,0.02,970.0,6002,0.2304764453125,False,2026-09-28 18:03:57+00:00,SPY261002C00817000
SPY,2026-09-29,765.61,2026-10-02,C,818.0,0.01,0.02,0.04,6817.0,6338,0.23438265625,False,2026-09-25 19:33:12+00:00,SPY261002C00818000
SPY,2026-09-29,765.61,2026-10-02,C,819.0,0.01,0.02,0.02,13.0,81,0.23828886718749998,False,2026-09-28 16:28:57+00:00,SPY261002C00819000
SPY,2026-09-29,765.61,2026-10-02,C,820.0,0.01,0.02,0.03,50.0,329,0.242195078125,False,2026-09-25 19:38:20+00:00,SPY261002C00820000
SPY,2026-09-29,765.61,2026-10-02,C,821.0,0.01,0.02,0.03,898.0,864,0.2461012890625,False,2026-09-25 19:38:12+00:00,SPY261002C00821000
SPY,2026-09-29,765.61,2026-10-02,C,822.0,0.01,0.02,0.03,830.0,880,0.2500075,False,2026-09-25 19:50:13+00:00,SPY261002C00822000
SPY,2026-09-29,765.61,2026-10-02,C,823.0,0.01,0.02,0.03,736.0,921,0.25391371093750004,False,2026-09-25 19:51:20+00:00,SPY261002C00823000
SPY,2026-09-29,765.61,2026-10-02,C,824.0,0.01,0.02,0.02,1634.0,1673,0.25586681640625003,False,2026-09-25 19:38:53+00:00,SPY261002C00824000
SPY,2026-09-29,765.61,2026-10-02,C,825.0,0.01,0.02,0.02,2.0,2605,0.25977302734375,False,2026-09-28 14:32:30+00:00,SPY261002C00825000
SPY,2026-09-29,765.61,2026-10-02,C,830.0,0.01,0.02,0.01,10.0,896,0.27930408203124996,False,2026-09-28 14:31:02+00:00,SPY261002C00830000
SPY,2026-09-29,765.61,2026-10-02,C,835.0,0.01,0.02,0.01,12.0,551,0.29688203124999996,False,2026-09-28 14:10:53+00:00,SPY261002C00835000
SPY,2026-09-29,765.61,2026-10-02,C,840.0,0.01,0.02,0.01,111.0,1143,0.31641308593749995,False,2026-09-28 18:08:13+00:00,SPY261002C00840000
SPY,2026-09-29,765.61,2026-10-02,C,845.0,0.01,0.02,0.01,1.0,214,0.33399103515625,False,2026-09-28 16:10:55+00:00,SPY261002C00845000
SPY,2026-09-29,765.61,2026-10-02,C,850.0,0.0,0.01,0.01,5.0,1127,0.32813171874999997,False,2026-09-28 20:06:47+00:00,SPY261002C00850000
SPY,2026-09-29,765.61,2026-10-02,C,855.0,0.0,0.01,0.02,2.0,70,0.34766277343749996,False,2026-09-25 18:31:10+00:00,SPY261002C00855000
SPY,2026-09-29,765.61,2026-10-02,C,860.0,0.0,0.01,0.01,135.0,309,0.367193828125,False,2026-09-25 19:51:36+00:00,SPY261002C00860000
SPY,2026-09-29,765.61,2026-10-02,C,865.0,0.0,0.01,0.01,141.0,268,0.38281867187499996,False,2026-09-25 20:10:27+00:00,SPY261002C00865000
SPY,2026-09-29,765.61,2026-10-02,C,870.0,0.0,0.01,0.01,2.0,79,0.398443515625,False,2026-09-28 20:00:47+00:00,SPY261002C00870000
SPY,2026-09-29,765.61,2026-10-02,C,875.0,0.0,0.01,0.01,3.0,25,0.414068359375,False,2026-09-21 18:22:45+00:00,SPY261002C00875000
SPY,2026-09-29,765.61,2026-10-02,C,880.0,0.0,0.01,0.01,1.0,14,0.42969320312500003,False,2026-09-22 13:45:03+00:00,SPY261002C00880000
SPY,2026-09-29,765.61,2026-10-02,C,890.0,0.0,0.01,0.01,10.0,13,0.46094289062500005,False,2026-09-04 18:02:41+00:00,SPY261002C00890000
SPY,2026-09-29,765.61,2026-10-02,C,895.0,0.0,0.01,0.01,1.0,2,0.476567734375,False,2026-09-25 19:12:50+00:00,SPY261002C00895000
SPY,2026-09-29,765.61,2026-10-02,C,900.0,0.0,0.01,0.01,5.0,7,0.49219257812500006,False,2026-09-10 13:31:08+00:00,SPY261002C00900000
SPY,2026-09-29,765.61,2026-10-02,C,905.0,0.0,0.01,0.01,3.0,3,0.507817421875,False,2026-08-31 15:05:27+00:00,SPY261002C00905000
SPY,2026-09-29,765.61,2026-10-02,C,910.0,0.0,0.0,0.01,155.0,0,0.2500075,False,2026-09-28 13:38:25+00:00,SPY261002C00910000
SPY,2026-09-29,765.61,2026-10-02,C,915.0,0.0,0.01,0.01,1.0,451,0.51562984375,False,2026-09-25 19:23:41+00:00,SPY261002C00915000
SPY,2026-09-29,765.61,2026-10-02,C,920.0,0.0,0.01,0.01,540.0,659,0.5312546875,False,2026-09-03 16:30:10+00:00,SPY261002C00920000
SPY,2026-09-29,765.61,2026-10-02,C,925.0,0.0,0.01,0.01,,320,0.5312546875,False,2026-09-03 16:30:06+00:00,SPY261002C00925000
SPY,2026-09-29,765.61,2026-10-02,C,930.0,0.0,0.01,0.01,1.0,10,0.5468795312500001,False,2026-09-18 18:43:50+00:00,SPY261002C00930000
SPY,2026-09-29,765.61,2026-10-02,P,500.0,0.0,0.01,0.01,7.0,1076,1.1875040625,False,2026-09-25 19:30:58+00:00,SPY261002P00500000
SPY,2026-09-29,765.61,2026-10-02,P,505.0,0.0,0.01,0.01,1.0,18,1.15625421875,False,2026-09-25 17:30:42+00:00,SPY261002P00505000
SPY,2026-09-29,765.61,2026-10-02,P,510.0,0.0,0.01,0.01,31.0,273,1.125004375,False,2026-09-22 16:32:49+00:00,SPY261002P00510000
SPY,2026-09-29,765.61,2026-10-02,P,515.0,0.0,0.01,0.01,27.0,214,1.09375453125,False,2026-09-25 17:56:34+00:00,SPY261002P00515000
SPY,2026-09-29,765.61,2026-10-02,P,520.0,0.0,0.01,0.01,2.0,260,1.0625046875000002,False,2026-09-25 17:30:17+00:00,SPY261002P00520000
SPY,2026-09-29,765.61,2026-10-02,P,525.0,0.0,0.01,0.01,16.0,395,1.0312548437500002,False,2026-09-28 17:38:56+00:00,SPY261002P00525000
SPY,2026-09-29,765.61,2026-10-02,P,530.0,0.0,0.01,0.01,3.0,85,1.0312548437500002,False,2026-09-25 17:30:02+00:00,SPY261002P00530000
SPY,2026-09-29,765.61,2026-10-02,P,535.0,0.0,0.01,0.01,2.0,198,0.98437515625,False,2026-09-25 17:29:48+00:00,SPY261002P00535000
SPY,2026-09-29,765.61,2026-10-02,P,540.0,0.0,0.01,0.01,16.0,351,0.9687503125,False,2026-09-28 17:40:07+00:00,SPY261002P00540000
SPY,2026-09-29,765.61,2026-10-02,P,545.0,0.0,0.01,0.01,32.0,105,0.937500625,False,2026-09-28 17:39:42+00:00,SPY261002P00545000
SPY,2026-09-29,765.61,2026-10-02,P,550.0,0.0,0.01,0.01,1.0,340,0.92187578125,False,2026-09-25 15:32:17+00:00,SPY261002P00550000
SPY,2026-09-29,765.61,2026-10-02,P,555.0,0.0,0.01,0.03,6.0,5124,0.9062509375,False,2026-09-21 16:54:00+00:00,SPY261002P00555000
SPY,2026-09-29,765.61,2026-10-02,P,560.0,0.0,0.01,0.01,10.0,10799,0.87500125,False,2026-09-28 17:39:16+00:00,SPY261002P00560000
SPY,2026-09-29,765.61,2026-10-02,P,565.0,0.0,0.01,0.01,80.0,277,0.8437515624999999,False,2026-09-25 14:52:29+00:00,SPY261002P00565000
SPY,2026-09-29,765.61,2026-10-02,P,570.0,0.0,0.01,0.01,1020.0,1485,0.8281267187499999,False,2026-09-25 15:02:27+00:00,SPY261002P00570000
SPY,2026-09-29,765.61,2026-10-02,P,575.0,0.0,0.01,0.01,32.0,1371,0.8125018749999999,False,2026-09-25 16:26:47+00:00,SPY261002P00575000
SPY,2026-09-29,765.61,2026-10-02,P,580.0,0.0,0.01,0.01,100.0,1206,0.7812521875,False,2026-09-25 16:57:50+00:00,SPY261002P00580000
SPY,2026-09-29,765.61,2026-10-02,P,585.0,0.0,0.01,0.01,2.0,50,0.7500025,False,2026-09-25 19:26:07+00:00,SPY261002P00585000
SPY,2026-09-29,765.61,2026-10-02,P,590.0,0.0,0.01,0.01,4.0,227,0.73437765625,False,2026-09-25 18:17:29+00:00,SPY261002P00590000
SPY,2026-09-29,765.61,2026-10-02,P,595.0,0.0,0.01,0.01,12.0,30311,0.7187528125,False,2026-09-28 13:54:27+00:00,SPY261002P00595000
SPY,2026-09-29,765.61,2026-10-02,P,600.0,0.0,0.01,0.01,724.0,6368,0.6875031250000001,False,2026-09-28 15:54:03+00:00,SPY261002P00600000
SPY,2026-09-29,765.61,2026-10-02,P,605.0,0.0,0.01,0.01,3667.0,325,0.6718782812500002,False,2026-09-28 16:03:16+00:00,SPY261002P00605000
SPY,2026-09-29,765.61,2026-10-02,P,610.0,0.0,0.01,0.01,2358.0,701,0.6562534375000001,False,2026-09-28 16:07:54+00:00,SPY261002P00610000
SPY,2026-09-29,765.61,2026-10-02,P,615.0,0.0,0.01,0.01,722.0,336,0.6250037500000001,False,2026-09-28 17:40:46+00:00,SPY261002P00615000
SPY,2026-09-29,765.61,2026-10-02,P,620.0,0.0,0.01,0.01,2016.0,504,0.6093789062500001,False,2026-09-28 19:59:42+00:00,SPY261002P00620000
SPY,2026-09-29,765.61,2026-10-02,P,625.0,0.0,0.01,0.01,595.0,479,0.57812921875,False,2026-09-28 19:38:06+00:00,SPY261002P00625000
SPY,2026-09-29,765.61,2026-10-02,P,630.0,0.01,0.02,0.01,10.0,1359,0.6132851171875001,False,2026-09-28 17:41:12+00:00,SPY261002P00630000
SPY,2026-09-29,765.61,2026-10-02,P,635.0,0.01,0.02,0.02,117.0,911,0.5898478515625001,False,2026-09-25 19:26:08+00:00,SPY261002P00635000
SPY,2026-09-29,765.61,2026-10-02,P,640.0,0.01,0.02,0.02,6.0,425,0.570316796875,False,2026-09-28 18:50:59+00:00,SPY261002P00640000
SPY,2026-09-29,765.61,2026-10-02,P,645.0,0.01,0.02,0.02,104.0,681,0.5468795312500001,False,2026-09-25 14:47:38+00:00,SPY261002P00645000
SPY,2026-09-29,765.61,2026-10-02,P,650.0,0.01,0.02,0.01,24.0,2557,0.523442265625,False,2026-09-28 19:41:03+00:00,SPY261002P00650000
SPY,2026-09-29,765.61,2026-10-02,P,655.0,0.01,0.02,0.02,37.0,319,0.500005,False,2026-09-28 19:17:43+00:00,SPY261002P00655000
SPY,2026-09-29,765.61,2026-10-02,P,660.0,0.01,0.02,0.02,48.0,1270,0.48828636718750007,False,2026-09-28 19:57:46+00:00,SPY261002P00660000
SPY,2026-09-29,765.61,2026-10-02,P,665.0,0.01,0.02,0.02,112.0,566,0.4687553125,False,2026-09-28 20:07:49+00:00,SPY261002P00665000
SPY,2026-09-29,765.61,2026-10-02,P,670.0,0.02,0.03,0.03,74.0,7687,0.46094289062500005,False,2026-09-28 19:58:01+00:00,SPY261002P00670000
SPY,2026-09-29,765.61,2026-10-02,P,675.0,0.02,0.03,0.03,38.0,5119,0.437505625,False,2026-09-28 19:57:54+00:00,SPY261002P00675000
SPY,2026-09-29,765.61,2026-10-02,P,680.0,0.03,0.04,0.04,243.0,5478,0.42774009765625004,False,2026-09-28 20:07:53+00:00,SPY261002P00680000
SPY,2026-09-29,765.61,2026-10-02,P,685.0,0.03,0.04,0.03,57.0,569,0.4023497265625,False,2026-09-28 20:14:14+00:00,SPY261002P00685000
SPY,2026-09-29,765.61,2026-10-02,P,690.0,0.03,0.04,0.04,236.0,1599,0.3789124609375,False,2026-09-28 19:32:55+00:00,SPY261002P00690000
SPY,2026-09-29,765.61,2026-10-02,P,695.0,0.03,0.04,0.04,293.0,3801,0.35547519531249994,False,2026-09-28 20:07:45+00:00,SPY261002P00695000
SPY,2026-09-29,765.61,2026-10-02,P,700.0,0.04,0.05,0.04,688.0,10453,0.3398503515625,False,2026-09-28 20:13:38+00:00,SPY261002P00700000
SPY,2026-09-29,765.61,2026-10-02,P,705.0,0.05,0.06,0.06,195.0,2004,0.3232489550781249,False,2026-09-28 19:49:17+00:00,SPY261002P00705000
SPY,2026-09-29,765.61,2026-10-02,P,710.0,0.05,0.06,0.05,250.0,5290,0.29883513671874995,False,2026-09-28 20:14:21+00:00,SPY261002P00710000
SPY,2026-09-29,765.61,2026-10-02,P,715.0,0.06,0.07,0.08,164.0,4104,0.27930408203124996,False,2026-09-28 19:59:06+00:00,SPY261002P00715000
SPY,2026-09-29,765.61,2026-10-02,P,720.0,0.08,0.09,0.09,274.0,3380,0.26270268554687504,False,2026-09-28 19:54:12+00:00,SPY261002P00720000
SPY,2026-09-29,765.61,2026-10-02,P,721.0,0.08,0.09,0.09,57.0,1765,0.2573316455078125,False,2026-09-28 19:45:22+00:00,SPY261002P00721000
SPY,2026-09-29,765.61,2026-10-02,P,722.0,0.08,0.09,0.09,79.0,844,0.25196060546875,False,2026-09-28 19:59:38+00:00,SPY261002P00722000
SPY,2026-09-29,765.61,2026-10-02,P,723.0,0.08,0.09,0.09,211.0,2648,0.247077841796875,False,2026-09-28 19:59:38+00:00,SPY261002P00723000
SPY,2026-09-29,765.61,2026-10-02,P,724.0,0.08,0.09,0.12,55.0,2038,0.2417068017578125,False,2026-09-28 16:17:03+00:00,SPY261002P00724000
SPY,2026-09-29,765.61,2026-10-02,P,725.0,0.09,0.1,0.1,700.0,3187,0.24024197265624997,False,2026-09-28 20:03:54+00:00,SPY261002P00725000
SPY,2026-09-29,765.61,2026-10-02,P,726.0,0.09,0.1,0.1,49.0,558,0.2348709326171875,False,2026-09-28 19:35:03+00:00,SPY261002P00726000
SPY,2026-09-29,765.61,2026-10-02,P,727.0,0.1,0.11,0.1,174.0,1456,0.23242955078125,False,2026-09-28 20:14:24+00:00,SPY261002P00727000
SPY,2026-09-29,765.61,2026-10-02,P,728.0,0.1,0.11,0.12,40.0,504,0.22754678710937498,False,2026-09-28 17:17:40+00:00,SPY261002P00728000
SPY,2026-09-29,765.61,2026-10-02,P,729.0,0.11,0.12,0.11,352.0,1554,0.22510540527343748,False,2026-09-28 19:00:41+00:00,SPY261002P00729000
SPY,2026-09-29,765.61,2026-10-02,P,730.0,0.12,0.13,0.13,61462.0,7691,0.22217574707031246,False,2026-09-28 20:14:52+00:00,SPY261002P00730000
SPY,2026-09-29,765.61,2026-10-02,P,731.0,0.12,0.13,0.12,161.0,1388,0.21680470703125,False,2026-09-28 20:10:45+00:00,SPY261002P00731000
SPY,2026-09-29,765.61,2026-10-02,P,732.0,0.13,0.14,0.11,37.0,1909,0.213875048828125,False,2026-09-28 18:57:40+00:00,SPY261002P00732000
SPY,2026-09-29,765.61,2026-10-02,P,733.0,0.14,0.15,0.13,67.0,1022,0.2104571142578125,False,2026-09-28 18:38:10+00:00,SPY261002P00733000
SPY,2026-09-29,765.61,2026-10-02,P,734.0,0.15,0.16,0.16,43.0,709,0.20703917968749996,False,2026-09-28 20:12:28+00:00,SPY261002P00734000
SPY,2026-09-29,765.61,2026-10-02,P,735.0,0.16,0.17,0.17,849.0,3493,0.2036212451171875,False,2026-09-28 20:06:28+00:00,SPY261002P00735000
SPY,2026-09-29,765.61,2026-10-02,P,736.0,0.18,0.19,0.18,1998.0,629,0.2016681396484375,False,2026-09-28 20:11:07+00:00,SPY261002P00736000
SPY,2026-09-29,765.61,2026-10-02,P,737.0,0.19,0.2,0.2,450.0,1148,0.1977619287109375,False,2026-09-28 20:11:31+00:00,SPY261002P00737000
SPY,2026-09-29,765.61,2026-10-02,P,738.0,0.21,0.22,0.22,642.0,1271,0.19507640869140624,False,2026-09-28 20:14:03+00:00,SPY261002P00738000
SPY,2026-09-29,765.61,2026-10-02,P,739.0,0.23,0.24,0.24,968.0,1212,0.19214675048828128,False,2026-09-28 19:48:13+00:00,SPY261002P00739000
SPY,2026-09-29,765.61,2026-10-02,P,740.0,0.25,0.26,0.25,8321.0,7059,0.1889729541015625,False,2026-09-28 20:10:03+00:00,SPY261002P00740000
SPY,2026-09-29,765.61,2026-10-02,P,741.0,0.28,0.29,0.29,918.0,3870,0.1870198486328125,False,2026-09-28 19:56:26+00:00,SPY261002P00741000
SPY,2026-09-29,765.61,2026-10-02,P,742.0,0.31,0.32,0.3,1657.0,4851,0.18433432861328125,False,2026-09-28 20:11:31+00:00,SPY261002P00742000
SPY,2026-09-29,765.61,2026-10-02,P,743.0,0.34,0.35,0.34,2377.0,1740,0.18140467041015623,False,2026-09-28 20:14:24+00:00,SPY261002P00743000
SPY,2026-09-29,765.61,2026-10-02,P,744.0,0.38,0.39,0.38,16459.0,15725,0.17920742675781248,False,2026-09-28 19:57:20+00:00,SPY261002P00744000
SPY,2026-09-29,765.61,2026-10-02,P,745.0,0.42,0.43,0.42,64866.0,7078,0.1763998376464844,False,2026-09-28 20:14:36+00:00,SPY261002P00745000
SPY,2026-09-29,765.61,2026-10-02,P,746.0,0.47,0.48,0.46,3904.0,7257,0.17408052490234377,False,2026-09-28 20:05:48+00:00,SPY261002P00746000
SPY,2026-09-29,765.61,2026-10-02,P,747.0,0.53,0.54,0.53,1751.0,13732,0.17224948852539065,False,2026-09-28 20:09:01+00:00,SPY261002P00747000
SPY,2026-09-29,765.61,2026-10-02,P,748.0,0.59,0.6,0.58,2423.0,2605,0.16968603759765627,False,2026-09-28 20:10:32+00:00,SPY261002P00748000
SPY,2026-09-29,765.61,2026-10-02,P,749.0,0.66,0.67,0.66,1772.0,2428,0.16748879394531252,False,2026-09-28 20:10:32+00:00,SPY261002P00749000
SPY,2026-09-29,765.61,2026-10-02,P,750.0,0.74,0.75,0.76,9065.0,16008,0.16529155029296877,False,2026-09-28 20:14:14+00:00,SPY261002P00750000
SPY,2026-09-29,765.61,2026-10-02,P,751.0,0.83,0.84,0.84,1384.0,1487,0.16309430664062502,False,2026-09-28 20:09:20+00:00,SPY261002P00751000
SPY,2026-09-29,765.61,2026-10-02,P,752.0,0.93,0.95,0.94,1842.0,1968,0.1615074084472656,False,2026-09-28 20:14:53+00:00,SPY261002P00752000
SPY,2026-09-29,765.61,2026-10-02,P,753.0,1.05,1.06,1.08,2931.0,3628,0.159188095703125,False,2026-09-28 20:12:47+00:00,SPY261002P00753000
SPY,2026-09-29,765.61,2026-10-02,P,754.0,1.18,1.2,1.22,1947.0,1841,0.15760119750976562,False,2026-09-28 20:12:59+00:00,SPY261002P00754000
SPY,2026-09-29,765.61,2026-10-02,P,755.0,1.33,1.34,1.34,11892.0,5904,0.15534291931152344,False,2026-09-28 20:14:57+00:00,SPY261002P00755000
SPY,2026-09-29,765.61,2026-10-02,P,756.0,1.49,1.51,1.51,2185.0,2391,0.15369498657226563,False,2026-09-28 20:14:04+00:00,SPY261002P00756000
SPY,2026-09-29,765.61,2026-10-02,P,757.0,1.67,1.69,1.72,3466.0,4376,0.15161981201171876,False,2026-09-28 20:13:01+00:00,SPY261002P00757000
SPY,2026-09-29,765.61,2026-10-02,P,758.0,1.88,1.9,1.9,3952.0,5026,0.14991084472656252,False,2026-09-28 20:14:04+00:00,SPY261002P00758000
SPY,2026-09-29,765.61,2026-10-02,P,759.0,2.1,2.13,2.11,3670.0,2157,0.14814084289550783,False,2026-09-28 20:14:53+00:00,SPY261002P00759000
SPY,2026-09-29,765.61,2026-10-02,P,760.0,2.36,2.38,2.35,11319.0,10159,0.14618773742675778,False,2026-09-28 20:14:54+00:00,SPY261002P00760000
SPY,2026-09-29,765.61,2026-10-02,P,761.0,2.63,2.66,2.65,3385.0,1434,0.14441773559570312,False,2026-09-28 20:14:45+00:00,SPY261002P00761000
SPY,2026-09-29,765.61,2026-10-02,P,762.0,2.94,2.97,2.95,3566.0,2761,0.14258669921875,False,2026-09-28 20:14:43+00:00,SPY261002P00762000
SPY,2026-09-29,765.61,2026-10-02,P,763.0,3.28,3.31,3.28,2976.0,3196,0.1408166973876953,False,2026-09-28 20:14:52+00:00,SPY261002P00763000
SPY,2026-09-29,765.61,2026-10-02,P,764.0,3.65,3.68,3.65,4590.0,2526,0.13898566101074222,False,2026-09-28 20:14:52+00:00,SPY261002P00764000
SPY,2026-09-29,765.61,2026-10-02,P,765.0,4.06,4.09,4.09,11194.0,14051,0.1373377282714844,False,2026-09-28 20:14:27+00:00,SPY261002P00765000
SPY,2026-09-29,765.61,2026-10-02,P,766.0,4.5,4.53,4.5,5067.0,1666,0.13544565734863284,True,2026-09-28 20:14:56+00:00,SPY261002P00766000
SPY,2026-09-29,765.61,2026-10-02,P,767.0,4.99,5.02,5.02,10805.0,3573,0.13404186279296876,True,2026-09-28 20:13:49+00:00,SPY261002P00767000
SPY,2026-09-29,765.61,2026-10-02,P,768.0,5.5,5.54,5.53,4562.0,3224,0.13233289550781252,True,2026-09-28 20:14:44+00:00,SPY261002P00768000
SPY,2026-09-29,765.61,2026-10-02,P,769.0,6.07,6.11,6.09,2711.0,1734,0.1310511700439453,True,2026-09-28 20:11:43+00:00,SPY261002P00769000
SPY,2026-09-29,765.61,2026-10-02,P,770.0,6.67,6.72,6.69,2704.0,4340,0.12983047912597656,True,2026-09-28 20:14:04+00:00,SPY261002P00770000
SPY,2026-09-29,765.61,2026-10-02,P,771.0,7.31,7.39,7.34,890.0,1655,0.12934220275878905,True,2026-09-28 20:11:41+00:00,SPY261002P00771000
SPY,2026-09-29,765.61,2026-10-02,P,772.0,7.99,8.09,7.86,429.0,1599,0.1287318572998047,True,2026-09-28 20:01:28+00:00,SPY261002P00772000
SPY,2026-09-29,765.61,2026-10-02,P,773.0,8.71,8.79,8.7,675.0,1447,0.1267787518310547,True,2026-09-28 19:59:20+00:00,SPY261002P00773000
SPY,2026-09-29,765.61,2026-10-02,P,774.0,9.47,9.56,9.45,590.0,1400,0.12622944091796873,True,2026-09-28 20:06:14+00:00,SPY261002P00774000
SPY,2026-09-29,765.61,2026-10-02,P,775.0,10.26,10.37,10.39,983.0,1377,0.12622944091796873,True,2026-09-28 20:13:43+00:00,SPY261002P00775000
SPY,2026-09-29,765.61,2026-10-02,P,776.0,11.09,11.21,10.88,1103.0,862,0.12647357910156248,True,2026-09-28 20:07:37+00:00,SPY261002P00776000
SPY,2026-09-29,765.61,2026-10-02,P,777.0,11.96,12.08,11.71,861.0,384,0.12708392456054687,True,2026-09-28 19:30:49+00:00,SPY261002P00777000
SPY,2026-09-29,765.61,2026-10-02,P,778.0,12.85,12.98,12.75,991.0,334,0.12854875366210936,True,2026-09-28 19:43:31+00:00,SPY261002P00778000
SPY,2026-09-29,765.61,2026-10-02,P,779.0,13.73,13.9,14.22,779.0,283,0.13037979003906247,True,2026-09-28 19:54:39+00:00,SPY261002P00779000
SPY,2026-09-29,765.61,2026-10-02,P,780.0,14.69,14.83,15.15,1365.0,588,0.13208875732421876,True,2026-09-28 19:50:03+00:00,SPY261002P00780000
SPY,2026-09-29,765.61,2026-10-02,P,781.0,15.61,15.79,15.67,970.0,145,0.13562876098632815,True,2026-09-28 19:57:56+00:00,SPY261002P00781000
SPY,2026-09-29,765.61,2026-10-02,P,782.0,16.61,16.76,16.92,853.0,164,0.13953497192382813,True,2026-09-28 19:54:26+00:00,SPY261002P00782000
SPY,2026-09-29,765.61,2026-10-02,P,783.0,17.6,17.76,17.97,711.0,92,0.14600463378906248,True,2026-09-28 19:55:02+00:00,SPY261002P00783000
SPY,2026-09-29,765.61,2026-10-02,P,784.0,18.6,18.76,18.37,438.0,111,0.15223015747070315,True,2026-09-28 19:58:55+00:00,SPY261002P00784000
SPY,2026-09-29,765.61,2026-10-02,P,785.0,19.59,19.76,19.53,513.0,90,0.15845568115234376,True,2026-09-28 19:58:31+00:00,SPY261002P00785000
SPY,2026-09-29,765.61,2026-10-02,P,786.0,20.59,20.76,20.05,419.0,39,0.16480327392578126,True,2026-09-28 19:29:46+00:00,SPY261002P00786000
SPY,2026-09-29,765.61,2026-10-02,P,787.0,21.59,21.77,21.46,855.0,65,0.17188328125000002,True,2026-09-28 19:59:12+00:00,SPY261002P00787000
SPY,2026-09-29,765.61,2026-10-02,P,788.0,22.59,22.77,22.09,280.0,53,0.17798673583984376,True,2026-09-28 19:21:21+00:00,SPY261002P00788000
SPY,2026-09-29,765.61,2026-10-02,P,789.0,23.6,23.77,23.41,284.0,79,0.1840901904296875,True,2026-09-28 20:06:29+00:00,SPY261002P00789000
SPY,2026-09-29,765.61,2026-10-02,P,790.0,24.59,24.77,24.74,183.0,49,0.1901936450195313,True,2026-09-28 19:53:33+00:00,SPY261002P00790000
SPY,2026-09-29,765.61,2026-10-02,P,791.0,25.59,25.77,24.96,144.0,21,0.19605296142578127,True,2026-09-28 19:28:19+00:00,SPY261002P00791000
SPY,2026-09-29,765.61,2026-10-02,P,792.0,26.59,26.77,26.69,577.0,16,0.20215641601562498,True,2026-09-28 19:39:02+00:00,SPY261002P00792000
SPY,2026-09-29,765.61,2026-10-02,P,793.0,27.59,27.77,26.94,154.0,11,0.20801573242187496,True,2026-09-28 19:13:00+00:00,SPY261002P00793000
SPY,2026-09-29,765.61,2026-10-02,P,794.0,28.59,28.77,27.55,142.0,8,0.213875048828125,True,2026-09-28 19:02:46+00:00,SPY261002P00794000
SPY,2026-09-29,765.61,2026-10-02,P,795.0,29.59,29.77,29.45,455.0,9,0.21973436523437498,True,2026-09-28 19:38:20+00:00,SPY261002P00795000
SPY,2026-09-29,765.61,2026-10-02,P,796.0,30.59,30.77,30.54,146.0,0,0.22534954345703123,True,2026-09-28 19:38:37+00:00,SPY261002P00796000
SPY,2026-09-29,765.61,2026-10-02,P,797.0,30.68,32.5,32.14,345.0,0,0.29614961669921874,True,2026-09-28 19:54:52+00:00,SPY261002P00797000
SPY,2026-09-29,765.61,2026-10-02,P,798.0,31.68,33.51,31.04,324.0,0,0.3034737622070312,True,2026-09-28 18:48:10+00:00,SPY261002P00798000
SPY,2026-09-29,765.61,2026-10-02,P,799.0,32.68,34.61,33.63,334.0,1,0.31726756958007807,True,2026-09-28 19:44:09+00:00,SPY261002P00799000
SPY,2026-09-29,765.61,2026-10-02,P,800.0,33.78,35.51,34.42,410.0,6,0.31690136230468746,True,2026-09-28 19:59:24+00:00,SPY261002P00800000
SPY,2026-09-29,765.61,2026-10-02,P,801.0,34.77,36.51,35.87,377.0,1,0.32349309326171866,True,2026-09-28 19:40:57+00:00,SPY261002P00801000
SPY,2026-09-29,765.61,2026-10-02,P,802.0,35.68,37.51,35.13,124.0,0,0.32996275512695306,True,2026-09-28 18:35:32+00:00,SPY261002P00802000
SPY,2026-09-29,765.61,2026-10-02,P,803.0,36.77,38.51,37.78,342.0,0,0.3364324169921875,True,2026-09-28 19:53:56+00:00,SPY261002P00803000
SPY,2026-09-29,765.61,2026-10-02,P,804.0,37.77,39.5,36.78,84.0,0,0.3421696643066406,True,2026-09-28 18:08:33+00:00,SPY261002P00804000
SPY,2026-09-29,765.61,2026-10-02,P,805.0,38.77,40.51,39.84,300.0,0,0.3493717407226562,True,2026-09-28 19:39:47+00:00,SPY261002P00805000
SPY,2026-09-29,765.61,2026-10-02,P,806.0,39.71,41.51,38.91,138.0,0,0.35584140258789054,True,2026-09-28 17:42:46+00:00,SPY261002P00806000
SPY,2026-09-29,765.61,2026-10-02,P,807.0,40.71,42.51,41.9,64.0,0,0.3621889953613281,True,2026-09-28 19:31:14+00:00,SPY261002P00807000
SPY,2026-09-29,765.61,2026-10-02,P,808.0,41.68,43.51,42.57,18.0,0,0.36853658813476564,True,2026-09-28 19:48:24+00:00,SPY261002P00808000
SPY,2026-09-29,765.61,2026-10-02,P,809.0,42.77,44.51,42.68,46.0,0,0.3748841809082031,True,2026-09-28 19:45:59+00:00,SPY261002P00809000
SPY,2026-09-29,765.61,2026-10-02,P,810.0,43.71,45.51,44.27,30.0,1,0.3811097045898437,True,2026-09-28 19:31:10+00:00,SPY261002P00810000
SPY,2026-09-29,765.61,2026-10-02,P,811.0,44.71,46.51,45.03,38.0,0,0.3874572973632812,True,2026-09-28 19:24:11+00:00,SPY261002P00811000
SPY,2026-09-29,765.61,2026-10-02,P,812.0,45.68,47.5,44.69,18.0,0,0.39282833740234374,True,2026-09-28 18:09:58+00:00,SPY261002P00812000
SPY,2026-09-29,765.61,2026-10-02,P,813.0,46.71,48.51,44.94,12.0,0,0.39990834472656256,True,2026-09-28 16:55:35+00:00,SPY261002P00813000
SPY,2026-09-29,765.61,2026-10-02,P,814.0,47.68,49.51,46.97,12.0,0,0.40601179931640624,True,2026-09-28 17:27:26+00:00,SPY261002P00814000
SPY,2026-09-29,765.61,2026-10-02,P,815.0,48.75,50.51,48.06,4.0,0,0.41211525390625,True,2026-09-28 17:27:41+00:00,SPY261002P00815000
SPY,2026-09-29,765.61,2026-10-02,P,816.0,49.71,51.5,50.81,24.0,0,0.41736422485351554,True,2026-09-28 19:40:37+00:00,SPY261002P00816000
SPY,2026-09-29,765.61,2026-10-02,P,817.0,50.78,52.5,49.96,12.0,0,0.4234676794433594,True,2026-09-28 16:53:25+00:00,SPY261002P00817000
SPY,2026-09-29,765.61,2026-10-02,P,822.0,55.71,57.51,54.24,14.0,0,0.45435115966796874,True,2026-09-28 16:48:50+00:00,SPY261002P00822000
SPY,2026-09-29,765.61,2026-10-02,P,823.0,56.71,58.5,55.94,4.0,0,0.4594780615234375,True,2026-09-28 16:42:29+00:00,SPY261002P00823000
SPY,2026-09-29,765.61,2026-10-02,P,824.0,57.77,59.5,56.66,24.0,0,0.46533737792968755,True,2026-09-28 17:31:14+00:00,SPY261002P00824000
SPY,2026-09-29,765.61,2026-10-02,P,825.0,58.71,60.51,58.18,76.0,1,0.4721732470703125,True,2026-09-28 16:48:32+00:00,SPY261002P00825000
SPY,2026-09-29,765.61,2026-10-02,P,830.0,63.71,65.5,61.99,170.0,0,0.5002491381835938,True,2026-09-28 17:28:55+00:00,SPY261002P00830000
SPY,2026-09-29,765.61,2026-10-02,P,835.0,68.71,70.5,67.96,20.0,0,0.5288133056640626,True,2026-09-28 16:46:25+00:00,SPY261002P00835000
SPY,2026-09-29,765.61,2026-10-02,P,840.0,73.71,75.61,72.88,20.0,0,0.56836369140625,True,2026-09-28 16:46:28+00:00,SPY261002P00840000
SPY,2026-09-29,765.61,2026-10-02,P,855.0,88.71,90.51,87.8,6.0,0,0.639652041015625,True,2026-09-28 17:26:33+00:00,SPY261002P00855000
SPY,2026-09-29,765.61,2026-10-05,C,595.0,170.05,171.93,173.93,2.0,0,0.8281267187499999,True,2026-09-25 14:55:46+00:00,SPY261005C00595000
SPY,2026-09-29,765.61,2026-10-05,C,680.0,85.16,86.95,86.74,200.0,4,0.5437057348632813,True,2026-09-28 19:27:45+00:00,SPY261005C00680000
SPY,2026-09-29,765.61,2026-10-05,C,685.0,80.17,82.0,81.94,132.0,3,0.5208788146972656,True,2026-09-28 18:32:28+00:00,SPY261005C00685000
SPY,2026-09-29,765.61,2026-10-05,C,690.0,75.19,77.07,76.78,208.0,4,0.49927258544921876,True,2026-09-28 19:25:10+00:00,SPY261005C00690000
SPY,2026-09-29,765.61,2026-10-05,C,695.0,70.19,72.04,70.58,170.0,6,0.46960979614257814,True,2026-09-28 19:34:44+00:00,SPY261005C00695000
SPY,2026-09-29,765.61,2026-10-05,C,700.0,65.19,66.93,67.33,268.0,7,0.43408769042968753,True,2026-09-28 19:03:52+00:00,SPY261005C00700000
SPY,2026-09-29,765.61,2026-10-05,C,705.0,60.22,61.94,61.14,434.0,3,0.40772076660156253,True,2026-09-28 19:43:14+00:00,SPY261005C00705000
SPY,2026-09-29,765.61,2026-10-05,C,710.0,55.22,57.05,55.95,349.0,5,0.3878235046386719,True,2026-09-28 19:39:41+00:00,SPY261005C00710000
SPY,2026-09-29,765.61,2026-10-05,C,720.0,45.27,47.11,45.72,380.0,1,0.3355779333496094,True,2026-09-28 19:55:53+00:00,SPY261005C00720000
SPY,2026-09-29,765.61,2026-10-05,C,725.0,40.31,42.07,41.78,230.0,0,0.3048165222167969,True,2026-09-28 19:35:30+00:00,SPY261005C00725000
SPY,2026-09-29,765.61,2026-10-05,C,727.0,38.33,40.12,39.42,394.0,1,0.2960275476074219,True,2026-09-28 19:47:25+00:00,SPY261005C00727000
SPY,2026-09-29,765.61,2026-10-05,C,728.0,37.32,39.2,38.51,258.0,8,0.2945016839599609,True,2026-09-28 19:47:48+00:00,SPY261005C00728000
SPY,2026-09-29,765.61,2026-10-05,C,729.0,36.35,38.19,37.35,266.0,3,0.28815409118652335,True,2026-09-28 19:43:46+00:00,SPY261005C00729000
SPY,2026-09-29,765.61,2026-10-05,C,730.0,35.37,37.23,36.31,266.0,5,0.2843089147949218,True,2026-09-28 19:58:00+00:00,SPY261005C00730000
SPY,2026-09-29,765.61,2026-10-05,C,733.0,32.4,34.25,34.09,264.0,1,0.2675244146728516,True,2026-09-28 19:25:50+00:00,SPY261005C00733000
SPY,2026-09-29,765.61,2026-10-05,C,734.0,31.42,33.2,32.64,258.0,9,0.25916268188476566,True,2026-09-28 19:31:20+00:00,SPY261005C00734000
SPY,2026-09-29,765.61,2026-10-05,C,735.0,30.44,32.2,31.11,336.0,4,0.25318129638671877,True,2026-09-28 19:56:24+00:00,SPY261005C00735000
SPY,2026-09-29,765.61,2026-10-05,C,736.0,29.46,31.21,30.29,306.0,23,0.24768818725585937,True,2026-09-28 19:49:57+00:00,SPY261005C00736000
SPY,2026-09-29,765.61,2026-10-05,C,737.0,28.48,30.37,29.24,474.0,20,0.24890887817382812,True,2026-09-28 19:52:13+00:00,SPY261005C00737000
SPY,2026-09-29,765.61,2026-10-05,C,739.0,26.54,28.29,27.3,349.0,8,0.23303989624023438,True,2026-09-28 19:51:01+00:00,SPY261005C00739000
SPY,2026-09-29,765.61,2026-10-05,C,740.0,25.55,27.35,26.38,702.0,11,0.229499892578125,True,2026-09-28 20:09:48+00:00,SPY261005C00740000
SPY,2026-09-29,765.61,2026-10-05,C,742.0,23.64,25.42,24.74,642.0,31,0.21985643432617186,True,2026-09-28 19:46:16+00:00,SPY261005C00742000
SPY,2026-09-29,765.61,2026-10-05,C,743.0,22.65,24.47,22.9,656.0,11,0.21546194702148438,True,2026-09-28 19:59:54+00:00,SPY261005C00743000
SPY,2026-09-29,765.61,2026-10-05,C,744.0,21.79,23.53,22.7,560.0,15,0.211372632446289,True,2026-09-28 19:57:58+00:00,SPY261005C00744000
SPY,2026-09-29,765.61,2026-10-05,C,745.0,20.85,21.94,21.02,655.0,17,0.1810384631347656,True,2026-09-28 19:56:19+00:00,SPY261005C00745000
SPY,2026-09-29,765.61,2026-10-05,C,746.0,20.43,21.23,20.53,693.0,6,0.18677571044921876,True,2026-09-28 19:26:41+00:00,SPY261005C00746000
SPY,2026-09-29,765.61,2026-10-05,C,747.0,19.6,20.02,19.89,523.0,8,0.1720053503417969,True,2026-09-28 19:43:59+00:00,SPY261005C00747000
SPY,2026-09-29,765.61,2026-10-05,C,748.0,18.66,19.09,18.88,465.0,15,0.16846534667968754,True,2026-09-28 19:42:33+00:00,SPY261005C00748000
SPY,2026-09-29,765.61,2026-10-05,C,749.0,17.81,18.17,18.29,737.0,26,0.1651694812011719,True,2026-09-28 19:46:25+00:00,SPY261005C00749000
SPY,2026-09-29,765.61,2026-10-05,C,750.0,16.87,17.25,17.38,440.0,7,0.16156844299316403,True,2026-09-28 19:46:08+00:00,SPY261005C00750000
SPY,2026-09-29,765.61,2026-10-05,C,751.0,15.99,16.37,16.34,1362.0,39,0.15912706115722658,True,2026-09-28 19:59:58+00:00,SPY261005C00751000
SPY,2026-09-29,765.61,2026-10-05,C,752.0,15.12,15.48,15.33,306.0,8,0.15601429931640626,True,2026-09-28 19:53:53+00:00,SPY261005C00752000
SPY,2026-09-29,765.61,2026-10-05,C,753.0,14.26,14.62,14.8,292.0,61,0.1536339520263672,True,2026-09-28 19:36:33+00:00,SPY261005C00753000
SPY,2026-09-29,765.61,2026-10-05,C,754.0,13.44,13.74,13.8,728.0,5,0.15021601745605473,True,2026-09-28 19:37:13+00:00,SPY261005C00754000
SPY,2026-09-29,765.61,2026-10-05,C,755.0,12.61,12.94,12.87,820.0,45,0.14887325744628904,True,2026-09-28 19:42:42+00:00,SPY261005C00755000
SPY,2026-09-29,765.61,2026-10-05,C,756.0,11.81,12.13,11.94,575.0,48,0.1467980828857422,True,2026-09-28 19:57:48+00:00,SPY261005C00756000
SPY,2026-09-29,765.61,2026-10-05,C,757.0,11.02,11.3,11.3,405.0,15,0.14368532104492188,True,2026-09-28 20:06:03+00:00,SPY261005C00757000
SPY,2026-09-29,765.61,2026-10-05,C,758.0,10.25,10.52,10.66,1070.0,20,0.14154911193847658,True,2026-09-28 20:04:54+00:00,SPY261005C00758000
SPY,2026-09-29,765.61,2026-10-05,C,759.0,9.51,9.78,9.74,327.0,109,0.1399622137451172,True,2026-09-28 19:42:10+00:00,SPY261005C00759000
SPY,2026-09-29,765.61,2026-10-05,C,760.0,8.78,9.0,8.89,1023.0,218,0.13678841735839847,True,2026-09-28 20:13:59+00:00,SPY261005C00760000
SPY,2026-09-29,765.61,2026-10-05,C,761.0,8.07,8.28,8.17,974.0,14,0.13465220825195315,True,2026-09-28 19:56:28+00:00,SPY261005C00761000
SPY,2026-09-29,765.61,2026-10-05,C,762.0,7.39,7.59,7.67,445.0,114,0.13269910278320313,True,2026-09-28 20:02:15+00:00,SPY261005C00762000
SPY,2026-09-29,765.61,2026-10-05,C,763.0,6.74,6.93,6.85,385.0,45,0.13086806640624998,True,2026-09-28 19:53:01+00:00,SPY261005C00763000
SPY,2026-09-29,765.61,2026-10-05,C,764.0,6.17,6.23,6.27,1130.0,132,0.1274501318359375,True,2026-09-28 20:05:45+00:00,SPY261005C00764000
SPY,2026-09-29,765.61,2026-10-05,C,765.0,5.57,5.59,5.59,4930.0,457,0.12482564636230468,True,2026-09-28 20:13:46+00:00,SPY261005C00765000
SPY,2026-09-29,765.61,2026-10-05,C,766.0,5.0,5.02,5.01,1962.0,268,0.12317771362304689,False,2026-09-28 20:14:23+00:00,SPY261005C00766000
SPY,2026-09-29,765.61,2026-10-05,C,767.0,4.46,4.49,4.5,2267.0,234,0.12177391906738282,False,2026-09-28 20:09:36+00:00,SPY261005C00767000
SPY,2026-09-29,765.61,2026-10-05,C,768.0,3.96,3.98,3.96,1815.0,517,0.12003443450927734,False,2026-09-28 20:14:32+00:00,SPY261005C00768000
SPY,2026-09-29,765.61,2026-10-05,C,769.0,3.49,3.52,3.51,948.0,602,0.11875270904541015,False,2026-09-28 20:14:32+00:00,SPY261005C00769000
SPY,2026-09-29,765.61,2026-10-05,C,770.0,3.07,3.09,3.1,4064.0,446,0.11737943176269532,False,2026-09-28 20:14:50+00:00,SPY261005C00770000
SPY,2026-09-29,765.61,2026-10-05,C,771.0,2.68,2.7,2.72,1187.0,993,0.116219775390625,False,2026-09-28 20:10:44+00:00,SPY261005C00771000
SPY,2026-09-29,765.61,2026-10-05,C,772.0,2.32,2.34,2.34,758.0,255,0.11499908447265625,False,2026-09-28 20:14:04+00:00,SPY261005C00772000
SPY,2026-09-29,765.61,2026-10-05,C,773.0,2.0,2.02,2.13,1020.0,262,0.11396149719238281,False,2026-09-28 20:04:56+00:00,SPY261005C00773000
SPY,2026-09-29,765.61,2026-10-05,C,774.0,1.71,1.73,1.73,604.0,368,0.11292390991210938,False,2026-09-28 20:13:55+00:00,SPY261005C00774000
SPY,2026-09-29,765.61,2026-10-05,C,775.0,1.46,1.48,1.47,1179.0,1505,0.11225252990722655,False,2026-09-28 20:13:19+00:00,SPY261005C00775000
SPY,2026-09-29,765.61,2026-10-05,C,776.0,1.24,1.25,1.3,353.0,247,0.11127597717285155,False,2026-09-28 20:06:16+00:00,SPY261005C00776000
SPY,2026-09-29,765.61,2026-10-05,C,777.0,1.05,1.06,1.06,779.0,242,0.11084873535156249,False,2026-09-28 20:10:53+00:00,SPY261005C00777000
SPY,2026-09-29,765.61,2026-10-05,C,778.0,0.88,0.89,0.89,481.0,633,0.11023838989257811,False,2026-09-28 20:09:23+00:00,SPY261005C00778000
SPY,2026-09-29,765.61,2026-10-05,C,779.0,0.74,0.75,0.75,660.0,215,0.11011632080078124,False,2026-09-28 20:12:18+00:00,SPY261005C00779000
SPY,2026-09-29,765.61,2026-10-05,C,780.0,0.61,0.62,0.62,2319.0,1260,0.10950597534179687,False,2026-09-28 20:14:47+00:00,SPY261005C00780000
SPY,2026-09-29,765.61,2026-10-05,C,781.0,0.51,0.52,0.56,633.0,337,0.10950597534179687,False,2026-09-28 19:58:41+00:00,SPY261005C00781000
SPY,2026-09-29,765.61,2026-10-05,C,782.0,0.43,0.44,0.47,601.0,296,0.1098721826171875,False,2026-09-28 19:58:30+00:00,SPY261005C00782000
SPY,2026-09-29,765.61,2026-10-05,C,783.0,0.35,0.36,0.36,201.0,247,0.10950597534179687,False,2026-09-28 20:13:35+00:00,SPY261005C00783000
SPY,2026-09-29,765.61,2026-10-05,C,784.0,0.3,0.31,0.3,457.0,317,0.11060459716796875,False,2026-09-28 20:13:35+00:00,SPY261005C00784000
SPY,2026-09-29,765.61,2026-10-05,C,785.0,0.25,0.26,0.27,1313.0,823,0.11109287353515623,False,2026-09-28 20:07:14+00:00,SPY261005C00785000
SPY,2026-09-29,765.61,2026-10-05,C,786.0,0.2,0.21,0.22,614.0,476,0.11060459716796875,False,2026-09-28 20:00:18+00:00,SPY261005C00786000
SPY,2026-09-29,765.61,2026-10-05,C,787.0,0.17,0.18,0.19,2652.0,364,0.11182528808593749,False,2026-09-28 19:58:06+00:00,SPY261005C00787000
SPY,2026-09-29,765.61,2026-10-05,C,788.0,0.15,0.16,0.16,2662.0,551,0.11353425537109374,False,2026-09-28 20:14:15+00:00,SPY261005C00788000
SPY,2026-09-29,765.61,2026-10-05,C,789.0,0.12,0.13,0.16,544.0,278,0.11353425537109374,False,2026-09-28 19:06:15+00:00,SPY261005C00789000
SPY,2026-09-29,765.61,2026-10-05,C,790.0,0.11,0.12,0.11,351.0,992,0.11597563720703125,False,2026-09-28 19:58:30+00:00,SPY261005C00790000
SPY,2026-09-29,765.61,2026-10-05,C,791.0,0.09,0.1,0.09,352.0,556,0.11646391357421876,False,2026-09-28 19:58:41+00:00,SPY261005C00791000
SPY,2026-09-29,765.61,2026-10-05,C,792.0,0.07,0.08,0.08,69.0,154,0.116219775390625,False,2026-09-28 20:06:37+00:00,SPY261005C00792000
SPY,2026-09-29,765.61,2026-10-05,C,793.0,0.06,0.07,0.08,167.0,333,0.1176846044921875,False,2026-09-28 19:25:31+00:00,SPY261005C00793000
SPY,2026-09-29,765.61,2026-10-05,C,794.0,0.06,0.07,0.07,119.0,202,0.1211025390625,False,2026-09-28 20:12:44+00:00,SPY261005C00794000
SPY,2026-09-29,765.61,2026-10-05,C,795.0,0.05,0.06,0.06,366.0,968,0.12207909179687501,False,2026-09-28 20:00:24+00:00,SPY261005C00795000
SPY,2026-09-29,765.61,2026-10-05,C,796.0,0.05,0.06,0.06,46.0,678,0.125985302734375,False,2026-09-28 19:43:12+00:00,SPY261005C00796000
SPY,2026-09-29,765.61,2026-10-05,C,797.0,0.04,0.05,0.05,114.0,545,0.125985302734375,False,2026-09-28 19:13:37+00:00,SPY261005C00797000
SPY,2026-09-29,765.61,2026-10-05,C,798.0,0.04,0.05,0.04,151.0,45,0.129891513671875,False,2026-09-28 19:47:51+00:00,SPY261005C00798000
SPY,2026-09-29,765.61,2026-10-05,C,799.0,0.04,0.05,0.06,164.0,186,0.132821171875,False,2026-09-28 18:17:34+00:00,SPY261005C00799000
SPY,2026-09-29,765.61,2026-10-05,C,800.0,0.03,0.04,0.03,279.0,1436,0.132821171875,False,2026-09-28 19:53:00+00:00,SPY261005C00800000
SPY,2026-09-29,765.61,2026-10-05,C,801.0,0.03,0.04,0.05,396.0,175,0.13575083007812502,False,2026-09-28 17:59:25+00:00,SPY261005C00801000
SPY,2026-09-29,765.61,2026-10-05,C,802.0,0.03,0.04,0.04,110.0,200,0.13916876464843753,False,2026-09-28 18:58:25+00:00,SPY261005C00802000
SPY,2026-09-29,765.61,2026-10-05,C,803.0,0.03,0.04,0.08,26.0,290,0.14258669921875,False,2026-09-25 18:37:57+00:00,SPY261005C00803000
SPY,2026-09-29,765.61,2026-10-05,C,804.0,0.03,0.04,0.03,104.0,35,0.145516357421875,False,2026-09-28 20:00:37+00:00,SPY261005C00804000
SPY,2026-09-29,765.61,2026-10-05,C,805.0,0.02,0.03,0.03,250.0,884,0.1445398046875,False,2026-09-28 20:02:08+00:00,SPY261005C00805000
SPY,2026-09-29,765.61,2026-10-05,C,806.0,0.02,0.03,0.03,22.0,89,0.147469462890625,False,2026-09-28 14:44:41+00:00,SPY261005C00806000
SPY,2026-09-29,765.61,2026-10-05,C,807.0,0.02,0.03,0.05,24.0,197,0.15039912109375003,False,2026-09-24 15:36:10+00:00,SPY261005C00807000
SPY,2026-09-29,765.61,2026-10-05,C,808.0,0.02,0.03,0.03,21.0,24,0.15332877929687502,False,2026-09-28 18:54:48+00:00,SPY261005C00808000
SPY,2026-09-29,765.61,2026-10-05,C,809.0,0.02,0.03,0.08,279.0,324,0.1562584375,False,2026-09-25 16:13:21+00:00,SPY261005C00809000
SPY,2026-09-29,765.61,2026-10-05,C,810.0,0.02,0.03,0.03,15.0,156,0.1601646484375,False,2026-09-28 16:26:20+00:00,SPY261005C00810000
SPY,2026-09-29,765.61,2026-10-05,C,815.0,0.01,0.02,0.05,72.0,144,0.16797707031250003,False,2026-09-25 17:10:21+00:00,SPY261005C00815000
SPY,2026-09-29,765.61,2026-10-05,C,820.0,0.01,0.02,0.03,3.0,32,0.18164880859375,False,2026-09-23 16:32:35+00:00,SPY261005C00820000
SPY,2026-09-29,765.61,2026-10-05,C,825.0,0.01,0.02,0.03,24.0,72,0.19727365234375,False,2026-09-23 18:14:45+00:00,SPY261005C00825000
SPY,2026-09-29,765.61,2026-10-05,C,830.0,0.01,0.02,0.03,24.0,75,0.21094539062499998,False,2026-09-25 19:00:47+00:00,SPY261005C00830000
SPY,2026-09-29,765.61,2026-10-05,C,840.0,0.01,0.02,0.02,7.0,3,0.23828886718749998,False,2026-09-28 17:42:25+00:00,SPY261005C00840000
SPY,2026-09-29,765.61,2026-10-05,C,850.0,0.01,0.02,0.02,,1,0.26563234375,False,2026-09-23 16:32:52+00:00,SPY261005C00850000
SPY,2026-09-29,765.61,2026-10-05,C,865.0,0.0,0.01,0.02,140.0,103,0.2890696093749999,False,2026-09-25 19:39:44+00:00,SPY261005C00865000
SPY,2026-09-29,765.61,2026-10-05,C,880.0,0.0,0.01,0.01,7.0,58,0.3242255078124999,False,2026-09-28 17:52:50+00:00,SPY261005C00880000
SPY,2026-09-29,765.61,2026-10-05,P,550.0,0.0,0.01,0.01,181.0,181,0.70312796875,False,2026-09-25 17:17:35+00:00,SPY261005P00550000
SPY,2026-09-29,765.61,2026-10-05,P,555.0,0.0,0.01,0.01,5.0,105,0.6875031250000001,False,2026-09-28 13:38:54+00:00,SPY261005P00555000
SPY,2026-09-29,765.61,2026-10-05,P,565.0,0.0,0.01,0.01,210.0,301,0.64062859375,False,2026-09-28 15:13:47+00:00,SPY261005P00565000
SPY,2026-09-29,765.61,2026-10-05,P,570.0,0.0,0.01,0.01,60.0,300,0.6250037500000001,False,2026-09-28 14:07:03+00:00,SPY261005P00570000
SPY,2026-09-29,765.61,2026-10-05,P,585.0,0.0,0.01,0.01,207.0,48,0.57812921875,False,2026-09-28 16:42:17+00:00,SPY261005P00585000
SPY,2026-09-29,765.61,2026-10-05,P,595.0,0.0,0.01,0.01,200.0,25,0.5468795312500001,False,2026-09-28 18:16:24+00:00,SPY261005P00595000
SPY,2026-09-29,765.61,2026-10-05,P,600.0,0.01,0.02,0.02,180.0,251,0.570316796875,False,2026-09-25 17:21:01+00:00,SPY261005P00600000
SPY,2026-09-29,765.61,2026-10-05,P,605.0,0.01,0.02,0.01,1.0,6,0.5546919531250001,False,2026-09-25 18:24:58+00:00,SPY261005P00605000
SPY,2026-09-29,765.61,2026-10-05,P,610.0,0.01,0.02,0.02,100.0,1,0.5351608984375,False,2026-09-28 15:03:12+00:00,SPY261005P00610000
SPY,2026-09-29,765.61,2026-10-05,P,615.0,0.01,0.02,0.02,200.0,20,0.51562984375,False,2026-09-28 14:52:52+00:00,SPY261005P00615000
SPY,2026-09-29,765.61,2026-10-05,P,630.0,0.01,0.02,0.02,26.0,8,0.476567734375,False,2026-09-28 13:48:40+00:00,SPY261005P00630000
SPY,2026-09-29,765.61,2026-10-05,P,640.0,0.01,0.02,0.05,,1,0.4414118359375,False,2026-09-24 19:38:40+00:00,SPY261005P00640000
SPY,2026-09-29,765.61,2026-10-05,P,650.0,0.02,0.03,0.03,110.0,11,0.41992767578125,False,2026-09-28 14:33:25+00:00,SPY261005P00650000
SPY,2026-09-29,765.61,2026-10-05,P,655.0,0.02,0.03,0.03,2.0,2,0.4023497265625,False,2026-09-25 19:54:32+00:00,SPY261005P00655000
SPY,2026-09-29,765.61,2026-10-05,P,660.0,0.02,0.03,0.03,1.0,5,0.38477177734374995,False,2026-09-28 19:23:54+00:00,SPY261005P00660000
SPY,2026-09-29,765.61,2026-10-05,P,665.0,0.03,0.04,0.04,17.0,80,0.37695935546875,False,2026-09-28 17:21:11+00:00,SPY261005P00665000
SPY,2026-09-29,765.61,2026-10-05,P,670.0,0.03,0.04,0.04,9636.0,16,0.35938140625,False,2026-09-28 14:03:38+00:00,SPY261005P00670000
SPY,2026-09-29,765.61,2026-10-05,P,675.0,0.03,0.04,0.04,5406.0,171,0.34180345703125,False,2026-09-28 19:43:03+00:00,SPY261005P00675000
SPY,2026-09-29,765.61,2026-10-05,P,680.0,0.04,0.05,0.05,2603.0,4,0.33008482421874996,False,2026-09-28 19:19:04+00:00,SPY261005P00680000
SPY,2026-09-29,765.61,2026-10-05,P,685.0,0.04,0.05,0.06,7.0,13,0.31250687499999996,False,2026-09-28 19:36:11+00:00,SPY261005P00685000
SPY,2026-09-29,765.61,2026-10-05,P,690.0,0.05,0.06,0.07,6.0,3,0.299811689453125,False,2026-09-28 15:30:28+00:00,SPY261005P00690000
SPY,2026-09-29,765.61,2026-10-05,P,695.0,0.06,0.07,0.06,10.0,11,0.28613995117187496,False,2026-09-28 18:07:36+00:00,SPY261005P00695000
SPY,2026-09-29,765.61,2026-10-05,P,700.0,0.06,0.07,0.07,144.0,247,0.26758544921875,False,2026-09-28 20:07:08+00:00,SPY261005P00700000
SPY,2026-09-29,765.61,2026-10-05,P,705.0,0.08,0.09,0.09,25.0,99,0.256843369140625,False,2026-09-28 19:59:59+00:00,SPY261005P00705000
SPY,2026-09-29,765.61,2026-10-05,P,710.0,0.09,0.1,0.14,1003.0,166,0.24073024902343748,False,2026-09-28 15:52:51+00:00,SPY261005P00710000
SPY,2026-09-29,765.61,2026-10-05,P,715.0,0.1,0.11,0.12,20.0,134,0.22364057617187497,False,2026-09-28 19:48:42+00:00,SPY261005P00715000
SPY,2026-09-29,765.61,2026-10-05,P,720.0,0.12,0.13,0.14,45.0,229,0.20899228515624996,False,2026-09-28 19:56:31+00:00,SPY261005P00720000
SPY,2026-09-29,765.61,2026-10-05,P,723.0,0.14,0.15,0.15,6.0,1,0.20069158691406247,False,2026-09-25 19:43:11+00:00,SPY261005P00723000
SPY,2026-09-29,765.61,2026-10-05,P,724.0,0.15,0.16,0.16,6.0,6,0.19873848144531248,False,2026-09-28 19:38:51+00:00,SPY261005P00724000
SPY,2026-09-29,765.61,2026-10-05,P,725.0,0.16,0.16,0.18,104.0,124,0.194343994140625,False,2026-09-28 19:56:40+00:00,SPY261005P00725000
SPY,2026-09-29,765.61,2026-10-05,P,726.0,0.16,0.17,0.17,12.0,164,0.19214675048828128,False,2026-09-28 20:03:49+00:00,SPY261005P00726000
SPY,2026-09-29,765.61,2026-10-05,P,727.0,0.17,0.18,0.17,19.0,19,0.18970536865234378,False,2026-09-28 20:06:37+00:00,SPY261005P00727000
SPY,2026-09-29,765.61,2026-10-05,P,728.0,0.18,0.19,0.22,6.0,23,0.1870198486328125,False,2026-09-28 19:56:18+00:00,SPY261005P00728000
SPY,2026-09-29,765.61,2026-10-05,P,729.0,0.19,0.2,0.21,110.0,37,0.18433432861328125,False,2026-09-28 19:49:27+00:00,SPY261005P00729000
SPY,2026-09-29,765.61,2026-10-05,P,730.0,0.21,0.22,0.21,167.0,450,0.1828694995117187,False,2026-09-28 20:05:24+00:00,SPY261005P00730000
SPY,2026-09-29,765.61,2026-10-05,P,731.0,0.22,0.23,0.23,334.0,333,0.17993984130859375,False,2026-09-28 20:00:01+00:00,SPY261005P00731000
SPY,2026-09-29,765.61,2026-10-05,P,732.0,0.23,0.24,0.26,170.0,280,0.176766044921875,False,2026-09-28 19:56:40+00:00,SPY261005P00732000
SPY,2026-09-29,765.61,2026-10-05,P,733.0,0.25,0.26,0.25,113.0,19,0.174812939453125,False,2026-09-28 20:00:37+00:00,SPY261005P00733000
SPY,2026-09-29,765.61,2026-10-05,P,734.0,0.27,0.28,0.27,27.0,18,0.1726156958007813,False,2026-09-28 19:45:10+00:00,SPY261005P00734000
SPY,2026-09-29,765.61,2026-10-05,P,735.0,0.29,0.3,0.3,308.0,126,0.17017431396484378,False,2026-09-28 19:59:10+00:00,SPY261005P00735000
SPY,2026-09-29,765.61,2026-10-05,P,736.0,0.31,0.32,0.32,214.0,67,0.16773293212890628,False,2026-09-28 20:12:23+00:00,SPY261005P00736000
SPY,2026-09-29,765.61,2026-10-05,P,737.0,0.34,0.35,0.35,380.0,812,0.16602396484375004,False,2026-09-28 19:58:18+00:00,SPY261005P00737000
SPY,2026-09-29,765.61,2026-10-05,P,738.0,0.36,0.37,0.37,158.0,232,0.16309430664062502,False,2026-09-28 19:45:10+00:00,SPY261005P00738000
SPY,2026-09-29,765.61,2026-10-05,P,739.0,0.39,0.4,0.41,190.0,909,0.16089706298828127,False,2026-09-28 19:59:21+00:00,SPY261005P00739000
SPY,2026-09-29,765.61,2026-10-05,P,740.0,0.43,0.44,0.45,631.0,195,0.159188095703125,False,2026-09-28 19:49:32+00:00,SPY261005P00740000
SPY,2026-09-29,765.61,2026-10-05,P,741.0,0.46,0.47,0.53,326.0,156,0.15650257568359377,False,2026-09-28 19:54:54+00:00,SPY261005P00741000
SPY,2026-09-29,765.61,2026-10-05,P,742.0,0.51,0.52,0.51,120.0,71,0.1550377465820313,False,2026-09-28 20:05:24+00:00,SPY261005P00742000
SPY,2026-09-29,765.61,2026-10-05,P,743.0,0.56,0.57,0.58,2295.0,45,0.15320671020507814,False,2026-09-28 19:58:06+00:00,SPY261005P00743000
SPY,2026-09-29,765.61,2026-10-05,P,744.0,0.61,0.62,0.61,2822.0,95,0.15100946655273442,False,2026-09-28 19:59:36+00:00,SPY261005P00744000
SPY,2026-09-29,765.61,2026-10-05,P,745.0,0.67,0.68,0.65,484.0,562,0.14917843017578125,False,2026-09-28 20:05:05+00:00,SPY261005P00745000
SPY,2026-09-29,765.61,2026-10-05,P,746.0,0.73,0.75,0.75,185.0,110,0.1475915319824219,False,2026-09-28 20:13:35+00:00,SPY261005P00746000
SPY,2026-09-29,765.61,2026-10-05,P,747.0,0.81,0.82,0.82,832.0,1139,0.14563842651367187,False,2026-09-28 20:13:35+00:00,SPY261005P00747000
SPY,2026-09-29,765.61,2026-10-05,P,748.0,0.89,0.91,0.89,847.0,187,0.14417359741210936,False,2026-09-28 20:11:16+00:00,SPY261005P00748000
SPY,2026-09-29,765.61,2026-10-05,P,749.0,0.98,1.0,0.98,207.0,1013,0.1424035955810547,False,2026-09-28 20:14:58+00:00,SPY261005P00749000
SPY,2026-09-29,765.61,2026-10-05,P,750.0,1.08,1.1,1.11,1003.0,1390,0.14063359375,False,2026-09-28 20:13:28+00:00,SPY261005P00750000
SPY,2026-09-29,765.61,2026-10-05,P,751.0,1.19,1.21,1.24,338.0,1085,0.13886359191894532,False,2026-09-28 20:12:34+00:00,SPY261005P00751000
SPY,2026-09-29,765.61,2026-10-05,P,752.0,1.32,1.33,1.33,378.0,659,0.13703255554199223,False,2026-09-28 20:09:39+00:00,SPY261005P00752000
SPY,2026-09-29,765.61,2026-10-05,P,753.0,1.45,1.47,1.47,389.0,1270,0.1355066918945313,False,2026-09-28 20:14:32+00:00,SPY261005P00753000
SPY,2026-09-29,765.61,2026-10-05,P,754.0,1.6,1.62,1.63,285.0,412,0.133797724609375,False,2026-09-28 20:13:59+00:00,SPY261005P00754000
SPY,2026-09-29,765.61,2026-10-05,P,755.0,1.77,1.79,1.8,1047.0,1109,0.13227186096191407,False,2026-09-28 20:13:41+00:00,SPY261005P00755000
SPY,2026-09-29,765.61,2026-10-05,P,756.0,1.95,1.97,1.96,274.0,602,0.13056289367675777,False,2026-09-28 20:14:14+00:00,SPY261005P00756000
SPY,2026-09-29,765.61,2026-10-05,P,757.0,2.15,2.18,2.13,538.0,511,0.1292201336669922,False,2026-09-28 20:08:16+00:00,SPY261005P00757000
SPY,2026-09-29,765.61,2026-10-05,P,758.0,2.37,2.4,2.32,461.0,118,0.12757220092773439,False,2026-09-28 20:07:56+00:00,SPY261005P00758000
SPY,2026-09-29,765.61,2026-10-05,P,759.0,2.61,2.64,2.64,858.0,401,0.12592426818847657,False,2026-09-28 20:14:04+00:00,SPY261005P00759000
SPY,2026-09-29,765.61,2026-10-05,P,760.0,2.87,2.91,2.89,2326.0,995,0.12445943908691406,False,2026-09-28 20:14:12+00:00,SPY261005P00760000
SPY,2026-09-29,765.61,2026-10-05,P,761.0,3.16,3.19,3.19,611.0,370,0.12262840270996095,False,2026-09-28 20:14:14+00:00,SPY261005P00761000
SPY,2026-09-29,765.61,2026-10-05,P,762.0,3.47,3.51,3.62,758.0,288,0.12119409088134765,False,2026-09-28 19:53:22+00:00,SPY261005P00762000
SPY,2026-09-29,765.61,2026-10-05,P,763.0,3.82,3.85,3.86,799.0,542,0.11957667541503905,False,2026-09-28 20:14:25+00:00,SPY261005P00763000
SPY,2026-09-29,765.61,2026-10-05,P,764.0,4.19,4.22,4.19,1085.0,374,0.11795925994873047,False,2026-09-28 20:14:55+00:00,SPY261005P00764000
SPY,2026-09-29,765.61,2026-10-05,P,765.0,4.59,4.63,4.59,2127.0,1174,0.11658598266601564,False,2026-09-28 20:14:15+00:00,SPY261005P00765000
SPY,2026-09-29,765.61,2026-10-05,P,766.0,5.03,5.06,5.05,4074.0,754,0.11493804992675781,True,2026-09-28 20:14:03+00:00,SPY261005P00766000
SPY,2026-09-29,765.61,2026-10-05,P,767.0,5.5,5.53,5.51,7114.0,611,0.1134732208251953,True,2026-09-28 20:14:17+00:00,SPY261005P00767000
SPY,2026-09-29,765.61,2026-10-05,P,768.0,5.94,6.11,5.94,1492.0,1182,0.11383942810058593,True,2026-09-28 20:00:16+00:00,SPY261005P00768000
SPY,2026-09-29,765.61,2026-10-05,P,769.0,6.46,6.67,6.51,297.0,902,0.11292390991210938,True,2026-09-28 19:58:27+00:00,SPY261005P00769000
SPY,2026-09-29,765.61,2026-10-05,P,770.0,7.03,7.26,7.06,1580.0,908,0.11188632263183593,True,2026-09-28 20:10:14+00:00,SPY261005P00770000
SPY,2026-09-29,765.61,2026-10-05,P,771.0,7.65,7.89,7.9,1234.0,518,0.1110318389892578,True,2026-09-28 20:13:57+00:00,SPY261005P00771000
SPY,2026-09-29,765.61,2026-10-05,P,772.0,8.29,8.56,7.99,748.0,283,0.11042149353027343,True,2026-09-28 19:29:02+00:00,SPY261005P00772000
SPY,2026-09-29,765.61,2026-10-05,P,773.0,8.96,9.27,9.39,227.0,199,0.1100552862548828,True,2026-09-28 19:09:31+00:00,SPY261005P00773000
SPY,2026-09-29,765.61,2026-10-05,P,774.0,9.68,10.02,9.65,706.0,122,0.10999425170898436,True,2026-09-28 20:03:19+00:00,SPY261005P00774000
SPY,2026-09-29,765.61,2026-10-05,P,775.0,10.41,10.71,10.68,1747.0,259,0.1071256280517578,True,2026-09-28 19:43:15+00:00,SPY261005P00775000
SPY,2026-09-29,765.61,2026-10-05,P,776.0,11.22,11.62,11.24,1200.0,208,0.11066563171386719,True,2026-09-28 20:06:03+00:00,SPY261005P00776000
SPY,2026-09-29,765.61,2026-10-05,P,777.0,12.03,12.46,12.38,1126.0,195,0.11127597717285155,True,2026-09-28 20:11:06+00:00,SPY261005P00777000
SPY,2026-09-29,765.61,2026-10-05,P,778.0,12.88,13.28,12.61,350.0,65,0.11036045898437499,True,2026-09-28 19:29:39+00:00,SPY261005P00778000
SPY,2026-09-29,765.61,2026-10-05,P,779.0,12.98,14.88,13.85,576.0,18,0.13898566101074222,True,2026-09-28 19:44:56+00:00,SPY261005P00779000
SPY,2026-09-29,765.61,2026-10-05,P,780.0,13.96,15.69,14.64,571.0,90,0.1383753155517578,True,2026-09-28 19:47:00+00:00,SPY261005P00780000
SPY,2026-09-29,765.61,2026-10-05,P,781.0,14.83,16.62,14.92,461.0,4,0.14173221557617188,True,2026-09-28 19:53:00+00:00,SPY261005P00781000
SPY,2026-09-29,765.61,2026-10-05,P,782.0,15.82,17.65,16.45,468.0,30,0.14887325744628904,True,2026-09-28 19:47:33+00:00,SPY261005P00782000
SPY,2026-09-29,765.61,2026-10-05,P,783.0,16.74,18.61,17.69,325.0,7,0.15314567565917972,True,2026-09-28 19:49:59+00:00,SPY261005P00783000
SPY,2026-09-29,765.61,2026-10-05,P,784.0,17.63,19.52,18.05,178.0,2,0.15515981567382814,True,2026-09-28 19:24:06+00:00,SPY261005P00784000
SPY,2026-09-29,765.61,2026-10-05,P,785.0,18.78,20.49,19.79,285.0,4,0.15943223388671873,True,2026-09-28 19:53:40+00:00,SPY261005P00785000
SPY,2026-09-29,765.61,2026-10-05,P,786.0,19.77,21.5,21.09,120.0,1,0.16553568847656253,True,2026-09-28 19:55:49+00:00,SPY261005P00786000
SPY,2026-09-29,765.61,2026-10-05,P,788.0,21.77,23.5,21.1,254.0,0,0.17652190673828128,True,2026-09-28 18:48:51+00:00,SPY261005P00788000
SPY,2026-09-29,765.61,2026-10-05,P,790.0,23.61,25.5,23.93,250.0,11,0.1873250213623047,True,2026-09-28 19:13:27+00:00,SPY261005P00790000
SPY,2026-09-29,765.61,2026-10-05,P,791.0,24.77,26.5,23.6,238.0,0,0.19263502685546874,True,2026-09-28 17:25:47+00:00,SPY261005P00791000
SPY,2026-09-29,765.61,2026-10-05,P,794.0,27.66,29.51,26.79,80.0,0,0.2089312506103515,True,2026-09-28 18:08:02+00:00,SPY261005P00794000
SPY,2026-09-29,765.61,2026-10-05,P,795.0,28.77,30.5,29.84,30.0,3,0.21363091064453127,True,2026-09-28 19:13:09+00:00,SPY261005P00795000
SPY,2026-09-29,765.61,2026-10-05,P,797.0,30.67,32.56,30.32,44.0,0,0.22705851074218747,True,2026-09-28 18:37:43+00:00,SPY261005P00797000
SPY,2026-09-29,765.61,2026-10-06,C,710.0,54.47,58.26,59.45,1.0,1,0.4268245794677735,True,2026-09-25 15:12:55+00:00,SPY261006C00710000
SPY,2026-09-29,765.61,2026-10-06,C,741.0,24.08,27.62,25.4,12.0,8,0.2539747454833985,True,2026-09-28 15:27:41+00:00,SPY261006C00741000
SPY,2026-09-29,765.61,2026-10-06,C,742.0,23.13,26.67,27.0,16.0,7,0.24909198181152342,True,2026-09-28 16:24:37+00:00,SPY261006C00742000
SPY,2026-09-29,765.61,2026-10-06,C,743.0,22.15,25.73,24.02,21.0,11,0.24439232177734377,True,2026-09-28 20:00:19+00:00,SPY261006C00743000
SPY,2026-09-29,765.61,2026-10-06,C,745.0,21.71,22.15,22.2,17.0,4,0.17762052856445312,True,2026-09-28 19:32:55+00:00,SPY261006C00745000
SPY,2026-09-29,765.61,2026-10-06,C,747.0,19.88,20.3,22.7,37.0,3,0.17127293579101563,True,2026-09-28 17:11:32+00:00,SPY261006C00747000
SPY,2026-09-29,765.61,2026-10-06,C,748.0,18.97,19.39,21.03,12.0,4,0.16828224304199224,True,2026-09-28 18:05:44+00:00,SPY261006C00748000
SPY,2026-09-29,765.61,2026-10-06,C,749.0,18.08,18.49,18.77,52.0,10,0.16547465393066407,True,2026-09-28 19:14:11+00:00,SPY261006C00749000
SPY,2026-09-29,765.61,2026-10-06,C,750.0,17.21,17.62,19.21,22.0,4,0.16333844482421878,True,2026-09-28 18:05:30+00:00,SPY261006C00750000
SPY,2026-09-29,765.61,2026-10-06,C,751.0,16.35,16.71,17.04,48.0,47,0.1596763720703125,True,2026-09-28 19:14:23+00:00,SPY261006C00751000
SPY,2026-09-29,765.61,2026-10-06,C,752.0,15.5,15.88,15.91,24.0,24,0.15821154296875,True,2026-09-28 19:59:36+00:00,SPY261006C00752000
SPY,2026-09-29,765.61,2026-10-06,C,753.0,14.66,14.99,17.64,,27,0.15467153930664065,True,2026-09-24 16:36:25+00:00,SPY261006C00753000
SPY,2026-09-29,765.61,2026-10-06,C,755.0,13.03,13.36,12.9,50.0,7,0.1508263629150391,True,2026-09-28 19:54:45+00:00,SPY261006C00755000
SPY,2026-09-29,765.61,2026-10-06,C,756.0,12.23,12.45,12.25,26.0,7,0.14582153015136717,True,2026-09-28 15:33:28+00:00,SPY261006C00756000
SPY,2026-09-29,765.61,2026-10-06,C,757.0,11.46,11.73,11.75,40.0,19,0.145516357421875,True,2026-09-28 20:11:48+00:00,SPY261006C00757000
SPY,2026-09-29,765.61,2026-10-06,C,760.0,9.23,9.47,10.57,40.0,88,0.1391382473754883,True,2026-09-28 18:59:36+00:00,SPY261006C00760000
SPY,2026-09-29,765.61,2026-10-06,C,761.0,8.52,8.77,8.99,253.0,3,0.1373682455444336,True,2026-09-28 19:30:33+00:00,SPY261006C00761000
SPY,2026-09-29,765.61,2026-10-06,C,762.0,7.85,8.07,7.92,57.0,24,0.13510996734619146,True,2026-09-28 20:08:30+00:00,SPY261006C00762000
SPY,2026-09-29,765.61,2026-10-06,C,763.0,7.19,7.4,7.18,48.0,12,0.1330042755126953,True,2026-09-28 19:54:19+00:00,SPY261006C00763000
SPY,2026-09-29,765.61,2026-10-06,C,764.0,6.58,6.7,6.84,161.0,38,0.12970841003417968,True,2026-09-28 20:01:27+00:00,SPY261006C00764000
SPY,2026-09-29,765.61,2026-10-06,C,765.0,6.03,6.04,6.04,628.0,77,0.12674823455810547,True,2026-09-28 20:13:43+00:00,SPY261006C00765000
SPY,2026-09-29,765.61,2026-10-06,C,766.0,5.44,5.47,5.47,771.0,240,0.1251918536376953,False,2026-09-28 20:09:35+00:00,SPY261006C00766000
SPY,2026-09-29,765.61,2026-10-06,C,767.0,4.9,4.93,4.9,426.0,172,0.12366598999023437,False,2026-09-28 20:13:05+00:00,SPY261006C00767000
SPY,2026-09-29,765.61,2026-10-06,C,768.0,4.39,4.41,4.54,1071.0,304,0.1219265054321289,False,2026-09-28 20:01:58+00:00,SPY261006C00768000
SPY,2026-09-29,765.61,2026-10-06,C,769.0,3.91,3.93,4.07,319.0,100,0.12043115905761718,False,2026-09-28 20:06:44+00:00,SPY261006C00769000
SPY,2026-09-29,765.61,2026-10-06,C,770.0,3.47,3.49,3.45,695.0,457,0.11914943359374999,False,2026-09-28 20:09:10+00:00,SPY261006C00770000
SPY,2026-09-29,765.61,2026-10-06,C,771.0,3.05,3.08,3.16,349.0,544,0.1178677081298828,False,2026-09-28 19:59:27+00:00,SPY261006C00771000
SPY,2026-09-29,765.61,2026-10-06,C,772.0,2.68,2.7,2.68,320.0,132,0.1165249481201172,False,2026-09-28 20:14:25+00:00,SPY261006C00772000
SPY,2026-09-29,765.61,2026-10-06,C,773.0,2.33,2.35,2.33,418.0,148,0.11524322265625,False,2026-09-28 19:54:40+00:00,SPY261006C00773000
SPY,2026-09-29,765.61,2026-10-06,C,774.0,2.02,2.04,2.15,464.0,160,0.11420563537597657,False,2026-09-28 20:02:03+00:00,SPY261006C00774000
SPY,2026-09-29,765.61,2026-10-06,C,775.0,1.75,1.76,1.77,1521.0,2787,0.11316804809570313,False,2026-09-28 20:14:47+00:00,SPY261006C00775000
SPY,2026-09-29,765.61,2026-10-06,C,776.0,1.5,1.52,1.57,141.0,209,0.11255770263671874,False,2026-09-28 19:50:34+00:00,SPY261006C00776000
SPY,2026-09-29,765.61,2026-10-06,C,777.0,1.28,1.3,1.38,247.0,122,0.11176425354003905,False,2026-09-28 20:04:58+00:00,SPY261006C00777000
SPY,2026-09-29,765.61,2026-10-06,C,778.0,1.09,1.11,1.18,189.0,114,0.11121494262695311,False,2026-09-28 20:00:09+00:00,SPY261006C00778000
SPY,2026-09-29,765.61,2026-10-06,C,779.0,0.92,0.94,1.0,101.0,236,0.11060459716796875,False,2026-09-28 20:05:02+00:00,SPY261006C00779000
SPY,2026-09-29,765.61,2026-10-06,C,780.0,0.78,0.79,0.8,445.0,469,0.1098721826171875,False,2026-09-28 20:09:23+00:00,SPY261006C00780000
SPY,2026-09-29,765.61,2026-10-06,C,781.0,0.66,0.67,0.7,143.0,380,0.10975011352539063,False,2026-09-28 20:02:16+00:00,SPY261006C00781000
SPY,2026-09-29,765.61,2026-10-06,C,782.0,0.55,0.56,0.61,290.0,122,0.10938390625,False,2026-09-28 19:42:58+00:00,SPY261006C00782000
SPY,2026-09-29,765.61,2026-10-06,C,783.0,0.46,0.48,0.46,273.0,194,0.10975011352539063,False,2026-09-28 20:14:17+00:00,SPY261006C00783000
SPY,2026-09-29,765.61,2026-10-06,C,784.0,0.39,0.4,0.42,32.0,52,0.10950597534179687,False,2026-09-28 20:05:16+00:00,SPY261006C00784000
SPY,2026-09-29,765.61,2026-10-06,C,785.0,0.32,0.34,0.36,42.0,473,0.1098721826171875,False,2026-09-28 19:38:46+00:00,SPY261006C00785000
SPY,2026-09-29,765.61,2026-10-06,C,786.0,0.27,0.28,0.29,68.0,243,0.10962804443359375,False,2026-09-28 19:58:30+00:00,SPY261006C00786000
SPY,2026-09-29,765.61,2026-10-06,C,787.0,0.23,0.24,0.26,98.0,56,0.11036045898437499,False,2026-09-28 19:58:30+00:00,SPY261006C00787000
SPY,2026-09-29,765.61,2026-10-06,C,788.0,0.19,0.2,0.2,593.0,56,0.11060459716796875,False,2026-09-28 20:14:17+00:00,SPY261006C00788000
SPY,2026-09-29,765.61,2026-10-06,C,789.0,0.16,0.17,0.16,279.0,68,0.11109287353515623,False,2026-09-28 20:13:31+00:00,SPY261006C00789000
SPY,2026-09-29,765.61,2026-10-06,C,790.0,0.14,0.15,0.15,215.0,178,0.11255770263671874,False,2026-09-28 19:56:17+00:00,SPY261006C00790000
SPY,2026-09-29,765.61,2026-10-06,C,791.0,0.12,0.13,0.14,708.0,65,0.11353425537109374,False,2026-09-28 19:38:00+00:00,SPY261006C00791000
SPY,2026-09-29,765.61,2026-10-06,C,792.0,0.1,0.11,0.44,63.0,55,0.11426666992187501,False,2026-09-25 19:46:54+00:00,SPY261006C00792000
SPY,2026-09-29,765.61,2026-10-06,C,793.0,0.09,0.1,0.1,20.0,75,0.11597563720703125,False,2026-09-28 19:42:36+00:00,SPY261006C00793000
SPY,2026-09-29,765.61,2026-10-06,C,794.0,0.08,0.09,0.12,74.0,138,0.1176846044921875,False,2026-09-28 18:08:19+00:00,SPY261006C00794000
SPY,2026-09-29,765.61,2026-10-06,C,795.0,0.07,0.08,0.08,83.0,262,0.11914943359374999,False,2026-09-28 19:45:54+00:00,SPY261006C00795000
SPY,2026-09-29,765.61,2026-10-06,C,796.0,0.06,0.07,0.21,,2,0.12012598632812499,False,2026-09-24 16:16:46+00:00,SPY261006C00796000
SPY,2026-09-29,765.61,2026-10-06,C,797.0,0.06,0.07,0.07,19.0,50,0.1235439208984375,False,2026-09-28 20:05:02+00:00,SPY261006C00797000
SPY,2026-09-29,765.61,2026-10-06,C,798.0,0.05,0.06,0.07,27.0,17,0.124032197265625,False,2026-09-28 18:29:56+00:00,SPY261006C00798000
SPY,2026-09-29,765.61,2026-10-06,C,799.0,0.05,0.06,0.07,34.0,51,0.1274501318359375,False,2026-09-28 18:02:53+00:00,SPY261006C00799000
SPY,2026-09-29,765.61,2026-10-06,C,800.0,0.04,0.05,0.06,320.0,661,0.1274501318359375,False,2026-09-28 19:07:49+00:00,SPY261006C00800000
SPY,2026-09-29,765.61,2026-10-06,C,801.0,0.04,0.05,0.15,70.0,66,0.13086806640624998,False,2026-09-25 20:06:14+00:00,SPY261006C00801000
SPY,2026-09-29,765.61,2026-10-06,C,802.0,0.04,0.05,0.05,8.0,152,0.133797724609375,False,2026-09-28 18:57:41+00:00,SPY261006C00802000
SPY,2026-09-29,765.61,2026-10-06,C,803.0,0.03,0.04,0.04,7.0,3,0.1333094482421875,False,2026-09-28 20:11:55+00:00,SPY261006C00803000
SPY,2026-09-29,765.61,2026-10-06,C,804.0,0.03,0.04,0.05,1.0,17,0.1362391064453125,False,2026-09-28 16:19:51+00:00,SPY261006C00804000
SPY,2026-09-29,765.61,2026-10-06,C,805.0,0.03,0.04,0.04,20.0,173,0.139657041015625,False,2026-09-28 19:39:58+00:00,SPY261006C00805000
SPY,2026-09-29,765.61,2026-10-06,C,807.0,0.03,0.04,0.07,,12,0.145516357421875,False,2026-09-24 17:56:35+00:00,SPY261006C00807000
SPY,2026-09-29,765.61,2026-10-06,C,808.0,0.03,0.04,0.03,48.0,15,0.148446015625,False,2026-09-28 19:53:14+00:00,SPY261006C00808000
SPY,2026-09-29,765.61,2026-10-06,C,810.0,0.02,0.03,0.07,25.0,137,0.149422568359375,False,2026-09-25 16:59:03+00:00,SPY261006C00810000
SPY,2026-09-29,765.61,2026-10-06,C,815.0,0.02,0.03,0.02,58.0,50,0.16407085937500002,False,2026-09-28 19:15:54+00:00,SPY261006C00815000
SPY,2026-09-29,765.61,2026-10-06,C,820.0,0.01,0.02,0.05,50.0,97,0.16993017578125003,False,2026-09-25 19:16:03+00:00,SPY261006C00820000
SPY,2026-09-29,765.61,2026-10-06,C,825.0,0.01,0.02,0.04,24.0,51,0.18360191406249998,False,2026-09-25 18:44:33+00:00,SPY261006C00825000
SPY,2026-09-29,765.61,2026-10-06,C,835.0,0.01,0.02,0.04,,25,0.21094539062499998,False,2026-09-22 19:30:31+00:00,SPY261006C00835000
SPY,2026-09-29,765.61,2026-10-06,C,845.0,0.01,0.02,0.02,52.0,52,0.23633576171874998,False,2026-09-25 19:22:02+00:00,SPY261006C00845000
SPY,2026-09-29,765.61,2026-10-06,P,550.0,0.0,0.01,0.01,151.0,10,0.6562534375000001,False,2026-09-28 14:10:04+00:00,SPY261006P00550000
SPY,2026-09-29,765.61,2026-10-06,P,575.0,0.01,0.02,0.01,20.0,10,0.6171913281250001,False,2026-09-25 17:35:00+00:00,SPY261006P00575000
SPY,2026-09-29,765.61,2026-10-06,P,580.0,0.01,0.02,0.03,,72,0.6015664843750002,False,2026-09-24 17:06:05+00:00,SPY261006P00580000
SPY,2026-09-29,765.61,2026-10-06,P,600.0,0.01,0.02,0.04,,5,0.5312546875,False,2026-09-24 17:47:45+00:00,SPY261006P00600000
SPY,2026-09-29,765.61,2026-10-06,P,615.0,0.02,0.03,0.03,24.0,24,0.5039112109375,False,2026-09-25 17:51:54+00:00,SPY261006P00615000
SPY,2026-09-29,765.61,2026-10-06,P,655.0,0.03,0.04,0.09,,3,0.38672488281249995,False,2026-09-24 17:56:43+00:00,SPY261006P00655000
SPY,2026-09-29,765.61,2026-10-06,P,660.0,0.04,0.05,0.04,1.0,1,0.3789124609375,False,2026-09-28 13:53:58+00:00,SPY261006P00660000
SPY,2026-09-29,765.61,2026-10-06,P,665.0,0.04,0.05,0.05,81.0,65,0.36133451171875,False,2026-09-28 17:51:54+00:00,SPY261006P00665000
SPY,2026-09-29,765.61,2026-10-06,P,670.0,0.05,0.06,0.05,74.0,15,0.3505924316406249,False,2026-09-28 13:44:01+00:00,SPY261006P00670000
SPY,2026-09-29,765.61,2026-10-06,P,675.0,0.05,0.06,0.08,1.0,1,0.33301448242187504,False,2026-09-25 15:10:13+00:00,SPY261006P00675000
SPY,2026-09-29,765.61,2026-10-06,P,690.0,0.07,0.08,0.08,1.0,5,0.29004616210937495,False,2026-09-28 14:38:05+00:00,SPY261006P00690000
SPY,2026-09-29,765.61,2026-10-06,P,695.0,0.08,0.09,0.1,1.0,143,0.27637442382812494,False,2026-09-28 14:22:27+00:00,SPY261006P00695000
SPY,2026-09-29,765.61,2026-10-06,P,700.0,0.09,0.1,0.1,40.0,137,0.2617261328125,False,2026-09-28 20:13:26+00:00,SPY261006P00700000
SPY,2026-09-29,765.61,2026-10-06,P,705.0,0.11,0.12,0.31,18.0,28,0.249030947265625,False,2026-09-24 15:55:53+00:00,SPY261006P00705000
SPY,2026-09-29,765.61,2026-10-06,P,710.0,0.12,0.13,0.13,8.0,39,0.233406103515625,False,2026-09-28 17:46:06+00:00,SPY261006P00710000
SPY,2026-09-29,765.61,2026-10-06,P,715.0,0.14,0.15,0.22,2.0,96,0.21875781249999998,False,2026-09-28 14:51:39+00:00,SPY261006P00715000
SPY,2026-09-29,765.61,2026-10-06,P,720.0,0.17,0.18,0.19,38.0,104,0.20508607421874997,False,2026-09-28 19:57:43+00:00,SPY261006P00720000
SPY,2026-09-29,765.61,2026-10-06,P,723.0,0.2,0.21,0.21,10.0,4,0.19800606689453126,False,2026-09-28 19:38:41+00:00,SPY261006P00723000
SPY,2026-09-29,765.61,2026-10-06,P,724.0,0.21,0.22,0.22,11.0,1,0.19556468505859376,False,2026-09-28 20:13:03+00:00,SPY261006P00724000
SPY,2026-09-29,765.61,2026-10-06,P,725.0,0.22,0.23,0.21,10.0,302,0.1928791650390625,False,2026-09-28 19:03:39+00:00,SPY261006P00725000
SPY,2026-09-29,765.61,2026-10-06,P,726.0,0.23,0.24,0.24,2.0,61,0.1901936450195313,False,2026-09-28 16:24:59+00:00,SPY261006P00726000
SPY,2026-09-29,765.61,2026-10-06,P,727.0,0.24,0.25,0.65,,2,0.18726398681640627,False,2026-09-24 14:45:57+00:00,SPY261006P00727000
SPY,2026-09-29,765.61,2026-10-06,P,728.0,0.26,0.27,0.27,45.0,65,0.18579915771484373,False,2026-09-28 19:47:20+00:00,SPY261006P00728000
SPY,2026-09-29,765.61,2026-10-06,P,729.0,0.27,0.28,0.29,15.0,30,0.18262536132812499,False,2026-09-28 19:49:27+00:00,SPY261006P00729000
SPY,2026-09-29,765.61,2026-10-06,P,730.0,0.29,0.3,0.31,52.0,283,0.180672255859375,False,2026-09-28 19:39:35+00:00,SPY261006P00730000
SPY,2026-09-29,765.61,2026-10-06,P,731.0,0.31,0.32,0.28,4.0,9,0.17847501220703127,False,2026-09-28 17:14:57+00:00,SPY261006P00731000
SPY,2026-09-29,765.61,2026-10-06,P,732.0,0.32,0.33,0.36,76.0,78,0.1753012158203125,False,2026-09-25 17:17:20+00:00,SPY261006P00732000
SPY,2026-09-29,765.61,2026-10-06,P,733.0,0.35,0.36,0.35,12.0,28,0.17383638671875,False,2026-09-28 19:43:54+00:00,SPY261006P00733000
SPY,2026-09-29,765.61,2026-10-06,P,734.0,0.37,0.38,0.39,5.0,31,0.17127293579101563,False,2026-09-28 19:38:44+00:00,SPY261006P00734000
SPY,2026-09-29,765.61,2026-10-06,P,735.0,0.4,0.41,0.39,100.0,399,0.1694418994140625,False,2026-09-28 20:06:59+00:00,SPY261006P00735000
SPY,2026-09-29,765.61,2026-10-06,P,736.0,0.42,0.44,0.42,6.0,29,0.16724465576171876,False,2026-09-28 20:06:21+00:00,SPY261006P00736000
SPY,2026-09-29,765.61,2026-10-06,P,737.0,0.46,0.47,0.49,14.0,30,0.165047412109375,False,2026-09-28 19:40:28+00:00,SPY261006P00737000
SPY,2026-09-29,765.61,2026-10-06,P,738.0,0.49,0.5,0.53,58.0,16,0.1626060302734375,False,2026-09-28 19:56:40+00:00,SPY261006P00738000
SPY,2026-09-29,765.61,2026-10-06,P,739.0,0.53,0.54,0.5,73.0,196,0.1606529248046875,False,2026-09-28 17:24:25+00:00,SPY261006P00739000
SPY,2026-09-29,765.61,2026-10-06,P,740.0,0.58,0.59,0.61,43.0,555,0.159188095703125,False,2026-09-28 19:52:56+00:00,SPY261006P00740000
SPY,2026-09-29,765.61,2026-10-06,P,741.0,0.62,0.64,0.54,2.0,10,0.1573570593261719,False,2026-09-28 13:34:03+00:00,SPY261006P00741000
SPY,2026-09-29,765.61,2026-10-06,P,742.0,0.68,0.69,0.56,24.0,87,0.15528188476562502,False,2026-09-28 18:10:10+00:00,SPY261006P00742000
SPY,2026-09-29,765.61,2026-10-06,P,743.0,0.73,0.75,0.61,25.0,57,0.15357291748046875,False,2026-09-28 18:23:11+00:00,SPY261006P00743000
SPY,2026-09-29,765.61,2026-10-06,P,744.0,0.8,0.81,0.77,17.0,22,0.1514977429199219,False,2026-09-28 19:31:00+00:00,SPY261006P00744000
SPY,2026-09-29,765.61,2026-10-06,P,745.0,0.87,0.89,0.88,31.0,472,0.15015498291015628,False,2026-09-28 20:09:48+00:00,SPY261006P00745000
SPY,2026-09-29,765.61,2026-10-06,P,746.0,0.95,0.96,0.75,5.0,131,0.14801877380371098,False,2026-09-28 16:29:22+00:00,SPY261006P00746000
SPY,2026-09-29,765.61,2026-10-06,P,747.0,1.03,1.05,1.06,12.0,198,0.14649291015625,False,2026-09-28 20:12:20+00:00,SPY261006P00747000
SPY,2026-09-29,765.61,2026-10-06,P,748.0,1.13,1.15,1.09,184.0,790,0.1450280810546875,False,2026-09-28 19:31:00+00:00,SPY261006P00748000
SPY,2026-09-29,765.61,2026-10-06,P,749.0,1.23,1.25,1.2,18.0,91,0.14313601013183597,False,2026-09-28 20:00:02+00:00,SPY261006P00749000
SPY,2026-09-29,765.61,2026-10-06,P,750.0,1.34,1.36,1.36,716.0,859,0.14130497375488282,False,2026-09-28 20:14:18+00:00,SPY261006P00750000
SPY,2026-09-29,765.61,2026-10-06,P,751.0,1.47,1.49,1.18,42.0,233,0.13984014465332031,False,2026-09-28 17:13:13+00:00,SPY261006P00751000
SPY,2026-09-29,765.61,2026-10-06,P,752.0,1.6,1.62,1.59,74.0,107,0.1380091082763672,False,2026-09-28 19:47:02+00:00,SPY261006P00752000
SPY,2026-09-29,765.61,2026-10-06,P,753.0,1.75,1.77,1.88,205.0,160,0.13636117553710939,False,2026-09-28 19:54:28+00:00,SPY261006P00753000
SPY,2026-09-29,765.61,2026-10-06,P,754.0,1.91,1.94,1.87,820.0,212,0.13495738098144533,False,2026-09-28 20:00:02+00:00,SPY261006P00754000
SPY,2026-09-29,765.61,2026-10-06,P,755.0,2.09,2.12,2.12,459.0,424,0.13337048278808594,False,2026-09-28 20:13:10+00:00,SPY261006P00755000
SPY,2026-09-29,765.61,2026-10-06,P,756.0,2.28,2.31,2.4,209.0,162,0.13163099822998048,False,2026-09-28 19:51:37+00:00,SPY261006P00756000
SPY,2026-09-29,765.61,2026-10-06,P,757.0,2.49,2.52,2.41,86.0,479,0.1299525482177734,False,2026-09-28 20:04:43+00:00,SPY261006P00757000
SPY,2026-09-29,765.61,2026-10-06,P,758.0,2.72,2.75,2.91,158.0,71,0.12836565002441402,False,2026-09-28 19:54:33+00:00,SPY261006P00758000
SPY,2026-09-29,765.61,2026-10-06,P,759.0,2.97,3.0,3.07,154.0,100,0.1267787518310547,False,2026-09-28 19:56:48+00:00,SPY261006P00759000
SPY,2026-09-29,765.61,2026-10-06,P,760.0,3.24,3.27,3.26,404.0,602,0.12513081909179688,False,2026-09-28 20:13:10+00:00,SPY261006P00760000
SPY,2026-09-29,765.61,2026-10-06,P,761.0,3.53,3.57,3.54,121.0,282,0.12366598999023437,False,2026-09-28 20:14:53+00:00,SPY261006P00761000
SPY,2026-09-29,765.61,2026-10-06,P,762.0,3.85,3.89,3.88,261.0,125,0.12210960906982424,False,2026-09-28 19:48:08+00:00,SPY261006P00762000
SPY,2026-09-29,765.61,2026-10-06,P,763.0,4.19,4.23,4.08,594.0,182,0.12043115905761718,False,2026-09-28 20:04:23+00:00,SPY261006P00763000
SPY,2026-09-29,765.61,2026-10-06,P,764.0,4.56,4.6,4.5,340.0,342,0.1188442608642578,False,2026-09-28 19:58:54+00:00,SPY261006P00764000
SPY,2026-09-29,765.61,2026-10-06,P,765.0,4.96,5.0,4.85,1110.0,1073,0.11725736267089844,False,2026-09-28 20:01:32+00:00,SPY261006P00765000
SPY,2026-09-29,765.61,2026-10-06,P,766.0,5.39,5.44,5.4,268.0,103,0.1159146026611328,True,2026-09-28 20:14:52+00:00,SPY261006P00766000
SPY,2026-09-29,765.61,2026-10-06,P,767.0,5.85,5.9,5.82,1344.0,63,0.11438873901367189,True,2026-09-28 20:05:21+00:00,SPY261006P00767000
SPY,2026-09-29,765.61,2026-10-06,P,768.0,6.29,6.45,6.41,268.0,233,0.1141140835571289,True,2026-09-28 19:57:56+00:00,SPY261006P00768000
SPY,2026-09-29,765.61,2026-10-06,P,769.0,6.79,6.94,6.78,135.0,70,0.11179477081298828,True,2026-09-28 20:07:46+00:00,SPY261006P00769000
SPY,2026-09-29,765.61,2026-10-06,P,770.0,7.34,7.57,7.57,135.0,775,0.11194735717773435,True,2026-09-28 20:14:18+00:00,SPY261006P00770000
SPY,2026-09-29,765.61,2026-10-06,P,771.0,7.92,8.18,7.12,620.0,103,0.11090976989746093,True,2026-09-28 18:54:05+00:00,SPY261006P00771000
SPY,2026-09-29,765.61,2026-10-06,P,772.0,8.62,8.8,8.81,389.0,81,0.10938390625,True,2026-09-28 19:53:10+00:00,SPY261006P00772000
SPY,2026-09-29,765.61,2026-10-06,P,773.0,9.22,9.52,9.31,130.0,193,0.10956700988769531,True,2026-09-28 19:51:50+00:00,SPY261006P00773000
SPY,2026-09-29,765.61,2026-10-06,P,774.0,9.92,10.22,9.55,30.0,32,0.10846838806152344,True,2026-09-28 19:26:24+00:00,SPY261006P00774000
SPY,2026-09-29,765.61,2026-10-06,P,775.0,10.65,11.0,10.65,37.0,339,0.1088956298828125,True,2026-09-28 20:03:57+00:00,SPY261006P00775000
SPY,2026-09-29,765.61,2026-10-06,P,776.0,11.4,11.79,11.2,2.0,3,0.1088956298828125,True,2026-09-28 19:22:21+00:00,SPY261006P00776000
SPY,2026-09-29,765.61,2026-10-06,P,777.0,12.2,12.6,11.03,42.0,2,0.10883459533691406,True,2026-09-28 18:30:29+00:00,SPY261006P00777000
SPY,2026-09-29,765.61,2026-10-06,P,778.0,13.03,13.46,11.59,2.0,3,0.1098721826171875,True,2026-09-28 17:23:17+00:00,SPY261006P00778000
SPY,2026-09-29,765.61,2026-10-06,P,779.0,13.86,14.3,12.42,10.0,6,0.10950597534179687,True,2026-09-28 17:23:23+00:00,SPY261006P00779000
SPY,2026-09-29,765.61,2026-10-06,P,780.0,13.65,16.82,14.06,47.0,20,0.16523051574707032,True,2026-09-28 17:09:52+00:00,SPY261006P00780000
SPY,2026-09-29,765.61,2026-10-06,P,781.0,14.55,17.73,14.7,7.0,1,0.1688925885009766,True,2026-09-28 18:38:52+00:00,SPY261006P00781000
SPY,2026-09-29,765.61,2026-10-06,P,782.0,15.48,18.65,15.11,4.0,2,0.17273776489257814,True,2026-09-25 14:31:50+00:00,SPY261006P00782000
SPY,2026-09-29,765.61,2026-10-06,P,785.0,18.37,21.37,18.3,2.0,3,0.18164880859375,True,2026-09-28 14:37:58+00:00,SPY261006P00785000
SPY,2026-09-29,765.61,2026-10-06,P,786.0,19.37,22.46,15.53,1.0,1,0.19049881774902344,True,2026-09-25 17:33:55+00:00,SPY261006P00786000
SPY,2026-09-29,765.61,2026-10-06,P,788.0,21.37,24.4,22.06,4.0,2,0.1998981378173828,True,2026-09-28 19:29:48+00:00,SPY261006P00788000
SPY,2026-09-29,765.61,2026-10-06,P,790.0,22.75,26.38,15.85,,0,0.21039607971191404,True,2026-09-22 19:43:35+00:00,SPY261006P00790000
SPY,2026-09-29,765.61,2026-10-07,C,705.0,59.57,63.3,67.34,,1,0.431219066772461,True,2026-09-23 14:03:27+00:00,SPY261007C00705000
SPY,2026-09-29,765.61,2026-10-07,C,728.0,36.78,40.59,42.47,2.0,2,0.315314464111328,True,2026-09-25 15:00:47+00:00,SPY261007C00728000
SPY,2026-09-29,765.61,2026-10-07,C,729.0,35.87,39.58,37.76,,3,0.3092110095214844,True,2026-09-24 14:46:43+00:00,SPY261007C00729000
SPY,2026-09-29,765.61,2026-10-07,C,730.0,34.82,38.62,37.03,,3,0.3048165222167969,True,2026-09-24 14:46:20+00:00,SPY261007C00730000
SPY,2026-09-29,765.61,2026-10-07,C,731.0,33.9,37.63,37.55,2.0,1,0.29932341308593746,True,2026-09-28 14:17:49+00:00,SPY261007C00731000
SPY,2026-09-29,765.61,2026-10-07,C,733.0,31.95,35.54,35.72,2.0,4,0.2845530529785155,True,2026-09-28 14:19:06+00:00,SPY261007C00733000
SPY,2026-09-29,765.61,2026-10-07,C,740.0,25.25,28.83,28.37,2.0,5,0.25202164001464844,True,2026-09-24 14:45:24+00:00,SPY261007C00740000
SPY,2026-09-29,765.61,2026-10-07,C,744.0,22.92,23.37,27.15,14.0,2,0.1808553594970703,True,2026-09-25 15:03:59+00:00,SPY261007C00744000
SPY,2026-09-29,765.61,2026-10-07,C,745.0,22.02,22.44,24.59,2.0,3,0.17762052856445312,True,2026-09-28 17:18:41+00:00,SPY261007C00745000
SPY,2026-09-29,765.61,2026-10-07,C,750.0,17.59,17.97,19.0,8.0,8,0.1643760321044922,True,2026-09-28 18:30:38+00:00,SPY261007C00750000
SPY,2026-09-29,765.61,2026-10-07,C,751.0,16.74,17.08,18.11,10.0,74,0.16120223571777342,True,2026-09-28 17:09:22+00:00,SPY261007C00751000
SPY,2026-09-29,765.61,2026-10-07,C,752.0,15.89,16.25,18.99,,71,0.15943223388671873,True,2026-09-24 18:30:34+00:00,SPY261007C00752000
SPY,2026-09-29,765.61,2026-10-07,C,755.0,13.45,13.75,13.76,2.0,2,0.15204705383300782,True,2026-09-25 16:08:08+00:00,SPY261007C00755000
SPY,2026-09-29,765.61,2026-10-07,C,756.0,12.66,12.95,15.7,,6,0.14978877563476564,True,2026-09-24 16:45:36+00:00,SPY261007C00756000
SPY,2026-09-29,765.61,2026-10-07,C,757.0,11.89,12.09,12.1,13.0,12,0.14576049560546872,True,2026-09-28 19:41:41+00:00,SPY261007C00757000
SPY,2026-09-29,765.61,2026-10-07,C,758.0,11.13,11.41,11.9,4.0,17,0.14563842651367187,True,2026-09-28 19:25:04+00:00,SPY261007C00758000
SPY,2026-09-29,765.61,2026-10-07,C,759.0,10.39,10.66,10.7,297.0,50,0.14350221740722657,True,2026-09-28 19:43:31+00:00,SPY261007C00759000
SPY,2026-09-29,765.61,2026-10-07,C,760.0,9.68,9.9,9.9,81.0,65,0.1407251455688477,True,2026-09-28 20:07:33+00:00,SPY261007C00760000
SPY,2026-09-29,765.61,2026-10-07,C,761.0,8.97,9.2,8.63,70.0,16,0.13886359191894532,True,2026-09-28 14:59:38+00:00,SPY261007C00761000
SPY,2026-09-29,765.61,2026-10-07,C,762.0,8.3,8.52,8.49,220.0,1,0.13703255554199223,True,2026-09-28 19:42:11+00:00,SPY261007C00762000
SPY,2026-09-29,765.61,2026-10-07,C,763.0,7.65,7.84,10.1,18.0,26,0.13471324279785157,True,2026-09-28 17:13:30+00:00,SPY261007C00763000
SPY,2026-09-29,765.61,2026-10-07,C,764.0,7.05,7.14,7.34,114.0,12,0.1315394464111328,True,2026-09-28 19:32:54+00:00,SPY261007C00764000
SPY,2026-09-29,765.61,2026-10-07,C,765.0,6.45,6.49,6.47,220.0,108,0.12888444366455076,True,2026-09-28 19:54:10+00:00,SPY261007C00765000
SPY,2026-09-29,765.61,2026-10-07,C,766.0,5.87,5.91,5.9,552.0,44,0.12720599365234375,False,2026-09-28 20:14:26+00:00,SPY261007C00766000
SPY,2026-09-29,765.61,2026-10-07,C,767.0,5.32,5.36,5.55,486.0,57,0.1255885781860352,False,2026-09-28 19:57:54+00:00,SPY261007C00767000
SPY,2026-09-29,765.61,2026-10-07,C,768.0,4.81,4.84,4.85,688.0,90,0.124032197265625,False,2026-09-28 20:09:33+00:00,SPY261007C00768000
SPY,2026-09-29,765.61,2026-10-07,C,769.0,4.32,4.35,4.42,435.0,142,0.1225368508911133,False,2026-09-28 20:05:11+00:00,SPY261007C00769000
SPY,2026-09-29,765.61,2026-10-07,C,770.0,3.87,3.89,3.93,536.0,325,0.12104150451660156,False,2026-09-28 20:08:10+00:00,SPY261007C00770000
SPY,2026-09-29,765.61,2026-10-07,C,771.0,3.44,3.46,3.45,330.0,177,0.11963770996093749,False,2026-09-28 20:12:06+00:00,SPY261007C00771000
SPY,2026-09-29,765.61,2026-10-07,C,772.0,3.04,3.07,3.03,436.0,457,0.11841701904296875,False,2026-09-28 19:56:08+00:00,SPY261007C00772000
SPY,2026-09-29,765.61,2026-10-07,C,773.0,2.68,2.71,2.81,268.0,290,0.11728787994384765,False,2026-09-28 19:29:59+00:00,SPY261007C00773000
SPY,2026-09-29,765.61,2026-10-07,C,774.0,2.35,2.37,2.48,104.0,362,0.11597563720703125,False,2026-09-28 19:32:56+00:00,SPY261007C00774000
SPY,2026-09-29,765.61,2026-10-07,C,775.0,2.05,2.07,2.16,511.0,361,0.11493804992675781,False,2026-09-28 20:06:47+00:00,SPY261007C00775000
SPY,2026-09-29,765.61,2026-10-07,C,776.0,1.78,1.8,1.95,36.0,102,0.11396149719238281,False,2026-09-28 19:33:41+00:00,SPY261007C00776000
SPY,2026-09-29,765.61,2026-10-07,C,777.0,1.55,1.56,1.64,256.0,148,0.11316804809570313,False,2026-09-28 19:58:09+00:00,SPY261007C00777000
SPY,2026-09-29,765.61,2026-10-07,C,778.0,1.33,1.35,1.38,156.0,38,0.11255770263671874,False,2026-09-28 19:56:58+00:00,SPY261007C00778000
SPY,2026-09-29,765.61,2026-10-07,C,779.0,1.14,1.16,1.15,148.0,122,0.11188632263183593,False,2026-09-28 19:44:05+00:00,SPY261007C00779000
SPY,2026-09-29,765.61,2026-10-07,C,780.0,0.98,0.99,1.03,339.0,355,0.11121494262695311,False,2026-09-28 20:07:33+00:00,SPY261007C00780000
SPY,2026-09-29,765.61,2026-10-07,C,781.0,0.83,0.85,0.91,33.0,182,0.11097080444335936,False,2026-09-28 19:38:16+00:00,SPY261007C00781000
SPY,2026-09-29,765.61,2026-10-07,C,782.0,0.71,0.72,0.86,174.0,127,0.11042149353027343,False,2026-09-28 19:10:24+00:00,SPY261007C00782000
SPY,2026-09-29,765.61,2026-10-07,C,783.0,0.6,0.61,0.64,117.0,171,0.1100552862548828,False,2026-09-28 19:50:34+00:00,SPY261007C00783000
SPY,2026-09-29,765.61,2026-10-07,C,784.0,0.51,0.52,0.66,297.0,39,0.10999425170898436,False,2026-09-28 19:02:02+00:00,SPY261007C00784000
SPY,2026-09-29,765.61,2026-10-07,C,785.0,0.44,0.45,0.46,150.0,229,0.11048252807617187,False,2026-09-28 20:05:44+00:00,SPY261007C00785000
SPY,2026-09-29,765.61,2026-10-07,C,786.0,0.37,0.38,0.38,208.0,78,0.11036045898437499,False,2026-09-28 19:56:28+00:00,SPY261007C00786000
SPY,2026-09-29,765.61,2026-10-07,C,787.0,0.31,0.32,0.33,32.0,114,0.11036045898437499,False,2026-09-28 20:02:34+00:00,SPY261007C00787000
SPY,2026-09-29,765.61,2026-10-07,C,788.0,0.26,0.27,0.3,44.0,165,0.11036045898437499,False,2026-09-28 19:32:22+00:00,SPY261007C00788000
SPY,2026-09-29,765.61,2026-10-07,C,789.0,0.23,0.24,0.31,106.0,39,0.11170321899414062,False,2026-09-28 18:32:30+00:00,SPY261007C00789000
SPY,2026-09-29,765.61,2026-10-07,C,790.0,0.19,0.2,0.23,586.0,329,0.11158114990234375,False,2026-09-28 19:07:11+00:00,SPY261007C00790000
SPY,2026-09-29,765.61,2026-10-07,C,791.0,0.17,0.18,0.18,5.0,69,0.11304597900390626,False,2026-09-28 19:56:28+00:00,SPY261007C00791000
SPY,2026-09-29,765.61,2026-10-07,C,792.0,0.14,0.15,0.15,47.0,139,0.11304597900390626,False,2026-09-28 20:12:28+00:00,SPY261007C00792000
SPY,2026-09-29,765.61,2026-10-07,C,793.0,0.12,0.13,0.19,3.0,179,0.11402253173828125,False,2026-09-28 17:54:03+00:00,SPY261007C00793000
SPY,2026-09-29,765.61,2026-10-07,C,794.0,0.11,0.12,0.12,1.0,33,0.1157314990234375,False,2026-09-28 20:03:14+00:00,SPY261007C00794000
SPY,2026-09-29,765.61,2026-10-07,C,795.0,0.1,0.11,0.1,9.0,236,0.1176846044921875,False,2026-09-28 19:53:42+00:00,SPY261007C00795000
SPY,2026-09-29,765.61,2026-10-07,C,796.0,0.08,0.09,0.1,113.0,29,0.117196328125,False,2026-09-28 19:46:27+00:00,SPY261007C00796000
SPY,2026-09-29,765.61,2026-10-07,C,797.0,0.08,0.09,0.13,1.0,134,0.1206142626953125,False,2026-09-28 13:54:16+00:00,SPY261007C00797000
SPY,2026-09-29,765.61,2026-10-07,C,798.0,0.07,0.08,0.08,10.0,1,0.1215908154296875,False,2026-09-28 18:30:50+00:00,SPY261007C00798000
SPY,2026-09-29,765.61,2026-10-07,C,799.0,0.06,0.07,0.08,48.0,32,0.12256736816406251,False,2026-09-28 18:42:29+00:00,SPY261007C00799000
SPY,2026-09-29,765.61,2026-10-07,C,800.0,0.06,0.07,0.08,107.0,70,0.12549702636718751,False,2026-09-28 18:50:12+00:00,SPY261007C00800000
SPY,2026-09-29,765.61,2026-10-07,C,801.0,0.05,0.06,0.08,38.0,8,0.125985302734375,False,2026-09-28 18:19:04+00:00,SPY261007C00801000
SPY,2026-09-29,765.61,2026-10-07,C,802.0,0.05,0.06,0.08,23.0,9,0.1289149609375,False,2026-09-28 13:42:57+00:00,SPY261007C00802000
SPY,2026-09-29,765.61,2026-10-07,C,804.0,0.04,0.05,0.12,10.0,8,0.131844619140625,False,2026-09-25 17:38:03+00:00,SPY261007C00804000
SPY,2026-09-29,765.61,2026-10-07,C,805.0,0.04,0.05,0.11,35.0,27,0.13477427734375003,False,2026-09-25 20:02:11+00:00,SPY261007C00805000
SPY,2026-09-29,765.61,2026-10-07,C,806.0,0.04,0.05,0.04,14.0,17,0.13770393554687502,False,2026-09-28 15:07:17+00:00,SPY261007C00806000
SPY,2026-09-29,765.61,2026-10-07,C,808.0,0.03,0.04,0.04,1.0,3,0.139657041015625,False,2026-09-28 18:12:30+00:00,SPY261007C00808000
SPY,2026-09-29,765.61,2026-10-07,C,809.0,0.03,0.04,0.09,39.0,35,0.14258669921875,False,2026-09-25 17:39:13+00:00,SPY261007C00809000
SPY,2026-09-29,765.61,2026-10-07,C,810.0,0.03,0.04,0.04,111.0,29,0.145516357421875,False,2026-09-28 18:22:59+00:00,SPY261007C00810000
SPY,2026-09-29,765.61,2026-10-07,C,815.0,0.02,0.03,0.04,24.0,24,0.15430533203125002,False,2026-09-25 15:25:00+00:00,SPY261007C00815000
SPY,2026-09-29,765.61,2026-10-07,C,820.0,0.02,0.03,0.03,24.0,25,0.16797707031250003,False,2026-09-28 17:44:42+00:00,SPY261007C00820000
SPY,2026-09-29,765.61,2026-10-07,C,825.0,0.02,0.03,0.05,12.0,29,0.180672255859375,False,2026-09-25 17:01:36+00:00,SPY261007C00825000
SPY,2026-09-29,765.61,2026-10-07,C,830.0,0.01,0.02,0.03,6.0,97,0.18555501953124998,False,2026-09-28 17:48:26+00:00,SPY261007C00830000
SPY,2026-09-29,765.61,2026-10-07,C,855.0,0.01,0.02,0.01,2.0,1,0.2461012890625,False,2026-09-25 18:31:13+00:00,SPY261007C00855000
SPY,2026-09-29,765.61,2026-10-07,C,875.0,0.0,0.01,0.01,20.0,20,0.273444765625,False,2026-09-25 16:20:25+00:00,SPY261007C00875000
SPY,2026-09-29,765.61,2026-10-07,P,565.0,0.01,0.02,0.03,,72,0.6171913281250001,False,2026-09-24 17:22:02+00:00,SPY261007P00565000
SPY,2026-09-29,765.61,2026-10-07,P,570.0,0.01,0.02,0.03,,72,0.6015664843750002,False,2026-09-24 19:49:29+00:00,SPY261007P00570000
SPY,2026-09-29,765.61,2026-10-07,P,575.0,0.01,0.02,0.03,10.0,10,0.585941640625,False,2026-09-25 17:35:00+00:00,SPY261007P00575000
SPY,2026-09-29,765.61,2026-10-07,P,585.0,0.01,0.02,0.04,,5,0.5507857421875001,False,2026-09-24 17:48:10+00:00,SPY261007P00585000
SPY,2026-09-29,765.61,2026-10-07,P,595.0,0.02,0.03,0.03,48.0,48,0.5429733203125001,False,2026-09-25 13:42:51+00:00,SPY261007P00595000
SPY,2026-09-29,765.61,2026-10-07,P,645.0,0.04,0.05,0.1,,1,0.4062559375,False,2026-09-24 18:03:13+00:00,SPY261007P00645000
SPY,2026-09-29,765.61,2026-10-07,P,650.0,0.05,0.06,0.1,,3,0.397466962890625,False,2026-09-24 17:55:34+00:00,SPY261007P00650000
SPY,2026-09-29,765.61,2026-10-07,P,665.0,0.06,0.07,0.06,65.0,36,0.35352208984374994,False,2026-09-28 17:37:20+00:00,SPY261007P00665000
SPY,2026-09-29,765.61,2026-10-07,P,670.0,0.07,0.08,0.12,5.0,5,0.34180345703125,False,2026-09-25 14:05:36+00:00,SPY261007P00670000
SPY,2026-09-29,765.61,2026-10-07,P,675.0,0.07,0.08,0.08,1.0,75,0.3242255078124999,False,2026-09-24 18:26:30+00:00,SPY261007P00675000
SPY,2026-09-29,765.61,2026-10-07,P,685.0,0.09,0.1,0.11,7.0,7,0.29883513671874995,False,2026-09-28 13:32:22+00:00,SPY261007P00685000
SPY,2026-09-29,765.61,2026-10-07,P,695.0,0.11,0.12,0.11,201.0,21,0.270515107421875,False,2026-09-28 18:09:49+00:00,SPY261007P00695000
SPY,2026-09-29,765.61,2026-10-07,P,700.0,0.13,0.14,0.14,156.0,234,0.257819921875,False,2026-09-25 19:59:18+00:00,SPY261007P00700000
SPY,2026-09-29,765.61,2026-10-07,P,705.0,0.15,0.16,0.16,2.0,43,0.24463645996093752,False,2026-09-25 17:36:06+00:00,SPY261007P00705000
SPY,2026-09-29,765.61,2026-10-07,P,710.0,0.17,0.18,0.19,85.0,260,0.2304764453125,False,2026-09-28 20:00:28+00:00,SPY261007P00710000
SPY,2026-09-29,765.61,2026-10-07,P,715.0,0.2,0.21,0.19,100.0,18,0.21704884521484374,False,2026-09-28 18:08:43+00:00,SPY261007P00715000
SPY,2026-09-29,765.61,2026-10-07,P,720.0,0.24,0.25,0.25,9.0,64,0.20386538330078124,False,2026-09-28 20:08:37+00:00,SPY261007P00720000
SPY,2026-09-29,765.61,2026-10-07,P,723.0,0.27,0.28,0.28,131.0,11,0.19605296142578127,False,2026-09-28 20:08:37+00:00,SPY261007P00723000
SPY,2026-09-29,765.61,2026-10-07,P,725.0,0.3,0.31,0.28,103.0,52,0.1914143359375,False,2026-09-28 18:08:21+00:00,SPY261007P00725000
SPY,2026-09-29,765.61,2026-10-07,P,726.0,0.32,0.33,0.32,44.0,4,0.18970536865234378,False,2026-09-28 20:05:30+00:00,SPY261007P00726000
SPY,2026-09-29,765.61,2026-10-07,P,727.0,0.33,0.34,0.3,4.0,14,0.186531572265625,False,2026-09-28 18:37:29+00:00,SPY261007P00727000
SPY,2026-09-29,765.61,2026-10-07,P,728.0,0.35,0.36,0.36,5.0,17,0.18457846679687498,False,2026-09-28 17:07:33+00:00,SPY261007P00728000
SPY,2026-09-29,765.61,2026-10-07,P,729.0,0.38,0.39,0.33,13.0,10,0.18323570678710935,False,2026-09-28 17:11:24+00:00,SPY261007P00729000
SPY,2026-09-29,765.61,2026-10-07,P,730.0,0.39,0.4,0.4,41.0,22,0.17993984130859375,False,2026-09-28 20:14:11+00:00,SPY261007P00730000
SPY,2026-09-29,765.61,2026-10-07,P,731.0,0.41,0.43,0.37,1.0,8,0.1783529431152344,False,2026-09-25 19:50:01+00:00,SPY261007P00731000
SPY,2026-09-29,765.61,2026-10-07,P,732.0,0.44,0.45,0.51,37.0,58,0.17566742309570313,False,2026-09-28 14:43:53+00:00,SPY261007P00732000
SPY,2026-09-29,765.61,2026-10-07,P,733.0,0.47,0.48,0.47,3.0,118,0.17371431762695314,False,2026-09-28 17:11:24+00:00,SPY261007P00733000
SPY,2026-09-29,765.61,2026-10-07,P,734.0,0.5,0.51,0.48,14.0,34,0.17163914306640626,False,2026-09-28 19:13:01+00:00,SPY261007P00734000
SPY,2026-09-29,765.61,2026-10-07,P,735.0,0.53,0.54,0.52,565.0,345,0.16931983032226564,False,2026-09-28 20:07:01+00:00,SPY261007P00735000
SPY,2026-09-29,765.61,2026-10-07,P,736.0,0.57,0.58,0.55,26.0,74,0.1676108630371094,False,2026-09-28 19:17:49+00:00,SPY261007P00736000
SPY,2026-09-29,765.61,2026-10-07,P,737.0,0.61,0.62,0.57,93.0,77,0.16553568847656253,False,2026-09-28 19:32:22+00:00,SPY261007P00737000
SPY,2026-09-29,765.61,2026-10-07,P,738.0,0.65,0.67,0.69,29.0,273,0.16407085937500002,False,2026-09-28 16:19:54+00:00,SPY261007P00738000
SPY,2026-09-29,765.61,2026-10-07,P,739.0,0.7,0.71,0.67,96.0,169,0.16162947753906248,False,2026-09-28 19:13:01+00:00,SPY261007P00739000
SPY,2026-09-29,765.61,2026-10-07,P,740.0,0.75,0.77,0.75,18448.0,754,0.1601646484375,False,2026-09-28 19:44:42+00:00,SPY261007P00740000
SPY,2026-09-29,765.61,2026-10-07,P,741.0,0.81,0.83,0.64,3.0,43,0.15845568115234376,False,2026-09-28 16:26:37+00:00,SPY261007P00741000
SPY,2026-09-29,765.61,2026-10-07,P,742.0,0.87,0.89,0.9,11.0,229,0.15650257568359377,False,2026-09-28 19:48:54+00:00,SPY261007P00742000
SPY,2026-09-29,765.61,2026-10-07,P,743.0,0.94,0.96,0.87,90.0,23,0.15479360839843753,False,2026-09-28 18:39:37+00:00,SPY261007P00743000
SPY,2026-09-29,765.61,2026-10-07,P,744.0,1.01,1.03,1.06,96.0,58,0.15284050292968754,False,2026-09-28 19:57:47+00:00,SPY261007P00744000
SPY,2026-09-29,765.61,2026-10-07,P,745.0,1.09,1.11,1.16,67.0,154,0.15100946655273442,False,2026-09-28 19:49:31+00:00,SPY261007P00745000
SPY,2026-09-29,765.61,2026-10-07,P,746.0,1.18,1.2,1.14,31.0,67,0.14930049926757813,False,2026-09-28 19:31:00+00:00,SPY261007P00746000
SPY,2026-09-29,765.61,2026-10-07,P,747.0,1.28,1.3,1.38,8.0,27,0.14771360107421877,False,2026-09-28 19:54:34+00:00,SPY261007P00747000
SPY,2026-09-29,765.61,2026-10-07,P,748.0,1.38,1.41,1.26,45.0,51,0.14618773742675778,False,2026-09-28 18:39:10+00:00,SPY261007P00748000
SPY,2026-09-29,765.61,2026-10-07,P,749.0,1.5,1.52,1.57,27.0,158,0.1443567010498047,False,2026-09-28 18:09:14+00:00,SPY261007P00749000
SPY,2026-09-29,765.61,2026-10-07,P,750.0,1.62,1.64,1.62,241.0,382,0.14252566467285155,False,2026-09-28 19:59:02+00:00,SPY261007P00750000
SPY,2026-09-29,765.61,2026-10-07,P,751.0,1.76,1.78,1.72,61.0,90,0.14099980102539064,False,2026-09-28 20:05:03+00:00,SPY261007P00751000
SPY,2026-09-29,765.61,2026-10-07,P,752.0,1.9,1.93,1.65,126.0,124,0.13941290283203128,False,2026-09-28 18:48:23+00:00,SPY261007P00752000
SPY,2026-09-29,765.61,2026-10-07,P,753.0,2.06,2.09,2.16,57.0,35,0.13779548736572267,False,2026-09-28 18:56:53+00:00,SPY261007P00753000
SPY,2026-09-29,765.61,2026-10-07,P,754.0,2.23,2.26,2.24,152.0,81,0.1360560028076172,False,2026-09-28 20:14:57+00:00,SPY261007P00754000
SPY,2026-09-29,765.61,2026-10-07,P,755.0,2.41,2.45,2.4,391.0,474,0.13449962188720704,False,2026-09-28 19:58:52+00:00,SPY261007P00755000
SPY,2026-09-29,765.61,2026-10-07,P,756.0,2.62,2.65,2.59,72.0,174,0.1327906546020508,False,2026-09-28 19:48:00+00:00,SPY261007P00756000
SPY,2026-09-29,765.61,2026-10-07,P,757.0,2.83,2.87,2.95,70.0,90,0.1311732391357422,False,2026-09-28 19:53:41+00:00,SPY261007P00757000
SPY,2026-09-29,765.61,2026-10-07,P,758.0,3.07,3.11,3.06,92.0,195,0.1295863409423828,False,2026-09-28 19:15:35+00:00,SPY261007P00758000
SPY,2026-09-29,765.61,2026-10-07,P,759.0,3.32,3.36,3.33,106.0,181,0.12784685638427734,False,2026-09-28 20:14:57+00:00,SPY261007P00759000
SPY,2026-09-29,765.61,2026-10-07,P,760.0,3.6,3.64,3.57,18444.0,382,0.12629047546386718,False,2026-09-28 19:58:52+00:00,SPY261007P00760000
SPY,2026-09-29,765.61,2026-10-07,P,761.0,3.9,3.94,3.85,73.0,94,0.12473409454345702,False,2026-09-28 20:00:09+00:00,SPY261007P00761000
SPY,2026-09-29,765.61,2026-10-07,P,762.0,4.21,4.26,4.38,138.0,170,0.12311667907714845,False,2026-09-28 19:53:13+00:00,SPY261007P00762000
SPY,2026-09-29,765.61,2026-10-07,P,763.0,4.56,4.6,4.48,186.0,68,0.12140771179199218,False,2026-09-28 20:07:14+00:00,SPY261007P00763000
SPY,2026-09-29,765.61,2026-10-07,P,764.0,4.93,4.97,4.91,130.0,133,0.1198208135986328,False,2026-09-28 19:59:58+00:00,SPY261007P00764000
SPY,2026-09-29,765.61,2026-10-07,P,765.0,5.32,5.37,5.3,500.0,444,0.11829494995117187,False,2026-09-28 20:10:59+00:00,SPY261007P00765000
SPY,2026-09-29,765.61,2026-10-07,P,766.0,5.75,5.79,5.72,272.0,144,0.11658598266601564,True,2026-09-28 19:59:58+00:00,SPY261007P00766000
SPY,2026-09-29,765.61,2026-10-07,P,767.0,6.2,6.25,6.21,351.0,101,0.11515167083740235,True,2026-09-28 19:50:34+00:00,SPY261007P00767000
SPY,2026-09-29,765.61,2026-10-07,P,768.0,6.69,6.74,6.68,405.0,281,0.11371735900878906,True,2026-09-28 20:11:24+00:00,SPY261007P00768000
SPY,2026-09-29,765.61,2026-10-07,P,769.0,7.11,7.33,7.2,241.0,68,0.1137783935546875,True,2026-09-28 20:11:24+00:00,SPY261007P00769000
SPY,2026-09-29,765.61,2026-10-07,P,770.0,7.66,7.87,7.57,240.0,375,0.11216097808837888,True,2026-09-28 20:05:00+00:00,SPY261007P00770000
SPY,2026-09-29,765.61,2026-10-07,P,771.0,8.23,8.48,7.98,48.0,187,0.11139804626464843,True,2026-09-28 19:29:57+00:00,SPY261007P00771000
SPY,2026-09-29,765.61,2026-10-07,P,772.0,8.87,9.11,8.04,8.0,124,0.11039097625732422,True,2026-09-28 16:47:00+00:00,SPY261007P00772000
SPY,2026-09-29,765.61,2026-10-07,P,773.0,9.47,9.77,10.06,3.0,21,0.10941442352294922,True,2026-09-28 14:45:08+00:00,SPY261007P00773000
SPY,2026-09-29,765.61,2026-10-07,P,774.0,10.17,10.47,10.03,9.0,22,0.1087125262451172,True,2026-09-28 19:16:10+00:00,SPY261007P00774000
SPY,2026-09-29,765.61,2026-10-07,P,775.0,10.87,11.21,10.85,16.0,153,0.10834631896972656,True,2026-09-28 20:00:09+00:00,SPY261007P00775000
SPY,2026-09-29,765.61,2026-10-07,P,776.0,11.67,11.97,9.53,4.0,4,0.10785804260253906,True,2026-09-28 16:26:35+00:00,SPY261007P00776000
SPY,2026-09-29,765.61,2026-10-07,P,777.0,12.4,12.76,11.3,1.0,2,0.10755286987304688,True,2026-09-25 17:50:40+00:00,SPY261007P00777000
SPY,2026-09-29,765.61,2026-10-07,P,778.0,13.2,13.59,11.67,183.0,1,0.10785804260253906,True,2026-09-28 14:05:53+00:00,SPY261007P00778000
SPY,2026-09-29,765.61,2026-10-07,P,779.0,14.03,14.45,14.59,73.0,2,0.10852942260742188,True,2026-09-28 19:56:03+00:00,SPY261007P00779000
SPY,2026-09-29,765.61,2026-10-07,P,780.0,14.76,16.94,16.62,2.0,4,0.15906602661132813,True,2026-09-28 14:55:16+00:00,SPY261007P00780000
SPY,2026-09-29,765.61,2026-10-07,P,781.0,14.65,17.82,14.96,1.0,1,0.16181258117675779,True,2026-09-25 17:11:47+00:00,SPY261007P00781000
SPY,2026-09-29,765.61,2026-10-07,P,785.0,18.38,21.43,15.79,,3,0.1731650067138672,True,2026-09-23 14:14:18+00:00,SPY261007P00785000
SPY,2026-09-29,765.61,2026-10-08,C,738.0,27.4,30.98,31.83,12.0,4,0.2551344018554688,True,2026-09-25 14:45:49+00:00,SPY261008C00738000
SPY,2026-09-29,765.61,2026-10-08,C,748.0,19.69,20.08,22.3,4.0,3,0.17078465942382814,True,2026-09-28 13:48:34+00:00,SPY261008C00748000
SPY,2026-09-29,765.61,2026-10-08,C,750.0,17.97,18.31,19.94,17.0,16,0.16510844665527347,True,2026-09-25 14:17:30+00:00,SPY261008C00750000
SPY,2026-09-29,765.61,2026-10-08,C,751.0,17.12,17.47,18.59,1.0,2,0.16312482391357425,True,2026-09-28 19:00:06+00:00,SPY261008C00751000
SPY,2026-09-29,765.61,2026-10-08,C,755.0,13.86,14.12,14.32,9.0,29,0.152901537475586,True,2026-09-28 19:15:55+00:00,SPY261008C00755000
SPY,2026-09-29,765.61,2026-10-08,C,756.0,13.07,13.38,14.36,36.0,3,0.1518639501953125,True,2026-09-28 18:29:20+00:00,SPY261008C00756000
SPY,2026-09-29,765.61,2026-10-08,C,760.0,10.1,10.32,10.67,99.0,13,0.1422815264892578,True,2026-09-28 19:26:16+00:00,SPY261008C00760000
SPY,2026-09-29,765.61,2026-10-08,C,761.0,9.41,9.58,9.45,20.0,1,0.13956548919677736,True,2026-09-28 19:54:13+00:00,SPY261008C00761000
SPY,2026-09-29,765.61,2026-10-08,C,762.0,8.73,8.94,9.36,31.0,3,0.1384973846435547,True,2026-09-28 19:25:43+00:00,SPY261008C00762000
SPY,2026-09-29,765.61,2026-10-08,C,764.0,7.47,7.57,8.29,142.0,2,0.1333094482421875,True,2026-09-28 19:03:46+00:00,SPY261008C00764000
SPY,2026-09-29,765.61,2026-10-08,C,765.0,6.88,6.92,6.99,1522.0,144,0.13080703186035153,True,2026-09-28 19:57:36+00:00,SPY261008C00765000
SPY,2026-09-29,765.61,2026-10-08,C,766.0,6.3,6.33,6.48,158.0,14,0.12897599548339844,False,2026-09-28 19:58:13+00:00,SPY261008C00766000
SPY,2026-09-29,765.61,2026-10-08,C,767.0,5.74,5.78,5.9,468.0,125,0.12748064910888673,False,2026-09-28 20:00:52+00:00,SPY261008C00767000
SPY,2026-09-29,765.61,2026-10-08,C,768.0,5.22,5.25,5.25,3223.0,181,0.12586323364257812,False,2026-09-28 20:13:55+00:00,SPY261008C00768000
SPY,2026-09-29,765.61,2026-10-08,C,769.0,4.72,4.75,4.91,952.0,111,0.1243373699951172,False,2026-09-28 19:59:55+00:00,SPY261008C00769000
SPY,2026-09-29,765.61,2026-10-08,C,770.0,4.25,4.28,4.3,676.0,131,0.12287254089355469,False,2026-09-28 20:09:44+00:00,SPY261008C00770000
SPY,2026-09-29,765.61,2026-10-08,C,771.0,3.81,3.84,3.97,165.0,126,0.12146874633789062,False,2026-09-28 20:04:20+00:00,SPY261008C00771000
SPY,2026-09-29,765.61,2026-10-08,C,772.0,3.4,3.43,3.8,55.0,76,0.12012598632812499,False,2026-09-28 19:25:17+00:00,SPY261008C00772000
SPY,2026-09-29,765.61,2026-10-08,C,773.0,3.02,3.05,3.03,413.0,85,0.11887477813720701,False,2026-09-28 20:08:41+00:00,SPY261008C00773000
SPY,2026-09-29,765.61,2026-10-08,C,774.0,2.68,2.7,2.81,88.0,23,0.1176846044921875,False,2026-09-28 20:00:06+00:00,SPY261008C00774000
SPY,2026-09-29,765.61,2026-10-08,C,775.0,2.36,2.38,2.44,304.0,234,0.11655546539306641,False,2026-09-28 19:41:28+00:00,SPY261008C00775000
SPY,2026-09-29,765.61,2026-10-08,C,776.0,2.07,2.09,2.08,59.0,10,0.1155483953857422,False,2026-09-28 20:13:14+00:00,SPY261008C00776000
SPY,2026-09-29,765.61,2026-10-08,C,777.0,1.81,1.83,1.86,105.0,47,0.11469391174316407,False,2026-09-28 19:53:30+00:00,SPY261008C00777000
SPY,2026-09-29,765.61,2026-10-08,C,778.0,1.58,1.6,1.62,190.0,60,0.11402253173828125,False,2026-09-28 19:50:20+00:00,SPY261008C00778000
SPY,2026-09-29,765.61,2026-10-08,C,779.0,1.37,1.39,1.78,12.0,62,0.1132901171875,False,2026-09-28 18:53:16+00:00,SPY261008C00779000
SPY,2026-09-29,765.61,2026-10-08,C,780.0,1.18,1.2,1.2,321.0,304,0.11255770263671874,False,2026-09-28 20:14:02+00:00,SPY261008C00780000
SPY,2026-09-29,765.61,2026-10-08,C,781.0,1.02,1.04,1.03,60.0,119,0.11213046081542967,False,2026-09-28 20:13:14+00:00,SPY261008C00781000
SPY,2026-09-29,765.61,2026-10-08,C,782.0,0.88,0.89,1.09,150.0,202,0.11145908081054687,False,2026-09-28 18:39:47+00:00,SPY261008C00782000
SPY,2026-09-29,765.61,2026-10-08,C,783.0,0.76,0.77,0.95,69.0,87,0.11133701171874999,False,2026-09-28 19:04:53+00:00,SPY261008C00783000
SPY,2026-09-29,765.61,2026-10-08,C,784.0,0.65,0.66,0.7,148.0,108,0.1110318389892578,False,2026-09-28 20:02:41+00:00,SPY261008C00784000
SPY,2026-09-29,765.61,2026-10-08,C,785.0,0.55,0.57,0.57,236.0,234,0.11109287353515623,False,2026-09-28 19:52:43+00:00,SPY261008C00785000
SPY,2026-09-29,765.61,2026-10-08,C,786.0,0.47,0.49,0.52,161.0,211,0.11109287353515623,False,2026-09-28 20:03:20+00:00,SPY261008C00786000
SPY,2026-09-29,765.61,2026-10-08,C,787.0,0.41,0.42,0.43,123.0,19,0.11109287353515623,False,2026-09-28 20:03:05+00:00,SPY261008C00787000
SPY,2026-09-29,765.61,2026-10-08,C,788.0,0.35,0.36,0.46,42.0,14,0.11121494262695311,False,2026-09-28 19:00:05+00:00,SPY261008C00788000
SPY,2026-09-29,765.61,2026-10-08,C,789.0,0.3,0.31,0.32,78.0,23,0.11145908081054687,False,2026-09-28 20:02:44+00:00,SPY261008C00789000
SPY,2026-09-29,765.61,2026-10-08,C,790.0,0.26,0.27,0.27,125.0,228,0.11206942626953123,False,2026-09-28 19:52:43+00:00,SPY261008C00790000
SPY,2026-09-29,765.61,2026-10-08,C,791.0,0.22,0.23,0.31,31.0,149,0.11219149536132811,False,2026-09-28 17:11:26+00:00,SPY261008C00791000
SPY,2026-09-29,765.61,2026-10-08,C,792.0,0.19,0.2,0.2,7.0,7,0.1128018408203125,False,2026-09-28 19:41:28+00:00,SPY261008C00792000
SPY,2026-09-29,765.61,2026-10-08,C,793.0,0.17,0.18,0.3,55.0,58,0.11402253173828125,False,2026-09-28 16:26:36+00:00,SPY261008C00793000
SPY,2026-09-29,765.61,2026-10-08,C,794.0,0.15,0.16,0.2,4.0,35,0.11524322265625,False,2026-09-28 16:20:23+00:00,SPY261008C00794000
SPY,2026-09-29,765.61,2026-10-08,C,795.0,0.13,0.14,0.24,132.0,47,0.11597563720703125,False,2026-09-28 17:14:24+00:00,SPY261008C00795000
SPY,2026-09-29,765.61,2026-10-08,C,796.0,0.12,0.13,0.22,1.0,35,0.1176846044921875,False,2026-09-25 17:31:01+00:00,SPY261008C00796000
SPY,2026-09-29,765.61,2026-10-08,C,797.0,0.1,0.11,0.14,59.0,1,0.1176846044921875,False,2026-09-28 16:20:23+00:00,SPY261008C00797000
SPY,2026-09-29,765.61,2026-10-08,C,798.0,0.09,0.1,0.1,77.0,8,0.11914943359374999,False,2026-09-28 19:42:34+00:00,SPY261008C00798000
SPY,2026-09-29,765.61,2026-10-08,C,799.0,0.08,0.09,0.09,34.0,24,0.1206142626953125,False,2026-09-28 19:42:12+00:00,SPY261008C00799000
SPY,2026-09-29,765.61,2026-10-08,C,800.0,0.08,0.09,0.09,129.0,344,0.1235439208984375,False,2026-09-28 19:56:04+00:00,SPY261008C00800000
SPY,2026-09-29,765.61,2026-10-08,C,801.0,0.07,0.08,0.09,6.0,32,0.1245204736328125,False,2026-09-28 18:32:05+00:00,SPY261008C00801000
SPY,2026-09-29,765.61,2026-10-08,C,802.0,0.07,0.08,0.08,8.0,20,0.1274501318359375,False,2026-09-28 18:31:44+00:00,SPY261008C00802000
SPY,2026-09-29,765.61,2026-10-08,C,803.0,0.06,0.07,0.08,24.0,2,0.127938408203125,False,2026-09-28 17:54:00+00:00,SPY261008C00803000
SPY,2026-09-29,765.61,2026-10-08,C,804.0,0.06,0.07,0.08,44.0,6,0.13086806640624998,False,2026-09-28 17:54:27+00:00,SPY261008C00804000
SPY,2026-09-29,765.61,2026-10-08,C,805.0,0.05,0.06,0.07,68.0,104,0.13086806640624998,False,2026-09-28 18:20:06+00:00,SPY261008C00805000
SPY,2026-09-29,765.61,2026-10-08,C,807.0,0.05,0.06,0.06,1.0,18,0.13672738281250002,False,2026-09-28 19:06:14+00:00,SPY261008C00807000
SPY,2026-09-29,765.61,2026-10-08,C,808.0,0.04,0.05,0.06,86.0,9,0.1362391064453125,False,2026-09-28 18:51:10+00:00,SPY261008C00808000
SPY,2026-09-29,765.61,2026-10-08,C,809.0,0.04,0.05,0.04,8.0,8,0.13916876464843753,False,2026-09-28 15:37:44+00:00,SPY261008C00809000
SPY,2026-09-29,765.61,2026-10-08,C,810.0,0.04,0.05,0.05,42.0,31,0.141610146484375,False,2026-09-28 18:51:41+00:00,SPY261008C00810000
SPY,2026-09-29,765.61,2026-10-08,C,815.0,0.03,0.04,0.04,24.0,23,0.15137567382812503,False,2026-09-28 18:34:04+00:00,SPY261008C00815000
SPY,2026-09-29,765.61,2026-10-08,C,830.0,0.02,0.03,0.04,24.0,24,0.18360191406249998,False,2026-09-25 19:05:55+00:00,SPY261008C00830000
SPY,2026-09-29,765.61,2026-10-08,C,835.0,0.01,0.02,0.04,77.0,77,0.187508125,False,2026-09-25 17:36:53+00:00,SPY261008C00835000
SPY,2026-09-29,765.61,2026-10-08,C,850.0,0.01,0.02,0.03,10.0,10,0.22266402343749997,False,2026-09-25 17:32:25+00:00,SPY261008C00850000
SPY,2026-09-29,765.61,2026-10-08,C,880.0,0.0,0.01,0.01,15.0,15,0.273444765625,False,2026-09-25 17:33:40+00:00,SPY261008C00880000
SPY,2026-09-29,765.61,2026-10-08,P,550.0,0.01,0.02,0.02,2.0,2,0.632816171875,False,2026-09-25 19:13:10+00:00,SPY261008P00550000
SPY,2026-09-29,765.61,2026-10-08,P,580.0,0.02,0.03,0.03,72.0,72,0.5625043750000001,False,2026-09-25 16:47:09+00:00,SPY261008P00580000
SPY,2026-09-29,765.61,2026-10-08,P,585.0,0.02,0.03,0.03,48.0,48,0.5468795312500001,False,2026-09-25 18:46:29+00:00,SPY261008P00585000
SPY,2026-09-29,765.61,2026-10-08,P,625.0,0.04,0.05,0.06,100.0,100,0.44922425781249997,False,2026-09-25 16:13:18+00:00,SPY261008P00625000
SPY,2026-09-29,765.61,2026-10-08,P,665.0,0.08,0.09,0.09,5.0,55,0.344733115234375,False,2026-09-28 16:29:04+00:00,SPY261008P00665000
SPY,2026-09-29,765.61,2026-10-08,P,675.0,0.1,0.11,0.11,3.0,254,0.3198310205078124,False,2026-09-28 13:36:23+00:00,SPY261008P00675000
SPY,2026-09-29,765.61,2026-10-08,P,680.0,0.11,0.12,0.12,1.0,1,0.30664755859375,False,2026-09-28 13:34:16+00:00,SPY261008P00680000
SPY,2026-09-29,765.61,2026-10-08,P,690.0,0.13,0.14,0.19,46.0,46,0.2788158056640625,False,2026-09-25 13:31:53+00:00,SPY261008P00690000
SPY,2026-09-29,765.61,2026-10-08,P,695.0,0.15,0.16,0.18,1.0,22,0.266608896484375,False,2026-09-25 17:36:17+00:00,SPY261008P00695000
SPY,2026-09-29,765.61,2026-10-08,P,700.0,0.17,0.18,0.18,149.0,146,0.2534254345703125,False,2026-09-28 19:52:37+00:00,SPY261008P00700000
SPY,2026-09-29,765.61,2026-10-08,P,705.0,0.19,0.2,0.21,100.0,22,0.23975369628906246,False,2026-09-28 19:52:37+00:00,SPY261008P00705000
SPY,2026-09-29,765.61,2026-10-08,P,710.0,0.22,0.23,0.24,4.0,152,0.2268143725585937,False,2026-09-28 20:01:56+00:00,SPY261008P00710000
SPY,2026-09-29,765.61,2026-10-08,P,715.0,0.26,0.27,0.27,3.0,101,0.21436332519531248,False,2026-09-28 17:20:21+00:00,SPY261008P00715000
SPY,2026-09-29,765.61,2026-10-08,P,720.0,0.32,0.33,0.32,10.0,115,0.20288883056640622,False,2026-09-28 20:08:39+00:00,SPY261008P00720000
SPY,2026-09-29,765.61,2026-10-08,P,723.0,0.36,0.37,0.33,2.0,1,0.19544261596679688,False,2026-09-25 13:49:03+00:00,SPY261008P00723000
SPY,2026-09-29,765.61,2026-10-08,P,724.0,0.38,0.39,0.63,107.0,67,0.19336744140625,False,2026-09-25 14:05:20+00:00,SPY261008P00724000
SPY,2026-09-29,765.61,2026-10-08,P,725.0,0.39,0.4,0.41,337.0,260,0.19043778320312502,False,2026-09-28 19:59:00+00:00,SPY261008P00725000
SPY,2026-09-29,765.61,2026-10-08,P,726.0,0.41,0.42,0.52,1.0,5,0.18824053955078124,False,2026-09-28 16:01:52+00:00,SPY261008P00726000
SPY,2026-09-29,765.61,2026-10-08,P,727.0,0.43,0.45,0.43,3.0,6,0.18677571044921876,False,2026-09-28 20:08:24+00:00,SPY261008P00727000
SPY,2026-09-29,765.61,2026-10-08,P,728.0,0.46,0.47,0.54,36.0,36,0.1844563977050781,False,2026-09-25 14:00:21+00:00,SPY261008P00728000
SPY,2026-09-29,765.61,2026-10-08,P,729.0,0.48,0.49,0.5,1.0,15,0.18189294677734374,False,2026-09-25 15:46:05+00:00,SPY261008P00729000
SPY,2026-09-29,765.61,2026-10-08,P,730.0,0.51,0.52,0.52,576.0,88,0.18006191040039063,False,2026-09-28 19:58:53+00:00,SPY261008P00730000
SPY,2026-09-29,765.61,2026-10-08,P,731.0,0.54,0.55,0.53,2.0,51,0.17798673583984376,False,2026-09-28 20:08:13+00:00,SPY261008P00731000
SPY,2026-09-29,765.61,2026-10-08,P,732.0,0.57,0.58,0.67,15.0,67,0.17591156127929689,False,2026-09-28 16:00:06+00:00,SPY261008P00732000
SPY,2026-09-29,765.61,2026-10-08,P,733.0,0.6,0.61,0.58,10.0,180,0.17359224853515626,False,2026-09-28 17:28:21+00:00,SPY261008P00733000
SPY,2026-09-29,765.61,2026-10-08,P,734.0,0.64,0.65,0.61,7.0,14,0.17188328125000002,False,2026-09-28 17:20:03+00:00,SPY261008P00734000
SPY,2026-09-29,765.61,2026-10-08,P,735.0,0.68,0.69,0.68,433.0,491,0.16980810668945315,False,2026-09-28 20:08:19+00:00,SPY261008P00735000
SPY,2026-09-29,765.61,2026-10-08,P,736.0,0.72,0.74,0.76,17.0,102,0.16834327758789067,False,2026-09-28 19:49:37+00:00,SPY261008P00736000
SPY,2026-09-29,765.61,2026-10-08,P,737.0,0.77,0.78,0.63,51.0,136,0.16602396484375004,False,2026-09-28 16:26:33+00:00,SPY261008P00737000
SPY,2026-09-29,765.61,2026-10-08,P,738.0,0.82,0.84,0.85,339.0,383,0.1645591357421875,False,2026-09-28 19:40:32+00:00,SPY261008P00738000
SPY,2026-09-29,765.61,2026-10-08,P,739.0,0.88,0.89,0.88,136.0,18,0.1624229266357422,False,2026-09-28 19:38:40+00:00,SPY261008P00739000
SPY,2026-09-29,765.61,2026-10-08,P,740.0,0.94,0.95,1.02,67.0,202,0.16059189025878906,False,2026-09-28 19:54:53+00:00,SPY261008P00740000
SPY,2026-09-29,765.61,2026-10-08,P,741.0,1.0,1.02,1.04,18.0,7,0.15894395751953128,False,2026-09-28 19:40:32+00:00,SPY261008P00741000
SPY,2026-09-29,765.61,2026-10-08,P,742.0,1.07,1.09,1.08,11.0,47,0.15711292114257813,False,2026-09-28 19:45:48+00:00,SPY261008P00742000
SPY,2026-09-29,765.61,2026-10-08,P,743.0,1.15,1.17,1.16,9.0,8,0.15552602294921875,False,2026-09-28 19:38:41+00:00,SPY261008P00743000
SPY,2026-09-29,765.61,2026-10-08,P,745.0,1.32,1.34,1.33,94.0,86,0.1518639501953125,False,2026-09-28 19:45:48+00:00,SPY261008P00745000
SPY,2026-09-29,765.61,2026-10-08,P,746.0,1.42,1.44,1.45,24.0,13,0.15021601745605473,False,2026-09-28 17:13:13+00:00,SPY261008P00746000
SPY,2026-09-29,765.61,2026-10-08,P,747.0,1.52,1.54,1.58,35.0,75,0.14832394653320313,False,2026-09-28 19:41:01+00:00,SPY261008P00747000
SPY,2026-09-29,765.61,2026-10-08,P,748.0,1.63,1.66,1.64,318.0,118,0.14685911743164062,False,2026-09-28 20:10:22+00:00,SPY261008P00748000
SPY,2026-09-29,765.61,2026-10-08,P,749.0,1.76,1.78,1.8,145.0,133,0.1450280810546875,False,2026-09-28 19:41:39+00:00,SPY261008P00749000
SPY,2026-09-29,765.61,2026-10-08,P,750.0,1.89,1.91,1.9,400.0,428,0.14325807922363282,False,2026-09-28 19:43:53+00:00,SPY261008P00750000
SPY,2026-09-29,765.61,2026-10-08,P,751.0,2.03,2.06,1.88,72.0,67,0.1417932501220703,False,2026-09-28 19:01:52+00:00,SPY261008P00751000
SPY,2026-09-29,765.61,2026-10-08,P,752.0,2.19,2.21,2.19,181.0,29,0.1399622137451172,False,2026-09-28 17:13:13+00:00,SPY261008P00752000
SPY,2026-09-29,765.61,2026-10-08,P,753.0,2.35,2.38,2.39,71.0,73,0.1383753155517578,False,2026-09-28 20:12:59+00:00,SPY261008P00753000
SPY,2026-09-29,765.61,2026-10-08,P,754.0,2.53,2.56,2.62,27.0,95,0.1366968655395508,False,2026-09-28 19:41:15+00:00,SPY261008P00754000
SPY,2026-09-29,765.61,2026-10-08,P,755.0,2.72,2.76,2.74,292.0,852,0.13520151916503909,False,2026-09-28 20:13:41+00:00,SPY261008P00755000
SPY,2026-09-29,765.61,2026-10-08,P,756.0,2.94,2.97,2.82,35.0,152,0.13355358642578125,False,2026-09-28 19:32:07+00:00,SPY261008P00756000
SPY,2026-09-29,765.61,2026-10-08,P,757.0,3.16,3.19,3.16,93.0,133,0.13178358459472655,False,2026-09-28 19:39:06+00:00,SPY261008P00757000
SPY,2026-09-29,765.61,2026-10-08,P,758.0,3.4,3.43,3.44,83.0,54,0.1300746173095703,False,2026-09-28 20:12:59+00:00,SPY261008P00758000
SPY,2026-09-29,765.61,2026-10-08,P,759.0,3.66,3.69,3.65,185.0,9,0.12842668457031248,False,2026-09-28 20:11:26+00:00,SPY261008P00759000
SPY,2026-09-29,765.61,2026-10-08,P,760.0,3.94,3.98,3.96,677.0,423,0.12702289001464845,False,2026-09-28 20:13:41+00:00,SPY261008P00760000
SPY,2026-09-29,765.61,2026-10-08,P,761.0,4.24,4.28,4.25,166.0,179,0.12537495727539064,False,2026-09-28 19:42:51+00:00,SPY261008P00761000
SPY,2026-09-29,765.61,2026-10-08,P,762.0,4.56,4.6,4.59,56.0,18,0.12372702453613281,False,2026-09-28 19:43:03+00:00,SPY261008P00762000
SPY,2026-09-29,765.61,2026-10-08,P,763.0,4.9,4.95,5.16,78.0,131,0.12220116088867189,False,2026-09-28 19:54:19+00:00,SPY261008P00763000
SPY,2026-09-29,765.61,2026-10-08,P,764.0,5.27,5.32,5.2,134.0,8,0.1206142626953125,False,2026-09-28 20:02:21+00:00,SPY261008P00764000
SPY,2026-09-29,765.61,2026-10-08,P,765.0,5.67,5.7,5.63,2872.0,409,0.11875270904541015,False,2026-09-28 20:00:20+00:00,SPY261008P00765000
SPY,2026-09-29,765.61,2026-10-08,P,766.0,6.09,6.13,6.13,214.0,12,0.1173489144897461,True,2026-09-28 20:13:32+00:00,SPY261008P00766000
SPY,2026-09-29,765.61,2026-10-08,P,767.0,6.54,6.59,6.6,283.0,32,0.11600615447998047,True,2026-09-28 19:59:23+00:00,SPY261008P00767000
SPY,2026-09-29,765.61,2026-10-08,P,768.0,7.02,7.07,6.89,648.0,72,0.11451080810546876,True,2026-09-28 19:59:48+00:00,SPY261008P00768000
SPY,2026-09-29,765.61,2026-10-08,P,769.0,7.45,7.64,7.23,177.0,37,0.11426666992187501,True,2026-09-28 19:28:33+00:00,SPY261008P00769000
SPY,2026-09-29,765.61,2026-10-08,P,770.0,7.97,8.17,8.01,199.0,111,0.11261873718261718,True,2026-09-28 20:05:58+00:00,SPY261008P00770000
SPY,2026-09-29,765.61,2026-10-08,P,771.0,8.54,8.77,8.15,35.0,90,0.11182528808593749,True,2026-09-28 19:07:31+00:00,SPY261008P00771000
SPY,2026-09-29,765.61,2026-10-08,P,772.0,9.12,9.38,9.4,36.0,17,0.11066563171386719,True,2026-09-28 19:53:36+00:00,SPY261008P00772000
SPY,2026-09-29,765.61,2026-10-08,P,773.0,9.78,10.02,10.15,248.0,4,0.10950597534179687,True,2026-09-28 19:55:02+00:00,SPY261008P00773000
SPY,2026-09-29,765.61,2026-10-08,P,774.0,10.42,10.66,10.26,117.0,17,0.10767493896484376,True,2026-09-28 19:17:14+00:00,SPY261008P00774000
SPY,2026-09-29,765.61,2026-10-08,P,775.0,11.09,11.41,9.92,78.0,118,0.10782752532958985,True,2026-09-28 17:23:33+00:00,SPY261008P00775000
SPY,2026-09-29,765.61,2026-10-08,P,776.0,11.85,12.16,10.79,61.0,11,0.10740028350830078,True,2026-09-28 17:39:46+00:00,SPY261008P00776000
SPY,2026-09-29,765.61,2026-10-08,P,778.0,13.37,13.74,13.85,1.0,9,0.10688148986816406,True,2026-09-25 19:22:53+00:00,SPY261008P00778000
SPY,2026-09-29,765.61,2026-10-08,P,779.0,14.2,14.57,11.7,12.0,20,0.10688148986816406,True,2026-09-28 17:14:59+00:00,SPY261008P00779000
SPY,2026-09-29,765.61,2026-10-08,P,780.0,15.02,15.43,14.58,106.0,28,0.10730873168945312,True,2026-09-28 19:25:02+00:00,SPY261008P00780000
SPY,2026-09-29,765.61,2026-10-08,P,781.0,14.75,17.92,15.7,8.0,5,0.15613636840820314,True,2026-09-28 16:16:02+00:00,SPY261008P00781000
SPY,2026-09-29,765.61,2026-10-08,P,782.0,15.64,18.81,12.55,1.0,1,0.15888292297363282,True,2026-09-25 17:34:37+00:00,SPY261008P00782000
SPY,2026-09-29,765.61,2026-10-08,P,784.0,17.47,20.63,16.01,17.0,7,0.16480327392578126,True,2026-09-25 15:24:43+00:00,SPY261008P00784000
