symbol,snapshot_date,spot,expiry,right,strike,bid,ask,last_price,volume,open_interest,implied_vol,in_the_money,last_trade_date,contract_symbol
AAPL,2026-09-22,339.75,2026-09-23,C,260.0,78.3,80.9,80.85,42.0,40,2.2578168554687497,True,2026-09-22 18:56:55+00:00,AAPL260923C00260000
AAPL,2026-09-22,339.75,2026-09-23,C,265.0,73.85,75.9,76.35,33.0,42,1.46875265625,True,2026-09-22 18:18:17+00:00,AAPL260923C00265000
AAPL,2026-09-22,339.75,2026-09-23,C,270.0,68.15,70.9,71.43,42.0,55,1.9951172119140623,True,2026-09-22 18:13:18+00:00,AAPL260923C00270000
AAPL,2026-09-22,339.75,2026-09-23,C,280.0,59.2,60.9,60.94,53.0,8,1.3418001660156247,True,2026-09-22 18:11:51+00:00,AAPL260923C00280000
AAPL,2026-09-22,339.75,2026-09-23,C,285.0,54.05,55.9,55.87,21.0,2,1.1816447167968749,True,2026-09-22 18:56:17+00:00,AAPL260923C00285000
AAPL,2026-09-22,339.75,2026-09-23,C,290.0,49.0,51.75,51.32,51.0,71,1.2978550732421872,True,2026-09-22 18:12:16+00:00,AAPL260923C00290000
AAPL,2026-09-22,339.75,2026-09-23,C,295.0,43.3,46.75,45.98,82.0,7,1.013676806640625,True,2026-09-22 19:02:29+00:00,AAPL260923C00295000
AAPL,2026-09-22,339.75,2026-09-23,C,300.0,39.15,40.9,41.12,4.0,93,0.911133701171875,True,2026-09-22 18:11:02+00:00,AAPL260923C00300000
AAPL,2026-09-22,339.75,2026-09-23,C,302.5,35.55,38.4,39.91,4.0,93,1.1679729101562502,True,2026-09-22 17:08:55+00:00,AAPL260923C00302500
AAPL,2026-09-22,339.75,2026-09-23,C,305.0,33.25,35.9,37.55,5.0,92,1.1049849438476564,True,2026-09-22 17:08:55+00:00,AAPL260923C00305000
AAPL,2026-09-22,339.75,2026-09-23,C,307.5,30.95,33.25,32.68,28.0,20,1.0043995092773437,True,2026-09-22 19:01:47+00:00,AAPL260923C00307500
AAPL,2026-09-22,339.75,2026-09-23,C,310.0,28.8,30.9,31.1,40.0,80,0.5976602734375001,True,2026-09-22 18:11:24+00:00,AAPL260923C00310000
AAPL,2026-09-22,339.75,2026-09-23,C,312.5,25.5,28.4,28.72,33.0,26,0.9143074975585939,True,2026-09-22 18:11:24+00:00,AAPL260923C00312500
AAPL,2026-09-22,339.75,2026-09-23,C,315.0,24.2,25.75,26.69,36.0,313,0.5820354296875,True,2026-09-22 17:47:43+00:00,AAPL260923C00315000
AAPL,2026-09-22,339.75,2026-09-23,C,317.5,20.5,23.35,23.74,70.0,133,0.7749045947265626,True,2026-09-22 18:46:47+00:00,AAPL260923C00317500
AAPL,2026-09-22,339.75,2026-09-23,C,320.0,19.2,20.85,20.82,73.0,360,0.5009815527343751,True,2026-09-22 19:12:35+00:00,AAPL260923C00320000
AAPL,2026-09-22,339.75,2026-09-23,C,322.5,15.55,18.4,17.92,39.0,112,0.6538120556640626,True,2026-09-22 19:39:13+00:00,AAPL260923C00322500
AAPL,2026-09-22,339.75,2026-09-23,C,325.0,13.2,15.85,14.91,83.0,537,0.5776409423828125,True,2026-09-22 19:32:35+00:00,AAPL260923C00325000
AAPL,2026-09-22,339.75,2026-09-23,C,327.5,10.95,13.05,13.03,180.0,195,0.45752495605468757,True,2026-09-22 19:03:14+00:00,AAPL260923C00327500
AAPL,2026-09-22,339.75,2026-09-23,C,330.0,9.5,10.3,10.42,570.0,597,0.34668622070312494,True,2026-09-22 19:39:33+00:00,AAPL260923C00330000
AAPL,2026-09-22,339.75,2026-09-23,C,332.5,6.75,7.65,7.35,308.0,747,0.25489026367187506,True,2026-09-22 19:59:37+00:00,AAPL260923C00332500
AAPL,2026-09-22,339.75,2026-09-23,C,335.0,4.95,5.4,5.0,3146.0,2257,0.22876747802734376,True,2026-09-22 19:59:21+00:00,AAPL260923C00335000
AAPL,2026-09-22,339.75,2026-09-23,C,337.5,3.1,3.4,3.1,5763.0,4661,0.20850400878906244,True,2026-09-22 19:59:57+00:00,AAPL260923C00337500
AAPL,2026-09-22,339.75,2026-09-23,C,340.0,1.67,1.74,1.63,47099.0,7166,0.18555501953124998,False,2026-09-22 19:59:57+00:00,AAPL260923C00340000
AAPL,2026-09-22,339.75,2026-09-23,C,342.5,0.75,0.79,0.77,108385.0,6696,0.18360191406249998,False,2026-09-22 19:59:59+00:00,AAPL260923C00342500
AAPL,2026-09-22,339.75,2026-09-23,C,345.0,0.29,0.32,0.31,181730.0,6625,0.1870198486328125,False,2026-09-22 19:59:59+00:00,AAPL260923C00345000
AAPL,2026-09-22,339.75,2026-09-23,C,347.5,0.11,0.13,0.11,98628.0,3760,0.196297099609375,False,2026-09-22 19:59:52+00:00,AAPL260923C00347500
AAPL,2026-09-22,339.75,2026-09-23,C,350.0,0.04,0.05,0.05,80632.0,4657,0.20508607421874997,False,2026-09-22 19:59:57+00:00,AAPL260923C00350000
AAPL,2026-09-22,339.75,2026-09-23,C,352.5,0.02,0.03,0.03,19171.0,2064,0.22852333984375,False,2026-09-22 19:58:58+00:00,AAPL260923C00352500
AAPL,2026-09-22,339.75,2026-09-23,C,355.0,0.01,0.02,0.01,11703.0,1298,0.25196060546875,False,2026-09-22 19:59:27+00:00,AAPL260923C00355000
AAPL,2026-09-22,339.75,2026-09-23,C,357.5,0.0,0.05,0.01,2284.0,479,0.3242255078124999,False,2026-09-22 19:59:23+00:00,AAPL260923C00357500
AAPL,2026-09-22,339.75,2026-09-23,C,360.0,0.0,0.01,0.01,4653.0,872,0.29688203124999996,False,2026-09-22 19:54:21+00:00,AAPL260923C00360000
AAPL,2026-09-22,339.75,2026-09-23,C,365.0,0.0,0.01,0.01,215.0,117,0.35938140625,False,2026-09-22 16:39:27+00:00,AAPL260923C00365000
AAPL,2026-09-22,339.75,2026-09-23,C,370.0,0.0,0.01,0.01,134.0,73,0.42188078125,False,2026-09-22 16:04:51+00:00,AAPL260923C00370000
AAPL,2026-09-22,339.75,2026-09-23,C,375.0,0.0,0.01,0.01,21.0,35,0.476567734375,False,2026-09-22 16:15:00+00:00,AAPL260923C00375000
AAPL,2026-09-22,339.75,2026-09-23,C,380.0,0.0,0.01,0.01,58.0,4,0.500005,False,2026-09-22 16:42:03+00:00,AAPL260923C00380000
AAPL,2026-09-22,339.75,2026-09-23,C,390.0,0.0,0.01,0.01,6.0,9,0.6093789062500001,False,2026-09-22 13:46:29+00:00,AAPL260923C00390000
AAPL,2026-09-22,339.75,2026-09-23,C,395.0,0.0,0.01,0.01,3.0,6,0.6562534375000001,False,2026-09-22 13:32:24+00:00,AAPL260923C00395000
AAPL,2026-09-22,339.75,2026-09-23,P,245.0,0.0,0.01,0.01,2.0,2,1.3750031249999999,False,2026-09-22 16:07:35+00:00,AAPL260923P00245000
AAPL,2026-09-22,339.75,2026-09-23,P,250.0,0.0,0.01,0.02,1.0,6,1.2812535937499998,False,2026-09-21 13:34:09+00:00,AAPL260923P00250000
AAPL,2026-09-22,339.75,2026-09-23,P,255.0,0.0,0.01,0.01,2.0,7,1.21875390625,False,2026-09-21 15:03:57+00:00,AAPL260923P00255000
AAPL,2026-09-22,339.75,2026-09-23,P,260.0,0.0,0.01,0.01,145.0,79,1.125004375,False,2026-09-21 17:55:46+00:00,AAPL260923P00260000
AAPL,2026-09-22,339.75,2026-09-23,P,265.0,0.0,0.01,0.01,134.0,72,1.0625046875000002,False,2026-09-21 18:21:53+00:00,AAPL260923P00265000
AAPL,2026-09-22,339.75,2026-09-23,P,270.0,0.0,0.01,0.01,203.0,194,0.98437515625,False,2026-09-21 19:58:43+00:00,AAPL260923P00270000
AAPL,2026-09-22,339.75,2026-09-23,P,275.0,0.0,0.01,0.01,1.0,94,0.9062509375,False,2026-09-22 14:09:08+00:00,AAPL260923P00275000
AAPL,2026-09-22,339.75,2026-09-23,P,280.0,0.0,0.01,0.01,1.0,73,0.8437515624999999,False,2026-09-22 15:26:17+00:00,AAPL260923P00280000
AAPL,2026-09-22,339.75,2026-09-23,P,282.5,0.0,0.01,0.01,114.0,94,0.8125018749999999,False,2026-09-22 19:50:27+00:00,AAPL260923P00282500
AAPL,2026-09-22,339.75,2026-09-23,P,285.0,0.0,0.01,0.01,211.0,113,0.7812521875,False,2026-09-22 18:19:19+00:00,AAPL260923P00285000
AAPL,2026-09-22,339.75,2026-09-23,P,287.5,0.0,0.14,0.07,107.0,13,0.9609378906249999,False,2026-09-22 19:59:08+00:00,AAPL260923P00287500
AAPL,2026-09-22,339.75,2026-09-23,P,290.0,0.0,0.19,0.09,9.0,103,0.9531254687499999,False,2026-09-22 19:59:08+00:00,AAPL260923P00290000
AAPL,2026-09-22,339.75,2026-09-23,P,292.5,0.0,0.52,0.12,2.0,1,1.0546922265625,False,2026-09-15 17:12:26+00:00,AAPL260923P00292500
AAPL,2026-09-22,339.75,2026-09-23,P,295.0,0.0,0.52,0.05,13.0,120,1.0039112304687499,False,2026-09-18 18:57:12+00:00,AAPL260923P00295000
AAPL,2026-09-22,339.75,2026-09-23,P,297.5,0.0,0.24,0.02,30.0,137,0.8437515624999999,False,2026-09-22 18:52:12+00:00,AAPL260923P00297500
AAPL,2026-09-22,339.75,2026-09-23,P,300.0,0.0,0.02,0.01,113.0,817,0.5937540625000001,False,2026-09-22 17:46:54+00:00,AAPL260923P00300000
AAPL,2026-09-22,339.75,2026-09-23,P,302.5,0.0,0.01,0.01,15.0,26,0.5312546875,False,2026-09-22 13:47:16+00:00,AAPL260923P00302500
AAPL,2026-09-22,339.75,2026-09-23,P,305.0,0.0,0.04,0.04,6.0,181,0.5625043750000001,False,2026-09-22 14:48:19+00:00,AAPL260923P00305000
AAPL,2026-09-22,339.75,2026-09-23,P,307.5,0.0,0.25,0.02,80.0,194,0.6640658593750002,False,2026-09-22 18:27:17+00:00,AAPL260923P00307500
AAPL,2026-09-22,339.75,2026-09-23,P,310.0,0.0,0.01,0.01,170.0,761,0.45313046875,False,2026-09-22 18:24:24+00:00,AAPL260923P00310000
AAPL,2026-09-22,339.75,2026-09-23,P,312.5,0.01,0.03,0.01,99.0,188,0.4687553125,False,2026-09-22 19:57:32+00:00,AAPL260923P00312500
AAPL,2026-09-22,339.75,2026-09-23,P,315.0,0.0,0.01,0.01,422.0,622,0.38281867187499996,False,2026-09-22 19:18:56+00:00,AAPL260923P00315000
AAPL,2026-09-22,339.75,2026-09-23,P,317.5,0.01,0.03,0.01,106.0,264,0.39063109375,False,2026-09-22 19:50:21+00:00,AAPL260923P00317500
AAPL,2026-09-22,339.75,2026-09-23,P,320.0,0.01,0.03,0.01,555.0,753,0.34961587890624996,False,2026-09-22 19:59:37+00:00,AAPL260923P00320000
AAPL,2026-09-22,339.75,2026-09-23,P,322.5,0.0,0.04,0.02,841.0,1460,0.32227240234374993,False,2026-09-22 19:57:03+00:00,AAPL260923P00322500
AAPL,2026-09-22,339.75,2026-09-23,P,325.0,0.02,0.04,0.03,1235.0,1423,0.28125718749999995,False,2026-09-22 19:59:38+00:00,AAPL260923P00325000
AAPL,2026-09-22,339.75,2026-09-23,P,327.5,0.03,0.05,0.05,2439.0,1197,0.2461012890625,False,2026-09-22 19:59:45+00:00,AAPL260923P00327500
AAPL,2026-09-22,339.75,2026-09-23,P,330.0,0.07,0.08,0.06,7737.0,2416,0.21973436523437498,False,2026-09-22 19:59:48+00:00,AAPL260923P00330000
AAPL,2026-09-22,339.75,2026-09-23,P,332.5,0.15,0.17,0.16,7926.0,1907,0.20264469238281246,False,2026-09-22 19:59:58+00:00,AAPL260923P00332500
AAPL,2026-09-22,339.75,2026-09-23,P,335.0,0.38,0.41,0.39,28599.0,3403,0.19263502685546874,False,2026-09-22 19:59:59+00:00,AAPL260923P00335000
AAPL,2026-09-22,339.75,2026-09-23,P,337.5,0.89,0.93,0.92,30780.0,2043,0.1840901904296875,False,2026-09-22 19:59:58+00:00,AAPL260923P00337500
AAPL,2026-09-22,339.75,2026-09-23,P,340.0,1.87,1.94,1.91,52415.0,11510,0.1805501867675781,True,2026-09-22 19:59:59+00:00,AAPL260923P00340000
AAPL,2026-09-22,339.75,2026-09-23,P,342.5,3.35,3.6,3.45,26668.0,54,0.19068192138671874,True,2026-09-22 19:59:54+00:00,AAPL260923P00342500
AAPL,2026-09-22,339.75,2026-09-23,P,345.0,4.55,6.4,5.5,7092.0,147,0.305671005859375,True,2026-09-22 19:59:13+00:00,AAPL260923P00345000
AAPL,2026-09-22,339.75,2026-09-23,P,347.5,7.15,8.75,7.75,537.0,48,0.35816071533203125,True,2026-09-22 19:42:43+00:00,AAPL260923P00347500
AAPL,2026-09-22,339.75,2026-09-23,P,350.0,9.35,11.7,10.0,841.0,151,0.4897511962890626,True,2026-09-22 19:51:46+00:00,AAPL260923P00350000
AAPL,2026-09-22,339.75,2026-09-23,P,352.5,11.3,14.2,12.05,100.0,0,0.5571333349609376,True,2026-09-22 18:54:41+00:00,AAPL260923P00352500
AAPL,2026-09-22,339.75,2026-09-23,P,355.0,13.7,16.7,14.89,118.0,0,0.6215858154296876,True,2026-09-22 18:57:23+00:00,AAPL260923P00355000
AAPL,2026-09-22,339.75,2026-09-23,P,357.5,16.2,19.2,17.27,2.0,20,0.6833527758789064,True,2026-09-22 18:56:56+00:00,AAPL260923P00357500
AAPL,2026-09-22,339.75,2026-09-23,P,360.0,18.85,21.7,20.74,4.0,0,0.7434107690429688,True,2026-09-21 19:39:12+00:00,AAPL260923P00360000
AAPL,2026-09-22,339.75,2026-09-23,P,375.0,33.7,36.7,34.75,2.0,0,1.0720261242675786,True,2026-09-22 19:00:18+00:00,AAPL260923P00375000
AAPL,2026-09-22,339.75,2026-09-25,C,150.0,188.0,191.4,187.27,2.0,0,4.4521528723144534,True,2026-09-21 14:15:58+00:00,AAPL260925C00150000
AAPL,2026-09-22,339.75,2026-09-25,C,170.0,168.2,171.5,148.09,,2,2.56250359375,True,2026-08-19 14:19:38+00:00,AAPL260925C00170000
AAPL,2026-09-22,339.75,2026-09-25,C,175.0,163.15,166.6,168.62,2.0,2,2.5273474316406244,True,2026-09-22 15:46:58+00:00,AAPL260925C00175000
AAPL,2026-09-22,339.75,2026-09-25,C,185.0,153.0,156.5,149.7,,0,0.500005,True,2026-09-11 16:00:25+00:00,AAPL260925C00185000
AAPL,2026-09-22,339.75,2026-09-25,C,190.0,148.2,151.5,148.47,2.0,2,2.1796920507812496,True,2026-09-21 16:02:45+00:00,AAPL260925C00190000
AAPL,2026-09-22,339.75,2026-09-25,C,195.0,143.2,146.6,143.47,2.0,1,2.1914107714843745,True,2026-09-21 16:02:45+00:00,AAPL260925C00195000
AAPL,2026-09-22,339.75,2026-09-25,C,200.0,138.15,141.6,138.95,5.0,6,2.0546923632812497,True,2026-09-21 17:16:15+00:00,AAPL260925C00200000
AAPL,2026-09-22,339.75,2026-09-25,C,205.0,133.7,136.6,134.42,5.0,5,2.291019897460937,True,2026-09-21 19:59:56+00:00,AAPL260925C00205000
AAPL,2026-09-22,339.75,2026-09-25,C,210.0,128.0,131.6,133.59,1.0,2,1.703126484375,True,2026-09-22 15:06:40+00:00,AAPL260925C00210000
AAPL,2026-09-22,339.75,2026-09-25,C,215.0,123.0,126.6,120.85,,1,1.625001875,True,2026-09-17 16:51:01+00:00,AAPL260925C00215000
AAPL,2026-09-22,339.75,2026-09-25,C,220.0,118.2,121.6,116.65,1.0,63,1.75390748046875,True,2026-09-21 14:04:18+00:00,AAPL260925C00220000
AAPL,2026-09-22,339.75,2026-09-25,C,225.0,113.0,116.6,117.9,1.0,6,1.4765651171875,True,2026-09-22 16:41:44+00:00,AAPL260925C00225000
AAPL,2026-09-22,339.75,2026-09-25,C,230.0,108.2,111.6,105.98,17.0,20,1.5898458007812497,True,2026-09-17 16:58:26+00:00,AAPL260925C00230000
AAPL,2026-09-22,339.75,2026-09-25,C,235.0,103.05,106.65,97.62,1.0,29,1.4375028125,True,2026-09-16 19:09:30+00:00,AAPL260925C00235000
AAPL,2026-09-22,339.75,2026-09-25,C,240.0,98.0,101.65,96.3,32.0,43,1.3203158984374999,True,2026-09-17 18:41:13+00:00,AAPL260925C00240000
AAPL,2026-09-22,339.75,2026-09-25,C,245.0,93.1,96.6,91.84,32.0,77,1.291019169921875,True,2026-09-18 19:50:01+00:00,AAPL260925C00245000
AAPL,2026-09-22,339.75,2026-09-25,C,250.0,88.05,91.5,90.0,5.0,206,1.0468797656250002,True,2026-09-22 19:59:46+00:00,AAPL260925C00250000
AAPL,2026-09-22,339.75,2026-09-25,C,255.0,83.35,86.5,81.49,325.0,383,1.2343788281249999,True,2026-09-18 19:22:27+00:00,AAPL260925C00255000
AAPL,2026-09-22,339.75,2026-09-25,C,260.0,78.05,81.65,81.09,3.0,75,1.0781296093750001,True,2026-09-22 19:36:27+00:00,AAPL260925C00260000
AAPL,2026-09-22,339.75,2026-09-25,C,265.0,73.8,76.65,74.15,2.0,23,1.2685583447265623,True,2026-09-21 19:25:18+00:00,AAPL260925C00265000
AAPL,2026-09-22,339.75,2026-09-25,C,270.0,68.25,71.65,70.7,4.0,92,1.0351610742187503,True,2026-09-22 19:35:05+00:00,AAPL260925C00270000
AAPL,2026-09-22,339.75,2026-09-25,C,275.0,63.85,66.5,68.1,11.0,107,1.0859420703125,True,2026-09-22 16:25:04+00:00,AAPL260925C00275000
AAPL,2026-09-22,339.75,2026-09-25,C,277.5,60.55,64.15,46.76,,0,0.84179845703125,True,2026-09-10 16:53:15+00:00,AAPL260925C00277500
AAPL,2026-09-22,339.75,2026-09-25,C,280.0,59.2,61.5,63.36,1.0,164,1.0732468212890627,True,2026-09-22 15:37:24+00:00,AAPL260925C00280000
AAPL,2026-09-22,339.75,2026-09-25,C,282.5,55.55,59.2,54.51,2.0,10,0.79883013671875,True,2026-09-21 15:31:18+00:00,AAPL260925C00282500
AAPL,2026-09-22,339.75,2026-09-25,C,285.0,53.8,55.85,57.17,3.0,99,0.7148466015625,True,2026-09-22 17:30:14+00:00,AAPL260925C00285000
AAPL,2026-09-22,339.75,2026-09-25,C,287.5,50.55,54.15,48.45,7.0,27,0.710940390625,True,2026-09-18 17:52:50+00:00,AAPL260925C00287500
AAPL,2026-09-22,339.75,2026-09-25,C,290.0,48.95,51.5,51.05,426.0,144,0.8696302099609375,True,2026-09-22 19:00:22+00:00,AAPL260925C00290000
AAPL,2026-09-22,339.75,2026-09-25,C,292.5,46.3,48.95,43.03,3.0,17,0.7949239257812499,True,2026-09-18 18:20:28+00:00,AAPL260925C00292500
AAPL,2026-09-22,339.75,2026-09-25,C,295.0,43.85,46.6,48.46,2.0,269,0.7919942675781251,True,2026-09-22 15:37:44+00:00,AAPL260925C00295000
AAPL,2026-09-22,339.75,2026-09-25,C,297.5,40.6,42.8,42.93,1.0,130,0.7753928710937501,True,2026-09-22 18:56:13+00:00,AAPL260925C00297500
AAPL,2026-09-22,339.75,2026-09-25,C,300.0,38.65,41.5,40.01,150.0,965,0.6640658593750002,True,2026-09-22 19:57:52+00:00,AAPL260925C00300000
AAPL,2026-09-22,339.75,2026-09-25,C,302.5,35.75,39.1,39.1,3.0,24,0.5634809277343751,True,2026-09-22 13:41:06+00:00,AAPL260925C00302500
AAPL,2026-09-22,339.75,2026-09-25,C,305.0,33.55,36.55,35.99,84.0,354,0.5815471533203125,True,2026-09-22 19:06:41+00:00,AAPL260925C00305000
AAPL,2026-09-22,339.75,2026-09-25,C,307.5,31.35,34.2,35.49,5.0,69,0.6098671826171876,True,2026-09-22 16:52:15+00:00,AAPL260925C00307500
AAPL,2026-09-22,339.75,2026-09-25,C,310.0,28.8,31.0,30.82,100.0,869,0.7077665942382813,True,2026-09-22 19:34:15+00:00,AAPL260925C00310000
AAPL,2026-09-22,339.75,2026-09-25,C,312.5,25.75,29.05,29.0,5.0,228,0.7395045581054687,True,2026-09-22 14:47:35+00:00,AAPL260925C00312500
AAPL,2026-09-22,339.75,2026-09-25,C,315.0,24.6,25.35,25.11,154.0,833,0.5063525927734375,True,2026-09-22 19:56:16+00:00,AAPL260925C00315000
AAPL,2026-09-22,339.75,2026-09-25,C,317.5,20.85,23.05,24.38,36.0,204,0.5012256909179689,True,2026-09-22 17:27:37+00:00,AAPL260925C00317500
AAPL,2026-09-22,339.75,2026-09-25,C,320.0,19.5,20.7,20.0,512.0,5512,0.48071808349609374,True,2026-09-22 19:59:42+00:00,AAPL260925C00320000
AAPL,2026-09-22,339.75,2026-09-25,C,322.5,16.95,18.7,18.84,27.0,836,0.49927258544921876,True,2026-09-22 18:01:26+00:00,AAPL260925C00322500
AAPL,2026-09-22,339.75,2026-09-25,C,325.0,14.75,15.6,15.23,222.0,4865,0.375982802734375,True,2026-09-22 19:56:16+00:00,AAPL260925C00325000
AAPL,2026-09-22,339.75,2026-09-25,C,327.5,11.8,12.95,13.23,188.0,1270,0.3103096313476562,True,2026-09-22 19:40:37+00:00,AAPL260925C00327500
AAPL,2026-09-22,339.75,2026-09-25,C,330.0,10.0,10.65,10.24,1022.0,3440,0.28833719482421866,True,2026-09-22 19:58:24+00:00,AAPL260925C00330000
AAPL,2026-09-22,339.75,2026-09-25,C,332.5,7.9,8.45,8.1,1073.0,3087,0.2683178637695312,True,2026-09-22 19:56:32+00:00,AAPL260925C00332500
AAPL,2026-09-22,339.75,2026-09-25,C,335.0,6.05,6.4,6.27,4019.0,10295,0.2503737072753906,True,2026-09-22 19:59:49+00:00,AAPL260925C00335000
AAPL,2026-09-22,339.75,2026-09-25,C,337.5,4.3,4.9,4.6,3086.0,9769,0.25916268188476566,True,2026-09-22 19:59:50+00:00,AAPL260925C00337500
AAPL,2026-09-22,339.75,2026-09-25,C,340.0,3.0,3.15,3.0,13452.0,16972,0.23059851440429688,False,2026-09-22 19:59:48+00:00,AAPL260925C00340000
AAPL,2026-09-22,339.75,2026-09-25,C,342.5,1.95,2.07,2.07,21984.0,12744,0.22901161621093752,False,2026-09-22 19:59:42+00:00,AAPL260925C00342500
AAPL,2026-09-22,339.75,2026-09-25,C,345.0,1.19,1.25,1.23,28480.0,9900,0.22486126708984372,False,2026-09-22 19:59:55+00:00,AAPL260925C00345000
AAPL,2026-09-22,339.75,2026-09-25,C,347.5,0.65,0.78,0.7,19376.0,4658,0.2304764453125,False,2026-09-22 19:59:57+00:00,AAPL260925C00347500
AAPL,2026-09-22,339.75,2026-09-25,C,350.0,0.39,0.43,0.42,28475.0,21178,0.229499892578125,False,2026-09-22 19:59:56+00:00,AAPL260925C00350000
AAPL,2026-09-22,339.75,2026-09-25,C,352.5,0.2,0.22,0.22,6904.0,7883,0.2280350634765625,False,2026-09-22 19:59:15+00:00,AAPL260925C00352500
AAPL,2026-09-22,339.75,2026-09-25,C,355.0,0.11,0.12,0.11,8429.0,6425,0.23242955078125,False,2026-09-22 19:59:14+00:00,AAPL260925C00355000
AAPL,2026-09-22,339.75,2026-09-25,C,357.5,0.05,0.08,0.07,1068.0,978,0.245124736328125,False,2026-09-22 19:59:57+00:00,AAPL260925C00357500
AAPL,2026-09-22,339.75,2026-09-25,C,360.0,0.04,0.05,0.04,7474.0,10705,0.25489026367187506,False,2026-09-22 19:57:54+00:00,AAPL260925C00360000
AAPL,2026-09-22,339.75,2026-09-25,C,362.5,0.02,0.06,0.04,342.0,98,0.2880930566406249,False,2026-09-22 19:53:28+00:00,AAPL260925C00362500
AAPL,2026-09-22,339.75,2026-09-25,C,365.0,0.01,0.04,0.02,246.0,2736,0.29688203124999996,False,2026-09-22 19:45:57+00:00,AAPL260925C00365000
AAPL,2026-09-22,339.75,2026-09-25,C,370.0,0.0,0.01,0.01,210.0,2041,0.29688203124999996,False,2026-09-22 19:58:44+00:00,AAPL260925C00370000
AAPL,2026-09-22,339.75,2026-09-25,C,375.0,0.0,0.02,0.01,106.0,1073,0.3632876171875,False,2026-09-22 15:02:49+00:00,AAPL260925C00375000
AAPL,2026-09-22,339.75,2026-09-25,C,380.0,0.0,0.01,0.01,5.0,531,0.37500625,False,2026-09-22 14:05:39+00:00,AAPL260925C00380000
AAPL,2026-09-22,339.75,2026-09-25,C,385.0,0.0,0.01,0.01,2.0,143,0.42188078125,False,2026-09-22 14:43:07+00:00,AAPL260925C00385000
AAPL,2026-09-22,339.75,2026-09-25,C,390.0,0.0,0.02,0.03,1.0,105,0.48828636718750007,False,2026-09-22 15:28:56+00:00,AAPL260925C00390000
AAPL,2026-09-22,339.75,2026-09-25,C,395.0,0.0,0.02,0.02,1.0,67,0.5312546875,False,2026-09-22 15:28:56+00:00,AAPL260925C00395000
AAPL,2026-09-22,339.75,2026-09-25,C,400.0,0.0,0.01,0.01,50.0,359,0.500005,False,2026-09-21 18:57:07+00:00,AAPL260925C00400000
AAPL,2026-09-22,339.75,2026-09-25,C,405.0,0.0,0.01,0.01,6.0,18,0.5312546875,False,2026-09-17 14:39:10+00:00,AAPL260925C00405000
AAPL,2026-09-22,339.75,2026-09-25,C,410.0,0.0,0.01,0.01,1.0,25,0.5625043750000001,False,2026-09-21 13:30:06+00:00,AAPL260925C00410000
AAPL,2026-09-22,339.75,2026-09-25,C,415.0,0.0,0.01,0.01,4.0,136,0.5937540625000001,False,2026-09-18 13:30:01+00:00,AAPL260925C00415000
AAPL,2026-09-22,339.75,2026-09-25,P,110.0,0.0,0.01,0.02,,100,3.1250021875,False,2026-08-19 15:20:24+00:00,AAPL260925P00110000
AAPL,2026-09-22,339.75,2026-09-25,P,170.0,0.0,0.01,0.01,552.0,552,1.96875015625,False,2026-09-17 19:09:31+00:00,AAPL260925P00170000
AAPL,2026-09-22,339.75,2026-09-25,P,175.0,0.0,0.01,0.01,6.0,30,1.875000625,False,2026-09-15 18:19:03+00:00,AAPL260925P00175000
AAPL,2026-09-22,339.75,2026-09-25,P,180.0,0.0,0.01,0.01,11501.0,11530,1.8125009374999999,False,2026-09-18 17:46:14+00:00,AAPL260925P00180000
AAPL,2026-09-22,339.75,2026-09-25,P,185.0,0.0,0.01,0.01,21072.0,21079,1.75000125,False,2026-09-18 17:46:10+00:00,AAPL260925P00185000
AAPL,2026-09-22,339.75,2026-09-25,P,190.0,0.0,0.01,0.04,23.0,17,1.6875015625,False,2026-09-01 14:50:33+00:00,AAPL260925P00190000
AAPL,2026-09-22,339.75,2026-09-25,P,195.0,0.0,0.01,0.01,1.0,26,1.5937520312499998,False,2026-09-21 13:30:35+00:00,AAPL260925P00195000
AAPL,2026-09-22,339.75,2026-09-25,P,200.0,0.0,0.01,0.01,5.0,54,1.5312523437499999,False,2026-09-14 19:42:58+00:00,AAPL260925P00200000
AAPL,2026-09-22,339.75,2026-09-25,P,205.0,0.0,0.01,0.1,4.0,26,1.4375028125,False,2026-09-01 14:25:22+00:00,AAPL260925P00205000
AAPL,2026-09-22,339.75,2026-09-25,P,210.0,0.0,0.01,0.09,5.0,54,1.3750031249999999,False,2026-09-03 13:58:53+00:00,AAPL260925P00210000
AAPL,2026-09-22,339.75,2026-09-25,P,215.0,0.0,0.01,0.01,1.0,241,1.3125034374999998,False,2026-09-17 14:06:18+00:00,AAPL260925P00215000
AAPL,2026-09-22,339.75,2026-09-25,P,220.0,0.0,0.01,0.04,2.0,45,1.2500037499999999,False,2026-09-15 15:45:30+00:00,AAPL260925P00220000
AAPL,2026-09-22,339.75,2026-09-25,P,225.0,0.0,0.01,0.07,1.0,150,1.1875040625,False,2026-09-18 18:31:12+00:00,AAPL260925P00225000
AAPL,2026-09-22,339.75,2026-09-25,P,230.0,0.0,0.01,0.01,5.0,310,1.15625421875,False,2026-09-21 18:34:20+00:00,AAPL260925P00230000
AAPL,2026-09-22,339.75,2026-09-25,P,235.0,0.0,0.01,0.06,114.0,910,1.09375453125,False,2026-09-18 18:18:03+00:00,AAPL260925P00235000
AAPL,2026-09-22,339.75,2026-09-25,P,240.0,0.0,0.01,0.02,21.0,813,1.0312548437500002,False,2026-09-18 14:41:34+00:00,AAPL260925P00240000
AAPL,2026-09-22,339.75,2026-09-25,P,245.0,0.0,0.01,0.01,50.0,1062,0.9687503125,False,2026-09-21 15:52:52+00:00,AAPL260925P00245000
AAPL,2026-09-22,339.75,2026-09-25,P,250.0,0.0,0.01,0.02,2.0,14619,0.9062509375,False,2026-09-22 19:57:43+00:00,AAPL260925P00250000
AAPL,2026-09-22,339.75,2026-09-25,P,255.0,0.0,0.01,0.01,17.0,951,0.8437515624999999,False,2026-09-21 17:45:32+00:00,AAPL260925P00255000
AAPL,2026-09-22,339.75,2026-09-25,P,260.0,0.0,0.01,0.01,220.0,2406,0.8125018749999999,False,2026-09-21 15:08:07+00:00,AAPL260925P00260000
AAPL,2026-09-22,339.75,2026-09-25,P,265.0,0.0,0.01,0.08,1.0,572,0.7500025,False,2026-09-21 13:32:36+00:00,AAPL260925P00265000
AAPL,2026-09-22,339.75,2026-09-25,P,270.0,0.0,0.01,0.01,62.0,539,0.6875031250000001,False,2026-09-22 15:18:09+00:00,AAPL260925P00270000
AAPL,2026-09-22,339.75,2026-09-25,P,275.0,0.0,0.01,0.01,114.0,1667,0.64062859375,False,2026-09-22 19:49:53+00:00,AAPL260925P00275000
AAPL,2026-09-22,339.75,2026-09-25,P,277.5,0.0,0.01,0.01,77.0,75,0.6250037500000001,False,2026-09-22 19:31:24+00:00,AAPL260925P00277500
AAPL,2026-09-22,339.75,2026-09-25,P,280.0,0.0,0.02,0.01,51.0,920,0.632816171875,False,2026-09-22 19:12:52+00:00,AAPL260925P00280000
AAPL,2026-09-22,339.75,2026-09-25,P,282.5,0.0,0.34,0.01,24.0,173,0.8349625878906248,False,2026-09-21 17:33:06+00:00,AAPL260925P00282500
AAPL,2026-09-22,339.75,2026-09-25,P,285.0,0.0,0.01,0.01,116.0,1078,0.5468795312500001,False,2026-09-22 19:54:10+00:00,AAPL260925P00285000
AAPL,2026-09-22,339.75,2026-09-25,P,287.5,0.0,0.3,0.03,100.0,333,0.75195560546875,False,2026-09-22 17:43:15+00:00,AAPL260925P00287500
AAPL,2026-09-22,339.75,2026-09-25,P,290.0,0.01,0.02,0.02,184.0,1716,0.5468795312500001,False,2026-09-22 19:56:21+00:00,AAPL260925P00290000
AAPL,2026-09-22,339.75,2026-09-25,P,292.5,0.01,0.26,0.02,107.0,501,0.6738313867187502,False,2026-09-22 19:25:00+00:00,AAPL260925P00292500
AAPL,2026-09-22,339.75,2026-09-25,P,295.0,0.01,0.03,0.04,93.0,2712,0.507817421875,False,2026-09-22 16:42:22+00:00,AAPL260925P00295000
AAPL,2026-09-22,339.75,2026-09-25,P,297.5,0.01,0.02,0.02,35.0,240,0.476567734375,False,2026-09-22 15:29:14+00:00,AAPL260925P00297500
AAPL,2026-09-22,339.75,2026-09-25,P,300.0,0.01,0.03,0.01,131.0,2566,0.4726615234375,False,2026-09-22 19:31:28+00:00,AAPL260925P00300000
AAPL,2026-09-22,339.75,2026-09-25,P,302.5,0.01,0.02,0.01,28.0,162,0.42578699218750005,False,2026-09-22 19:53:09+00:00,AAPL260925P00302500
AAPL,2026-09-22,339.75,2026-09-25,P,305.0,0.02,0.24,0.03,73.0,4445,0.50586431640625,False,2026-09-22 19:57:16+00:00,AAPL260925P00305000
AAPL,2026-09-22,339.75,2026-09-25,P,307.5,0.02,0.06,0.03,34.0,399,0.42188078125,False,2026-09-22 19:06:33+00:00,AAPL260925P00307500
AAPL,2026-09-22,339.75,2026-09-25,P,310.0,0.02,0.05,0.02,292.0,3239,0.38281867187499996,False,2026-09-22 19:52:08+00:00,AAPL260925P00310000
AAPL,2026-09-22,339.75,2026-09-25,P,312.5,0.03,0.05,0.03,34.0,1004,0.35352208984374994,False,2026-09-22 19:54:39+00:00,AAPL260925P00312500
AAPL,2026-09-22,339.75,2026-09-25,P,315.0,0.05,0.12,0.08,1036.0,4056,0.36914693359375,False,2026-09-22 19:58:31+00:00,AAPL260925P00315000
AAPL,2026-09-22,339.75,2026-09-25,P,317.5,0.07,0.1,0.08,195.0,2038,0.32617861328125,False,2026-09-22 19:58:57+00:00,AAPL260925P00317500
AAPL,2026-09-22,339.75,2026-09-25,P,320.0,0.11,0.12,0.11,2247.0,5897,0.30371790039062496,False,2026-09-22 19:53:34+00:00,AAPL260925P00320000
AAPL,2026-09-22,339.75,2026-09-25,P,322.5,0.15,0.16,0.16,253.0,2548,0.2846751220703124,False,2026-09-22 19:58:56+00:00,AAPL260925P00322500
AAPL,2026-09-22,339.75,2026-09-25,P,325.0,0.2,0.22,0.22,4397.0,4182,0.266608896484375,False,2026-09-22 19:59:52+00:00,AAPL260925P00325000
AAPL,2026-09-22,339.75,2026-09-25,P,327.5,0.3,0.33,0.33,1939.0,4609,0.2524488818359375,False,2026-09-22 19:59:22+00:00,AAPL260925P00327500
AAPL,2026-09-22,339.75,2026-09-25,P,330.0,0.5,0.53,0.51,7178.0,6108,0.24243921630859372,False,2026-09-22 19:59:59+00:00,AAPL260925P00330000
AAPL,2026-09-22,339.75,2026-09-25,P,332.5,0.79,0.84,0.84,4426.0,3242,0.23218541259765624,False,2026-09-22 19:59:58+00:00,AAPL260925P00332500
AAPL,2026-09-22,339.75,2026-09-25,P,335.0,1.25,1.38,1.32,8704.0,5936,0.2280350634765625,False,2026-09-22 19:59:59+00:00,AAPL260925P00335000
AAPL,2026-09-22,339.75,2026-09-25,P,337.5,2.05,2.16,2.05,4305.0,1567,0.22339643798828124,False,2026-09-22 19:59:55+00:00,AAPL260925P00337500
AAPL,2026-09-22,339.75,2026-09-25,P,340.0,3.05,3.25,3.08,11817.0,4101,0.22010057250976559,True,2026-09-22 19:59:57+00:00,AAPL260925P00340000
AAPL,2026-09-22,339.75,2026-09-25,P,342.5,4.45,4.7,4.6,3989.0,1448,0.22010057250976559,True,2026-09-22 19:59:31+00:00,AAPL260925P00342500
AAPL,2026-09-22,339.75,2026-09-25,P,345.0,6.15,6.55,6.45,2367.0,2089,0.22925575439453127,True,2026-09-22 19:59:09+00:00,AAPL260925P00345000
AAPL,2026-09-22,339.75,2026-09-25,P,347.5,8.1,8.75,8.3,376.0,2473,0.25318129638671877,True,2026-09-22 19:54:10+00:00,AAPL260925P00347500
AAPL,2026-09-22,339.75,2026-09-25,P,350.0,9.9,11.05,10.65,2165.0,1199,0.2778392529296875,True,2026-09-22 17:59:55+00:00,AAPL260925P00350000
AAPL,2026-09-22,339.75,2026-09-25,P,352.5,11.95,13.55,12.3,4.0,47,0.3205634350585937,True,2026-09-22 19:42:55+00:00,AAPL260925P00352500
AAPL,2026-09-22,339.75,2026-09-25,P,355.0,14.1,16.45,13.4,8.0,18,0.41138283935546877,True,2026-09-22 17:18:54+00:00,AAPL260925P00355000
AAPL,2026-09-22,339.75,2026-09-25,P,360.0,18.65,21.95,21.5,8.0,14,0.5546919531250001,True,2026-09-21 17:39:06+00:00,AAPL260925P00360000
AAPL,2026-09-22,339.75,2026-09-25,P,365.0,23.7,27.0,28.7,2.0,0,0.6440465283203125,True,2026-09-18 19:39:12+00:00,AAPL260925P00365000
AAPL,2026-09-22,339.75,2026-09-25,P,370.0,28.65,32.0,37.2,12.0,0,0.7236355761718749,True,2026-09-16 15:51:13+00:00,AAPL260925P00370000
AAPL,2026-09-22,339.75,2026-09-25,P,375.0,33.7,37.1,38.91,37.0,0,0.8132342895507811,True,2026-09-18 19:48:00+00:00,AAPL260925P00375000
AAPL,2026-09-22,339.75,2026-09-25,P,380.0,38.7,42.1,43.93,15.0,0,0.524418818359375,True,2026-09-18 19:48:00+00:00,AAPL260925P00380000
AAPL,2026-09-22,339.75,2026-09-25,P,385.0,43.7,47.05,64.24,2.0,0,0.56055126953125,True,2026-09-04 19:02:32+00:00,AAPL260925P00385000
AAPL,2026-09-22,339.75,2026-09-25,P,390.0,48.7,52.05,54.0,4.0,0,0.6093789062500001,True,2026-09-18 19:57:01+00:00,AAPL260925P00390000
AAPL,2026-09-22,339.75,2026-09-28,C,250.0,88.15,91.65,80.46,,1,0.9687503125,True,2026-09-15 15:21:04+00:00,AAPL260928C00250000
AAPL,2026-09-22,339.75,2026-09-28,C,265.0,73.05,76.7,71.13,5.0,5,0.7851583984375,True,2026-09-18 15:25:17+00:00,AAPL260928C00265000
AAPL,2026-09-22,339.75,2026-09-28,C,270.0,68.15,71.7,65.16,1.0,3,0.7675804492187501,True,2026-09-18 15:16:18+00:00,AAPL260928C00270000
AAPL,2026-09-22,339.75,2026-09-28,C,280.0,58.25,61.75,61.98,1.0,4,0.6967803759765626,True,2026-09-22 13:46:48+00:00,AAPL260928C00280000
AAPL,2026-09-22,339.75,2026-09-28,C,290.0,48.25,51.7,45.87,,12,0.577152666015625,True,2026-09-17 17:38:20+00:00,AAPL260928C00290000
AAPL,2026-09-22,339.75,2026-09-28,C,300.0,38.35,41.8,42.05,1.0,6,0.5019581054687501,True,2026-09-22 14:52:56+00:00,AAPL260928C00300000
AAPL,2026-09-22,339.75,2026-09-28,C,302.5,35.8,39.3,33.65,3.0,11,0.7336452416992187,True,2026-09-18 15:24:47+00:00,AAPL260928C00302500
AAPL,2026-09-22,339.75,2026-09-28,C,305.0,33.3,36.8,38.31,2.0,14,0.6962920996093751,True,2026-09-22 15:34:25+00:00,AAPL260928C00305000
AAPL,2026-09-22,339.75,2026-09-28,C,307.5,30.65,34.3,30.55,1.0,14,0.6586948193359375,True,2026-09-21 15:50:48+00:00,AAPL260928C00307500
AAPL,2026-09-22,339.75,2026-09-28,C,310.0,28.8,31.8,27.0,1.0,8,0.6210975390625001,True,2026-09-21 14:52:52+00:00,AAPL260928C00310000
AAPL,2026-09-22,339.75,2026-09-28,C,312.5,25.9,29.3,23.09,1.0,27,0.5832561206054687,True,2026-09-18 15:18:31+00:00,AAPL260928C00312500
AAPL,2026-09-22,339.75,2026-09-28,C,315.0,23.4,25.7,26.21,1.0,14,0.43066975585937506,True,2026-09-22 13:58:17+00:00,AAPL260928C00315000
AAPL,2026-09-22,339.75,2026-09-28,C,317.5,20.9,23.55,20.64,5.0,1,0.43555251953125,True,2026-09-21 16:00:24+00:00,AAPL260928C00317500
AAPL,2026-09-22,339.75,2026-09-28,C,320.0,18.55,21.8,22.61,17.0,263,0.467778759765625,True,2026-09-22 17:00:04+00:00,AAPL260928C00320000
AAPL,2026-09-22,339.75,2026-09-28,C,322.5,16.1,18.7,18.62,1.0,27,0.37744763183593744,True,2026-09-22 14:02:25+00:00,AAPL260928C00322500
AAPL,2026-09-22,339.75,2026-09-28,C,325.0,13.75,16.35,16.11,7.0,54,0.3523013989257812,True,2026-09-22 19:32:51+00:00,AAPL260928C00325000
AAPL,2026-09-22,339.75,2026-09-28,C,327.5,11.7,13.65,12.7,41.0,3,0.2973703076171874,True,2026-09-22 19:57:20+00:00,AAPL260928C00327500
AAPL,2026-09-22,339.75,2026-09-28,C,330.0,10.0,11.05,10.35,26.0,338,0.25025163818359375,True,2026-09-22 19:57:20+00:00,AAPL260928C00330000
AAPL,2026-09-22,339.75,2026-09-28,C,332.5,7.75,9.35,7.5,36.0,378,0.26355716918945316,True,2026-09-22 19:56:13+00:00,AAPL260928C00332500
AAPL,2026-09-22,339.75,2026-09-28,C,335.0,6.3,7.25,6.58,258.0,684,0.24036404174804685,True,2026-09-22 19:58:05+00:00,AAPL260928C00335000
AAPL,2026-09-22,339.75,2026-09-28,C,337.5,4.8,5.2,5.1,229.0,417,0.2124102197265625,True,2026-09-22 19:59:05+00:00,AAPL260928C00337500
AAPL,2026-09-22,339.75,2026-09-28,C,340.0,3.55,3.95,3.7,2044.0,1178,0.21692677612304687,False,2026-09-22 19:59:59+00:00,AAPL260928C00340000
AAPL,2026-09-22,339.75,2026-09-28,C,342.5,2.4,2.69,2.46,3487.0,1574,0.20752745605468748,False,2026-09-22 19:58:31+00:00,AAPL260928C00342500
AAPL,2026-09-22,339.75,2026-09-28,C,345.0,1.6,1.75,1.65,2555.0,449,0.2016681396484375,False,2026-09-22 19:59:57+00:00,AAPL260928C00345000
AAPL,2026-09-22,339.75,2026-09-28,C,347.5,1.03,1.13,1.06,3269.0,233,0.2010577941894531,False,2026-09-22 19:59:27+00:00,AAPL260928C00347500
AAPL,2026-09-22,339.75,2026-09-28,C,350.0,0.64,0.71,0.66,10699.0,3745,0.20179020874023437,False,2026-09-22 19:59:37+00:00,AAPL260928C00350000
AAPL,2026-09-22,339.75,2026-09-28,C,352.5,0.37,0.45,0.32,909.0,135,0.20508607421874997,False,2026-09-22 19:58:32+00:00,AAPL260928C00352500
AAPL,2026-09-22,339.75,2026-09-28,C,355.0,0.24,0.27,0.26,1966.0,110,0.2067950415039062,False,2026-09-22 19:59:54+00:00,AAPL260928C00355000
AAPL,2026-09-22,339.75,2026-09-28,C,360.0,0.08,0.14,0.1,1351.0,2322,0.22657023437499998,False,2026-09-22 19:53:48+00:00,AAPL260928C00360000
AAPL,2026-09-22,339.75,2026-09-28,C,365.0,0.02,0.05,0.06,135.0,11,0.231452998046875,False,2026-09-22 19:19:04+00:00,AAPL260928C00365000
AAPL,2026-09-22,339.75,2026-09-28,C,370.0,0.0,0.06,0.04,135.0,25,0.27539787109374997,False,2026-09-22 19:45:16+00:00,AAPL260928C00370000
AAPL,2026-09-22,339.75,2026-09-28,C,375.0,0.0,0.08,0.02,130.0,27,0.32520206054687495,False,2026-09-22 18:17:45+00:00,AAPL260928C00375000
AAPL,2026-09-22,339.75,2026-09-28,C,380.0,0.0,0.31,0.16,,3,0.4467828759765625,False,2026-09-17 13:31:33+00:00,AAPL260928C00380000
AAPL,2026-09-22,339.75,2026-09-28,P,250.0,0.0,0.5,0.14,,1,1.040043862304688,False,2026-09-15 16:04:53+00:00,AAPL260928P00250000
AAPL,2026-09-22,339.75,2026-09-28,P,255.0,0.0,0.5,0.12,,2,0.981445498046875,False,2026-09-15 17:05:58+00:00,AAPL260928P00255000
AAPL,2026-09-22,339.75,2026-09-28,P,265.0,0.0,0.31,0.04,,1,0.8085956640624999,False,2026-09-16 14:47:37+00:00,AAPL260928P00265000
AAPL,2026-09-22,339.75,2026-09-28,P,270.0,0.0,0.49,0.08,,1,0.80664255859375,False,2026-09-16 14:47:21+00:00,AAPL260928P00270000
AAPL,2026-09-22,339.75,2026-09-28,P,275.0,0.0,0.47,0.06,,2,0.745119736328125,False,2026-09-16 19:21:23+00:00,AAPL260928P00275000
AAPL,2026-09-22,339.75,2026-09-28,P,280.0,0.0,0.06,0.04,2.0,1,0.5312546875,False,2026-09-18 16:46:39+00:00,AAPL260928P00280000
AAPL,2026-09-22,339.75,2026-09-28,P,285.0,0.0,0.43,0.19,2.0,32,0.6269568554687501,False,2026-09-21 13:35:24+00:00,AAPL260928P00285000
AAPL,2026-09-22,339.75,2026-09-28,P,290.0,0.0,0.05,0.02,14.0,9,0.4687553125,False,2026-09-22 13:59:12+00:00,AAPL260928P00290000
AAPL,2026-09-22,339.75,2026-09-28,P,295.0,0.0,0.03,0.02,15.0,25,0.398443515625,False,2026-09-22 16:05:40+00:00,AAPL260928P00295000
AAPL,2026-09-22,339.75,2026-09-28,P,297.5,0.01,0.06,0.04,4.0,6,0.4101621484375,False,2026-09-22 17:15:28+00:00,AAPL260928P00297500
AAPL,2026-09-22,339.75,2026-09-28,P,300.0,0.01,0.06,0.05,2.0,30,0.38867798828125,False,2026-09-22 15:15:25+00:00,AAPL260928P00300000
AAPL,2026-09-22,339.75,2026-09-28,P,302.5,0.01,0.1,0.07,3.0,5,0.39160764648437496,False,2026-09-21 19:09:25+00:00,AAPL260928P00302500
AAPL,2026-09-22,339.75,2026-09-28,P,305.0,0.01,0.08,0.05,5.0,27,0.35547519531249994,False,2026-09-22 14:45:42+00:00,AAPL260928P00305000
AAPL,2026-09-22,339.75,2026-09-28,P,307.5,0.03,0.11,0.04,4.0,11,0.348639326171875,False,2026-09-22 17:07:30+00:00,AAPL260928P00307500
AAPL,2026-09-22,339.75,2026-09-28,P,310.0,0.03,0.1,0.07,57.0,118,0.3193427441406249,False,2026-09-22 19:57:37+00:00,AAPL260928P00310000
AAPL,2026-09-22,339.75,2026-09-28,P,312.5,0.01,0.1,0.06,2.0,31,0.29492892578124996,False,2026-09-22 14:58:29+00:00,AAPL260928P00312500
AAPL,2026-09-22,339.75,2026-09-28,P,315.0,0.07,0.13,0.11,53.0,141,0.2827220166015625,False,2026-09-22 19:53:53+00:00,AAPL260928P00315000
AAPL,2026-09-22,339.75,2026-09-28,P,317.5,0.11,0.19,0.15,37.0,48,0.27539787109374997,False,2026-09-22 18:32:39+00:00,AAPL260928P00317500
AAPL,2026-09-22,339.75,2026-09-28,P,320.0,0.12,0.25,0.17,62.0,576,0.26270268554687504,False,2026-09-22 19:50:40+00:00,AAPL260928P00320000
AAPL,2026-09-22,339.75,2026-09-28,P,322.5,0.2,0.29,0.37,31.0,213,0.24268335449218748,False,2026-09-22 19:59:14+00:00,AAPL260928P00322500
AAPL,2026-09-22,339.75,2026-09-28,P,325.0,0.34,0.4,0.37,299.0,750,0.2309647216796875,False,2026-09-22 19:59:49+00:00,AAPL260928P00325000
AAPL,2026-09-22,339.75,2026-09-28,P,327.5,0.5,0.55,0.54,240.0,254,0.21851367431640623,False,2026-09-22 19:59:39+00:00,AAPL260928P00327500
AAPL,2026-09-22,339.75,2026-09-28,P,330.0,0.75,0.81,0.8,430.0,598,0.21009090698242186,False,2026-09-22 19:59:52+00:00,AAPL260928P00330000
AAPL,2026-09-22,339.75,2026-09-28,P,332.5,1.14,1.29,1.25,367.0,263,0.2092364233398437,False,2026-09-22 19:56:44+00:00,AAPL260928P00332500
AAPL,2026-09-22,339.75,2026-09-28,P,335.0,1.71,1.83,1.71,794.0,426,0.20032537963867186,False,2026-09-22 19:59:52+00:00,AAPL260928P00335000
AAPL,2026-09-22,339.75,2026-09-28,P,337.5,2.4,2.67,2.67,605.0,411,0.19702951416015624,False,2026-09-22 19:59:58+00:00,AAPL260928P00337500
AAPL,2026-09-22,339.75,2026-09-28,P,340.0,3.55,3.8,3.7,1070.0,371,0.19568675415039063,True,2026-09-22 19:59:19+00:00,AAPL260928P00340000
AAPL,2026-09-22,339.75,2026-09-28,P,345.0,6.5,7.35,6.5,168.0,23,0.22290816162109373,True,2026-09-22 19:44:07+00:00,AAPL260928P00345000
AAPL,2026-09-22,339.75,2026-09-28,P,350.0,9.75,12.65,8.6,15.0,1,0.3270330969238281,True,2026-09-22 16:55:41+00:00,AAPL260928P00350000
AAPL,2026-09-22,339.75,2026-09-28,P,352.5,12.0,14.6,10.7,5.0,27,0.3278875805664062,True,2026-09-22 16:55:08+00:00,AAPL260928P00352500
AAPL,2026-09-22,339.75,2026-09-28,P,365.0,23.7,27.05,34.5,,3,0.4914601635742188,True,2026-09-15 13:49:32+00:00,AAPL260928P00365000
AAPL,2026-09-22,339.75,2026-09-30,C,270.0,68.15,71.75,67.87,,9,0.6894562304687502,True,2026-09-17 19:50:42+00:00,AAPL260930C00270000
AAPL,2026-09-22,339.75,2026-09-30,C,290.0,48.35,52.05,46.4,1.0,1,0.5737347314453125,True,2026-09-18 18:59:12+00:00,AAPL260930C00290000
AAPL,2026-09-22,339.75,2026-09-30,C,295.0,43.2,46.85,38.81,,2,0.7507349145507812,True,2026-09-17 14:34:56+00:00,AAPL260930C00295000
AAPL,2026-09-22,339.75,2026-09-30,C,300.0,38.7,41.4,40.06,2.0,3,0.63867548828125,True,2026-09-22 19:57:52+00:00,AAPL260930C00300000
AAPL,2026-09-22,339.75,2026-09-30,C,305.0,33.25,36.75,36.54,3.0,10,0.6093789062500001,True,2026-09-22 18:36:11+00:00,AAPL260930C00305000
AAPL,2026-09-22,339.75,2026-09-30,C,307.5,30.95,34.25,29.12,,7,0.5764202514648438,True,2026-09-17 18:18:39+00:00,AAPL260930C00307500
AAPL,2026-09-22,339.75,2026-09-30,C,310.0,29.25,31.15,32.83,2.0,6,0.48730981445312505,True,2026-09-22 16:58:20+00:00,AAPL260930C00310000
AAPL,2026-09-22,339.75,2026-09-30,C,315.0,23.6,26.75,27.8,1.0,3,0.4766898034667969,True,2026-09-22 14:56:03+00:00,AAPL260930C00315000
AAPL,2026-09-22,339.75,2026-09-30,C,317.5,21.2,23.8,23.43,1.0,128,0.4062559375,True,2026-09-22 19:41:12+00:00,AAPL260930C00317500
AAPL,2026-09-22,339.75,2026-09-30,C,320.0,18.55,22.0,21.37,4.0,104,0.4271297521972657,True,2026-09-22 19:12:35+00:00,AAPL260930C00320000
AAPL,2026-09-22,339.75,2026-09-30,C,322.5,16.5,19.65,16.6,4.0,3,0.4019835192871094,True,2026-09-21 17:10:31+00:00,AAPL260930C00322500
AAPL,2026-09-22,339.75,2026-09-30,C,325.0,14.4,16.7,16.93,6.0,23,0.3354558642578125,True,2026-09-22 18:33:57+00:00,AAPL260930C00325000
AAPL,2026-09-22,339.75,2026-09-30,C,327.5,11.95,14.4,13.63,23.0,16,0.3122627368164062,True,2026-09-22 15:15:11+00:00,AAPL260930C00327500
AAPL,2026-09-22,339.75,2026-09-30,C,330.0,9.8,11.95,12.27,37.0,91,0.27747304565429687,True,2026-09-22 18:17:36+00:00,AAPL260930C00330000
AAPL,2026-09-22,339.75,2026-09-30,C,332.5,8.7,9.7,9.38,30.0,61,0.25196060546875,True,2026-09-22 18:25:50+00:00,AAPL260930C00332500
AAPL,2026-09-22,339.75,2026-09-30,C,335.0,7.0,7.9,7.85,162.0,683,0.2452468054199219,True,2026-09-22 19:40:18+00:00,AAPL260930C00335000
AAPL,2026-09-22,339.75,2026-09-30,C,337.5,5.6,6.35,6.0,139.0,156,0.24262231994628902,True,2026-09-22 19:48:02+00:00,AAPL260930C00337500
AAPL,2026-09-22,339.75,2026-09-30,C,340.0,4.35,4.7,4.55,622.0,443,0.22657023437499998,False,2026-09-22 19:58:59+00:00,AAPL260930C00340000
AAPL,2026-09-22,339.75,2026-09-30,C,342.5,3.2,3.5,3.24,1163.0,338,0.22217574707031246,False,2026-09-22 19:56:37+00:00,AAPL260930C00342500
AAPL,2026-09-22,339.75,2026-09-30,C,345.0,2.3,2.71,2.38,1182.0,289,0.22815713256835937,False,2026-09-22 19:59:04+00:00,AAPL260930C00345000
AAPL,2026-09-22,339.75,2026-09-30,C,347.5,1.5,1.78,1.6,183.0,166,0.21680470703125,False,2026-09-22 19:57:07+00:00,AAPL260930C00347500
AAPL,2026-09-22,339.75,2026-09-30,C,350.0,1.15,1.28,1.17,2455.0,649,0.2196122961425781,False,2026-09-22 19:59:54+00:00,AAPL260930C00350000
AAPL,2026-09-22,339.75,2026-09-30,C,352.5,0.68,0.9,0.81,202.0,685,0.2219316088867187,False,2026-09-22 19:54:09+00:00,AAPL260930C00352500
AAPL,2026-09-22,339.75,2026-09-30,C,355.0,0.48,0.62,0.5,867.0,122,0.2238847143554687,False,2026-09-22 19:54:57+00:00,AAPL260930C00355000
AAPL,2026-09-22,339.75,2026-09-30,C,357.5,0.26,0.43,0.35,184.0,67,0.22730264892578123,False,2026-09-22 19:54:09+00:00,AAPL260930C00357500
AAPL,2026-09-22,339.75,2026-09-30,C,360.0,0.17,0.26,0.23,576.0,62,0.22461712890624996,False,2026-09-22 19:58:20+00:00,AAPL260930C00360000
AAPL,2026-09-22,339.75,2026-09-30,C,362.5,0.14,0.17,0.14,16.0,51,0.22705851074218747,False,2026-09-22 19:57:49+00:00,AAPL260930C00362500
AAPL,2026-09-22,339.75,2026-09-30,C,365.0,0.05,0.16,0.11,55.0,113,0.2436599072265625,False,2026-09-22 19:52:44+00:00,AAPL260930C00365000
AAPL,2026-09-22,339.75,2026-09-30,C,370.0,0.02,0.1,0.09,16.0,3,0.2617261328125,False,2026-09-22 17:42:04+00:00,AAPL260930C00370000
AAPL,2026-09-22,339.75,2026-09-30,C,375.0,0.01,0.05,0.04,51.0,39,0.2695385546875,False,2026-09-22 17:39:13+00:00,AAPL260930C00375000
AAPL,2026-09-22,339.75,2026-09-30,C,380.0,0.0,0.04,0.04,2.0,3,0.2929758203124999,False,2026-09-22 17:40:45+00:00,AAPL260930C00380000
AAPL,2026-09-22,339.75,2026-09-30,C,385.0,0.0,0.02,0.02,81.0,22,0.29883513671874995,False,2026-09-22 15:07:26+00:00,AAPL260930C00385000
AAPL,2026-09-22,339.75,2026-09-30,C,390.0,0.0,0.14,0.04,,4,0.41211525390625,False,2026-09-16 13:30:03+00:00,AAPL260930C00390000
AAPL,2026-09-22,339.75,2026-09-30,C,395.0,0.0,0.35,0.03,,8,0.5127001855468749,False,2026-09-16 17:49:38+00:00,AAPL260930C00395000
AAPL,2026-09-22,339.75,2026-09-30,P,245.0,0.0,0.49,0.03,,0,0.9677737597656251,False,2026-09-16 14:48:19+00:00,AAPL260930P00245000
AAPL,2026-09-22,339.75,2026-09-30,P,250.0,0.0,0.48,0.03,,2,0.91211025390625,False,2026-09-16 14:48:11+00:00,AAPL260930P00250000
AAPL,2026-09-22,339.75,2026-09-30,P,255.0,0.0,0.48,0.07,,4,0.860352958984375,False,2026-09-16 14:45:14+00:00,AAPL260930P00255000
AAPL,2026-09-22,339.75,2026-09-30,P,260.0,0.0,0.47,0.03,8.0,4,0.80664255859375,False,2026-09-18 16:52:17+00:00,AAPL260930P00260000
AAPL,2026-09-22,339.75,2026-09-30,P,265.0,0.0,0.46,0.04,6.0,54,0.7539087109375,False,2026-09-18 19:54:38+00:00,AAPL260930P00265000
AAPL,2026-09-22,339.75,2026-09-30,P,270.0,0.0,0.44,0.05,3.0,6,0.6992217578125001,False,2026-09-21 18:22:22+00:00,AAPL260930P00270000
AAPL,2026-09-22,339.75,2026-09-30,P,275.0,0.0,0.15,0.04,14.0,6,0.5625043750000001,False,2026-09-22 18:58:32+00:00,AAPL260930P00275000
AAPL,2026-09-22,339.75,2026-09-30,P,280.0,0.0,0.04,0.08,3.0,264,0.48242705078125003,False,2026-09-22 14:38:53+00:00,AAPL260930P00280000
AAPL,2026-09-22,339.75,2026-09-30,P,285.0,0.0,0.05,0.04,6.0,9,0.45508357421875,False,2026-09-22 15:56:50+00:00,AAPL260930P00285000
AAPL,2026-09-22,339.75,2026-09-30,P,290.0,0.01,0.16,0.03,4.0,2,0.48340360351562506,False,2026-09-22 18:27:36+00:00,AAPL260930P00290000
AAPL,2026-09-22,339.75,2026-09-30,P,295.0,0.01,0.08,0.05,2.0,104,0.39649041015625003,False,2026-09-22 15:55:55+00:00,AAPL260930P00295000
AAPL,2026-09-22,339.75,2026-09-30,P,297.5,0.01,0.09,0.05,2.0,12,0.38281867187499996,False,2026-09-22 15:55:34+00:00,AAPL260930P00297500
AAPL,2026-09-22,339.75,2026-09-30,P,300.0,0.03,0.09,0.05,4.0,17,0.36133451171875,False,2026-09-22 19:16:15+00:00,AAPL260930P00300000
AAPL,2026-09-22,339.75,2026-09-30,P,302.5,0.0,0.09,0.13,4.0,2,0.3398503515625,False,2026-09-22 18:01:37+00:00,AAPL260930P00302500
AAPL,2026-09-22,339.75,2026-09-30,P,305.0,0.03,0.15,0.08,5.0,41,0.344733115234375,False,2026-09-22 19:47:49+00:00,AAPL260930P00305000
AAPL,2026-09-22,339.75,2026-09-30,P,307.5,0.07,0.23,0.01,2.0,8,0.3461979443359374,False,2026-09-22 13:46:12+00:00,AAPL260930P00307500
AAPL,2026-09-22,339.75,2026-09-30,P,310.0,0.11,0.23,0.12,41.0,43,0.3227606787109374,False,2026-09-22 19:16:15+00:00,AAPL260930P00310000
AAPL,2026-09-22,339.75,2026-09-30,P,312.5,0.07,0.22,0.18,42.0,33,0.29688203124999996,False,2026-09-22 19:27:13+00:00,AAPL260930P00312500
AAPL,2026-09-22,339.75,2026-09-30,P,315.0,0.15,0.26,0.22,64.0,75,0.282233740234375,False,2026-09-22 19:23:25+00:00,AAPL260930P00315000
AAPL,2026-09-22,339.75,2026-09-30,P,317.5,0.21,0.39,0.29,19.0,29,0.28076891113281244,False,2026-09-22 19:23:25+00:00,AAPL260930P00317500
AAPL,2026-09-22,339.75,2026-09-30,P,320.0,0.28,0.45,0.37,2839.0,420,0.26343510009765625,False,2026-09-22 19:08:41+00:00,AAPL260930P00320000
AAPL,2026-09-22,339.75,2026-09-30,P,322.5,0.43,0.53,0.5,47.0,39,0.2467116345214844,False,2026-09-22 19:58:17+00:00,AAPL260930P00322500
AAPL,2026-09-22,339.75,2026-09-30,P,325.0,0.62,0.74,0.68,249.0,568,0.24048611083984373,False,2026-09-22 19:59:57+00:00,AAPL260930P00325000
AAPL,2026-09-22,339.75,2026-09-30,P,327.5,0.71,1.03,0.94,437.0,1154,0.23462679443359374,False,2026-09-22 19:59:39+00:00,AAPL260930P00327500
AAPL,2026-09-22,339.75,2026-09-30,P,330.0,1.1,1.39,1.32,401.0,424,0.2268143725585937,False,2026-09-22 19:59:59+00:00,AAPL260930P00330000
AAPL,2026-09-22,339.75,2026-09-30,P,332.5,1.74,2.02,1.85,76.0,427,0.22791299438476562,False,2026-09-22 19:59:30+00:00,AAPL260930P00332500
AAPL,2026-09-22,339.75,2026-09-30,P,335.0,2.4,2.7,2.52,562.0,264,0.22229781616210934,False,2026-09-22 19:56:17+00:00,AAPL260930P00335000
AAPL,2026-09-22,339.75,2026-09-30,P,337.5,3.25,3.65,3.2,377.0,122,0.2210771252441406,False,2026-09-22 19:56:07+00:00,AAPL260930P00337500
AAPL,2026-09-22,339.75,2026-09-30,P,340.0,4.3,4.75,4.54,534.0,116,0.21717091430664062,True,2026-09-22 19:59:26+00:00,AAPL260930P00340000
AAPL,2026-09-22,339.75,2026-09-30,P,342.5,5.6,6.15,5.9,808.0,2,0.21741505249023438,True,2026-09-22 19:58:02+00:00,AAPL260930P00342500
AAPL,2026-09-22,339.75,2026-09-30,P,345.0,6.9,8.0,7.17,179.0,41,0.23023230712890624,True,2026-09-22 19:46:25+00:00,AAPL260930P00345000
AAPL,2026-09-22,339.75,2026-09-30,P,347.5,8.45,10.15,7.2,2.0,30,0.2515943981933594,True,2026-09-22 16:13:57+00:00,AAPL260930P00347500
AAPL,2026-09-22,339.75,2026-09-30,P,350.0,10.3,12.0,9.95,26.0,25,0.24976336181640624,True,2026-09-22 18:38:07+00:00,AAPL260930P00350000
AAPL,2026-09-22,339.75,2026-09-30,P,355.0,14.6,16.85,13.3,2.0,1,0.30371790039062496,True,2026-09-22 16:28:10+00:00,AAPL260930P00355000
AAPL,2026-09-22,339.75,2026-10-02,C,185.0,153.25,156.9,149.85,,1,1.5839864550781246,True,2026-09-11 16:00:25+00:00,AAPL261002C00185000
AAPL,2026-09-22,339.75,2026-10-02,C,195.0,143.4,147.0,130.4,1.0,1,1.5292992285156248,True,2026-09-02 16:28:38+00:00,AAPL261002C00195000
AAPL,2026-09-22,339.75,2026-10-02,C,200.0,138.35,141.75,136.36,1.0,2,1.3837921435546874,True,2026-09-21 13:56:30+00:00,AAPL261002C00200000
AAPL,2026-09-22,339.75,2026-10-02,C,205.0,133.4,136.95,112.99,,2,1.3935577197265623,True,2026-09-09 14:11:39+00:00,AAPL261002C00205000
AAPL,2026-09-22,339.75,2026-10-02,C,210.0,128.4,131.95,120.25,,2,1.3339877050781246,True,2026-09-15 14:22:08+00:00,AAPL261002C00210000
AAPL,2026-09-22,339.75,2026-10-02,C,215.0,123.25,127.0,115.62,16.0,16,1.2529334228515623,True,2026-09-15 17:35:51+00:00,AAPL261002C00215000
AAPL,2026-09-22,339.75,2026-10-02,C,230.0,108.4,111.8,103.1,1.0,7,1.0771530517578127,True,2026-09-14 15:33:44+00:00,AAPL261002C00230000
AAPL,2026-09-22,339.75,2026-10-02,C,235.0,103.45,106.8,90.5,27.0,27,1.0351610742187503,True,2026-09-10 17:29:50+00:00,AAPL261002C00235000
AAPL,2026-09-22,339.75,2026-10-02,C,240.0,98.45,101.8,92.63,,1,0.983398603515625,True,2026-09-11 19:45:05+00:00,AAPL261002C00240000
AAPL,2026-09-22,339.75,2026-10-02,C,245.0,93.45,96.85,67.63,2.0,4,0.9414068359375,True,2026-09-09 17:37:40+00:00,AAPL261002C00245000
AAPL,2026-09-22,339.75,2026-10-02,C,250.0,88.25,91.75,84.2,59.0,73,0.8291032714843749,True,2026-09-18 14:33:32+00:00,AAPL261002C00250000
AAPL,2026-09-22,339.75,2026-10-02,C,255.0,83.45,86.7,81.67,1.0,16,0.8139667041015625,True,2026-09-18 19:36:01+00:00,AAPL261002C00255000
AAPL,2026-09-22,339.75,2026-10-02,C,260.0,78.45,81.85,74.15,1.0,22,0.7919942675781251,True,2026-09-11 17:56:59+00:00,AAPL261002C00260000
AAPL,2026-09-22,339.75,2026-10-02,C,265.0,74.0,76.85,74.33,1.0,23,0.8149432568359375,True,2026-09-21 19:25:18+00:00,AAPL261002C00265000
AAPL,2026-09-22,339.75,2026-10-02,C,270.0,68.55,71.3,71.13,5.0,56,0.6123085644531252,True,2026-09-22 19:05:54+00:00,AAPL261002C00270000
AAPL,2026-09-22,339.75,2026-10-02,C,275.0,64.4,66.9,66.96,1.0,77,0.7546411254882812,True,2026-09-22 18:33:55+00:00,AAPL261002C00275000
AAPL,2026-09-22,339.75,2026-10-02,C,280.0,58.5,61.9,62.18,1.0,107,0.6132851171875001,True,2026-09-22 13:46:48+00:00,AAPL261002C00280000
AAPL,2026-09-22,339.75,2026-10-02,C,285.0,53.6,56.65,54.59,1.0,238,0.5478560839843751,True,2026-09-21 19:40:11+00:00,AAPL261002C00285000
AAPL,2026-09-22,339.75,2026-10-02,C,290.0,48.45,51.8,50.52,1.0,173,0.5019581054687501,True,2026-09-22 14:43:52+00:00,AAPL261002C00290000
AAPL,2026-09-22,339.75,2026-10-02,C,295.0,43.6,46.85,46.33,10.0,92,0.6789582885742189,True,2026-09-22 19:02:29+00:00,AAPL261002C00295000
AAPL,2026-09-22,339.75,2026-10-02,C,300.0,39.25,41.9,43.04,3.0,644,0.6237830590820312,True,2026-09-22 15:39:47+00:00,AAPL261002C00300000
AAPL,2026-09-22,339.75,2026-10-02,C,305.0,33.65,36.95,36.39,15.0,112,0.5678754150390625,True,2026-09-22 19:06:41+00:00,AAPL261002C00305000
AAPL,2026-09-22,339.75,2026-10-02,C,310.0,28.7,31.65,31.79,13.0,1939,0.48352567260742196,True,2026-09-22 17:20:31+00:00,AAPL261002C00310000
AAPL,2026-09-22,339.75,2026-10-02,C,312.5,26.25,29.65,24.35,20.0,25,0.4910939562988281,True,2026-09-21 13:51:07+00:00,AAPL261002C00312500
AAPL,2026-09-22,339.75,2026-10-02,C,315.0,24.55,26.25,26.0,21.0,875,0.39258419921875,True,2026-09-22 18:51:11+00:00,AAPL261002C00315000
AAPL,2026-09-22,339.75,2026-10-02,C,317.5,21.55,24.75,26.99,6.0,37,0.43469803588867195,True,2026-09-22 15:15:51+00:00,AAPL261002C00317500
AAPL,2026-09-22,339.75,2026-10-02,C,320.0,19.95,21.25,20.76,55.0,1274,0.33423517333984376,True,2026-09-22 19:57:43+00:00,AAPL261002C00320000
AAPL,2026-09-22,339.75,2026-10-02,C,322.5,17.65,19.2,19.78,16.0,145,0.3350896569824219,True,2026-09-22 18:38:06+00:00,AAPL261002C00322500
AAPL,2026-09-22,339.75,2026-10-02,C,325.0,15.35,16.7,16.08,80.0,1937,0.30335169311523436,True,2026-09-22 19:56:30+00:00,AAPL261002C00325000
AAPL,2026-09-22,339.75,2026-10-02,C,327.5,12.95,14.75,14.1,105.0,344,0.30213100219726563,True,2026-09-22 19:44:04+00:00,AAPL261002C00327500
AAPL,2026-09-22,339.75,2026-10-02,C,330.0,11.5,12.25,12.0,392.0,1947,0.26697510375976563,True,2026-09-22 19:53:27+00:00,AAPL261002C00330000
AAPL,2026-09-22,339.75,2026-10-02,C,332.5,9.35,11.25,10.29,120.0,309,0.3023751403808594,True,2026-09-22 19:52:38+00:00,AAPL261002C00332500
AAPL,2026-09-22,339.75,2026-10-02,C,335.0,7.95,8.5,8.0,682.0,3566,0.249030947265625,True,2026-09-22 19:56:47+00:00,AAPL261002C00335000
AAPL,2026-09-22,339.75,2026-10-02,C,337.5,6.55,6.95,6.72,482.0,1015,0.24536887451171874,True,2026-09-22 19:59:49+00:00,AAPL261002C00337500
AAPL,2026-09-22,339.75,2026-10-02,C,340.0,5.2,5.45,5.3,3572.0,6102,0.2368240380859375,False,2026-09-22 19:59:27+00:00,AAPL261002C00340000
AAPL,2026-09-22,339.75,2026-10-02,C,342.5,3.95,4.25,4.1,2455.0,968,0.23352817260742187,False,2026-09-22 19:59:56+00:00,AAPL261002C00342500
AAPL,2026-09-22,339.75,2026-10-02,C,345.0,3.05,3.25,3.07,4709.0,7374,0.2310867907714844,False,2026-09-22 19:59:27+00:00,AAPL261002C00345000
AAPL,2026-09-22,339.75,2026-10-02,C,347.5,2.21,2.53,2.21,588.0,696,0.23401644897460935,False,2026-09-22 19:57:55+00:00,AAPL261002C00347500
AAPL,2026-09-22,339.75,2026-10-02,C,350.0,1.64,1.75,1.75,7721.0,3819,0.22595988891601562,False,2026-09-22 19:59:56+00:00,AAPL261002C00350000
AAPL,2026-09-22,339.75,2026-10-02,C,352.5,1.15,1.25,1.12,786.0,734,0.22473919799804684,False,2026-09-22 19:58:59+00:00,AAPL261002C00352500
AAPL,2026-09-22,339.75,2026-10-02,C,355.0,0.82,0.88,0.84,718.0,6291,0.2243729907226562,False,2026-09-22 19:59:57+00:00,AAPL261002C00355000
AAPL,2026-09-22,339.75,2026-10-02,C,357.5,0.54,0.62,0.6,602.0,495,0.225593681640625,False,2026-09-22 19:59:57+00:00,AAPL261002C00357500
AAPL,2026-09-22,339.75,2026-10-02,C,360.0,0.39,0.44,0.42,1763.0,7612,0.22779092529296874,False,2026-09-22 19:59:22+00:00,AAPL261002C00360000
AAPL,2026-09-22,339.75,2026-10-02,C,362.5,0.22,0.32,0.32,269.0,134,0.23169713623046873,False,2026-09-22 19:32:49+00:00,AAPL261002C00362500
AAPL,2026-09-22,339.75,2026-10-02,C,365.0,0.17,0.21,0.23,758.0,2860,0.231452998046875,False,2026-09-22 19:57:36+00:00,AAPL261002C00365000
AAPL,2026-09-22,339.75,2026-10-02,C,367.5,0.12,0.18,0.18,43.0,28,0.24268335449218748,False,2026-09-22 19:38:44+00:00,AAPL261002C00367500
AAPL,2026-09-22,339.75,2026-10-02,C,370.0,0.1,0.11,0.11,360.0,2520,0.23975369628906246,False,2026-09-22 19:17:05+00:00,AAPL261002C00370000
AAPL,2026-09-22,339.75,2026-10-02,C,375.0,0.04,0.07,0.05,182.0,268,0.25489026367187506,False,2026-09-22 19:18:18+00:00,AAPL261002C00375000
AAPL,2026-09-22,339.75,2026-10-02,C,380.0,0.03,0.04,0.03,268.0,397,0.264655791015625,False,2026-09-22 18:47:16+00:00,AAPL261002C00380000
AAPL,2026-09-22,339.75,2026-10-02,C,385.0,0.02,0.04,0.03,22.0,592,0.2910227148437499,False,2026-09-22 15:45:25+00:00,AAPL261002C00385000
AAPL,2026-09-22,339.75,2026-10-02,C,390.0,0.0,0.09,0.01,30.0,133,0.3505924316406249,False,2026-09-22 14:45:22+00:00,AAPL261002C00390000
AAPL,2026-09-22,339.75,2026-10-02,C,395.0,0.0,0.06,0.02,1.0,180,0.35938140625,False,2026-09-21 13:45:48+00:00,AAPL261002C00395000
AAPL,2026-09-22,339.75,2026-10-02,C,400.0,0.0,0.05,0.01,4.0,508,0.37695935546875,False,2026-09-22 14:37:51+00:00,AAPL261002C00400000
AAPL,2026-09-22,339.75,2026-10-02,C,405.0,0.0,0.51,0.05,2.0,30,0.5610395458984375,False,2026-09-18 19:45:25+00:00,AAPL261002C00405000
AAPL,2026-09-22,339.75,2026-10-02,C,410.0,0.0,0.52,0.08,5.0,22,0.5302781347656251,False,2026-09-14 16:08:10+00:00,AAPL261002C00410000
AAPL,2026-09-22,339.75,2026-10-02,C,415.0,0.0,0.03,0.03,1.0,381,0.42774009765625004,False,2026-09-14 15:23:59+00:00,AAPL261002C00415000
AAPL,2026-09-22,339.75,2026-10-02,P,110.0,0.0,0.01,0.31,,100,1.875000625,False,2026-08-27 17:29:15+00:00,AAPL261002P00110000
AAPL,2026-09-22,339.75,2026-10-02,P,125.0,0.0,0.01,0.16,,4,1.6875015625,False,2026-08-27 19:53:19+00:00,AAPL261002P00125000
AAPL,2026-09-22,339.75,2026-10-02,P,140.0,0.0,0.01,0.12,,2,1.5000025,False,2026-08-27 18:37:23+00:00,AAPL261002P00140000
AAPL,2026-09-22,339.75,2026-10-02,P,175.0,0.0,0.01,0.01,3.0,36,1.125004375,False,2026-09-21 18:36:01+00:00,AAPL261002P00175000
AAPL,2026-09-22,339.75,2026-10-02,P,180.0,0.0,0.01,0.01,2.0,117,1.09375453125,False,2026-09-18 18:39:35+00:00,AAPL261002P00180000
AAPL,2026-09-22,339.75,2026-10-02,P,185.0,0.0,0.01,0.01,3.0,7,1.0625046875000002,False,2026-09-18 18:40:36+00:00,AAPL261002P00185000
AAPL,2026-09-22,339.75,2026-10-02,P,190.0,0.0,0.51,0.03,8.0,9,1.47265888671875,False,2026-08-26 16:49:38+00:00,AAPL261002P00190000
AAPL,2026-09-22,339.75,2026-10-02,P,195.0,0.0,0.05,0.01,8.0,28,1.09375453125,False,2026-09-15 15:19:44+00:00,AAPL261002P00195000
AAPL,2026-09-22,339.75,2026-10-02,P,200.0,0.0,0.04,0.04,2.0,52,1.0312548437500002,False,2026-09-15 14:26:39+00:00,AAPL261002P00200000
AAPL,2026-09-22,339.75,2026-10-02,P,205.0,0.0,0.04,0.01,57.0,90,0.98437515625,False,2026-09-14 18:41:31+00:00,AAPL261002P00205000
AAPL,2026-09-22,339.75,2026-10-02,P,210.0,0.0,0.01,0.08,101.0,216,0.8437515624999999,False,2026-09-15 19:57:41+00:00,AAPL261002P00210000
AAPL,2026-09-22,339.75,2026-10-02,P,215.0,0.0,0.51,0.02,1.0,34,1.1865275048828123,False,2026-09-15 14:27:24+00:00,AAPL261002P00215000
AAPL,2026-09-22,339.75,2026-10-02,P,220.0,0.0,0.5,0.01,3.0,7,1.1298871630859377,False,2026-09-15 18:17:38+00:00,AAPL261002P00220000
AAPL,2026-09-22,339.75,2026-10-02,P,225.0,0.0,0.23,0.02,19.0,18,0.9765627343750001,False,2026-09-10 18:22:48+00:00,AAPL261002P00225000
AAPL,2026-09-22,339.75,2026-10-02,P,230.0,0.0,0.01,0.04,4.0,112,0.6875031250000001,False,2026-09-15 19:50:59+00:00,AAPL261002P00230000
AAPL,2026-09-22,339.75,2026-10-02,P,235.0,0.0,0.14,0.01,1.0,166,0.8320329296874999,False,2026-09-21 13:53:23+00:00,AAPL261002P00235000
AAPL,2026-09-22,339.75,2026-10-02,P,240.0,0.0,0.03,0.01,2.0,130,0.6796907031250001,False,2026-09-22 19:56:04+00:00,AAPL261002P00240000
AAPL,2026-09-22,339.75,2026-10-02,P,245.0,0.01,0.03,0.01,14.0,478,0.6562534375000001,False,2026-09-22 17:48:25+00:00,AAPL261002P00245000
AAPL,2026-09-22,339.75,2026-10-02,P,250.0,0.01,0.02,0.07,6.0,1511,0.6015664843750002,False,2026-09-21 19:56:40+00:00,AAPL261002P00250000
AAPL,2026-09-22,339.75,2026-10-02,P,255.0,0.0,0.43,0.02,10.0,305,0.7656273437500001,False,2026-09-22 14:13:31+00:00,AAPL261002P00255000
AAPL,2026-09-22,339.75,2026-10-02,P,260.0,0.0,0.29,0.02,10.0,567,0.6816438085937502,False,2026-09-22 14:14:03+00:00,AAPL261002P00260000
AAPL,2026-09-22,339.75,2026-10-02,P,265.0,0.0,0.05,0.03,1.0,124,0.523442265625,False,2026-09-22 19:37:20+00:00,AAPL261002P00265000
AAPL,2026-09-22,339.75,2026-10-02,P,270.0,0.01,0.06,0.03,15.0,588,0.5039112109375,False,2026-09-22 16:42:13+00:00,AAPL261002P00270000
AAPL,2026-09-22,339.75,2026-10-02,P,275.0,0.01,0.07,0.05,3.0,395,0.5039112109375,False,2026-09-22 13:30:03+00:00,AAPL261002P00275000
AAPL,2026-09-22,339.75,2026-10-02,P,280.0,0.03,0.06,0.05,28.0,565,0.45703667968750006,False,2026-09-22 19:09:51+00:00,AAPL261002P00280000
AAPL,2026-09-22,339.75,2026-10-02,P,285.0,0.03,0.1,0.06,194.0,863,0.44824770507812495,False,2026-09-22 19:56:04+00:00,AAPL261002P00285000
AAPL,2026-09-22,339.75,2026-10-02,P,290.0,0.05,0.07,0.06,329.0,1305,0.39063109375,False,2026-09-22 19:45:06+00:00,AAPL261002P00290000
AAPL,2026-09-22,339.75,2026-10-02,P,295.0,0.06,0.09,0.08,25.0,1037,0.36524072265625,False,2026-09-22 19:44:01+00:00,AAPL261002P00295000
AAPL,2026-09-22,339.75,2026-10-02,P,300.0,0.1,0.12,0.09,572.0,2998,0.3403386279296875,False,2026-09-22 19:51:22+00:00,AAPL261002P00300000
AAPL,2026-09-22,339.75,2026-10-02,P,302.5,0.06,0.19,0.17,30.0,54,0.344733115234375,False,2026-09-21 19:51:59+00:00,AAPL261002P00302500
AAPL,2026-09-22,339.75,2026-10-02,P,305.0,0.13,0.18,0.13,135.0,1112,0.32080757324218745,False,2026-09-22 19:51:22+00:00,AAPL261002P00305000
AAPL,2026-09-22,339.75,2026-10-02,P,307.5,0.16,0.24,0.19,1.0,29,0.3154365332031249,False,2026-09-22 13:41:48+00:00,AAPL261002P00307500
AAPL,2026-09-22,339.75,2026-10-02,P,310.0,0.19,0.25,0.22,267.0,2304,0.2963937548828125,False,2026-09-22 19:25:10+00:00,AAPL261002P00310000
AAPL,2026-09-22,339.75,2026-10-02,P,312.5,0.24,0.41,0.24,20.0,70,0.30322962402343745,False,2026-09-22 17:58:06+00:00,AAPL261002P00312500
AAPL,2026-09-22,339.75,2026-10-02,P,315.0,0.31,0.39,0.37,220.0,1780,0.2771068383789062,False,2026-09-22 19:58:30+00:00,AAPL261002P00315000
AAPL,2026-09-22,339.75,2026-10-02,P,317.5,0.41,0.51,0.43,81.0,194,0.2700268310546875,False,2026-09-22 19:16:20+00:00,AAPL261002P00317500
AAPL,2026-09-22,339.75,2026-10-02,P,320.0,0.55,0.6,0.6,798.0,2219,0.2557447473144532,False,2026-09-22 19:59:35+00:00,AAPL261002P00320000
AAPL,2026-09-22,339.75,2026-10-02,P,322.5,0.74,0.79,0.77,526.0,743,0.2486647399902344,False,2026-09-22 19:59:37+00:00,AAPL261002P00322500
AAPL,2026-09-22,339.75,2026-10-02,P,325.0,0.92,1.08,1.02,901.0,2650,0.2447585290527344,False,2026-09-22 19:59:28+00:00,AAPL261002P00325000
AAPL,2026-09-22,339.75,2026-10-02,P,327.5,1.31,1.46,1.35,500.0,4407,0.24109645629882812,False,2026-09-22 19:54:20+00:00,AAPL261002P00327500
AAPL,2026-09-22,339.75,2026-10-02,P,330.0,1.64,1.87,1.83,5603.0,1760,0.23297886169433596,False,2026-09-22 19:59:37+00:00,AAPL261002P00330000
AAPL,2026-09-22,339.75,2026-10-02,P,332.5,2.18,2.45,2.39,508.0,1021,0.22791299438476562,False,2026-09-22 19:53:46+00:00,AAPL261002P00332500
AAPL,2026-09-22,339.75,2026-10-02,P,335.0,3.05,3.2,3.15,1145.0,2761,0.22412885253906245,False,2026-09-22 19:59:35+00:00,AAPL261002P00335000
AAPL,2026-09-22,339.75,2026-10-02,P,337.5,3.9,4.25,4.1,522.0,557,0.22595988891601562,False,2026-09-22 19:58:36+00:00,AAPL261002P00337500
AAPL,2026-09-22,339.75,2026-10-02,P,340.0,5.0,5.3,5.1,1224.0,541,0.21985643432617186,True,2026-09-22 19:59:38+00:00,AAPL261002P00340000
AAPL,2026-09-22,339.75,2026-10-02,P,342.5,6.25,6.8,6.5,1313.0,36,0.22486126708984372,True,2026-09-22 19:46:38+00:00,AAPL261002P00342500
AAPL,2026-09-22,339.75,2026-10-02,P,345.0,7.75,8.4,7.8,825.0,1611,0.22657023437499998,True,2026-09-22 19:52:14+00:00,AAPL261002P00345000
AAPL,2026-09-22,339.75,2026-10-02,P,347.5,8.95,10.2,9.17,55.0,26,0.23011023803710937,True,2026-09-22 19:33:14+00:00,AAPL261002P00347500
AAPL,2026-09-22,339.75,2026-10-02,P,350.0,10.5,12.3,11.67,1552.0,64,0.24243921630859372,True,2026-09-22 19:58:05+00:00,AAPL261002P00350000
AAPL,2026-09-22,339.75,2026-10-02,P,355.0,14.1,17.35,14.5,3.0,25,0.3051827294921875,True,2026-09-22 18:28:54+00:00,AAPL261002P00355000
AAPL,2026-09-22,339.75,2026-10-02,P,357.5,16.4,19.75,18.5,21.0,27,0.3272772351074219,True,2026-09-21 19:40:00+00:00,AAPL261002P00357500
AAPL,2026-09-22,339.75,2026-10-02,P,360.0,18.8,22.3,20.25,2.0,5,0.35742830078125,True,2026-09-22 14:16:45+00:00,AAPL261002P00360000
AAPL,2026-09-22,339.75,2026-10-02,P,365.0,23.65,27.0,24.0,2.0,13,0.38843385009765624,True,2026-09-22 13:54:30+00:00,AAPL261002P00365000
AAPL,2026-09-22,339.75,2026-10-02,P,370.0,28.7,32.05,52.7,1.0,1,0.44031321411132807,True,2026-08-20 13:55:34+00:00,AAPL261002P00370000
AAPL,2026-09-22,339.75,2026-10-02,P,375.0,33.7,36.95,38.0,10.0,10,0.47839877075195314,True,2026-09-21 14:06:55+00:00,AAPL261002P00375000
AAPL,2026-09-22,339.75,2026-10-02,P,380.0,38.85,41.95,45.74,,0,0.5224657128906249,True,2026-09-11 16:28:21+00:00,AAPL261002P00380000
AAPL,2026-09-22,339.75,2026-10-09,C,120.0,218.4,222.0,213.52,,1,2.1259812475585935,True,2026-09-11 19:14:11+00:00,AAPL261009C00120000
AAPL,2026-09-22,339.75,2026-10-09,C,195.0,143.5,147.15,141.39,1.0,1,1.2407264526367183,True,2026-09-18 18:37:37+00:00,AAPL261009C00195000
AAPL,2026-09-22,339.75,2026-10-09,C,215.0,123.55,127.3,115.81,,16,1.0737351000976565,True,2026-09-15 17:35:51+00:00,AAPL261009C00215000
AAPL,2026-09-22,339.75,2026-10-09,C,220.0,118.65,122.2,101.32,1.0,1,1.0263720556640625,True,2026-09-04 14:49:07+00:00,AAPL261009C00220000
AAPL,2026-09-22,339.75,2026-10-09,C,225.0,113.6,117.3,111.7,,1,0.9863282617187501,True,2026-09-17 17:08:08+00:00,AAPL261009C00225000
AAPL,2026-09-22,339.75,2026-10-09,C,235.0,103.7,107.1,101.7,65.0,65,0.8842785009765625,True,2026-09-18 19:12:29+00:00,AAPL261009C00235000
AAPL,2026-09-22,339.75,2026-10-09,C,240.0,98.65,102.1,94.35,25.0,1,0.8349625878906248,True,2026-09-17 15:50:04+00:00,AAPL261009C00240000
AAPL,2026-09-22,339.75,2026-10-09,C,245.0,93.65,97.1,90.64,1.0,4,0.7924825439453125,True,2026-09-18 16:06:01+00:00,AAPL261009C00245000
AAPL,2026-09-22,339.75,2026-10-09,C,250.0,88.75,92.15,87.0,1.0,3,0.7656273437500001,True,2026-09-18 13:37:50+00:00,AAPL261009C00250000
AAPL,2026-09-22,339.75,2026-10-09,C,255.0,83.7,87.15,62.69,,20,0.7187528125,True,2026-09-08 17:45:30+00:00,AAPL261009C00255000
AAPL,2026-09-22,339.75,2026-10-09,C,260.0,78.75,82.15,73.7,2.0,10,0.6821320849609377,True,2026-09-14 17:02:25+00:00,AAPL261009C00260000
AAPL,2026-09-22,339.75,2026-10-09,C,265.0,73.8,77.15,66.97,112.0,16,0.6455113574218749,True,2026-09-15 13:56:03+00:00,AAPL261009C00265000
AAPL,2026-09-22,339.75,2026-10-09,C,270.0,68.8,72.2,62.06,112.0,18,0.6088906298828126,True,2026-09-15 13:56:03+00:00,AAPL261009C00270000
AAPL,2026-09-22,339.75,2026-10-09,C,275.0,64.8,67.25,67.53,8.0,18,0.6362341064453125,True,2026-09-22 13:53:42+00:00,AAPL261009C00275000
AAPL,2026-09-22,339.75,2026-10-09,C,280.0,58.85,62.3,59.92,5.0,261,0.5388229711914063,True,2026-09-21 19:32:25+00:00,AAPL261009C00280000
AAPL,2026-09-22,339.75,2026-10-09,C,285.0,53.85,57.15,53.4,50.0,79,0.6478306701660157,True,2026-09-21 14:30:45+00:00,AAPL261009C00285000
AAPL,2026-09-22,339.75,2026-10-09,C,290.0,48.9,52.5,50.01,56.0,35,0.6247596118164063,True,2026-09-21 19:59:11+00:00,AAPL261009C00290000
AAPL,2026-09-22,339.75,2026-10-09,C,295.0,44.0,47.25,47.45,100.0,161,0.5590864404296876,True,2026-09-22 17:46:20+00:00,AAPL261009C00295000
AAPL,2026-09-22,339.75,2026-10-09,C,300.0,39.8,41.75,41.22,3.0,110,0.4771780798339844,True,2026-09-22 19:46:23+00:00,AAPL261009C00300000
AAPL,2026-09-22,339.75,2026-10-09,C,305.0,34.2,37.6,35.1,1.0,88,0.48340360351562506,True,2026-09-22 14:13:41+00:00,AAPL261009C00305000
AAPL,2026-09-22,339.75,2026-10-09,C,310.0,29.2,31.95,30.61,5.0,250,0.3963683410644532,True,2026-09-22 19:42:33+00:00,AAPL261009C00310000
AAPL,2026-09-22,339.75,2026-10-09,C,315.0,24.9,27.25,26.73,25.0,530,0.36475244628906256,True,2026-09-22 19:44:23+00:00,AAPL261009C00315000
AAPL,2026-09-22,339.75,2026-10-09,C,320.0,20.05,22.7,21.5,81.0,518,0.3363103479003906,True,2026-09-22 19:47:25+00:00,AAPL261009C00320000
AAPL,2026-09-22,339.75,2026-10-09,C,325.0,16.55,18.15,17.0,68.0,705,0.3021920367431641,True,2026-09-22 19:56:44+00:00,AAPL261009C00325000
AAPL,2026-09-22,339.75,2026-10-09,C,330.0,12.55,14.55,13.03,137.0,4696,0.297736514892578,True,2026-09-22 19:57:33+00:00,AAPL261009C00330000
AAPL,2026-09-22,339.75,2026-10-09,C,335.0,9.4,10.05,9.55,173.0,1600,0.24872577453613282,True,2026-09-22 19:57:33+00:00,AAPL261009C00335000
AAPL,2026-09-22,339.75,2026-10-09,C,340.0,6.7,7.05,6.67,1148.0,2865,0.23828886718749998,False,2026-09-22 19:57:33+00:00,AAPL261009C00340000
AAPL,2026-09-22,339.75,2026-10-09,C,345.0,4.45,4.7,4.54,898.0,4606,0.2312698944091797,False,2026-09-22 19:59:27+00:00,AAPL261009C00345000
AAPL,2026-09-22,339.75,2026-10-09,C,350.0,2.8,2.94,2.92,878.0,3069,0.22534954345703123,False,2026-09-22 19:51:24+00:00,AAPL261009C00350000
AAPL,2026-09-22,339.75,2026-10-09,C,355.0,1.58,1.78,1.69,984.0,1010,0.2235185070800781,False,2026-09-22 19:58:07+00:00,AAPL261009C00355000
AAPL,2026-09-22,339.75,2026-10-09,C,360.0,0.9,1.02,0.97,3051.0,2517,0.22205367797851558,False,2026-09-22 19:58:55+00:00,AAPL261009C00360000
AAPL,2026-09-22,339.75,2026-10-09,C,365.0,0.46,0.61,0.57,878.0,1279,0.2260819580078125,False,2026-09-22 19:35:37+00:00,AAPL261009C00365000
AAPL,2026-09-22,339.75,2026-10-09,C,370.0,0.25,0.36,0.33,650.0,502,0.2304764453125,False,2026-09-22 19:46:38+00:00,AAPL261009C00370000
AAPL,2026-09-22,339.75,2026-10-09,C,375.0,0.15,0.24,0.18,382.0,1021,0.24024197265624997,False,2026-09-22 19:42:17+00:00,AAPL261009C00375000
AAPL,2026-09-22,339.75,2026-10-09,C,380.0,0.09,0.18,0.11,11.0,417,0.25440198730468755,False,2026-09-22 19:21:44+00:00,AAPL261009C00380000
AAPL,2026-09-22,339.75,2026-10-09,C,385.0,0.01,0.14,0.09,1.0,113,0.26856200195312496,False,2026-09-22 13:36:49+00:00,AAPL261009C00385000
AAPL,2026-09-22,339.75,2026-10-09,C,390.0,0.01,0.12,0.13,1.0,131,0.28516339843749994,False,2026-09-18 16:53:16+00:00,AAPL261009C00390000
AAPL,2026-09-22,339.75,2026-10-09,C,395.0,0.0,0.19,0.21,2.0,146,0.3286199951171874,False,2026-09-22 14:41:08+00:00,AAPL261009C00395000
AAPL,2026-09-22,339.75,2026-10-09,C,400.0,0.01,0.03,0.02,155.0,199,0.27930408203124996,False,2026-09-22 19:41:53+00:00,AAPL261009C00400000
AAPL,2026-09-22,339.75,2026-10-09,C,405.0,0.0,0.1,0.1,1.0,8,0.34278000976562495,False,2026-09-22 13:45:34+00:00,AAPL261009C00405000
AAPL,2026-09-22,339.75,2026-10-09,C,410.0,0.0,0.02,0.01,1026.0,148,0.304694453125,False,2026-09-22 19:25:43+00:00,AAPL261009C00410000
AAPL,2026-09-22,339.75,2026-10-09,C,415.0,0.0,0.2,0.19,3.0,159,0.41992767578125,False,2026-09-21 19:21:57+00:00,AAPL261009C00415000
AAPL,2026-09-22,339.75,2026-10-09,P,110.0,0.0,0.52,0.14,,100,2.134770288085937,False,2026-09-16 18:16:00+00:00,AAPL261009P00110000
AAPL,2026-09-22,339.75,2026-10-09,P,130.0,0.0,0.52,0.01,,8,1.834961762695312,False,2026-09-01 15:46:16+00:00,AAPL261009P00130000
AAPL,2026-09-22,339.75,2026-10-09,P,190.0,0.0,0.52,0.03,3.0,21,1.154301103515625,False,2026-09-08 14:22:50+00:00,AAPL261009P00190000
AAPL,2026-09-22,339.75,2026-10-09,P,195.0,0.0,0.51,0.03,3.0,6,1.1044966650390626,False,2026-09-04 17:21:38+00:00,AAPL261009P00195000
AAPL,2026-09-22,339.75,2026-10-09,P,200.0,0.0,0.36,0.03,2.0,20,1.01172369140625,False,2026-09-10 19:52:58+00:00,AAPL261009P00200000
AAPL,2026-09-22,339.75,2026-10-09,P,205.0,0.0,0.36,0.04,2.0,26,0.9687503125,False,2026-09-09 13:58:45+00:00,AAPL261009P00205000
AAPL,2026-09-22,339.75,2026-10-09,P,210.0,0.0,0.48,0.03,1.0,3,0.96289099609375,False,2026-09-11 16:51:13+00:00,AAPL261009P00210000
AAPL,2026-09-22,339.75,2026-10-09,P,215.0,0.0,0.47,0.03,1.0,14,0.9179695703125,False,2026-09-11 16:51:42+00:00,AAPL261009P00215000
AAPL,2026-09-22,339.75,2026-10-09,P,220.0,0.0,0.46,0.08,8.0,11,0.8730481445312499,False,2026-09-15 19:45:33+00:00,AAPL261009P00220000
AAPL,2026-09-22,339.75,2026-10-09,P,225.0,0.0,0.46,0.03,4.0,11,0.8330094824218748,False,2026-09-17 14:36:50+00:00,AAPL261009P00225000
AAPL,2026-09-22,339.75,2026-10-09,P,230.0,0.0,0.44,0.03,2.0,14,0.788088056640625,False,2026-09-16 14:08:50+00:00,AAPL261009P00230000
AAPL,2026-09-22,339.75,2026-10-09,P,235.0,0.01,0.16,0.03,70.0,36,0.6660189648437502,False,2026-09-22 14:19:38+00:00,AAPL261009P00235000
AAPL,2026-09-22,339.75,2026-10-09,P,240.0,0.01,0.03,0.03,272.0,24,0.5429733203125001,False,2026-09-22 14:20:28+00:00,AAPL261009P00240000
AAPL,2026-09-22,339.75,2026-10-09,P,245.0,0.01,0.04,0.03,42.0,117,0.523442265625,False,2026-09-22 14:17:40+00:00,AAPL261009P00245000
AAPL,2026-09-22,339.75,2026-10-09,P,250.0,0.01,0.09,0.04,310.0,76,0.5312546875,False,2026-09-22 14:20:23+00:00,AAPL261009P00250000
AAPL,2026-09-22,339.75,2026-10-09,P,255.0,0.01,0.07,0.04,55.0,1044,0.5195360546875,False,2026-09-22 15:36:20+00:00,AAPL261009P00255000
AAPL,2026-09-22,339.75,2026-10-09,P,260.0,0.01,0.06,0.04,2.0,383,0.47852083984375,False,2026-09-22 18:11:25+00:00,AAPL261009P00260000
AAPL,2026-09-22,339.75,2026-10-09,P,265.0,0.01,0.11,0.06,4.0,73,0.481450498046875,False,2026-09-22 18:59:42+00:00,AAPL261009P00265000
AAPL,2026-09-22,339.75,2026-10-09,P,270.0,0.04,0.07,0.07,3.0,923,0.424810439453125,False,2026-09-22 14:39:15+00:00,AAPL261009P00270000
AAPL,2026-09-22,339.75,2026-10-09,P,275.0,0.07,0.09,0.08,7.0,309,0.407232490234375,False,2026-09-22 14:50:26+00:00,AAPL261009P00275000
AAPL,2026-09-22,339.75,2026-10-09,P,280.0,0.07,0.2,0.09,6.0,331,0.41992767578125,False,2026-09-22 19:37:54+00:00,AAPL261009P00280000
AAPL,2026-09-22,339.75,2026-10-09,P,285.0,0.09,0.14,0.11,11.0,622,0.367193828125,False,2026-09-22 19:26:37+00:00,AAPL261009P00285000
AAPL,2026-09-22,339.75,2026-10-09,P,290.0,0.13,0.16,0.15,200.0,839,0.34180345703125,False,2026-09-22 19:11:26+00:00,AAPL261009P00290000
AAPL,2026-09-22,339.75,2026-10-09,P,295.0,0.18,0.22,0.2,11.0,425,0.32569033691406246,False,2026-09-22 16:07:38+00:00,AAPL261009P00295000
AAPL,2026-09-22,339.75,2026-10-09,P,300.0,0.25,0.31,0.25,75.0,1466,0.31055376953124997,False,2026-09-22 19:37:04+00:00,AAPL261009P00300000
AAPL,2026-09-22,339.75,2026-10-09,P,305.0,0.34,0.4,0.36,62.0,705,0.28955788574218744,False,2026-09-22 19:26:37+00:00,AAPL261009P00305000
AAPL,2026-09-22,339.75,2026-10-09,P,310.0,0.49,0.55,0.5,189.0,548,0.27173579833984374,False,2026-09-22 19:44:57+00:00,AAPL261009P00310000
AAPL,2026-09-22,339.75,2026-10-09,P,315.0,0.71,0.87,0.8,97.0,1328,0.26233647827148443,False,2026-09-22 19:58:40+00:00,AAPL261009P00315000
AAPL,2026-09-22,339.75,2026-10-09,P,320.0,1.15,1.22,1.18,345.0,1437,0.24451439086914065,False,2026-09-22 19:57:37+00:00,AAPL261009P00320000
AAPL,2026-09-22,339.75,2026-10-09,P,325.0,1.73,1.98,1.85,256.0,774,0.2386550744628906,False,2026-09-22 19:59:02+00:00,AAPL261009P00325000
AAPL,2026-09-22,339.75,2026-10-09,P,330.0,2.74,2.96,2.85,379.0,1013,0.22736368347167968,False,2026-09-22 19:58:09+00:00,AAPL261009P00330000
AAPL,2026-09-22,339.75,2026-10-09,P,335.0,4.2,4.55,4.55,157.0,661,0.22278609252929685,False,2026-09-22 19:48:27+00:00,AAPL261009P00335000
AAPL,2026-09-22,339.75,2026-10-09,P,340.0,6.1,6.65,6.57,312.0,232,0.21674367248535154,True,2026-09-22 19:56:59+00:00,AAPL261009P00340000
AAPL,2026-09-22,339.75,2026-10-09,P,345.0,8.7,9.65,8.6,54.0,43,0.22095505615234373,True,2026-09-22 19:38:50+00:00,AAPL261009P00345000
AAPL,2026-09-22,339.75,2026-10-09,P,350.0,11.4,13.75,10.65,401.0,29,0.24695577270507812,True,2026-09-22 16:43:05+00:00,AAPL261009P00350000
AAPL,2026-09-22,339.75,2026-10-09,P,355.0,15.35,17.35,15.6,10.0,9,0.23853300537109373,True,2026-09-22 17:56:48+00:00,AAPL261009P00355000
AAPL,2026-09-22,339.75,2026-10-09,P,360.0,19.7,22.35,19.95,3.0,32,0.2819896020507812,True,2026-09-22 17:56:07+00:00,AAPL261009P00360000
AAPL,2026-09-22,339.75,2026-10-09,P,365.0,23.8,27.05,25.26,3.0,1,0.30652548950195313,True,2026-09-22 19:53:55+00:00,AAPL261009P00365000
AAPL,2026-09-22,339.75,2026-10-09,P,375.0,33.7,36.9,31.5,2.0,0,0.3707338317871094,True,2026-09-22 15:35:53+00:00,AAPL261009P00375000
AAPL,2026-09-22,339.75,2026-10-09,P,395.0,53.75,57.05,60.85,,0,0.5124560473632812,True,2026-09-11 19:35:56+00:00,AAPL261009P00395000
AAPL,2026-09-22,339.75,2026-10-09,P,410.0,68.7,72.0,74.3,1.0,0,0.597782342529297,True,2026-09-18 19:48:00+00:00,AAPL261009P00410000
AAPL,2026-09-22,339.75,2026-10-09,P,415.0,73.7,77.0,79.28,1.0,1,0.6259803027343751,True,2026-09-18 19:48:00+00:00,AAPL261009P00415000
AAPL,2026-09-22,339.75,2026-10-16,C,130.0,208.3,211.75,185.0,1.0,34,1.5673849755859375,True,2026-09-09 15:11:58+00:00,AAPL261016C00130000
AAPL,2026-09-22,339.75,2026-10-16,C,135.0,203.5,206.75,190.63,1.0,61,1.572267763671875,True,2026-09-01 14:53:41+00:00,AAPL261016C00135000
AAPL,2026-09-22,339.75,2026-10-16,C,140.0,198.55,201.7,199.5,3.0,995,1.5146508642578125,True,2026-09-21 17:40:47+00:00,AAPL261016C00140000
AAPL,2026-09-22,339.75,2026-10-16,C,145.0,193.45,196.8,192.66,1.0,19,1.4589870800781248,True,2026-09-21 15:08:16+00:00,AAPL261016C00145000
AAPL,2026-09-22,339.75,2026-10-16,C,150.0,188.55,191.8,194.1,1.0,15,1.4296903515625,True,2026-09-22 15:19:34+00:00,AAPL261016C00150000
AAPL,2026-09-22,339.75,2026-10-16,C,155.0,183.45,186.8,180.28,2.0,64,1.3525422998046874,True,2026-09-14 16:59:57+00:00,AAPL261016C00155000
AAPL,2026-09-22,339.75,2026-10-16,C,160.0,178.6,181.85,172.07,3.0,230,1.3466829541015621,True,2026-09-15 14:58:09+00:00,AAPL261016C00160000
AAPL,2026-09-22,339.75,2026-10-16,C,165.0,173.6,176.85,170.4,1.0,82,1.2959019580078124,True,2026-09-11 15:52:43+00:00,AAPL261016C00165000
AAPL,2026-09-22,339.75,2026-10-16,C,170.0,168.6,171.85,147.03,3.0,63,1.2470740771484374,True,2026-09-08 19:55:28+00:00,AAPL261016C00170000
AAPL,2026-09-22,339.75,2026-10-16,C,175.0,163.45,166.85,139.72,2.0,25,1.1709025830078126,True,2026-08-07 14:29:26+00:00,AAPL261016C00175000
AAPL,2026-09-22,339.75,2026-10-16,C,180.0,158.7,161.45,161.21,3.0,98,1.09375453125,True,2026-09-22 18:50:43+00:00,AAPL261016C00180000
AAPL,2026-09-22,339.75,2026-10-16,C,185.0,153.55,156.9,130.39,6.0,34,1.1088911743164065,True,2026-08-20 19:28:29+00:00,AAPL261016C00185000
AAPL,2026-09-22,339.75,2026-10-16,C,190.0,148.55,151.95,151.68,1.0,55,1.0732468212890627,True,2026-09-22 18:48:31+00:00,AAPL261016C00190000
AAPL,2026-09-22,339.75,2026-10-16,C,195.0,143.65,146.95,141.5,1.0,215,1.045414929199219,True,2026-09-18 18:37:37+00:00,AAPL261016C00195000
AAPL,2026-09-22,339.75,2026-10-16,C,200.0,138.6,141.95,139.43,2.0,285,0.9956055126953125,True,2026-09-21 18:20:16+00:00,AAPL261016C00200000
AAPL,2026-09-22,339.75,2026-10-16,C,205.0,133.75,137.0,139.03,86.0,859,0.9809572216796876,True,2026-09-22 15:48:07+00:00,AAPL261016C00205000
AAPL,2026-09-22,339.75,2026-10-16,C,210.0,128.7,132.0,126.6,6.0,472,0.9335944140625,True,2026-09-18 19:26:51+00:00,AAPL261016C00210000
AAPL,2026-09-22,339.75,2026-10-16,C,215.0,123.65,127.0,115.3,19.0,457,0.8872081591796874,True,2026-09-15 14:54:26+00:00,AAPL261016C00215000
AAPL,2026-09-22,339.75,2026-10-16,C,220.0,118.8,122.0,123.9,10.0,883,0.8652357226562499,True,2026-09-22 15:46:26+00:00,AAPL261016C00220000
AAPL,2026-09-22,339.75,2026-10-16,C,225.0,113.8,117.05,118.54,4.0,446,0.8315446533203124,True,2026-09-22 16:29:55+00:00,AAPL261016C00225000
AAPL,2026-09-22,339.75,2026-10-16,C,230.0,108.85,111.45,113.61,4.0,652,0.72851833984375,True,2026-09-22 16:29:55+00:00,AAPL261016C00230000
AAPL,2026-09-22,339.75,2026-10-16,C,235.0,103.8,107.1,106.0,6.0,347,0.760012165527344,True,2026-09-22 19:38:24+00:00,AAPL261016C00235000
AAPL,2026-09-22,339.75,2026-10-16,C,240.0,98.85,102.1,103.88,1.0,576,0.7270535107421875,True,2026-09-22 15:16:09+00:00,AAPL261016C00240000
AAPL,2026-09-22,339.75,2026-10-16,C,245.0,93.85,97.15,100.08,50.0,353,0.694338994140625,True,2026-09-22 13:33:58+00:00,AAPL261016C00245000
AAPL,2026-09-22,339.75,2026-10-16,C,250.0,89.75,91.5,91.0,37.0,1426,0.6772493212890626,True,2026-09-22 19:13:59+00:00,AAPL261016C00250000
AAPL,2026-09-22,339.75,2026-10-16,C,255.0,84.0,87.2,88.62,29.0,1117,0.6367223828125,True,2026-09-22 16:23:50+00:00,AAPL261016C00255000
AAPL,2026-09-22,339.75,2026-10-16,C,260.0,79.0,81.65,82.1,7.0,1488,0.5585981640625001,True,2026-09-22 14:13:59+00:00,AAPL261016C00260000
AAPL,2026-09-22,339.75,2026-10-16,C,265.0,74.35,77.25,76.38,3.0,944,0.5896037133789063,True,2026-09-22 19:57:43+00:00,AAPL261016C00265000
AAPL,2026-09-22,339.75,2026-10-16,C,270.0,69.7,71.7,71.37,84.0,1550,0.5417526293945314,True,2026-09-22 19:35:35+00:00,AAPL261016C00270000
AAPL,2026-09-22,339.75,2026-10-16,C,275.0,64.1,66.85,63.47,15.0,1558,0.6096230444335939,True,2026-09-21 15:44:18+00:00,AAPL261016C00275000
AAPL,2026-09-22,339.75,2026-10-16,C,280.0,59.4,61.85,60.83,55.0,2213,0.5694623132324219,True,2026-09-22 19:06:20+00:00,AAPL261016C00280000
AAPL,2026-09-22,339.75,2026-10-16,C,285.0,54.15,57.45,57.64,38.0,1830,0.5687298986816407,True,2026-09-22 17:43:22+00:00,AAPL261016C00285000
AAPL,2026-09-22,339.75,2026-10-16,C,290.0,49.8,51.3,51.0,37.0,3554,0.4514215014648438,True,2026-09-22 19:47:15+00:00,AAPL261016C00290000
AAPL,2026-09-22,339.75,2026-10-16,C,295.0,45.2,47.05,47.95,114.0,2016,0.46252978881835943,True,2026-09-22 17:39:07+00:00,AAPL261016C00295000
AAPL,2026-09-22,339.75,2026-10-16,C,300.0,40.45,41.55,40.95,387.0,15572,0.39258419921875,True,2026-09-22 19:59:04+00:00,AAPL261016C00300000
AAPL,2026-09-22,339.75,2026-10-16,C,305.0,35.9,36.9,36.2,166.0,6961,0.37390762817382805,True,2026-09-22 19:53:53+00:00,AAPL261016C00305000
AAPL,2026-09-22,339.75,2026-10-16,C,310.0,30.35,32.15,31.65,98.0,10023,0.34632001342773433,True,2026-09-22 19:47:48+00:00,AAPL261016C00310000
AAPL,2026-09-22,339.75,2026-10-16,C,315.0,26.5,27.4,26.85,301.0,7796,0.3161689477539062,True,2026-09-22 19:43:54+00:00,AAPL261016C00315000
AAPL,2026-09-22,339.75,2026-10-16,C,320.0,22.15,24.05,22.4,3264.0,10595,0.33685965881347657,True,2026-09-22 19:58:58+00:00,AAPL261016C00320000
AAPL,2026-09-22,339.75,2026-10-16,C,325.0,18.15,18.75,18.3,1397.0,10139,0.2775951147460937,True,2026-09-22 19:58:51+00:00,AAPL261016C00325000
AAPL,2026-09-22,339.75,2026-10-16,C,330.0,13.85,15.75,14.6,974.0,15554,0.2899851275634765,True,2026-09-22 19:59:47+00:00,AAPL261016C00330000
AAPL,2026-09-22,339.75,2026-10-16,C,335.0,11.0,11.4,11.1,1896.0,13019,0.25049577636718745,True,2026-09-22 19:58:52+00:00,AAPL261016C00335000
AAPL,2026-09-22,339.75,2026-10-16,C,340.0,8.15,8.45,8.4,4586.0,106490,0.24164576721191405,False,2026-09-22 19:59:41+00:00,AAPL261016C00340000
AAPL,2026-09-22,339.75,2026-10-16,C,345.0,5.8,6.0,5.85,3732.0,28165,0.23401644897460935,False,2026-09-22 19:59:14+00:00,AAPL261016C00345000
AAPL,2026-09-22,339.75,2026-10-16,C,350.0,3.95,4.15,4.01,6450.0,24722,0.2301712725830078,False,2026-09-22 19:59:55+00:00,AAPL261016C00350000
AAPL,2026-09-22,339.75,2026-10-16,C,355.0,2.58,2.78,2.61,1859.0,10308,0.22779092529296874,False,2026-09-22 19:59:24+00:00,AAPL261016C00355000
AAPL,2026-09-22,339.75,2026-10-16,C,360.0,1.63,1.7,1.68,6537.0,53523,0.22180953979492185,False,2026-09-22 19:59:50+00:00,AAPL261016C00360000
AAPL,2026-09-22,339.75,2026-10-16,C,365.0,1.0,1.06,1.03,1448.0,8580,0.22144333251953124,False,2026-09-22 19:59:04+00:00,AAPL261016C00365000
AAPL,2026-09-22,339.75,2026-10-16,C,370.0,0.61,0.66,0.64,2215.0,10036,0.22290816162109373,False,2026-09-22 19:59:43+00:00,AAPL261016C00370000
AAPL,2026-09-22,339.75,2026-10-16,C,375.0,0.35,0.41,0.38,740.0,4556,0.22534954345703123,False,2026-09-22 19:58:49+00:00,AAPL261016C00375000
AAPL,2026-09-22,339.75,2026-10-16,C,380.0,0.21,0.25,0.24,561.0,6456,0.22754678710937498,False,2026-09-22 19:32:23+00:00,AAPL261016C00380000
AAPL,2026-09-22,339.75,2026-10-16,C,385.0,0.13,0.17,0.13,256.0,1927,0.23438265625,False,2026-09-22 19:58:44+00:00,AAPL261016C00385000
AAPL,2026-09-22,339.75,2026-10-16,C,390.0,0.04,0.1,0.08,326.0,9585,0.23633576171874998,False,2026-09-22 19:56:15+00:00,AAPL261016C00390000
AAPL,2026-09-22,339.75,2026-10-16,C,395.0,0.03,0.12,0.09,39.0,715,0.260749580078125,False,2026-09-22 18:04:29+00:00,AAPL261016C00395000
AAPL,2026-09-22,339.75,2026-10-16,C,400.0,0.03,0.05,0.04,1279.0,10249,0.2500075,False,2026-09-22 19:52:58+00:00,AAPL261016C00400000
AAPL,2026-09-22,339.75,2026-10-16,C,405.0,0.02,0.07,0.1,32.0,107,0.278327529296875,False,2026-09-22 15:18:06+00:00,AAPL261016C00405000
AAPL,2026-09-22,339.75,2026-10-16,C,410.0,0.01,0.08,0.03,46.0,3250,0.299811689453125,False,2026-09-22 18:30:00+00:00,AAPL261016C00410000
AAPL,2026-09-22,339.75,2026-10-16,C,415.0,0.0,0.08,0.08,6.0,63,0.31641308593749995,False,2026-09-22 18:29:51+00:00,AAPL261016C00415000
AAPL,2026-09-22,339.75,2026-10-16,C,420.0,0.0,0.1,0.1,3.0,579,0.34180345703125,False,2026-09-22 13:48:46+00:00,AAPL261016C00420000
AAPL,2026-09-22,339.75,2026-10-16,C,425.0,0.0,0.2,0.09,21.0,90,0.3920959228515625,False,2026-09-22 17:53:48+00:00,AAPL261016C00425000
AAPL,2026-09-22,339.75,2026-10-16,C,430.0,0.0,0.1,0.05,6.0,819,0.37402969726562496,False,2026-09-22 19:02:36+00:00,AAPL261016C00430000
AAPL,2026-09-22,339.75,2026-10-16,C,435.0,0.0,0.19,0.02,2.0,2059,0.4233456103515625,False,2026-09-17 13:30:04+00:00,AAPL261016C00435000
AAPL,2026-09-22,339.75,2026-10-16,C,440.0,0.0,0.06,0.06,2.0,362,0.38281867187499996,False,2026-09-16 18:40:16+00:00,AAPL261016C00440000
AAPL,2026-09-22,339.75,2026-10-16,C,450.0,0.0,0.1,0.01,250.0,3335,0.43555251953125,False,2026-09-14 18:25:30+00:00,AAPL261016C00450000
AAPL,2026-09-22,339.75,2026-10-16,C,460.0,0.0,0.52,0.01,2.0,1046,0.5249070947265625,False,2026-09-18 19:36:27+00:00,AAPL261016C00460000
AAPL,2026-09-22,339.75,2026-10-16,C,470.0,0.0,0.03,0.01,1.0,180,0.437505625,False,2026-09-22 13:30:52+00:00,AAPL261016C00470000
AAPL,2026-09-22,339.75,2026-10-16,C,480.0,0.0,0.06,0.03,1000.0,157,0.49414568359375005,False,2026-09-22 17:11:12+00:00,AAPL261016C00480000
AAPL,2026-09-22,339.75,2026-10-16,C,490.0,0.0,0.1,0.01,1.0,81,0.5097705273437501,False,2026-09-09 13:52:11+00:00,AAPL261016C00490000
AAPL,2026-09-22,339.75,2026-10-16,C,500.0,0.0,0.01,0.01,1.0,171,0.46094289062500005,False,2026-09-15 15:24:18+00:00,AAPL261016C00500000
AAPL,2026-09-22,339.75,2026-10-16,C,510.0,0.0,1.05,0.1,2.0,11,0.7402369726562499,False,2026-08-04 17:46:12+00:00,AAPL261016C00510000
AAPL,2026-09-22,339.75,2026-10-16,C,520.0,0.0,2.13,0.03,3.0,4,0.8598646826171875,False,2026-08-19 15:26:47+00:00,AAPL261016C00520000
AAPL,2026-09-22,339.75,2026-10-16,C,530.0,0.0,2.13,0.03,4.0,4,0.8903819555664061,False,2026-08-19 15:26:52+00:00,AAPL261016C00530000
AAPL,2026-09-22,339.75,2026-10-16,C,540.0,0.0,0.01,0.01,2.0,8,0.51562984375,False,2026-09-14 16:01:27+00:00,AAPL261016C00540000
AAPL,2026-09-22,339.75,2026-10-16,C,550.0,0.0,2.13,0.03,4.0,12,0.9492192578124999,False,2026-08-19 15:26:59+00:00,AAPL261016C00550000
AAPL,2026-09-22,339.75,2026-10-16,C,560.0,0.0,2.05,0.03,3.0,5,0.9714358325195311,False,2026-08-19 15:27:05+00:00,AAPL261016C00560000
AAPL,2026-09-22,339.75,2026-10-16,C,570.0,0.0,1.05,0.03,1.0,14,0.9038095556640625,False,2026-07-28 18:24:12+00:00,AAPL261016C00570000
AAPL,2026-09-22,339.75,2026-10-16,C,580.0,0.0,1.83,0.03,3.0,35,1.007573321533203,False,2026-08-19 15:27:10+00:00,AAPL261016C00580000
AAPL,2026-09-22,339.75,2026-10-16,C,590.0,0.0,0.08,0.01,3.0,107,0.7187528125,False,2026-09-11 16:18:34+00:00,AAPL261016C00590000
AAPL,2026-09-22,339.75,2026-10-16,C,600.0,0.0,0.03,0.02,2.0,74,0.6796907031250001,False,2026-09-21 15:49:56+00:00,AAPL261016C00600000
AAPL,2026-09-22,339.75,2026-10-16,P,130.0,0.0,0.52,0.02,46.0,66,1.5566428417968747,False,2026-08-11 13:49:18+00:00,AAPL261016P00130000
AAPL,2026-09-22,339.75,2026-10-16,P,135.0,0.0,1.01,0.05,2.0,70,1.6386736816406249,False,2026-07-16 17:24:05+00:00,AAPL261016P00135000
AAPL,2026-09-22,339.75,2026-10-16,P,140.0,0.0,0.02,0.01,10.0,618,1.0468797656250002,False,2026-09-09 15:36:41+00:00,AAPL261016P00140000
AAPL,2026-09-22,339.75,2026-10-16,P,145.0,0.0,0.04,0.02,2.0,397,1.0703171484375003,False,2026-09-14 19:11:27+00:00,AAPL261016P00145000
AAPL,2026-09-22,339.75,2026-10-16,P,150.0,0.0,0.02,0.01,60.0,440,0.9687503125,False,2026-09-16 17:07:41+00:00,AAPL261016P00150000
AAPL,2026-09-22,339.75,2026-10-16,P,155.0,0.0,0.06,0.01,2.0,172,1.0234423828125,False,2026-09-14 18:32:54+00:00,AAPL261016P00155000
AAPL,2026-09-22,339.75,2026-10-16,P,160.0,0.0,0.02,0.01,6.0,485,0.8984385156249999,False,2026-09-22 14:54:25+00:00,AAPL261016P00160000
AAPL,2026-09-22,339.75,2026-10-16,P,165.0,0.0,0.52,0.05,7.0,226,1.1943399658203124,False,2026-09-15 17:07:31+00:00,AAPL261016P00165000
AAPL,2026-09-22,339.75,2026-10-16,P,170.0,0.0,0.04,0.05,110.0,462,0.87500125,False,2026-09-18 19:53:51+00:00,AAPL261016P00170000
AAPL,2026-09-22,339.75,2026-10-16,P,175.0,0.0,0.08,0.03,2.0,625,0.8984385156249999,False,2026-09-18 15:18:09+00:00,AAPL261016P00175000
AAPL,2026-09-22,339.75,2026-10-16,P,180.0,0.0,0.08,0.02,2.0,427,0.8632826171875,False,2026-09-16 16:12:11+00:00,AAPL261016P00180000
AAPL,2026-09-22,339.75,2026-10-16,P,185.0,0.0,0.05,0.03,2.0,881,0.7929708203125,False,2026-09-22 19:00:30+00:00,AAPL261016P00185000
AAPL,2026-09-22,339.75,2026-10-16,P,190.0,0.0,0.11,0.04,5.0,1614,0.8183611914062499,False,2026-09-09 15:24:49+00:00,AAPL261016P00190000
AAPL,2026-09-22,339.75,2026-10-16,P,195.0,0.0,0.04,0.02,28.0,349,0.710940390625,False,2026-09-21 17:46:11+00:00,AAPL261016P00195000
AAPL,2026-09-22,339.75,2026-10-16,P,200.0,0.01,0.02,0.03,1.0,1126,0.6640658593750002,False,2026-09-22 13:52:26+00:00,AAPL261016P00200000
AAPL,2026-09-22,339.75,2026-10-16,P,205.0,0.01,0.05,0.05,4.0,1879,0.6757844921875001,False,2026-09-22 17:15:41+00:00,AAPL261016P00205000
AAPL,2026-09-22,339.75,2026-10-16,P,210.0,0.01,0.07,0.05,11.0,3203,0.6640658593750002,False,2026-09-22 19:00:14+00:00,AAPL261016P00210000
AAPL,2026-09-22,339.75,2026-10-16,P,215.0,0.0,0.39,0.09,1.0,3383,0.7597680273437502,False,2026-09-21 16:34:14+00:00,AAPL261016P00215000
AAPL,2026-09-22,339.75,2026-10-16,P,220.0,0.0,0.05,0.04,1.0,3291,0.57812921875,False,2026-09-22 15:38:20+00:00,AAPL261016P00220000
AAPL,2026-09-22,339.75,2026-10-16,P,225.0,0.01,0.1,0.05,1.0,1749,0.59570716796875,False,2026-09-22 19:00:55+00:00,AAPL261016P00225000
AAPL,2026-09-22,339.75,2026-10-16,P,230.0,0.01,0.07,0.02,27.0,4544,0.5488326367187502,False,2026-09-22 19:12:30+00:00,AAPL261016P00230000
AAPL,2026-09-22,339.75,2026-10-16,P,235.0,0.03,0.07,0.04,32.0,6691,0.53320779296875,False,2026-09-22 17:13:07+00:00,AAPL261016P00235000
AAPL,2026-09-22,339.75,2026-10-16,P,240.0,0.04,0.05,0.04,305.0,6480,0.500005,False,2026-09-22 19:41:00+00:00,AAPL261016P00240000
AAPL,2026-09-22,339.75,2026-10-16,P,245.0,0.03,0.08,0.05,43.0,4923,0.5029346582031251,False,2026-09-22 19:00:11+00:00,AAPL261016P00245000
AAPL,2026-09-22,339.75,2026-10-16,P,250.0,0.05,0.08,0.07,345.0,7372,0.47461462890625,False,2026-09-22 19:34:31+00:00,AAPL261016P00250000
AAPL,2026-09-22,339.75,2026-10-16,P,255.0,0.07,0.1,0.07,33.0,8526,0.45898978515625005,False,2026-09-22 18:25:19+00:00,AAPL261016P00255000
AAPL,2026-09-22,339.75,2026-10-16,P,260.0,0.07,0.09,0.09,60.0,6982,0.42578699218750005,False,2026-09-22 18:01:37+00:00,AAPL261016P00260000
AAPL,2026-09-22,339.75,2026-10-16,P,265.0,0.06,0.13,0.1,19.0,3639,0.41797457031249996,False,2026-09-22 19:05:43+00:00,AAPL261016P00265000
AAPL,2026-09-22,339.75,2026-10-16,P,270.0,0.05,0.15,0.13,94.0,8730,0.397466962890625,False,2026-09-22 19:49:34+00:00,AAPL261016P00270000
AAPL,2026-09-22,339.75,2026-10-16,P,275.0,0.13,0.19,0.13,77.0,5542,0.38233039550781245,False,2026-09-22 19:54:32+00:00,AAPL261016P00275000
AAPL,2026-09-22,339.75,2026-10-16,P,280.0,0.16,0.37,0.19,531.0,14688,0.39331661376953125,False,2026-09-22 19:45:12+00:00,AAPL261016P00280000
AAPL,2026-09-22,339.75,2026-10-16,P,285.0,0.2,0.28,0.24,166.0,7107,0.3461979443359374,False,2026-09-22 19:58:53+00:00,AAPL261016P00285000
AAPL,2026-09-22,339.75,2026-10-16,P,290.0,0.28,0.31,0.29,394.0,10064,0.32227240234374993,False,2026-09-22 19:53:54+00:00,AAPL261016P00290000
AAPL,2026-09-22,339.75,2026-10-16,P,295.0,0.36,0.41,0.36,260.0,9661,0.3078682495117187,False,2026-09-22 19:51:52+00:00,AAPL261016P00295000
AAPL,2026-09-22,339.75,2026-10-16,P,300.0,0.46,0.56,0.48,886.0,25398,0.2954172021484375,False,2026-09-22 19:59:28+00:00,AAPL261016P00300000
AAPL,2026-09-22,339.75,2026-10-16,P,305.0,0.59,0.66,0.64,987.0,11889,0.2732006274414062,False,2026-09-22 19:55:25+00:00,AAPL261016P00305000
AAPL,2026-09-22,339.75,2026-10-16,P,310.0,0.73,0.97,0.88,1007.0,11922,0.2644116528320312,False,2026-09-22 19:59:28+00:00,AAPL261016P00310000
AAPL,2026-09-22,339.75,2026-10-16,P,315.0,1.21,1.31,1.25,1317.0,9857,0.24988543090820312,False,2026-09-22 19:57:51+00:00,AAPL261016P00315000
AAPL,2026-09-22,339.75,2026-10-16,P,320.0,1.56,1.86,1.81,2081.0,13417,0.2389602471923828,False,2026-09-22 19:59:28+00:00,AAPL261016P00320000
AAPL,2026-09-22,339.75,2026-10-16,P,325.0,2.43,2.76,2.65,1440.0,5476,0.23303989624023438,False,2026-09-22 19:58:38+00:00,AAPL261016P00325000
AAPL,2026-09-22,339.75,2026-10-16,P,330.0,3.8,4.0,3.95,2478.0,9509,0.22718057983398435,False,2026-09-22 19:58:21+00:00,AAPL261016P00330000
AAPL,2026-09-22,339.75,2026-10-16,P,335.0,5.2,5.6,5.6,8138.0,3990,0.21991746887207028,False,2026-09-22 19:59:28+00:00,AAPL261016P00335000
AAPL,2026-09-22,339.75,2026-10-16,P,340.0,7.45,7.8,7.6,2214.0,3557,0.21631643066406248,True,2026-09-22 19:59:44+00:00,AAPL261016P00340000
AAPL,2026-09-22,339.75,2026-10-16,P,345.0,10.0,10.6,9.85,402.0,662,0.21521780883789063,True,2026-09-22 19:46:29+00:00,AAPL261016P00345000
AAPL,2026-09-22,339.75,2026-10-16,P,350.0,13.2,13.8,13.0,57.0,1391,0.2111895288085937,True,2026-09-22 19:38:07+00:00,AAPL261016P00350000
AAPL,2026-09-22,339.75,2026-10-16,P,355.0,16.5,17.9,15.8,29.0,47,0.22315229980468748,True,2026-09-22 17:52:47+00:00,AAPL261016P00355000
AAPL,2026-09-22,339.75,2026-10-16,P,360.0,20.15,22.05,20.22,112.0,86,0.22638713073730468,True,2026-09-22 18:14:15+00:00,AAPL261016P00360000
AAPL,2026-09-22,339.75,2026-10-16,P,365.0,24.7,27.2,25.25,11.0,16,0.26709717285156254,True,2026-09-22 19:18:07+00:00,AAPL261016P00365000
AAPL,2026-09-22,339.75,2026-10-16,P,370.0,29.15,31.6,28.55,1.0,2,0.26819579467773436,True,2026-09-22 13:37:23+00:00,AAPL261016P00370000
AAPL,2026-09-22,339.75,2026-10-16,P,375.0,34.25,36.45,41.76,,0,0.2882151257324218,True,2026-09-11 17:41:04+00:00,AAPL261016P00375000
AAPL,2026-09-22,339.75,2026-10-16,P,380.0,58.4,61.4,48.75,1.0,0,0.969177554321289,True,2026-07-30 14:10:28+00:00,AAPL261016P00380000
AAPL,2026-09-22,339.75,2026-10-16,P,390.0,48.85,52.05,49.0,10.0,0,0.40820904296875,True,2026-09-22 13:54:34+00:00,AAPL261016P00390000
AAPL,2026-09-22,339.75,2026-10-16,P,395.0,53.65,57.05,78.23,,0,0.43494217407226565,True,2026-08-20 14:52:03+00:00,AAPL261016P00395000
AAPL,2026-09-22,339.75,2026-10-16,P,400.0,58.7,62.15,71.0,,0,0.4672904833984375,True,2026-09-03 16:56:49+00:00,AAPL261016P00400000
AAPL,2026-09-22,339.75,2026-10-16,P,405.0,92.8,96.05,80.2,,0,1.4486111553955079,True,2026-07-22 18:51:37+00:00,AAPL261016P00405000
AAPL,2026-09-22,339.75,2026-10-16,P,410.0,68.7,71.65,108.52,1.0,1,0.481450498046875,True,2026-08-12 19:46:24+00:00,AAPL261016P00410000
AAPL,2026-09-22,339.75,2026-10-16,P,415.0,73.65,77.0,113.54,,0,0.5312546875,True,2026-08-12 19:46:24+00:00,AAPL261016P00415000
AAPL,2026-09-22,339.75,2026-10-16,P,590.0,268.4,271.4,250.65,,0,2.0925340655517575,True,2026-07-28 19:49:18+00:00,AAPL261016P00590000
AAPL,2026-09-22,339.75,2026-10-16,P,600.0,278.4,281.4,266.4,,0,2.129032997741699,True,2026-07-30 13:33:22+00:00,AAPL261016P00600000
AAPL,2026-09-22,339.75,2026-10-23,C,110.0,228.45,232.15,206.6,,1,1.7685558447265624,True,2026-09-08 16:28:09+00:00,AAPL261023C00110000
AAPL,2026-09-22,339.75,2026-10-23,C,145.0,193.6,197.35,191.5,1.0,1,1.4189482177734376,True,2026-09-17 17:56:47+00:00,AAPL261023C00145000
AAPL,2026-09-22,339.75,2026-10-23,C,210.0,128.75,131.95,133.59,1.0,1,0.8251970605468748,True,2026-09-22 15:06:40+00:00,AAPL261023C00210000
AAPL,2026-09-22,339.75,2026-10-23,C,215.0,123.9,126.95,103.85,,2,0.8051777294921875,True,2026-09-08 14:13:49+00:00,AAPL261023C00215000
AAPL,2026-09-22,339.75,2026-10-23,C,220.0,119.45,122.0,120.84,1.0,2,0.8210467114257811,True,2026-09-22 14:27:02+00:00,AAPL261023C00220000
AAPL,2026-09-22,339.75,2026-10-23,C,225.0,114.0,117.0,109.9,,6,0.7485376708984376,True,2026-09-11 18:13:27+00:00,AAPL261023C00225000
AAPL,2026-09-22,339.75,2026-10-23,C,230.0,109.45,112.45,90.93,,10,0.7790549438476562,True,2026-09-10 14:28:50+00:00,AAPL261023C00230000
AAPL,2026-09-22,339.75,2026-10-23,C,235.0,104.05,107.05,104.77,25.0,56,0.6879914013671876,True,2026-09-21 16:31:51+00:00,AAPL261023C00235000
AAPL,2026-09-22,339.75,2026-10-23,C,240.0,99.65,102.1,93.72,11.0,28,0.6980010668945313,True,2026-09-16 19:55:39+00:00,AAPL261023C00240000
AAPL,2026-09-22,339.75,2026-10-23,C,245.0,94.1,97.15,90.08,88.0,13,0.6315954809570312,True,2026-09-14 15:32:57+00:00,AAPL261023C00245000
AAPL,2026-09-22,339.75,2026-10-23,C,250.0,89.45,92.55,93.43,2.0,29,0.6425816992187501,True,2026-09-22 14:59:07+00:00,AAPL261023C00250000
AAPL,2026-09-22,339.75,2026-10-23,C,255.0,84.2,87.2,83.73,34.0,29,0.5751995605468749,True,2026-09-21 15:38:59+00:00,AAPL261023C00255000
AAPL,2026-09-22,339.75,2026-10-23,C,260.0,79.65,82.65,83.51,12.0,24,0.5886271606445312,True,2026-09-22 16:03:05+00:00,AAPL261023C00260000
AAPL,2026-09-22,339.75,2026-10-23,C,265.0,74.3,77.7,78.6,12.0,26,0.5407760766601564,True,2026-09-22 16:03:05+00:00,AAPL261023C00265000
AAPL,2026-09-22,339.75,2026-10-23,C,270.0,69.35,72.35,73.52,1.0,25,0.6076699389648439,True,2026-09-22 14:58:44+00:00,AAPL261023C00270000
AAPL,2026-09-22,339.75,2026-10-23,C,275.0,64.4,67.65,68.88,48.0,3,0.5883830224609375,True,2026-09-22 15:58:50+00:00,AAPL261023C00275000
AAPL,2026-09-22,339.75,2026-10-23,C,280.0,59.25,62.2,64.0,49.0,25,0.5249070947265625,True,2026-09-22 16:37:32+00:00,AAPL261023C00280000
AAPL,2026-09-22,339.75,2026-10-23,C,285.0,54.55,57.75,59.32,47.0,10,0.518681571044922,True,2026-09-22 15:45:29+00:00,AAPL261023C00285000
AAPL,2026-09-22,339.75,2026-10-23,C,290.0,49.65,53.0,52.8,47.0,117,0.4936574072265626,True,2026-09-22 17:43:22+00:00,AAPL261023C00290000
AAPL,2026-09-22,339.75,2026-10-23,C,295.0,44.7,47.9,49.02,48.0,160,0.45099425964355466,True,2026-09-22 16:20:09+00:00,AAPL261023C00295000
AAPL,2026-09-22,339.75,2026-10-23,C,300.0,39.75,43.15,44.22,48.0,179,0.42426112854003906,True,2026-09-22 16:20:09+00:00,AAPL261023C00300000
AAPL,2026-09-22,339.75,2026-10-23,C,305.0,35.2,37.95,40.04,3.0,49,0.3775086663818359,True,2026-09-22 15:14:33+00:00,AAPL261023C00305000
AAPL,2026-09-22,339.75,2026-10-23,C,310.0,31.15,33.2,33.49,34.0,262,0.3490055334472656,True,2026-09-22 17:20:31+00:00,AAPL261023C00310000
AAPL,2026-09-22,339.75,2026-10-23,C,315.0,26.6,28.75,28.67,55.0,440,0.3292913751220703,True,2026-09-22 18:01:31+00:00,AAPL261023C00315000
AAPL,2026-09-22,339.75,2026-10-23,C,320.0,22.25,23.85,24.0,48.0,871,0.2912058184814452,True,2026-09-22 18:50:19+00:00,AAPL261023C00320000
AAPL,2026-09-22,339.75,2026-10-23,C,325.0,18.4,20.05,19.05,45.0,1859,0.2843089147949218,True,2026-09-22 19:57:15+00:00,AAPL261023C00325000
AAPL,2026-09-22,339.75,2026-10-23,C,330.0,15.25,15.9,15.65,642.0,683,0.2603833728027344,True,2026-09-22 19:59:56+00:00,AAPL261023C00330000
AAPL,2026-09-22,339.75,2026-10-23,C,335.0,11.9,12.7,11.8,273.0,1387,0.2546766427612305,True,2026-09-22 19:56:54+00:00,AAPL261023C00335000
AAPL,2026-09-22,339.75,2026-10-23,C,340.0,9.35,9.7,9.35,882.0,3944,0.2447280117797852,False,2026-09-22 19:57:54+00:00,AAPL261023C00340000
AAPL,2026-09-22,339.75,2026-10-23,C,345.0,6.9,7.25,7.05,565.0,1144,0.23859403991699218,False,2026-09-22 19:58:40+00:00,AAPL261023C00345000
AAPL,2026-09-22,339.75,2026-10-23,C,350.0,4.75,5.25,5.05,538.0,1987,0.23346713806152342,False,2026-09-22 19:57:50+00:00,AAPL261023C00350000
AAPL,2026-09-22,339.75,2026-10-23,C,355.0,3.4,3.7,3.54,235.0,1677,0.22980506530761718,False,2026-09-22 19:33:09+00:00,AAPL261023C00355000
AAPL,2026-09-22,339.75,2026-10-23,C,360.0,2.18,2.54,2.39,627.0,5514,0.22724161437988277,False,2026-09-22 19:58:45+00:00,AAPL261023C00360000
AAPL,2026-09-22,339.75,2026-10-23,C,365.0,1.49,1.71,1.55,241.0,1987,0.22595988891601562,False,2026-09-22 19:57:05+00:00,AAPL261023C00365000
AAPL,2026-09-22,339.75,2026-10-23,C,370.0,1.0,1.12,1.06,139.0,1279,0.2249833361816406,False,2026-09-22 19:57:32+00:00,AAPL261023C00370000
AAPL,2026-09-22,339.75,2026-10-23,C,375.0,0.56,0.77,0.64,110.0,572,0.2280350634765625,False,2026-09-22 19:54:10+00:00,AAPL261023C00375000
AAPL,2026-09-22,339.75,2026-10-23,C,380.0,0.28,0.48,0.44,111.0,466,0.22705851074218747,False,2026-09-22 19:53:01+00:00,AAPL261023C00380000
AAPL,2026-09-22,339.75,2026-10-23,C,385.0,0.13,0.36,0.31,258.0,599,0.2348709326171875,False,2026-09-22 19:07:48+00:00,AAPL261023C00385000
AAPL,2026-09-22,339.75,2026-10-23,C,390.0,0.15,0.23,0.27,88.0,310,0.23584748535156247,False,2026-09-22 17:00:24+00:00,AAPL261023C00390000
AAPL,2026-09-22,339.75,2026-10-23,C,395.0,0.06,0.16,0.12,3.0,28,0.24024197265624997,False,2026-09-22 17:09:33+00:00,AAPL261023C00395000
AAPL,2026-09-22,339.75,2026-10-23,C,400.0,0.05,0.1,0.08,152.0,123,0.241218525390625,False,2026-09-22 19:52:22+00:00,AAPL261023C00400000
AAPL,2026-09-22,339.75,2026-10-23,C,405.0,0.0,0.12,0.17,1.0,13,0.26270268554687504,False,2026-09-14 15:11:48+00:00,AAPL261023C00405000
AAPL,2026-09-22,339.75,2026-10-23,C,410.0,0.0,0.05,0.04,1.0,11,0.2500075,False,2026-09-22 14:05:27+00:00,AAPL261023C00410000
AAPL,2026-09-22,339.75,2026-10-23,C,415.0,0.0,0.29,0.03,4.0,262,0.33301448242187504,False,2026-09-21 17:34:53+00:00,AAPL261023C00415000
AAPL,2026-09-22,339.75,2026-10-23,P,160.0,0.0,0.52,0.08,27.0,27,1.0966842041015625,False,2026-09-15 19:43:12+00:00,AAPL261023P00160000
AAPL,2026-09-22,339.75,2026-10-23,P,165.0,0.0,0.51,0.11,1.0,1,1.052739111328125,False,2026-09-15 16:23:41+00:00,AAPL261023P00165000
AAPL,2026-09-22,339.75,2026-10-23,P,195.0,0.0,0.44,0.07,1.0,2,0.8125018749999999,False,2026-09-09 14:44:29+00:00,AAPL261023P00195000
AAPL,2026-09-22,339.75,2026-10-23,P,200.0,0.0,0.19,0.17,2.0,2,0.70312796875,False,2026-09-04 15:55:41+00:00,AAPL261023P00200000
AAPL,2026-09-22,339.75,2026-10-23,P,205.0,0.0,0.39,0.1,2.0,2,0.73437765625,False,2026-09-04 15:55:56+00:00,AAPL261023P00205000
AAPL,2026-09-22,339.75,2026-10-23,P,215.0,0.0,0.31,0.12,5.0,6,0.6523472265625001,False,2026-09-15 15:15:27+00:00,AAPL261023P00215000
AAPL,2026-09-22,339.75,2026-10-23,P,220.0,0.0,0.25,0.1,1.0,2,0.6064492480468751,False,2026-09-16 14:28:41+00:00,AAPL261023P00220000
AAPL,2026-09-22,339.75,2026-10-23,P,225.0,0.01,0.06,0.02,30.0,17,0.5039112109375,False,2026-09-22 19:11:07+00:00,AAPL261023P00225000
AAPL,2026-09-22,339.75,2026-10-23,P,230.0,0.01,0.12,0.02,13.0,13,0.5097705273437501,False,2026-09-22 18:31:28+00:00,AAPL261023P00230000
AAPL,2026-09-22,339.75,2026-10-23,P,235.0,0.01,0.11,0.05,1.0,3,0.514653291015625,False,2026-09-22 17:39:33+00:00,AAPL261023P00235000
AAPL,2026-09-22,339.75,2026-10-23,P,240.0,0.01,0.12,0.1,9.0,10,0.4931691308593751,False,2026-09-21 18:26:19+00:00,AAPL261023P00240000
AAPL,2026-09-22,339.75,2026-10-23,P,245.0,0.03,0.19,0.06,27.0,16,0.495122236328125,False,2026-09-22 18:37:24+00:00,AAPL261023P00245000
AAPL,2026-09-22,339.75,2026-10-23,P,250.0,0.05,0.14,0.08,2.0,17,0.44922425781249997,False,2026-09-22 13:49:03+00:00,AAPL261023P00250000
AAPL,2026-09-22,339.75,2026-10-23,P,255.0,0.01,0.2,0.13,2.0,39,0.44434149414062496,False,2026-09-21 14:43:20+00:00,AAPL261023P00255000
AAPL,2026-09-22,339.75,2026-10-23,P,260.0,0.03,0.2,0.13,3.0,46,0.41797457031249996,False,2026-09-22 15:46:23+00:00,AAPL261023P00260000
AAPL,2026-09-22,339.75,2026-10-23,P,265.0,0.11,0.28,0.14,28.0,45,0.4116269775390625,False,2026-09-22 17:09:21+00:00,AAPL261023P00265000
AAPL,2026-09-22,339.75,2026-10-23,P,270.0,0.04,0.26,0.18,7.0,566,0.3803772900390625,False,2026-09-22 15:53:02+00:00,AAPL261023P00270000
AAPL,2026-09-22,339.75,2026-10-23,P,275.0,0.2,0.32,0.22,28.0,96,0.36597313720703123,False,2026-09-22 18:34:48+00:00,AAPL261023P00275000
AAPL,2026-09-22,339.75,2026-10-23,P,280.0,0.21,0.33,0.27,8.0,516,0.340826904296875,False,2026-09-22 16:47:20+00:00,AAPL261023P00280000
AAPL,2026-09-22,339.75,2026-10-23,P,285.0,0.26,0.4,0.33,17.0,250,0.3249579223632812,False,2026-09-22 19:40:14+00:00,AAPL261023P00285000
AAPL,2026-09-22,339.75,2026-10-23,P,290.0,0.43,0.48,0.42,114.0,448,0.30811238769531246,False,2026-09-22 19:34:49+00:00,AAPL261023P00290000
AAPL,2026-09-22,339.75,2026-10-23,P,295.0,0.45,0.63,0.55,75.0,405,0.2962716857910156,False,2026-09-22 19:22:09+00:00,AAPL261023P00295000
AAPL,2026-09-22,339.75,2026-10-23,P,300.0,0.66,0.74,0.66,226.0,7156,0.27722890747070306,False,2026-09-22 19:52:12+00:00,AAPL261023P00300000
AAPL,2026-09-22,339.75,2026-10-23,P,305.0,0.82,1.05,0.93,748.0,651,0.26978269287109374,False,2026-09-22 19:58:33+00:00,AAPL261023P00305000
AAPL,2026-09-22,339.75,2026-10-23,P,310.0,1.15,1.36,1.25,883.0,1015,0.2563550927734375,False,2026-09-22 19:54:40+00:00,AAPL261023P00310000
AAPL,2026-09-22,339.75,2026-10-23,P,315.0,1.59,1.94,1.73,506.0,813,0.25025163818359375,False,2026-09-22 19:56:22+00:00,AAPL261023P00315000
AAPL,2026-09-22,339.75,2026-10-23,P,320.0,2.33,2.6,2.47,498.0,1559,0.239692661743164,False,2026-09-22 19:59:36+00:00,AAPL261023P00320000
AAPL,2026-09-22,339.75,2026-10-23,P,325.0,3.2,3.5,3.45,441.0,697,0.2298660998535156,False,2026-09-22 19:54:24+00:00,AAPL261023P00325000
AAPL,2026-09-22,339.75,2026-10-23,P,330.0,4.4,4.85,4.62,253.0,630,0.22473919799804684,False,2026-09-22 19:47:05+00:00,AAPL261023P00330000
AAPL,2026-09-22,339.75,2026-10-23,P,335.0,6.25,6.7,6.45,126.0,275,0.22272505798339842,False,2026-09-22 19:59:23+00:00,AAPL261023P00335000
AAPL,2026-09-22,339.75,2026-10-23,P,340.0,8.4,8.75,8.6,293.0,152,0.21491263610839845,True,2026-09-22 19:58:07+00:00,AAPL261023P00340000
AAPL,2026-09-22,339.75,2026-10-23,P,345.0,10.85,11.6,11.05,41.0,54,0.215828154296875,True,2026-09-22 19:36:56+00:00,AAPL261023P00345000
AAPL,2026-09-22,339.75,2026-10-23,P,350.0,13.25,14.95,14.09,1.0,5,0.2186357434082031,True,2026-09-22 14:43:40+00:00,AAPL261023P00350000
AAPL,2026-09-22,339.75,2026-10-23,P,355.0,16.65,19.25,16.0,5.0,17,0.23883817810058594,True,2026-09-22 14:56:04+00:00,AAPL261023P00355000
AAPL,2026-09-22,339.75,2026-10-23,P,360.0,20.75,22.95,20.28,1.0,5,0.2329178271484375,True,2026-09-22 13:44:22+00:00,AAPL261023P00360000
AAPL,2026-09-22,339.75,2026-10-23,P,365.0,24.85,27.6,32.9,,1,0.2518385363769531,True,2026-09-16 15:32:01+00:00,AAPL261023P00365000
AAPL,2026-09-22,339.75,2026-10-23,P,370.0,29.15,32.25,34.0,,7,0.26697510375976563,True,2026-09-17 18:53:20+00:00,AAPL261023P00370000
AAPL,2026-09-22,339.75,2026-10-23,P,375.0,33.7,37.2,38.76,,7,0.29224340576171864,True,2026-09-17 18:53:20+00:00,AAPL261023P00375000
AAPL,2026-09-22,339.75,2026-10-23,P,380.0,38.65,42.05,44.13,,0,0.31140825317382803,True,2026-09-17 18:49:25+00:00,AAPL261023P00380000
AAPL,2026-09-22,339.75,2026-10-23,P,400.0,58.65,62.05,60.2,3.0,20,0.40735455932617193,True,2026-09-22 19:53:58+00:00,AAPL261023P00400000
AAPL,2026-09-22,339.75,2026-10-23,P,405.0,63.7,67.05,65.22,3.0,0,0.42969320312500003,True,2026-09-22 19:53:58+00:00,AAPL261023P00405000
AAPL,2026-09-22,339.75,2026-10-23,P,410.0,68.65,72.05,77.3,,0,0.4515435705566406,True,2026-09-14 19:48:22+00:00,AAPL261023P00410000
AAPL,2026-09-22,339.75,2026-10-23,P,415.0,73.7,77.05,84.0,2.0,0,0.4727835925292969,True,2026-09-16 19:11:46+00:00,AAPL261023P00415000
