symbol,snapshot_date,spot,expiry,right,strike,bid,ask,last_price,volume,open_interest,implied_vol,in_the_money,last_trade_date,contract_symbol
AAPL,2026-10-10,336.64,2026-10-12,C,250.0,85.5,88.15,86.8,10.0,13,1.484377578125,True,2026-10-09 19:44:27+00:00,AAPL261012C00250000
AAPL,2026-10-10,336.64,2026-10-12,C,280.0,55.0,58.15,54.17,4.0,11,1.4589870800781248,True,2026-10-09 16:15:30+00:00,AAPL261012C00280000
AAPL,2026-10-10,336.64,2026-10-12,C,290.0,45.45,48.15,44.59,24.0,79,0.795900478515625,True,2026-10-09 16:38:14+00:00,AAPL261012C00290000
AAPL,2026-10-10,336.64,2026-10-12,C,295.0,40.1,43.15,39.35,8.0,30,1.1313519995117187,True,2026-10-09 16:32:12+00:00,AAPL261012C00295000
AAPL,2026-10-10,336.64,2026-10-12,C,300.0,35.7,38.15,36.9,252.0,42,0.7041045214843751,True,2026-10-09 19:53:51+00:00,AAPL261012C00300000
AAPL,2026-10-10,336.64,2026-10-12,C,305.0,30.55,33.15,32.65,48.0,23,0.585941640625,True,2026-10-09 19:27:07+00:00,AAPL261012C00305000
AAPL,2026-10-10,336.64,2026-10-12,C,310.0,25.75,28.15,26.9,159.0,5,0.5429733203125001,True,2026-10-09 19:49:13+00:00,AAPL261012C00310000
AAPL,2026-10-10,336.64,2026-10-12,C,312.5,22.55,25.65,24.69,124.0,22,0.7468287036132812,True,2026-10-09 19:37:44+00:00,AAPL261012C00312500
AAPL,2026-10-10,336.64,2026-10-12,C,315.0,20.15,22.2,21.4,62.0,87,0.5219774365234374,True,2026-10-09 19:48:53+00:00,AAPL261012C00315000
AAPL,2026-10-10,336.64,2026-10-12,C,317.5,18.35,20.05,17.19,56.0,96,0.5405319384765627,True,2026-10-09 16:20:32+00:00,AAPL261012C00317500
AAPL,2026-10-10,336.64,2026-10-12,C,320.0,15.9,18.2,16.5,69.0,43,0.5827678442382812,True,2026-10-09 18:36:23+00:00,AAPL261012C00320000
AAPL,2026-10-10,336.64,2026-10-12,C,322.5,13.3,15.4,15.4,47.0,56,0.4846242944335938,True,2026-10-09 19:19:40+00:00,AAPL261012C00322500
AAPL,2026-10-10,336.64,2026-10-12,C,325.0,10.65,13.2,12.02,125.0,113,0.4631401342773438,True,2026-10-09 19:32:54+00:00,AAPL261012C00325000
AAPL,2026-10-10,336.64,2026-10-12,C,327.5,8.65,10.7,9.09,83.0,245,0.40064075927734377,True,2026-10-09 19:51:56+00:00,AAPL261012C00327500
AAPL,2026-10-10,336.64,2026-10-12,C,330.0,6.5,7.4,6.5,3272.0,755,0.24658956542968752,True,2026-10-09 19:59:31+00:00,AAPL261012C00330000
AAPL,2026-10-10,336.64,2026-10-12,C,332.5,4.4,4.75,4.4,14293.0,388,0.16919776123046876,True,2026-10-09 19:59:54+00:00,AAPL261012C00332500
AAPL,2026-10-10,336.64,2026-10-12,C,335.0,2.65,2.95,2.75,32511.0,1304,0.1667563793945313,True,2026-10-09 19:59:59+00:00,AAPL261012C00335000
AAPL,2026-10-10,336.64,2026-10-12,C,337.5,1.36,1.48,1.41,32014.0,1683,0.15406119384765626,False,2026-10-09 19:59:55+00:00,AAPL261012C00337500
AAPL,2026-10-10,336.64,2026-10-12,C,340.0,0.63,0.68,0.65,34369.0,2327,0.15589223022460938,False,2026-10-09 19:59:59+00:00,AAPL261012C00340000
AAPL,2026-10-10,336.64,2026-10-12,C,342.5,0.25,0.28,0.25,18302.0,4063,0.1596763720703125,False,2026-10-09 19:59:59+00:00,AAPL261012C00342500
AAPL,2026-10-10,336.64,2026-10-12,C,345.0,0.1,0.13,0.1,13779.0,2217,0.1713950048828125,False,2026-10-09 19:59:59+00:00,AAPL261012C00345000
AAPL,2026-10-10,336.64,2026-10-12,C,347.5,0.03,0.07,0.03,3256.0,1059,0.187508125,False,2026-10-09 19:59:54+00:00,AAPL261012C00347500
AAPL,2026-10-10,336.64,2026-10-12,C,350.0,0.01,0.02,0.02,3387.0,1815,0.18555501953124998,False,2026-10-09 19:58:40+00:00,AAPL261012C00350000
AAPL,2026-10-10,336.64,2026-10-12,C,352.5,0.01,0.02,0.01,905.0,617,0.2148516015625,False,2026-10-09 19:48:57+00:00,AAPL261012C00352500
AAPL,2026-10-10,336.64,2026-10-12,C,355.0,0.0,0.01,0.01,37.0,615,0.22657023437499998,False,2026-10-09 19:58:41+00:00,AAPL261012C00355000
AAPL,2026-10-10,336.64,2026-10-12,C,357.5,0.0,0.01,0.01,2.0,230,0.2500075,False,2026-10-09 15:19:56+00:00,AAPL261012C00357500
AAPL,2026-10-10,336.64,2026-10-12,C,360.0,0.0,0.01,0.01,108.0,1044,0.27735097656249996,False,2026-10-09 18:57:00+00:00,AAPL261012C00360000
AAPL,2026-10-10,336.64,2026-10-12,C,362.5,0.0,0.51,0.01,2.0,60,0.5454147021484376,False,2026-10-08 14:33:30+00:00,AAPL261012C00362500
AAPL,2026-10-10,336.64,2026-10-12,C,365.0,0.0,0.02,0.02,5.0,146,0.35156898437499995,False,2026-10-09 19:18:16+00:00,AAPL261012C00365000
AAPL,2026-10-10,336.64,2026-10-12,C,367.5,0.0,0.02,0.01,2.0,10,0.3789124609375,False,2026-10-09 15:53:21+00:00,AAPL261012C00367500
AAPL,2026-10-10,336.64,2026-10-12,C,370.0,0.0,0.02,0.47,1.0,4,0.4023497265625,False,2026-10-08 14:00:21+00:00,AAPL261012C00370000
AAPL,2026-10-10,336.64,2026-10-12,C,372.5,0.0,0.01,0.1,1.0,13,0.398443515625,False,2026-10-06 13:39:34+00:00,AAPL261012C00372500
AAPL,2026-10-10,336.64,2026-10-12,C,375.0,0.0,0.01,0.01,1.0,13,0.42188078125,False,2026-10-08 16:02:49+00:00,AAPL261012C00375000
AAPL,2026-10-10,336.64,2026-10-12,C,380.0,0.0,0.01,0.1,1.0,11,0.4687553125,False,2026-10-05 13:51:38+00:00,AAPL261012C00380000
AAPL,2026-10-10,336.64,2026-10-12,C,385.0,0.0,0.01,0.02,,1,0.51562984375,False,2026-09-28 13:56:54+00:00,AAPL261012C00385000
AAPL,2026-10-10,336.64,2026-10-12,C,415.0,0.0,0.01,0.01,2.0,4,0.7187528125,False,2026-10-07 17:57:30+00:00,AAPL261012C00415000
AAPL,2026-10-10,336.64,2026-10-12,P,260.0,0.0,0.13,0.01,1.0,10,1.1484417578125,False,2026-10-09 19:59:02+00:00,AAPL261012P00260000
AAPL,2026-10-10,336.64,2026-10-12,P,265.0,0.0,0.52,0.05,1.0,62,1.2890660546875,False,2026-10-09 19:59:02+00:00,AAPL261012P00265000
AAPL,2026-10-10,336.64,2026-10-12,P,270.0,0.0,0.52,0.07,16.0,82,1.201175869140625,False,2026-10-05 18:56:33+00:00,AAPL261012P00270000
AAPL,2026-10-10,336.64,2026-10-12,P,275.0,0.0,0.52,0.03,,163,1.115238798828125,False,2026-10-01 19:17:12+00:00,AAPL261012P00275000
AAPL,2026-10-10,336.64,2026-10-12,P,280.0,0.0,0.52,0.05,,42,1.0293017285156252,False,2026-10-01 13:49:21+00:00,AAPL261012P00280000
AAPL,2026-10-10,336.64,2026-10-12,P,285.0,0.0,0.18,0.01,4.0,9,0.8085956640624999,False,2026-10-07 13:43:22+00:00,AAPL261012P00285000
AAPL,2026-10-10,336.64,2026-10-12,P,290.0,0.0,0.01,0.01,235.0,68,0.5312546875,False,2026-10-09 19:45:18+00:00,AAPL261012P00290000
AAPL,2026-10-10,336.64,2026-10-12,P,295.0,0.0,0.01,0.03,6.0,25,0.51562984375,False,2026-10-09 14:05:23+00:00,AAPL261012P00295000
AAPL,2026-10-10,336.64,2026-10-12,P,300.0,0.0,0.01,0.01,62.0,50,0.45313046875,False,2026-10-09 19:54:07+00:00,AAPL261012P00300000
AAPL,2026-10-10,336.64,2026-10-12,P,302.5,0.0,0.02,0.02,8.0,31,0.45313046875,False,2026-10-09 17:02:44+00:00,AAPL261012P00302500
AAPL,2026-10-10,336.64,2026-10-12,P,305.0,0.01,0.14,0.02,87.0,820,0.500005,False,2026-10-09 19:50:53+00:00,AAPL261012P00305000
AAPL,2026-10-10,336.64,2026-10-12,P,307.5,0.0,0.03,0.02,11.0,443,0.4101621484375,False,2026-10-09 19:54:07+00:00,AAPL261012P00307500
AAPL,2026-10-10,336.64,2026-10-12,P,310.0,0.0,0.03,0.02,86.0,153,0.3789124609375,False,2026-10-09 19:49:13+00:00,AAPL261012P00310000
AAPL,2026-10-10,336.64,2026-10-12,P,312.5,0.0,0.15,0.02,335.0,280,0.436529072265625,False,2026-10-09 19:46:09+00:00,AAPL261012P00312500
AAPL,2026-10-10,336.64,2026-10-12,P,315.0,0.01,0.03,0.02,172.0,149,0.31250687499999996,False,2026-10-09 19:50:06+00:00,AAPL261012P00315000
AAPL,2026-10-10,336.64,2026-10-12,P,317.5,0.01,0.04,0.03,333.0,180,0.2910227148437499,False,2026-10-09 19:42:46+00:00,AAPL261012P00317500
AAPL,2026-10-10,336.64,2026-10-12,P,320.0,0.02,0.04,0.02,936.0,435,0.257819921875,False,2026-10-09 19:54:12+00:00,AAPL261012P00320000
AAPL,2026-10-10,336.64,2026-10-12,P,322.5,0.03,0.05,0.05,1352.0,852,0.2304764453125,False,2026-10-09 19:59:47+00:00,AAPL261012P00322500
AAPL,2026-10-10,336.64,2026-10-12,P,325.0,0.05,0.07,0.07,2760.0,808,0.20508607421874997,False,2026-10-09 19:59:54+00:00,AAPL261012P00325000
AAPL,2026-10-10,336.64,2026-10-12,P,327.5,0.1,0.12,0.12,6000.0,904,0.18555501953124998,False,2026-10-09 19:59:54+00:00,AAPL261012P00327500
AAPL,2026-10-10,336.64,2026-10-12,P,330.0,0.21,0.24,0.23,19350.0,1115,0.17041845214843754,False,2026-10-09 19:59:59+00:00,AAPL261012P00330000
AAPL,2026-10-10,336.64,2026-10-12,P,332.5,0.51,0.55,0.54,19572.0,969,0.16236189208984375,False,2026-10-09 19:59:57+00:00,AAPL261012P00332500
AAPL,2026-10-10,336.64,2026-10-12,P,335.0,1.13,1.24,1.21,20392.0,4376,0.1606529248046875,False,2026-10-09 19:59:53+00:00,AAPL261012P00335000
AAPL,2026-10-10,336.64,2026-10-12,P,337.5,2.14,2.47,2.45,10722.0,1953,0.16492534301757814,True,2026-10-09 19:59:58+00:00,AAPL261012P00337500
AAPL,2026-10-10,336.64,2026-10-12,P,340.0,3.0,4.25,4.15,4432.0,1873,0.1772543212890625,True,2026-10-09 19:59:16+00:00,AAPL261012P00340000
AAPL,2026-10-10,336.64,2026-10-12,P,342.5,5.55,6.55,6.25,108.0,159,0.215828154296875,True,2026-10-09 19:40:20+00:00,AAPL261012P00342500
AAPL,2026-10-10,336.64,2026-10-12,P,345.0,6.95,10.1,8.05,97.0,227,0.39014281738281253,True,2026-10-09 19:26:49+00:00,AAPL261012P00345000
AAPL,2026-10-10,336.64,2026-10-12,P,347.5,9.4,11.65,9.54,41.0,51,0.33447931152343746,True,2026-10-09 19:10:19+00:00,AAPL261012P00347500
AAPL,2026-10-10,336.64,2026-10-12,P,350.0,11.9,14.5,13.5,87.0,20,0.43286699951171875,True,2026-10-09 19:47:12+00:00,AAPL261012P00350000
AAPL,2026-10-10,336.64,2026-10-12,P,355.0,16.85,20.0,19.96,34.0,0,0.6001016552734376,True,2026-10-09 16:58:58+00:00,AAPL261012P00355000
AAPL,2026-10-10,336.64,2026-10-12,P,357.5,19.65,22.2,22.74,28.0,0,0.6086464916992189,True,2026-10-09 16:27:35+00:00,AAPL261012P00357500
AAPL,2026-10-10,336.64,2026-10-12,P,360.0,21.85,24.55,22.5,100.0,0,0.6325720336914062,True,2026-10-09 18:56:06+00:00,AAPL261012P00360000
AAPL,2026-10-10,336.64,2026-10-12,P,370.0,32.0,35.0,34.85,78.0,0,0.5205126074218749,True,2026-10-09 17:03:46+00:00,AAPL261012P00370000
AAPL,2026-10-10,336.64,2026-10-14,C,280.0,55.1,58.65,54.96,5.0,1,0.7841818457031251,True,2026-10-09 17:46:51+00:00,AAPL261014C00280000
AAPL,2026-10-10,336.64,2026-10-14,C,295.0,40.1,43.25,40.75,33.0,40,0.8916026464843749,True,2026-10-09 17:10:13+00:00,AAPL261014C00295000
AAPL,2026-10-10,336.64,2026-10-14,C,300.0,35.35,38.3,37.1,35.0,10,0.50586431640625,True,2026-10-09 19:03:06+00:00,AAPL261014C00300000
AAPL,2026-10-10,336.64,2026-10-14,C,302.5,32.6,35.8,33.55,42.0,6,0.7702659692382813,True,2026-10-09 18:20:26+00:00,AAPL261014C00302500
AAPL,2026-10-10,336.64,2026-10-14,C,305.0,30.6,33.25,32.1,35.0,11,0.7204617797851562,True,2026-10-09 19:53:54+00:00,AAPL261014C00305000
AAPL,2026-10-10,336.64,2026-10-14,C,307.5,28.1,30.8,28.46,34.0,4,0.6838410522460938,True,2026-10-09 18:19:51+00:00,AAPL261014C00307500
AAPL,2026-10-10,336.64,2026-10-14,C,310.0,25.45,28.3,25.93,22.0,11,0.6401403173828125,True,2026-10-09 18:20:11+00:00,AAPL261014C00310000
AAPL,2026-10-10,336.64,2026-10-14,C,312.5,22.65,25.85,22.72,48.0,19,0.6020547607421877,True,2026-10-09 17:53:21+00:00,AAPL261014C00312500
AAPL,2026-10-10,336.64,2026-10-14,C,315.0,20.2,23.35,21.16,26.0,16,0.5576216113281252,True,2026-10-09 17:02:32+00:00,AAPL261014C00315000
AAPL,2026-10-10,336.64,2026-10-14,C,317.5,18.1,20.65,17.84,24.0,10,0.4909718872070313,True,2026-10-09 17:47:20+00:00,AAPL261014C00317500
AAPL,2026-10-10,336.64,2026-10-14,C,320.0,15.65,18.4,17.8,39.0,53,0.471684970703125,True,2026-10-09 18:52:50+00:00,AAPL261014C00320000
AAPL,2026-10-10,336.64,2026-10-14,C,322.5,13.1,15.95,15.8,94.0,139,0.4294490649414063,True,2026-10-09 19:53:55+00:00,AAPL261014C00322500
AAPL,2026-10-10,336.64,2026-10-14,C,325.0,11.05,13.2,10.91,581.0,59,0.35864899169921877,True,2026-10-09 19:53:55+00:00,AAPL261014C00325000
AAPL,2026-10-10,336.64,2026-10-14,C,327.5,8.9,11.1,11.2,98.0,111,0.3437565625,True,2026-10-09 19:19:19+00:00,AAPL261014C00327500
AAPL,2026-10-10,336.64,2026-10-14,C,330.0,7.45,7.95,7.66,640.0,148,0.23938748901367185,True,2026-10-09 19:57:29+00:00,AAPL261014C00330000
AAPL,2026-10-10,336.64,2026-10-14,C,332.5,5.55,6.0,6.0,1925.0,518,0.2274247180175781,True,2026-10-09 19:57:47+00:00,AAPL261014C00332500
AAPL,2026-10-10,336.64,2026-10-14,C,335.0,4.0,4.3,4.12,5520.0,1362,0.21790332885742186,True,2026-10-09 19:59:47+00:00,AAPL261014C00335000
AAPL,2026-10-10,336.64,2026-10-14,C,337.5,2.69,3.0,2.87,3572.0,601,0.21680470703125,False,2026-10-09 19:59:59+00:00,AAPL261014C00337500
AAPL,2026-10-10,336.64,2026-10-14,C,340.0,1.73,1.9,1.81,5004.0,3014,0.20972469970703123,False,2026-10-09 19:59:58+00:00,AAPL261014C00340000
AAPL,2026-10-10,336.64,2026-10-14,C,342.5,1.06,1.15,1.09,4682.0,453,0.20691711059570309,False,2026-10-09 19:59:52+00:00,AAPL261014C00342500
AAPL,2026-10-10,336.64,2026-10-14,C,345.0,0.6,0.71,0.66,4276.0,2048,0.21094539062499998,False,2026-10-09 19:59:59+00:00,AAPL261014C00345000
AAPL,2026-10-10,336.64,2026-10-14,C,347.5,0.34,0.5,0.37,1249.0,1206,0.22510540527343748,False,2026-10-09 19:59:51+00:00,AAPL261014C00347500
AAPL,2026-10-10,336.64,2026-10-14,C,350.0,0.2,0.3,0.21,3686.0,1783,0.22901161621093752,False,2026-10-09 19:59:42+00:00,AAPL261014C00350000
AAPL,2026-10-10,336.64,2026-10-14,C,352.5,0.04,0.16,0.1,510.0,804,0.22852333984375,False,2026-10-09 19:52:28+00:00,AAPL261014C00352500
AAPL,2026-10-10,336.64,2026-10-14,C,355.0,0.06,0.1,0.07,363.0,662,0.23633576171874998,False,2026-10-09 19:59:28+00:00,AAPL261014C00355000
AAPL,2026-10-10,336.64,2026-10-14,C,357.5,0.04,0.06,0.06,461.0,354,0.242195078125,False,2026-10-09 19:54:59+00:00,AAPL261014C00357500
AAPL,2026-10-10,336.64,2026-10-14,C,360.0,0.01,0.14,0.06,345.0,473,0.30322962402343745,False,2026-10-09 15:19:14+00:00,AAPL261014C00360000
AAPL,2026-10-10,336.64,2026-10-14,C,362.5,0.01,0.14,0.02,132.0,11,0.32910827148437494,False,2026-10-09 19:18:43+00:00,AAPL261014C00362500
AAPL,2026-10-10,336.64,2026-10-14,C,365.0,0.0,0.01,0.01,1.0,39,0.25391371093750004,False,2026-10-08 19:57:40+00:00,AAPL261014C00365000
AAPL,2026-10-10,336.64,2026-10-14,C,367.5,0.0,0.13,0.01,2.0,181,0.37402969726562496,False,2026-10-09 16:53:11+00:00,AAPL261014C00367500
AAPL,2026-10-10,336.64,2026-10-14,C,370.0,0.0,0.01,0.02,2.0,34,0.2890696093749999,False,2026-10-09 16:59:48+00:00,AAPL261014C00370000
AAPL,2026-10-10,336.64,2026-10-14,C,375.0,0.0,0.49,0.44,12.0,21,0.5610395458984375,False,2026-10-08 17:51:02+00:00,AAPL261014C00375000
AAPL,2026-10-10,336.64,2026-10-14,C,380.0,0.0,0.2,0.42,1.0,7,0.524418818359375,False,2026-10-07 14:07:36+00:00,AAPL261014C00380000
AAPL,2026-10-10,336.64,2026-10-14,P,255.0,0.0,0.51,0.09,,1,1.1328168359375002,False,2026-09-30 17:37:19+00:00,AAPL261014P00255000
AAPL,2026-10-10,336.64,2026-10-14,P,260.0,0.0,0.52,0.05,,3,1.0664109179687502,False,2026-09-30 17:35:38+00:00,AAPL261014P00260000
AAPL,2026-10-10,336.64,2026-10-14,P,265.0,0.0,0.51,0.02,,21,0.9951172363281251,False,2026-10-01 19:09:37+00:00,AAPL261014P00265000
AAPL,2026-10-10,336.64,2026-10-14,P,270.0,0.0,0.5,0.04,,11,0.9248054394531251,False,2026-10-01 17:17:51+00:00,AAPL261014P00270000
AAPL,2026-10-10,336.64,2026-10-14,P,275.0,0.0,0.49,0.04,10.0,7,0.8554701953125,False,2026-10-02 13:52:37+00:00,AAPL261014P00275000
AAPL,2026-10-10,336.64,2026-10-14,P,280.0,0.01,0.03,0.02,262.0,7,0.57812921875,False,2026-10-09 19:53:50+00:00,AAPL261014P00280000
AAPL,2026-10-10,336.64,2026-10-14,P,285.0,0.01,0.03,0.02,60.0,13,0.5273484765625001,False,2026-10-09 17:38:46+00:00,AAPL261014P00285000
AAPL,2026-10-10,336.64,2026-10-14,P,290.0,0.0,0.04,0.02,9.0,66,0.5136767382812499,False,2026-10-09 19:11:49+00:00,AAPL261014P00290000
AAPL,2026-10-10,336.64,2026-10-14,P,295.0,0.01,0.1,0.05,54.0,35,0.5185595019531251,False,2026-10-09 17:27:21+00:00,AAPL261014P00295000
AAPL,2026-10-10,336.64,2026-10-14,P,300.0,0.01,0.06,0.05,13.0,101,0.42969320312500003,False,2026-10-09 17:03:40+00:00,AAPL261014P00300000
AAPL,2026-10-10,336.64,2026-10-14,P,302.5,0.0,0.09,0.16,1.0,23,0.42578699218750005,False,2026-10-08 16:36:34+00:00,AAPL261014P00302500
AAPL,2026-10-10,336.64,2026-10-14,P,305.0,0.03,0.09,0.11,4.0,225,0.39649041015625003,False,2026-10-09 14:38:10+00:00,AAPL261014P00305000
AAPL,2026-10-10,336.64,2026-10-14,P,307.5,0.0,0.09,0.08,4.0,97,0.36817038085937503,False,2026-10-09 19:43:40+00:00,AAPL261014P00307500
AAPL,2026-10-10,336.64,2026-10-14,P,310.0,0.04,0.09,0.07,77.0,72,0.3398503515625,False,2026-10-09 19:43:32+00:00,AAPL261014P00310000
AAPL,2026-10-10,336.64,2026-10-14,P,312.5,0.05,0.17,0.1,13.0,37,0.34570966796874997,False,2026-10-09 19:43:57+00:00,AAPL261014P00312500
AAPL,2026-10-10,336.64,2026-10-14,P,315.0,0.08,0.12,0.11,378.0,273,0.2963937548828125,False,2026-10-09 19:53:04+00:00,AAPL261014P00315000
AAPL,2026-10-10,336.64,2026-10-14,P,317.5,0.1,0.15,0.1,175.0,272,0.27735097656249996,False,2026-10-09 19:53:55+00:00,AAPL261014P00317500
AAPL,2026-10-10,336.64,2026-10-14,P,320.0,0.16,0.19,0.2,829.0,257,0.257819921875,False,2026-10-09 19:58:54+00:00,AAPL261014P00320000
AAPL,2026-10-10,336.64,2026-10-14,P,322.5,0.2,0.27,0.27,264.0,144,0.243171630859375,False,2026-10-09 19:57:26+00:00,AAPL261014P00322500
AAPL,2026-10-10,336.64,2026-10-14,P,325.0,0.35,0.4,0.38,982.0,340,0.2299881689453125,False,2026-10-09 19:59:59+00:00,AAPL261014P00325000
AAPL,2026-10-10,336.64,2026-10-14,P,327.5,0.58,0.66,0.65,2259.0,266,0.22412885253906245,False,2026-10-09 19:59:04+00:00,AAPL261014P00327500
AAPL,2026-10-10,336.64,2026-10-14,P,330.0,0.98,1.05,0.99,3473.0,572,0.2172929833984375,False,2026-10-09 19:59:52+00:00,AAPL261014P00330000
AAPL,2026-10-10,336.64,2026-10-14,P,332.5,1.57,1.67,1.63,3357.0,393,0.213875048828125,False,2026-10-09 19:59:34+00:00,AAPL261014P00332500
AAPL,2026-10-10,336.64,2026-10-14,P,335.0,2.4,2.58,2.5,11361.0,629,0.21277642700195312,False,2026-10-09 19:59:16+00:00,AAPL261014P00335000
AAPL,2026-10-10,336.64,2026-10-14,P,337.5,3.35,3.8,3.7,1092.0,835,0.21302056518554688,True,2026-10-09 19:59:49+00:00,AAPL261014P00337500
AAPL,2026-10-10,336.64,2026-10-14,P,340.0,4.95,5.4,5.2,1061.0,660,0.2192460888671875,True,2026-10-09 19:59:03+00:00,AAPL261014P00340000
AAPL,2026-10-10,336.64,2026-10-14,P,342.5,5.8,7.15,6.95,110.0,85,0.2181474670410156,True,2026-10-09 18:36:23+00:00,AAPL261014P00342500
AAPL,2026-10-10,336.64,2026-10-14,P,345.0,7.85,10.6,8.9,43.0,10,0.34107104248046877,True,2026-10-09 19:49:17+00:00,AAPL261014P00345000
AAPL,2026-10-10,336.64,2026-10-14,P,347.5,10.3,12.2,11.73,81.0,14,0.31323928955078123,True,2026-10-09 19:46:49+00:00,AAPL261014P00347500
AAPL,2026-10-10,336.64,2026-10-16,C,130.0,205.1,208.1,208.5,1.0,37,3.7812505468750004,True,2026-10-08 16:49:46+00:00,AAPL261016C00130000
AAPL,2026-10-10,336.64,2026-10-16,C,135.0,200.1,203.3,202.0,1.0,61,2.3906290234374996,True,2026-10-07 18:17:12+00:00,AAPL261016C00135000
AAPL,2026-10-10,336.64,2026-10-16,C,140.0,195.1,198.3,196.8,2.0,987,2.2968792578125,True,2026-10-08 14:18:30+00:00,AAPL261016C00140000
AAPL,2026-10-10,336.64,2026-10-16,C,145.0,190.1,193.5,192.66,1.0,19,2.4570351074218753,True,2026-09-21 15:08:16+00:00,AAPL261016C00145000
AAPL,2026-10-10,336.64,2026-10-16,C,150.0,185.1,188.3,183.68,2.0,12,2.1250046874999997,True,2026-10-02 14:14:13+00:00,AAPL261016C00150000
AAPL,2026-10-10,336.64,2026-10-16,C,155.0,180.2,183.5,181.59,1.0,64,2.349613500976562,True,2026-10-07 17:28:10+00:00,AAPL261016C00155000
AAPL,2026-10-10,336.64,2026-10-16,C,160.0,175.1,178.5,177.67,7.0,228,2.1875045312499997,True,2026-10-08 14:38:06+00:00,AAPL261016C00160000
AAPL,2026-10-10,336.64,2026-10-16,C,165.0,170.15,173.5,170.4,1.0,82,2.1406296484375,True,2026-09-11 15:52:43+00:00,AAPL261016C00165000
AAPL,2026-10-10,336.64,2026-10-16,C,170.0,165.25,168.3,166.64,10.0,50,1.9804688476562502,True,2026-10-07 17:28:56+00:00,AAPL261016C00170000
AAPL,2026-10-10,336.64,2026-10-16,C,175.0,160.65,163.1,162.05,4.0,27,2.037114282226563,True,2026-10-07 19:11:47+00:00,AAPL261016C00175000
AAPL,2026-10-10,336.64,2026-10-16,C,180.0,155.15,158.5,157.13,1.0,95,1.8984380078125,True,2026-10-08 14:07:05+00:00,AAPL261016C00180000
AAPL,2026-10-10,336.64,2026-10-16,C,185.0,0.0,0.0,130.39,6.0,0,1.0000000000000003e-05,True,2026-08-20 19:28:29+00:00,AAPL261016C00185000
AAPL,2026-10-10,336.64,2026-10-16,C,190.0,145.25,148.3,147.17,1.0,44,1.681642216796875,True,2026-10-08 14:08:09+00:00,AAPL261016C00190000
AAPL,2026-10-10,336.64,2026-10-16,C,195.0,140.15,143.55,133.5,4.0,211,1.703126484375,True,2026-10-01 19:39:12+00:00,AAPL261016C00195000
AAPL,2026-10-10,336.64,2026-10-16,C,200.0,135.5,138.35,136.48,10.0,268,1.6972671386718752,True,2026-10-09 19:48:39+00:00,AAPL261016C00200000
AAPL,2026-10-10,336.64,2026-10-16,C,205.0,130.15,133.55,132.42,5.0,775,1.5605490722656248,True,2026-10-09 19:36:43+00:00,AAPL261016C00205000
AAPL,2026-10-10,336.64,2026-10-16,C,210.0,126.15,128.15,126.89,4.0,470,1.6933609082031251,True,2026-10-09 19:54:20+00:00,AAPL261016C00210000
AAPL,2026-10-10,336.64,2026-10-16,C,215.0,120.15,123.35,121.75,1.0,454,1.3144565527343748,True,2026-10-09 19:22:03+00:00,AAPL261016C00215000
AAPL,2026-10-10,336.64,2026-10-16,C,220.0,115.65,118.55,112.43,11.0,833,1.5205102099609373,True,2026-10-09 13:58:37+00:00,AAPL261016C00220000
AAPL,2026-10-10,336.64,2026-10-16,C,225.0,110.75,113.55,114.83,160.0,308,1.4736354443359376,True,2026-10-08 19:55:16+00:00,AAPL261016C00225000
AAPL,2026-10-10,336.64,2026-10-16,C,230.0,105.85,107.9,106.67,14.0,497,1.2500037499999999,True,2026-10-09 19:57:33+00:00,AAPL261016C00230000
AAPL,2026-10-10,336.64,2026-10-16,C,235.0,100.15,103.35,102.83,6.0,306,1.076176494140625,True,2026-10-09 19:29:44+00:00,AAPL261016C00235000
AAPL,2026-10-10,336.64,2026-10-16,C,240.0,95.75,98.35,96.84,87.0,520,1.22266013671875,True,2026-10-09 19:59:51+00:00,AAPL261016C00240000
AAPL,2026-10-10,336.64,2026-10-16,C,245.0,90.6,93.35,92.44,54.0,323,1.1220747021484376,True,2026-10-09 19:36:55+00:00,AAPL261016C00245000
AAPL,2026-10-10,336.64,2026-10-16,C,250.0,85.85,88.15,86.94,227.0,1256,1.0712937060546879,True,2026-10-09 19:56:27+00:00,AAPL261016C00250000
AAPL,2026-10-10,336.64,2026-10-16,C,255.0,80.2,83.4,81.3,408.0,949,0.8964854101562498,True,2026-10-09 18:25:53+00:00,AAPL261016C00255000
AAPL,2026-10-10,336.64,2026-10-16,C,260.0,76.0,78.4,77.05,66.0,1330,1.0219775463867187,True,2026-10-09 19:49:51+00:00,AAPL261016C00260000
AAPL,2026-10-10,336.64,2026-10-16,C,265.0,71.25,73.4,72.1,8.0,789,0.9941406835937501,True,2026-10-09 19:47:35+00:00,AAPL261016C00265000
AAPL,2026-10-10,336.64,2026-10-16,C,270.0,66.05,68.4,66.1,49.0,1370,0.9018564501953125,True,2026-10-09 18:29:29+00:00,AAPL261016C00270000
AAPL,2026-10-10,336.64,2026-10-16,C,275.0,61.2,63.4,61.12,20.0,1444,0.858399853515625,True,2026-10-09 18:21:39+00:00,AAPL261016C00275000
AAPL,2026-10-10,336.64,2026-10-16,C,280.0,56.2,58.45,58.01,26.0,1977,0.8012715185546875,True,2026-10-09 19:27:26+00:00,AAPL261016C00280000
AAPL,2026-10-10,336.64,2026-10-16,C,285.0,50.5,53.45,52.0,49.0,1527,0.6445348046875,True,2026-10-09 19:33:50+00:00,AAPL261016C00285000
AAPL,2026-10-10,336.64,2026-10-16,C,290.0,46.1,47.3,46.72,78.0,2461,0.6694368994140626,True,2026-10-09 19:53:12+00:00,AAPL261016C00290000
AAPL,2026-10-10,336.64,2026-10-16,C,295.0,41.4,42.7,40.53,168.0,1780,0.5512740185546876,True,2026-10-09 18:08:33+00:00,AAPL261016C00295000
AAPL,2026-10-10,336.64,2026-10-16,C,300.0,36.15,37.9,37.1,299.0,13466,0.6372106591796876,True,2026-10-09 19:54:34+00:00,AAPL261016C00300000
AAPL,2026-10-10,336.64,2026-10-16,C,305.0,31.45,33.3,32.0,1218.0,5255,0.6145058081054688,True,2026-10-09 19:47:59+00:00,AAPL261016C00305000
AAPL,2026-10-10,336.64,2026-10-16,C,310.0,26.55,27.35,27.0,343.0,8864,0.4270076831054688,True,2026-10-09 19:59:51+00:00,AAPL261016C00310000
AAPL,2026-10-10,336.64,2026-10-16,C,312.5,23.3,25.5,24.72,77.0,65,0.4733939379882813,True,2026-10-09 19:54:41+00:00,AAPL261016C00312500
AAPL,2026-10-10,336.64,2026-10-16,C,315.0,21.6,22.5,22.04,607.0,6943,0.38184211914062494,True,2026-10-09 19:59:17+00:00,AAPL261016C00315000
AAPL,2026-10-10,336.64,2026-10-16,C,317.5,18.35,20.2,21.11,230.0,186,0.37036762451171873,True,2026-10-09 19:11:02+00:00,AAPL261016C00317500
AAPL,2026-10-10,336.64,2026-10-16,C,320.0,16.95,17.7,17.0,693.0,7022,0.334967587890625,True,2026-10-09 19:59:29+00:00,AAPL261016C00320000
AAPL,2026-10-10,336.64,2026-10-16,C,322.5,14.25,16.15,14.01,16.0,605,0.3786683227539062,True,2026-10-09 18:15:28+00:00,AAPL261016C00322500
AAPL,2026-10-10,336.64,2026-10-16,C,325.0,12.35,12.9,12.76,1011.0,7507,0.2790599438476562,True,2026-10-09 19:58:37+00:00,AAPL261016C00325000
AAPL,2026-10-10,336.64,2026-10-16,C,327.5,10.15,10.9,10.43,649.0,363,0.27649649291992184,True,2026-10-09 19:48:47+00:00,AAPL261016C00327500
AAPL,2026-10-10,336.64,2026-10-16,C,330.0,8.25,9.05,8.38,2976.0,12140,0.2742992492675781,True,2026-10-09 19:59:41+00:00,AAPL261016C00330000
AAPL,2026-10-10,336.64,2026-10-16,C,332.5,6.5,6.95,6.62,3853.0,1336,0.24805439453125,True,2026-10-09 19:55:19+00:00,AAPL261016C00332500
AAPL,2026-10-10,336.64,2026-10-16,C,335.0,5.0,5.2,5.1,20763.0,15951,0.233406103515625,True,2026-10-09 19:59:59+00:00,AAPL261016C00335000
AAPL,2026-10-10,336.64,2026-10-16,C,337.5,3.65,3.95,3.72,9592.0,4254,0.23450472534179687,False,2026-10-09 19:59:43+00:00,AAPL261016C00337500
AAPL,2026-10-10,336.64,2026-10-16,C,340.0,2.61,2.72,2.75,31760.0,106988,0.22400678344726557,False,2026-10-09 19:59:59+00:00,AAPL261016C00340000
AAPL,2026-10-10,336.64,2026-10-16,C,342.5,1.79,1.88,1.82,6121.0,3642,0.2224198852539062,False,2026-10-09 19:59:47+00:00,AAPL261016C00342500
AAPL,2026-10-10,336.64,2026-10-16,C,345.0,1.19,1.35,1.21,13759.0,28158,0.22827920166015625,False,2026-10-09 19:59:59+00:00,AAPL261016C00345000
AAPL,2026-10-10,336.64,2026-10-16,C,347.5,0.77,0.85,0.77,6122.0,4572,0.2243729907226562,False,2026-10-09 19:59:59+00:00,AAPL261016C00347500
AAPL,2026-10-10,336.64,2026-10-16,C,350.0,0.5,0.57,0.52,16274.0,34871,0.22827920166015625,False,2026-10-09 19:59:59+00:00,AAPL261016C00350000
AAPL,2026-10-10,336.64,2026-10-16,C,352.5,0.31,0.36,0.33,1485.0,2984,0.229499892578125,False,2026-10-09 19:58:26+00:00,AAPL261016C00352500
AAPL,2026-10-10,336.64,2026-10-16,C,355.0,0.16,0.26,0.2,2535.0,12369,0.23828886718749998,False,2026-10-09 19:59:22+00:00,AAPL261016C00355000
AAPL,2026-10-10,336.64,2026-10-16,C,357.5,0.12,0.15,0.13,564.0,1997,0.2368240380859375,False,2026-10-09 19:33:23+00:00,AAPL261016C00357500
AAPL,2026-10-10,336.64,2026-10-16,C,360.0,0.08,0.12,0.09,3794.0,52080,0.2500075,False,2026-10-09 19:59:55+00:00,AAPL261016C00360000
AAPL,2026-10-10,336.64,2026-10-16,C,365.0,0.03,0.05,0.04,1607.0,11384,0.257819921875,False,2026-10-09 19:56:35+00:00,AAPL261016C00365000
AAPL,2026-10-10,336.64,2026-10-16,C,370.0,0.02,0.03,0.03,272.0,10836,0.27735097656249996,False,2026-10-09 19:53:25+00:00,AAPL261016C00370000
AAPL,2026-10-10,336.64,2026-10-16,C,375.0,0.01,0.07,0.02,130.0,5923,0.344733115234375,False,2026-10-09 19:29:59+00:00,AAPL261016C00375000
AAPL,2026-10-10,336.64,2026-10-16,C,380.0,0.01,0.02,0.01,71.0,6325,0.32813171874999997,False,2026-10-09 19:05:17+00:00,AAPL261016C00380000
AAPL,2026-10-10,336.64,2026-10-16,C,385.0,0.0,0.02,0.07,21.0,5504,0.35938140625,False,2026-10-09 17:29:00+00:00,AAPL261016C00385000
AAPL,2026-10-10,336.64,2026-10-16,C,390.0,0.01,0.02,0.01,20.0,9592,0.39063109375,False,2026-10-09 19:23:11+00:00,AAPL261016C00390000
AAPL,2026-10-10,336.64,2026-10-16,C,395.0,0.0,0.05,0.02,3.0,725,0.46484910156250003,False,2026-10-07 19:05:56+00:00,AAPL261016C00395000
AAPL,2026-10-10,336.64,2026-10-16,C,400.0,0.0,0.01,0.01,5.0,10813,0.42188078125,False,2026-10-09 19:29:59+00:00,AAPL261016C00400000
AAPL,2026-10-10,336.64,2026-10-16,C,405.0,0.0,0.52,0.01,134.0,718,0.6562534375000001,False,2026-10-02 18:38:01+00:00,AAPL261016C00405000
AAPL,2026-10-10,336.64,2026-10-16,C,410.0,0.0,0.03,0.01,5.0,3396,0.5312546875,False,2026-10-09 14:17:44+00:00,AAPL261016C00410000
AAPL,2026-10-10,336.64,2026-10-16,C,415.0,0.0,0.04,0.03,3.0,71,0.5390671093750001,False,2026-10-01 13:30:02+00:00,AAPL261016C00415000
AAPL,2026-10-10,336.64,2026-10-16,C,420.0,0.0,0.02,0.01,2.0,1049,0.5312546875,False,2026-10-09 19:43:35+00:00,AAPL261016C00420000
AAPL,2026-10-10,336.64,2026-10-16,C,425.0,0.0,0.52,0.01,15.0,215,0.79687703125,False,2026-09-28 18:08:04+00:00,AAPL261016C00425000
AAPL,2026-10-10,336.64,2026-10-16,C,430.0,0.0,0.16,0.04,1.0,825,0.7128934960937501,False,2026-09-30 15:44:03+00:00,AAPL261016C00430000
AAPL,2026-10-10,336.64,2026-10-16,C,435.0,0.0,0.01,0.01,1.0,2059,0.57812921875,False,2026-10-09 15:59:55+00:00,AAPL261016C00435000
AAPL,2026-10-10,336.64,2026-10-16,C,440.0,0.0,0.01,0.01,25.0,379,0.5937540625000001,False,2026-09-29 13:30:13+00:00,AAPL261016C00440000
AAPL,2026-10-10,336.64,2026-10-16,C,450.0,0.0,0.08,0.01,50.0,3285,0.7695335546875001,False,2026-10-05 18:10:28+00:00,AAPL261016C00450000
AAPL,2026-10-10,336.64,2026-10-16,C,460.0,0.0,0.52,0.01,2.0,1046,1.0185595947265624,False,2026-09-18 19:36:27+00:00,AAPL261016C00460000
AAPL,2026-10-10,336.64,2026-10-16,C,470.0,0.0,0.52,0.01,1.0,185,1.0771530517578127,False,2026-09-29 13:55:42+00:00,AAPL261016C00470000
AAPL,2026-10-10,336.64,2026-10-16,C,480.0,0.0,0.06,0.02,2.0,1072,0.8906260937499999,False,2026-09-28 19:08:44+00:00,AAPL261016C00480000
AAPL,2026-10-10,336.64,2026-10-16,C,490.0,0.0,0.1,0.01,1.0,81,0.98437515625,False,2026-09-09 13:52:11+00:00,AAPL261016C00490000
AAPL,2026-10-10,336.64,2026-10-16,C,500.0,0.0,0.06,0.05,20.0,193,0.98437515625,False,2026-09-28 19:57:27+00:00,AAPL261016C00500000
AAPL,2026-10-10,336.64,2026-10-16,C,510.0,0.0,0.52,0.01,491.0,495,1.2959019580078124,False,2026-09-28 15:39:09+00:00,AAPL261016C00510000
AAPL,2026-10-10,336.64,2026-10-16,C,520.0,0.0,0.52,0.27,1.0,5,1.3476595117187498,False,2026-09-24 14:42:50+00:00,AAPL261016C00520000
AAPL,2026-10-10,336.64,2026-10-16,C,530.0,0.0,0.0,0.03,4.0,0,0.500005,False,2026-08-19 15:26:52+00:00,AAPL261016C00530000
AAPL,2026-10-10,336.64,2026-10-16,C,540.0,0.0,0.01,0.01,1.0,497,1.000005,False,2026-10-07 14:53:40+00:00,AAPL261016C00540000
AAPL,2026-10-10,336.64,2026-10-16,C,550.0,0.0,0.0,0.03,4.0,0,0.500005,False,2026-08-19 15:26:59+00:00,AAPL261016C00550000
AAPL,2026-10-10,336.64,2026-10-16,C,560.0,0.0,0.0,0.03,3.0,0,0.500005,False,2026-08-19 15:27:05+00:00,AAPL261016C00560000
AAPL,2026-10-10,336.64,2026-10-16,C,570.0,0.0,1.05,0.03,1.0,14,1.7353528857421874,False,2026-07-28 18:24:12+00:00,AAPL261016C00570000
AAPL,2026-10-10,336.64,2026-10-16,C,580.0,0.0,0.52,0.01,1.0,43,1.6289081054687498,False,2026-09-30 13:32:00+00:00,AAPL261016C00580000
AAPL,2026-10-10,336.64,2026-10-16,C,590.0,0.0,0.04,0.01,3.0,107,1.2968785156249998,False,2026-09-11 16:18:34+00:00,AAPL261016C00590000
AAPL,2026-10-10,336.64,2026-10-16,C,600.0,0.0,0.01,0.01,9.0,80,1.1875040625,False,2026-10-07 16:02:29+00:00,AAPL261016C00600000
AAPL,2026-10-10,336.64,2026-10-16,P,130.0,0.0,0.01,0.01,100.0,166,2.000005,False,2026-09-29 17:43:04+00:00,AAPL261016P00130000
AAPL,2026-10-10,336.64,2026-10-16,P,135.0,0.0,1.01,0.05,2.0,70,3.0722679443359375,False,2026-07-16 17:24:05+00:00,AAPL261016P00135000
AAPL,2026-10-10,336.64,2026-10-16,P,140.0,0.0,0.01,0.01,4.0,618,1.875000625,False,2026-10-01 18:18:20+00:00,AAPL261016P00140000
AAPL,2026-10-10,336.64,2026-10-16,P,145.0,0.0,0.01,0.01,3.0,394,1.8125009374999999,False,2026-10-01 18:18:37+00:00,AAPL261016P00145000
AAPL,2026-10-10,336.64,2026-10-16,P,150.0,0.0,0.01,0.01,2.0,442,1.71875140625,False,2026-09-29 19:01:14+00:00,AAPL261016P00150000
AAPL,2026-10-10,336.64,2026-10-16,P,155.0,0.0,0.01,0.02,4.0,170,1.65625171875,False,2026-10-05 17:48:40+00:00,AAPL261016P00155000
AAPL,2026-10-10,336.64,2026-10-16,P,160.0,0.0,0.01,0.01,2.0,485,1.5937520312499998,False,2026-09-23 19:32:54+00:00,AAPL261016P00160000
AAPL,2026-10-10,336.64,2026-10-16,P,165.0,0.0,0.01,0.05,7.0,226,1.5312523437499999,False,2026-09-15 17:07:31+00:00,AAPL261016P00165000
AAPL,2026-10-10,336.64,2026-10-16,P,170.0,0.0,0.01,0.01,3.0,461,1.46875265625,False,2026-10-07 17:01:34+00:00,AAPL261016P00170000
AAPL,2026-10-10,336.64,2026-10-16,P,175.0,0.0,0.01,0.03,2.0,625,1.40625296875,False,2026-09-18 15:18:09+00:00,AAPL261016P00175000
AAPL,2026-10-10,336.64,2026-10-16,P,180.0,0.0,0.01,0.02,2.0,427,1.3437532812499997,False,2026-09-16 16:12:11+00:00,AAPL261016P00180000
AAPL,2026-10-10,336.64,2026-10-16,P,185.0,0.0,0.01,0.01,2.0,900,1.3125034374999998,False,2026-10-06 16:38:42+00:00,AAPL261016P00185000
AAPL,2026-10-10,336.64,2026-10-16,P,190.0,0.0,0.01,0.01,1500.0,3101,1.2500037499999999,False,2026-10-07 19:13:26+00:00,AAPL261016P00190000
AAPL,2026-10-10,336.64,2026-10-16,P,195.0,0.0,0.01,0.01,1.0,389,1.1875040625,False,2026-10-06 13:47:56+00:00,AAPL261016P00195000
AAPL,2026-10-10,336.64,2026-10-16,P,200.0,0.0,0.01,0.01,50.0,1209,1.125004375,False,2026-10-08 18:58:37+00:00,AAPL261016P00200000
AAPL,2026-10-10,336.64,2026-10-16,P,205.0,0.0,0.01,0.01,13.0,1922,1.09375453125,False,2026-10-06 19:44:38+00:00,AAPL261016P00205000
AAPL,2026-10-10,336.64,2026-10-16,P,210.0,0.0,0.01,0.01,6.0,3252,1.0312548437500002,False,2026-10-09 16:37:57+00:00,AAPL261016P00210000
AAPL,2026-10-10,336.64,2026-10-16,P,215.0,0.0,0.01,0.01,1500.0,3369,0.98437515625,False,2026-10-09 17:59:46+00:00,AAPL261016P00215000
AAPL,2026-10-10,336.64,2026-10-16,P,220.0,0.0,0.02,0.01,10501.0,3220,0.98437515625,False,2026-10-09 17:59:36+00:00,AAPL261016P00220000
AAPL,2026-10-10,336.64,2026-10-16,P,225.0,0.0,0.02,0.01,11783.0,1757,0.937500625,False,2026-10-09 19:53:06+00:00,AAPL261016P00225000
AAPL,2026-10-10,336.64,2026-10-16,P,230.0,0.01,0.02,0.01,19502.0,4531,0.92187578125,False,2026-10-09 18:29:47+00:00,AAPL261016P00230000
AAPL,2026-10-10,336.64,2026-10-16,P,235.0,0.0,0.03,0.01,11.0,6692,0.87500125,False,2026-10-09 19:07:50+00:00,AAPL261016P00235000
AAPL,2026-10-10,336.64,2026-10-16,P,240.0,0.0,0.03,0.01,95.0,6575,0.8281267187499999,False,2026-10-09 19:59:51+00:00,AAPL261016P00240000
AAPL,2026-10-10,336.64,2026-10-16,P,245.0,0.01,0.03,0.01,25.0,4933,0.804689453125,False,2026-10-09 17:28:37+00:00,AAPL261016P00245000
AAPL,2026-10-10,336.64,2026-10-16,P,250.0,0.0,0.04,0.02,355.0,7798,0.7578149218750001,False,2026-10-09 19:43:28+00:00,AAPL261016P00250000
AAPL,2026-10-10,336.64,2026-10-16,P,255.0,0.01,0.07,0.01,2.0,8497,0.7617211328125001,False,2026-10-06 14:03:04+00:00,AAPL261016P00255000
AAPL,2026-10-10,336.64,2026-10-16,P,260.0,0.01,0.03,0.02,276.0,6816,0.6640658593750002,False,2026-10-09 19:47:05+00:00,AAPL261016P00260000
AAPL,2026-10-10,336.64,2026-10-16,P,265.0,0.0,0.05,0.02,14.0,3617,0.632816171875,False,2026-10-09 17:23:15+00:00,AAPL261016P00265000
AAPL,2026-10-10,336.64,2026-10-16,P,270.0,0.02,0.05,0.02,113.0,8181,0.6093789062500001,False,2026-10-09 19:14:38+00:00,AAPL261016P00270000
AAPL,2026-10-10,336.64,2026-10-16,P,275.0,0.02,0.04,0.03,300.0,5371,0.5546919531250001,False,2026-10-09 19:59:59+00:00,AAPL261016P00275000
AAPL,2026-10-10,336.64,2026-10-16,P,280.0,0.03,0.16,0.03,276.0,13714,0.5820354296875,False,2026-10-09 18:34:56+00:00,AAPL261016P00280000
AAPL,2026-10-10,336.64,2026-10-16,P,285.0,0.03,0.05,0.04,135.0,7046,0.49219257812500006,False,2026-10-09 18:46:49+00:00,AAPL261016P00285000
AAPL,2026-10-10,336.64,2026-10-16,P,290.0,0.04,0.06,0.05,132.0,9646,0.45508357421875,False,2026-10-09 19:26:16+00:00,AAPL261016P00290000
AAPL,2026-10-10,336.64,2026-10-16,P,295.0,0.05,0.07,0.05,794.0,11704,0.41797457031249996,False,2026-10-09 19:54:33+00:00,AAPL261016P00295000
AAPL,2026-10-10,336.64,2026-10-16,P,300.0,0.06,0.08,0.08,4391.0,25049,0.37695935546875,False,2026-10-09 19:59:59+00:00,AAPL261016P00300000
AAPL,2026-10-10,336.64,2026-10-16,P,305.0,0.09,0.1,0.09,2786.0,12775,0.340826904296875,False,2026-10-09 19:48:05+00:00,AAPL261016P00305000
AAPL,2026-10-10,336.64,2026-10-16,P,310.0,0.11,0.14,0.13,1570.0,11118,0.30811238769531246,False,2026-10-09 19:59:51+00:00,AAPL261016P00310000
AAPL,2026-10-10,336.64,2026-10-16,P,312.5,0.1,0.16,0.16,1064.0,1244,0.2890696093749999,False,2026-10-09 19:59:59+00:00,AAPL261016P00312500
AAPL,2026-10-10,336.64,2026-10-16,P,315.0,0.14,0.21,0.19,1449.0,9798,0.27686270019531245,False,2026-10-09 19:51:55+00:00,AAPL261016P00315000
AAPL,2026-10-10,336.64,2026-10-16,P,317.5,0.24,0.29,0.22,1781.0,997,0.266608896484375,False,2026-10-09 19:48:05+00:00,AAPL261016P00317500
AAPL,2026-10-10,336.64,2026-10-16,P,320.0,0.3,0.38,0.37,7312.0,15515,0.252937158203125,False,2026-10-09 19:59:20+00:00,AAPL261016P00320000
AAPL,2026-10-10,336.64,2026-10-16,P,322.5,0.44,0.55,0.54,2215.0,2065,0.245124736328125,False,2026-10-09 19:58:51+00:00,AAPL261016P00322500
AAPL,2026-10-10,336.64,2026-10-16,P,325.0,0.66,0.8,0.78,9148.0,9555,0.23828886718749998,False,2026-10-09 19:59:50+00:00,AAPL261016P00325000
AAPL,2026-10-10,336.64,2026-10-16,P,327.5,1.01,1.18,1.1,4098.0,2298,0.23365024169921872,False,2026-10-09 19:59:59+00:00,AAPL261016P00327500
AAPL,2026-10-10,336.64,2026-10-16,P,330.0,1.61,1.7,1.65,10444.0,18878,0.22888954711914064,False,2026-10-09 19:59:59+00:00,AAPL261016P00330000
AAPL,2026-10-10,336.64,2026-10-16,P,332.5,2.33,2.44,2.34,3451.0,1591,0.22657023437499998,False,2026-10-09 19:59:59+00:00,AAPL261016P00332500
AAPL,2026-10-10,336.64,2026-10-16,P,335.0,3.15,3.35,3.3,8375.0,14079,0.22199264343261715,False,2026-10-09 19:59:59+00:00,AAPL261016P00335000
AAPL,2026-10-10,336.64,2026-10-16,P,337.5,4.35,4.6,4.45,2211.0,11711,0.22315229980468748,True,2026-10-09 19:59:43+00:00,AAPL261016P00337500
AAPL,2026-10-10,336.64,2026-10-16,P,340.0,5.35,6.05,5.8,2278.0,5887,0.2224198852539062,True,2026-10-09 19:59:59+00:00,AAPL261016P00340000
AAPL,2026-10-10,336.64,2026-10-16,P,342.5,7.2,7.8,7.45,785.0,954,0.2260819580078125,True,2026-10-09 19:50:41+00:00,AAPL261016P00342500
AAPL,2026-10-10,336.64,2026-10-16,P,345.0,8.9,9.55,9.22,248.0,2733,0.21656056884765623,True,2026-10-09 19:26:58+00:00,AAPL261016P00345000
AAPL,2026-10-10,336.64,2026-10-16,P,347.5,10.2,11.85,10.36,66.0,558,0.23657989990234374,True,2026-10-09 19:18:30+00:00,AAPL261016P00347500
AAPL,2026-10-10,336.64,2026-10-16,P,350.0,13.0,14.05,13.72,352.0,7556,0.241218525390625,True,2026-10-09 19:39:12+00:00,AAPL261016P00350000
AAPL,2026-10-10,336.64,2026-10-16,P,352.5,15.0,16.8,14.63,34.0,568,0.2974923767089843,True,2026-10-09 19:04:21+00:00,AAPL261016P00352500
AAPL,2026-10-10,336.64,2026-10-16,P,355.0,17.2,19.0,19.7,30.0,381,0.2946847875976562,True,2026-10-09 17:33:54+00:00,AAPL261016P00355000
AAPL,2026-10-10,336.64,2026-10-16,P,357.5,19.6,22.55,22.53,42.0,0,0.43018147949218755,True,2026-10-09 17:07:49+00:00,AAPL261016P00357500
AAPL,2026-10-10,336.64,2026-10-16,P,360.0,21.9,25.0,23.15,51.0,83,0.45752495605468757,True,2026-10-09 19:30:56+00:00,AAPL261016P00360000
AAPL,2026-10-10,336.64,2026-10-16,P,365.0,26.85,30.0,30.09,22.0,2,0.5188036401367188,True,2026-10-09 17:12:31+00:00,AAPL261016P00365000
AAPL,2026-10-10,336.64,2026-10-16,P,370.0,31.85,34.25,35.11,2.0,1,0.4897511962890626,True,2026-10-09 17:08:18+00:00,AAPL261016P00370000
AAPL,2026-10-10,336.64,2026-10-16,P,375.0,37.05,40.0,38.7,30.0,24,0.6333044482421876,True,2026-10-09 17:12:56+00:00,AAPL261016P00375000
AAPL,2026-10-10,336.64,2026-10-16,P,380.0,42.05,45.0,46.7,2.0,0,0.6873810559082032,True,2026-10-09 14:14:34+00:00,AAPL261016P00380000
AAPL,2026-10-10,336.64,2026-10-16,P,385.0,46.85,50.0,52.0,1.0,1,0.7397486962890624,True,2026-10-09 13:47:18+00:00,AAPL261016P00385000
AAPL,2026-10-10,336.64,2026-10-16,P,390.0,51.85,54.35,55.9,3.0,0,0.7004424487304688,True,2026-10-02 14:32:50+00:00,AAPL261016P00390000
AAPL,2026-10-10,336.64,2026-10-16,P,395.0,56.6,60.0,54.58,2.0,0,0.8396012133789061,True,2026-09-25 19:16:29+00:00,AAPL261016P00395000
AAPL,2026-10-10,336.64,2026-10-16,P,400.0,62.05,64.95,61.7,34.0,0,0.5664105859375,True,2026-09-28 19:57:18+00:00,AAPL261016P00400000
AAPL,2026-10-10,336.64,2026-10-16,P,405.0,66.85,70.0,66.23,13.0,0,0.5449264257812501,True,2026-09-28 19:45:16+00:00,AAPL261016P00405000
AAPL,2026-10-10,336.64,2026-10-16,P,410.0,0.0,0.0,108.52,1.0,0,1.0000000000000003e-05,True,2026-08-12 19:46:24+00:00,AAPL261016P00410000
AAPL,2026-10-10,336.64,2026-10-16,P,415.0,0.0,0.0,113.54,,0,1.0000000000000003e-05,True,2026-08-12 19:46:24+00:00,AAPL261016P00415000
AAPL,2026-10-10,336.64,2026-10-16,P,450.0,111.6,114.95,116.36,1.0,0,1.302249582519531,True,2026-10-05 14:32:49+00:00,AAPL261016P00450000
AAPL,2026-10-10,336.64,2026-10-16,P,460.0,121.6,125.0,124.24,,0,1.3857452587890622,True,2026-09-30 19:49:19+00:00,AAPL261016P00460000
AAPL,2026-10-10,336.64,2026-10-16,P,590.0,268.4,271.4,250.65,,0,3.779541566772461,True,2026-07-28 19:49:18+00:00,AAPL261016P00590000
AAPL,2026-10-10,336.64,2026-10-16,P,600.0,278.4,281.4,266.4,,0,3.8468021408081055,True,2026-07-30 13:33:22+00:00,AAPL261016P00600000
AAPL,2026-10-10,336.64,2026-10-23,C,110.0,225.55,228.7,206.6,,1,2.610355036621094,True,2026-09-08 16:28:09+00:00,AAPL261023C00110000
AAPL,2026-10-10,336.64,2026-10-23,C,145.0,190.75,193.75,191.5,1.0,1,2.0712938842773436,True,2026-09-17 17:56:47+00:00,AAPL261023C00145000
AAPL,2026-10-10,336.64,2026-10-23,C,195.0,140.25,143.85,139.25,1.0,1,1.3193393408203122,True,2026-10-02 19:05:38+00:00,AAPL261023C00195000
AAPL,2026-10-10,336.64,2026-10-23,C,200.0,135.25,138.85,136.86,,1,1.2636755566406248,True,2026-09-21 13:56:30+00:00,AAPL261023C00200000
AAPL,2026-10-10,336.64,2026-10-23,C,210.0,125.3,128.85,133.59,1.0,2,1.168461188964844,True,2026-09-22 15:06:40+00:00,AAPL261023C00210000
AAPL,2026-10-10,336.64,2026-10-23,C,215.0,120.85,123.9,119.47,16.0,18,1.2153359545898437,True,2026-10-06 19:46:55+00:00,AAPL261023C00215000
AAPL,2026-10-10,336.64,2026-10-23,C,220.0,115.7,118.9,120.84,1.0,2,1.1401410180664064,True,2026-09-22 14:27:02+00:00,AAPL261023C00220000
AAPL,2026-10-10,336.64,2026-10-23,C,225.0,110.3,113.75,116.44,1.0,7,0.9975586181640624,True,2026-10-08 19:24:33+00:00,AAPL261023C00225000
AAPL,2026-10-10,336.64,2026-10-23,C,230.0,105.35,108.9,105.3,10.0,14,0.98437515625,True,2026-09-30 13:54:36+00:00,AAPL261023C00230000
AAPL,2026-10-10,336.64,2026-10-23,C,235.0,100.35,103.75,100.14,1.0,113,0.911133701171875,True,2026-10-09 16:57:33+00:00,AAPL261023C00235000
AAPL,2026-10-10,336.64,2026-10-23,C,240.0,95.35,98.6,95.38,20.0,30,0.8378922460937499,True,2026-10-09 15:21:35+00:00,AAPL261023C00240000
AAPL,2026-10-10,336.64,2026-10-23,C,245.0,90.35,93.95,88.97,1.0,16,0.8481460498046874,True,2026-10-02 17:12:10+00:00,AAPL261023C00245000
AAPL,2026-10-10,336.64,2026-10-23,C,250.0,86.2,88.55,87.44,1.0,30,0.8554701953125,True,2026-10-05 15:14:20+00:00,AAPL261023C00250000
AAPL,2026-10-10,336.64,2026-10-23,C,255.0,80.4,83.95,79.02,1.0,49,0.7622094091796876,True,2026-10-06 14:37:24+00:00,AAPL261023C00255000
AAPL,2026-10-10,336.64,2026-10-23,C,260.0,76.1,78.65,75.35,1.0,16,0.7595238891601563,True,2026-10-09 17:18:42+00:00,AAPL261023C00260000
AAPL,2026-10-10,336.64,2026-10-23,C,265.0,70.95,73.75,67.96,4.0,24,0.708010732421875,True,2026-10-02 13:45:13+00:00,AAPL261023C00265000
AAPL,2026-10-10,336.64,2026-10-23,C,270.0,65.85,68.85,64.0,1.0,50,0.6616244775390626,True,2026-10-05 16:11:42+00:00,AAPL261023C00270000
AAPL,2026-10-10,336.64,2026-10-23,C,275.0,61.35,63.85,63.56,20.0,47,0.6552768847656252,True,2026-10-09 19:03:53+00:00,AAPL261023C00275000
AAPL,2026-10-10,336.64,2026-10-23,C,280.0,55.45,58.9,61.61,37.0,75,0.5397995239257813,True,2026-10-08 19:04:21+00:00,AAPL261023C00280000
AAPL,2026-10-10,336.64,2026-10-23,C,285.0,50.9,54.1,51.65,3.0,63,0.5473678076171876,True,2026-10-09 18:31:19+00:00,AAPL261023C00285000
AAPL,2026-10-10,336.64,2026-10-23,C,290.0,46.05,48.8,46.78,9.0,167,0.6331823791503908,True,2026-10-09 18:33:37+00:00,AAPL261023C00290000
AAPL,2026-10-10,336.64,2026-10-23,C,295.0,41.1,43.6,41.84,7.0,146,0.5631147204589844,True,2026-10-09 18:33:37+00:00,AAPL261023C00295000
AAPL,2026-10-10,336.64,2026-10-23,C,300.0,36.15,38.7,38.8,97.0,194,0.5180712255859375,True,2026-10-09 19:17:40+00:00,AAPL261023C00300000
AAPL,2026-10-10,336.64,2026-10-23,C,305.0,30.7,33.95,33.14,10.0,76,0.4821829125976563,True,2026-10-09 17:04:34+00:00,AAPL261023C00305000
AAPL,2026-10-10,336.64,2026-10-23,C,310.0,25.95,29.1,26.22,18.0,278,0.4364070031738281,True,2026-10-09 17:38:01+00:00,AAPL261023C00310000
AAPL,2026-10-10,336.64,2026-10-23,C,315.0,22.05,23.35,22.92,22.0,470,0.33313655151367194,True,2026-10-09 19:41:36+00:00,AAPL261023C00315000
AAPL,2026-10-10,336.64,2026-10-23,C,320.0,17.45,18.75,18.45,106.0,879,0.30213100219726563,True,2026-10-09 19:54:17+00:00,AAPL261023C00320000
AAPL,2026-10-10,336.64,2026-10-23,C,325.0,13.8,14.35,14.07,585.0,2365,0.27295648925781246,True,2026-10-09 19:50:14+00:00,AAPL261023C00325000
AAPL,2026-10-10,336.64,2026-10-23,C,330.0,9.95,10.4,10.25,714.0,1432,0.2515943981933594,True,2026-10-09 19:55:28+00:00,AAPL261023C00330000
AAPL,2026-10-10,336.64,2026-10-23,C,335.0,6.8,7.1,6.89,3956.0,1926,0.23804472900390622,True,2026-10-09 19:59:25+00:00,AAPL261023C00335000
AAPL,2026-10-10,336.64,2026-10-23,C,340.0,4.35,4.6,4.41,8588.0,5023,0.23206334350585936,False,2026-10-09 19:59:15+00:00,AAPL261023C00340000
AAPL,2026-10-10,336.64,2026-10-23,C,345.0,2.61,2.69,2.62,9020.0,3358,0.2238847143554687,False,2026-10-09 19:59:59+00:00,AAPL261023C00345000
AAPL,2026-10-10,336.64,2026-10-23,C,350.0,1.42,1.55,1.45,3298.0,4571,0.22412885253906245,False,2026-10-09 19:59:54+00:00,AAPL261023C00350000
AAPL,2026-10-10,336.64,2026-10-23,C,355.0,0.73,0.84,0.81,571.0,3599,0.22461712890624996,False,2026-10-09 19:48:50+00:00,AAPL261023C00355000
AAPL,2026-10-10,336.64,2026-10-23,C,360.0,0.36,0.4,0.37,2294.0,8716,0.22168747070312497,False,2026-10-09 19:58:33+00:00,AAPL261023C00360000
AAPL,2026-10-10,336.64,2026-10-23,C,365.0,0.18,0.26,0.2,201.0,5491,0.2356033471679687,False,2026-10-09 19:57:42+00:00,AAPL261023C00365000
AAPL,2026-10-10,336.64,2026-10-23,C,370.0,0.1,0.12,0.11,379.0,2071,0.23535920898437498,False,2026-10-09 19:58:51+00:00,AAPL261023C00370000
AAPL,2026-10-10,336.64,2026-10-23,C,375.0,0.02,0.1,0.05,20.0,2740,0.25586681640625003,False,2026-10-09 18:36:33+00:00,AAPL261023C00375000
AAPL,2026-10-10,336.64,2026-10-23,C,380.0,0.01,0.05,0.03,1031.0,1284,0.257819921875,False,2026-10-09 18:41:44+00:00,AAPL261023C00380000
AAPL,2026-10-10,336.64,2026-10-23,C,385.0,0.0,0.06,0.05,3.0,721,0.2890696093749999,False,2026-10-08 16:38:39+00:00,AAPL261023C00385000
AAPL,2026-10-10,336.64,2026-10-23,C,390.0,0.0,0.05,0.04,42.0,409,0.30664755859375,False,2026-10-09 18:16:04+00:00,AAPL261023C00390000
AAPL,2026-10-10,336.64,2026-10-23,C,395.0,0.0,0.06,0.08,11.0,50,0.335944140625,False,2026-10-08 14:19:16+00:00,AAPL261023C00395000
AAPL,2026-10-10,336.64,2026-10-23,C,400.0,0.0,0.05,0.01,5.0,340,0.35156898437499995,False,2026-10-09 19:59:03+00:00,AAPL261023C00400000
AAPL,2026-10-10,336.64,2026-10-23,C,405.0,0.0,0.27,0.08,2.0,15,0.46680220703125,False,2026-10-05 19:55:21+00:00,AAPL261023C00405000
AAPL,2026-10-10,336.64,2026-10-23,C,410.0,0.0,0.03,0.03,1.0,15,0.37500625,False,2026-10-08 14:07:10+00:00,AAPL261023C00410000
AAPL,2026-10-10,336.64,2026-10-23,C,415.0,0.0,0.12,0.01,1.0,282,0.46289599609375004,False,2026-10-09 14:58:56+00:00,AAPL261023C00415000
AAPL,2026-10-10,336.64,2026-10-23,P,130.0,0.0,0.01,0.02,100.0,100,1.4375028125,False,2026-10-02 15:09:20+00:00,AAPL261023P00130000
AAPL,2026-10-10,336.64,2026-10-23,P,135.0,0.0,0.01,0.01,20.0,2,1.3750031249999999,False,2026-10-09 19:06:36+00:00,AAPL261023P00135000
AAPL,2026-10-10,336.64,2026-10-23,P,160.0,0.0,0.01,0.01,4.0,29,1.125004375,False,2026-10-08 15:07:51+00:00,AAPL261023P00160000
AAPL,2026-10-10,336.64,2026-10-23,P,165.0,0.0,0.01,0.01,13.0,11,1.09375453125,False,2026-10-09 13:56:56+00:00,AAPL261023P00165000
AAPL,2026-10-10,336.64,2026-10-23,P,180.0,0.0,0.02,0.02,10.0,172,1.015629921875,False,2026-10-09 14:01:17+00:00,AAPL261023P00180000
AAPL,2026-10-10,336.64,2026-10-23,P,185.0,0.0,0.21,0.02,167.0,224,1.205082099609375,False,2026-10-09 15:49:37+00:00,AAPL261023P00185000
AAPL,2026-10-10,336.64,2026-10-23,P,190.0,0.0,0.52,0.02,512.0,416,1.291019169921875,False,2026-10-06 17:55:49+00:00,AAPL261023P00190000
AAPL,2026-10-10,336.64,2026-10-23,P,195.0,0.0,0.48,0.02,309.0,147,1.224613251953125,False,2026-10-05 19:45:18+00:00,AAPL261023P00195000
AAPL,2026-10-10,336.64,2026-10-23,P,200.0,0.0,0.51,0.02,120.0,149,1.1826212744140623,False,2026-10-05 19:52:44+00:00,AAPL261023P00200000
AAPL,2026-10-10,336.64,2026-10-23,P,205.0,0.0,0.51,0.05,7.0,30,1.1328168359375002,False,2026-10-05 18:10:18+00:00,AAPL261023P00205000
AAPL,2026-10-10,336.64,2026-10-23,P,210.0,0.0,0.03,0.02,112.0,118,0.79687703125,False,2026-10-08 16:15:39+00:00,AAPL261023P00210000
AAPL,2026-10-10,336.64,2026-10-23,P,215.0,0.0,0.5,0.09,1.0,18,1.0312548437500002,False,2026-10-02 14:57:44+00:00,AAPL261023P00215000
AAPL,2026-10-10,336.64,2026-10-23,P,220.0,0.0,0.49,0.1,1.0,54,0.981445498046875,False,2026-10-02 17:13:10+00:00,AAPL261023P00220000
AAPL,2026-10-10,336.64,2026-10-23,P,225.0,0.01,0.05,0.05,5.0,373,0.73437765625,False,2026-10-09 13:39:32+00:00,AAPL261023P00225000
AAPL,2026-10-10,336.64,2026-10-23,P,230.0,0.01,0.07,0.04,4.0,360,0.7187528125,False,2026-10-09 14:52:43+00:00,AAPL261023P00230000
AAPL,2026-10-10,336.64,2026-10-23,P,235.0,0.0,0.05,0.03,2.0,503,0.648441015625,False,2026-10-08 13:48:46+00:00,AAPL261023P00235000
AAPL,2026-10-10,336.64,2026-10-23,P,240.0,0.0,0.14,0.03,4.0,30,0.6835969140625001,False,2026-10-05 13:49:32+00:00,AAPL261023P00240000
AAPL,2026-10-10,336.64,2026-10-23,P,245.0,0.0,0.11,0.04,19.0,48,0.6289099609375001,False,2026-10-09 14:02:19+00:00,AAPL261023P00245000
AAPL,2026-10-10,336.64,2026-10-23,P,250.0,0.0,0.04,0.02,8.0,99,0.5351608984375,False,2026-10-09 17:50:13+00:00,AAPL261023P00250000
AAPL,2026-10-10,336.64,2026-10-23,P,255.0,0.02,0.05,0.07,1.0,422,0.5312546875,False,2026-10-09 13:40:30+00:00,AAPL261023P00255000
AAPL,2026-10-10,336.64,2026-10-23,P,260.0,0.01,0.07,0.04,3.0,44,0.5039112109375,False,2026-10-09 13:41:18+00:00,AAPL261023P00260000
AAPL,2026-10-10,336.64,2026-10-23,P,265.0,0.0,0.09,0.03,3.0,68,0.51562984375,False,2026-10-09 15:44:02+00:00,AAPL261023P00265000
AAPL,2026-10-10,336.64,2026-10-23,P,270.0,0.02,0.08,0.07,6.0,650,0.4726615234375,False,2026-10-09 15:14:29+00:00,AAPL261023P00270000
AAPL,2026-10-10,336.64,2026-10-23,P,275.0,0.05,0.1,0.09,3.0,467,0.450200810546875,False,2026-10-09 14:50:56+00:00,AAPL261023P00275000
AAPL,2026-10-10,336.64,2026-10-23,P,280.0,0.07,0.09,0.07,31.0,667,0.40918559570312496,False,2026-10-09 19:37:59+00:00,AAPL261023P00280000
AAPL,2026-10-10,336.64,2026-10-23,P,285.0,0.03,0.11,0.09,15.0,371,0.38477177734374995,False,2026-10-09 19:02:25+00:00,AAPL261023P00285000
AAPL,2026-10-10,336.64,2026-10-23,P,290.0,0.04,0.13,0.11,152.0,1497,0.35742830078125,False,2026-10-09 19:17:18+00:00,AAPL261023P00290000
AAPL,2026-10-10,336.64,2026-10-23,P,295.0,0.14,0.17,0.15,100.0,586,0.334967587890625,False,2026-10-09 19:20:04+00:00,AAPL261023P00295000
AAPL,2026-10-10,336.64,2026-10-23,P,300.0,0.18,0.2,0.21,353.0,8073,0.30664755859375,False,2026-10-09 19:18:09+00:00,AAPL261023P00300000
AAPL,2026-10-10,336.64,2026-10-23,P,305.0,0.25,0.29,0.3,93.0,2130,0.2876047802734374,False,2026-10-09 19:43:24+00:00,AAPL261023P00305000
AAPL,2026-10-10,336.64,2026-10-23,P,310.0,0.39,0.42,0.42,628.0,2371,0.26782958740234375,False,2026-10-09 19:59:37+00:00,AAPL261023P00310000
AAPL,2026-10-10,336.64,2026-10-23,P,315.0,0.61,0.67,0.63,633.0,1808,0.25269302001953126,False,2026-10-09 19:48:02+00:00,AAPL261023P00315000
AAPL,2026-10-10,336.64,2026-10-23,P,320.0,1.05,1.11,1.08,1566.0,4904,0.24048611083984373,False,2026-10-09 19:59:34+00:00,AAPL261023P00320000
AAPL,2026-10-10,336.64,2026-10-23,P,325.0,1.8,1.91,1.82,1031.0,1959,0.2331009307861328,False,2026-10-09 19:59:38+00:00,AAPL261023P00325000
AAPL,2026-10-10,336.64,2026-10-23,P,330.0,2.83,3.15,3.1,1402.0,1966,0.22595988891601562,False,2026-10-09 19:58:48+00:00,AAPL261023P00330000
AAPL,2026-10-10,336.64,2026-10-23,P,335.0,4.75,5.05,4.9,983.0,1091,0.22235885070800776,False,2026-10-09 19:58:24+00:00,AAPL261023P00335000
AAPL,2026-10-10,336.64,2026-10-23,P,340.0,7.1,7.6,7.29,355.0,1321,0.2181474670410156,True,2026-10-09 19:30:34+00:00,AAPL261023P00340000
AAPL,2026-10-10,336.64,2026-10-23,P,345.0,10.4,10.85,10.92,111.0,538,0.21509573974609375,True,2026-10-09 19:42:12+00:00,AAPL261023P00345000
AAPL,2026-10-10,336.64,2026-10-23,P,350.0,13.6,15.35,14.9,14.0,2066,0.2475661181640625,True,2026-10-09 18:27:54+00:00,AAPL261023P00350000
AAPL,2026-10-10,336.64,2026-10-23,P,355.0,18.1,20.5,23.15,4.0,168,0.3064034204101562,True,2026-10-09 13:30:01+00:00,AAPL261023P00355000
AAPL,2026-10-10,336.64,2026-10-23,P,360.0,22.2,25.15,23.18,3.0,35,0.33313655151367194,True,2026-10-08 14:11:08+00:00,AAPL261023P00360000
AAPL,2026-10-10,336.64,2026-10-23,P,365.0,26.9,30.15,27.15,2.0,1,0.37695935546875,True,2026-10-08 16:13:04+00:00,AAPL261023P00365000
AAPL,2026-10-10,336.64,2026-10-23,P,370.0,31.85,35.0,31.87,2.0,0,0.40820904296875,True,2026-10-09 19:12:49+00:00,AAPL261023P00370000
AAPL,2026-10-10,336.64,2026-10-23,P,375.0,36.85,40.0,35.14,9.0,0,0.44788149780273434,True,2026-09-28 17:48:58+00:00,AAPL261023P00375000
AAPL,2026-10-10,336.64,2026-10-23,P,380.0,42.05,45.0,44.13,,0,0.48608912353515626,True,2026-09-17 18:49:25+00:00,AAPL261023P00380000
AAPL,2026-10-10,336.64,2026-10-23,P,385.0,47.05,50.0,52.75,10.0,10,0.5230760583496092,True,2026-10-08 19:52:17+00:00,AAPL261023P00385000
AAPL,2026-10-10,336.64,2026-10-23,P,390.0,52.05,55.0,48.72,7.0,0,0.5589643713378907,True,2026-10-08 19:52:17+00:00,AAPL261023P00390000
AAPL,2026-10-10,336.64,2026-10-23,P,400.0,61.6,65.0,67.22,10.0,0,0.6276892700195313,True,2026-09-29 13:50:32+00:00,AAPL261023P00400000
AAPL,2026-10-10,336.64,2026-10-23,P,405.0,66.85,70.1,64.01,1.0,0,0.6701693139648439,True,2026-09-25 19:50:16+00:00,AAPL261023P00405000
AAPL,2026-10-10,336.64,2026-10-23,P,410.0,71.6,75.0,77.3,,0,0.6928741650390625,True,2026-09-14 19:48:22+00:00,AAPL261023P00410000
AAPL,2026-10-10,336.64,2026-10-23,P,415.0,76.85,80.0,84.0,2.0,0,0.7243679907226561,True,2026-09-16 19:11:46+00:00,AAPL261023P00415000
AAPL,2026-10-10,336.64,2026-10-30,C,185.0,150.45,154.0,145.82,,2,1.2334022705078125,True,2026-09-15 14:55:44+00:00,AAPL261030C00185000
AAPL,2026-10-10,336.64,2026-10-30,C,190.0,145.45,149.0,145.3,1.0,3,1.1845743896484375,True,2026-10-09 16:23:12+00:00,AAPL261030C00190000
AAPL,2026-10-10,336.64,2026-10-30,C,195.0,140.35,143.95,142.35,1.0,0,1.1123091259765625,True,2026-10-07 19:25:16+00:00,AAPL261030C00195000
AAPL,2026-10-10,336.64,2026-10-30,C,200.0,135.45,139.05,131.85,,10,1.0966842041015625,True,2026-09-29 16:35:26+00:00,AAPL261030C00200000
AAPL,2026-10-10,336.64,2026-10-30,C,205.0,130.45,133.95,126.88,,10,1.0366259106445317,True,2026-09-29 16:35:29+00:00,AAPL261030C00205000
AAPL,2026-10-10,336.64,2026-10-30,C,210.0,125.5,129.0,125.54,,1,1.0058643457031249,True,2026-09-11 16:46:00+00:00,AAPL261030C00210000
AAPL,2026-10-10,336.64,2026-10-30,C,215.0,120.5,124.0,117.0,20.0,21,0.9619144433593749,True,2026-09-29 16:35:24+00:00,AAPL261030C00215000
AAPL,2026-10-10,336.64,2026-10-30,C,220.0,115.55,119.0,110.53,1.0,12,0.9248054394531251,True,2026-10-01 14:12:28+00:00,AAPL261030C00220000
AAPL,2026-10-10,336.64,2026-10-30,C,225.0,110.55,114.1,110.5,20.0,1,0.893555751953125,True,2026-10-09 16:53:59+00:00,AAPL261030C00225000
AAPL,2026-10-10,336.64,2026-10-30,C,240.0,95.6,99.05,89.25,1.0,39,0.7690452783203126,True,2026-10-01 17:08:29+00:00,AAPL261030C00240000
AAPL,2026-10-10,336.64,2026-10-30,C,245.0,90.6,94.1,92.73,1.0,12,0.7334011035156249,True,2026-10-08 14:30:25+00:00,AAPL261030C00245000
AAPL,2026-10-10,336.64,2026-10-30,C,250.0,85.6,89.1,83.84,3.0,59,0.6938507177734375,True,2026-10-02 19:55:41+00:00,AAPL261030C00250000
AAPL,2026-10-10,336.64,2026-10-30,C,255.0,80.65,84.2,79.61,4.0,74,0.6669955175781253,True,2026-10-05 15:42:30+00:00,AAPL261030C00255000
AAPL,2026-10-10,336.64,2026-10-30,C,260.0,75.6,79.2,74.53,1.0,6,0.624027197265625,True,2026-10-05 19:39:05+00:00,AAPL261030C00260000
AAPL,2026-10-10,336.64,2026-10-30,C,265.0,71.05,74.25,72.3,2.0,13,0.6201209863281252,True,2026-10-07 17:11:31+00:00,AAPL261030C00265000
AAPL,2026-10-10,336.64,2026-10-30,C,270.0,65.7,69.25,69.04,15.0,28,0.5578657495117189,True,2026-10-09 19:10:18+00:00,AAPL261030C00270000
AAPL,2026-10-10,336.64,2026-10-30,C,275.0,61.4,64.3,63.6,10.0,26,0.5629926513671876,True,2026-10-08 14:37:56+00:00,AAPL261030C00275000
AAPL,2026-10-10,336.64,2026-10-30,C,280.0,55.8,59.35,53.4,2.0,58,0.6449010119628906,True,2026-10-09 14:11:35+00:00,AAPL261030C00280000
AAPL,2026-10-10,336.64,2026-10-30,C,285.0,50.85,54.4,48.82,1.0,70,0.6022988989257814,True,2026-10-09 13:42:41+00:00,AAPL261030C00285000
AAPL,2026-10-10,336.64,2026-10-30,C,290.0,45.9,49.1,43.97,10.0,128,0.5371140039062501,True,2026-10-09 14:27:17+00:00,AAPL261030C00290000
AAPL,2026-10-10,336.64,2026-10-30,C,295.0,40.95,44.2,42.57,5.0,224,0.4982960327148438,True,2026-10-09 15:33:29+00:00,AAPL261030C00295000
AAPL,2026-10-10,336.64,2026-10-30,C,300.0,36.55,39.3,39.5,118.0,174,0.4587456469726563,True,2026-10-09 19:11:04+00:00,AAPL261030C00300000
AAPL,2026-10-10,336.64,2026-10-30,C,305.0,31.25,33.6,27.67,1.0,168,0.37329728271484375,True,2026-10-08 16:11:15+00:00,AAPL261030C00305000
AAPL,2026-10-10,336.64,2026-10-30,C,310.0,26.5,29.55,28.0,57.0,163,0.3789124609375,True,2026-10-09 19:17:17+00:00,AAPL261030C00310000
AAPL,2026-10-10,336.64,2026-10-30,C,315.0,22.45,24.25,24.2,37.0,408,0.31702343139648437,True,2026-10-09 18:58:29+00:00,AAPL261030C00315000
AAPL,2026-10-10,336.64,2026-10-30,C,320.0,17.6,20.0,19.35,53.0,463,0.3004220349121094,True,2026-10-09 19:39:08+00:00,AAPL261030C00320000
AAPL,2026-10-10,336.64,2026-10-30,C,325.0,14.95,15.7,15.28,99.0,479,0.27374993835449213,True,2026-10-09 19:56:29+00:00,AAPL261030C00325000
AAPL,2026-10-10,336.64,2026-10-30,C,330.0,10.95,11.7,11.55,1368.0,1817,0.249030947265625,True,2026-10-09 19:58:27+00:00,AAPL261030C00330000
AAPL,2026-10-10,336.64,2026-10-30,C,335.0,8.3,8.95,8.4,2051.0,2994,0.25220474365234374,True,2026-10-09 19:58:59+00:00,AAPL261030C00335000
AAPL,2026-10-10,336.64,2026-10-30,C,340.0,5.75,6.2,5.9,2018.0,2424,0.23987576538085933,False,2026-10-09 19:59:39+00:00,AAPL261030C00340000
AAPL,2026-10-10,336.64,2026-10-30,C,345.0,3.9,4.1,3.9,1581.0,2221,0.23169713623046873,False,2026-10-09 19:59:39+00:00,AAPL261030C00345000
AAPL,2026-10-10,336.64,2026-10-30,C,350.0,2.41,2.51,2.47,5263.0,4955,0.22327436889648436,False,2026-10-09 19:58:43+00:00,AAPL261030C00350000
AAPL,2026-10-10,336.64,2026-10-30,C,355.0,1.43,1.69,1.65,586.0,3269,0.22925575439453127,False,2026-10-09 19:59:31+00:00,AAPL261030C00355000
AAPL,2026-10-10,336.64,2026-10-30,C,360.0,0.75,1.01,0.86,1539.0,3048,0.22791299438476562,False,2026-10-09 19:59:59+00:00,AAPL261030C00360000
AAPL,2026-10-10,336.64,2026-10-30,C,365.0,0.48,0.57,0.52,1524.0,3227,0.22632609619140626,False,2026-10-09 19:51:08+00:00,AAPL261030C00365000
AAPL,2026-10-10,336.64,2026-10-30,C,370.0,0.27,0.31,0.31,333.0,3659,0.22534954345703123,False,2026-10-09 19:56:39+00:00,AAPL261030C00370000
AAPL,2026-10-10,336.64,2026-10-30,C,375.0,0.15,0.18,0.2,289.0,858,0.22852333984375,False,2026-10-09 19:28:09+00:00,AAPL261030C00375000
AAPL,2026-10-10,336.64,2026-10-30,C,380.0,0.09,0.13,0.09,582.0,1169,0.23975369628906246,False,2026-10-09 18:20:14+00:00,AAPL261030C00380000
AAPL,2026-10-10,336.64,2026-10-30,C,385.0,0.05,0.15,0.08,2.0,228,0.266608896484375,False,2026-10-09 13:30:00+00:00,AAPL261030C00385000
AAPL,2026-10-10,336.64,2026-10-30,C,390.0,0.02,0.07,0.03,17.0,198,0.2602613037109375,False,2026-10-09 13:54:49+00:00,AAPL261030C00390000
AAPL,2026-10-10,336.64,2026-10-30,C,395.0,0.01,0.05,0.03,32.0,97,0.26856200195312496,False,2026-10-09 13:50:29+00:00,AAPL261030C00395000
AAPL,2026-10-10,336.64,2026-10-30,C,400.0,0.01,0.04,0.02,33.0,652,0.27930408203124996,False,2026-10-09 17:40:52+00:00,AAPL261030C00400000
AAPL,2026-10-10,336.64,2026-10-30,C,405.0,0.01,0.16,0.03,203.0,1407,0.3530338134765625,False,2026-10-09 16:44:37+00:00,AAPL261030C00405000
AAPL,2026-10-10,336.64,2026-10-30,C,410.0,0.0,0.13,0.05,2.0,25,0.362311064453125,False,2026-10-08 19:58:28+00:00,AAPL261030C00410000
AAPL,2026-10-10,336.64,2026-10-30,C,415.0,0.0,0.15,0.05,3.0,32,0.38867798828125,False,2026-10-08 18:06:08+00:00,AAPL261030C00415000
AAPL,2026-10-10,336.64,2026-10-30,P,185.0,0.0,0.51,0.03,1280.0,1262,1.0957076464843751,False,2026-10-06 19:45:35+00:00,AAPL261030P00185000
AAPL,2026-10-10,336.64,2026-10-30,P,190.0,0.0,0.51,0.03,3.0,33,1.0517625537109376,False,2026-10-06 18:30:29+00:00,AAPL261030P00190000
AAPL,2026-10-10,336.64,2026-10-30,P,200.0,0.0,0.25,0.03,7.0,8,0.8828136718749999,False,2026-10-05 18:16:05+00:00,AAPL261030P00200000
AAPL,2026-10-10,336.64,2026-10-30,P,215.0,0.0,0.46,0.29,,3,0.8330094824218748,False,2026-09-21 13:37:41+00:00,AAPL261030P00215000
AAPL,2026-10-10,336.64,2026-10-30,P,220.0,0.0,0.2,0.02,18.0,21,0.7158231542968749,False,2026-10-01 15:02:49+00:00,AAPL261030P00220000
AAPL,2026-10-10,336.64,2026-10-30,P,225.0,0.0,0.43,0.06,,113,0.7500025,False,2026-10-01 17:24:35+00:00,AAPL261030P00225000
AAPL,2026-10-10,336.64,2026-10-30,P,230.0,0.0,0.4,0.03,1.0,121,0.7060576269531251,False,2026-10-07 15:35:53+00:00,AAPL261030P00230000
AAPL,2026-10-10,336.64,2026-10-30,P,235.0,0.0,0.06,0.04,33.0,53,0.5390671093750001,False,2026-10-09 19:59:11+00:00,AAPL261030P00235000
AAPL,2026-10-10,336.64,2026-10-30,P,240.0,0.0,0.05,0.02,37.0,146,0.500005,False,2026-10-09 18:37:40+00:00,AAPL261030P00240000
AAPL,2026-10-10,336.64,2026-10-30,P,245.0,0.0,0.1,0.04,7.0,120,0.507817421875,False,2026-10-09 18:02:59+00:00,AAPL261030P00245000
AAPL,2026-10-10,336.64,2026-10-30,P,250.0,0.0,0.06,0.04,9.0,267,0.48828636718750007,False,2026-10-09 19:37:27+00:00,AAPL261030P00250000
AAPL,2026-10-10,336.64,2026-10-30,P,255.0,0.01,0.08,0.03,2.0,301,0.47461462890625,False,2026-10-09 19:45:04+00:00,AAPL261030P00255000
AAPL,2026-10-10,336.64,2026-10-30,P,260.0,0.0,0.12,0.06,9.0,357,0.467778759765625,False,2026-10-09 15:31:28+00:00,AAPL261030P00260000
AAPL,2026-10-10,336.64,2026-10-30,P,265.0,0.04,0.13,0.15,1.0,111,0.4414118359375,False,2026-10-09 13:41:23+00:00,AAPL261030P00265000
AAPL,2026-10-10,336.64,2026-10-30,P,270.0,0.06,0.11,0.09,11.0,548,0.4023497265625,False,2026-10-09 19:03:21+00:00,AAPL261030P00270000
AAPL,2026-10-10,336.64,2026-10-30,P,275.0,0.08,0.12,0.11,26.0,433,0.37695935546875,False,2026-10-09 18:33:10+00:00,AAPL261030P00275000
AAPL,2026-10-10,336.64,2026-10-30,P,280.0,0.09,0.14,0.13,16.0,137,0.3544986425781249,False,2026-10-09 19:41:48+00:00,AAPL261030P00280000
AAPL,2026-10-10,336.64,2026-10-30,P,285.0,0.13,0.18,0.15,15.0,186,0.336920693359375,False,2026-10-09 19:20:07+00:00,AAPL261030P00285000
AAPL,2026-10-10,336.64,2026-10-30,P,290.0,0.18,0.23,0.21,35.0,745,0.31836619140624994,False,2026-10-09 19:48:48+00:00,AAPL261030P00290000
AAPL,2026-10-10,336.64,2026-10-30,P,295.0,0.25,0.3,0.28,83.0,556,0.3007882421875,False,2026-10-09 19:48:50+00:00,AAPL261030P00295000
AAPL,2026-10-10,336.64,2026-10-30,P,300.0,0.37,0.41,0.4,738.0,1399,0.2849192602539062,False,2026-10-09 19:58:28+00:00,AAPL261030P00300000
AAPL,2026-10-10,336.64,2026-10-30,P,305.0,0.5,0.57,0.52,572.0,901,0.2695385546875,False,2026-10-09 19:30:57+00:00,AAPL261030P00305000
AAPL,2026-10-10,336.64,2026-10-30,P,310.0,0.67,0.86,0.82,654.0,1373,0.25879647460937505,False,2026-10-09 19:59:59+00:00,AAPL261030P00310000
AAPL,2026-10-10,336.64,2026-10-30,P,315.0,1.21,1.3,1.22,1474.0,1916,0.24890887817382812,False,2026-10-09 19:58:43+00:00,AAPL261030P00315000
AAPL,2026-10-10,336.64,2026-10-30,P,320.0,1.85,1.9,1.94,2191.0,6210,0.23694610717773437,False,2026-10-09 19:59:22+00:00,AAPL261030P00320000
AAPL,2026-10-10,336.64,2026-10-30,P,325.0,2.62,2.9,2.87,746.0,1024,0.23035437622070312,False,2026-10-09 19:59:44+00:00,AAPL261030P00325000
AAPL,2026-10-10,336.64,2026-10-30,P,330.0,4.0,4.35,4.27,1054.0,1449,0.22541057800292968,False,2026-10-09 19:59:57+00:00,AAPL261030P00330000
AAPL,2026-10-10,336.64,2026-10-30,P,335.0,5.85,6.3,6.17,648.0,2045,0.22071091796874998,False,2026-10-09 19:59:57+00:00,AAPL261030P00335000
AAPL,2026-10-10,336.64,2026-10-30,P,340.0,8.25,8.8,8.2,215.0,740,0.2160112579345703,True,2026-10-09 19:32:19+00:00,AAPL261030P00340000
AAPL,2026-10-10,336.64,2026-10-30,P,345.0,10.85,11.9,11.16,65.0,269,0.21265435791015624,True,2026-10-09 19:56:12+00:00,AAPL261030P00345000
AAPL,2026-10-10,336.64,2026-10-30,P,350.0,13.9,15.5,16.45,8.0,218,0.20838193969726557,True,2026-10-09 18:02:36+00:00,AAPL261030P00350000
AAPL,2026-10-10,336.64,2026-10-30,P,355.0,18.1,20.7,21.0,6.0,160,0.2590406127929688,True,2026-10-09 15:53:24+00:00,AAPL261030P00355000
AAPL,2026-10-10,336.64,2026-10-30,P,360.0,22.45,24.8,24.23,516.0,231,0.2534254345703125,True,2026-10-07 19:58:46+00:00,AAPL261030P00360000
AAPL,2026-10-10,336.64,2026-10-30,P,365.0,27.2,29.85,25.42,499.0,213,0.2910227148437499,True,2026-10-08 18:35:59+00:00,AAPL261030P00365000
AAPL,2026-10-10,336.64,2026-10-30,P,370.0,31.9,35.0,38.0,10.0,82,0.3332586206054688,True,2026-10-09 13:31:05+00:00,AAPL261030P00370000
AAPL,2026-10-10,336.64,2026-10-30,P,375.0,36.85,40.15,37.32,150.0,0,0.37500625,True,2026-10-07 13:30:11+00:00,AAPL261030P00375000
AAPL,2026-10-10,336.64,2026-10-30,P,380.0,41.85,45.0,49.0,1.0,2,0.3969786865234375,True,2026-10-08 18:11:05+00:00,AAPL261030P00380000
AAPL,2026-10-10,336.64,2026-10-30,P,390.0,51.6,55.05,52.25,2.0,0,0.459966337890625,True,2026-09-23 17:10:10+00:00,AAPL261030P00390000
AAPL,2026-10-10,336.64,2026-11-06,C,200.0,135.6,139.1,131.5,,13,0.973633076171875,True,2026-10-01 19:58:44+00:00,AAPL261106C00200000
AAPL,2026-10-10,336.64,2026-11-06,C,210.0,125.7,129.1,125.15,19.0,19,0.903321279296875,True,2026-10-09 16:43:19+00:00,AAPL261106C00210000
AAPL,2026-10-10,336.64,2026-11-06,C,225.0,111.1,114.2,116.84,1.0,104,0.8295915478515624,True,2026-10-08 19:24:33+00:00,AAPL261106C00225000
AAPL,2026-10-10,336.64,2026-11-06,C,230.0,106.3,109.15,104.41,,1,0.8017597949218749,True,2026-09-29 13:56:41+00:00,AAPL261106C00230000
AAPL,2026-10-10,336.64,2026-11-06,C,235.0,100.8,104.25,99.63,1.0,201,0.73437765625,True,2026-10-05 14:38:41+00:00,AAPL261106C00235000
AAPL,2026-10-10,336.64,2026-11-06,C,240.0,96.2,99.35,92.3,,149,0.7321804125976561,True,2026-09-29 16:26:46+00:00,AAPL261106C00240000
AAPL,2026-10-10,336.64,2026-11-06,C,245.0,90.9,94.3,89.56,1.0,101,0.672122419433594,True,2026-10-02 17:12:10+00:00,AAPL261106C00245000
AAPL,2026-10-10,336.64,2026-11-06,C,250.0,86.4,89.35,85.45,1.0,50,0.6695589685058594,True,2026-10-09 16:36:47+00:00,AAPL261106C00250000
AAPL,2026-10-10,336.64,2026-11-06,C,255.0,81.45,84.3,83.75,24.0,51,0.632816171875,True,2026-10-09 19:00:41+00:00,AAPL261106C00255000
AAPL,2026-10-10,336.64,2026-11-06,C,260.0,76.0,79.5,76.18,,10,0.5830119824218749,True,2026-09-30 13:58:13+00:00,AAPL261106C00260000
AAPL,2026-10-10,336.64,2026-11-06,C,270.0,66.1,69.55,66.85,1.0,100,0.5201464001464844,True,2026-10-09 18:29:29+00:00,AAPL261106C00270000
AAPL,2026-10-10,336.64,2026-11-06,C,275.0,61.05,64.6,60.09,1.0,4,0.6138954626464845,True,2026-10-02 17:23:01+00:00,AAPL261106C00275000
AAPL,2026-10-10,336.64,2026-11-06,C,280.0,56.8,59.4,62.58,1.0,42,0.5614057531738281,True,2026-10-08 19:05:53+00:00,AAPL261106C00280000
AAPL,2026-10-10,336.64,2026-11-06,C,285.0,51.35,54.75,54.8,3.0,16,0.5410202148437502,True,2026-10-09 19:41:20+00:00,AAPL261106C00285000
AAPL,2026-10-10,336.64,2026-11-06,C,290.0,46.9,49.4,47.95,67.0,56,0.48175567077636716,True,2026-10-09 19:53:12+00:00,AAPL261106C00290000
AAPL,2026-10-10,336.64,2026-11-06,C,295.0,41.7,44.85,43.29,68.0,112,0.4644828942871094,True,2026-10-09 19:32:24+00:00,AAPL261106C00295000
AAPL,2026-10-10,336.64,2026-11-06,C,300.0,37.6,40.35,36.36,17.0,56,0.44605046142578125,True,2026-10-09 15:49:56+00:00,AAPL261106C00300000
AAPL,2026-10-10,336.64,2026-11-06,C,305.0,32.9,35.55,32.77,20.0,68,0.4119321502685547,True,2026-10-09 17:16:30+00:00,AAPL261106C00305000
AAPL,2026-10-10,336.64,2026-11-06,C,310.0,28.45,30.75,29.3,34.0,61,0.37628797546386716,True,2026-10-09 19:13:20+00:00,AAPL261106C00310000
AAPL,2026-10-10,336.64,2026-11-06,C,315.0,24.2,26.9,25.5,116.0,83,0.3721376263427735,True,2026-10-09 19:33:42+00:00,AAPL261106C00315000
AAPL,2026-10-10,336.64,2026-11-06,C,320.0,20.4,21.75,20.74,28.0,35,0.319220675048828,True,2026-10-09 18:17:43+00:00,AAPL261106C00320000
AAPL,2026-10-10,336.64,2026-11-06,C,325.0,16.5,19.15,18.08,186.0,84,0.3414372497558594,True,2026-10-09 19:43:14+00:00,AAPL261106C00325000
AAPL,2026-10-10,336.64,2026-11-06,C,330.0,13.8,14.9,14.6,241.0,406,0.3060372131347656,True,2026-10-09 19:53:08+00:00,AAPL261106C00330000
AAPL,2026-10-10,336.64,2026-11-06,C,335.0,11.15,11.45,11.65,1463.0,558,0.2859568475341796,True,2026-10-09 19:59:43+00:00,AAPL261106C00335000
AAPL,2026-10-10,336.64,2026-11-06,C,340.0,8.6,8.9,8.7,2149.0,709,0.28076891113281244,False,2026-10-09 19:54:50+00:00,AAPL261106C00340000
AAPL,2026-10-10,336.64,2026-11-06,C,345.0,6.35,6.75,6.6,539.0,816,0.2761913201904296,False,2026-10-09 19:57:24+00:00,AAPL261106C00345000
AAPL,2026-10-10,336.64,2026-11-06,C,350.0,4.7,5.0,4.85,1541.0,4160,0.2725292474365234,False,2026-10-09 19:59:44+00:00,AAPL261106C00350000
AAPL,2026-10-10,336.64,2026-11-06,C,355.0,3.35,3.75,3.55,786.0,967,0.2740551110839844,False,2026-10-09 19:56:37+00:00,AAPL261106C00355000
AAPL,2026-10-10,336.64,2026-11-06,C,360.0,2.31,2.66,2.47,1382.0,4479,0.2712475219726562,False,2026-10-09 19:54:26+00:00,AAPL261106C00360000
AAPL,2026-10-10,336.64,2026-11-06,C,365.0,1.58,1.81,1.66,495.0,746,0.26746338012695314,False,2026-10-09 19:46:28+00:00,AAPL261106C00365000
AAPL,2026-10-10,336.64,2026-11-06,C,370.0,1.02,1.31,1.14,58.0,465,0.27075924560546877,False,2026-10-09 19:35:40+00:00,AAPL261106C00370000
AAPL,2026-10-10,336.64,2026-11-06,C,375.0,0.61,0.85,0.79,155.0,911,0.26746338012695314,False,2026-10-09 19:23:01+00:00,AAPL261106C00375000
AAPL,2026-10-10,336.64,2026-11-06,C,380.0,0.47,0.57,0.48,56.0,340,0.26782958740234375,False,2026-10-09 19:49:18+00:00,AAPL261106C00380000
AAPL,2026-10-10,336.64,2026-11-06,C,385.0,0.25,0.43,0.29,23.0,67,0.2749095947265625,False,2026-10-09 17:51:46+00:00,AAPL261106C00385000
AAPL,2026-10-10,336.64,2026-11-06,C,390.0,0.14,0.25,0.23,2.0,234,0.2700268310546875,False,2026-10-09 16:20:36+00:00,AAPL261106C00390000
AAPL,2026-10-10,336.64,2026-11-06,C,395.0,0.04,0.21,0.11,16.0,71,0.28125718749999995,False,2026-10-05 18:56:42+00:00,AAPL261106C00395000
AAPL,2026-10-10,336.64,2026-11-06,C,400.0,0.06,0.18,0.1,9.0,414,0.2929758203124999,False,2026-10-09 19:17:52+00:00,AAPL261106C00400000
AAPL,2026-10-10,336.64,2026-11-06,C,405.0,0.02,0.12,0.06,2.0,16,0.29395237304687494,False,2026-10-07 15:19:02+00:00,AAPL261106C00405000
AAPL,2026-10-10,336.64,2026-11-06,C,410.0,0.01,0.12,0.07,2.0,4,0.31055376953124997,False,2026-10-07 15:19:15+00:00,AAPL261106C00410000
AAPL,2026-10-10,336.64,2026-11-06,C,415.0,0.01,0.08,0.07,151.0,31,0.31055376953124997,False,2026-10-09 19:33:23+00:00,AAPL261106C00415000
AAPL,2026-10-10,336.64,2026-11-06,P,200.0,0.0,0.1,0.04,50.0,2,0.6914093359375001,False,2026-10-09 14:09:23+00:00,AAPL261106P00200000
AAPL,2026-10-10,336.64,2026-11-06,P,205.0,0.01,0.14,0.09,3.0,6,0.6914093359375001,False,2026-10-09 18:23:56+00:00,AAPL261106P00205000
AAPL,2026-10-10,336.64,2026-11-06,P,210.0,0.0,0.37,0.07,1.0,22,0.73437765625,False,2026-10-09 16:40:42+00:00,AAPL261106P00210000
AAPL,2026-10-10,336.64,2026-11-06,P,215.0,0.0,0.33,0.11,1.0,1,0.6904327832031252,False,2026-10-06 17:05:24+00:00,AAPL261106P00215000
AAPL,2026-10-10,336.64,2026-11-06,P,220.0,0.03,0.08,0.03,4.0,10,0.5800823242187501,False,2026-10-09 19:48:46+00:00,AAPL261106P00220000
AAPL,2026-10-10,336.64,2026-11-06,P,225.0,0.0,0.17,0.05,2.0,15,0.579105771484375,False,2026-10-07 18:48:03+00:00,AAPL261106P00225000
AAPL,2026-10-10,336.64,2026-11-06,P,230.0,0.0,0.11,0.06,3.0,47,0.52539537109375,False,2026-10-09 13:43:08+00:00,AAPL261106P00230000
AAPL,2026-10-10,336.64,2026-11-06,P,235.0,0.01,0.09,0.05,4.0,176,0.52539537109375,False,2026-10-09 14:03:13+00:00,AAPL261106P00235000
AAPL,2026-10-10,336.64,2026-11-06,P,240.0,0.01,0.11,0.06,33.0,12,0.5097705273437501,False,2026-10-09 18:43:57+00:00,AAPL261106P00240000
AAPL,2026-10-10,336.64,2026-11-06,P,245.0,0.02,0.08,0.08,10.0,26,0.463872548828125,False,2026-10-09 14:12:47+00:00,AAPL261106P00245000
AAPL,2026-10-10,336.64,2026-11-06,P,250.0,0.04,0.1,0.07,2.0,29,0.44922425781249997,False,2026-10-08 14:46:41+00:00,AAPL261106P00250000
AAPL,2026-10-10,336.64,2026-11-06,P,255.0,0.04,0.13,0.14,1.0,22,0.436529072265625,False,2026-10-08 13:53:00+00:00,AAPL261106P00255000
AAPL,2026-10-10,336.64,2026-11-06,P,260.0,0.08,0.19,0.14,4.0,9,0.43066975585937506,False,2026-10-09 17:23:07+00:00,AAPL261106P00260000
AAPL,2026-10-10,336.64,2026-11-06,P,265.0,0.02,0.2,0.11,3.0,128,0.4057676611328125,False,2026-10-09 17:23:04+00:00,AAPL261106P00265000
AAPL,2026-10-10,336.64,2026-11-06,P,270.0,0.03,0.24,0.26,1.0,90,0.3881897119140625,False,2026-10-09 16:40:42+00:00,AAPL261106P00270000
AAPL,2026-10-10,336.64,2026-11-06,P,275.0,0.18,0.4,0.27,5.0,685,0.39160764648437496,False,2026-10-09 17:19:30+00:00,AAPL261106P00275000
AAPL,2026-10-10,336.64,2026-11-06,P,280.0,0.22,0.36,0.31,10.0,84,0.35547519531249994,False,2026-10-09 19:36:24+00:00,AAPL261106P00280000
AAPL,2026-10-10,336.64,2026-11-06,P,285.0,0.36,0.57,0.42,21.0,93,0.3557193334960937,False,2026-10-09 19:36:24+00:00,AAPL261106P00285000
AAPL,2026-10-10,336.64,2026-11-06,P,290.0,0.5,0.6,0.56,39.0,389,0.3283758569335937,False,2026-10-09 19:35:41+00:00,AAPL261106P00290000
AAPL,2026-10-10,336.64,2026-11-06,P,295.0,0.64,0.81,0.71,62.0,477,0.31763377685546873,False,2026-10-09 19:52:59+00:00,AAPL261106P00295000
AAPL,2026-10-10,336.64,2026-11-06,P,300.0,0.97,1.09,0.98,344.0,555,0.30689169677734374,False,2026-10-09 19:52:59+00:00,AAPL261106P00300000
AAPL,2026-10-10,336.64,2026-11-06,P,305.0,1.39,1.57,1.32,106.0,443,0.30225307128906254,False,2026-10-09 19:18:30+00:00,AAPL261106P00305000
AAPL,2026-10-10,336.64,2026-11-06,P,310.0,1.91,2.08,1.97,530.0,907,0.2912668530273437,False,2026-10-09 19:57:13+00:00,AAPL261106P00310000
AAPL,2026-10-10,336.64,2026-11-06,P,315.0,2.65,3.05,2.65,271.0,759,0.29218237121582025,False,2026-10-09 19:54:26+00:00,AAPL261106P00315000
AAPL,2026-10-10,336.64,2026-11-06,P,320.0,3.45,3.8,3.75,793.0,1199,0.27558097473144527,False,2026-10-09 19:59:59+00:00,AAPL261106P00320000
AAPL,2026-10-10,336.64,2026-11-06,P,325.0,4.95,5.15,5.1,786.0,817,0.27094234924316407,False,2026-10-09 19:57:09+00:00,AAPL261106P00325000
AAPL,2026-10-10,336.64,2026-11-06,P,330.0,6.55,6.9,6.75,502.0,427,0.268012691040039,False,2026-10-09 19:59:39+00:00,AAPL261106P00330000
AAPL,2026-10-10,336.64,2026-11-06,P,335.0,8.5,8.9,8.7,1052.0,715,0.26142096008300786,False,2026-10-09 19:59:51+00:00,AAPL261106P00335000
AAPL,2026-10-10,336.64,2026-11-06,P,340.0,10.85,11.4,11.12,627.0,338,0.25763681823730467,True,2026-10-09 19:49:33+00:00,AAPL261106P00340000
AAPL,2026-10-10,336.64,2026-11-06,P,345.0,13.0,14.3,16.25,24.0,101,0.25354750366210943,True,2026-10-09 14:21:44+00:00,AAPL261106P00345000
AAPL,2026-10-10,336.64,2026-11-06,P,350.0,16.45,17.85,18.72,4.0,79,0.25708750732421876,True,2026-10-09 16:23:42+00:00,AAPL261106P00350000
AAPL,2026-10-10,336.64,2026-11-06,P,355.0,19.45,22.1,22.08,1.0,26,0.2738109729003906,True,2026-10-07 14:20:08+00:00,AAPL261106P00355000
AAPL,2026-10-10,336.64,2026-11-06,P,365.0,27.45,30.9,27.4,198.0,36,0.29968962036132807,True,2026-10-08 17:22:58+00:00,AAPL261106P00365000
AAPL,2026-10-10,336.64,2026-11-06,P,380.0,41.65,45.3,48.17,,0,0.36023588989257804,True,2026-09-29 14:44:05+00:00,AAPL261106P00380000
AAPL,2026-10-10,336.64,2026-11-13,C,255.0,81.55,84.4,78.36,2.0,2,0.5754436987304687,True,2026-10-06 13:49:03+00:00,AAPL261113C00255000
AAPL,2026-10-10,336.64,2026-11-13,C,265.0,71.15,74.7,66.0,,1,0.5056201782226561,True,2026-10-01 15:08:07+00:00,AAPL261113C00265000
AAPL,2026-10-10,336.64,2026-11-13,C,270.0,66.4,69.6,67.98,1.0,7,0.5856975024414062,True,2026-10-09 19:39:53+00:00,AAPL261113C00270000
AAPL,2026-10-10,336.64,2026-11-13,C,275.0,61.85,64.6,58.1,1.0,1,0.549076774902344,True,2026-10-06 13:44:36+00:00,AAPL261113C00275000
AAPL,2026-10-10,336.64,2026-11-13,C,285.0,51.5,54.9,52.24,1.0,3,0.4910939562988281,True,2026-10-09 18:15:07+00:00,AAPL261113C00285000
AAPL,2026-10-10,336.64,2026-11-13,C,290.0,46.75,49.2,45.33,2.0,10,0.42102629760742194,True,2026-10-09 14:47:19+00:00,AAPL261113C00290000
AAPL,2026-10-10,336.64,2026-11-13,C,300.0,38.05,39.5,38.12,25.0,18,0.3640200317382813,True,2026-10-09 18:14:43+00:00,AAPL261113C00300000
AAPL,2026-10-10,336.64,2026-11-13,C,305.0,33.5,35.9,33.27,20.0,6,0.3811097045898437,True,2026-10-09 17:16:30+00:00,AAPL261113C00305000
AAPL,2026-10-10,336.64,2026-11-13,C,315.0,25.55,26.85,25.95,102.0,22,0.33130551513671874,True,2026-10-09 19:45:07+00:00,AAPL261113C00315000
AAPL,2026-10-10,336.64,2026-11-13,C,320.0,21.45,23.3,22.28,12.0,37,0.3296575823974609,True,2026-10-09 19:39:53+00:00,AAPL261113C00320000
AAPL,2026-10-10,336.64,2026-11-13,C,325.0,17.2,19.85,18.3,16.0,49,0.32367619689941396,True,2026-10-09 19:59:34+00:00,AAPL261113C00325000
AAPL,2026-10-10,336.64,2026-11-13,C,330.0,14.95,16.05,15.05,97.0,47,0.30240565765380856,True,2026-10-09 19:45:09+00:00,AAPL261113C00330000
AAPL,2026-10-10,336.64,2026-11-13,C,335.0,12.0,12.5,12.25,403.0,177,0.28113511840820304,True,2026-10-09 19:59:31+00:00,AAPL261113C00335000
AAPL,2026-10-10,336.64,2026-11-13,C,340.0,9.5,9.75,9.59,434.0,168,0.27161372924804683,False,2026-10-09 19:58:24+00:00,AAPL261113C00340000
AAPL,2026-10-10,336.64,2026-11-13,C,345.0,7.25,7.7,7.45,387.0,386,0.27069821105957037,False,2026-10-09 19:58:53+00:00,AAPL261113C00345000
AAPL,2026-10-10,336.64,2026-11-13,C,350.0,5.4,5.8,5.59,250.0,263,0.26508303283691403,False,2026-10-09 19:58:33+00:00,AAPL261113C00350000
AAPL,2026-10-10,336.64,2026-11-13,C,355.0,3.95,4.35,4.2,123.0,349,0.2627637200927735,False,2026-10-09 19:52:53+00:00,AAPL261113C00355000
AAPL,2026-10-10,336.64,2026-11-13,C,360.0,2.85,3.2,3.04,3189.0,629,0.26081061462402344,False,2026-10-09 19:51:54+00:00,AAPL261113C00360000
AAPL,2026-10-10,336.64,2026-11-13,C,365.0,2.03,2.32,2.4,36.0,884,0.25965095825195317,False,2026-10-09 19:18:46+00:00,AAPL261113C00365000
AAPL,2026-10-10,336.64,2026-11-13,C,370.0,1.31,1.54,1.6,10.0,331,0.2534254345703125,False,2026-10-09 19:10:09+00:00,AAPL261113C00370000
AAPL,2026-10-10,336.64,2026-11-13,C,375.0,0.97,1.11,1.03,19.0,196,0.25525647094726567,False,2026-10-09 16:17:31+00:00,AAPL261113C00375000
AAPL,2026-10-10,336.64,2026-11-13,C,380.0,0.65,0.77,0.69,14.0,512,0.2553785400390626,False,2026-10-09 19:47:18+00:00,AAPL261113C00380000
AAPL,2026-10-10,336.64,2026-11-13,C,385.0,0.43,0.63,0.45,2.0,86,0.26489992919921873,False,2026-10-09 18:40:54+00:00,AAPL261113C00385000
AAPL,2026-10-10,336.64,2026-11-13,C,390.0,0.21,0.41,0.2,2.0,17,0.2624585473632813,False,2026-10-09 17:58:56+00:00,AAPL261113C00390000
AAPL,2026-10-10,336.64,2026-11-13,C,400.0,0.04,0.27,0.18,5.0,13,0.2788158056640625,False,2026-10-07 17:34:04+00:00,AAPL261113C00400000
AAPL,2026-10-10,336.64,2026-11-13,P,210.0,0.0,0.3,0.04,4.0,1,0.639652041015625,False,2026-10-09 14:24:22+00:00,AAPL261113P00210000
AAPL,2026-10-10,336.64,2026-11-13,P,215.0,0.0,0.1,0.1,2.0,4,0.5390671093750001,False,2026-10-09 13:44:41+00:00,AAPL261113P00215000
AAPL,2026-10-10,336.64,2026-11-13,P,220.0,0.0,0.19,0.05,4.0,2,0.5507857421875001,False,2026-10-09 14:24:41+00:00,AAPL261113P00220000
AAPL,2026-10-10,336.64,2026-11-13,P,225.0,0.01,0.13,0.05,8.0,16,0.506840869140625,False,2026-10-09 14:25:00+00:00,AAPL261113P00225000
AAPL,2026-10-10,336.64,2026-11-13,P,230.0,0.01,0.11,0.05,12.0,3,0.507817421875,False,2026-10-08 16:32:25+00:00,AAPL261113P00230000
AAPL,2026-10-10,336.64,2026-11-13,P,235.0,0.01,0.11,0.08,7.0,2,0.481450498046875,False,2026-10-09 17:11:54+00:00,AAPL261113P00235000
AAPL,2026-10-10,336.64,2026-11-13,P,240.0,0.05,0.13,0.1,2.0,5,0.46582565429687506,False,2026-10-09 14:24:42+00:00,AAPL261113P00240000
AAPL,2026-10-10,336.64,2026-11-13,P,250.0,0.09,0.17,0.12,19.0,33,0.42969320312500003,False,2026-10-09 17:23:22+00:00,AAPL261113P00250000
AAPL,2026-10-10,336.64,2026-11-13,P,255.0,0.01,0.2,0.18,7.0,5,0.41358008300781246,False,2026-10-09 16:25:16+00:00,AAPL261113P00255000
AAPL,2026-10-10,336.64,2026-11-13,P,260.0,0.08,0.21,0.17,4.0,2,0.39063109375,False,2026-10-09 18:17:25+00:00,AAPL261113P00260000
AAPL,2026-10-10,336.64,2026-11-13,P,265.0,0.11,0.34,0.27,13.0,46,0.393560751953125,False,2026-10-09 13:31:42+00:00,AAPL261113P00265000
AAPL,2026-10-10,336.64,2026-11-13,P,270.0,0.15,0.33,0.29,3.0,4,0.36524072265625,False,2026-10-09 16:25:16+00:00,AAPL261113P00270000
AAPL,2026-10-10,336.64,2026-11-13,P,275.0,0.31,0.4,0.34,13.0,524,0.35034829345703117,False,2026-10-09 19:12:36+00:00,AAPL261113P00275000
AAPL,2026-10-10,336.64,2026-11-13,P,280.0,0.4,0.49,0.46,10.0,29,0.335944140625,False,2026-10-09 19:18:01+00:00,AAPL261113P00280000
AAPL,2026-10-10,336.64,2026-11-13,P,285.0,0.55,0.63,0.64,7.0,54,0.3244696459960937,False,2026-10-09 17:03:36+00:00,AAPL261113P00285000
AAPL,2026-10-10,336.64,2026-11-13,P,290.0,0.7,0.86,0.74,44.0,138,0.3171455004882812,False,2026-10-09 19:18:01+00:00,AAPL261113P00290000
AAPL,2026-10-10,336.64,2026-11-13,P,295.0,0.99,1.25,1.0,105.0,224,0.315314464111328,False,2026-10-09 19:26:54+00:00,AAPL261113P00295000
AAPL,2026-10-10,336.64,2026-11-13,P,300.0,1.16,1.42,1.35,164.0,330,0.29431858032226554,False,2026-10-09 19:46:01+00:00,AAPL261113P00300000
AAPL,2026-10-10,336.64,2026-11-13,P,305.0,1.8,1.93,1.81,104.0,177,0.28784891845703114,False,2026-10-09 19:44:34+00:00,AAPL261113P00305000
AAPL,2026-10-10,336.64,2026-11-13,P,310.0,2.35,2.58,2.5,250.0,275,0.2808299456787109,False,2026-10-09 19:45:04+00:00,AAPL261113P00310000
AAPL,2026-10-10,336.64,2026-11-13,P,315.0,3.15,3.45,3.28,145.0,264,0.27503166381835936,False,2026-10-09 19:31:10+00:00,AAPL261113P00315000
AAPL,2026-10-10,336.64,2026-11-13,P,320.0,4.15,4.5,4.25,274.0,440,0.2676464837646484,False,2026-10-09 19:59:24+00:00,AAPL261113P00320000
AAPL,2026-10-10,336.64,2026-11-13,P,325.0,5.6,5.9,5.6,724.0,406,0.26270268554687504,False,2026-10-09 19:59:24+00:00,AAPL261113P00325000
AAPL,2026-10-10,336.64,2026-11-13,P,330.0,7.3,7.65,7.3,279.0,172,0.2585523364257813,False,2026-10-09 19:57:09+00:00,AAPL261113P00330000
AAPL,2026-10-10,336.64,2026-11-13,P,335.0,9.3,9.7,9.55,211.0,140,0.25318129638671877,False,2026-10-09 19:47:15+00:00,AAPL261113P00335000
AAPL,2026-10-10,336.64,2026-11-13,P,340.0,11.65,12.15,11.96,423.0,229,0.2485426708984375,True,2026-10-09 19:43:07+00:00,AAPL261113P00340000
AAPL,2026-10-10,336.64,2026-11-13,P,345.0,14.45,15.05,14.9,204.0,28,0.2456130126953125,True,2026-10-09 19:45:12+00:00,AAPL261113P00345000
AAPL,2026-10-10,336.64,2026-11-13,P,350.0,17.45,18.75,19.5,2.0,26,0.25427991821289064,True,2026-10-08 19:13:48+00:00,AAPL261113P00350000
AAPL,2026-10-10,336.64,2026-11-20,C,100.0,235.3,238.7,236.7,7.0,6,1.5644553027343748,True,2026-09-30 18:10:55+00:00,AAPL261120C00100000
AAPL,2026-10-10,336.64,2026-11-20,C,105.0,161.75,164.75,158.6,12.0,12,1.0000000000000003e-05,True,2026-01-27 14:32:54+00:00,AAPL261120C00105000
AAPL,2026-10-10,336.64,2026-11-20,C,110.0,225.4,228.75,224.65,345.0,349,1.484377578125,True,2026-09-16 18:36:21+00:00,AAPL261120C00110000
AAPL,2026-10-10,336.64,2026-11-20,C,115.0,186.9,190.55,173.82,,1,1.0000000000000003e-05,True,2026-05-07 19:51:36+00:00,AAPL261120C00115000
AAPL,2026-10-10,336.64,2026-11-20,C,120.0,215.45,218.75,215.48,1.0,70,1.3857452587890622,True,2026-10-09 17:26:29+00:00,AAPL261120C00120000
AAPL,2026-10-10,336.64,2026-11-20,C,125.0,210.45,213.8,213.95,3.0,32,1.3442415600585935,True,2026-09-17 19:10:45+00:00,AAPL261120C00125000
AAPL,2026-10-10,336.64,2026-11-20,C,130.0,205.45,208.8,207.35,1.0,44,1.294437121582031,True,2026-10-07 18:17:12+00:00,AAPL261120C00130000
AAPL,2026-10-10,336.64,2026-11-20,C,135.0,200.45,203.65,181.23,8.0,23,1.2177773486328123,True,2026-08-31 15:28:19+00:00,AAPL261120C00135000
AAPL,2026-10-10,336.64,2026-11-20,C,140.0,195.5,198.85,193.57,2.0,25,1.2177773486328123,True,2026-10-05 19:49:24+00:00,AAPL261120C00140000
AAPL,2026-10-10,336.64,2026-11-20,C,145.0,190.5,193.85,171.02,15.0,31,1.1728556982421874,True,2026-08-31 15:51:11+00:00,AAPL261120C00145000
AAPL,2026-10-10,336.64,2026-11-20,C,150.0,185.5,188.6,191.43,9.0,216,1.0869186279296876,True,2026-09-25 19:47:49+00:00,AAPL261120C00150000
AAPL,2026-10-10,336.64,2026-11-20,C,155.0,180.5,183.9,181.98,1.0,47,1.0947310888671877,True,2026-10-07 17:28:10+00:00,AAPL261120C00155000
AAPL,2026-10-10,336.64,2026-11-20,C,160.0,175.45,178.75,169.25,1.0,98,1.0234423828125,True,2026-10-01 17:26:48+00:00,AAPL261120C00160000
AAPL,2026-10-10,336.64,2026-11-20,C,165.0,154.95,158.2,141.77,1.0,3,1.0000000000000003e-05,True,2026-08-03 14:07:45+00:00,AAPL261120C00165000
AAPL,2026-10-10,336.64,2026-11-20,C,170.0,165.6,168.95,167.09,8.0,52,0.9946289599609376,True,2026-10-07 17:28:56+00:00,AAPL261120C00170000
AAPL,2026-10-10,336.64,2026-11-20,C,175.0,160.6,163.95,155.15,1.0,46,0.9565434033203124,True,2026-09-29 19:43:37+00:00,AAPL261120C00175000
AAPL,2026-10-10,336.64,2026-11-20,C,180.0,155.65,158.85,161.71,2.0,19,0.9135750830078125,True,2026-09-22 18:50:43+00:00,AAPL261120C00180000
AAPL,2026-10-10,336.64,2026-11-20,C,185.0,150.7,154.0,144.95,1.0,321,0.8994150683593749,True,2026-09-29 19:55:00+00:00,AAPL261120C00185000
AAPL,2026-10-10,336.64,2026-11-20,C,190.0,145.7,149.05,145.57,1.0,98,0.8686536572265625,True,2026-10-07 14:11:40+00:00,AAPL261120C00190000
AAPL,2026-10-10,336.64,2026-11-20,C,195.0,140.7,144.1,144.13,1.0,24,0.8383805224609374,True,2026-09-30 15:02:13+00:00,AAPL261120C00195000
AAPL,2026-10-10,336.64,2026-11-20,C,200.0,135.75,139.15,137.03,10.0,142,0.8125018749999999,True,2026-10-09 19:48:39+00:00,AAPL261120C00200000
AAPL,2026-10-10,336.64,2026-11-20,C,205.0,130.8,134.15,134.46,1.0,219,0.7829611547851563,True,2026-10-08 17:59:18+00:00,AAPL261120C00205000
AAPL,2026-10-10,336.64,2026-11-20,C,210.0,125.8,129.15,130.8,1.0,75,0.7495142236328125,True,2026-10-08 18:24:01+00:00,AAPL261120C00210000
AAPL,2026-10-10,336.64,2026-11-20,C,215.0,120.85,124.05,127.36,19.0,166,0.7133817724609376,True,2026-10-08 19:35:38+00:00,AAPL261120C00215000
AAPL,2026-10-10,336.64,2026-11-20,C,220.0,115.85,119.25,113.09,10.0,183,0.6958038232421876,True,2026-10-09 13:58:37+00:00,AAPL261120C00220000
AAPL,2026-10-10,336.64,2026-11-20,C,225.0,111.45,114.1,115.53,160.0,2597,0.692385888671875,True,2026-10-08 19:55:16+00:00,AAPL261120C00225000
AAPL,2026-10-10,336.64,2026-11-20,C,230.0,106.5,108.95,105.81,5.0,3671,0.654544470214844,True,2026-10-09 17:53:28+00:00,AAPL261120C00230000
AAPL,2026-10-10,336.64,2026-11-20,C,235.0,101.0,104.2,97.65,5.0,163,0.6086464916992189,True,2026-10-09 13:56:09+00:00,AAPL261120C00235000
AAPL,2026-10-10,336.64,2026-11-20,C,240.0,96.4,98.95,94.45,2.0,409,0.586918193359375,True,2026-10-09 14:20:59+00:00,AAPL261120C00240000
AAPL,2026-10-10,336.64,2026-11-20,C,245.0,91.6,94.25,90.75,5.0,1843,0.5817912915039063,True,2026-10-09 15:59:06+00:00,AAPL261120C00245000
AAPL,2026-10-10,336.64,2026-11-20,C,250.0,86.5,89.35,88.62,26.0,489,0.5512740185546876,True,2026-10-09 19:18:22+00:00,AAPL261120C00250000
AAPL,2026-10-10,336.64,2026-11-20,C,255.0,81.7,84.35,82.5,21.0,1300,0.5295457202148439,True,2026-10-09 18:34:47+00:00,AAPL261120C00255000
AAPL,2026-10-10,336.64,2026-11-20,C,260.0,76.85,79.3,82.29,6.0,1057,0.5031787963867188,True,2026-10-08 19:48:38+00:00,AAPL261120C00260000
AAPL,2026-10-10,336.64,2026-11-20,C,265.0,71.9,74.35,73.15,13.0,1069,0.5546919531250001,True,2026-10-09 17:45:22+00:00,AAPL261120C00265000
AAPL,2026-10-10,336.64,2026-11-20,C,270.0,66.5,69.45,68.71,31.0,6479,0.5267381311035157,True,2026-10-09 18:54:38+00:00,AAPL261120C00270000
AAPL,2026-10-10,336.64,2026-11-20,C,275.0,62.1,64.95,61.33,19.0,2997,0.5180712255859375,True,2026-10-09 16:38:41+00:00,AAPL261120C00275000
AAPL,2026-10-10,336.64,2026-11-20,C,280.0,57.15,60.1,59.2,21.0,2087,0.4909108526611329,True,2026-10-09 19:27:26+00:00,AAPL261120C00280000
AAPL,2026-10-10,336.64,2026-11-20,C,285.0,52.85,54.6,51.87,2.0,2108,0.43494217407226565,True,2026-10-09 15:28:39+00:00,AAPL261120C00285000
AAPL,2026-10-10,336.64,2026-11-20,C,290.0,48.25,49.9,49.17,9.0,1622,0.41473973937988284,True,2026-10-09 19:39:29+00:00,AAPL261120C00290000
AAPL,2026-10-10,336.64,2026-11-20,C,295.0,43.05,45.85,41.65,4.0,1371,0.4171811212158203,True,2026-10-09 15:14:21+00:00,AAPL261120C00295000
AAPL,2026-10-10,336.64,2026-11-20,C,300.0,39.25,40.35,39.97,272.0,6324,0.3642031353759766,True,2026-10-09 19:36:34+00:00,AAPL261120C00300000
AAPL,2026-10-10,336.64,2026-11-20,C,305.0,34.8,35.4,35.2,78.0,3511,0.33124448059082034,True,2026-10-09 19:49:21+00:00,AAPL261120C00305000
AAPL,2026-10-10,336.64,2026-11-20,C,310.0,30.55,31.55,30.6,232.0,13423,0.3316717224121094,True,2026-10-09 19:44:03+00:00,AAPL261120C00310000
AAPL,2026-10-10,336.64,2026-11-20,C,315.0,26.35,27.45,27.82,132.0,5659,0.319068088684082,True,2026-10-09 19:05:50+00:00,AAPL261120C00315000
AAPL,2026-10-10,336.64,2026-11-20,C,320.0,22.5,23.35,22.75,361.0,6703,0.3021920367431641,True,2026-10-09 19:47:21+00:00,AAPL261120C00320000
AAPL,2026-10-10,336.64,2026-11-20,C,325.0,19.1,19.55,19.3,430.0,10530,0.2883066775512695,True,2026-10-09 19:57:59+00:00,AAPL261120C00325000
AAPL,2026-10-10,336.64,2026-11-20,C,330.0,15.85,16.2,16.0,1740.0,11450,0.27945666839599603,True,2026-10-09 19:57:59+00:00,AAPL261120C00330000
AAPL,2026-10-10,336.64,2026-11-20,C,335.0,12.95,13.2,13.03,3235.0,9871,0.27210200561523434,True,2026-10-09 19:59:41+00:00,AAPL261120C00335000
AAPL,2026-10-10,336.64,2026-11-20,C,340.0,10.4,10.55,10.5,3317.0,13029,0.26557130920410155,False,2026-10-09 19:59:48+00:00,AAPL261120C00340000
AAPL,2026-10-10,336.64,2026-11-20,C,345.0,8.15,8.55,8.3,1522.0,8063,0.26630372375488287,False,2026-10-09 19:59:51+00:00,AAPL261120C00345000
AAPL,2026-10-10,336.64,2026-11-20,C,350.0,6.3,6.5,6.35,6642.0,17591,0.2587354400634766,False,2026-10-09 19:58:42+00:00,AAPL261120C00350000
AAPL,2026-10-10,336.64,2026-11-20,C,355.0,4.7,4.9,4.85,879.0,9773,0.2542188836669922,False,2026-10-09 19:58:42+00:00,AAPL261120C00355000
AAPL,2026-10-10,336.64,2026-11-20,C,360.0,3.5,3.65,3.62,1097.0,18756,0.25135026000976557,False,2026-10-09 19:58:51+00:00,AAPL261120C00360000
AAPL,2026-10-10,336.64,2026-11-20,C,365.0,2.54,2.79,2.65,1056.0,10090,0.252937158203125,False,2026-10-09 19:59:14+00:00,AAPL261120C00365000
AAPL,2026-10-10,336.64,2026-11-20,C,370.0,1.83,1.96,1.91,2213.0,12064,0.24860370544433597,False,2026-10-09 19:51:21+00:00,AAPL261120C00370000
AAPL,2026-10-10,336.64,2026-11-20,C,375.0,1.24,1.43,1.34,503.0,6320,0.24890887817382812,False,2026-10-09 19:59:13+00:00,AAPL261120C00375000
AAPL,2026-10-10,336.64,2026-11-20,C,380.0,0.93,1.0,0.93,281.0,6636,0.2474440490722656,False,2026-10-09 19:49:13+00:00,AAPL261120C00380000
AAPL,2026-10-10,336.64,2026-11-20,C,385.0,0.65,0.73,0.7,78.0,2135,0.2493971545410156,False,2026-10-09 19:28:25+00:00,AAPL261120C00385000
AAPL,2026-10-10,336.64,2026-11-20,C,390.0,0.46,0.53,0.45,98.0,5125,0.2512281909179687,False,2026-10-09 18:41:07+00:00,AAPL261120C00390000
AAPL,2026-10-10,336.64,2026-11-20,C,395.0,0.27,0.42,0.31,3.0,1677,0.2573316455078125,False,2026-10-09 16:57:45+00:00,AAPL261120C00395000
AAPL,2026-10-10,336.64,2026-11-20,C,400.0,0.24,0.28,0.27,2434.0,37588,0.25586681640625003,False,2026-10-09 19:43:53+00:00,AAPL261120C00400000
AAPL,2026-10-10,336.64,2026-11-20,C,405.0,0.11,0.27,0.27,9.0,165,0.2695385546875,False,2026-10-08 19:52:52+00:00,AAPL261120C00405000
AAPL,2026-10-10,336.64,2026-11-20,C,410.0,0.13,0.18,0.13,4.0,2019,0.26807372558593745,False,2026-10-09 19:06:31+00:00,AAPL261120C00410000
AAPL,2026-10-10,336.64,2026-11-20,C,415.0,0.04,0.2,0.15,1.0,157,0.28613995117187496,False,2026-10-07 17:41:40+00:00,AAPL261120C00415000
AAPL,2026-10-10,336.64,2026-11-20,C,420.0,0.05,0.15,0.11,1.0,6740,0.2880930566406249,False,2026-10-09 16:23:51+00:00,AAPL261120C00420000
AAPL,2026-10-10,336.64,2026-11-20,C,425.0,0.02,0.11,0.13,16.0,83,0.28955788574218744,False,2026-10-09 17:44:49+00:00,AAPL261120C00425000
AAPL,2026-10-10,336.64,2026-11-20,C,430.0,0.04,0.1,0.07,14.0,1408,0.29883513671874995,False,2026-10-08 19:44:37+00:00,AAPL261120C00430000
AAPL,2026-10-10,336.64,2026-11-20,C,440.0,0.03,0.08,0.06,10.0,1040,0.31445998046874996,False,2026-10-08 16:08:16+00:00,AAPL261120C00440000
AAPL,2026-10-10,336.64,2026-11-20,C,450.0,0.03,0.07,0.04,11.0,2225,0.33301448242187504,False,2026-10-09 15:18:08+00:00,AAPL261120C00450000
AAPL,2026-10-10,336.64,2026-11-20,C,460.0,0.03,0.14,0.05,10.0,2376,0.383795224609375,False,2026-10-09 16:55:44+00:00,AAPL261120C00460000
AAPL,2026-10-10,336.64,2026-11-20,C,470.0,0.01,0.09,0.05,5.0,149,0.3857483300781249,False,2026-10-09 17:47:32+00:00,AAPL261120C00470000
AAPL,2026-10-10,336.64,2026-11-20,C,480.0,0.01,0.03,0.02,150.0,729,0.36524072265625,False,2026-10-09 16:17:57+00:00,AAPL261120C00480000
AAPL,2026-10-10,336.64,2026-11-20,C,490.0,0.01,0.03,0.05,2.0,745,0.38281867187499996,False,2026-10-08 17:55:23+00:00,AAPL261120C00490000
AAPL,2026-10-10,336.64,2026-11-20,C,500.0,0.0,0.05,0.03,3.0,4649,0.42188078125,False,2026-10-08 19:21:02+00:00,AAPL261120C00500000
AAPL,2026-10-10,336.64,2026-11-20,C,510.0,0.01,0.02,0.02,4.0,1659,0.4062559375,False,2026-10-09 18:59:03+00:00,AAPL261120C00510000
AAPL,2026-10-10,336.64,2026-11-20,C,520.0,0.0,0.17,0.07,6.0,68,0.5224657128906249,False,2026-09-25 18:07:17+00:00,AAPL261120C00520000
AAPL,2026-10-10,336.64,2026-11-20,C,530.0,0.0,0.17,0.08,3.0,86,0.5019581054687501,False,2026-10-07 17:18:11+00:00,AAPL261120C00530000
AAPL,2026-10-10,336.64,2026-11-20,C,540.0,0.0,0.17,0.07,4.0,33,0.5195360546875,False,2026-10-07 17:18:25+00:00,AAPL261120C00540000
AAPL,2026-10-10,336.64,2026-11-20,C,550.0,0.0,0.2,0.04,37.0,77,0.5468795312500001,False,2026-10-07 19:10:02+00:00,AAPL261120C00550000
AAPL,2026-10-10,336.64,2026-11-20,C,560.0,0.0,0.48,0.04,5.0,121,0.622074091796875,False,2026-10-07 17:14:09+00:00,AAPL261120C00560000
AAPL,2026-10-10,336.64,2026-11-20,C,570.0,0.0,0.49,0.01,14.0,49,0.6420934228515626,False,2026-10-07 16:57:18+00:00,AAPL261120C00570000
AAPL,2026-10-10,336.64,2026-11-20,C,580.0,0.0,0.49,0.01,307.0,1033,0.6601596484375001,False,2026-10-07 16:56:59+00:00,AAPL261120C00580000
AAPL,2026-10-10,336.64,2026-11-20,C,590.0,0.0,0.49,0.01,1.0,53,0.6777375976562501,False,2026-10-02 13:37:50+00:00,AAPL261120C00590000
AAPL,2026-10-10,336.64,2026-11-20,C,600.0,0.0,0.03,0.01,1.0,628,0.5312546875,False,2026-10-06 13:43:07+00:00,AAPL261120C00600000
AAPL,2026-10-10,336.64,2026-11-20,P,100.0,0.0,0.01,0.01,1.0,205,1.0312548437500002,False,2026-10-01 18:02:03+00:00,AAPL261120P00100000
AAPL,2026-10-10,336.64,2026-11-20,P,105.0,0.0,0.37,0.01,1.0,17,1.3857452587890622,False,2026-10-08 17:46:01+00:00,AAPL261120P00105000
AAPL,2026-10-10,336.64,2026-11-20,P,110.0,0.0,0.14,0.02,1.0,230,1.19922275390625,False,2026-09-24 19:43:15+00:00,AAPL261120P00110000
AAPL,2026-10-10,336.64,2026-11-20,P,115.0,0.0,0.03,0.01,8.0,563,1.0078174609375,False,2026-09-10 18:53:32+00:00,AAPL261120P00115000
AAPL,2026-10-10,336.64,2026-11-20,P,120.0,0.0,0.52,0.01,1.0,147,1.2861363818359375,False,2026-10-09 13:30:01+00:00,AAPL261120P00120000
AAPL,2026-10-10,336.64,2026-11-20,P,125.0,0.0,0.04,0.03,1.0,80,0.9531254687499999,False,2026-10-07 18:13:34+00:00,AAPL261120P00125000
AAPL,2026-10-10,336.64,2026-11-20,P,130.0,0.0,0.52,0.35,1.0,77,1.19141029296875,False,2026-10-07 18:13:34+00:00,AAPL261120P00130000
AAPL,2026-10-10,336.64,2026-11-20,P,135.0,0.0,0.04,0.03,2.0,322,0.8828136718749999,False,2026-10-09 13:30:51+00:00,AAPL261120P00135000
AAPL,2026-10-10,336.64,2026-11-20,P,140.0,0.0,0.04,0.01,10.0,699,0.851563984375,False,2026-10-07 16:43:57+00:00,AAPL261120P00140000
AAPL,2026-10-10,336.64,2026-11-20,P,145.0,0.0,0.03,0.01,4.0,311,0.79687703125,False,2026-10-06 13:51:21+00:00,AAPL261120P00145000
AAPL,2026-10-10,336.64,2026-11-20,P,150.0,0.0,0.03,0.02,4.0,306,0.7656273437500001,False,2026-10-08 15:50:25+00:00,AAPL261120P00150000
AAPL,2026-10-10,336.64,2026-11-20,P,155.0,0.0,0.04,0.03,1.0,604,0.7578149218750001,False,2026-10-02 13:37:23+00:00,AAPL261120P00155000
AAPL,2026-10-10,336.64,2026-11-20,P,160.0,0.0,0.04,0.04,45.0,402,0.726565234375,False,2026-10-07 18:46:58+00:00,AAPL261120P00160000
AAPL,2026-10-10,336.64,2026-11-20,P,165.0,0.0,0.07,0.07,1.0,148,0.73437765625,False,2026-10-08 14:04:43+00:00,AAPL261120P00165000
AAPL,2026-10-10,336.64,2026-11-20,P,170.0,0.0,0.2,0.12,1.0,447,0.782228740234375,False,2026-10-02 17:47:06+00:00,AAPL261120P00170000
AAPL,2026-10-10,336.64,2026-11-20,P,175.0,0.01,0.08,0.04,2.0,143,0.6914093359375001,False,2026-10-08 19:56:26+00:00,AAPL261120P00175000
AAPL,2026-10-10,336.64,2026-11-20,P,180.0,0.01,0.06,0.03,18.0,268,0.648441015625,False,2026-10-09 16:27:49+00:00,AAPL261120P00180000
AAPL,2026-10-10,336.64,2026-11-20,P,185.0,0.0,0.07,0.03,3.0,1107,0.6210975390625001,False,2026-10-08 13:54:47+00:00,AAPL261120P00185000
AAPL,2026-10-10,336.64,2026-11-20,P,190.0,0.0,0.38,0.11,1.0,565,0.7158231542968749,False,2026-10-02 17:15:01+00:00,AAPL261120P00190000
AAPL,2026-10-10,336.64,2026-11-20,P,195.0,0.0,0.35,0.05,6.0,536,0.6796907031250001,False,2026-10-06 19:25:30+00:00,AAPL261120P00195000
AAPL,2026-10-10,336.64,2026-11-20,P,200.0,0.01,0.09,0.04,1.0,2223,0.5664105859375,False,2026-10-09 15:51:53+00:00,AAPL261120P00200000
AAPL,2026-10-10,336.64,2026-11-20,P,205.0,0.0,0.09,0.05,1.0,1531,0.5351608984375,False,2026-10-08 13:59:34+00:00,AAPL261120P00205000
AAPL,2026-10-10,336.64,2026-11-20,P,210.0,0.01,0.1,0.07,4.0,2158,0.5214891601562499,False,2026-10-09 16:37:57+00:00,AAPL261120P00210000
AAPL,2026-10-10,336.64,2026-11-20,P,215.0,0.01,0.07,0.05,25.0,998,0.5097705273437501,False,2026-10-09 19:20:34+00:00,AAPL261120P00215000
AAPL,2026-10-10,336.64,2026-11-20,P,220.0,0.01,0.11,0.06,13.0,3911,0.5117236328125,False,2026-10-08 19:56:32+00:00,AAPL261120P00220000
AAPL,2026-10-10,336.64,2026-11-20,P,225.0,0.04,0.1,0.05,1.0,1592,0.481450498046875,False,2026-10-09 15:13:10+00:00,AAPL261120P00225000
AAPL,2026-10-10,336.64,2026-11-20,P,230.0,0.05,0.14,0.1,1.0,6092,0.476567734375,False,2026-10-09 18:37:42+00:00,AAPL261120P00230000
AAPL,2026-10-10,336.64,2026-11-20,P,235.0,0.02,0.17,0.11,1.0,2116,0.463872548828125,False,2026-10-08 17:32:28+00:00,AAPL261120P00235000
AAPL,2026-10-10,336.64,2026-11-20,P,240.0,0.1,0.14,0.13,69.0,3244,0.428716650390625,False,2026-10-09 18:08:03+00:00,AAPL261120P00240000
AAPL,2026-10-10,336.64,2026-11-20,P,245.0,0.11,0.17,0.16,2.0,2589,0.41602146484374997,False,2026-10-09 14:41:02+00:00,AAPL261120P00245000
AAPL,2026-10-10,336.64,2026-11-20,P,250.0,0.15,0.19,0.17,241.0,7113,0.398443515625,False,2026-10-09 19:56:28+00:00,AAPL261120P00250000
AAPL,2026-10-10,336.64,2026-11-20,P,255.0,0.18,0.25,0.23,6.0,6257,0.389654541015625,False,2026-10-09 16:23:40+00:00,AAPL261120P00255000
AAPL,2026-10-10,336.64,2026-11-20,P,260.0,0.24,0.29,0.24,112.0,6378,0.3742738354492187,False,2026-10-09 19:41:13+00:00,AAPL261120P00260000
AAPL,2026-10-10,336.64,2026-11-20,P,265.0,0.3,0.37,0.33,88.0,6620,0.36426416992187505,False,2026-10-09 19:41:13+00:00,AAPL261120P00265000
AAPL,2026-10-10,336.64,2026-11-20,P,270.0,0.36,0.42,0.36,70.0,7940,0.34717449707031245,False,2026-10-09 18:50:43+00:00,AAPL261120P00270000
AAPL,2026-10-10,336.64,2026-11-20,P,275.0,0.44,0.51,0.49,78.0,5335,0.33399103515625,False,2026-10-09 19:34:10+00:00,AAPL261120P00275000
AAPL,2026-10-10,336.64,2026-11-20,P,280.0,0.59,0.7,0.63,563.0,8971,0.3286199951171874,False,2026-10-09 19:57:32+00:00,AAPL261120P00280000
AAPL,2026-10-10,336.64,2026-11-20,P,285.0,0.78,0.91,0.75,298.0,5565,0.31995308959960933,False,2026-10-09 19:17:03+00:00,AAPL261120P00285000
AAPL,2026-10-10,336.64,2026-11-20,P,290.0,0.98,1.07,1.03,2141.0,6938,0.3043282458496094,False,2026-10-09 19:57:28+00:00,AAPL261120P00290000
AAPL,2026-10-10,336.64,2026-11-20,P,295.0,1.3,1.38,1.33,1889.0,6764,0.2952340985107421,False,2026-10-09 19:48:22+00:00,AAPL261120P00295000
AAPL,2026-10-10,336.64,2026-11-20,P,300.0,1.72,1.79,1.76,3509.0,19943,0.2868723657226562,False,2026-10-09 19:57:29+00:00,AAPL261120P00300000
AAPL,2026-10-10,336.64,2026-11-20,P,305.0,2.29,2.36,2.31,8428.0,5333,0.28040270385742183,False,2026-10-09 19:46:52+00:00,AAPL261120P00305000
AAPL,2026-10-10,336.64,2026-11-20,P,310.0,2.98,3.1,3.04,1373.0,16557,0.27448235290527345,False,2026-10-09 19:58:14+00:00,AAPL261120P00310000
AAPL,2026-10-10,336.64,2026-11-20,P,315.0,3.75,4.0,3.87,1947.0,10422,0.26770751831054684,False,2026-10-09 19:59:40+00:00,AAPL261120P00315000
AAPL,2026-10-10,336.64,2026-11-20,P,320.0,4.9,5.15,5.0,1017.0,7503,0.26178716735839846,False,2026-10-09 19:48:55+00:00,AAPL261120P00320000
AAPL,2026-10-10,336.64,2026-11-20,P,325.0,6.35,6.6,6.47,535.0,4030,0.25690440368652345,False,2026-10-09 19:59:40+00:00,AAPL261120P00325000
AAPL,2026-10-10,336.64,2026-11-20,P,330.0,8.0,8.3,8.2,1928.0,6032,0.25086198364257806,False,2026-10-09 19:59:59+00:00,AAPL261120P00330000
AAPL,2026-10-10,336.64,2026-11-20,P,335.0,10.1,10.35,10.44,1132.0,4103,0.24549094360351562,False,2026-10-09 19:46:18+00:00,AAPL261120P00335000
AAPL,2026-10-10,336.64,2026-11-20,P,340.0,12.5,12.85,12.6,944.0,5039,0.24231714721679687,True,2026-10-09 19:50:46+00:00,AAPL261120P00340000
AAPL,2026-10-10,336.64,2026-11-20,P,345.0,15.15,15.65,15.65,115.0,1472,0.23792265991210934,True,2026-10-09 19:43:45+00:00,AAPL261120P00345000
AAPL,2026-10-10,336.64,2026-11-20,P,350.0,17.35,18.8,18.75,201.0,2744,0.23334506896972657,True,2026-10-09 19:43:44+00:00,AAPL261120P00350000
AAPL,2026-10-10,336.64,2026-11-20,P,355.0,20.9,22.45,25.12,1.0,306,0.23303989624023438,True,2026-10-08 18:25:26+00:00,AAPL261120P00355000
AAPL,2026-10-10,336.64,2026-11-20,P,360.0,25.2,26.15,25.6,5.0,487,0.22571575073242187,True,2026-10-09 19:53:42+00:00,AAPL261120P00360000
AAPL,2026-10-10,336.64,2026-11-20,P,365.0,29.65,30.25,29.95,5.0,203,0.2215654016113281,True,2026-10-09 19:58:56+00:00,AAPL261120P00365000
AAPL,2026-10-10,336.64,2026-11-20,P,370.0,33.5,34.9,37.75,1.0,263,0.23151403259277342,True,2026-10-08 19:13:43+00:00,AAPL261120P00370000
AAPL,2026-10-10,336.64,2026-11-20,P,375.0,38.3,39.65,38.32,70.0,450,0.24231714721679687,True,2026-10-08 13:52:47+00:00,AAPL261120P00375000
AAPL,2026-10-10,336.64,2026-11-20,P,380.0,42.15,44.7,50.81,1.0,0,0.2662426892089844,True,2026-10-01 14:07:26+00:00,AAPL261120P00380000
AAPL,2026-10-10,336.64,2026-11-20,P,385.0,47.1,49.7,45.7,2.0,2,0.28693340026855463,True,2026-10-08 18:22:57+00:00,AAPL261120P00385000
AAPL,2026-10-10,336.64,2026-11-20,P,390.0,51.9,55.0,49.85,5.0,0,0.3228827478027343,True,2026-09-28 19:46:17+00:00,AAPL261120P00390000
AAPL,2026-10-10,336.64,2026-11-20,P,400.0,61.85,65.0,62.5,2.0,1,0.36255520263671875,True,2026-10-09 18:51:07+00:00,AAPL261120P00400000
AAPL,2026-10-10,336.64,2026-11-20,P,410.0,71.6,74.95,73.2,1.0,0,0.3973448937988281,True,2026-09-23 16:06:18+00:00,AAPL261120P00410000
