symbol,snapshot_date,spot,expiry,right,strike,bid,ask,last_price,volume,open_interest,implied_vol,in_the_money,last_trade_date,contract_symbol
TSLA,2026-10-01,354.81,2026-10-02,C,50.0,303.6,305.8,302.9,16.0,22,13.195314252929688,True,2026-09-30 19:18:00+00:00,TSLA261002C00050000
TSLA,2026-10-01,354.81,2026-10-02,C,80.0,271.65,276.0,279.68,2.0,2,10.335941040039065,True,2026-09-28 18:32:42+00:00,TSLA261002C00080000
TSLA,2026-10-01,354.81,2026-10-02,C,100.0,251.65,256.4,259.59,1.0,2,9.289066694335938,True,2026-09-28 18:27:28+00:00,TSLA261002C00100000
TSLA,2026-10-01,354.81,2026-10-02,C,130.0,223.65,225.7,229.47,3.0,8,6.777345278320313,True,2026-09-28 18:29:12+00:00,TSLA261002C00130000
TSLA,2026-10-01,354.81,2026-10-02,C,140.0,213.65,216.2,212.75,1.0,6,4.828128964843749,True,2026-09-29 17:03:23+00:00,TSLA261002C00140000
TSLA,2026-10-01,354.81,2026-10-02,C,150.0,203.65,205.5,203.15,1.0,11,5.652346684570313,True,2026-09-29 17:04:36+00:00,TSLA261002C00150000
TSLA,2026-10-01,354.81,2026-10-02,C,170.0,183.65,185.5,189.57,5.0,10,4.898441376953125,True,2026-09-28 18:35:43+00:00,TSLA261002C00170000
TSLA,2026-10-01,354.81,2026-10-02,C,180.0,173.7,175.5,179.53,1.0,25,4.552738684082031,True,2026-09-28 18:34:32+00:00,TSLA261002C00180000
TSLA,2026-10-01,354.81,2026-10-02,C,200.0,153.7,155.7,149.76,24.0,184,4.083012708740235,True,2026-09-30 15:50:43+00:00,TSLA261002C00200000
TSLA,2026-10-01,354.81,2026-10-02,C,210.0,143.7,145.5,162.63,25.0,26,3.6191415771484374,True,2026-09-25 14:01:40+00:00,TSLA261002C00210000
TSLA,2026-10-01,354.81,2026-10-02,C,220.0,133.7,135.8,130.86,5.0,55,3.5478526928710936,True,2026-09-28 19:45:03+00:00,TSLA261002C00220000
TSLA,2026-10-01,354.81,2026-10-02,C,230.0,123.7,126.2,122.36,1.0,15,2.441410146484375,True,2026-09-30 17:38:21+00:00,TSLA261002C00230000
TSLA,2026-10-01,354.81,2026-10-02,C,235.0,116.75,122.05,118.14,1.0,2,3.685547661132813,True,2026-09-29 17:04:36+00:00,TSLA261002C00235000
TSLA,2026-10-01,354.81,2026-10-02,C,240.0,113.7,116.0,112.72,1.0,574,1.9375003125,True,2026-09-29 17:03:23+00:00,TSLA261002C00240000
TSLA,2026-10-01,354.81,2026-10-02,C,245.0,106.75,112.1,114.64,1.0,1,3.394044483642578,True,2026-09-28 19:43:06+00:00,TSLA261002C00245000
TSLA,2026-10-01,354.81,2026-10-02,C,250.0,103.7,105.5,104.6,1.0,176,2.545902072753906,True,2026-09-29 15:44:34+00:00,TSLA261002C00250000
TSLA,2026-10-01,354.81,2026-10-02,C,255.0,96.75,101.9,99.25,2.0,7,3.0283227416992187,True,2026-09-30 17:47:36+00:00,TSLA261002C00255000
TSLA,2026-10-01,354.81,2026-10-02,C,260.0,91.8,96.9,99.22,1.0,4,2.8842801330566403,True,2026-09-28 19:42:27+00:00,TSLA261002C00260000
TSLA,2026-10-01,354.81,2026-10-02,C,265.0,86.8,91.45,83.18,2.0,3,2.592776955566406,True,2026-08-28 17:10:38+00:00,TSLA261002C00265000
TSLA,2026-10-01,354.81,2026-10-02,C,270.0,83.8,86.05,79.23,16.0,33,1.57422087890625,True,2026-09-30 14:05:18+00:00,TSLA261002C00270000
TSLA,2026-10-01,354.81,2026-10-02,C,275.0,78.7,80.55,98.35,5.0,39,1.9697267138671877,True,2026-09-25 18:31:08+00:00,TSLA261002C00275000
TSLA,2026-10-01,354.81,2026-10-02,C,280.0,73.75,75.55,78.55,1.0,59,1.8525397998046875,True,2026-09-28 19:41:37+00:00,TSLA261002C00280000
TSLA,2026-10-01,354.81,2026-10-02,C,285.0,68.75,70.55,74.59,3.0,67,1.7373060009765624,True,2026-09-28 18:35:05+00:00,TSLA261002C00285000
TSLA,2026-10-01,354.81,2026-10-02,C,290.0,63.75,65.55,64.38,73.0,47,1.622560480957031,True,2026-09-30 19:56:18+00:00,TSLA261002C00290000
TSLA,2026-10-01,354.81,2026-10-02,C,292.5,59.4,64.65,78.5,2.0,3,2.0468798828125,True,2026-09-25 15:10:18+00:00,TSLA261002C00292500
TSLA,2026-10-01,354.81,2026-10-02,C,295.0,59.0,60.55,56.15,101.0,85,1.5087915185546876,True,2026-09-30 16:19:03+00:00,TSLA261002C00295000
TSLA,2026-10-01,354.81,2026-10-02,C,297.5,56.25,58.05,62.94,5.0,35,1.4521511767578126,True,2026-09-28 18:21:02+00:00,TSLA261002C00297500
TSLA,2026-10-01,354.81,2026-10-02,C,300.0,53.8,55.55,52.53,75.0,109,1.3959991137695313,True,2026-09-30 19:30:46+00:00,TSLA261002C00300000
TSLA,2026-10-01,354.81,2026-10-02,C,305.0,48.8,50.55,46.72,88.0,72,1.2836949877929684,True,2026-09-30 17:03:03+00:00,TSLA261002C00305000
TSLA,2026-10-01,354.81,2026-10-02,C,310.0,43.8,45.55,42.55,5.0,150,1.171879140625,True,2026-09-30 19:43:28+00:00,TSLA261002C00310000
TSLA,2026-10-01,354.81,2026-10-02,C,315.0,38.9,41.1,37.65,33.0,111,0.8183611914062499,True,2026-09-30 19:12:26+00:00,TSLA261002C00315000
TSLA,2026-10-01,354.81,2026-10-02,C,317.5,34.6,39.45,35.26,3.0,12,1.3298373352050779,True,2026-09-30 19:30:01+00:00,TSLA261002C00317500
TSLA,2026-10-01,354.81,2026-10-02,C,320.0,33.95,36.05,32.45,75.0,126,0.726565234375,True,2026-09-30 19:41:39+00:00,TSLA261002C00320000
TSLA,2026-10-01,354.81,2026-10-02,C,322.5,31.5,33.1,30.12,9.0,67,0.9062509375,True,2026-09-30 18:53:57+00:00,TSLA261002C00322500
TSLA,2026-10-01,354.81,2026-10-02,C,325.0,29.2,31.0,28.15,28.0,205,0.6835969140625001,True,2026-09-30 17:35:45+00:00,TSLA261002C00325000
TSLA,2026-10-01,354.81,2026-10-02,C,327.5,26.75,28.2,23.99,8.0,32,0.5732464550781251,True,2026-09-30 16:13:59+00:00,TSLA261002C00327500
TSLA,2026-10-01,354.81,2026-10-02,C,330.0,24.45,25.75,23.44,304.0,426,0.5854533642578125,True,2026-09-30 19:07:12+00:00,TSLA261002C00330000
TSLA,2026-10-01,354.81,2026-10-02,C,332.5,22.3,23.3,21.4,74.0,68,0.6005899316406251,True,2026-09-30 18:52:20+00:00,TSLA261002C00332500
TSLA,2026-10-01,354.81,2026-10-02,C,335.0,19.95,20.95,20.23,348.0,322,0.5844768115234374,True,2026-09-30 19:42:17+00:00,TSLA261002C00335000
TSLA,2026-10-01,354.81,2026-10-02,C,337.5,17.65,18.5,17.4,1233.0,17,0.5542036767578126,True,2026-09-30 19:55:40+00:00,TSLA261002C00337500
TSLA,2026-10-01,354.81,2026-10-02,C,340.0,15.4,16.05,15.78,6635.0,844,0.5219774365234374,True,2026-09-30 19:59:38+00:00,TSLA261002C00340000
TSLA,2026-10-01,354.81,2026-10-02,C,342.5,13.25,13.95,14.25,1203.0,56,0.51758294921875,True,2026-09-30 19:58:32+00:00,TSLA261002C00342500
TSLA,2026-10-01,354.81,2026-10-02,C,345.0,10.7,12.0,11.4,7417.0,718,0.5642133422851563,True,2026-09-30 19:58:43+00:00,TSLA261002C00345000
TSLA,2026-10-01,354.81,2026-10-02,C,347.5,9.45,9.7,9.61,10908.0,328,0.506840869140625,True,2026-09-30 19:59:52+00:00,TSLA261002C00347500
TSLA,2026-10-01,354.81,2026-10-02,C,350.0,7.85,8.1,7.95,34396.0,1837,0.5017139672851563,True,2026-09-30 19:59:53+00:00,TSLA261002C00350000
TSLA,2026-10-01,354.81,2026-10-02,C,352.5,6.4,6.55,6.55,20610.0,1322,0.5017139672851563,True,2026-09-30 19:59:52+00:00,TSLA261002C00352500
TSLA,2026-10-01,354.81,2026-10-02,C,355.0,5.05,5.25,5.25,34924.0,5937,0.5004932763671875,False,2026-09-30 19:59:58+00:00,TSLA261002C00355000
TSLA,2026-10-01,354.81,2026-10-02,C,357.5,4.05,4.15,4.08,14039.0,2140,0.5075732836914062,False,2026-09-30 19:59:53+00:00,TSLA261002C00357500
TSLA,2026-10-01,354.81,2026-10-02,C,360.0,3.15,3.3,3.2,29387.0,14373,0.5144091528320311,False,2026-09-30 19:59:56+00:00,TSLA261002C00360000
TSLA,2026-10-01,354.81,2026-10-02,C,362.5,2.48,2.6,2.52,10054.0,2780,0.5249070947265625,False,2026-09-30 19:59:55+00:00,TSLA261002C00362500
TSLA,2026-10-01,354.81,2026-10-02,C,365.0,1.91,2.0,1.98,24313.0,10344,0.5312546875,False,2026-09-30 19:59:59+00:00,TSLA261002C00365000
TSLA,2026-10-01,354.81,2026-10-02,C,367.5,1.48,1.53,1.5,9348.0,2499,0.5397995239257813,False,2026-09-30 19:59:51+00:00,TSLA261002C00367500
TSLA,2026-10-01,354.81,2026-10-02,C,370.0,1.13,1.2,1.14,18813.0,10547,0.5507857421875001,False,2026-09-30 19:59:59+00:00,TSLA261002C00370000
TSLA,2026-10-01,354.81,2026-10-02,C,372.5,0.85,0.95,0.9,3870.0,4952,0.561527822265625,False,2026-09-30 19:59:58+00:00,TSLA261002C00372500
TSLA,2026-10-01,354.81,2026-10-02,C,375.0,0.68,0.73,0.71,13688.0,9397,0.5747112841796875,False,2026-09-30 19:59:58+00:00,TSLA261002C00375000
TSLA,2026-10-01,354.81,2026-10-02,C,377.5,0.54,0.56,0.56,7424.0,13623,0.586918193359375,False,2026-09-30 19:59:59+00:00,TSLA261002C00377500
TSLA,2026-10-01,354.81,2026-10-02,C,380.0,0.43,0.45,0.43,13272.0,13707,0.6025430371093752,False,2026-09-30 19:59:58+00:00,TSLA261002C00380000
TSLA,2026-10-01,354.81,2026-10-02,C,382.5,0.34,0.37,0.35,1887.0,5063,0.6181678808593751,False,2026-09-30 19:59:43+00:00,TSLA261002C00382500
TSLA,2026-10-01,354.81,2026-10-02,C,385.0,0.29,0.3,0.3,3092.0,15126,0.6367223828125,False,2026-09-30 19:59:37+00:00,TSLA261002C00385000
TSLA,2026-10-01,354.81,2026-10-02,C,387.5,0.23,0.25,0.25,527.0,4492,0.6523472265625001,False,2026-09-30 19:59:17+00:00,TSLA261002C00387500
TSLA,2026-10-01,354.81,2026-10-02,C,390.0,0.19,0.21,0.2,7169.0,16551,0.6699251757812501,False,2026-09-30 19:59:47+00:00,TSLA261002C00390000
TSLA,2026-10-01,354.81,2026-10-02,C,392.5,0.16,0.18,0.18,3231.0,5385,0.6884796777343751,False,2026-09-30 19:59:28+00:00,TSLA261002C00392500
TSLA,2026-10-01,354.81,2026-10-02,C,395.0,0.14,0.15,0.14,1587.0,3363,0.7070341796875,False,2026-09-30 19:59:56+00:00,TSLA261002C00395000
TSLA,2026-10-01,354.81,2026-10-02,C,397.5,0.13,0.14,0.14,891.0,2970,0.73437765625,False,2026-09-30 19:59:56+00:00,TSLA261002C00397500
TSLA,2026-10-01,354.81,2026-10-02,C,400.0,0.11,0.12,0.12,5202.0,15516,0.7500025,False,2026-09-30 19:59:53+00:00,TSLA261002C00400000
TSLA,2026-10-01,354.81,2026-10-02,C,402.5,0.1,0.11,0.1,603.0,832,0.773439765625,False,2026-09-30 19:57:34+00:00,TSLA261002C00402500
TSLA,2026-10-01,354.81,2026-10-02,C,405.0,0.09,0.1,0.08,755.0,4688,0.7949239257812499,False,2026-09-30 19:57:58+00:00,TSLA261002C00405000
TSLA,2026-10-01,354.81,2026-10-02,C,407.5,0.08,0.1,0.07,64.0,2265,0.8203142968749999,False,2026-09-30 19:57:56+00:00,TSLA261002C00407500
TSLA,2026-10-01,354.81,2026-10-02,C,410.0,0.07,0.09,0.08,435.0,9049,0.8398453515625,False,2026-09-30 19:59:47+00:00,TSLA261002C00410000
TSLA,2026-10-01,354.81,2026-10-02,C,412.5,0.07,0.08,0.06,101.0,1140,0.8632826171875,False,2026-09-30 19:59:27+00:00,TSLA261002C00412500
TSLA,2026-10-01,354.81,2026-10-02,C,415.0,0.06,0.08,0.06,414.0,2704,0.88476677734375,False,2026-09-30 19:57:20+00:00,TSLA261002C00415000
TSLA,2026-10-01,354.81,2026-10-02,C,417.5,0.06,0.08,0.05,43.0,432,0.914063359375,False,2026-09-30 18:27:12+00:00,TSLA261002C00417500
TSLA,2026-10-01,354.81,2026-10-02,C,420.0,0.05,0.07,0.06,650.0,4706,0.9257819921875,False,2026-09-30 19:59:29+00:00,TSLA261002C00420000
TSLA,2026-10-01,354.81,2026-10-02,C,422.5,0.05,0.07,0.07,35.0,426,0.9531254687499999,False,2026-09-30 19:59:24+00:00,TSLA261002C00422500
TSLA,2026-10-01,354.81,2026-10-02,C,425.0,0.05,0.06,0.06,986.0,3207,0.9726565234375,False,2026-09-30 19:57:57+00:00,TSLA261002C00425000
TSLA,2026-10-01,354.81,2026-10-02,C,427.5,0.05,0.06,0.05,8.0,305,1.000005,False,2026-09-30 19:23:06+00:00,TSLA261002C00427500
TSLA,2026-10-01,354.81,2026-10-02,C,430.0,0.04,0.06,0.05,307.0,3943,1.015629921875,False,2026-09-30 19:57:57+00:00,TSLA261002C00430000
TSLA,2026-10-01,354.81,2026-10-02,C,432.5,0.04,0.06,0.03,7.0,1253,1.0429735351562504,False,2026-09-30 15:57:05+00:00,TSLA261002C00432500
TSLA,2026-10-01,354.81,2026-10-02,C,435.0,0.04,0.05,0.05,562.0,2090,1.05859845703125,False,2026-09-30 19:57:37+00:00,TSLA261002C00435000
TSLA,2026-10-01,354.81,2026-10-02,C,437.5,0.04,0.05,0.04,5.0,1175,1.0859420703125,False,2026-09-30 18:37:46+00:00,TSLA261002C00437500
TSLA,2026-10-01,354.81,2026-10-02,C,440.0,0.03,0.05,0.03,87.0,1872,1.0976607617187502,False,2026-09-30 19:19:44+00:00,TSLA261002C00440000
TSLA,2026-10-01,354.81,2026-10-02,C,442.5,0.03,0.05,0.03,160.0,162,1.125004375,False,2026-09-30 19:50:38+00:00,TSLA261002C00442500
TSLA,2026-10-01,354.81,2026-10-02,C,445.0,0.03,0.05,0.03,304.0,1697,1.1484417578125,False,2026-09-30 19:46:28+00:00,TSLA261002C00445000
TSLA,2026-10-01,354.81,2026-10-02,C,450.0,0.03,0.05,0.03,526.0,4457,1.1953165234375,False,2026-09-30 19:46:28+00:00,TSLA261002C00450000
TSLA,2026-10-01,354.81,2026-10-02,C,455.0,0.02,0.04,0.03,83.0,1245,1.2109414453124998,False,2026-09-30 19:59:54+00:00,TSLA261002C00455000
TSLA,2026-10-01,354.81,2026-10-02,C,460.0,0.02,0.04,0.03,108.0,1074,1.2578162109375,False,2026-09-30 18:45:36+00:00,TSLA261002C00460000
TSLA,2026-10-01,354.81,2026-10-02,C,465.0,0.02,0.03,0.02,257.0,2251,1.2812535937499998,False,2026-09-30 19:37:16+00:00,TSLA261002C00465000
TSLA,2026-10-01,354.81,2026-10-02,C,470.0,0.02,0.03,0.02,569.0,1731,1.3281283593749997,False,2026-09-30 19:38:23+00:00,TSLA261002C00470000
TSLA,2026-10-01,354.81,2026-10-02,C,475.0,0.01,0.03,0.01,2625.0,1223,1.3437532812499997,False,2026-09-30 19:58:11+00:00,TSLA261002C00475000
TSLA,2026-10-01,354.81,2026-10-02,C,480.0,0.01,0.03,0.02,21474.0,3209,1.3906280468749999,False,2026-09-30 19:51:38+00:00,TSLA261002C00480000
TSLA,2026-10-01,354.81,2026-10-02,C,485.0,0.01,0.03,0.03,10944.0,601,1.4375028125,False,2026-09-30 19:50:50+00:00,TSLA261002C00485000
TSLA,2026-10-01,354.81,2026-10-02,C,490.0,0.01,0.03,0.01,1524.0,307,1.46875265625,False,2026-09-30 19:49:32+00:00,TSLA261002C00490000
TSLA,2026-10-01,354.81,2026-10-02,C,495.0,0.01,0.03,0.02,1360.0,1432,1.5156274218749999,False,2026-09-30 19:50:47+00:00,TSLA261002C00495000
TSLA,2026-10-01,354.81,2026-10-02,C,500.0,0.01,0.02,0.01,124.0,2434,1.5156274218749999,False,2026-09-30 19:58:32+00:00,TSLA261002C00500000
TSLA,2026-10-01,354.81,2026-10-02,C,505.0,0.0,0.02,0.01,103.0,878,1.5000025,False,2026-09-30 19:59:58+00:00,TSLA261002C00505000
TSLA,2026-10-01,354.81,2026-10-02,C,510.0,0.0,0.02,0.01,1.0,1637,1.5468772656249998,False,2026-09-30 17:50:57+00:00,TSLA261002C00510000
TSLA,2026-10-01,354.81,2026-10-02,C,515.0,0.0,0.02,0.01,7105.0,1241,1.5937520312499998,False,2026-09-29 19:49:10+00:00,TSLA261002C00515000
TSLA,2026-10-01,354.81,2026-10-02,C,520.0,0.0,0.02,0.02,2150.0,759,1.625001875,False,2026-09-30 17:16:07+00:00,TSLA261002C00520000
TSLA,2026-10-01,354.81,2026-10-02,C,525.0,0.0,0.01,0.01,6043.0,1264,1.5625021874999998,False,2026-09-30 17:16:07+00:00,TSLA261002C00525000
TSLA,2026-10-01,354.81,2026-10-02,C,530.0,0.0,0.02,0.01,123.0,2052,1.6875015625,False,2026-09-30 19:48:02+00:00,TSLA261002C00530000
TSLA,2026-10-01,354.81,2026-10-02,C,535.0,0.0,0.01,0.01,60.0,358,1.625001875,False,2026-09-30 13:59:48+00:00,TSLA261002C00535000
TSLA,2026-10-01,354.81,2026-10-02,C,540.0,0.0,0.02,0.01,88.0,807,1.765626171875,False,2026-09-30 19:39:27+00:00,TSLA261002C00540000
TSLA,2026-10-01,354.81,2026-10-02,C,545.0,0.0,0.01,0.01,73.0,622,1.6875015625,False,2026-09-30 14:07:27+00:00,TSLA261002C00545000
TSLA,2026-10-01,354.81,2026-10-02,C,550.0,0.0,0.01,0.01,3533.0,651,1.75000125,False,2026-09-30 13:59:43+00:00,TSLA261002C00550000
TSLA,2026-10-01,354.81,2026-10-02,C,555.0,0.0,0.01,0.01,55.0,402,1.75000125,False,2026-09-29 13:58:37+00:00,TSLA261002C00555000
TSLA,2026-10-01,354.81,2026-10-02,C,560.0,0.0,0.01,0.02,191.0,462,1.8125009374999999,False,2026-09-25 19:55:46+00:00,TSLA261002C00560000
TSLA,2026-10-01,354.81,2026-10-02,C,565.0,0.0,0.01,0.01,1.0,358,1.8437507812499998,False,2026-09-29 13:39:26+00:00,TSLA261002C00565000
TSLA,2026-10-01,354.81,2026-10-02,C,570.0,0.0,0.01,0.01,60.0,454,1.875000625,False,2026-09-25 18:23:47+00:00,TSLA261002C00570000
TSLA,2026-10-01,354.81,2026-10-02,C,575.0,0.0,0.01,0.01,6.0,26,1.9062504687500001,False,2026-09-25 17:35:50+00:00,TSLA261002C00575000
TSLA,2026-10-01,354.81,2026-10-02,C,580.0,0.0,0.01,0.02,8.0,10,1.9375003125,False,2026-09-22 16:10:28+00:00,TSLA261002C00580000
TSLA,2026-10-01,354.81,2026-10-02,C,585.0,0.0,0.01,0.02,15.0,1134,1.9375003125,False,2026-09-25 18:02:19+00:00,TSLA261002C00585000
TSLA,2026-10-01,354.81,2026-10-02,C,590.0,0.0,0.01,0.01,14.0,89,1.96875015625,False,2026-09-28 13:44:37+00:00,TSLA261002C00590000
TSLA,2026-10-01,354.81,2026-10-02,C,595.0,0.0,0.01,0.02,10.0,15,2.000005,False,2026-09-22 17:45:58+00:00,TSLA261002C00595000
TSLA,2026-10-01,354.81,2026-10-02,C,600.0,0.0,0.01,0.01,1100.0,1220,2.0625048437499998,False,2026-09-29 13:59:48+00:00,TSLA261002C00600000
TSLA,2026-10-01,354.81,2026-10-02,C,605.0,0.0,0.01,0.01,1069.0,1117,2.0625048437499998,False,2026-09-29 14:08:05+00:00,TSLA261002C00605000
TSLA,2026-10-01,354.81,2026-10-02,C,610.0,0.0,0.01,0.01,1010.0,1301,2.1250046874999997,False,2026-09-29 14:08:25+00:00,TSLA261002C00610000
TSLA,2026-10-01,354.81,2026-10-02,C,615.0,0.0,0.01,0.01,20.0,627,2.1250046874999997,False,2026-09-28 13:31:34+00:00,TSLA261002C00615000
TSLA,2026-10-01,354.81,2026-10-02,P,50.0,0.0,0.01,0.01,10.0,10,7.7500003125,False,2026-09-25 18:13:44+00:00,TSLA261002P00050000
TSLA,2026-10-01,354.81,2026-10-02,P,60.0,0.0,0.01,0.12,,65,7.00000125,False,2026-08-26 17:08:06+00:00,TSLA261002P00060000
TSLA,2026-10-01,354.81,2026-10-02,P,70.0,0.0,0.01,0.12,,52,6.2500021875,False,2026-08-26 16:14:02+00:00,TSLA261002P00070000
TSLA,2026-10-01,354.81,2026-10-02,P,80.0,0.0,0.01,0.01,15.0,16,5.7500028125,False,2026-09-18 15:59:37+00:00,TSLA261002P00080000
TSLA,2026-10-01,354.81,2026-10-02,P,90.0,0.0,0.0,0.12,,0,0.500005,False,2026-08-17 18:17:17+00:00,TSLA261002P00090000
TSLA,2026-10-01,354.81,2026-10-02,P,100.0,0.0,0.01,0.01,2.0,234,5.000003749999999,False,2026-09-09 19:19:23+00:00,TSLA261002P00100000
TSLA,2026-10-01,354.81,2026-10-02,P,110.0,0.0,0.01,0.01,37.0,359,4.62500421875,False,2026-09-24 19:55:12+00:00,TSLA261002P00110000
TSLA,2026-10-01,354.81,2026-10-02,P,120.0,0.0,0.01,0.01,1554.0,1604,4.2500046875,False,2026-09-24 19:55:11+00:00,TSLA261002P00120000
TSLA,2026-10-01,354.81,2026-10-02,P,130.0,0.0,0.01,0.01,17565.0,19744,3.93750015625,False,2026-09-25 15:36:05+00:00,TSLA261002P00130000
TSLA,2026-10-01,354.81,2026-10-02,P,140.0,0.0,0.01,0.01,4288.0,6507,3.6875007812500002,False,2026-09-25 15:35:27+00:00,TSLA261002P00140000
TSLA,2026-10-01,354.81,2026-10-02,P,150.0,0.0,0.01,0.01,10.0,24140,3.3750015624999996,False,2026-09-28 17:03:19+00:00,TSLA261002P00150000
TSLA,2026-10-01,354.81,2026-10-02,P,160.0,0.0,0.01,0.01,2.0,1126,3.1250021875,False,2026-09-30 17:53:05+00:00,TSLA261002P00160000
TSLA,2026-10-01,354.81,2026-10-02,P,170.0,0.0,0.01,0.01,2.0,2669,2.93750265625,False,2026-09-30 18:55:31+00:00,TSLA261002P00170000
TSLA,2026-10-01,354.81,2026-10-02,P,180.0,0.0,0.01,0.01,1890.0,1167,2.750003125,False,2026-09-28 18:44:31+00:00,TSLA261002P00180000
TSLA,2026-10-01,354.81,2026-10-02,P,190.0,0.0,0.01,0.01,1.0,1221,2.50000375,False,2026-09-30 18:20:13+00:00,TSLA261002P00190000
TSLA,2026-10-01,354.81,2026-10-02,P,200.0,0.0,0.01,0.01,52.0,28463,2.3125042187499996,False,2026-09-30 19:03:41+00:00,TSLA261002P00200000
TSLA,2026-10-01,354.81,2026-10-02,P,210.0,0.0,0.01,0.01,37.0,11186,2.1250046874999997,False,2026-09-30 17:28:54+00:00,TSLA261002P00210000
TSLA,2026-10-01,354.81,2026-10-02,P,220.0,0.0,0.01,0.01,83.0,7414,1.9375003125,False,2026-09-30 17:25:49+00:00,TSLA261002P00220000
TSLA,2026-10-01,354.81,2026-10-02,P,230.0,0.01,0.02,0.02,7334.0,2508,1.9375003125,False,2026-09-30 19:57:43+00:00,TSLA261002P00230000
TSLA,2026-10-01,354.81,2026-10-02,P,235.0,0.01,0.02,0.01,9748.0,23385,1.8437507812499998,False,2026-09-30 17:50:44+00:00,TSLA261002P00235000
TSLA,2026-10-01,354.81,2026-10-02,P,240.0,0.01,0.02,0.02,5316.0,1340,1.765626171875,False,2026-09-30 19:46:35+00:00,TSLA261002P00240000
TSLA,2026-10-01,354.81,2026-10-02,P,245.0,0.01,0.02,0.01,2515.0,995,1.6875015625,False,2026-09-30 19:57:09+00:00,TSLA261002P00245000
TSLA,2026-10-01,354.81,2026-10-02,P,250.0,0.01,0.02,0.01,596.0,1427,1.5937520312499998,False,2026-09-30 19:57:09+00:00,TSLA261002P00250000
TSLA,2026-10-01,354.81,2026-10-02,P,255.0,0.02,0.03,0.03,34.0,1523,1.5781271093749998,False,2026-09-30 19:03:13+00:00,TSLA261002P00255000
TSLA,2026-10-01,354.81,2026-10-02,P,260.0,0.01,0.03,0.02,448.0,2166,1.46875265625,False,2026-09-30 19:04:19+00:00,TSLA261002P00260000
TSLA,2026-10-01,354.81,2026-10-02,P,265.0,0.02,0.03,0.03,262.0,1178,1.4140654296875002,False,2026-09-30 19:57:58+00:00,TSLA261002P00265000
TSLA,2026-10-01,354.81,2026-10-02,P,270.0,0.02,0.04,0.05,15.0,662,1.3515657421874998,False,2026-09-30 16:24:38+00:00,TSLA261002P00270000
TSLA,2026-10-01,354.81,2026-10-02,P,275.0,0.02,0.04,0.04,74.0,770,1.2656286718749998,False,2026-09-30 18:05:47+00:00,TSLA261002P00275000
TSLA,2026-10-01,354.81,2026-10-02,P,280.0,0.03,0.05,0.03,147.0,2910,1.2265663671875,False,2026-09-30 18:39:48+00:00,TSLA261002P00280000
TSLA,2026-10-01,354.81,2026-10-02,P,285.0,0.03,0.05,0.04,695.0,1314,1.140629296875,False,2026-09-30 19:42:40+00:00,TSLA261002P00285000
TSLA,2026-10-01,354.81,2026-10-02,P,290.0,0.04,0.06,0.05,182.0,12726,1.0859420703125,False,2026-09-30 19:58:24+00:00,TSLA261002P00290000
TSLA,2026-10-01,354.81,2026-10-02,P,292.5,0.04,0.06,0.05,138.0,495,1.0429735351562504,False,2026-09-30 19:37:24+00:00,TSLA261002P00292500
TSLA,2026-10-01,354.81,2026-10-02,P,295.0,0.05,0.06,0.05,399.0,4069,1.015629921875,False,2026-09-30 19:24:36+00:00,TSLA261002P00295000
TSLA,2026-10-01,354.81,2026-10-02,P,297.5,0.05,0.07,0.09,697.0,686,0.9804689453125001,False,2026-09-30 18:13:20+00:00,TSLA261002P00297500
TSLA,2026-10-01,354.81,2026-10-02,P,300.0,0.06,0.07,0.07,1216.0,2550,0.9492192578124999,False,2026-09-30 19:54:04+00:00,TSLA261002P00300000
TSLA,2026-10-01,354.81,2026-10-02,P,302.5,0.06,0.08,0.08,517.0,133,0.9179695703125,False,2026-09-30 17:41:46+00:00,TSLA261002P00302500
TSLA,2026-10-01,354.81,2026-10-02,P,305.0,0.06,0.08,0.07,371.0,1267,0.87500125,False,2026-09-30 19:54:50+00:00,TSLA261002P00305000
TSLA,2026-10-01,354.81,2026-10-02,P,307.5,0.07,0.08,0.07,522.0,86,0.8398453515625,False,2026-09-30 19:43:01+00:00,TSLA261002P00307500
TSLA,2026-10-01,354.81,2026-10-02,P,310.0,0.07,0.09,0.08,461.0,3595,0.804689453125,False,2026-09-30 19:44:10+00:00,TSLA261002P00310000
TSLA,2026-10-01,354.81,2026-10-02,P,312.5,0.08,0.1,0.09,344.0,299,0.7753928710937501,False,2026-09-30 19:45:11+00:00,TSLA261002P00312500
TSLA,2026-10-01,354.81,2026-10-02,P,315.0,0.09,0.1,0.09,656.0,1773,0.7382838671874999,False,2026-09-30 19:54:00+00:00,TSLA261002P00315000
TSLA,2026-10-01,354.81,2026-10-02,P,317.5,0.1,0.11,0.1,661.0,1619,0.7050810742187501,False,2026-09-30 19:48:06+00:00,TSLA261002P00317500
TSLA,2026-10-01,354.81,2026-10-02,P,320.0,0.11,0.12,0.12,1357.0,3400,0.6718782812500002,False,2026-09-30 19:56:22+00:00,TSLA261002P00320000
TSLA,2026-10-01,354.81,2026-10-02,P,322.5,0.12,0.14,0.13,629.0,761,0.639652041015625,False,2026-09-30 19:59:23+00:00,TSLA261002P00322500
TSLA,2026-10-01,354.81,2026-10-02,P,325.0,0.15,0.16,0.15,2409.0,3197,0.6123085644531252,False,2026-09-30 19:59:25+00:00,TSLA261002P00325000
TSLA,2026-10-01,354.81,2026-10-02,P,327.5,0.19,0.2,0.19,827.0,804,0.5898478515625001,False,2026-09-30 19:56:58+00:00,TSLA261002P00327500
TSLA,2026-10-01,354.81,2026-10-02,P,330.0,0.24,0.25,0.25,5980.0,2399,0.5664105859375,False,2026-09-30 19:59:57+00:00,TSLA261002P00330000
TSLA,2026-10-01,354.81,2026-10-02,P,332.5,0.31,0.33,0.31,2827.0,1232,0.5468795312500001,False,2026-09-30 19:59:18+00:00,TSLA261002P00332500
TSLA,2026-10-01,354.81,2026-10-02,P,335.0,0.42,0.46,0.44,4969.0,4288,0.53320779296875,False,2026-09-30 19:59:15+00:00,TSLA261002P00335000
TSLA,2026-10-01,354.81,2026-10-02,P,337.5,0.5,0.63,0.61,4132.0,2644,0.5102588037109376,False,2026-09-30 19:59:55+00:00,TSLA261002P00337500
TSLA,2026-10-01,354.81,2026-10-02,P,340.0,0.82,0.87,0.86,15399.0,4469,0.5092822509765625,False,2026-09-30 19:59:56+00:00,TSLA261002P00340000
TSLA,2026-10-01,354.81,2026-10-02,P,342.5,1.16,1.21,1.21,8672.0,2158,0.5019581054687501,False,2026-09-30 19:59:56+00:00,TSLA261002P00342500
TSLA,2026-10-01,354.81,2026-10-02,P,345.0,1.65,1.71,1.65,20348.0,3831,0.5004932763671875,False,2026-09-30 19:59:55+00:00,TSLA261002P00345000
TSLA,2026-10-01,354.81,2026-10-02,P,347.5,2.05,2.33,2.26,14182.0,2771,0.5002491381835938,False,2026-09-30 19:59:54+00:00,TSLA261002P00347500
TSLA,2026-10-01,354.81,2026-10-02,P,350.0,3.05,3.2,3.13,28043.0,6971,0.5053760400390624,False,2026-09-30 19:59:58+00:00,TSLA261002P00350000
TSLA,2026-10-01,354.81,2026-10-02,P,352.5,4.05,4.25,4.2,17203.0,1885,0.5002491381835938,False,2026-09-30 19:59:54+00:00,TSLA261002P00352500
TSLA,2026-10-01,354.81,2026-10-02,P,355.0,5.3,5.5,5.4,6787.0,3803,0.5061084545898438,True,2026-09-30 19:59:54+00:00,TSLA261002P00355000
TSLA,2026-10-01,354.81,2026-10-02,P,357.5,6.6,6.85,6.6,3045.0,2407,0.5012256909179689,True,2026-09-30 19:59:22+00:00,TSLA261002P00357500
TSLA,2026-10-01,354.81,2026-10-02,P,360.0,8.3,8.5,8.35,5238.0,5265,0.5129443237304687,True,2026-09-30 19:59:01+00:00,TSLA261002P00360000
TSLA,2026-10-01,354.81,2026-10-02,P,362.5,10.1,11.8,10.25,1408.0,1738,0.6025430371093752,True,2026-09-30 19:59:40+00:00,TSLA261002P00362500
TSLA,2026-10-01,354.81,2026-10-02,P,365.0,11.9,12.3,12.1,757.0,3118,0.5258836474609375,True,2026-09-30 19:59:05+00:00,TSLA261002P00365000
TSLA,2026-10-01,354.81,2026-10-02,P,367.5,13.65,15.85,14.9,321.0,2247,0.6130409790039064,True,2026-09-30 19:54:30+00:00,TSLA261002P00367500
TSLA,2026-10-01,354.81,2026-10-02,P,370.0,15.8,16.5,16.21,342.0,5569,0.5170946728515625,True,2026-09-30 19:59:30+00:00,TSLA261002P00370000
TSLA,2026-10-01,354.81,2026-10-02,P,372.5,17.9,19.0,19.35,146.0,1848,0.5346726220703125,True,2026-09-30 19:49:50+00:00,TSLA261002P00372500
TSLA,2026-10-01,354.81,2026-10-02,P,375.0,19.9,22.65,20.65,209.0,3821,0.649417568359375,True,2026-09-30 19:57:27+00:00,TSLA261002P00375000
TSLA,2026-10-01,354.81,2026-10-02,P,377.5,22.65,23.65,23.04,282.0,1723,0.5629926513671876,True,2026-09-30 19:59:05+00:00,TSLA261002P00377500
TSLA,2026-10-01,354.81,2026-10-02,P,380.0,24.95,26.2,28.11,151.0,2855,0.5854533642578125,True,2026-09-30 19:46:32+00:00,TSLA261002P00380000
TSLA,2026-10-01,354.81,2026-10-02,P,382.5,27.5,28.65,29.64,28.0,437,0.6289099609375001,True,2026-09-30 19:30:21+00:00,TSLA261002P00382500
TSLA,2026-10-01,354.81,2026-10-02,P,385.0,29.7,31.15,32.66,115.0,912,0.6113320117187502,True,2026-09-30 19:24:58+00:00,TSLA261002P00385000
TSLA,2026-10-01,354.81,2026-10-02,P,387.5,32.3,33.65,34.85,28.0,305,0.6728548339843752,True,2026-09-30 19:29:29+00:00,TSLA261002P00387500
TSLA,2026-10-01,354.81,2026-10-02,P,390.0,34.55,36.1,37.95,55.0,1264,0.6289099609375001,True,2026-09-30 19:49:54+00:00,TSLA261002P00390000
TSLA,2026-10-01,354.81,2026-10-02,P,392.5,36.95,38.65,40.0,2.0,138,0.6445348046875,True,2026-09-30 19:46:24+00:00,TSLA261002P00392500
TSLA,2026-10-01,354.81,2026-10-02,P,395.0,39.5,41.05,44.44,7.0,76,0.6543003320312502,True,2026-09-30 16:42:21+00:00,TSLA261002P00395000
TSLA,2026-10-01,354.81,2026-10-02,P,397.5,41.95,43.6,17.05,2.0,71,0.6875031250000001,True,2026-09-25 13:30:11+00:00,TSLA261002P00397500
TSLA,2026-10-01,354.81,2026-10-02,P,400.0,44.55,46.0,47.75,7.0,170,0.72070591796875,True,2026-09-30 19:48:55+00:00,TSLA261002P00400000
TSLA,2026-10-01,354.81,2026-10-02,P,402.5,47.15,49.65,48.15,9.0,6,1.070805427246094,True,2026-09-29 15:19:31+00:00,TSLA261002P00402500
TSLA,2026-10-01,354.81,2026-10-02,P,405.0,49.4,51.1,46.5,6.0,4,0.7500025,True,2026-09-28 19:50:42+00:00,TSLA261002P00405000
TSLA,2026-10-01,354.81,2026-10-02,P,407.5,52.0,53.6,60.83,4.0,0,0.8437515624999999,True,2026-09-30 13:58:21+00:00,TSLA261002P00407500
TSLA,2026-10-01,354.81,2026-10-02,P,410.0,53.4,57.5,60.9,1.0,1,0.993164130859375,True,2026-09-29 19:58:00+00:00,TSLA261002P00410000
TSLA,2026-10-01,354.81,2026-10-02,P,412.5,56.4,60.05,41.45,25.0,1,1.1640666796875,True,2026-09-25 16:24:42+00:00,TSLA261002P00412500
TSLA,2026-10-01,354.81,2026-10-02,P,415.0,59.35,62.9,43.22,2.0,2,1.342776723632812,True,2026-09-25 17:16:58+00:00,TSLA261002P00415000
TSLA,2026-10-01,354.81,2026-10-02,P,417.5,61.9,65.25,32.95,2.0,0,1.3662141064453124,True,2026-09-25 13:30:19+00:00,TSLA261002P00417500
TSLA,2026-10-01,354.81,2026-10-02,P,420.0,64.6,66.0,72.25,2.0,6,0.99804689453125,True,2026-09-30 13:41:31+00:00,TSLA261002P00420000
TSLA,2026-10-01,354.81,2026-10-02,P,425.0,69.55,70.7,71.63,5.0,2,1.3339877050781246,True,2026-09-29 13:34:18+00:00,TSLA261002P00425000
TSLA,2026-10-01,354.81,2026-10-02,P,427.5,71.95,75.25,66.91,4.0,1,1.5273461132812498,True,2026-09-28 14:42:19+00:00,TSLA261002P00427500
TSLA,2026-10-01,354.81,2026-10-02,P,430.0,73.4,76.5,64.15,2.0,1,1.6884781201171877,True,2026-09-10 13:45:50+00:00,TSLA261002P00430000
TSLA,2026-10-01,354.81,2026-10-02,P,432.5,75.9,80.25,56.25,,1,1.37109689453125,True,2026-09-22 15:15:36+00:00,TSLA261002P00432500
TSLA,2026-10-01,354.81,2026-10-02,P,435.0,78.4,82.75,56.9,1.0,0,1.404299853515625,True,2026-09-22 14:37:05+00:00,TSLA261002P00435000
TSLA,2026-10-01,354.81,2026-10-02,P,440.0,84.65,86.0,63.5,18.0,0,1.2636755566406248,True,2026-09-24 15:19:42+00:00,TSLA261002P00440000
TSLA,2026-10-01,354.81,2026-10-02,P,445.0,88.1,92.75,82.05,2.0,0,1.423831005859375,True,2026-09-18 19:34:40+00:00,TSLA261002P00445000
TSLA,2026-10-01,354.81,2026-10-02,P,450.0,93.4,97.5,90.82,1.0,0,1.50390873046875,True,2026-09-28 17:41:14+00:00,TSLA261002P00450000
TSLA,2026-10-01,354.81,2026-10-02,P,460.0,104.45,106.0,89.7,1.0,0,1.2812535937499998,True,2026-09-09 15:58:15+00:00,TSLA261002P00460000
TSLA,2026-10-01,354.81,2026-10-02,P,465.0,109.7,111.1,91.28,1.0,0,1.626954990234375,True,2026-09-25 16:01:20+00:00,TSLA261002P00465000
TSLA,2026-10-01,354.81,2026-10-02,P,500.0,144.5,146.0,136.28,2.0,0,1.7265638671875,True,2026-09-10 19:58:48+00:00,TSLA261002P00500000
TSLA,2026-10-01,354.81,2026-10-05,C,305.0,47.0,52.55,54.0,3.0,6,1.1308637207031251,True,2026-09-28 17:38:32+00:00,TSLA261005C00305000
TSLA,2026-10-01,354.81,2026-10-05,C,310.0,42.1,47.75,66.15,,3,0.5351608984375,True,2026-09-22 13:49:27+00:00,TSLA261005C00310000
TSLA,2026-10-01,354.81,2026-10-05,C,320.0,32.65,37.35,34.0,7.0,6,0.8439957006835936,True,2026-09-30 17:41:51+00:00,TSLA261005C00320000
TSLA,2026-10-01,354.81,2026-10-05,C,330.0,24.25,26.1,22.86,42.0,14,0.5324753784179688,True,2026-09-30 18:35:30+00:00,TSLA261005C00330000
TSLA,2026-10-01,354.81,2026-10-05,C,332.5,21.95,24.5,20.32,12.0,5,0.5881388842773438,True,2026-09-30 18:35:30+00:00,TSLA261005C00332500
TSLA,2026-10-01,354.81,2026-10-05,C,335.0,19.65,21.25,15.21,54.0,6,0.4687553125,True,2026-09-30 15:33:22+00:00,TSLA261005C00335000
TSLA,2026-10-01,354.81,2026-10-05,C,337.5,18.1,19.05,18.0,3105.0,3,0.4567925415039063,True,2026-09-30 19:56:09+00:00,TSLA261005C00337500
TSLA,2026-10-01,354.81,2026-10-05,C,340.0,16.15,16.8,16.0,163.0,44,0.43506424316406256,True,2026-09-30 19:56:18+00:00,TSLA261005C00340000
TSLA,2026-10-01,354.81,2026-10-05,C,342.5,14.1,14.8,13.3,177.0,33,0.4292049267578125,True,2026-09-30 19:54:10+00:00,TSLA261005C00342500
TSLA,2026-10-01,354.81,2026-10-05,C,345.0,12.15,12.9,12.53,875.0,57,0.4233456103515625,True,2026-09-30 19:59:23+00:00,TSLA261005C00345000
TSLA,2026-10-01,354.81,2026-10-05,C,347.5,10.45,11.1,10.72,1195.0,463,0.4167538793945312,True,2026-09-30 19:59:36+00:00,TSLA261005C00347500
TSLA,2026-10-01,354.81,2026-10-05,C,350.0,8.85,9.45,8.91,3431.0,163,0.41174904663085937,True,2026-09-30 19:58:06+00:00,TSLA261005C00350000
TSLA,2026-10-01,354.81,2026-10-05,C,352.5,7.5,7.9,7.6,2136.0,410,0.4046690393066406,True,2026-09-30 19:59:28+00:00,TSLA261005C00352500
TSLA,2026-10-01,354.81,2026-10-05,C,355.0,6.2,6.5,6.4,4208.0,806,0.3979552392578125,False,2026-09-30 19:59:21+00:00,TSLA261005C00355000
TSLA,2026-10-01,354.81,2026-10-05,C,357.5,5.1,5.45,5.3,1870.0,270,0.40344834838867194,False,2026-09-30 19:59:53+00:00,TSLA261005C00357500
TSLA,2026-10-01,354.81,2026-10-05,C,360.0,4.25,4.35,4.35,3683.0,1519,0.3969786865234375,False,2026-09-30 19:59:51+00:00,TSLA261005C00360000
TSLA,2026-10-01,354.81,2026-10-05,C,362.5,3.35,3.6,3.46,1385.0,874,0.40369248657226564,False,2026-09-30 19:59:57+00:00,TSLA261005C00362500
TSLA,2026-10-01,354.81,2026-10-05,C,365.0,2.79,2.9,2.86,3392.0,1103,0.4057676611328125,False,2026-09-30 19:59:46+00:00,TSLA261005C00365000
TSLA,2026-10-01,354.81,2026-10-05,C,367.5,2.22,2.35,2.3,2781.0,575,0.4105283557128906,False,2026-09-30 19:59:53+00:00,TSLA261005C00367500
TSLA,2026-10-01,354.81,2026-10-05,C,370.0,1.81,1.95,1.9,3406.0,1998,0.42017181396484377,False,2026-09-30 19:59:47+00:00,TSLA261005C00370000
TSLA,2026-10-01,354.81,2026-10-05,C,372.5,1.47,1.53,1.53,1230.0,517,0.4211483666992188,False,2026-09-30 19:59:20+00:00,TSLA261005C00372500
TSLA,2026-10-01,354.81,2026-10-05,C,375.0,1.17,1.23,1.23,1619.0,1400,0.42676354492187507,False,2026-09-30 19:59:54+00:00,TSLA261005C00375000
TSLA,2026-10-01,354.81,2026-10-05,C,377.5,0.8,0.99,0.98,19636.0,379,0.43286699951171875,False,2026-09-30 19:59:54+00:00,TSLA261005C00377500
TSLA,2026-10-01,354.81,2026-10-05,C,380.0,0.74,0.82,0.8,2119.0,1918,0.44214425048828127,False,2026-09-30 19:59:57+00:00,TSLA261005C00380000
TSLA,2026-10-01,354.81,2026-10-05,C,382.5,0.64,0.67,0.64,191.0,415,0.44995667236328124,False,2026-09-30 19:59:45+00:00,TSLA261005C00382500
TSLA,2026-10-01,354.81,2026-10-05,C,385.0,0.4,0.56,0.54,496.0,975,0.459966337890625,False,2026-09-30 19:59:37+00:00,TSLA261005C00385000
TSLA,2026-10-01,354.81,2026-10-05,C,387.5,0.42,0.47,0.45,186.0,257,0.46973186523437505,False,2026-09-30 19:59:36+00:00,TSLA261005C00387500
TSLA,2026-10-01,354.81,2026-10-05,C,390.0,0.37,0.4,0.38,1393.0,6406,0.4804739453125,False,2026-09-30 19:59:17+00:00,TSLA261005C00390000
TSLA,2026-10-01,354.81,2026-10-05,C,392.5,0.32,0.34,0.23,30.0,199,0.4907277490234375,False,2026-09-30 19:40:18+00:00,TSLA261005C00392500
TSLA,2026-10-01,354.81,2026-10-05,C,395.0,0.27,0.3,0.25,623.0,1299,0.5039112109375,False,2026-09-30 19:51:19+00:00,TSLA261005C00395000
TSLA,2026-10-01,354.81,2026-10-05,C,397.5,0.24,0.26,0.24,252.0,146,0.5117236328125,False,2026-09-30 19:59:38+00:00,TSLA261005C00397500
TSLA,2026-10-01,354.81,2026-10-05,C,400.0,0.21,0.23,0.21,1701.0,2237,0.523442265625,False,2026-09-30 19:59:49+00:00,TSLA261005C00400000
TSLA,2026-10-01,354.81,2026-10-05,C,402.5,0.18,0.2,0.14,96.0,182,0.53320779296875,False,2026-09-30 19:23:24+00:00,TSLA261005C00402500
TSLA,2026-10-01,354.81,2026-10-05,C,405.0,0.16,0.18,0.17,406.0,1016,0.5459029785156251,False,2026-09-30 19:59:27+00:00,TSLA261005C00405000
TSLA,2026-10-01,354.81,2026-10-05,C,407.5,0.15,0.17,0.15,17.0,130,0.5625043750000001,False,2026-09-30 19:57:19+00:00,TSLA261005C00407500
TSLA,2026-10-01,354.81,2026-10-05,C,410.0,0.13,0.15,0.12,61.0,321,0.5722699023437501,False,2026-09-30 16:24:20+00:00,TSLA261005C00410000
TSLA,2026-10-01,354.81,2026-10-05,C,412.5,0.12,0.14,0.1,109.0,218,0.585941640625,False,2026-09-30 18:45:39+00:00,TSLA261005C00412500
TSLA,2026-10-01,354.81,2026-10-05,C,415.0,0.11,0.12,0.09,11.0,234,0.59570716796875,False,2026-09-30 19:43:20+00:00,TSLA261005C00415000
TSLA,2026-10-01,354.81,2026-10-05,C,417.5,0.1,0.12,0.09,4.0,57,0.6123085644531252,False,2026-09-29 16:17:58+00:00,TSLA261005C00417500
TSLA,2026-10-01,354.81,2026-10-05,C,420.0,0.09,0.11,0.09,188.0,6573,0.62305064453125,False,2026-09-30 19:57:36+00:00,TSLA261005C00420000
TSLA,2026-10-01,354.81,2026-10-05,C,422.5,0.08,0.1,0.07,1.0,19,0.6347692773437501,False,2026-09-29 15:32:55+00:00,TSLA261005C00422500
TSLA,2026-10-01,354.81,2026-10-05,C,425.0,0.08,0.1,0.08,25.0,168,0.6523472265625001,False,2026-09-30 19:57:09+00:00,TSLA261005C00425000
TSLA,2026-10-01,354.81,2026-10-05,C,427.5,0.07,0.09,0.08,2.0,25,0.6621127539062501,False,2026-09-30 13:32:41+00:00,TSLA261005C00427500
TSLA,2026-10-01,354.81,2026-10-05,C,430.0,0.07,0.09,0.07,3.0,264,0.6796907031250001,False,2026-09-30 14:19:31+00:00,TSLA261005C00430000
TSLA,2026-10-01,354.81,2026-10-05,C,432.5,0.06,0.09,0.07,3.0,7,0.6914093359375001,False,2026-09-30 16:15:23+00:00,TSLA261005C00432500
TSLA,2026-10-01,354.81,2026-10-05,C,435.0,0.06,0.08,0.07,14.0,214,0.70312796875,False,2026-09-30 19:25:05+00:00,TSLA261005C00435000
TSLA,2026-10-01,354.81,2026-10-05,C,437.5,0.06,0.08,0.06,4.0,5,0.72070591796875,False,2026-09-30 17:33:47+00:00,TSLA261005C00437500
TSLA,2026-10-01,354.81,2026-10-05,C,440.0,0.05,0.08,0.06,177.0,76,0.7304714453125,False,2026-09-30 19:32:19+00:00,TSLA261005C00440000
TSLA,2026-10-01,354.81,2026-10-05,C,442.5,0.05,0.07,0.06,11.0,68,0.7421900781249999,False,2026-09-30 18:43:05+00:00,TSLA261005C00442500
TSLA,2026-10-01,354.81,2026-10-05,C,445.0,0.05,0.06,0.04,730.0,931,0.7500025,False,2026-09-30 19:44:44+00:00,TSLA261005C00445000
TSLA,2026-10-01,354.81,2026-10-05,P,250.0,0.02,0.04,0.03,23.0,310,1.0742233789062503,False,2026-09-30 16:05:52+00:00,TSLA261005P00250000
TSLA,2026-10-01,354.81,2026-10-05,P,255.0,0.02,0.04,0.03,15.0,128,1.015629921875,False,2026-09-30 19:53:19+00:00,TSLA261005P00255000
TSLA,2026-10-01,354.81,2026-10-05,P,260.0,0.03,0.05,0.06,90.0,184,0.992187578125,False,2026-09-30 15:11:04+00:00,TSLA261005P00260000
TSLA,2026-10-01,354.81,2026-10-05,P,265.0,0.03,0.05,0.07,3.0,1257,0.937500625,False,2026-09-29 14:32:06+00:00,TSLA261005P00265000
TSLA,2026-10-01,354.81,2026-10-05,P,270.0,0.04,0.06,0.06,31.0,7,0.9023447265625,False,2026-09-30 18:43:11+00:00,TSLA261005P00270000
TSLA,2026-10-01,354.81,2026-10-05,P,275.0,0.04,0.06,0.07,34.0,1859,0.8476577734374999,False,2026-09-30 14:43:13+00:00,TSLA261005P00275000
TSLA,2026-10-01,354.81,2026-10-05,P,280.0,0.05,0.07,0.07,1.0,126,0.8085956640624999,False,2026-09-30 16:04:29+00:00,TSLA261005P00280000
TSLA,2026-10-01,354.81,2026-10-05,P,290.0,0.07,0.09,0.09,35.0,468,0.726565234375,False,2026-09-30 17:37:02+00:00,TSLA261005P00290000
TSLA,2026-10-01,354.81,2026-10-05,P,300.0,0.09,0.11,0.1,4.0,170,0.6347692773437501,False,2026-09-30 19:42:11+00:00,TSLA261005P00300000
TSLA,2026-10-01,354.81,2026-10-05,P,305.0,0.1,0.12,0.12,49.0,213,0.586918193359375,False,2026-09-30 19:32:19+00:00,TSLA261005P00305000
TSLA,2026-10-01,354.81,2026-10-05,P,310.0,0.12,0.14,0.14,52.0,113,0.5449264257812501,False,2026-09-30 18:04:35+00:00,TSLA261005P00310000
TSLA,2026-10-01,354.81,2026-10-05,P,315.0,0.15,0.17,0.18,116.0,255,0.5039112109375,False,2026-09-30 18:38:51+00:00,TSLA261005P00315000
TSLA,2026-10-01,354.81,2026-10-05,P,320.0,0.21,0.22,0.24,1152.0,193,0.47070841796875,False,2026-09-30 19:42:18+00:00,TSLA261005P00320000
TSLA,2026-10-01,354.81,2026-10-05,P,322.5,0.24,0.27,0.26,105.0,186,0.45752495605468757,False,2026-09-30 19:58:13+00:00,TSLA261005P00322500
TSLA,2026-10-01,354.81,2026-10-05,P,325.0,0.3,0.32,0.3,1766.0,1369,0.4409235595703125,False,2026-09-30 19:57:37+00:00,TSLA261005P00325000
TSLA,2026-10-01,354.81,2026-10-05,P,327.5,0.37,0.4,0.4,132.0,85,0.428716650390625,False,2026-09-30 19:59:50+00:00,TSLA261005P00327500
TSLA,2026-10-01,354.81,2026-10-05,P,330.0,0.47,0.5,0.49,1497.0,536,0.41602146484374997,False,2026-09-30 19:59:59+00:00,TSLA261005P00330000
TSLA,2026-10-01,354.81,2026-10-05,P,332.5,0.44,0.65,0.65,785.0,770,0.40698835205078127,False,2026-09-30 19:56:48+00:00,TSLA261005P00332500
TSLA,2026-10-01,354.81,2026-10-05,P,335.0,0.63,0.85,0.82,636.0,200,0.3991759301757813,False,2026-09-30 19:58:31+00:00,TSLA261005P00335000
TSLA,2026-10-01,354.81,2026-10-05,P,337.5,0.78,1.14,1.1,374.0,150,0.3952697192382813,False,2026-09-30 19:58:31+00:00,TSLA261005P00337500
TSLA,2026-10-01,354.81,2026-10-05,P,340.0,1.39,1.52,1.45,1409.0,429,0.39234006103515623,False,2026-09-30 19:59:35+00:00,TSLA261005P00340000
TSLA,2026-10-01,354.81,2026-10-05,P,342.5,1.85,2.01,1.96,740.0,188,0.39063109375,False,2026-09-30 19:59:00+00:00,TSLA261005P00342500
TSLA,2026-10-01,354.81,2026-10-05,P,345.0,2.4,2.6,2.55,2167.0,272,0.387701435546875,False,2026-09-30 19:59:45+00:00,TSLA261005P00345000
TSLA,2026-10-01,354.81,2026-10-05,P,347.5,3.15,3.35,3.23,1222.0,320,0.38709109008789055,False,2026-09-30 19:58:35+00:00,TSLA261005P00347500
TSLA,2026-10-01,354.81,2026-10-05,P,350.0,4.05,4.25,4.19,3007.0,1012,0.38709109008789055,False,2026-09-30 19:59:54+00:00,TSLA261005P00350000
TSLA,2026-10-01,354.81,2026-10-05,P,352.5,5.1,5.35,5.25,2006.0,299,0.39002074829101563,False,2026-09-30 19:57:21+00:00,TSLA261005P00352500
TSLA,2026-10-01,354.81,2026-10-05,P,355.0,6.3,6.6,6.49,1168.0,401,0.39258419921875,True,2026-09-30 19:59:54+00:00,TSLA261005P00355000
TSLA,2026-10-01,354.81,2026-10-05,P,357.5,7.55,8.05,9.25,278.0,376,0.3980773083496094,True,2026-09-30 19:32:13+00:00,TSLA261005P00357500
TSLA,2026-10-01,354.81,2026-10-05,P,360.0,9.05,9.65,9.37,1353.0,394,0.4039366247558594,True,2026-09-30 19:57:21+00:00,TSLA261005P00360000
TSLA,2026-10-01,354.81,2026-10-05,P,362.5,10.75,11.4,11.07,327.0,246,0.4110166320800781,True,2026-09-30 19:59:47+00:00,TSLA261005P00362500
TSLA,2026-10-01,354.81,2026-10-05,P,365.0,12.4,13.2,13.97,247.0,280,0.41358008300781246,True,2026-09-30 19:52:10+00:00,TSLA261005P00365000
TSLA,2026-10-01,354.81,2026-10-05,P,367.5,14.45,15.35,16.2,26.0,232,0.4343318286132813,True,2026-09-30 19:52:26+00:00,TSLA261005P00367500
TSLA,2026-10-01,354.81,2026-10-05,P,370.0,16.3,17.35,18.08,38.0,532,0.43774976318359377,True,2026-09-30 19:53:27+00:00,TSLA261005P00370000
TSLA,2026-10-01,354.81,2026-10-05,P,372.5,18.55,19.35,20.41,7.0,323,0.4334773449707031,True,2026-09-30 19:18:48+00:00,TSLA261005P00372500
TSLA,2026-10-01,354.81,2026-10-05,P,375.0,20.7,21.75,22.93,37.0,1193,0.46094289062500005,True,2026-09-30 19:51:45+00:00,TSLA261005P00375000
TSLA,2026-10-01,354.81,2026-10-05,P,377.5,23.0,24.15,27.86,10.0,159,0.48633326171875,True,2026-09-29 19:39:43+00:00,TSLA261005P00377500
TSLA,2026-10-01,354.81,2026-10-05,P,380.0,25.05,26.5,28.25,8.0,368,0.5039112109375,True,2026-09-30 17:32:48+00:00,TSLA261005P00380000
TSLA,2026-10-01,354.81,2026-10-05,P,382.5,27.45,29.9,28.5,3.0,79,0.632816171875,True,2026-09-30 19:56:22+00:00,TSLA261005P00382500
TSLA,2026-10-01,354.81,2026-10-05,P,385.0,29.1,32.95,32.07,1.0,68,0.5053760400390624,True,2026-09-30 19:18:48+00:00,TSLA261005P00385000
TSLA,2026-10-01,354.81,2026-10-05,P,387.5,31.4,35.4,30.74,13.0,37,0.514653291015625,True,2026-09-28 19:47:57+00:00,TSLA261005P00387500
TSLA,2026-10-01,354.81,2026-10-05,P,390.0,34.65,36.15,35.5,2.0,84,0.5830119824218749,True,2026-09-29 18:53:27+00:00,TSLA261005P00390000
TSLA,2026-10-01,354.81,2026-10-05,P,395.0,39.45,42.8,26.25,3.0,6,0.6367223828125,True,2026-09-25 14:29:59+00:00,TSLA261005P00395000
TSLA,2026-10-01,354.81,2026-10-05,P,397.5,41.2,45.25,21.45,,29,0.5888712988281251,True,2026-09-24 18:29:12+00:00,TSLA261005P00397500
TSLA,2026-10-01,354.81,2026-10-05,P,400.0,43.7,46.4,51.2,1.0,7,0.7358424853515625,True,2026-09-25 18:08:09+00:00,TSLA261005P00400000
TSLA,2026-10-01,354.81,2026-10-05,P,402.5,46.4,50.25,31.25,4.0,12,0.6616244775390626,True,2026-09-25 15:06:19+00:00,TSLA261005P00402500
TSLA,2026-10-01,354.81,2026-10-05,P,405.0,48.65,52.7,31.25,1.0,3,0.6518589501953126,True,2026-09-25 13:45:37+00:00,TSLA261005P00405000
TSLA,2026-10-01,354.81,2026-10-05,P,407.5,51.15,55.2,31.55,,1,0.6757844921875001,True,2026-09-22 19:56:12+00:00,TSLA261005P00407500
TSLA,2026-10-01,354.81,2026-10-05,P,410.0,53.65,57.7,33.1,1.0,1,0.6997100341796876,True,2026-09-23 13:36:34+00:00,TSLA261005P00410000
TSLA,2026-10-01,354.81,2026-10-05,P,415.0,58.6,62.7,45.1,4.0,0,0.7392604199218749,True,2026-09-25 14:03:25+00:00,TSLA261005P00415000
TSLA,2026-10-01,354.81,2026-10-05,P,420.0,63.35,67.7,61.55,1.0,0,0.743166630859375,True,2026-09-28 19:38:25+00:00,TSLA261005P00420000
TSLA,2026-10-01,354.81,2026-10-05,P,425.0,68.05,73.5,55.1,1.0,0,0.8652357226562499,True,2026-09-25 14:15:02+00:00,TSLA261005P00425000
TSLA,2026-10-01,354.81,2026-10-07,C,320.0,34.2,36.6,32.49,4.0,2,0.6391637646484375,True,2026-09-30 17:05:48+00:00,TSLA261007C00320000
TSLA,2026-10-01,354.81,2026-10-07,C,340.0,16.85,17.9,15.94,53.0,18,0.44434149414062496,True,2026-09-30 19:00:23+00:00,TSLA261007C00340000
TSLA,2026-10-01,354.81,2026-10-07,C,342.5,15.3,16.0,15.5,31.0,18,0.43921459228515625,True,2026-09-30 19:59:12+00:00,TSLA261007C00342500
TSLA,2026-10-01,354.81,2026-10-07,C,345.0,13.5,14.05,12.2,584.0,25,0.42590906127929695,True,2026-09-30 19:53:02+00:00,TSLA261007C00345000
TSLA,2026-10-01,354.81,2026-10-07,C,350.0,10.35,10.75,10.63,1430.0,85,0.41712008666992184,True,2026-09-30 19:57:56+00:00,TSLA261007C00350000
TSLA,2026-10-01,354.81,2026-10-07,C,355.0,7.65,8.05,7.79,1603.0,415,0.4154111193847656,False,2026-09-30 19:59:23+00:00,TSLA261007C00355000
TSLA,2026-10-01,354.81,2026-10-07,C,360.0,5.5,5.8,5.78,1354.0,355,0.4119321502685547,False,2026-09-30 19:59:50+00:00,TSLA261007C00360000
TSLA,2026-10-01,354.81,2026-10-07,C,365.0,3.9,4.3,4.1,964.0,660,0.4242000939941406,False,2026-09-30 19:59:22+00:00,TSLA261007C00365000
TSLA,2026-10-01,354.81,2026-10-07,C,367.5,3.3,3.55,3.43,393.0,805,0.42188078125,False,2026-09-30 19:58:48+00:00,TSLA261007C00367500
TSLA,2026-10-01,354.81,2026-10-07,C,370.0,2.83,2.95,2.92,1032.0,645,0.422857333984375,False,2026-09-30 19:59:43+00:00,TSLA261007C00370000
TSLA,2026-10-01,354.81,2026-10-07,C,372.5,2.1,2.47,2.47,391.0,318,0.42615319946289065,False,2026-09-30 19:59:56+00:00,TSLA261007C00372500
TSLA,2026-10-01,354.81,2026-10-07,C,375.0,1.96,2.2,2.02,696.0,1078,0.4401911450195312,False,2026-09-30 19:59:38+00:00,TSLA261007C00375000
TSLA,2026-10-01,354.81,2026-10-07,C,377.5,1.61,1.8,1.7,782.0,580,0.4401911450195312,False,2026-09-30 19:58:19+00:00,TSLA261007C00377500
TSLA,2026-10-01,354.81,2026-10-07,C,380.0,1.08,1.44,1.36,591.0,567,0.4382380395507813,False,2026-09-30 19:58:51+00:00,TSLA261007C00380000
TSLA,2026-10-01,354.81,2026-10-07,C,382.5,1.14,1.3,1.18,219.0,106,0.45288633056640626,False,2026-09-30 19:57:47+00:00,TSLA261007C00382500
TSLA,2026-10-01,354.81,2026-10-07,C,385.0,0.96,1.02,0.99,669.0,468,0.44946839599609373,False,2026-09-30 19:58:50+00:00,TSLA261007C00385000
TSLA,2026-10-01,354.81,2026-10-07,C,387.5,0.62,0.86,0.81,232.0,215,0.45508357421875,False,2026-09-30 19:58:21+00:00,TSLA261007C00387500
TSLA,2026-10-01,354.81,2026-10-07,C,390.0,0.66,0.73,0.67,164.0,403,0.46143116699218756,False,2026-09-30 19:57:33+00:00,TSLA261007C00390000
TSLA,2026-10-01,354.81,2026-10-07,C,392.5,0.4,0.62,0.61,109.0,68,0.467778759765625,False,2026-09-30 19:59:24+00:00,TSLA261007C00392500
TSLA,2026-10-01,354.81,2026-10-07,C,395.0,0.32,0.54,0.52,64.0,87,0.476567734375,False,2026-09-30 19:56:41+00:00,TSLA261007C00395000
TSLA,2026-10-01,354.81,2026-10-07,C,397.5,0.42,0.47,0.37,5.0,28,0.4848684326171875,False,2026-09-30 19:01:26+00:00,TSLA261007C00397500
TSLA,2026-10-01,354.81,2026-10-07,C,400.0,0.38,0.41,0.4,265.0,638,0.4931691308593751,False,2026-09-30 19:59:53+00:00,TSLA261007C00400000
TSLA,2026-10-01,354.81,2026-10-07,C,402.5,0.33,0.36,0.26,75.0,26,0.5014698291015626,False,2026-09-30 19:24:46+00:00,TSLA261007C00402500
TSLA,2026-10-01,354.81,2026-10-07,C,405.0,0.29,0.32,0.28,86.0,62,0.506840869140625,False,2026-09-30 18:45:05+00:00,TSLA261007C00405000
TSLA,2026-10-01,354.81,2026-10-07,C,407.5,0.26,0.29,0.22,9.0,128,0.516606396484375,False,2026-09-30 18:02:59+00:00,TSLA261007C00407500
TSLA,2026-10-01,354.81,2026-10-07,C,410.0,0.23,0.26,0.24,63.0,112,0.5258836474609375,False,2026-09-30 19:57:24+00:00,TSLA261007C00410000
TSLA,2026-10-01,354.81,2026-10-07,C,412.5,0.21,0.24,0.19,8.0,21,0.5371140039062501,False,2026-09-30 19:19:36+00:00,TSLA261007C00412500
TSLA,2026-10-01,354.81,2026-10-07,C,415.0,0.18,0.21,0.14,72.0,92,0.5429733203125001,False,2026-09-30 17:29:09+00:00,TSLA261007C00415000
TSLA,2026-10-01,354.81,2026-10-07,C,417.5,0.17,0.19,0.17,21.0,1,0.5537154003906251,False,2026-09-30 19:58:31+00:00,TSLA261007C00417500
TSLA,2026-10-01,354.81,2026-10-07,C,420.0,0.15,0.18,0.15,3.0,193,0.5634809277343751,False,2026-09-30 17:34:19+00:00,TSLA261007C00420000
TSLA,2026-10-01,354.81,2026-10-07,C,422.5,0.14,0.16,0.14,1.0,5,0.5732464550781251,False,2026-09-30 19:58:31+00:00,TSLA261007C00422500
TSLA,2026-10-01,354.81,2026-10-07,C,425.0,0.13,0.15,0.12,30.0,11,0.5839885351562499,False,2026-09-30 19:30:35+00:00,TSLA261007C00425000
TSLA,2026-10-01,354.81,2026-10-07,C,427.5,0.11,0.14,0.1,6.0,8,0.5918009570312501,False,2026-09-30 18:36:12+00:00,TSLA261007C00427500
TSLA,2026-10-01,354.81,2026-10-07,C,430.0,0.1,0.13,0.1,11.0,63,0.6005899316406251,False,2026-09-30 17:47:37+00:00,TSLA261007C00430000
TSLA,2026-10-01,354.81,2026-10-07,C,435.0,0.09,0.11,0.08,10.0,22,0.6210975390625001,False,2026-09-29 19:57:29+00:00,TSLA261007C00435000
TSLA,2026-10-01,354.81,2026-10-07,C,440.0,0.08,0.1,0.07,1.0,15,0.6425816992187501,False,2026-09-30 15:02:45+00:00,TSLA261007C00440000
TSLA,2026-10-01,354.81,2026-10-07,C,445.0,0.07,0.09,0.08,22.0,37,0.6621127539062501,False,2026-09-30 19:52:04+00:00,TSLA261007C00445000
TSLA,2026-10-01,354.81,2026-10-07,P,250.0,0.03,0.06,0.04,10.0,10,0.945313046875,False,2026-09-30 19:18:07+00:00,TSLA261007P00250000
TSLA,2026-10-01,354.81,2026-10-07,P,295.0,0.13,0.16,0.16,1.0,29,0.6132851171875001,False,2026-09-30 17:24:29+00:00,TSLA261007P00295000
TSLA,2026-10-01,354.81,2026-10-07,P,300.0,0.15,0.18,0.18,22.0,57,0.5751995605468749,False,2026-09-30 19:38:16+00:00,TSLA261007P00300000
TSLA,2026-10-01,354.81,2026-10-07,P,310.0,0.21,0.25,0.26,31.0,28,0.5029346582031251,False,2026-09-30 19:05:58+00:00,TSLA261007P00310000
TSLA,2026-10-01,354.81,2026-10-07,P,315.0,0.28,0.32,0.34,24.0,72,0.47852083984375,False,2026-09-30 19:24:12+00:00,TSLA261007P00315000
TSLA,2026-10-01,354.81,2026-10-07,P,320.0,0.39,0.43,0.43,26.0,80,0.4506890869140625,False,2026-09-30 18:01:22+00:00,TSLA261007P00320000
TSLA,2026-10-01,354.81,2026-10-07,P,325.0,0.59,0.64,0.61,72.0,123,0.43164630859375,False,2026-09-30 19:58:47+00:00,TSLA261007P00325000
TSLA,2026-10-01,354.81,2026-10-07,P,330.0,0.75,1.17,0.96,211.0,108,0.4373835559082031,False,2026-09-30 19:58:47+00:00,TSLA261007P00330000
TSLA,2026-10-01,354.81,2026-10-07,P,332.5,1.18,1.54,1.48,199.0,44,0.44043528320312497,False,2026-09-30 19:38:28+00:00,TSLA261007P00332500
TSLA,2026-10-01,354.81,2026-10-07,P,335.0,1.49,1.57,1.54,285.0,52,0.40796490478515623,False,2026-09-30 19:57:09+00:00,TSLA261007P00335000
TSLA,2026-10-01,354.81,2026-10-07,P,337.5,1.89,1.98,1.91,151.0,132,0.40515731567382807,False,2026-09-30 19:58:41+00:00,TSLA261007P00337500
TSLA,2026-10-01,354.81,2026-10-07,P,340.0,2.38,2.48,2.57,522.0,243,0.40296007202148443,False,2026-09-30 19:48:01+00:00,TSLA261007P00340000
TSLA,2026-10-01,354.81,2026-10-07,P,342.5,2.68,3.1,3.04,219.0,87,0.4023497265625,False,2026-09-30 19:58:58+00:00,TSLA261007P00342500
TSLA,2026-10-01,354.81,2026-10-07,P,345.0,3.65,3.85,3.94,557.0,150,0.40320421020507813,False,2026-09-30 19:14:24+00:00,TSLA261007P00345000
TSLA,2026-10-01,354.81,2026-10-07,P,347.5,4.2,4.7,4.5,1076.0,136,0.4030211065673829,False,2026-09-30 19:59:53+00:00,TSLA261007P00347500
TSLA,2026-10-01,354.81,2026-10-07,P,350.0,4.3,5.65,5.45,1398.0,326,0.4017393811035156,False,2026-09-30 19:59:41+00:00,TSLA261007P00350000
TSLA,2026-10-01,354.81,2026-10-07,P,352.5,5.3,6.85,6.6,809.0,200,0.40704938659667966,False,2026-09-30 19:58:53+00:00,TSLA261007P00352500
TSLA,2026-10-01,354.81,2026-10-07,P,355.0,7.5,8.65,7.75,227.0,117,0.4364070031738281,True,2026-09-30 19:59:22+00:00,TSLA261007P00355000
TSLA,2026-10-01,354.81,2026-10-07,P,357.5,8.95,9.4,9.25,68.0,72,0.4057676611328125,True,2026-09-30 19:58:54+00:00,TSLA261007P00357500
TSLA,2026-10-01,354.81,2026-10-07,P,360.0,10.5,10.9,11.6,44.0,462,0.407232490234375,True,2026-09-30 19:16:36+00:00,TSLA261007P00360000
TSLA,2026-10-01,354.81,2026-10-07,P,362.5,11.95,12.55,12.7,84.0,37,0.4105283557128906,True,2026-09-30 19:09:13+00:00,TSLA261007P00362500
TSLA,2026-10-01,354.81,2026-10-07,P,365.0,13.65,14.3,14.8,118.0,151,0.41345801391601555,True,2026-09-30 19:44:47+00:00,TSLA261007P00365000
TSLA,2026-10-01,354.81,2026-10-07,P,367.5,15.45,16.25,17.65,62.0,54,0.4226131958007812,True,2026-09-30 19:34:14+00:00,TSLA261007P00367500
TSLA,2026-10-01,354.81,2026-10-07,P,370.0,17.4,18.15,17.9,38.0,129,0.4234676794433594,True,2026-09-30 19:58:34+00:00,TSLA261007P00370000
TSLA,2026-10-01,354.81,2026-10-07,P,372.5,18.95,21.15,21.0,9.0,20,0.4924367163085938,True,2026-09-30 19:54:22+00:00,TSLA261007P00372500
TSLA,2026-10-01,354.81,2026-10-07,P,375.0,20.6,23.25,22.6,13.0,40,0.5014698291015626,True,2026-09-30 17:54:39+00:00,TSLA261007P00375000
TSLA,2026-10-01,354.81,2026-10-07,P,377.5,22.75,25.5,30.15,1.0,17,0.5178270874023438,True,2026-09-30 15:07:28+00:00,TSLA261007P00377500
TSLA,2026-10-01,354.81,2026-10-07,P,380.0,25.0,27.2,28.0,12.0,21,0.48816429809570316,True,2026-09-29 18:00:34+00:00,TSLA261007P00380000
TSLA,2026-10-01,354.81,2026-10-07,P,382.5,27.5,30.45,30.03,3.0,7,0.5783733569335938,True,2026-09-30 18:31:05+00:00,TSLA261007P00382500
TSLA,2026-10-01,354.81,2026-10-07,P,385.0,29.35,33.0,31.56,2.0,5,0.6132851171875001,True,2026-09-29 18:28:27+00:00,TSLA261007P00385000
TSLA,2026-10-01,354.81,2026-10-07,P,402.5,46.25,50.05,34.03,1.0,1,0.5249070947265625,True,2026-09-25 15:43:24+00:00,TSLA261007P00402500
TSLA,2026-10-01,354.81,2026-10-07,P,405.0,48.95,52.5,36.2,1.0,1,0.5612836840820312,True,2026-09-25 15:43:24+00:00,TSLA261007P00405000
TSLA,2026-10-01,354.81,2026-10-09,C,50.0,300.95,308.5,314.41,30.0,30,7.995117193603516,True,2026-09-18 19:16:57+00:00,TSLA261009C00050000
TSLA,2026-10-01,354.81,2026-10-09,C,100.0,251.5,256.5,275.17,,19,4.426762279052733,True,2026-09-21 18:18:03+00:00,TSLA261009C00100000
TSLA,2026-10-01,354.81,2026-10-09,C,120.0,231.5,237.85,253.9,2.0,2,4.2924851031494144,True,2026-09-25 16:14:58+00:00,TSLA261009C00120000
TSLA,2026-10-01,354.81,2026-10-09,C,140.0,211.35,218.3,220.35,6.0,7,1.875000625,True,2026-09-28 14:07:55+00:00,TSLA261009C00140000
TSLA,2026-10-01,354.81,2026-10-09,C,150.0,201.8,207.45,202.72,6.0,10,3.3823257629394528,True,2026-09-30 19:47:52+00:00,TSLA261009C00150000
TSLA,2026-10-01,354.81,2026-10-09,C,180.0,173.75,176.35,174.8,,0,1.8496101269531249,True,2026-09-01 18:47:16+00:00,TSLA261009C00180000
TSLA,2026-10-01,354.81,2026-10-09,C,200.0,151.65,157.95,151.2,1.0,3,2.469730388183594,True,2026-09-30 16:45:33+00:00,TSLA261009C00200000
TSLA,2026-10-01,354.81,2026-10-09,C,230.0,121.75,128.1,122.56,1.0,17,1.123051259765625,True,2026-09-30 17:38:21+00:00,TSLA261009C00230000
TSLA,2026-10-01,354.81,2026-10-09,C,240.0,111.8,118.15,138.85,30.0,31,1.0683640332031252,True,2026-09-24 14:29:34+00:00,TSLA261009C00240000
TSLA,2026-10-01,354.81,2026-10-09,C,250.0,101.85,106.0,129.56,1.0,14,1.3276400805664061,True,2026-09-22 16:53:57+00:00,TSLA261009C00250000
TSLA,2026-10-01,354.81,2026-10-09,C,255.0,96.85,103.1,103.16,1.0,13,0.91992267578125,True,2026-09-29 13:30:30+00:00,TSLA261009C00255000
TSLA,2026-10-01,354.81,2026-10-09,C,260.0,91.9,98.15,119.56,1.0,37,0.9023447265625,True,2026-09-22 16:54:50+00:00,TSLA261009C00260000
TSLA,2026-10-01,354.81,2026-10-09,C,265.0,86.9,93.4,86.03,16.0,34,0.913086806640625,True,2026-09-30 16:07:30+00:00,TSLA261009C00265000
TSLA,2026-10-01,354.81,2026-10-09,C,270.0,81.95,88.15,106.99,1.0,23,0.8183611914062499,True,2026-09-22 15:21:57+00:00,TSLA261009C00270000
TSLA,2026-10-01,354.81,2026-10-09,C,275.0,76.95,83.05,104.37,10.0,37,0.745119736328125,True,2026-09-24 19:57:32+00:00,TSLA261009C00275000
TSLA,2026-10-01,354.81,2026-10-09,C,280.0,72.0,78.2,91.2,20.0,72,0.743166630859375,True,2026-09-25 14:28:28+00:00,TSLA261009C00280000
TSLA,2026-10-01,354.81,2026-10-09,C,285.0,67.05,73.25,86.65,34.0,42,0.7128934960937501,True,2026-09-25 14:28:56+00:00,TSLA261009C00285000
TSLA,2026-10-01,354.81,2026-10-09,C,290.0,62.1,66.55,83.46,1.0,39,0.9238288867187501,True,2026-09-25 18:45:20+00:00,TSLA261009C00290000
TSLA,2026-10-01,354.81,2026-10-09,C,295.0,57.25,62.95,76.35,4.0,14,0.6005899316406251,True,2026-09-25 14:15:29+00:00,TSLA261009C00295000
TSLA,2026-10-01,354.81,2026-10-09,C,300.0,52.45,56.8,52.72,6.0,84,0.8305681005859374,True,2026-09-30 18:33:21+00:00,TSLA261009C00300000
TSLA,2026-10-01,354.81,2026-10-09,C,305.0,47.7,52.7,74.3,2.0,43,0.5336960693359375,True,2026-09-24 14:33:58+00:00,TSLA261009C00305000
TSLA,2026-10-01,354.81,2026-10-09,C,310.0,43.15,47.25,45.0,4.0,19,0.7498804309082032,True,2026-09-30 17:48:20+00:00,TSLA261009C00310000
TSLA,2026-10-01,354.81,2026-10-09,C,315.0,38.95,41.8,36.15,7.0,72,0.6442906665039063,True,2026-09-30 15:48:21+00:00,TSLA261009C00315000
TSLA,2026-10-01,354.81,2026-10-09,C,320.0,34.75,37.15,34.5,28.0,156,0.6124306335449221,True,2026-09-30 18:12:39+00:00,TSLA261009C00320000
TSLA,2026-10-01,354.81,2026-10-09,C,325.0,30.9,31.7,29.14,20.0,116,0.5107470800781251,True,2026-09-30 19:29:48+00:00,TSLA261009C00325000
TSLA,2026-10-01,354.81,2026-10-09,C,330.0,26.4,27.05,25.5,39.0,281,0.47485876708984376,True,2026-09-30 19:17:37+00:00,TSLA261009C00330000
TSLA,2026-10-01,354.81,2026-10-09,C,335.0,22.15,22.85,17.75,269.0,244,0.46143116699218756,True,2026-09-30 15:11:25+00:00,TSLA261009C00335000
TSLA,2026-10-01,354.81,2026-10-09,C,340.0,18.2,18.85,17.5,427.0,218,0.4458063232421875,True,2026-09-30 19:54:49+00:00,TSLA261009C00340000
TSLA,2026-10-01,354.81,2026-10-09,C,345.0,14.75,16.15,15.0,991.0,165,0.4803518762207031,True,2026-09-30 19:59:04+00:00,TSLA261009C00345000
TSLA,2026-10-01,354.81,2026-10-09,C,347.5,13.15,13.8,13.35,2367.0,156,0.4415339050292969,True,2026-09-30 19:58:55+00:00,TSLA261009C00347500
TSLA,2026-10-01,354.81,2026-10-09,C,350.0,11.65,12.2,11.9,5015.0,905,0.43506424316406256,True,2026-09-30 19:58:52+00:00,TSLA261009C00350000
TSLA,2026-10-01,354.81,2026-10-09,C,352.5,9.75,10.45,10.5,3136.0,584,0.4175473284912109,True,2026-09-30 19:59:31+00:00,TSLA261009C00352500
TSLA,2026-10-01,354.81,2026-10-09,C,355.0,9.0,9.25,9.23,9457.0,1435,0.42035491760253907,False,2026-09-30 19:59:57+00:00,TSLA261009C00355000
TSLA,2026-10-01,354.81,2026-10-09,C,357.5,7.85,8.4,8.0,866.0,889,0.43420975952148444,False,2026-09-30 19:59:38+00:00,TSLA261009C00357500
TSLA,2026-10-01,354.81,2026-10-09,C,360.0,6.9,7.2,7.0,4071.0,2332,0.4276180285644532,False,2026-09-30 19:59:50+00:00,TSLA261009C00360000
TSLA,2026-10-01,354.81,2026-10-09,C,362.5,5.85,6.3,6.12,740.0,823,0.4301204449462891,False,2026-09-30 19:59:00+00:00,TSLA261009C00362500
TSLA,2026-10-01,354.81,2026-10-09,C,365.0,5.2,5.5,5.35,7548.0,1843,0.4329890686035156,False,2026-09-30 19:59:34+00:00,TSLA261009C00365000
TSLA,2026-10-01,354.81,2026-10-09,C,367.5,4.5,4.9,4.55,570.0,626,0.44165597412109375,False,2026-09-30 19:59:28+00:00,TSLA261009C00367500
TSLA,2026-10-01,354.81,2026-10-09,C,370.0,3.85,4.0,3.9,3453.0,3678,0.43066975585937506,False,2026-09-30 19:59:42+00:00,TSLA261009C00370000
TSLA,2026-10-01,354.81,2026-10-09,C,372.5,3.3,3.4,3.35,975.0,619,0.43079182495117196,False,2026-09-30 19:57:52+00:00,TSLA261009C00372500
TSLA,2026-10-01,354.81,2026-10-09,C,375.0,2.84,2.92,2.88,4712.0,2782,0.4337214831542969,False,2026-09-30 19:59:02+00:00,TSLA261009C00375000
TSLA,2026-10-01,354.81,2026-10-09,C,377.5,2.41,2.49,2.46,450.0,1279,0.4359187268066406,False,2026-09-30 19:59:54+00:00,TSLA261009C00377500
TSLA,2026-10-01,354.81,2026-10-09,C,380.0,2.0,2.13,2.11,1838.0,2513,0.4390925231933594,False,2026-09-30 19:59:32+00:00,TSLA261009C00380000
TSLA,2026-10-01,354.81,2026-10-09,C,382.5,1.73,1.82,1.75,366.0,448,0.442388388671875,False,2026-09-30 19:58:33+00:00,TSLA261009C00382500
TSLA,2026-10-01,354.81,2026-10-09,C,385.0,1.48,1.55,1.52,1543.0,1590,0.44556218505859374,False,2026-09-30 19:59:46+00:00,TSLA261009C00385000
TSLA,2026-10-01,354.81,2026-10-09,C,387.5,1.27,1.33,1.3,260.0,454,0.4497125341796875,False,2026-09-30 19:57:28+00:00,TSLA261009C00387500
TSLA,2026-10-01,354.81,2026-10-09,C,390.0,1.08,1.14,1.1,1414.0,1813,0.45386288330078123,False,2026-09-30 19:59:38+00:00,TSLA261009C00390000
TSLA,2026-10-01,354.81,2026-10-09,C,392.5,0.94,1.17,0.94,88.0,418,0.4792532543945312,False,2026-09-30 19:57:26+00:00,TSLA261009C00392500
TSLA,2026-10-01,354.81,2026-10-09,C,395.0,0.83,0.85,0.84,729.0,762,0.463872548828125,False,2026-09-30 19:59:10+00:00,TSLA261009C00395000
TSLA,2026-10-01,354.81,2026-10-09,C,397.5,0.71,0.91,0.73,219.0,235,0.49219257812500006,False,2026-09-30 19:59:21+00:00,TSLA261009C00397500
TSLA,2026-10-01,354.81,2026-10-09,C,400.0,0.64,0.76,0.64,3635.0,5911,0.4924367163085938,False,2026-09-30 19:59:55+00:00,TSLA261009C00400000
TSLA,2026-10-01,354.81,2026-10-09,C,402.5,0.54,0.58,0.5,22.0,114,0.48413601806640627,False,2026-09-30 19:53:38+00:00,TSLA261009C00402500
TSLA,2026-10-01,354.81,2026-10-09,C,405.0,0.49,0.51,0.5,393.0,1326,0.49023947265625006,False,2026-09-30 19:41:26+00:00,TSLA261009C00405000
TSLA,2026-10-01,354.81,2026-10-09,C,410.0,0.37,0.42,0.4,307.0,1398,0.5024463818359376,False,2026-09-30 19:59:42+00:00,TSLA261009C00410000
TSLA,2026-10-01,354.81,2026-10-09,C,415.0,0.31,0.33,0.31,80.0,2563,0.51758294921875,False,2026-09-30 19:57:13+00:00,TSLA261009C00415000
TSLA,2026-10-01,354.81,2026-10-09,C,420.0,0.25,0.27,0.24,273.0,1567,0.532231240234375,False,2026-09-30 19:53:53+00:00,TSLA261009C00420000
TSLA,2026-10-01,354.81,2026-10-09,C,425.0,0.21,0.23,0.18,213.0,1186,0.5488326367187502,False,2026-09-30 19:09:27+00:00,TSLA261009C00425000
TSLA,2026-10-01,354.81,2026-10-09,C,430.0,0.18,0.2,0.16,39.0,1031,0.5664105859375,False,2026-09-30 19:49:40+00:00,TSLA261009C00430000
TSLA,2026-10-01,354.81,2026-10-09,C,435.0,0.15,0.17,0.13,7.0,1121,0.5810588769531251,False,2026-09-30 16:13:31+00:00,TSLA261009C00435000
TSLA,2026-10-01,354.81,2026-10-09,C,440.0,0.13,0.15,0.13,652.0,1363,0.5986368261718751,False,2026-09-30 19:59:04+00:00,TSLA261009C00440000
TSLA,2026-10-01,354.81,2026-10-09,C,445.0,0.11,0.13,0.11,69.0,1824,0.6132851171875001,False,2026-09-30 19:54:08+00:00,TSLA261009C00445000
TSLA,2026-10-01,354.81,2026-10-09,C,450.0,0.1,0.12,0.09,191.0,1854,0.632816171875,False,2026-09-30 19:09:18+00:00,TSLA261009C00450000
TSLA,2026-10-01,354.81,2026-10-09,C,455.0,0.09,0.1,0.08,3.0,259,0.64648791015625,False,2026-09-29 19:00:31+00:00,TSLA261009C00455000
TSLA,2026-10-01,354.81,2026-10-09,C,460.0,0.08,0.1,0.09,35.0,499,0.6660189648437502,False,2026-09-30 19:48:51+00:00,TSLA261009C00460000
TSLA,2026-10-01,354.81,2026-10-09,C,465.0,0.07,0.09,0.06,14.0,280,0.6816438085937502,False,2026-09-30 18:29:05+00:00,TSLA261009C00465000
TSLA,2026-10-01,354.81,2026-10-09,C,470.0,0.06,0.08,0.07,236.0,624,0.6953155468750001,False,2026-09-30 18:09:03+00:00,TSLA261009C00470000
TSLA,2026-10-01,354.81,2026-10-09,C,475.0,0.05,0.07,0.05,16.0,1366,0.7070341796875,False,2026-09-30 18:37:40+00:00,TSLA261009C00475000
TSLA,2026-10-01,354.81,2026-10-09,C,480.0,0.05,0.07,0.05,7.0,430,0.72851833984375,False,2026-09-30 15:18:01+00:00,TSLA261009C00480000
TSLA,2026-10-01,354.81,2026-10-09,C,485.0,0.04,0.06,0.06,7.0,217,0.73633076171875,False,2026-09-29 14:39:36+00:00,TSLA261009C00485000
TSLA,2026-10-01,354.81,2026-10-09,C,490.0,0.04,0.05,0.04,1017.0,131,0.7500025,False,2026-09-30 18:20:55+00:00,TSLA261009C00490000
TSLA,2026-10-01,354.81,2026-10-09,C,495.0,0.03,0.06,0.05,316.0,283,0.7695335546875001,False,2026-09-28 19:11:50+00:00,TSLA261009C00495000
TSLA,2026-10-01,354.81,2026-10-09,C,500.0,0.03,0.05,0.04,1033.0,1368,0.7812521875,False,2026-09-30 16:59:02+00:00,TSLA261009C00500000
TSLA,2026-10-01,354.81,2026-10-09,C,505.0,0.03,0.05,0.03,243.0,319,0.8007832421875,False,2026-09-30 19:13:55+00:00,TSLA261009C00505000
TSLA,2026-10-01,354.81,2026-10-09,C,510.0,0.02,0.05,0.04,1.0,74,0.8125018749999999,False,2026-09-30 18:19:39+00:00,TSLA261009C00510000
TSLA,2026-10-01,354.81,2026-10-09,C,515.0,0.02,0.04,0.03,1071.0,1104,0.8203142968749999,False,2026-09-29 15:13:50+00:00,TSLA261009C00515000
TSLA,2026-10-01,354.81,2026-10-09,C,520.0,0.02,0.04,0.03,202.0,383,0.8359391406249999,False,2026-09-29 18:39:03+00:00,TSLA261009C00520000
TSLA,2026-10-01,354.81,2026-10-09,C,525.0,0.02,0.04,0.03,16.0,310,0.8554701953125,False,2026-09-29 18:37:29+00:00,TSLA261009C00525000
TSLA,2026-10-01,354.81,2026-10-09,C,530.0,0.01,0.04,0.06,10.0,131,0.85937640625,False,2026-09-28 17:38:09+00:00,TSLA261009C00530000
TSLA,2026-10-01,354.81,2026-10-09,C,535.0,0.01,0.04,0.02,7.0,105,0.8789074609374999,False,2026-09-30 18:43:28+00:00,TSLA261009C00535000
TSLA,2026-10-01,354.81,2026-10-09,C,540.0,0.01,0.03,0.03,5.0,85,0.8828136718749999,False,2026-09-29 17:51:43+00:00,TSLA261009C00540000
TSLA,2026-10-01,354.81,2026-10-09,C,545.0,0.01,0.03,0.04,1.0,27,0.8984385156249999,False,2026-09-29 13:34:28+00:00,TSLA261009C00545000
TSLA,2026-10-01,354.81,2026-10-09,C,550.0,0.02,0.03,0.03,83.0,43,0.929688203125,False,2026-09-30 19:13:57+00:00,TSLA261009C00550000
TSLA,2026-10-01,354.81,2026-10-09,C,555.0,0.01,0.03,0.02,100.0,156,0.929688203125,False,2026-09-29 14:05:44+00:00,TSLA261009C00555000
TSLA,2026-10-01,354.81,2026-10-09,C,560.0,0.01,0.03,0.01,95.0,34,0.945313046875,False,2026-09-30 17:50:24+00:00,TSLA261009C00560000
TSLA,2026-10-01,354.81,2026-10-09,C,565.0,0.01,0.03,0.02,5.0,13,0.9609378906249999,False,2026-09-30 19:06:52+00:00,TSLA261009C00565000
TSLA,2026-10-01,354.81,2026-10-09,C,570.0,0.0,0.03,0.01,3509.0,226,0.9531254687499999,False,2026-09-30 19:59:48+00:00,TSLA261009C00570000
TSLA,2026-10-01,354.81,2026-10-09,C,575.0,0.0,0.03,0.02,15042.0,41,0.9765627343750001,False,2026-09-30 19:59:32+00:00,TSLA261009C00575000
TSLA,2026-10-01,354.81,2026-10-09,C,580.0,0.0,0.03,0.02,136.0,119,0.992187578125,False,2026-09-30 16:15:56+00:00,TSLA261009C00580000
TSLA,2026-10-01,354.81,2026-10-09,C,585.0,0.0,0.02,0.01,161.0,288,0.9687503125,False,2026-09-30 19:13:57+00:00,TSLA261009C00585000
TSLA,2026-10-01,354.81,2026-10-09,C,590.0,0.0,0.02,0.01,13.0,72,0.98437515625,False,2026-09-30 16:54:29+00:00,TSLA261009C00590000
TSLA,2026-10-01,354.81,2026-10-09,C,595.0,0.0,0.02,0.01,16.0,12,1.000005,False,2026-09-29 19:45:22+00:00,TSLA261009C00595000
TSLA,2026-10-01,354.81,2026-10-09,C,600.0,0.0,0.02,0.01,458.0,398,1.015629921875,False,2026-09-29 19:52:05+00:00,TSLA261009C00600000
TSLA,2026-10-01,354.81,2026-10-09,C,605.0,0.0,0.02,0.01,21.0,39,1.0312548437500002,False,2026-09-30 15:50:24+00:00,TSLA261009C00605000
TSLA,2026-10-01,354.81,2026-10-09,C,610.0,0.0,0.02,0.01,10.0,25,1.0468797656250002,False,2026-09-29 18:52:26+00:00,TSLA261009C00610000
TSLA,2026-10-01,354.81,2026-10-09,C,615.0,0.0,0.01,0.02,101.0,812,1.000005,False,2026-09-29 14:51:01+00:00,TSLA261009C00615000
TSLA,2026-10-01,354.81,2026-10-09,P,50.0,0.0,0.01,0.07,,1,3.6250009375000003,False,2026-08-31 18:06:29+00:00,TSLA261009P00050000
TSLA,2026-10-01,354.81,2026-10-09,P,90.0,0.0,0.01,0.01,,2000,2.50000375,False,2026-09-24 19:54:31+00:00,TSLA261009P00090000
TSLA,2026-10-01,354.81,2026-10-09,P,100.0,0.0,0.01,0.01,536.0,543,2.3125042187499996,False,2026-09-25 16:50:35+00:00,TSLA261009P00100000
TSLA,2026-10-01,354.81,2026-10-09,P,110.0,0.0,0.01,0.01,288.0,549,2.1875045312499997,False,2026-09-30 19:52:11+00:00,TSLA261009P00110000
TSLA,2026-10-01,354.81,2026-10-09,P,120.0,0.0,0.01,0.04,1753.0,658,2.000005,False,2026-09-30 19:59:26+00:00,TSLA261009P00120000
TSLA,2026-10-01,354.81,2026-10-09,P,130.0,0.01,0.02,0.05,5493.0,1868,2.031254921875,False,2026-09-30 19:59:26+00:00,TSLA261009P00130000
TSLA,2026-10-01,354.81,2026-10-09,P,140.0,0.01,0.02,0.01,10974.0,1331,1.875000625,False,2026-09-30 19:52:59+00:00,TSLA261009P00140000
TSLA,2026-10-01,354.81,2026-10-09,P,150.0,0.01,0.02,0.01,860.0,259,1.75000125,False,2026-09-30 18:56:56+00:00,TSLA261009P00150000
TSLA,2026-10-01,354.81,2026-10-09,P,160.0,0.01,0.02,0.01,651.0,68,1.625001875,False,2026-09-30 17:50:56+00:00,TSLA261009P00160000
TSLA,2026-10-01,354.81,2026-10-09,P,170.0,0.01,0.03,0.02,10.0,654,1.5468772656249998,False,2026-09-30 16:01:59+00:00,TSLA261009P00170000
TSLA,2026-10-01,354.81,2026-10-09,P,180.0,0.01,0.03,0.03,65.0,167,1.4296903515625,False,2026-09-28 15:31:48+00:00,TSLA261009P00180000
TSLA,2026-10-01,354.81,2026-10-09,P,190.0,0.01,0.03,0.02,20.0,2211,1.3281283593749997,False,2026-09-30 19:18:50+00:00,TSLA261009P00190000
TSLA,2026-10-01,354.81,2026-10-09,P,200.0,0.02,0.04,0.04,8.0,1044,1.2656286718749998,False,2026-09-30 15:59:53+00:00,TSLA261009P00200000
TSLA,2026-10-01,354.81,2026-10-09,P,210.0,0.02,0.04,0.03,154.0,370,1.1640666796875,False,2026-09-30 19:04:44+00:00,TSLA261009P00210000
TSLA,2026-10-01,354.81,2026-10-09,P,220.0,0.02,0.05,0.06,2.0,1843,1.0859420703125,False,2026-09-30 17:13:41+00:00,TSLA261009P00220000
TSLA,2026-10-01,354.81,2026-10-09,P,230.0,0.03,0.06,0.05,1010.0,177,1.015629921875,False,2026-09-30 18:21:12+00:00,TSLA261009P00230000
TSLA,2026-10-01,354.81,2026-10-09,P,235.0,0.04,0.06,0.1,66.0,113,0.9804689453125001,False,2026-09-28 17:37:45+00:00,TSLA261009P00235000
TSLA,2026-10-01,354.81,2026-10-09,P,240.0,0.04,0.07,0.08,16.0,231,0.9414068359375,False,2026-09-29 16:19:26+00:00,TSLA261009P00240000
TSLA,2026-10-01,354.81,2026-10-09,P,245.0,0.05,0.07,0.08,42.0,295,0.9062509375,False,2026-09-30 13:39:35+00:00,TSLA261009P00245000
TSLA,2026-10-01,354.81,2026-10-09,P,250.0,0.06,0.08,0.07,140.0,1065,0.87500125,False,2026-09-30 16:05:51+00:00,TSLA261009P00250000
TSLA,2026-10-01,354.81,2026-10-09,P,255.0,0.07,0.09,0.1,14.0,161,0.84179845703125,False,2026-09-30 16:22:50+00:00,TSLA261009P00255000
TSLA,2026-10-01,354.81,2026-10-09,P,260.0,0.08,0.1,0.1,184.0,537,0.8085956640624999,False,2026-09-30 17:38:29+00:00,TSLA261009P00260000
TSLA,2026-10-01,354.81,2026-10-09,P,265.0,0.09,0.11,0.14,48.0,435,0.773439765625,False,2026-09-29 13:38:10+00:00,TSLA261009P00265000
TSLA,2026-10-01,354.81,2026-10-09,P,270.0,0.1,0.12,0.11,100.0,760,0.737307314453125,False,2026-09-30 19:03:08+00:00,TSLA261009P00270000
TSLA,2026-10-01,354.81,2026-10-09,P,275.0,0.11,0.13,0.12,4.0,375,0.70117486328125,False,2026-09-30 19:26:29+00:00,TSLA261009P00275000
TSLA,2026-10-01,354.81,2026-10-09,P,280.0,0.12,0.14,0.15,602.0,3903,0.6640658593750002,False,2026-09-30 19:10:49+00:00,TSLA261009P00280000
TSLA,2026-10-01,354.81,2026-10-09,P,285.0,0.14,0.16,0.17,86.0,391,0.631839619140625,False,2026-09-30 18:15:16+00:00,TSLA261009P00285000
TSLA,2026-10-01,354.81,2026-10-09,P,290.0,0.16,0.18,0.19,37.0,552,0.5976602734375001,False,2026-09-30 17:47:12+00:00,TSLA261009P00290000
TSLA,2026-10-01,354.81,2026-10-09,P,295.0,0.19,0.21,0.2,34.0,643,0.5668988623046876,False,2026-09-30 19:57:02+00:00,TSLA261009P00295000
TSLA,2026-10-01,354.81,2026-10-09,P,300.0,0.22,0.24,0.24,339.0,1157,0.53320779296875,False,2026-09-30 19:39:16+00:00,TSLA261009P00300000
TSLA,2026-10-01,354.81,2026-10-09,P,305.0,0.27,0.29,0.29,97.0,677,0.5043994873046875,False,2026-09-30 19:02:26+00:00,TSLA261009P00305000
TSLA,2026-10-01,354.81,2026-10-09,P,310.0,0.35,0.37,0.35,105.0,777,0.481450498046875,False,2026-09-30 19:59:48+00:00,TSLA261009P00310000
TSLA,2026-10-01,354.81,2026-10-09,P,315.0,0.47,0.49,0.46,607.0,715,0.4580132324218751,False,2026-09-30 19:59:11+00:00,TSLA261009P00315000
TSLA,2026-10-01,354.81,2026-10-09,P,320.0,0.6,0.69,0.67,612.0,1548,0.43994700683593746,False,2026-09-30 19:58:11+00:00,TSLA261009P00320000
TSLA,2026-10-01,354.81,2026-10-09,P,325.0,0.74,1.01,1.01,455.0,1145,0.42627526855468756,False,2026-09-30 19:56:41+00:00,TSLA261009P00325000
TSLA,2026-10-01,354.81,2026-10-09,P,330.0,1.16,1.51,1.5,881.0,1737,0.4165097412109374,False,2026-09-30 19:56:52+00:00,TSLA261009P00330000
TSLA,2026-10-01,354.81,2026-10-09,P,335.0,2.2,2.29,2.22,696.0,1344,0.41211525390625,False,2026-09-30 19:58:57+00:00,TSLA261009P00335000
TSLA,2026-10-01,354.81,2026-10-09,P,340.0,3.25,3.35,3.3,1087.0,1474,0.40698835205078127,False,2026-09-30 19:59:39+00:00,TSLA261009P00340000
TSLA,2026-10-01,354.81,2026-10-09,P,345.0,4.7,4.8,4.66,2048.0,981,0.40405869384765625,False,2026-09-30 19:59:48+00:00,TSLA261009P00345000
TSLA,2026-10-01,354.81,2026-10-09,P,347.5,5.4,5.7,5.5,632.0,248,0.40381455566406255,False,2026-09-30 19:57:49+00:00,TSLA261009P00347500
TSLA,2026-10-01,354.81,2026-10-09,P,350.0,5.5,6.75,6.6,5415.0,1800,0.40552352294921873,False,2026-09-30 19:59:10+00:00,TSLA261009P00350000
TSLA,2026-10-01,354.81,2026-10-09,P,352.5,7.65,7.9,7.75,637.0,283,0.40668317932128906,False,2026-09-30 19:58:53+00:00,TSLA261009P00352500
TSLA,2026-10-01,354.81,2026-10-09,P,355.0,7.5,9.15,8.95,1515.0,1178,0.40735455932617193,True,2026-09-30 19:59:04+00:00,TSLA261009P00355000
TSLA,2026-10-01,354.81,2026-10-09,P,357.5,9.8,10.55,10.4,196.0,380,0.40985697570800783,True,2026-09-30 19:57:57+00:00,TSLA261009P00357500
TSLA,2026-10-01,354.81,2026-10-09,P,360.0,11.75,13.0,11.65,687.0,1160,0.45551081604003907,True,2026-09-30 19:59:04+00:00,TSLA261009P00360000
TSLA,2026-10-01,354.81,2026-10-09,P,362.5,12.5,14.15,13.43,77.0,259,0.4376276940917969,True,2026-09-30 19:59:55+00:00,TSLA261009P00362500
TSLA,2026-10-01,354.81,2026-10-09,P,365.0,13.35,15.85,15.6,217.0,577,0.4408014904785156,True,2026-09-30 19:56:12+00:00,TSLA261009P00365000
TSLA,2026-10-01,354.81,2026-10-09,P,367.5,16.8,17.15,17.7,162.0,208,0.4194393994140625,True,2026-09-30 19:24:25+00:00,TSLA261009P00367500
TSLA,2026-10-01,354.81,2026-10-09,P,370.0,18.65,19.05,18.5,139.0,950,0.4232235412597656,True,2026-09-30 19:57:34+00:00,TSLA261009P00370000
TSLA,2026-10-01,354.81,2026-10-09,P,372.5,20.25,21.15,21.75,10.0,466,0.4342707940673829,True,2026-09-30 18:15:10+00:00,TSLA261009P00372500
TSLA,2026-10-01,354.81,2026-10-09,P,375.0,22.25,23.15,24.85,53.0,884,0.43628493408203123,True,2026-09-30 19:44:59+00:00,TSLA261009P00375000
TSLA,2026-10-01,354.81,2026-10-09,P,377.5,24.3,25.25,27.0,41.0,381,0.4405573522949219,True,2026-09-30 19:37:33+00:00,TSLA261009P00377500
TSLA,2026-10-01,354.81,2026-10-09,P,380.0,26.45,27.35,29.23,42.0,721,0.4412897668457031,True,2026-09-30 19:49:34+00:00,TSLA261009P00380000
TSLA,2026-10-01,354.81,2026-10-09,P,382.5,28.05,30.4,30.09,2.0,129,0.5067188000488281,True,2026-09-29 19:22:11+00:00,TSLA261009P00382500
TSLA,2026-10-01,354.81,2026-10-09,P,385.0,30.8,32.7,32.85,11.0,273,0.5199022619628906,True,2026-09-30 19:10:25+00:00,TSLA261009P00385000
TSLA,2026-10-01,354.81,2026-10-09,P,387.5,32.2,35.5,35.0,3.0,73,0.5676312768554688,True,2026-09-30 18:15:07+00:00,TSLA261009P00387500
TSLA,2026-10-01,354.81,2026-10-09,P,390.0,34.55,37.5,39.84,3.0,154,0.5566450585937501,True,2026-09-30 16:41:30+00:00,TSLA261009P00390000
TSLA,2026-10-01,354.81,2026-10-09,P,392.5,37.8,40.25,39.75,20.0,48,0.6008340698242189,True,2026-09-30 18:15:08+00:00,TSLA261009P00392500
TSLA,2026-10-01,354.81,2026-10-09,P,395.0,40.25,41.35,40.85,4.0,124,0.5002491381835938,True,2026-09-30 17:44:47+00:00,TSLA261009P00395000
TSLA,2026-10-01,354.81,2026-10-09,P,397.5,41.45,45.0,23.15,,8,0.629886513671875,True,2026-09-24 18:27:43+00:00,TSLA261009P00397500
TSLA,2026-10-01,354.81,2026-10-09,P,400.0,44.55,46.6,50.28,1.0,231,0.5700726586914062,True,2026-09-30 13:32:16+00:00,TSLA261009P00400000
TSLA,2026-10-01,354.81,2026-10-09,P,402.5,46.45,50.0,35.25,1.0,1,0.6765169067382814,True,2026-09-25 14:35:04+00:00,TSLA261009P00402500
TSLA,2026-10-01,354.81,2026-10-09,P,405.0,49.4,52.3,53.0,8.0,48,0.5161181201171875,True,2026-09-30 18:32:18+00:00,TSLA261009P00405000
TSLA,2026-10-01,354.81,2026-10-09,P,410.0,54.55,57.35,55.9,23.0,353,0.569340244140625,True,2026-09-30 13:50:23+00:00,TSLA261009P00410000
TSLA,2026-10-01,354.81,2026-10-09,P,415.0,58.8,62.3,62.4,1.0,13,0.5278367529296876,True,2026-09-30 18:22:43+00:00,TSLA261009P00415000
TSLA,2026-10-01,354.81,2026-10-09,P,420.0,64.65,66.4,67.3,9.0,37,0.5542036767578126,True,2026-09-30 18:18:42+00:00,TSLA261009P00420000
TSLA,2026-10-01,354.81,2026-10-09,P,425.0,69.1,72.3,46.5,4.0,0,0.6291540991210938,True,2026-09-23 14:31:16+00:00,TSLA261009P00425000
TSLA,2026-10-01,354.81,2026-10-09,P,430.0,73.75,77.3,69.25,2.0,0,0.6171913281250001,True,2026-09-28 14:20:02+00:00,TSLA261009P00430000
TSLA,2026-10-01,354.81,2026-10-09,P,435.0,78.9,82.3,52.7,15.0,0,0.6689486230468751,True,2026-09-24 16:43:07+00:00,TSLA261009P00435000
TSLA,2026-10-01,354.81,2026-10-09,P,440.0,83.45,88.25,86.11,1.0,0,0.7587914746093751,True,2026-09-30 17:53:04+00:00,TSLA261009P00440000
TSLA,2026-10-01,354.81,2026-10-09,P,445.0,87.95,93.25,82.15,1.0,0,0.729494892578125,True,2026-09-18 17:41:21+00:00,TSLA261009P00445000
TSLA,2026-10-01,354.81,2026-10-09,P,450.0,93.3,98.1,97.22,3.0,1,0.7866232275390624,True,2026-09-29 13:46:12+00:00,TSLA261009P00450000
TSLA,2026-10-01,354.81,2026-10-09,P,455.0,98.4,103.35,93.25,1.0,0,0.8579115771484375,True,2026-09-16 17:16:58+00:00,TSLA261009P00455000
TSLA,2026-10-01,354.81,2026-10-09,P,460.0,104.5,106.2,91.88,2.0,0,0.7158231542968749,True,2026-09-09 18:32:49+00:00,TSLA261009P00460000
TSLA,2026-10-01,354.81,2026-10-09,P,465.0,108.3,113.25,98.47,,0,0.893555751953125,True,2026-09-10 15:01:06+00:00,TSLA261009P00465000
TSLA,2026-10-01,354.81,2026-10-09,P,470.0,114.15,116.15,120.13,1.0,0,1.0048877880859375,True,2026-09-30 13:32:16+00:00,TSLA261009P00470000
TSLA,2026-10-01,354.81,2026-10-09,P,480.0,124.55,125.9,114.8,,0,0.6914093359375001,True,2026-09-11 16:39:24+00:00,TSLA261009P00480000
TSLA,2026-10-01,354.81,2026-10-09,P,500.0,144.55,145.9,132.85,1.0,0,0.773439765625,True,2026-09-17 19:54:34+00:00,TSLA261009P00500000
TSLA,2026-10-01,354.81,2026-10-09,P,515.0,158.7,162.3,143.67,1.0,0,1.0605515722656251,True,2026-09-25 13:41:22+00:00,TSLA261009P00515000
TSLA,2026-10-01,354.81,2026-10-09,P,615.0,258.45,262.3,255.0,,0,1.3867218164062498,True,2026-09-14 19:15:29+00:00,TSLA261009P00615000
TSLA,2026-10-01,354.81,2026-10-16,C,50.0,303.65,308.2,302.66,20.0,76,4.756839991455077,True,2026-09-30 17:36:58+00:00,TSLA261016C00050000
TSLA,2026-10-01,354.81,2026-10-16,C,60.0,286.1,293.5,337.9,1.0,1,1.0000000000000003e-05,True,2026-07-14 15:51:44+00:00,TSLA261016C00060000
TSLA,2026-10-01,354.81,2026-10-16,C,75.0,345.8,352.55,276.38,,0,19.98828500366211,True,2026-04-08 14:45:59+00:00,TSLA261016C00075000
TSLA,2026-10-01,354.81,2026-10-16,C,85.0,261.75,268.65,326.05,1.0,0,1.0000000000000003e-05,True,2026-07-10 16:06:14+00:00,TSLA261016C00085000
TSLA,2026-10-01,354.81,2026-10-16,C,90.0,0.0,0.0,324.94,1.0,0,1.0000000000000003e-05,True,2026-05-20 15:49:43+00:00,TSLA261016C00090000
TSLA,2026-10-01,354.81,2026-10-16,C,95.0,0.0,0.0,319.82,,0,1.0000000000000003e-05,True,2026-05-20 15:52:11+00:00,TSLA261016C00095000
TSLA,2026-10-01,354.81,2026-10-16,C,100.0,251.3,257.95,272.41,16.0,250,3.7475592248535157,True,2026-09-25 13:37:06+00:00,TSLA261016C00100000
TSLA,2026-10-01,354.81,2026-10-16,C,105.0,243.15,246.8,295.15,10.0,154,1.0000000000000003e-05,True,2026-07-13 14:39:07+00:00,TSLA261016C00105000
TSLA,2026-10-01,354.81,2026-10-16,C,110.0,241.3,248.15,259.78,20.0,148,3.5283214916992183,True,2026-09-17 14:48:17+00:00,TSLA261016C00110000
TSLA,2026-10-01,354.81,2026-10-16,C,115.0,236.3,243.0,249.83,3.0,70,3.3701187622070305,True,2026-09-18 14:44:13+00:00,TSLA261016C00115000
TSLA,2026-10-01,354.81,2026-10-16,C,120.0,0.0,0.0,226.0,1.0,0,1.0000000000000003e-05,True,2026-08-14 14:38:45+00:00,TSLA261016C00120000
TSLA,2026-10-01,354.81,2026-10-16,C,125.0,268.65,273.95,272.97,2.0,63,7.412842530822753,True,2026-06-11 19:14:19+00:00,TSLA261016C00125000
TSLA,2026-10-01,354.81,2026-10-16,C,130.0,221.35,226.5,249.7,100.0,177,2.6728548803710943,True,2026-09-22 17:55:58+00:00,TSLA261016C00130000
TSLA,2026-10-01,354.81,2026-10-16,C,135.0,216.35,222.05,242.08,27.0,104,2.722659443359375,True,2026-09-21 13:57:53+00:00,TSLA261016C00135000
TSLA,2026-10-01,354.81,2026-10-16,C,140.0,211.4,217.1,221.61,1.0,45,2.641116678466797,True,2026-08-31 13:53:22+00:00,TSLA261016C00140000
TSLA,2026-10-01,354.81,2026-10-16,C,145.0,0.0,0.0,207.8,82.0,0,1.0000000000000003e-05,True,2026-04-06 18:04:43+00:00,TSLA261016C00145000
TSLA,2026-10-01,354.81,2026-10-16,C,150.0,201.4,207.05,203.05,40.0,52,2.4531288671875,True,2026-09-29 17:30:10+00:00,TSLA261016C00150000
TSLA,2026-10-01,354.81,2026-10-16,C,155.0,0.0,0.0,210.65,6.0,0,1.0000000000000003e-05,True,2026-04-02 19:16:25+00:00,TSLA261016C00155000
TSLA,2026-10-01,354.81,2026-10-16,C,160.0,0.0,0.0,199.05,2.0,0,1.0000000000000003e-05,True,2026-04-06 15:46:40+00:00,TSLA261016C00160000
TSLA,2026-10-01,354.81,2026-10-16,C,165.0,186.45,191.25,206.68,3.0,246,2.030278361816406,True,2026-09-25 14:32:07+00:00,TSLA261016C00165000
TSLA,2026-10-01,354.81,2026-10-16,C,170.0,181.5,186.5,186.51,2.0,3,2.0190479211425783,True,2026-09-15 19:19:31+00:00,TSLA261016C00170000
TSLA,2026-10-01,354.81,2026-10-16,C,175.0,176.5,181.25,193.49,400.0,479,1.890625546875,True,2026-09-18 14:57:40+00:00,TSLA261016C00175000
TSLA,2026-10-01,354.81,2026-10-16,C,180.0,171.5,177.15,190.1,1.0,884,2.0063526403808596,True,2026-09-25 14:35:10+00:00,TSLA261016C00180000
TSLA,2026-10-01,354.81,2026-10-16,C,185.0,166.55,172.4,175.7,1.0,31,1.9780274536132816,True,2026-09-14 13:30:00+00:00,TSLA261016C00185000
TSLA,2026-10-01,354.81,2026-10-16,C,190.0,161.55,166.0,164.96,1.0,57,1.6372088452148437,True,2026-09-29 14:50:49+00:00,TSLA261016C00190000
TSLA,2026-10-01,354.81,2026-10-16,C,195.0,156.6,163.2,175.8,4.0,56,1.1015669921875002,True,2026-09-08 17:01:26+00:00,TSLA261016C00195000
TSLA,2026-10-01,354.81,2026-10-16,C,200.0,151.6,156.8,153.86,3.0,485,1.6770035681152344,True,2026-09-29 19:19:20+00:00,TSLA261016C00200000
TSLA,2026-10-01,354.81,2026-10-16,C,205.0,146.65,152.4,169.59,3.0,33,1.7087416906738282,True,2026-09-25 18:17:41+00:00,TSLA261016C00205000
TSLA,2026-10-01,354.81,2026-10-16,C,210.0,143.0,146.5,140.87,3.0,113,1.5034204516601561,True,2026-09-30 16:07:06+00:00,TSLA261016C00210000
TSLA,2026-10-01,354.81,2026-10-16,C,215.0,0.0,0.0,134.0,1.0,0,1.0000000000000003e-05,True,2026-08-19 14:45:04+00:00,TSLA261016C00215000
TSLA,2026-10-01,354.81,2026-10-16,C,220.0,132.6,137.25,134.9,2.0,556,0.91992267578125,True,2026-09-29 17:42:33+00:00,TSLA261016C00220000
TSLA,2026-10-01,354.81,2026-10-16,C,225.0,126.75,133.25,134.74,6.0,77,0.936524072265625,True,2026-09-28 18:55:36+00:00,TSLA261016C00225000
TSLA,2026-10-01,354.81,2026-10-16,C,230.0,124.0,126.15,123.79,16.0,128,0.936524072265625,True,2026-09-30 19:06:02+00:00,TSLA261016C00230000
TSLA,2026-10-01,354.81,2026-10-16,C,235.0,0.0,0.0,133.15,2.0,0,1.0000000000000003e-05,True,2026-08-21 19:38:36+00:00,TSLA261016C00235000
TSLA,2026-10-01,354.81,2026-10-16,C,240.0,111.5,117.4,118.06,1.0,230,1.2905308911132813,True,2026-09-28 19:43:47+00:00,TSLA261016C00240000
TSLA,2026-10-01,354.81,2026-10-16,C,245.0,106.5,112.35,122.2,13.0,187,1.2294960400390624,True,2026-09-14 13:35:29+00:00,TSLA261016C00245000
TSLA,2026-10-01,354.81,2026-10-16,C,250.0,103.45,107.4,110.23,2.0,198,0.8823253955078124,True,2026-09-28 19:43:06+00:00,TSLA261016C00250000
TSLA,2026-10-01,354.81,2026-10-16,C,255.0,96.9,101.85,94.44,3.0,152,1.0647019421386719,True,2026-09-30 15:42:37+00:00,TSLA261016C00255000
TSLA,2026-10-01,354.81,2026-10-16,C,260.0,93.5,97.3,102.13,1.0,60,0.79101771484375,True,2026-09-28 14:30:06+00:00,TSLA261016C00260000
TSLA,2026-10-01,354.81,2026-10-16,C,265.0,87.0,92.45,83.94,3.0,80,1.0266161950683594,True,2026-09-30 15:30:13+00:00,TSLA261016C00265000
TSLA,2026-10-01,354.81,2026-10-16,C,270.0,82.05,87.4,77.88,1.0,132,0.9699710034179687,True,2026-09-30 13:38:31+00:00,TSLA261016C00270000
TSLA,2026-10-01,354.81,2026-10-16,C,275.0,77.75,82.6,98.38,113.0,75,0.6157264990234376,True,2026-09-25 13:51:16+00:00,TSLA261016C00275000
TSLA,2026-10-01,354.81,2026-10-16,C,280.0,72.3,77.9,73.74,2.0,150,0.5576216113281252,True,2026-09-29 19:38:03+00:00,TSLA261016C00280000
TSLA,2026-10-01,354.81,2026-10-16,C,285.0,67.5,73.2,66.84,2.0,84,0.5788616333007812,True,2026-09-30 16:41:41+00:00,TSLA261016C00285000
TSLA,2026-10-01,354.81,2026-10-16,C,290.0,62.95,67.6,63.15,11.0,171,0.5258836474609375,True,2026-09-30 19:52:13+00:00,TSLA261016C00290000
TSLA,2026-10-01,354.81,2026-10-16,C,295.0,59.9,63.4,56.7,198.0,116,0.6561313684082033,True,2026-09-30 16:42:59+00:00,TSLA261016C00295000
TSLA,2026-10-01,354.81,2026-10-16,C,300.0,55.2,56.75,53.1,19.0,766,0.5449264257812501,True,2026-09-30 19:45:24+00:00,TSLA261016C00300000
TSLA,2026-10-01,354.81,2026-10-16,C,305.0,49.75,52.05,47.2,4.0,523,0.59570716796875,True,2026-09-30 16:42:22+00:00,TSLA261016C00305000
TSLA,2026-10-01,354.81,2026-10-16,C,310.0,45.9,46.8,43.95,22.0,2014,0.5296677893066408,True,2026-09-30 19:49:07+00:00,TSLA261016C00310000
TSLA,2026-10-01,354.81,2026-10-16,C,315.0,40.7,42.3,39.38,3.0,429,0.5173388110351562,True,2026-09-30 18:33:17+00:00,TSLA261016C00315000
TSLA,2026-10-01,354.81,2026-10-16,C,320.0,36.8,37.55,37.12,120.0,1635,0.48389187988281257,True,2026-09-30 18:55:20+00:00,TSLA261016C00320000
TSLA,2026-10-01,354.81,2026-10-16,C,325.0,32.45,33.15,27.05,117.0,1363,0.46655806884765627,True,2026-09-30 15:35:32+00:00,TSLA261016C00325000
TSLA,2026-10-01,354.81,2026-10-16,C,330.0,28.3,29.0,28.75,161.0,2531,0.45483943603515625,True,2026-09-30 19:59:04+00:00,TSLA261016C00330000
TSLA,2026-10-01,354.81,2026-10-16,C,335.0,24.4,25.1,24.95,78.0,3305,0.4458063232421875,True,2026-09-30 19:58:24+00:00,TSLA261016C00335000
TSLA,2026-10-01,354.81,2026-10-16,C,340.0,20.8,21.45,20.74,274.0,2043,0.4376276940917969,True,2026-09-30 19:23:03+00:00,TSLA261016C00340000
TSLA,2026-10-01,354.81,2026-10-16,C,345.0,17.6,18.2,17.98,1337.0,1410,0.43457596679687505,True,2026-09-30 19:57:46+00:00,TSLA261016C00345000
TSLA,2026-10-01,354.81,2026-10-16,C,347.5,16.1,16.5,16.38,815.0,107,0.4265194067382813,True,2026-09-30 19:56:39+00:00,TSLA261016C00347500
TSLA,2026-10-01,354.81,2026-10-16,C,350.0,14.7,15.25,14.9,5857.0,4533,0.43158527404785163,True,2026-09-30 19:59:09+00:00,TSLA261016C00350000
TSLA,2026-10-01,354.81,2026-10-16,C,352.5,13.35,13.7,13.9,2309.0,479,0.42365078308105464,True,2026-09-30 19:59:38+00:00,TSLA261016C00352500
TSLA,2026-10-01,354.81,2026-10-16,C,355.0,11.65,12.45,12.2,3036.0,2434,0.42328457580566403,False,2026-09-30 19:59:24+00:00,TSLA261016C00355000
TSLA,2026-10-01,354.81,2026-10-16,C,357.5,11.05,11.2,11.25,440.0,939,0.4202938830566406,False,2026-09-30 19:59:15+00:00,TSLA261016C00357500
TSLA,2026-10-01,354.81,2026-10-16,C,360.0,9.0,10.3,10.1,5645.0,6483,0.4264583721923829,False,2026-09-30 19:59:54+00:00,TSLA261016C00360000
TSLA,2026-10-01,354.81,2026-10-16,C,362.5,7.75,9.3,9.1,431.0,620,0.4267025103759766,False,2026-09-30 19:59:03+00:00,TSLA261016C00362500
TSLA,2026-10-01,354.81,2026-10-16,C,365.0,8.05,8.25,8.18,1251.0,5251,0.4226131958007812,False,2026-09-30 19:59:27+00:00,TSLA261016C00365000
TSLA,2026-10-01,354.81,2026-10-16,C,367.5,7.15,7.5,7.25,753.0,411,0.4265194067382813,False,2026-09-30 19:58:29+00:00,TSLA261016C00367500
TSLA,2026-10-01,354.81,2026-10-16,C,370.0,6.5,6.65,6.54,2059.0,5881,0.42438319763183596,False,2026-09-30 19:59:09+00:00,TSLA261016C00370000
TSLA,2026-10-01,354.81,2026-10-16,C,372.5,5.8,5.95,5.5,199.0,801,0.42529871582031253,False,2026-09-30 19:54:37+00:00,TSLA261016C00372500
TSLA,2026-10-01,354.81,2026-10-16,C,375.0,5.15,5.3,5.25,1874.0,4515,0.42578699218750005,False,2026-09-30 19:59:27+00:00,TSLA261016C00375000
TSLA,2026-10-01,354.81,2026-10-16,C,377.5,4.55,4.75,4.71,492.0,739,0.42804527038574225,False,2026-09-30 19:57:41+00:00,TSLA261016C00377500
TSLA,2026-10-01,354.81,2026-10-16,C,380.0,4.1,4.2,4.15,4304.0,10949,0.4279842358398438,False,2026-09-30 19:59:27+00:00,TSLA261016C00380000
TSLA,2026-10-01,354.81,2026-10-16,C,382.5,3.65,3.8,3.75,214.0,1148,0.43243975769042964,False,2026-09-30 19:59:09+00:00,TSLA261016C00382500
TSLA,2026-10-01,354.81,2026-10-16,C,385.0,3.25,3.35,3.3,1250.0,3857,0.432622861328125,False,2026-09-30 19:59:34+00:00,TSLA261016C00385000
TSLA,2026-10-01,354.81,2026-10-16,C,387.5,2.6,2.97,2.91,217.0,826,0.43396562133789063,False,2026-09-30 19:58:07+00:00,TSLA261016C00387500
TSLA,2026-10-01,354.81,2026-10-16,C,390.0,2.56,2.63,2.61,1287.0,4811,0.4354914849853516,False,2026-09-30 19:58:11+00:00,TSLA261016C00390000
TSLA,2026-10-01,354.81,2026-10-16,C,392.5,2.26,2.34,2.34,186.0,410,0.4378718322753906,False,2026-09-30 19:59:28+00:00,TSLA261016C00392500
TSLA,2026-10-01,354.81,2026-10-16,C,395.0,2.03,2.08,2.03,1696.0,4211,0.4401911450195312,False,2026-09-30 19:59:59+00:00,TSLA261016C00395000
TSLA,2026-10-01,354.81,2026-10-16,C,397.5,1.8,1.85,1.66,92.0,262,0.4426325268554688,False,2026-09-30 19:52:38+00:00,TSLA261016C00397500
TSLA,2026-10-01,354.81,2026-10-16,C,400.0,1.6,1.64,1.64,7559.0,19991,0.44482977050781247,False,2026-09-30 19:59:58+00:00,TSLA261016C00400000
TSLA,2026-10-01,354.81,2026-10-16,C,402.5,1.14,1.47,1.31,70.0,391,0.44824770507812495,False,2026-09-30 19:52:38+00:00,TSLA261016C00402500
TSLA,2026-10-01,354.81,2026-10-16,C,405.0,1.27,1.32,1.28,299.0,2267,0.4519097778320313,False,2026-09-30 19:56:44+00:00,TSLA261016C00405000
TSLA,2026-10-01,354.81,2026-10-16,C,410.0,1.01,1.06,1.05,758.0,5228,0.4587456469726563,False,2026-09-30 19:59:47+00:00,TSLA261016C00410000
TSLA,2026-10-01,354.81,2026-10-16,C,415.0,0.82,0.86,0.85,355.0,2611,0.46631393066406257,False,2026-09-30 19:59:56+00:00,TSLA261016C00415000
TSLA,2026-10-01,354.81,2026-10-16,C,420.0,0.67,0.71,0.7,2259.0,11388,0.47510290527343746,False,2026-09-30 19:59:30+00:00,TSLA261016C00420000
TSLA,2026-10-01,354.81,2026-10-16,C,425.0,0.56,0.6,0.5,368.0,5200,0.4858449853515625,False,2026-09-30 19:44:10+00:00,TSLA261016C00425000
TSLA,2026-10-01,354.81,2026-10-16,C,430.0,0.47,0.5,0.5,394.0,8721,0.4946339599609375,False,2026-09-30 19:59:38+00:00,TSLA261016C00430000
TSLA,2026-10-01,354.81,2026-10-16,C,435.0,0.4,0.43,0.35,172.0,2862,0.5024463818359376,False,2026-09-30 19:31:30+00:00,TSLA261016C00435000
TSLA,2026-10-01,354.81,2026-10-16,C,440.0,0.35,0.37,0.32,1334.0,4174,0.5136767382812499,False,2026-09-30 19:52:42+00:00,TSLA261016C00440000
TSLA,2026-10-01,354.81,2026-10-16,C,445.0,0.3,0.33,0.26,127.0,2261,0.5249070947265625,False,2026-09-30 18:52:27+00:00,TSLA261016C00445000
TSLA,2026-10-01,354.81,2026-10-16,C,450.0,0.26,0.28,0.28,1265.0,9848,0.534184345703125,False,2026-09-30 19:59:54+00:00,TSLA261016C00450000
TSLA,2026-10-01,354.81,2026-10-16,C,455.0,0.23,0.25,0.22,840.0,3274,0.5459029785156251,False,2026-09-30 19:56:17+00:00,TSLA261016C00455000
TSLA,2026-10-01,354.81,2026-10-16,C,460.0,0.2,0.23,0.2,154.0,6358,0.5576216113281252,False,2026-09-30 19:46:39+00:00,TSLA261016C00460000
TSLA,2026-10-01,354.81,2026-10-16,C,465.0,0.18,0.2,0.16,1008.0,3508,0.5678754150390625,False,2026-09-30 18:41:35+00:00,TSLA261016C00465000
TSLA,2026-10-01,354.81,2026-10-16,C,470.0,0.16,0.18,0.14,136.0,2122,0.57812921875,False,2026-09-30 17:46:35+00:00,TSLA261016C00470000
TSLA,2026-10-01,354.81,2026-10-16,C,475.0,0.14,0.17,0.13,44.0,2650,0.5898478515625001,False,2026-09-30 18:52:27+00:00,TSLA261016C00475000
TSLA,2026-10-01,354.81,2026-10-16,C,480.0,0.13,0.15,0.12,275.0,3496,0.6005899316406251,False,2026-09-30 19:09:04+00:00,TSLA261016C00480000
TSLA,2026-10-01,354.81,2026-10-16,C,485.0,0.12,0.14,0.12,60.0,1907,0.6132851171875001,False,2026-09-30 19:57:36+00:00,TSLA261016C00485000
TSLA,2026-10-01,354.81,2026-10-16,C,490.0,0.11,0.13,0.09,13.0,1632,0.6250037500000001,False,2026-09-30 14:29:19+00:00,TSLA261016C00490000
TSLA,2026-10-01,354.81,2026-10-16,C,495.0,0.1,0.12,0.1,111.0,3918,0.6347692773437501,False,2026-09-30 18:18:58+00:00,TSLA261016C00495000
TSLA,2026-10-01,354.81,2026-10-16,C,500.0,0.09,0.1,0.08,2035.0,13971,0.64062859375,False,2026-09-30 19:42:15+00:00,TSLA261016C00500000
TSLA,2026-10-01,354.81,2026-10-16,C,505.0,0.08,0.1,0.1,30.0,454,0.6533237792968751,False,2026-09-30 18:04:59+00:00,TSLA261016C00505000
TSLA,2026-10-01,354.81,2026-10-16,C,510.0,0.07,0.09,0.08,103.0,3139,0.6601596484375001,False,2026-09-30 19:28:42+00:00,TSLA261016C00510000
TSLA,2026-10-01,354.81,2026-10-16,C,515.0,0.07,0.09,0.07,8.0,1830,0.6757844921875001,False,2026-09-29 18:50:00+00:00,TSLA261016C00515000
TSLA,2026-10-01,354.81,2026-10-16,C,520.0,0.06,0.08,0.07,1.0,4844,0.6816438085937502,False,2026-09-30 14:28:45+00:00,TSLA261016C00520000
TSLA,2026-10-01,354.81,2026-10-16,C,525.0,0.05,0.08,0.07,2.0,3144,0.6914093359375001,False,2026-09-30 18:49:19+00:00,TSLA261016C00525000
TSLA,2026-10-01,354.81,2026-10-16,C,530.0,0.05,0.07,0.05,1.0,1148,0.70117486328125,False,2026-09-30 16:37:15+00:00,TSLA261016C00530000
TSLA,2026-10-01,354.81,2026-10-16,C,535.0,0.05,0.07,0.05,8.0,351,0.7148466015625,False,2026-09-30 16:35:22+00:00,TSLA261016C00535000
TSLA,2026-10-01,354.81,2026-10-16,C,540.0,0.04,0.06,0.05,251.0,1428,0.71679970703125,False,2026-09-30 17:24:57+00:00,TSLA261016C00540000
TSLA,2026-10-01,354.81,2026-10-16,C,545.0,0.04,0.06,0.04,11.0,923,0.7304714453125,False,2026-09-30 19:49:50+00:00,TSLA261016C00545000
TSLA,2026-10-01,354.81,2026-10-16,C,550.0,0.03,0.05,0.04,227.0,4514,0.7304714453125,False,2026-09-30 19:55:02+00:00,TSLA261016C00550000
TSLA,2026-10-01,354.81,2026-10-16,C,555.0,0.03,0.05,0.04,162.0,625,0.7421900781249999,False,2026-09-29 13:44:10+00:00,TSLA261016C00555000
TSLA,2026-10-01,354.81,2026-10-16,C,560.0,0.03,0.04,0.12,1.0,2215,0.7460962890625,False,2026-09-29 13:31:45+00:00,TSLA261016C00560000
TSLA,2026-10-01,354.81,2026-10-16,C,570.0,0.02,0.05,0.03,221.0,1483,0.773439765625,False,2026-09-29 14:14:21+00:00,TSLA261016C00570000
TSLA,2026-10-01,354.81,2026-10-16,C,580.0,0.02,0.04,0.03,1.0,4140,0.7851583984375,False,2026-09-30 18:49:19+00:00,TSLA261016C00580000
TSLA,2026-10-01,354.81,2026-10-16,C,590.0,0.01,0.04,0.03,5.0,707,0.79687703125,False,2026-09-30 16:42:48+00:00,TSLA261016C00590000
TSLA,2026-10-01,354.81,2026-10-16,C,600.0,0.02,0.03,0.03,146.0,7164,0.8203142968749999,False,2026-09-30 19:26:50+00:00,TSLA261016C00600000
TSLA,2026-10-01,354.81,2026-10-16,C,610.0,0.01,0.03,0.02,69.0,1405,0.8281267187499999,False,2026-09-29 19:12:45+00:00,TSLA261016C00610000
TSLA,2026-10-01,354.81,2026-10-16,C,620.0,0.01,0.03,0.02,1.0,369,0.851563984375,False,2026-09-30 14:11:24+00:00,TSLA261016C00620000
TSLA,2026-10-01,354.81,2026-10-16,C,630.0,0.0,0.03,0.02,16.0,1555,0.851563984375,False,2026-09-29 19:00:52+00:00,TSLA261016C00630000
TSLA,2026-10-01,354.81,2026-10-16,C,640.0,0.01,0.03,0.02,13.0,354,0.8984385156249999,False,2026-09-29 19:03:39+00:00,TSLA261016C00640000
TSLA,2026-10-01,354.81,2026-10-16,C,650.0,0.01,0.03,0.02,107.0,1253,0.914063359375,False,2026-09-29 18:18:07+00:00,TSLA261016C00650000
TSLA,2026-10-01,354.81,2026-10-16,C,660.0,0.0,0.02,0.02,1.0,290,0.8906260937499999,False,2026-09-29 17:56:23+00:00,TSLA261016C00660000
TSLA,2026-10-01,354.81,2026-10-16,C,670.0,0.0,0.02,0.02,15.0,1358,0.9062509375,False,2026-09-29 18:14:27+00:00,TSLA261016C00670000
TSLA,2026-10-01,354.81,2026-10-16,C,680.0,0.0,0.02,0.02,51.0,1648,0.92187578125,False,2026-09-29 18:54:49+00:00,TSLA261016C00680000
TSLA,2026-10-01,354.81,2026-10-16,C,690.0,0.0,0.02,0.03,5.0,499,0.945313046875,False,2026-09-25 18:18:54+00:00,TSLA261016C00690000
TSLA,2026-10-01,354.81,2026-10-16,C,700.0,0.0,0.02,0.01,150.0,1701,0.9687503125,False,2026-09-30 18:00:35+00:00,TSLA261016C00700000
TSLA,2026-10-01,354.81,2026-10-16,C,710.0,0.0,0.02,0.01,41.0,396,0.98437515625,False,2026-09-25 16:51:28+00:00,TSLA261016C00710000
TSLA,2026-10-01,354.81,2026-10-16,C,720.0,0.0,0.02,0.03,200.0,442,1.000005,False,2026-09-23 14:47:26+00:00,TSLA261016C00720000
TSLA,2026-10-01,354.81,2026-10-16,C,730.0,0.0,0.02,0.04,1.0,242,1.015629921875,False,2026-09-24 19:26:55+00:00,TSLA261016C00730000
TSLA,2026-10-01,354.81,2026-10-16,C,740.0,0.0,0.02,0.03,1.0,77,1.0312548437500002,False,2026-09-21 17:07:13+00:00,TSLA261016C00740000
TSLA,2026-10-01,354.81,2026-10-16,C,750.0,0.0,0.02,0.01,170.0,960,1.0468797656250002,False,2026-09-29 18:18:07+00:00,TSLA261016C00750000
TSLA,2026-10-01,354.81,2026-10-16,C,760.0,0.0,0.02,0.01,2.0,328,1.0625046875000002,False,2026-09-29 14:23:33+00:00,TSLA261016C00760000
TSLA,2026-10-01,354.81,2026-10-16,C,770.0,0.0,0.02,0.01,13.0,286,1.09375453125,False,2026-09-29 14:23:07+00:00,TSLA261016C00770000
TSLA,2026-10-01,354.81,2026-10-16,C,780.0,0.0,0.02,0.07,8.0,144,1.109379453125,False,2026-09-08 16:44:36+00:00,TSLA261016C00780000
TSLA,2026-10-01,354.81,2026-10-16,C,790.0,0.0,0.02,0.03,4.0,45,1.125004375,False,2026-09-11 16:53:51+00:00,TSLA261016C00790000
TSLA,2026-10-01,354.81,2026-10-16,C,800.0,0.0,0.01,0.01,109.0,4356,1.09375453125,False,2026-09-29 18:09:17+00:00,TSLA261016C00800000
TSLA,2026-10-01,354.81,2026-10-16,C,810.0,0.0,0.02,0.01,107.0,1007,1.15625421875,False,2026-09-29 18:11:03+00:00,TSLA261016C00810000
TSLA,2026-10-01,354.81,2026-10-16,C,820.0,0.0,0.02,0.05,2.0,1448,1.171879140625,False,2026-09-17 17:46:59+00:00,TSLA261016C00820000
TSLA,2026-10-01,354.81,2026-10-16,C,830.0,0.0,0.02,0.01,16.0,369,1.1875040625,False,2026-09-25 19:23:31+00:00,TSLA261016C00830000
TSLA,2026-10-01,354.81,2026-10-16,C,840.0,0.0,0.02,0.02,24.0,224,1.203128984375,False,2026-09-21 19:59:09+00:00,TSLA261016C00840000
TSLA,2026-10-01,354.81,2026-10-16,C,850.0,0.0,0.02,0.01,12.0,928,1.21875390625,False,2026-09-23 19:57:01+00:00,TSLA261016C00850000
TSLA,2026-10-01,354.81,2026-10-16,C,860.0,0.0,0.02,0.02,3.0,80,1.21875390625,False,2026-09-22 16:30:04+00:00,TSLA261016C00860000
TSLA,2026-10-01,354.81,2026-10-16,C,870.0,0.0,0.02,0.02,16.0,712,1.2343788281249999,False,2026-09-18 15:22:48+00:00,TSLA261016C00870000
TSLA,2026-10-01,354.81,2026-10-16,C,880.0,0.0,0.02,0.02,2.0,781,1.2500037499999999,False,2026-09-23 13:48:18+00:00,TSLA261016C00880000
TSLA,2026-10-01,354.81,2026-10-16,C,890.0,0.0,0.01,0.02,18.0,1484,1.21875390625,False,2026-09-23 19:52:50+00:00,TSLA261016C00890000
TSLA,2026-10-01,354.81,2026-10-16,C,900.0,0.0,0.01,0.02,3.0,8570,1.21875390625,False,2026-09-28 14:39:08+00:00,TSLA261016C00900000
TSLA,2026-10-01,354.81,2026-10-16,P,50.0,0.0,0.01,0.01,1.0,5608,2.68750328125,False,2026-09-16 18:56:12+00:00,TSLA261016P00050000
TSLA,2026-10-01,354.81,2026-10-16,P,55.0,0.0,0.02,0.01,118.0,4046,2.68750328125,False,2026-09-11 16:20:12+00:00,TSLA261016P00055000
TSLA,2026-10-01,354.81,2026-10-16,P,60.0,0.0,0.01,0.01,556.0,2942,2.43750390625,False,2026-09-24 19:54:31+00:00,TSLA261016P00060000
TSLA,2026-10-01,354.81,2026-10-16,P,65.0,0.0,0.02,0.01,19.0,611,2.468753828125,False,2026-09-24 19:54:31+00:00,TSLA261016P00065000
TSLA,2026-10-01,354.81,2026-10-16,P,70.0,0.0,0.02,0.01,26.0,1179,2.3437541406249993,False,2026-09-24 19:54:31+00:00,TSLA261016P00070000
TSLA,2026-10-01,354.81,2026-10-16,P,75.0,0.0,0.02,0.01,4.0,429,2.2500043749999996,False,2026-09-25 17:23:05+00:00,TSLA261016P00075000
TSLA,2026-10-01,354.81,2026-10-16,P,80.0,0.0,0.02,0.01,2.0,1235,2.156254609375,False,2026-09-30 13:44:02+00:00,TSLA261016P00080000
TSLA,2026-10-01,354.81,2026-10-16,P,85.0,0.0,0.02,0.01,13.0,162,2.0625048437499998,False,2026-09-24 19:54:31+00:00,TSLA261016P00085000
TSLA,2026-10-01,354.81,2026-10-16,P,90.0,0.0,0.02,0.01,10.0,604,1.984375078125,False,2026-09-24 19:54:31+00:00,TSLA261016P00090000
TSLA,2026-10-01,354.81,2026-10-16,P,95.0,0.0,0.02,0.05,4.0,625,1.9062504687500001,False,2026-09-16 18:02:31+00:00,TSLA261016P00095000
TSLA,2026-10-01,354.81,2026-10-16,P,100.0,0.0,0.02,0.01,93.0,3478,1.8437507812499998,False,2026-09-29 16:05:52+00:00,TSLA261016P00100000
TSLA,2026-10-01,354.81,2026-10-16,P,105.0,0.0,0.02,0.01,5.0,863,1.78125109375,False,2026-09-24 18:04:07+00:00,TSLA261016P00105000
TSLA,2026-10-01,354.81,2026-10-16,P,110.0,0.0,0.03,0.01,69.0,1376,1.765626171875,False,2026-09-29 16:01:20+00:00,TSLA261016P00110000
TSLA,2026-10-01,354.81,2026-10-16,P,115.0,0.0,0.03,0.02,1080.0,1123,1.703126484375,False,2026-09-24 19:54:59+00:00,TSLA261016P00115000
TSLA,2026-10-01,354.81,2026-10-16,P,120.0,0.0,0.03,0.01,10.0,2031,1.640626796875,False,2026-09-29 13:33:57+00:00,TSLA261016P00120000
TSLA,2026-10-01,354.81,2026-10-16,P,125.0,0.0,0.03,0.04,14.0,227,1.5781271093749998,False,2026-09-02 19:13:56+00:00,TSLA261016P00125000
TSLA,2026-10-01,354.81,2026-10-16,P,130.0,0.01,0.03,0.02,62.0,729,1.5625021874999998,False,2026-09-30 19:45:01+00:00,TSLA261016P00130000
TSLA,2026-10-01,354.81,2026-10-16,P,135.0,0.01,0.03,0.05,1.0,257,1.5000025,False,2026-09-15 15:50:37+00:00,TSLA261016P00135000
TSLA,2026-10-01,354.81,2026-10-16,P,140.0,0.02,0.03,0.02,44.0,183,1.4765651171875,False,2026-09-30 13:48:10+00:00,TSLA261016P00140000
TSLA,2026-10-01,354.81,2026-10-16,P,145.0,0.01,0.03,0.02,10.0,241,1.3906280468749999,False,2026-09-23 14:57:15+00:00,TSLA261016P00145000
TSLA,2026-10-01,354.81,2026-10-16,P,150.0,0.02,0.03,0.02,5.0,2543,1.3750031249999999,False,2026-09-30 19:29:09+00:00,TSLA261016P00150000
TSLA,2026-10-01,354.81,2026-10-16,P,155.0,0.01,0.03,0.03,25.0,56,1.2968785156249998,False,2026-09-30 15:26:23+00:00,TSLA261016P00155000
TSLA,2026-10-01,354.81,2026-10-16,P,160.0,0.02,0.04,0.03,8.0,265,1.2968785156249998,False,2026-09-30 16:50:25+00:00,TSLA261016P00160000
TSLA,2026-10-01,354.81,2026-10-16,P,165.0,0.02,0.03,0.05,10.0,215,1.2265663671875,False,2026-09-28 14:01:37+00:00,TSLA261016P00165000
TSLA,2026-10-01,354.81,2026-10-16,P,170.0,0.02,0.05,0.04,3.0,427,1.21875390625,False,2026-09-29 15:40:18+00:00,TSLA261016P00170000
TSLA,2026-10-01,354.81,2026-10-16,P,175.0,0.02,0.05,0.04,10.0,581,1.171879140625,False,2026-09-29 14:27:24+00:00,TSLA261016P00175000
TSLA,2026-10-01,354.81,2026-10-16,P,180.0,0.03,0.05,0.03,81.0,3984,1.140629296875,False,2026-09-29 19:07:18+00:00,TSLA261016P00180000
TSLA,2026-10-01,354.81,2026-10-16,P,185.0,0.03,0.05,0.04,25.0,507,1.0976607617187502,False,2026-09-30 17:11:48+00:00,TSLA261016P00185000
TSLA,2026-10-01,354.81,2026-10-16,P,190.0,0.03,0.06,0.05,1.0,745,1.0703171484375003,False,2026-09-29 19:44:42+00:00,TSLA261016P00190000
TSLA,2026-10-01,354.81,2026-10-16,P,195.0,0.04,0.06,0.05,10.0,1336,1.0390673046875003,False,2026-09-30 15:09:50+00:00,TSLA261016P00195000
TSLA,2026-10-01,354.81,2026-10-16,P,200.0,0.04,0.07,0.07,44.0,3942,1.0058643457031249,False,2026-09-29 18:23:47+00:00,TSLA261016P00200000
TSLA,2026-10-01,354.81,2026-10-16,P,205.0,0.05,0.08,0.07,20.0,2394,0.98242205078125,False,2026-09-30 15:09:29+00:00,TSLA261016P00205000
TSLA,2026-10-01,354.81,2026-10-16,P,210.0,0.06,0.08,0.08,4.0,1592,0.9492192578124999,False,2026-09-30 18:50:53+00:00,TSLA261016P00210000
TSLA,2026-10-01,354.81,2026-10-16,P,215.0,0.06,0.09,0.1,41.0,979,0.9179695703125,False,2026-09-29 18:23:31+00:00,TSLA261016P00215000
TSLA,2026-10-01,354.81,2026-10-16,P,220.0,0.07,0.1,0.1,50.0,1214,0.8906260937499999,False,2026-09-30 16:10:00+00:00,TSLA261016P00220000
TSLA,2026-10-01,354.81,2026-10-16,P,225.0,0.08,0.1,0.11,3.0,770,0.85742330078125,False,2026-09-29 19:08:38+00:00,TSLA261016P00225000
TSLA,2026-10-01,354.81,2026-10-16,P,230.0,0.09,0.11,0.16,22.0,524,0.8300798242187499,False,2026-09-28 16:00:56+00:00,TSLA261016P00230000
TSLA,2026-10-01,354.81,2026-10-16,P,235.0,0.1,0.12,0.15,2.0,1263,0.8007832421875,False,2026-09-29 17:35:16+00:00,TSLA261016P00235000
TSLA,2026-10-01,354.81,2026-10-16,P,240.0,0.11,0.13,0.16,1.0,2241,0.77148666015625,False,2026-09-29 14:19:33+00:00,TSLA261016P00240000
TSLA,2026-10-01,354.81,2026-10-16,P,245.0,0.12,0.14,0.13,27.0,893,0.7421900781249999,False,2026-09-30 15:14:05+00:00,TSLA261016P00245000
TSLA,2026-10-01,354.81,2026-10-16,P,250.0,0.13,0.16,0.15,136.0,5371,0.7148466015625,False,2026-09-30 19:49:41+00:00,TSLA261016P00250000
TSLA,2026-10-01,354.81,2026-10-16,P,255.0,0.14,0.17,0.19,44.0,1630,0.684573466796875,False,2026-09-30 17:46:10+00:00,TSLA261016P00255000
TSLA,2026-10-01,354.81,2026-10-16,P,260.0,0.16,0.19,0.18,44.0,4058,0.659183095703125,False,2026-09-30 17:50:14+00:00,TSLA261016P00260000
TSLA,2026-10-01,354.81,2026-10-16,P,265.0,0.18,0.21,0.22,8.0,1587,0.631839619140625,False,2026-09-30 16:53:18+00:00,TSLA261016P00265000
TSLA,2026-10-01,354.81,2026-10-16,P,270.0,0.2,0.23,0.22,229.0,2304,0.6044961425781252,False,2026-09-30 19:57:01+00:00,TSLA261016P00270000
TSLA,2026-10-01,354.81,2026-10-16,P,275.0,0.23,0.25,0.26,85.0,2697,0.57812921875,False,2026-09-30 19:42:55+00:00,TSLA261016P00275000
TSLA,2026-10-01,354.81,2026-10-16,P,280.0,0.26,0.28,0.26,403.0,7212,0.551762294921875,False,2026-09-30 19:56:53+00:00,TSLA261016P00280000
TSLA,2026-10-01,354.81,2026-10-16,P,285.0,0.29,0.32,0.36,85.0,1816,0.5258836474609375,False,2026-09-30 17:10:38+00:00,TSLA261016P00285000
TSLA,2026-10-01,354.81,2026-10-16,P,290.0,0.35,0.38,0.38,110.0,4405,0.5043994873046875,False,2026-09-30 18:30:13+00:00,TSLA261016P00290000
TSLA,2026-10-01,354.81,2026-10-16,P,295.0,0.42,0.46,0.47,54.0,4179,0.48730981445312505,False,2026-09-30 19:53:01+00:00,TSLA261016P00295000
TSLA,2026-10-01,354.81,2026-10-16,P,300.0,0.53,0.56,0.55,852.0,11013,0.4670463452148438,False,2026-09-30 19:56:27+00:00,TSLA261016P00300000
TSLA,2026-10-01,354.81,2026-10-16,P,305.0,0.68,0.72,0.7,166.0,3993,0.45117736328125,False,2026-09-30 19:56:27+00:00,TSLA261016P00305000
TSLA,2026-10-01,354.81,2026-10-16,P,310.0,0.9,0.94,0.92,294.0,4240,0.4370173486328125,False,2026-09-30 19:56:27+00:00,TSLA261016P00310000
TSLA,2026-10-01,354.81,2026-10-16,P,315.0,1.17,1.32,1.26,307.0,3982,0.43115803222656257,False,2026-09-30 19:39:57+00:00,TSLA261016P00315000
TSLA,2026-10-01,354.81,2026-10-16,P,320.0,1.64,1.7,1.7,761.0,10809,0.4163876721191406,False,2026-09-30 19:59:25+00:00,TSLA261016P00320000
TSLA,2026-10-01,354.81,2026-10-16,P,325.0,2.22,2.37,2.7,496.0,5084,0.41260353027343744,False,2026-09-30 19:42:46+00:00,TSLA261016P00325000
TSLA,2026-10-01,354.81,2026-10-16,P,330.0,3.1,3.2,3.17,1135.0,10456,0.40698835205078127,False,2026-09-30 19:57:21+00:00,TSLA261016P00330000
TSLA,2026-10-01,354.81,2026-10-16,P,335.0,4.15,4.35,4.2,568.0,3546,0.4056455920410156,False,2026-09-30 19:54:57+00:00,TSLA261016P00335000
TSLA,2026-10-01,354.81,2026-10-16,P,340.0,5.55,5.75,5.68,3099.0,8088,0.40320421020507813,False,2026-09-30 19:59:22+00:00,TSLA261016P00340000
TSLA,2026-10-01,354.81,2026-10-16,P,345.0,7.2,7.5,7.4,1122.0,3039,0.40253283020019537,False,2026-09-30 19:59:26+00:00,TSLA261016P00345000
TSLA,2026-10-01,354.81,2026-10-16,P,347.5,8.2,8.5,8.4,284.0,759,0.4023497265625,False,2026-09-30 19:57:18+00:00,TSLA261016P00347500
TSLA,2026-10-01,354.81,2026-10-16,P,350.0,9.4,9.55,9.4,8596.0,8709,0.4010069665527344,False,2026-09-30 19:59:52+00:00,TSLA261016P00350000
TSLA,2026-10-01,354.81,2026-10-16,P,352.5,10.4,10.8,10.64,997.0,551,0.4036314520263672,False,2026-09-30 19:59:45+00:00,TSLA261016P00352500
TSLA,2026-10-01,354.81,2026-10-16,P,355.0,11.0,12.0,11.9,1069.0,2576,0.4017393811035156,True,2026-09-30 19:59:05+00:00,TSLA261016P00355000
TSLA,2026-10-01,354.81,2026-10-16,P,357.5,12.95,13.4,14.9,101.0,393,0.4037535211181641,True,2026-09-30 19:44:59+00:00,TSLA261016P00357500
TSLA,2026-10-01,354.81,2026-10-16,P,360.0,14.35,14.8,14.55,282.0,10748,0.4030211065673829,True,2026-09-30 19:56:58+00:00,TSLA261016P00360000
TSLA,2026-10-01,354.81,2026-10-16,P,362.5,15.85,16.4,16.08,26.0,386,0.40643904113769536,True,2026-09-30 16:42:26+00:00,TSLA261016P00362500
TSLA,2026-10-01,354.81,2026-10-16,P,365.0,17.25,17.95,17.7,120.0,4094,0.40546248840332033,True,2026-09-30 19:58:27+00:00,TSLA261016P00365000
TSLA,2026-10-01,354.81,2026-10-16,P,367.5,18.9,19.65,21.15,20.0,254,0.4071104211425781,True,2026-09-30 18:47:12+00:00,TSLA261016P00367500
TSLA,2026-10-01,354.81,2026-10-16,P,370.0,20.8,21.4,21.31,130.0,6631,0.40808697387695314,True,2026-09-30 19:56:26+00:00,TSLA261016P00370000
TSLA,2026-10-01,354.81,2026-10-16,P,372.5,22.6,23.6,27.07,2.0,472,0.42383388671875,True,2026-09-30 15:42:12+00:00,TSLA261016P00372500
TSLA,2026-10-01,354.81,2026-10-16,P,375.0,24.45,25.2,24.85,126.0,3727,0.41431249755859373,True,2026-09-30 19:57:26+00:00,TSLA261016P00375000
TSLA,2026-10-01,354.81,2026-10-16,P,377.5,26.05,27.6,32.15,5.0,393,0.43469803588867195,True,2026-09-30 14:11:17+00:00,TSLA261016P00377500
TSLA,2026-10-01,354.81,2026-10-16,P,380.0,28.3,29.2,30.75,131.0,11716,0.41968353759765625,True,2026-09-30 19:37:03+00:00,TSLA261016P00380000
TSLA,2026-10-01,354.81,2026-10-16,P,382.5,29.65,32.15,32.8,10.0,318,0.4621635815429688,True,2026-09-30 18:50:56+00:00,TSLA261016P00382500
TSLA,2026-10-01,354.81,2026-10-16,P,385.0,32.55,33.7,36.2,38.0,1540,0.44043528320312497,True,2026-09-30 16:31:56+00:00,TSLA261016P00385000
TSLA,2026-10-01,354.81,2026-10-16,P,387.5,34.55,35.55,37.7,63.0,199,0.4283504431152344,True,2026-09-30 18:34:04+00:00,TSLA261016P00387500
TSLA,2026-10-01,354.81,2026-10-16,P,390.0,36.7,37.7,38.43,36.0,4380,0.42896078857421877,True,2026-09-30 19:54:58+00:00,TSLA261016P00390000
TSLA,2026-10-01,354.81,2026-10-16,P,392.5,38.6,40.65,41.42,8.0,81,0.4727835925292969,True,2026-09-30 19:11:38+00:00,TSLA261016P00392500
TSLA,2026-10-01,354.81,2026-10-16,P,395.0,41.1,42.7,42.95,42.0,2305,0.46631393066406257,True,2026-09-30 19:54:58+00:00,TSLA261016P00395000
TSLA,2026-10-01,354.81,2026-10-16,P,397.5,42.75,45.75,45.7,1.0,25,0.5162401892089843,True,2026-09-30 19:11:38+00:00,TSLA261016P00397500
TSLA,2026-10-01,354.81,2026-10-16,P,400.0,45.85,46.95,47.9,161.0,7383,0.4534966760253906,True,2026-09-30 19:01:09+00:00,TSLA261016P00400000
TSLA,2026-10-01,354.81,2026-10-16,P,402.5,47.3,50.45,44.98,1.0,2,0.5352829675292969,True,2026-09-28 18:32:19+00:00,TSLA261016P00402500
TSLA,2026-10-01,354.81,2026-10-16,P,405.0,49.7,52.8,51.57,10.0,365,0.5437057348632813,True,2026-09-30 18:00:14+00:00,TSLA261016P00405000
TSLA,2026-10-01,354.81,2026-10-16,P,410.0,54.5,57.05,56.55,156.0,1634,0.5261277856445312,True,2026-09-30 17:48:20+00:00,TSLA261016P00410000
TSLA,2026-10-01,354.81,2026-10-16,P,415.0,59.35,62.5,62.42,2.0,782,0.5905802661132813,True,2026-09-30 19:11:38+00:00,TSLA261016P00415000
TSLA,2026-10-01,354.81,2026-10-16,P,420.0,64.8,66.1,66.85,79.0,2596,0.4997608618164063,True,2026-09-30 19:53:11+00:00,TSLA261016P00420000
TSLA,2026-10-01,354.81,2026-10-16,P,425.0,69.55,71.55,72.33,246.0,1066,0.5742230078125,True,2026-09-30 19:25:01+00:00,TSLA261016P00425000
TSLA,2026-10-01,354.81,2026-10-16,P,430.0,74.25,77.25,79.69,5.0,556,0.5048877636718749,True,2026-09-30 14:24:31+00:00,TSLA261016P00430000
TSLA,2026-10-01,354.81,2026-10-16,P,435.0,79.55,81.6,81.13,25.0,1219,0.6342810009765626,True,2026-09-30 17:53:04+00:00,TSLA261016P00435000
TSLA,2026-10-01,354.81,2026-10-16,P,440.0,84.3,87.2,90.0,8.0,166,0.5529829858398438,True,2026-09-30 14:45:12+00:00,TSLA261016P00440000
TSLA,2026-10-01,354.81,2026-10-16,P,445.0,89.5,91.55,96.32,2.0,88,0.5307664111328125,True,2026-09-30 14:12:39+00:00,TSLA261016P00445000
TSLA,2026-10-01,354.81,2026-10-16,P,450.0,93.8,97.2,97.45,6.0,5,0.5459029785156251,True,2026-09-29 19:51:36+00:00,TSLA261016P00450000
TSLA,2026-10-01,354.81,2026-10-16,P,455.0,98.5,102.2,101.0,10.0,6,0.51758294921875,True,2026-09-29 19:22:00+00:00,TSLA261016P00455000
TSLA,2026-10-01,354.81,2026-10-16,P,460.0,103.25,108.65,105.88,160.0,16,0.6784700122070313,True,2026-09-29 19:07:59+00:00,TSLA261016P00460000
TSLA,2026-10-01,354.81,2026-10-16,P,465.0,108.2,113.65,94.1,10.0,0,0.6967803759765626,True,2026-09-09 14:45:07+00:00,TSLA261016P00465000
TSLA,2026-10-01,354.81,2026-10-16,P,470.0,113.05,118.65,93.65,1.0,0,0.7060576269531251,True,2026-09-25 13:55:20+00:00,TSLA261016P00470000
TSLA,2026-10-01,354.81,2026-10-16,P,475.0,118.05,123.25,121.53,150.0,0,0.6865265722656251,True,2026-09-29 18:21:04+00:00,TSLA261016P00475000
TSLA,2026-10-01,354.81,2026-10-16,P,480.0,123.3,128.65,104.5,4.0,0,0.770510107421875,True,2026-09-21 15:49:57+00:00,TSLA261016P00480000
TSLA,2026-10-01,354.81,2026-10-16,P,485.0,129.1,133.65,120.0,4.0,0,0.8520522607421875,True,2026-08-31 19:01:16+00:00,TSLA261016P00485000
TSLA,2026-10-01,354.81,2026-10-16,P,490.0,133.3,138.65,136.0,15.0,0,0.8125018749999999,True,2026-09-04 19:21:41+00:00,TSLA261016P00490000
TSLA,2026-10-01,354.81,2026-10-16,P,495.0,138.0,142.5,190.76,1.0,0,0.5976602734375001,True,2026-07-28 14:58:16+00:00,TSLA261016P00495000
TSLA,2026-10-01,354.81,2026-10-16,P,500.0,143.3,148.25,120.07,1.0,0,0.8139667041015625,True,2026-09-23 19:35:15+00:00,TSLA261016P00500000
TSLA,2026-10-01,354.81,2026-10-16,P,505.0,154.7,157.0,185.75,1.0,0,1.3270297320556639,True,2026-07-23 18:18:07+00:00,TSLA261016P00505000
TSLA,2026-10-01,354.81,2026-10-16,P,510.0,0.0,0.0,185.3,1.0,0,1.0000000000000003e-05,True,2026-08-12 15:05:45+00:00,TSLA261016P00510000
TSLA,2026-10-01,354.81,2026-10-16,P,515.0,164.7,166.95,134.73,1.0,0,1.375369334106445,True,2026-07-17 16:28:20+00:00,TSLA261016P00515000
TSLA,2026-10-01,354.81,2026-10-16,P,520.0,169.7,171.95,198.31,4.0,0,1.399783274536133,True,2026-07-23 17:25:23+00:00,TSLA261016P00520000
TSLA,2026-10-01,354.81,2026-10-16,P,525.0,174.7,176.95,122.15,3.0,0,1.423831005859375,True,2026-07-10 17:51:37+00:00,TSLA261016P00525000
TSLA,2026-10-01,354.81,2026-10-16,P,530.0,179.7,181.95,208.98,2.0,0,1.4475125280761718,True,2026-07-23 18:29:46+00:00,TSLA261016P00530000
TSLA,2026-10-01,354.81,2026-10-16,P,535.0,143.2,144.2,154.33,,6,1.0000000000000003e-05,True,2026-06-10 14:53:04+00:00,TSLA261016P00535000
TSLA,2026-10-01,354.81,2026-10-16,P,540.0,216.05,224.25,160.35,2.0,2,2.8061553283691407,True,2026-06-23 19:37:01+00:00,TSLA261016P00540000
TSLA,2026-10-01,354.81,2026-10-16,P,545.0,194.55,196.8,222.36,30.0,0,1.5061059851074217,True,2026-07-23 18:42:49+00:00,TSLA261016P00545000
TSLA,2026-10-01,354.81,2026-10-16,P,550.0,193.85,197.2,170.79,69.0,0,0.9213875048828125,True,2026-09-03 15:03:36+00:00,TSLA261016P00550000
TSLA,2026-10-01,354.81,2026-10-16,P,560.0,209.55,211.85,236.2,22.0,0,1.5737326000976561,True,2026-07-23 18:42:49+00:00,TSLA261016P00560000
TSLA,2026-10-01,354.81,2026-10-16,P,570.0,219.55,221.8,252.75,22.0,0,1.614381810913086,True,2026-07-23 18:42:49+00:00,TSLA261016P00570000
TSLA,2026-10-01,354.81,2026-10-16,P,580.0,229.85,232.15,192.55,1.0,0,1.6792008227539061,True,2026-07-16 17:37:33+00:00,TSLA261016P00580000
TSLA,2026-10-01,354.81,2026-10-16,P,590.0,239.85,242.15,197.23,1.0,0,1.719850033569336,True,2026-07-13 18:16:19+00:00,TSLA261016P00590000
TSLA,2026-10-01,354.81,2026-10-16,P,600.0,243.6,248.15,294.78,1.0,0,1.1816447167968749,True,2026-07-30 16:48:35+00:00,TSLA261016P00600000
TSLA,2026-10-01,354.81,2026-10-16,P,650.0,299.3,301.55,245.75,17.0,0,1.8989262866210939,True,2026-07-07 15:40:17+00:00,TSLA261016P00650000
TSLA,2026-10-01,354.81,2026-10-16,P,660.0,303.6,308.15,354.17,2.0,0,1.3544954150390622,True,2026-07-30 14:52:26+00:00,TSLA261016P00660000
TSLA,2026-10-01,354.81,2026-10-16,P,700.0,349.3,351.55,290.8,,0,2.0629931237792967,True,2026-07-07 16:50:46+00:00,TSLA261016P00700000
TSLA,2026-10-01,354.81,2026-10-16,P,730.0,0.0,0.0,305.8,,0,1.0000000000000003e-05,True,2026-05-21 13:34:30+00:00,TSLA261016P00730000
TSLA,2026-10-01,354.81,2026-10-16,P,750.0,0.0,0.0,347.62,1.0,0,1.0000000000000003e-05,True,2026-05-19 13:33:31+00:00,TSLA261016P00750000
TSLA,2026-10-01,354.81,2026-10-16,P,800.0,392.9,393.9,376.74,1.0,0,1.0000000000000003e-05,True,2026-05-15 19:53:00+00:00,TSLA261016P00800000
TSLA,2026-10-01,354.81,2026-10-23,C,150.0,201.4,208.3,202.99,6.0,4,1.1875040625,True,2026-09-30 19:47:52+00:00,TSLA261023C00150000
TSLA,2026-10-01,354.81,2026-10-23,C,160.0,190.55,198.7,208.03,1.0,1,2.1511276690673826,True,2026-09-18 13:58:54+00:00,TSLA261023C00160000
TSLA,2026-10-01,354.81,2026-10-23,C,170.0,180.5,188.6,204.9,,1,1.9963379089355469,True,2026-09-21 17:53:34+00:00,TSLA261023C00170000
TSLA,2026-10-01,354.81,2026-10-23,C,180.0,171.05,178.7,198.61,,1,0.9960937890625,True,2026-09-22 14:42:25+00:00,TSLA261023C00180000
TSLA,2026-10-01,354.81,2026-10-23,C,190.0,161.1,168.75,174.81,1.0,1,0.9804689453125001,True,2026-09-18 14:07:33+00:00,TSLA261023C00190000
TSLA,2026-10-01,354.81,2026-10-23,C,200.0,150.9,158.8,151.62,1.0,5,0.8125018749999999,True,2026-09-30 16:45:33+00:00,TSLA261023C00200000
TSLA,2026-10-01,354.81,2026-10-23,C,210.0,141.2,148.85,152.73,3.0,9,0.901368173828125,True,2026-09-15 16:54:20+00:00,TSLA261023C00210000
TSLA,2026-10-01,354.81,2026-10-23,C,220.0,130.35,138.8,152.62,1.0,357,1.4091826416015625,True,2026-09-25 14:26:20+00:00,TSLA261023C00220000
TSLA,2026-10-01,354.81,2026-10-23,C,230.0,121.3,128.95,139.21,2.0,2,0.799806689453125,True,2026-09-08 16:19:58+00:00,TSLA261023C00230000
TSLA,2026-10-01,354.81,2026-10-23,C,235.0,116.3,124.0,129.61,1.0,2,0.7729514892578125,True,2026-09-18 15:52:18+00:00,TSLA261023C00235000
TSLA,2026-10-01,354.81,2026-10-23,C,250.0,101.85,109.25,107.9,1.0,21,0.7597680273437502,True,2026-09-29 13:31:29+00:00,TSLA261023C00250000
TSLA,2026-10-01,354.81,2026-10-23,C,255.0,96.5,104.3,106.86,1.0,2,0.6948272705078126,True,2026-09-28 16:04:33+00:00,TSLA261023C00255000
TSLA,2026-10-01,354.81,2026-10-23,C,260.0,91.9,99.2,119.9,6.0,13,0.6865265722656251,True,2026-09-22 14:27:09+00:00,TSLA261023C00260000
TSLA,2026-10-01,354.81,2026-10-23,C,265.0,87.4,94.55,86.7,16.0,10,0.7106962524414062,True,2026-09-30 16:07:30+00:00,TSLA261023C00265000
TSLA,2026-10-01,354.81,2026-10-23,C,270.0,82.65,89.4,100.04,3.0,5,0.6787141503906251,True,2026-09-18 15:00:44+00:00,TSLA261023C00270000
TSLA,2026-10-01,354.81,2026-10-23,C,275.0,78.0,84.6,98.15,1.0,2,0.6704134521484376,True,2026-09-21 13:31:14+00:00,TSLA261023C00275000
TSLA,2026-10-01,354.81,2026-10-23,C,280.0,73.45,79.0,97.0,1.0,1,0.6247596118164063,True,2026-09-21 18:47:57+00:00,TSLA261023C00280000
TSLA,2026-10-01,354.81,2026-10-23,C,285.0,69.05,73.7,77.06,2.0,15,0.6010782080078126,True,2026-09-28 17:25:10+00:00,TSLA261023C00285000
TSLA,2026-10-01,354.81,2026-10-23,C,290.0,64.85,68.35,71.2,1.0,3,0.5819133605957032,True,2026-09-15 18:03:36+00:00,TSLA261023C00290000
TSLA,2026-10-01,354.81,2026-10-23,C,295.0,60.45,63.25,66.68,1.0,2,0.5621381677246093,True,2026-09-15 18:04:31+00:00,TSLA261023C00295000
TSLA,2026-10-01,354.81,2026-10-23,C,300.0,55.9,58.35,54.5,2.0,48,0.5415084912109377,True,2026-09-30 18:52:30+00:00,TSLA261023C00300000
TSLA,2026-10-01,354.81,2026-10-23,C,305.0,51.25,53.65,52.11,2.0,48,0.521367091064453,True,2026-09-29 19:15:41+00:00,TSLA261023C00305000
TSLA,2026-10-01,354.81,2026-10-23,C,310.0,46.95,49.25,47.05,22.0,106,0.51562984375,True,2026-09-29 16:14:34+00:00,TSLA261023C00310000
TSLA,2026-10-01,354.81,2026-10-23,C,315.0,42.65,44.95,49.64,1.0,16,0.5064746618652343,True,2026-09-28 16:17:31+00:00,TSLA261023C00315000
TSLA,2026-10-01,354.81,2026-10-23,C,320.0,38.5,40.7,34.91,4.0,65,0.5410202148437502,True,2026-09-30 14:05:21+00:00,TSLA261023C00320000
TSLA,2026-10-01,354.81,2026-10-23,C,325.0,34.55,36.45,33.35,10.0,46,0.520390538330078,True,2026-09-30 18:33:30+00:00,TSLA261023C00325000
TSLA,2026-10-01,354.81,2026-10-23,C,330.0,31.2,32.55,28.3,3.0,130,0.5080615600585938,True,2026-09-30 15:51:19+00:00,TSLA261023C00330000
TSLA,2026-10-01,354.81,2026-10-23,C,335.0,28.0,29.65,29.0,16.0,254,0.5227708856201172,True,2026-09-30 19:59:27+00:00,TSLA261023C00335000
TSLA,2026-10-01,354.81,2026-10-23,C,340.0,24.8,25.65,23.3,45.0,173,0.49597671997070314,True,2026-09-30 19:49:52+00:00,TSLA261023C00340000
TSLA,2026-10-01,354.81,2026-10-23,C,345.0,21.9,22.75,21.3,80.0,274,0.49707534179687507,True,2026-09-30 19:54:43+00:00,TSLA261023C00345000
TSLA,2026-10-01,354.81,2026-10-23,C,350.0,19.2,19.75,19.55,617.0,715,0.48871360900878913,True,2026-09-30 19:58:39+00:00,TSLA261023C00350000
TSLA,2026-10-01,354.81,2026-10-23,C,355.0,16.8,17.25,16.85,348.0,402,0.48828636718750007,False,2026-09-30 19:58:49+00:00,TSLA261023C00355000
TSLA,2026-10-01,354.81,2026-10-23,C,360.0,14.7,15.0,14.8,602.0,793,0.48846947082519543,False,2026-09-30 19:57:34+00:00,TSLA261023C00360000
TSLA,2026-10-01,354.81,2026-10-23,C,365.0,12.25,13.15,12.8,838.0,1565,0.49371844177246105,False,2026-09-30 19:59:30+00:00,TSLA261023C00365000
TSLA,2026-10-01,354.81,2026-10-23,C,370.0,10.9,11.15,11.1,929.0,1555,0.4885915399169922,False,2026-09-30 19:58:27+00:00,TSLA261023C00370000
TSLA,2026-10-01,354.81,2026-10-23,C,375.0,9.4,10.0,9.5,578.0,1230,0.5027515545654297,False,2026-09-30 19:59:53+00:00,TSLA261023C00375000
TSLA,2026-10-01,354.81,2026-10-23,C,380.0,7.95,8.3,8.2,576.0,2069,0.49481706359863287,False,2026-09-30 19:58:46+00:00,TSLA261023C00380000
TSLA,2026-10-01,354.81,2026-10-23,C,385.0,6.85,7.1,7.0,1107.0,2547,0.4968922381591797,False,2026-09-30 19:59:28+00:00,TSLA261023C00385000
TSLA,2026-10-01,354.81,2026-10-23,C,390.0,5.8,5.95,5.9,234.0,837,0.4953053399658204,False,2026-09-30 19:59:04+00:00,TSLA261023C00390000
TSLA,2026-10-01,354.81,2026-10-23,C,395.0,4.9,5.1,5.0,193.0,642,0.4993946545410156,False,2026-09-30 19:57:36+00:00,TSLA261023C00395000
TSLA,2026-10-01,354.81,2026-10-23,C,400.0,4.15,4.3,4.21,3190.0,3004,0.5007374145507812,False,2026-09-30 19:59:50+00:00,TSLA261023C00400000
TSLA,2026-10-01,354.81,2026-10-23,C,405.0,3.5,4.0,3.45,179.0,607,0.5083056982421875,False,2026-09-30 19:53:53+00:00,TSLA261023C00405000
TSLA,2026-10-01,354.81,2026-10-23,C,410.0,2.68,3.35,3.0,256.0,766,0.5028736236572267,False,2026-09-30 19:52:13+00:00,TSLA261023C00410000
TSLA,2026-10-01,354.81,2026-10-23,C,415.0,2.22,2.88,2.31,116.0,528,0.5061084545898438,False,2026-09-30 19:51:45+00:00,TSLA261023C00415000
TSLA,2026-10-01,354.81,2026-10-23,C,420.0,2.13,2.19,2.15,796.0,1666,0.5097705273437501,False,2026-09-30 19:59:11+00:00,TSLA261023C00420000
TSLA,2026-10-01,354.81,2026-10-23,C,425.0,1.81,2.09,1.85,169.0,1187,0.5214891601562499,False,2026-09-30 19:57:37+00:00,TSLA261023C00425000
TSLA,2026-10-01,354.81,2026-10-23,C,430.0,1.54,1.6,1.42,84.0,1047,0.5185595019531251,False,2026-09-30 19:52:08+00:00,TSLA261023C00430000
TSLA,2026-10-01,354.81,2026-10-23,C,435.0,1.33,1.37,1.35,76.0,493,0.5239305419921875,False,2026-09-30 19:49:50+00:00,TSLA261023C00435000
TSLA,2026-10-01,354.81,2026-10-23,C,440.0,1.12,1.18,1.15,230.0,612,0.5280808911132813,False,2026-09-30 19:59:39+00:00,TSLA261023C00440000
TSLA,2026-10-01,354.81,2026-10-23,C,445.0,0.99,1.03,1.0,6.0,470,0.5354050366210938,False,2026-09-30 19:57:37+00:00,TSLA261023C00445000
TSLA,2026-10-01,354.81,2026-10-23,C,450.0,0.86,0.89,0.87,844.0,1894,0.5407760766601564,False,2026-09-30 19:57:55+00:00,TSLA261023C00450000
TSLA,2026-10-01,354.81,2026-10-23,C,455.0,0.75,0.79,0.75,14.0,758,0.5478560839843751,False,2026-09-30 19:55:55+00:00,TSLA261023C00455000
TSLA,2026-10-01,354.81,2026-10-23,C,460.0,0.66,0.87,0.6,22.0,573,0.5661664477539063,False,2026-09-30 19:45:53+00:00,TSLA261023C00460000
TSLA,2026-10-01,354.81,2026-10-23,C,465.0,0.59,0.62,0.54,832.0,328,0.5620160986328125,False,2026-09-30 19:05:32+00:00,TSLA261023C00465000
TSLA,2026-10-01,354.81,2026-10-23,C,470.0,0.53,0.55,0.54,116.0,367,0.569340244140625,False,2026-09-30 19:58:07+00:00,TSLA261023C00470000
TSLA,2026-10-01,354.81,2026-10-23,C,475.0,0.47,0.5,0.41,6.0,150,0.577152666015625,False,2026-09-30 17:34:40+00:00,TSLA261023C00475000
TSLA,2026-10-01,354.81,2026-10-23,C,480.0,0.43,0.45,0.39,12.0,686,0.5852092260742188,False,2026-09-30 19:07:27+00:00,TSLA261023C00480000
TSLA,2026-10-01,354.81,2026-10-23,C,485.0,0.39,0.41,0.39,107.0,519,0.5932657861328126,False,2026-09-30 19:57:11+00:00,TSLA261023C00485000
TSLA,2026-10-01,354.81,2026-10-23,C,490.0,0.36,0.38,0.36,129.0,157,0.6025430371093752,False,2026-09-30 19:58:47+00:00,TSLA261023C00490000
TSLA,2026-10-01,354.81,2026-10-23,C,495.0,0.33,0.35,0.27,3.0,150,0.6108437353515627,False,2026-09-30 16:30:02+00:00,TSLA261023C00495000
TSLA,2026-10-01,354.81,2026-10-23,C,500.0,0.3,0.31,0.25,628.0,800,0.6171913281250001,False,2026-09-30 19:03:32+00:00,TSLA261023C00500000
TSLA,2026-10-01,354.81,2026-10-23,C,505.0,0.27,0.3,0.24,3.0,57,0.6259803027343751,False,2026-09-30 14:22:45+00:00,TSLA261023C00505000
TSLA,2026-10-01,354.81,2026-10-23,C,510.0,0.25,0.28,0.26,161.0,137,0.6347692773437501,False,2026-09-30 17:55:04+00:00,TSLA261023C00510000
TSLA,2026-10-01,354.81,2026-10-23,C,515.0,0.23,0.26,0.26,2.0,37,0.6425816992187501,False,2026-09-28 14:23:11+00:00,TSLA261023C00515000
TSLA,2026-10-01,354.81,2026-10-23,C,520.0,0.21,0.24,0.19,24.0,125,0.649417568359375,False,2026-09-30 16:11:55+00:00,TSLA261023C00520000
TSLA,2026-10-01,354.81,2026-10-23,C,525.0,0.21,0.22,0.18,2.0,55,0.6601596484375001,False,2026-09-30 19:46:32+00:00,TSLA261023C00525000
TSLA,2026-10-01,354.81,2026-10-23,C,530.0,0.19,0.21,0.18,4.0,92,0.6674837939453127,False,2026-09-30 19:47:04+00:00,TSLA261023C00530000
TSLA,2026-10-01,354.81,2026-10-23,C,535.0,0.18,0.2,0.15,4.0,23,0.676761044921875,False,2026-09-30 14:47:26+00:00,TSLA261023C00535000
TSLA,2026-10-01,354.81,2026-10-23,C,540.0,0.17,0.18,0.16,6.0,223,0.6826203613281252,False,2026-09-30 19:47:54+00:00,TSLA261023C00540000
TSLA,2026-10-01,354.81,2026-10-23,C,545.0,0.15,0.17,0.13,6.0,75,0.6884796777343751,False,2026-09-30 14:01:16+00:00,TSLA261023C00545000
TSLA,2026-10-01,354.81,2026-10-23,C,550.0,0.14,0.16,0.12,4.0,338,0.6962920996093751,False,2026-09-30 14:03:49+00:00,TSLA261023C00550000
TSLA,2026-10-01,354.81,2026-10-23,C,555.0,0.13,0.16,0.14,4.0,46,0.7060576269531251,False,2026-09-29 18:17:46+00:00,TSLA261023C00555000
TSLA,2026-10-01,354.81,2026-10-23,C,560.0,0.12,0.15,0.11,16.0,11,0.711916943359375,False,2026-09-30 16:00:46+00:00,TSLA261023C00560000
TSLA,2026-10-01,354.81,2026-10-23,C,565.0,0.12,0.14,0.1,1.0,7,0.72070591796875,False,2026-09-30 17:23:53+00:00,TSLA261023C00565000
TSLA,2026-10-01,354.81,2026-10-23,C,570.0,0.11,0.13,0.11,4.0,14,0.726565234375,False,2026-09-30 19:57:34+00:00,TSLA261023C00570000
TSLA,2026-10-01,354.81,2026-10-23,C,575.0,0.1,0.13,0.11,5.0,13,0.73437765625,False,2026-09-29 18:14:46+00:00,TSLA261023C00575000
TSLA,2026-10-01,354.81,2026-10-23,C,580.0,0.1,0.12,0.1,2.0,4,0.7421900781249999,False,2026-09-30 18:59:23+00:00,TSLA261023C00580000
TSLA,2026-10-01,354.81,2026-10-23,C,585.0,0.09,0.12,0.1,5.0,9,0.7500025,False,2026-09-29 19:23:17+00:00,TSLA261023C00585000
TSLA,2026-10-01,354.81,2026-10-23,C,590.0,0.09,0.11,0.32,,5,0.7578149218750001,False,2026-09-16 15:14:16+00:00,TSLA261023C00590000
TSLA,2026-10-01,354.81,2026-10-23,C,595.0,0.08,0.11,0.28,,2,0.764650791015625,False,2026-09-16 15:14:11+00:00,TSLA261023C00595000
TSLA,2026-10-01,354.81,2026-10-23,C,600.0,0.08,0.1,0.12,4.0,58,0.77148666015625,False,2026-09-28 13:39:23+00:00,TSLA261023C00600000
TSLA,2026-10-01,354.81,2026-10-23,C,605.0,0.07,0.1,0.18,13.0,44,0.7773459765625,False,2026-09-21 19:44:13+00:00,TSLA261023C00605000
TSLA,2026-10-01,354.81,2026-10-23,C,610.0,0.07,0.1,0.17,1.0,32,0.78711150390625,False,2026-09-24 14:46:29+00:00,TSLA261023C00610000
TSLA,2026-10-01,354.81,2026-10-23,C,615.0,0.07,0.09,0.06,201.0,120,0.7929708203125,False,2026-09-30 16:11:44+00:00,TSLA261023C00615000
TSLA,2026-10-01,354.81,2026-10-23,P,70.0,0.0,0.02,0.05,,9,1.96875015625,False,2026-09-17 19:51:56+00:00,TSLA261023P00070000
TSLA,2026-10-01,354.81,2026-10-23,P,80.0,0.0,0.02,0.12,,5,1.8125009374999999,False,2026-09-16 13:53:24+00:00,TSLA261023P00080000
TSLA,2026-10-01,354.81,2026-10-23,P,90.0,0.0,0.03,0.01,47.0,109,1.71875140625,False,2026-09-29 19:43:05+00:00,TSLA261023P00090000
TSLA,2026-10-01,354.81,2026-10-23,P,100.0,0.0,0.03,0.02,63.0,109,1.5937520312499998,False,2026-09-29 19:56:18+00:00,TSLA261023P00100000
TSLA,2026-10-01,354.81,2026-10-23,P,110.0,0.01,0.03,0.02,22.0,48,1.5078149609375,False,2026-09-29 17:06:20+00:00,TSLA261023P00110000
TSLA,2026-10-01,354.81,2026-10-23,P,120.0,0.01,0.04,0.04,1.0,21,1.421877890625,False,2026-09-22 15:34:47+00:00,TSLA261023P00120000
TSLA,2026-10-01,354.81,2026-10-23,P,130.0,0.02,0.04,0.04,17.0,47,1.3437532812499997,False,2026-09-23 17:07:34+00:00,TSLA261023P00130000
TSLA,2026-10-01,354.81,2026-10-23,P,140.0,0.03,0.05,0.05,1.0,119,1.2812535937499998,False,2026-09-28 16:11:12+00:00,TSLA261023P00140000
TSLA,2026-10-01,354.81,2026-10-23,P,150.0,0.03,0.06,0.05,32.0,73,1.203128984375,False,2026-09-29 19:49:09+00:00,TSLA261023P00150000
TSLA,2026-10-01,354.81,2026-10-23,P,160.0,0.04,0.07,0.06,3.0,79,1.140629296875,False,2026-09-28 16:02:35+00:00,TSLA261023P00160000
TSLA,2026-10-01,354.81,2026-10-23,P,170.0,0.05,0.08,0.09,3.0,38,1.0781296093750001,False,2026-09-28 16:02:41+00:00,TSLA261023P00170000
TSLA,2026-10-01,354.81,2026-10-23,P,180.0,0.07,0.09,0.09,5.0,13,1.01953615234375,False,2026-09-28 19:47:02+00:00,TSLA261023P00180000
TSLA,2026-10-01,354.81,2026-10-23,P,190.0,0.08,0.1,0.11,10.0,25,0.9570316796874999,False,2026-09-29 19:27:58+00:00,TSLA261023P00190000
TSLA,2026-10-01,354.81,2026-10-23,P,200.0,0.1,0.12,0.11,51.0,123,0.9023447265625,False,2026-09-30 18:36:03+00:00,TSLA261023P00200000
TSLA,2026-10-01,354.81,2026-10-23,P,210.0,0.11,0.14,0.13,7.0,67,0.8437515624999999,False,2026-09-30 18:22:46+00:00,TSLA261023P00210000
TSLA,2026-10-01,354.81,2026-10-23,P,220.0,0.13,0.16,0.16,8.0,2760,0.789064609375,False,2026-09-30 19:53:54+00:00,TSLA261023P00220000
TSLA,2026-10-01,354.81,2026-10-23,P,230.0,0.16,0.19,0.22,27.0,61,0.7402369726562499,False,2026-09-30 14:18:23+00:00,TSLA261023P00230000
TSLA,2026-10-01,354.81,2026-10-23,P,235.0,0.17,0.2,0.26,9.0,133,0.711916943359375,False,2026-09-28 19:46:54+00:00,TSLA261023P00235000
TSLA,2026-10-01,354.81,2026-10-23,P,240.0,0.19,0.22,0.26,1.0,33,0.6884796777343751,False,2026-09-29 18:24:54+00:00,TSLA261023P00240000
TSLA,2026-10-01,354.81,2026-10-23,P,245.0,0.22,0.24,0.28,31.0,23,0.6660189648437502,False,2026-09-30 14:21:49+00:00,TSLA261023P00245000
TSLA,2026-10-01,354.81,2026-10-23,P,250.0,0.24,0.27,0.28,34.0,216,0.6425816992187501,False,2026-09-30 18:25:53+00:00,TSLA261023P00250000
TSLA,2026-10-01,354.81,2026-10-23,P,255.0,0.27,0.3,0.34,2.0,13,0.6201209863281252,False,2026-09-30 15:15:01+00:00,TSLA261023P00255000
TSLA,2026-10-01,354.81,2026-10-23,P,260.0,0.31,0.34,0.36,7.0,279,0.5996133789062501,False,2026-09-30 16:28:05+00:00,TSLA261023P00260000
TSLA,2026-10-01,354.81,2026-10-23,P,265.0,0.37,0.39,0.48,2.0,37,0.5815471533203125,False,2026-09-29 19:42:54+00:00,TSLA261023P00265000
TSLA,2026-10-01,354.81,2026-10-23,P,270.0,0.43,0.46,0.49,10.0,121,0.5634809277343751,False,2026-09-30 16:46:11+00:00,TSLA261023P00270000
TSLA,2026-10-01,354.81,2026-10-23,P,275.0,0.52,0.54,0.55,23.0,132,0.5468795312500001,False,2026-09-30 18:36:24+00:00,TSLA261023P00275000
TSLA,2026-10-01,354.81,2026-10-23,P,280.0,0.62,0.65,0.67,294.0,167,0.5310105493164063,False,2026-09-30 18:37:37+00:00,TSLA261023P00280000
TSLA,2026-10-01,354.81,2026-10-23,P,285.0,0.75,0.97,0.82,27.0,190,0.5278367529296876,False,2026-09-30 18:38:38+00:00,TSLA261023P00285000
TSLA,2026-10-01,354.81,2026-10-23,P,290.0,0.93,0.98,0.99,201.0,465,0.5041553491210937,False,2026-09-30 18:09:01+00:00,TSLA261023P00290000
TSLA,2026-10-01,354.81,2026-10-23,P,295.0,1.17,1.23,1.3,33.0,347,0.4963429272460938,False,2026-09-30 19:48:56+00:00,TSLA261023P00295000
TSLA,2026-10-01,354.81,2026-10-23,P,300.0,1.5,1.74,1.5,299.0,1794,0.5014698291015626,False,2026-09-30 19:57:54+00:00,TSLA261023P00300000
TSLA,2026-10-01,354.81,2026-10-23,P,305.0,1.67,1.98,1.96,160.0,372,0.47998566894531247,False,2026-09-30 19:59:04+00:00,TSLA261023P00305000
TSLA,2026-10-01,354.81,2026-10-23,P,310.0,2.46,2.53,2.5,100.0,918,0.47437049072265625,False,2026-09-30 19:52:50+00:00,TSLA261023P00310000
TSLA,2026-10-01,354.81,2026-10-23,P,315.0,3.15,3.25,3.15,135.0,589,0.4710746252441406,False,2026-09-30 19:59:04+00:00,TSLA261023P00315000
TSLA,2026-10-01,354.81,2026-10-23,P,320.0,4.0,4.1,4.05,214.0,811,0.46680220703125,False,2026-09-30 19:41:10+00:00,TSLA261023P00320000
TSLA,2026-10-01,354.81,2026-10-23,P,325.0,4.5,5.65,5.25,153.0,778,0.48328153442382815,False,2026-09-30 19:53:39+00:00,TSLA261023P00325000
TSLA,2026-10-01,354.81,2026-10-23,P,330.0,6.3,6.45,6.33,425.0,999,0.4631401342773438,False,2026-09-30 19:53:39+00:00,TSLA261023P00330000
TSLA,2026-10-01,354.81,2026-10-23,P,335.0,7.8,7.95,7.85,138.0,1073,0.4617363397216797,False,2026-09-30 19:52:13+00:00,TSLA261023P00335000
TSLA,2026-10-01,354.81,2026-10-23,P,340.0,9.55,9.7,9.62,680.0,974,0.46106495971679695,False,2026-09-30 19:59:57+00:00,TSLA261023P00340000
TSLA,2026-10-01,354.81,2026-10-23,P,345.0,11.55,11.75,11.49,529.0,791,0.4621635815429688,False,2026-09-30 19:57:25+00:00,TSLA261023P00345000
TSLA,2026-10-01,354.81,2026-10-23,P,350.0,13.5,15.1,13.71,740.0,917,0.49335223449707044,False,2026-09-30 19:57:34+00:00,TSLA261023P00350000
TSLA,2026-10-01,354.81,2026-10-23,P,355.0,14.95,16.5,16.3,193.0,738,0.4618584088134766,True,2026-09-30 19:59:50+00:00,TSLA261023P00355000
TSLA,2026-10-01,354.81,2026-10-23,P,360.0,18.75,19.3,19.5,159.0,1115,0.46344530700683595,True,2026-09-30 19:38:08+00:00,TSLA261023P00360000
TSLA,2026-10-01,354.81,2026-10-23,P,365.0,21.55,23.8,23.5,101.0,548,0.5069019036865234,True,2026-09-30 19:37:42+00:00,TSLA261023P00365000
TSLA,2026-10-01,354.81,2026-10-23,P,370.0,24.85,25.75,26.84,90.0,818,0.4713187634277344,True,2026-09-30 19:39:16+00:00,TSLA261023P00370000
TSLA,2026-10-01,354.81,2026-10-23,P,375.0,27.75,30.75,30.35,7.0,648,0.5196581237792968,True,2026-09-30 19:28:04+00:00,TSLA261023P00375000
TSLA,2026-10-01,354.81,2026-10-23,P,380.0,31.6,34.05,34.17,17.0,829,0.5125170819091796,True,2026-09-30 19:49:34+00:00,TSLA261023P00380000
TSLA,2026-10-01,354.81,2026-10-23,P,385.0,35.65,37.95,37.89,31.0,111,0.5189257092285156,True,2026-09-30 19:50:46+00:00,TSLA261023P00385000
TSLA,2026-10-01,354.81,2026-10-23,P,390.0,39.3,40.75,41.98,25.0,151,0.48126739440917965,True,2026-09-30 19:49:55+00:00,TSLA261023P00390000
TSLA,2026-10-01,354.81,2026-10-23,P,395.0,42.65,46.15,45.92,5.0,106,0.5318650329589845,True,2026-09-30 19:08:08+00:00,TSLA261023P00395000
TSLA,2026-10-01,354.81,2026-10-23,P,400.0,47.4,50.4,50.2,5.0,113,0.5377243493652344,True,2026-09-30 19:08:08+00:00,TSLA261023P00400000
TSLA,2026-10-01,354.81,2026-10-23,P,405.0,51.8,54.45,54.63,3.0,374,0.5309495147705079,True,2026-09-30 19:08:08+00:00,TSLA261023P00405000
TSLA,2026-10-01,354.81,2026-10-23,P,410.0,56.35,58.85,58.55,12.0,22,0.5343674493408204,True,2026-09-30 18:06:38+00:00,TSLA261023P00410000
TSLA,2026-10-01,354.81,2026-10-23,P,415.0,60.45,63.8,63.75,3.0,28,0.5611005804443359,True,2026-09-30 18:22:53+00:00,TSLA261023P00415000
TSLA,2026-10-01,354.81,2026-10-23,P,420.0,65.4,68.35,68.94,31.0,66,0.5664105859375,True,2026-09-30 19:39:58+00:00,TSLA261023P00420000
TSLA,2026-10-01,354.81,2026-10-23,P,425.0,69.1,73.7,73.15,4.0,13,0.6118202880859377,True,2026-09-29 19:48:25+00:00,TSLA261023P00425000
TSLA,2026-10-01,354.81,2026-10-23,P,430.0,73.95,78.5,56.85,2.0,12,0.6279334082031252,True,2026-09-24 13:30:41+00:00,TSLA261023P00430000
TSLA,2026-10-01,354.81,2026-10-23,P,435.0,78.8,83.3,58.94,,3,0.642703768310547,True,2026-09-22 19:57:01+00:00,TSLA261023P00435000
TSLA,2026-10-01,354.81,2026-10-23,P,440.0,83.85,88.2,59.0,15.0,50,0.6618686157226563,True,2026-09-24 16:42:33+00:00,TSLA261023P00440000
TSLA,2026-10-01,354.81,2026-10-23,P,445.0,88.35,93.1,70.75,,10,0.6803010485839844,True,2026-09-22 15:50:40+00:00,TSLA261023P00445000
TSLA,2026-10-01,354.81,2026-10-23,P,450.0,93.95,98.0,95.64,3.0,11,0.5305222729492188,True,2026-09-30 19:57:08+00:00,TSLA261023P00450000
TSLA,2026-10-01,354.81,2026-10-23,P,455.0,98.55,102.95,86.95,,1,0.5188036401367188,True,2026-09-17 14:51:51+00:00,TSLA261023P00455000
TSLA,2026-10-01,354.81,2026-10-23,P,480.0,122.1,129.8,120.53,,0,0.6391637646484375,True,2026-09-14 14:16:22+00:00,TSLA261023P00480000
TSLA,2026-10-01,354.81,2026-10-23,P,495.0,137.0,144.85,129.4,,0,0.6875031250000001,True,2026-09-11 13:51:14+00:00,TSLA261023P00495000
TSLA,2026-10-01,354.81,2026-10-23,P,500.0,142.0,150.2,120.81,1.0,0,0.7297390307617188,True,2026-09-24 19:39:12+00:00,TSLA261023P00500000
TSLA,2026-10-01,354.81,2026-10-30,C,50.0,300.1,309.05,316.0,,1,4.522953565063477,True,2026-09-11 19:41:32+00:00,TSLA261030C00050000
TSLA,2026-10-01,354.81,2026-10-30,C,170.0,181.2,189.35,202.65,2.0,1,1.1923868505859376,True,2026-09-25 16:45:57+00:00,TSLA261030C00170000
TSLA,2026-10-01,354.81,2026-10-30,C,180.0,171.75,179.4,183.35,6.0,6,1.1948282446289062,True,2026-09-18 17:53:00+00:00,TSLA261030C00180000
TSLA,2026-10-01,354.81,2026-10-30,C,190.0,161.05,169.9,172.57,,1,1.0844772338867186,True,2026-09-15 15:52:14+00:00,TSLA261030C00190000
TSLA,2026-10-01,354.81,2026-10-30,C,200.0,151.35,159.75,162.29,,1,1.0219775463867187,True,2026-09-15 16:18:43+00:00,TSLA261030C00200000
TSLA,2026-10-01,354.81,2026-10-30,C,235.0,117.0,124.4,136.65,3.0,3,0.7905294384765625,True,2026-09-18 13:37:53+00:00,TSLA261030C00235000
TSLA,2026-10-01,354.81,2026-10-30,C,255.0,97.0,104.65,113.39,,6,0.6711458666992189,True,2026-09-11 15:31:50+00:00,TSLA261030C00255000
TSLA,2026-10-01,354.81,2026-10-30,C,265.0,87.8,93.25,112.0,,1,0.5664105859375,True,2026-09-21 13:40:44+00:00,TSLA261030C00265000
TSLA,2026-10-01,354.81,2026-10-30,C,280.0,74.35,78.4,94.26,3.0,18,0.5596967858886719,True,2026-09-25 19:47:08+00:00,TSLA261030C00280000
TSLA,2026-10-01,354.81,2026-10-30,C,285.0,70.15,73.0,70.9,1.0,17,0.5415084912109377,True,2026-09-30 19:13:07+00:00,TSLA261030C00285000
TSLA,2026-10-01,354.81,2026-10-30,C,290.0,65.7,68.65,63.25,1.0,15,0.5476119458007813,True,2026-09-30 16:04:50+00:00,TSLA261030C00290000
TSLA,2026-10-01,354.81,2026-10-30,C,295.0,61.05,63.6,76.0,,1,0.5210008837890624,True,2026-09-17 13:37:27+00:00,TSLA261030C00295000
TSLA,2026-10-01,354.81,2026-10-30,C,300.0,56.65,59.3,55.76,10.0,34,0.5197801928710937,True,2026-09-30 18:40:14+00:00,TSLA261030C00300000
TSLA,2026-10-01,354.81,2026-10-30,C,305.0,52.1,54.4,50.1,2.0,46,0.5470626348876955,True,2026-09-30 14:42:25+00:00,TSLA261030C00305000
TSLA,2026-10-01,354.81,2026-10-30,C,310.0,48.1,50.2,43.68,2.0,8,0.5389450402832032,True,2026-09-30 15:22:51+00:00,TSLA261030C00310000
TSLA,2026-10-01,354.81,2026-10-30,C,315.0,43.75,46.0,42.2,10.0,7,0.5267991656494142,True,2026-09-30 16:58:33+00:00,TSLA261030C00315000
TSLA,2026-10-01,354.81,2026-10-30,C,320.0,40.1,41.95,36.58,14.0,76,0.5161181201171875,True,2026-09-30 14:15:46+00:00,TSLA261030C00320000
TSLA,2026-10-01,354.81,2026-10-30,C,325.0,35.95,38.0,35.72,12.0,81,0.5047046600341796,True,2026-09-30 19:52:42+00:00,TSLA261030C00325000
TSLA,2026-10-01,354.81,2026-10-30,C,330.0,32.35,34.25,32.05,52.0,26,0.4951832708740235,True,2026-09-30 19:36:36+00:00,TSLA261030C00330000
TSLA,2026-10-01,354.81,2026-10-30,C,335.0,28.95,31.1,27.04,15.0,79,0.49799085998535164,True,2026-09-30 15:48:51+00:00,TSLA261030C00335000
TSLA,2026-10-01,354.81,2026-10-30,C,340.0,26.5,27.5,27.0,62.0,103,0.4834646380615235,True,2026-09-30 19:56:27+00:00,TSLA261030C00340000
TSLA,2026-10-01,354.81,2026-10-30,C,345.0,23.8,24.55,23.55,272.0,485,0.4813284289550781,True,2026-09-30 19:43:13+00:00,TSLA261030C00345000
TSLA,2026-10-01,354.81,2026-10-30,C,350.0,21.25,21.75,21.5,3061.0,2171,0.4779104943847656,True,2026-09-30 19:59:47+00:00,TSLA261030C00350000
TSLA,2026-10-01,354.81,2026-10-30,C,355.0,18.2,19.3,19.0,588.0,1639,0.4781546325683594,False,2026-09-30 19:59:43+00:00,TSLA261030C00355000
TSLA,2026-10-01,354.81,2026-10-30,C,360.0,16.65,17.0,16.75,527.0,1496,0.47699497619628906,False,2026-09-30 19:59:04+00:00,TSLA261030C00360000
TSLA,2026-10-01,354.81,2026-10-30,C,365.0,14.35,15.05,14.75,783.0,1394,0.47961946166992186,False,2026-09-30 19:59:43+00:00,TSLA261030C00365000
TSLA,2026-10-01,354.81,2026-10-30,C,370.0,12.55,14.0,12.84,1243.0,1156,0.5002491381835938,False,2026-09-30 19:59:58+00:00,TSLA261030C00370000
TSLA,2026-10-01,354.81,2026-10-30,C,375.0,11.15,12.35,11.25,1502.0,1349,0.5015918981933594,False,2026-09-30 19:59:43+00:00,TSLA261030C00375000
TSLA,2026-10-01,354.81,2026-10-30,C,380.0,9.6,10.0,9.82,641.0,1713,0.4798025653076171,False,2026-09-30 19:59:49+00:00,TSLA261030C00380000
TSLA,2026-10-01,354.81,2026-10-30,C,385.0,8.4,8.8,8.35,327.0,1888,0.483952914428711,False,2026-09-30 19:58:50+00:00,TSLA261030C00385000
TSLA,2026-10-01,354.81,2026-10-30,C,390.0,7.15,7.85,7.36,367.0,2377,0.4913991290283204,False,2026-09-30 19:57:49+00:00,TSLA261030C00390000
TSLA,2026-10-01,354.81,2026-10-30,C,395.0,6.25,7.0,6.3,315.0,338,0.4985401708984375,False,2026-09-30 19:59:45+00:00,TSLA261030C00395000
TSLA,2026-10-01,354.81,2026-10-30,C,400.0,5.4,5.5,5.45,2966.0,5581,0.48065704895019534,False,2026-09-30 19:59:37+00:00,TSLA261030C00400000
TSLA,2026-10-01,354.81,2026-10-30,C,405.0,4.6,4.75,4.18,144.0,424,0.482976361694336,False,2026-09-30 19:33:14+00:00,TSLA261030C00405000
TSLA,2026-10-01,354.81,2026-10-30,C,410.0,3.5,4.1,4.05,202.0,1324,0.4854787780761719,False,2026-09-30 19:59:43+00:00,TSLA261030C00410000
TSLA,2026-10-01,354.81,2026-10-30,C,415.0,3.0,3.85,3.5,205.0,917,0.5012256909179689,False,2026-09-30 19:59:44+00:00,TSLA261030C00415000
TSLA,2026-10-01,354.81,2026-10-30,C,420.0,2.95,3.05,2.98,588.0,1137,0.490788783569336,False,2026-09-30 19:59:42+00:00,TSLA261030C00420000
TSLA,2026-10-01,354.81,2026-10-30,C,425.0,2.53,2.87,2.61,178.0,1707,0.5055591436767577,False,2026-09-30 19:57:37+00:00,TSLA261030C00425000
TSLA,2026-10-01,354.81,2026-10-30,C,430.0,2.19,2.25,2.16,271.0,606,0.4954884436035156,False,2026-09-30 19:56:24+00:00,TSLA261030C00430000
TSLA,2026-10-01,354.81,2026-10-30,C,435.0,1.64,1.94,1.94,74.0,262,0.49841810180664065,False,2026-09-30 19:59:43+00:00,TSLA261030C00435000
TSLA,2026-10-01,354.81,2026-10-30,C,440.0,1.64,1.88,1.68,169.0,528,0.5072070764160157,False,2026-09-30 19:51:10+00:00,TSLA261030C00440000
TSLA,2026-10-01,354.81,2026-10-30,C,445.0,1.43,1.48,1.3,75.0,187,0.5053760400390624,False,2026-09-30 19:31:53+00:00,TSLA261030C00445000
TSLA,2026-10-01,354.81,2026-10-30,C,450.0,1.05,1.3,1.2,703.0,1140,0.5014698291015626,False,2026-09-30 19:54:02+00:00,TSLA261030C00450000
TSLA,2026-10-01,354.81,2026-10-30,C,455.0,1.1,1.32,0.93,25.0,309,0.5225877819824218,False,2026-09-30 16:54:38+00:00,TSLA261030C00455000
TSLA,2026-10-01,354.81,2026-10-30,C,460.0,0.97,1.21,0.9,3.0,260,0.5293015820312501,False,2026-09-30 17:39:44+00:00,TSLA261030C00460000
TSLA,2026-10-01,354.81,2026-10-30,C,465.0,0.86,0.91,0.82,56.0,370,0.5257615783691407,False,2026-09-30 19:52:15+00:00,TSLA261030C00465000
TSLA,2026-10-01,354.81,2026-10-30,C,470.0,0.77,0.99,0.79,116.0,578,0.5417526293945314,False,2026-09-30 19:48:28+00:00,TSLA261030C00470000
TSLA,2026-10-01,354.81,2026-10-30,C,475.0,0.69,0.91,0.63,69.0,548,0.5485884985351563,False,2026-09-30 19:18:37+00:00,TSLA261030C00475000
TSLA,2026-10-01,354.81,2026-10-30,C,480.0,0.62,0.66,0.58,71.0,309,0.5434615966796876,False,2026-09-30 19:10:41+00:00,TSLA261030C00480000
TSLA,2026-10-01,354.81,2026-10-30,C,485.0,0.56,0.6,0.57,128.0,240,0.5498091894531252,False,2026-09-30 19:57:30+00:00,TSLA261030C00485000
TSLA,2026-10-01,354.81,2026-10-30,C,490.0,0.51,0.54,0.48,61.0,204,0.5556685058593751,False,2026-09-30 18:55:39+00:00,TSLA261030C00490000
TSLA,2026-10-01,354.81,2026-10-30,C,495.0,0.46,0.5,0.45,21.0,336,0.5625043750000001,False,2026-09-30 19:54:58+00:00,TSLA261030C00495000
TSLA,2026-10-01,354.81,2026-10-30,C,500.0,0.42,0.45,0.39,14.0,755,0.5681195532226562,False,2026-09-30 18:32:42+00:00,TSLA261030C00500000
TSLA,2026-10-01,354.81,2026-10-30,C,505.0,0.39,0.42,0.34,8.0,56,0.5756878369140624,False,2026-09-30 15:52:20+00:00,TSLA261030C00505000
TSLA,2026-10-01,354.81,2026-10-30,C,510.0,0.36,0.39,0.31,103.0,228,0.5825237060546875,False,2026-09-30 16:06:21+00:00,TSLA261030C00510000
TSLA,2026-10-01,354.81,2026-10-30,C,515.0,0.33,0.36,0.45,10.0,67,0.5888712988281251,False,2026-09-28 18:25:33+00:00,TSLA261030C00515000
TSLA,2026-10-01,354.81,2026-10-30,C,520.0,0.31,0.34,0.28,1.0,81,0.596683720703125,False,2026-09-30 14:03:54+00:00,TSLA261030C00520000
TSLA,2026-10-01,354.81,2026-10-30,C,525.0,0.29,0.31,0.3,2.0,190,0.6030313134765627,False,2026-09-29 19:08:41+00:00,TSLA261030C00525000
TSLA,2026-10-01,354.81,2026-10-30,C,530.0,0.27,0.29,0.22,1.0,202,0.6093789062500001,False,2026-09-30 13:42:25+00:00,TSLA261030C00530000
TSLA,2026-10-01,354.81,2026-10-30,C,535.0,0.25,0.28,0.3,20.0,65,0.6171913281250001,False,2026-09-29 13:32:37+00:00,TSLA261030C00535000
TSLA,2026-10-01,354.81,2026-10-30,C,540.0,0.23,0.26,0.2,10.0,159,0.62305064453125,False,2026-09-30 16:09:11+00:00,TSLA261030C00540000
TSLA,2026-10-01,354.81,2026-10-30,C,545.0,0.22,0.24,0.22,10.0,13,0.629886513671875,False,2026-09-29 18:56:44+00:00,TSLA261030C00545000
TSLA,2026-10-01,354.81,2026-10-30,C,550.0,0.21,0.23,0.17,1.0,202,0.637698935546875,False,2026-09-30 15:26:48+00:00,TSLA261030C00550000
TSLA,2026-10-01,354.81,2026-10-30,C,555.0,0.19,0.22,0.26,1.0,23,0.6435582519531251,False,2026-09-28 14:28:01+00:00,TSLA261030C00555000
TSLA,2026-10-01,354.81,2026-10-30,C,560.0,0.18,0.21,0.24,1.0,4,0.65039412109375,False,2026-09-28 19:02:55+00:00,TSLA261030C00560000
TSLA,2026-10-01,354.81,2026-10-30,C,570.0,0.16,0.19,0.17,2.0,58,0.6630893066406252,False,2026-09-30 19:53:50+00:00,TSLA261030C00570000
TSLA,2026-10-01,354.81,2026-10-30,C,580.0,0.15,0.17,0.14,1.0,7,0.6777375976562501,False,2026-09-30 19:52:01+00:00,TSLA261030C00580000
TSLA,2026-10-01,354.81,2026-10-30,C,590.0,0.13,0.16,0.18,3.0,34,0.6904327832031252,False,2026-09-28 18:53:56+00:00,TSLA261030C00590000
TSLA,2026-10-01,354.81,2026-10-30,C,600.0,0.12,0.13,0.12,41.0,56,0.6982452050781252,False,2026-09-30 16:06:22+00:00,TSLA261030C00600000
TSLA,2026-10-01,354.81,2026-10-30,C,610.0,0.11,0.13,0.11,70.0,184,0.7148466015625,False,2026-09-30 19:11:12+00:00,TSLA261030C00610000
TSLA,2026-10-01,354.81,2026-10-30,P,50.0,0.0,0.02,0.01,,2,2.0625048437499998,False,2026-09-16 19:04:10+00:00,TSLA261030P00050000
TSLA,2026-10-01,354.81,2026-10-30,P,60.0,0.0,0.02,0.01,,14,1.875000625,False,2026-09-23 16:50:55+00:00,TSLA261030P00060000
TSLA,2026-10-01,354.81,2026-10-30,P,80.0,0.0,0.03,0.01,50.0,64,1.625001875,False,2026-09-29 18:57:39+00:00,TSLA261030P00080000
TSLA,2026-10-01,354.81,2026-10-30,P,90.0,0.0,0.03,0.03,10.0,18,1.5000025,False,2026-09-23 19:52:57+00:00,TSLA261030P00090000
TSLA,2026-10-01,354.81,2026-10-30,P,100.0,0.01,0.04,0.03,17.0,43,1.453127734375,False,2026-09-23 17:07:49+00:00,TSLA261030P00100000
TSLA,2026-10-01,354.81,2026-10-30,P,110.0,0.01,0.04,0.01,2.0,29,1.3437532812499997,False,2026-09-30 17:56:07+00:00,TSLA261030P00110000
TSLA,2026-10-01,354.81,2026-10-30,P,120.0,0.02,0.05,0.04,26.0,77,1.2851598242187499,False,2026-09-28 19:11:20+00:00,TSLA261030P00120000
TSLA,2026-10-01,354.81,2026-10-30,P,130.0,0.03,0.06,0.05,2.0,15,1.22266013671875,False,2026-09-23 13:42:44+00:00,TSLA261030P00130000
TSLA,2026-10-01,354.81,2026-10-30,P,140.0,0.04,0.07,0.06,3.0,91,1.15625421875,False,2026-09-25 15:36:12+00:00,TSLA261030P00140000
TSLA,2026-10-01,354.81,2026-10-30,P,150.0,0.05,0.08,0.09,2.0,47,1.09375453125,False,2026-09-29 16:06:41+00:00,TSLA261030P00150000
TSLA,2026-10-01,354.81,2026-10-30,P,160.0,0.06,0.09,0.08,2.0,75,1.0312548437500002,False,2026-09-30 14:21:26+00:00,TSLA261030P00160000
TSLA,2026-10-01,354.81,2026-10-30,P,170.0,0.07,0.1,0.09,12.0,25,0.9687503125,False,2026-09-30 19:47:51+00:00,TSLA261030P00170000
TSLA,2026-10-01,354.81,2026-10-30,P,180.0,0.09,0.12,0.11,1.0,31,0.91992267578125,False,2026-09-29 19:53:33+00:00,TSLA261030P00180000
TSLA,2026-10-01,354.81,2026-10-30,P,190.0,0.1,0.13,0.13,1.0,63,0.85937640625,False,2026-09-29 16:14:10+00:00,TSLA261030P00190000
TSLA,2026-10-01,354.81,2026-10-30,P,200.0,0.12,0.15,0.22,1.0,54,0.8095722167968749,False,2026-09-30 13:30:00+00:00,TSLA261030P00200000
TSLA,2026-10-01,354.81,2026-10-30,P,210.0,0.14,0.17,0.17,47.0,61,0.7587914746093751,False,2026-09-30 18:53:11+00:00,TSLA261030P00210000
TSLA,2026-10-01,354.81,2026-10-30,P,220.0,0.17,0.2,0.23,13.0,121,0.7128934960937501,False,2026-09-30 13:43:56+00:00,TSLA261030P00220000
TSLA,2026-10-01,354.81,2026-10-30,P,230.0,0.21,0.24,0.26,26.0,127,0.6689486230468751,False,2026-09-30 15:12:51+00:00,TSLA261030P00230000
TSLA,2026-10-01,354.81,2026-10-30,P,235.0,0.23,0.26,0.24,15.0,14,0.64648791015625,False,2026-09-30 18:26:51+00:00,TSLA261030P00235000
TSLA,2026-10-01,354.81,2026-10-30,P,240.0,0.25,0.29,0.36,3.0,196,0.6254920263671876,False,2026-09-29 13:53:26+00:00,TSLA261030P00240000
TSLA,2026-10-01,354.81,2026-10-30,P,245.0,0.28,0.32,0.39,1.0,13,0.6054726953125001,False,2026-09-29 15:23:21+00:00,TSLA261030P00245000
TSLA,2026-10-01,354.81,2026-10-30,P,250.0,0.32,0.35,0.35,58.0,413,0.5854533642578125,False,2026-09-30 19:21:42+00:00,TSLA261030P00250000
TSLA,2026-10-01,354.81,2026-10-30,P,255.0,0.37,0.4,0.43,114.0,42,0.56836369140625,False,2026-09-30 16:14:47+00:00,TSLA261030P00255000
TSLA,2026-10-01,354.81,2026-10-30,P,260.0,0.43,0.46,0.49,12.0,97,0.5515181567382813,False,2026-09-30 16:56:35+00:00,TSLA261030P00260000
TSLA,2026-10-01,354.81,2026-10-30,P,265.0,0.5,0.54,0.54,13.0,120,0.5358933129882812,False,2026-09-30 19:48:10+00:00,TSLA261030P00265000
TSLA,2026-10-01,354.81,2026-10-30,P,270.0,0.6,0.64,0.66,17.0,50,0.5222215747070311,False,2026-09-30 19:40:26+00:00,TSLA261030P00270000
TSLA,2026-10-01,354.81,2026-10-30,P,275.0,0.54,0.76,0.75,54.0,56,0.5112353564453125,False,2026-09-30 19:57:41+00:00,TSLA261030P00275000
TSLA,2026-10-01,354.81,2026-10-30,P,280.0,0.88,0.99,0.92,136.0,438,0.5009815527343751,False,2026-09-30 19:49:58+00:00,TSLA261030P00280000
TSLA,2026-10-01,354.81,2026-10-30,P,285.0,0.96,1.32,1.22,29.0,239,0.5061084545898438,False,2026-09-30 19:43:18+00:00,TSLA261030P00285000
TSLA,2026-10-01,354.81,2026-10-30,P,290.0,1.34,1.49,1.39,67.0,447,0.48743188354492195,False,2026-09-30 18:11:44+00:00,TSLA261030P00290000
TSLA,2026-10-01,354.81,2026-10-30,P,295.0,1.68,1.92,1.78,98.0,393,0.4845022253417969,False,2026-09-30 19:18:09+00:00,TSLA261030P00295000
TSLA,2026-10-01,354.81,2026-10-30,P,300.0,2.1,2.36,2.15,1716.0,1428,0.47681187255859375,False,2026-09-30 19:56:37+00:00,TSLA261030P00300000
TSLA,2026-10-01,354.81,2026-10-30,P,305.0,2.35,3.05,2.93,913.0,283,0.47730014892578126,False,2026-09-30 19:40:26+00:00,TSLA261030P00305000
TSLA,2026-10-01,354.81,2026-10-30,P,310.0,2.96,3.75,3.4,293.0,775,0.4720511779785156,False,2026-09-30 19:59:43+00:00,TSLA261030P00310000
TSLA,2026-10-01,354.81,2026-10-30,P,315.0,4.15,4.3,4.18,331.0,955,0.4559380578613281,False,2026-09-30 19:59:56+00:00,TSLA261030P00315000
TSLA,2026-10-01,354.81,2026-10-30,P,320.0,5.15,5.6,5.65,491.0,1484,0.46368944519042965,False,2026-09-30 19:37:46+00:00,TSLA261030P00320000
TSLA,2026-10-01,354.81,2026-10-30,P,325.0,6.3,7.0,6.4,172.0,711,0.4672904833984375,False,2026-09-30 19:59:43+00:00,TSLA261030P00325000
TSLA,2026-10-01,354.81,2026-10-30,P,330.0,7.4,7.95,7.8,400.0,939,0.4512383978271485,False,2026-09-30 19:56:59+00:00,TSLA261030P00330000
TSLA,2026-10-01,354.81,2026-10-30,P,335.0,8.45,9.55,9.4,325.0,588,0.4497125341796875,False,2026-09-30 19:59:43+00:00,TSLA261030P00335000
TSLA,2026-10-01,354.81,2026-10-30,P,340.0,11.1,11.4,11.2,393.0,2067,0.4492852923583984,False,2026-09-30 19:57:34+00:00,TSLA261030P00340000
TSLA,2026-10-01,354.81,2026-10-30,P,345.0,12.4,13.95,13.2,315.0,732,0.4611870288085938,False,2026-09-30 19:59:43+00:00,TSLA261030P00345000
TSLA,2026-10-01,354.81,2026-10-30,P,350.0,14.25,15.95,15.55,474.0,978,0.45325253784179687,False,2026-09-30 19:59:43+00:00,TSLA261030P00350000
TSLA,2026-10-01,354.81,2026-10-30,P,355.0,18.0,19.45,18.15,106.0,1450,0.47723911437988287,True,2026-09-30 19:59:43+00:00,TSLA261030P00355000
TSLA,2026-10-01,354.81,2026-10-30,P,360.0,20.7,21.0,20.9,82.0,955,0.44775942871093743,True,2026-09-30 19:33:44+00:00,TSLA261030P00360000
TSLA,2026-10-01,354.81,2026-10-30,P,365.0,23.4,24.05,23.75,1337.0,822,0.4500787414550781,True,2026-09-30 19:59:43+00:00,TSLA261030P00365000
TSLA,2026-10-01,354.81,2026-10-30,P,370.0,26.5,27.2,27.51,57.0,1114,0.4498346032714844,True,2026-09-30 19:39:45+00:00,TSLA261030P00370000
TSLA,2026-10-01,354.81,2026-10-30,P,375.0,30.05,30.85,30.3,34.0,828,0.4576470251464845,True,2026-09-30 19:59:43+00:00,TSLA261030P00375000
TSLA,2026-10-01,354.81,2026-10-30,P,380.0,33.3,34.55,34.04,50.0,274,0.46246875427246104,True,2026-09-30 17:49:32+00:00,TSLA261030P00380000
TSLA,2026-10-01,354.81,2026-10-30,P,385.0,36.05,39.5,38.02,15.0,212,0.498326549987793,True,2026-09-30 18:10:08+00:00,TSLA261030P00385000
TSLA,2026-10-01,354.81,2026-10-30,P,390.0,39.9,42.65,45.2,2.0,749,0.479924634399414,True,2026-09-30 14:19:47+00:00,TSLA261030P00390000
TSLA,2026-10-01,354.81,2026-10-30,P,395.0,43.65,47.25,51.0,5.0,123,0.5004932763671875,True,2026-09-29 19:35:42+00:00,TSLA261030P00395000
TSLA,2026-10-01,354.81,2026-10-30,P,400.0,48.25,51.3,55.0,14.0,191,0.5011646563720704,True,2026-09-30 15:21:24+00:00,TSLA261030P00400000
TSLA,2026-10-01,354.81,2026-10-30,P,405.0,52.25,55.65,60.5,1.0,15,0.5084277673339843,True,2026-09-29 13:52:13+00:00,TSLA261030P00405000
TSLA,2026-10-01,354.81,2026-10-30,P,410.0,56.85,60.05,55.47,3.0,8,0.514653291015625,True,2026-09-28 19:43:00+00:00,TSLA261030P00410000
TSLA,2026-10-01,354.81,2026-10-30,P,415.0,59.85,64.55,58.37,6.0,11,0.5219774365234374,True,2026-09-28 17:37:29+00:00,TSLA261030P00415000
TSLA,2026-10-01,354.81,2026-10-30,P,420.0,66.25,68.2,72.65,1.0,14,0.48907981628417974,True,2026-09-30 15:16:17+00:00,TSLA261030P00420000
TSLA,2026-10-01,354.81,2026-10-30,P,425.0,69.4,74.05,76.1,1.0,7,0.5512129840087892,True,2026-09-29 19:48:25+00:00,TSLA261030P00425000
TSLA,2026-10-01,354.81,2026-10-30,P,430.0,73.95,79.1,78.36,4.0,55,0.5772137005615234,True,2026-09-29 13:52:59+00:00,TSLA261030P00430000
TSLA,2026-10-01,354.81,2026-10-30,P,435.0,79.25,84.1,66.79,1.0,1,0.6004678625488282,True,2026-09-25 15:30:32+00:00,TSLA261030P00435000
TSLA,2026-10-01,354.81,2026-10-30,P,440.0,83.7,88.7,71.73,2.0,5,0.6043740734863283,True,2026-09-25 14:56:54+00:00,TSLA261030P00440000
TSLA,2026-10-01,354.81,2026-10-30,P,445.0,88.7,93.7,68.77,,1,0.6262244409179689,True,2026-09-22 19:57:33+00:00,TSLA261030P00445000
TSLA,2026-10-01,354.81,2026-10-30,P,450.0,93.0,98.4,80.98,1.0,4,0.6323889300537109,True,2026-09-25 14:56:54+00:00,TSLA261030P00450000
TSLA,2026-10-01,354.81,2026-10-30,P,455.0,98.3,103.25,77.8,,1,0.6450230810546875,True,2026-09-22 19:57:33+00:00,TSLA261030P00455000
TSLA,2026-10-01,354.81,2026-10-30,P,470.0,112.0,120.15,90.75,,1,0.5427291821289064,True,2026-09-22 19:56:54+00:00,TSLA261030P00470000
TSLA,2026-10-01,354.81,2026-10-30,P,475.0,117.0,123.6,115.55,6.0,3,0.7429835272216796,True,2026-09-28 17:37:29+00:00,TSLA261030P00475000
TSLA,2026-10-01,354.81,2026-10-30,P,500.0,141.1,148.6,147.29,1.0,0,0.834718449707031,True,2026-09-29 19:53:26+00:00,TSLA261030P00500000
TSLA,2026-10-01,354.81,2026-11-06,C,200.0,151.0,159.3,154.0,1.0,2,0.8188494677734374,True,2026-09-29 19:55:11+00:00,TSLA261106C00200000
TSLA,2026-10-01,354.81,2026-11-06,C,255.0,97.75,103.75,116.65,5.0,5,0.5954630297851562,True,2026-09-25 14:56:18+00:00,TSLA261106C00255000
TSLA,2026-10-01,354.81,2026-11-06,C,300.0,57.2,60.15,57.37,9.0,6,0.5576216113281252,True,2026-09-30 19:09:53+00:00,TSLA261106C00300000
TSLA,2026-10-01,354.81,2026-11-06,C,315.0,44.6,47.55,43.65,22.0,1,0.5228319201660157,True,2026-09-30 16:57:05+00:00,TSLA261106C00315000
TSLA,2026-10-01,354.81,2026-11-06,C,330.0,34.55,35.9,35.15,13.0,9,0.4887746435546876,True,2026-09-30 19:57:21+00:00,TSLA261106C00330000
TSLA,2026-10-01,354.81,2026-11-06,C,340.0,27.05,29.2,28.75,69.0,20,0.4756522161865234,True,2026-09-30 19:57:22+00:00,TSLA261106C00340000
TSLA,2026-10-01,354.81,2026-11-06,C,345.0,25.45,26.45,24.55,102.0,37,0.47711704528808596,True,2026-09-30 19:51:21+00:00,TSLA261106C00345000
TSLA,2026-10-01,354.81,2026-11-06,C,350.0,22.95,23.45,23.3,3139.0,69,0.4686027261352539,True,2026-09-30 19:54:43+00:00,TSLA261106C00350000
TSLA,2026-10-01,354.81,2026-11-06,C,355.0,20.4,21.0,20.85,953.0,151,0.46832807067871096,False,2026-09-30 19:59:18+00:00,TSLA261106C00355000
TSLA,2026-10-01,354.81,2026-11-06,C,360.0,16.85,18.95,18.05,116.0,151,0.47281410980224614,False,2026-09-30 19:56:01+00:00,TSLA261106C00360000
TSLA,2026-10-01,354.81,2026-11-06,C,365.0,16.15,16.7,15.74,79.0,151,0.46878582977294925,False,2026-09-30 17:57:09+00:00,TSLA261106C00365000
TSLA,2026-10-01,354.81,2026-11-06,C,370.0,14.3,14.7,14.5,303.0,392,0.46631393066406257,False,2026-09-30 19:59:43+00:00,TSLA261106C00370000
TSLA,2026-10-01,354.81,2026-11-06,C,375.0,12.6,13.1,12.76,96.0,315,0.4691215197753906,False,2026-09-30 19:58:45+00:00,TSLA261106C00375000
TSLA,2026-10-01,354.81,2026-11-06,C,380.0,11.05,11.55,11.25,139.0,335,0.46936565795898444,False,2026-09-30 19:58:45+00:00,TSLA261106C00380000
TSLA,2026-10-01,354.81,2026-11-06,C,385.0,9.7,10.2,9.25,65.0,178,0.47083048706054687,False,2026-09-30 19:51:06+00:00,TSLA261106C00385000
TSLA,2026-10-01,354.81,2026-11-06,C,390.0,8.5,8.95,8.05,52.0,189,0.4713187634277344,False,2026-09-30 19:28:52+00:00,TSLA261106C00390000
TSLA,2026-10-01,354.81,2026-11-06,C,395.0,7.4,7.85,7.5,147.0,219,0.47235635070800785,False,2026-09-30 19:56:47+00:00,TSLA261106C00395000
TSLA,2026-10-01,354.81,2026-11-06,C,400.0,6.55,6.8,6.65,374.0,301,0.47137979797363283,False,2026-09-30 19:57:35+00:00,TSLA261106C00400000
TSLA,2026-10-01,354.81,2026-11-06,C,405.0,5.1,6.4,5.77,74.0,118,0.4865773999023438,False,2026-09-30 19:54:29+00:00,TSLA261106C00405000
TSLA,2026-10-01,354.81,2026-11-06,C,410.0,4.9,5.15,5.0,66.0,89,0.47290566162109376,False,2026-09-30 19:56:43+00:00,TSLA261106C00410000
TSLA,2026-10-01,354.81,2026-11-06,C,415.0,4.25,4.55,3.85,79.0,338,0.47662876892089845,False,2026-09-30 19:33:26+00:00,TSLA261106C00415000
TSLA,2026-10-01,354.81,2026-11-06,C,420.0,3.7,3.9,3.8,142.0,178,0.47577428527832033,False,2026-09-30 19:57:23+00:00,TSLA261106C00420000
TSLA,2026-10-01,354.81,2026-11-06,C,425.0,3.2,3.45,3.04,16.0,45,0.47986359985351557,False,2026-09-30 19:32:19+00:00,TSLA261106C00425000
TSLA,2026-10-01,354.81,2026-11-06,C,430.0,2.78,3.05,2.92,80.0,99,0.4837087762451172,False,2026-09-30 19:58:41+00:00,TSLA261106C00430000
TSLA,2026-10-01,354.81,2026-11-06,C,435.0,2.42,2.61,2.35,36.0,30,0.48340360351562506,False,2026-09-30 17:43:22+00:00,TSLA261106C00435000
TSLA,2026-10-01,354.81,2026-11-06,C,440.0,2.11,2.32,2.16,76.0,41,0.48792015991210946,False,2026-09-30 19:55:02+00:00,TSLA261106C00440000
TSLA,2026-10-01,354.81,2026-11-06,C,445.0,1.84,2.05,1.53,83.0,41,0.49158223266601564,False,2026-09-30 15:36:03+00:00,TSLA261106C00445000
TSLA,2026-10-01,354.81,2026-11-06,C,450.0,1.67,1.81,1.75,133.0,167,0.495122236328125,False,2026-09-30 19:09:18+00:00,TSLA261106C00450000
TSLA,2026-10-01,354.81,2026-11-06,C,455.0,1.41,1.6,1.41,14.0,31,0.4986622399902344,False,2026-09-30 19:59:50+00:00,TSLA261106C00455000
TSLA,2026-10-01,354.81,2026-11-06,C,460.0,1.24,1.45,1.25,18.0,68,0.5046436254882812,False,2026-09-30 19:51:28+00:00,TSLA261106C00460000
TSLA,2026-10-01,354.81,2026-11-06,C,465.0,1.1,1.28,1.12,69.0,25,0.5004932763671875,False,2026-09-30 19:42:35+00:00,TSLA261106C00465000
TSLA,2026-10-01,354.81,2026-11-06,C,470.0,0.98,1.15,1.01,5.0,12,0.5051319018554687,False,2026-09-30 19:00:51+00:00,TSLA261106C00470000
TSLA,2026-10-01,354.81,2026-11-06,C,480.0,0.78,0.95,0.83,48.0,13,0.5151415673828125,False,2026-09-30 19:28:00+00:00,TSLA261106C00480000
TSLA,2026-10-01,354.81,2026-11-06,C,485.0,0.7,0.88,0.61,3.0,12,0.5210008837890624,False,2026-09-29 18:55:15+00:00,TSLA261106C00485000
TSLA,2026-10-01,354.81,2026-11-06,C,500.0,0.53,0.68,0.58,19.0,70,0.5378464184570313,False,2026-09-30 18:11:07+00:00,TSLA261106C00500000
TSLA,2026-10-01,354.81,2026-11-06,C,505.0,0.48,0.61,0.58,53.0,55,0.5417526293945314,False,2026-09-29 19:19:15+00:00,TSLA261106C00505000
TSLA,2026-10-01,354.81,2026-11-06,C,510.0,0.44,0.57,0.59,10.0,22,0.5478560839843751,False,2026-09-29 13:32:45+00:00,TSLA261106C00510000
TSLA,2026-10-01,354.81,2026-11-06,C,515.0,0.41,0.54,0.91,11.0,11,0.5549360913085939,False,2026-09-25 18:45:21+00:00,TSLA261106C00515000
TSLA,2026-10-01,354.81,2026-11-06,C,535.0,0.3,0.37,0.35,11.0,44,0.5732464550781251,False,2026-09-30 19:24:14+00:00,TSLA261106C00535000
TSLA,2026-10-01,354.81,2026-11-06,C,540.0,0.27,0.39,0.34,9.0,9,0.5830119824218749,False,2026-09-29 15:38:10+00:00,TSLA261106C00540000
TSLA,2026-10-01,354.81,2026-11-06,C,560.0,0.21,0.31,0.23,10.0,1,0.6064492480468751,False,2026-09-30 16:10:20+00:00,TSLA261106C00560000
TSLA,2026-10-01,354.81,2026-11-06,C,610.0,0.12,0.21,0.11,2.0,8,0.6660189648437502,False,2026-09-30 19:52:18+00:00,TSLA261106C00610000
TSLA,2026-10-01,354.81,2026-11-06,P,170.0,0.02,0.11,0.11,1.0,1,0.84961087890625,False,2026-09-25 16:13:09+00:00,TSLA261106P00170000
TSLA,2026-10-01,354.81,2026-11-06,P,180.0,0.04,0.13,0.12,10.0,10,0.8085956640624999,False,2026-09-25 16:27:22+00:00,TSLA261106P00180000
TSLA,2026-10-01,354.81,2026-11-06,P,200.0,0.08,0.22,0.2,2.0,39,0.7382838671874999,False,2026-09-29 19:55:46+00:00,TSLA261106P00200000
TSLA,2026-10-01,354.81,2026-11-06,P,210.0,0.1,0.25,0.3,1.0,1,0.69336244140625,False,2026-09-25 14:45:55+00:00,TSLA261106P00210000
TSLA,2026-10-01,354.81,2026-11-06,P,220.0,0.17,0.29,0.25,187.0,7,0.6601596484375001,False,2026-09-30 18:52:49+00:00,TSLA261106P00220000
TSLA,2026-10-01,354.81,2026-11-06,P,250.0,0.37,0.53,0.48,4.0,29,0.5515181567382813,False,2026-09-30 17:49:00+00:00,TSLA261106P00250000
TSLA,2026-10-01,354.81,2026-11-06,P,255.0,0.44,0.55,0.55,115.0,168,0.5324753784179688,False,2026-09-30 17:43:34+00:00,TSLA261106P00255000
TSLA,2026-10-01,354.81,2026-11-06,P,265.0,0.65,0.78,0.73,5.0,20,0.5102588037109376,False,2026-09-30 17:50:06+00:00,TSLA261106P00265000
TSLA,2026-10-01,354.81,2026-11-06,P,270.0,0.74,1.06,0.91,14.0,260,0.5039112109375,False,2026-09-30 17:45:39+00:00,TSLA261106P00270000
TSLA,2026-10-01,354.81,2026-11-06,P,275.0,0.92,1.1,1.07,9.0,62,0.4953663745117188,False,2026-09-30 19:48:34+00:00,TSLA261106P00275000
TSLA,2026-10-01,354.81,2026-11-06,P,280.0,1.14,1.29,1.36,48.0,113,0.4826711889648438,False,2026-09-30 16:19:05+00:00,TSLA261106P00280000
TSLA,2026-10-01,354.81,2026-11-06,P,285.0,1.4,1.6,1.59,16.0,115,0.4764456652832031,False,2026-09-30 19:48:34+00:00,TSLA261106P00285000
TSLA,2026-10-01,354.81,2026-11-06,P,290.0,1.75,1.9,2.05,36.0,192,0.46582565429687506,False,2026-09-30 18:36:21+00:00,TSLA261106P00290000
TSLA,2026-10-01,354.81,2026-11-06,P,295.0,2.14,2.33,2.36,254.0,112,0.4594780615234375,False,2026-09-30 19:35:39+00:00,TSLA261106P00295000
TSLA,2026-10-01,354.81,2026-11-06,P,300.0,2.68,2.87,2.73,122.0,312,0.4544732287597656,False,2026-09-30 19:59:09+00:00,TSLA261106P00300000
TSLA,2026-10-01,354.81,2026-11-06,P,305.0,3.25,3.6,3.57,43.0,97,0.4533135723876953,False,2026-09-30 19:54:28+00:00,TSLA261106P00305000
TSLA,2026-10-01,354.81,2026-11-06,P,310.0,3.95,4.35,4.24,88.0,262,0.4479425323486328,False,2026-09-30 19:57:20+00:00,TSLA261106P00310000
TSLA,2026-10-01,354.81,2026-11-06,P,315.0,4.95,5.25,5.1,88.0,185,0.44348701049804684,False,2026-09-30 19:58:45+00:00,TSLA261106P00315000
TSLA,2026-10-01,354.81,2026-11-06,P,320.0,6.0,6.35,6.18,92.0,277,0.44086252502441403,False,2026-09-30 19:58:45+00:00,TSLA261106P00320000
TSLA,2026-10-01,354.81,2026-11-06,P,325.0,7.25,7.65,7.88,72.0,425,0.43933666137695315,False,2026-09-30 19:52:38+00:00,TSLA261106P00325000
TSLA,2026-10-01,354.81,2026-11-06,P,330.0,8.7,9.8,9.7,89.0,840,0.45538874694824216,False,2026-09-30 19:44:07+00:00,TSLA261106P00330000
TSLA,2026-10-01,354.81,2026-11-06,P,335.0,10.4,10.8,11.35,57.0,811,0.43628493408203123,False,2026-09-30 19:42:31+00:00,TSLA261106P00335000
TSLA,2026-10-01,354.81,2026-11-06,P,340.0,12.25,12.9,12.83,83.0,219,0.4403742486572265,False,2026-09-30 19:40:20+00:00,TSLA261106P00340000
TSLA,2026-10-01,354.81,2026-11-06,P,345.0,13.45,15.15,14.55,73.0,99,0.442937699584961,False,2026-09-30 19:59:23+00:00,TSLA261106P00345000
TSLA,2026-10-01,354.81,2026-11-06,P,350.0,16.65,17.15,16.85,198.0,224,0.43515579498291024,False,2026-09-30 19:57:40+00:00,TSLA261106P00350000
TSLA,2026-10-01,354.81,2026-11-06,P,355.0,19.2,19.7,19.49,84.0,77,0.43530838134765626,True,2026-09-30 19:58:02+00:00,TSLA261106P00355000
TSLA,2026-10-01,354.81,2026-11-06,P,360.0,21.9,22.55,23.01,32.0,66,0.4375971768188477,True,2026-09-30 19:25:21+00:00,TSLA261106P00360000
TSLA,2026-10-01,354.81,2026-11-06,P,365.0,24.9,26.85,25.15,13.0,14,0.46796186340332036,True,2026-09-30 19:59:43+00:00,TSLA261106P00365000
TSLA,2026-10-01,354.81,2026-11-06,P,370.0,27.75,28.75,28.94,62.0,44,0.4404963177490234,True,2026-09-30 19:54:51+00:00,TSLA261106P00370000
TSLA,2026-10-01,354.81,2026-11-06,P,375.0,31.05,33.2,33.68,7.0,20,0.46710737976074224,True,2026-09-30 16:49:08+00:00,TSLA261106P00375000
TSLA,2026-10-01,354.81,2026-11-06,P,380.0,34.5,35.85,36.06,11.0,60,0.4480951187133788,True,2026-09-30 19:25:21+00:00,TSLA261106P00380000
TSLA,2026-10-01,354.81,2026-11-06,P,385.0,37.3,40.35,39.55,2.0,5,0.46994548614501963,True,2026-09-29 13:56:38+00:00,TSLA261106P00385000
TSLA,2026-10-01,354.81,2026-11-06,P,390.0,41.05,44.15,43.75,3.0,3,0.471684970703125,True,2026-09-30 18:29:07+00:00,TSLA261106P00390000
TSLA,2026-10-01,354.81,2026-11-06,P,395.0,44.95,48.1,50.75,3.0,2,0.4740653179931641,True,2026-09-30 15:04:45+00:00,TSLA261106P00395000
TSLA,2026-10-01,354.81,2026-11-06,P,400.0,48.15,52.75,53.59,3.0,7,0.49310809631347663,True,2026-09-30 16:34:52+00:00,TSLA261106P00400000
TSLA,2026-10-01,354.81,2026-11-06,P,405.0,53.3,56.3,59.28,1.0,13,0.4779104943847656,True,2026-09-30 14:06:07+00:00,TSLA261106P00405000
TSLA,2026-10-01,354.81,2026-11-06,P,410.0,56.5,60.55,60.42,22.0,12,0.47986359985351557,True,2026-09-29 18:00:01+00:00,TSLA261106P00410000
TSLA,2026-10-01,354.81,2026-11-06,P,415.0,62.0,64.9,49.25,1.0,1,0.4823660162353516,True,2026-09-25 13:50:21+00:00,TSLA261106P00415000
TSLA,2026-10-01,354.81,2026-11-06,P,420.0,66.55,69.3,52.38,3.0,5,0.4838308453369141,True,2026-09-25 18:56:51+00:00,TSLA261106P00420000
TSLA,2026-10-01,354.81,2026-11-06,P,425.0,71.15,73.8,60.13,1.0,1,0.4864553308105469,True,2026-09-25 15:51:44+00:00,TSLA261106P00425000
TSLA,2026-10-01,354.81,2026-11-06,P,445.0,88.35,94.5,76.88,1.0,1,0.5976602734375001,True,2026-09-25 14:17:54+00:00,TSLA261106P00445000
TSLA,2026-10-01,354.81,2026-11-06,P,450.0,93.15,98.9,100.3,1.0,11,0.5920450952148439,True,2026-09-30 14:21:32+00:00,TSLA261106P00450000
